/*--------------------------------*- C++ -*----------------------------------*\
| =========                 |                                                 |
| \\      /  F ield         | OpenFOAM: The Open Source CFD Toolbox           |
|  \\    /   O peration     | Version:  2312                                  |
|   \\  /    A nd           | Website:  www.openfoam.com                      |
|    \\/     M anipulation  |                                                 |
\*---------------------------------------------------------------------------*/
FoamFile
{
    version     2.0;
    format      ascii;
    arch        "LSB;label=32;scalar=64";
    class       volVectorField;
    location    "67.8";
    object      U;
}
// * * * * * * * * * * * * * * * * * * * * * * * * * * * * * * * * * * * * * //

dimensions      [0 1 -1 0 0 0 0];

internalField   nonuniform List<vector> 
20000
(
(1.96034e-06 2.90424e-06 1.35958e-05)
(4.35636e-06 7.07458e-06 3.12668e-05)
(5.10124e-06 9.93386e-06 4.68267e-05)
(3.93393e-06 1.20285e-05 5.72639e-05)
(1.38658e-06 1.32302e-05 6.21248e-05)
(-1.35553e-06 1.3234e-05 6.21282e-05)
(-3.88584e-06 1.2018e-05 5.72689e-05)
(-5.01786e-06 9.9435e-06 4.68365e-05)
(-4.22282e-06 7.1817e-06 3.12784e-05)
(-1.97753e-06 2.89256e-06 1.3586e-05)
(5.16524e-06 6.5081e-06 3.2843e-05)
(1.24209e-05 1.55728e-05 6.64558e-05)
(1.18249e-05 2.07141e-05 8.70117e-05)
(8.3711e-06 2.33895e-05 9.82573e-05)
(2.77412e-06 2.40669e-05 0.000102791)
(-2.77173e-06 2.40546e-05 0.000102785)
(-8.35568e-06 2.33556e-05 9.82456e-05)
(-1.17816e-05 2.07007e-05 8.70011e-05)
(-1.23187e-05 1.56857e-05 6.64738e-05)
(-5.08257e-06 6.59041e-06 3.28557e-05)
(8.85364e-06 7.13584e-06 4.99266e-05)
(1.81477e-05 1.45847e-05 8.89554e-05)
(1.43907e-05 1.75265e-05 0.000106512)
(9.96005e-06 1.83358e-05 0.000112983)
(3.27257e-06 1.75881e-05 0.000114815)
(-3.26863e-06 1.75715e-05 0.00011481)
(-9.95639e-06 1.83003e-05 0.000112968)
(-1.43781e-05 1.75008e-05 0.000106495)
(-1.81162e-05 1.4648e-05 8.89539e-05)
(-8.81732e-06 7.20327e-06 4.99508e-05)
(1.16334e-05 5.61359e-06 6.1418e-05)
(2.18115e-05 1.08998e-05 0.000100781)
(1.59236e-05 1.18505e-05 0.000113423)
(1.05208e-05 1.18129e-05 0.000115745)
(3.36563e-06 1.12171e-05 0.00011571)
(-3.35601e-06 1.12081e-05 0.000115707)
(-1.05205e-05 1.17897e-05 0.000115737)
(-1.59372e-05 1.18479e-05 0.000113418)
(-2.18304e-05 1.09543e-05 0.000100787)
(-1.16324e-05 5.66698e-06 6.14315e-05)
(1.31178e-05 1.83217e-06 6.67531e-05)
(2.29243e-05 3.4685e-06 0.000105134)
(1.56924e-05 3.89553e-06 0.000115028)
(1.02966e-05 3.84199e-06 0.000115556)
(3.18831e-06 3.56087e-06 0.000114904)
(-3.19197e-06 3.55741e-06 0.000114903)
(-1.0305e-05 3.8313e-06 0.000115554)
(-1.57059e-05 3.9042e-06 0.000115029)
(-2.29356e-05 3.51237e-06 0.000105137)
(-1.31201e-05 1.84386e-06 6.67531e-05)
(1.31194e-05 -1.89376e-06 6.67591e-05)
(2.29437e-05 -3.4971e-06 0.000105138)
(1.57058e-05 -3.89343e-06 0.000115028)
(1.02987e-05 -3.82585e-06 0.000115553)
(3.18676e-06 -3.54737e-06 0.000114901)
(-3.19588e-06 -3.55101e-06 0.000114902)
(-1.0309e-05 -3.8381e-06 0.000115555)
(-1.57047e-05 -3.89693e-06 0.000115027)
(-2.29356e-05 -3.45525e-06 0.000105133)
(-1.3118e-05 -1.8731e-06 6.67512e-05)
(1.16073e-05 -5.71431e-06 6.14364e-05)
(2.18301e-05 -1.094e-05 0.000100789)
(1.59486e-05 -1.18285e-05 0.000113414)
(1.05176e-05 -1.178e-05 0.000115733)
(3.356e-06 -1.11952e-05 0.000115703)
(-3.37473e-06 -1.11999e-05 0.000115706)
(-1.0538e-05 -1.17999e-05 0.000115741)
(-1.59552e-05 -1.18518e-05 0.000113421)
(-2.18207e-05 -1.0898e-05 0.000100788)
(-1.1598e-05 -5.67837e-06 6.14243e-05)
(8.78767e-06 -7.24603e-06 4.99533e-05)
(1.81066e-05 -1.46634e-05 8.89542e-05)
(1.4388e-05 -1.74747e-05 0.000106488)
(9.95527e-06 -1.82796e-05 0.000112964)
(3.27437e-06 -1.75449e-05 0.000114804)
(-3.27293e-06 -1.75478e-05 0.000114807)
(-9.95908e-06 -1.83139e-05 0.000112976)
(-1.43722e-05 -1.7538e-05 0.000106509)
(-1.81e-05 -1.46469e-05 8.89634e-05)
(-8.80887e-06 -7.18839e-06 4.995e-05)
(5.05114e-06 -6.62473e-06 3.28601e-05)
(1.22851e-05 -1.56939e-05 6.64713e-05)
(1.17615e-05 -2.0678e-05 8.69971e-05)
(8.35245e-06 -2.33444e-05 9.82393e-05)
(2.78513e-06 -2.40422e-05 0.000102774)
(-2.72575e-06 -2.40429e-05 0.000102774)
(-8.303e-06 -2.33704e-05 9.82555e-05)
(-1.17464e-05 -2.07423e-05 8.70279e-05)
(-1.23376e-05 -1.56547e-05 6.64928e-05)
(-5.11614e-06 -6.54274e-06 3.28614e-05)
(1.95681e-06 -2.90722e-06 1.35923e-05)
(4.2091e-06 -7.17984e-06 3.12852e-05)
(5.02192e-06 -9.93514e-06 4.68383e-05)
(3.89744e-06 -1.20226e-05 5.72676e-05)
(1.36427e-06 -1.32436e-05 6.21248e-05)
(-1.37034e-06 -1.32398e-05 6.21263e-05)
(-3.902e-06 -1.20146e-05 5.72757e-05)
(-5.05177e-06 -9.94039e-06 4.68477e-05)
(-4.28174e-06 -7.1494e-06 3.12833e-05)
(-2.01974e-06 -2.85825e-06 1.35882e-05)
(1.14814e-07 4.18907e-08 1.1669e-05)
(1.47746e-07 5.22361e-07 2.80573e-05)
(1.9992e-07 1.11128e-06 4.36091e-05)
(2.37165e-07 1.72241e-06 5.49303e-05)
(9.14973e-08 2.06417e-06 6.07456e-05)
(-5.18332e-08 2.06516e-06 6.07384e-05)
(-1.94501e-07 1.7336e-06 5.49108e-05)
(-1.65258e-07 1.13762e-06 4.35782e-05)
(-1.17203e-07 5.52752e-07 2.80245e-05)
(-9.95917e-08 5.72746e-08 1.16347e-05)
(6.47867e-07 1.04318e-07 2.95295e-05)
(1.55377e-06 1.76545e-06 6.66153e-05)
(1.64256e-06 3.50106e-06 9.25617e-05)
(1.3619e-06 4.91798e-06 0.00010808)
(4.74469e-07 5.48875e-06 0.000114937)
(-4.8633e-07 5.49648e-06 0.00011493)
(-1.39097e-06 4.94548e-06 0.000108065)
(-1.68698e-06 3.53317e-06 9.25459e-05)
(-1.59279e-06 1.77948e-06 6.66126e-05)
(-6.74804e-07 8.79187e-08 2.95018e-05)
(1.27841e-06 3.60743e-07 4.69393e-05)
(3.37727e-06 2.28563e-06 9.5275e-05)
(3.19456e-06 3.76863e-06 0.000120836)
(2.41468e-06 4.7635e-06 0.000131072)
(8.13151e-07 4.96053e-06 0.000134313)
(-8.30462e-07 4.97295e-06 0.000134311)
(-2.43644e-06 4.79796e-06 0.000131067)
(-3.21733e-06 3.79299e-06 0.000120833)
(-3.39753e-06 2.29238e-06 9.52782e-05)
(-1.29758e-06 3.34836e-07 4.69428e-05)
(2.01686e-06 4.86246e-07 5.97531e-05)
(5.03858e-06 2.05806e-06 0.000111943)
(4.40304e-06 2.92661e-06 0.000131888)
(3.18882e-06 3.45221e-06 0.000136015)
(1.05397e-06 3.52387e-06 0.000136232)
(-1.07524e-06 3.53249e-06 0.000136234)
(-3.21027e-06 3.47535e-06 0.000136018)
(-4.42108e-06 2.94105e-06 0.000131898)
(-5.05159e-06 2.05603e-06 0.000111956)
(-2.02153e-06 4.72646e-07 5.97654e-05)
(2.45644e-06 1.7333e-07 6.64668e-05)
(5.7739e-06 7.42845e-07 0.000118817)
(4.79122e-06 1.01813e-06 0.000134857)
(3.43273e-06 1.17666e-06 0.000136044)
(1.11322e-06 1.18266e-06 0.000135184)
(-1.12775e-06 1.18927e-06 0.000135186)
(-3.44621e-06 1.19064e-06 0.000136049)
(-4.79852e-06 1.02029e-06 0.000134867)
(-5.77909e-06 7.28965e-07 0.000118828)
(-2.45855e-06 1.56707e-07 6.64743e-05)
(2.45965e-06 -1.54396e-07 6.64692e-05)
(5.78504e-06 -7.31744e-07 0.000118823)
(4.80241e-06 -1.02236e-06 0.000134859)
(3.44112e-06 -1.19609e-06 0.000136045)
(1.12072e-06 -1.18942e-06 0.000135184)
(-1.12372e-06 -1.18468e-06 0.000135185)
(-3.44568e-06 -1.18908e-06 0.000136049)
(-4.80072e-06 -1.02976e-06 0.000134866)
(-5.78173e-06 -7.52467e-07 0.000118827)
(-2.45843e-06 -1.7297e-07 6.64744e-05)
(2.02417e-06 -4.69307e-07 5.97534e-05)
(5.06521e-06 -2.05947e-06 0.000111958)
(4.43235e-06 -2.93508e-06 0.000131891)
(3.20965e-06 -3.47491e-06 0.000136017)
(1.07112e-06 -3.52857e-06 0.000136232)
(-1.06742e-06 -3.52242e-06 0.000136233)
(-3.2077e-06 -3.46831e-06 0.00013602)
(-4.42459e-06 -2.94945e-06 0.000131901)
(-5.05213e-06 -2.08598e-06 0.000111968)
(-2.01698e-06 -4.90685e-07 5.9759e-05)
(1.2955e-06 -3.44746e-07 4.69308e-05)
(3.40886e-06 -2.30045e-06 9.52702e-05)
(3.23409e-06 -3.77637e-06 0.000120826)
(2.44164e-06 -4.79165e-06 0.000131064)
(8.3053e-07 -4.96527e-06 0.000134307)
(-8.22665e-07 -4.96052e-06 0.000134308)
(-2.43248e-06 -4.78765e-06 0.000131073)
(-3.21783e-06 -3.79411e-06 0.000120846)
(-3.39427e-06 -2.32335e-06 9.52956e-05)
(-1.29025e-06 -3.62794e-07 4.69405e-05)
(6.64654e-07 -9.40299e-08 2.94998e-05)
(1.56752e-06 -1.79851e-06 6.65983e-05)
(1.68294e-06 -3.52564e-06 9.25349e-05)
(1.39621e-06 -4.93347e-06 0.000108057)
(4.83336e-07 -5.48266e-06 0.000114917)
(-4.85203e-07 -5.47999e-06 0.000114918)
(-1.39217e-06 -4.9326e-06 0.000108075)
(-1.67011e-06 -3.53363e-06 9.25653e-05)
(-1.55426e-06 -1.8101e-06 6.66215e-05)
(-6.51712e-07 -1.14615e-07 2.95021e-05)
(1.21704e-07 -3.98782e-08 1.16382e-05)
(1.18958e-07 -5.55568e-07 2.80239e-05)
(1.59779e-07 -1.14305e-06 4.35731e-05)
(1.99598e-07 -1.72737e-06 5.49037e-05)
(6.37083e-08 -2.05504e-06 6.07304e-05)
(-6.54439e-08 -2.05402e-06 6.07335e-05)
(-1.94713e-07 -1.72882e-06 5.49129e-05)
(-1.49961e-07 -1.14376e-06 4.3581e-05)
(-9.95139e-08 -5.6345e-07 2.802e-05)
(-9.85599e-08 -5.76633e-08 1.16322e-05)
(7.95434e-08 -1.36161e-08 8.43986e-06)
(-1.15564e-07 3.27196e-07 2.11984e-05)
(-2.52291e-07 4.4959e-07 3.41209e-05)
(-1.03096e-07 4.76492e-07 4.40623e-05)
(-9.11199e-08 5.05501e-07 4.93944e-05)
(3.36836e-08 4.96161e-07 4.93874e-05)
(4.82593e-08 4.47828e-07 4.40457e-05)
(2.07938e-07 4.06684e-07 3.40948e-05)
(7.94381e-08 2.9287e-07 2.11733e-05)
(-7.38783e-08 -1.14362e-08 8.42811e-06)
(3.23678e-07 -8.74912e-08 2.24422e-05)
(6.22756e-07 8.41656e-07 5.59865e-05)
(6.89279e-07 1.45122e-06 8.15637e-05)
(6.78921e-07 1.87299e-06 9.81387e-05)
(2.35541e-07 2.11982e-06 0.000105991)
(-2.35033e-07 2.10666e-06 0.00010599)
(-6.73406e-07 1.83968e-06 9.81322e-05)
(-6.89983e-07 1.40746e-06 8.15418e-05)
(-6.3799e-07 7.99496e-07 5.5953e-05)
(-3.34541e-07 -1.10254e-07 2.24158e-05)
(5.17939e-07 -1.78862e-07 3.70188e-05)
(1.33952e-06 1.01353e-06 8.46345e-05)
(1.43646e-06 1.71581e-06 0.000112477)
(1.21366e-06 2.23354e-06 0.000125436)
(4.23079e-07 2.45715e-06 0.000130143)
(-4.02488e-07 2.44562e-06 0.000130145)
(-1.18975e-06 2.20659e-06 0.00012544)
(-1.41232e-06 1.68577e-06 0.000112476)
(-1.3089e-06 9.81771e-07 8.46233e-05)
(-4.96198e-07 -1.84662e-07 3.70016e-05)
(5.98096e-07 2.03634e-08 4.85482e-05)
(1.92945e-06 9.74613e-07 0.000102938)
(2.01937e-06 1.46214e-06 0.000126751)
(1.62426e-06 1.81604e-06 0.000134079)
(5.62857e-07 1.95569e-06 0.000135782)
(-5.43139e-07 1.94542e-06 0.000135786)
(-1.60429e-06 1.791e-06 0.000134089)
(-2.00339e-06 1.43721e-06 0.000126761)
(-1.91431e-06 9.52767e-07 0.000102939)
(-5.83879e-07 4.45711e-08 4.85431e-05)
(7.3183e-07 -3.68826e-08 5.48895e-05)
(2.35154e-06 3.53136e-07 0.000111197)
(2.35344e-06 5.23139e-07 0.000131509)
(1.85097e-06 6.53164e-07 0.000135899)
(6.28082e-07 6.93796e-07 0.000136409)
(-6.19576e-07 6.87864e-07 0.000136413)
(-1.84291e-06 6.37351e-07 0.000135908)
(-2.34892e-06 5.13791e-07 0.000131522)
(-2.35178e-06 3.44239e-07 0.000111206)
(-7.31841e-07 -2.30497e-08 5.48928e-05)
(7.32597e-07 1.23396e-08 5.4883e-05)
(2.34936e-06 -3.41208e-07 0.000111195)
(2.34375e-06 -5.11986e-07 0.000131511)
(1.84488e-06 -6.28945e-07 0.000135903)
(6.22031e-07 -6.76355e-07 0.000136413)
(-6.24949e-07 -6.82489e-07 0.000136415)
(-1.84721e-06 -6.42056e-07 0.000135911)
(-2.34963e-06 -5.15789e-07 0.000131524)
(-2.34672e-06 -3.41743e-07 0.000111207)
(-7.28247e-07 3.40328e-08 5.48889e-05)
(5.85963e-07 -5.77631e-08 4.85319e-05)
(1.90791e-06 -9.34816e-07 0.000102933)
(1.98343e-06 -1.43782e-06 0.000126756)
(1.59819e-06 -1.78813e-06 0.000134089)
(5.40936e-07 -1.93675e-06 0.00013579)
(-5.58722e-07 -1.94366e-06 0.000135792)
(-1.61602e-06 -1.79959e-06 0.000134096)
(-2.00486e-06 -1.44864e-06 0.000126766)
(-1.91328e-06 -9.50804e-07 0.000102942)
(-5.86313e-07 -2.84234e-08 4.85339e-05)
(4.75686e-07 1.69883e-07 3.69939e-05)
(1.29121e-06 -9.55697e-07 8.46164e-05)
(1.39196e-06 -1.69054e-06 0.000112474)
(1.17552e-06 -2.21025e-06 0.000125442)
(3.98847e-07 -2.44327e-06 0.00013015)
(-4.1432e-07 -2.44823e-06 0.00013015)
(-1.19513e-06 -2.22031e-06 0.000125444)
(-1.40629e-06 -1.70057e-06 0.000112476)
(-1.30592e-06 -9.79465e-07 8.46171e-05)
(-4.95247e-07 1.95575e-07 3.69882e-05)
(3.32547e-07 1.21435e-07 2.24139e-05)
(6.38982e-07 -7.7946e-07 5.59468e-05)
(6.86453e-07 -1.41543e-06 8.15383e-05)
(6.62451e-07 -1.85504e-06 9.81328e-05)
(2.33405e-07 -2.11773e-06 0.000105992)
(-2.28565e-07 -2.11989e-06 0.000105992)
(-6.62255e-07 -1.8629e-06 9.81287e-05)
(-6.82656e-07 -1.42192e-06 8.15258e-05)
(-6.42812e-07 -7.91417e-07 5.593e-05)
(-3.55473e-07 1.38401e-07 2.24032e-05)
(8.64727e-08 2.3102e-08 8.42748e-06)
(-5.12894e-08 -2.7583e-07 2.11737e-05)
(-1.90624e-07 -4.06933e-07 3.40961e-05)
(-5.73631e-08 -4.61278e-07 4.40457e-05)
(-5.00615e-08 -5.10004e-07 4.93841e-05)
(5.47946e-08 -5.08753e-07 4.93783e-05)
(6.21845e-08 -4.61371e-07 4.40318e-05)
(1.95403e-07 -4.0882e-07 3.40772e-05)
(5.68936e-08 -2.80706e-07 2.11582e-05)
(-9.75122e-08 2.97769e-08 8.42064e-06)
(-8.37486e-09 2.51385e-09 8.87692e-06)
(8.17439e-08 -7.65296e-08 2.21974e-05)
(1.18608e-07 -1.15108e-08 3.5576e-05)
(6.39091e-08 9.96888e-08 4.57921e-05)
(1.05958e-08 1.60442e-07 5.12482e-05)
(-3.86757e-08 1.56729e-07 5.12532e-05)
(-8.95479e-08 8.94093e-08 4.58081e-05)
(-1.36343e-07 -2.20695e-08 3.56031e-05)
(-8.95507e-08 -7.94637e-08 2.22255e-05)
(-1.45725e-09 -2.24189e-09 8.89145e-06)
(3.26742e-08 -2.12714e-08 2.34354e-05)
(8.71321e-08 -1.11964e-07 5.80876e-05)
(6.10764e-08 5.92582e-08 8.43278e-05)
(3.23023e-08 2.72975e-07 0.000101258)
(3.91617e-09 3.77491e-07 0.000109262)
(-8.57726e-09 3.72924e-07 0.000109261)
(-4.24045e-08 2.55279e-07 0.000101259)
(-7.67335e-08 4.08286e-08 8.43323e-05)
(-1.13664e-07 -1.21638e-07 5.81088e-05)
(-5.94249e-08 -3.80617e-08 2.34618e-05)
(9.14704e-08 2.01865e-09 3.84417e-05)
(2.11434e-07 -3.66911e-08 8.74019e-05)
(2.21056e-07 1.63703e-07 0.00011591)
(1.88474e-07 3.71927e-07 0.000129279)
(6.57519e-08 4.65435e-07 0.000134174)
(-5.99731e-08 4.63744e-07 0.00013417)
(-1.91624e-07 3.61288e-07 0.000129269)
(-2.34126e-07 1.48058e-07 0.0001159)
(-2.26172e-07 -4.5869e-08 8.74044e-05)
(-1.11436e-07 -2.89179e-08 3.84599e-05)
(1.65762e-07 -1.27844e-08 5.02129e-05)
(3.74428e-07 1.16442e-08 0.000106071)
(4.12498e-07 1.85773e-07 0.000130594)
(3.53077e-07 3.45283e-07 0.000138433)
(1.26672e-07 4.16286e-07 0.000140382)
(-1.1593e-07 4.16749e-07 0.00014038)
(-3.42539e-07 3.41144e-07 0.000138427)
(-4.0904e-07 1.67687e-07 0.000130587)
(-3.72689e-07 -4.78534e-09 0.000106069)
(-1.67044e-07 -3.22983e-08 5.02179e-05)
(2.05969e-07 -8.05793e-09 5.66504e-05)
(4.68375e-07 1.21974e-08 0.0001145)
(5.11525e-07 7.51205e-08 0.000135563)
(4.34521e-07 1.34686e-07 0.000140518)
(1.55328e-07 1.59344e-07 0.000141292)
(-1.42452e-07 1.60657e-07 0.000141292)
(-4.23555e-07 1.34079e-07 0.000140517)
(-5.06325e-07 6.67291e-08 0.000135562)
(-4.70184e-07 3.00853e-09 0.0001145)
(-2.08922e-07 -2.08611e-08 5.66515e-05)
(2.02382e-07 -9.50721e-09 5.6657e-05)
(4.61825e-07 -4.15784e-09 0.000114497)
(5.04995e-07 -6.09843e-08 0.000135559)
(4.31271e-07 -1.19325e-07 0.000140514)
(1.55525e-07 -1.41771e-07 0.00014129)
(-1.37792e-07 -1.37657e-07 0.000141291)
(-4.16222e-07 -1.10077e-07 0.000140517)
(-4.96129e-07 -5.56727e-08 0.000135562)
(-4.6469e-07 -8.99752e-09 0.000114499)
(-2.06414e-07 -2.7414e-08 5.66522e-05)
(1.56951e-07 4.04309e-09 5.02299e-05)
(3.55862e-07 -5.62928e-09 0.000106064)
(3.9581e-07 -1.75739e-07 0.000130583)
(3.43495e-07 -3.36954e-07 0.000138422)
(1.27059e-07 -4.05162e-07 0.000140377)
(-1.03544e-07 -3.97345e-07 0.000140379)
(-3.23072e-07 -3.18112e-07 0.000138429)
(-3.78615e-07 -1.54019e-07 0.000130588)
(-3.49301e-07 1.02486e-08 0.000106066)
(-1.52409e-07 -1.93482e-08 5.02229e-05)
(9.27016e-08 1.49163e-09 3.84751e-05)
(1.9827e-07 4.26601e-08 8.74103e-05)
(2.04851e-07 -1.65256e-07 0.000115899)
(1.783e-07 -3.74111e-07 0.000129266)
(6.50611e-08 -4.65876e-07 0.000134166)
(-4.29405e-08 -4.54898e-07 0.000134168)
(-1.56738e-07 -3.47527e-07 0.000129269)
(-1.85678e-07 -1.35182e-07 0.000115901)
(-1.77489e-07 6.52549e-08 8.74045e-05)
(-6.9767e-08 -2.48112e-08 3.84718e-05)
(4.69673e-08 3.48275e-08 2.34765e-05)
(9.3739e-08 1.15937e-07 5.81234e-05)
(6.03985e-08 -7.72208e-08 8.43371e-05)
(3.33305e-08 -2.83018e-07 0.000101259)
(4.22932e-09 -3.9089e-07 0.000109258)
(-1.25513e-09 -3.83599e-07 0.000109257)
(-2.30061e-08 -2.54111e-07 0.000101255)
(-5.39475e-08 -3.54494e-08 8.43329e-05)
(-8.04964e-08 1.49241e-07 5.81181e-05)
(-2.86578e-08 3.37316e-08 2.34785e-05)
(1.35184e-08 1.19868e-08 8.89627e-06)
(8.88095e-08 6.82826e-08 2.22328e-05)
(1.12926e-07 -1.02006e-08 3.56071e-05)
(5.38918e-08 -1.0693e-07 4.58118e-05)
(-2.28605e-09 -1.67874e-07 5.12541e-05)
(-6.21085e-08 -1.6438e-07 5.12531e-05)
(-1.1991e-07 -8.61016e-08 4.58103e-05)
(-1.72215e-07 2.89809e-08 3.56102e-05)
(-1.37157e-07 1.08732e-07 2.22375e-05)
(-3.31304e-08 2.97639e-08 8.89974e-06)
(1.65445e-08 -1.02193e-08 8.60425e-06)
(-2.00676e-09 2.38451e-08 2.15783e-05)
(-4.8159e-09 1.94386e-08 3.46055e-05)
(9.04698e-09 9.98997e-09 4.45728e-05)
(1.7995e-10 9.61242e-09 4.98943e-05)
(-5.01977e-09 1.0586e-08 4.99006e-05)
(-1.52527e-08 1.09787e-08 4.45855e-05)
(8.00901e-10 1.77278e-08 3.46208e-05)
(1.75405e-09 2.12631e-08 2.15875e-05)
(-7.87114e-09 -4.63495e-09 8.60615e-06)
(1.20668e-08 7.43939e-10 2.27817e-05)
(4.605e-08 6.91374e-08 5.68735e-05)
(7.01653e-08 9.25751e-08 8.277e-05)
(6.86646e-08 1.16794e-07 9.96211e-05)
(1.85849e-08 1.47242e-07 0.000107633)
(-3.46466e-08 1.46346e-07 0.000107635)
(-8.16939e-08 1.14868e-07 9.96311e-05)
(-8.31673e-08 9.01229e-08 8.27927e-05)
(-5.54231e-08 6.62672e-08 5.69005e-05)
(-8.14532e-09 5.73136e-09 2.27885e-05)
(5.71642e-09 3.55354e-09 3.73587e-05)
(6.84246e-08 8.57871e-08 8.58198e-05)
(9.6913e-08 1.18677e-07 0.00011429)
(9.13778e-08 1.68987e-07 0.000127863)
(2.64967e-08 2.16994e-07 0.000132897)
(-3.95792e-08 2.1693e-07 0.000132896)
(-1.06126e-07 1.68519e-07 0.000127862)
(-1.15798e-07 1.19746e-07 0.000114295)
(-8.83773e-08 8.13942e-08 8.58323e-05)
(-1.52393e-08 -1.21264e-09 3.73665e-05)
(7.40406e-09 2.13475e-08 4.8855e-05)
(1.13562e-07 7.68869e-08 0.000104464)
(1.49739e-07 1.03007e-07 0.000129218)
(1.32735e-07 1.48145e-07 0.000137429)
(4.55311e-08 1.87991e-07 0.000139585)
(-4.43103e-08 1.88844e-07 0.000139583)
(-1.31601e-07 1.5072e-07 0.000137424)
(-1.49183e-07 1.05062e-07 0.000129212)
(-1.15498e-07 7.43903e-08 0.000104462)
(-1.17292e-08 9.8991e-09 4.88568e-05)
(2.57475e-08 8.483e-09 5.51536e-05)
(1.68756e-07 2.1096e-08 0.000112948)
(2.0581e-07 3.044e-08 0.000134367)
(1.74872e-07 5.03123e-08 0.000139765)
(6.08678e-08 6.72047e-08 0.000140768)
(-5.77182e-08 6.75906e-08 0.000140767)
(-1.70505e-07 5.2339e-08 0.000139759)
(-2.03136e-07 3.47506e-08 0.000134358)
(-1.66202e-07 2.36765e-08 0.000112941)
(-2.42051e-08 3.60047e-09 5.51515e-05)
(2.77191e-08 -3.59557e-09 5.51585e-05)
(1.70727e-07 -3.94987e-08 0.000112949)
(2.08062e-07 -4.58677e-08 0.000134365)
(1.76451e-07 -5.81257e-08 0.000139762)
(6.23338e-08 -6.60203e-08 0.000140765)
(-5.65586e-08 -6.48345e-08 0.000140763)
(-1.70505e-07 -5.35457e-08 0.000139755)
(-2.04192e-07 -3.88006e-08 0.000134356)
(-1.656e-07 -3.8162e-08 0.000112943)
(-2.32013e-08 -6.77619e-09 5.51597e-05)
(1.18877e-08 -2.0106e-08 4.8869e-05)
(1.17415e-07 -9.83623e-08 0.00010447)
(1.54928e-07 -1.19249e-07 0.000129216)
(1.36555e-07 -1.55821e-07 0.000137423)
(4.79e-08 -1.85305e-07 0.000139577)
(-4.30039e-08 -1.85039e-07 0.000139573)
(-1.31304e-07 -1.52418e-07 0.000137414)
(-1.50735e-07 -1.10301e-07 0.000129208)
(-1.1425e-07 -9.18457e-08 0.000104467)
(-1.18129e-08 -1.35639e-08 4.8875e-05)
(1.06164e-08 -4.60408e-09 3.73767e-05)
(7.67868e-08 -1.1391e-07 8.58413e-05)
(1.08715e-07 -1.3568e-07 0.000114298)
(9.6776e-08 -1.74634e-07 0.000127856)
(3.23777e-08 -2.13459e-07 0.000132887)
(-3.51051e-08 -2.12001e-07 0.000132884)
(-1.0302e-07 -1.70126e-07 0.00012785)
(-1.18906e-07 -1.26638e-07 0.000114292)
(-8.52967e-08 -1.08218e-07 8.58444e-05)
(-1.84278e-08 6.37905e-09 3.73882e-05)
(9.88044e-09 -6.97495e-09 2.27946e-05)
(4.1744e-08 -9.64464e-08 5.69026e-05)
(7.06897e-08 -1.02632e-07 8.2787e-05)
(6.6037e-08 -1.20028e-07 9.96232e-05)
(2.03445e-08 -1.43675e-07 0.000107626)
(-3.1063e-08 -1.40589e-07 0.000107626)
(-8.02535e-08 -1.13153e-07 9.96275e-05)
(-8.20538e-08 -9.56618e-08 8.27988e-05)
(-5.16992e-08 -9.35201e-08 5.69193e-05)
(-2.51642e-08 4.15997e-09 2.28067e-05)
(7.23217e-09 1.31695e-09 8.6058e-06)
(-2.00151e-08 -3.45196e-08 2.15814e-05)
(-1.98322e-08 -2.01181e-08 3.4608e-05)
(2.99524e-09 -1.15451e-08 4.45753e-05)
(-8.95683e-09 -7.94882e-09 4.98946e-05)
(-4.89556e-09 -6.77768e-09 4.99023e-05)
(-1.4214e-08 -9.31262e-09 4.45921e-05)
(1.42647e-08 -2.18735e-08 3.46297e-05)
(1.53557e-08 -3.56786e-08 2.15992e-05)
(-1.3804e-08 5.468e-09 8.61388e-06)
(8.55745e-09 -7.02665e-09 8.65395e-06)
(1.62321e-08 -1.79215e-08 2.16881e-05)
(1.51723e-08 -1.04255e-08 3.47834e-05)
(1.3916e-08 7.54252e-10 4.4806e-05)
(1.14182e-08 1.32878e-08 5.01531e-05)
(4.45496e-09 1.50914e-08 5.01542e-05)
(3.57171e-09 9.03234e-09 4.4807e-05)
(-6.47086e-10 -6.72754e-11 3.47824e-05)
(-6.76135e-09 -9.41572e-09 2.16868e-05)
(-3.11745e-09 -4.10568e-09 8.65316e-06)
(-7.66765e-09 -2.00949e-09 2.28906e-05)
(-2.19769e-08 -1.98874e-08 5.70809e-05)
(-2.27716e-08 -1.41303e-08 8.30601e-05)
(-1.39358e-08 4.45977e-09 9.99506e-05)
(-5.64525e-09 2.51129e-08 0.000107964)
(5.10896e-09 2.64795e-08 0.000107966)
(1.43776e-08 1.13037e-08 9.99543e-05)
(2.70439e-08 -4.91954e-09 8.30621e-05)
(2.73352e-08 -8.87294e-09 5.70774e-05)
(8.62482e-09 5.97014e-10 2.28877e-05)
(-1.21869e-08 1.37521e-08 3.75417e-05)
(-2.1882e-08 -6.23247e-09 8.6103e-05)
(-1.22368e-08 -6.37522e-09 0.000114609)
(-5.9837e-09 1.57969e-08 0.000128199)
(-6.25361e-09 3.43054e-08 0.000133238)
(-4.8092e-10 3.58909e-08 0.000133238)
(-3.18953e-10 1.94634e-08 0.0001282)
(8.25882e-09 -1.01803e-10 0.000114609)
(1.96433e-08 -7.22829e-10 8.61e-05)
(1.08913e-08 1.33919e-08 3.75373e-05)
(7.19694e-09 1.68687e-08 4.90786e-05)
(2.07843e-08 7.19522e-10 0.000104764)
(3.02598e-08 -3.22518e-10 0.000129538)
(2.56185e-08 1.75566e-08 0.000137787)
(6.02167e-09 3.04997e-08 0.000139968)
(-1.00486e-08 3.2766e-08 0.000139967)
(-2.70654e-08 2.14219e-08 0.000137785)
(-3.06502e-08 4.32911e-09 0.000129536)
(-1.80227e-08 4.21685e-09 0.000104762)
(-4.91323e-09 1.48239e-08 4.90744e-05)
(1.81312e-08 8.85589e-09 5.53867e-05)
(4.47945e-08 3.1052e-10 0.00011324)
(5.59309e-08 -3.64366e-10 0.000134687)
(4.50931e-08 5.07119e-09 0.000140146)
(1.52258e-08 9.92084e-09 0.000141186)
(-1.67334e-08 1.07251e-08 0.000141185)
(-4.77877e-08 6.59364e-09 0.000140142)
(-5.63087e-08 5.10282e-10 0.000134681)
(-4.35523e-08 3.46458e-09 0.000113235)
(-1.73367e-08 1.09031e-08 5.53817e-05)
(2.05589e-08 1.05126e-09 5.53884e-05)
(4.91883e-08 -9.30258e-10 0.000113243)
(5.92657e-08 -2.2011e-09 0.000134688)
(4.6586e-08 -8.75619e-09 0.000140145)
(1.4958e-08 -1.39763e-08 0.000141185)
(-1.71872e-08 -1.43615e-08 0.000141183)
(-4.79867e-08 -9.28921e-09 0.000140141)
(-5.7961e-08 -3.11317e-09 0.000134681)
(-4.5804e-08 4.92122e-10 0.000113238)
(-1.91132e-08 1.26698e-09 5.53839e-05)
(1.19259e-08 -9.04876e-09 4.90804e-05)
(2.96097e-08 8.47775e-10 0.000104772)
(3.7469e-08 1.26343e-10 0.000129541)
(2.87682e-08 -1.80112e-08 0.000137786)
(7.48026e-09 -3.41485e-08 0.000139964)
(-1.19502e-08 -3.62617e-08 0.000139963)
(-3.2284e-08 -2.31841e-08 0.000137782)
(-3.71746e-08 -7.29833e-09 0.000129537)
(-2.48942e-08 1.48309e-09 0.000104769)
(-9.75465e-09 -3.07362e-09 4.90781e-05)
(-7.91138e-09 -9.87449e-09 3.75408e-05)
(-1.51305e-08 8.29295e-09 8.61073e-05)
(-8.184e-09 1.31873e-08 0.00011461)
(-3.78448e-09 -1.40983e-08 0.000128196)
(-4.74725e-09 -3.49336e-08 0.000133232)
(-4.60295e-09 -3.81728e-08 0.000133232)
(-6.38015e-09 -2.12846e-08 0.000128197)
(-9.06125e-10 1.20397e-09 0.000114612)
(9.07617e-09 6.1059e-09 8.61084e-05)
(4.2311e-09 -1.96764e-09 3.75377e-05)
(-5.31127e-09 2.57729e-09 2.28861e-05)
(-2.418e-08 1.97883e-08 5.70734e-05)
(-2.35553e-08 2.44528e-08 8.30544e-05)
(-1.37658e-08 -4.53032e-09 9.99448e-05)
(-7.20599e-09 -2.45687e-08 0.000107957)
(1.08918e-09 -2.70892e-08 0.000107958)
(7.41486e-09 -1.12455e-08 9.99508e-05)
(1.87928e-08 1.12029e-08 8.30631e-05)
(2.00023e-08 1.2637e-08 5.70789e-05)
(3.43445e-09 4.66386e-09 2.28844e-05)
(4.00487e-09 3.93185e-09 8.65178e-06)
(1.24676e-08 1.55609e-08 2.1682e-05)
(1.88592e-08 1.48445e-08 3.47753e-05)
(1.61354e-08 -1.67287e-09 4.4798e-05)
(8.21528e-09 -1.24853e-08 5.01464e-05)
(4.83946e-09 -1.45313e-08 5.01493e-05)
(-3.55824e-09 -6.91169e-09 4.48029e-05)
(-6.93872e-09 5.89132e-09 3.47794e-05)
(-7.14637e-09 9.8966e-09 2.16821e-05)
(-3.59745e-09 4.01782e-09 8.65063e-06)
(-1.05918e-08 5.62303e-09 8.64849e-06)
(6.47963e-09 -1.07836e-08 2.16732e-05)
(1.74699e-08 -7.75158e-09 3.47492e-05)
(1.69974e-08 -1.45654e-09 4.47506e-05)
(1.3222e-08 4.7043e-09 5.00841e-05)
(4.13361e-09 7.23617e-09 5.00835e-05)
(-4.26271e-10 4.97614e-09 4.47489e-05)
(-5.29025e-09 -1.34123e-09 3.47465e-05)
(1.66543e-10 -3.29935e-09 2.16704e-05)
(7.72032e-09 5.70756e-09 8.64682e-06)
(-1.19035e-08 1.14401e-08 2.28816e-05)
(-9.17495e-09 -5.82685e-09 5.70547e-05)
(-1.32258e-09 -9.90548e-09 8.30008e-05)
(1.36634e-09 9.15046e-10 9.98728e-05)
(4.10973e-09 1.33578e-08 0.000107883)
(8.94655e-09 1.61597e-08 0.000107883)
(1.2584e-08 1.08755e-08 9.98737e-05)
(1.55075e-08 3.92914e-09 8.30011e-05)
(1.71794e-08 7.05642e-09 5.70522e-05)
(1.24813e-08 1.54e-08 2.28792e-05)
(-1.65182e-08 2.66452e-08 3.75163e-05)
(-2.05925e-08 9.20749e-09 8.60542e-05)
(-1.63223e-08 -1.0321e-08 0.000114544)
(-9.56747e-09 -4.44386e-09 0.000128143)
(-4.86684e-09 7.6857e-09 0.00013319)
(3.06625e-09 1.06048e-08 0.000133191)
(9.56635e-09 3.93321e-09 0.000128144)
(1.65686e-08 3.1404e-09 0.000114545)
(2.35865e-08 2.06422e-08 8.60534e-05)
(1.87203e-08 2.94138e-08 3.75139e-05)
(-6.33198e-09 3.00362e-08 4.90323e-05)
(2.8572e-09 9.35379e-09 0.000104711)
(5.0777e-09 -9.16042e-09 0.000129497)
(1.91484e-09 -6.98944e-09 0.000137775)
(-2.51025e-09 1.30823e-09 0.000139972)
(-4.1269e-09 3.94948e-09 0.000139972)
(-8.7285e-09 -6.59241e-10 0.000137775)
(-8.71776e-09 -2.53904e-10 0.000129497)
(-3.04646e-09 1.68827e-08 0.000104711)
(6.80652e-09 3.04573e-08 4.90307e-05)
(5.36413e-09 1.53633e-08 5.53295e-05)
(2.25393e-08 5.4618e-09 0.00011319)
(2.19171e-08 -4.10898e-09 0.000134661)
(1.27137e-08 -6.12625e-09 0.000140158)
(8.32938e-10 -2.95548e-09 0.00014122)
(-9.10513e-09 -2.2985e-09 0.000141219)
(-1.96303e-08 -3.666e-09 0.000140156)
(-2.47872e-08 -9.67388e-10 0.000134659)
(-2.14142e-08 8.39681e-09 0.000113188)
(-4.43196e-09 1.6143e-08 5.53275e-05)
(7.9638e-09 2.17916e-09 5.533e-05)
(2.65908e-08 1.49725e-09 0.000113192)
(2.57191e-08 2.4057e-10 0.000134662)
(1.54078e-08 -4.32618e-09 0.000140158)
(2.62039e-09 -7.06726e-09 0.000141219)
(-8.77189e-09 -7.4054e-09 0.000141218)
(-2.03621e-08 -5.63037e-09 0.000140156)
(-2.72079e-08 -1.5793e-09 0.000134659)
(-2.56741e-08 -9.87473e-10 0.000113189)
(-7.34938e-09 4.26634e-10 5.53275e-05)
(3.13955e-09 -1.27927e-08 4.90311e-05)
(1.501e-08 -3.2299e-09 0.000104714)
(1.30115e-08 5.33205e-09 0.000129498)
(7.5452e-09 -1.69961e-09 0.000137774)
(-6.65434e-10 -1.07223e-08 0.00013997)
(-5.47609e-09 -1.28996e-08 0.00013997)
(-1.11391e-08 -7.43092e-09 0.000137774)
(-1.2949e-08 -2.21876e-09 0.000129498)
(-1.11415e-08 -9.52697e-09 0.000104714)
(-8.00017e-10 -1.38311e-08 4.90306e-05)
(-6.83759e-09 -1.65652e-08 3.7516e-05)
(-4.61511e-09 -1.73154e-09 8.60564e-05)
(-5.54426e-09 5.62727e-09 0.000114543)
(-2.96894e-09 -3.31131e-09 0.000128141)
(-3.15335e-09 -1.40173e-08 0.000133188)
(-5.94892e-10 -1.68575e-08 0.000133188)
(1.26056e-09 -1.02492e-08 0.000128143)
(7.27968e-09 -6.15215e-09 0.000114546)
(7.21594e-09 -1.074e-08 8.6057e-05)
(6.08652e-09 -1.6388e-08 3.75135e-05)
(-7.30889e-09 -1.11729e-08 2.28813e-05)
(3.26983e-09 1.03613e-08 5.70551e-05)
(7.42682e-09 7.52135e-09 8.29998e-05)
(7.13986e-09 -5.06431e-09 9.98706e-05)
(3.90307e-09 -1.46792e-08 0.00010788)
(4.09565e-09 -1.84206e-08 0.000107881)
(3.62781e-09 -1.30303e-08 9.98722e-05)
(3.77418e-09 -3.60078e-09 8.30001e-05)
(2.84534e-09 1.17196e-09 5.70537e-05)
(8.64463e-09 -1.42098e-08 2.28797e-05)
(-9.15153e-09 -5.95969e-09 8.64864e-06)
(5.07758e-09 8.57445e-09 2.16732e-05)
(1.6338e-08 6.65205e-09 3.47488e-05)
(1.40767e-08 9.84644e-10 4.47494e-05)
(1.08651e-08 -4.0406e-09 5.00825e-05)
(2.68287e-09 -6.50611e-09 5.00822e-05)
(-3.04396e-09 -3.63428e-09 4.47475e-05)
(-7.64161e-09 2.48869e-09 3.47461e-05)
(-1.31456e-10 4.7586e-09 2.16702e-05)
(1.619e-08 -1.24051e-08 8.64751e-06)
(6.11344e-09 -4.13328e-09 8.64741e-06)
(5.87736e-09 -1.77862e-09 2.16727e-05)
(5.00195e-09 1.42586e-10 3.4751e-05)
(9.0138e-09 -1.84323e-09 4.47531e-05)
(9.24604e-09 1.8408e-09 5.00862e-05)
(3.44551e-09 2.85682e-09 5.00851e-05)
(2.58065e-09 9.57551e-10 4.47501e-05)
(4.16119e-09 4.51673e-09 3.47465e-05)
(-2.40299e-09 6.93003e-10 2.16691e-05)
(-6.81942e-09 -5.24026e-09 8.64687e-06)
(-2.75238e-09 5.7683e-10 2.28791e-05)
(-6.13776e-09 4.33401e-10 5.70543e-05)
(-2.31727e-09 -1.71018e-09 8.30028e-05)
(3.05866e-09 -4.14555e-09 9.9874e-05)
(5.31403e-09 5.79533e-09 0.00010788)
(4.49453e-09 6.97832e-09 0.000107879)
(7.73537e-09 1.41921e-09 9.98723e-05)
(1.22444e-08 7.61162e-09 8.29996e-05)
(1.08095e-08 6.83089e-09 5.70499e-05)
(2.76286e-09 3.41523e-10 2.2878e-05)
(-4.19768e-09 8.52936e-09 3.75158e-05)
(-6.53254e-09 3.44019e-09 8.60554e-05)
(-5.24256e-09 -3.44896e-09 0.000114543)
(-4.34966e-09 -6.76812e-09 0.000128141)
(-2.39056e-09 1.45978e-09 0.000133187)
(4.45534e-09 2.9794e-09 0.000133188)
(7.94418e-09 -1.45951e-10 0.000128142)
(9.55337e-09 5.25576e-09 0.000114543)
(1.14155e-08 9.98699e-09 8.60553e-05)
(5.74752e-09 9.21959e-09 3.7515e-05)
(1.27987e-09 7.25319e-09 4.90325e-05)
(1.5991e-09 3.71309e-09 0.000104711)
(-2.09501e-10 -2.3813e-09 0.000129495)
(-1.34655e-09 -6.48694e-09 0.000137777)
(-3.23008e-09 -3.2789e-09 0.000139977)
(-1.18666e-09 -2.07277e-09 0.000139977)
(-2.76792e-09 -2.05622e-09 0.000137778)
(-8.70904e-10 3.72495e-09 0.000129497)
(1.03683e-09 1.01923e-08 0.000104712)
(9.34815e-10 1.04517e-08 4.90325e-05)
(4.06877e-09 4.94929e-09 5.53277e-05)
(1.05883e-08 4.82765e-09 0.000113186)
(8.42571e-09 -5.49932e-10 0.000134658)
(3.34967e-09 -5.63596e-09 0.000140163)
(-2.21332e-09 -4.86181e-09 0.000141231)
(-5.2711e-09 -4.75156e-09 0.000141231)
(-9.08014e-09 -4.35136e-09 0.000140164)
(-9.30186e-09 2.1135e-09 0.000134659)
(-8.47692e-09 8.42164e-09 0.000113187)
(-2.96038e-09 9.32578e-09 5.53281e-05)
(5.722e-09 -3.47831e-09 5.53262e-05)
(1.40127e-08 5.37318e-09 0.000113186)
(8.91712e-09 4.55453e-09 0.000134659)
(3.38193e-09 -2.99419e-09 0.000140164)
(-1.67978e-09 -4.37587e-09 0.000141231)
(-5.22916e-09 -5.45382e-09 0.000141231)
(-9.15536e-09 -3.86269e-09 0.000140165)
(-1.12449e-08 2.4811e-09 0.00013466)
(-1.3269e-08 5.78922e-09 0.000113187)
(-5.44149e-09 2.20899e-09 5.53271e-05)
(2.16702e-09 -1.19928e-08 4.90298e-05)
(9.85798e-09 9.35989e-09 0.00010471)
(3.07037e-09 1.10479e-08 0.000129498)
(-7.9474e-10 3.96187e-11 0.000137779)
(-3.28894e-09 -4.65454e-09 0.000139978)
(-3.43091e-09 -6.93542e-09 0.000139978)
(-3.53765e-09 -5.75937e-09 0.000137779)
(-3.54252e-09 3.3106e-09 0.000129498)
(-8.29425e-09 7.39449e-09 0.00010471)
(-3.17364e-09 -5.26273e-09 4.90304e-05)
(-7.58555e-09 -1.60841e-08 3.75133e-05)
(1.13035e-09 1.38188e-08 8.60537e-05)
(1.95511e-09 1.75444e-08 0.000114545)
(-1.62439e-09 1.31568e-10 0.000128142)
(-2.18745e-09 -9.44091e-09 0.000133189)
(7.47706e-10 -1.20201e-08 0.000133189)
(1.89505e-09 -9.0238e-09 0.000128142)
(1.64946e-10 5.76847e-09 0.000114544)
(-7.95444e-10 1.11205e-08 8.60521e-05)
(4.52541e-09 -8.5429e-09 3.75114e-05)
(-1.09138e-08 -7.66773e-09 2.28768e-05)
(-1.66183e-10 1.48845e-08 5.70516e-05)
(1.20499e-08 1.49912e-08 8.30015e-05)
(9.68851e-09 -2.89357e-10 9.98736e-05)
(6.042e-09 -9.41245e-09 0.00010788)
(1.15146e-09 -1.29454e-08 0.00010788)
(-3.52501e-09 -8.81191e-09 9.98721e-05)
(-8.23916e-09 5.74743e-09 8.29983e-05)
(-4.56748e-09 1.52181e-08 5.70483e-05)
(4.09685e-09 -7.7178e-10 2.2875e-05)
(-8.57041e-10 -3.88617e-10 8.64676e-06)
(7.86967e-09 7.12665e-09 2.16711e-05)
(1.41811e-08 4.79753e-09 3.4749e-05)
(1.20133e-08 7.66794e-10 4.47528e-05)
(9.01252e-09 -1.90984e-09 5.00864e-05)
(2.31836e-09 -4.02877e-09 5.00844e-05)
(-5.93259e-09 -2.18315e-09 4.47489e-05)
(-1.39262e-08 3.45922e-09 3.47442e-05)
(-8.89043e-09 8.25168e-09 2.16681e-05)
(2.9594e-09 -1.82301e-10 8.64553e-06)
(2.24637e-09 -2.64915e-09 8.64625e-06)
(5.53268e-09 -3.99577e-09 2.16699e-05)
(5.23708e-09 -1.73212e-10 3.47468e-05)
(5.41666e-09 -4.0587e-10 4.47509e-05)
(7.2379e-09 3.33803e-10 5.00854e-05)
(4.44216e-10 6.34076e-10 5.00846e-05)
(2.39264e-09 1.25229e-09 4.47487e-05)
(7.95772e-10 2.38349e-09 3.47451e-05)
(-1.54825e-09 -1.12403e-09 2.16695e-05)
(3.23131e-12 -3.48007e-10 8.64649e-06)
(-3.36163e-09 1.66612e-09 2.28751e-05)
(1.09021e-09 -7.03826e-09 5.70525e-05)
(3.26871e-09 -2.12879e-09 8.30007e-05)
(5.44696e-09 -2.31025e-09 9.9874e-05)
(6.87874e-09 3.03259e-09 0.000107881)
(4.51108e-09 4.67831e-09 0.00010788)
(4.82414e-09 1.33157e-09 9.98716e-05)
(3.24593e-09 2.73382e-09 8.29978e-05)
(3.60295e-09 -2.50964e-09 5.70505e-05)
(6.48856e-09 4.85996e-09 2.2876e-05)
(-1.12863e-10 5.34348e-09 3.75086e-05)
(2.94893e-09 -5.68764e-09 8.60541e-05)
(1.20383e-09 -2.87324e-09 0.000114545)
(4.34378e-10 -4.25881e-09 0.000128143)
(3.26112e-10 2.25665e-10 0.000133189)
(3.60296e-09 2.59744e-09 0.000133189)
(4.08555e-09 -1.83396e-10 0.000128143)
(3.9281e-09 3.19303e-09 0.000114544)
(1.2954e-09 -4.24038e-10 8.60538e-05)
(2.92575e-09 1.004e-08 3.75099e-05)
(3.59426e-09 1.98346e-09 4.9027e-05)
(3.09073e-09 -6.8605e-10 0.000104709)
(-9.82531e-10 -1.01931e-09 0.000129497)
(-1.17133e-09 -3.53371e-09 0.000137779)
(-3.08459e-09 -3.27762e-09 0.00013998)
(-1.04028e-09 -3.02208e-09 0.00013998)
(-1.70997e-09 -8.76258e-10 0.00013778)
(1.28774e-09 3.73563e-09 0.000129498)
(-2.70007e-10 5.05381e-09 0.000104709)
(-1.04053e-09 7.40198e-09 4.9028e-05)
(2.46456e-09 1.61904e-09 5.53231e-05)
(3.81363e-09 2.31726e-09 0.000113182)
(1.42725e-09 -6.34114e-12 0.000134658)
(3.07211e-10 -3.14753e-09 0.000140166)
(-2.75861e-09 -3.38804e-09 0.000141235)
(-3.4793e-09 -3.87489e-09 0.000141236)
(-5.01401e-09 -3.42188e-09 0.000140168)
(-3.54087e-09 1.27864e-09 0.00013466)
(-3.78166e-09 6.62184e-09 0.000113184)
(-2.23665e-09 6.66448e-09 5.53244e-05)
(3.52033e-09 -1.92333e-09 5.53223e-05)
(6.50994e-09 3.30272e-09 0.000113181)
(2.20536e-09 2.76124e-09 0.000134658)
(8.0965e-10 -1.87972e-09 0.000140167)
(-2.33239e-09 -3.08561e-09 0.000141236)
(-4.21595e-09 -3.66533e-09 0.000141237)
(-4.90915e-09 -4.65767e-09 0.000140168)
(-4.43482e-09 4.82521e-10 0.000134659)
(-5.98561e-09 5.90696e-09 0.000113183)
(-3.12499e-09 3.6329e-09 5.53232e-05)
(1.04065e-09 -5.2153e-09 4.90247e-05)
(4.25003e-09 6.88056e-09 0.000104705)
(5.89257e-10 6.67341e-09 0.000129497)
(-1.966e-09 -2.09079e-09 0.000137781)
(-2.76215e-09 -2.48537e-09 0.000139981)
(-2.47467e-09 -4.56953e-09 0.000139982)
(-2.68991e-09 -7.3206e-09 0.000137782)
(-3.67418e-09 2.0415e-10 0.000129497)
(-5.57893e-09 7.73012e-09 0.000104706)
(-2.40789e-09 2.54943e-09 4.90257e-05)
(-2.81058e-09 -6.35754e-09 3.75063e-05)
(5.0901e-09 8.48673e-09 8.60506e-05)
(6.47619e-09 1.02691e-08 0.000114545)
(2.23617e-10 -1.78698e-09 0.000128146)
(-6.74572e-10 -4.15307e-09 0.000133192)
(2.56593e-10 -6.59736e-09 0.000133192)
(-2.89392e-10 -7.59611e-09 0.000128145)
(-7.1346e-09 3.07487e-09 0.000114544)
(-8.78708e-09 5.86693e-09 8.60493e-05)
(-3.03071e-09 2.25498e-09 3.75056e-05)
(-1.5098e-09 -2.19512e-09 2.28737e-05)
(2.3866e-09 2.23574e-09 5.70508e-05)
(1.03799e-08 9.5011e-09 8.3002e-05)
(8.47754e-09 -1.92076e-10 9.98764e-05)
(6.1084e-09 -3.98794e-09 0.000107885)
(2.81967e-09 -6.8829e-09 0.000107884)
(-5.1835e-10 -4.11753e-09 9.9875e-05)
(-6.55388e-09 5.59553e-09 8.29995e-05)
(-4.97281e-09 1.07072e-09 5.70476e-05)
(-1.54247e-09 1.27141e-10 2.28723e-05)
(-1.12283e-09 -5.95907e-10 8.64607e-06)
(-2.57218e-09 -3.34324e-09 2.1671e-05)
(6.60826e-09 3.7411e-09 3.47491e-05)
(8.07198e-09 5.81032e-10 4.47537e-05)
(3.42458e-09 -1.49272e-10 5.00889e-05)
(1.68232e-09 -1.48798e-09 5.00875e-05)
(-3.54812e-09 -2.81804e-10 4.47516e-05)
(-2.83461e-09 3.11543e-09 3.4747e-05)
(1.5667e-09 -1.50728e-09 2.16696e-05)
(-3.85747e-10 -1.46155e-10 8.64525e-06)
(-1.89565e-08 1.36416e-08 8.64482e-06)
(-9.15629e-09 1.42553e-09 2.16673e-05)
(-2.88902e-09 1.51164e-09 3.4744e-05)
(-7.48839e-09 1.28451e-09 4.47489e-05)
(7.24247e-10 -1.08879e-09 5.00846e-05)
(1.67881e-09 -1.05956e-09 5.00843e-05)
(4.67585e-09 -8.63181e-11 4.47484e-05)
(4.34472e-09 1.20079e-09 3.4744e-05)
(8.53439e-09 1.84766e-09 2.16673e-05)
(1.6653e-08 1.25897e-08 8.64487e-06)
(-1.04892e-08 1.53636e-08 2.28725e-05)
(-5.58019e-09 2.09214e-09 5.7047e-05)
(-3.14332e-09 3.12378e-10 8.29982e-05)
(-2.28413e-10 -1.60653e-09 9.98729e-05)
(2.31249e-09 -3.58964e-09 0.000107881)
(3.81036e-09 -3.07366e-09 0.00010788)
(7.01815e-09 -7.56469e-10 9.98717e-05)
(8.62373e-09 9.53185e-10 8.29972e-05)
(8.72319e-09 4.97261e-09 5.70477e-05)
(9.40041e-09 1.35553e-08 2.28733e-05)
(-6.16488e-09 1.34904e-08 3.75064e-05)
(-4.77381e-09 5.18593e-09 8.60508e-05)
(-3.55703e-09 -1.04096e-09 0.000114544)
(1.95387e-10 -5.51425e-09 0.000128144)
(9.45748e-10 -5.21901e-09 0.00013319)
(1.50354e-09 -4.31115e-09 0.00013319)
(2.63277e-09 -2.6953e-09 0.000128144)
(5.47114e-09 1.33473e-09 0.000114544)
(6.14231e-09 7.82064e-09 8.60515e-05)
(5.09103e-09 1.19372e-08 3.75073e-05)
(4.40666e-10 9.89097e-09 4.90256e-05)
(2.6607e-09 5.44116e-09 0.000104708)
(5.48836e-10 1.0488e-11 0.000129498)
(8.20341e-10 -4.45969e-09 0.000137781)
(-1.23095e-09 -4.7157e-09 0.000139982)
(-2.33662e-09 -3.76731e-09 0.000139982)
(-3.43439e-09 -3.47958e-09 0.000137782)
(-2.43793e-09 1.37855e-09 0.000129498)
(-3.14129e-09 5.13258e-09 0.000104709)
(-3.00092e-10 9.94849e-09 4.90265e-05)
(1.13487e-09 2.9525e-09 5.53229e-05)
(3.7228e-09 2.97835e-09 0.000113184)
(1.95444e-09 6.39344e-10 0.00013466)
(4.35398e-10 -2.84575e-09 0.000140168)
(-1.68673e-09 -2.89494e-09 0.000141238)
(-3.19468e-09 -2.58661e-09 0.000141238)
(-4.5142e-09 -3.36063e-09 0.000140169)
(-4.81333e-09 5.4466e-10 0.000134661)
(-4.49752e-09 2.92626e-09 0.000113185)
(-1.02159e-09 3.68817e-09 5.53239e-05)
(1.65878e-09 1.77709e-09 5.53228e-05)
(4.96805e-09 -8.24118e-10 0.000113183)
(3.37651e-09 -7.02564e-10 0.00013466)
(1.58937e-09 -1.64533e-09 0.000140168)
(-6.19906e-10 -2.34667e-09 0.000141238)
(-2.48116e-09 -2.13093e-09 0.000141238)
(-4.20473e-09 -3.20078e-09 0.00014017)
(-4.57048e-09 -5.82215e-10 0.000134661)
(-5.3875e-09 -4.40027e-10 0.000113184)
(-2.24023e-09 1.0047e-09 5.53234e-05)
(2.94982e-09 -5.00046e-09 4.90247e-05)
(4.71384e-09 -5.66752e-09 0.000104707)
(2.03853e-09 1.05256e-09 0.000129498)
(7.4535e-10 1.09194e-09 0.000137782)
(-1.21748e-09 4.79039e-10 0.000139983)
(-1.1255e-09 -6.83247e-10 0.000139983)
(-2.40195e-09 -2.07525e-09 0.000137783)
(-2.68365e-09 -1.63697e-10 0.000129499)
(-3.86227e-09 -4.23595e-09 0.000104708)
(-9.39645e-10 -6.4168e-09 4.90252e-05)
(-5.36797e-09 -1.08802e-08 3.75058e-05)
(-7.14282e-09 -4.33945e-09 8.60508e-05)
(-7.37849e-09 -6.30773e-10 0.000114545)
(-2.09773e-09 -1.28878e-11 0.000128145)
(-3.99697e-10 1.39394e-11 0.000133192)
(2.14015e-09 -1.55002e-09 0.000133192)
(3.60985e-09 -1.85205e-09 0.000128145)
(6.09157e-09 -1.80173e-09 0.000114544)
(5.00553e-09 -4.11562e-09 8.605e-05)
(4.97339e-09 -1.21994e-08 3.75059e-05)
(-9.46819e-09 -1.38054e-08 2.28726e-05)
(-5.25559e-09 1.21322e-09 5.70475e-05)
(-4.03386e-09 -2.0356e-09 8.29987e-05)
(-6.3867e-11 -2.56996e-09 9.98738e-05)
(8.72954e-10 -5.26911e-10 0.000107883)
(3.24851e-09 -1.67903e-09 0.000107882)
(4.61945e-09 -2.20703e-09 9.98724e-05)
(3.14074e-09 1.77332e-09 8.29964e-05)
(4.99703e-09 1.86969e-09 5.70456e-05)
(1.18606e-08 -1.52589e-08 2.28718e-05)
(-1.43165e-08 -1.05889e-08 8.64502e-06)
(-6.99768e-09 -5.84718e-10 2.16677e-05)
(-2.44516e-09 -2.24275e-09 3.47444e-05)
(-4.59067e-09 -2.06911e-09 4.47495e-05)
(-2.1996e-09 9.68057e-10 5.00853e-05)
(-1.07256e-09 3.69043e-10 5.00844e-05)
(1.15051e-09 -1.31403e-10 4.47484e-05)
(-4.59901e-10 2.42554e-09 3.47428e-05)
(6.2089e-09 1.20358e-09 2.16667e-05)
(1.46856e-08 -1.15208e-08 8.64474e-06)
(2.46169e-09 -2.17666e-09 8.64397e-06)
(3.06835e-09 -2.17139e-09 2.16661e-05)
(1.56888e-09 1.09517e-09 3.47427e-05)
(4.55595e-10 -3.74273e-10 4.47472e-05)
(3.35774e-09 -1.5159e-10 5.00837e-05)
(-8.24309e-10 -9.1588e-10 5.00835e-05)
(1.76554e-09 -5.99851e-10 4.47474e-05)
(1.12159e-09 2.54705e-09 3.47426e-05)
(-1.41826e-10 -2.13559e-10 2.16658e-05)
(6.61857e-09 4.71745e-09 8.64425e-06)
(-3.98686e-09 1.97707e-09 2.28718e-05)
(6.40986e-10 -5.02321e-09 5.70448e-05)
(1.31636e-09 5.99515e-10 8.29967e-05)
(2.3618e-09 -1.83933e-09 9.98723e-05)
(3.28274e-09 3.51265e-10 0.00010788)
(-2.66968e-10 3.60266e-11 0.00010788)
(8.44072e-11 -2.09862e-09 9.98711e-05)
(-1.37334e-09 1.6373e-09 8.29969e-05)
(1.10678e-09 -2.49047e-09 5.70459e-05)
(7.18036e-09 4.93437e-09 2.28718e-05)
(1.73837e-09 2.67671e-09 3.75066e-05)
(7.65022e-09 -7.62188e-09 8.60499e-05)
(4.11293e-09 -7.4974e-10 0.000114543)
(1.9085e-09 -1.95204e-09 0.000128145)
(5.84083e-10 -5.15355e-10 0.00013319)
(1.24769e-09 2.17053e-10 0.000133191)
(-1.60098e-10 -5.96099e-10 0.000128144)
(-1.36407e-09 5.04327e-10 0.000114543)
(-3.90273e-09 -4.74056e-09 8.60507e-05)
(1.90896e-10 5.00273e-09 3.75061e-05)
(4.16419e-09 -3.85364e-09 4.90269e-05)
(2.88072e-09 -4.14347e-09 0.000104709)
(-5.23244e-10 1.36052e-09 0.000129498)
(1.06811e-09 -6.09135e-10 0.000137783)
(-1.57527e-09 -1.14826e-09 0.000139982)
(-3.07252e-10 -1.2774e-09 0.000139983)
(-1.57045e-09 3.28008e-10 0.000137783)
(2.76998e-11 2.53546e-09 0.000129499)
(-2.40209e-09 -7.27102e-10 0.000104709)
(-2.87579e-09 1.08115e-09 4.90248e-05)
(1.75288e-09 -2.21074e-09 5.53242e-05)
(1.82937e-10 -6.94147e-10 0.000113186)
(-2.56171e-09 1.27846e-09 0.000134662)
(-1.19638e-09 -1.71774e-09 0.00014017)
(-1.32857e-09 -1.15336e-09 0.000141239)
(-2.11574e-09 -1.22276e-09 0.000141239)
(-1.97431e-09 -1.64208e-09 0.00014017)
(5.60321e-10 1.43886e-09 0.000134662)
(-6.88825e-10 2.25068e-09 0.000113186)
(-1.207e-09 1.47509e-09 5.53231e-05)
(1.45192e-09 -7.03535e-10 5.5324e-05)
(6.15195e-10 2.13787e-09 0.000113186)
(-2.67646e-09 1.47813e-09 0.000134662)
(-1.31986e-09 -2.18594e-09 0.00014017)
(-8.23612e-10 -1.90451e-09 0.000141239)
(-1.5624e-09 -2.05476e-09 0.000141239)
(-7.01886e-10 -3.2585e-09 0.000140171)
(1.51826e-09 7.73281e-10 0.000134662)
(-6.91863e-11 4.23733e-09 0.000113185)
(-8.34489e-10 1.78817e-09 5.53235e-05)
(6.10866e-10 -4.17419e-09 4.90267e-05)
(2.44146e-09 5.86125e-09 0.000104708)
(-9.85939e-10 3.29675e-09 0.000129499)
(-1.23527e-09 -2.93644e-09 0.000137783)
(-9.88049e-10 -1.62442e-09 0.000139983)
(-1.30791e-09 -2.83383e-09 0.000139984)
(-2.23504e-10 -6.27692e-09 0.000137783)
(-3.64817e-10 1.88436e-09 0.000129499)
(-3.42086e-09 9.33999e-09 0.000104708)
(-2.46596e-09 4.6306e-09 4.90256e-05)
(-2.03641e-09 -4.62155e-09 3.75067e-05)
(5.7344e-09 8.07296e-09 8.60489e-05)
(7.07125e-09 7.28086e-09 0.000114543)
(1.38216e-09 -2.7011e-09 0.000128144)
(-1.61822e-10 -2.32969e-09 0.000133191)
(-7.52039e-10 -3.47786e-09 0.00013319)
(-1.30805e-09 -5.99552e-09 0.000128143)
(-7.24324e-09 4.4843e-09 0.000114543)
(-8.87274e-09 9.2647e-09 8.60482e-05)
(-3.13222e-09 5.60574e-09 3.75068e-05)
(-2.75063e-09 -4.79311e-10 2.28715e-05)
(9.38636e-10 3.52598e-09 5.70439e-05)
(8.26957e-09 6.58914e-09 8.29953e-05)
(4.92272e-09 -8.88597e-10 9.98707e-05)
(2.44532e-09 -1.61731e-09 0.000107881)
(5.52612e-10 -2.91396e-09 0.00010788)
(-3.16807e-09 -2.18268e-09 9.98702e-05)
(-7.85109e-09 6.15664e-09 8.29945e-05)
(-4.72132e-09 3.78948e-09 5.70437e-05)
(-2.0492e-09 3.49627e-09 2.28721e-05)
(-6.71199e-11 1.02508e-09 8.64406e-06)
(-2.21622e-09 -9.05848e-10 2.16659e-05)
(2.18822e-09 1.54252e-09 3.4742e-05)
(3.37601e-09 -2.63699e-10 4.47468e-05)
(-8.86337e-10 1.20582e-10 5.00824e-05)
(3.44975e-10 -3.59983e-10 5.00821e-05)
(-5.28569e-09 1.90491e-10 4.47463e-05)
(-4.79885e-09 3.53324e-09 3.47411e-05)
(5.83082e-10 -4.75056e-10 2.16656e-05)
(-3.17477e-09 2.91383e-09 8.64417e-06)
(4.19385e-09 -3.1735e-09 8.64506e-06)
(1.02611e-08 -6.3023e-09 2.1668e-05)
(5.24513e-09 1.16994e-09 3.47443e-05)
(-3.45694e-10 1.0194e-09 4.47494e-05)
(2.40413e-09 -5.11394e-10 5.00854e-05)
(-6.05856e-11 -3.67114e-10 5.00851e-05)
(3.47014e-09 5.63362e-10 4.47487e-05)
(1.28394e-10 3.99108e-09 3.47435e-05)
(-2.42423e-09 -3.60886e-09 2.16673e-05)
(5.16459e-09 2.63754e-09 8.64479e-06)
(1.12002e-09 -2.78903e-09 2.28718e-05)
(6.06732e-09 -9.70955e-09 5.70476e-05)
(2.79382e-09 2.78741e-09 8.29972e-05)
(2.74263e-09 1.05454e-09 9.9874e-05)
(2.7454e-09 2.6507e-11 0.000107883)
(8.17568e-10 -5.21891e-11 0.000107883)
(2.9375e-09 -4.90294e-11 9.98725e-05)
(4.73939e-09 3.35202e-09 8.29962e-05)
(4.27269e-09 -3.65111e-09 5.70458e-05)
(6.78214e-09 5.06497e-09 2.28708e-05)
(1.07213e-09 -9.13342e-10 3.75035e-05)
(2.09044e-09 -8.5843e-09 8.60491e-05)
(-2.62339e-10 9.65162e-10 0.000114544)
(1.86901e-09 -7.30475e-10 0.000128147)
(1.48982e-09 -2.02501e-10 0.000133193)
(8.75957e-10 -4.30858e-10 0.000133193)
(-2.3927e-10 -1.00202e-09 0.000128146)
(2.22785e-09 1.09412e-09 0.000114544)
(6.11517e-10 -2.2338e-09 8.60481e-05)
(2.16454e-09 7.7014e-09 3.75033e-05)
(3.81273e-09 -2.08719e-09 4.90223e-05)
(3.89657e-09 -6.13111e-09 0.000104705)
(1.04063e-09 9.94613e-10 0.000129498)
(2.62973e-09 -3.7574e-10 0.000137783)
(4.86909e-10 -1.86595e-10 0.000139984)
(9.71257e-10 -4.12049e-10 0.000139984)
(-9.73102e-10 -5.12036e-10 0.000137783)
(1.17332e-09 2.38482e-09 0.000129498)
(-4.99557e-10 4.55019e-11 0.000104705)
(-1.36617e-09 2.55139e-09 4.90227e-05)
(7.16459e-10 -1.64245e-09 5.53196e-05)
(-1.16643e-09 -1.94715e-09 0.000113181)
(-2.88148e-09 1.58464e-09 0.000134661)
(-1.68125e-09 -9.43714e-10 0.000140171)
(-1.11887e-09 7.39829e-11 0.00014124)
(-1.0203e-09 -6.06927e-10 0.00014124)
(-1.90222e-09 -1.50153e-09 0.000140171)
(7.12983e-10 1.10177e-09 0.000134661)
(-9.32851e-10 2.85142e-09 0.000113182)
(-1.84704e-09 2.91932e-09 5.53201e-05)
(9.30111e-10 3.36494e-09 5.53203e-05)
(3.61457e-10 1.94144e-09 0.000113181)
(-1.96541e-09 2.15228e-09 0.000134661)
(-1.65245e-09 -2.8737e-09 0.000140171)
(-1.34682e-09 -2.19263e-09 0.00014124)
(-1.3783e-09 -1.7307e-09 0.00014124)
(-2.67603e-10 -3.21612e-09 0.000140171)
(1.78087e-09 1.93744e-09 0.000134661)
(-6.44395e-10 4.27878e-09 0.000113182)
(-1.79406e-09 1.71694e-09 5.53198e-05)
(2.84207e-09 1.55624e-09 4.90217e-05)
(5.71106e-09 6.97017e-09 0.000104704)
(2.88007e-09 5.27636e-09 0.000129497)
(6.70656e-10 -2.7898e-09 0.000137784)
(-2.33048e-10 -2.57008e-09 0.000139985)
(-9.01449e-10 -2.04052e-09 0.000139985)
(3.97729e-11 -5.93479e-09 0.000137784)
(1.89343e-10 2.19867e-09 0.000129497)
(-9.42021e-10 7.64317e-09 0.000104705)
(-4.63948e-10 2.42721e-09 4.90215e-05)
(-9.8129e-10 -1.13937e-10 3.75024e-05)
(3.04352e-09 6.53615e-09 8.60476e-05)
(5.02185e-09 7.26527e-09 0.000114544)
(1.67552e-09 -2.81992e-09 0.000128147)
(4.77256e-10 -1.12306e-09 0.000133194)
(-7.13362e-10 -1.96643e-09 0.000133194)
(-1.54371e-09 -5.70637e-09 0.000128147)
(-6.9668e-09 3.9292e-09 0.000114544)
(-7.61713e-09 6.42245e-09 8.60482e-05)
(-2.79111e-09 4.97225e-09 3.75022e-05)
(1.24695e-09 1.6372e-09 2.28705e-05)
(2.15309e-09 2.80592e-09 5.70455e-05)
(5.61264e-09 6.75211e-09 8.29975e-05)
(2.54967e-09 -2.21087e-09 9.98737e-05)
(-3.09049e-12 -1.3628e-09 0.000107884)
(8.21118e-10 -1.89828e-09 0.000107884)
(-2.6583e-09 -2.77682e-09 9.98739e-05)
(-7.43939e-09 5.18001e-09 8.29973e-05)
(-4.7732e-09 3.40821e-09 5.70459e-05)
(-2.58215e-09 2.79412e-09 2.2871e-05)
(1.17852e-09 6.41328e-10 8.64464e-06)
(1.33866e-09 7.36124e-10 2.16678e-05)
(5.03366e-09 3.64768e-09 3.4745e-05)
(3.46765e-09 -3.96126e-10 4.47496e-05)
(-1.10307e-10 -7.46622e-10 5.00862e-05)
(1.06901e-09 -1.15796e-09 5.00864e-05)
(-4.79281e-09 -7.12365e-11 4.47499e-05)
(-4.91731e-09 2.74796e-09 3.47454e-05)
(-1.67529e-09 1.3958e-09 2.16674e-05)
(-3.74101e-11 -4.12355e-10 8.64455e-06)
(-1.28751e-08 9.48512e-09 8.64494e-06)
(-4.77894e-09 -4.28357e-10 2.16678e-05)
(-1.51678e-09 8.76172e-10 3.47446e-05)
(-4.77795e-09 1.5342e-09 4.47502e-05)
(6.07262e-10 -2.32481e-09 5.00863e-05)
(6.09275e-10 -2.06324e-09 5.00861e-05)
(4.62077e-09 1.02526e-09 4.47501e-05)
(-7.68854e-10 1.34391e-10 3.47444e-05)
(3.279e-09 -1.74506e-09 2.16678e-05)
(1.25565e-08 8.01403e-09 8.64464e-06)
(-7.16239e-09 1.06644e-08 2.28711e-05)
(-3.81216e-09 1.78453e-10 5.70467e-05)
(-1.41481e-09 -2.25922e-11 8.29973e-05)
(1.44778e-09 -3.33858e-10 9.98744e-05)
(2.85089e-09 -4.14151e-09 0.000107884)
(3.23134e-09 -3.42268e-09 0.000107884)
(5.36365e-09 1.4309e-09 9.9874e-05)
(5.65225e-09 2.31195e-09 8.2996e-05)
(2.35038e-09 8.44912e-11 5.7045e-05)
(4.06821e-09 7.72292e-09 2.28706e-05)
(-3.56239e-09 9.2855e-09 3.75024e-05)
(-3.3949e-09 2.36091e-09 8.60473e-05)
(-2.87909e-09 -1.25782e-09 0.000114544)
(3.62648e-10 -4.04209e-09 0.000128147)
(1.04126e-10 -3.21982e-09 0.000133195)
(8.76541e-12 -3.86982e-09 0.000133194)
(2.58902e-11 -2.22744e-09 0.000128146)
(2.03865e-09 6.58575e-10 0.000114543)
(1.64473e-09 2.19482e-09 8.60468e-05)
(3.78188e-09 8.83927e-09 3.75028e-05)
(1.42276e-09 7.00604e-09 4.90202e-05)
(2.88485e-09 2.36826e-09 0.000104703)
(1.21611e-09 -1.1234e-09 0.000129498)
(1.60312e-09 -3.03582e-09 0.000137784)
(-7.73278e-10 -2.49614e-09 0.000139985)
(-1.1599e-09 -2.90051e-09 0.000139985)
(-3.40638e-09 -2.16591e-09 0.000137783)
(-3.29192e-09 -6.40126e-10 0.000129498)
(-3.82939e-09 1.23463e-10 0.000104704)
(-1.0759e-09 5.81032e-09 4.9023e-05)
(1.21653e-09 8.12779e-10 5.53183e-05)
(1.99674e-09 1.22237e-09 0.000113179)
(3.91849e-11 6.24267e-10 0.00013466)
(-7.116e-10 -1.0994e-09 0.000140171)
(-1.0666e-09 -1.04126e-09 0.00014124)
(-8.12019e-10 -2.11075e-10 0.00014124)
(-2.35043e-09 -6.44621e-10 0.000140171)
(-1.7279e-09 7.83245e-10 0.000134661)
(-2.8734e-09 -5.83692e-10 0.000113182)
(-1.95861e-09 9.27915e-10 5.53206e-05)
(8.04958e-10 2.75123e-09 5.53191e-05)
(2.06447e-09 8.44725e-10 0.00011318)
(7.43915e-10 7.43063e-10 0.00013466)
(-1.80035e-10 -1.14089e-09 0.000140171)
(1.74894e-10 -1.96649e-09 0.00014124)
(-2.50101e-10 -1.12734e-09 0.000141241)
(-2.37625e-09 -2.35712e-09 0.000140171)
(-2.43176e-09 -6.12756e-11 0.000134661)
(-2.16444e-09 1.39221e-10 0.000113182)
(-8.92409e-10 1.13985e-09 5.53203e-05)
(1.09426e-09 -4.06463e-09 4.90207e-05)
(2.62281e-09 -1.62099e-09 0.000104704)
(2.1345e-09 2.14531e-09 0.000129497)
(2.33693e-09 8.96064e-10 0.000137784)
(5.45705e-10 -4.06352e-10 0.000139986)
(1.96638e-10 -2.4799e-10 0.000139986)
(-1.28087e-09 -8.75756e-10 0.000137785)
(-3.09628e-10 9.74381e-10 0.000129497)
(-2.06951e-09 -4.7703e-10 0.000104705)
(-1.35349e-09 -4.26914e-09 4.90219e-05)
(-1.69762e-09 -7.42268e-09 3.75027e-05)
(-8.8311e-10 -3.16503e-10 8.60486e-05)
(-1.78926e-09 1.66615e-09 0.000114543)
(1.16456e-09 2.76343e-10 0.000128147)
(6.31542e-10 3.18332e-10 0.000133195)
(1.31444e-09 -4.47796e-11 0.000133195)
(1.73096e-09 -1.46601e-09 0.000128147)
(4.53461e-09 -8.73705e-10 0.000114543)
(1.82069e-09 -7.09428e-10 8.60481e-05)
(1.11139e-09 -5.78536e-09 3.75024e-05)
(-8.82174e-09 -1.23797e-08 2.28717e-05)
(-1.14118e-09 3.19637e-09 5.70465e-05)
(8.51675e-10 7.25894e-10 8.29977e-05)
(1.66071e-09 -2.11734e-09 9.98737e-05)
(2.32904e-09 7.65839e-10 0.000107884)
(2.69047e-09 -9.53308e-11 0.000107885)
(3.33772e-09 -2.71597e-09 9.98745e-05)
(2.49679e-09 7.94754e-10 8.29975e-05)
(1.63584e-10 4.11942e-09 5.70457e-05)
(7.14249e-09 -1.14711e-08 2.28704e-05)
(-1.17899e-08 -9.7394e-09 8.64514e-06)
(-4.5708e-09 8.45046e-10 2.16676e-05)
(-1.37032e-09 -9.48369e-10 3.47454e-05)
(-4.63653e-09 -1.82431e-09 4.475e-05)
(-1.32282e-09 9.5644e-10 5.00868e-05)
(4.29109e-10 6.06775e-10 5.00866e-05)
(1.29813e-09 -4.79607e-10 4.47502e-05)
(-2.00749e-09 1.97275e-09 3.47455e-05)
(4.75168e-09 1.58062e-09 2.16669e-05)
(1.41017e-08 -1.08603e-08 8.64458e-06)
(-1.61366e-08 1.27878e-08 8.64466e-06)
(-9.90361e-09 3.67378e-09 2.16661e-05)
(-6.19688e-09 3.14353e-09 3.47422e-05)
(-6.51783e-09 1.18318e-10 4.4748e-05)
(-9.95478e-10 -2.91345e-09 5.00842e-05)
(1.32974e-09 -2.09773e-09 5.00838e-05)
(6.2514e-09 5.45036e-10 4.47476e-05)
(5.80137e-09 1.23851e-09 3.47421e-05)
(1.00682e-08 1.35629e-09 2.16661e-05)
(1.571e-08 1.25277e-08 8.64382e-06)
(-1.04656e-08 1.50498e-08 2.28728e-05)
(-7.81249e-09 3.15458e-09 5.70455e-05)
(-5.45464e-09 1.41959e-09 8.29942e-05)
(-4.47775e-10 -2.28844e-09 9.98703e-05)
(2.10417e-09 -5.08329e-09 0.000107881)
(4.39236e-09 -4.15709e-09 0.000107881)
(6.93383e-09 -1.12464e-09 9.98703e-05)
(1.02686e-08 2.47303e-09 8.29944e-05)
(1.03456e-08 4.82536e-09 5.70453e-05)
(1.22326e-08 1.71467e-08 2.2872e-05)
(-4.68055e-09 1.00459e-08 3.75063e-05)
(-3.70904e-09 2.49341e-09 8.60494e-05)
(-3.50441e-09 -3.68693e-10 0.000114543)
(2.66031e-11 -4.40384e-09 0.000128144)
(-4.11002e-10 -4.42047e-09 0.000133192)
(4.64249e-10 -4.45348e-09 0.000133192)
(9.98307e-10 -4.22372e-09 0.000128144)
(3.73318e-09 1.72987e-09 0.000114543)
(3.82273e-09 6.32404e-09 8.60494e-05)
(5.06444e-09 1.25442e-08 3.7506e-05)
(1.05531e-09 6.0247e-09 4.90234e-05)
(3.73341e-09 2.01951e-09 0.000104706)
(2.8813e-09 -8.96423e-10 0.000129499)
(2.03818e-09 -3.12529e-09 0.000137784)
(-1.70429e-10 -3.29112e-09 0.000139985)
(-1.35769e-09 -3.30984e-09 0.000139985)
(-4.02877e-09 -3.02246e-09 0.000137784)
(-4.06054e-09 5.32437e-10 0.0001295)
(-4.30013e-09 2.33536e-09 0.000104707)
(-2.81163e-10 7.78706e-09 4.90249e-05)
(8.96883e-10 6.5571e-10 5.53208e-05)
(1.63774e-09 8.78958e-10 0.000113182)
(1.33168e-09 8.36426e-11 0.000134661)
(1.11225e-09 -7.25716e-10 0.000140172)
(-1.89408e-10 -6.8399e-10 0.000141241)
(-5.76389e-10 -1.00451e-09 0.000141241)
(-1.87625e-09 -5.68766e-10 0.000140172)
(-1.95291e-09 1.39018e-09 0.000134663)
(-2.85094e-09 1.15164e-09 0.000113184)
(-1.29675e-09 1.48772e-09 5.53223e-05)
(6.72187e-10 3.40273e-09 5.53205e-05)
(1.39388e-09 8.71973e-10 0.000113183)
(1.15846e-09 9.8511e-11 0.000134661)
(5.74941e-10 -1.27666e-09 0.000140172)
(-1.79031e-10 -1.5422e-09 0.000141241)
(-5.34948e-10 -1.29889e-09 0.000141241)
(-1.70411e-09 -1.56777e-09 0.000140172)
(-1.66608e-09 -3.13644e-10 0.000134663)
(-2.40026e-09 6.01482e-10 0.000113184)
(-1.34063e-09 1.86574e-09 5.53221e-05)
(2.67858e-09 -2.13529e-09 4.90231e-05)
(3.64479e-09 -7.64484e-10 0.000104706)
(2.41531e-09 6.71636e-10 0.000129499)
(2.9885e-09 2.84129e-10 0.000137785)
(3.456e-10 4.30749e-10 0.000139985)
(3.68647e-10 -5.45765e-11 0.000139985)
(-1.91178e-09 -3.68114e-10 0.000137785)
(-8.57913e-10 4.87228e-10 0.000129499)
(-2.52949e-09 -2.10849e-10 0.000104707)
(-2.49797e-09 -2.35208e-09 4.90242e-05)
(9.52977e-10 -3.24317e-09 3.75053e-05)
(-6.26529e-10 6.97636e-10 8.60491e-05)
(-3.44209e-09 -5.66458e-10 0.000114543)
(-2.61007e-10 -1.48726e-09 0.000128145)
(-1.46454e-09 8.71389e-10 0.000133193)
(1.28638e-09 4.16143e-10 0.000133192)
(1.98383e-09 -1.76451e-09 0.000128145)
(4.96608e-09 -1.22055e-09 0.000114543)
(4.59625e-10 1.35606e-09 8.60497e-05)
(-1.01292e-09 -4.13162e-09 3.75057e-05)
(-5.58828e-09 -9.04779e-09 2.28722e-05)
(2.9465e-10 2.67496e-09 5.70447e-05)
(-8.12384e-10 -8.83413e-10 8.29942e-05)
(6.36081e-10 -2.22307e-09 9.98701e-05)
(1.55135e-09 4.78698e-10 0.000107881)
(1.60907e-09 9.77606e-10 0.000107881)
(4.08388e-09 -3.05951e-09 9.98705e-05)
(2.42014e-09 9.62584e-10 8.29956e-05)
(-8.99116e-10 4.42224e-09 5.70462e-05)
(6.12576e-09 -1.06725e-08 2.28719e-05)
(-1.43501e-08 -1.16869e-08 8.64457e-06)
(-3.5455e-09 5.11455e-10 2.16658e-05)
(-1.1451e-09 -4.93274e-10 3.47422e-05)
(-4.73861e-09 3.78783e-11 4.47465e-05)
(-1.24522e-09 5.55873e-10 5.00832e-05)
(-1.89757e-09 1.04905e-09 5.00828e-05)
(1.72609e-09 -7.13431e-10 4.47466e-05)
(-3.27959e-09 1.98229e-09 3.47424e-05)
(3.44856e-09 1.90252e-09 2.16662e-05)
(1.89708e-08 -1.3992e-08 8.64433e-06)
(-7.52206e-09 5.32745e-09 8.64447e-06)
(-4.64591e-09 2.03746e-09 2.16666e-05)
(3.8645e-10 -8.31954e-10 3.47431e-05)
(-7.80922e-10 1.13311e-09 4.4748e-05)
(-2.7648e-09 -2.1147e-09 5.00844e-05)
(-1.56586e-09 -1.594e-09 5.00841e-05)
(-4.0683e-09 -5.06531e-10 4.47478e-05)
(-6.96228e-09 -3.73653e-09 3.4743e-05)
(-6.02053e-09 -4.5192e-09 2.16662e-05)
(-1.25279e-09 2.85313e-10 8.64419e-06)
(6.54707e-09 -3.46037e-09 2.28713e-05)
(1.22867e-08 -6.04471e-09 5.70445e-05)
(1.2011e-08 -4.46881e-09 8.29951e-05)
(6.66842e-09 3.00074e-09 9.98715e-05)
(8.78118e-10 -1.4124e-10 0.000107882)
(-3.05412e-09 4.18586e-10 0.000107882)
(-9.25191e-09 1.74396e-09 9.98711e-05)
(-1.44489e-08 -6.96989e-09 8.29951e-05)
(-1.62616e-08 -1.1695e-08 5.70439e-05)
(-7.85573e-09 -5.88294e-09 2.2871e-05)
(2.62691e-09 -5.18762e-09 3.75045e-05)
(4.8545e-09 -5.74614e-09 8.60482e-05)
(4.31719e-09 -4.00965e-09 0.000114543)
(2.64981e-09 2.95296e-09 0.000128145)
(1.02869e-09 3.49982e-09 0.000133193)
(-2.96247e-09 3.41911e-09 0.000133193)
(-4.36278e-09 2.91463e-09 0.000128145)
(-5.48112e-09 -6.25219e-09 0.000114543)
(-5.49342e-09 -9.32361e-09 8.60475e-05)
(-3.62436e-09 -8.27546e-09 3.75044e-05)
(-4.7051e-10 1.73102e-09 4.9023e-05)
(-2.6505e-09 -1.64857e-09 0.000104706)
(-2.96761e-09 -2.70994e-09 0.000129498)
(-1.26124e-09 1.13978e-09 0.000137784)
(-4.85634e-10 2e-09 0.000139985)
(7.88993e-10 2.15424e-09 0.000139985)
(2.37714e-09 -1.00893e-10 0.000137784)
(3.0665e-09 -6.2216e-09 0.000129499)
(3.79757e-09 -5.55537e-09 0.000104707)
(2.18255e-09 1.8089e-09 4.90236e-05)
(1.64983e-09 -1.25075e-09 5.53209e-05)
(9.75747e-10 -8.56347e-10 0.000113183)
(-4.78735e-10 -1.53773e-09 0.000134661)
(-7.25986e-10 1.20577e-09 0.000140171)
(-9.36278e-10 9.96872e-10 0.000141241)
(7.55846e-10 6.90494e-10 0.000141241)
(1.21381e-09 -2.86616e-10 0.000140172)
(1.45841e-09 -3.25906e-09 0.000134662)
(-5.19152e-10 -2.49913e-09 0.000113183)
(-8.91228e-10 7.0863e-10 5.53214e-05)
(8.14544e-10 8.38652e-10 5.53205e-05)
(-9.78194e-10 1.31621e-09 0.000113182)
(-1.15943e-09 -3.53394e-10 0.000134661)
(-3.66044e-10 1.32441e-09 0.000140172)
(-7.93093e-10 -2.95021e-10 0.000141241)
(1.65088e-09 -3.2248e-10 0.000141241)
(1.58289e-09 2.74927e-10 0.000140172)
(1.28966e-09 -1.05128e-09 0.000134662)
(2.38217e-11 -5.52216e-10 0.000113183)
(-7.03578e-10 1.52181e-09 5.53213e-05)
(3.19426e-10 -1.11999e-09 4.90227e-05)
(-2.87609e-09 3.3092e-09 0.000104706)
(-4.54865e-09 -1.64676e-09 0.000129499)
(-1.39126e-10 2.61449e-09 0.000137785)
(-1.54216e-10 -5.98098e-10 0.000139986)
(1.80652e-09 -1.10163e-09 0.000139986)
(2.15199e-09 7.64561e-10 0.000137785)
(5.90233e-09 -9.84364e-10 0.000129499)
(3.93163e-09 2.26688e-09 0.000104706)
(-1.1771e-09 3.66755e-09 4.90233e-05)
(5.3306e-09 4.28361e-09 3.75033e-05)
(6.40442e-09 1.04987e-08 8.60474e-05)
(-1.17451e-09 -1.63413e-09 0.000114543)
(1.58237e-09 6.13611e-10 0.000128146)
(3.25265e-10 -2.52724e-09 0.000133193)
(-1.43439e-09 -2.86752e-09 0.000133194)
(-2.87604e-09 -3.50658e-10 0.000128146)
(-1.19609e-09 -4.46918e-10 0.000114544)
(-9.52004e-09 1.08249e-08 8.60479e-05)
(-7.61445e-09 6.51633e-09 3.75042e-05)
(2.27687e-10 -2.20639e-09 2.28707e-05)
(1.41624e-08 1.70944e-08 5.70446e-05)
(7.04031e-09 2.85762e-09 8.29954e-05)
(1.94529e-09 -1.45413e-09 9.98725e-05)
(5.94753e-10 -1.42436e-09 0.000107882)
(-3.34364e-09 -1.98726e-09 0.000107882)
(-5.46891e-09 -9.15045e-10 9.98725e-05)
(-9.45645e-09 3.8972e-09 8.2996e-05)
(-1.60026e-08 1.52488e-08 5.70451e-05)
(-1.40514e-09 -3.62225e-09 2.28711e-05)
(-1.44709e-08 -1.0387e-08 8.64425e-06)
(5.72697e-09 8.60358e-09 2.16662e-05)
(8.76111e-09 2.84373e-09 3.47429e-05)
(1.68724e-09 5.59645e-10 4.47481e-05)
(2.04467e-09 7.94217e-10 5.00844e-05)
(-3.01687e-10 3.07244e-10 5.00844e-05)
(5.40253e-10 3.43928e-10 4.47481e-05)
(-9.73213e-09 4.02831e-09 3.4743e-05)
(-4.5549e-09 6.00492e-09 2.1667e-05)
(1.18454e-08 -9.23276e-09 8.64468e-06)
(-9.05486e-09 7.97806e-09 8.64419e-06)
(-5.77786e-09 7.92765e-10 2.16672e-05)
(-5.68526e-09 2.48096e-09 3.47444e-05)
(-5.59483e-09 3.03574e-10 4.47497e-05)
(-4.36909e-10 -2.0332e-09 5.00856e-05)
(-6.54749e-10 -1.58145e-09 5.00861e-05)
(4.42188e-09 4.2942e-10 4.475e-05)
(3.89337e-09 8.88558e-11 3.47453e-05)
(6.35054e-09 -5.22231e-10 2.16679e-05)
(1.32625e-08 1.08335e-08 8.64516e-06)
(-8.75051e-09 1.24311e-08 2.28695e-05)
(-5.13844e-09 1.30803e-09 5.70439e-05)
(-4.23396e-09 1.61431e-09 8.29977e-05)
(-1.97226e-09 2.65396e-10 9.98751e-05)
(-1.61309e-10 -3.4926e-09 0.000107885)
(2.2407e-09 -3.91269e-09 0.000107885)
(5.39284e-09 -8.77778e-10 9.98755e-05)
(7.78151e-09 -4.20579e-11 8.29985e-05)
(6.77028e-09 1.26802e-09 5.70444e-05)
(1.01645e-08 1.48105e-08 2.28702e-05)
(-2.40639e-09 7.75271e-09 3.75017e-05)
(-8.7816e-10 1.24293e-09 8.60464e-05)
(-7.62288e-10 -9.10213e-10 0.000114543)
(1.57443e-09 -2.3248e-09 0.000128148)
(9.04838e-10 -3.90289e-09 0.000133195)
(1.92312e-09 -3.9914e-09 0.000133196)
(2.67822e-09 -2.22665e-09 0.000128147)
(3.18056e-09 2.97576e-10 0.000114543)
(1.06732e-09 4.09468e-09 8.60455e-05)
(3.10797e-09 1.02432e-08 3.75019e-05)
(1.97488e-09 5.15894e-09 4.90219e-05)
(4.4047e-09 2.56118e-10 0.000104705)
(3.00348e-09 -6.07462e-10 0.000129497)
(2.37543e-09 -2.21443e-09 0.000137784)
(9.11354e-10 -2.52677e-09 0.000139986)
(-4.55596e-11 -2.19821e-09 0.000139985)
(-3.01274e-09 -1.96814e-09 0.000137784)
(-2.99642e-09 -7.81176e-10 0.000129496)
(-4.21657e-09 1.66071e-09 0.000104704)
(-1.47056e-09 5.57375e-09 4.90213e-05)
(1.51551e-09 -5.18768e-10 5.53205e-05)
(1.80021e-09 -8.3706e-10 0.000113182)
(6.62854e-10 7.27527e-10 0.000134661)
(9.66726e-10 1.41685e-10 0.000140171)
(2.40362e-11 -2.06518e-10 0.000141241)
(-6.28193e-10 -4.32366e-10 0.000141241)
(-2.37365e-09 -1.18485e-09 0.000140171)
(-1.8696e-09 5.60467e-10 0.00013466)
(-1.90987e-09 1.22039e-09 0.000113181)
(-9.38898e-10 1.50847e-10 5.53199e-05)
(1.37487e-09 1.67194e-09 5.53204e-05)
(1.80852e-09 -2.85697e-10 0.000113182)
(1.2356e-09 -2.40988e-10 0.000134661)
(4.43836e-10 -1.47148e-09 0.000140171)
(-5.06853e-10 -1.23302e-09 0.000141241)
(-4.99981e-10 -7.39464e-10 0.000141241)
(-1.17772e-09 -1.20003e-09 0.000140171)
(-3.0146e-10 -4.36012e-10 0.00013466)
(-1.73207e-09 1.33821e-09 0.000113182)
(-1.05964e-09 3.27958e-10 5.53205e-05)
(1.84437e-09 -4.75064e-09 4.90222e-05)
(2.52698e-09 -8.49184e-10 0.000104704)
(6.35799e-10 8.86855e-11 0.000129497)
(2.36513e-09 1.91465e-10 0.000137784)
(9.11156e-10 3.36503e-10 0.000139986)
(8.17269e-10 9.50315e-10 0.000139985)
(-5.12183e-10 9.32873e-10 0.000137784)
(-1.13587e-10 5.60689e-10 0.000129497)
(-2.155e-09 9.53096e-10 0.000104704)
(-1.03187e-09 -3.56124e-09 4.90221e-05)
(-8.15879e-10 -7.17812e-09 3.75021e-05)
(-2.30446e-09 7.87572e-10 8.60457e-05)
(-5.13176e-09 -5.6363e-10 0.000114542)
(-5.90016e-10 -7.99624e-10 0.000128147)
(-1.00239e-09 1.08265e-10 0.000133195)
(9.33989e-10 2.6045e-10 0.000133195)
(4.11261e-10 -4.90859e-10 0.000128147)
(3.70149e-09 6.41336e-11 0.000114543)
(5.95569e-11 3.30968e-09 8.60454e-05)
(-6.78953e-11 -4.46711e-09 3.75026e-05)
(-6.57956e-09 -1.15143e-08 2.287e-05)
(-4.45514e-10 4.0148e-09 5.70446e-05)
(-2.03431e-09 -1.33062e-09 8.29975e-05)
(-2.32715e-10 -2.36374e-09 9.98756e-05)
(9.22016e-10 1.30185e-09 0.000107886)
(6.14148e-10 -2.06611e-10 0.000107886)
(1.32822e-09 -2.18246e-09 9.98756e-05)
(-1.43125e-12 2.75352e-09 8.29975e-05)
(-1.457e-09 6.50318e-09 5.70441e-05)
(6.65833e-09 -1.02124e-08 2.28706e-05)
(-1.98378e-08 -1.52333e-08 8.64447e-06)
(-5.15242e-09 9.96412e-10 2.16674e-05)
(-1.95778e-09 -2.19118e-09 3.4745e-05)
(-6.36817e-09 -1.12998e-09 4.47513e-05)
(-2.7509e-09 1.52604e-09 5.0087e-05)
(-2.74831e-09 5.23252e-10 5.00873e-05)
(-2.97716e-10 4.07112e-10 4.47511e-05)
(-4.04273e-09 3.3381e-09 3.47453e-05)
(2.52668e-09 3.61634e-09 2.16677e-05)
(1.55153e-08 -1.15464e-08 8.64497e-06)
(-1.17476e-08 8.78312e-09 8.64438e-06)
(-6.46969e-09 9.25946e-10 2.16656e-05)
(-5.46865e-09 2.80136e-09 3.47418e-05)
(-5.89374e-09 -6.35754e-10 4.47471e-05)
(-1.23477e-09 -1.74324e-09 5.0083e-05)
(-8.17394e-10 -1.5412e-09 5.00835e-05)
(4.07238e-09 -6.91692e-10 4.47469e-05)
(4.17298e-09 8.67477e-10 3.47425e-05)
(8.27185e-09 1.56223e-09 2.16661e-05)
(1.48474e-08 1.10679e-08 8.64471e-06)
(-8.74243e-09 1.14111e-08 2.28725e-05)
(-7.68997e-09 3.85993e-09 5.70445e-05)
(-6.05107e-09 2.94159e-09 8.2994e-05)
(-2.44646e-09 -1.82983e-09 9.98698e-05)
(-1.7035e-10 -3.55909e-09 0.000107881)
(5.38198e-10 -4.03314e-09 0.000107881)
(3.00176e-09 -2.50208e-09 9.98705e-05)
(7.49891e-09 6.79661e-10 8.29955e-05)
(7.2382e-09 3.18163e-09 5.70457e-05)
(8.3808e-09 1.27866e-08 2.28727e-05)
(-2.73954e-09 8.22581e-09 3.75057e-05)
(-2.36986e-09 4.13528e-09 8.60498e-05)
(-2.87492e-09 3.17619e-10 0.000114543)
(7.56832e-10 -3.38071e-09 0.000128145)
(5.53585e-10 -3.93446e-09 0.000133192)
(8.80774e-10 -4.68548e-09 0.000133192)
(1.47853e-09 -3.49272e-09 0.000128145)
(4.16979e-09 9.17123e-10 0.000114544)
(3.27728e-09 5.38546e-09 8.60503e-05)
(3.35242e-09 1.03153e-08 3.75063e-05)
(1.29498e-09 5.61781e-09 4.90242e-05)
(3.63465e-09 1.24487e-09 0.000104708)
(2.9111e-09 4.05167e-10 0.000129499)
(2.70957e-09 -3.20012e-09 0.000137785)
(1.39842e-10 -2.70445e-09 0.000139985)
(-5.28826e-10 -2.4277e-09 0.000139985)
(-2.98237e-09 -2.33173e-09 0.000137785)
(-3.07352e-09 2.47241e-10 0.000129499)
(-4.29155e-09 1.78185e-09 0.000104707)
(-1.25197e-09 6.61517e-09 4.90245e-05)
(1.31947e-09 -3.17865e-10 5.53217e-05)
(1.66581e-09 1.77721e-10 0.000113184)
(8.44593e-10 1.51732e-09 0.000134662)
(1.21188e-09 -9.67573e-10 0.000140172)
(-2.68596e-10 -3.00311e-10 0.000141241)
(-2.9305e-10 -4.62248e-10 0.00014124)
(-1.49593e-09 -1.31062e-09 0.000140172)
(-1.30631e-09 7.30058e-10 0.000134662)
(-2.35663e-09 4.78808e-10 0.000113183)
(-1.63483e-09 1.12571e-09 5.53218e-05)
(1.27179e-09 2.46158e-09 5.5322e-05)
(1.50456e-09 5.92767e-10 0.000113184)
(1.28932e-09 3.49632e-10 0.000134662)
(9.5546e-10 -1.93807e-09 0.000140171)
(-1.27215e-11 -1.46273e-09 0.000141241)
(-1.62607e-11 -2.15135e-09 0.000141241)
(-1.27297e-09 -2.28146e-09 0.000140172)
(-5.99398e-10 -8.16889e-10 0.000134662)
(-1.79756e-09 9.92591e-10 0.000113183)
(-1.3429e-09 1.21323e-09 5.53222e-05)
(2.3971e-09 -2.25147e-09 4.90242e-05)
(2.81743e-09 -1.34146e-09 0.000104707)
(1.8974e-09 4.4689e-10 0.0001295)
(3.4329e-09 -6.59432e-10 0.000137784)
(6.52964e-10 -2.35634e-10 0.000139985)
(2.37905e-10 1.33713e-10 0.000139985)
(-2.00417e-09 -1.04825e-10 0.000137784)
(-1.81301e-09 1.59846e-09 0.000129499)
(-2.36369e-09 -4.45836e-10 0.000104706)
(-1.07792e-09 -4.15778e-09 4.90247e-05)
(-2.25548e-10 -5.27999e-09 3.75069e-05)
(-1.54044e-09 -7.78876e-10 8.60494e-05)
(-4.06729e-09 -1.43094e-09 0.000114543)
(-4.28939e-10 -1.39907e-09 0.000128145)
(-4.61596e-10 1.51949e-09 0.000133193)
(8.12907e-10 2.01366e-09 0.000133192)
(1.51547e-09 -5.52246e-10 0.000128144)
(4.17766e-09 -2.59159e-10 0.000114542)
(3.19829e-11 7.15727e-10 8.6048e-05)
(1.22771e-09 -6.4743e-09 3.75058e-05)
(-5.71815e-09 -1.01432e-08 2.28726e-05)
(-7.69063e-10 1.17965e-09 5.70453e-05)
(-2.80086e-09 -2.45607e-09 8.2995e-05)
(-2.51585e-09 -3.1528e-09 9.98711e-05)
(-6.77461e-10 2.68882e-09 0.000107881)
(1.19397e-09 1.94311e-09 0.00010788)
(3.6518e-09 -1.24963e-09 9.98704e-05)
(2.68964e-09 1.61436e-09 8.29948e-05)
(-7.40252e-10 3.86904e-09 5.70448e-05)
(7.08574e-09 -1.25578e-08 2.2872e-05)
(-1.25456e-08 -9.28096e-09 8.6446e-06)
(-7.15455e-09 -1.32906e-09 2.16663e-05)
(-3.56171e-09 -2.438e-09 3.47422e-05)
(-7.73354e-09 -2.14988e-09 4.47471e-05)
(-3.92251e-09 1.42823e-09 5.00835e-05)
(-1.96984e-09 1.05009e-09 5.00836e-05)
(1.69199e-09 6.94328e-10 4.47473e-05)
(-1.95617e-09 3.05455e-09 3.47422e-05)
(4.96794e-09 1.45044e-09 2.16667e-05)
(1.82919e-08 -1.36465e-08 8.6447e-06)
(-4.69829e-09 4.14653e-09 8.64491e-06)
(8.04631e-09 -7.55009e-09 2.16672e-05)
(8.15098e-09 -2.60933e-09 3.47436e-05)
(8.17371e-10 -1.38435e-09 4.47486e-05)
(1.12108e-09 -2.4909e-10 5.00851e-05)
(-1.27927e-09 -9.67035e-10 5.00849e-05)
(6.37688e-10 3.38537e-10 4.47485e-05)
(-5.76961e-09 -2.37689e-09 3.47431e-05)
(-4.07155e-09 -6.25399e-09 2.16664e-05)
(1.00176e-08 7.73992e-09 8.64435e-06)
(5.16179e-09 -3.07685e-09 2.28708e-05)
(1.82655e-08 -1.82025e-08 5.70446e-05)
(1.17408e-08 -1.35646e-09 8.29959e-05)
(5.85111e-09 1.22942e-09 9.98729e-05)
(1.88649e-09 1.24074e-09 0.000107883)
(-1.68357e-09 -1.28659e-10 0.000107883)
(-3.35945e-09 5.19475e-10 9.98721e-05)
(-7.246e-09 -2.61252e-09 8.29957e-05)
(-1.02345e-08 -1.37274e-08 5.70446e-05)
(2.18323e-09 4.34616e-09 2.28712e-05)
(4.32143e-09 -4.96677e-09 3.75036e-05)
(8.42355e-09 -1.55669e-08 8.60475e-05)
(3.44687e-09 -7.05935e-11 0.000114543)
(2.46788e-09 2.8717e-09 0.000128145)
(-2.09905e-11 1.89926e-09 0.000133193)
(2.70066e-11 1.48622e-09 0.000133194)
(-1.6546e-09 1.63177e-10 0.000128146)
(-1.33543e-09 -9.71809e-11 0.000114543)
(-6.93322e-09 -1.06345e-08 8.60479e-05)
(-3.51631e-09 2.34153e-11 3.75038e-05)
(9.54069e-10 7.54405e-10 4.90225e-05)
(-1.51609e-09 -8.22027e-09 0.000104706)
(-2.77261e-09 -8.20066e-10 0.000129499)
(2.60245e-10 9.33461e-10 0.000137784)
(-1.18854e-09 9.12595e-10 0.000139985)
(8.10278e-10 4.55414e-10 0.000139985)
(4.85905e-10 -7.33603e-11 0.000137784)
(2.46407e-09 -1.16997e-09 0.000129499)
(1.39938e-09 -5.41296e-09 0.000104706)
(7.13815e-10 4.38382e-09 4.90229e-05)
(2.15697e-09 -1.25445e-09 5.53208e-05)
(4.16758e-10 -3.31798e-09 0.000113183)
(-2.01779e-09 3.64617e-10 0.000134661)
(-9.25845e-10 1.0583e-09 0.000140172)
(-2.16021e-09 4.75275e-10 0.000141241)
(-1.87436e-10 -1.97271e-10 0.000141241)
(4.45261e-10 -4.70455e-10 0.000140171)
(1.78413e-09 -5.06465e-10 0.000134661)
(9.97833e-10 -1.71559e-09 0.000113183)
(-4.53351e-10 4.58848e-09 5.53211e-05)
(9.95749e-10 6.34519e-10 5.53209e-05)
(-1.53106e-09 -2.51682e-11 0.000113183)
(-2.4331e-09 7.40577e-10 0.000134662)
(-6.57636e-10 5.23662e-10 0.000140171)
(-1.13228e-09 -8.57431e-10 0.000141241)
(9.39747e-10 -8.91875e-10 0.000141241)
(1.05146e-09 -8.35527e-10 0.000140171)
(1.7675e-09 -3.8841e-10 0.000134661)
(1.38939e-09 4.3852e-10 0.000113183)
(-9.04773e-10 5.76911e-09 5.53207e-05)
(2.81408e-10 -4.03285e-11 4.90231e-05)
(-3.46596e-09 2.45299e-09 0.000104706)
(-4.16785e-09 1.17029e-09 0.000129499)
(-6.63021e-10 3.66595e-10 0.000137785)
(6.67208e-11 -1.48215e-09 0.000139985)
(1.66652e-09 -1.14453e-09 0.000139986)
(1.67127e-09 -6.44629e-10 0.000137784)
(3.06405e-09 -6.76666e-10 0.000129498)
(1.93287e-09 2.44894e-09 0.000104706)
(-2.38223e-09 9.53848e-09 4.90235e-05)
(6.07234e-09 9.41129e-09 3.7504e-05)
(3.5877e-09 8.3608e-09 8.60476e-05)
(-7.49763e-10 2.00834e-09 0.000114543)
(8.76268e-10 -1.78902e-09 0.000128146)
(-2.2455e-10 -2.98612e-09 0.000133194)
(-1.90187e-09 -2.49006e-09 0.000133194)
(-4.73882e-09 -1.79972e-09 0.000128145)
(-4.75476e-09 2.28587e-11 0.000114542)
(-1.02831e-08 5.6577e-09 8.60476e-05)
(-1.11872e-08 1.42984e-08 3.7504e-05)
(8.53349e-09 7.04971e-09 2.2871e-05)
(1.55464e-08 1.44988e-08 5.70442e-05)
(1.04456e-08 4.93378e-09 8.29957e-05)
(7.50155e-09 -1.73904e-09 9.98729e-05)
(2.76023e-09 -2.60083e-09 0.000107883)
(-1.42626e-09 -2.1615e-09 0.000107882)
(-5.8287e-09 -1.68986e-09 9.98723e-05)
(-8.9402e-09 3.03855e-09 8.29953e-05)
(-1.42311e-08 1.00032e-08 5.70437e-05)
(-7.80199e-09 4.91572e-09 2.28705e-05)
(-1.74503e-09 -1.81781e-09 8.64452e-06)
(1.06696e-08 7.94944e-09 2.16665e-05)
(1.20831e-08 3.93803e-09 3.47432e-05)
(6.1523e-09 8.47365e-10 4.47481e-05)
(3.16748e-09 -5.68036e-11 5.00849e-05)
(-3.27857e-11 1.26936e-10 5.00848e-05)
(-2.17476e-09 6.56426e-10 4.47485e-05)
(-6.33851e-09 2.73548e-09 3.47426e-05)
(-6.77391e-09 6.49327e-09 2.16661e-05)
(2.39601e-09 -2.5577e-09 8.64425e-06)
(-1.61673e-08 1.16938e-08 8.64468e-06)
(-1.04983e-08 1.99908e-09 2.16676e-05)
(-5.69649e-09 2.30281e-09 3.47451e-05)
(-5.23035e-09 -2.88693e-10 4.47502e-05)
(-4.78741e-10 -1.35397e-09 5.00867e-05)
(-9.57687e-11 -1.12786e-09 5.0086e-05)
(4.85729e-09 9.53593e-10 4.47503e-05)
(3.08713e-09 1.52794e-09 3.47447e-05)
(5.32283e-09 3.45277e-11 2.16676e-05)
(1.09579e-08 8.92689e-09 8.64482e-06)
(-1.04002e-08 1.44951e-08 2.28696e-05)
(-8.28184e-09 2.89739e-09 5.70443e-05)
(-5.3808e-09 7.64672e-10 8.29983e-05)
(-6.21442e-10 -2.00592e-09 9.98763e-05)
(7.9799e-10 -3.2965e-09 0.000107886)
(3.21276e-09 -2.56766e-09 0.000107885)
(7.19232e-09 1.42444e-09 9.98752e-05)
(7.87431e-09 2.84028e-09 8.29982e-05)
(6.12077e-09 5.60978e-10 5.70448e-05)
(7.61214e-09 1.01409e-08 2.28702e-05)
(-3.47633e-09 1.03268e-08 3.75015e-05)
(-1.10875e-09 2.19825e-09 8.60447e-05)
(-2.32695e-09 -7.2162e-10 0.000114543)
(-7.6843e-10 -2.59043e-09 0.000128147)
(-1.94234e-10 -3.62809e-09 0.000133196)
(4.18904e-10 -3.73589e-09 0.000133196)
(9.06285e-10 -1.29646e-09 0.000128148)
(3.32073e-09 5.39557e-10 0.000114544)
(1.62706e-09 6.71088e-10 8.60455e-05)
(3.24429e-09 8.35847e-09 3.75016e-05)
(1.1062e-09 6.56757e-09 4.90212e-05)
(5.10942e-09 6.33777e-10 0.000104703)
(3.28955e-09 -5.49744e-10 0.000129498)
(1.67431e-09 -2.04196e-09 0.000137784)
(1.01995e-10 -2.94828e-09 0.000139986)
(-5.82915e-10 -2.67546e-09 0.000139986)
(-2.65068e-09 -1.98159e-09 0.000137784)
(-2.57946e-09 -1.06442e-09 0.000129497)
(-3.69752e-09 -5.72597e-10 0.000104704)
(-3.53201e-10 7.63146e-09 4.90211e-05)
(1.52143e-09 -2.20464e-10 5.53197e-05)
(1.61082e-09 -3.51431e-10 0.000113181)
(4.29108e-10 8.78482e-10 0.00013466)
(8.54343e-10 -3.30975e-10 0.000140171)
(1.95808e-10 -9.0312e-10 0.000141241)
(1.26736e-12 -5.05093e-10 0.000141242)
(-1.37232e-09 -8.70918e-10 0.000140171)
(-1.88316e-10 1.09471e-09 0.000134661)
(-1.62641e-09 6.17773e-10 0.000113181)
(-1.46134e-09 1.41355e-09 5.53196e-05)
(1.69856e-09 2.07025e-09 5.53198e-05)
(1.84449e-09 -8.27424e-10 0.000113181)
(9.86721e-10 -4.83017e-11 0.000134661)
(8.12182e-10 -1.58889e-09 0.000140171)
(1.09851e-10 -1.12331e-09 0.000141241)
(8.04492e-10 -1.04738e-09 0.000141241)
(-4.25057e-10 -1.86428e-09 0.000140171)
(-1.64364e-10 5.11025e-10 0.00013466)
(-1.77491e-09 9.46855e-10 0.000113181)
(-1.6836e-09 1.42009e-09 5.53191e-05)
(2.23508e-09 -3.88762e-09 4.90212e-05)
(3.00653e-09 -2.45254e-09 0.000104704)
(1.87221e-09 3.7933e-10 0.000129497)
(1.88987e-09 -2.27835e-10 0.000137784)
(-3.01524e-10 1.05953e-09 0.000139986)
(3.8109e-11 1.13114e-09 0.000139986)
(-2.63098e-09 -3.5977e-10 0.000137784)
(-2.74238e-09 1.90913e-09 0.000129497)
(-3.31865e-09 1.05886e-09 0.000104705)
(-1.37026e-09 -3.25823e-09 4.90212e-05)
(-1.17515e-09 -6.75164e-09 3.75015e-05)
(-2.19371e-09 -1.67156e-09 8.60458e-05)
(-4.81747e-09 -4.50234e-10 0.000114543)
(-7.29196e-10 1.51372e-10 0.000128147)
(-7.43239e-10 2.24149e-09 0.000133196)
(5.87239e-10 1.41275e-09 0.000133196)
(3.50147e-10 -6.00276e-10 0.000128148)
(3.02552e-09 -1.43019e-10 0.000114544)
(2.94446e-10 1.17612e-09 8.60466e-05)
(1.36472e-09 -6.88669e-09 3.75019e-05)
(-8.00772e-09 -1.29932e-08 2.28697e-05)
(-2.88005e-09 1.27786e-09 5.70437e-05)
(-4.41211e-09 -9.48046e-10 8.29971e-05)
(-1.72671e-09 -1.53901e-09 9.98753e-05)
(-1.95065e-10 1.27912e-09 0.000107885)
(1.98621e-09 1.51016e-09 0.000107886)
(4.18469e-09 -1.95292e-09 9.98755e-05)
(2.08736e-09 1.09737e-09 8.29977e-05)
(3.02526e-11 4.70988e-09 5.70445e-05)
(7.32533e-09 -1.08739e-08 2.287e-05)
(-1.76379e-08 -1.32691e-08 8.64473e-06)
(-1.06351e-08 -1.67376e-09 2.16673e-05)
(-5.45815e-09 -1.75156e-09 3.47449e-05)
(-6.78269e-09 -1.52982e-09 4.47503e-05)
(-2.35277e-09 4.10914e-10 5.00868e-05)
(-1.92368e-09 1.3788e-09 5.00868e-05)
(4.89058e-10 -7.98033e-11 4.47505e-05)
(-2.82732e-09 2.07973e-09 3.4745e-05)
(2.29901e-09 3.59269e-09 2.16668e-05)
(1.35962e-08 -1.01159e-08 8.64418e-06)
(-1.7234e-08 1.34004e-08 8.64423e-06)
(-8.68814e-09 3.05799e-09 2.16656e-05)
(-4.94735e-09 1.74304e-09 3.47427e-05)
(-5.62784e-09 -9.76923e-10 4.47469e-05)
(-3.00161e-10 -2.21402e-09 5.0084e-05)
(-2.6563e-10 -1.08713e-09 5.0084e-05)
(5.46844e-09 8.02593e-10 4.47476e-05)
(3.13111e-09 2.74579e-10 3.47432e-05)
(6.75126e-09 -9.88055e-10 2.16664e-05)
(1.52551e-08 1.08046e-08 8.64472e-06)
(-7.09806e-09 1.03071e-08 2.28725e-05)
(-5.69065e-09 2.27819e-09 5.70443e-05)
(-4.46295e-09 1.03648e-09 8.29933e-05)
(-2.92182e-10 -2.64778e-09 9.987e-05)
(1.43588e-09 -4.36661e-09 0.000107881)
(2.24123e-09 -2.86665e-09 0.000107882)
(5.29497e-09 -5.76377e-10 9.98715e-05)
(7.26636e-09 1.27895e-10 8.29962e-05)
(8.48283e-09 2.21373e-09 5.70457e-05)
(1.12286e-08 1.35797e-08 2.28721e-05)
(-3.9868e-09 7.59119e-09 3.75062e-05)
(-2.82857e-09 1.68136e-09 8.60494e-05)
(-3.34553e-09 1.41549e-10 0.000114542)
(-7.73218e-10 -4.03271e-09 0.000128144)
(6.95834e-12 -4.19426e-09 0.000133193)
(1.19682e-09 -3.86926e-09 0.000133193)
(2.48807e-09 -3.26601e-09 0.000128145)
(4.4857e-09 -2.15645e-10 0.000114543)
(4.01976e-09 4.73611e-09 8.60493e-05)
(4.69229e-09 1.0564e-08 3.75058e-05)
(8.56489e-10 6.101e-09 4.90238e-05)
(3.26196e-09 7.5307e-11 0.000104707)
(2.13695e-09 -6.59142e-10 0.000129498)
(2.01312e-09 -3.2414e-09 0.000137784)
(1.07253e-10 -3.31534e-09 0.000139986)
(-9.51353e-10 -2.59745e-09 0.000139986)
(-3.92635e-09 -2.911e-09 0.000137785)
(-3.55183e-09 -4.63793e-10 0.000129499)
(-4.05791e-09 1.86491e-09 0.000104707)
(-1.0079e-09 7.7772e-09 4.90238e-05)
(2.05488e-09 -3.42683e-10 5.53213e-05)
(2.3917e-09 -8.97442e-10 0.000113183)
(8.06483e-10 5.59844e-10 0.000134662)
(6.06165e-10 -8.5958e-10 0.000140172)
(-9.24919e-11 -2.63501e-10 0.000141242)
(-6.40428e-10 -3.91536e-10 0.000141241)
(-2.69514e-09 -6.77126e-10 0.000140172)
(-1.56327e-09 1.351e-09 0.000134662)
(-3.00075e-09 5.06174e-10 0.000113183)
(-1.93698e-09 1.43992e-09 5.53214e-05)
(1.59624e-09 1.7901e-09 5.53213e-05)
(1.86487e-09 1.87047e-10 0.000113183)
(8.3657e-10 4.54807e-10 0.000134662)
(8.35719e-10 -9.89565e-10 0.000140172)
(-7.66552e-10 -8.95441e-10 0.000141241)
(-1.0054e-09 -1.16599e-09 0.000141241)
(-1.75617e-09 -1.20479e-09 0.000140172)
(-1.51943e-09 -9.8103e-10 0.000134662)
(-2.73346e-09 3.3258e-10 0.000113183)
(-1.7806e-09 1.14326e-09 5.53218e-05)
(2.361e-09 -4.04132e-09 4.90238e-05)
(3.46535e-09 -5.78342e-10 0.000104706)
(1.97274e-09 1.96904e-09 0.000129499)
(2.0926e-09 1.21036e-09 0.000137784)
(-4.51759e-10 6.33001e-10 0.000139985)
(3.71602e-10 1.2219e-09 0.000139985)
(-2.28382e-09 -5.51743e-10 0.000137784)
(-2.82112e-09 4.40698e-10 0.000129498)
(-3.80623e-09 -4.15618e-10 0.000104706)
(-1.74732e-09 -4.32892e-09 4.90241e-05)
(-8.87386e-10 -5.86545e-09 3.75067e-05)
(-1.12554e-09 1.82652e-09 8.60498e-05)
(-3.1566e-09 7.56364e-10 0.000114543)
(4.46068e-10 -4.67769e-10 0.000128145)
(3.3561e-10 1.4709e-09 0.000133192)
(2.0962e-09 1.39319e-09 0.000133192)
(2.60523e-09 -4.9795e-10 0.000128144)
(4.74624e-09 -8.59386e-11 0.000114543)
(1.82436e-09 4.14544e-10 8.60491e-05)
(3.45044e-09 -9.06271e-09 3.75059e-05)
(-8.34492e-09 -1.19975e-08 2.28723e-05)
(-4.14045e-10 4.4327e-09 5.70456e-05)
(-7.34127e-10 -2.86575e-10 8.29949e-05)
(-4.95758e-11 -3.12101e-09 9.98708e-05)
(8.75789e-10 1.61158e-09 0.000107881)
(1.17587e-09 7.02578e-10 0.000107881)
(3.01971e-09 -1.12548e-09 9.98708e-05)
(2.83916e-09 2.28907e-09 8.29951e-05)
(1.89069e-09 4.36839e-09 5.7046e-05)
(9.65619e-09 -1.36268e-08 2.2872e-05)
(-1.88039e-08 -1.38988e-08 8.64461e-06)
(-5.5944e-09 1.076e-09 2.16669e-05)
(-9.26524e-10 -9.04722e-10 3.47424e-05)
(-5.04839e-09 -1.40086e-09 4.47472e-05)
(-1.45467e-09 1.66145e-09 5.00832e-05)
(-2.0964e-09 1.17188e-09 5.00831e-05)
(8.10924e-10 1.67211e-10 4.47466e-05)
(-2.85777e-09 2.64281e-09 3.47424e-05)
(2.11992e-09 2.96407e-09 2.16668e-05)
(1.42437e-08 -1.13649e-08 8.64464e-06)
(-9.95326e-09 7.82504e-09 8.6445e-06)
(3.25432e-09 -4.57418e-09 2.16667e-05)
(2.3481e-09 -1.3777e-09 3.47436e-05)
(-1.78318e-09 -6.20646e-10 4.47487e-05)
(1.77989e-09 -1.33929e-09 5.00851e-05)
(-1.58784e-09 -1.02116e-09 5.00852e-05)
(2.35178e-09 1.91171e-10 4.47484e-05)
(-3.27848e-09 -7.76645e-10 3.47429e-05)
(-1.22101e-09 -4.69682e-09 2.16662e-05)
(1.01329e-08 7.33198e-09 8.64398e-06)
(9.97841e-10 1.35834e-09 2.28708e-05)
(1.2482e-08 -1.20832e-08 5.70449e-05)
(8.80118e-09 -1.83572e-09 8.29955e-05)
(3.33975e-09 4.30702e-10 9.98724e-05)
(1.10399e-09 -8.97899e-10 0.000107883)
(-1.42551e-09 -6.06546e-10 0.000107883)
(-1.98179e-09 -4.52866e-10 9.98729e-05)
(-4.0931e-09 -1.06765e-09 8.29952e-05)
(-7.40677e-09 -1.10741e-08 5.70436e-05)
(4.94469e-09 7.87512e-09 2.28703e-05)
(3.05059e-09 -3.20064e-09 3.75046e-05)
(5.92366e-09 -1.01254e-08 8.60482e-05)
(1.81044e-09 1.44099e-09 0.000114543)
(2.10992e-09 1.38474e-09 0.000128145)
(3.63101e-10 1.00551e-09 0.000133193)
(-1.44681e-09 5.73672e-10 0.000133194)
(-3.27821e-09 -6.98603e-10 0.000128146)
(-1.5645e-09 5.12676e-10 0.000114543)
(-5.47606e-09 -8.60132e-09 8.60475e-05)
(-1.1473e-09 2.47442e-09 3.75042e-05)
(5.02924e-10 2.63929e-09 4.9023e-05)
(-1.63376e-09 -4.82129e-09 0.000104706)
(-2.58793e-09 -6.33229e-11 0.000129498)
(4.81786e-10 6.38369e-10 0.000137784)
(-4.32257e-10 -8.81072e-11 0.000139985)
(1.1534e-09 -1.94837e-11 0.000139985)
(9.76523e-10 -6.6394e-10 0.000137784)
(2.95385e-09 4.12875e-10 0.000129499)
(1.94356e-09 -2.77879e-09 0.000104706)
(1.15258e-09 4.91175e-09 4.90236e-05)
(1.58321e-09 -9.304e-10 5.53213e-05)
(2.74655e-10 -3.12397e-09 0.000113182)
(-1.37602e-09 -5.69185e-10 0.000134661)
(-6.4062e-10 1.57134e-10 0.000140171)
(-9.866e-10 -7.62359e-10 0.000141241)
(2.85264e-10 -7.01217e-10 0.000141241)
(-1.5409e-10 -1.05147e-09 0.000140171)
(7.09607e-10 8.55278e-10 0.000134661)
(-2.56235e-10 -5.09877e-10 0.000113183)
(-6.56472e-10 4.51217e-09 5.53214e-05)
(1.81261e-09 8.96793e-10 5.53214e-05)
(-1.47141e-10 -1.2653e-09 0.000113183)
(-1.72101e-09 -1.43115e-10 0.000134661)
(-4.75952e-10 4.44757e-10 0.000140171)
(-8.90655e-10 -8.14712e-10 0.000141241)
(6.10695e-10 -1.44952e-09 0.000141241)
(8.53754e-10 -6.98951e-10 0.000140171)
(1.74374e-09 8.21805e-10 0.000134662)
(1.08185e-09 -2.91482e-10 0.000113183)
(-9.43993e-10 5.33062e-09 5.53215e-05)
(-1.787e-10 -9.47539e-10 4.90233e-05)
(-3.41765e-09 -7.05837e-10 0.000104706)
(-3.18893e-09 -1.82824e-10 0.000129499)
(1.77134e-10 1.00917e-09 0.000137784)
(-4.48645e-10 -1.40913e-09 0.000139985)
(5.90126e-10 -1.56208e-09 0.000139985)
(4.39245e-10 3.24788e-10 0.000137784)
(2.38257e-09 1.01749e-09 0.000129498)
(2.27088e-09 1.22153e-09 0.000104706)
(-2.43136e-09 8.77252e-09 4.90235e-05)
(4.47529e-09 4.73788e-09 3.75044e-05)
(3.89276e-09 2.12777e-09 8.60479e-05)
(5.32318e-10 7.81156e-10 0.000114543)
(6.8256e-10 -4.60693e-10 0.000128145)
(-1.02221e-09 -2.19196e-09 0.000133193)
(-2.89812e-09 -2.01676e-09 0.000133193)
(-6.63179e-09 -2.16081e-10 0.000128145)
(-6.73882e-09 9.85395e-10 0.000114542)
(-1.18413e-08 4.47454e-09 8.60472e-05)
(-1.1453e-08 1.18879e-08 3.75042e-05)
(5.12133e-09 8.41927e-10 2.28712e-05)
(1.01003e-08 6.85255e-09 5.70447e-05)
(5.94693e-09 3.40783e-09 8.29957e-05)
(2.90654e-09 -2.64319e-10 9.98726e-05)
(-6.30364e-11 -9.23611e-10 0.000107882)
(-1.07034e-09 -1.24107e-09 0.000107883)
(-5.18816e-09 -8.32176e-10 9.9872e-05)
(-7.5496e-09 3.08146e-09 8.2995e-05)
(-1.16944e-08 7.908e-09 5.70442e-05)
(-5.34078e-09 5.78859e-10 2.28713e-05)
(-6.60692e-09 -5.65915e-09 8.6444e-06)
(3.99674e-10 3.01631e-09 2.16665e-05)
(4.35872e-09 2.05336e-09 3.47431e-05)
(2.49611e-09 1.07179e-09 4.47487e-05)
(1.27631e-09 2.73585e-10 5.00847e-05)
(-4.50667e-10 2.52447e-10 5.00845e-05)
(-4.64019e-10 4.26276e-10 4.47486e-05)
(-4.52785e-09 2.72999e-09 3.47431e-05)
(-2.47446e-09 4.6422e-09 2.16667e-05)
(1.00134e-08 -8.61303e-09 8.64466e-06)
(-1.68659e-08 1.20634e-08 8.64423e-06)
(-7.79288e-09 1.47296e-09 2.16673e-05)
(-4.45148e-09 1.79798e-09 3.47441e-05)
(-7.78044e-09 9.57869e-10 4.47503e-05)
(-5.60924e-10 -2.16084e-09 5.00857e-05)
(-4.49038e-10 -1.29512e-09 5.00857e-05)
(4.1759e-09 -8.25953e-11 4.47495e-05)
(3.04406e-09 2.70749e-10 3.47436e-05)
(6.35676e-09 3.95409e-10 2.1667e-05)
(1.44136e-08 1.07963e-08 8.64433e-06)
(-8.35529e-09 1.3356e-08 2.287e-05)
(-4.93705e-09 2.48672e-09 5.70447e-05)
(-5.12611e-09 1.83346e-09 8.2998e-05)
(-3.32782e-09 1.0755e-10 9.98751e-05)
(8.24887e-11 -5.05336e-09 0.000107885)
(2.25079e-09 -4.56327e-09 0.000107885)
(5.08882e-09 -2.08951e-09 9.98746e-05)
(8.92989e-09 1.05327e-09 8.29962e-05)
(8.81456e-09 3.49155e-09 5.70439e-05)
(9.1936e-09 1.25886e-08 2.28703e-05)
(-4.0559e-09 9.49877e-09 3.75025e-05)
(-1.96779e-09 1.8552e-09 8.60462e-05)
(-1.34132e-09 6.31716e-10 0.000114543)
(1.01671e-09 -1.60648e-09 0.000128147)
(4.10169e-10 -4.27603e-09 0.000133195)
(4.4555e-10 -4.91046e-09 0.000133195)
(8.45223e-11 -4.24055e-09 0.000128146)
(2.79706e-09 -1.3026e-10 0.000114543)
(3.74039e-09 3.38263e-09 8.60459e-05)
(5.09883e-09 1.00217e-08 3.75022e-05)
(1.43588e-09 6.59471e-09 4.90225e-05)
(4.47154e-09 3.08203e-11 0.000104704)
(3.30008e-09 1.20525e-10 0.000129498)
(3.11019e-09 -1.61155e-09 0.000137784)
(6.48806e-10 -2.63408e-09 0.000139985)
(-2.66571e-12 -2.36812e-09 0.000139985)
(-2.26784e-09 -1.98688e-09 0.000137784)
(-3.23953e-09 -1.31139e-09 0.000129498)
(-4.64572e-09 6.34558e-10 0.000104705)
(-1.17702e-09 6.44046e-09 4.90222e-05)
(1.42381e-09 6.25448e-10 5.53207e-05)
(1.43688e-09 -1.74989e-10 0.000113183)
(6.84806e-10 1.32184e-09 0.000134662)
(7.32035e-10 -2.77055e-10 0.000140171)
(-5.90145e-10 -4.57582e-10 0.000141241)
(-1.0589e-10 -2.34155e-10 0.000141241)
(-1.40254e-09 -6.02766e-10 0.000140171)
(-6.42451e-10 4.03571e-10 0.000134661)
(-1.82779e-09 9.40834e-10 0.000113182)
(-1.42054e-09 2.06317e-09 5.53203e-05)
(8.79132e-10 2.05452e-09 5.53215e-05)
(4.25707e-10 9.84781e-10 0.000113183)
(2.51718e-10 4.16979e-10 0.000134661)
(2.68824e-10 -1.25219e-09 0.000140171)
(-2.64874e-10 -5.93771e-10 0.000141241)
(-1.96762e-10 -1.19662e-09 0.000141241)
(-4.07467e-10 -2.35283e-09 0.000140171)
(3.12626e-10 -8.8508e-10 0.000134661)
(-1.9546e-09 1.34366e-09 0.000113183)
(-1.28594e-09 1.63359e-09 5.53199e-05)
(3.06362e-09 -1.9644e-09 4.90222e-05)
(4.24349e-09 6.10179e-10 0.000104705)
(1.88642e-09 8.3834e-10 0.000129498)
(2.89277e-09 -3.67537e-10 0.000137784)
(1.34956e-09 8.86334e-10 0.000139985)
(1.331e-09 -5.92599e-10 0.000139985)
(-2.56504e-10 -1.14168e-09 0.000137784)
(-3.09001e-10 8.32364e-10 0.000129498)
(-3.16128e-09 9.11951e-10 0.000104705)
(-2.15043e-09 -3.42589e-09 4.90215e-05)
(-9.29438e-12 -4.8149e-09 3.75021e-05)
(4.57774e-10 2.83519e-09 8.60465e-05)
(-3.03608e-09 6.62314e-10 0.000114543)
(1.24432e-09 -6.53768e-10 0.000128147)
(5.5436e-10 9.93227e-10 0.000133195)
(9.37571e-10 4.72743e-10 0.000133195)
(1.04183e-09 -2.3584e-09 0.000128147)
(2.208e-09 5.48243e-10 0.000114544)
(-1.06051e-09 2.41361e-09 8.60464e-05)
(6.56977e-10 -5.40117e-09 3.75023e-05)
(-8.26628e-09 -1.15347e-08 2.28701e-05)
(-4.09835e-10 4.77495e-09 5.7044e-05)
(1.25616e-10 9.5858e-10 8.29968e-05)
(4.61078e-10 -1.63982e-09 9.98739e-05)
(1.19437e-09 1.06313e-09 0.000107884)
(1.669e-09 8.83986e-10 0.000107885)
(1.50829e-09 -2.0843e-09 9.98745e-05)
(5.21901e-11 2.32469e-09 8.29972e-05)
(-5.85935e-10 4.99386e-09 5.70445e-05)
(7.02065e-09 -1.04373e-08 2.28709e-05)
(-1.38888e-08 -1.12614e-08 8.64432e-06)
(-5.52342e-09 1.12734e-10 2.16662e-05)
(-7.84379e-11 -3.52978e-10 3.4744e-05)
(-4.66035e-09 -9.51069e-10 4.47497e-05)
(-2.66938e-09 1.29426e-09 5.0086e-05)
(-1.49287e-09 7.96496e-10 5.00861e-05)
(6.32921e-10 4.81754e-10 4.47501e-05)
(-3.08991e-09 2.62841e-09 3.47446e-05)
(4.58827e-09 1.42963e-09 2.16669e-05)
(1.69054e-08 -1.28095e-08 8.6447e-06)
(-1.20878e-08 1.01919e-08 8.64436e-06)
(-5.34823e-09 5.27714e-10 2.1666e-05)
(-3.12689e-09 1.02526e-09 3.4743e-05)
(-5.53622e-09 2.97625e-12 4.47483e-05)
(-1.23621e-09 -1.68289e-09 5.00848e-05)
(-3.97627e-10 -1.367e-09 5.00848e-05)
(3.76931e-09 7.18916e-10 4.47483e-05)
(8.18209e-10 4.00664e-10 3.47434e-05)
(1.80739e-09 -3.01875e-09 2.1667e-05)
(1.02869e-08 8.57896e-09 8.64501e-06)
(-6.57495e-09 1.01067e-08 2.28719e-05)
(-8.19031e-10 -1.37222e-09 5.70449e-05)
(-4.59191e-10 -5.09991e-10 8.29959e-05)
(-2.94766e-10 -9.79643e-10 9.98721e-05)
(9.79929e-10 -3.23167e-09 0.000107882)
(2.55349e-09 -3.24078e-09 0.000107881)
(4.87501e-09 4.77456e-10 9.98712e-05)
(6.039e-09 1.62462e-09 8.29963e-05)
(4.6061e-09 -1.46652e-09 5.7047e-05)
(8.08688e-09 1.08319e-08 2.2873e-05)
(-8.66165e-10 5.29515e-09 3.75048e-05)
(1.02495e-09 -2.43298e-09 8.60483e-05)
(-6.34169e-11 -1.9309e-09 0.000114543)
(2.42437e-09 -2.39165e-09 0.000128145)
(1.37245e-09 -3.13095e-09 0.000133193)
(-5.36646e-10 -3.7331e-09 0.000133193)
(-1.38584e-10 -1.87569e-09 0.000128145)
(3.63489e-09 6.29539e-10 0.000114543)
(2.23083e-09 1.69891e-09 8.60498e-05)
(3.20063e-09 7.67612e-09 3.75056e-05)
(1.70415e-09 4.27919e-09 4.90228e-05)
(5.04967e-09 -2.60602e-09 0.000104706)
(3.33816e-09 -1.04843e-09 0.000129498)
(2.26766e-09 -1.71353e-09 0.000137784)
(6.83479e-10 -1.96504e-09 0.000139985)
(1.83625e-10 -1.74845e-09 0.000139985)
(-2.57439e-09 -1.96076e-09 0.000137784)
(-2.78016e-09 -1.03453e-09 0.000129499)
(-3.21326e-09 -3.9012e-10 0.000104707)
(-4.0818e-10 6.07077e-09 4.90235e-05)
(1.98111e-09 -5.34374e-10 5.53202e-05)
(1.03688e-09 -1.60669e-09 0.000113182)
(-7.01961e-10 3.12646e-10 0.000134661)
(7.54946e-11 -2.89862e-10 0.000140171)
(-8.70841e-11 -1.72308e-10 0.000141241)
(5.51924e-10 1.43654e-10 0.000141241)
(-6.2338e-10 -8.31743e-10 0.000140171)
(3.65003e-11 5.7127e-10 0.000134662)
(-2.16042e-09 -3.90019e-10 0.000113183)
(-1.77827e-09 7.35438e-10 5.53214e-05)
(1.6925e-09 3.06218e-09 5.53207e-05)
(1.26558e-09 4.8236e-10 0.000113182)
(-3.83319e-11 3.54752e-10 0.000134661)
(4.83121e-11 -1.48926e-09 0.000140171)
(-4.10003e-10 -1.0917e-09 0.000141241)
(-4.35437e-10 -1.36028e-09 0.000141241)
(-1.09169e-09 -2.1309e-09 0.000140172)
(-4.9273e-10 7.26505e-11 0.000134662)
(-2.62831e-09 9.58816e-10 0.000113183)
(-1.94447e-09 1.43772e-09 5.53214e-05)
(3.25506e-09 -1.20392e-09 4.90227e-05)
(4.79294e-09 1.25528e-09 0.000104704)
(2.22556e-09 1.80325e-09 0.000129499)
(2.47645e-09 -7.01648e-10 0.000137785)
(8.14847e-10 1.69479e-10 0.000139985)
(1.02323e-09 5.58355e-10 0.000139985)
(-8.40067e-10 4.13407e-10 0.000137784)
(-1.13336e-09 1.85312e-09 0.000129499)
(-3.48907e-09 1.06518e-09 0.000104706)
(-2.102e-09 -3.66907e-09 4.90237e-05)
(1.12498e-09 -3.55831e-09 3.75043e-05)
(2.58101e-09 4.2585e-09 8.60477e-05)
(-1.50154e-09 7.83777e-10 0.000114543)
(1.73373e-09 -8.36534e-10 0.000128146)
(1.62343e-09 2.14422e-10 0.000133193)
(2.50708e-09 1.22698e-09 0.000133193)
(1.50245e-09 -1.60333e-10 0.000128145)
(3.25399e-09 1.38684e-09 0.000114543)
(4.50397e-10 3.34892e-09 8.60479e-05)
(8.19878e-10 -5.22559e-09 3.75052e-05)
(-6.59626e-09 -1.16767e-08 2.28711e-05)
(1.82363e-09 5.06705e-09 5.70457e-05)
(4.6027e-10 6.46164e-10 8.29967e-05)
(2.43372e-10 -1.81305e-09 9.98723e-05)
(4.26146e-10 1.02698e-09 0.000107883)
(2.52275e-10 1.0238e-09 0.000107883)
(1.07469e-09 -1.71464e-09 9.98728e-05)
(-7.45893e-10 4.20521e-09 8.29971e-05)
(-3.24822e-09 7.61651e-09 5.7046e-05)
(5.29815e-09 -9.2194e-09 2.28714e-05)
(-1.73712e-08 -1.3756e-08 8.64475e-06)
(-7.24415e-09 -4.99966e-10 2.16672e-05)
(-1.08992e-09 -5.04744e-10 3.47437e-05)
(-4.96485e-09 -1.12371e-09 4.47485e-05)
(-2.67448e-09 1.18244e-09 5.0085e-05)
(-3.62852e-09 1.34635e-09 5.0085e-05)
(-3.89344e-10 6.02316e-10 4.47488e-05)
(-4.98207e-09 4.05969e-09 3.47437e-05)
(1.98069e-09 3.15495e-09 2.1667e-05)
(1.70691e-08 -1.22326e-08 8.64461e-06)
(-9.53752e-09 7.6351e-09 8.64475e-06)
(-1.69775e-09 -1.06825e-09 2.16667e-05)
(-3.56394e-09 2.10483e-09 3.47436e-05)
(-6.76231e-09 -2.2147e-10 4.47489e-05)
(-1.35898e-10 -1.98614e-09 5.0085e-05)
(-1.20134e-09 -2.49037e-09 5.00854e-05)
(3.76815e-09 -8.41696e-10 4.47492e-05)
(1.07379e-09 8.20472e-10 3.47443e-05)
(2.00175e-09 -1.5162e-09 2.16672e-05)
(1.06039e-08 8.5234e-09 8.64478e-06)
(-9.88131e-09 1.18997e-08 2.28709e-05)
(-7.19992e-10 -3.31458e-09 5.70449e-05)
(7.52276e-10 1.28857e-09 8.29964e-05)
(2.12489e-10 -1.08262e-09 9.98734e-05)
(-3.89672e-10 -3.25924e-09 0.000107883)
(-3.40143e-09 -3.20878e-09 0.000107883)
(-5.26084e-09 -2.70407e-09 9.9873e-05)
(-6.77549e-09 -1.02578e-09 8.29968e-05)
(-4.50583e-09 -6.10399e-09 5.7045e-05)
(6.90886e-09 9.75823e-09 2.28707e-05)
(-2.6756e-09 8.15378e-09 3.75037e-05)
(-1.09487e-10 -2.22632e-09 8.60474e-05)
(-1.1785e-09 2.37204e-10 0.000114543)
(1.42315e-09 -1.41085e-09 0.000128146)
(-5.04939e-10 -1.42617e-09 0.000133194)
(-2.35489e-09 -8.21597e-10 0.000133194)
(-4.86431e-09 -2.17237e-09 0.000128145)
(-3.44125e-09 -6.77308e-10 0.000114543)
(-5.99899e-09 -6.54666e-09 8.60475e-05)
(-1.10769e-09 4.33221e-09 3.75036e-05)
(7.2792e-10 5.23418e-09 4.9022e-05)
(2.10597e-09 4.54205e-10 0.000104705)
(1.55081e-09 1.42208e-10 0.000129498)
(1.95807e-09 -1.35503e-09 0.000137785)
(-7.18231e-10 -1.43514e-09 0.000139985)
(1.77762e-10 -1.05732e-09 0.000139985)
(-7.87144e-10 -1.84892e-09 0.000137784)
(7.8409e-10 -1.0832e-09 0.000129498)
(4.85919e-10 -1.98886e-09 0.000104706)
(7.72149e-10 5.36424e-09 4.90226e-05)
(2.13241e-09 1.95542e-09 5.53206e-05)
(3.67893e-09 -2.18721e-09 0.000113182)
(2.62616e-09 -3.22135e-10 0.000134661)
(1.26798e-09 3.6501e-11 0.000140171)
(-8.16126e-10 -3.49544e-10 0.000141241)
(1.38455e-10 3.44626e-12 0.000141241)
(-9.02255e-10 -1.19456e-09 0.000140172)
(-1.01526e-09 -1.06935e-09 0.000134661)
(-1.75764e-09 -1.39779e-09 0.000113183)
(-8.66893e-10 5.02974e-09 5.53207e-05)
(1.55161e-09 3.45468e-11 5.53207e-05)
(2.69941e-09 -1.61878e-09 0.000113182)
(2.46852e-09 1.45267e-10 0.000134661)
(1.24863e-09 6.97319e-10 0.000140172)
(-2.87128e-10 -5.62659e-10 0.00014124)
(4.72209e-10 -3.08559e-10 0.000141241)
(-8.92732e-10 -2.58006e-10 0.000140172)
(-1.00158e-09 -1.22003e-09 0.000134661)
(-2.998e-10 -1.15919e-09 0.000113183)
(-5.73527e-10 4.5892e-09 5.5321e-05)
(1.80526e-11 -3.72677e-09 4.90232e-05)
(1.17316e-09 -5.20379e-09 0.000104705)
(1.39546e-09 -3.43234e-11 0.000129498)
(3.01109e-10 3.04214e-09 0.000137784)
(-7.63421e-10 3.47905e-10 0.000139985)
(-2.75362e-11 -7.01674e-12 0.000139985)
(-1.27373e-09 1.1437e-09 0.000137784)
(2.15545e-10 -1.27039e-09 0.000129498)
(-4.27559e-12 -2.42302e-09 0.000104706)
(-2.51196e-09 6.34572e-09 4.90233e-05)
(2.5267e-10 -5.35909e-09 3.75037e-05)
(-3.49767e-10 -5.38924e-09 8.60474e-05)
(-1.84445e-09 1.60749e-09 0.000114543)
(3.20008e-11 3.18303e-09 0.000128146)
(-1.05783e-09 7.58281e-10 0.000133194)
(-2.77526e-09 1.72332e-11 0.000133194)
(-5.46999e-09 6.03974e-10 0.000128145)
(-6.0226e-09 1.00994e-09 0.000114542)
(-1.0813e-08 2.40996e-10 8.60465e-05)
(-8.60754e-09 5.70618e-09 3.7504e-05)
(-6.82879e-09 -9.86683e-09 2.28707e-05)
(-4.13291e-09 -2.51768e-09 5.70443e-05)
(2.56305e-10 2.87655e-09 8.29961e-05)
(1.73152e-09 1.75077e-09 9.98728e-05)
(-2.95295e-10 1.29772e-09 0.000107883)
(-2.67307e-10 1.19756e-09 0.000107883)
(-2.30709e-09 1.81176e-09 9.98728e-05)
(-2.28405e-09 2.89521e-09 8.29958e-05)
(-1.7516e-09 -5.06155e-10 5.7044e-05)
(1.71113e-09 -6.10989e-09 2.28707e-05)
(-1.13868e-08 -7.84007e-09 8.64449e-06)
(-1.03142e-08 -3.35566e-09 2.16668e-05)
(-4.09311e-09 -1.42058e-09 3.47437e-05)
(-2.1454e-09 1.09127e-10 4.47486e-05)
(-1.057e-09 1.0315e-09 5.00848e-05)
(-7.05346e-10 1.30874e-09 5.00849e-05)
(1.54105e-09 1.85634e-09 4.4749e-05)
(3.16471e-09 4.60292e-10 3.47435e-05)
(8.74862e-09 -2.92175e-09 2.16669e-05)
(1.26809e-08 -9.96395e-09 8.64445e-06)
(-1.65842e-08 1.17249e-08 8.64456e-06)
(-6.51104e-09 -3.54596e-10 2.16676e-05)
(-1.88654e-09 1.31831e-09 3.47441e-05)
(-7.04158e-09 -2.55979e-10 4.47494e-05)
(-1.45818e-09 -1.92363e-09 5.00852e-05)
(5.99985e-10 -2.58597e-09 5.00855e-05)
(4.88828e-09 7.45988e-11 4.47494e-05)
(3.5337e-09 7.24147e-10 3.47437e-05)
(1.01131e-08 2.06705e-09 2.16668e-05)
(2.10235e-08 1.5908e-08 8.6444e-06)
(-7.82815e-09 1.19381e-08 2.28701e-05)
(-2.36436e-09 7.23412e-11 5.7044e-05)
(-2.1147e-09 -4.27675e-11 8.29966e-05)
(-4.34633e-10 -1.95641e-09 9.98744e-05)
(1.0705e-09 -4.10241e-09 0.000107884)
(1.33681e-09 -4.57009e-09 0.000107885)
(4.15266e-09 -1.29852e-09 9.98745e-05)
(7.06387e-09 9.27968e-10 8.29963e-05)
(7.56425e-09 2.51981e-09 5.70429e-05)
(1.04629e-08 1.44224e-08 2.28695e-05)
(-2.66033e-09 9.01502e-09 3.75027e-05)
(1.18823e-10 -6.721e-11 8.60458e-05)
(3.88645e-10 -2.61873e-09 0.000114543)
(2.89868e-09 -3.43035e-09 0.000128146)
(1.62811e-09 -4.36968e-09 0.000133194)
(3.84995e-10 -4.16204e-09 0.000133195)
(1.47956e-10 -3.16897e-09 0.000128147)
(2.51333e-09 1.83426e-10 0.000114543)
(1.22375e-09 1.93138e-09 8.6045e-05)
(3.39311e-09 9.2874e-09 3.7502e-05)
(9.38415e-10 7.02791e-09 4.90228e-05)
(4.24621e-09 -8.14453e-10 0.000104705)
(3.03553e-09 -1.09949e-09 0.000129498)
(2.38683e-09 -2.49013e-09 0.000137784)
(5.44327e-10 -2.36762e-09 0.000139986)
(-8.43305e-10 -2.57481e-09 0.000139986)
(-3.3139e-09 -1.95685e-09 0.000137784)
(-3.64777e-09 -8.49512e-10 0.000129497)
(-5.19626e-09 -2.8859e-10 0.000104704)
(-9.37589e-10 6.90312e-09 4.90215e-05)
(1.41423e-09 1.00037e-09 5.53213e-05)
(1.37616e-09 -7.35868e-10 0.000113183)
(4.08055e-10 6.22335e-10 0.000134661)
(6.91761e-10 2.49721e-10 0.000140171)
(-1.3356e-10 3.51327e-11 0.000141241)
(-1.50732e-10 9.12965e-11 0.000141241)
(-1.43933e-09 7.8293e-12 0.000140172)
(-1.06492e-09 4.26702e-10 0.000134661)
(-2.00332e-09 9.36372e-12 0.000113182)
(-1.07857e-09 1.79835e-09 5.53199e-05)
(1.46565e-09 3.09213e-09 5.53215e-05)
(1.37579e-09 4.97322e-10 0.000113184)
(1.09344e-09 3.92019e-10 0.000134662)
(9.01881e-10 -5.17213e-10 0.000140171)
(-3.01303e-10 -1.0028e-09 0.000141241)
(-1.02657e-10 -9.24217e-10 0.000141241)
(-9.26983e-10 -8.0777e-10 0.000140172)
(-3.84567e-10 1.02388e-09 0.000134661)
(-1.51035e-09 6.42089e-10 0.000113182)
(-1.25817e-09 2.07578e-09 5.532e-05)
(2.83385e-09 -1.85892e-09 4.90235e-05)
(4.59469e-09 1.02114e-10 0.000104707)
(2.38335e-09 1.38932e-09 0.000129498)
(2.44512e-09 6.77653e-10 0.000137784)
(6.60632e-10 9.96446e-10 0.000139986)
(-1.88407e-11 7.59314e-10 0.000139986)
(-1.66377e-09 7.94733e-10 0.000137784)
(-1.45668e-09 2.09258e-09 0.000129498)
(-2.80883e-09 5.11995e-10 0.000104706)
(-1.68838e-09 -2.05059e-09 4.90221e-05)
(7.53659e-10 -5.0151e-09 3.75041e-05)
(1.49827e-09 3.34689e-09 8.6048e-05)
(-3.06642e-09 2.02808e-09 0.000114543)
(-4.61943e-10 2.76609e-10 0.000128146)
(-3.68792e-10 1.60218e-09 0.000133194)
(4.50892e-10 1.16461e-09 0.000133194)
(-5.42127e-10 1.55913e-10 0.000128146)
(2.79216e-09 -6.93924e-11 0.000114543)
(-2.42321e-10 2.50147e-09 8.6047e-05)
(-8.82907e-11 -4.11835e-09 3.75027e-05)
(-6.40181e-09 -1.09744e-08 2.28717e-05)
(2.5905e-09 5.36065e-09 5.70441e-05)
(6.90134e-10 1.89177e-09 8.29949e-05)
(7.21802e-10 -1.75808e-09 9.98721e-05)
(1.4814e-09 1.40024e-09 0.000107883)
(2.03231e-09 1.4284e-09 0.000107883)
(3.04872e-09 -8.72668e-10 9.98729e-05)
(4.32663e-10 3.0204e-09 8.29953e-05)
(-2.39899e-09 5.32009e-09 5.70434e-05)
(4.84762e-09 -9.75322e-09 2.28708e-05)
(-1.51704e-08 -1.13249e-08 8.64439e-06)
(-4.44327e-09 7.77495e-10 2.16663e-05)
(9.76552e-10 -1.25117e-10 3.47435e-05)
(-4.03071e-09 -1.17372e-09 4.47484e-05)
(-1.53494e-09 8.94615e-10 5.00846e-05)
(-1.66154e-09 1.40016e-09 5.00849e-05)
(3.29178e-10 7.25047e-10 4.4748e-05)
(-2.78765e-09 3.16029e-09 3.47428e-05)
(4.47897e-09 1.48675e-09 2.16661e-05)
(1.50518e-08 -1.12458e-08 8.64422e-06)
(-1.7551e-08 1.33499e-08 8.64461e-06)
(-1.02276e-08 2.22775e-09 2.16665e-05)
(-5.9875e-09 3.0002e-09 3.47434e-05)
(-8.4079e-09 5.01601e-10 4.4748e-05)
(-2.71995e-09 -2.19917e-09 5.00846e-05)
(-1.77794e-09 -2.2305e-09 5.00845e-05)
(2.22959e-09 -1.22149e-09 4.47479e-05)
(9.20895e-10 -8.35913e-10 3.47428e-05)
(4.60326e-09 -1.92333e-09 2.16661e-05)
(1.18771e-08 8.18724e-09 8.64425e-06)
(-1.04997e-08 1.52242e-08 2.28716e-05)
(-6.44325e-09 3.13442e-09 5.7045e-05)
(-6.22627e-09 3.34976e-09 8.29964e-05)
(-2.6208e-09 -1.44327e-09 9.98732e-05)
(2.02154e-10 -5.48682e-09 0.000107883)
(8.68636e-10 -4.93653e-09 0.000107884)
(3.49005e-09 -9.5989e-10 9.98727e-05)
(5.87305e-09 -2.31228e-10 8.29956e-05)
(3.50963e-09 -9.23588e-10 5.7044e-05)
(6.49545e-09 1.05177e-08 2.28709e-05)
(-1.5878e-09 8.41729e-09 3.75043e-05)
(4.53142e-10 2.49296e-09 8.60472e-05)
(-1.1504e-09 5.8744e-10 0.000114543)
(1.1528e-09 -3.93524e-09 0.000128146)
(6.2425e-10 -5.16451e-09 0.000133194)
(3.16338e-10 -4.74312e-09 0.000133194)
(-2.49344e-10 -2.98528e-09 0.000128146)
(2.2539e-09 -8.52207e-10 0.000114543)
(1.93386e-09 1.38644e-09 8.60475e-05)
(3.30646e-09 8.74141e-09 3.7504e-05)
(1.6041e-09 6.17099e-09 4.90233e-05)
(5.03629e-09 9.21541e-10 0.000104705)
(3.7265e-09 8.6635e-10 0.000129498)
(4.10484e-09 -2.48673e-09 0.000137784)
(1.1682e-09 -3.20078e-09 0.000139986)
(-2.26294e-10 -1.9511e-09 0.000139986)
(-2.40005e-09 -2.90569e-09 0.000137784)
(-3.16624e-09 -1.53848e-09 0.000129498)
(-3.68703e-09 -9.15143e-12 0.000104705)
(-5.21286e-10 6.82804e-09 4.90229e-05)
(1.49784e-09 2.04306e-10 5.53208e-05)
(1.6221e-09 -8.64636e-10 0.000113183)
(1.20835e-09 1.90489e-09 0.000134661)
(1.64025e-09 -5.6154e-10 0.000140171)
(1.93059e-10 -2.84882e-10 0.000141241)
(4.32339e-10 1.63248e-10 0.000141241)
(-1.08765e-09 -2.91851e-10 0.000140171)
(-1.0389e-09 1.1157e-09 0.000134661)
(-2.5564e-09 -4.71996e-11 0.000113183)
(-1.77152e-09 1.03233e-09 5.53206e-05)
(1.27796e-09 2.52251e-09 5.53208e-05)
(1.6116e-09 3.78419e-10 0.000113183)
(8.47712e-10 4.86494e-10 0.000134662)
(1.06875e-09 -1.75206e-09 0.000140171)
(-2.45979e-10 -4.42045e-10 0.000141241)
(-3.06425e-10 -9.44551e-10 0.000141241)
(-4.95619e-10 -1.57661e-09 0.000140172)
(-1.20919e-09 1.36515e-09 0.000134661)
(-2.62842e-09 7.38329e-10 0.000113182)
(-1.63108e-09 1.64907e-09 5.53205e-05)
(2.76979e-09 -2.40781e-09 4.90225e-05)
(4.43871e-09 5.48698e-10 0.000104706)
(2.37887e-09 1.15546e-09 0.000129498)
(3.52615e-09 -8.25917e-12 0.000137785)
(1.18655e-09 3.14998e-10 0.000139986)
(6.72471e-10 1.00025e-09 0.000139986)
(-1.31161e-09 8.20733e-10 0.000137784)
(-1.05466e-09 3.22849e-09 0.000129498)
(-2.5952e-09 7.70634e-10 0.000104706)
(-2.03955e-09 -3.11302e-09 4.90226e-05)
(1.24739e-09 -4.05006e-09 3.7504e-05)
(2.18806e-09 4.07282e-09 8.60478e-05)
(-1.9926e-09 5.26731e-10 0.000114543)
(2.3123e-09 -9.12081e-10 0.000128146)
(1.60867e-09 1.63761e-09 0.000133194)
(1.52356e-09 1.71942e-09 0.000133194)
(8.91541e-10 1.4068e-10 0.000128146)
(3.90669e-09 1.32201e-09 0.000114543)
(-9.58883e-11 2.29236e-09 8.60471e-05)
(-7.20177e-10 -4.82497e-09 3.75037e-05)
(-6.21435e-09 -9.90137e-09 2.28715e-05)
(2.99041e-09 7.32567e-09 5.70455e-05)
(6.85827e-10 3.40842e-10 8.29957e-05)
(4.47295e-10 -2.77522e-09 9.98722e-05)
(9.21852e-10 1.97605e-09 0.000107883)
(4.65389e-10 1.90588e-09 0.000107883)
(1.11269e-09 -1.94939e-09 9.98727e-05)
(-1.36758e-09 4.03528e-09 8.29961e-05)
(-2.48814e-09 7.27258e-09 5.70445e-05)
(5.61744e-09 -8.89954e-09 2.28713e-05)
(-1.43892e-08 -1.11372e-08 8.64458e-06)
(-2.2383e-09 2.27363e-09 2.1667e-05)
(-2.15944e-10 -6.37566e-10 3.47437e-05)
(-5.521e-09 -1.68946e-09 4.47486e-05)
(-9.39189e-10 8.22463e-10 5.00848e-05)
(-2.15403e-09 1.17779e-09 5.00846e-05)
(-1.04621e-09 1.97851e-10 4.47482e-05)
(-5.07789e-09 3.96642e-09 3.47433e-05)
(-5.22704e-10 4.45638e-09 2.16666e-05)
(1.28643e-08 -1.03248e-08 8.64445e-06)
(-1.93553e-08 1.46679e-08 8.64498e-06)
(-5.06294e-09 4.04718e-11 2.16672e-05)
(-2.79738e-09 2.25056e-09 3.47434e-05)
(-7.76935e-09 2.09549e-09 4.47484e-05)
(-1.60679e-09 -1.27215e-09 5.00845e-05)
(-2.43897e-09 -1.6691e-09 5.00845e-05)
(1.73181e-09 -6.35011e-10 4.47486e-05)
(-4.21791e-10 -9.47346e-10 3.47434e-05)
(2.52906e-09 -2.91558e-09 2.16672e-05)
(1.51153e-08 1.11379e-08 8.64491e-06)
(-6.24913e-09 1.04012e-08 2.28722e-05)
(-2.15711e-09 -5.01431e-10 5.70455e-05)
(-2.57081e-09 1.01964e-09 8.29964e-05)
(-6.78225e-10 1.94031e-10 9.9873e-05)
(7.03404e-10 -3.28395e-09 0.000107883)
(1.73983e-09 -3.75524e-09 0.000107883)
(4.03943e-09 1.08008e-10 9.98735e-05)
(4.86069e-09 8.12829e-11 8.29965e-05)
(2.05666e-09 -2.27464e-09 5.70449e-05)
(5.89943e-09 9.92406e-09 2.28715e-05)
(-1.92055e-09 6.94545e-09 3.75048e-05)
(-8.78196e-10 5.11706e-10 8.60485e-05)
(-1.62003e-09 -1.05825e-09 0.000114543)
(2.03557e-09 -3.67626e-09 0.000128145)
(9.71843e-10 -4.17708e-09 0.000133194)
(-3.56759e-10 -3.90788e-09 0.000133194)
(8.90667e-10 -2.24329e-09 0.000128145)
(2.79652e-09 -4.93197e-10 0.000114543)
(1.06597e-09 5.64762e-10 8.60477e-05)
(3.30576e-09 8.6451e-09 3.75046e-05)
(1.35405e-09 5.46166e-09 4.90235e-05)
(5.18133e-09 -1.93255e-10 0.000104706)
(4.53528e-09 -6.98465e-10 0.000129498)
(3.03683e-09 -2.57197e-09 0.000137784)
(2.96604e-10 -2.62358e-09 0.000139985)
(-8.79719e-10 -2.45957e-09 0.000139985)
(-2.73011e-09 -2.53746e-09 0.000137783)
(-2.91068e-09 -1.63757e-09 0.000129498)
(-3.84921e-09 -3.12961e-10 0.000104706)
(-4.68588e-10 6.25464e-09 4.90229e-05)
(1.58e-09 -6.95852e-10 5.53207e-05)
(1.80318e-09 -9.38649e-10 0.000113182)
(9.18205e-10 1.13525e-09 0.000134662)
(1.05907e-09 -5.86867e-10 0.000140171)
(-3.3581e-11 -4.3211e-10 0.000141241)
(7.21118e-12 -4.76895e-10 0.000141241)
(-1.0785e-09 -5.56934e-10 0.000140171)
(-1.02153e-09 5.7441e-10 0.000134661)
(-3.08858e-09 -2.89444e-10 0.000113182)
(-2.05447e-09 -1.53285e-10 5.53209e-05)
(1.16174e-09 2.61667e-09 5.53209e-05)
(1.93653e-09 2.03697e-10 0.000113183)
(1.13806e-09 1.95464e-10 0.000134662)
(8.04884e-10 -4.79463e-10 0.000140172)
(3.06006e-10 -9.41405e-10 0.000141241)
(-3.76903e-10 -7.03866e-10 0.000141241)
(-1.00066e-09 -1.46008e-09 0.000140171)
(-7.50313e-10 1.03235e-11 0.000134661)
(-1.93445e-09 3.56874e-10 0.000113182)
(-1.1368e-09 1.16786e-09 5.53211e-05)
(2.63466e-09 -2.32012e-09 4.90226e-05)
(3.2891e-09 -1.00099e-09 0.000104705)
(1.60143e-09 9.02425e-10 0.000129499)
(2.41407e-09 1.45989e-09 0.000137784)
(4.20602e-10 9.80708e-10 0.000139986)
(3.16599e-10 1.21196e-09 0.000139985)
(-2.18612e-09 9.72141e-10 0.000137784)
(-8.35743e-10 2.10056e-09 0.000129498)
(-2.3682e-09 1.13535e-10 0.000104705)
(-2.08215e-09 -3.57736e-09 4.90227e-05)
(6.8402e-10 -4.58602e-09 3.75032e-05)
(8.05418e-10 1.36799e-09 8.60475e-05)
(-2.53263e-09 2.25624e-10 0.000114543)
(1.07201e-09 4.97633e-10 0.000128146)
(8.10631e-10 1.1607e-09 0.000133194)
(9.91565e-10 2.11483e-09 0.000133194)
(-2.58526e-10 4.43421e-10 0.000128146)
(3.82662e-09 2.72167e-10 0.000114543)
(6.07441e-10 1.70238e-09 8.6047e-05)
(-1.94514e-10 -5.28464e-09 3.75041e-05)
(-5.34006e-09 -1.04596e-08 2.28706e-05)
(1.71837e-09 3.62573e-09 5.70443e-05)
(1.23462e-09 1.06246e-09 8.29962e-05)
(6.47601e-10 -1.00053e-09 9.98727e-05)
(5.8028e-10 1.14423e-09 0.000107882)
(7.44994e-10 1.43063e-09 0.000107883)
(1.45835e-09 -1.78475e-09 9.98737e-05)
(1.24038e-10 1.41887e-09 8.29965e-05)
(-2.04866e-09 6.4174e-09 5.70446e-05)
(6.17469e-09 -9.57175e-09 2.2871e-05)
(-1.73145e-08 -1.30382e-08 8.64477e-06)
(-7.9313e-09 -1.27475e-09 2.1667e-05)
(-6.94652e-10 7.76092e-10 3.47435e-05)
(-5.24292e-09 -6.73582e-10 4.47489e-05)
(-1.94213e-09 9.5324e-10 5.00849e-05)
(-1.59939e-09 6.15421e-10 5.00848e-05)
(1.15553e-09 -3.93285e-10 4.4749e-05)
(-3.42817e-09 1.87942e-09 3.47438e-05)
(2.08447e-09 2.96381e-09 2.1667e-05)
(1.59666e-08 -1.23864e-08 8.64458e-06)
(-1.26608e-08 9.70186e-09 8.64457e-06)
(-6.74226e-09 4.93617e-10 2.16668e-05)
(-5.36964e-09 3.09669e-09 3.47417e-05)
(-6.96175e-09 3.63936e-10 4.4747e-05)
(-1.38446e-09 -1.8702e-09 5.00832e-05)
(6.26005e-10 -1.72382e-09 5.00833e-05)
(3.47347e-09 -2.10661e-10 4.47472e-05)
(4.34545e-09 1.95823e-09 3.47418e-05)
(7.97111e-09 -8.14659e-11 2.1667e-05)
(1.23001e-08 8.372e-09 8.64508e-06)
(-7.12647e-09 1.00866e-08 2.28712e-05)
(-3.27991e-09 2.50002e-10 5.70456e-05)
(-3.10954e-09 2.9776e-09 8.29956e-05)
(1.28067e-10 -1.97254e-09 9.98715e-05)
(1.59362e-09 -4.30657e-09 0.000107882)
(3.261e-09 -3.99662e-09 0.000107882)
(5.93147e-09 -4.58481e-10 9.98722e-05)
(8.73445e-09 3.16926e-09 8.29964e-05)
(6.8828e-09 1.95298e-09 5.70465e-05)
(8.78423e-09 1.21688e-08 2.28723e-05)
(-2.1504e-09 6.5359e-09 3.75048e-05)
(-3.39144e-10 9.92822e-10 8.60489e-05)
(-1.47425e-09 1.52076e-10 0.000114544)
(1.07556e-09 -3.17e-09 0.000128145)
(1.12432e-09 -4.03614e-09 0.000133192)
(1.96356e-10 -3.74793e-09 0.000133193)
(1.10037e-10 -3.11753e-09 0.000128145)
(2.57202e-09 1.05439e-09 0.000114542)
(2.02256e-09 3.51325e-09 8.60486e-05)
(4.00233e-09 9.49133e-09 3.75056e-05)
(2.20217e-09 3.69503e-09 4.90222e-05)
(5.17683e-09 1.20585e-10 0.000104706)
(3.80373e-09 4.03974e-10 0.000129499)
(3.18662e-09 -2.17711e-09 0.000137784)
(8.48706e-10 -1.87294e-09 0.000139985)
(-6.97069e-10 -1.96227e-09 0.000139985)
(-2.92239e-09 -2.49195e-09 0.000137784)
(-3.88454e-09 -2.20791e-10 0.000129499)
(-5.28405e-09 9.28826e-10 0.000104706)
(-1.08027e-09 5.84896e-09 4.90231e-05)
(1.24112e-09 -5.55523e-10 5.532e-05)
(1.58051e-09 -4.34383e-10 0.000113182)
(3.23492e-10 1.46262e-09 0.000134662)
(3.86524e-10 -7.39768e-10 0.000140171)
(-3.10848e-10 5.74659e-10 0.000141241)
(-5.02482e-10 2.14152e-10 0.000141241)
(-9.54985e-10 4.6945e-11 0.000140172)
(-1.37857e-09 1.27682e-09 0.000134662)
(-3.21921e-09 7.63713e-10 0.000113183)
(-1.48059e-09 1.55608e-09 5.53214e-05)
(1.06983e-09 2.70639e-09 5.53208e-05)
(1.78469e-09 7.09758e-10 0.000113182)
(6.35438e-10 3.99914e-11 0.000134662)
(2.27578e-10 -1.43459e-09 0.000140172)
(1.32296e-10 -6.96473e-10 0.000141241)
(-2.10769e-10 -7.82131e-10 0.000141241)
(-1.18053e-09 -1.62612e-09 0.000140172)
(-2.49905e-09 1.05435e-09 0.000134663)
(-3.66646e-09 6.97793e-10 0.000113183)
(-1.40335e-09 1.23057e-09 5.53213e-05)
(2.71201e-09 -2.57484e-09 4.90225e-05)
(4.47299e-09 2.18492e-10 0.000104705)
(1.14341e-09 7.93079e-10 0.0001295)
(1.89443e-09 5.89915e-10 0.000137785)
(1.36876e-09 1.08015e-09 0.000139986)
(1.24637e-10 1.16501e-09 0.000139986)
(-2.04777e-09 4.9696e-10 0.000137785)
(-2.28767e-09 2.16394e-09 0.0001295)
(-4.26948e-09 -1.14108e-10 0.000104706)
(-2.06076e-09 -3.44979e-09 4.90235e-05)
(1.58772e-10 -3.46019e-09 3.75051e-05)
(3.54924e-10 3.06677e-09 8.60484e-05)
(-3.05222e-09 -5.37284e-10 0.000114543)
(-2.19078e-10 -7.38231e-11 0.000128146)
(-3.64991e-10 1.49444e-09 0.000133193)
(2.34616e-10 2.07135e-09 0.000133194)
(-2.33462e-10 3.25696e-10 0.000128146)
(4.52618e-09 -1.10263e-09 0.000114544)
(1.93771e-09 -1.23617e-10 8.60487e-05)
(1.20048e-09 -5.66006e-09 3.7506e-05)
(-4.69408e-09 -7.90956e-09 2.28714e-05)
(1.91097e-09 4.8839e-09 5.70446e-05)
(1.32242e-09 -1.43929e-10 8.29961e-05)
(7.97238e-10 -2.92924e-09 9.98723e-05)
(1.22023e-09 1.57352e-09 0.000107882)
(2.28187e-09 1.46454e-09 0.000107882)
(3.07147e-09 -1.22896e-09 9.98728e-05)
(3.63367e-09 -9.56264e-10 8.29959e-05)
(1.20988e-09 2.85351e-09 5.70449e-05)
(5.91683e-09 -9.634e-09 2.28712e-05)
(-1.44619e-08 -1.0586e-08 8.64468e-06)
(-4.51278e-09 1.47192e-10 2.16666e-05)
(1.45999e-09 2.13977e-11 3.4742e-05)
(-4.43121e-09 -1.91942e-09 4.47474e-05)
(-1.81812e-09 1.42525e-09 5.00836e-05)
(-5.4673e-10 8.65829e-10 5.00836e-05)
(5.76873e-10 1.8205e-10 4.47471e-05)
(-1.39139e-09 7.37667e-10 3.47414e-05)
(3.38429e-09 1.57878e-09 2.16662e-05)
(9.55379e-09 -7.345e-09 8.64442e-06)
(1.42704e-08 -1.16846e-08 8.64435e-06)
(1.70119e-08 -1.03629e-08 2.16662e-05)
(1.38951e-08 -2.29244e-09 3.4743e-05)
(6.29206e-09 4.12757e-09 4.4748e-05)
(1.11877e-09 1.66565e-09 5.00845e-05)
(-1.42095e-09 2.05718e-09 5.00839e-05)
(-6.82141e-09 3.38526e-09 4.47481e-05)
(-1.3421e-08 -2.33184e-09 3.47435e-05)
(-1.61091e-08 -1.07294e-08 2.16667e-05)
(-9.79774e-09 -8.50779e-09 8.64413e-06)
(-2.94492e-10 -4.38608e-09 2.28705e-05)
(-4.62592e-09 -7.37928e-09 5.70447e-05)
(-1.02273e-09 -3.54474e-09 8.29959e-05)
(3.76829e-10 5.67833e-09 9.98717e-05)
(-4.88616e-10 3.41646e-09 0.000107882)
(-1.4335e-09 3.89913e-09 0.000107882)
(-2.38618e-09 4.53676e-09 9.9872e-05)
(-3.83054e-10 -4.93527e-09 8.29962e-05)
(3.58153e-09 -9.21171e-09 5.7045e-05)
(1.04428e-09 -3.91162e-09 2.28708e-05)
(-5.98668e-09 1.03538e-08 3.75037e-05)
(-7.84098e-09 7.7281e-10 8.60475e-05)
(-5.79181e-09 -8.23729e-09 0.000114543)
(-1.81409e-09 -1.80859e-09 0.000128145)
(6.34391e-10 1.27617e-10 0.000133193)
(1.84449e-11 8.73277e-10 0.000133193)
(1.89968e-09 -1.90787e-09 0.000128146)
(3.63319e-09 -8.8933e-09 0.000114543)
(5.49983e-09 -1.39702e-09 8.60482e-05)
(5.15529e-09 8.48229e-09 3.75038e-05)
(-1.7896e-12 6.62294e-09 4.90225e-05)
(2.5321e-09 3.64611e-10 0.000104705)
(1.21146e-09 -5.82957e-09 0.000129499)
(-3.39396e-10 -2.42943e-09 0.000137784)
(-1.87715e-10 -8.69738e-10 0.000139985)
(4.19218e-10 1.08594e-10 0.000139986)
(-1.36171e-11 -2.39005e-09 0.000137785)
(-2.20247e-09 -6.0612e-09 0.000129499)
(-2.69855e-09 -1.93268e-09 0.000104706)
(7.73109e-10 5.13999e-09 4.90229e-05)
(7.99346e-10 3.44195e-09 5.53207e-05)
(3.64607e-09 -5.20211e-10 0.000113182)
(2.25539e-09 -2.22327e-09 0.000134662)
(1.46715e-10 -1.07591e-09 0.000140172)
(1.40099e-10 6.71642e-10 0.000141241)
(-4.94821e-10 2.68521e-10 0.000141241)
(-4.89069e-10 -1.05637e-09 0.000140171)
(-2.42396e-09 -2.31331e-09 0.000134661)
(-3.64519e-09 -1.6211e-09 0.000113182)
(-3.97777e-10 3.40919e-09 5.5321e-05)
(1.82774e-10 1.30406e-10 5.53208e-05)
(2.65312e-09 -2.17344e-09 0.000113183)
(2.36185e-09 -3.59978e-10 0.000134661)
(8.78481e-11 -1.07288e-09 0.000140172)
(2.3715e-10 3.74794e-10 0.000141241)
(-3.57275e-11 -1.86788e-10 0.000141241)
(8.08706e-10 1.6667e-10 0.000140171)
(-1.29846e-09 4.49293e-10 0.000134662)
(-3.01126e-09 -2.95308e-09 0.000113183)
(-6.47291e-10 4.90725e-10 5.53205e-05)
(4.22905e-10 -8.72835e-10 4.90228e-05)
(4.21235e-10 -4.26321e-09 0.000104706)
(-5.50569e-10 2.78498e-09 0.000129499)
(-5.53871e-10 -6.41841e-10 0.000137785)
(3.73558e-10 2.9151e-10 0.000139985)
(8.92382e-10 1.05285e-09 0.000139986)
(2.00081e-09 1.59627e-09 0.000137785)
(1.87419e-09 3.74341e-09 0.000129499)
(8.59419e-10 -3.42282e-09 0.000104706)
(-5.37728e-10 1.12325e-09 4.90231e-05)
(-8.24279e-10 -5.63848e-09 3.75039e-05)
(-3.9405e-09 -2.9236e-09 8.60478e-05)
(-5.07092e-09 7.03832e-09 0.000114543)
(-3.17084e-09 -1.58718e-09 0.000128146)
(-5.17215e-10 -1.39943e-09 0.000133194)
(2.5415e-10 -1.04111e-09 0.000133194)
(1.73911e-09 -3.55747e-10 0.000128146)
(4.82444e-09 6.3388e-09 0.000114544)
(3.54178e-09 3.6192e-10 8.60482e-05)
(-1.30094e-09 9.10092e-10 3.75041e-05)
(3.27109e-10 3.35124e-09 2.28709e-05)
(-4.40423e-09 4.56466e-09 5.70447e-05)
(-2.98647e-09 4.3894e-09 8.29961e-05)
(-1.41639e-09 -5.96404e-09 9.98721e-05)
(-1.73395e-09 -3.93113e-09 0.000107882)
(-1.59168e-09 -4.03899e-09 0.000107883)
(-2.12441e-09 -5.86959e-09 9.98724e-05)
(-1.73909e-09 3.38234e-09 8.2997e-05)
(-2.71342e-09 8.81007e-09 5.70455e-05)
(-7.25165e-09 1.16751e-08 2.28714e-05)
(1.21005e-08 9.74704e-09 8.64428e-06)
(1.4786e-08 8.2911e-09 2.16667e-05)
(1.2809e-08 3.01628e-09 3.47433e-05)
(4.56422e-09 -2.94976e-09 4.47481e-05)
(-2.39253e-10 -1.50311e-09 5.00845e-05)
(-5.8272e-10 -1.54857e-09 5.00843e-05)
(-7.21144e-09 -2.53642e-09 4.47481e-05)
(-1.50808e-08 3.29846e-09 3.47438e-05)
(-1.90315e-08 1.02916e-08 2.1667e-05)
(-1.73822e-08 1.42651e-08 8.64456e-06)
(-1.26499e-08 9.70327e-09 8.64443e-06)
(-7.55254e-09 7.46977e-10 2.16668e-05)
(-4.61757e-09 2.66763e-09 3.4745e-05)
(-6.28088e-09 1.16352e-09 4.47505e-05)
(-2.60649e-09 -1.21583e-09 5.00871e-05)
(-1.71517e-09 -4.26786e-10 5.0087e-05)
(2.37768e-09 -6.03104e-11 4.47512e-05)
(1.86616e-09 -1.51801e-10 3.47458e-05)
(3.01957e-09 -2.36651e-09 2.16673e-05)
(1.17757e-08 9.98329e-09 8.64424e-06)
(-7.75255e-09 1.23829e-08 2.2871e-05)
(-3.52562e-09 8.77682e-12 5.70439e-05)
(-3.93401e-09 1.48401e-09 8.29963e-05)
(-2.48518e-10 -6.20404e-10 9.9874e-05)
(1.81629e-09 -3.21634e-09 0.000107885)
(3.18525e-09 -2.56992e-09 0.000107885)
(5.22012e-09 -3.56683e-10 9.98744e-05)
(6.96063e-09 2.62776e-10 8.29968e-05)
(5.90182e-09 6.41844e-11 5.70434e-05)
(1.02469e-08 1.43397e-08 2.28701e-05)
(-2.98148e-09 8.13447e-09 3.75031e-05)
(-7.29765e-10 6.43469e-11 8.60465e-05)
(-1.86876e-09 -2.2014e-09 0.000114542)
(5.57698e-10 -3.85542e-09 0.000128146)
(7.52153e-10 -3.96861e-09 0.000133195)
(-1.20274e-10 -3.87175e-09 0.000133195)
(5.92352e-10 -3.3948e-09 0.000128147)
(3.43637e-09 -7.51622e-10 0.000114543)
(2.6833e-09 2.60017e-09 8.60462e-05)
(4.18437e-09 1.02082e-08 3.75024e-05)
(1.2689e-09 5.4343e-09 4.90235e-05)
(4.91834e-09 -6.1063e-10 0.000104705)
(3.47066e-09 -1.89776e-09 0.000129497)
(1.78058e-09 -2.97194e-09 0.000137784)
(3.86623e-10 -2.03163e-09 0.000139986)
(-1.04652e-09 -1.76978e-09 0.000139986)
(-3.6021e-09 -3.13742e-09 0.000137784)
(-4.03733e-09 -1.50597e-09 0.000129496)
(-5.10497e-09 1.97209e-10 0.000104705)
(-8.21919e-10 6.60868e-09 4.90226e-05)
(1.03835e-09 7.79684e-10 5.53216e-05)
(2.28053e-09 -5.54397e-11 0.000113183)
(1.24949e-09 4.48977e-10 0.000134661)
(3.01847e-10 -4.52054e-10 0.000140172)
(-4.06849e-10 1.32509e-10 0.000141241)
(-8.90175e-10 -5.2317e-10 0.000141241)
(-1.23944e-09 -5.21674e-10 0.000140171)
(-1.52724e-09 5.32198e-10 0.00013466)
(-2.93389e-09 1.7844e-10 0.000113182)
(-1.1254e-09 1.51293e-09 5.53207e-05)
(1.56925e-09 2.6034e-09 5.53212e-05)
(1.44785e-09 4.31699e-10 0.000113183)
(2.70821e-10 8.25401e-11 0.000134661)
(5.00954e-10 -2.73998e-10 0.000140172)
(1.28305e-10 -1.0322e-09 0.000141241)
(-9.69462e-11 -1.38098e-09 0.000141241)
(-1.66704e-10 -1.77435e-09 0.000140171)
(-4.77012e-10 -4.57217e-10 0.00013466)
(-2.38533e-09 -2.90103e-11 0.000113182)
(-1.32926e-09 1.03524e-09 5.53204e-05)
(3.16643e-09 -1.83431e-09 4.90235e-05)
(4.62942e-09 -2.15026e-10 0.000104707)
(2.22935e-09 5.84032e-10 0.000129497)
(1.76957e-09 6.64647e-10 0.000137784)
(2.98782e-10 1.54883e-09 0.000139985)
(1.81949e-10 9.38925e-10 0.000139985)
(-1.44383e-09 5.09619e-10 0.000137784)
(-1.02874e-09 1.16104e-09 0.000129497)
(-3.39581e-09 -5.71221e-10 0.000104705)
(-1.90746e-09 -3.90306e-09 4.90227e-05)
(5.94224e-10 -4.35857e-09 3.75026e-05)
(-1.01766e-10 2.64178e-09 8.60472e-05)
(-4.01713e-09 -3.90546e-10 0.000114542)
(-4.18721e-10 -6.21413e-10 0.000128146)
(-9.52002e-10 1.37245e-09 0.000133194)
(2.24697e-10 8.78459e-10 0.000133194)
(4.98102e-10 -4.83987e-11 0.000128146)
(3.76627e-09 -2.50588e-10 0.000114543)
(4.18838e-10 9.98166e-10 8.6047e-05)
(1.23639e-09 -7.10545e-09 3.75021e-05)
(-5.30343e-09 -9.72477e-09 2.28709e-05)
(1.55668e-09 5.08696e-09 5.70436e-05)
(7.40204e-10 7.0821e-10 8.29951e-05)
(1.92384e-09 -2.31558e-09 9.98722e-05)
(1.20799e-09 2.39942e-10 0.000107883)
(1.07213e-09 3.73804e-10 0.000107884)
(2.29871e-09 -2.81852e-09 9.98731e-05)
(2.36897e-09 1.56588e-09 8.29967e-05)
(2.05799e-09 3.65002e-09 5.70447e-05)
(8.60619e-09 -1.19804e-08 2.2871e-05)
(-1.6753e-08 -1.29796e-08 8.6445e-06)
(-4.12564e-09 6.69431e-10 2.16668e-05)
(2.23411e-09 7.55924e-10 3.47448e-05)
(-3.31939e-09 -1.32184e-09 4.47495e-05)
(-1.06116e-09 7.11527e-10 5.00861e-05)
(-7.64288e-10 9.19945e-10 5.00861e-05)
(6.88502e-10 -3.92757e-10 4.47501e-05)
(-2.37355e-09 2.80007e-09 3.47458e-05)
(4.41431e-09 1.01126e-09 2.16677e-05)
(1.42794e-08 -1.12749e-08 8.64498e-06)
(-1.10943e-08 8.23547e-09 8.6443e-06)
(-2.79693e-09 -1.33858e-09 2.16664e-05)
(-1.73025e-09 1.53016e-09 3.47433e-05)
(-5.55541e-09 7.81341e-10 4.47485e-05)
(-2.01044e-09 -1.74393e-09 5.00847e-05)
(-1.25473e-09 -1.7702e-09 5.00851e-05)
(3.37483e-09 -1.15089e-09 4.47486e-05)
(2.95167e-09 5.93817e-10 3.47432e-05)
(4.60016e-09 -9.11439e-10 2.16663e-05)
(9.1999e-09 7.11047e-09 8.64458e-06)
(-4.32276e-09 7.56881e-09 2.28712e-05)
(-1.11479e-09 -1.64729e-09 5.70452e-05)
(-1.1754e-09 9.10346e-10 8.29962e-05)
(1.12537e-09 1.74133e-10 9.98734e-05)
(2.65163e-09 -3.13133e-09 0.000107883)
(2.18036e-09 -3.68817e-09 0.000107883)
(4.05772e-09 -1.6032e-09 9.98732e-05)
(6.8467e-09 1.90489e-09 8.29956e-05)
(3.47564e-09 -1.88185e-10 5.70444e-05)
(5.782e-09 9.56068e-09 2.28711e-05)
(-3.07515e-09 6.98631e-09 3.75042e-05)
(-1.69224e-09 -4.54846e-11 8.60479e-05)
(-1.1672e-09 -1.20037e-09 0.000114543)
(2.2021e-09 -2.78631e-09 0.000128146)
(1.86413e-09 -2.57707e-09 0.000133194)
(4.71933e-10 -3.52625e-09 0.000133194)
(3.23088e-10 -2.361e-09 0.000128146)
(1.66039e-09 1.50476e-09 0.000114543)
(-3.41058e-11 2.3271e-09 8.60472e-05)
(2.57759e-09 8.51713e-09 3.75038e-05)
(9.0405e-10 6.23359e-09 4.9023e-05)
(4.66485e-09 -4.58325e-10 0.000104706)
(3.96782e-09 -1.07722e-09 0.000129498)
(2.4699e-09 -2.76761e-09 0.000137785)
(1.8072e-10 -1.68682e-09 0.000139986)
(-7.82709e-10 -2.03872e-09 0.000139986)
(-3.20312e-09 -2.13919e-09 0.000137784)
(-3.16784e-09 2.91182e-10 0.000129498)
(-4.72034e-09 1.29477e-09 0.000104706)
(-1.29392e-09 7.14993e-09 4.90231e-05)
(1.64748e-09 -1.6994e-10 5.53208e-05)
(2.25966e-09 -4.61108e-10 0.000113183)
(2.73473e-10 3.46786e-10 0.000134661)
(-4.293e-10 -2.30148e-10 0.000140172)
(-7.49995e-10 3.39368e-10 0.000141241)
(-6.52459e-10 -2.59866e-10 0.000141241)
(-1.9693e-09 -5.30262e-10 0.000140171)
(-1.38028e-09 1.82865e-09 0.000134661)
(-2.08359e-09 5.00756e-10 0.000113183)
(-1.27203e-09 9.79285e-10 5.53208e-05)
(1.75225e-09 3.03168e-09 5.53205e-05)
(1.42843e-09 2.08677e-09 0.000113182)
(-3.7022e-10 4.72672e-11 0.000134661)
(-4.08534e-11 -7.80046e-10 0.000140172)
(-2.53743e-10 -6.50117e-10 0.000141241)
(-6.8582e-10 -1.40717e-09 0.000141241)
(-1.22211e-09 -2.08329e-09 0.000140172)
(-1.07516e-09 7.67397e-10 0.000134661)
(-2.62147e-09 9.94439e-10 0.000113183)
(-1.51654e-09 1.98061e-09 5.53208e-05)
(2.62555e-09 -2.25731e-09 4.90227e-05)
(2.89961e-09 1.49324e-09 0.000104706)
(1.04021e-09 2.03584e-09 0.000129498)
(2.76486e-09 2.15796e-10 0.000137784)
(6.70128e-10 1.09072e-09 0.000139985)
(-7.23388e-11 5.93512e-10 0.000139985)
(-1.90057e-09 6.33506e-11 0.000137784)
(-1.47425e-09 2.77583e-09 0.000129498)
(-3.30135e-09 8.67868e-10 0.000104706)
(-2.17226e-09 -2.57379e-09 4.90229e-05)
(1.38625e-09 -3.1346e-09 3.7504e-05)
(2.37522e-09 5.1857e-09 8.60477e-05)
(-1.58366e-09 1.69717e-09 0.000114543)
(7.93477e-10 -8.2579e-10 0.000128146)
(2.36268e-10 6.93317e-10 0.000133193)
(5.38246e-10 4.67574e-10 0.000133193)
(-2.82592e-10 -1.36823e-09 0.000128146)
(2.20427e-09 1.33687e-09 0.000114543)
(-1.16452e-09 3.90095e-09 8.60481e-05)
(-2.60566e-10 -3.7348e-09 3.75039e-05)
(-5.25443e-09 -8.6902e-09 2.28711e-05)
(5.31565e-09 8.83177e-09 5.70444e-05)
(3.91246e-09 1.9647e-09 8.29953e-05)
(1.7058e-09 -2.697e-09 9.98722e-05)
(2.12964e-09 8.55634e-10 0.000107882)
(1.58902e-09 3.08801e-11 0.000107883)
(1.61447e-09 -4.00308e-09 9.98724e-05)
(-1.16677e-09 1.65782e-09 8.29963e-05)
(-4.07045e-09 8.07018e-09 5.70449e-05)
(4.08835e-09 -6.54419e-09 2.28711e-05)
(-1.61838e-08 -1.25627e-08 8.64451e-06)
(-1.59738e-09 2.94928e-09 2.16663e-05)
(1.77271e-09 7.52399e-10 3.47432e-05)
(-3.61207e-09 -1.07101e-09 4.47481e-05)
(3.50869e-10 1.62722e-09 5.00847e-05)
(1.38702e-11 1.16114e-09 5.00846e-05)
(1.79028e-09 -7.78722e-10 4.47483e-05)
(-4.73999e-09 2.33696e-09 3.47433e-05)
(-1.03353e-11 3.76863e-09 2.16668e-05)
(1.13691e-08 -8.38242e-09 8.64477e-06)
(-1.22767e-08 9.80918e-09 8.64457e-06)
(-4.62246e-09 1.97338e-10 2.16669e-05)
(-2.55749e-09 1.26259e-09 3.47437e-05)
(-7.32913e-09 1.76706e-09 4.47489e-05)
(-1.78391e-09 -1.60923e-09 5.00849e-05)
(-6.16653e-10 -2.09082e-09 5.00849e-05)
(2.71863e-09 1.53575e-10 4.47483e-05)
(1.08011e-10 -8.37441e-10 3.47432e-05)
(3.51414e-09 -2.11703e-09 2.1666e-05)
(1.255e-08 9.77226e-09 8.64411e-06)
(-6.42278e-09 1.06659e-08 2.28706e-05)
(-3.14433e-09 -2.03392e-09 5.70445e-05)
(-2.35416e-09 -7.40347e-12 8.29958e-05)
(1.12649e-09 -2.37546e-10 9.98732e-05)
(1.13752e-09 -2.89147e-09 0.000107883)
(1.00036e-09 -3.7886e-09 0.000107883)
(2.32757e-09 -1.70093e-09 9.98729e-05)
(5.09812e-09 -4.77248e-10 8.29957e-05)
(5.14008e-09 -4.71245e-10 5.70443e-05)
(7.67836e-09 1.14296e-08 2.28706e-05)
(-2.2543e-09 7.45959e-09 3.75038e-05)
(1.02709e-09 -2.32737e-09 8.60466e-05)
(-7.36152e-10 -2.6225e-09 0.000114543)
(1.82209e-09 -3.15536e-09 0.000128145)
(1.72285e-09 -3.0828e-09 0.000133194)
(2.27074e-10 -3.14119e-09 0.000133193)
(2.94193e-11 -4.25463e-09 0.000128146)
(2.25739e-09 -7.96553e-10 0.000114543)
(1.10996e-09 9.53716e-10 8.60479e-05)
(3.18226e-09 9.00705e-09 3.7504e-05)
(1.40589e-09 5.27292e-09 4.90224e-05)
(4.62365e-09 -1.19546e-09 0.000104705)
(3.72427e-09 -1.57724e-09 0.000129498)
(2.30386e-09 -1.8191e-09 0.000137784)
(3.04478e-10 -1.66783e-09 0.000139986)
(-3.51228e-10 -2.72905e-09 0.000139986)
(-2.88568e-09 -3.13972e-09 0.000137785)
(-3.32736e-09 -1.34871e-09 0.000129499)
(-4.17854e-09 5.57097e-11 0.000104706)
(-1.86845e-10 7.1695e-09 4.90231e-05)
(1.51734e-09 -8.71904e-10 5.53206e-05)
(2.16258e-09 -1.52291e-09 0.000113182)
(5.42261e-10 4.36972e-10 0.000134661)
(-2.20226e-10 -2.05231e-10 0.000140172)
(-7.55504e-10 4.64948e-10 0.000141241)
(-4.57495e-10 -5.51477e-10 0.000141241)
(-9.36873e-10 -8.06292e-10 0.000140171)
(-4.73419e-10 6.43091e-10 0.000134662)
(-2.57914e-09 -1.0584e-10 0.000113183)
(-1.67054e-09 1.41645e-09 5.53211e-05)
(2.08293e-09 2.35264e-09 5.53205e-05)
(2.0852e-09 1.26278e-09 0.000113182)
(6.52323e-10 5.50599e-10 0.000134661)
(2.21598e-10 -1.22461e-09 0.000140172)
(-5.77808e-10 -1.58042e-09 0.000141241)
(-6.50288e-10 -1.0248e-09 0.000141241)
(-1.00451e-09 -1.81003e-09 0.000140171)
(-5.00488e-10 -8.85794e-10 0.000134661)
(-2.57642e-09 -1.61481e-10 0.000113183)
(-1.53868e-09 1.96807e-09 5.53208e-05)
(3.10823e-09 -2.07027e-09 4.90222e-05)
(3.73009e-09 5.75766e-10 0.000104705)
(9.67297e-10 2.6514e-09 0.000129498)
(8.48614e-10 9.20246e-10 0.000137784)
(-3.34802e-10 1.17363e-09 0.000139986)
(1.55014e-10 1.11654e-09 0.000139986)
(-2.32746e-09 7.59086e-10 0.000137785)
(-1.18932e-09 6.4714e-10 0.000129498)
(-3.17395e-09 -6.9956e-10 0.000104706)
(-2.11222e-09 -3.68332e-09 4.90227e-05)
(1.03109e-10 -4.73029e-09 3.75036e-05)
(5.87419e-10 3.49976e-09 8.60472e-05)
(-2.7347e-09 1.97637e-09 0.000114543)
(1.11614e-09 8.93136e-10 0.000128146)
(6.03437e-10 1.6456e-09 0.000133194)
(3.0921e-10 1.58986e-09 0.000133194)
(-2.30618e-10 -6.53596e-11 0.000128146)
(2.65763e-09 -5.94533e-10 0.000114543)
(-1.25291e-09 8.14281e-10 8.60473e-05)
(-1.55216e-10 -6.18549e-09 3.75037e-05)
(-7.62288e-09 -1.07928e-08 2.28706e-05)
(1.57356e-09 6.13402e-09 5.70446e-05)
(2.00383e-09 2.25454e-09 8.2996e-05)
(2.57395e-09 -7.12649e-10 9.98731e-05)
(2.89661e-09 1.93758e-09 0.000107883)
(1.3172e-09 1.00465e-09 0.000107883)
(2.29277e-09 -2.37308e-09 9.98729e-05)
(9.19114e-10 1.47367e-09 8.29965e-05)
(-8.38941e-10 4.5665e-09 5.70442e-05)
(6.90597e-09 -1.06867e-08 2.28708e-05)
(-1.59106e-08 -1.22181e-08 8.6443e-06)
(-3.80768e-09 1.41678e-09 2.16664e-05)
(9.57856e-10 6.52849e-10 3.47432e-05)
(-4.25746e-09 -3.55988e-10 4.47486e-05)
(-1.25629e-09 2.09542e-09 5.00849e-05)
(-5.9156e-10 1.33042e-09 5.00849e-05)
(1.66228e-09 -2.00942e-10 4.47485e-05)
(-3.44924e-09 2.66948e-09 3.47434e-05)
(3.7531e-09 1.87415e-09 2.16664e-05)
(1.56444e-08 -1.16259e-08 8.64414e-06)
(-1.00378e-08 7.14069e-09 8.64483e-06)
(-5.79588e-09 1.33349e-09 2.16671e-05)
(-5.17218e-09 4.02832e-09 3.47434e-05)
(-7.00934e-09 1.53916e-11 4.47492e-05)
(-1.45352e-09 -2.12375e-09 5.00856e-05)
(-1.12553e-09 -1.83779e-09 5.00854e-05)
(3.12312e-09 -1.49267e-10 4.47493e-05)
(5.02266e-10 -3.18421e-10 3.47435e-05)
(3.91407e-09 -1.90793e-09 2.16667e-05)
(1.76004e-08 1.30276e-08 8.6445e-06)
(-4.76222e-09 8.47111e-09 2.28711e-05)
(-2.91435e-09 3.88763e-10 5.70441e-05)
(-3.71934e-09 3.12737e-09 8.29962e-05)
(-6.67406e-10 -1.56747e-09 9.9873e-05)
(6.1777e-10 -4.83018e-09 0.000107884)
(1.09549e-09 -4.60011e-09 0.000107884)
(2.41845e-09 -1.13652e-09 9.98733e-05)
(4.34802e-09 -3.1157e-10 8.29964e-05)
(4.31014e-09 -9.00622e-10 5.70446e-05)
(8.4797e-09 1.19487e-08 2.28708e-05)
(-2.80555e-09 8.09378e-09 3.75038e-05)
(-3.08377e-10 3.23917e-10 8.60465e-05)
(-1.36675e-10 -9.45401e-10 0.000114543)
(1.56692e-09 -3.46478e-09 0.000128146)
(4.51915e-10 -3.4034e-09 0.000133194)
(-3.689e-10 -3.31532e-09 0.000133194)
(-1.40638e-09 -3.59962e-09 0.000128146)
(1.1626e-09 -5.41199e-10 0.000114543)
(3.69547e-10 7.02027e-10 8.6048e-05)
(2.62025e-09 8.4542e-09 3.75042e-05)
(6.78035e-10 6.48897e-09 4.90224e-05)
(3.49462e-09 4.79702e-10 0.000104705)
(2.49329e-09 -2.63537e-10 0.000129498)
(2.16153e-09 -2.3661e-09 0.000137784)
(4.73726e-10 -1.75327e-09 0.000139986)
(-5.26879e-10 -1.22681e-09 0.000139986)
(-3.26991e-09 -2.60946e-09 0.000137784)
(-3.86326e-09 -1.38709e-09 0.000129498)
(-4.55411e-09 -5.83052e-10 0.000104706)
(-8.25681e-10 6.51663e-09 4.90233e-05)
(1.63147e-09 -3.61793e-10 5.53205e-05)
(1.8438e-09 -1.06245e-09 0.000113182)
(7.7496e-10 7.48276e-10 0.000134661)
(4.749e-10 -9.0814e-12 0.000140171)
(-2.49838e-10 -9.14317e-11 0.000141241)
(1.30846e-10 -3.80491e-10 0.000141241)
(-1.11651e-09 -6.61294e-10 0.000140172)
(-1.0692e-09 2.33638e-10 0.000134662)
(-2.61241e-09 -3.3622e-10 0.000113183)
(-1.41399e-09 5.40921e-10 5.53216e-05)
(1.4507e-09 1.83873e-09 5.53214e-05)
(1.43728e-09 -1.07416e-12 0.000113183)
(6.9805e-10 4.08046e-10 0.000134661)
(3.83321e-10 -3.80773e-10 0.000140171)
(-5.25651e-11 -5.07536e-10 0.000141241)
(8.48681e-11 -1.42828e-09 0.000141241)
(-1.12088e-09 -2.1963e-09 0.000140171)
(-9.99654e-10 -3.59688e-10 0.000134661)
(-2.83004e-09 2.11575e-10 0.000113183)
(-1.76888e-09 1.23698e-09 5.53208e-05)
(2.11792e-09 -3.40234e-09 4.90231e-05)
(2.78206e-09 -2.12762e-10 0.000104705)
(6.1371e-10 1.80019e-09 0.000129498)
(1.75037e-09 1.41431e-09 0.000137784)
(3.64099e-10 3.95779e-10 0.000139985)
(-2.19095e-10 6.15967e-10 0.000139986)
(-2.18522e-09 -2.43382e-10 0.000137785)
(-1.13431e-09 1.28069e-09 0.000129498)
(-3.25215e-09 5.10682e-11 0.000104705)
(-2.17603e-09 -3.21239e-09 4.90228e-05)
(5.72744e-10 -4.53139e-09 3.75042e-05)
(7.13222e-10 3.66552e-09 8.60474e-05)
(-2.51229e-09 9.20064e-10 0.000114543)
(1.01254e-09 -2.4515e-10 0.000128145)
(9.08934e-10 7.0554e-10 0.000133194)
(1.51092e-09 1.09278e-09 0.000133194)
(7.85292e-10 -8.49561e-10 0.000128145)
(3.88697e-09 -8.29343e-10 0.000114542)
(-4.11068e-10 1.45273e-09 8.60469e-05)
(-7.56418e-10 -4.08575e-09 3.75039e-05)
(-3.8791e-09 -8.55988e-09 2.28711e-05)
(4.15825e-09 6.67931e-09 5.70446e-05)
(2.3455e-09 6.45604e-10 8.29964e-05)
(1.39958e-09 -3.21102e-09 9.98731e-05)
(1.73008e-09 1.2117e-09 0.000107883)
(2.36775e-09 7.11165e-10 0.000107883)
(3.54508e-09 -2.32234e-09 9.98727e-05)
(1.24082e-09 1.05384e-09 8.29957e-05)
(-1.80146e-09 6.19072e-09 5.70444e-05)
(5.7326e-09 -8.46202e-09 2.28709e-05)
(-1.73328e-08 -1.30097e-08 8.6446e-06)
(-4.46277e-09 6.50272e-10 2.16669e-05)
(1.22975e-09 -2.61859e-10 3.47434e-05)
(-5.17181e-09 -1.94081e-09 4.47487e-05)
(-2.31256e-09 1.25792e-09 5.00849e-05)
(-2.43673e-09 1.06961e-09 5.00848e-05)
(-6.8277e-10 3.26072e-10 4.47485e-05)
(-4.67684e-09 3.18862e-09 3.47432e-05)
(1.61597e-09 3.8227e-09 2.16665e-05)
(1.43806e-08 -1.10135e-08 8.64418e-06)
(-1.2106e-08 9.4678e-09 8.64503e-06)
(-9.35906e-09 1.83277e-09 2.16666e-05)
(-8.86599e-09 4.65517e-09 3.47421e-05)
(-8.624e-09 5.32085e-10 4.47474e-05)
(-3.27512e-09 -1.40871e-09 5.00834e-05)
(-2.08855e-09 -1.9554e-09 5.00834e-05)
(2.19783e-09 -4.10867e-10 4.47478e-05)
(1.76756e-09 -3.09895e-10 3.4742e-05)
(6.80978e-09 -1.30497e-09 2.16668e-05)
(1.66203e-08 1.15497e-08 8.64498e-06)
(-7.97909e-09 1.22783e-08 2.28712e-05)
(-3.68863e-09 8.39535e-10 5.70451e-05)
(-4.81869e-09 2.49726e-09 8.29971e-05)
(-1.87931e-09 -9.98076e-10 9.98724e-05)
(6.56838e-10 -3.853e-09 0.000107883)
(2.94349e-09 -4.32918e-09 0.000107882)
(5.43929e-09 -1.89756e-10 9.98728e-05)
(7.20297e-09 1.49974e-09 8.2997e-05)
(6.30131e-09 6.16139e-10 5.70461e-05)
(8.805e-09 1.22035e-08 2.28717e-05)
(-3.88171e-09 8.85363e-09 3.75049e-05)
(-1.35801e-09 8.23732e-10 8.60485e-05)
(-6.14874e-10 -1.82106e-09 0.000114544)
(1.09719e-09 -3.07182e-09 0.000128146)
(9.49053e-10 -3.40299e-09 0.000133194)
(5.22721e-10 -4.15649e-09 0.000133194)
(9.2195e-10 -2.34588e-09 0.000128146)
(4.28371e-09 9.79823e-10 0.000114544)
(2.95344e-09 3.30403e-09 8.60488e-05)
(4.33316e-09 1.04081e-08 3.75052e-05)
(1.64838e-09 5.70575e-09 4.90231e-05)
(4.92135e-09 -4.70289e-10 0.000104705)
(3.47155e-09 -7.07295e-10 0.000129499)
(2.76821e-09 -2.64615e-09 0.000137784)
(6.28706e-10 -1.62723e-09 0.000139985)
(-4.06047e-10 -2.77942e-09 0.000139986)
(-3.20071e-09 -2.23006e-09 0.000137785)
(-3.08776e-09 -9.26001e-11 0.000129499)
(-4.39469e-09 5.48067e-10 0.000104707)
(-1.19246e-09 6.78098e-09 4.90233e-05)
(1.51075e-09 3.29927e-10 5.53212e-05)
(1.71435e-09 7.07913e-11 0.000113183)
(5.9529e-10 6.94346e-10 0.000134662)
(4.11208e-10 -3.93031e-10 0.000140171)
(-8.36392e-10 -1.10764e-10 0.000141241)
(-8.13211e-10 -5.1232e-10 0.000141241)
(-1.46153e-09 -5.84492e-10 0.000140172)
(-9.05286e-10 1.34965e-09 0.000134662)
(-2.4158e-09 -6.42277e-11 0.000113184)
(-1.42362e-09 -1.89384e-10 5.53222e-05)
(2.24682e-09 2.73508e-09 5.53219e-05)
(1.71634e-09 5.58899e-10 0.000113184)
(3.11794e-10 7.58437e-11 0.000134662)
(9.54198e-10 -9.58719e-10 0.000140171)
(9.55367e-11 -9.27531e-10 0.000141241)
(-2.15235e-10 -6.22214e-10 0.000141241)
(-1.43589e-09 -2.12995e-09 0.000140172)
(-9.56396e-10 -1.16564e-09 0.000134663)
(-2.63521e-09 2.24149e-10 0.000113185)
(-1.76517e-09 1.26198e-10 5.5322e-05)
(3.09148e-09 -2.53085e-09 4.90233e-05)
(3.96353e-09 -9.72721e-10 0.000104706)
(1.60667e-09 1.84392e-09 0.000129499)
(1.7467e-09 1.10391e-09 0.000137784)
(2.32806e-10 7.02053e-10 0.000139985)
(1.53388e-10 1.30643e-09 0.000139985)
(-2.17444e-09 1.88418e-10 0.000137784)
(-1.57739e-09 8.76031e-10 0.0001295)
(-2.90896e-09 -1.1981e-09 0.000104707)
(-1.40791e-09 -3.89012e-09 4.90238e-05)
(1.26677e-10 -5.18851e-09 3.75062e-05)
(-4.10818e-10 1.04029e-09 8.60478e-05)
(-2.70482e-09 6.52154e-10 0.000114543)
(1.08283e-09 7.44236e-11 0.000128145)
(5.56213e-10 1.27358e-09 0.000133193)
(1.54819e-09 1.64902e-09 0.000133193)
(1.67536e-09 5.3294e-10 0.000128145)
(4.40576e-09 -6.96773e-10 0.000114543)
(1.1214e-09 -8.65491e-10 8.60479e-05)
(1.61564e-09 -7.00845e-09 3.75059e-05)
(-6.84368e-09 -1.05931e-08 2.28713e-05)
(9.72926e-11 2.82054e-09 5.70437e-05)
(-6.08326e-10 -1.49542e-09 8.29954e-05)
(-8.27336e-11 -2.9255e-09 9.98716e-05)
(1.59257e-09 1.21522e-09 0.000107882)
(2.47931e-09 1.2404e-09 0.000107881)
(3.97987e-09 -9.06033e-10 9.98714e-05)
(3.49873e-09 7.22978e-10 8.2995e-05)
(2.05519e-09 2.29536e-09 5.70438e-05)
(7.28055e-09 -1.10909e-08 2.28712e-05)
(-1.88486e-08 -1.38051e-08 8.64479e-06)
(-8.69858e-09 -1.76569e-09 2.16664e-05)
(-1.7763e-09 -1.77653e-09 3.47416e-05)
(-4.98261e-09 -1.69115e-09 4.47468e-05)
(-2.86087e-09 8.64893e-10 5.00827e-05)
(-2.45511e-09 1.00617e-09 5.00825e-05)
(2.06323e-10 2.31686e-10 4.47463e-05)
(-1.69917e-09 1.78177e-09 3.47407e-05)
(5.44559e-09 3.55708e-10 2.16657e-05)
(1.41229e-08 -1.05648e-08 8.6444e-06)
(1.13901e-08 -1.11557e-08 8.64481e-06)
(1.5066e-08 -1.02183e-08 2.1667e-05)
(1.21173e-08 -9.05266e-10 3.47434e-05)
(3.11223e-09 3.40478e-09 4.47482e-05)
(-6.67593e-10 1.56576e-09 5.00843e-05)
(-1.1872e-09 8.5532e-10 5.00843e-05)
(-5.68235e-09 3.80604e-09 4.47481e-05)
(-1.46869e-08 -2.31475e-09 3.47435e-05)
(-1.69903e-08 -9.62967e-09 2.16671e-05)
(-1.12266e-08 -9.53008e-09 8.64501e-06)
(-1.80309e-09 -3.00164e-09 2.28714e-05)
(-2.94275e-09 -7.79127e-09 5.70452e-05)
(-2.22307e-09 -1.22194e-09 8.29966e-05)
(-2.18248e-09 5.91632e-09 9.98726e-05)
(-1.24508e-09 3.38762e-09 0.000107882)
(-1.97618e-09 2.59124e-09 0.000107882)
(-1.72035e-09 5.10689e-09 9.98724e-05)
(-1.59103e-09 -3.80402e-09 8.29967e-05)
(4.6826e-10 -9.47353e-09 5.70462e-05)
(-2.62079e-11 -4.73611e-09 2.28721e-05)
(-2.79881e-09 8.25534e-09 3.75043e-05)
(-2.71654e-09 -1.41838e-09 8.60479e-05)
(-4.46089e-09 -3.07485e-09 0.000114543)
(-3.37152e-10 -1.4647e-10 0.000128146)
(2.09471e-09 8.33542e-10 0.000133194)
(1.09116e-09 6.59861e-10 0.000133194)
(2.64843e-09 -8.14756e-10 0.000128146)
(5.09903e-09 -4.21876e-09 0.000114543)
(2.48786e-09 -2.49529e-09 8.60485e-05)
(5.43741e-10 3.94622e-09 3.75046e-05)
(1.3712e-09 1.33709e-09 4.90238e-05)
(2.45418e-09 3.16053e-10 0.000104706)
(2.08095e-10 -3.21829e-11 0.000129498)
(-1.36973e-10 -8.32937e-10 0.000137784)
(-8.03086e-10 -7.94809e-10 0.000139985)
(-3.32262e-10 -6.21229e-10 0.000139985)
(-4.89077e-10 -5.86576e-10 0.000137785)
(1.06119e-09 1.51592e-10 0.000129499)
(-1.46862e-09 1.69624e-11 0.000104706)
(-2.43578e-09 -7.12079e-10 4.9023e-05)
(1.57796e-09 1.1933e-09 5.53213e-05)
(6.81736e-10 1.46894e-09 0.000113183)
(-3.6327e-10 -2.61012e-10 0.000134662)
(4.09762e-10 1.57027e-10 0.000140171)
(-4.75736e-10 4.97774e-10 0.000141241)
(-1.75966e-13 3.39331e-10 0.000141241)
(-1.20637e-09 -9.91135e-13 0.000140172)
(-3.37162e-11 1.30323e-10 0.000134662)
(-6.84173e-11 1.40504e-09 0.000113183)
(-9.05722e-10 6.50897e-10 5.53212e-05)
(1.47294e-09 -1.68761e-09 5.53213e-05)
(4.84714e-10 2.64693e-09 0.000113183)
(-1.58122e-09 3.32219e-10 0.000134662)
(-4.20403e-11 -1.04965e-09 0.000140171)
(2.4257e-10 1.52161e-10 0.000141241)
(2.06753e-10 5.51922e-11 0.000141241)
(-3.80961e-10 -7.87074e-10 0.000140172)
(1.5985e-09 -7.06051e-10 0.000134662)
(1.02656e-10 3.52498e-09 0.000113184)
(-1.30531e-09 -4.34366e-11 5.53217e-05)
(1.77995e-09 -9.49384e-10 4.90228e-05)
(1.32603e-09 7.38074e-09 0.000104706)
(-2.17458e-09 2.06115e-09 0.000129499)
(-3.72843e-10 -9.71705e-10 0.000137785)
(1.28482e-10 3.44786e-10 0.000139985)
(4.12685e-10 5.28727e-10 0.000139985)
(1.55924e-10 -1.82309e-09 0.000137785)
(3.29029e-09 -1.90179e-11 0.000129499)
(1.60414e-10 8.13319e-09 0.000104707)
(-1.58337e-09 1.46185e-09 4.90234e-05)
(-1.02518e-09 -3.54384e-09 3.75042e-05)
(9.78232e-10 1.03307e-08 8.60482e-05)
(-1.96567e-09 4.44294e-09 0.000114544)
(-1.54461e-09 -3.19254e-09 0.000128146)
(5.68154e-10 2.45231e-11 0.000133194)
(4.96159e-10 -9.36026e-10 0.000133194)
(2.19422e-09 -4.47565e-09 0.000128146)
(3.14009e-09 1.72165e-09 0.000114543)
(-1.64106e-09 1.19154e-08 8.60484e-05)
(-1.35968e-09 2.98264e-09 3.75045e-05)
(8.78188e-10 4.79883e-09 2.28713e-05)
(4.51646e-09 1.3788e-08 5.70454e-05)
(2.88777e-09 3.33338e-09 8.29963e-05)
(-8.71029e-10 -7.89229e-09 9.98725e-05)
(2.88972e-10 -2.71317e-09 0.000107883)
(-3.02275e-10 -4.59095e-09 0.000107883)
(-1.28995e-09 -8.53471e-09 9.98725e-05)
(-5.95693e-09 1.46674e-09 8.29959e-05)
(-9.92974e-09 1.7562e-08 5.70452e-05)
(-6.53039e-09 1.26102e-08 2.28715e-05)
(8.90079e-09 8.49376e-09 8.64487e-06)
(1.79522e-08 1.17165e-08 2.16674e-05)
(1.76631e-08 4.29688e-09 3.47437e-05)
(7.54595e-09 -2.7142e-09 4.47486e-05)
(1.44513e-09 -1.32703e-09 5.0085e-05)
(-6.6626e-10 -2.33509e-09 5.00848e-05)
(-6.45286e-09 -3.65978e-09 4.47482e-05)
(-1.83626e-08 3.64822e-09 3.47431e-05)
(-2.43036e-08 1.47184e-08 2.1667e-05)
(-1.54823e-08 1.26143e-08 8.64484e-06)
(-1.19106e-08 9.37139e-09 8.64438e-06)
(-9.55603e-09 1.85516e-09 2.1667e-05)
(-7.67335e-09 3.59002e-09 3.47448e-05)
(-8.86955e-09 1.71655e-09 4.47501e-05)
(-2.74816e-09 -2.30199e-09 5.00863e-05)
(-1.27641e-09 -1.89273e-09 5.00859e-05)
(2.11519e-09 -5.77346e-10 4.47496e-05)
(1.50765e-09 8.49144e-10 3.4745e-05)
(5.89266e-09 3.23439e-10 2.16677e-05)
(1.63195e-08 1.23393e-08 8.64516e-06)
(-1.01687e-08 1.46673e-08 2.28712e-05)
(-6.38384e-09 1.68823e-09 5.70445e-05)
(-5.21023e-09 2.26814e-09 8.29956e-05)
(-1.04804e-09 1.65405e-10 9.98735e-05)
(4.77267e-10 -3.47686e-09 0.000107884)
(-1.62214e-10 -2.97468e-09 0.000107884)
(2.33467e-09 -1.05733e-09 9.98736e-05)
(4.87991e-09 3.07649e-10 8.29961e-05)
(3.1424e-09 -2.58436e-10 5.70448e-05)
(6.81347e-09 1.0642e-08 2.28717e-05)
(-2.81933e-09 9.2034e-09 3.75029e-05)
(-7.81725e-10 1.81634e-09 8.60464e-05)
(-1.22633e-09 -4.86406e-10 0.000114543)
(1.47192e-09 -2.90292e-09 0.000128146)
(1.08014e-09 -3.2745e-09 0.000133194)
(8.25952e-10 -3.31693e-09 0.000133194)
(5.99816e-11 -3.0757e-09 0.000128147)
(2.0108e-09 -8.32412e-10 0.000114543)
(9.15946e-10 1.66859e-09 8.60474e-05)
(2.51115e-09 8.24026e-09 3.75033e-05)
(1.393e-09 4.75295e-09 4.90233e-05)
(4.20629e-09 8.13689e-10 0.000104705)
(3.0483e-09 1.04605e-10 0.000129498)
(2.57599e-09 -1.96356e-09 0.000137785)
(8.8559e-10 -2.99256e-09 0.000139986)
(6.40607e-11 -2.6669e-09 0.000139986)
(-2.3319e-09 -3.00035e-09 0.000137785)
(-3.48455e-09 -9.42467e-10 0.000129498)
(-5.05056e-09 4.66164e-10 0.000104704)
(-1.38367e-09 5.13634e-09 4.90227e-05)
(1.26224e-09 -1.44683e-10 5.53209e-05)
(1.21027e-09 -4.11558e-10 0.000113182)
(5.63868e-11 7.82295e-10 0.000134661)
(7.97329e-10 -4.03453e-11 0.000140172)
(2.6535e-10 1.36914e-11 0.000141242)
(-1.66685e-10 2.8088e-10 0.000141242)
(-1.48914e-09 -9.7932e-10 0.000140172)
(-9.78628e-10 5.83809e-10 0.000134661)
(-1.75719e-09 -1.9115e-10 0.000113181)
(-1.04135e-09 -4.8162e-10 5.53196e-05)
(8.5627e-10 1.63315e-09 5.53211e-05)
(1.77755e-09 2.71125e-10 0.000113182)
(1.19552e-09 7.50569e-11 0.000134661)
(1.24565e-09 -6.45946e-10 0.000140172)
(5.01966e-10 -2.89692e-10 0.000141241)
(-5.94062e-10 -6.88555e-10 0.000141241)
(-7.66958e-10 -1.70493e-09 0.000140171)
(-1.62108e-10 -1.28413e-10 0.000134661)
(-1.40374e-09 4.38291e-11 0.000113181)
(-7.91784e-10 -4.24259e-10 5.532e-05)
(2.93011e-09 -2.68769e-09 4.90231e-05)
(3.81752e-09 1.11166e-11 0.000104705)
(1.71245e-09 5.21026e-10 0.000129498)
(2.93531e-09 6.87147e-10 0.000137785)
(9.62748e-10 1.22387e-09 0.000139986)
(3.95095e-10 7.77497e-10 0.000139986)
(-1.1007e-09 -7.60646e-10 0.000137784)
(9.23291e-11 5.54072e-10 0.000129497)
(-2.3223e-09 -7.35451e-10 0.000104704)
(-1.69586e-09 -4.78685e-09 4.90223e-05)
(2.79249e-11 -5.29026e-09 3.75028e-05)
(-7.96715e-10 1.08452e-09 8.60479e-05)
(-4.12832e-09 -9.43435e-10 0.000114543)
(5.22583e-10 -3.96391e-10 0.000128147)
(1.32776e-09 2.21866e-09 0.000133195)
(2.39475e-09 1.71081e-09 0.000133195)
(2.5626e-09 -1.49658e-09 0.000128147)
(4.71055e-09 -4.32374e-10 0.000114543)
(2.02897e-09 4.11607e-10 8.60471e-05)
(2.64469e-09 -8.0277e-09 3.75026e-05)
(-6.52714e-09 -1.06339e-08 2.28715e-05)
(-7.50422e-10 2.14803e-09 5.70463e-05)
(-2.07805e-09 -1.99412e-09 8.29972e-05)
(-1.85353e-09 -3.04441e-09 9.9874e-05)
(4.3483e-11 1.00964e-09 0.000107885)
(2.14713e-09 5.60944e-10 0.000107885)
(3.41112e-09 -2.18126e-09 9.98747e-05)
(1.7548e-09 1.96457e-09 8.29979e-05)
(1.74271e-09 5.01978e-09 5.70466e-05)
(9.16322e-09 -1.19699e-08 2.28715e-05)
(-1.37647e-08 -1.02141e-08 8.6451e-06)
(-8.6119e-09 -2.58499e-09 2.16682e-05)
(-2.00204e-09 -1.62677e-09 3.47461e-05)
(-5.72412e-09 -2.1489e-09 4.47509e-05)
(-3.96295e-09 2.74842e-10 5.00873e-05)
(-3.17759e-09 5.76482e-10 5.00876e-05)
(-7.08154e-10 2.60523e-10 4.47509e-05)
(-3.01449e-09 2.77258e-09 3.47466e-05)
(3.88276e-09 2.43504e-09 2.16682e-05)
(1.1899e-08 -8.78816e-09 8.64481e-06)
(-1.65671e-08 1.23199e-08 8.64476e-06)
(-5.90911e-09 -1.60858e-10 2.16668e-05)
(-1.3748e-09 4.8753e-10 3.47435e-05)
(-4.85453e-09 5.40904e-10 4.47488e-05)
(-1.55089e-10 -1.44064e-09 5.00853e-05)
(-1.45652e-09 -1.86072e-09 5.00851e-05)
(1.7549e-09 -5.59386e-11 4.4749e-05)
(-8.40034e-10 -3.74104e-10 3.47438e-05)
(8.52023e-10 -3.06236e-09 2.16669e-05)
(1.09062e-08 8.18834e-09 8.64443e-06)
(-6.69468e-09 1.12897e-08 2.28714e-05)
(-1.77527e-09 -1.83912e-09 5.70453e-05)
(-1.84273e-09 -1.07796e-09 8.29962e-05)
(-1.18599e-09 -2.51598e-10 9.98734e-05)
(-1.94527e-10 -2.74083e-09 0.000107884)
(3.78122e-11 -3.57197e-09 0.000107883)
(1.61004e-09 -6.29891e-10 9.9873e-05)
(1.68123e-09 -1.29135e-09 8.29956e-05)
(-1.15026e-09 -3.95138e-09 5.70444e-05)
(3.45937e-09 6.47976e-09 2.28709e-05)
(-2.25699e-09 7.5887e-09 3.75037e-05)
(-5.3176e-10 -1.05448e-10 8.60481e-05)
(-1.3084e-09 -1.63031e-09 0.000114544)
(5.53883e-10 -2.94953e-09 0.000128146)
(1.10214e-10 -2.78047e-09 0.000133194)
(-4.26585e-10 -3.27082e-09 0.000133193)
(-9.51381e-10 -2.74416e-09 0.000128145)
(1.87182e-09 -1.40426e-09 0.000114543)
(1.08264e-09 -6.60366e-10 8.60474e-05)
(2.59444e-09 6.79914e-09 3.75038e-05)
(1.96138e-09 5.22013e-09 4.90231e-05)
(4.6097e-09 3.62693e-10 0.000104706)
(2.04322e-09 1.33616e-10 0.000129498)
(1.24595e-09 -2.36975e-09 0.000137785)
(-2.38893e-10 -2.15351e-09 0.000139986)
(-1.37498e-09 -2.30869e-09 0.000139986)
(-3.06187e-09 -2.49381e-09 0.000137784)
(-2.44553e-09 -1.03828e-09 0.000129498)
(-3.85899e-09 -8.29604e-10 0.000104705)
(-7.59659e-10 6.39961e-09 4.90231e-05)
(1.12763e-09 -5.69121e-11 5.53214e-05)
(1.57783e-09 2.32565e-10 0.000113183)
(9.90892e-10 1.55296e-09 0.000134662)
(5.04073e-10 -3.23055e-10 0.000140172)
(-5.84395e-10 -6.25746e-11 0.000141242)
(-1.91632e-10 -6.13643e-10 0.000141241)
(-9.89521e-10 -5.20913e-10 0.000140171)
(-5.78017e-10 4.6881e-10 0.000134662)
(-2.7237e-09 -1.49761e-09 0.000113183)
(-2.00493e-09 3.20286e-11 5.53208e-05)
(1.3613e-09 2.5797e-09 5.53216e-05)
(1.47201e-09 1.38818e-09 0.000113183)
(4.30369e-10 7.05325e-10 0.000134662)
(5.11974e-10 -1.43095e-09 0.000140172)
(-1.57875e-10 -8.76791e-10 0.000141241)
(-1.27537e-10 -8.14489e-10 0.000141241)
(-2.35087e-10 -1.91113e-09 0.000140171)
(-4.68534e-10 -6.51717e-10 0.000134661)
(-2.06349e-09 -1.19867e-09 0.000113182)
(-1.18596e-09 8.59893e-10 5.53211e-05)
(1.75929e-09 -2.34294e-09 4.90239e-05)
(2.13632e-09 8.90494e-13 0.000104706)
(1.34602e-09 1.47328e-09 0.000129499)
(2.91545e-09 -1.80804e-11 0.000137785)
(7.05455e-10 3.20754e-10 0.000139986)
(4.63453e-10 7.67117e-10 0.000139986)
(-1.78907e-09 -1.6676e-11 0.000137784)
(-8.34836e-10 1.39786e-09 0.000129498)
(-2.37759e-09 -9.0213e-10 0.000104706)
(-2.29596e-09 -2.89366e-09 4.90237e-05)
(1.85138e-09 -3.57661e-09 3.75044e-05)
(3.24304e-09 4.62002e-09 8.60483e-05)
(-9.93525e-10 1.21598e-09 0.000114544)
(2.7257e-09 -9.04191e-10 0.000128146)
(2.39958e-09 1.39097e-09 0.000133194)
(2.53462e-09 1.37117e-09 0.000133193)
(1.53405e-09 -5.60001e-10 0.000128146)
(3.56061e-09 -1.73353e-10 0.000114543)
(-5.9182e-10 8.15932e-10 8.60483e-05)
(-1.28705e-09 -4.20717e-09 3.75048e-05)
(-4.48331e-09 -9.02021e-09 2.28716e-05)
(4.28698e-09 7.46526e-09 5.70451e-05)
(1.87922e-09 6.91307e-10 8.29959e-05)
(1.16592e-09 -3.51136e-09 9.98726e-05)
(1.34539e-09 1.37674e-09 0.000107882)
(1.73022e-09 1.1968e-09 0.000107883)
(2.86083e-09 -2.266e-09 9.98727e-05)
(8.30211e-10 1.97816e-09 8.29968e-05)
(-1.15758e-09 4.70528e-09 5.70458e-05)
(6.46714e-09 -1.05954e-08 2.28721e-05)
(-1.51405e-08 -1.10715e-08 8.6447e-06)
(-4.64733e-09 1.15057e-09 2.16663e-05)
(6.5021e-10 -3.49325e-10 3.47432e-05)
(-5.47318e-09 -2.27453e-09 4.47483e-05)
(-2.53693e-09 8.75676e-10 5.00846e-05)
(-2.53111e-09 9.41184e-10 5.0085e-05)
(3.35483e-10 3.49177e-10 4.47487e-05)
(-2.19153e-09 3.00862e-09 3.47442e-05)
(2.30878e-09 2.34798e-09 2.16672e-05)
(1.20651e-08 -1.02064e-08 8.64513e-06)
(-1.43926e-08 1.0946e-08 8.64471e-06)
(-8.77568e-09 1.96959e-09 2.16671e-05)
(-5.43745e-09 2.6468e-09 3.47438e-05)
(-7.05303e-09 5.21868e-10 4.47488e-05)
(-2.19363e-09 -1.76753e-09 5.00851e-05)
(-1.36664e-09 -2.31196e-09 5.00853e-05)
(4.44442e-09 -9.90235e-11 4.47492e-05)
(4.15572e-09 1.38363e-09 3.47439e-05)
(4.83913e-09 -9.32296e-10 2.16669e-05)
(1.37818e-08 1.18407e-08 8.64458e-06)
(-7.99488e-09 1.07481e-08 2.28713e-05)
(-5.19364e-09 8.90987e-10 5.70447e-05)
(-3.64293e-09 1.45385e-09 8.2996e-05)
(-6.94459e-10 -2.54674e-10 9.98728e-05)
(6.11318e-10 -3.87069e-09 0.000107883)
(1.84825e-09 -5.02564e-09 0.000107883)
(4.1914e-09 -1.16558e-09 9.98727e-05)
(6.19864e-09 6.89418e-10 8.29956e-05)
(4.76212e-09 -1.05961e-09 5.70443e-05)
(8.78994e-09 1.22989e-08 2.2871e-05)
(-3.46362e-09 8.48342e-09 3.75041e-05)
(-8.51024e-10 1.65225e-09 8.60479e-05)
(1.07586e-10 -1.06329e-09 0.000114543)
(1.13167e-09 -3.14969e-09 0.000128146)
(1.08907e-10 -3.99621e-09 0.000133194)
(5.21263e-10 -4.24609e-09 0.000133194)
(-2.74864e-10 -2.51826e-09 0.000128145)
(1.45359e-09 -2.4843e-10 0.000114542)
(-5.70125e-10 -9.62872e-11 8.6047e-05)
(1.56126e-09 6.84568e-09 3.75038e-05)
(1.54755e-09 6.5299e-09 4.90234e-05)
(4.66435e-09 1.16637e-09 0.000104706)
(3.06288e-09 -5.04737e-10 0.000129498)
(2.99093e-09 -2.71591e-09 0.000137785)
(1.66235e-09 -2.33603e-09 0.000139986)
(-1.77059e-10 -2.26321e-09 0.000139986)
(-3.43974e-09 -2.03242e-09 0.000137784)
(-4.03061e-09 -4.89596e-10 0.000129498)
(-5.38559e-09 -6.42632e-10 0.000104705)
(-1.45493e-09 5.10353e-09 4.90227e-05)
(1.31555e-09 1.43616e-10 5.53214e-05)
(1.76737e-09 -1.30361e-10 0.000113184)
(1.13406e-09 3.21666e-10 0.000134662)
(1.41679e-09 -6.3046e-11 0.000140172)
(3.36608e-10 2.31857e-10 0.000141241)
(-8.55757e-10 -3.88391e-10 0.000141241)
(-1.40021e-09 -6.22593e-10 0.000140171)
(-3.12613e-10 5.53909e-10 0.000134662)
(-2.19885e-09 -6.13445e-10 0.000113182)
(-1.47059e-09 -2.91345e-10 5.53211e-05)
(1.15651e-09 2.92198e-09 5.53212e-05)
(9.17192e-10 9.75854e-10 0.000113183)
(8.75457e-10 5.45285e-10 0.000134662)
(1.45595e-09 -9.15747e-11 0.000140172)
(2.0232e-10 -6.53184e-10 0.000141241)
(-4.28093e-10 -1.01435e-09 0.000141241)
(-8.07205e-10 -1.63687e-09 0.000140172)
(-5.66736e-10 -1.05063e-09 0.000134662)
(-1.93805e-09 4.63361e-10 0.000113183)
(-1.12672e-09 1.13062e-09 5.53214e-05)
(2.99959e-09 -2.85635e-09 4.90234e-05)
(3.96465e-09 -4.64722e-10 0.000104706)
(1.38877e-09 1.72496e-09 0.000129499)
(2.59099e-09 1.44532e-09 0.000137784)
(7.11275e-10 7.02091e-10 0.000139986)
(2.19259e-10 7.5215e-10 0.000139986)
(-1.93009e-09 7.97082e-10 0.000137784)
(-7.33394e-10 1.0916e-09 0.000129499)
(-2.34256e-09 5.63377e-10 0.000104706)
(-2.04148e-09 -2.53757e-09 4.90233e-05)
(4.42036e-10 -4.85393e-09 3.7504e-05)
(1.33037e-09 3.32952e-09 8.60483e-05)
(-2.93505e-09 1.52427e-09 0.000114543)
(8.72309e-11 -3.69613e-11 0.000128145)
(-7.11012e-10 1.04127e-09 0.000133193)
(-1.66904e-10 1.84565e-09 0.000133194)
(-6.27246e-10 -1.35326e-10 0.000128146)
(1.84465e-09 5.45071e-10 0.000114543)
(-1.60201e-09 2.23556e-09 8.6048e-05)
(-9.26878e-10 -4.06319e-09 3.7504e-05)
(-5.08103e-09 -9.23379e-09 2.28714e-05)
(2.90547e-09 6.85274e-09 5.70449e-05)
(1.45284e-09 2.13455e-09 8.29959e-05)
(1.13278e-09 -2.54068e-09 9.98729e-05)
(1.70328e-09 1.30089e-09 0.000107882)
(1.80527e-09 1.96287e-09 0.000107882)
(2.80548e-09 -1.47673e-09 9.98723e-05)
(-7.59872e-10 3.20022e-09 8.29965e-05)
(-2.65357e-09 5.86107e-09 5.70452e-05)
(6.36025e-09 -1.00607e-08 2.28712e-05)
(-1.79438e-08 -1.21787e-08 8.64443e-06)
(-5.83806e-09 9.74252e-10 2.16666e-05)
(8.37117e-10 5.1472e-11 3.47434e-05)
(-4.98564e-09 -2.05171e-09 4.47487e-05)
(-3.02374e-09 9.40153e-10 5.00853e-05)
(-2.47367e-09 1.33309e-09 5.00852e-05)
(7.16655e-10 7.88291e-10 4.47486e-05)
(-4.27979e-09 3.68986e-09 3.47437e-05)
(3.01194e-09 2.42746e-09 2.1667e-05)
(1.67521e-08 -1.23994e-08 8.64493e-06)
(-1.68058e-08 1.2975e-08 8.64471e-06)
(-3.12492e-09 -9.33864e-10 2.16671e-05)
(-8.10796e-10 1.29861e-09 3.47438e-05)
(-5.47499e-09 1.10032e-10 4.4749e-05)
(-2.60285e-10 -2.094e-09 5.0085e-05)
(-1.09716e-09 -1.49486e-09 5.0085e-05)
(1.13875e-09 -2.76454e-10 4.47491e-05)
(-2.08161e-09 -9.67095e-10 3.47436e-05)
(2.69624e-09 -2.26973e-09 2.16669e-05)
(1.24027e-08 8.88618e-09 8.64496e-06)
(-3.8953e-09 7.82665e-09 2.28712e-05)
(4.55647e-10 -2.59448e-09 5.70448e-05)
(-1.56604e-09 1.9165e-09 8.29962e-05)
(-1.13645e-09 2.57378e-10 9.98733e-05)
(-8.56107e-11 -2.82098e-09 0.000107883)
(1.98755e-10 -2.74621e-09 0.000107883)
(6.94904e-10 -5.06154e-10 9.98731e-05)
(1.36541e-09 -1.0406e-09 8.29964e-05)
(-2.4609e-10 -3.5751e-09 5.70449e-05)
(4.71901e-09 7.94503e-09 2.28712e-05)
(-1.8827e-09 5.22579e-09 3.7504e-05)
(-1.16403e-10 -1.20861e-09 8.60479e-05)
(-8.89164e-10 5.59477e-11 0.000114544)
(1.5365e-09 -2.23562e-09 0.000128146)
(1.57578e-09 -2.44131e-09 0.000133194)
(1.09411e-09 -2.87162e-09 0.000133194)
(-1.64116e-10 -2.83495e-09 0.000128146)
(1.92467e-09 -1.85697e-09 0.000114543)
(1.32635e-09 -6.7775e-10 8.60473e-05)
(2.87453e-09 7.25738e-09 3.75039e-05)
(1.6733e-09 4.1635e-09 4.90228e-05)
(3.27644e-09 -2.93439e-10 0.000104706)
(2.33556e-09 -3.29688e-10 0.000129499)
(2.77035e-09 -2.42882e-09 0.000137785)
(3.94977e-10 -1.89555e-09 0.000139986)
(-1.22392e-09 -1.96338e-09 0.000139985)
(-3.36036e-09 -2.46466e-09 0.000137784)
(-3.21831e-09 -2.20157e-09 0.000129498)
(-4.15778e-09 -1.69097e-09 0.000104705)
(-3.67444e-10 6.78596e-09 4.90227e-05)
(1.63473e-09 -7.28518e-10 5.53211e-05)
(1.445e-09 -6.96572e-10 0.000113183)
(3.50236e-10 7.07151e-10 0.000134662)
(8.05731e-10 -3.29885e-10 0.000140172)
(-4.74102e-10 1.26996e-10 0.000141241)
(-1.06394e-09 1.64279e-10 0.000141241)
(-1.23364e-09 -4.5067e-11 0.000140172)
(-1.1564e-09 7.51679e-10 0.000134661)
(-2.98936e-09 -5.8786e-10 0.000113182)
(-1.38009e-09 7.61597e-10 5.53208e-05)
(1.51894e-09 3.33084e-09 5.53207e-05)
(1.23653e-09 5.15441e-10 0.000113183)
(2.1665e-10 3.45262e-10 0.000134662)
(8.93112e-10 -6.33601e-10 0.000140171)
(6.43324e-10 -6.54704e-10 0.000141241)
(1.97021e-10 -3.36136e-10 0.000141241)
(-1.21507e-10 -8.47498e-10 0.000140172)
(-3.78521e-10 1.31735e-10 0.000134661)
(-2.61182e-09 1.90602e-10 0.000113183)
(-1.51413e-09 9.6793e-10 5.53207e-05)
(2.56026e-09 -2.58219e-09 4.90226e-05)
(3.17007e-09 4.14682e-10 0.000104705)
(7.92625e-10 1.58401e-09 0.000129498)
(2.12959e-09 4.34309e-10 0.000137784)
(8.26832e-10 2.64211e-10 0.000139985)
(8.05786e-10 8.08738e-10 0.000139985)
(-1.38866e-09 1.01722e-09 0.000137784)
(-3.47236e-10 3.08855e-09 0.000129498)
(-2.30004e-09 -2.02856e-10 0.000104706)
(-1.99617e-09 -4.5347e-09 4.90227e-05)
(1.28604e-09 -3.06792e-09 3.75044e-05)
(2.35692e-09 4.848e-09 8.60478e-05)
(-1.70909e-09 7.79297e-10 0.000114543)
(1.05773e-09 -1.41361e-09 0.000128146)
(1.92925e-10 -5.3508e-10 0.000133194)
(4.6914e-10 1.96701e-10 0.000133194)
(-2.0016e-10 -1.0392e-09 0.000128146)
(1.72433e-09 2.10521e-09 0.000114543)
(-2.17395e-09 4.29779e-09 8.60469e-05)
(-2.96691e-11 -4.73696e-09 3.75036e-05)
(-4.9591e-09 -9.56952e-09 2.28717e-05)
(4.18647e-09 6.92731e-09 5.70453e-05)
(3.178e-09 5.79087e-10 8.29969e-05)
(2.2189e-09 -3.76632e-09 9.98737e-05)
(1.78377e-09 1.05602e-09 0.000107884)
(5.65754e-10 8.23465e-10 0.000107884)
(1.40623e-10 -1.26974e-09 9.98733e-05)
(-2.29201e-09 4.29292e-09 8.29962e-05)
(-3.93354e-09 8.79092e-09 5.70441e-05)
(5.74182e-09 -9.01916e-09 2.28704e-05)
(-1.66991e-08 -1.40421e-08 8.64528e-06)
(-2.00354e-09 1.57609e-09 2.16682e-05)
(9.36611e-10 -4.53639e-10 3.47448e-05)
(-5.68761e-09 -2.27971e-09 4.47497e-05)
(-3.44399e-09 1.9074e-09 5.00858e-05)
(-4.03864e-09 1.72416e-09 5.00855e-05)
(-1.61623e-09 1.87797e-09 4.47487e-05)
(-6.16637e-09 4.80861e-09 3.47428e-05)
(1.23846e-09 4.12842e-09 2.16664e-05)
(1.51503e-08 -1.11786e-08 8.64423e-06)
(-7.89748e-09 7.59986e-09 8.6449e-06)
(-3.5675e-09 8.86429e-10 2.16667e-05)
(-5.37318e-09 3.60871e-09 3.47419e-05)
(-7.75082e-09 1.34685e-09 4.47477e-05)
(-2.15438e-09 -1.60868e-09 5.0084e-05)
(-4.06169e-10 -1.6643e-09 5.00838e-05)
(3.21571e-09 -2.65425e-10 4.4748e-05)
(2.04263e-09 9.57391e-10 3.47422e-05)
(5.4716e-09 -1.0322e-09 2.16664e-05)
(1.48648e-08 1.08488e-08 8.64452e-06)
(-5.94931e-09 9.75997e-09 2.28711e-05)
(-3.25912e-09 6.48313e-10 5.70451e-05)
(-3.87467e-09 2.92565e-09 8.29966e-05)
(9.9848e-11 -7.73293e-10 9.98732e-05)
(2.4448e-09 -4.45554e-09 0.000107883)
(4.32431e-09 -4.27861e-09 0.000107883)
(7.78854e-09 -1.00031e-09 9.98731e-05)
(1.00485e-08 2.21244e-09 8.2997e-05)
(7.3454e-09 1.23589e-09 5.70456e-05)
(8.66331e-09 1.24807e-08 2.28708e-05)
(-3.77097e-09 7.56882e-09 3.75047e-05)
(-2.05487e-09 6.20525e-10 8.60483e-05)
(-1.41771e-09 -1.20398e-10 0.000114544)
(1.32371e-09 -3.68268e-09 0.000128146)
(1.11136e-09 -5.19653e-09 0.000133194)
(1.09178e-09 -4.83281e-09 0.000133194)
(1.32591e-09 -3.05209e-09 0.000128146)
(3.99473e-09 6.7878e-10 0.000114543)
(2.71809e-09 4.15276e-09 8.60481e-05)
(3.41917e-09 1.00151e-08 3.75045e-05)
(1.60021e-09 5.62309e-09 4.90227e-05)
(4.38707e-09 7.69273e-11 0.000104706)
(3.03769e-09 -8.11219e-10 0.0001295)
(2.72585e-09 -2.52447e-09 0.000137785)
(1.32229e-10 -3.00193e-09 0.000139986)
(-1.2267e-09 -2.65749e-09 0.000139986)
(-3.46593e-09 -2.64428e-09 0.000137785)
(-3.33629e-09 -4.39584e-10 0.000129499)
(-4.42559e-09 2.87651e-09 0.000104706)
(-1.54939e-09 6.15313e-09 4.90228e-05)
(1.10596e-09 -2.8082e-11 5.53212e-05)
(1.67905e-09 -1.16958e-09 0.000113184)
(1.09551e-09 -6.27219e-10 0.000134662)
(6.73973e-10 -9.20878e-10 0.000140172)
(-4.20842e-10 2.67082e-10 0.000141241)
(-6.9185e-10 -1.30589e-10 0.000141241)
(-1.98897e-09 -8.45328e-10 0.000140172)
(-1.79789e-09 1.47859e-09 0.000134662)
(-2.60459e-09 1.42481e-09 0.000113184)
(-1.29133e-09 3.0295e-10 5.53216e-05)
(1.26797e-09 1.94057e-09 5.5321e-05)
(1.53018e-09 -9.38801e-10 0.000113183)
(1.11309e-09 -7.53715e-10 0.000134662)
(1.82689e-09 -1.34411e-09 0.000140172)
(6.20096e-10 -3.81407e-10 0.000141241)
(-2.25585e-10 -1.40001e-09 0.000141241)
(-1.05706e-09 -1.89742e-09 0.000140172)
(-1.56144e-09 3.77561e-10 0.000134662)
(-2.55829e-09 -8.94043e-10 0.000113184)
(-1.40767e-09 8.10095e-10 5.53216e-05)
(2.87817e-09 -3.53254e-09 4.90227e-05)
(4.26537e-09 -2.80262e-09 0.000104705)
(2.69136e-09 -1.55839e-10 0.000129499)
(3.1312e-09 1.26353e-10 0.000137784)
(4.77845e-10 1.09122e-09 0.000139986)
(7.17948e-10 8.30258e-10 0.000139986)
(-1.54217e-09 -1.98552e-10 0.000137784)
(-1.25096e-09 1.05719e-09 0.000129499)
(-2.79667e-09 -2.20058e-09 0.000104706)
(-2.2681e-09 -3.53812e-09 4.90238e-05)
(-2.86778e-10 -6.51479e-09 3.75054e-05)
(-8.00345e-10 -1.62516e-09 8.60475e-05)
(-3.33529e-09 -1.26349e-09 0.000114543)
(1.01906e-09 -5.46677e-10 0.000128146)
(7.5399e-10 2.46824e-09 0.000133193)
(1.8336e-09 2.11671e-09 0.000133193)
(1.89644e-09 -6.63244e-10 0.000128145)
(4.90028e-09 -1.302e-09 0.000114543)
(1.44835e-09 -6.89379e-10 8.60471e-05)
(1.56079e-09 -7.71046e-09 3.75059e-05)
(-7.44114e-09 -1.17985e-08 2.28712e-05)
(-1.62195e-09 8.82503e-10 5.70437e-05)
(-1.80997e-09 -2.18158e-09 8.29954e-05)
(1.00515e-10 -2.34566e-09 9.98722e-05)
(9.01344e-10 1.8636e-09 0.000107882)
(1.68703e-09 1.88038e-09 0.000107882)
(3.32772e-09 -1.05612e-09 9.9872e-05)
(2.60356e-09 7.07349e-10 8.29945e-05)
(1.43625e-09 3.74259e-09 5.70429e-05)
(9.61229e-09 -1.36849e-08 2.28711e-05)
(-1.7643e-08 -1.32969e-08 8.64495e-06)
(-8.5803e-09 -1.79708e-09 2.16665e-05)
(-3.93159e-09 -2.59002e-09 3.47421e-05)
(-7.90243e-09 -2.43883e-09 4.47472e-05)
(-4.91742e-09 3.25949e-10 5.00829e-05)
(-3.21756e-09 1.3758e-09 5.00829e-05)
(-6.58809e-10 8.16746e-10 4.47465e-05)
(-2.15124e-09 2.00431e-09 3.47408e-05)
(5.4334e-09 1.02119e-09 2.16655e-05)
(1.58892e-08 -1.25535e-08 8.64437e-06)
(1.39677e-08 -1.17919e-08 8.6449e-06)
(1.52144e-08 -9.68086e-09 2.1667e-05)
(1.29882e-08 -1.94523e-09 3.47436e-05)
(5.27876e-09 3.28577e-09 4.47486e-05)
(7.38968e-10 1.71406e-09 5.00848e-05)
(-1.77694e-10 1.45398e-09 5.00847e-05)
(-4.49935e-09 3.0806e-09 4.47485e-05)
(-1.34694e-08 -2.45341e-09 3.47433e-05)
(-1.34652e-08 -7.8945e-09 2.16668e-05)
(-9.15758e-09 -8.49956e-09 8.64465e-06)
(-1.5397e-10 -3.72903e-09 2.2872e-05)
(-1.03341e-09 -9.20306e-09 5.70459e-05)
(-2.59759e-10 -1.99601e-09 8.29968e-05)
(-1.86191e-10 5.88118e-09 9.98725e-05)
(3.31468e-10 3.56653e-09 0.000107882)
(-1.02328e-10 3.10275e-09 0.000107883)
(-7.67357e-10 3.87014e-09 9.98726e-05)
(7.1249e-10 -2.99511e-09 8.29964e-05)
(1.9399e-09 -7.40535e-09 5.70451e-05)
(-2.46292e-10 -3.27143e-09 2.28711e-05)
(-2.45471e-09 6.67753e-09 3.7505e-05)
(-1.4889e-09 -3.62024e-09 8.60485e-05)
(-3.85427e-09 -5.11531e-09 0.000114544)
(-1.58118e-09 -1.18662e-09 0.000128146)
(1.32978e-09 7.39374e-10 0.000133194)
(1.19657e-09 7.0339e-10 0.000133194)
(2.99885e-09 -1.25413e-09 0.000128145)
(4.81091e-09 -3.587e-09 0.000114543)
(1.54625e-09 -2.36471e-09 8.60485e-05)
(6.00364e-10 4.55688e-09 3.75045e-05)
(1.47462e-09 3.69619e-10 4.90233e-05)
(1.76184e-09 -2.11934e-09 0.000104706)
(-2.56238e-10 -3.01661e-09 0.000129498)
(-5.55473e-10 -1.93638e-09 0.000137784)
(-7.4035e-10 -1.68046e-10 0.000139985)
(-1.41533e-10 1.05875e-10 0.000139986)
(-9.06561e-10 -7.2893e-10 0.000137784)
(8.77492e-11 -2.29103e-10 0.000129499)
(-2.4997e-09 -2.72283e-10 0.000104706)
(-2.54504e-09 -1.61006e-09 4.90229e-05)
(1.85177e-09 6.19173e-11 5.53211e-05)
(4.81401e-10 -4.44508e-10 0.000113183)
(-8.47592e-10 -6.25303e-10 0.000134662)
(3.83249e-10 -1.39108e-10 0.000140171)
(-8.34845e-10 7.30686e-10 0.000141241)
(-7.87595e-10 1.0475e-09 0.000141241)
(-1.48476e-09 -2.90838e-10 0.000140172)
(3.42929e-10 1.9683e-10 0.000134662)
(9.61826e-11 1.38101e-09 0.000113183)
(-1.12792e-09 4.78704e-10 5.53208e-05)
(1.73813e-09 -8.30739e-10 5.53211e-05)
(8.72075e-10 1.72076e-09 0.000113183)
(-1.0806e-09 -1.28978e-10 0.000134662)
(4.04653e-10 -6.94783e-10 0.000140172)
(5.34647e-11 5.67697e-10 0.000141241)
(-1.46177e-10 1.20492e-10 0.000141241)
(2.73569e-10 -1.06143e-09 0.000140172)
(1.39458e-09 -4.18865e-10 0.000134662)
(-6.78025e-10 4.18985e-09 0.000113183)
(-1.26961e-09 -3.51343e-10 5.53211e-05)
(1.77046e-09 -1.56977e-09 4.90234e-05)
(1.34794e-09 5.07033e-09 0.000104706)
(-1.38827e-09 7.50797e-10 0.000129498)
(4.26973e-10 -1.12817e-09 0.000137784)
(-3.77271e-10 1.60399e-09 0.000139986)
(1.62432e-10 3.25323e-10 0.000139986)
(6.56377e-10 -1.79348e-09 0.000137784)
(3.0506e-09 6.10944e-10 0.000129499)
(2.83837e-11 9.32104e-09 0.000104706)
(-1.20577e-09 8.33356e-10 4.90236e-05)
(-1.55687e-09 -4.50464e-09 3.75042e-05)
(-1.16886e-09 7.75416e-09 8.60482e-05)
(-4.11924e-09 2.77809e-09 0.000114543)
(-3.21415e-09 -3.19001e-09 0.000128145)
(-1.43511e-09 1.03807e-09 0.000133193)
(-1.01142e-11 -3.03213e-10 0.000133193)
(2.80897e-09 -4.97521e-09 0.000128145)
(2.73725e-09 7.75279e-10 0.000114543)
(-1.2268e-09 1.17707e-08 8.60482e-05)
(-1.28605e-10 2.40847e-09 3.75049e-05)
(1.23659e-09 6.34002e-09 2.28711e-05)
(1.87223e-09 1.23974e-08 5.70442e-05)
(1.73074e-10 7.45142e-10 8.29948e-05)
(-2.29437e-09 -7.38183e-09 9.98718e-05)
(-9.84303e-10 -2.6013e-09 0.000107882)
(2.32933e-10 -3.69583e-09 0.000107882)
(2.12241e-10 -8.25577e-09 9.98714e-05)
(-2.75548e-09 -2.46791e-10 8.29954e-05)
(-5.91986e-09 1.41717e-08 5.70452e-05)
(-5.95623e-09 1.29875e-08 2.28719e-05)
(6.32422e-09 6.53092e-09 8.6442e-06)
(1.57682e-08 9.7467e-09 2.16662e-05)
(1.55068e-08 2.57027e-09 3.47425e-05)
(5.50061e-09 -3.0118e-09 4.47475e-05)
(2.01078e-10 -1.68135e-09 5.00839e-05)
(-1.32886e-09 -2.02474e-09 5.00839e-05)
(-6.63486e-09 -2.70981e-09 4.47478e-05)
(-1.62511e-08 3.33842e-09 3.47434e-05)
(-2.08269e-08 1.14728e-08 2.16666e-05)
(-1.69363e-08 1.4163e-08 8.64475e-06)
(-1.41515e-08 1.07265e-08 8.64459e-06)
(-6.837e-09 9.49955e-10 2.16671e-05)
(-2.44336e-09 1.5281e-09 3.47455e-05)
(-5.7633e-09 1.02889e-09 4.47503e-05)
(-1.60643e-09 -1.96751e-09 5.00867e-05)
(-9.29554e-10 -7.4661e-10 5.00866e-05)
(2.53704e-09 -5.97496e-10 4.47501e-05)
(2.48851e-09 -3.85957e-10 3.47448e-05)
(8.91318e-09 2.25482e-10 2.16671e-05)
(1.80978e-08 1.40275e-08 8.64478e-06)
(-8.57189e-09 1.30083e-08 2.28712e-05)
(-4.04844e-09 7.82697e-10 5.70444e-05)
(-3.5892e-09 5.87708e-11 8.29962e-05)
(-1.05629e-09 2.77641e-11 9.9874e-05)
(1.7666e-09 -3.80068e-09 0.000107884)
(3.6413e-09 -3.01582e-09 0.000107884)
(5.78505e-09 -1.00903e-09 9.98739e-05)
(6.4222e-09 -4.05661e-10 8.29962e-05)
(4.36892e-09 2.18421e-10 5.70437e-05)
(9.84524e-09 1.53558e-08 2.2871e-05)
(-2.97219e-09 8.68207e-09 3.75034e-05)
(-8.54525e-10 7.12149e-10 8.60469e-05)
(-1.51302e-09 -2.19914e-09 0.000114542)
(1.65245e-09 -3.46853e-09 0.000128146)
(2.09461e-09 -3.51434e-09 0.000133194)
(1.17977e-09 -4.07873e-09 0.000133194)
(1.10714e-09 -2.04245e-09 0.000128147)
(2.61923e-09 2.73511e-10 0.000114543)
(4.37705e-10 3.12958e-09 8.60464e-05)
(2.61888e-09 9.69926e-09 3.75032e-05)
(1.94155e-09 5.25186e-09 4.90231e-05)
(4.70869e-09 9.31426e-10 0.000104705)
(2.22502e-09 -5.22974e-10 0.000129497)
(1.61265e-09 -2.99059e-09 0.000137784)
(-3.10359e-10 -2.45691e-09 0.000139986)
(-1.2961e-09 -2.11351e-09 0.000139985)
(-3.09299e-09 -2.04546e-09 0.000137784)
(-3.41258e-09 -6.91461e-10 0.000129498)
(-4.9756e-09 1.67196e-09 0.000104704)
(-1.86034e-09 4.95777e-09 4.90225e-05)
(1.09604e-09 4.45841e-10 5.53206e-05)
(8.80185e-10 9.52696e-10 0.000113182)
(-6.09333e-10 1.23901e-09 0.000134661)
(-4.50516e-11 -1.15243e-09 0.000140171)
(-5.55688e-10 -9.59162e-10 0.000141241)
(-6.37268e-10 -2.95079e-10 0.000141241)
(-1.28865e-09 -9.43163e-10 0.000140172)
(-9.05863e-10 -3.50213e-10 0.000134661)
(-1.34635e-09 1.28552e-09 0.000113181)
(-7.00206e-10 -1.15312e-10 5.53196e-05)
(1.35822e-09 2.48644e-09 5.53208e-05)
(1.18257e-09 2.33651e-09 0.000113182)
(-1.93814e-10 5.49497e-10 0.000134661)
(2.42407e-10 -2.28819e-09 0.000140171)
(-2.27544e-10 -1.29315e-09 0.000141241)
(-8.974e-10 -1.03434e-09 0.000141241)
(-1.37384e-09 -1.62658e-09 0.000140171)
(-3.58395e-10 -9.49065e-10 0.00013466)
(-2.10653e-09 1.23144e-10 0.000113181)
(-1.72099e-09 1.33867e-10 5.53198e-05)
(2.82699e-09 -2.07552e-09 4.90232e-05)
(4.60743e-09 2.01709e-09 0.000104705)
(2.59552e-09 1.43644e-09 0.000129498)
(2.51372e-09 -8.72294e-10 0.000137784)
(3.55971e-10 9.99825e-10 0.000139985)
(5.59173e-10 1.03411e-09 0.000139985)
(-1.30668e-09 -5.14772e-10 0.000137784)
(-5.66543e-10 1.29051e-09 0.000129498)
(-1.2649e-09 -1.34794e-09 0.000104705)
(-9.76911e-10 -4.39214e-09 4.90222e-05)
(-7.35416e-11 -4.58946e-09 3.75031e-05)
(3.4941e-10 2.86456e-09 8.6048e-05)
(-1.93744e-09 5.21511e-10 0.000114543)
(9.90227e-10 -1.53363e-09 0.000128146)
(5.3645e-10 1.8843e-09 0.000133194)
(1.15744e-09 2.37057e-09 0.000133195)
(2.08001e-09 -1.47309e-09 0.000128147)
(4.15185e-09 -6.74068e-10 0.000114543)
(1.65999e-09 8.44216e-10 8.60479e-05)
(2.6181e-09 -6.55212e-09 3.75026e-05)
(-5.36047e-09 -9.46616e-09 2.28711e-05)
(1.10662e-09 4.52329e-09 5.70454e-05)
(8.32426e-10 4.14363e-10 8.29962e-05)
(6.70251e-10 -3.03949e-09 9.9873e-05)
(4.81565e-10 1.08681e-09 0.000107883)
(1.82836e-09 1.24816e-09 0.000107884)
(4.52338e-09 -2.46003e-09 9.98737e-05)
(2.27686e-09 2.59845e-10 8.29974e-05)
(-1.65533e-09 5.73063e-09 5.70468e-05)
(5.62231e-09 -8.87509e-09 2.28715e-05)
(-1.21765e-08 -1.01476e-08 8.64459e-06)
(-5.51553e-09 -6.4544e-10 2.16673e-05)
(-2.01753e-09 -9.08574e-10 3.47446e-05)
(-5.62567e-09 -1.37549e-09 4.47496e-05)
(-3.34666e-09 6.39322e-10 5.00862e-05)
(-2.74578e-09 6.22137e-10 5.00866e-05)
(3.51593e-10 2.192e-10 4.47506e-05)
(-3.96327e-09 2.28274e-09 3.47458e-05)
(4.524e-10 3.22137e-09 2.16682e-05)
(1.18684e-08 -8.79997e-09 8.64497e-06)
(-1.30127e-08 9.4192e-09 8.64471e-06)
(-4.4619e-09 -2.50467e-10 2.16667e-05)
(-4.50006e-09 2.86208e-09 3.47435e-05)
(-7.68423e-09 1.85797e-09 4.47486e-05)
(-1.47055e-09 -1.18955e-09 5.00851e-05)
(-2.01503e-09 -9.73781e-10 5.0085e-05)
(7.36136e-10 -4.46731e-10 4.47487e-05)
(-1.45995e-09 -1.59485e-09 3.47437e-05)
(4.17173e-09 -1.68676e-09 2.16667e-05)
(1.3544e-08 9.62185e-09 8.64468e-06)
(-6.26439e-09 9.54432e-09 2.28709e-05)
(-4.23158e-09 7.62999e-10 5.70445e-05)
(-3.65931e-09 1.974e-09 8.29958e-05)
(-5.27115e-10 6.95022e-11 9.98728e-05)
(8.65198e-10 -3.09114e-09 0.000107883)
(2.11342e-09 -2.65727e-09 0.000107883)
(3.89821e-09 -7.35522e-10 9.98732e-05)
(4.53375e-09 -1.54136e-09 8.29966e-05)
(3.63852e-09 -1.53262e-09 5.70451e-05)
(7.02312e-09 9.90325e-09 2.28713e-05)
(-2.52152e-09 7.05457e-09 3.75037e-05)
(1.03295e-10 -3.71541e-10 8.60471e-05)
(-4.50759e-10 -1.68252e-09 0.000114543)
(2.09707e-09 -4.75474e-09 0.000128145)
(1.86228e-09 -3.42271e-09 0.000133194)
(1.12547e-09 -3.86104e-09 0.000133194)
(3.99999e-10 -3.17704e-09 0.000128146)
(1.77821e-09 -1.27952e-09 0.000114544)
(1.23821e-09 5.9718e-10 8.60472e-05)
(3.24314e-09 8.37778e-09 3.75037e-05)
(1.13556e-09 4.88159e-09 4.90234e-05)
(4.21375e-09 -7.86198e-10 0.000104706)
(2.39966e-09 -1.80534e-09 0.000129498)
(1.79639e-09 -3.77309e-09 0.000137784)
(-7.26439e-11 -2.84066e-09 0.000139985)
(-1.7471e-09 -2.52036e-09 0.000139986)
(-3.15384e-09 -2.84076e-09 0.000137785)
(-3.82599e-09 -2.00008e-09 0.000129499)
(-5.40883e-09 -1.61395e-09 0.000104705)
(-8.97497e-10 6.28508e-09 4.90229e-05)
(1.16924e-09 -6.39136e-10 5.53209e-05)
(1.30512e-09 2.51235e-11 0.000113183)
(3.76089e-11 5.69186e-10 0.000134661)
(-4.94828e-11 -1.01754e-09 0.000140171)
(-7.3495e-10 -1.0779e-09 0.000141241)
(-4.68274e-10 -1.07485e-10 0.000141241)
(-1.62197e-09 -4.4528e-10 0.000140171)
(-1.26042e-09 2.07249e-12 0.000134661)
(-2.32632e-09 -1.33816e-09 0.000113182)
(-1.61417e-09 1.15317e-09 5.53208e-05)
(1.32276e-09 2.17396e-09 5.53212e-05)
(1.29161e-09 1.5016e-09 0.000113183)
(-1.24496e-10 6.19639e-10 0.000134662)
(2.24279e-10 -2.10581e-09 0.000140171)
(2.17248e-10 -1.17469e-09 0.000141241)
(8.5174e-10 -1.25027e-09 0.000141241)
(-8.85236e-11 -1.96245e-09 0.000140172)
(-8.42222e-10 -8.63506e-10 0.000134661)
(-2.2561e-09 -8.52562e-10 0.000113182)
(-1.68255e-09 1.34437e-09 5.5321e-05)
(2.77413e-09 -2.34801e-09 4.90236e-05)
(3.63986e-09 2.22049e-10 0.000104706)
(2.03196e-09 2.11656e-09 0.000129498)
(3.53723e-09 -2.48392e-10 0.000137784)
(1.29907e-09 6.38193e-10 0.000139985)
(1.09954e-09 4.56327e-10 0.000139985)
(-7.01497e-10 -8.95936e-10 0.000137784)
(4.79834e-10 5.27313e-10 0.000129498)
(-1.7446e-09 -1.18993e-09 0.000104706)
(-2.45604e-09 -2.97032e-09 4.90233e-05)
(9.17133e-10 -3.3064e-09 3.75043e-05)
(1.29986e-09 3.09027e-09 8.60483e-05)
(-1.04163e-09 1.09255e-09 0.000114543)
(2.1385e-09 -1.07601e-09 0.000128146)
(1.41598e-09 1.24819e-09 0.000133194)
(2.18239e-09 5.56581e-10 0.000133194)
(1.47264e-09 -2.04039e-09 0.000128146)
(2.77808e-09 -2.5989e-10 0.000114543)
(-1.50075e-09 2.59471e-09 8.6048e-05)
(-5.89529e-10 -4.08438e-09 3.75038e-05)
(-5.6909e-09 -8.24669e-09 2.2871e-05)
(1.77344e-09 5.86307e-09 5.70448e-05)
(1.22096e-09 -2.22691e-10 8.29959e-05)
(1.5054e-09 -3.20029e-09 9.98723e-05)
(1.02996e-09 1.01501e-09 0.000107882)
(1.39763e-11 -2.8158e-11 0.000107883)
(1.41123e-09 -2.78689e-09 9.98731e-05)
(-1.293e-09 1.93773e-09 8.2996e-05)
(-3.17328e-09 7.39147e-09 5.70449e-05)
(5.96886e-09 -8.74424e-09 2.28711e-05)
(-1.1169e-08 -9.09623e-09 8.64452e-06)
(-2.85771e-09 1.15877e-09 2.16664e-05)
(2.31497e-10 -8.70686e-10 3.47432e-05)
(-4.51586e-09 -1.28406e-09 4.47482e-05)
(-2.02106e-09 8.8784e-10 5.00843e-05)
(-2.77457e-09 7.16474e-10 5.00848e-05)
(-1.27683e-09 4.8489e-10 4.47486e-05)
(-4.54043e-09 2.91227e-09 3.47431e-05)
(1.82768e-09 3.0353e-09 2.16668e-05)
(1.21776e-08 -9.28008e-09 8.64475e-06)
(-1.33376e-08 9.38444e-09 8.6447e-06)
(-6.52934e-09 7.123e-10 2.16669e-05)
(-3.91447e-09 2.34596e-09 3.47435e-05)
(-6.73205e-09 1.46152e-09 4.47486e-05)
(-2.46957e-09 -2.24816e-09 5.00854e-05)
(-2.10552e-09 -1.78826e-09 5.00853e-05)
(2.37876e-09 -7.2195e-11 4.47489e-05)
(-7.83978e-13 -1.01354e-09 3.47437e-05)
(4.31473e-09 -1.96667e-10 2.16668e-05)
(1.10252e-08 7.89677e-09 8.64467e-06)
(-6.67878e-09 1.06215e-08 2.28709e-05)
(-3.41234e-09 1.20253e-10 5.70446e-05)
(-2.68788e-09 1.5317e-09 8.29956e-05)
(6.47808e-10 -5.53436e-10 9.98722e-05)
(1.2921e-09 -4.19654e-09 0.000107883)
(1.58052e-09 -3.67646e-09 0.000107883)
(3.28556e-09 -1.76594e-09 9.98732e-05)
(5.57063e-09 -7.50806e-10 8.29959e-05)
(5.93606e-09 1.37437e-09 5.70444e-05)
(7.20126e-09 1.02105e-08 2.28714e-05)
(-2.66799e-09 8.50332e-09 3.7504e-05)
(-2.22065e-10 5.8975e-10 8.60472e-05)
(-1.53481e-09 -5.80241e-10 0.000114543)
(1.36786e-09 -3.16954e-09 0.000128146)
(1.56428e-09 -4.17749e-09 0.000133194)
(1.38281e-09 -4.623e-09 0.000133194)
(1.75021e-09 -3.88389e-09 0.000128146)
(3.4491e-09 4.28954e-10 0.000114543)
(1.8071e-09 2.73254e-09 8.60476e-05)
(3.50852e-09 9.57641e-09 3.75043e-05)
(1.50003e-09 5.418e-09 4.9023e-05)
(4.22784e-09 3.96873e-10 0.000104706)
(2.24316e-09 -1.11261e-10 0.000129498)
(2.04418e-09 -2.11658e-09 0.000137784)
(5.46556e-10 -2.76198e-09 0.000139985)
(-9.03375e-10 -3.36205e-09 0.000139986)
(-2.65464e-09 -3.46038e-09 0.000137784)
(-2.43739e-09 5.74019e-10 0.000129499)
(-3.94017e-09 1.64161e-09 0.000104706)
(-8.95913e-10 5.86436e-09 4.90234e-05)
(1.43528e-09 -3.41085e-10 5.53212e-05)
(1.69935e-09 -1.28696e-11 0.000113183)
(3.06802e-10 1.23925e-09 0.000134661)
(1.09874e-09 -9.5768e-10 0.000140171)
(-1.139e-11 -2.14176e-10 0.000141241)
(-9.02457e-10 -4.65239e-10 0.000141241)
(-1.54948e-09 -8.1099e-10 0.000140172)
(-1.16565e-09 1.89309e-09 0.000134662)
(-2.55861e-09 1.10767e-09 0.000113183)
(-1.70116e-09 -6.52043e-10 5.53212e-05)
(1.21487e-09 3.57726e-09 5.53212e-05)
(1.88303e-09 2.71135e-09 0.000113183)
(4.53751e-10 4.20826e-10 0.000134662)
(4.79517e-10 -2.39699e-09 0.000140171)
(-1.97913e-10 -1.38278e-09 0.000141241)
(-3.87283e-10 -1.39649e-09 0.000141241)
(-1.13686e-09 -1.43256e-09 0.000140172)
(-1.10532e-09 6.46413e-10 0.000134662)
(-1.79474e-09 7.89417e-10 0.000113183)
(-1.43053e-09 1.37865e-09 5.53214e-05)
(2.85043e-09 -2.33082e-09 4.90235e-05)
(4.13082e-09 1.76878e-09 0.000104706)
(2.09451e-09 1.26473e-09 0.000129498)
(3.42244e-09 -1.87385e-10 0.000137784)
(7.37988e-10 4.64439e-10 0.000139985)
(2.13957e-10 7.51914e-10 0.000139985)
(-2.20349e-09 -2.22564e-12 0.000137785)
(-2.4173e-09 2.55838e-09 0.000129499)
(-3.27775e-09 1.93845e-10 0.000104706)
(-1.77731e-09 -3.68037e-09 4.90234e-05)
(-6.02307e-11 -5.13913e-09 3.75042e-05)
(1.54918e-09 3.91904e-09 8.60475e-05)
(-1.18978e-09 2.82275e-10 0.000114542)
(2.44896e-09 -2.25653e-10 0.000128146)
(1.04105e-09 1.32264e-09 0.000133194)
(1.76805e-09 1.10914e-09 0.000133194)
(1.12062e-09 -4.92981e-13 0.000128146)
(2.50312e-09 1.06609e-09 0.000114543)
(-1.01376e-09 2.28822e-09 8.60478e-05)
(5.65853e-12 -5.20477e-09 3.75039e-05)
(-5.57253e-09 -8.33189e-09 2.2871e-05)
(2.34184e-09 6.68228e-09 5.70446e-05)
(1.6709e-09 -2.90454e-10 8.29959e-05)
(2.01492e-09 -2.95056e-09 9.9873e-05)
(1.88047e-09 1.23657e-09 0.000107883)
(1.97719e-09 1.12626e-09 0.000107883)
(1.96199e-09 -4.12365e-10 9.98735e-05)
(-1.48557e-10 3.56926e-09 8.29963e-05)
(-5.93415e-10 5.03005e-09 5.70445e-05)
(5.76395e-09 -8.85728e-09 2.2871e-05)
(-1.10948e-08 -8.30428e-09 8.64451e-06)
(-8.16182e-10 2.67585e-09 2.16668e-05)
(1.64285e-09 -2.95009e-10 3.4744e-05)
(-5.57705e-09 -2.00724e-09 4.47489e-05)
(-2.58804e-09 6.8626e-10 5.00849e-05)
(-2.16447e-09 1.33594e-09 5.0085e-05)
(-2.45297e-10 1.05722e-09 4.47487e-05)
(-3.62212e-09 3.57007e-09 3.47436e-05)
(3.16035e-09 2.01939e-09 2.16667e-05)
(1.33206e-08 -9.51423e-09 8.64479e-06)
(-1.41667e-08 1.04728e-08 8.6444e-06)
(-5.06462e-09 5.8531e-11 2.1667e-05)
(-4.00879e-09 2.58112e-09 3.47437e-05)
(-7.67315e-09 1.10707e-09 4.47491e-05)
(-1.17241e-09 -2.05834e-09 5.00854e-05)
(-9.39727e-10 -1.21481e-09 5.00852e-05)
(3.43022e-09 3.65784e-10 4.47487e-05)
(1.14683e-09 -8.47038e-10 3.47436e-05)
(4.4384e-09 -1.75102e-09 2.16672e-05)
(1.32605e-08 1.02122e-08 8.64481e-06)
(-4.85732e-09 9.28605e-09 2.28708e-05)
(-1.20177e-09 -2.37708e-09 5.70441e-05)
(-2.31131e-09 9.34499e-10 8.29962e-05)
(6.57462e-10 -3.25694e-10 9.98735e-05)
(1.25741e-09 -4.16727e-09 0.000107884)
(2.02137e-09 -2.33073e-09 0.000107884)
(3.9211e-09 5.07636e-10 9.98731e-05)
(4.97115e-09 -3.37567e-10 8.29964e-05)
(4.04172e-09 -1.64007e-09 5.70451e-05)
(7.89096e-09 1.15575e-08 2.28717e-05)
(-2.22564e-09 7.25284e-09 3.75033e-05)
(3.3919e-10 -2.04589e-09 8.60468e-05)
(-4.16022e-10 -2.38779e-09 0.000114543)
(1.42954e-09 -3.3686e-09 0.000128146)
(9.60731e-10 -3.68568e-09 0.000133194)
(4.58386e-10 -3.07584e-09 0.000133194)
(3.60432e-10 -2.33803e-09 0.000128146)
(1.9125e-09 -9.38273e-10 0.000114543)
(5.34145e-10 1.18195e-09 8.6048e-05)
(2.80119e-09 8.51369e-09 3.75047e-05)
(1.95247e-09 5.24366e-09 4.90221e-05)
(4.78551e-09 -4.01763e-10 0.000104704)
(2.59579e-09 -1.92773e-09 0.000129498)
(1.78448e-09 -3.02557e-09 0.000137784)
(-1.02194e-10 -2.01276e-09 0.000139986)
(-1.72886e-09 -2.26575e-09 0.000139985)
(-3.74093e-09 -2.39507e-09 0.000137784)
(-3.741e-09 -2.10737e-09 0.000129498)
(-5.0993e-09 3.96947e-10 0.000104706)
(-1.46112e-09 6.12743e-09 4.90232e-05)
(1.49173e-09 -3.26882e-11 5.53206e-05)
(1.47441e-09 -3.77023e-10 0.000113182)
(1.71988e-10 4.43069e-10 0.000134661)
(8.03736e-10 -1.45228e-09 0.000140172)
(-2.88972e-10 -5.85448e-10 0.000141241)
(-4.6961e-10 1.33811e-10 0.000141241)
(-1.10493e-09 -6.51766e-10 0.000140172)
(-1.15403e-09 3.10558e-11 0.000134662)
(-2.59874e-09 1.75701e-10 0.000113183)
(-1.64302e-09 6.39053e-10 5.5321e-05)
(9.86865e-10 2.88531e-09 5.53207e-05)
(1.54679e-09 1.44252e-09 0.000113182)
(6.33476e-10 6.70971e-10 0.000134661)
(2.19183e-10 -2.6181e-09 0.000140172)
(-1.50854e-11 -2.31282e-09 0.000141241)
(1.57997e-10 -1.43011e-09 0.000141241)
(-2.10712e-10 -2.19457e-09 0.000140171)
(-4.03936e-10 -3.79312e-10 0.000134662)
(-2.01861e-09 1.2708e-09 0.000113183)
(-1.33053e-09 2.02427e-09 5.53212e-05)
(2.76101e-09 -1.42035e-09 4.90229e-05)
(3.68713e-09 1.55198e-09 0.000104705)
(1.73731e-09 1.2313e-09 0.000129498)
(2.73125e-09 -1.89955e-10 0.000137784)
(-1.27406e-10 -4.0789e-10 0.000139986)
(-4.02398e-10 -3.46093e-10 0.000139986)
(-1.51381e-09 -2.0373e-10 0.000137784)
(-8.72439e-10 2.1873e-09 0.000129498)
(-2.97957e-09 2.00803e-09 0.000104706)
(-2.12659e-09 -2.73404e-09 4.90229e-05)
(1.71931e-09 -2.53904e-09 3.75042e-05)
(2.48682e-09 4.50679e-09 8.60476e-05)
(-2.81545e-10 8.18852e-10 0.000114543)
(3.10055e-09 -5.08743e-11 0.000128146)
(8.97731e-10 8.74855e-10 0.000133194)
(1.43666e-09 1.08419e-09 0.000133194)
(8.84475e-10 -8.12721e-10 0.000128146)
(2.5341e-09 1.53793e-09 0.000114543)
(-1.57909e-09 4.74213e-09 8.60478e-05)
(-2.26921e-10 -4.51048e-09 3.75039e-05)
(-3.97033e-09 -7.61518e-09 2.28714e-05)
(3.86027e-09 5.05437e-09 5.70451e-05)
(2.20267e-09 -7.06632e-10 8.29962e-05)
(8.01181e-10 -2.17916e-09 9.98731e-05)
(1.02751e-09 2.31486e-09 0.000107883)
(1.6167e-09 1.71459e-09 0.000107884)
(2.03972e-09 -1.88286e-09 9.98731e-05)
(-9.9609e-10 2.52944e-09 8.29965e-05)
(-3.61356e-09 8.68958e-09 5.70451e-05)
(5.47963e-09 -8.06304e-09 2.28713e-05)
(-1.35566e-08 -1.01524e-08 8.64482e-06)
(-4.31805e-09 -1.74093e-10 2.1667e-05)
(-2.33873e-09 -2.62173e-09 3.47437e-05)
(-7.36396e-09 -1.62453e-09 4.47491e-05)
(-3.14356e-09 1.8555e-09 5.00853e-05)
(-2.60563e-09 1.47512e-09 5.00855e-05)
(-6.44008e-10 3.79394e-10 4.47489e-05)
(-5.1975e-09 2.53142e-09 3.47442e-05)
(-1.23611e-09 4.92714e-09 2.16674e-05)
(9.93898e-09 -7.24529e-09 8.64486e-06)
(-1.61991e-08 1.33071e-08 8.64461e-06)
(-1.01497e-08 1.80932e-09 2.1666e-05)
(-7.06706e-09 2.05652e-09 3.47415e-05)
(-6.70177e-09 -8.97284e-11 4.47473e-05)
(-1.10356e-09 -1.42167e-09 5.00835e-05)
(-1.69784e-10 -8.33005e-10 5.00833e-05)
(3.11515e-09 -7.89383e-11 4.4747e-05)
(3.69473e-09 6.20485e-10 3.47422e-05)
(8.67101e-09 1.54939e-09 2.16664e-05)
(1.29284e-08 9.47686e-09 8.64448e-06)
(-1.32683e-08 1.75906e-08 2.28721e-05)
(-1.12511e-08 5.10817e-09 5.70443e-05)
(-8.83322e-09 1.5945e-09 8.29948e-05)
(-4.98471e-09 -2.29276e-09 9.98714e-05)
(-2.24053e-09 -4.30851e-09 0.000107881)
(7.86902e-10 -3.31651e-09 0.000107881)
(3.70981e-09 -1.43568e-09 9.98711e-05)
(6.39147e-09 1.75394e-09 8.29957e-05)
(5.99458e-09 3.07366e-09 5.70467e-05)
(9.30374e-09 1.31233e-08 2.28722e-05)
(-6.06428e-09 1.25841e-08 3.75055e-05)
(-4.13065e-09 6.17993e-09 8.60488e-05)
(-4.41853e-09 4.7163e-10 0.000114544)
(-2.23872e-09 -4.80102e-09 0.000128145)
(-1.02081e-09 -5.16629e-09 0.000133192)
(-1.33406e-09 -4.86726e-09 0.000133192)
(-4.26799e-11 -4.12664e-09 0.000128144)
(2.96272e-09 7.88426e-10 0.000114544)
(2.02934e-09 4.67352e-09 8.605e-05)
(4.12969e-09 1.00796e-08 3.75057e-05)
(6.37626e-10 7.84268e-09 4.90241e-05)
(4.49474e-09 3.38926e-09 0.000104706)
(2.45303e-09 -3.55792e-13 0.000129499)
(1.64874e-09 -3.58882e-09 0.000137784)
(5.53556e-10 -3.28372e-09 0.000139985)
(-1.75346e-09 -3.3231e-09 0.000139985)
(-3.51035e-09 -3.7874e-09 0.000137784)
(-4.08372e-09 -7.26159e-10 0.000129499)
(-5.46883e-09 2.25648e-09 0.000104706)
(-1.14886e-09 5.71216e-09 4.90234e-05)
(1.02452e-09 1.24486e-09 5.53216e-05)
(1.84898e-09 1.15452e-09 0.000113183)
(7.33535e-10 1.34269e-09 0.000134662)
(8.76738e-10 -7.62816e-10 0.000140172)
(1.1113e-10 -4.45838e-10 0.000141241)
(-8.21822e-10 -7.36451e-10 0.000141241)
(-1.38015e-09 -1.14281e-09 0.000140171)
(-2.01513e-09 8.47109e-10 0.000134662)
(-3.06821e-09 9.20484e-10 0.000113183)
(-9.39846e-10 1.8826e-10 5.53215e-05)
(1.04174e-09 2.93142e-09 5.53213e-05)
(2.10872e-09 1.89064e-09 0.000113182)
(1.51277e-09 -2.59022e-10 0.000134662)
(1.43068e-09 -1.70834e-09 0.000140172)
(6.64152e-10 -9.6744e-10 0.000141241)
(-2.93827e-10 -1.21899e-09 0.000141241)
(-6.59499e-10 -2.07049e-09 0.000140172)
(-1.26261e-09 1.54285e-10 0.000134662)
(-2.11266e-09 -1.59271e-10 0.000113183)
(-5.97338e-10 8.87766e-10 5.53213e-05)
(2.15436e-09 -2.93867e-09 4.90232e-05)
(4.35623e-09 6.95766e-10 0.000104705)
(2.54505e-09 2.78731e-10 0.000129499)
(3.03051e-09 -1.65376e-10 0.000137785)
(8.45503e-10 1.03055e-09 0.000139986)
(4.4319e-10 5.15751e-10 0.000139986)
(-9.64132e-10 -5.35121e-10 0.000137785)
(-1.70389e-09 1.03918e-09 0.0001295)
(-3.75621e-09 -9.89924e-10 0.000104706)
(-1.76076e-09 -3.88177e-09 4.9023e-05)
(-9.65719e-10 -5.75901e-09 3.75045e-05)
(1.70825e-10 2.04872e-09 8.60484e-05)
(-2.61723e-09 -5.50086e-10 0.000114544)
(6.20012e-10 -1.16375e-09 0.000128146)
(-7.95798e-11 1.61446e-09 0.000133193)
(1.50924e-09 1.70255e-09 0.000133193)
(2.00975e-09 -6.40927e-10 0.000128145)
(4.48804e-09 -1.32312e-09 0.000114544)
(8.66977e-10 -8.70574e-10 8.60492e-05)
(5.59922e-10 -6.58198e-09 3.75054e-05)
(-7.16351e-09 -1.14106e-08 2.28717e-05)
(1.77982e-09 3.89751e-09 5.70455e-05)
(-1.62199e-10 -1.09804e-09 8.29954e-05)
(-8.40323e-10 -2.73112e-09 9.98723e-05)
(5.17444e-10 1.04563e-09 0.000107882)
(1.58964e-09 1.54709e-09 0.000107882)
(2.90744e-09 -1.19865e-09 9.98718e-05)
(2.22189e-09 1.04009e-09 8.29953e-05)
(5.62513e-10 3.05672e-09 5.70458e-05)
(6.67066e-09 -1.08023e-08 2.28718e-05)
(-1.47553e-08 -1.17587e-08 8.64496e-06)
(-6.1555e-09 -6.29986e-10 2.16669e-05)
(-1.52044e-09 -8.15901e-10 3.47422e-05)
(-6.44939e-09 -1.32192e-09 4.47477e-05)
(-3.43347e-09 5.29045e-10 5.00839e-05)
(-2.56074e-09 8.7059e-10 5.0084e-05)
(-2.80237e-10 6.54275e-10 4.47475e-05)
(-2.03513e-09 1.7284e-09 3.4742e-05)
(3.90576e-09 1.60962e-09 2.16666e-05)
(1.46638e-08 -1.08753e-08 8.64459e-06)
(4.93799e-09 -4.87216e-09 8.64481e-06)
(9.80773e-09 -5.70616e-09 2.16664e-05)
(9.72922e-09 -2.73397e-09 3.47433e-05)
(4.47992e-09 2.39236e-09 4.47482e-05)
(3.11624e-10 3.31577e-10 5.00847e-05)
(-6.82625e-10 9.18148e-10 5.00846e-05)
(-3.59238e-09 2.42094e-09 4.47485e-05)
(-8.88155e-09 -3.16607e-09 3.47433e-05)
(-8.73234e-09 -6.17862e-09 2.16663e-05)
(-4.26228e-09 -3.85695e-09 8.64451e-06)
(6.58503e-09 -9.98618e-09 2.28717e-05)
(5.63958e-09 -8.2999e-09 5.70449e-05)
(5.92217e-09 -4.66327e-09 8.29961e-05)
(4.59133e-09 4.20441e-09 9.98721e-05)
(3.43398e-09 1.67846e-09 0.000107882)
(9.389e-10 2.15019e-09 0.000107882)
(-1.39458e-09 4.53773e-09 9.98723e-05)
(-2.08117e-09 -5.1562e-09 8.29958e-05)
(1.57334e-09 -5.6933e-09 5.70446e-05)
(2.03247e-09 2.01369e-10 2.28712e-05)
(-1.00703e-09 -8.25697e-10 3.7505e-05)
(-2.48898e-09 -4.49932e-09 8.60482e-05)
(6.27557e-10 -8.5975e-09 0.000114543)
(6.4379e-10 -3.43463e-10 0.000128145)
(2.37458e-11 1.42916e-09 0.000133193)
(-1.86819e-09 1.38462e-09 0.000133193)
(-3.22355e-09 -3.00146e-10 0.000128145)
(-3.2203e-09 -9.22517e-09 0.000114543)
(9.78076e-11 -2.89428e-09 8.60481e-05)
(3.15098e-09 6.67404e-09 3.75043e-05)
(9.53178e-10 1.39201e-09 4.90235e-05)
(3.34254e-09 -4.27412e-09 0.000104706)
(2.00934e-09 -6.58969e-09 0.000129498)
(-8.89158e-10 -8.55399e-10 0.000137784)
(-5.3857e-10 1.12603e-09 0.000139985)
(-1.44267e-10 7.75527e-10 0.000139985)
(3.4518e-10 -1.27561e-09 0.000137784)
(-1.26505e-09 -7.09768e-09 0.000129498)
(-2.03065e-09 -2.85694e-09 0.000104706)
(1.17368e-09 5.01201e-09 4.90232e-05)
(-1.13055e-10 -6.16257e-10 5.53214e-05)
(1.24378e-09 -3.14232e-09 0.000113183)
(3.20464e-10 -1.9593e-09 0.000134662)
(-1.4054e-09 4.71971e-10 0.000140172)
(-4.85432e-10 7.13256e-10 0.000141241)
(-3.68855e-10 4.49872e-10 0.000141241)
(9.71253e-10 -6.36994e-10 0.000140171)
(-6.35491e-10 -1.71728e-09 0.000134662)
(-3.19411e-09 -1.59481e-09 0.000113183)
(-6.173e-10 3.64752e-09 5.53212e-05)
(-3.66564e-10 2.62654e-09 5.53207e-05)
(1.64597e-09 -1.90156e-09 0.000113183)
(1.3284e-09 -2.84793e-10 0.000134662)
(-1.07694e-09 1.1588e-10 0.000140172)
(-1.61441e-10 4.04173e-11 0.000141241)
(-6.3622e-11 -5.62742e-10 0.000141241)
(1.23111e-09 -8.60761e-10 0.000140171)
(-1.56653e-09 6.82333e-10 0.000134661)
(-2.75663e-09 -2.55682e-09 0.000113183)
(-7.04436e-11 1.25577e-09 5.5321e-05)
(2.72757e-09 -2.56922e-10 4.90231e-05)
(4.19375e-09 -3.57419e-09 0.000104706)
(1.4444e-09 4.86149e-09 0.000129499)
(5.95159e-10 1.611e-09 0.000137784)
(6.65148e-10 -3.61598e-10 0.000139986)
(-3.81005e-10 -1.23733e-09 0.000139986)
(1.02588e-09 -2.95448e-10 0.000137785)
(2.00761e-09 4.13375e-09 0.000129499)
(1.31857e-09 -1.92449e-09 0.000104706)
(-4.84531e-10 1.63448e-09 4.90229e-05)
(9.33334e-10 -3.76734e-09 3.75041e-05)
(-5.34736e-10 -2.46081e-09 8.60477e-05)
(4.67319e-10 9.03901e-09 0.000114544)
(2.70403e-09 9.23436e-10 0.000128146)
(1.20295e-09 1.50825e-10 0.000133194)
(-1.19396e-09 -4.5921e-10 0.000133194)
(-2.97305e-09 -1.00253e-09 0.000128146)
(-1.83707e-09 6.43611e-09 0.000114544)
(-1.79553e-09 4.8773e-10 8.60476e-05)
(-4.01354e-09 3.5224e-09 3.75043e-05)
(-1.10112e-09 -2.59381e-09 2.28713e-05)
(-3.48877e-09 1.53419e-10 5.70447e-05)
(-7.90578e-11 6.75543e-09 8.29963e-05)
(2.91427e-10 -2.0697e-09 9.98727e-05)
(-1.09159e-09 -2.31327e-11 0.000107882)
(-3.0702e-10 -5.93818e-10 0.000107883)
(-3.15733e-09 -3.48119e-09 9.98725e-05)
(-4.56579e-09 6.47965e-09 8.29962e-05)
(-3.24305e-09 3.89424e-09 5.70447e-05)
(-4.77291e-09 4.36855e-09 2.28713e-05)
(-4.05829e-09 -2.85342e-09 8.64473e-06)
(-2.07993e-09 -2.50639e-10 2.1667e-05)
(4.01081e-09 2.96796e-09 3.47435e-05)
(1.74478e-09 -1.43785e-09 4.47487e-05)
(-1.23595e-09 -5.08119e-10 5.00847e-05)
(3.86629e-10 -6.51503e-10 5.00848e-05)
(-3.25578e-09 -1.71606e-09 4.47484e-05)
(-7.90652e-09 4.61912e-09 3.47432e-05)
(-4.56593e-09 3.1719e-09 2.16666e-05)
(-1.58629e-09 1.28582e-09 8.64462e-06)
(-1.28408e-08 1.00674e-08 8.64492e-06)
(-6.83035e-09 6.88397e-10 2.16678e-05)
(-6.38727e-09 3.71147e-09 3.47456e-05)
(-7.19961e-09 4.88029e-10 4.47505e-05)
(-1.27565e-09 -2.10047e-09 5.00865e-05)
(-1.44592e-10 -1.19544e-09 5.00862e-05)
(3.92266e-09 7.87952e-10 4.47503e-05)
(1.44602e-09 1.96994e-11 3.47454e-05)
(6.04894e-09 -1.97594e-10 2.16674e-05)
(1.55702e-08 1.10279e-08 8.64464e-06)
(-9.20216e-09 1.34316e-08 2.28707e-05)
(-5.66644e-09 1.65231e-09 5.70452e-05)
(-6.16061e-09 2.54775e-09 8.29981e-05)
(-7.72163e-10 -2.24434e-09 9.98749e-05)
(2.07498e-09 -4.05071e-09 0.000107885)
(2.49626e-09 -2.82596e-09 0.000107885)
(4.68252e-09 -3.60317e-10 9.98752e-05)
(7.19816e-09 1.37536e-09 8.29974e-05)
(6.27864e-09 1.84519e-09 5.70436e-05)
(8.21491e-09 1.18815e-08 2.28702e-05)
(-4.05437e-09 1.0507e-08 3.75027e-05)
(-1.87257e-09 2.89485e-09 8.60462e-05)
(-2.62111e-09 -7.43893e-10 0.000114542)
(-4.17778e-10 -4.3858e-09 0.000128147)
(1.31534e-10 -3.23535e-09 0.000133195)
(-1.85598e-10 -3.38154e-09 0.000133195)
(3.4629e-10 -2.85386e-09 0.000128147)
(2.17198e-09 2.98026e-10 0.000114542)
(8.13067e-11 1.39715e-09 8.60457e-05)
(2.61953e-09 7.93106e-09 3.75021e-05)
(6.27025e-10 6.70248e-09 4.90213e-05)
(4.07962e-09 1.67998e-09 0.000104704)
(3.38031e-09 -5.16073e-10 0.000129497)
(2.18337e-09 -2.13788e-09 0.000137784)
(5.26082e-10 -1.88373e-09 0.000139986)
(-4.92674e-10 -1.99054e-09 0.000139986)
(-2.79253e-09 -2.18066e-09 0.000137784)
(-3.73358e-09 -5.13101e-10 0.000129497)
(-4.49314e-09 -3.00046e-10 0.000104705)
(-6.96967e-10 4.85056e-09 4.90223e-05)
(7.72816e-10 -3.676e-11 5.53198e-05)
(1.65246e-09 -2.07443e-10 0.000113182)
(1.3036e-09 6.32271e-10 0.00013466)
(4.0698e-10 -1.15309e-10 0.000140171)
(-3.79412e-10 -7.64723e-10 0.000141241)
(-4.96561e-10 7.40944e-12 0.000141241)
(-9.52896e-10 -6.88882e-10 0.000140171)
(-1.18417e-09 1.06425e-09 0.00013466)
(-2.89491e-09 5.70199e-11 0.000113182)
(-1.29265e-09 6.57189e-10 5.53204e-05)
(7.27625e-10 2.45043e-09 5.53198e-05)
(1.1454e-09 -4.87877e-11 0.000113182)
(5.46703e-10 5.70226e-11 0.00013466)
(2.17187e-10 -4.50557e-10 0.000140171)
(4.42572e-10 -1.21985e-09 0.000141241)
(3.79222e-11 -9.35126e-10 0.000141241)
(-6.7678e-10 -1.07618e-09 0.000140171)
(-1.41452e-09 -7.21004e-10 0.00013466)
(-2.8305e-09 -4.43895e-10 0.000113183)
(-1.12024e-09 6.8474e-10 5.53204e-05)
(2.33732e-09 -2.29324e-09 4.90224e-05)
(3.30755e-09 -2.5252e-10 0.000104706)
(3.63678e-10 1.07611e-09 0.000129497)
(1.63146e-09 1.82053e-09 0.000137784)
(1.20833e-09 1.16142e-09 0.000139985)
(2.70917e-11 7.64728e-10 0.000139986)
(-1.94505e-09 5.08398e-10 0.000137784)
(-1.27244e-09 9.81633e-10 0.000129497)
(-2.99549e-09 -9.81104e-10 0.000104705)
(-2.09981e-09 -2.94088e-09 4.90223e-05)
(7.81163e-10 -4.53575e-09 3.75031e-05)
(1.20173e-09 3.01305e-09 8.60467e-05)
(-3.0963e-09 6.00661e-11 0.000114542)
(5.93119e-10 3.08041e-10 0.000128147)
(4.82619e-10 1.75223e-09 0.000133195)
(1.12805e-09 1.30157e-09 0.000133195)
(1.47959e-09 -5.24659e-10 0.000128147)
(4.72849e-09 -9.9881e-10 0.000114543)
(8.93294e-10 5.33579e-10 8.60458e-05)
(7.1971e-10 -5.8485e-09 3.75022e-05)
(-6.40091e-09 -1.15076e-08 2.28705e-05)
(1.19041e-09 4.44229e-09 5.7044e-05)
(-3.45918e-10 -6.22042e-10 8.29967e-05)
(9.17812e-11 -2.15721e-09 9.98736e-05)
(6.64675e-10 1.68126e-09 0.000107884)
(1.76253e-09 1.28403e-09 0.000107885)
(2.80339e-09 -1.06432e-09 9.98742e-05)
(2.8807e-09 3.72797e-10 8.29972e-05)
(8.05592e-10 3.94753e-09 5.7044e-05)
(7.78551e-09 -1.1224e-08 2.28704e-05)
(-1.69215e-08 -1.39816e-08 8.64439e-06)
(-5.49901e-09 -4.78428e-10 2.16671e-05)
(-4.90249e-10 -6.67418e-10 3.47448e-05)
(-5.48432e-09 -1.3197e-09 4.47496e-05)
(-3.33551e-09 1.04806e-09 5.00859e-05)
(-2.29291e-09 1.32659e-09 5.00864e-05)
(5.67188e-10 7.90464e-10 4.47498e-05)
(-4.00219e-10 1.2988e-09 3.47455e-05)
(5.67896e-09 4.88477e-10 2.16673e-05)
(1.32792e-08 -1.0202e-08 8.64472e-06)
(-1.45389e-08 1.06699e-08 8.64458e-06)
(-4.96696e-09 -1.44874e-10 2.16668e-05)
(-1.66221e-09 1.11889e-09 3.47435e-05)
(-4.45016e-09 6.45013e-10 4.47489e-05)
(4.58719e-10 -1.64108e-09 5.00849e-05)
(-5.22216e-10 -1.55385e-09 5.00845e-05)
(3.31983e-09 4.33454e-10 4.47482e-05)
(6.20163e-10 4.57877e-10 3.47432e-05)
(4.37382e-09 -7.41006e-10 2.16669e-05)
(1.51137e-08 1.16565e-08 8.64465e-06)
(-5.82638e-09 9.08914e-09 2.28712e-05)
(-1.30958e-09 -1.59536e-09 5.70446e-05)
(-1.29099e-09 4.14646e-10 8.2996e-05)
(-4.1858e-10 -3.57868e-10 9.98729e-05)
(1.08973e-09 -4.40651e-09 0.000107883)
(2.09026e-09 -3.97852e-09 0.000107883)
(3.15509e-09 -2.67998e-10 9.98732e-05)
(4.65313e-09 9.86352e-10 8.29964e-05)
(3.74642e-09 9.10588e-11 5.7045e-05)
(7.59894e-09 1.11269e-08 2.28711e-05)
(-2.07885e-09 6.06177e-09 3.75043e-05)
(-1.7246e-10 -1.23145e-09 8.6048e-05)
(-1.03651e-09 -1.60017e-09 0.000114543)
(7.27744e-10 -3.30944e-09 0.000128146)
(6.60987e-10 -4.0228e-09 0.000133194)
(6.17e-11 -4.53376e-09 0.000133194)
(-1.91568e-10 -3.2065e-09 0.000128146)
(2.90544e-09 4.42344e-11 0.000114543)
(2.50067e-09 2.0847e-09 8.60476e-05)
(3.4909e-09 8.22583e-09 3.75036e-05)
(1.93833e-09 4.34454e-09 4.90229e-05)
(4.2352e-09 -9.69315e-10 0.000104706)
(2.95491e-09 -1.67573e-09 0.000129498)
(2.6245e-09 -2.6486e-09 0.000137784)
(3.70633e-10 -1.56664e-09 0.000139986)
(-1.13897e-09 -2.48605e-09 0.000139985)
(-3.96726e-09 -2.63191e-09 0.000137784)
(-3.61128e-09 -1.08525e-09 0.000129498)
(-3.77145e-09 2.36207e-10 0.000104706)
(-4.03434e-10 6.75511e-09 4.90228e-05)
(1.70139e-09 -6.18964e-10 5.53206e-05)
(2.16239e-09 -1.045e-09 0.000113182)
(1.06542e-09 1.10191e-10 0.000134661)
(5.11823e-10 -3.0591e-10 0.000140172)
(-8.31835e-10 5.48216e-10 0.000141241)
(-8.91541e-10 -4.15904e-10 0.000141241)
(-1.81128e-09 8.98709e-11 0.000140171)
(-1.58105e-09 3.52295e-10 0.000134661)
(-2.70419e-09 6.2331e-11 0.000113183)
(-1.51578e-09 1.07008e-09 5.53208e-05)
(1.02838e-09 2.75939e-09 5.53208e-05)
(1.63409e-09 1.67265e-10 0.000113183)
(1.41934e-09 -5.20764e-10 0.000134661)
(5.4074e-10 -3.36454e-10 0.000140171)
(-6.53728e-10 -3.36821e-10 0.000141241)
(-3.85801e-10 -1.14447e-09 0.000141241)
(-1.25744e-09 -1.01725e-09 0.000140171)
(-1.20812e-09 -2.59611e-10 0.000134662)
(-2.30678e-09 1.13528e-09 0.000113183)
(-1.54808e-09 1.96033e-09 5.53209e-05)
(2.19141e-09 -2.53472e-09 4.90227e-05)
(3.39566e-09 -7.36805e-10 0.000104705)
(1.24626e-09 9.07611e-10 0.000129498)
(1.61116e-09 1.46335e-09 0.000137784)
(7.91884e-10 1.05404e-09 0.000139986)
(6.97747e-10 9.1034e-10 0.000139985)
(-1.94324e-09 7.67988e-10 0.000137784)
(-1.20466e-09 1.44018e-09 0.000129498)
(-2.39497e-09 8.04237e-10 0.000104706)
(-1.65837e-09 -2.46139e-09 4.9023e-05)
(4.10615e-10 -4.38988e-09 3.75038e-05)
(3.89012e-10 1.32412e-09 8.6047e-05)
(-2.92277e-09 1.04737e-10 0.000114543)
(1.16104e-10 1.80568e-10 0.000128146)
(1.67215e-10 1.64223e-09 0.000133193)
(1.87012e-09 1.17011e-09 0.000133193)
(1.51526e-09 -7.5615e-11 0.000128145)
(3.33519e-09 9.98012e-11 0.000114543)
(-7.32701e-10 2.754e-09 8.60476e-05)
(-3.1493e-10 -3.94789e-09 3.75041e-05)
(-4.96114e-09 -9.56059e-09 2.28708e-05)
(7.24867e-10 3.3599e-09 5.70444e-05)
(-4.89819e-10 -8.19442e-10 8.29961e-05)
(3.5688e-10 -1.95021e-09 9.98726e-05)
(5.14247e-10 1.48054e-09 0.000107883)
(1.62957e-09 4.75131e-10 0.000107883)
(3.38049e-09 -1.87335e-09 9.98721e-05)
(1.06648e-09 2.59662e-09 8.29954e-05)
(-1.67307e-09 7.02404e-09 5.70444e-05)
(5.26139e-09 -7.98583e-09 2.28712e-05)
(-1.68522e-08 -1.40995e-08 8.64452e-06)
(-3.77583e-09 5.39685e-10 2.16665e-05)
(-2.56634e-10 -6.03197e-10 3.47432e-05)
(-5.48884e-09 -1.34106e-09 4.47479e-05)
(-2.43527e-09 1.01783e-09 5.00844e-05)
(-2.82433e-09 5.1344e-10 5.00843e-05)
(-3.48369e-10 3.85397e-10 4.47483e-05)
(-3.4517e-09 3.1251e-09 3.47434e-05)
(1.20403e-09 3.62291e-09 2.16666e-05)
(1.35548e-08 -1.02513e-08 8.64444e-06)
(-1.66395e-08 1.27381e-08 8.64441e-06)
(-7.69688e-09 7.51545e-10 2.16673e-05)
(-4.64269e-09 2.48923e-09 3.47441e-05)
(-5.56442e-09 2.59533e-10 4.47493e-05)
(-9.67812e-10 -1.89036e-09 5.00853e-05)
(-8.3469e-10 -1.45509e-09 5.00852e-05)
(2.69088e-09 1.66902e-10 4.47487e-05)
(1.05788e-09 1.57433e-10 3.47436e-05)
(4.75614e-09 -9.63492e-10 2.16668e-05)
(1.24985e-08 9.09362e-09 8.64471e-06)
(-8.82238e-09 1.23707e-08 2.2871e-05)
(-4.04324e-09 -6.60971e-11 5.70448e-05)
(-2.41014e-09 8.32357e-10 8.29965e-05)
(3.67675e-11 -1.16574e-09 9.98735e-05)
(7.03298e-10 -3.41827e-09 0.000107884)
(1.16209e-09 -3.34347e-09 0.000107883)
(3.3197e-09 -9.35474e-10 9.98728e-05)
(5.64015e-09 2.22531e-10 8.29957e-05)
(5.61677e-09 7.5994e-10 5.70445e-05)
(8.10444e-09 1.11296e-08 2.28711e-05)
(-1.72236e-09 7.50944e-09 3.75034e-05)
(5.80349e-10 -2.24794e-10 8.60473e-05)
(2.42092e-11 -1.84394e-09 0.000114543)
(1.95204e-09 -3.63679e-09 0.000128146)
(1.12079e-09 -3.45405e-09 0.000133195)
(2.16017e-09 -3.6361e-09 0.000133194)
(1.80067e-09 -3.12484e-09 0.000128146)
(2.55664e-09 -7.20949e-11 0.000114543)
(2.11776e-09 2.99168e-09 8.60474e-05)
(4.09277e-09 9.91036e-09 3.75043e-05)
(9.48867e-10 5.72634e-09 4.90227e-05)
(3.65693e-09 1.21349e-11 0.000104705)
(2.95559e-09 -1.87138e-09 0.000129498)
(2.14509e-09 -2.1342e-09 0.000137784)
(3.09408e-10 -1.9236e-09 0.000139986)
(-5.4283e-10 -2.16774e-09 0.000139985)
(-3.35142e-09 -2.35043e-09 0.000137784)
(-3.742e-09 -2.53559e-10 0.000129498)
(-4.41451e-09 8.81656e-10 0.000104705)
(-5.27111e-10 7.07179e-09 4.90228e-05)
(1.46804e-09 2.65267e-10 5.53207e-05)
(1.66982e-09 4.0896e-10 0.000113182)
(1.13395e-09 -1.41751e-10 0.000134661)
(9.5133e-10 1.44095e-10 0.000140171)
(-6.2014e-10 3.68292e-10 0.000141241)
(-2.35162e-10 2.36247e-10 0.000141241)
(-1.01266e-09 -7.93329e-10 0.000140171)
(-1.36872e-09 9.67115e-10 0.000134661)
(-3.17105e-09 2.5109e-10 0.000113182)
(-1.64238e-09 1.19244e-09 5.53206e-05)
(1.61072e-09 3.11012e-09 5.53207e-05)
(1.7294e-09 2.09449e-09 0.000113182)
(8.4248e-10 -7.04402e-10 0.000134661)
(6.231e-10 -8.31824e-10 0.000140171)
(5.75356e-11 -1.17924e-10 0.000141241)
(1.23999e-10 -7.66952e-10 0.000141241)
(-1.37527e-10 -1.78898e-09 0.000140171)
(-1.66536e-10 9.51991e-11 0.000134662)
(-2.071e-09 5.05168e-10 0.000113183)
(-1.08807e-09 1.69965e-09 5.53207e-05)
(2.42099e-09 -2.58751e-09 4.90229e-05)
(4.03563e-09 4.80923e-10 0.000104705)
(1.53257e-09 4.99018e-10 0.000129498)
(3.01471e-09 1.25304e-09 0.000137784)
(9.41621e-10 2.0533e-09 0.000139985)
(1.09083e-10 8.13543e-10 0.000139985)
(-1.79646e-09 3.97719e-10 0.000137784)
(-1.41648e-09 1.38877e-09 0.000129498)
(-2.72963e-09 4.73319e-10 0.000104706)
(-2.24552e-09 -1.611e-09 4.90226e-05)
(-7.45922e-10 -6.06049e-09 3.75047e-05)
(4.86602e-10 3.12569e-09 8.60478e-05)
(-2.9557e-09 3.05815e-10 0.000114542)
(1.0572e-09 3.38395e-10 0.000128145)
(1.08113e-09 2.00929e-09 0.000133193)
(7.98425e-10 1.61848e-09 0.000133193)
(-9.47211e-10 -1.64964e-10 0.000128145)
(1.37364e-09 4.00595e-10 0.000114543)
(-2.69557e-09 2.85771e-09 8.60477e-05)
(-2.06852e-09 -3.146e-09 3.75039e-05)
(-8.00895e-09 -1.1354e-08 2.28714e-05)
(1.10013e-09 6.26818e-09 5.70445e-05)
(1.95997e-10 2.97936e-10 8.29953e-05)
(4.013e-10 -1.90211e-09 9.98724e-05)
(9.96355e-10 1.55659e-09 0.000107883)
(7.4928e-10 6.57718e-10 0.000107883)
(1.22457e-09 -1.29693e-09 9.98721e-05)
(-1.11646e-09 3.48736e-09 8.29959e-05)
(-3.50317e-09 6.8031e-09 5.70446e-05)
(4.38694e-09 -8.78697e-09 2.28713e-05)
(-1.69883e-08 -1.28252e-08 8.64482e-06)
(-3.36055e-09 1.89309e-09 2.1667e-05)
(7.55642e-10 -1.3809e-10 3.47435e-05)
(-5.30827e-09 -1.22913e-09 4.47486e-05)
(-2.40498e-09 7.32664e-10 5.00847e-05)
(-2.97461e-09 4.64489e-10 5.00841e-05)
(-5.1404e-10 7.02138e-10 4.47485e-05)
(-4.03545e-09 3.38551e-09 3.47432e-05)
(2.32136e-09 2.8949e-09 2.16664e-05)
(1.39411e-08 -1.05912e-08 8.64442e-06)
(-1.39068e-08 1.15699e-08 8.6443e-06)
(-5.46495e-09 6.4191e-11 2.16666e-05)
(-4.00499e-09 2.09457e-09 3.47433e-05)
(-4.96908e-09 -2.6171e-10 4.47485e-05)
(4.18294e-10 -1.21479e-09 5.00851e-05)
(-9.78149e-10 -1.10443e-09 5.00848e-05)
(3.05796e-09 4.01537e-10 4.47488e-05)
(1.60705e-10 3.35101e-10 3.47434e-05)
(2.13602e-09 -2.09437e-09 2.16667e-05)
(1.39295e-08 1.05394e-08 8.64444e-06)
(-7.26069e-09 1.16614e-08 2.28707e-05)
(-3.07612e-09 -4.56142e-10 5.70443e-05)
(-3.04118e-09 7.72428e-10 8.29959e-05)
(-9.68457e-11 -1.54893e-09 9.98728e-05)
(6.917e-10 -4.19052e-09 0.000107884)
(1.37686e-09 -3.56623e-09 0.000107883)
(3.75278e-09 4.1756e-10 9.98723e-05)
(4.56476e-09 1.01986e-09 8.29952e-05)
(1.81817e-09 -1.52721e-09 5.70445e-05)
(5.48688e-09 9.44003e-09 2.28711e-05)
(-2.89844e-09 8.5761e-09 3.75036e-05)
(-9.54007e-10 8.30266e-12 8.60474e-05)
(-1.02513e-09 -1.83637e-09 0.000114543)
(1.19528e-09 -4.39218e-09 0.000128146)
(1.98705e-10 -4.78207e-09 0.000133194)
(3.00271e-10 -3.95004e-09 0.000133193)
(-3.20627e-10 -2.22724e-09 0.000128146)
(2.14056e-09 -3.42082e-11 0.000114543)
(5.69395e-10 6.5108e-10 8.60478e-05)
(1.23595e-09 6.222e-09 3.75042e-05)
(1.44441e-09 5.89818e-09 4.90228e-05)
(5.34528e-09 1.1992e-10 0.000104705)
(4.00862e-09 -1.55617e-09 0.000129498)
(2.58915e-09 -3.70859e-09 0.000137784)
(5.92108e-10 -2.06355e-09 0.000139986)
(-7.71563e-10 -1.90748e-09 0.000139985)
(-3.64643e-09 -2.46548e-09 0.000137784)
(-3.43501e-09 -1.51584e-09 0.000129498)
(-3.68112e-09 -4.36914e-10 0.000104705)
(-6.82387e-10 5.45223e-09 4.9023e-05)
(1.72348e-09 -1.78604e-10 5.53209e-05)
(1.8699e-09 -5.63317e-11 0.000113182)
(9.37835e-10 3.59222e-10 0.000134661)
(1.11682e-09 -1.70078e-10 0.000140171)
(8.00422e-11 3.89393e-10 0.000141241)
(9.27944e-11 1.14703e-10 0.000141241)
(-1.29939e-09 -5.8503e-10 0.000140171)
(-1.32424e-09 1.44206e-10 0.000134661)
(-2.83428e-09 -1.79135e-10 0.000113183)
(-1.60801e-09 9.98113e-10 5.53208e-05)
(1.34067e-09 3.34367e-09 5.53207e-05)
(1.01942e-09 7.35439e-10 0.000113182)
(1.23418e-09 -9.59043e-10 0.000134662)
(1.62141e-09 -1.9545e-09 0.000140171)
(5.3674e-10 -7.78771e-10 0.000141241)
(5.57931e-10 -7.91883e-10 0.00014124)
(-8.98772e-10 -8.30754e-10 0.000140172)
(-4.32337e-10 1.67764e-12 0.000134661)
(-1.58923e-09 7.66392e-10 0.000113183)
(-1.34468e-09 1.83242e-09 5.53209e-05)
(3.5476e-09 -7.43273e-10 4.90227e-05)
(5.15781e-09 6.89892e-10 0.000104705)
(2.7207e-09 1.46047e-10 0.000129498)
(3.72582e-09 -3.0293e-10 0.000137784)
(1.30617e-09 8.96739e-10 0.000139985)
(8.88496e-10 1.54065e-09 0.000139985)
(-1.87634e-09 1.05803e-09 0.000137784)
(-1.09045e-09 2.2866e-09 0.000129499)
(-2.05557e-09 1.14404e-09 0.000104705)
(-2.36931e-09 -1.89082e-09 4.90226e-05)
(1.31169e-09 -3.07934e-09 3.75039e-05)
(2.75834e-09 2.97661e-09 8.60472e-05)
(-1.43297e-10 -5.22212e-10 0.000114542)
(2.67757e-09 -9.14045e-10 0.000128145)
(8.49815e-10 1.41745e-09 0.000133194)
(8.09448e-10 2.46396e-09 0.000133194)
(2.24945e-10 5.44623e-10 0.000128146)
(3.1811e-09 6.95856e-10 0.000114543)
(-9.76776e-10 3.45049e-09 8.60477e-05)
(-1.10787e-09 -3.52886e-09 3.75035e-05)
(-5.31144e-09 -9.04762e-09 2.28713e-05)
(2.46292e-09 3.70255e-09 5.70445e-05)
(9.09861e-10 -1.65299e-09 8.29953e-05)
(-3.7789e-10 -3.00397e-09 9.98729e-05)
(5.35006e-11 2.20566e-09 0.000107883)
(9.50776e-10 1.8177e-09 0.000107883)
(1.6641e-09 -6.79244e-10 9.98732e-05)
(-7.76052e-11 3.15073e-09 8.29964e-05)
(-2.3981e-09 7.61045e-09 5.70448e-05)
(5.95561e-09 -9.57166e-09 2.2871e-05)
(-1.31294e-08 -1.00052e-08 8.64455e-06)
(-5.1751e-09 -7.58031e-10 2.1667e-05)
(-2.05926e-09 -1.83284e-09 3.47437e-05)
(-6.74548e-09 -1.22684e-09 4.47489e-05)
(-3.61784e-09 1.81558e-09 5.00849e-05)
(-3.15223e-09 1.4831e-09 5.00847e-05)
(3.12977e-10 4.43941e-10 4.47486e-05)
(-5.35465e-09 4.13768e-09 3.47435e-05)
(1.09417e-10 4.59859e-09 2.16664e-05)
(1.3487e-08 -1.02869e-08 8.64453e-06)
(-1.13631e-08 9.12312e-09 8.64424e-06)
(-4.92222e-09 -4.79465e-11 2.16665e-05)
(-3.49533e-09 2.07767e-09 3.47435e-05)
(-5.56926e-09 4.25697e-10 4.47491e-05)
(-4.93965e-10 -1.36287e-09 5.00854e-05)
(7.88483e-10 -8.98315e-10 5.00851e-05)
(4.6437e-09 1.13839e-09 4.4749e-05)
(-3.665e-11 7.81909e-11 3.47433e-05)
(1.92173e-09 -1.55004e-09 2.16667e-05)
(1.03483e-08 8.02756e-09 8.6443e-06)
(-6.51445e-09 1.00871e-08 2.28703e-05)
(-3.94398e-09 -2.95845e-10 5.70444e-05)
(-5.14944e-09 1.45903e-09 8.29965e-05)
(-2.88848e-09 -3.49059e-10 9.98735e-05)
(-6.52159e-10 -4.78942e-09 0.000107883)
(5.1178e-10 -4.34478e-09 0.000107883)
(2.67117e-09 -3.07925e-10 9.98733e-05)
(4.0899e-09 4.06942e-10 8.29963e-05)
(4.25239e-09 1.59178e-11 5.70445e-05)
(7.68997e-09 1.02865e-08 2.28705e-05)
(-2.96787e-09 7.60858e-09 3.75036e-05)
(-1.67631e-09 3.88942e-10 8.60473e-05)
(-1.25329e-09 -8.20041e-10 0.000114543)
(1.3432e-09 -3.33438e-09 0.000128146)
(5.63174e-10 -5.19749e-09 0.000133194)
(-4.09808e-10 -5.50498e-09 0.000133194)
(-1.03771e-09 -3.74768e-09 0.000128146)
(1.69686e-09 -6.83053e-10 0.000114543)
(1.02166e-09 7.01914e-10 8.60472e-05)
(2.9176e-09 7.88266e-09 3.75035e-05)
(2.09238e-09 5.40142e-09 4.90224e-05)
(4.8911e-09 1.05459e-10 0.000104705)
(3.20939e-09 -9.90984e-11 0.000129498)
(3.6784e-09 -3.33864e-09 0.000137784)
(1.36862e-09 -2.56204e-09 0.000139986)
(-9.2122e-10 -2.95701e-09 0.000139986)
(-3.22072e-09 -2.59758e-09 0.000137784)
(-3.36119e-09 -1.78422e-09 0.000129498)
(-4.83514e-09 -1.26073e-09 0.000104705)
(-1.30807e-09 5.20961e-09 4.90224e-05)
(1.23202e-09 5.97815e-10 5.53206e-05)
(1.78566e-09 5.96688e-10 0.000113182)
(1.08233e-09 1.8901e-09 0.000134661)
(1.35193e-09 -8.98866e-10 0.000140172)
(1.81975e-10 -4.88614e-10 0.000141241)
(2.39435e-11 -4.1299e-10 0.000141241)
(-9.96076e-10 -3.98523e-11 0.000140171)
(-1.01513e-09 -1.10129e-10 0.000134662)
(-2.68721e-09 -6.12646e-10 0.000113182)
(-1.77753e-09 1.35163e-10 5.53206e-05)
(1.31315e-09 3.28042e-09 5.53204e-05)
(1.51609e-09 2.26025e-09 0.000113182)
(8.69888e-10 1.57194e-09 0.000134661)
(8.19975e-10 -1.78525e-09 0.000140171)
(-1.25798e-10 -1.5274e-09 0.000141241)
(-4.04832e-10 -9.78943e-10 0.000141241)
(-1.48373e-09 -1.90285e-09 0.000140171)
(-1.11642e-09 -3.01453e-10 0.000134661)
(-2.3829e-09 1.29016e-09 0.000113182)
(-1.75804e-09 1.70475e-09 5.53209e-05)
(3.57689e-09 -1.04532e-09 4.90221e-05)
(4.75139e-09 1.28334e-09 0.000104705)
(2.14984e-09 1.87874e-09 0.000129498)
(3.12723e-09 -2.20582e-10 0.000137784)
(1.02219e-09 8.80235e-10 0.000139985)
(-1.12927e-10 9.66383e-10 0.000139985)
(-2.5553e-09 -2.80242e-10 0.000137784)
(-1.59444e-09 1.33855e-09 0.000129499)
(-3.10609e-09 1.90691e-09 0.000104706)
(-2.01439e-09 -2.17979e-09 4.90228e-05)
(1.73696e-09 -3.56412e-09 3.75026e-05)
(2.40136e-09 3.4377e-09 8.60469e-05)
(-1.87536e-09 7.2907e-10 0.000114542)
(1.48331e-09 -3.65046e-10 0.000128145)
(7.56585e-10 1.64587e-09 0.000133194)
(1.52886e-09 1.79218e-09 0.000133194)
(8.47969e-10 -8.60831e-10 0.000128146)
(3.47441e-09 -7.35653e-10 0.000114544)
(-3.9868e-10 3.36902e-09 8.60478e-05)
(-2.42556e-10 -3.79626e-09 3.75037e-05)
(-7.30756e-09 -1.12813e-08 2.28705e-05)
(1.33169e-09 4.86816e-09 5.70446e-05)
(9.93585e-10 2.88741e-10 8.29955e-05)
(-1.2375e-10 -2.21592e-09 9.98719e-05)
(-4.57164e-10 1.45921e-09 0.000107883)
(8.55176e-10 1.10227e-09 0.000107883)
(2.38232e-09 -1.73986e-09 9.98732e-05)
(4.86329e-10 1.63739e-09 8.29966e-05)
(-2.77747e-09 7.30026e-09 5.70453e-05)
(4.28785e-09 -7.38177e-09 2.2871e-05)
(-1.51822e-08 -1.25582e-08 8.64418e-06)
(-4.11912e-09 2.30562e-10 2.16663e-05)
(3.1392e-10 -6.26761e-10 3.47429e-05)
(-5.3078e-09 -1.36074e-09 4.47481e-05)
(-3.504e-09 1.14127e-09 5.00847e-05)
(-3.55787e-09 1.07548e-09 5.00846e-05)
(-1.27713e-09 6.40072e-10 4.47487e-05)
(-6.18453e-09 3.56387e-09 3.47434e-05)
(-5.30753e-10 4.29771e-09 2.16668e-05)
(1.22384e-08 -8.93942e-09 8.64439e-06)
(-1.48532e-08 1.21449e-08 8.6444e-06)
(-9.39201e-09 1.94454e-09 2.16662e-05)
(-7.66534e-09 3.32774e-09 3.47431e-05)
(-6.89305e-09 -4.58875e-10 4.47482e-05)
(-7.5259e-10 -1.91993e-09 5.00844e-05)
(-2.38244e-10 -1.36292e-09 5.00845e-05)
(3.01899e-09 1.27088e-10 4.47481e-05)
(1.9861e-09 1.0835e-09 3.47433e-05)
(6.92911e-09 1.05736e-10 2.16665e-05)
(1.66224e-08 1.2438e-08 8.64433e-06)
(-1.15687e-08 1.63655e-08 2.28711e-05)
(-7.27519e-09 3.13847e-09 5.70445e-05)
(-5.54864e-09 1.46424e-09 8.29956e-05)
(-1.99238e-09 -2.1397e-09 9.98727e-05)
(5.01675e-10 -4.93762e-09 0.000107882)
(7.46449e-10 -3.43824e-09 0.000107882)
(3.15363e-09 -6.23711e-10 9.98727e-05)
(6.27731e-09 4.44662e-10 8.29964e-05)
(6.90623e-09 4.30055e-10 5.70447e-05)
(1.06717e-08 1.32874e-08 2.28709e-05)
(-4.06661e-09 1.16788e-08 3.75038e-05)
(-2.50886e-09 3.72344e-09 8.6047e-05)
(-1.44259e-09 -6.15198e-10 0.000114543)
(8.45878e-10 -4.21317e-09 0.000128146)
(-4.80968e-10 -5.22998e-09 0.000133194)
(1.05225e-10 -4.14076e-09 0.000133194)
(-2.80335e-10 -3.60057e-09 0.000128146)
(2.67827e-09 -1.20799e-09 0.000114543)
(2.57769e-09 1.98644e-09 8.60474e-05)
(4.14961e-09 9.87124e-09 3.7504e-05)
(9.67755e-10 7.69344e-09 4.90228e-05)
(4.65017e-09 2.20871e-09 0.000104705)
(3.45894e-09 9.02349e-10 0.000129498)
(3.06637e-09 -3.34609e-09 0.000137784)
(1.10207e-09 -3.48154e-09 0.000139985)
(-4.59207e-10 -2.74868e-09 0.000139986)
(-2.75357e-09 -3.07896e-09 0.000137785)
(-3.07568e-09 -9.00415e-10 0.000129498)
(-4.20727e-09 8.17918e-10 0.000104705)
(-6.22179e-10 6.80132e-09 4.90225e-05)
(9.58404e-10 8.04467e-10 5.53208e-05)
(1.54757e-09 8.08317e-10 0.000113182)
(1.03902e-09 1.37792e-09 0.000134661)
(5.16325e-10 -3.82814e-10 0.000140171)
(-9.41261e-11 -2.66195e-10 0.000141241)
(-2.61281e-10 -1.04971e-09 0.000141241)
(-1.5607e-09 -1.0649e-09 0.000140172)
(-1.45382e-09 1.35542e-10 0.000134662)
(-3.38046e-09 3.37884e-10 0.000113182)
(-1.78725e-09 1.55453e-09 5.53206e-05)
(1.28487e-09 2.75051e-09 5.53209e-05)
(1.79031e-09 1.39226e-09 0.000113182)
(1.19465e-09 8.30908e-10 0.000134661)
(1.00237e-09 -1.54028e-09 0.000140171)
(-3.83585e-10 -1.18951e-09 0.000141241)
(-6.77406e-10 -1.7295e-09 0.000141241)
(-1.45386e-09 -2.29883e-09 0.000140171)
(-1.40291e-09 9.14431e-11 0.000134662)
(-2.70879e-09 4.58161e-10 0.000113183)
(-1.78097e-09 1.69895e-09 5.53208e-05)
(2.30876e-09 -2.49676e-09 4.90228e-05)
(3.67159e-09 1.14528e-09 0.000104705)
(2.26966e-09 2.34605e-09 0.000129498)
(3.25013e-09 8.61335e-10 0.000137784)
(8.67939e-10 2.08129e-10 0.000139985)
(1.79816e-10 6.36948e-10 0.000139985)
(-2.37163e-09 -3.77741e-11 0.000137785)
(-1.70253e-09 2.27051e-09 0.000129499)
(-2.84719e-09 2.23641e-10 0.000104706)
(-1.85596e-09 -3.63773e-09 4.90226e-05)
(-1.85821e-10 -5.11909e-09 3.75035e-05)
(-1.91322e-11 3.52049e-09 8.60476e-05)
(-2.05541e-09 1.53609e-09 0.000114542)
(2.24158e-09 -6.76637e-10 0.000128146)
(3.64749e-10 8.98639e-10 0.000133194)
(1.41228e-09 1.51002e-09 0.000133194)
(8.28295e-10 -1.01537e-09 0.000128146)
(2.92661e-09 2.9812e-10 0.000114543)
(-1.98866e-10 2.61705e-09 8.60473e-05)
(-3.07961e-10 -4.23133e-09 3.75034e-05)
(-6.17137e-09 -1.03855e-08 2.2871e-05)
(2.00764e-09 5.73131e-09 5.70447e-05)
(6.03931e-10 4.8088e-10 8.29953e-05)
(1.10373e-09 -3.14598e-09 9.98717e-05)
(1.1409e-09 8.33202e-10 0.000107882)
(6.6794e-10 1.01509e-09 0.000107882)
(1.22182e-09 -2.00056e-09 9.9873e-05)
(-1.78185e-09 4.07949e-09 8.29962e-05)
(-3.66099e-09 7.2963e-09 5.70445e-05)
(4.55624e-09 -8.63596e-09 2.28707e-05)
(-1.54843e-08 -1.1797e-08 8.64454e-06)
(-4.7986e-09 5.62298e-10 2.16668e-05)
(5.48383e-10 -2.23997e-10 3.47431e-05)
(-4.01572e-09 -6.22947e-10 4.47483e-05)
(-2.29097e-09 9.73586e-10 5.00845e-05)
(-2.73233e-09 7.799e-10 5.00843e-05)
(-1.92067e-09 5.72408e-10 4.47482e-05)
(-7.00111e-09 4.75943e-09 3.4743e-05)
(1.06941e-09 3.28989e-09 2.16666e-05)
(1.21788e-08 -9.49967e-09 8.64431e-06)
(-1.42414e-08 1.09941e-08 8.64471e-06)
(-3.55316e-09 -1.34472e-09 2.16664e-05)
(-3.20261e-09 2.77477e-09 3.47432e-05)
(-6.53133e-09 1.06341e-09 4.47482e-05)
(-9.97665e-10 -1.75177e-09 5.00846e-05)
(-1.23491e-09 -1.36618e-09 5.00847e-05)
(3.13447e-09 -5.17922e-10 4.47486e-05)
(9.37992e-10 -1.77671e-10 3.47437e-05)
(3.28537e-09 -2.21344e-09 2.16671e-05)
(1.47561e-08 1.17373e-08 8.6448e-06)
(-6.20116e-09 9.29307e-09 2.28711e-05)
(-1.6555e-09 -3.06505e-09 5.70447e-05)
(-3.27411e-09 2.17179e-09 8.29958e-05)
(-2.57802e-09 6.13475e-11 9.98725e-05)
(-6.52252e-10 -4.33068e-09 0.000107882)
(9.16322e-10 -3.82288e-09 0.000107882)
(2.52263e-09 -1.80635e-09 9.98722e-05)
(3.81602e-09 -7.17268e-10 8.29959e-05)
(3.40116e-09 -1.09111e-09 5.70449e-05)
(9.1201e-09 1.29367e-08 2.28712e-05)
(-3.22824e-09 8.01559e-09 3.75041e-05)
(-1.90918e-10 -2.87252e-10 8.60473e-05)
(-6.72911e-10 -7.99701e-10 0.000114543)
(7.44698e-10 -3.45603e-09 0.000128145)
(7.39201e-10 -4.51755e-09 0.000133193)
(2.04393e-10 -4.34475e-09 0.000133193)
(-6.37295e-10 -4.82694e-09 0.000128146)
(1.92397e-09 -1.1907e-09 0.000114543)
(1.54807e-09 2.08175e-09 8.60475e-05)
(3.44774e-09 9.03219e-09 3.75038e-05)
(1.03226e-09 6.01346e-09 4.90235e-05)
(4.36728e-09 5.6788e-10 0.000104706)
(3.09047e-09 -5.6785e-10 0.000129498)
(2.66727e-09 -3.43018e-09 0.000137784)
(1.14445e-09 -2.49885e-09 0.000139985)
(2.96079e-10 -2.29762e-09 0.000139985)
(-2.59333e-09 -3.89831e-09 0.000137784)
(-3.97914e-09 -1.67168e-09 0.000129498)
(-5.31515e-09 5.07988e-10 0.000104706)
(-1.52527e-09 5.72181e-09 4.90227e-05)
(1.33234e-09 -1.78094e-10 5.53214e-05)
(1.58539e-09 -1.33766e-10 0.000113182)
(5.44848e-10 1.62735e-09 0.000134661)
(8.06635e-10 -9.6993e-10 0.000140171)
(3.79966e-10 -5.72725e-10 0.000141241)
(8.21481e-10 -4.24886e-10 0.00014124)
(-2.70932e-10 -1.27169e-09 0.000140171)
(-1.34956e-09 3.29665e-10 0.000134661)
(-3.03295e-09 6.98456e-10 0.000113182)
(-1.46851e-09 8.03142e-10 5.53208e-05)
(1.68009e-09 3.03726e-09 5.53216e-05)
(2.2671e-09 3.16108e-10 0.000113183)
(2.05289e-09 8.60007e-10 0.000134661)
(1.23273e-09 -1.6905e-09 0.000140171)
(7.58042e-11 -1.39725e-09 0.000141241)
(4.93097e-10 -1.63126e-09 0.00014124)
(-7.88021e-10 -1.95116e-09 0.000140171)
(-1.07345e-09 5.36837e-10 0.000134662)
(-3.02002e-09 1.13135e-09 0.000113182)
(-2.12484e-09 1.63261e-09 5.53207e-05)
(2.51857e-09 -3.30096e-09 4.90232e-05)
(2.95561e-09 -7.24071e-10 0.000104706)
(1.81321e-09 1.82181e-09 0.000129498)
(3.27171e-09 -1.11513e-10 0.000137784)
(1.42877e-10 6.06601e-10 0.000139985)
(-1.76427e-11 6.39383e-10 0.000139985)
(-2.01226e-09 6.66098e-10 0.000137785)
(-1.97484e-09 2.91898e-09 0.000129499)
(-3.74153e-09 8.38027e-10 0.000104706)
(-2.51147e-09 -2.83327e-09 4.90225e-05)
(4.59446e-10 -5.22773e-09 3.75042e-05)
(6.34735e-10 3.01083e-09 8.60474e-05)
(-2.54956e-09 9.987e-10 0.000114543)
(9.42613e-10 -1.22312e-09 0.000128145)
(9.68013e-11 8.25905e-10 0.000133193)
(1.17354e-09 1.32913e-09 0.000133194)
(4.9238e-10 -3.01562e-11 0.000128146)
(3.05941e-09 1.25888e-09 0.000114543)
(-2.54185e-10 3.73753e-09 8.60476e-05)
(2.49609e-11 -3.98567e-09 3.75035e-05)
(-6.1216e-09 -1.03714e-08 2.2871e-05)
(2.00849e-09 6.45207e-09 5.70442e-05)
(7.73113e-10 1.28519e-10 8.29956e-05)
(6.48522e-10 -3.26063e-09 9.98724e-05)
(-3.8275e-10 8.23725e-10 0.000107882)
(-1.03556e-09 1.36054e-09 0.000107883)
(1.86476e-10 -1.01688e-09 9.98729e-05)
(-5.6201e-10 2.9546e-09 8.29958e-05)
(-2.39804e-09 8.263e-09 5.7044e-05)
(5.88849e-09 -8.52553e-09 2.28707e-05)
(-1.4459e-08 -1.13519e-08 8.64468e-06)
(-5.23166e-09 1.021e-09 2.16667e-05)
(-7.80423e-10 -3.41842e-10 3.47433e-05)
(-5.81728e-09 -1.43326e-09 4.47484e-05)
(-4.00054e-09 8.75703e-10 5.00845e-05)
(-3.58017e-09 1.62824e-09 5.00845e-05)
(-1.4235e-09 8.50442e-10 4.47479e-05)
(-5.4925e-09 3.15653e-09 3.47429e-05)
(4.77443e-10 4.10522e-09 2.16662e-05)
(1.46116e-08 -1.11562e-08 8.64443e-06)
(-1.6838e-08 1.18544e-08 8.64456e-06)
(-8.96718e-09 2.0107e-09 2.16675e-05)
(-4.15425e-09 1.97117e-09 3.47437e-05)
(-7.09424e-09 1.31555e-09 4.47486e-05)
(-1.95673e-09 -1.87447e-09 5.00848e-05)
(-1.04865e-09 -1.45652e-09 5.0085e-05)
(3.17697e-09 2.72522e-11 4.47489e-05)
(1.59256e-09 -4.20592e-10 3.47436e-05)
(5.57883e-09 -8.2568e-10 2.16669e-05)
(1.38461e-08 1.06162e-08 8.64465e-06)
(-6.26182e-09 1.07058e-08 2.28708e-05)
(-3.22163e-09 8.49732e-10 5.70445e-05)
(-2.90577e-09 1.05321e-09 8.29958e-05)
(4.61949e-10 -1.24894e-09 9.98731e-05)
(1.9964e-09 -4.11644e-09 0.000107883)
(2.48198e-09 -3.71672e-09 0.000107883)
(5.12161e-09 8.89304e-10 9.98728e-05)
(6.76994e-09 1.52671e-09 8.2996e-05)
(5.13162e-09 2.53595e-10 5.70447e-05)
(8.26008e-09 1.17275e-08 2.28709e-05)
(-2.55322e-09 8.18304e-09 3.75038e-05)
(4.58527e-10 5.40336e-10 8.60473e-05)
(-7.91017e-10 -9.72611e-10 0.000114542)
(9.3056e-10 -3.8835e-09 0.000128146)
(5.38968e-10 -3.60981e-09 0.000133193)
(-2.78924e-11 -4.09315e-09 0.000133194)
(-8.64527e-11 -2.43624e-09 0.000128146)
(2.37783e-09 3.4482e-10 0.000114543)
(2.10153e-09 2.97961e-09 8.60468e-05)
(3.48856e-09 9.35581e-09 3.75037e-05)
(1.31332e-09 5.5042e-09 4.9023e-05)
(4.52099e-09 7.08443e-10 0.000104706)
(3.04613e-09 -7.54491e-10 0.000129498)
(2.36583e-09 -2.67413e-09 0.000137784)
(7.00938e-10 -1.77604e-09 0.000139985)
(-8.09603e-10 -2.11132e-09 0.000139985)
(-3.52256e-09 -3.2175e-09 0.000137784)
(-3.45559e-09 -2.6942e-09 0.000129498)
(-3.90654e-09 4.24138e-10 0.000104706)
(-6.28146e-10 6.89615e-09 4.9023e-05)
(1.10809e-09 -6.13529e-11 5.53215e-05)
(1.11735e-09 -1.96155e-11 0.000113183)
(1.33137e-10 5.00878e-10 0.000134661)
(6.42166e-10 -1.25498e-09 0.000140171)
(-3.00916e-10 -4.10172e-10 0.000141241)
(-1.64636e-10 1.74602e-10 0.00014124)
(-8.38636e-10 -1.90027e-10 0.000140171)
(-1.17405e-09 -1.45388e-10 0.000134661)
(-2.92616e-09 -4.47623e-11 0.000113183)
(-1.74396e-09 9.13744e-10 5.5321e-05)
(1.19393e-09 3.18943e-09 5.53214e-05)
(1.04189e-09 1.22006e-09 0.000113183)
(2.75542e-10 -2.826e-10 0.000134661)
(3.11147e-10 -2.66833e-09 0.000140171)
(-4.0561e-10 -2.06937e-09 0.000141241)
(-1.09063e-10 -1.26879e-09 0.00014124)
(-5.87222e-10 -1.02472e-09 0.000140171)
(-7.64492e-10 3.19835e-10 0.000134661)
(-2.85923e-09 1.27048e-09 0.000113182)
(-1.87165e-09 1.76902e-09 5.53211e-05)
(3.02967e-09 -1.5708e-09 4.90229e-05)
(4.451e-09 1.00825e-09 0.000104706)
(2.20645e-09 8.27821e-10 0.000129498)
(3.249e-09 -5.80234e-10 0.000137784)
(9.60303e-10 -1.14428e-10 0.000139985)
(2.44326e-10 4.89401e-10 0.000139985)
(-1.74143e-09 5.1041e-10 0.000137784)
(-1.76258e-09 2.654e-09 0.000129498)
(-3.32565e-09 9.09993e-10 0.000104705)
(-1.82643e-09 -2.9893e-09 4.90227e-05)
(9.57386e-10 -3.86281e-09 3.75043e-05)
(1.82093e-09 3.48746e-09 8.60478e-05)
(-1.26116e-09 1.03928e-09 0.000114543)
(2.03275e-09 1.55492e-10 0.000128145)
(1.00428e-09 1.10976e-09 0.000133193)
(9.96592e-10 1.09984e-09 0.000133193)
(-6.69629e-11 -7.5504e-10 0.000128145)
(2.35637e-09 1.09071e-09 0.000114543)
(-7.13367e-10 3.20817e-09 8.60474e-05)
(3.72807e-10 -4.80479e-09 3.75037e-05)
(-4.92432e-09 -9.07735e-09 2.28709e-05)
(1.52863e-09 4.48086e-09 5.70441e-05)
(3.38902e-10 7.91246e-10 8.29952e-05)
(5.01527e-10 -1.80799e-09 9.98722e-05)
(1.37015e-09 1.37266e-09 0.000107882)
(1.76089e-09 5.52839e-10 0.000107882)
(2.44719e-09 -1.91969e-09 9.98729e-05)
(-2.45467e-10 2.87824e-09 8.29963e-05)
(-2.97833e-09 7.81288e-09 5.70446e-05)
(5.78647e-09 -9.04411e-09 2.28707e-05)
(-1.38989e-08 -1.07438e-08 8.64452e-06)
(-4.60812e-09 -1.20326e-12 2.16664e-05)
(-1.5195e-09 -5.43229e-10 3.47434e-05)
(-5.38354e-09 -1.13676e-09 4.47484e-05)
(-1.83878e-09 1.07806e-09 5.00847e-05)
(-3.54617e-09 9.75872e-10 5.00844e-05)
(-1.315e-09 7.63189e-10 4.47483e-05)
(-4.55029e-09 3.28292e-09 3.47434e-05)
(1.63914e-09 3.7629e-09 2.16668e-05)
(1.42716e-08 -1.02424e-08 8.64452e-06)
(-1.15685e-08 1.02804e-08 8.64455e-06)
(-5.13109e-09 -1.58917e-09 2.16672e-05)
(-4.45965e-09 2.2105e-09 3.47426e-05)
(-5.8605e-09 1.22625e-09 4.47467e-05)
(-9.25449e-10 -1.38642e-09 5.00822e-05)
(4.28553e-10 -7.97838e-10 5.00825e-05)
(4.60592e-09 6.30792e-10 4.47471e-05)
(2.07116e-09 5.298e-10 3.47427e-05)
(4.08151e-09 -7.0291e-10 2.16669e-05)
(1.07347e-08 8.0907e-09 8.64467e-06)
(-8.58604e-09 1.29489e-08 2.28716e-05)
(-2.40903e-09 -1.66866e-09 5.70456e-05)
(-3.67436e-09 1.61654e-09 8.2995e-05)
(-1.77472e-09 6.1152e-10 9.98717e-05)
(-8.98306e-14 -3.244e-09 0.000107881)
(1.63921e-09 -3.32267e-09 0.000107881)
(4.34914e-09 2.56889e-10 9.98717e-05)
(6.19139e-09 1.51143e-09 8.29964e-05)
(4.26372e-09 -1.25781e-09 5.70471e-05)
(7.48482e-09 1.04113e-08 2.28716e-05)
(-1.86574e-09 7.65692e-09 3.75042e-05)
(-4.41025e-10 2.59538e-10 8.60487e-05)
(-2.73596e-09 -2.0955e-10 0.000114544)
(1.94973e-10 -2.28662e-09 0.000128146)
(-5.5553e-10 -2.63726e-09 0.000133193)
(-1.12741e-09 -3.96644e-09 0.000133193)
(-5.60804e-10 -2.4259e-09 0.000128146)
(1.53406e-09 8.41386e-10 0.000114544)
(2.34659e-10 -1.58898e-10 8.60482e-05)
(3.22991e-09 8.53671e-09 3.75043e-05)
(1.14195e-09 5.97045e-09 4.90228e-05)
(4.56315e-09 -3.11922e-10 0.000104705)
(2.79364e-09 -6.96929e-10 0.0001295)
(2.40635e-09 -2.32995e-09 0.000137785)
(4.45841e-10 -1.24352e-09 0.000139986)
(-1.65126e-09 -2.04032e-09 0.000139986)
(-3.36608e-09 -2.60003e-09 0.000137785)
(-3.82382e-09 -1.62489e-09 0.000129499)
(-5.12217e-09 -1.56235e-10 0.000104705)
(-1.07245e-09 5.4339e-09 4.90234e-05)
(4.52293e-10 1.07474e-09 5.53212e-05)
(9.77581e-10 2.99316e-10 0.000113183)
(1.13494e-10 4.10855e-10 0.000134662)
(6.27656e-10 -6.58599e-10 0.000140172)
(1.49622e-10 -3.30795e-10 0.000141241)
(-3.5007e-10 -3.10465e-10 0.000141241)
(-8.81017e-10 -9.81723e-10 0.000140171)
(-1.15016e-09 -8.71776e-10 0.000134662)
(-2.83579e-09 -9.15561e-12 0.000113182)
(-1.63094e-09 -2.26445e-10 5.53214e-05)
(5.88457e-10 2.88402e-09 5.53208e-05)
(6.78178e-10 1.68554e-09 0.000113182)
(4.66284e-10 2.51125e-10 0.000134662)
(7.60274e-10 -2.43732e-09 0.000140172)
(2.04503e-10 -1.71221e-09 0.000141241)
(-2.49963e-10 -1.67507e-09 0.000141241)
(-1.11369e-09 -2.07142e-09 0.000140172)
(-1.41115e-09 -8.6367e-10 0.000134662)
(-2.76817e-09 1.2827e-09 0.000113182)
(-1.38552e-09 1.11309e-09 5.53213e-05)
(2.98968e-09 -1.6854e-09 4.90222e-05)
(4.56921e-09 1.26252e-09 0.000104705)
(2.7977e-09 9.8336e-10 0.000129499)
(3.23176e-09 -1.62191e-09 0.000137785)
(6.96498e-10 7.62384e-12 0.000139986)
(8.40413e-10 3.92251e-10 0.000139985)
(-1.62262e-09 1.76008e-11 0.000137785)
(-1.7948e-09 1.32091e-09 0.000129499)
(-3.50047e-09 1.19805e-09 0.000104706)
(-1.88675e-09 -3.866e-09 4.90233e-05)
(1.92563e-09 -3.05324e-09 3.7504e-05)
(2.77922e-09 4.34136e-09 8.60481e-05)
(-7.55838e-10 -7.68702e-10 0.000114543)
(2.40899e-09 -2.55024e-09 0.000128145)
(1.04377e-09 5.90158e-10 0.000133192)
(3.17836e-09 1.42458e-09 0.000133192)
(2.68837e-09 -1.97775e-10 0.000128145)
(4.29147e-09 -8.56019e-11 0.000114543)
(2.69657e-10 1.66063e-09 8.6049e-05)
(5.73018e-10 -6.29651e-09 3.75049e-05)
(-4.56578e-09 -8.30703e-09 2.28714e-05)
(1.8196e-09 5.22526e-09 5.70451e-05)
(6.49927e-10 -7.50765e-10 8.29941e-05)
(1.28722e-10 -4.10298e-09 9.98707e-05)
(6.70157e-11 1.03129e-09 0.000107881)
(1.22021e-09 8.21612e-10 0.00010788)
(2.72245e-09 -9.43692e-10 9.98708e-05)
(1.9245e-09 2.21404e-09 8.29957e-05)
(3.71763e-10 4.78424e-09 5.70465e-05)
(7.03311e-09 -1.03969e-08 2.2872e-05)
(-1.35515e-08 -9.60735e-09 8.64438e-06)
(-5.26962e-09 7.847e-11 2.16663e-05)
(-1.61997e-09 -7.38275e-10 3.47425e-05)
(-7.10745e-09 -1.8901e-09 4.47462e-05)
(-3.16986e-09 9.49109e-10 5.00821e-05)
(-2.91684e-09 8.72847e-10 5.00821e-05)
(9.41286e-10 3.94243e-10 4.47466e-05)
(-2.05339e-09 2.54555e-09 3.47429e-05)
(4.41635e-09 1.77591e-09 2.16668e-05)
(1.37131e-08 -1.02402e-08 8.64471e-06)
(-1.47578e-08 1.17515e-08 8.645e-06)
(-1.61059e-09 -4.25866e-09 2.16665e-05)
(1.0005e-08 -7.38745e-09 3.47435e-05)
(9.71445e-09 -1.303e-09 4.47486e-05)
(3.97065e-09 1.9394e-09 5.00848e-05)
(3.3837e-10 1.44273e-09 5.00849e-05)
(-3.0443e-09 -1.52445e-09 4.47483e-05)
(-2.05793e-09 -5.01773e-09 3.47434e-05)
(9.82599e-09 1.06252e-09 2.16668e-05)
(1.73505e-08 1.28129e-08 8.64456e-06)
(1.76062e-09 3.29943e-09 2.28709e-05)
(4.02679e-09 -6.05404e-09 5.70447e-05)
(3.19758e-09 -1.15295e-08 8.29966e-05)
(3.67293e-09 -7.69021e-10 9.98729e-05)
(7.77391e-10 3.56455e-09 0.000107882)
(6.25332e-10 1.93139e-09 0.000107882)
(-2.44661e-09 -1.27013e-09 9.98724e-05)
(-3.50588e-09 -1.11009e-08 8.29962e-05)
(-9.46371e-10 -1.54203e-10 5.70444e-05)
(4.41043e-09 1.12649e-08 2.28712e-05)
(4.78372e-09 -4.58414e-09 3.75033e-05)
(1.25218e-09 2.89333e-09 8.60473e-05)
(-2.74493e-09 -5.83639e-09 0.000114543)
(-2.42487e-09 -1.21911e-09 0.000128146)
(-1.75665e-09 5.01191e-10 0.000133193)
(-7.19179e-10 1.08628e-10 0.000133193)
(-5.73451e-10 -1.36713e-09 0.000128145)
(-2.54622e-10 -6.58459e-09 0.000114543)
(-2.27321e-09 5.33847e-09 8.60474e-05)
(-3.52766e-09 3.03762e-10 3.75039e-05)
(-2.65399e-09 1.49998e-09 4.90228e-05)
(-3.99335e-09 4.99297e-09 0.000104706)
(-1.95064e-09 -2.73416e-09 0.000129498)
(-3.28675e-09 -1.3231e-09 0.000137785)
(-2.05963e-09 -2.76965e-10 0.000139985)
(-7.53306e-10 -6.03813e-10 0.000139985)
(7.58614e-10 -2.6395e-09 0.000137784)
(-3.03654e-10 -3.03248e-09 0.000129498)
(1.06816e-09 4.95925e-09 0.000104705)
(2.1512e-09 2.51857e-09 4.90233e-05)
(2.95544e-10 6.00512e-10 5.53205e-05)
(1.15473e-09 3.66591e-09 0.000113182)
(4.26261e-10 -1.24279e-09 0.000134661)
(-1.3724e-09 -1.27123e-10 0.000140171)
(-1.25958e-09 -5.57642e-10 0.000141241)
(-5.36144e-10 -5.59863e-10 0.000141241)
(-2.95799e-11 -8.91296e-10 0.000140171)
(-1.87228e-09 -7.10023e-10 0.000134661)
(-2.10346e-09 1.95511e-09 0.000113182)
(-2.67989e-11 1.53491e-09 5.53209e-05)
(7.88209e-10 5.03224e-10 5.53208e-05)
(1.66181e-09 3.48594e-09 0.000113182)
(4.25551e-10 1.18166e-09 0.000134661)
(-1.31363e-09 6.08562e-10 0.000140172)
(-1.03192e-09 -1.52286e-09 0.000141241)
(6.9544e-10 -8.60662e-10 0.00014124)
(7.64949e-10 -9.16435e-11 0.000140172)
(-1.40027e-09 4.80853e-10 0.000134662)
(-2.74121e-09 1.44486e-09 0.000113182)
(-8.54094e-10 3.44122e-10 5.53207e-05)
(-2.49436e-10 -5.1942e-10 4.90224e-05)
(-1.80405e-09 1.85838e-09 0.000104705)
(-1.87702e-09 2.41387e-09 0.000129498)
(2.07087e-11 1.53328e-09 0.000137784)
(-7.5025e-10 -1.18507e-09 0.000139985)
(1.63305e-09 -6.07733e-10 0.000139986)
(2.04978e-09 2.60033e-09 0.000137784)
(2.56034e-09 2.85411e-09 0.000129498)
(1.51096e-09 -8.88403e-11 0.000104706)
(-4.97547e-10 -1.61393e-10 4.90234e-05)
(4.35528e-09 6.26821e-10 3.75038e-05)
(4.13535e-09 6.55323e-09 8.60473e-05)
(-1.82059e-09 2.79653e-09 0.000114543)
(1.73736e-10 1.45491e-09 0.000128146)
(-1.75025e-09 -2.00612e-09 0.000133193)
(-2.12091e-10 -2.13503e-09 0.000133193)
(-3.09185e-09 5.08869e-10 0.000128146)
(5.62508e-10 1.97481e-09 0.000114543)
(-3.45688e-09 5.67412e-09 8.60485e-05)
(-4.79781e-09 2.1448e-09 3.75047e-05)
(-3.0536e-09 -7.60066e-09 2.28711e-05)
(9.61212e-09 1.46866e-08 5.70449e-05)
(6.10726e-09 6.85091e-09 8.29965e-05)
(4.02102e-09 1.77524e-09 9.98726e-05)
(8.15249e-10 -3.24597e-09 0.000107882)
(-1.05671e-09 -2.85802e-09 0.000107883)
(-4.46548e-09 1.1266e-09 9.98725e-05)
(-9.00068e-09 4.34342e-09 8.29953e-05)
(-1.14184e-08 1.16904e-08 5.70448e-05)
(1.59691e-09 -6.41735e-09 2.28714e-05)
(-1.5426e-08 -1.19965e-08 8.64451e-06)
(3.1319e-09 7.10881e-09 2.16668e-05)
(1.04536e-08 5.21413e-09 3.47433e-05)
(5.92265e-09 2.45781e-09 4.47482e-05)
(4.52325e-09 -1.26996e-09 5.00842e-05)
(-2.60484e-09 -4.10798e-10 5.00844e-05)
(-1.88075e-09 3.25956e-09 4.47484e-05)
(-4.83354e-09 3.44945e-09 3.47434e-05)
(1.75424e-09 3.34703e-09 2.16668e-05)
(1.3811e-08 -1.04627e-08 8.64474e-06)
(-1.98435e-08 1.42606e-08 8.64461e-06)
(-1.07639e-08 2.54565e-09 2.16663e-05)
(-5.22199e-09 2.5586e-09 3.47441e-05)
(-6.56081e-09 1.44705e-09 4.47499e-05)
(-3.94908e-10 -2.34314e-09 5.00871e-05)
(2.14291e-10 -1.68453e-09 5.00869e-05)
(3.15328e-09 8.926e-10 4.475e-05)
(1.82792e-09 5.10479e-10 3.47441e-05)
(5.07158e-09 -4.42993e-10 2.16666e-05)
(1.2693e-08 9.82908e-09 8.64445e-06)
(-8.70811e-09 1.28794e-08 2.28707e-05)
(-5.05399e-09 1.14945e-09 5.70437e-05)
(-3.3391e-09 -2.27252e-10 8.29965e-05)
(-1.0719e-09 -8.98555e-10 9.98735e-05)
(2.60223e-10 -3.85405e-09 0.000107884)
(1.85589e-09 -3.01868e-09 0.000107884)
(2.98443e-09 7.717e-10 9.98743e-05)
(4.96814e-09 1.17362e-09 8.29961e-05)
(3.38207e-09 -2.45868e-10 5.70426e-05)
(6.53349e-09 1.05443e-08 2.28708e-05)
(-2.3412e-09 8.1952e-09 3.75034e-05)
(-4.35578e-10 5.46534e-10 8.60461e-05)
(-1.53048e-09 -2.48541e-09 0.000114542)
(5.06746e-10 -3.53846e-09 0.000128145)
(-4.49067e-10 -2.30785e-09 0.000133194)
(-8.60324e-10 -1.94446e-09 0.000133194)
(-1.48242e-09 -2.47496e-09 0.000128146)
(8.1766e-10 1.10068e-10 0.000114542)
(-1.52571e-09 -4.37648e-10 8.60467e-05)
(8.02312e-10 6.20254e-09 3.75035e-05)
(1.55026e-09 6.52625e-09 4.90226e-05)
(4.31911e-09 6.73562e-10 0.000104705)
(2.43272e-09 -2.22367e-09 0.000129496)
(1.41631e-09 -2.52758e-09 0.000137784)
(1.71887e-10 -1.34069e-09 0.000139985)
(-1.25505e-09 -1.20636e-09 0.000139985)
(-3.18684e-09 -2.56566e-09 0.000137783)
(-3.89123e-09 -1.09476e-09 0.000129497)
(-5.48216e-09 -1.74585e-09 0.000104705)
(-1.14757e-09 4.49842e-09 4.90225e-05)
(4.77947e-10 1.27671e-09 5.53205e-05)
(1.14696e-09 7.48692e-10 0.000113182)
(4.86107e-10 -1.05989e-09 0.000134661)
(-1.87677e-10 -9.00063e-10 0.000140171)
(-3.0178e-10 -2.40881e-10 0.000141241)
(-4.15121e-12 3.3035e-11 0.000141241)
(-7.60717e-10 -8.05778e-10 0.000140171)
(-5.39419e-10 4.64838e-10 0.000134661)
(-1.51558e-09 -2.66235e-10 0.000113183)
(-1.0227e-09 1.37935e-10 5.53204e-05)
(5.19118e-10 3.15884e-09 5.5321e-05)
(1.2255e-09 6.93195e-10 0.000113182)
(1.07479e-09 -4.87891e-10 0.00013466)
(7.59022e-11 -9.02833e-10 0.000140171)
(-3.62805e-10 -1.10103e-09 0.000141241)
(-9.08617e-11 -8.92095e-10 0.00014124)
(-2.12785e-10 -2.25209e-09 0.000140171)
(-5.19017e-11 -5.09442e-10 0.000134661)
(-1.90956e-09 7.11978e-10 0.000113182)
(-1.419e-09 1.23499e-09 5.53203e-05)
(2.99934e-09 -2.19246e-09 4.90234e-05)
(3.61312e-09 -5.17306e-10 0.000104706)
(7.7837e-10 4.13496e-10 0.000129497)
(1.67075e-09 -1.25234e-10 0.000137783)
(5.90233e-10 -3.47262e-10 0.000139985)
(6.39322e-10 -2.62766e-10 0.000139985)
(-1.72171e-09 -1.01993e-09 0.000137784)
(-7.96099e-10 1.8608e-09 0.000129497)
(-2.61802e-09 1.14031e-09 0.000104705)
(-2.3549e-09 -2.03353e-09 4.90226e-05)
(7.85605e-10 -4.38165e-09 3.75042e-05)
(2.02851e-09 1.52833e-09 8.6047e-05)
(-1.31675e-09 -7.87812e-10 0.000114543)
(1.46471e-09 -1.44792e-09 0.000128146)
(7.87842e-10 2.25508e-10 0.000133195)
(1.95528e-09 2.97576e-10 0.000133195)
(6.11147e-10 -2.3415e-09 0.000128146)
(2.58472e-09 1.5635e-10 0.000114543)
(-1.27124e-09 3.86371e-09 8.60467e-05)
(-5.13643e-10 -4.11751e-09 3.75031e-05)
(-5.70961e-09 -9.97277e-09 2.28713e-05)
(1.37102e-09 3.07545e-09 5.70442e-05)
(4.82482e-10 1.3236e-10 8.29975e-05)
(2.90688e-10 -2.83909e-09 9.98739e-05)
(9.48572e-10 2.07456e-10 0.000107884)
(1.59032e-09 5.90268e-10 0.000107886)
(2.34958e-09 -2.39217e-09 9.98752e-05)
(8.39217e-10 2.05786e-09 8.29975e-05)
(-2.66344e-09 8.44706e-09 5.70438e-05)
(5.3582e-09 -8.67288e-09 2.28703e-05)
(-1.64955e-08 -1.24828e-08 8.64462e-06)
(-7.50791e-09 -9.68522e-10 2.16669e-05)
(-2.28903e-09 -4.49932e-10 3.4744e-05)
(-6.3355e-09 -1.82212e-09 4.47507e-05)
(-3.0024e-09 2.13897e-11 5.00871e-05)
(-4.17811e-09 7.75964e-10 5.00872e-05)
(-1.79674e-09 8.30966e-10 4.47504e-05)
(-5.53305e-09 3.79623e-09 3.47443e-05)
(-7.66438e-12 5.07028e-09 2.16671e-05)
(1.2563e-08 -9.13818e-09 8.64458e-06)
(-1.54594e-08 1.11976e-08 8.64421e-06)
(-5.78962e-09 -6.49358e-12 2.16669e-05)
(-2.52337e-09 2.10281e-09 3.47435e-05)
(-4.76458e-09 7.19324e-10 4.47485e-05)
(6.84558e-10 -2.48099e-09 5.00848e-05)
(3.41078e-10 -1.88539e-09 5.00849e-05)
(4.15728e-09 3.45271e-10 4.4749e-05)
(2.01141e-09 -6.50605e-10 3.4744e-05)
(6.44213e-09 -1.62806e-10 2.16675e-05)
(1.44743e-08 1.10023e-08 8.64508e-06)
(-5.60848e-09 9.80395e-09 2.28714e-05)
(-1.79572e-09 -1.19798e-09 5.70449e-05)
(-3.3012e-10 7.78159e-11 8.29959e-05)
(2.92743e-09 -1.67978e-09 9.98723e-05)
(3.11386e-09 -4.32379e-09 0.000107883)
(4.5717e-09 -2.63181e-09 0.000107883)
(5.70343e-09 2.03675e-10 9.98736e-05)
(6.28439e-09 4.10844e-10 8.29968e-05)
(5.02326e-09 1.15383e-09 5.70454e-05)
(6.47851e-09 1.08607e-08 2.28713e-05)
(-2.20395e-09 7.5427e-09 3.75045e-05)
(-8.27817e-10 -6.17104e-10 8.60473e-05)
(-9.72563e-10 -2.18281e-09 0.000114543)
(1.24407e-09 -4.19451e-09 0.000128146)
(-8.31527e-12 -3.78516e-09 0.000133194)
(-2.99078e-10 -2.96161e-09 0.000133194)
(-1.0702e-09 -2.98119e-09 0.000128146)
(1.48033e-09 5.81607e-10 0.000114543)
(2.13249e-10 2.7817e-09 8.60478e-05)
(1.94276e-09 7.73559e-09 3.7504e-05)
(7.07807e-10 6.9668e-09 4.90232e-05)
(2.89348e-09 -1.17844e-10 0.000104705)
(2.74415e-09 -2.35404e-09 0.000129498)
(2.61482e-09 -2.97426e-09 0.000137784)
(6.29148e-12 -2.68484e-09 0.000139985)
(-8.45423e-10 -2.44632e-09 0.000139985)
(-3.30547e-09 -2.35219e-09 0.000137784)
(-4.2115e-09 -6.2908e-10 0.000129498)
(-5.11475e-09 8.32236e-10 0.000104705)
(-1.21674e-09 5.15772e-09 4.90223e-05)
(8.94963e-10 1.37522e-09 5.53216e-05)
(1.06066e-09 -3.48959e-10 0.000113183)
(1.13163e-10 -1.34019e-09 0.000134661)
(1.08431e-10 -1.33617e-09 0.000140171)
(-3.46777e-10 -4.857e-10 0.000141241)
(-3.48783e-10 -5.26977e-10 0.000141241)
(-1.73323e-09 -1.6486e-10 0.000140171)
(-1.56536e-09 1.02276e-09 0.000134661)
(-2.20973e-09 5.06908e-10 0.000113182)
(-1.30148e-09 -4.02002e-10 5.53205e-05)
(9.75441e-10 4.35786e-09 5.53212e-05)
(1.37399e-09 2.59417e-10 0.000113183)
(6.99486e-10 -1.18275e-09 0.000134661)
(1.949e-10 -2.006e-09 0.000140172)
(-5.80883e-10 -1.23135e-09 0.000141241)
(-7.52952e-11 -1.85363e-09 0.000141241)
(-1.06127e-10 -1.41207e-09 0.000140172)
(-9.15135e-10 6.86594e-12 0.000134662)
(-2.10286e-09 4.78918e-10 0.000113183)
(-1.04078e-09 7.91828e-10 5.53203e-05)
(3.22802e-09 -1.33776e-09 4.90232e-05)
(4.15327e-09 1.35076e-10 0.000104706)
(6.19414e-10 6.61194e-11 0.000129498)
(1.38811e-09 -3.65761e-10 0.000137784)
(3.91615e-10 6.20053e-10 0.000139985)
(3.83661e-10 3.27914e-10 0.000139985)
(-2.01259e-09 -1.10998e-10 0.000137784)
(-1.51991e-09 1.44015e-09 0.000129499)
(-2.98829e-09 -2.2219e-10 0.000104706)
(-2.04266e-09 -3.86073e-09 4.90225e-05)
(1.87405e-09 -2.33538e-09 3.75039e-05)
(2.47305e-09 4.32256e-09 8.60473e-05)
(-1.9761e-09 5.80718e-10 0.000114543)
(1.82095e-09 -1.67154e-09 0.000128146)
(2.00354e-09 4.1189e-10 0.000133194)
(1.81372e-09 9.14558e-10 0.000133194)
(1.2951e-09 -8.95142e-10 0.000128146)
(4.75647e-09 -3.62668e-10 0.000114543)
(8.87733e-10 5.65702e-10 8.60474e-05)
(3.27497e-10 -5.87944e-09 3.75036e-05)
(-4.8598e-09 -8.83956e-09 2.28714e-05)
(5.61481e-09 7.52873e-09 5.70445e-05)
(3.72855e-09 1.4475e-09 8.29959e-05)
(1.40621e-09 -2.90306e-09 9.98728e-05)
(1.70202e-09 4.48483e-10 0.000107883)
(1.31108e-09 4.31176e-10 0.000107883)
(1.57376e-09 -1.69912e-09 9.98728e-05)
(1.21366e-09 1.73037e-09 8.29966e-05)
(-7.87215e-10 5.06915e-09 5.70447e-05)
(5.955e-09 -1.0133e-08 2.28709e-05)
(-1.56697e-08 -1.20449e-08 8.64469e-06)
(-4.13381e-09 1.1109e-09 2.16668e-05)
(4.0762e-10 -1.98485e-10 3.47432e-05)
(-5.01104e-09 -8.8971e-10 4.47485e-05)
(-2.20875e-09 1.34858e-09 5.0085e-05)
(-1.90613e-09 8.32569e-10 5.0085e-05)
(-2.39988e-11 2.53139e-11 4.47486e-05)
(-4.09256e-09 2.79201e-09 3.47429e-05)
(1.95437e-09 2.73888e-09 2.16666e-05)
(1.42555e-08 -1.11028e-08 8.64438e-06)
(-8.68054e-09 8.26082e-09 8.64438e-06)
(-2.63e-09 -8.81722e-10 2.16663e-05)
(-3.38874e-09 2.67888e-09 3.47427e-05)
(-6.35479e-09 6.11544e-10 4.47487e-05)
(-1.04663e-09 -1.88512e-09 5.00849e-05)
(-1.03076e-09 -1.75491e-09 5.00849e-05)
(1.69109e-09 -4.80442e-10 4.47485e-05)
(1.34921e-10 -2.38074e-10 3.47433e-05)
(3.1902e-09 -2.01822e-09 2.16668e-05)
(9.91501e-09 7.18568e-09 8.64456e-06)
(-5.69736e-09 9.70547e-09 2.28707e-05)
(-1.64108e-09 -1.31358e-09 5.70437e-05)
(-2.34234e-09 1.94762e-09 8.29954e-05)
(-1.38434e-11 1.90135e-10 9.98724e-05)
(1.64198e-09 -3.61776e-09 0.000107883)
(2.19067e-09 -3.26016e-09 0.000107884)
(2.69808e-09 4.05221e-12 9.98731e-05)
(3.4135e-09 8.21278e-10 8.29967e-05)
(2.15013e-09 -1.76469e-09 5.7045e-05)
(5.6173e-09 8.62952e-09 2.28709e-05)
(-1.81503e-09 6.52338e-09 3.75035e-05)
(-7.12376e-10 -2.82718e-10 8.60468e-05)
(-1.3982e-09 -7.74879e-10 0.000114543)
(1.65145e-09 -2.14584e-09 0.000128146)
(1.18934e-09 -2.82917e-09 0.000133194)
(5.40241e-10 -3.20225e-09 0.000133194)
(2.03868e-10 -2.24972e-09 0.000128146)
(2.89677e-09 4.6952e-10 0.000114543)
(1.63169e-09 3.04305e-10 8.60477e-05)
(2.61227e-09 6.84672e-09 3.7504e-05)
(1.24229e-09 5.57876e-09 4.90227e-05)
(3.61816e-09 1.76539e-11 0.000104705)
(2.15793e-09 -9.12461e-10 0.000129498)
(2.25643e-09 -2.30884e-09 0.000137784)
(4.1872e-10 -1.22241e-09 0.000139985)
(-3.14823e-10 -1.65433e-09 0.000139985)
(-1.97828e-09 -2.65519e-09 0.000137785)
(-2.27445e-09 -7.09702e-10 0.000129498)
(-3.22436e-09 -3.84694e-10 0.000104705)
(-2.54701e-10 6.14059e-09 4.90227e-05)
(9.31765e-10 -1.25948e-10 5.5321e-05)
(1.30575e-09 -3.01508e-10 0.000113183)
(5.57331e-10 -2.91506e-11 0.000134662)
(4.675e-10 -1.21061e-09 0.000140171)
(-2.07351e-10 2.31547e-10 0.000141241)
(-1.89152e-10 2.01774e-10 0.000141241)
(-9.5718e-10 -1.29806e-10 0.000140172)
(-8.63195e-10 6.91633e-10 0.000134661)
(-2.85e-09 1.85929e-10 0.000113182)
(-1.93434e-09 1.52259e-09 5.53205e-05)
(1.21164e-09 3.60162e-09 5.5321e-05)
(2.00261e-09 1.9243e-10 0.000113183)
(1.23563e-09 -5.3044e-10 0.000134661)
(3.79931e-10 -1.85672e-09 0.000140172)
(-6.78741e-10 -1.1513e-09 0.000141241)
(-8.89519e-10 -7.98598e-10 0.000141241)
(-1.70963e-09 -1.62495e-09 0.000140171)
(-2.05476e-09 1.39788e-10 0.000134661)
(-2.67611e-09 8.84892e-10 0.000113182)
(-1.29516e-09 1.68277e-09 5.53205e-05)
(3.32211e-09 -1.22986e-09 4.90227e-05)
(4.70948e-09 -2.53895e-10 0.000104706)
(1.86587e-09 7.31919e-10 0.000129498)
(2.02422e-09 8.0824e-10 0.000137785)
(-1.21419e-10 1.15625e-09 0.000139986)
(-5.19242e-10 9.77832e-10 0.000139986)
(-2.2861e-09 2.57228e-10 0.000137784)
(-1.38258e-09 2.9078e-09 0.000129498)
(-3.20576e-09 5.49818e-10 0.000104706)
(-2.28898e-09 -2.92139e-09 4.90227e-05)
(2.18963e-09 -3.10505e-09 3.75035e-05)
(2.50201e-09 2.86215e-09 8.60475e-05)
(-1.89015e-09 3.18349e-10 0.000114543)
(2.09625e-09 -4.38783e-10 0.000128146)
(1.27435e-09 1.64538e-09 0.000133194)
(1.1217e-09 1.19249e-09 0.000133194)
(-3.30328e-10 2.3496e-10 0.000128146)
(1.68294e-09 2.46396e-09 0.000114543)
(-1.47846e-09 2.91641e-09 8.60476e-05)
(-3.35637e-10 -5.17843e-09 3.7504e-05)
(-4.994e-09 -9.56255e-09 2.28713e-05)
(9.77024e-10 5.0773e-09 5.70452e-05)
(-6.3526e-10 -4.78993e-10 8.29964e-05)
(1.06101e-09 -2.21761e-09 9.98727e-05)
(1.73791e-09 1.83228e-09 0.000107883)
(1.05872e-09 1.25809e-09 0.000107883)
(1.07971e-10 -9.8467e-10 9.98725e-05)
(-1.63851e-09 3.97595e-09 8.29963e-05)
(-2.43713e-09 7.27571e-09 5.7045e-05)
(6.92454e-09 -1.13697e-08 2.28714e-05)
(-1.82463e-08 -1.40364e-08 8.64466e-06)
(-6.52737e-09 -2.09469e-10 2.1667e-05)
(-1.79349e-09 -1.50489e-09 3.47434e-05)
(-5.94071e-09 -8.87546e-10 4.4748e-05)
(-2.33753e-09 1.70117e-09 5.00847e-05)
(-9.19178e-10 1.1972e-09 5.00845e-05)
(-2.47865e-10 5.01675e-10 4.47489e-05)
(-5.06153e-09 3.41311e-09 3.47439e-05)
(2.92507e-09 2.63619e-09 2.16675e-05)
(1.53736e-08 -1.19158e-08 8.64486e-06)
(-1.61691e-08 1.17715e-08 8.64482e-06)
(-7.83477e-09 1.08378e-10 2.16666e-05)
(-2.42359e-09 9.30243e-10 3.47435e-05)
(-4.64553e-09 -4.66055e-10 4.47485e-05)
(-1.23083e-09 -1.85266e-09 5.00849e-05)
(3.60724e-10 -1.81373e-09 5.00845e-05)
(4.19718e-09 -2.96403e-10 4.47484e-05)
(1.4106e-09 -1.40743e-10 3.47431e-05)
(5.012e-09 -9.64079e-10 2.16661e-05)
(1.37489e-08 1.07475e-08 8.64405e-06)
(-7.91875e-09 1.15399e-08 2.28706e-05)
(-2.29535e-09 -2.35973e-09 5.7044e-05)
(-2.69347e-09 -6.13894e-10 8.2996e-05)
(-9.11397e-11 -1.37534e-09 9.98728e-05)
(1.93641e-09 -4.1018e-09 0.000107883)
(5.7986e-10 -3.88867e-09 0.000107883)
(2.05423e-09 -1.53955e-09 9.98733e-05)
(4.80074e-09 -7.96278e-13 8.29963e-05)
(3.46088e-09 -9.18555e-10 5.70441e-05)
(7.0718e-09 1.14806e-08 2.28707e-05)
(-2.75946e-09 8.29826e-09 3.75036e-05)
(-1.22121e-09 -8.48514e-10 8.60467e-05)
(-1.63746e-09 -2.20493e-09 0.000114542)
(6.33568e-10 -3.83153e-09 0.000128146)
(-4.28021e-10 -4.10092e-09 0.000133194)
(-8.98311e-10 -3.82174e-09 0.000133194)
(-1.33249e-09 -3.24126e-09 0.000128146)
(7.27273e-10 -1.16487e-09 0.000114543)
(3.23906e-10 7.64243e-10 8.60472e-05)
(3.41308e-09 8.56855e-09 3.75039e-05)
(6.94802e-10 7.38081e-09 4.90226e-05)
(4.62458e-09 -1.18185e-09 0.000104705)
(2.68895e-09 -1.21481e-09 0.000129498)
(1.32376e-09 -2.84773e-09 0.000137784)
(-1.81425e-10 -2.09162e-09 0.000139985)
(-9.86798e-10 -2.33767e-09 0.000139985)
(-2.90248e-09 -2.6038e-09 0.000137784)
(-2.68228e-09 -1.69424e-09 0.000129498)
(-4.09341e-09 -1.76689e-10 0.000104705)
(-1.31359e-09 5.05559e-09 4.90232e-05)
(1.30545e-09 1.19939e-09 5.53202e-05)
(1.8769e-09 -8.48879e-10 0.000113182)
(5.89978e-10 3.03043e-10 0.000134661)
(7.96414e-10 3.33989e-10 0.000140171)
(-5.71539e-12 -9.55604e-11 0.00014124)
(-3.15208e-10 -6.25624e-10 0.000141241)
(-1.56275e-09 -5.68943e-10 0.000140171)
(-1.19882e-09 2.9154e-10 0.000134661)
(-1.98684e-09 -7.5048e-11 0.000113182)
(-1.40723e-09 -1.69656e-10 5.53213e-05)
(1.64764e-09 4.00851e-09 5.53204e-05)
(1.90581e-09 3.63402e-10 0.000113183)
(6.57319e-10 3.26255e-10 0.000134661)
(4.01071e-10 -1.00985e-09 0.000140171)
(-3.07516e-10 -1.22858e-09 0.000141241)
(-3.7223e-10 -1.69447e-09 0.000141241)
(-1.34115e-09 -1.87567e-09 0.000140171)
(-1.82469e-09 -8.81622e-10 0.000134662)
(-2.31101e-09 4.20303e-10 0.000113183)
(-1.06652e-09 1.48169e-09 5.53212e-05)
(2.7777e-09 -1.69335e-09 4.90223e-05)
(2.78506e-09 1.34195e-13 0.000104706)
(5.57702e-10 1.81636e-09 0.000129499)
(2.63351e-09 7.43852e-10 0.000137784)
(1.16548e-09 8.70499e-10 0.000139986)
(7.69314e-10 4.42904e-10 0.000139985)
(-2.07037e-09 -1.07357e-10 0.000137784)
(-1.66026e-09 6.59965e-10 0.000129498)
(-3.00858e-09 -3.04859e-10 0.000104706)
(-2.12316e-09 -3.37847e-09 4.90231e-05)
(9.19149e-10 -2.60566e-09 3.75038e-05)
(8.84733e-10 4.28809e-09 8.60479e-05)
(-2.33552e-09 1.50574e-09 0.000114543)
(1.88012e-09 -4.1365e-10 0.000128146)
(1.28115e-09 8.01004e-10 0.000133193)
(1.54669e-09 9.18297e-10 0.000133194)
(1.45136e-09 -8.12897e-10 0.000128146)
(4.55586e-09 -1.21141e-09 0.000114543)
(5.47083e-10 6.51755e-10 8.60478e-05)
(5.98376e-11 -4.56046e-09 3.7504e-05)
(-4.22316e-09 -7.88989e-09 2.2871e-05)
(4.99033e-09 7.88349e-09 5.7045e-05)
(3.63528e-09 1.23752e-09 8.2996e-05)
(3.33051e-09 -2.02936e-09 9.98721e-05)
(2.84213e-09 7.18391e-10 0.000107882)
(2.25146e-09 4.45088e-10 0.000107882)
(3.27951e-09 -1.61658e-09 9.98727e-05)
(1.43635e-09 1.24001e-09 8.29961e-05)
(-1.48452e-09 5.876e-09 5.70447e-05)
(5.41455e-09 -8.16005e-09 2.28713e-05)
(-1.55809e-08 -1.24173e-08 8.64441e-06)
(-2.50525e-09 2.33987e-09 2.16666e-05)
(6.75611e-10 -4.40687e-10 3.47431e-05)
(-3.76584e-09 -5.37349e-10 4.47479e-05)
(-1.65905e-09 8.7473e-10 5.00844e-05)
(-2.97062e-09 1.03204e-09 5.00844e-05)
(-5.97516e-10 7.62706e-10 4.47486e-05)
(-3.40194e-09 2.93103e-09 3.47441e-05)
(1.26997e-09 3.56583e-09 2.16672e-05)
(1.12463e-08 -9.03643e-09 8.64482e-06)
(-1.2864e-08 9.93671e-09 8.64464e-06)
(-5.36589e-09 -1.13761e-10 2.16669e-05)
(-3.49931e-09 1.01239e-09 3.4744e-05)
(-6.24942e-09 7.46147e-10 4.47486e-05)
(-1.18068e-09 -2.34394e-09 5.00848e-05)
(6.78029e-10 -1.06273e-09 5.00846e-05)
(5.64809e-09 1.56736e-09 4.47481e-05)
(9.46718e-10 4.29832e-10 3.47431e-05)
(4.78449e-09 -7.59464e-10 2.16665e-05)
(1.42485e-08 1.06292e-08 8.64429e-06)
(-7.33864e-09 1.06291e-08 2.28709e-05)
(-2.71554e-09 -7.31933e-10 5.7045e-05)
(-1.61132e-09 5.34971e-10 8.29965e-05)
(-7.09242e-11 -1.64705e-10 9.98729e-05)
(8.7642e-10 -4.32528e-09 0.000107883)
(1.35813e-09 -3.16766e-09 0.000107883)
(3.27034e-09 7.36659e-10 9.98729e-05)
(4.82684e-09 3.7647e-10 8.2996e-05)
(2.91185e-09 -1.65768e-09 5.70446e-05)
(7.14051e-09 1.11863e-08 2.28711e-05)
(-1.15882e-09 6.54392e-09 3.75038e-05)
(2.16297e-10 -1.34825e-10 8.60469e-05)
(-1.25805e-09 -3.23569e-10 0.000114542)
(1.5024e-09 -2.58022e-09 0.000128145)
(8.42856e-10 -3.63456e-09 0.000133193)
(-8.8329e-11 -3.45689e-09 0.000133193)
(-6.49414e-10 -2.78563e-09 0.000128146)
(1.11699e-09 -1.45373e-09 0.000114543)
(3.78908e-11 -9.94003e-10 8.60474e-05)
(2.77086e-09 7.67686e-09 3.75039e-05)
(1.38414e-09 4.92499e-09 4.90224e-05)
(3.67602e-09 1.73175e-10 0.000104705)
(2.67927e-09 -1.17447e-09 0.000129498)
(1.91849e-09 -2.04398e-09 0.000137784)
(-2.36372e-10 -1.98531e-09 0.000139985)
(-1.65169e-09 -1.47518e-09 0.000139985)
(-4.56885e-09 -2.60618e-09 0.000137784)
(-4.19866e-09 -1.29785e-09 0.000129498)
(-5.16435e-09 -1.67352e-09 0.000104705)
(-1.32291e-09 5.40206e-09 4.90228e-05)
(7.09056e-10 -3.93368e-10 5.53203e-05)
(1.16088e-09 -1.08769e-10 0.000113182)
(6.62947e-10 -8.11143e-11 0.000134661)
(-7.69335e-11 9.19139e-12 0.000140171)
(-9.52756e-10 4.65755e-10 0.00014124)
(-7.70955e-10 -2.58695e-11 0.000141241)
(-1.24897e-09 -6.35078e-10 0.000140171)
(-1.11289e-09 8.94465e-10 0.000134662)
(-2.82304e-09 -8.94156e-10 0.000113183)
(-1.61429e-09 2.37302e-10 5.5321e-05)
(7.85274e-10 2.96663e-09 5.53201e-05)
(1.71977e-09 9.53133e-11 0.000113182)
(6.67822e-10 -4.30059e-10 0.000134661)
(1.43139e-10 -6.20422e-10 0.000140171)
(4.77466e-10 -1.00591e-09 0.000141241)
(-3.02079e-10 -1.57901e-09 0.000141241)
(-7.64534e-10 -1.82256e-09 0.000140171)
(-4.33985e-10 -1.66384e-10 0.000134662)
(-2.01377e-09 -4.27555e-10 0.000113183)
(-1.22939e-09 1.26131e-09 5.53212e-05)
(2.68072e-09 -2.29009e-09 4.90225e-05)
(3.62902e-09 -4.90183e-10 0.000104705)
(1.1274e-09 1.13872e-09 0.000129498)
(2.75006e-09 1.07507e-09 0.000137784)
(1.27995e-09 7.09936e-10 0.000139985)
(1.01635e-09 3.55021e-10 0.000139985)
(-1.16398e-09 5.9097e-10 0.000137784)
(-6.14496e-10 3.05775e-09 0.000129498)
(-2.43809e-09 -1.64757e-10 0.000104706)
(-2.45254e-09 -2.87057e-09 4.90228e-05)
(6.55381e-10 -3.7635e-09 3.7504e-05)
(1.18204e-09 3.19226e-09 8.60471e-05)
(-2.08342e-09 8.91412e-10 0.000114542)
(1.75138e-09 -8.60476e-10 0.000128145)
(1.27517e-09 5.59912e-10 0.000133194)
(1.88984e-09 9.67427e-10 0.000133193)
(9.19103e-10 -8.34798e-10 0.000128146)
(2.62628e-09 2.29199e-09 0.000114543)
(-1.16059e-09 3.55921e-09 8.60472e-05)
(-7.35639e-10 -4.53328e-09 3.75037e-05)
(-4.0565e-09 -8.01723e-09 2.28709e-05)
(3.20224e-09 6.21084e-09 5.70443e-05)
(1.51743e-09 -2.01677e-10 8.29953e-05)
(1.284e-09 -3.49352e-09 9.98725e-05)
(1.40407e-09 9.86622e-10 0.000107883)
(1.21621e-09 7.15106e-10 0.000107883)
(1.54152e-09 -2.10707e-09 9.98728e-05)
(-4.94257e-10 4.00632e-09 8.29956e-05)
(-1.89507e-09 7.34317e-09 5.70442e-05)
(6.11372e-09 -9.40154e-09 2.28709e-05)
(-1.61378e-08 -1.2048e-08 8.64472e-06)
(-3.67048e-09 2.00511e-09 2.1667e-05)
(-3.58455e-11 -5.58745e-10 3.47436e-05)
(-5.79067e-09 -1.70726e-09 4.47486e-05)
(-3.24286e-09 1.45372e-09 5.00847e-05)
(-2.53617e-09 9.32312e-10 5.0085e-05)
(-5.1914e-10 5.07711e-10 4.47486e-05)
(-5.49697e-09 4.25582e-09 3.47433e-05)
(1.72868e-09 3.07707e-09 2.16663e-05)
(1.48855e-08 -1.12879e-08 8.64434e-06)
(-1.8279e-08 1.35163e-08 8.64438e-06)
(-7.34742e-09 9.05119e-10 2.16663e-05)
(-3.02226e-09 1.4212e-09 3.47432e-05)
(-6.11686e-09 2.46366e-10 4.47486e-05)
(-2.17972e-09 -1.38062e-09 5.00848e-05)
(-1.38276e-09 -1.80007e-09 5.00849e-05)
(2.4722e-09 3.73382e-11 4.47486e-05)
(4.80084e-10 -6.11195e-10 3.47435e-05)
(4.40398e-09 -1.26525e-09 2.16669e-05)
(1.33717e-08 1.1116e-08 8.64493e-06)
(-7.1532e-09 1.11051e-08 2.28707e-05)
(-3.78467e-09 1.13333e-09 5.70443e-05)
(-2.74208e-09 1.23875e-10 8.29956e-05)
(-4.48848e-10 -1.12265e-09 9.98728e-05)
(-9.53235e-12 -3.89543e-09 0.000107884)
(7.41563e-10 -3.94081e-09 0.000107883)
(2.71931e-09 -1.01617e-09 9.98727e-05)
(3.16031e-09 -1.51451e-09 8.29961e-05)
(1.93874e-09 -1.61198e-09 5.70446e-05)
(7.40319e-09 1.22501e-08 2.28713e-05)
(-2.79412e-09 8.28992e-09 3.75034e-05)
(-1.48897e-09 2.22069e-09 8.60474e-05)
(-8.03153e-10 -2.03004e-09 0.000114543)
(1.38885e-09 -3.79298e-09 0.000128146)
(5.28719e-10 -3.74979e-09 0.000133194)
(-8.16419e-11 -4.07552e-09 0.000133194)
(-5.57943e-10 -3.41598e-09 0.000128145)
(2.87605e-09 -1.72584e-09 0.000114542)
(1.2041e-09 1.45764e-09 8.6047e-05)
(1.87934e-09 8.16373e-09 3.75037e-05)
(8.23346e-10 6.87253e-09 4.90225e-05)
(3.78665e-09 1.02581e-09 0.000104705)
(2.77841e-09 -1.33201e-09 0.000129499)
(2.02782e-09 -2.81442e-09 0.000137785)
(-7.23594e-11 -1.87606e-09 0.000139986)
(-1.25215e-09 -2.22247e-09 0.000139985)
(-3.19713e-09 -2.76847e-09 0.000137784)
(-3.52794e-09 -1.88024e-09 0.000129498)
(-4.85362e-09 7.17064e-10 0.000104705)
(-1.27871e-09 5.35087e-09 4.90224e-05)
(8.77305e-10 5.71399e-10 5.53209e-05)
(2.03309e-09 -3.80781e-11 0.000113183)
(1.36478e-09 1.22523e-10 0.000134662)
(8.78309e-10 3.40159e-10 0.000140172)
(4.35137e-10 -3.60279e-10 0.000141241)
(-3.77726e-10 -1.54175e-10 0.000141241)
(-8.2579e-10 -8.42397e-10 0.000140171)
(-5.49863e-10 5.2952e-10 0.000134662)
(-2.54491e-09 3.49078e-10 0.000113183)
(-1.41087e-09 -6.59161e-10 5.53206e-05)
(1.16695e-09 4.06181e-09 5.53211e-05)
(1.61857e-09 7.58589e-10 0.000113183)
(1.10471e-09 2.93184e-10 0.000134661)
(8.66201e-10 -1.18126e-09 0.000140171)
(-1.02982e-10 -1.41103e-09 0.000141241)
(-4.48759e-10 -1.24264e-09 0.000141241)
(-4.86136e-10 -1.95233e-09 0.000140171)
(-7.80869e-10 -4.56753e-10 0.000134661)
(-2.3934e-09 3.87565e-10 0.000113182)
(-1.1963e-09 6.30316e-10 5.53207e-05)
(2.83467e-09 -1.56055e-09 4.90229e-05)
(3.02028e-09 -2.28342e-11 0.000104705)
(1.79145e-09 1.87077e-09 0.000129498)
(3.25551e-09 7.80637e-11 0.000137784)
(9.23393e-10 3.53851e-10 0.000139985)
(7.84125e-10 5.06694e-10 0.000139985)
(-1.20278e-09 3.20475e-11 0.000137784)
(-1.72716e-11 1.45971e-09 0.000129498)
(-2.56887e-09 9.09938e-11 0.000104705)
(-2.43518e-09 -3.60453e-09 4.90227e-05)
(1.26763e-09 -2.98809e-09 3.75039e-05)
(1.47016e-09 3.72094e-09 8.60465e-05)
(-1.38844e-09 8.19014e-10 0.000114542)
(1.95321e-09 -1.01963e-09 0.000128145)
(8.28934e-10 8.35631e-10 0.000133194)
(2.35325e-09 1.30954e-09 0.000133194)
(1.79673e-09 -6.41454e-10 0.000128146)
(4.11935e-09 4.2674e-10 0.000114543)
(-1.23577e-11 1.87622e-09 8.60473e-05)
(-4.45904e-10 -5.04804e-09 3.75038e-05)
(-4.16179e-09 -8.12025e-09 2.28706e-05)
(4.33783e-09 6.75614e-09 5.70434e-05)
(3.4839e-09 1.1425e-09 8.2995e-05)
(1.88548e-09 -2.9235e-09 9.98724e-05)
(9.28852e-10 1.05199e-09 0.000107883)
(1.89741e-09 1.02614e-09 0.000107883)
(2.55901e-09 -1.94712e-09 9.98729e-05)
(9.86628e-11 2.38154e-09 8.29964e-05)
(-1.08525e-09 6.46851e-09 5.70443e-05)
(6.90558e-09 -9.87797e-09 2.28707e-05)
(-1.44834e-08 -1.09561e-08 8.6445e-06)
(-4.47215e-09 1.15485e-09 2.16664e-05)
(-3.16162e-10 -1.86014e-10 3.47432e-05)
(-5.04235e-09 -1.36011e-09 4.47484e-05)
(-1.9188e-09 1.0117e-09 5.0085e-05)
(-1.72293e-09 6.58509e-10 5.00851e-05)
(2.55125e-10 2.01493e-10 4.47486e-05)
(-3.37103e-09 2.90003e-09 3.47433e-05)
(2.99721e-09 2.98983e-09 2.16664e-05)
(1.57839e-08 -1.18532e-08 8.64422e-06)
(-1.35794e-08 1.07119e-08 8.6445e-06)
(-4.21643e-09 -1.0117e-09 2.16668e-05)
(-2.19746e-09 1.30733e-09 3.47437e-05)
(-4.69387e-09 9.2535e-10 4.47488e-05)
(-6.83643e-10 -6.72883e-10 5.00849e-05)
(-6.42376e-10 -1.14174e-09 5.00849e-05)
(3.46714e-09 -5.51779e-10 4.4749e-05)
(2.52223e-11 -6.77304e-10 3.47436e-05)
(3.24857e-09 -2.45023e-09 2.1667e-05)
(1.35613e-08 9.10148e-09 8.64481e-06)
(-6.14685e-09 9.90798e-09 2.28706e-05)
(-1.89748e-09 -2.65417e-09 5.70441e-05)
(-1.3159e-09 2.62236e-10 8.29954e-05)
(1.76535e-09 -5.11009e-10 9.98725e-05)
(2.49198e-09 -2.31485e-09 0.000107883)
(3.84952e-09 -2.46834e-09 0.000107884)
(5.20067e-09 -2.15498e-10 9.98732e-05)
(5.24105e-09 6.71814e-10 8.29964e-05)
(2.59235e-09 -1.84351e-09 5.70451e-05)
(5.56482e-09 8.37216e-09 2.28716e-05)
(-2.43096e-09 7.65941e-09 3.75038e-05)
(-4.49028e-10 -1.60655e-09 8.60472e-05)
(-1.53263e-09 -2.54419e-09 0.000114542)
(1.39326e-09 -3.65603e-09 0.000128146)
(1.24131e-09 -3.34286e-09 0.000133194)
(1.51796e-09 -3.68632e-09 0.000133194)
(1.40049e-09 -1.8358e-09 0.000128146)
(3.21371e-09 9.75609e-10 0.000114543)
(1.653e-09 1.1578e-09 8.60475e-05)
(2.68505e-09 7.74575e-09 3.75042e-05)
(6.5924e-10 7.17385e-09 4.90228e-05)
(3.02205e-09 -8.67594e-10 0.000104706)
(1.93218e-09 -3.50865e-09 0.000129499)
(1.77516e-09 -3.83377e-09 0.000137784)
(-5.63219e-10 -2.3716e-09 0.000139985)
(-1.92816e-09 -2.82289e-09 0.000139985)
(-3.39332e-09 -2.06066e-09 0.000137784)
(-2.89546e-09 -4.8457e-10 0.000129498)
(-3.98794e-09 -2.85234e-10 0.000104706)
(-5.86479e-10 6.41332e-09 4.90229e-05)
(1.36717e-09 3.77456e-10 5.53208e-05)
(1.26538e-09 -9.64827e-10 0.000113183)
(-5.11464e-10 -1.16053e-09 0.000134661)
(-4.10155e-10 -1.23812e-09 0.000140171)
(-1.10249e-09 4.31131e-11 0.00014124)
(-1.50917e-09 -3.3574e-10 0.00014124)
(-1.42245e-09 -1.77402e-11 0.000140171)
(-6.18212e-10 1.14905e-09 0.000134662)
(-2.89638e-09 -7.32779e-10 0.000113183)
(-1.76697e-09 3.1639e-10 5.53211e-05)
(1.42072e-09 3.59074e-09 5.53213e-05)
(1.94984e-09 9.64641e-10 0.000113183)
(7.14022e-10 -6.0581e-10 0.000134661)
(2.85521e-10 -1.59573e-09 0.000140171)
(3.69542e-11 -1.22538e-09 0.00014124)
(-4.04862e-10 -9.80734e-10 0.000141241)
(-2.64264e-10 -1.37775e-09 0.000140172)
(-2.84214e-10 1.04275e-09 0.000134661)
(-2.68418e-09 4.67715e-10 0.000113183)
(-1.415e-09 9.3702e-10 5.53209e-05)
(3.26794e-09 -1.71089e-09 4.90228e-05)
(5.16078e-09 5.12542e-10 0.000104705)
(2.3214e-09 5.99109e-10 0.000129498)
(2.68763e-09 5.61698e-11 0.000137783)
(8.21192e-10 7.43006e-10 0.000139985)
(4.686e-10 9.16909e-10 0.000139985)
(-1.28212e-09 3.27969e-10 0.000137784)
(-8.907e-10 3.28463e-09 0.000129498)
(-3.14683e-09 1.17509e-09 0.000104706)
(-2.30432e-09 -2.9757e-09 4.90227e-05)
(9.50612e-10 -4.16743e-09 3.75037e-05)
(2.27819e-09 2.76566e-09 8.60467e-05)
(-1.90468e-09 -2.97772e-10 0.000114542)
(1.24915e-09 -5.15692e-10 0.000128145)
(2.33376e-10 1.23166e-09 0.000133193)
(1.39097e-09 1.0663e-09 0.000133193)
(1.19761e-09 -5.43951e-10 0.000128146)
(2.84551e-09 2.26994e-09 0.000114543)
(-1.75144e-10 3.45122e-09 8.6048e-05)
(3.5424e-10 -5.02937e-09 3.75038e-05)
(-8.42693e-09 -1.12454e-08 2.28703e-05)
(-4.32979e-10 3.07971e-09 5.70435e-05)
(-6.61459e-10 -1.6755e-09 8.2995e-05)
(-6.54812e-10 -1.99661e-09 9.98726e-05)
(2.02435e-10 1.52182e-09 0.000107883)
(1.92267e-10 7.84376e-10 0.000107883)
(1.34063e-10 -1.81048e-09 9.98722e-05)
(-2.04608e-09 3.46616e-09 8.2996e-05)
(-2.55508e-09 7.62077e-09 5.70446e-05)
(7.04311e-09 -9.99455e-09 2.28707e-05)
(-1.64715e-08 -1.2688e-08 8.64415e-06)
(-6.56439e-09 -1.20599e-09 2.16661e-05)
(-2.51614e-09 -2.15244e-09 3.4743e-05)
(-6.60602e-09 -8.97659e-10 4.47483e-05)
(-3.9268e-09 1.59553e-09 5.00849e-05)
(-3.15633e-09 1.17451e-09 5.00846e-05)
(-2.11084e-09 3.60319e-10 4.4748e-05)
(-6.57496e-09 3.39472e-09 3.47429e-05)
(-8.9974e-10 4.21716e-09 2.16663e-05)
(1.17475e-08 -9.59519e-09 8.6444e-06)
(-1.56096e-08 1.20451e-08 8.64464e-06)
(-3.70469e-09 -1.77853e-09 2.16668e-05)
(-1.89212e-09 1.16282e-09 3.47436e-05)
(-6.22768e-09 1.76905e-10 4.47487e-05)
(-2.1034e-09 -1.53012e-09 5.00848e-05)
(-7.98626e-10 -1.1555e-09 5.00847e-05)
(3.0562e-09 -7.38195e-10 4.47485e-05)
(1.06287e-09 -1.25679e-09 3.47434e-05)
(6.97876e-09 -2.71721e-10 2.16667e-05)
(1.71653e-08 1.40371e-08 8.64424e-06)
(-9.53962e-09 1.25907e-08 2.28712e-05)
(-4.47659e-09 -4.77855e-10 5.70453e-05)
(-3.02722e-09 -3.55517e-10 8.29963e-05)
(-1.65988e-09 -3.46618e-10 9.98726e-05)
(-2.91821e-10 -4.37709e-09 0.000107883)
(2.17969e-09 -3.07429e-09 0.000107883)
(4.46108e-09 -1.07285e-09 9.98733e-05)
(4.38662e-09 -7.53456e-10 8.29969e-05)
(3.27581e-09 -9.38293e-10 5.70452e-05)
(8.23661e-09 1.31641e-08 2.2871e-05)
(-2.65449e-09 8.54241e-09 3.75044e-05)
(-2.16153e-09 1.61662e-09 8.6048e-05)
(-1.80206e-09 -1.79907e-09 0.000114543)
(5.80064e-10 -3.04797e-09 0.000128145)
(-4.46074e-10 -4.33245e-09 0.000133193)
(-1.17303e-09 -4.31698e-09 0.000133194)
(-1.41718e-09 -2.4462e-09 0.000128146)
(1.4012e-09 -4.81192e-10 0.000114544)
(-1.63576e-10 5.94522e-10 8.60481e-05)
(2.74754e-09 8.87919e-09 3.75043e-05)
(1.48959e-09 6.79257e-09 4.90233e-05)
(4.14121e-09 6.0184e-10 0.000104706)
(2.18038e-09 -1.98357e-09 0.000129498)
(2.14549e-09 -2.99651e-09 0.000137784)
(3.98166e-10 -2.16275e-09 0.000139985)
(-9.45849e-10 -2.45015e-09 0.000139985)
(-3.53174e-09 -1.88167e-09 0.000137784)
(-3.70875e-09 -1.7991e-09 0.000129498)
(-4.74958e-09 5.7194e-11 0.000104706)
(-1.49172e-09 6.4027e-09 4.90229e-05)
(6.62388e-10 1.13802e-09 5.53206e-05)
(1.33273e-09 -2.7774e-10 0.000113182)
(6.15942e-10 -1.26891e-09 0.000134661)
(5.92337e-10 -5.93742e-10 0.000140171)
(-1.36347e-10 -4.69438e-10 0.00014124)
(-6.96043e-10 4.43913e-10 0.000141241)
(-1.17697e-09 5.6221e-10 0.000140171)
(-9.5596e-10 1.43931e-10 0.000134662)
(-2.75099e-09 2.63442e-11 0.000113182)
(-1.72148e-09 1.7436e-10 5.53208e-05)
(9.95871e-10 3.58436e-09 5.53207e-05)
(2.17764e-09 8.05791e-10 0.000113182)
(1.5004e-09 -4.11384e-10 0.000134661)
(1.12938e-09 -1.86334e-09 0.000140171)
(6.53962e-10 -1.03277e-09 0.000141241)
(-2.85682e-10 -1.14822e-09 0.000141241)
(-5.48451e-10 -1.19785e-09 0.000140172)
(-9.06374e-10 -4.91624e-10 0.000134661)
(-3.29882e-09 5.56689e-10 0.000113182)
(-1.85075e-09 7.09393e-10 5.5321e-05)
(3.72215e-09 -1.81224e-09 4.90226e-05)
(5.07887e-09 -1.26959e-10 0.000104706)
(2.07347e-09 9.40578e-10 0.000129498)
(3.75205e-09 -4.52934e-10 0.000137784)
(1.58728e-09 2.87686e-10 0.000139985)
(4.68189e-10 -4.76809e-11 0.000139985)
(-1.19722e-09 6.69139e-10 0.000137784)
(-1.15734e-09 2.14131e-09 0.000129498)
(-3.5434e-09 1.78894e-09 0.000104706)
(-2.16875e-09 -3.11662e-09 4.90226e-05)
(1.77517e-10 -4.70959e-09 3.75039e-05)
(1.41953e-09 2.81107e-09 8.60477e-05)
(-2.19631e-09 -6.70455e-10 0.000114543)
(1.50704e-09 -1.19306e-09 0.000128145)
(6.34656e-10 1.16735e-09 0.000133193)
(6.23268e-10 1.41805e-09 0.000133194)
(-3.5885e-10 -3.55284e-10 0.000128146)
(1.44709e-09 1.46416e-09 0.000114543)
(-2.43993e-09 4.54127e-09 8.60476e-05)
(-1.01968e-09 -4.19517e-09 3.75038e-05)
(-5.89288e-09 -9.5388e-09 2.28712e-05)
(1.99748e-09 5.14126e-09 5.70445e-05)
(1.47645e-09 -4.51247e-11 8.29954e-05)
(6.37094e-10 -2.62519e-09 9.98728e-05)
(-2.08075e-10 1.10196e-09 0.000107883)
(8.04533e-10 6.88586e-10 0.000107883)
(9.82758e-10 -1.93256e-09 9.9873e-05)
(-2.20129e-09 3.9373e-09 8.29962e-05)
(-4.57247e-09 9.27846e-09 5.70446e-05)
(4.82593e-09 -8.9632e-09 2.2871e-05)
(-1.23889e-08 -1.01217e-08 8.64474e-06)
(-2.52032e-09 1.29809e-09 2.16669e-05)
(2.68222e-10 1.23949e-12 3.47436e-05)
(-4.6893e-09 -1.13247e-09 4.47489e-05)
(-2.77761e-09 3.70285e-10 5.00851e-05)
(-4.48948e-09 4.51255e-10 5.00849e-05)
(-3.64456e-09 1.14676e-09 4.47487e-05)
(-7.40607e-09 4.47751e-09 3.47436e-05)
(1.60005e-09 4.22936e-09 2.1667e-05)
(1.54517e-08 -1.11339e-08 8.64482e-06)
(-1.1499e-08 8.61068e-09 8.64443e-06)
(-2.71318e-09 -1.70799e-09 2.16663e-05)
(-2.03816e-09 2.09616e-09 3.47431e-05)
(-5.64809e-09 8.99944e-10 4.47485e-05)
(-1.38847e-09 -1.79922e-09 5.00849e-05)
(-1.11919e-09 -1.26611e-09 5.0085e-05)
(2.68214e-09 2.20546e-10 4.47484e-05)
(4.86951e-11 -6.12181e-10 3.47435e-05)
(4.67191e-09 -2.12179e-09 2.16663e-05)
(1.43282e-08 1.02702e-08 8.64427e-06)
(-4.61098e-09 8.06269e-09 2.28711e-05)
(-5.6055e-11 -2.37279e-09 5.7045e-05)
(-1.37078e-09 1.54281e-09 8.29956e-05)
(-5.43786e-10 8.4604e-10 9.98726e-05)
(9.15396e-10 -3.71066e-09 0.000107883)
(2.14873e-09 -3.16321e-09 0.000107883)
(4.05388e-09 1.98599e-10 9.98731e-05)
(5.33834e-09 3.06376e-10 8.29963e-05)
(4.27147e-09 -9.24434e-10 5.70443e-05)
(8.00875e-09 1.17324e-08 2.28707e-05)
(-2.66909e-09 7.4245e-09 3.75038e-05)
(-1.4848e-09 -1.25287e-10 8.60479e-05)
(-1.91595e-09 -1.38382e-09 0.000114544)
(1.22994e-09 -3.19834e-09 0.000128146)
(9.32942e-10 -3.72011e-09 0.000133194)
(2.81257e-10 -3.97846e-09 0.000133193)
(-6.86235e-11 -2.76637e-09 0.000128145)
(2.81855e-09 -2.04928e-10 0.000114543)
(2.85866e-09 2.41817e-09 8.60475e-05)
(4.06213e-09 9.29357e-09 3.75038e-05)
(8.48006e-10 5.15574e-09 4.90229e-05)
(3.38086e-09 2.87659e-10 0.000104705)
(2.55344e-09 -3.81458e-10 0.000129498)
(2.36454e-09 -3.67253e-09 0.000137784)
(3.06205e-10 -2.58758e-09 0.000139986)
(-1.13808e-09 -2.20844e-09 0.000139985)
(-3.28963e-09 -2.87414e-09 0.000137785)
(-3.6133e-09 -1.93734e-09 0.000129498)
(-4.88033e-09 -2.66459e-11 0.000104706)
(-1.12063e-09 6.5065e-09 4.90232e-05)
(6.20411e-10 -4.49015e-10 5.53204e-05)
(1.46352e-09 1.88546e-11 0.000113182)
(8.77925e-10 1.5535e-09 0.000134661)
(5.99587e-10 -9.40726e-10 0.000140171)
(2.28448e-10 -7.08098e-10 0.000141241)
(-3.1805e-10 -4.84532e-10 0.000141241)
(-1.87704e-09 -3.54651e-10 0.000140172)
(-1.6531e-09 6.37878e-10 0.000134662)
(-3.27409e-09 1.54245e-10 0.000113182)
(-2.06104e-09 7.65343e-10 5.53209e-05)
(9.16112e-10 3.22352e-09 5.53208e-05)
(1.36849e-09 5.27683e-10 0.000113182)
(8.95287e-10 3.2408e-10 0.000134661)
(1.10797e-09 -2.08073e-09 0.000140171)
(1.14362e-10 -1.55163e-09 0.000141241)
(-4.20149e-10 -1.28323e-09 0.000141241)
(-1.14743e-09 -1.84725e-09 0.000140172)
(-1.43165e-09 5.30749e-10 0.000134661)
(-2.7954e-09 3.5391e-10 0.000113183)
(-1.83734e-09 9.14017e-10 5.53213e-05)
(3.53354e-09 -1.7067e-09 4.90228e-05)
(4.68697e-09 -3.05376e-10 0.000104705)
(2.62727e-09 1.89837e-09 0.000129498)
(3.58802e-09 -5.37626e-10 0.000137784)
(1.1837e-09 3.5869e-10 0.000139985)
(5.5473e-10 9.4319e-10 0.000139985)
(-1.49955e-09 7.78167e-10 0.000137784)
(-1.10486e-09 2.66623e-09 0.000129498)
(-3.1962e-09 1.37171e-10 0.000104706)
(-2.03053e-09 -4.04095e-09 4.90232e-05)
(8.86143e-10 -4.26076e-09 3.75043e-05)
(2.11017e-09 2.69818e-09 8.60476e-05)
(-7.79096e-10 1.0765e-09 0.000114543)
(2.09856e-09 -2.14497e-09 0.000128146)
(1.29689e-09 1.06413e-09 0.000133193)
(1.55172e-09 2.01768e-09 0.000133193)
(5.84195e-10 1.01782e-09 0.000128145)
(3.04768e-09 1.95596e-09 0.000114543)
(-8.19644e-10 2.37867e-09 8.60476e-05)
(1.54545e-10 -6.09867e-09 3.75042e-05)
(-6.82594e-09 -1.01569e-08 2.28717e-05)
(2.01764e-09 5.7208e-09 5.70451e-05)
(8.80274e-10 2.80742e-10 8.29956e-05)
(-7.94991e-10 -3.63108e-09 9.98725e-05)
(-1.44608e-10 8.87444e-10 0.000107882)
(5.13192e-10 1.5134e-09 0.000107882)
(1.45829e-09 -8.04594e-10 9.9873e-05)
(4.08986e-10 3.22638e-09 8.29963e-05)
(-1.45275e-09 6.72894e-09 5.70446e-05)
(7.14271e-09 -1.1307e-08 2.28712e-05)
(-1.42502e-08 -1.11654e-08 8.64499e-06)
(-3.7829e-09 1.32941e-09 2.16667e-05)
(4.19295e-10 -1.24831e-10 3.47432e-05)
(-4.88677e-09 -1.21957e-09 4.47485e-05)
(-3.00317e-09 7.97145e-10 5.00847e-05)
(-2.53763e-09 9.34212e-10 5.00849e-05)
(-2.60319e-10 5.63812e-10 4.47485e-05)
(-4.11166e-09 2.93284e-09 3.47435e-05)
(2.42614e-09 3.47054e-09 2.16669e-05)
(1.43095e-08 -1.10433e-08 8.64479e-06)
(-1.66572e-08 1.18452e-08 8.64433e-06)
(-7.33737e-09 6.48364e-10 2.16666e-05)
(-3.2041e-09 1.85436e-09 3.47437e-05)
(-6.18829e-09 8.51157e-10 4.47491e-05)
(-1.35483e-09 -2.25333e-09 5.0085e-05)
(-2.30563e-10 -1.37003e-09 5.00851e-05)
(4.46529e-09 8.65158e-10 4.47485e-05)
(2.25923e-09 1.01912e-09 3.47434e-05)
(5.47126e-09 -9.28847e-10 2.16669e-05)
(1.46789e-08 1.13407e-08 8.64469e-06)
(-7.07251e-09 1.11052e-08 2.28702e-05)
(-3.71198e-09 -8.02298e-11 5.70437e-05)
(-2.67634e-09 1.89533e-09 8.2996e-05)
(-1.0414e-09 5.65119e-10 9.98735e-05)
(-5.89989e-10 -4.22386e-09 0.000107884)
(3.05668e-10 -3.91351e-09 0.000107884)
(1.87427e-09 -6.84144e-10 9.98736e-05)
(3.78883e-09 6.54412e-10 8.29959e-05)
(2.62497e-09 -2.09196e-09 5.70443e-05)
(8.27632e-09 1.20893e-08 2.28709e-05)
(-3.59749e-09 9.22924e-09 3.75032e-05)
(-1.49176e-09 5.31101e-10 8.60462e-05)
(-2.15894e-09 -8.56028e-10 0.000114542)
(5.21475e-10 -2.24688e-09 0.000128146)
(2.97945e-10 -3.21887e-09 0.000133194)
(-6.93131e-10 -3.53078e-09 0.000133193)
(-1.3333e-09 -2.76878e-09 0.000128145)
(4.14621e-10 -2.71516e-10 0.000114543)
(-4.56125e-10 5.47507e-10 8.60472e-05)
(2.96385e-09 8.64923e-09 3.75034e-05)
(1.12468e-09 6.87199e-09 4.90219e-05)
(3.63633e-09 1.04294e-09 0.000104705)
(1.582e-09 -1.01047e-09 0.000129498)
(1.09761e-09 -2.37708e-09 0.000137784)
(-1.72178e-10 -2.05413e-09 0.000139986)
(-1.57753e-09 -1.90291e-09 0.000139986)
(-3.95767e-09 -2.11534e-09 0.000137784)
(-3.24767e-09 -7.774e-10 0.000129498)
(-5.07996e-09 2.80926e-10 0.000104705)
(-2.05985e-09 5.34584e-09 4.90226e-05)
(1.14908e-09 7.95744e-10 5.53206e-05)
(1.97684e-09 4.49209e-10 0.000113182)
(5.57539e-10 1.00523e-09 0.000134661)
(5.35514e-10 -4.567e-10 0.000140171)
(2.34395e-10 -1.95746e-10 0.000141241)
(-5.48805e-10 -7.13613e-10 0.000141241)
(-4.43453e-10 -8.78785e-10 0.000140171)
(1.4684e-11 3.13476e-10 0.000134661)
(-2.56518e-09 1.00942e-10 0.000113183)
(-1.61197e-09 -2.77654e-10 5.53208e-05)
(8.4377e-10 4.13736e-09 5.53209e-05)
(1.39158e-09 1.71425e-09 0.000113182)
(6.14432e-10 -3.10184e-11 0.000134661)
(4.97468e-10 -1.9585e-09 0.000140171)
(4.43618e-10 -6.31505e-10 0.000141241)
(1.60702e-10 -8.74546e-10 0.000141241)
(-3.15223e-10 -1.48064e-09 0.000140172)
(-3.5969e-10 -1.22123e-09 0.000134661)
(-2.63391e-09 9.93852e-10 0.000113183)
(-1.94642e-09 9.61032e-10 5.53208e-05)
(2.89745e-09 -7.35246e-10 4.90227e-05)
(3.73172e-09 1.12545e-09 0.000104705)
(1.09232e-09 1.42954e-09 0.000129498)
(2.28681e-09 -2.47135e-10 0.000137784)
(1.14022e-09 9.47371e-10 0.000139986)
(1.10719e-09 1.22125e-09 0.000139985)
(-8.34151e-10 6.63473e-10 0.000137784)
(-7.64215e-10 1.28103e-09 0.000129498)
(-2.89013e-09 6.52748e-10 0.000104705)
(-1.9788e-09 -3.64444e-09 4.90228e-05)
(1.23545e-09 -2.604e-09 3.75037e-05)
(7.21912e-10 2.96202e-09 8.60469e-05)
(-2.78516e-09 2.82524e-10 0.000114542)
(7.65023e-10 -1.36085e-09 0.000128146)
(8.1604e-10 1.27928e-09 0.000133194)
(1.22581e-09 2.0084e-09 0.000133193)
(3.6654e-10 1.77327e-11 0.000128146)
(3.27257e-09 6.98965e-10 0.000114543)
(-9.98019e-10 3.71873e-09 8.60473e-05)
(-4.41631e-10 -4.52895e-09 3.75034e-05)
(-5.14096e-09 -8.45924e-09 2.28708e-05)
(3.03028e-09 5.89131e-09 5.70447e-05)
(2.91965e-09 5.83105e-10 8.29956e-05)
(1.49898e-09 -2.70324e-09 9.98728e-05)
(5.95557e-10 1.26079e-09 0.000107883)
(-4.96111e-10 2.19851e-09 0.000107883)
(5.10772e-11 -1.40018e-09 9.98729e-05)
(-1.08216e-09 2.12642e-09 8.29962e-05)
(-4.0529e-09 8.13198e-09 5.70448e-05)
(5.24217e-09 -8.947e-09 2.28706e-05)
(-1.50323e-08 -1.17994e-08 8.64465e-06)
(-2.63487e-09 1.76774e-09 2.16667e-05)
(6.67161e-10 2.8969e-10 3.47431e-05)
(-5.40389e-09 -1.10393e-09 4.47482e-05)
(-2.35276e-09 1.13341e-09 5.00843e-05)
(-1.72715e-09 1.77275e-09 5.00844e-05)
(-5.38242e-11 4.85261e-10 4.47482e-05)
(-4.4991e-09 2.61116e-09 3.47436e-05)
(1.83283e-09 3.32319e-09 2.16668e-05)
(1.40963e-08 -1.06235e-08 8.64457e-06)
(-1.22209e-08 9.06567e-09 8.64469e-06)
(-9.91282e-09 2.94242e-09 2.16671e-05)
(-8.51193e-09 4.84017e-09 3.4743e-05)
(-8.97413e-09 9.62135e-10 4.47467e-05)
(-2.74538e-09 -1.1988e-09 5.00823e-05)
(-9.55441e-10 -6.15396e-10 5.00825e-05)
(3.15388e-09 5.25446e-10 4.4747e-05)
(2.65455e-09 4.84418e-11 3.47429e-05)
(5.59084e-09 -6.34381e-10 2.16672e-05)
(9.7982e-09 7.14093e-09 8.64471e-06)
(-7.79228e-09 1.20417e-08 2.28707e-05)
(-7.33464e-09 4.0833e-09 5.70445e-05)
(-7.17915e-09 4.68915e-09 8.29956e-05)
(-2.60515e-09 -1.30301e-09 9.98724e-05)
(-7.44829e-10 -4.27729e-09 0.000107882)
(2.29139e-09 -4.25632e-09 0.000107882)
(4.12146e-09 -1.1015e-09 9.98731e-05)
(5.53578e-09 5.52911e-10 8.29963e-05)
(5.30058e-09 9.4571e-10 5.70455e-05)
(7.709e-09 1.08483e-08 2.28707e-05)
(-3.51197e-09 1.01694e-08 3.75044e-05)
(-7.88544e-10 2.42123e-09 8.60478e-05)
(-1.87796e-09 1.42318e-09 0.000114543)
(1.24404e-09 -3.0393e-09 0.000128144)
(6.72494e-10 -3.82856e-09 0.000133193)
(5.57048e-10 -4.59968e-09 0.000133193)
(7.11911e-10 -3.51454e-09 0.000128146)
(2.79387e-09 1.46601e-10 0.000114544)
(2.71075e-09 2.53035e-09 8.60481e-05)
(4.34275e-09 9.81763e-09 3.7504e-05)
(1.3371e-09 6.56031e-09 4.90229e-05)
(5.50168e-09 1.72334e-09 0.000104705)
(4.68841e-09 4.53589e-10 0.000129499)
(4.19522e-09 -2.20623e-09 0.000137784)
(2.04576e-09 -2.26951e-09 0.000139985)
(4.98626e-11 -1.57871e-09 0.000139986)
(-2.12523e-09 -2.04627e-09 0.000137784)
(-2.72618e-09 -9.01099e-10 0.000129499)
(-3.61879e-09 4.85458e-10 0.000104705)
(2.21963e-10 7.23802e-09 4.90235e-05)
(4.929e-10 6.75239e-10 5.5322e-05)
(1.46336e-09 1.43435e-09 0.000113183)
(9.6679e-10 8.76624e-10 0.000134662)
(6.80613e-10 -2.76663e-10 0.000140172)
(5.73445e-10 -5.81423e-10 0.000141241)
(1.89458e-10 -6.97696e-10 0.000141241)
(-3.5758e-10 -1.48234e-10 0.000140171)
(-4.00431e-10 5.60223e-10 0.000134661)
(-2.59234e-09 2.26394e-10 0.000113182)
(-1.37758e-09 1.11909e-09 5.53217e-05)
(4.30072e-10 2.73976e-09 5.53215e-05)
(1.05012e-09 1.1247e-09 0.000113183)
(5.76084e-10 2.33118e-10 0.000134662)
(3.39771e-10 -8.32387e-10 0.000140172)
(6.25244e-10 -9.14535e-10 0.000141241)
(4.88509e-10 -1.42085e-09 0.000141241)
(-4.90806e-10 -1.06189e-09 0.000140171)
(-1.0189e-09 -5.87377e-10 0.000134662)
(-2.64518e-09 -6.37539e-10 0.000113183)
(-1.36875e-09 6.44323e-10 5.53217e-05)
(3.04242e-09 -2.37947e-09 4.90232e-05)
(3.87403e-09 -2.52106e-10 0.000104706)
(1.15203e-09 5.92601e-10 0.000129499)
(2.6233e-09 8.17037e-11 0.000137785)
(9.24949e-10 1.41032e-10 0.000139986)
(1.14437e-09 1.03703e-09 0.000139985)
(-7.41639e-10 6.42538e-10 0.000137784)
(-7.0835e-10 1.33142e-09 0.000129499)
(-2.02195e-09 -9.08565e-10 0.000104706)
(-1.18433e-09 -3.96624e-09 4.90236e-05)
(3.5356e-10 -5.52457e-09 3.7505e-05)
(-1.76804e-10 1.1517e-09 8.60488e-05)
(-3.17928e-09 -6.95738e-10 0.000114542)
(4.90935e-10 -1.40765e-09 0.000128145)
(1.10842e-10 1.71468e-09 0.000133193)
(2.41068e-09 2.4998e-09 0.000133193)
(2.74498e-09 9.12883e-10 0.000128145)
(5.34536e-09 -1.59949e-12 0.000114543)
(1.04864e-09 -1.12501e-10 8.60483e-05)
(1.02641e-09 -7.21898e-09 3.75042e-05)
(-7.71371e-09 -1.16151e-08 2.28709e-05)
(-1.57599e-09 2.95758e-09 5.70443e-05)
(-1.38216e-09 1.9122e-10 8.29951e-05)
(-2.03104e-09 -3.6101e-09 9.98721e-05)
(-1.0788e-09 9.07588e-10 0.000107883)
(1.92615e-09 1.37828e-09 0.000107882)
(4.27471e-09 -7.36511e-10 9.98716e-05)
(4.08622e-09 2.03038e-09 8.29945e-05)
(3.10096e-09 1.94169e-09 5.70447e-05)
(7.79076e-09 -1.14901e-08 2.28711e-05)
(-1.56241e-08 -1.18483e-08 8.64451e-06)
(-6.09158e-09 -4.11803e-10 2.1666e-05)
(-6.60628e-10 1.02612e-10 3.47422e-05)
(-5.87706e-09 -1.83945e-09 4.47467e-05)
(-2.00316e-09 -2.80779e-11 5.00831e-05)
(-2.35839e-09 2.3402e-10 5.00826e-05)
(3.61173e-10 1.31474e-10 4.47466e-05)
(-2.12293e-09 2.61572e-09 3.4742e-05)
(5.73226e-09 7.67185e-10 2.16658e-05)
(1.7485e-08 -1.29058e-08 8.64444e-06)
(-6.49514e-09 4.90303e-09 8.64484e-06)
(-3.75131e-11 -4.70919e-09 2.16667e-05)
(7.97839e-09 -5.69795e-09 3.47431e-05)
(7.22537e-09 7.1735e-10 4.47478e-05)
(2.98559e-09 3.27539e-09 5.00839e-05)
(-2.83536e-09 2.96634e-09 5.00836e-05)
(-7.25796e-09 1.69338e-10 4.4748e-05)
(-6.69243e-09 -5.11316e-09 3.4743e-05)
(-4.7661e-10 -4.75888e-09 2.16663e-05)
(6.60092e-09 5.35122e-09 8.64435e-06)
(-5.15404e-09 9.2499e-09 2.28712e-05)
(-3.99689e-09 -1.43298e-09 5.70461e-05)
(-4.06831e-09 -9.62127e-09 8.29969e-05)
(-1.97488e-09 -1.81033e-09 9.9872e-05)
(-1.14621e-09 2.06576e-09 0.000107881)
(5.15261e-10 2.09734e-09 0.000107881)
(1.8322e-09 -1.43189e-09 9.98715e-05)
(6.38898e-09 -8.01357e-09 8.2996e-05)
(7.7406e-09 4.56626e-10 5.70452e-05)
(5.07658e-09 7.92046e-09 2.2871e-05)
(5.13866e-09 1.64618e-09 3.75036e-05)
(9.26417e-09 3.06159e-09 8.60475e-05)
(5.85316e-09 -7.21547e-09 0.000114543)
(1.5873e-09 -4.06041e-09 0.000128145)
(1.54165e-10 -2.12686e-09 0.000133193)
(1.40295e-09 -1.78114e-09 0.000133193)
(-1.07944e-09 -4.58411e-09 0.000128145)
(-6.84441e-10 -6.71501e-09 0.000114543)
(3.79331e-10 7.49319e-09 8.60478e-05)
(-1.11125e-09 3.91051e-09 3.75044e-05)
(1.72304e-09 -4.90806e-09 4.90225e-05)
(3.81657e-09 3.12249e-10 0.000104705)
(3.59337e-09 -1.42652e-09 0.000129498)
(6.15109e-10 5.86592e-10 0.000137784)
(3.85875e-10 -1.07349e-10 0.000139985)
(-5.03483e-11 -1.26846e-10 0.000139985)
(-1.79483e-09 -2.20814e-09 0.000137784)
(-5.4929e-09 -3.61854e-09 0.000129499)
(-5.01947e-09 3.11794e-09 0.000104706)
(-7.42885e-10 7.40467e-10 4.90234e-05)
(-6.81167e-10 -2.29721e-09 5.53206e-05)
(-5.72009e-10 1.90536e-10 0.000113181)
(2.30515e-10 4.83852e-10 0.000134661)
(-5.49802e-10 9.39822e-10 0.000140171)
(-2.46664e-10 3.68725e-10 0.000141241)
(1.44621e-11 2.1786e-10 0.000141241)
(1.97253e-10 -5.86183e-10 0.000140171)
(-9.97207e-10 -5.81315e-10 0.000134662)
(-5.75862e-10 2.42104e-09 0.000113183)
(5.85403e-10 5.21838e-12 5.53212e-05)
(-3.71383e-11 -1.75589e-09 5.53203e-05)
(-3.64192e-10 9.36243e-10 0.000113182)
(-4.66419e-10 8.90288e-10 0.000134661)
(-3.76917e-10 1.12098e-09 0.000140171)
(-7.24222e-10 -8.32506e-11 0.000141241)
(1.08082e-10 -5.94145e-10 0.000141241)
(9.17441e-10 -6.18146e-10 0.000140171)
(-2.95917e-10 -9.30724e-10 0.000134662)
(-1.10844e-09 3.23731e-09 0.000113183)
(-7.96563e-11 2.54236e-09 5.53218e-05)
(1.89176e-09 2.94429e-10 4.90226e-05)
(2.14273e-09 3.41135e-09 0.000104704)
(4.74337e-11 2.33811e-09 0.000129499)
(8.50616e-10 1.44977e-09 0.000137784)
(-1.10659e-09 -8.11032e-10 0.000139986)
(-5.54319e-10 -8.73945e-10 0.000139986)
(-1.84959e-09 1.55728e-09 0.000137784)
(-2.77153e-09 2.40835e-09 0.000129499)
(-4.9604e-09 3.65767e-09 0.000104705)
(-2.99038e-09 2.53762e-09 4.90235e-05)
(3.29305e-09 -5.34416e-09 3.75036e-05)
(8.6755e-09 8.67571e-09 8.60476e-05)
(4.08166e-09 3.53912e-09 0.000114544)
(4.90399e-09 3.69664e-09 0.000128146)
(5.36079e-10 9.85893e-10 0.000133194)
(9.1461e-10 4.08044e-10 0.000133193)
(-2.61458e-09 2.78368e-09 0.000128145)
(-2.40872e-11 2.41562e-09 0.000114544)
(-3.06666e-09 6.54628e-09 8.60478e-05)
(-2.84684e-09 -9.87631e-10 3.75045e-05)
(-8.56676e-09 -8.72727e-09 2.28712e-05)
(2.14238e-09 1.33927e-08 5.70469e-05)
(3.68964e-10 2.49442e-09 8.2997e-05)
(-1.50802e-11 1.61855e-09 9.98727e-05)
(4.11606e-10 -5.9228e-10 0.000107883)
(2.03056e-10 -1.55001e-09 0.000107882)
(2.4003e-10 -5.32759e-10 9.98723e-05)
(-1.21333e-09 -1.50056e-10 8.29956e-05)
(-7.30148e-09 1.40351e-08 5.70464e-05)
(9.08314e-10 -1.43809e-09 2.28713e-05)
(-6.94569e-09 -3.72135e-09 8.64446e-06)
(7.58577e-09 9.46896e-09 2.1667e-05)
(1.11626e-08 2.53786e-09 3.47432e-05)
(5.41073e-09 4.39324e-10 4.47487e-05)
(4.0747e-09 -1.42391e-09 5.00848e-05)
(-1.44844e-09 -1.50061e-09 5.00846e-05)
(-1.48383e-09 -5.40296e-10 4.47486e-05)
(-1.02137e-08 1.81499e-09 3.47428e-05)
(-1.02187e-08 9.96427e-09 2.16669e-05)
(2.75472e-09 -1.07426e-09 8.64468e-06)
(-1.3995e-08 9.9079e-09 8.64455e-06)
(-5.43627e-09 -1.16652e-09 2.1666e-05)
(-5.04796e-09 4.97246e-09 3.47437e-05)
(-7.53496e-09 1.64629e-09 4.475e-05)
(-2.82332e-09 -4.23747e-10 5.00869e-05)
(-1.626e-09 -6.53137e-10 5.00865e-05)
(1.16506e-09 5.75071e-10 4.47496e-05)
(-3.42433e-09 1.21577e-09 3.47438e-05)
(-6.41888e-09 -6.9299e-09 2.16665e-05)
(5.3455e-09 4.25299e-09 8.64462e-06)
(-7.80796e-09 1.18603e-08 2.28713e-05)
(-8.16599e-09 5.0515e-10 5.7044e-05)
(-6.54765e-09 2.0284e-09 8.29957e-05)
(4.15693e-10 1.90111e-10 9.98723e-05)
(-7.03243e-10 -2.17323e-09 0.000107883)
(8.11182e-10 -2.38667e-09 0.000107883)
(-1.08451e-09 9.48592e-10 9.98726e-05)
(1.23465e-09 1.53681e-10 8.29961e-05)
(-1.64824e-09 -7.05639e-09 5.70437e-05)
(-9.85291e-10 5.44165e-10 2.28712e-05)
(-4.73695e-09 1.16128e-08 3.75044e-05)
(-5.09641e-09 6.22998e-09 8.60471e-05)
(-2.55941e-09 -3.77469e-09 0.000114542)
(1.39719e-09 -4.24001e-09 0.000128146)
(3.00881e-11 -2.44962e-09 0.000133195)
(-2.3319e-11 -2.38561e-09 0.000133194)
(1.35954e-10 -1.92004e-09 0.000128146)
(3.28711e-09 -3.38055e-09 0.000114542)
(4.05757e-09 8.86817e-10 8.6046e-05)
(1.80059e-09 2.75379e-09 3.75037e-05)
(9.30653e-10 5.83672e-09 4.90234e-05)
(5.21826e-09 3.09707e-09 0.000104706)
(3.62685e-09 -1.54546e-09 0.000129497)
(1.75866e-09 -2.60157e-09 0.000137784)
(1.06214e-09 -1.0065e-09 0.000139985)
(-1.32152e-09 -1.27311e-09 0.000139985)
(-1.82845e-09 -2.8907e-09 0.000137784)
(-2.67035e-09 -3.32756e-09 0.000129497)
(-2.72724e-09 -3.87316e-10 0.000104705)
(8.38314e-10 4.51187e-09 4.90217e-05)
(1.36628e-10 4.40469e-10 5.53209e-05)
(2.12856e-09 -2.76365e-10 0.000113183)
(2.10521e-09 6.014e-10 0.000134661)
(6.0369e-10 -3.4285e-11 0.000140171)
(7.51936e-12 2.50962e-10 0.000141241)
(1.09997e-10 -5.04254e-10 0.000141241)
(9.7928e-11 -9.56273e-10 0.000140171)
(-1.40704e-09 -5.16661e-10 0.00013466)
(-1.97112e-09 -1.50674e-09 0.000113183)
(-1.30708e-10 -7.23815e-11 5.53195e-05)
(-2.80015e-10 7.10287e-10 5.53212e-05)
(2.17979e-09 -2.14239e-09 0.000113183)
(2.26636e-09 3.12838e-11 0.000134661)
(7.5838e-11 -1.1451e-09 0.000140171)
(2.13825e-10 3.74651e-11 0.000141241)
(-1.80139e-10 -8.61063e-11 0.000141241)
(-2.60867e-10 -1.19146e-09 0.000140171)
(-2.39128e-09 -4.29781e-10 0.000134661)
(-2.2529e-09 -1.56591e-09 0.000113182)
(1.28341e-10 1.18327e-09 5.53199e-05)
(5.43576e-10 -4.57452e-09 4.90232e-05)
(4.33973e-09 -6.83231e-09 0.000104705)
(4.14719e-09 2.23408e-09 0.000129498)
(1.51892e-09 1.2489e-09 0.000137784)
(6.16103e-10 1.26684e-09 0.000139986)
(-3.83219e-10 7.48194e-10 0.000139985)
(-6.98437e-10 1.06406e-09 0.000137784)
(-4.04431e-09 2.40124e-09 0.000129498)
(-4.12801e-09 -5.19082e-09 0.000104705)
(-5.25666e-10 -1.51541e-09 4.90219e-05)
(-3.40594e-09 -9.11944e-09 3.7503e-05)
(-6.33415e-09 -1.24451e-08 8.6045e-05)
(-3.09931e-09 5.76541e-09 0.000114543)
(-5.99148e-10 2.38703e-09 0.000128146)
(6.78811e-13 1.48563e-09 0.000133195)
(6.42028e-10 1.14988e-09 0.000133195)
(3.06327e-10 2.92109e-09 0.000128146)
(1.7305e-09 5.89144e-09 0.000114543)
(3.21838e-09 -1.0836e-08 8.60462e-05)
(1.18445e-09 -5.86492e-09 3.75039e-05)
(-6.42032e-09 -1.07725e-08 2.28702e-05)
(-1.09173e-08 -8.34697e-09 5.70436e-05)
(-5.48333e-09 1.62438e-09 8.29962e-05)
(4.66001e-10 -8.33714e-10 9.98728e-05)
(-3.77839e-10 1.3418e-09 0.000107884)
(7.00036e-10 1.22888e-09 0.000107884)
(2.63347e-10 1.3387e-09 9.98735e-05)
(5.01453e-09 4.96349e-09 8.2997e-05)
(8.55138e-09 -6.96245e-09 5.70445e-05)
(4.33249e-09 -8.3053e-09 2.28711e-05)
(-1.18518e-08 -9.62904e-09 8.64442e-06)
(-9.99535e-09 -3.68676e-09 2.16672e-05)
(-6.97708e-09 -3.33893e-09 3.47439e-05)
(-5.6162e-09 -1.75534e-09 4.47498e-05)
(-3.75442e-09 6.82441e-10 5.00859e-05)
(-1.5314e-09 6.97639e-10 5.00861e-05)
(-7.6228e-10 4.97574e-10 4.47498e-05)
(2.42958e-09 9.49444e-10 3.47442e-05)
(7.35821e-09 -2.31491e-09 2.16671e-05)
(7.92828e-09 -6.12835e-09 8.64457e-06)
(-6.89229e-09 4.63796e-09 8.64485e-06)
(3.81487e-09 -5.02999e-09 2.16669e-05)
(3.7527e-09 2.17673e-11 3.47445e-05)
(6.79578e-10 2.61241e-11 4.47491e-05)
(2.87524e-09 -5.11875e-10 5.00857e-05)
(1.0751e-09 -4.2962e-10 5.00857e-05)
(4.25494e-09 1.4234e-09 4.47489e-05)
(2.05726e-09 3.48727e-10 3.47446e-05)
(4.29427e-09 -4.17962e-10 2.16672e-05)
(8.98012e-09 7.21865e-09 8.64475e-06)
(-9.82021e-10 3.25261e-09 2.28719e-05)
(3.92957e-09 -7.06235e-09 5.70446e-05)
(-2.22703e-09 4.26414e-11 8.2997e-05)
(-1.98067e-09 1.60021e-09 9.98734e-05)
(-6.41708e-11 -1.36762e-09 0.000107884)
(1.89279e-10 -1.49825e-09 0.000107884)
(2.76124e-09 -1.39155e-10 9.98738e-05)
(5.44823e-09 1.32442e-10 8.29979e-05)
(3.90187e-09 -9.80315e-10 5.70449e-05)
(6.70189e-09 9.71117e-09 2.28709e-05)
(3.81888e-09 -5.46148e-10 3.75046e-05)
(2.98284e-09 -3.94209e-09 8.60479e-05)
(-1.02531e-09 -9.7368e-10 0.000114543)
(1.25799e-09 -1.55774e-09 0.000128146)
(3.79561e-10 -2.44459e-09 0.000133194)
(1.07012e-09 -3.14476e-09 0.000133195)
(6.92222e-10 -3.08161e-09 0.000128146)
(2.13909e-09 -3.31943e-10 0.000114542)
(1.12493e-10 6.2712e-10 8.60461e-05)
(2.15332e-09 7.41071e-09 3.7503e-05)
(7.77015e-10 -4.44337e-10 4.90234e-05)
(2.20235e-09 -3.24137e-09 0.000104706)
(2.01686e-09 -4.22469e-10 0.000129497)
(1.91885e-09 -2.11146e-09 0.000137785)
(4.60025e-10 -7.40534e-10 0.000139986)
(-1.067e-09 -2.12969e-09 0.000139985)
(-2.41469e-09 -2.24994e-09 0.000137784)
(-3.18902e-09 -8.11981e-10 0.000129496)
(-3.16692e-09 -5.88921e-10 0.000104704)
(2.89089e-10 4.40315e-09 4.9022e-05)
(2.07937e-10 2.23219e-10 5.53205e-05)
(-6.03447e-10 -1.14028e-09 0.000113183)
(-9.79536e-10 3.80931e-10 0.000134661)
(-1.2582e-10 -5.86361e-10 0.000140172)
(-4.475e-11 4.09741e-10 0.000141241)
(-6.64672e-11 -4.73124e-11 0.000141241)
(-1.25059e-09 -1.20612e-09 0.000140171)
(-1.25273e-09 4.15776e-10 0.00013466)
(-1.87433e-09 -8.58813e-10 0.000113182)
(-1.32781e-09 3.14063e-10 5.53199e-05)
(-8.70778e-12 1.78964e-09 5.53208e-05)
(-7.64047e-10 1.55337e-09 0.000113183)
(-3.41784e-10 1.25601e-09 0.000134661)
(-2.64154e-10 -1.92815e-09 0.000140172)
(3.21346e-11 -1.22486e-09 0.000141241)
(4.00817e-10 -1.08598e-09 0.000141241)
(-3.44039e-10 -1.92926e-09 0.000140171)
(-7.31917e-10 6.74397e-10 0.00013466)
(-1.32428e-09 4.52439e-10 0.000113182)
(-7.91579e-10 1.17007e-09 5.53198e-05)
(1.96481e-09 3.72844e-09 4.90229e-05)
(2.14987e-09 3.20657e-09 0.000104706)
(1.50143e-09 1.67722e-09 0.000129498)
(1.86703e-09 -1.08211e-09 0.000137785)
(1.06758e-09 -3.89647e-10 0.000139986)
(9.59142e-10 -7.20846e-11 0.000139985)
(-2.47537e-10 -8.15616e-11 0.000137784)
(-1.44064e-09 1.68886e-09 0.000129497)
(-2.77206e-09 7.62615e-10 0.000104706)
(-1.65218e-09 -3.51557e-10 4.90223e-05)
(5.95771e-09 4.27353e-09 3.75044e-05)
(6.22004e-09 7.27666e-09 8.60474e-05)
(-7.4537e-10 -6.82771e-10 0.000114543)
(1.38403e-09 -1.69904e-09 0.000128146)
(5.9129e-10 5.32428e-10 0.000133194)
(9.55563e-10 1.30857e-09 0.000133194)
(9.58291e-10 3.89822e-11 0.000128146)
(2.23457e-09 1.38833e-09 0.000114542)
(-3.33593e-09 5.83381e-09 8.60472e-05)
(-2.00361e-09 -1.93021e-09 3.75042e-05)
(1.01108e-09 -1.48271e-09 2.28716e-05)
(7.24485e-09 1.17218e-08 5.70448e-05)
(-1.47531e-10 1.08382e-10 8.29968e-05)
(-1.17487e-09 -4.70444e-09 9.98725e-05)
(-1.1172e-09 -2.69356e-10 0.000107883)
(-9.00996e-10 3.35475e-10 0.000107883)
(1.47394e-10 -2.40068e-09 9.98727e-05)
(-4.97177e-10 2.61747e-09 8.29965e-05)
(-4.92702e-09 9.57206e-09 5.70445e-05)
(3.00065e-09 -6.18873e-09 2.28715e-05)
(-6.95385e-09 -4.71723e-09 8.64507e-06)
(3.71831e-09 6.27408e-09 2.16675e-05)
(6.80278e-09 2.0694e-09 3.47439e-05)
(6.99752e-10 -2.01283e-09 4.47484e-05)
(-7.08646e-10 -3.92138e-10 5.00848e-05)
(-6.61392e-10 -2.81626e-11 5.00848e-05)
(-7.95063e-10 -8.33147e-10 4.47486e-05)
(-7.10561e-09 3.25119e-09 3.47437e-05)
(-9.5387e-10 4.01834e-09 2.16668e-05)
(1.12437e-08 -7.98926e-09 8.64455e-06)
(-1.62157e-08 1.11621e-08 8.64489e-06)
(1.9497e-09 -5.55026e-09 2.16669e-05)
(-1.48203e-09 4.90134e-09 3.4744e-05)
(-8.47011e-09 1.43123e-09 4.47494e-05)
(2.87161e-10 -2.21493e-09 5.00855e-05)
(-7.87409e-10 -1.6999e-09 5.00854e-05)
(5.65298e-09 1.80866e-09 4.47488e-05)
(8.32768e-10 4.08548e-09 3.47436e-05)
(-3.21133e-09 -5.7326e-09 2.16665e-05)
(1.01856e-08 8.23124e-09 8.64439e-06)
(-8.12935e-09 9.86138e-09 2.28713e-05)
(-2.84446e-09 -3.60105e-09 5.70438e-05)
(-3.18016e-09 5.98005e-09 8.29954e-05)
(5.3929e-10 -1.11672e-09 9.98741e-05)
(1.75098e-09 -4.32135e-09 0.000107884)
(1.70892e-09 -3.83096e-09 0.000107885)
(3.26331e-09 -2.8013e-10 9.98736e-05)
(6.19153e-09 7.74426e-09 8.29955e-05)
(5.36042e-10 -4.02107e-09 5.70443e-05)
(3.55844e-09 5.95515e-09 2.28706e-05)
(-3.3865e-09 9.09761e-09 3.75038e-05)
(-3.96821e-09 1.35969e-09 8.60473e-05)
(-5.79873e-09 3.92457e-09 0.000114543)
(9.94033e-10 -5.95812e-09 0.000128146)
(1.08222e-09 -4.00904e-09 0.000133194)
(4.28653e-10 -4.27459e-09 0.000133194)
(-2.71632e-10 -4.44566e-09 0.000128146)
(5.0396e-09 7.22455e-09 0.000114543)
(1.98235e-09 1.75903e-09 8.60481e-05)
(1.84631e-10 2.99676e-09 3.75041e-05)
(2.49979e-09 5.15624e-09 4.90223e-05)
(4.38974e-09 -8.88932e-11 0.000104705)
(2.48688e-09 2.36658e-09 0.000129498)
(3.1131e-09 -3.41259e-09 0.000137785)
(-2.97819e-10 -1.66986e-09 0.000139986)
(-1.06653e-09 -2.52136e-09 0.000139986)
(-4.3576e-09 -2.69041e-09 0.000137784)
(-2.96926e-09 4.31725e-09 0.000129498)
(-3.46212e-09 -6.90309e-10 0.000104705)
(-1.89815e-09 1.48224e-09 4.90224e-05)
(1.23734e-09 -8.42786e-10 5.53205e-05)
(1.74001e-09 -6.63265e-10 0.000113182)
(1.98227e-09 1.16452e-09 0.000134661)
(2.22178e-09 4.42791e-10 0.000140171)
(-8.59309e-11 8.25892e-10 0.000141241)
(2.47203e-10 -2.18936e-10 0.000141241)
(-2.04429e-09 -8.92616e-10 0.000140171)
(-1.09265e-09 2.02047e-09 0.000134661)
(-1.20536e-09 -5.33184e-10 0.000113182)
(-1.6505e-09 -1.22272e-09 5.53206e-05)
(1.25479e-09 -5.65214e-10 5.53206e-05)
(2.09472e-09 -7.9068e-10 0.000113182)
(1.68222e-09 -1.80185e-10 0.000134661)
(1.31188e-09 -2.9225e-10 0.000140171)
(-4.28014e-11 4.3102e-11 0.000141241)
(1.46735e-10 4.32616e-10 0.000141241)
(-1.18588e-09 -1.09127e-09 0.000140171)
(-1.03256e-09 3.71807e-10 0.000134661)
(-2.0704e-09 4.93948e-10 0.000113182)
(-1.31444e-09 -1.54055e-09 5.53206e-05)
(6.22284e-10 -6.48625e-09 4.90228e-05)
(4.32894e-09 -3.53055e-09 0.000104705)
(2.93269e-09 -4.50209e-10 0.000129498)
(1.4978e-09 1.59541e-09 0.000137784)
(7.39963e-10 2.67736e-09 0.000139986)
(1.37069e-10 3.09377e-09 0.000139985)
(-1.05742e-09 1.6019e-09 0.000137784)
(-2.96075e-09 6.82507e-10 0.000129498)
(-4.85435e-09 1.9484e-10 0.000104705)
(-4.96285e-10 -6.34018e-09 4.90226e-05)
(-6.10189e-09 -1.10997e-08 3.75045e-05)
(-6.12482e-09 -7.78109e-09 8.60476e-05)
(-4.53389e-09 2.0891e-09 0.000114543)
(-1.91116e-09 2.53476e-09 0.000128145)
(2.57189e-11 3.09095e-09 0.000133194)
(7.10084e-10 2.97726e-09 0.000133194)
(2.01853e-09 2.4795e-09 0.000128146)
(2.4745e-09 3.50832e-09 0.000114543)
(2.85956e-09 -3.92629e-09 8.60471e-05)
(4.17692e-09 -9.23765e-09 3.75038e-05)
(-9.35707e-09 -1.14108e-08 2.28713e-05)
(-8.42889e-09 -3.39065e-09 5.70436e-05)
(-2.46559e-09 2.39851e-09 8.29958e-05)
(-3.05656e-10 2.32898e-10 9.98731e-05)
(-6.76631e-10 1.75674e-09 0.000107884)
(4.44273e-10 1.38803e-09 0.000107884)
(1.03087e-09 -1.45801e-11 9.98743e-05)
(3.10666e-09 3.76384e-09 8.29972e-05)
(7.17686e-09 -2.32133e-09 5.70446e-05)
(6.75848e-09 -8.97278e-09 2.28707e-05)
(-6.368e-09 -5.86602e-09 8.64444e-06)
(-4.81849e-09 -3.35353e-10 2.16669e-05)
(-4.05676e-09 -1.50151e-09 3.47442e-05)
(-4.33122e-09 -1.02778e-09 4.47495e-05)
(-2.15479e-09 6.98815e-10 5.00856e-05)
(-1.17176e-09 6.69415e-10 5.00857e-05)
(2.32284e-10 -5.39123e-11 4.47495e-05)
(-7.74937e-11 6.5664e-10 3.47447e-05)
(4.64558e-09 -1.5913e-10 2.16676e-05)
(9.31805e-09 -7.26169e-09 8.64467e-06)
(-1.75256e-08 1.25684e-08 8.64458e-06)
(-6.51115e-09 3.76466e-10 2.16665e-05)
(-3.35955e-09 8.49404e-10 3.47423e-05)
(-5.80324e-09 6.15933e-10 4.47482e-05)
(-5.15997e-10 -9.20643e-11 5.00844e-05)
(-1.00392e-09 -4.52852e-10 5.00846e-05)
(4.27196e-09 1.07569e-09 4.47483e-05)
(5.54894e-10 -1.29615e-10 3.47424e-05)
(9.91125e-10 -3.56445e-09 2.1666e-05)
(1.09981e-08 8.60557e-09 8.64432e-06)
(-6.0829e-09 9.69571e-09 2.2871e-05)
(-3.85045e-09 1.81953e-09 5.7045e-05)
(-7.19834e-09 1.43226e-09 8.29945e-05)
(-6.16364e-09 -2.09951e-09 9.98725e-05)
(-1.69463e-09 -4.33088e-09 0.000107883)
(2.81514e-09 -4.856e-09 0.000107883)
(8.02974e-09 -8.99166e-10 9.9873e-05)
(1.14275e-08 2.06095e-09 8.29949e-05)
(7.803e-09 1.50797e-09 5.70447e-05)
(7.80621e-09 1.09701e-08 2.28708e-05)
(8.25683e-10 4.0325e-09 3.75037e-05)
(5.3642e-09 -5.85332e-10 8.6047e-05)
(2.96212e-09 6.57884e-10 0.000114543)
(2.29352e-09 -4.07111e-09 0.000128145)
(1.1132e-09 -5.78052e-09 0.000133194)
(1.02611e-10 -6.1126e-09 0.000133194)
(-1.95301e-09 -4.02968e-09 0.000128146)
(5.63331e-10 2.02206e-09 0.000114544)
(3.0676e-10 4.43725e-09 8.60486e-05)
(1.55698e-09 7.38102e-09 3.75047e-05)
(-4.12444e-10 3.51528e-09 4.90225e-05)
(1.73415e-09 -1.28293e-09 0.000104705)
(3.32822e-09 -4.73669e-10 0.000129499)
(4.10332e-09 -2.05981e-09 0.000137784)
(1.62109e-09 -2.03359e-09 0.000139986)
(-1.22057e-09 -2.17303e-09 0.000139985)
(-4.62529e-09 -1.90689e-09 0.000137784)
(-4.3051e-09 1.39615e-11 0.000129499)
(-2.07036e-09 -7.81016e-11 0.000104706)
(1.00176e-09 4.40659e-09 4.90235e-05)
(2.00736e-09 7.5891e-10 5.5321e-05)
(1.34623e-09 -8.02758e-10 0.000113182)
(1.29129e-10 -3.92868e-10 0.000134662)
(1.32471e-09 -1.47326e-09 0.000140171)
(-1.90731e-10 -7.15025e-10 0.000141241)
(-3.56266e-10 -1.02674e-09 0.000141241)
(-1.82817e-09 -1.50381e-09 0.000140171)
(-1.52325e-09 1.47738e-10 0.000134662)
(-2.21018e-09 5.46702e-11 0.000113183)
(-1.3679e-09 2.27499e-09 5.53216e-05)
(1.31724e-09 2.0263e-09 5.5321e-05)
(6.78964e-10 1.62031e-09 0.000113182)
(1.26889e-10 -6.07049e-11 0.000134662)
(7.05604e-10 -1.85513e-09 0.000140171)
(3.65111e-10 -7.12712e-10 0.000141241)
(3.68176e-10 -6.05689e-10 0.000141241)
(-1.28012e-09 -1.87187e-09 0.000140171)
(-2.06688e-09 1.95105e-10 0.000134662)
(-2.95675e-09 -2.74039e-11 0.000113182)
(-1.46424e-09 2.71634e-11 5.53216e-05)
(8.41181e-10 2.71317e-09 4.90232e-05)
(1.09381e-09 4.18944e-09 0.000104706)
(1.5507e-09 7.55348e-11 0.000129498)
(2.70463e-09 -1.92312e-09 0.000137784)
(1.49634e-09 -2.61439e-11 0.000139986)
(4.17371e-10 6.94662e-10 0.000139985)
(-1.32775e-09 -7.31422e-10 0.000137784)
(-2.76931e-09 1.24741e-09 0.000129499)
(-1.31924e-09 -4.41071e-10 0.000104705)
(8.58281e-10 -3.07392e-09 4.90234e-05)
(6.54765e-09 7.04e-09 3.7504e-05)
(8.56352e-09 6.78416e-09 8.60478e-05)
(3.39683e-09 -3.08579e-09 0.000114542)
(3.70908e-09 -1.42095e-09 0.000128145)
(1.86256e-09 2.56736e-09 0.000133193)
(7.19797e-10 2.99772e-09 0.000133193)
(-3.96955e-11 1.46e-09 0.000128145)
(3.08208e-10 -4.85514e-10 0.000114543)
(-3.55728e-09 5.44113e-10 8.60475e-05)
(-8.87678e-10 -4.74428e-09 3.75039e-05)
(3.32419e-09 -1.10809e-09 2.28705e-05)
(7.08392e-09 4.84199e-09 5.70442e-05)
(-1.79124e-09 -3.58913e-09 8.29947e-05)
(-2.48439e-09 -2.1036e-09 9.98721e-05)
(-7.28574e-10 2.43544e-09 0.000107882)
(1.64048e-09 2.47794e-09 0.000107882)
(4.69694e-09 4.17032e-10 9.98727e-05)
(6.50737e-09 1.08018e-09 8.29954e-05)
(1.5819e-09 2.4907e-09 5.70449e-05)
(4.93525e-09 -1.0151e-08 2.28709e-05)
(-7.79887e-09 -7.34653e-09 8.64438e-06)
(-2.4773e-09 -1.71977e-10 2.16661e-05)
(-1.08111e-09 -7.37851e-10 3.47425e-05)
(-4.40019e-09 -1.49315e-09 4.47482e-05)
(-2.55806e-09 -5.97328e-11 5.00846e-05)
(-1.73831e-09 -1.26491e-11 5.00846e-05)
(4.05834e-10 -3.49548e-10 4.47483e-05)
(-2.02675e-09 2.72316e-09 3.4743e-05)
(3.87688e-09 1.67288e-09 2.16665e-05)
(1.35537e-08 -1.01836e-08 8.64449e-06)
(-1.47566e-08 1.01565e-08 8.64443e-06)
(-4.4818e-09 -1.47578e-09 2.1667e-05)
(-1.50192e-09 3.7666e-09 3.47435e-05)
(-5.79932e-09 1.3218e-09 4.47484e-05)
(-1.57799e-09 -1.72213e-09 5.00849e-05)
(-1.82995e-09 -1.51705e-09 5.00852e-05)
(2.01657e-09 1.21892e-09 4.47487e-05)
(-2.17926e-09 1.59478e-09 3.47431e-05)
(-3.97206e-09 -5.92671e-09 2.1667e-05)
(6.96603e-09 5.15656e-09 8.64496e-06)
(-7.56264e-09 1.10474e-08 2.28712e-05)
(-5.25526e-09 -2.14953e-09 5.70453e-05)
(-2.72843e-09 -3.47042e-10 8.29961e-05)
(1.5001e-09 -1.75607e-10 9.98724e-05)
(8.69021e-11 -3.67188e-09 0.000107882)
(1.77555e-09 -2.28328e-09 0.000107883)
(-5.09145e-10 2.14939e-09 9.98725e-05)
(1.54511e-09 2.25809e-09 8.29963e-05)
(-1.07825e-09 -5.04865e-09 5.70459e-05)
(-1.06043e-09 1.664e-09 2.28719e-05)
(-5.4586e-09 1.15855e-08 3.7504e-05)
(-7.25398e-09 5.13247e-09 8.60469e-05)
(-4.97284e-09 -4.65934e-09 0.000114543)
(-1.5424e-10 -3.32062e-09 0.000128146)
(-6.62735e-10 -3.12845e-09 0.000133194)
(-1.86213e-09 -2.31981e-09 0.000133194)
(-2.30394e-09 -1.50067e-09 0.000128146)
(1.95812e-09 -1.94919e-09 0.000114543)
(4.15024e-09 2.17299e-09 8.6048e-05)
(2.00418e-09 2.88753e-09 3.75044e-05)
(4.90239e-10 7.45471e-09 4.90231e-05)
(4.09195e-09 3.57114e-09 0.000104705)
(2.66507e-09 -2.05946e-09 0.000129498)
(1.35642e-09 -2.60852e-09 0.000137784)
(2.28812e-10 -1.64449e-09 0.000139985)
(-6.1502e-10 -1.4988e-09 0.000139985)
(-2.21359e-09 -2.06358e-09 0.000137784)
(-3.38969e-09 -3.19526e-09 0.000129499)
(-2.83917e-09 -3.68497e-10 0.000104706)
(-4.03093e-10 3.15774e-09 4.90235e-05)
(5.82286e-10 8.22084e-10 5.53208e-05)
(2.71261e-09 -4.30136e-10 0.000113183)
(1.95971e-09 -1.52494e-10 0.000134662)
(4.94057e-10 -3.33767e-10 0.000140172)
(-3.17691e-10 -5.634e-11 0.000141241)
(-1.77259e-10 -1.61227e-10 0.000141241)
(-8.72237e-10 -4.68921e-10 0.000140171)
(-1.97537e-09 -2.02963e-10 0.000134661)
(-2.70267e-09 -9.08687e-10 0.000113183)
(-1.13443e-09 2.46431e-10 5.53212e-05)
(6.23956e-10 1.94578e-09 5.53211e-05)
(2.79399e-09 -1.83539e-09 0.000113183)
(2.43739e-09 1.62448e-10 0.000134662)
(3.90499e-10 -2.72949e-10 0.000140172)
(2.83256e-11 -4.48268e-11 0.000141241)
(-3.61848e-10 -5.26784e-10 0.000141241)
(-4.73552e-10 -1.22657e-09 0.000140172)
(-1.63542e-09 -5.67754e-10 0.000134662)
(-1.8994e-09 -1.27527e-09 0.000113183)
(-1.84946e-10 1.23784e-09 5.53215e-05)
(1.26354e-09 -3.04114e-09 4.90231e-05)
(4.77637e-09 -6.0339e-09 0.000104706)
(4.22941e-09 2.62917e-09 0.000129499)
(1.30726e-09 1.47907e-09 0.000137784)
(5.90313e-10 1.48758e-09 0.000139985)
(-3.33843e-10 1.04628e-09 0.000139985)
(-8.49911e-10 7.26004e-10 0.000137784)
(-4.08888e-09 1.89678e-09 0.000129498)
(-4.60833e-09 -3.96202e-09 0.000104706)
(-1.35728e-09 -3.23804e-10 4.90236e-05)
(-4.811e-09 -1.01203e-08 3.7504e-05)
(-6.56339e-09 -1.16143e-08 8.60475e-05)
(-2.89216e-09 6.30675e-09 0.000114543)
(-6.81623e-10 2.70286e-09 0.000128146)
(-7.19283e-11 1.8984e-09 0.000133193)
(2.84414e-10 1.82199e-09 0.000133194)
(2.22874e-10 2.66641e-09 0.000128146)
(4.68306e-10 5.80262e-09 0.000114543)
(1.41435e-09 -7.75298e-09 8.60478e-05)
(-1.13167e-10 -2.79262e-09 3.75044e-05)
(-7.23662e-09 -1.13731e-08 2.28711e-05)
(-9.65381e-09 -6.29205e-09 5.70457e-05)
(-3.47045e-09 4.23427e-09 8.29966e-05)
(4.47211e-10 4.25979e-11 9.98716e-05)
(-9.10828e-10 1.90167e-09 0.000107881)
(1.11795e-09 1.64338e-09 0.000107881)
(-1.16542e-09 1.06653e-09 9.98713e-05)
(3.03836e-09 4.86413e-09 8.29957e-05)
(5.39117e-09 -2.7598e-09 5.70452e-05)
(2.13705e-09 -6.20638e-09 2.28718e-05)
(-6.32928e-09 -5.35306e-09 8.6446e-06)
(-8.73499e-09 -2.31316e-09 2.16664e-05)
(-5.50523e-09 -1.39699e-09 3.47426e-05)
(-3.49202e-09 -1.17044e-09 4.47474e-05)
(-2.89472e-09 9.69068e-10 5.00835e-05)
(-5.18371e-10 1.00359e-09 5.00833e-05)
(-3.65111e-10 1.0282e-11 4.47475e-05)
(8.3922e-10 7.91053e-10 3.47424e-05)
(4.49141e-09 4.09294e-10 2.16661e-05)
(4.96905e-09 -4.06335e-09 8.64453e-06)
(-6.36173e-09 5.52912e-09 8.64431e-06)
(1.39612e-09 -2.56594e-09 2.16666e-05)
(3.52289e-10 9.38804e-10 3.4744e-05)
(-2.52853e-09 1.24616e-10 4.47487e-05)
(1.3028e-09 -8.49129e-10 5.00852e-05)
(6.38474e-10 -1.71309e-10 5.00856e-05)
(3.29788e-09 5.42797e-10 4.47492e-05)
(8.69927e-10 6.89547e-10 3.47445e-05)
(3.47287e-09 -7.90777e-10 2.16675e-05)
(9.61669e-09 7.53745e-09 8.64499e-06)
(-2.03207e-09 3.5213e-09 2.28704e-05)
(-1.95561e-11 -2.55669e-09 5.70442e-05)
(-4.51612e-09 2.29439e-09 8.29971e-05)
(-4.77642e-09 9.86466e-10 9.98737e-05)
(-2.88176e-09 -3.07127e-09 0.000107884)
(-1.17527e-09 -2.46804e-09 0.000107884)
(9.80171e-10 -3.19266e-10 9.98734e-05)
(3.61738e-09 4.03061e-10 8.29977e-05)
(3.36529e-09 -5.80633e-10 5.70452e-05)
(6.98523e-09 9.87167e-09 2.28712e-05)
(3.10654e-09 -1.47056e-09 3.75033e-05)
(4.38353e-09 -1.72644e-09 8.6046e-05)
(9.06985e-10 1.47744e-09 0.000114542)
(2.18547e-09 -1.25659e-09 0.000128147)
(8.48421e-10 -3.92049e-09 0.000133194)
(4.34345e-10 -3.25536e-09 0.000133194)
(-2.87467e-10 -2.1832e-09 0.000128147)
(8.324e-10 -2.2863e-10 0.000114543)
(-6.04745e-10 4.97839e-10 8.60469e-05)
(1.59586e-09 7.09931e-09 3.75033e-05)
(1.6966e-09 -1.39544e-09 4.90228e-05)
(3.6429e-09 -2.00815e-09 0.000104706)
(3.2232e-09 1.14054e-09 0.000129497)
(2.9072e-09 -8.13486e-10 0.000137785)
(8.5672e-10 -1.77379e-09 0.000139986)
(-1.05674e-09 -1.04732e-09 0.000139986)
(-2.90263e-09 -1.56818e-09 0.000137785)
(-3.31999e-09 -6.2515e-10 0.000129498)
(-3.18351e-09 -4.23484e-10 0.000104705)
(-1.68784e-10 4.44751e-09 4.90223e-05)
(7.37651e-10 1.36652e-10 5.53208e-05)
(-4.00852e-10 -8.66849e-10 0.000113183)
(-5.25036e-10 1.33918e-09 0.000134661)
(4.29795e-10 2.46208e-10 0.000140172)
(2.33166e-11 2.82596e-10 0.000141241)
(6.22869e-10 1.30131e-10 0.000141241)
(-4.61316e-10 -5.44052e-10 0.000140172)
(-2.96947e-10 7.50976e-11 0.000134661)
(-1.36801e-09 -4.18183e-10 0.000113183)
(-1.36343e-09 1.31426e-09 5.53207e-05)
(1.41561e-10 3.21545e-09 5.5321e-05)
(-1.43403e-09 1.9743e-09 0.000113184)
(-1.11593e-09 2.37735e-10 0.000134661)
(-3.38464e-10 -1.22098e-09 0.000140172)
(-4.92869e-10 -8.07654e-10 0.000141241)
(-2.98779e-11 -1.0858e-09 0.000141241)
(-2.1506e-10 -1.31095e-09 0.000140172)
(-6.87395e-10 1.14595e-09 0.000134661)
(-1.60049e-09 4.69008e-10 0.000113183)
(-1.06403e-09 1.26284e-09 5.53206e-05)
(2.23305e-09 4.70602e-09 4.90231e-05)
(1.97765e-09 3.54119e-09 0.000104706)
(1.44321e-09 9.0788e-10 0.000129498)
(2.24139e-09 -4.54758e-10 0.000137784)
(1.32568e-09 -3.82466e-10 0.000139985)
(4.17756e-10 -5.19761e-10 0.000139985)
(-1.03802e-09 1.48421e-10 0.000137785)
(-7.21825e-10 2.39705e-09 0.000129498)
(-1.22193e-09 1.9386e-10 0.000104706)
(-9.35152e-10 -1.15381e-09 4.90229e-05)
(7.9907e-09 5.38962e-09 3.75042e-05)
(8.79954e-09 8.1303e-09 8.60466e-05)
(3.83711e-10 -9.90761e-11 0.000114542)
(1.74219e-09 -1.35047e-09 0.000128145)
(1.4714e-09 1.21611e-10 0.000133194)
(1.28845e-09 9.01277e-12 0.000133194)
(1.24052e-10 -1.87881e-10 0.000128146)
(2.2064e-09 8.94593e-10 0.000114544)
(-2.77887e-09 4.63698e-09 8.60478e-05)
(-2.27704e-09 -1.64874e-09 3.75042e-05)
(7.78465e-10 -3.21705e-09 2.2871e-05)
(8.9267e-09 1.27006e-08 5.70438e-05)
(1.12317e-09 1.25108e-09 8.29956e-05)
(1.14671e-10 -3.10922e-09 9.9872e-05)
(4.09224e-10 -2.33077e-10 0.000107882)
(6.16478e-10 -5.63557e-10 0.000107882)
(8.41409e-11 -2.19172e-09 9.98728e-05)
(-1.02102e-09 1.32048e-09 8.29968e-05)
(-5.16625e-09 9.49526e-09 5.70445e-05)
(3.61113e-09 -6.29741e-09 2.28713e-05)
(-8.71551e-09 -7.7115e-09 8.64459e-06)
(3.4398e-09 5.49242e-09 2.16663e-05)
(7.04207e-09 2.63294e-09 3.47434e-05)
(1.79978e-09 -4.34293e-10 4.47482e-05)
(8.15214e-10 2.40527e-10 5.00845e-05)
(-8.63332e-11 -7.0874e-11 5.00843e-05)
(-9.13554e-10 -6.87488e-10 4.47482e-05)
(-5.89288e-09 1.96002e-09 3.47434e-05)
(-8.91274e-10 4.20779e-09 2.16667e-05)
(1.22172e-08 -8.94386e-09 8.64466e-06)
(-1.38263e-08 9.41787e-09 8.64439e-06)
(-2.63051e-10 -4.58005e-09 2.16668e-05)
(-2.43371e-09 4.88991e-09 3.47435e-05)
(-7.83842e-09 1.6307e-09 4.4749e-05)
(2.42327e-10 -1.91779e-09 5.00854e-05)
(-1.45799e-09 -1.83939e-09 5.00857e-05)
(6.21966e-09 3.98523e-10 4.47493e-05)
(1.78972e-09 3.34407e-09 3.4744e-05)
(-5.62976e-10 -4.00002e-09 2.1667e-05)
(1.41959e-08 1.03945e-08 8.64476e-06)
(-7.31773e-09 1.06949e-08 2.28701e-05)
(-4.96255e-09 -2.5023e-09 5.70441e-05)
(-6.46764e-09 5.99976e-09 8.29958e-05)
(-4.85679e-10 -1.79175e-09 9.98741e-05)
(1.60879e-09 -4.45395e-09 0.000107884)
(1.4852e-09 -4.45207e-09 0.000107884)
(3.80427e-09 -1.23688e-09 9.98738e-05)
(7.7957e-09 7.38083e-09 8.2996e-05)
(1.99461e-09 -2.33958e-09 5.70442e-05)
(4.94787e-09 8.02803e-09 2.2871e-05)
(-5.63127e-09 1.24612e-08 3.75029e-05)
(-6.88475e-09 4.28841e-09 8.6047e-05)
(-7.75091e-09 4.14603e-09 0.000114543)
(-2.56389e-09 -7.00117e-09 0.000128146)
(-2.98838e-09 -4.83428e-09 0.000133194)
(-2.14849e-09 -4.99625e-09 0.000133194)
(-2.10354e-09 -5.91862e-09 0.000128146)
(4.45702e-09 6.70686e-09 0.000114543)
(1.64323e-09 1.97894e-09 8.60481e-05)
(3.08046e-10 4.20071e-09 3.75045e-05)
(1.31537e-09 7.46153e-09 4.90215e-05)
(3.55011e-09 3.0194e-09 0.000104705)
(2.66021e-09 3.27354e-09 0.000129498)
(3.21975e-09 -4.4855e-09 0.000137785)
(-3.5917e-10 -3.6797e-09 0.000139985)
(8.97465e-11 -2.79614e-09 0.000139986)
(-3.5029e-09 -4.50642e-09 0.000137784)
(-3.01768e-09 2.94443e-09 0.000129498)
(-3.32627e-09 -8.18128e-10 0.000104706)
(-2.15397e-09 1.61361e-09 4.9023e-05)
(1.53392e-09 9.45034e-10 5.53203e-05)
(2.01392e-09 9.89993e-10 0.000113182)
(2.28685e-09 2.18683e-09 0.000134661)
(2.36774e-09 -7.90506e-10 0.000140171)
(-6.0938e-10 -1.57538e-09 0.000141241)
(2.93512e-11 -1.5953e-10 0.000141241)
(-2.3418e-09 -1.50375e-09 0.000140171)
(-1.37204e-09 1.67842e-09 0.000134662)
(-1.40953e-09 -1.19205e-09 0.000113183)
(-1.91241e-09 -7.1945e-10 5.53216e-05)
(8.59401e-10 1.00556e-09 5.53204e-05)
(1.31941e-09 1.15543e-09 0.000113182)
(1.94488e-09 1.45653e-09 0.000134661)
(1.41403e-09 -7.67089e-10 0.000140171)
(-8.66784e-10 -1.50095e-09 0.000141241)
(-6.83597e-10 -4.9432e-10 0.000141241)
(-2.07313e-09 -1.23303e-09 0.000140171)
(-2.35272e-09 8.96396e-10 0.000134661)
(-2.98865e-09 -7.34236e-10 0.000113183)
(-1.47046e-09 -1.90839e-09 5.53213e-05)
(9.59636e-10 -4.27776e-09 4.90224e-05)
(5.1681e-09 -3.67049e-10 0.000104705)
(4.29522e-09 8.21947e-10 0.000129498)
(2.90822e-09 1.51332e-09 0.000137784)
(6.5281e-10 9.47676e-10 0.000139985)
(4.66493e-10 1.83773e-09 0.000139985)
(-6.87494e-10 2.05614e-09 0.000137784)
(-2.94783e-09 1.30829e-09 0.000129498)
(-4.47148e-09 -1.77331e-09 0.000104705)
(-9.48866e-10 -7.15429e-09 4.90226e-05)
(-4.18417e-09 -9.42119e-09 3.75038e-05)
(-2.89295e-09 -5.21179e-09 8.60469e-05)
(-1.16417e-09 3.14588e-09 0.000114542)
(1.01561e-09 3.03798e-09 0.000128145)
(1.29394e-09 1.97748e-09 0.000133194)
(1.59436e-09 2.68924e-09 0.000133194)
(2.4399e-09 3.12665e-09 0.000128146)
(3.15221e-09 3.88893e-09 0.000114543)
(3.89528e-09 -5.08777e-09 8.6047e-05)
(4.42485e-09 -1.01616e-08 3.75037e-05)
(-7.20308e-09 -9.82391e-09 2.28706e-05)
(-7.29356e-09 -4.37566e-09 5.70428e-05)
(-1.36409e-09 1.90032e-09 8.29951e-05)
(1.56149e-09 6.37879e-10 9.98736e-05)
(6.44106e-10 1.8926e-09 0.000107884)
(1.05109e-09 1.3897e-09 0.000107884)
(6.26219e-10 6.42701e-10 9.98741e-05)
(3.42467e-09 4.10662e-09 8.29966e-05)
(7.53282e-09 -8.49722e-10 5.70438e-05)
(7.76481e-09 -1.00123e-08 2.28704e-05)
(-1.08763e-08 -7.95195e-09 8.64466e-06)
(-7.58403e-09 -2.3316e-09 2.16665e-05)
(-4.23028e-09 -2.30673e-09 3.47441e-05)
(-4.03184e-09 -1.22478e-09 4.47497e-05)
(-2.28083e-09 9.24666e-10 5.00861e-05)
(-1.76382e-09 5.69735e-10 5.00857e-05)
(-8.09142e-10 -2.091e-10 4.47497e-05)
(-1.78551e-09 1.09253e-09 3.47442e-05)
(1.99748e-09 2.4361e-09 2.16669e-05)
(9.71329e-09 -6.99606e-09 8.64462e-06)
(-1.70005e-08 1.28348e-08 8.64502e-06)
(-1.12657e-08 2.79261e-09 2.16671e-05)
(-6.61331e-09 2.19436e-09 3.47429e-05)
(-7.02925e-09 1.4655e-09 4.47483e-05)
(-8.40329e-10 -1.3548e-09 5.00844e-05)
(7.50872e-10 -9.42952e-10 5.00844e-05)
(6.48098e-09 2.03081e-09 4.47481e-05)
(2.36209e-09 1.25523e-09 3.47426e-05)
(3.00969e-09 -3.2174e-09 2.16668e-05)
(1.3525e-08 9.52291e-09 8.64474e-06)
(-8.40835e-09 1.44093e-08 2.28718e-05)
(-6.52616e-09 3.01511e-09 5.70454e-05)
(-1.09371e-08 1.85005e-09 8.29948e-05)
(-6.35385e-09 -2.53199e-09 9.98727e-05)
(-1.08531e-09 -5.83947e-09 0.000107883)
(9.17958e-10 -5.69231e-09 0.000107883)
(6.37383e-09 -2.74335e-10 9.98723e-05)
(1.06672e-08 2.94495e-09 8.29951e-05)
(6.52226e-09 1.25298e-09 5.70453e-05)
(7.6649e-09 1.11592e-08 2.28716e-05)
(-5.09382e-10 6.89979e-09 3.75038e-05)
(3.79128e-09 1.25104e-09 8.60475e-05)
(2.09805e-09 2.21994e-10 0.000114543)
(2.17061e-09 -4.32803e-09 0.000128145)
(-3.82279e-10 -5.85284e-09 0.000133193)
(-1.99007e-09 -5.89516e-09 0.000133193)
(-2.93488e-09 -3.7786e-09 0.000128146)
(-1.40159e-09 1.44737e-09 0.000114543)
(-2.76495e-09 2.2172e-09 8.60487e-05)
(6.85101e-10 6.68387e-09 3.7505e-05)
(5.91938e-11 4.17467e-09 4.90228e-05)
(3.37588e-09 4.90694e-10 0.000104705)
(4.65675e-09 9.22002e-10 0.000129499)
(3.28699e-09 -6.06954e-10 0.000137784)
(5.91679e-10 -1.41667e-09 0.000139985)
(-1.18964e-09 -2.17348e-09 0.000139985)
(-4.4433e-09 -1.72568e-09 0.000137784)
(-4.07599e-09 9.97133e-11 0.0001295)
(-2.42144e-09 -1.49789e-09 0.000104706)
(6.587e-10 3.59315e-09 4.90236e-05)
(1.68688e-09 2.06099e-09 5.53205e-05)
(2.02659e-09 6.12322e-10 0.000113182)
(4.83291e-10 1.03821e-09 0.000134662)
(1.40685e-09 -3.80359e-10 0.000140171)
(8.43016e-10 -1.8658e-10 0.000141241)
(2.45075e-10 -5.71651e-10 0.000141241)
(-5.32714e-10 -8.24507e-10 0.000140171)
(3.63002e-10 4.86416e-10 0.000134663)
(-1.98552e-09 7.82958e-12 0.000113183)
(-2.0746e-09 1.70865e-09 5.53217e-05)
(1.35648e-09 3.27461e-09 5.53209e-05)
(8.07784e-10 2.81913e-09 0.000113182)
(7.95547e-11 8.6834e-10 0.000134662)
(7.446e-10 -1.78853e-09 0.000140171)
(4.75492e-10 -1.88284e-09 0.000141241)
(5.28155e-11 -1.02189e-09 0.000141241)
(-4.96537e-10 -1.67905e-09 0.000140171)
(1.67329e-10 2.99602e-10 0.000134663)
(-1.94919e-09 8.47085e-10 0.000113183)
(-1.66644e-09 -3.86381e-10 5.53222e-05)
(6.94634e-10 2.57997e-09 4.90225e-05)
(8.21603e-10 4.18632e-09 0.000104705)
(2.22008e-09 5.21666e-10 0.000129498)
(4.13843e-09 -2.29438e-09 0.000137784)
(2.08286e-09 -1.79811e-09 0.000139985)
(1.93051e-10 -3.34739e-10 0.000139985)
(-1.16609e-09 -1.56209e-09 0.000137784)
(-1.61192e-09 1.14873e-09 0.000129498)
(-9.23624e-10 7.04786e-10 0.000104706)
(3.66159e-10 -2.67618e-09 4.90237e-05)
(4.86243e-09 4.9769e-09 3.75034e-05)
(6.40266e-09 5.73354e-09 8.60475e-05)
(2.87456e-09 -2.90488e-09 0.000114542)
(4.13616e-09 -1.39384e-09 0.000128146)
(2.60777e-09 1.57601e-09 0.000133194)
(1.34936e-09 2.85997e-09 0.000133194)
(-6.80929e-10 4.34365e-10 0.000128146)
(-7.96942e-11 -1.22217e-09 0.000114542)
(-3.18802e-09 1.17119e-09 8.6047e-05)
(-1.0825e-09 -3.63725e-09 3.75037e-05)
(1.5965e-09 -2.85427e-09 2.28712e-05)
(6.86189e-09 4.91609e-09 5.70451e-05)
(-1.92481e-09 -3.13543e-09 8.29955e-05)
(-3.03094e-09 -2.57774e-09 9.98729e-05)
(-7.28446e-10 2.18945e-09 0.000107883)
(1.32808e-09 2.05417e-09 0.000107883)
(3.70328e-09 -9.83292e-10 9.98726e-05)
(4.62809e-09 7.10072e-11 8.29953e-05)
(4.86216e-11 4.65085e-09 5.70444e-05)
(5.22847e-09 -8.8504e-09 2.28706e-05)
(-1.08223e-08 -8.40012e-09 8.64469e-06)
(-2.74282e-09 7.97692e-10 2.16671e-05)
(-7.51207e-10 -1.30124e-10 3.47435e-05)
(-4.57879e-09 -1.82584e-09 4.47488e-05)
(-2.65877e-09 -1.47884e-10 5.00847e-05)
(-1.50831e-09 -2.38395e-10 5.00848e-05)
(1.28211e-10 -1.15502e-09 4.47486e-05)
(-5.11574e-09 2.64983e-09 3.47431e-05)
(9.6275e-10 3.84073e-09 2.16667e-05)
(1.38599e-08 -9.87967e-09 8.64443e-06)
(-1.44991e-08 1.00763e-08 8.64462e-06)
(-1.79934e-09 -3.63082e-09 2.16664e-05)
(-8.93389e-10 2.73082e-09 3.47425e-05)
(-6.14896e-09 2.53353e-09 4.47475e-05)
(-1.03829e-09 -1.64398e-09 5.00839e-05)
(-2.30677e-09 -1.4165e-09 5.00839e-05)
(-3.45898e-10 4.87911e-10 4.47479e-05)
(-4.6494e-09 6.2685e-10 3.47425e-05)
(-6.13465e-09 -7.55341e-09 2.16659e-05)
(6.06584e-09 3.85524e-09 8.64411e-06)
(-8.40179e-09 1.08914e-08 2.28718e-05)
(-9.00191e-09 -3.54864e-10 5.70451e-05)
(-3.72516e-09 -1.36285e-09 8.29952e-05)
(1.91389e-09 4.35519e-10 9.98712e-05)
(-1.18457e-10 -3.13601e-09 0.000107882)
(7.70364e-11 -2.14063e-09 0.000107882)
(-2.19769e-09 1.49379e-09 9.98716e-05)
(-4.88663e-10 3.05041e-10 8.29952e-05)
(-1.91793e-09 -6.42853e-09 5.70448e-05)
(-9.93167e-10 5.8124e-10 2.28709e-05)
(-6.53175e-09 1.34277e-08 3.75045e-05)
(-7.04745e-09 6.62755e-09 8.60476e-05)
(-4.26935e-09 -5.34126e-09 0.000114543)
(-1.19851e-09 -3.93867e-09 0.000128146)
(-2.0332e-09 -2.72319e-09 0.000133193)
(-2.54931e-09 -1.43774e-09 0.000133194)
(-3.10967e-09 -2.25003e-09 0.000128146)
(1.28474e-09 -2.92508e-09 0.000114543)
(3.94813e-09 1.50675e-09 8.60474e-05)
(1.88757e-09 3.31805e-09 3.75037e-05)
(7.28216e-10 8.49952e-09 4.90239e-05)
(5.53661e-09 4.24712e-09 0.000104706)
(3.59492e-09 -2.66923e-09 0.000129498)
(1.31128e-09 -2.55992e-09 0.000137784)
(-1.51589e-11 -1.27913e-09 0.000139985)
(-8.37636e-10 -1.20982e-09 0.000139985)
(-1.45358e-09 -2.82489e-09 0.000137785)
(-3.26624e-09 -3.22135e-09 0.000129499)
(-3.42077e-09 -8.10106e-10 0.000104706)
(8.98344e-11 4.98241e-09 4.90232e-05)
(3.81037e-10 1.64884e-09 5.53214e-05)
(3.41889e-09 2.44829e-10 0.000113183)
(2.81672e-09 4.1837e-11 0.000134662)
(6.78532e-10 -4.43836e-10 0.000140172)
(-1.22319e-10 6.74171e-10 0.000141241)
(1.99477e-11 3.3361e-11 0.000141241)
(2.11407e-10 -7.93745e-10 0.000140172)
(-1.25909e-09 -7.10449e-10 0.000134662)
(-2.7689e-09 -1.63236e-09 0.000113183)
(-7.67633e-10 8.58851e-10 5.53213e-05)
(-2.57712e-10 1.97574e-09 5.53213e-05)
(3.09193e-09 -1.85841e-09 0.000113183)
(3.48674e-09 2.11601e-10 0.000134662)
(4.25629e-10 -2.39678e-10 0.000140172)
(3.30116e-10 -5.87832e-11 0.000141241)
(-1.5152e-10 -5.67917e-10 0.000141241)
(2.83247e-10 -1.3042e-09 0.000140172)
(-1.20827e-09 7.18079e-10 0.000134662)
(-1.70608e-09 -2.54927e-09 0.000113183)
(1.73562e-10 1.10605e-09 5.53215e-05)
(2.99233e-10 -4.66147e-09 4.90229e-05)
(4.69121e-09 -7.03634e-09 0.000104705)
(5.02954e-09 2.45393e-09 0.000129499)
(1.44494e-09 2.26648e-09 0.000137785)
(7.13985e-10 1.41383e-09 0.000139985)
(1.15616e-10 5.49915e-10 0.000139985)
(-9.87903e-10 9.95211e-10 0.000137784)
(-3.8708e-09 3.09054e-09 0.000129498)
(-3.83224e-09 -5.50433e-09 0.000104706)
(-1.46529e-09 -8.30842e-12 4.90235e-05)
(-4.45108e-09 -1.04331e-08 3.75037e-05)
(-6.19907e-09 -1.33224e-08 8.6048e-05)
(-2.05319e-09 6.4278e-09 0.000114544)
(5.6824e-11 4.15219e-09 0.000128147)
(6.95e-10 1.91633e-09 0.000133194)
(1.26471e-09 1.68391e-09 0.000133193)
(1.87149e-10 3.06313e-09 0.000128146)
(9.98136e-10 6.12347e-09 0.000114543)
(2.55565e-09 -1.02615e-08 8.60472e-05)
(-2.04156e-10 -3.91635e-09 3.75041e-05)
(-6.86452e-09 -1.13343e-08 2.28718e-05)
(-1.09847e-08 -8.3947e-09 5.70468e-05)
(-4.54573e-09 3.72956e-09 8.29977e-05)
(6.13123e-10 1.64988e-09 9.98721e-05)
(-6.00435e-10 1.6315e-09 0.000107881)
(2.50673e-09 1.73789e-09 0.000107881)
(2.02817e-09 8.36783e-10 9.98714e-05)
(4.92398e-09 4.9117e-09 8.2996e-05)
(7.84449e-09 -5.36636e-09 5.70451e-05)
(5.77446e-09 -1.01728e-08 2.28717e-05)
(-9.64141e-09 -7.73163e-09 8.64493e-06)
(-9.62406e-09 -2.73398e-09 2.16672e-05)
(-6.68463e-09 -1.53288e-09 3.47432e-05)
(-4.7672e-09 -8.76474e-10 4.47478e-05)
(-2.55125e-09 9.60034e-10 5.00838e-05)
(4.5549e-10 1.08988e-09 5.00837e-05)
(1.8227e-10 -4.43596e-10 4.47473e-05)
(1.93166e-09 4.59097e-10 3.47425e-05)
(6.26902e-09 -7.92339e-10 2.16666e-05)
(8.83612e-09 -7.68208e-09 8.64468e-06)
(-6.7235e-09 5.00078e-09 8.64473e-06)
(2.91983e-09 -4.35234e-09 2.16668e-05)
(3.30206e-09 -6.66795e-10 3.4744e-05)
(-6.58917e-10 3.24791e-10 4.47485e-05)
(3.09042e-09 -4.62411e-10 5.00852e-05)
(2.72141e-09 -4.2396e-10 5.00851e-05)
(5.22498e-09 1.27364e-09 4.47488e-05)
(5.36176e-10 1.37972e-09 3.47441e-05)
(3.18164e-09 -6.4865e-11 2.16664e-05)
(9.9841e-09 7.45937e-09 8.64432e-06)
(-1.92541e-09 3.84194e-09 2.28711e-05)
(1.63151e-09 -4.63288e-09 5.70441e-05)
(-3.00698e-09 -3.4602e-10 8.29965e-05)
(-3.81499e-09 9.57061e-10 9.98724e-05)
(-1.64355e-09 -1.88717e-09 0.000107883)
(-5.59278e-10 -2.34237e-09 0.000107883)
(8.26026e-10 1.98199e-10 9.98734e-05)
(3.16322e-09 5.56379e-10 8.29974e-05)
(2.47021e-09 -9.64632e-10 5.70439e-05)
(6.31617e-09 9.28775e-09 2.28705e-05)
(3.64474e-09 -1.24282e-09 3.75048e-05)
(4.68358e-09 -2.89891e-09 8.60475e-05)
(3.16033e-10 -6.87579e-10 0.000114543)
(1.80334e-09 -1.52975e-09 0.000128146)
(6.92049e-10 -2.50537e-09 0.000133194)
(-1.57178e-10 -2.67195e-09 0.000133194)
(-1.24783e-09 -1.69631e-09 0.000128145)
(5.29454e-11 -1.1322e-09 0.000114542)
(-1.43524e-09 -1.53013e-09 8.60466e-05)
(6.07547e-10 5.87288e-09 3.75028e-05)
(3.98827e-10 -3.03368e-11 4.90239e-05)
(1.73121e-09 -3.14301e-09 0.000104707)
(2.46133e-09 -1.03121e-09 0.000129498)
(2.31586e-09 -1.00754e-09 0.000137785)
(3.84205e-10 -1.14364e-09 0.000139985)
(-1.17777e-09 -9.42318e-10 0.000139986)
(-2.98745e-09 -1.37458e-09 0.000137785)
(-2.811e-09 -1.62665e-09 0.000129498)
(-2.95798e-09 -1.98776e-09 0.000104706)
(-3.38797e-10 4.12677e-09 4.90226e-05)
(3.81999e-10 4.89224e-10 5.53218e-05)
(-1.80994e-10 -9.95093e-10 0.000113184)
(-3.536e-10 4.57166e-10 0.000134661)
(-8.19397e-11 -2.14373e-10 0.000140172)
(-3.26128e-10 -3.85721e-10 0.000141241)
(-3.87799e-10 -2.47796e-10 0.000141241)
(-1.21547e-10 -8.59696e-10 0.000140172)
(4.75161e-10 -5.68939e-10 0.000134661)
(-1.29627e-09 -1.38999e-09 0.000113183)
(-9.81104e-10 1.15222e-09 5.53209e-05)
(7.80861e-10 2.66416e-09 5.53215e-05)
(-1.57867e-10 1.14327e-09 0.000113184)
(-8.46943e-10 1.16583e-09 0.000134662)
(-5.01957e-10 -1.73127e-09 0.000140172)
(1.61771e-10 -1.77453e-09 0.000141241)
(6.8673e-11 -1.63562e-09 0.000141241)
(3.46161e-10 -1.83288e-09 0.000140172)
(6.89387e-10 1.16681e-09 0.000134661)
(-1.44903e-09 5.01639e-10 0.000113184)
(-1.34065e-09 1.02753e-09 5.5321e-05)
(1.89902e-09 2.9642e-09 4.90237e-05)
(2.08041e-09 1.98885e-09 0.000104707)
(2.30001e-09 1.36764e-09 0.000129498)
(2.11156e-09 -5.67852e-10 0.000137784)
(7.8215e-10 -5.24397e-10 0.000139986)
(2.14419e-10 -1.02651e-09 0.000139986)
(-8.8486e-10 -7.60044e-10 0.000137785)
(-1.8648e-10 2.2356e-09 0.000129498)
(-1.75291e-09 1.53619e-09 0.000104706)
(-1.54187e-09 -2.88665e-11 4.90231e-05)
(5.94992e-09 3.43823e-09 3.75047e-05)
(5.91113e-09 6.46607e-09 8.60476e-05)
(-7.38731e-10 -7.66412e-10 0.000114543)
(2.22763e-09 -5.19974e-10 0.000128146)
(5.736e-10 2.405e-10 0.000133193)
(6.34205e-10 -5.32999e-11 0.000133193)
(-2.00869e-10 -7.85161e-10 0.000128146)
(1.02185e-09 1.76579e-09 0.000114544)
(-4.1017e-09 6.51176e-09 8.60481e-05)
(-3.22008e-09 -3.16442e-10 3.75044e-05)
(-1.92765e-09 -4.11479e-09 2.28712e-05)
(6.81518e-09 1.1026e-08 5.70439e-05)
(2.18929e-09 1.24177e-09 8.29961e-05)
(1.12334e-09 -3.01965e-09 9.9872e-05)
(3.97226e-10 -6.23896e-10 0.000107882)
(1.02102e-10 -2.99978e-10 0.000107882)
(-6.04621e-10 -2.48137e-09 9.98722e-05)
(-2.66355e-09 3.16236e-09 8.29971e-05)
(-5.52068e-09 1.00156e-08 5.70458e-05)
(3.50683e-09 -6.24259e-09 2.28722e-05)
(-9.55915e-09 -7.81654e-09 8.64471e-06)
(2.87579e-09 5.65769e-09 2.16663e-05)
(7.32131e-09 2.93502e-09 3.47429e-05)
(1.77579e-09 -1.28497e-09 4.47482e-05)
(-6.19521e-11 -2.30033e-10 5.00847e-05)
(-3.7767e-10 -2.68419e-11 5.00844e-05)
(-7.9587e-10 -7.21522e-10 4.47483e-05)
(-6.30614e-09 2.74226e-09 3.47439e-05)
(-1.13703e-09 4.28146e-09 2.16674e-05)
(9.74523e-09 -7.57552e-09 8.64535e-06)
(-1.56186e-08 9.94694e-09 8.64469e-06)
(8.63793e-10 -4.37666e-09 2.16673e-05)
(-1.21212e-09 4.01954e-09 3.4744e-05)
(-8.66319e-09 1.48294e-09 4.47497e-05)
(-3.0461e-11 -1.37387e-09 5.00858e-05)
(-1.82544e-09 -1.11607e-09 5.00855e-05)
(5.01771e-09 1.60938e-09 4.47489e-05)
(2.68679e-10 3.58161e-09 3.47439e-05)
(-4.09802e-09 -6.24251e-09 2.16672e-05)
(9.82946e-09 7.68266e-09 8.64501e-06)
(-5.21168e-09 8.10277e-09 2.28711e-05)
(-1.5745e-09 -3.11117e-09 5.70448e-05)
(-3.99302e-09 6.47215e-09 8.29963e-05)
(4.21745e-10 -1.23307e-09 9.98741e-05)
(1.04699e-09 -4.06871e-09 0.000107885)
(-2.54332e-10 -3.58338e-09 0.000107885)
(1.51425e-09 -6.11372e-10 9.98744e-05)
(5.22319e-09 5.63444e-09 8.29965e-05)
(-4.01323e-10 -5.83033e-09 5.70442e-05)
(2.37745e-09 4.69845e-09 2.28709e-05)
(-3.1279e-09 9.04656e-09 3.75046e-05)
(-3.72425e-09 2.15315e-09 8.60484e-05)
(-6.33912e-09 5.63209e-09 0.000114543)
(7.2525e-10 -5.37736e-09 0.000128146)
(1.10638e-09 -4.05046e-09 0.000133194)
(2.54781e-10 -4.11725e-09 0.000133195)
(-7.16114e-10 -5.0829e-09 0.000128146)
(4.35795e-09 5.66261e-09 0.000114543)
(1.67728e-09 -7.65561e-11 8.60475e-05)
(-1.14941e-10 2.42163e-09 3.75038e-05)
(1.9271e-09 5.72082e-09 4.90227e-05)
(4.00214e-09 1.19687e-09 0.000104706)
(2.76587e-09 3.92095e-09 0.000129498)
(3.72221e-09 -3.92493e-09 0.000137785)
(-3.28498e-10 -2.0771e-09 0.000139986)
(-9.97263e-10 -1.94799e-09 0.000139986)
(-4.26243e-09 -4.07831e-09 0.000137785)
(-3.30705e-09 2.80407e-09 0.000129498)
(-3.43292e-09 -1.6491e-09 0.000104705)
(-1.85182e-09 1.73903e-09 4.90223e-05)
(1.06419e-09 2.1632e-10 5.5321e-05)
(1.93694e-09 2.78357e-10 0.000113183)
(1.91372e-09 2.70917e-09 0.000134661)
(1.13105e-09 -1.11327e-09 0.000140171)
(-6.41574e-10 1.28899e-11 0.000141241)
(-2.8372e-10 1.8904e-10 0.000141241)
(-2.32267e-09 -1.15598e-09 0.000140171)
(-1.35463e-09 7.76447e-10 0.000134661)
(-2.22114e-09 -1.47666e-09 0.000113182)
(-2.01027e-09 -1.10476e-09 5.53206e-05)
(1.10295e-09 -4.73469e-12 5.53209e-05)
(2.02623e-09 6.05115e-10 0.000113183)
(1.74059e-09 1.79129e-09 0.000134661)
(1.01368e-09 -1.37211e-09 0.000140171)
(-3.14275e-10 -6.43231e-10 0.000141241)
(7.53978e-10 -4.84567e-10 0.000141241)
(-4.78821e-10 -4.70252e-10 0.000140171)
(-1.17047e-09 9.35743e-10 0.000134661)
(-2.51801e-09 -9.29782e-10 0.000113182)
(-1.71074e-09 -1.77615e-09 5.53206e-05)
(9.70804e-10 -5.63934e-09 4.90229e-05)
(4.50284e-09 -2.17541e-09 0.000104706)
(3.25518e-09 1.75737e-09 0.000129498)
(1.65815e-09 1.65914e-09 0.000137784)
(-1.26074e-10 9.26633e-10 0.000139986)
(-1.6749e-10 1.0524e-09 0.000139986)
(-1.5102e-09 1.61996e-09 0.000137784)
(-3.0726e-09 1.75111e-09 0.000129498)
(-4.16707e-09 -1.68481e-09 0.000104705)
(-7.98072e-10 -6.97566e-09 4.90225e-05)
(-5.16861e-09 -1.09052e-08 3.75047e-05)
(-4.37833e-09 -6.80629e-09 8.60476e-05)
(-1.35298e-09 4.27528e-09 0.000114542)
(3.63086e-10 3.22689e-09 0.000128145)
(-1.96469e-11 1.5032e-09 0.000133194)
(1.13716e-09 1.87997e-09 0.000133194)
(2.39512e-09 2.00957e-09 0.000128146)
(3.31453e-09 3.31403e-09 0.000114543)
(4.8272e-09 -5.41579e-09 8.6047e-05)
(5.17292e-09 -1.01739e-08 3.75036e-05)
(-9.36864e-09 -1.22727e-08 2.28712e-05)
(-7.78478e-09 -3.20283e-09 5.70431e-05)
(-1.91806e-09 3.57355e-09 8.29956e-05)
(3.66265e-10 4.80823e-10 9.98733e-05)
(1.37096e-10 9.82664e-10 0.000107884)
(1.12294e-09 1.14532e-09 0.000107884)
(7.48409e-10 -1.8443e-10 9.98745e-05)
(2.51477e-09 3.54726e-09 8.29969e-05)
(7.25105e-09 -2.09041e-09 5.70444e-05)
(7.74145e-09 -9.31198e-09 2.28707e-05)
(-1.11831e-08 -8.39213e-09 8.6447e-06)
(-8.33212e-09 -1.10702e-09 2.16671e-05)
(-5.02227e-09 -1.45175e-09 3.47445e-05)
(-4.12293e-09 -8.61701e-10 4.47497e-05)
(-2.63639e-09 6.09412e-10 5.0086e-05)
(-1.82585e-09 7.29148e-10 5.00861e-05)
(-1.34223e-09 1.75228e-10 4.475e-05)
(-1.67195e-09 1.43224e-09 3.47449e-05)
(2.42283e-09 1.61109e-09 2.16676e-05)
(7.84441e-09 -5.80368e-09 8.64497e-06)
(-1.55635e-08 1.20752e-08 8.64448e-06)
(-4.8107e-09 -1.0151e-09 2.16676e-05)
(-4.03936e-09 1.53868e-09 3.47429e-05)
(-7.17611e-09 1.99734e-09 4.4748e-05)
(-1.2845e-09 -2.25116e-10 5.00835e-05)
(7.59336e-10 1.79411e-10 5.00838e-05)
(4.6874e-09 1.9905e-09 4.47489e-05)
(1.53579e-09 9.05503e-10 3.47437e-05)
(2.6857e-09 -2.47686e-09 2.1668e-05)
(8.65887e-09 6.22162e-09 8.64508e-06)
(-6.16438e-09 1.1608e-08 2.2871e-05)
(-3.94445e-09 7.25417e-10 5.70447e-05)
(-9.49149e-09 3.13094e-09 8.29951e-05)
(-5.72062e-09 -1.02466e-09 9.98729e-05)
(-1.53763e-10 -4.93198e-09 0.000107883)
(3.8029e-09 -4.70008e-09 0.000107883)
(9.72041e-09 7.75414e-11 9.9874e-05)
(1.32e-08 2.81551e-09 8.29967e-05)
(8.34654e-09 1.41848e-09 5.70466e-05)
(7.36798e-09 1.08196e-08 2.28716e-05)
(1.58472e-10 4.97786e-09 3.75045e-05)
(4.25517e-09 2.58456e-10 8.6048e-05)
(2.36646e-09 2.18734e-09 0.000114544)
(3.61274e-09 -3.51159e-09 0.000128146)
(1.12623e-09 -5.43818e-09 0.000133194)
(1.65752e-10 -5.71043e-09 0.000133194)
(-6.27235e-10 -3.40565e-09 0.000128147)
(3.91891e-10 1.74875e-09 0.000114545)
(-4.4517e-10 3.25798e-09 8.60482e-05)
(1.75375e-09 8.24936e-09 3.75047e-05)
(-2.85599e-10 3.79635e-09 4.90235e-05)
(2.38188e-09 -6.86369e-10 0.000104706)
(3.17156e-09 6.22871e-10 0.000129501)
(2.70923e-09 -1.09181e-09 0.000137785)
(3.57554e-10 -1.77505e-09 0.000139987)
(-8.97705e-10 -1.81746e-09 0.000139987)
(-3.37936e-09 -1.55783e-09 0.000137785)
(-4.18316e-09 -8.52769e-11 0.0001295)
(-2.34991e-09 -3.6151e-10 0.000104705)
(1.53822e-09 5.36169e-09 4.9023e-05)
(1.28575e-09 1.44776e-09 5.53217e-05)
(1.08059e-09 2.06854e-10 0.000113183)
(-2.54792e-10 1.41821e-10 0.000134663)
(7.30937e-11 -9.55249e-10 0.000140171)
(-2.55197e-10 -4.68903e-10 0.000141241)
(3.63751e-10 -1.14395e-09 0.000141241)
(-1.02546e-09 -1.18523e-09 0.000140172)
(-1.10948e-09 -4.24369e-10 0.000134662)
(-2.30357e-09 -7.68979e-10 0.000113182)
(-1.38118e-09 2.22869e-09 5.53214e-05)
(1.09646e-09 2.10462e-09 5.53216e-05)
(6.7548e-10 2.44407e-09 0.000113183)
(1.4456e-10 2.74006e-10 0.000134662)
(9.73201e-10 -1.2892e-09 0.000140172)
(1.55752e-10 -1.02881e-09 0.000141241)
(1.40635e-10 -1.15488e-09 0.000141241)
(-6.66437e-10 -1.73248e-09 0.000140172)
(-9.78451e-10 6.50567e-10 0.000134662)
(-2.04131e-09 -1.41298e-10 0.000113182)
(-1.31688e-09 6.92855e-11 5.53214e-05)
(1.3186e-09 2.92601e-09 4.90236e-05)
(1.18696e-09 3.7572e-09 0.000104707)
(2.42273e-09 3.4126e-11 0.000129499)
(3.30175e-09 -1.81586e-09 0.000137785)
(1.05144e-09 -8.18199e-10 0.000139986)
(-1.50409e-11 -3.60694e-11 0.000139986)
(-2.34403e-09 -1.11598e-09 0.000137785)
(-2.39356e-09 7.87983e-10 0.000129499)
(-1.85154e-09 -2.16392e-10 0.000104706)
(-6.4072e-10 -1.47231e-09 4.90231e-05)
(6.11676e-09 6.75613e-09 3.75047e-05)
(6.10056e-09 5.32094e-09 8.60491e-05)
(2.18961e-09 -3.05546e-09 0.000114542)
(4.2675e-09 -1.8041e-09 0.000128145)
(2.54795e-09 1.86997e-09 0.000133193)
(1.92374e-09 2.85634e-09 0.000133193)
(5.13678e-11 3.88709e-10 0.000128146)
(1.7071e-09 -2.20412e-09 0.000114542)
(-1.66565e-09 -1.26036e-09 8.60486e-05)
(-1.38982e-09 -4.30941e-09 3.75044e-05)
(1.67105e-09 -2.12214e-09 2.28717e-05)
(5.96256e-09 4.40339e-09 5.70441e-05)
(-1.95821e-09 -2.69165e-09 8.2994e-05)
(-2.78631e-09 -3.36011e-09 9.98709e-05)
(-1.46774e-10 1.51962e-09 0.000107882)
(3.04283e-09 2.34578e-09 0.000107881)
(7.18181e-09 -1.26851e-09 9.98708e-05)
(9.17573e-09 -1.00753e-09 8.29943e-05)
(4.06699e-09 1.46539e-09 5.7045e-05)
(6.02615e-09 -1.05357e-08 2.28719e-05)
(-9.58162e-09 -8.03478e-09 8.64491e-06)
(-2.81481e-09 4.60608e-10 2.16669e-05)
(-1.38256e-09 -2.69154e-10 3.47433e-05)
(-5.09905e-09 -2.57776e-09 4.47467e-05)
(-1.66275e-09 -3.60539e-10 5.00829e-05)
(-9.67137e-10 -2.08026e-10 5.00831e-05)
(1.70239e-09 -1.18741e-09 4.47468e-05)
(-1.02381e-09 1.36386e-09 3.47428e-05)
(2.84086e-09 2.6366e-09 2.16665e-05)
(1.24515e-08 -9.46918e-09 8.64464e-06)
(-1.43827e-08 1.05127e-08 8.64513e-06)
(-6.86879e-09 -7.90551e-10 2.16672e-05)
(6.46669e-09 -6.72545e-09 3.47434e-05)
(8.47511e-09 -1.30923e-09 4.47484e-05)
(3.28834e-09 2.06314e-09 5.00846e-05)
(-9.20491e-10 1.92514e-09 5.00846e-05)
(-4.03485e-09 -1.28064e-09 4.47486e-05)
(-1.27896e-09 -5.22908e-09 3.47437e-05)
(1.21155e-08 1.95779e-09 2.16674e-05)
(1.83264e-08 1.47858e-08 8.64499e-06)
(-1.67945e-09 7.77868e-09 2.28715e-05)
(2.19635e-10 -4.32446e-10 5.70459e-05)
(1.42901e-09 -1.21105e-08 8.29974e-05)
(1.51472e-09 -2.21114e-09 9.98723e-05)
(-6.45997e-10 2.38548e-09 0.000107881)
(8.04754e-10 1.15602e-09 0.000107881)
(-2.37555e-09 -2.38408e-09 9.98717e-05)
(-2.45239e-09 -1.02216e-08 8.29966e-05)
(-1.64749e-09 2.37641e-10 5.70456e-05)
(3.15211e-09 1.24808e-08 2.28718e-05)
(2.95289e-09 -1.32557e-09 3.75037e-05)
(7.09192e-10 7.06297e-09 8.60474e-05)
(-8.24094e-10 -5.82005e-09 0.000114544)
(-1.75792e-09 -2.51771e-09 0.000128146)
(-2.09093e-09 4.02861e-11 0.000133193)
(-7.46295e-10 -1.24794e-09 0.000133193)
(-6.31775e-10 -3.05571e-09 0.000128146)
(7.98011e-10 -4.96134e-09 0.000114544)
(-7.2928e-10 6.77899e-09 8.60478e-05)
(-2.90297e-09 8.72583e-10 3.75044e-05)
(-2.02003e-09 1.56053e-09 4.90235e-05)
(-2.79004e-09 5.61299e-09 0.000104705)
(-1.10858e-09 -2.18821e-09 0.000129499)
(-1.18858e-09 -1.42612e-09 0.000137784)
(3.10287e-10 -6.60304e-10 0.000139986)
(5.38323e-10 -8.37395e-10 0.000139986)
(1.72617e-09 -2.53129e-09 0.000137785)
(1.15185e-11 -2.23144e-09 0.000129499)
(1.09593e-09 6.14924e-09 0.000104706)
(1.97574e-09 2.93327e-09 4.90242e-05)
(-5.64639e-10 6.55386e-10 5.53208e-05)
(9.77098e-10 2.9879e-09 0.000113183)
(1.1042e-09 -1.174e-09 0.000134662)
(-6.28831e-10 -6.5445e-10 0.000140171)
(-1.01713e-10 -8.24963e-10 0.000141241)
(4.39177e-10 -6.33787e-10 0.000141241)
(3.31088e-10 -4.10596e-10 0.000140172)
(-1.46534e-09 -1.37346e-10 0.000134662)
(-2.07309e-09 3.2779e-09 0.000113183)
(-5.29585e-10 2.35336e-09 5.53216e-05)
(-1.87577e-10 1.32935e-11 5.53206e-05)
(7.64785e-10 2.3187e-09 0.000113182)
(9.1508e-10 1.11918e-09 0.000134662)
(-6.42363e-11 6.73913e-10 0.000140172)
(-4.94466e-10 -6.28508e-10 0.000141241)
(4.59164e-10 -4.05887e-10 0.000141241)
(3.56549e-10 1.17232e-09 0.000140172)
(-1.04961e-09 1.69159e-09 0.000134662)
(-2.12443e-09 2.82179e-09 0.000113183)
(-1.16473e-09 3.32064e-10 5.53214e-05)
(2.53147e-10 3.24086e-10 4.90225e-05)
(-2.83685e-09 1.89263e-10 0.000104705)
(-2.53043e-09 1.39977e-09 0.000129499)
(4.67773e-10 9.2711e-10 0.000137785)
(-8.82733e-11 -1.93106e-09 0.000139986)
(5.48214e-10 -1.52269e-09 0.000139986)
(-4.08497e-10 3.04126e-09 0.000137785)
(2.08544e-09 3.72714e-09 0.000129499)
(2.17795e-09 1.28831e-09 0.000104706)
(-3.13401e-10 3.23706e-10 4.90239e-05)
(4.8456e-09 1.10706e-09 3.75027e-05)
(3.24667e-09 3.88253e-09 8.60474e-05)
(-2.04204e-09 1.30135e-09 0.000114544)
(-6.18757e-11 8.0891e-10 0.000128147)
(-2.72023e-09 -1.65428e-09 0.000133194)
(-2.18874e-09 -2.31294e-09 0.000133195)
(-4.99285e-09 1.36592e-09 0.000128147)
(-3.03366e-10 2.83866e-09 0.000114544)
(-4.80179e-09 6.3874e-09 8.60485e-05)
(-5.69785e-09 2.77989e-09 3.75044e-05)
(-2.90789e-09 -7.24247e-09 2.28712e-05)
(9.56273e-09 1.41497e-08 5.70464e-05)
(5.44023e-09 5.76418e-09 8.2997e-05)
(2.69714e-09 1.82554e-09 9.98729e-05)
(-4.70463e-10 -2.73163e-09 0.000107882)
(-1.747e-09 -2.6403e-09 0.000107882)
(-5.43572e-09 1.72696e-09 9.98719e-05)
(-9.68098e-09 5.31597e-09 8.29958e-05)
(-1.15352e-08 1.25442e-08 5.70457e-05)
(3.73026e-09 -9.2415e-09 2.2872e-05)
(-1.41058e-08 -1.05593e-08 8.6449e-06)
(3.36814e-09 8.00023e-09 2.1667e-05)
(1.03955e-08 4.57827e-09 3.47434e-05)
(6.48832e-09 2.38379e-09 4.47488e-05)
(4.77907e-09 -1.44413e-09 5.00847e-05)
(-2.20706e-09 -9.49598e-10 5.00851e-05)
(-1.24354e-09 2.52544e-09 4.4749e-05)
(-4.95627e-09 3.22032e-09 3.47437e-05)
(1.19343e-09 4.19215e-09 2.16674e-05)
(1.83412e-08 -1.48569e-08 8.64504e-06)
(-1.31739e-08 9.53532e-09 8.6449e-06)
(-9.66374e-09 2.58633e-09 2.16668e-05)
(-5.36778e-09 2.30544e-09 3.47439e-05)
(-7.25249e-09 9.75715e-10 4.47501e-05)
(-2.75267e-09 -1.87202e-09 5.00869e-05)
(-6.54974e-10 -1.90266e-09 5.00865e-05)
(3.10597e-09 5.56655e-11 4.47494e-05)
(2.46753e-09 3.6365e-10 3.47441e-05)
(6.12104e-09 2.27691e-10 2.16666e-05)
(1.03002e-08 8.09398e-09 8.64495e-06)
(-6.83446e-09 1.12833e-08 2.28716e-05)
(-4.91604e-09 2.18357e-09 5.70441e-05)
(-4.32154e-09 5.09006e-10 8.2996e-05)
(-6.09722e-10 -1.73487e-09 9.98732e-05)
(-2.39132e-10 -4.16085e-09 0.000107884)
(-2.16328e-10 -3.96721e-09 0.000107883)
(1.16939e-09 -8.20975e-10 9.98724e-05)
(3.49165e-09 2.61526e-11 8.29954e-05)
(2.02809e-09 -1.86459e-09 5.70432e-05)
(6.43549e-09 9.84172e-09 2.28712e-05)
(-3.35047e-09 9.39121e-09 3.7504e-05)
(-5.43823e-11 1.4568e-09 8.60468e-05)
(-1.30875e-09 -7.48405e-10 0.000114542)
(2.18185e-10 -2.91604e-09 0.000128146)
(-2.8712e-10 -2.83533e-09 0.000133194)
(-1.71458e-09 -3.17672e-09 0.000133194)
(-1.91474e-09 -3.10916e-09 0.000128145)
(-8.36708e-11 -1.68767e-09 0.000114542)
(-1.39067e-09 -1.4298e-09 8.60472e-05)
(2.38261e-09 7.19876e-09 3.75043e-05)
(1.02864e-09 6.19291e-09 4.90235e-05)
(5.15574e-09 3.85831e-10 0.000104706)
(3.9635e-09 2.54713e-12 0.000129497)
(3.10761e-09 -1.90874e-09 0.000137784)
(1.18503e-09 -1.89819e-09 0.000139985)
(-3.00892e-10 -2.07006e-09 0.000139985)
(-2.23115e-09 -3.35675e-09 0.000137784)
(-3.91248e-09 -2.83932e-09 0.000129497)
(-5.21839e-09 -1.1847e-09 0.000104707)
(-1.295e-09 5.21787e-09 4.90235e-05)
(5.88083e-10 2.47214e-10 5.53212e-05)
(1.46247e-09 5.32372e-10 0.000113184)
(1.0874e-09 5.74786e-10 0.000134661)
(1.16201e-09 -9.72287e-10 0.000140171)
(6.90917e-10 -6.15121e-10 0.000141241)
(4.30708e-10 -7.40962e-10 0.000141241)
(-4.97077e-10 -1.06588e-09 0.000140172)
(-1.10223e-09 -9.39261e-10 0.000134662)
(-2.35499e-09 -4.81786e-10 0.000113183)
(-1.34652e-09 4.24021e-10 5.53213e-05)
(1.3696e-09 2.71717e-09 5.53212e-05)
(1.63907e-09 1.93853e-09 0.000113183)
(8.10006e-10 1.24776e-10 0.000134661)
(1.16728e-09 -1.7756e-09 0.000140172)
(3.60332e-10 -1.09845e-09 0.000141241)
(-1.60341e-10 -1.08462e-09 0.000141241)
(-5.2838e-10 -1.32288e-09 0.000140172)
(-9.01098e-10 -1.11168e-09 0.000134661)
(-2.69941e-09 -9.05342e-11 0.000113183)
(-1.6752e-09 8.18509e-10 5.5321e-05)
(3.48077e-09 -1.22249e-09 4.90228e-05)
(4.24639e-09 1.44186e-09 0.000104705)
(1.5802e-09 8.71982e-10 0.000129497)
(2.68929e-09 -1.11846e-09 0.000137784)
(1.04733e-09 -1.2587e-10 0.000139986)
(6.9189e-10 -1.44545e-10 0.000139986)
(-8.83394e-10 -6.20554e-11 0.000137784)
(-7.47666e-10 9.04691e-10 0.000129498)
(-3.07308e-09 -9.21947e-11 0.000104706)
(-1.80077e-09 -3.51487e-09 4.90236e-05)
(1.66933e-09 -3.05527e-09 3.7503e-05)
(1.68308e-09 3.72938e-09 8.60463e-05)
(-2.95751e-09 -6.55955e-10 0.000114543)
(4.63272e-10 -1.56147e-09 0.000128146)
(-1.9922e-10 8.36814e-10 0.000133195)
(9.14482e-10 6.52248e-10 0.000133196)
(9.49398e-10 -1.29612e-09 0.000128147)
(3.5386e-09 -4.01404e-10 0.000114543)
(-9.70444e-11 1.58817e-09 8.60474e-05)
(5.0138e-10 -5.50172e-09 3.7504e-05)
(-4.49614e-09 -8.78953e-09 2.28705e-05)
(2.64402e-09 5.29255e-09 5.70441e-05)
(1.16422e-09 1.01883e-09 8.29972e-05)
(-2.2368e-10 -2.73218e-09 9.98745e-05)
(4.67507e-10 7.56658e-10 0.000107885)
(1.53141e-09 4.36413e-10 0.000107885)
(1.70187e-09 -2.12286e-09 9.98745e-05)
(9.22979e-10 1.72795e-09 8.29971e-05)
(6.32345e-10 3.54164e-09 5.70441e-05)
(7.47338e-09 -1.08935e-08 2.28708e-05)
(-1.45025e-08 -1.12665e-08 8.64433e-06)
(-5.27668e-09 3.48499e-11 2.16668e-05)
(1.14179e-09 1.15749e-09 3.47443e-05)
(-4.44778e-09 -1.2304e-09 4.4751e-05)
(-1.13501e-09 6.02317e-10 5.00874e-05)
(-1.03685e-10 1.15691e-10 5.00874e-05)
(2.14689e-09 -1.99653e-10 4.47509e-05)
(-1.91236e-09 2.45838e-09 3.47447e-05)
(4.20476e-09 1.19331e-09 2.16675e-05)
(1.26939e-08 -9.79833e-09 8.64525e-06)
(-1.15857e-08 9.14063e-09 8.64503e-06)
(-2.38814e-09 -2.73621e-09 2.16677e-05)
(-1.87281e-09 1.45712e-09 3.47446e-05)
(-5.20827e-09 7.17483e-10 4.47498e-05)
(-8.08127e-10 -1.58666e-09 5.00863e-05)
(-1.09264e-09 -1.32438e-09 5.00861e-05)
(2.53872e-09 -4.94925e-10 4.47498e-05)
(-1.36163e-10 -9.06803e-10 3.47445e-05)
(4.26279e-09 -1.75779e-09 2.16671e-05)
(1.38417e-08 1.00187e-08 8.64489e-06)
(-5.85425e-09 1.06021e-08 2.28718e-05)
(2.9882e-10 -3.19749e-09 5.70454e-05)
(-1.24317e-09 7.82019e-10 8.29967e-05)
(-4.60162e-10 -7.13167e-11 9.98735e-05)
(-1.33401e-10 -4.27585e-09 0.000107885)
(2.53568e-10 -3.74799e-09 0.000107885)
(1.98353e-09 -4.96018e-10 9.98738e-05)
(2.91562e-09 -2.05184e-10 8.29966e-05)
(1.58104e-09 -2.41235e-09 5.70448e-05)
(7.53036e-09 1.11215e-08 2.28712e-05)
(-2.23436e-09 7.46288e-09 3.75041e-05)
(-2.72322e-10 -2.48984e-10 8.60476e-05)
(-1.36449e-09 -4.84642e-10 0.000114543)
(9.80722e-10 -2.25305e-09 0.000128147)
(-8.31365e-11 -3.60833e-09 0.000133195)
(-1.73039e-09 -3.94461e-09 0.000133195)
(-1.35462e-09 -2.64748e-09 0.000128146)
(1.51844e-09 -1.56229e-10 0.000114543)
(-5.0883e-10 -5.4022e-10 8.60476e-05)
(2.45517e-09 7.91741e-09 3.75042e-05)
(1.44898e-09 4.82141e-09 4.90233e-05)
(4.46868e-09 -4.88137e-10 0.000104705)
(3.18266e-09 -6.36607e-10 0.000129498)
(3.26295e-09 -1.83126e-09 0.000137784)
(8.68731e-10 -1.63994e-09 0.000139986)
(-5.27569e-10 -1.57815e-09 0.000139986)
(-2.33688e-09 -2.09453e-09 0.000137784)
(-2.98533e-09 -7.32117e-10 0.000129498)
(-4.42388e-09 -2.07748e-10 0.000104705)
(-1.37745e-09 4.93558e-09 4.90232e-05)
(1.16666e-09 -8.99478e-10 5.53214e-05)
(1.31401e-09 -9.17037e-10 0.000113183)
(7.8715e-10 8.42648e-10 0.000134662)
(1.1729e-09 1.56625e-10 0.000140171)
(6.71418e-10 3.63013e-11 0.000141241)
(8.02435e-10 2.21467e-10 0.000141241)
(-3.879e-10 -5.761e-11 0.000140172)
(-4.75406e-10 1.37514e-09 0.000134662)
(-1.73689e-09 5.04745e-10 0.000113183)
(-1.20988e-09 -1.90316e-10 5.53213e-05)
(1.22401e-09 2.72423e-09 5.53211e-05)
(1.39266e-09 -5.59992e-10 0.000113183)
(6.84675e-10 -4.05449e-10 0.000134661)
(7.66335e-10 -7.81928e-10 0.000140171)
(5.11673e-10 -5.42401e-10 0.000141241)
(4.63933e-10 -9.9794e-10 0.000141241)
(-3.51335e-10 -1.81421e-09 0.000140172)
(-2.56884e-10 -1.60117e-10 0.000134662)
(-1.7377e-09 5.25127e-10 0.000113183)
(-1.35975e-09 1.00789e-09 5.53216e-05)
(2.55041e-09 -2.84929e-09 4.90229e-05)
(3.61874e-09 -1.79881e-09 0.000104706)
(1.51621e-09 1.33464e-10 0.000129499)
(2.63997e-09 5.33644e-10 0.000137785)
(9.92088e-10 3.40441e-10 0.000139986)
(4.36242e-10 6.40103e-10 0.000139986)
(-1.14607e-09 1.85463e-11 0.000137785)
(1.30451e-10 1.4167e-09 0.000129499)
(-2.11104e-09 6.91942e-10 0.000104707)
(-2.07267e-09 -2.79134e-09 4.90237e-05)
(5.87994e-10 -4.94999e-09 3.75041e-05)
(1.36926e-09 2.02078e-09 8.60483e-05)
(-2.45129e-09 -8.16664e-11 0.000114544)
(7.70568e-10 -5.41071e-10 0.000128146)
(3.05206e-10 1.10976e-09 0.000133195)
(1.0135e-09 1.26985e-09 0.000133195)
(6.42842e-10 -5.88512e-10 0.000128146)
(3.81591e-09 -4.36697e-10 0.000114544)
(1.75061e-10 2.88775e-09 8.60485e-05)
(-2.53553e-10 -3.61554e-09 3.75045e-05)
(-7.15383e-09 -1.07725e-08 2.28716e-05)
(4.0086e-10 4.44566e-09 5.70454e-05)
(-1.91398e-10 -1.73308e-10 8.29964e-05)
(-1.00371e-10 -1.97471e-09 9.9873e-05)
(-1.68583e-10 1.48631e-09 0.000107883)
(1.32177e-10 1.01268e-09 0.000107883)
(1.18149e-09 -2.13424e-09 9.98729e-05)
(-5.17104e-10 1.10668e-09 8.29965e-05)
(-4.02206e-09 8.29034e-09 5.70454e-05)
(3.73854e-09 -6.75937e-09 2.28714e-05)
(-1.64874e-08 -1.25217e-08 8.64498e-06)
(-5.78688e-09 4.25959e-10 2.16674e-05)
(-1.65578e-09 -5.08503e-10 3.47439e-05)
(-5.80568e-09 -9.24215e-10 4.47488e-05)
(-2.54075e-09 1.14622e-09 5.00853e-05)
(-2.60992e-09 9.45821e-10 5.0085e-05)
(-8.79615e-10 2.80051e-10 4.47486e-05)
(-5.69314e-09 2.7237e-09 3.47436e-05)
(-2.30059e-10 5.18106e-09 2.16672e-05)
(1.57942e-08 -1.11605e-08 8.64522e-06)
(-1.70267e-08 1.37217e-08 8.64492e-06)
(-6.58522e-09 5.73128e-10 2.16674e-05)
(-4.75563e-09 2.51306e-09 3.47439e-05)
(-7.85374e-09 1.62698e-09 4.47495e-05)
(-2.44469e-09 -1.96062e-09 5.00856e-05)
(4.91804e-11 -1.82525e-09 5.00856e-05)
(5.20396e-09 4.50054e-10 4.47494e-05)
(1.85334e-09 4.61393e-10 3.47439e-05)
(5.83214e-09 -1.02487e-10 2.16674e-05)
(1.55539e-08 1.1406e-08 8.64501e-06)
(-7.84814e-09 1.23365e-08 2.28715e-05)
(-4.27087e-09 4.42362e-10 5.70448e-05)
(-4.60844e-09 2.31183e-09 8.29963e-05)
(-7.23314e-10 -1.96236e-10 9.98732e-05)
(1.39269e-09 -5.70135e-09 0.000107884)
(1.7051e-09 -5.28704e-09 0.000107884)
(4.09703e-09 -4.83694e-11 9.98736e-05)
(5.87442e-09 1.97667e-09 8.29966e-05)
(3.79958e-09 1.05448e-09 5.70451e-05)
(7.52637e-09 1.22687e-08 2.28718e-05)
(-2.80556e-09 8.56444e-09 3.7504e-05)
(-1.58066e-10 8.72266e-10 8.60478e-05)
(-1.18052e-09 5.56712e-10 0.000114543)
(6.85733e-10 -2.64098e-09 0.000128146)
(-2.29677e-10 -4.89156e-09 0.000133194)
(-1.36458e-09 -5.76537e-09 0.000133194)
(-2.17796e-09 -3.71242e-09 0.000128146)
(4.94617e-10 3.38494e-10 0.000114543)
(2.03311e-10 1.83561e-09 8.6048e-05)
(2.30929e-09 7.91566e-09 3.75042e-05)
(5.50078e-10 6.39276e-09 4.90236e-05)
(4.27149e-09 7.18127e-10 0.000104706)
(3.43694e-09 4.7379e-10 0.000129498)
(2.99033e-09 -1.82509e-09 0.000137784)
(8.13407e-10 -2.43438e-09 0.000139986)
(-2.03362e-10 -2.95865e-09 0.000139986)
(-2.58389e-09 -3.10307e-09 0.000137785)
(-3.21296e-09 -3.63161e-10 0.000129498)
(-4.14516e-09 -3.14714e-10 0.000104705)
(-1.15803e-09 5.40104e-09 4.90236e-05)
(6.80899e-10 3.94838e-10 5.53219e-05)
(1.67691e-09 -3.42099e-10 0.000113183)
(1.27567e-09 1.34886e-09 0.000134662)
(1.46978e-09 1.96456e-12 0.000140172)
(1.23318e-09 -4.29844e-10 0.000141241)
(1.09497e-09 -2.12269e-11 0.000141241)
(-3.42356e-10 -1.60793e-10 0.000140172)
(-6.6997e-10 1.27937e-09 0.000134662)
(-2.43851e-09 -2.26486e-10 0.000113183)
(-1.65535e-09 9.3631e-10 5.5321e-05)
(7.6646e-10 3.73523e-09 5.53215e-05)
(1.55403e-09 2.28233e-10 0.000113183)
(1.45612e-09 1.19298e-09 0.000134662)
(1.01577e-09 -9.88489e-10 0.000140171)
(5.16356e-10 -9.41506e-10 0.000141241)
(4.71806e-10 -9.99821e-10 0.000141241)
(-5.5455e-10 -1.57078e-09 0.000140171)
(-8.65482e-10 -4.45126e-10 0.000134662)
(-2.39497e-09 3.06244e-10 0.000113183)
(-1.69571e-09 1.69301e-09 5.53212e-05)
(2.8903e-09 -2.38942e-09 4.90237e-05)
(3.61377e-09 -6.76134e-10 0.000104707)
(1.91689e-09 1.77937e-09 0.000129499)
(3.08087e-09 8.65195e-10 0.000137784)
(1.06384e-09 3.50268e-10 0.000139985)
(9.05525e-10 8.13101e-10 0.000139986)
(-1.5886e-09 2.38248e-10 0.000137784)
(-6.21347e-10 1.89809e-09 0.000129499)
(-2.44747e-09 2.06204e-10 0.000104706)
(-2.19786e-09 -3.57414e-09 4.90231e-05)
(1.30533e-09 -3.34844e-09 3.75049e-05)
(1.10403e-09 2.68331e-09 8.60485e-05)
(-2.21606e-09 4.81889e-10 0.000114543)
(1.26025e-09 -5.48171e-10 0.000128146)
(5.07459e-10 7.90461e-10 0.000133194)
(1.97315e-09 1.18764e-09 0.000133195)
(1.69238e-09 -3.89742e-11 0.000128146)
(4.27347e-09 5.77258e-10 0.000114543)
(1.06601e-11 3.02262e-09 8.60481e-05)
(1.44478e-10 -4.8809e-09 3.75044e-05)
(-6.33229e-09 -1.00021e-08 2.2872e-05)
(3.17955e-09 5.97108e-09 5.70458e-05)
(2.47564e-09 5.31515e-10 8.29967e-05)
(1.63128e-10 -2.4162e-09 9.98728e-05)
(-5.69242e-10 1.31258e-09 0.000107883)
(2.93763e-10 7.84241e-10 0.000107883)
(9.79208e-10 -1.45861e-09 9.98734e-05)
(-1.02766e-10 2.41229e-09 8.2997e-05)
(-2.86517e-09 8.21187e-09 5.70454e-05)
(4.54528e-09 -7.71648e-09 2.28717e-05)
(-1.60115e-08 -1.29045e-08 8.6456e-06)
(-3.2004e-09 1.51615e-09 2.16681e-05)
(2.31786e-10 -4.2682e-11 3.47441e-05)
(-5.59211e-09 -6.70404e-10 4.47489e-05)
(-3.1604e-09 1.26023e-09 5.00853e-05)
(-2.72035e-09 1.22387e-09 5.00853e-05)
(-8.58761e-10 -8.73088e-12 4.47494e-05)
(-5.62237e-09 3.1401e-09 3.47444e-05)
(-7.86812e-10 4.40203e-09 2.16676e-05)
(9.65882e-09 -7.43727e-09 8.64522e-06)
(-1.50283e-08 1.25402e-08 8.64518e-06)
(-6.98231e-09 3.64425e-10 2.16671e-05)
(-4.13214e-09 2.20396e-09 3.47435e-05)
(-6.32218e-09 5.56248e-10 4.47485e-05)
(-2.57061e-09 -1.54365e-09 5.00845e-05)
(-1.17042e-09 -1.79048e-09 5.00847e-05)
(3.34421e-09 -1.05779e-09 4.47489e-05)
(2.70304e-09 -3.18365e-11 3.47437e-05)
(6.31789e-09 -8.6196e-10 2.16678e-05)
(1.6028e-08 1.30012e-08 8.64532e-06)
(-9.34025e-09 1.25174e-08 2.28714e-05)
(-2.91177e-09 -2.49673e-10 5.70449e-05)
(-1.84592e-09 1.02311e-09 8.29959e-05)
(-1.24001e-09 -1.45874e-10 9.98727e-05)
(-4.85801e-10 -3.98814e-09 0.000107883)
(7.66805e-10 -4.52753e-09 0.000107883)
(2.66221e-09 -1.77475e-09 9.98731e-05)
(4.08009e-09 -7.20526e-10 8.29968e-05)
(3.87587e-09 -5.87981e-10 5.7046e-05)
(9.04297e-09 1.35148e-08 2.28723e-05)
(-9.81181e-10 6.15198e-09 3.75039e-05)
(-3.40419e-10 5.03278e-10 8.60479e-05)
(-1.17121e-09 -9.69008e-10 0.000114543)
(2.22924e-09 -2.41592e-09 0.000128146)
(4.73798e-10 -3.3309e-09 0.000133194)
(-4.72019e-10 -4.35567e-09 0.000133194)
(-1.60261e-09 -3.5596e-09 0.000128146)
(8.03101e-11 -1.65346e-09 0.000114544)
(-1.17731e-09 9.48369e-10 8.60487e-05)
(8.76074e-10 7.58547e-09 3.75045e-05)
(1.41537e-09 5.18028e-09 4.90232e-05)
(4.51013e-09 -6.65566e-10 0.000104706)
(2.71802e-09 -5.48831e-10 0.000129499)
(3.04446e-09 -2.23777e-09 0.000137784)
(1.62881e-09 -1.66068e-09 0.000139986)
(-2.32526e-10 -1.98115e-09 0.000139986)
(-3.32395e-09 -2.9409e-09 0.000137785)
(-3.65808e-09 -1.30479e-09 0.000129499)
(-4.94567e-09 1.39197e-10 0.000104706)
(-2.06981e-09 4.73202e-09 4.90233e-05)
(1.34908e-09 -4.02363e-10 5.53212e-05)
(1.49327e-09 -5.18894e-10 0.000113183)
(2.39052e-10 5.62702e-10 0.000134662)
(6.92712e-10 -7.68503e-10 0.000140172)
(3.08348e-10 -3.32672e-11 0.000141241)
(4.8118e-10 -5.0207e-10 0.000141241)
(-2.75014e-10 -7.83748e-10 0.000140172)
(-6.00374e-10 8.85971e-10 0.000134662)
(-1.98257e-09 6.28556e-10 0.000113183)
(-1.15013e-09 -4.4522e-10 5.5321e-05)
(1.14914e-09 2.63035e-09 5.53213e-05)
(1.50256e-09 1.48953e-09 0.000113183)
(1.01522e-09 2.4294e-10 0.000134662)
(9.66249e-10 -2.23512e-09 0.000140172)
(-1.38049e-10 -1.32264e-09 0.000141241)
(-1.61964e-10 -1.61841e-09 0.000141241)
(-6.2925e-10 -1.80321e-09 0.000140171)
(-3.97482e-10 6.70589e-10 0.000134662)
(-1.67391e-09 1.40231e-09 0.000113183)
(-1.34502e-09 1.05663e-09 5.53206e-05)
(2.73485e-09 -2.70211e-09 4.90235e-05)
(3.90425e-09 3.85237e-10 0.000104706)
(2.23237e-09 1.25662e-09 0.000129499)
(3.28818e-09 -1.53498e-10 0.000137785)
(7.59409e-10 2.82169e-10 0.000139986)
(2.04613e-11 7.28972e-10 0.000139986)
(-2.12349e-09 5.71797e-10 0.000137784)
(-8.65303e-10 2.45288e-09 0.000129498)
(-2.95894e-09 1.45113e-09 0.000104705)
(-2.50842e-09 -3.08582e-09 4.90229e-05)
(1.30873e-09 -3.6013e-09 3.75046e-05)
(1.57635e-09 2.4479e-09 8.60481e-05)
(-1.645e-09 -2.86279e-10 0.000114544)
(1.81565e-09 -1.56275e-09 0.000128146)
(1.09274e-09 6.71816e-10 0.000133194)
(1.50603e-09 1.39187e-09 0.000133195)
(-6.7611e-11 8.68848e-11 0.000128146)
(2.62997e-09 1.07786e-09 0.000114543)
(-8.44397e-10 3.14549e-09 8.6048e-05)
(-6.9013e-10 -4.06949e-09 3.75044e-05)
(-3.12812e-09 -6.29892e-09 2.28716e-05)
(3.04008e-09 4.8715e-09 5.70451e-05)
(1.59924e-09 -5.6959e-10 8.2997e-05)
(9.93761e-10 -3.68923e-09 9.98735e-05)
(1.1048e-09 1.12121e-09 0.000107883)
(7.54396e-10 1.12128e-09 0.000107884)
(5.81867e-10 -9.23767e-10 9.9873e-05)
(-1.31404e-09 3.1925e-09 8.29966e-05)
(-2.76077e-09 6.95382e-09 5.7045e-05)
(5.04534e-09 -8.68241e-09 2.28717e-05)
(-9.46224e-09 -7.07755e-09 8.64558e-06)
(-2.78955e-09 5.47306e-10 2.16676e-05)
(9.23817e-10 -4.11863e-10 3.47437e-05)
(-4.27526e-09 -1.30215e-09 4.4749e-05)
(-1.96963e-09 1.67624e-09 5.00853e-05)
(-2.1315e-09 1.24673e-09 5.00852e-05)
(-4.88814e-10 4.73763e-10 4.47492e-05)
(-4.97757e-09 2.89208e-09 3.47443e-05)
(2.58305e-09 2.38784e-09 2.16674e-05)
(1.58575e-08 -1.19021e-08 8.64533e-06)
(-1.41002e-08 1.00603e-08 8.64536e-06)
(-7.58331e-09 4.96766e-10 2.16674e-05)
(-4.12058e-09 1.6023e-09 3.47442e-05)
(-5.99225e-09 1.81058e-10 4.4749e-05)
(-1.67616e-09 -1.54136e-09 5.00854e-05)
(-6.38187e-10 -1.00007e-09 5.00856e-05)
(2.02846e-09 -3.91977e-10 4.4749e-05)
(-1.24912e-09 -1.19461e-09 3.47437e-05)
(4.50869e-09 -1.811e-09 2.1667e-05)
(1.54162e-08 1.15568e-08 8.64519e-06)
(-8.1988e-09 1.13083e-08 2.28715e-05)
(-5.99742e-09 1.00513e-09 5.70451e-05)
(-4.58496e-09 6.57702e-10 8.29969e-05)
(-1.22376e-09 -1.72727e-09 9.98734e-05)
(-1.25286e-10 -3.21569e-09 0.000107884)
(5.80307e-10 -3.11779e-09 0.000107884)
(1.75978e-09 -1.78093e-10 9.98737e-05)
(3.08385e-09 -2.4526e-11 8.29966e-05)
(3.08245e-09 -1.8094e-09 5.70454e-05)
(7.82511e-09 1.12502e-08 2.28716e-05)
(-4.02705e-09 9.5726e-09 3.75039e-05)
(-1.95711e-09 2.39889e-09 8.60477e-05)
(-1.71374e-09 -1.34081e-09 0.000114544)
(1.78857e-11 -3.65814e-09 0.000128147)
(-1.31125e-09 -3.02702e-09 0.000133195)
(-1.30754e-09 -4.71058e-09 0.000133194)
(-1.17119e-09 -2.59427e-09 0.000128146)
(9.5067e-10 -8.45283e-10 0.000114544)
(9.28345e-10 1.11149e-09 8.60481e-05)
(3.11157e-09 8.47773e-09 3.75042e-05)
(1.17608e-09 6.92746e-09 4.90229e-05)
(5.04173e-09 1.02387e-09 0.000104706)
(3.79747e-09 -1.13857e-09 0.000129499)
(2.3061e-09 -2.60669e-09 0.000137785)
(-2.67819e-10 -1.82e-09 0.000139986)
(-4.66133e-10 -3.07152e-09 0.000139986)
(-2.00363e-09 -2.48131e-09 0.000137785)
(-3.06922e-09 -2.06977e-09 0.000129499)
(-4.30505e-09 -6.19902e-11 0.000104706)
(-8.58677e-10 6.52211e-09 4.9023e-05)
(1.04384e-09 7.4063e-10 5.53212e-05)
(1.81279e-09 3.08666e-10 0.000113183)
(1.15651e-09 4.08622e-10 0.000134662)
(1.20011e-09 -1.13517e-09 0.000140172)
(2.35713e-10 2.43493e-10 0.000141242)
(3.23339e-10 -3.7773e-10 0.000141241)
(-2.04811e-10 -1.22134e-10 0.000140172)
(-4.24022e-10 9.76805e-11 0.000134662)
(-2.05858e-09 5.16757e-10 0.000113183)
(-1.07925e-09 1.49962e-09 5.53213e-05)
(1.24245e-09 3.70856e-09 5.53214e-05)
(1.60798e-09 1.85898e-09 0.000113184)
(5.9929e-10 -2.55087e-10 0.000134662)
(9.71499e-10 -2.55382e-09 0.000140172)
(5.92622e-10 -1.3007e-09 0.000141241)
(7.58973e-12 -1.13136e-09 0.000141241)
(-4.52819e-10 -1.34108e-09 0.000140172)
(1.73124e-11 -2.3188e-10 0.000134662)
(-1.58915e-09 9.77224e-10 0.000113183)
(-1.32943e-09 1.75373e-09 5.5321e-05)
(2.72257e-09 -2.11937e-09 4.90236e-05)
(3.68263e-09 7.90966e-10 0.000104706)
(1.90608e-09 1.35173e-09 0.000129499)
(2.66438e-09 -1.19815e-11 0.000137785)
(5.99543e-10 4.75299e-10 0.000139986)
(1.17371e-09 5.41608e-10 0.000139986)
(-8.60159e-10 8.00533e-10 0.000137785)
(-5.09089e-10 2.17635e-09 0.000129499)
(-2.3682e-09 7.33891e-10 0.000104706)
(-1.98503e-09 -2.65151e-09 4.90235e-05)
(6.9769e-10 -3.92028e-09 3.75046e-05)
(6.75211e-10 2.6427e-09 8.60484e-05)
(-2.03726e-09 7.96957e-10 0.000114544)
(1.59065e-09 -2.68024e-10 0.000128146)
(5.83918e-10 8.54421e-10 0.000133194)
(1.11741e-09 1.50234e-09 0.000133194)
(5.05712e-10 6.64945e-11 0.000128147)
(3.12222e-09 8.81911e-10 0.000114544)
(-6.06336e-10 3.2148e-09 8.60482e-05)
(-3.56767e-10 -3.84054e-09 3.75045e-05)
(-5.45822e-09 -9.85782e-09 2.28717e-05)
(2.07941e-09 5.2364e-09 5.70451e-05)
(1.11712e-12 3.49333e-11 8.29963e-05)
(-4.52991e-10 -1.91694e-09 9.98732e-05)
(-8.25833e-11 6.91027e-10 0.000107884)
(-3.23613e-10 9.55127e-10 0.000107884)
(4.63078e-10 -9.07704e-10 9.98733e-05)
(-5.06999e-10 2.61679e-09 8.29964e-05)
(-3.17909e-09 7.40229e-09 5.70451e-05)
(4.4035e-09 -7.36836e-09 2.28716e-05)
(-1.49641e-08 -1.15102e-08 8.64519e-06)
(-4.96864e-09 1.18961e-09 2.16671e-05)
(-1.21624e-09 -5.37e-10 3.47437e-05)
(-5.6627e-09 -6.62854e-10 4.47491e-05)
(-3.01017e-09 1.15693e-09 5.00854e-05)
(-2.53501e-09 6.44054e-10 5.00851e-05)
(1.10308e-10 5.41233e-10 4.47492e-05)
(-3.77877e-09 2.46283e-09 3.47441e-05)
(1.42091e-09 3.15676e-09 2.16674e-05)
(1.20932e-08 -8.8985e-09 8.64534e-06)
(-1.49748e-08 1.17863e-08 8.64516e-06)
(-6.28877e-09 8.72779e-11 2.16675e-05)
(-2.74628e-09 7.7908e-10 3.47445e-05)
(-4.99981e-09 3.77607e-10 4.47499e-05)
(-8.03909e-10 -9.53872e-10 5.00863e-05)
(-9.02285e-10 -1.31368e-09 5.00863e-05)
(2.81449e-09 -3.53391e-10 4.47495e-05)
(1.03542e-09 -2.3254e-10 3.47444e-05)
(5.43737e-09 -2.7784e-10 2.16674e-05)
(1.47248e-08 1.08706e-08 8.645e-06)
(-6.90128e-09 1.08023e-08 2.28712e-05)
(-1.69773e-09 -1.33888e-09 5.7045e-05)
(-9.75303e-10 -1.3016e-09 8.2997e-05)
(-8.72175e-10 -7.40826e-10 9.9874e-05)
(-1.2295e-10 -2.93606e-09 0.000107884)
(2.27524e-09 -3.39723e-09 0.000107884)
(3.9833e-09 -1.09775e-09 9.98737e-05)
(4.7972e-09 8.74621e-11 8.29967e-05)
(3.83741e-09 -1.88273e-10 5.70451e-05)
(5.95446e-09 9.57399e-09 2.28714e-05)
(-2.61109e-09 7.91887e-09 3.75045e-05)
(-8.55273e-10 4.33662e-10 8.60482e-05)
(-1.9275e-09 -2.51035e-09 0.000114544)
(1.44766e-10 -2.81312e-09 0.000128147)
(1.36804e-10 -3.58414e-09 0.000133195)
(-6.85377e-10 -3.85155e-09 0.000133195)
(-1.03552e-09 -3.73352e-09 0.000128146)
(1.74747e-09 -7.57684e-10 0.000114543)
(4.01043e-10 7.84694e-10 8.60477e-05)
(1.92048e-09 7.19192e-09 3.75042e-05)
(1.07064e-09 7.12237e-09 4.90236e-05)
(4.16588e-09 4.00753e-11 0.000104706)
(2.84627e-09 -1.77467e-09 0.000129499)
(2.92874e-09 -2.28259e-09 0.000137785)
(1.12919e-09 -1.90734e-09 0.000139986)
(-1.96482e-11 -2.27836e-09 0.000139986)
(-2.93632e-09 -3.37489e-09 0.000137784)
(-3.43387e-09 -1.6773e-09 0.000129498)
(-4.22168e-09 3.49395e-10 0.000104705)
(-1.30957e-09 5.57562e-09 4.90234e-05)
(1.28936e-09 1.47023e-10 5.53219e-05)
(1.67146e-09 -3.83463e-10 0.000113183)
(2.46243e-10 1.70843e-10 0.000134662)
(9.42698e-10 -1.39757e-10 0.000140172)
(4.34919e-10 -3.61646e-10 0.000141241)
(-4.66174e-11 -4.2131e-10 0.000141241)
(-7.72378e-10 -5.4653e-10 0.000140172)
(-3.06505e-10 8.97556e-10 0.000134662)
(-1.82913e-09 8.1757e-10 0.000113183)
(-1.51998e-09 1.95906e-10 5.53215e-05)
(1.29372e-09 3.2977e-09 5.53218e-05)
(1.07043e-09 1.30399e-09 0.000113184)
(2.58609e-10 -2.43797e-10 0.000134662)
(5.77153e-10 -1.40042e-09 0.000140172)
(-1.45877e-10 -1.40922e-09 0.000141241)
(-4.62208e-12 -1.52484e-09 0.000141241)
(-3.47487e-10 -1.65221e-09 0.000140172)
(-6.19038e-10 -6.19449e-10 0.000134662)
(-2.52744e-09 1.44083e-09 0.000113183)
(-1.55656e-09 9.26425e-10 5.53216e-05)
(2.64841e-09 -2.38196e-09 4.90239e-05)
(3.63747e-09 1.18497e-09 0.000104706)
(1.77972e-09 1.67358e-09 0.000129499)
(2.99052e-09 1.10274e-10 0.000137785)
(7.47624e-10 5.47602e-10 0.000139986)
(5.42292e-10 5.03617e-10 0.000139986)
(-1.51206e-09 -1.11835e-10 0.000137785)
(-1.23248e-09 1.15939e-09 0.000129499)
(-2.95827e-09 1.6701e-09 0.000104706)
(-1.83338e-09 -2.85342e-09 4.90236e-05)
(4.87485e-10 -4.71831e-09 3.75055e-05)
(1.97954e-09 3.76467e-09 8.60486e-05)
(-1.12393e-09 8.67144e-10 0.000114543)
(1.82588e-09 -7.30256e-10 0.000128146)
(1.07347e-09 6.34215e-10 0.000133194)
(1.91833e-09 1.66835e-09 0.000133194)
(9.01693e-10 -2.34558e-10 0.000128146)
(2.37105e-09 5.41243e-10 0.000114544)
(-1.47626e-09 3.50437e-09 8.60484e-05)
(-7.66665e-10 -3.38142e-09 3.75042e-05)
(-4.99694e-09 -9.53117e-09 2.28725e-05)
(2.79206e-09 5.67157e-09 5.70461e-05)
(1.25843e-09 3.79188e-10 8.29969e-05)
(-6.78591e-11 -2.32209e-09 9.98729e-05)
(-9.27286e-11 9.90633e-10 0.000107883)
(1.11978e-09 1.41919e-09 0.000107884)
(1.80382e-09 -1.68404e-09 9.98731e-05)
(-1.00474e-09 2.34344e-09 8.29963e-05)
(-3.52324e-09 7.35415e-09 5.70452e-05)
(5.13922e-09 -8.30562e-09 2.28714e-05)
(-1.43872e-08 -1.08821e-08 8.64545e-06)
(-5.44549e-09 6.41633e-10 2.16676e-05)
(-8.30361e-10 -3.60731e-10 3.47444e-05)
(-5.30599e-09 -7.76109e-10 4.47492e-05)
(-2.88214e-09 1.27885e-09 5.00856e-05)
(-1.98956e-09 1.21182e-09 5.00852e-05)
(8.72503e-10 -1.46764e-10 4.4749e-05)
(-4.55775e-09 3.14121e-09 3.47437e-05)
(2.7616e-09 2.82634e-09 2.16672e-05)
(1.7085e-08 -1.24922e-08 8.64498e-06)
(-1.71887e-08 1.28275e-08 8.64542e-06)
(-6.34188e-09 -1.0239e-09 2.16673e-05)
(-2.92594e-09 1.2825e-09 3.47442e-05)
(-5.13907e-09 1.06543e-10 4.47496e-05)
(-5.78655e-10 -2.28883e-09 5.00858e-05)
(5.08008e-10 -1.61927e-09 5.00859e-05)
(4.33842e-09 5.40661e-10 4.47496e-05)
(9.74217e-10 -3.67712e-11 3.47442e-05)
(4.39038e-09 -7.73759e-10 2.16673e-05)
(1.28614e-08 9.98982e-09 8.6451e-06)
(-9.61297e-09 1.38982e-08 2.2872e-05)
(-4.33524e-09 -1.4629e-09 5.7046e-05)
(-2.55473e-09 -4.22727e-10 8.29968e-05)
(-6.68484e-10 -5.70991e-10 9.98739e-05)
(-5.39258e-11 -4.31759e-09 0.000107884)
(1.5597e-09 -2.46749e-09 0.000107884)
(3.72622e-09 7.36453e-10 9.98734e-05)
(4.15612e-09 3.10889e-10 8.29967e-05)
(3.22984e-09 -7.13955e-10 5.7045e-05)
(7.1335e-09 1.06585e-08 2.28716e-05)
(-3.52553e-09 1.01282e-08 3.75052e-05)
(-8.78242e-10 7.01654e-10 8.60485e-05)
(-1.7067e-09 -1.58732e-09 0.000114544)
(4.05355e-10 -2.32074e-09 0.000128147)
(3.15857e-10 -3.92985e-09 0.000133195)
(5.63977e-11 -3.36928e-09 0.000133194)
(-8.08912e-11 -2.4884e-09 0.000128146)
(2.05467e-09 -1.08503e-09 0.000114543)
(1.02581e-09 1.19439e-09 8.60483e-05)
(3.11714e-09 8.53857e-09 3.75048e-05)
(1.39054e-09 6.87969e-09 4.90237e-05)
(4.96754e-09 7.31211e-10 0.000104706)
(3.10985e-09 -1.3162e-09 0.000129499)
(2.98247e-09 -1.81782e-09 0.000137785)
(8.33404e-10 -2.37062e-09 0.000139986)
(-9.50303e-10 -1.86092e-09 0.000139986)
(-2.63494e-09 -2.2439e-09 0.000137784)
(-2.84e-09 -1.52077e-09 0.000129499)
(-4.20066e-09 5.95762e-11 0.000104707)
(-1.07946e-09 6.61939e-09 4.90236e-05)
(1.26724e-09 3.75436e-10 5.53217e-05)
(1.16911e-09 2.75452e-10 0.000113183)
(3.27353e-10 9.90481e-11 0.000134662)
(1.32146e-09 -4.86771e-10 0.000140172)
(3.85702e-10 1.70296e-10 0.000141241)
(4.70509e-12 9.63226e-10 0.000141241)
(-3.07285e-10 3.35301e-11 0.000140172)
(-3.43764e-10 6.86663e-10 0.000134662)
(-2.72049e-09 1.07027e-10 0.000113183)
(-1.64573e-09 9.42596e-10 5.53215e-05)
(1.33889e-09 3.56773e-09 5.53219e-05)
(1.30226e-09 1.27882e-09 0.000113184)
(2.08018e-10 -8.89351e-10 0.000134663)
(6.15309e-10 -2.35703e-09 0.000140172)
(1.79288e-11 -8.24226e-10 0.000141241)
(-2.38087e-11 -6.43569e-10 0.000141241)
(-3.21296e-10 -1.82639e-09 0.000140172)
(-4.89414e-10 1.26077e-10 0.000134662)
(-2.01273e-09 6.24953e-10 0.000113183)
(-1.37501e-09 1.54288e-09 5.53217e-05)
(2.75611e-09 -7.89347e-10 4.90234e-05)
(3.382e-09 1.35351e-09 0.000104706)
(1.71488e-09 5.22246e-10 0.000129499)
(2.65582e-09 -4.04605e-12 0.000137785)
(1.41116e-10 9.3882e-10 0.000139986)
(2.50305e-10 1.11365e-09 0.000139986)
(-1.6582e-09 -1.59825e-10 0.000137785)
(-9.87748e-10 2.11209e-09 0.000129499)
(-2.57938e-09 5.82588e-10 0.000104707)
(-2.12665e-09 -2.85264e-09 4.90237e-05)
(1.76599e-09 -2.45336e-09 3.75049e-05)
(2.3766e-09 3.90197e-09 8.60481e-05)
(-1.13272e-09 9.47611e-12 0.000114543)
(2.95591e-09 -8.6964e-10 0.000128146)
(1.74397e-09 1.49593e-09 0.000133195)
(1.34166e-09 1.48347e-09 0.000133195)
(5.42592e-10 -5.20129e-10 0.000128146)
(2.7916e-09 6.08735e-10 0.000114544)
(-4.73951e-10 3.25317e-09 8.60484e-05)
(-1.72338e-10 -4.05403e-09 3.75047e-05)
(-4.22861e-09 -7.51377e-09 2.28722e-05)
(3.81473e-09 5.63322e-09 5.70456e-05)
(2.51057e-09 -7.26083e-10 8.29968e-05)
(1.56779e-09 -3.4329e-09 9.98733e-05)
(1.8474e-09 1.81198e-09 0.000107884)
(1.0866e-09 1.82481e-09 0.000107884)
(5.76757e-10 -1.55815e-09 9.98731e-05)
(-9.39339e-10 2.35866e-09 8.29967e-05)
(-3.14977e-09 7.19282e-09 5.70455e-05)
(4.70308e-09 -8.16752e-09 2.28716e-05)
(-1.1603e-08 -9.16538e-09 8.64553e-06)
(-1.19447e-09 2.18654e-09 2.16676e-05)
(8.00356e-10 -4.19163e-10 3.47441e-05)
(-4.67881e-09 -1.46545e-09 4.47491e-05)
(-1.74007e-09 1.50685e-09 5.00857e-05)
(-1.26498e-09 1.68761e-09 5.00855e-05)
(8.55271e-10 -4.35548e-12 4.47491e-05)
(-4.04967e-09 2.49121e-09 3.4744e-05)
(1.43956e-09 2.81582e-09 2.16673e-05)
(1.24653e-08 -9.60166e-09 8.64492e-06)
(-1.45326e-08 1.08168e-08 8.64574e-06)
(-4.14086e-09 -3.52092e-10 2.16672e-05)
(-1.40151e-09 1.72638e-09 3.47437e-05)
(-5.85005e-09 5.3549e-10 4.47489e-05)
(-9.40632e-10 -2.18108e-09 5.00851e-05)
(-6.95496e-11 -1.49638e-09 5.00856e-05)
(3.12619e-09 4.12752e-10 4.47491e-05)
(-3.61172e-10 -1.51029e-10 3.4744e-05)
(2.27734e-09 -1.98364e-09 2.16676e-05)
(1.14504e-08 8.83144e-09 8.64554e-06)
(-7.24496e-09 1.12849e-08 2.28729e-05)
(-1.92243e-09 -1.21448e-09 5.7046e-05)
(-1.92366e-09 1.79134e-10 8.29961e-05)
(-2.57465e-10 -7.00006e-10 9.98732e-05)
(1.35458e-09 -3.86105e-09 0.000107883)
(1.86872e-09 -3.2342e-09 0.000107884)
(2.98675e-09 -2.21961e-10 9.98737e-05)
(3.79767e-09 4.2276e-10 8.29968e-05)
(2.64474e-09 -1.51405e-09 5.70452e-05)
(6.19628e-09 8.8676e-09 2.28716e-05)
(-3.2156e-09 9.14939e-09 3.75061e-05)
(-1.02857e-09 -1.02835e-10 8.60488e-05)
(-1.56287e-09 -2.78963e-09 0.000114543)
(1.06076e-09 -3.46509e-09 0.000128146)
(5.39726e-10 -3.75684e-09 0.000133194)
(-6.74656e-10 -3.5072e-09 0.000133194)
(-9.92205e-10 -2.44458e-09 0.000128146)
(1.44175e-09 -2.6206e-10 0.000114543)
(2.28819e-10 2.84847e-10 8.60485e-05)
(2.26374e-09 6.77196e-09 3.75051e-05)
(1.60562e-09 6.30111e-09 4.90239e-05)
(3.93238e-09 4.43884e-10 0.000104706)
(1.96486e-09 -1.84328e-09 0.000129499)
(1.52353e-09 -2.81979e-09 0.000137785)
(-4.78769e-10 -2.66751e-09 0.000139986)
(-1.33937e-09 -1.72149e-09 0.000139986)
(-3.21521e-09 -1.56026e-09 0.000137785)
(-3.51119e-09 -6.26486e-10 0.000129499)
(-4.97425e-09 -7.28354e-10 0.000104707)
(-1.67423e-09 4.38477e-09 4.90235e-05)
(1.31191e-09 2.96796e-10 5.53219e-05)
(1.32202e-09 -1.87216e-10 0.000113183)
(3.40268e-10 6.09919e-10 0.000134662)
(6.05693e-10 -5.17593e-10 0.000140172)
(1.39494e-10 -3.46951e-10 0.000141242)
(1.23694e-10 1.35308e-10 0.000141241)
(-1.24725e-09 2.44396e-10 0.000140172)
(-8.42938e-10 1.33119e-09 0.000134662)
(-1.93331e-09 -5.33587e-10 0.000113183)
(-1.26265e-09 -4.39696e-10 5.53215e-05)
(1.34225e-09 3.38727e-09 5.53217e-05)
(2.15309e-09 1.27496e-09 0.000113184)
(1.15107e-09 -3.87911e-11 0.000134663)
(2.84149e-10 -2.19366e-09 0.000140172)
(-1.43935e-10 -1.44956e-09 0.000141241)
(-2.44017e-10 -1.2162e-09 0.000141242)
(-1.31109e-09 -1.33231e-09 0.000140172)
(-1.39953e-09 5.30656e-10 0.000134662)
(-2.08344e-09 7.80976e-11 0.000113183)
(-1.19921e-09 1.64419e-09 5.53216e-05)
(2.73509e-09 -2.2079e-09 4.90233e-05)
(3.63289e-09 9.91744e-10 0.000104706)
(1.11015e-09 1.26656e-09 0.000129499)
(1.79407e-09 -1.05686e-10 0.000137785)
(4.35532e-10 2.03873e-10 0.000139986)
(-3.6742e-10 6.40848e-10 0.000139986)
(-2.31308e-09 -8.70449e-12 0.000137785)
(-6.58606e-10 2.00526e-09 0.000129499)
(-2.30984e-09 -3.66985e-10 0.000104706)
(-1.78898e-09 -2.83129e-09 4.90237e-05)
(9.91041e-10 -3.14671e-09 3.75045e-05)
(1.39749e-09 4.49115e-09 8.60481e-05)
(-2.69917e-09 7.68588e-10 0.000114543)
(1.22375e-09 -6.9284e-10 0.000128146)
(1.02321e-09 7.66501e-10 0.000133194)
(1.05627e-09 1.04815e-09 0.000133194)
(9.43085e-10 -9.66007e-10 0.000128146)
(3.71841e-09 -3.82319e-10 0.000114544)
(-5.1554e-10 1.59875e-09 8.60484e-05)
(-2.47351e-10 -4.51119e-09 3.75048e-05)
(-5.01517e-09 -8.57171e-09 2.28716e-05)
(3.3475e-09 6.68689e-09 5.70452e-05)
(1.35318e-09 2.09757e-10 8.29964e-05)
(1.46235e-09 -2.89237e-09 9.98733e-05)
(1.7516e-09 6.35692e-10 0.000107884)
(1.59116e-09 1.3931e-09 0.000107884)
(2.27042e-09 -2.4546e-09 9.98732e-05)
(3.93167e-10 1.55113e-09 8.29969e-05)
(-2.48293e-09 6.39939e-09 5.70455e-05)
(4.75925e-09 -8.7262e-09 2.28719e-05)
(-1.58868e-08 -1.16986e-08 8.64532e-06)
(-4.34739e-09 9.68078e-10 2.16677e-05)
(3.6232e-11 -7.21101e-10 3.4744e-05)
(-4.82712e-09 -1.27872e-09 4.47492e-05)
(-2.09346e-09 6.06804e-10 5.00857e-05)
(-2.05084e-09 1.38388e-09 5.00853e-05)
(1.61266e-10 -2.53802e-10 4.47493e-05)
(-4.90526e-09 2.95648e-09 3.47444e-05)
(-3.20864e-11 3.93354e-09 2.16678e-05)
(1.17057e-08 -9.09426e-09 8.64536e-06)
(-1.29306e-08 9.30597e-09 8.6457e-06)
(-4.67252e-09 -6.55214e-10 2.1668e-05)
(-3.20441e-09 2.15758e-09 3.47446e-05)
(-7.1717e-09 1.13244e-09 4.47497e-05)
(-1.16064e-09 -2.09375e-09 5.00861e-05)
(-1.04693e-09 -2.09335e-09 5.00857e-05)
(2.56472e-09 -1.24653e-10 4.47495e-05)
(2.42272e-09 4.51967e-10 3.47445e-05)
(5.74468e-09 -1.17627e-09 2.16683e-05)
(1.30987e-08 9.96084e-09 8.64586e-06)
(-5.41014e-09 9.69236e-09 2.28724e-05)
(-2.36389e-09 -1.4879e-09 5.70456e-05)
(-3.57954e-09 9.5124e-10 8.29966e-05)
(-4.95918e-10 -2.6153e-10 9.9874e-05)
(1.06433e-09 -4.72546e-09 0.000107884)
(1.96487e-09 -4.18269e-09 0.000107884)
(3.44213e-09 -8.71104e-10 9.9874e-05)
(4.32953e-09 5.06149e-10 8.2997e-05)
(2.84445e-09 -1.64729e-09 5.7046e-05)
(7.79799e-09 1.14554e-08 2.28723e-05)
(-2.13646e-09 7.10291e-09 3.75053e-05)
(-2.59271e-10 -9.71336e-10 8.60482e-05)
(-8.60505e-10 -1.98389e-09 0.000114543)
(2.02068e-09 -3.77948e-09 0.000128146)
(2.22551e-09 -4.75973e-09 0.000133194)
(2.30695e-09 -3.86869e-09 0.000133195)
(7.27452e-10 -3.03816e-09 0.000128147)
(2.00459e-09 -2.3983e-11 0.000114544)
(4.82168e-10 6.93047e-10 8.60487e-05)
(2.11923e-09 7.80886e-09 3.75049e-05)
(1.76286e-09 4.67403e-09 4.9024e-05)
(4.87535e-09 -8.02455e-10 0.000104706)
(3.20535e-09 -1.35022e-09 0.000129499)
(2.63402e-09 -3.29592e-09 0.000137785)
(2.73873e-10 -2.73035e-09 0.000139986)
(-1.71907e-09 -2.5029e-09 0.000139986)
(-4.04836e-09 -2.45377e-09 0.000137785)
(-3.20796e-09 -1.27854e-09 0.000129499)
(-3.68983e-09 -7.58647e-10 0.000104706)
(-8.31013e-10 5.41328e-09 4.90232e-05)
(7.81145e-10 1.13118e-10 5.53218e-05)
(6.15028e-10 9.283e-11 0.000113183)
(1.49385e-10 6.25083e-10 0.000134662)
(3.66924e-10 -6.03907e-10 0.000140172)
(-1.39516e-09 -1.08119e-09 0.000141241)
(-1.11604e-09 -5.77403e-10 0.000141241)
(-7.90997e-10 -1.02439e-09 0.000140172)
(-2.36209e-10 -9.31411e-11 0.000134662)
(-2.48462e-09 -1.12698e-09 0.000113183)
(-1.99153e-09 -1.21677e-10 5.53211e-05)
(1.42803e-09 3.18926e-09 5.53217e-05)
(1.07399e-09 1.83337e-09 0.000113183)
(-2.22691e-10 -5.73149e-10 0.000134662)
(-2.23616e-10 -2.00038e-09 0.000140172)
(-3.35989e-10 -2.0364e-09 0.000141242)
(-7.0819e-11 -1.47993e-09 0.000141242)
(-2.42181e-10 -2.69604e-09 0.000140172)
(1.76095e-10 -6.0872e-10 0.000134662)
(-2.09908e-09 6.41587e-10 0.000113183)
(-1.48127e-09 8.87112e-10 5.53215e-05)
(2.68116e-09 -2.52342e-09 4.90234e-05)
(3.24573e-09 6.67427e-10 0.000104706)
(8.61894e-10 8.27034e-10 0.000129499)
(1.86725e-09 1.01511e-10 0.000137785)
(1.20049e-10 -8.61439e-11 0.000139986)
(-7.97404e-11 3.9784e-10 0.000139986)
(-2.21628e-09 -8.78409e-10 0.000137785)
(-1.3117e-09 1.4853e-09 0.000129499)
(-2.79416e-09 1.66207e-09 0.000104706)
(-1.58429e-09 -3.73389e-09 4.90237e-05)
(9.808e-10 -4.28803e-09 3.75048e-05)
(1.42866e-09 2.99859e-09 8.60482e-05)
(-2.15307e-09 -4.25166e-11 0.000114543)
(1.1634e-09 -1.17074e-09 0.000128146)
(-3.10625e-13 3.23861e-10 0.000133195)
(9.89378e-10 8.05255e-10 0.000133194)
(8.94893e-11 -1.38154e-09 0.000128147)
(2.24248e-09 -1.53546e-10 0.000114544)
(-5.32782e-10 2.98126e-09 8.60482e-05)
(1.59302e-10 -4.57659e-09 3.75044e-05)
(-5.57268e-09 -8.45862e-09 2.28717e-05)
(3.00837e-09 6.18198e-09 5.70457e-05)
(1.52339e-09 -7.08557e-10 8.29965e-05)
(-2.67176e-11 -3.05444e-09 9.98736e-05)
(1.13725e-10 1.29516e-09 0.000107884)
(7.36642e-10 4.62821e-10 0.000107883)
(1.05552e-09 -2.31324e-09 9.98731e-05)
(-8.00758e-10 9.29582e-10 8.29965e-05)
(-2.55314e-09 6.70848e-09 5.70454e-05)
(4.713e-09 -7.22049e-09 2.2872e-05)
(-1.21544e-08 -9.23078e-09 8.64541e-06)
(-1.9708e-09 2.36762e-09 2.16676e-05)
(1.12342e-10 -7.07885e-10 3.47442e-05)
(-4.56454e-09 -7.63223e-10 4.47495e-05)
(-2.16519e-09 1.23037e-09 5.00857e-05)
(-1.90539e-09 9.15293e-10 5.00854e-05)
(6.05273e-10 4.67071e-11 4.47491e-05)
(-4.25809e-09 2.05121e-09 3.47441e-05)
(6.51755e-10 3.12207e-09 2.16676e-05)
(1.07983e-08 -8.21883e-09 8.64552e-06)
(-1.30184e-08 1.06912e-08 8.64585e-06)
(-6.15834e-09 6.04052e-10 2.16684e-05)
(-5.21777e-09 2.77468e-09 3.47451e-05)
(-6.95093e-09 1.27591e-09 4.47498e-05)
(-1.40184e-09 -2.34246e-09 5.00861e-05)
(-1.72067e-10 -1.39707e-09 5.00857e-05)
(2.99265e-09 6.86052e-11 4.47495e-05)
(2.61816e-10 -8.18079e-10 3.47441e-05)
(2.88781e-09 -3.65682e-09 2.16675e-05)
(1.04252e-08 7.70467e-09 8.64525e-06)
(-7.21492e-09 1.10593e-08 2.28721e-05)
(-3.93259e-09 2.93807e-10 5.70458e-05)
(-2.84524e-09 6.02191e-10 8.29976e-05)
(-3.96075e-10 -1.34373e-09 9.98742e-05)
(7.56145e-10 -4.75166e-09 0.000107884)
(2.49891e-09 -3.61326e-09 0.000107884)
(3.88791e-09 -5.64013e-11 9.98736e-05)
(5.15788e-09 6.10759e-10 8.29967e-05)
(2.95116e-09 -2.17944e-09 5.70456e-05)
(6.84345e-09 1.05399e-08 2.28719e-05)
(-1.39083e-09 6.34329e-09 3.75043e-05)
(-2.09381e-10 -4.29761e-11 8.60482e-05)
(-1.19063e-09 -2.11281e-09 0.000114544)
(1.77401e-09 -4.37165e-09 0.000128146)
(1.06468e-09 -3.76068e-09 0.000133195)
(-2.48829e-10 -4.35844e-09 0.000133194)
(-1.33664e-10 -2.86953e-09 0.000128147)
(3.25244e-09 7.37469e-10 0.000114543)
(2.1969e-09 2.59799e-09 8.60482e-05)
(3.27648e-09 8.61185e-09 3.75043e-05)
(9.11607e-10 5.37051e-09 4.90238e-05)
(3.95384e-09 4.81489e-11 0.000104706)
(3.24916e-09 -1.58402e-09 0.000129499)
(2.11056e-09 -2.66228e-09 0.000137785)
(-3.57709e-10 -1.94458e-09 0.000139986)
(-1.21737e-09 -2.38466e-09 0.000139986)
(-2.4491e-09 -2.65232e-09 0.000137785)
(-2.41754e-09 -2.4484e-10 0.000129499)
(-4.52665e-09 1.25137e-09 0.000104705)
(-1.45354e-09 5.64417e-09 4.90233e-05)
(1.26069e-09 3.67774e-10 5.53219e-05)
(1.59215e-09 4.92447e-10 0.000113183)
(8.99173e-10 4.08158e-10 0.000134662)
(6.27854e-10 -7.75451e-10 0.000140172)
(-4.28319e-11 -9.45108e-11 0.000141241)
(-2.25558e-10 -1.64355e-10 0.000141242)
(-1.11884e-09 -4.25873e-10 0.000140172)
(-2.82476e-10 1.2776e-09 0.000134662)
(-1.81624e-09 1.15343e-09 0.000113183)
(-1.15488e-09 7.54984e-10 5.53211e-05)
(1.29508e-09 2.87269e-09 5.53216e-05)
(1.89606e-09 9.53476e-10 0.000113183)
(9.43853e-10 -6.01061e-10 0.000134662)
(5.66621e-10 -1.56526e-09 0.000140172)
(2.19429e-10 -1.26496e-09 0.000141242)
(-2.76915e-10 -1.38185e-09 0.000141242)
(-1.14462e-09 -1.76897e-09 0.000140172)
(-5.53299e-10 4.57196e-10 0.000134662)
(-1.90936e-09 2.19174e-09 0.000113183)
(-1.31942e-09 2.04806e-09 5.53216e-05)
(2.85266e-09 -2.73015e-09 4.90233e-05)
(3.82243e-09 -8.47312e-11 0.000104706)
(1.57729e-09 6.5853e-10 0.0001295)
(2.25223e-09 4.35136e-10 0.000137785)
(9.34141e-10 7.2068e-10 0.000139986)
(5.12606e-10 5.77325e-10 0.000139986)
(-2.28101e-09 -3.74636e-12 0.000137785)
(-1.73181e-09 1.91542e-09 0.000129499)
(-3.30758e-09 2.14072e-09 0.000104706)
(-1.94024e-09 -2.20269e-09 4.90237e-05)
(1.0537e-09 -4.79181e-09 3.75044e-05)
(1.61382e-09 2.65487e-09 8.60481e-05)
(-1.71394e-09 8.25636e-10 0.000114544)
(2.19562e-09 -5.96277e-10 0.000128146)
(1.24977e-09 1.2569e-09 0.000133195)
(1.55369e-09 1.51833e-09 0.000133194)
(8.86712e-10 -4.26872e-10 0.000128146)
(2.73981e-09 6.53788e-10 0.000114544)
(-1.11585e-09 3.41801e-09 8.60486e-05)
(-1.02136e-09 -3.1081e-09 3.75048e-05)
(-5.22622e-09 -9.69754e-09 2.28718e-05)
(1.68369e-09 4.16315e-09 5.70453e-05)
(1.17062e-09 5.52392e-11 8.29967e-05)
(1.4188e-09 -2.56513e-09 9.98739e-05)
(9.29256e-10 1.80953e-09 0.000107884)
(7.98971e-10 1.53683e-09 0.000107884)
(1.20396e-09 -1.50245e-09 9.98734e-05)
(-1.43136e-09 3.05688e-09 8.29967e-05)
(-4.20421e-09 7.40042e-09 5.70455e-05)
(3.79121e-09 -7.84688e-09 2.2872e-05)
(-1.38613e-08 -1.01765e-08 8.6453e-06)
(-5.63888e-09 2.6362e-11 2.16673e-05)
(-8.34388e-10 -6.91402e-10 3.47441e-05)
(-5.1447e-09 -1.25816e-09 4.47494e-05)
(-2.06684e-09 1.69918e-09 5.00858e-05)
(-9.79189e-10 1.43486e-09 5.00859e-05)
(7.17135e-10 2.18277e-10 4.47496e-05)
(-4.66989e-09 3.08316e-09 3.47446e-05)
(2.05222e-09 2.76808e-09 2.16679e-05)
(1.38194e-08 -1.05098e-08 8.64555e-06)
(-1.99829e-08 1.51757e-08 8.64521e-06)
(-8.10925e-09 1.06508e-09 2.16676e-05)
(-4.60452e-09 2.21219e-09 3.47439e-05)
(-8.39845e-09 2.40548e-09 4.4748e-05)
(-2.01357e-09 -1.26197e-09 5.00835e-05)
(3.23301e-10 -1.59543e-09 5.00835e-05)
(3.9313e-09 2.73512e-10 4.47479e-05)
(2.48902e-09 1.31391e-09 3.47434e-05)
(5.70149e-09 -3.17511e-10 2.16674e-05)
(1.23733e-08 9.81832e-09 8.64509e-06)
(-7.38898e-09 1.23893e-08 2.28705e-05)
(-3.03428e-09 8.69884e-10 5.70454e-05)
(-3.69438e-09 1.36805e-09 8.29972e-05)
(-3.93424e-10 -5.25437e-10 9.9874e-05)
(1.1232e-09 -4.31971e-09 0.000107884)
(2.63346e-09 -3.42136e-09 0.000107883)
(5.75487e-09 3.44534e-10 9.98732e-05)
(6.80361e-09 2.89544e-09 8.29968e-05)
(2.922e-09 -2.30764e-10 5.7046e-05)
(6.32492e-09 1.08025e-08 2.28712e-05)
(-2.52328e-09 8.39667e-09 3.75043e-05)
(-6.79934e-10 2.17323e-09 8.60488e-05)
(-9.6492e-10 -6.70471e-11 0.000114544)
(1.56877e-09 -3.83869e-09 0.000128146)
(1.18225e-09 -4.04258e-09 0.000133194)
(7.05732e-10 -3.17883e-09 0.000133193)
(7.80867e-10 -2.15603e-09 0.000128146)
(3.20035e-09 8.31711e-10 0.000114544)
(1.42299e-09 1.28709e-09 8.60489e-05)
(3.38074e-09 8.70843e-09 3.75051e-05)
(1.6724e-09 5.70545e-09 4.90231e-05)
(5.03747e-09 1.13569e-09 0.000104706)
(4.13234e-09 -3.60595e-10 0.0001295)
(3.22393e-09 -2.45382e-09 0.000137785)
(8.53117e-10 -2.12421e-09 0.000139986)
(-1.28585e-09 -2.09e-09 0.000139986)
(-3.17167e-09 -2.13064e-09 0.000137785)
(-2.92572e-09 -1.18808e-09 0.0001295)
(-3.69841e-09 -2.14928e-10 0.000104706)
(5.09656e-11 6.16249e-09 4.90247e-05)
(9.4515e-10 -4.41607e-10 5.53223e-05)
(1.21457e-09 -9.22645e-11 0.000113183)
(4.77934e-10 3.5115e-10 0.000134663)
(6.59279e-10 -3.85684e-10 0.000140172)
(-1.92719e-10 2.76155e-11 0.000141242)
(-4.0174e-10 -2.72369e-10 0.000141242)
(-8.17767e-10 -1.85511e-10 0.000140172)
(-8.18435e-10 5.68381e-10 0.000134663)
(-2.60273e-09 9.45882e-11 0.000113183)
(-1.41747e-09 1.03475e-09 5.53224e-05)
(7.70454e-10 2.12294e-09 5.5322e-05)
(1.27317e-09 1.8151e-09 0.000113184)
(4.99048e-10 6.35719e-10 0.000134663)
(2.37977e-10 -1.16672e-09 0.000140172)
(-7.38445e-10 -7.77365e-10 0.000141242)
(-7.31458e-10 -1.40288e-09 0.000141241)
(-9.12939e-10 -1.68564e-09 0.000140172)
(-1.29205e-09 -9.63854e-11 0.000134663)
(-2.64314e-09 3.14918e-10 0.000113183)
(-1.44014e-09 1.15488e-09 5.53222e-05)
(2.85443e-09 -1.75437e-09 4.90233e-05)
(3.80914e-09 2.56298e-09 0.000104707)
(1.20262e-09 2.09141e-09 0.0001295)
(2.39099e-09 3.13692e-11 0.000137786)
(4.9806e-10 5.79457e-10 0.000139986)
(-5.42159e-10 -6.25204e-10 0.000139986)
(-2.44061e-09 -8.721e-10 0.000137785)
(-1.49107e-09 1.1983e-09 0.000129499)
(-2.46962e-09 -2.59765e-10 0.000104706)
(-1.30779e-09 -3.63006e-09 4.90245e-05)
(1.13808e-09 -3.84885e-09 3.75056e-05)
(1.06553e-09 4.90819e-09 8.60499e-05)
(-2.65325e-09 1.77828e-09 0.000114543)
(1.74915e-09 -2.48761e-10 0.000128145)
(9.92519e-10 1.25039e-09 0.000133193)
(1.65597e-09 5.34947e-10 0.000133193)
(1.27419e-09 -1.56098e-09 0.000128146)
(4.02308e-09 -8.29361e-10 0.000114544)
(6.69175e-10 8.56228e-10 8.60497e-05)
(3.07791e-10 -5.40711e-09 3.75055e-05)
(-6.78394e-09 -9.97558e-09 2.28721e-05)
(3.49048e-09 7.24797e-09 5.70452e-05)
(2.90447e-09 1.63561e-09 8.29956e-05)
(2.13028e-09 -2.64767e-09 9.9873e-05)
(2.81816e-09 1.39485e-09 0.000107883)
(2.85572e-09 7.9889e-10 0.000107883)
(3.33765e-09 -2.67069e-09 9.98724e-05)
(1.83385e-09 9.22422e-10 8.29962e-05)
(4.68082e-11 4.14655e-09 5.70459e-05)
(5.74131e-09 -9.4777e-09 2.2872e-05)
(-1.426e-08 -1.08037e-08 8.64536e-06)
(-2.37188e-09 2.08547e-09 2.16668e-05)
(8.37363e-10 -2.71669e-10 3.47431e-05)
(-4.68093e-09 -1.57844e-09 4.47475e-05)
(-1.47519e-09 1.16274e-09 5.00836e-05)
(-1.48346e-09 6.85885e-10 5.0084e-05)
(7.08934e-10 -6.0811e-10 4.47474e-05)
(-3.13758e-09 2.34578e-09 3.47429e-05)
(2.97796e-09 1.91222e-09 2.1667e-05)
(1.31802e-08 -1.03596e-08 8.64529e-06)
(-9.98791e-09 7.2569e-09 8.64486e-06)
(-6.22714e-09 -1.20755e-09 2.16669e-05)
(5.11963e-09 -6.01e-09 3.47435e-05)
(5.8138e-09 6.23033e-10 4.47484e-05)
(2.45374e-09 3.27501e-09 5.00844e-05)
(-2.07964e-09 3.47372e-09 5.00843e-05)
(-6.95902e-09 1.03645e-09 4.47485e-05)
(-6.24976e-09 -5.3974e-09 3.47432e-05)
(1.72416e-09 -3.87098e-09 2.16667e-05)
(6.40103e-09 4.70209e-09 8.64509e-06)
(-8.44578e-09 1.28962e-08 2.28716e-05)
(-9.40031e-09 2.37095e-09 5.70465e-05)
(-6.87571e-09 -1.02146e-08 8.29968e-05)
(-2.6691e-09 -2.15666e-09 9.98727e-05)
(-8.7506e-10 2.17604e-09 0.000107882)
(1.90005e-09 2.4536e-09 0.000107882)
(3.05855e-09 -8.53204e-10 9.98723e-05)
(6.82045e-09 -8.17826e-09 8.29967e-05)
(8.86582e-09 2.22173e-09 5.70461e-05)
(5.2064e-09 8.95406e-09 2.28717e-05)
(4.10033e-09 3.13325e-09 3.75047e-05)
(8.56345e-09 4.67752e-09 8.60485e-05)
(5.87651e-09 -6.93697e-09 0.000114544)
(3.20026e-09 -4.5169e-09 0.000128146)
(1.35283e-09 -1.80766e-09 0.000133193)
(2.57004e-09 -1.74533e-09 0.000133193)
(2.06656e-09 -4.78721e-09 0.000128146)
(7.79722e-10 -7.1373e-09 0.000114544)
(7.57404e-10 9.63619e-09 8.60499e-05)
(-4.86591e-10 5.97106e-09 3.75059e-05)
(2.91608e-09 -6.32867e-09 4.90233e-05)
(5.26288e-09 2.06541e-09 0.000104706)
(3.95193e-09 -1.27514e-09 0.0001295)
(5.77988e-10 7.80816e-10 0.000137785)
(4.786e-10 6.01392e-12 0.000139986)
(-5.37514e-10 2.71409e-10 0.000139986)
(-2.00126e-09 -1.75419e-09 0.000137785)
(-6.08903e-09 -3.86779e-09 0.0001295)
(-5.52523e-09 4.16504e-09 0.000104707)
(-7.20505e-10 1.12959e-09 4.90248e-05)
(4.01045e-11 -3.44989e-09 5.5321e-05)
(4.46979e-10 1.62332e-09 0.000113183)
(5.42271e-10 4.26756e-10 0.000134663)
(-6.15489e-10 9.91906e-10 0.000140172)
(-3.59194e-10 1.95509e-10 0.000141242)
(1.32739e-10 -4.94677e-11 0.000141242)
(6.07599e-10 2.37578e-10 0.000140172)
(-9.74379e-10 -3.97574e-10 0.000134663)
(-7.4544e-10 1.92147e-09 0.000113183)
(6.5655e-10 -1.49482e-11 5.53226e-05)
(-5.48914e-12 -3.46711e-09 5.53212e-05)
(8.59097e-11 1.52139e-09 0.000113182)
(-9.95433e-10 7.40347e-10 0.000134662)
(-1.20254e-09 2.01669e-10 0.000140172)
(-8.76991e-10 1.15168e-10 0.000141242)
(1.72087e-10 -5.80083e-10 0.000141242)
(1.68285e-10 -2.27564e-10 0.000140172)
(-1.09489e-09 -1.5798e-09 0.000134663)
(-8.02273e-10 2.10376e-09 0.000113183)
(1.28137e-10 2.72008e-09 5.53221e-05)
(6.41695e-10 -2.99679e-09 4.90228e-05)
(1.13166e-09 2.75385e-09 0.000104705)
(-7.18361e-10 2.37202e-09 0.0001295)
(1.5119e-10 6.74188e-10 0.000137785)
(-1.5385e-09 -5.89663e-10 0.000139986)
(-6.23771e-10 -6.16562e-10 0.000139986)
(-1.76964e-09 1.52677e-09 0.000137785)
(-2.46793e-09 1.12965e-09 0.0001295)
(-5.04622e-09 1.45672e-09 0.000104705)
(-3.35885e-09 1.13177e-09 4.9024e-05)
(9.80666e-10 -8.30192e-09 3.75042e-05)
(6.49714e-09 7.1536e-09 8.60481e-05)
(2.4739e-09 3.3812e-09 0.000114544)
(3.13988e-09 2.87024e-09 0.000128147)
(-4.77683e-11 5.02857e-10 0.000133194)
(7.57257e-10 3.71753e-10 0.000133194)
(-1.97156e-09 2.32175e-09 0.000128147)
(1.89648e-09 9.40835e-10 0.000114544)
(-1.5089e-09 3.56683e-09 8.60482e-05)
(-2.55378e-09 -2.69469e-09 3.75048e-05)
(-1.035e-08 -1.15169e-08 2.28719e-05)
(-9.87016e-10 1.09906e-08 5.70475e-05)
(-3.89924e-09 9.61591e-10 8.2997e-05)
(-3.00536e-09 2.76781e-10 9.98736e-05)
(-3.67547e-10 -1.38113e-09 0.000107883)
(-3.62893e-10 -1.52536e-09 0.000107883)
(3.86851e-10 -2.43492e-10 9.98733e-05)
(1.02599e-09 -5.18283e-10 8.29967e-05)
(-3.32469e-09 1.17325e-08 5.70468e-05)
(4.12851e-09 -4.61641e-09 2.28716e-05)
(-8.75549e-09 -5.71353e-09 8.64541e-06)
(3.55646e-09 6.99843e-09 2.16679e-05)
(7.43649e-09 1.17367e-09 3.47438e-05)
(1.97319e-09 -6.53609e-10 4.47492e-05)
(2.64583e-09 -1.90617e-09 5.0085e-05)
(-2.43941e-09 -1.7726e-09 5.0085e-05)
(-3.01233e-09 2.89339e-10 4.47485e-05)
(-7.4802e-09 1.40265e-09 3.4743e-05)
(-6.50982e-09 8.11418e-09 2.16672e-05)
(5.83029e-09 -4.21686e-09 8.64532e-06)
(-6.13338e-09 4.62482e-09 8.64512e-06)
(4.05891e-09 -5.6912e-09 2.16669e-05)
(1.80438e-10 4.19737e-09 3.47443e-05)
(-5.39978e-09 2.77795e-09 4.47501e-05)
(-1.64092e-09 -1.18771e-09 5.00871e-05)
(-1.40459e-09 -3.06987e-10 5.00872e-05)
(7.95782e-10 1.32574e-09 4.47503e-05)
(-3.5904e-09 1.17908e-09 3.47444e-05)
(-4.65287e-09 -6.62055e-09 2.16669e-05)
(7.16856e-09 4.78055e-09 8.64534e-06)
(-1.8254e-09 5.63135e-09 2.28719e-05)
(-2.44844e-09 -3.62564e-09 5.7044e-05)
(-1.98543e-09 1.22639e-09 8.29956e-05)
(2.9064e-09 2.27124e-09 9.98728e-05)
(6.22134e-10 -2.1807e-09 0.000107884)
(2.5934e-09 -8.21394e-10 0.000107884)
(-6.09998e-10 2.10763e-09 9.98729e-05)
(1.87455e-09 6.65884e-10 8.29964e-05)
(-1.10806e-09 -5.30547e-09 5.70446e-05)
(-1.3457e-09 1.52368e-09 2.28722e-05)
(-3.09073e-09 8.09014e-09 3.75046e-05)
(-4.37203e-09 2.22697e-09 8.60469e-05)
(-3.33353e-09 -4.78834e-09 0.000114542)
(6.61894e-10 -1.42573e-09 0.000128146)
(2.26187e-10 -1.0466e-09 0.000133195)
(-1.3928e-09 -1.18063e-09 0.000133195)
(-2.99105e-09 -1.96426e-09 0.000128146)
(3.7086e-11 -4.03497e-09 0.000114542)
(1.77246e-09 1.08596e-09 8.60478e-05)
(1.33107e-09 3.18951e-09 3.75048e-05)
(4.83433e-10 4.20009e-09 4.90242e-05)
(4.79548e-09 2.51636e-10 0.000104707)
(3.47083e-09 -2.54028e-09 0.000129498)
(1.29937e-09 -1.19337e-09 0.000137784)
(7.85249e-10 3.08562e-10 0.000139986)
(-7.61532e-10 -1.48413e-10 0.000139986)
(-1.54402e-09 -1.61708e-09 0.000137785)
(-3.63709e-09 -3.93426e-09 0.000129498)
(-3.312e-09 -8.16144e-10 0.000104707)
(4.57028e-10 3.29221e-09 4.90232e-05)
(3.02246e-10 -5.5337e-10 5.53212e-05)
(2.63708e-09 -1.05382e-09 0.000113183)
(1.81988e-09 -1.13395e-10 0.000134661)
(5.4258e-10 -2.7033e-10 0.000140172)
(6.71373e-10 1.23049e-09 0.000141241)
(6.80933e-10 1.0097e-09 0.000141242)
(1.33451e-09 -2.72733e-11 0.000140172)
(-1.06668e-09 -3.43159e-10 0.000134662)
(-1.83838e-09 -1.26959e-09 0.000113184)
(2.55688e-10 2.19594e-11 5.53209e-05)
(-4.89958e-10 4.44883e-10 5.53218e-05)
(2.03486e-09 -2.45731e-09 0.000113183)
(1.99178e-09 1.68113e-10 0.000134662)
(-2.43852e-10 -1.01328e-09 0.000140172)
(2.1615e-10 4.72582e-12 0.000141242)
(1.43116e-10 4.76192e-10 0.000141242)
(6.77364e-10 -1.1687e-10 0.000140172)
(-2.13186e-09 8.14382e-10 0.000134662)
(-2.02985e-09 -1.90608e-09 0.000113183)
(4.48829e-10 1.82367e-09 5.53208e-05)
(5.36317e-10 -4.9653e-09 4.90243e-05)
(4.89913e-09 -6.37734e-09 0.000104706)
(4.10405e-09 2.953e-09 0.000129498)
(7.62119e-11 1.68116e-09 0.000137784)
(-4.61329e-11 1.28331e-09 0.000139986)
(-3.35709e-10 1.4505e-09 0.000139986)
(-1.63735e-09 2.70688e-09 0.000137785)
(-4.40285e-09 4.28063e-09 0.000129499)
(-3.39993e-09 -5.44994e-09 0.000104705)
(-7.15751e-10 -3.50293e-10 4.90227e-05)
(-3.61942e-09 -9.81096e-09 3.75043e-05)
(-6.06684e-09 -1.21375e-08 8.60459e-05)
(-2.92843e-09 6.30828e-09 0.000114544)
(-6.43898e-10 3.70405e-09 0.000128147)
(-1.62182e-10 2.78162e-09 0.000133195)
(1.36797e-09 1.89128e-09 0.000133195)
(9.12437e-10 3.48742e-09 0.000128147)
(1.59712e-09 7.32107e-09 0.000114543)
(3.21039e-09 -9.56717e-09 8.60463e-05)
(6.05134e-10 -3.8761e-09 3.75043e-05)
(-6.82924e-09 -1.138e-08 2.28712e-05)
(-1.11502e-08 -8.77424e-09 5.70445e-05)
(-5.3584e-09 3.26635e-09 8.29968e-05)
(-3.32786e-10 2.44153e-10 9.98733e-05)
(-1.53513e-09 1.79674e-09 0.000107884)
(5.94107e-10 1.11893e-09 0.000107884)
(1.12936e-12 4.76588e-10 9.98742e-05)
(3.74039e-09 6.16197e-09 8.29978e-05)
(6.09261e-09 -3.56545e-09 5.70449e-05)
(2.50564e-09 -6.28455e-09 2.28714e-05)
(-1.09328e-08 -8.86696e-09 8.64494e-06)
(-1.02669e-08 -4.20483e-09 2.16678e-05)
(-6.76372e-09 -1.97489e-09 3.47445e-05)
(-5.21589e-09 -1.5305e-09 4.47503e-05)
(-2.96066e-09 6.05555e-10 5.00867e-05)
(-9.07288e-10 6.67441e-10 5.00865e-05)
(-2.54832e-10 -8.01949e-10 4.47502e-05)
(1.17826e-09 1.13625e-09 3.47448e-05)
(4.41223e-09 5.08637e-11 2.16676e-05)
(5.15673e-09 -3.91508e-09 8.64516e-06)
(-8.07104e-09 5.56744e-09 8.64532e-06)
(2.03053e-09 -3.9842e-09 2.16678e-05)
(1.96866e-09 1.19187e-09 3.47449e-05)
(-8.14005e-10 1.12922e-09 4.47497e-05)
(2.14667e-09 -6.86727e-10 5.00861e-05)
(7.33144e-10 -3.81729e-10 5.00862e-05)
(3.87367e-09 1.1035e-09 4.47495e-05)
(-4.23336e-11 4.19737e-10 3.4745e-05)
(4.39514e-09 -9.62021e-10 2.16677e-05)
(1.13562e-08 7.63802e-09 8.64553e-06)
(-1.60351e-09 3.40797e-09 2.28708e-05)
(1.01326e-09 -3.97487e-09 5.70443e-05)
(-4.13107e-09 2.10002e-09 8.29977e-05)
(-2.19724e-09 7.21477e-10 9.98742e-05)
(1.06322e-10 -2.2128e-09 0.000107884)
(4.56659e-10 -1.31291e-09 0.000107884)
(2.1987e-09 1.21291e-09 9.98737e-05)
(4.47472e-09 1.0846e-09 8.29976e-05)
(1.71685e-09 -1.63658e-09 5.70449e-05)
(4.80284e-09 8.15959e-09 2.28717e-05)
(2.05455e-09 7.89064e-11 3.75032e-05)
(7.23795e-10 -3.35819e-10 8.60463e-05)
(-2.34896e-09 1.21597e-09 0.000114543)
(-5.38082e-10 -1.82915e-09 0.000128147)
(-6.27631e-10 -2.83727e-09 0.000133195)
(7.73778e-10 -2.777e-09 0.000133195)
(6.26817e-10 -1.88176e-09 0.000128147)
(2.66023e-09 2.12203e-10 0.000114543)
(4.2889e-10 5.25253e-10 8.60465e-05)
(1.59027e-09 6.80136e-09 3.75037e-05)
(1.25401e-10 3.66653e-10 4.9023e-05)
(1.06882e-09 -1.04109e-09 0.000104706)
(1.74446e-09 1.00186e-09 0.000129498)
(1.50401e-09 -9.49047e-10 0.000137785)
(2.99685e-11 -1.25474e-09 0.000139986)
(-1.37247e-09 -1.67086e-09 0.000139986)
(-2.76377e-09 -2.26193e-09 0.000137785)
(-2.22972e-09 -1.24298e-09 0.000129498)
(-2.27755e-09 -4.97033e-10 0.000104706)
(1.00388e-10 4.12224e-09 4.90228e-05)
(1.22439e-10 9.42629e-10 5.53213e-05)
(-6.67813e-10 -4.14731e-10 0.000113184)
(-6.68593e-10 1.20481e-09 0.000134661)
(2.69314e-10 -4.66659e-10 0.000140173)
(4.31189e-10 2.62464e-11 0.000141242)
(3.74949e-10 -1.2306e-10 0.000141242)
(-4.36459e-12 -7.82196e-10 0.000140172)
(-1.84419e-10 5.78467e-11 0.000134661)
(-1.8671e-09 -1.29757e-09 0.000113183)
(-1.14963e-09 3.88496e-10 5.53209e-05)
(3.6069e-10 2.77702e-09 5.53216e-05)
(-2.92943e-10 1.56917e-09 0.000113184)
(5.09585e-11 3.7614e-10 0.000134661)
(2.62277e-10 -1.99044e-09 0.000140172)
(-2.63956e-10 -1.43537e-09 0.000141242)
(-3.49746e-10 -7.32838e-10 0.000141242)
(-2.07993e-10 -1.11277e-09 0.000140172)
(-1.23841e-09 1.22935e-09 0.000134661)
(-1.89554e-09 1.76518e-10 0.000113183)
(-5.48457e-10 7.30844e-10 5.53203e-05)
(2.17067e-09 4.09126e-09 4.90237e-05)
(2.31637e-09 1.95592e-09 0.000104707)
(2.14551e-09 5.69658e-10 0.000129499)
(1.96117e-09 -1.44561e-09 0.000137785)
(5.21368e-10 -4.69785e-10 0.000139986)
(-5.93663e-10 7.86209e-10 0.000139986)
(-2.18509e-09 6.62816e-10 0.000137785)
(-2.34557e-09 2.01312e-09 0.000129498)
(-2.7438e-09 -5.8653e-10 0.000104706)
(-9.93055e-10 -2.22064e-09 4.90225e-05)
(6.5438e-09 4.72842e-09 3.75045e-05)
(6.93446e-09 5.49948e-09 8.60475e-05)
(-3.79235e-10 -1.42243e-09 0.000114543)
(1.46755e-09 -1.24151e-09 0.000128146)
(1.01252e-09 6.69467e-10 0.000133195)
(6.11607e-10 1.61835e-09 0.000133195)
(1.46014e-10 7.9537e-10 0.000128147)
(2.75134e-09 6.06424e-10 0.000114544)
(-1.76862e-09 2.21896e-09 8.60478e-05)
(-1.51599e-09 -4.02999e-09 3.75047e-05)
(1.17479e-09 -1.85136e-09 2.28711e-05)
(6.78161e-09 9.78295e-09 5.70443e-05)
(-4.10163e-11 9.04007e-11 8.29964e-05)
(-2.14773e-10 -3.38416e-09 9.98728e-05)
(1.8205e-10 -6.99687e-10 0.000107884)
(8.86818e-10 1.02247e-10 0.000107884)
(1.12761e-10 -1.73272e-09 9.98737e-05)
(-2.39021e-11 1.80065e-09 8.29978e-05)
(-1.44686e-09 5.92618e-09 5.7045e-05)
(3.78387e-09 -6.77162e-09 2.2872e-05)
(-7.06105e-09 -5.56468e-09 8.64492e-06)
(3.90139e-09 5.4941e-09 2.16669e-05)
(6.85194e-09 2.80809e-09 3.47437e-05)
(1.22747e-09 -1.28759e-09 4.4749e-05)
(1.66195e-10 -6.20482e-10 5.00855e-05)
(-3.69792e-10 -3.73887e-10 5.00858e-05)
(-8.22626e-10 -1.09154e-09 4.47494e-05)
(-4.59982e-09 1.97408e-09 3.47445e-05)
(1.30257e-09 2.12295e-09 2.16674e-05)
(7.05013e-09 -4.85607e-09 8.64511e-06)
(-1.21837e-08 9.41235e-09 8.64525e-06)
(-3.17178e-09 -9.83286e-10 2.16675e-05)
(-4.12645e-09 3.7123e-09 3.47444e-05)
(-8.50348e-09 8.84643e-10 4.47503e-05)
(-9.37426e-10 -1.34684e-09 5.00862e-05)
(-3.14707e-09 -1.38388e-09 5.00861e-05)
(3.0603e-09 1.4314e-10 4.47495e-05)
(-3.57995e-09 7.73083e-10 3.47443e-05)
(-5.80155e-09 -7.74964e-09 2.16674e-05)
(9.03351e-09 5.88659e-09 8.6452e-06)
(-8.03097e-09 1.10283e-08 2.28715e-05)
(-3.99947e-09 -1.10107e-09 5.70445e-05)
(-4.55914e-09 5.68858e-09 8.29963e-05)
(-5.97944e-10 -1.77495e-09 9.98746e-05)
(6.31732e-10 -4.35864e-09 0.000107885)
(1.00098e-09 -3.33162e-09 0.000107885)
(2.24427e-09 1.53643e-10 9.98744e-05)
(3.01403e-09 4.30128e-09 8.29962e-05)
(-2.6011e-09 -7.26373e-09 5.70442e-05)
(2.81518e-09 4.61995e-09 2.28713e-05)
(-4.04708e-09 9.93204e-09 3.75044e-05)
(-4.76371e-09 3.31462e-09 8.60484e-05)
(-6.7636e-09 5.7222e-09 0.000114543)
(-1.68058e-09 -5.77781e-09 0.000128146)
(-1.23316e-09 -4.64562e-09 0.000133194)
(-1.62249e-09 -3.21523e-09 0.000133194)
(-2.54421e-09 -4.17677e-09 0.000128146)
(3.90756e-09 4.94621e-09 0.000114543)
(1.46389e-09 -8.69973e-10 8.60476e-05)
(2.86901e-10 3.00151e-09 3.75047e-05)
(1.51934e-09 6.01804e-09 4.90228e-05)
(3.45945e-09 2.02842e-09 0.000104706)
(2.07449e-09 4.20085e-09 0.000129499)
(2.46865e-09 -3.62304e-09 0.000137785)
(-4.8556e-10 -2.62389e-09 0.000139986)
(-1.04996e-09 -1.50182e-09 0.000139986)
(-4.18914e-09 -3.93439e-09 0.000137785)
(-2.57597e-09 1.96976e-09 0.000129499)
(-3.22426e-09 -2.28268e-09 0.000104706)
(-2.06861e-09 1.11943e-09 4.90231e-05)
(9.92688e-10 3.74639e-10 5.53212e-05)
(8.4157e-10 4.24551e-10 0.000113183)
(1.21741e-09 2.58868e-09 0.000134662)
(1.80285e-09 -6.61113e-10 0.000140172)
(-1.45096e-10 -4.11277e-10 0.000141242)
(5.08398e-10 -2.39059e-10 0.000141242)
(-1.18926e-09 -1.09227e-09 0.000140172)
(-5.05889e-10 9.82901e-10 0.000134662)
(-1.19977e-09 -1.96285e-09 0.000113183)
(-1.45648e-09 -1.29375e-09 5.53214e-05)
(1.26792e-09 4.56895e-10 5.53214e-05)
(2.31484e-09 5.87096e-10 0.000113183)
(2.02864e-09 6.28908e-10 0.000134661)
(1.46449e-09 -1.03714e-09 0.000140172)
(-1.22563e-10 1.41412e-10 0.000141241)
(-2.01666e-10 -2.88539e-10 0.000141242)
(-1.99851e-09 -1.06301e-09 0.000140172)
(-2.14105e-09 7.94235e-10 0.000134661)
(-2.68772e-09 -1.6024e-09 0.000113182)
(-1.47672e-09 -2.3624e-09 5.53208e-05)
(4.4174e-10 -5.75129e-09 4.90233e-05)
(3.6872e-09 -1.29202e-09 0.000104706)
(2.58102e-09 3.17536e-10 0.000129499)
(1.49517e-09 1.6595e-09 0.000137784)
(-3.53146e-11 2.37676e-09 0.000139986)
(-2.26637e-10 2.00496e-09 0.000139986)
(-1.39978e-09 1.59969e-09 0.000137785)
(-2.83275e-09 1.43759e-09 0.000129499)
(-3.99982e-09 -2.59086e-09 0.000104706)
(-6.45402e-10 -7.42769e-09 4.90229e-05)
(-5.89442e-09 -1.03802e-08 3.75054e-05)
(-6.26737e-09 -5.94032e-09 8.60485e-05)
(-4.03147e-09 2.59771e-09 0.000114543)
(-8.06981e-10 2.48268e-09 0.000128146)
(7.35417e-11 2.43187e-09 0.000133194)
(1.16327e-09 2.45606e-09 0.000133194)
(3.30008e-09 2.36711e-09 0.000128146)
(4.20326e-09 3.49371e-09 0.000114544)
(4.88381e-09 -5.63471e-09 8.60484e-05)
(4.96641e-09 -1.05334e-08 3.75049e-05)
(-6.01468e-09 -8.7506e-09 2.28719e-05)
(-7.22151e-09 -3.04881e-09 5.70437e-05)
(-3.16355e-09 9.8279e-10 8.29956e-05)
(1.01838e-10 -6.91692e-10 9.98737e-05)
(-1.50281e-10 1.72197e-09 0.000107884)
(1.34413e-09 1.1305e-09 0.000107884)
(1.82579e-09 -2.97097e-10 9.98745e-05)
(3.636e-09 4.37712e-09 8.29975e-05)
(6.94238e-09 -1.26115e-09 5.70446e-05)
(6.71745e-09 -9.49972e-09 2.28717e-05)
(-5.66615e-09 -4.50982e-09 8.64512e-06)
(-3.61011e-09 1.35212e-10 2.16671e-05)
(-3.66268e-09 -2.53212e-09 3.47445e-05)
(-4.12186e-09 -1.46711e-09 4.47501e-05)
(-2.01834e-09 9.04975e-10 5.00862e-05)
(-9.61478e-10 4.57823e-10 5.00863e-05)
(6.29003e-11 -5.94726e-10 4.47502e-05)
(-7.80345e-10 1.45775e-09 3.47449e-05)
(3.30952e-09 1.45642e-09 2.16676e-05)
(6.94884e-09 -5.37442e-09 8.64527e-06)
(-1.24136e-08 9.24962e-09 8.64536e-06)
(-6.04607e-09 5.95577e-10 2.16673e-05)
(-5.34761e-09 3.07492e-09 3.47435e-05)
(-7.07169e-09 1.92105e-09 4.47491e-05)
(-9.72166e-10 -3.59732e-10 5.0085e-05)
(-1.08712e-09 1.22264e-10 5.0085e-05)
(2.88343e-09 9.53692e-10 4.47494e-05)
(7.3522e-10 4.21957e-10 3.47438e-05)
(2.76785e-09 -2.98132e-09 2.16676e-05)
(1.12576e-08 8.02473e-09 8.64513e-06)
(-5.89175e-09 1.01321e-08 2.28722e-05)
(-4.58432e-09 1.41417e-09 5.70458e-05)
(-9.09867e-09 3.67829e-09 8.29958e-05)
(-5.55501e-09 -1.63125e-09 9.98729e-05)
(2.53165e-10 -4.77315e-09 0.000107883)
(4.64918e-09 -3.29822e-09 0.000107883)
(9.79761e-09 2.3901e-10 9.98731e-05)
(1.37201e-08 3.86092e-09 8.29957e-05)
(9.34057e-09 2.80105e-09 5.7046e-05)
(8.63171e-09 1.24148e-08 2.28723e-05)
(-2.31184e-10 5.79601e-09 3.75052e-05)
(4.84155e-09 -7.14438e-10 8.60488e-05)
(2.24198e-09 9.38236e-10 0.000114543)
(2.00846e-09 -3.95853e-09 0.000128146)
(1.03629e-09 -5.54525e-09 0.000133194)
(-1.79446e-10 -5.28668e-09 0.000133194)
(-1.15901e-09 -3.57916e-09 0.000128146)
(9.40125e-10 2.08561e-09 0.000114543)
(-2.96105e-10 4.34498e-09 8.60487e-05)
(2.43843e-09 9.23318e-09 3.75053e-05)
(-3.5878e-10 3.63235e-09 4.90233e-05)
(2.64108e-09 -1.57546e-09 0.000104706)
(3.62872e-09 4.08657e-10 0.0001295)
(3.34276e-09 -1.0068e-09 0.000137784)
(7.19217e-10 -1.65725e-09 0.000139986)
(-9.05997e-10 -2.15379e-09 0.000139985)
(-2.75471e-09 -2.64403e-09 0.000137784)
(-2.80305e-09 -7.91423e-10 0.0001295)
(-1.72535e-09 -8.19235e-10 0.000104706)
(1.28374e-09 5.5493e-09 4.90246e-05)
(1.44301e-09 1.34013e-09 5.53213e-05)
(1.60171e-09 -7.37923e-10 0.000113182)
(8.07982e-10 8.19191e-10 0.000134663)
(1.42859e-09 -7.91424e-10 0.000140171)
(4.02605e-10 -8.31786e-10 0.000141242)
(-1.81082e-11 -2.22055e-10 0.000141241)
(-7.31122e-10 -1.07671e-09 0.000140172)
(5.6939e-11 2.5921e-10 0.000134663)
(-1.91272e-09 -4.06246e-10 0.000113183)
(-1.44662e-09 2.35146e-09 5.5322e-05)
(1.36117e-09 2.50452e-09 5.53216e-05)
(3.23311e-10 1.89099e-09 0.000113183)
(-4.37735e-10 7.58445e-10 0.000134662)
(6.23342e-10 -1.98201e-09 0.000140172)
(6.04926e-10 -1.39133e-09 0.000141242)
(5.36649e-10 -5.68492e-10 0.000141242)
(1.14624e-10 -1.10023e-09 0.000140172)
(-2.81036e-10 9.21429e-10 0.000134663)
(-2.04006e-09 7.66032e-11 0.000113183)
(-9.70885e-10 1.7713e-10 5.53222e-05)
(8.92182e-10 2.935e-09 4.90234e-05)
(1.0245e-09 4.10704e-09 0.000104706)
(2.36214e-09 1.10166e-09 0.000129499)
(3.26139e-09 -2.22114e-09 0.000137785)
(1.28982e-09 -3.74803e-10 0.000139986)
(-4.33694e-10 6.6687e-10 0.000139986)
(-2.44483e-09 -7.12886e-10 0.000137785)
(-2.26242e-09 9.91158e-10 0.000129499)
(-1.72185e-09 4.67111e-10 0.000104706)
(-7.0503e-10 -8.59873e-10 4.90242e-05)
(6.63761e-09 7.00118e-09 3.7505e-05)
(9.02116e-09 7.83695e-09 8.60485e-05)
(4.14361e-09 -2.04468e-09 0.000114543)
(4.69365e-09 -1.3635e-09 0.000128146)
(2.67426e-09 2.16979e-09 0.000133194)
(4.57262e-10 3.52719e-09 0.000133194)
(-1.03293e-09 7.31175e-10 0.000128146)
(-1.68402e-10 -2.44393e-09 0.000114544)
(-3.77865e-09 4.61003e-10 8.60485e-05)
(-1.63431e-09 -2.5301e-09 3.75045e-05)
(2.13764e-09 -2.46555e-09 2.28726e-05)
(8.15054e-09 6.39001e-09 5.70462e-05)
(-6.25118e-10 -1.5508e-09 8.29966e-05)
(-2.15159e-09 -2.40701e-09 9.98736e-05)
(-5.5891e-10 1.95621e-09 0.000107884)
(1.09738e-09 2.30992e-09 0.000107883)
(4.09269e-09 -1.31858e-09 9.98735e-05)
(5.29333e-09 -1.5636e-09 8.29969e-05)
(3.98471e-13 3.97232e-09 5.7046e-05)
(4.82565e-09 -8.35938e-09 2.28716e-05)
(-1.08038e-08 -8.91381e-09 8.64595e-06)
(-1.0314e-09 1.22487e-09 2.1668e-05)
(1.92004e-09 1.19526e-09 3.47444e-05)
(-3.45365e-09 -1.48488e-09 4.47499e-05)
(-1.62868e-09 1.36019e-10 5.00858e-05)
(-7.39083e-10 -1.09077e-10 5.00855e-05)
(1.08862e-09 -1.32581e-09 4.47496e-05)
(-3.64294e-09 1.46748e-09 3.47443e-05)
(4.59066e-10 3.68423e-09 2.16677e-05)
(1.21511e-08 -9.18116e-09 8.64553e-06)
(-1.16535e-08 8.70191e-09 8.64543e-06)
(-2.89524e-09 -1.78682e-09 2.16674e-05)
(-2.98582e-09 4.15338e-09 3.47435e-05)
(-7.23009e-09 2.07553e-09 4.47481e-05)
(-1.93383e-09 -9.25012e-10 5.00842e-05)
(-1.58017e-09 -9.37618e-10 5.0084e-05)
(8.92348e-10 2.94293e-10 4.47481e-05)
(-3.86668e-09 1.16584e-09 3.47434e-05)
(-6.68447e-09 -6.81753e-09 2.16674e-05)
(4.55535e-09 3.49351e-09 8.64526e-06)
(-6.95765e-09 1.0712e-08 2.2872e-05)
(-5.40499e-09 -1.64421e-09 5.70462e-05)
(-2.65369e-09 5.09383e-10 8.29968e-05)
(3.14847e-09 -1.87982e-11 9.9872e-05)
(1.52869e-09 -3.46547e-09 0.000107882)
(1.25219e-09 -2.71129e-09 0.000107881)
(-1.27034e-09 1.23145e-09 9.98718e-05)
(1.15798e-09 1.77878e-09 8.29962e-05)
(-2.35334e-09 -6.20651e-09 5.70464e-05)
(-2.92622e-09 -1.08258e-09 2.28724e-05)
(-4.74335e-09 1.14275e-08 3.75048e-05)
(-4.51301e-09 4.64851e-09 8.6048e-05)
(-1.94254e-09 -5.07938e-09 0.000114544)
(1.7545e-09 -3.81024e-09 0.000128147)
(6.15497e-12 -3.11136e-09 0.000133194)
(-2.29019e-09 -2.42605e-09 0.000133194)
(-2.68085e-09 -1.71343e-09 0.000128146)
(1.59649e-09 -2.4078e-09 0.000114543)
(3.2681e-09 7.50278e-10 8.60486e-05)
(1.38967e-09 1.92399e-09 3.75047e-05)
(4.94114e-10 6.78606e-09 4.90234e-05)
(4.91804e-09 2.97161e-09 0.000104706)
(3.84944e-09 -2.55207e-09 0.000129499)
(2.08341e-09 -2.68429e-09 0.000137785)
(8.26251e-10 -1.01799e-09 0.000139986)
(-1.15671e-09 -6.15174e-10 0.000139985)
(-2.3487e-09 -2.19461e-09 0.000137785)
(-3.33987e-09 -3.60192e-09 0.000129499)
(-3.3807e-09 -1.23817e-09 0.000104707)
(-3.30742e-10 3.49946e-09 4.90243e-05)
(2.69497e-10 8.34628e-10 5.53217e-05)
(2.86883e-09 -5.23491e-10 0.000113183)
(2.45891e-09 2.48801e-10 0.000134662)
(8.35048e-10 -1.02172e-09 0.000140172)
(2.64636e-10 -1.31409e-10 0.000141242)
(2.38392e-10 8.27058e-10 0.000141241)
(5.70809e-10 3.34232e-10 0.000140172)
(-8.69939e-10 -3.68646e-10 0.000134663)
(-2.23759e-09 -1.58786e-09 0.000113184)
(-4.45575e-10 3.95463e-10 5.53223e-05)
(1.88115e-10 1.16671e-09 5.53215e-05)
(3.32236e-09 -2.5697e-09 0.000113183)
(3.68527e-09 2.35002e-10 0.000134662)
(9.8982e-10 -1.27697e-09 0.000140172)
(1.95987e-10 -3.54103e-10 0.000141242)
(-5.36885e-10 1.33719e-10 0.000141242)
(-1.99698e-10 -4.88608e-10 0.000140172)
(-1.96117e-09 9.47808e-10 0.000134663)
(-1.81511e-09 -2.32962e-09 0.000113184)
(3.18589e-10 1.52991e-09 5.5322e-05)
(9.33005e-11 -5.38855e-09 4.90233e-05)
(3.68189e-09 -8.74747e-09 0.000104705)
(4.14143e-09 2.33118e-09 0.000129499)
(1.33487e-09 1.04658e-09 0.000137785)
(5.7787e-10 1.49986e-09 0.000139986)
(-6.79107e-10 1.12057e-09 0.000139986)
(-1.30423e-09 9.89759e-10 0.000137785)
(-3.96812e-09 3.3015e-09 0.000129499)
(-3.32053e-09 -5.94076e-09 0.000104706)
(-6.00241e-10 -5.70011e-10 4.9024e-05)
(-4.11744e-09 -1.05523e-08 3.7504e-05)
(-6.93511e-09 -1.47348e-08 8.60478e-05)
(-2.9415e-09 5.68026e-09 0.000114545)
(-6.18235e-10 2.59677e-09 0.000128147)
(-5.95104e-10 2.31013e-09 0.000133194)
(1.62003e-10 2.28913e-09 0.000133194)
(4.44015e-10 2.78507e-09 0.000128147)
(9.38601e-10 6.82665e-09 0.000114544)
(2.7392e-09 -1.00852e-08 8.60481e-05)
(-3.2284e-11 -3.54872e-09 3.75046e-05)
(-7.83597e-09 -1.15328e-08 2.28718e-05)
(-1.27236e-08 -9.59156e-09 5.70468e-05)
(-5.45095e-09 3.15249e-09 8.29983e-05)
(2.81292e-10 9.77899e-10 9.98733e-05)
(-1.21486e-09 2.17188e-09 0.000107883)
(9.61129e-10 1.4764e-09 0.000107883)
(9.4205e-11 1.28293e-09 9.98725e-05)
(2.90232e-09 6.91024e-09 8.29971e-05)
(6.17276e-09 -3.91918e-09 5.70458e-05)
(3.49523e-09 -7.24323e-09 2.28718e-05)
(-1.04294e-08 -7.4955e-09 8.64539e-06)
(-1.15672e-08 -3.91262e-09 2.16675e-05)
(-6.73709e-09 -1.89969e-09 3.47437e-05)
(-4.35829e-09 -3.56306e-10 4.47487e-05)
(-3.71157e-09 9.46211e-10 5.00847e-05)
(-6.48539e-10 8.01556e-10 5.00848e-05)
(-1.50477e-09 4.02248e-10 4.47484e-05)
(-1.00164e-10 2.31889e-09 3.47438e-05)
(6.6655e-09 -4.19271e-10 2.16672e-05)
(8.54159e-09 -6.12441e-09 8.64517e-06)
(-7.65975e-09 5.13944e-09 8.64506e-06)
(-1.0039e-09 -2.46316e-09 2.16672e-05)
(2.54052e-09 -2.58896e-10 3.47448e-05)
(-1.54851e-09 9.22899e-10 4.47492e-05)
(6.34083e-10 -1.95223e-10 5.00859e-05)
(-2.55664e-11 -1.32061e-10 5.00856e-05)
(2.3527e-09 8.39251e-10 4.47494e-05)
(-1.61929e-09 -5.63169e-10 3.47452e-05)
(8.45442e-10 -2.0416e-09 2.1668e-05)
(8.69775e-09 6.07651e-09 8.64545e-06)
(-2.39158e-09 5.44563e-09 2.28711e-05)
(1.04989e-09 -3.45922e-09 5.70436e-05)
(-3.02004e-09 -9.16461e-11 8.29973e-05)
(-1.43507e-09 -3.23407e-11 9.98745e-05)
(5.3022e-10 -1.68946e-09 0.000107885)
(4.22764e-10 -1.15068e-09 0.000107884)
(1.34248e-09 7.62559e-11 9.98747e-05)
(3.33325e-09 -5.43496e-10 8.29986e-05)
(4.00097e-09 -4.54014e-10 5.70449e-05)
(6.42775e-09 8.44448e-09 2.28709e-05)
(1.1962e-09 1.42974e-09 3.75045e-05)
(1.2724e-09 -6.45852e-10 8.60477e-05)
(-1.63164e-09 3.89808e-10 0.000114543)
(7.28903e-12 -2.18737e-09 0.000128147)
(-5.56157e-10 -2.88079e-09 0.000133195)
(5.77301e-11 -2.73628e-09 0.000133194)
(3.64401e-11 -2.50636e-09 0.000128146)
(2.03179e-09 -1.02055e-09 0.000114543)
(1.34622e-09 1.05838e-09 8.60468e-05)
(2.52137e-09 7.52365e-09 3.75039e-05)
(9.78597e-10 3.68701e-10 4.90233e-05)
(3.01663e-09 -1.1603e-09 0.000104706)
(2.85925e-09 5.20734e-10 0.000129498)
(2.5258e-09 -1.28708e-09 0.000137785)
(5.72328e-10 -1.53605e-09 0.000139986)
(-1.1995e-09 -1.8358e-09 0.000139986)
(-2.74263e-09 -2.38337e-09 0.000137785)
(-2.79274e-09 -1.17012e-09 0.000129498)
(-2.81354e-09 -7.37038e-10 0.000104706)
(3.35615e-11 4.62647e-09 4.90227e-05)
(4.83542e-10 8.08173e-10 5.53222e-05)
(2.9142e-10 -1.02926e-09 0.000113184)
(5.91456e-10 2.22568e-10 0.000134661)
(1.38311e-09 -1.13041e-09 0.000140172)
(8.8906e-10 -3.55117e-10 0.000141242)
(1.17726e-10 -3.47055e-10 0.000141241)
(-2.8555e-10 -9.74402e-10 0.000140172)
(-6.04156e-10 9.04563e-11 0.000134661)
(-2.08152e-09 -7.36105e-10 0.000113183)
(-8.97838e-10 1.35198e-09 5.53217e-05)
(-1.66079e-10 2.30468e-09 5.53221e-05)
(-8.24345e-10 7.17091e-10 0.000113184)
(-3.53715e-10 2.56135e-10 0.000134662)
(-5.46289e-10 -1.99585e-09 0.000140172)
(-2.66686e-10 -2.36128e-10 0.000141241)
(3.56914e-11 -6.62192e-10 0.000141241)
(-4.96914e-10 -1.4234e-09 0.000140172)
(-1.22056e-09 1.24523e-09 0.000134661)
(-1.95433e-09 6.44759e-10 0.000113183)
(-8.82239e-10 1.0242e-09 5.53207e-05)
(1.85766e-09 4.21867e-09 4.90245e-05)
(1.85053e-09 2.1049e-09 0.000104707)
(1.24034e-09 5.34852e-10 0.000129499)
(1.2021e-09 -8.14003e-10 0.000137785)
(5.89021e-10 1.88532e-10 0.000139986)
(-3.49688e-10 -1.1111e-10 0.000139986)
(-1.61046e-09 -4.31193e-10 0.000137785)
(-1.64807e-09 1.8071e-09 0.000129499)
(-2.90482e-09 5.20829e-10 0.000104706)
(-1.54901e-09 -9.7075e-10 4.90227e-05)
(6.37148e-09 4.54029e-09 3.75053e-05)
(6.35116e-09 6.0968e-09 8.60471e-05)
(-8.38417e-10 -1.01202e-09 0.000114543)
(1.44765e-09 -3.84738e-10 0.000128145)
(1.3873e-09 6.52108e-10 0.000133194)
(1.32233e-09 5.66761e-10 0.000133194)
(2.79426e-10 -4.49924e-10 0.000128146)
(3.04152e-09 -2.5914e-11 0.000114543)
(-1.52874e-09 4.48371e-09 8.60476e-05)
(-1.54996e-09 -2.5875e-09 3.75049e-05)
(1.52598e-09 -2.21776e-09 2.28708e-05)
(8.62143e-09 1.15782e-08 5.70422e-05)
(2.16309e-09 1.79583e-09 8.29951e-05)
(6.99857e-10 -3.35774e-09 9.98733e-05)
(-1.29007e-10 -1.85933e-11 0.000107885)
(7.32011e-10 -4.9725e-11 0.000107885)
(1.01165e-09 -3.82171e-09 9.98739e-05)
(-9.14498e-10 1.86283e-09 8.29972e-05)
(-3.87804e-09 8.54654e-09 5.70443e-05)
(3.76593e-09 -6.24348e-09 2.28716e-05)
(-8.02616e-09 -5.75e-09 8.64445e-06)
(5.21291e-09 7.04097e-09 2.16668e-05)
(9.63605e-09 3.74144e-09 3.47441e-05)
(9.57603e-10 -2.29395e-09 4.47492e-05)
(-3.66497e-10 -6.54254e-10 5.00858e-05)
(6.19539e-10 -5.32657e-10 5.0086e-05)
(-4.45961e-10 -2.24897e-09 4.47493e-05)
(-6.87954e-09 2.71094e-09 3.47449e-05)
(-9.84594e-10 3.50725e-09 2.16676e-05)
(1.01674e-08 -7.48602e-09 8.64504e-06)
(-1.79512e-08 1.29014e-08 8.64521e-06)
(-1.63076e-09 -3.22097e-09 2.16673e-05)
(-2.06283e-09 4.54423e-09 3.47437e-05)
(-6.32652e-09 2.56861e-09 4.47487e-05)
(1.37288e-09 1.39767e-10 5.00852e-05)
(-1.86889e-09 -9.95054e-12 5.00847e-05)
(4.99089e-09 1.19947e-09 4.47485e-05)
(1.23715e-09 3.44452e-09 3.47432e-05)
(-1.93479e-09 -5.6389e-09 2.16664e-05)
(8.90046e-09 6.46915e-09 8.64481e-06)
(-8.15312e-09 1.23144e-08 2.28722e-05)
(-5.61428e-09 -5.67522e-10 5.70465e-05)
(-1.09191e-08 6.92062e-09 8.29967e-05)
(-4.69188e-09 -1.68729e-09 9.98736e-05)
(9.81126e-11 -4.00866e-09 0.000107883)
(2.50706e-09 -3.25901e-09 0.000107882)
(8.55703e-09 -6.3706e-10 9.98723e-05)
(1.33971e-08 8.34667e-09 8.29951e-05)
(6.36153e-09 -2.11721e-10 5.70455e-05)
(6.4906e-09 8.85365e-09 2.28715e-05)
(-1.82006e-09 8.88722e-09 3.75046e-05)
(4.58963e-11 1.92831e-09 8.60493e-05)
(-2.75852e-09 5.28899e-09 0.000114544)
(1.39983e-09 -6.67336e-09 0.000128146)
(-3.63264e-10 -5.73009e-09 0.000133194)
(-1.09237e-09 -4.60709e-09 0.000133193)
(-2.34092e-09 -4.84525e-09 0.000128145)
(2.03308e-09 8.03106e-09 0.000114543)
(-3.52932e-10 4.38986e-09 8.60486e-05)
(-2.02158e-10 4.88457e-09 3.75055e-05)
(4.39519e-11 5.02992e-09 4.90234e-05)
(2.35629e-09 1.20928e-10 0.000104706)
(2.97861e-09 3.64814e-09 0.000129499)
(3.78972e-09 -2.86537e-09 0.000137785)
(2.62534e-10 -1.72574e-09 0.000139986)
(-4.5173e-10 -1.80689e-09 0.000139986)
(-4.06854e-09 -2.43161e-09 0.000137785)
(-3.46576e-09 4.83707e-09 0.000129499)
(-1.43176e-09 -1.02086e-10 0.000104706)
(1.04681e-10 1.69381e-09 4.90243e-05)
(1.79623e-09 1.32894e-09 5.53212e-05)
(1.63111e-09 -4.91187e-10 0.000113182)
(1.42928e-09 8.45082e-10 0.000134662)
(2.56903e-09 -1.58159e-09 0.000140172)
(2.49088e-10 -1.64317e-11 0.000141241)
(6.00044e-10 8.60487e-11 0.000141241)
(-1.29156e-09 -4.38835e-10 0.000140172)
(-1.10247e-09 1.93983e-09 0.000134662)
(-1.59186e-09 -4.13054e-10 0.000113183)
(-1.4675e-09 5.46022e-10 5.53218e-05)
(1.10336e-09 -6.83282e-10 5.5321e-05)
(1.44967e-09 3.52632e-10 0.000113182)
(1.18075e-09 2.80459e-10 0.000134662)
(1.31612e-09 -1.32386e-09 0.000140172)
(-2.71916e-10 5.88286e-10 0.000141242)
(-2.44656e-10 9.41008e-10 0.000141242)
(-1.15912e-09 3.72884e-10 0.000140172)
(-1.95961e-09 1.09446e-09 0.000134663)
(-2.83386e-09 -1.27362e-09 0.000113183)
(-1.13782e-09 -2.9988e-09 5.53217e-05)
(-1.69979e-09 -3.18644e-09 4.90227e-05)
(1.01232e-09 1.0781e-09 0.000104705)
(2.99583e-09 1.05132e-10 0.0001295)
(1.77318e-09 3.20119e-10 0.000137785)
(4.35857e-10 1.72718e-09 0.000139986)
(-9.04769e-10 1.68056e-09 0.000139986)
(-2.46607e-09 1.67119e-09 0.000137785)
(-4.10106e-09 -7.19001e-10 0.0001295)
(-2.65327e-09 -2.71331e-09 0.000104705)
(1.42151e-09 -6.0897e-09 4.90236e-05)
(-1.07442e-09 -2.9682e-09 3.75042e-05)
(1.03566e-09 -4.1639e-09 8.60473e-05)
(2.13192e-09 -3.74486e-10 0.000114545)
(1.66051e-09 2.25236e-09 0.000128147)
(1.34318e-09 4.36223e-09 0.000133195)
(2.87893e-10 4.01817e-09 0.000133194)
(-7.91855e-10 3.75264e-09 0.000128146)
(-1.48537e-10 3.9077e-10 0.000114544)
(1.22885e-09 -9.00906e-09 8.60473e-05)
(3.52857e-09 -1.08301e-08 3.75046e-05)
(-2.09305e-09 -5.83209e-09 2.28716e-05)
(-4.45551e-09 -5.50244e-09 5.70463e-05)
(-5.80231e-09 -1.00567e-09 8.29968e-05)
(-3.65252e-09 1.61011e-10 9.98736e-05)
(-1.11054e-09 3.64655e-09 0.000107883)
(3.11171e-09 2.85204e-09 0.000107883)
(7.12414e-09 3.17725e-10 9.98732e-05)
(1.21063e-08 4.43484e-10 8.29963e-05)
(1.42206e-08 -7.21711e-09 5.70462e-05)
(1.19671e-08 -1.48648e-08 2.28718e-05)
(-9.28172e-09 -7.54707e-09 8.64534e-06)
(-6.6453e-09 -2.53724e-09 2.16676e-05)
(-4.28758e-09 -8.27837e-10 3.47435e-05)
(-4.31607e-09 -1.37382e-09 4.47489e-05)
(-2.578e-09 7.47764e-11 5.00851e-05)
(3.27858e-10 -2.41046e-10 5.00851e-05)
(2.33441e-09 -1.6662e-09 4.4749e-05)
(4.32742e-09 -1.00941e-09 3.47436e-05)
(7.11125e-09 -5.98788e-10 2.16674e-05)
(1.0332e-08 -8.3585e-09 8.64528e-06)
(-8.13431e-09 6.2559e-09 8.64511e-06)
(4.64858e-09 -6.7148e-09 2.16671e-05)
(4.44436e-09 8.38845e-10 3.47434e-05)
(-2.80742e-10 8.08179e-10 4.4749e-05)
(2.26467e-09 -9.44643e-10 5.0085e-05)
(1.46266e-10 -5.60774e-10 5.00849e-05)
(3.86112e-09 2.32843e-09 4.47487e-05)
(-3.59505e-09 1.87677e-09 3.47431e-05)
(-7.89681e-09 -7.9071e-09 2.16669e-05)
(2.0515e-09 2.93267e-10 8.64505e-06)
(-2.89978e-09 4.81026e-09 2.2872e-05)
(-6.13701e-10 -5.81227e-09 5.70453e-05)
(-2.05617e-09 -3.827e-10 8.29952e-05)
(8.82639e-10 2.6662e-11 9.98731e-05)
(-6.61161e-10 -1.31329e-09 0.000107883)
(-1.34103e-09 -9.77945e-10 0.000107882)
(-2.9519e-09 2.52414e-09 9.98723e-05)
(4.89141e-11 1.70956e-09 8.29941e-05)
(-3.46081e-09 -7.69618e-09 5.70452e-05)
(-2.28767e-09 -1.22131e-09 2.28723e-05)
(2.17869e-09 1.5601e-09 3.7505e-05)
(5.92213e-10 1.17486e-09 8.60485e-05)
(-1.80188e-09 -2.56981e-09 0.000114544)
(6.47823e-10 -2.53564e-09 0.000128146)
(-5.88837e-10 -6.62001e-10 0.000133194)
(-9.07199e-10 -5.22417e-10 0.000133194)
(-8.89503e-10 -7.83872e-10 0.000128146)
(3.00939e-09 -2.01618e-09 0.000114543)
(2.27715e-09 -1.48213e-09 8.60495e-05)
(-4.17839e-10 1.22723e-10 3.75058e-05)
(2.13709e-10 4.1403e-10 4.90239e-05)
(2.56586e-09 -4.76435e-10 0.000104706)
(2.57732e-09 -6.95768e-10 0.0001295)
(1.47967e-09 -1.34902e-09 0.000137785)
(3.93014e-10 1.7381e-10 0.000139986)
(-1.19078e-09 4.25283e-10 0.000139986)
(-2.10304e-09 -9.37012e-10 0.000137784)
(-2.55952e-09 -2.40207e-09 0.0001295)
(-1.75834e-09 -2.5301e-09 0.000104707)
(2.98994e-10 1.33469e-09 4.90242e-05)
(-1.41898e-10 4.7312e-10 5.53216e-05)
(1.45739e-09 -1.76753e-09 0.000113183)
(1.59372e-09 8.42749e-10 0.000134663)
(4.54003e-10 -5.69075e-10 0.000140172)
(1.71247e-10 2.31476e-10 0.000141241)
(5.29289e-10 1.54541e-09 0.000141241)
(1.26425e-09 6.5501e-11 0.000140172)
(-6.8871e-10 -2.0678e-10 0.000134663)
(-1.65507e-09 -2.05248e-09 0.000113183)
(1.12055e-10 1.04919e-09 5.53216e-05)
(-9.60669e-10 -2.98659e-10 5.53218e-05)
(1.10049e-09 -2.11794e-09 0.000113182)
(2.18481e-09 1.87446e-09 0.000134663)
(-3.25366e-10 -1.19487e-09 0.000140172)
(1.82597e-10 -6.95245e-10 0.000141242)
(-1.16227e-10 7.14185e-10 0.000141242)
(5.75593e-10 -1.38066e-10 0.000140172)
(-1.3029e-09 2.30099e-09 0.000134663)
(-1.61701e-09 -1.558e-09 0.000113183)
(3.51625e-10 1.3506e-09 5.53222e-05)
(-7.18831e-10 1.02478e-09 4.90236e-05)
(2.13711e-09 -4.23013e-09 0.000104705)
(3.94094e-09 3.71456e-09 0.0001295)
(-1.4738e-10 7.88167e-10 0.000137785)
(2.23995e-10 7.3156e-10 0.000139986)
(-7.10368e-10 5.85226e-10 0.000139986)
(-7.16165e-10 5.82743e-10 0.000137785)
(-4.08553e-09 4.30571e-09 0.0001295)
(-3.2027e-09 -3.36614e-09 0.000104705)
(-5.66975e-10 2.13253e-09 4.90236e-05)
(9.61583e-10 -1.31901e-09 3.75046e-05)
(-2.0419e-09 -7.79536e-09 8.60482e-05)
(-2.39066e-09 6.1491e-09 0.000114544)
(-1.28124e-09 3.08841e-09 0.000128147)
(-3.94382e-10 8.85075e-10 0.000133194)
(-5.32778e-10 1.50655e-09 0.000133194)
(-5.90155e-10 2.36899e-09 0.000128146)
(-4.16092e-10 7.39537e-09 0.000114543)
(-1.02314e-09 -4.81575e-09 8.60474e-05)
(-3.18978e-09 7.77357e-10 3.75041e-05)
(-3.13007e-10 -2.60555e-09 2.2872e-05)
(-4.7761e-09 -5.83091e-10 5.70458e-05)
(-2.79388e-09 6.48377e-09 8.29965e-05)
(6.20793e-10 -7.22433e-10 9.98732e-05)
(-1.45699e-09 -1.57344e-10 0.000107883)
(-4.60372e-10 1.48166e-13 0.000107882)
(-4.44737e-09 -6.62132e-10 9.98723e-05)
(-2.25597e-09 6.98133e-09 8.29953e-05)
(-3.76088e-10 1.69437e-09 5.70448e-05)
(-1.66625e-09 -1.40798e-09 2.28709e-05)
(-3.03853e-09 -1.73724e-09 8.64523e-06)
(4.69488e-10 3.13851e-09 2.16674e-05)
(4.77402e-09 3.05839e-09 3.47435e-05)
(3.73132e-09 -1.28021e-09 4.47486e-05)
(3.53437e-10 5.30171e-10 5.00847e-05)
(1.13507e-09 -4.66055e-10 5.00847e-05)
(-2.01282e-09 -1.79086e-09 4.47487e-05)
(-3.63105e-09 1.60236e-09 3.4743e-05)
(-9.25595e-10 2.80122e-09 2.1667e-05)
(3.46007e-09 -2.16191e-09 8.64492e-06)
(-1.15893e-08 8.11373e-09 8.64511e-06)
(-1.59717e-09 -2.63088e-09 2.16669e-05)
(-2.19186e-09 3.98405e-09 3.4744e-05)
(-5.38298e-09 1.67016e-09 4.47493e-05)
(3.34708e-10 -5.31977e-10 5.00854e-05)
(-5.85526e-10 -3.99926e-10 5.00855e-05)
(1.852e-09 2.29646e-09 4.47493e-05)
(-4.11644e-09 1.45009e-09 3.47437e-05)
(-5.76354e-09 -6.4457e-09 2.16677e-05)
(5.30186e-09 3.66959e-09 8.64546e-06)
(-7.29419e-09 1.15611e-08 2.28709e-05)
(-8.52779e-09 1.56591e-09 5.70448e-05)
(-9.07374e-09 1.92861e-09 8.29966e-05)
(-2.49244e-09 -1.32548e-09 9.98734e-05)
(-1.54175e-09 -4.29674e-09 0.000107883)
(2.17552e-09 -2.79251e-09 0.000107883)
(3.03112e-09 2.85814e-09 9.98736e-05)
(6.26227e-09 3.84948e-09 8.29968e-05)
(1.25577e-09 -2.30217e-09 5.70461e-05)
(-1.60913e-09 9.26598e-10 2.28721e-05)
(-3.0015e-09 1.00685e-08 3.75042e-05)
(-1.39849e-09 5.02718e-09 8.60472e-05)
(-1.94173e-10 -3.20551e-09 0.000114543)
(1.75909e-09 -5.04103e-09 0.000128147)
(-4.77198e-10 -4.46361e-09 0.000133194)
(-1.83754e-09 -2.20642e-09 0.000133194)
(-3.17453e-09 -1.10526e-09 0.000128147)
(-2.62594e-10 -3.23587e-11 0.000114544)
(6.51409e-10 2.75229e-09 8.60486e-05)
(-1.49831e-10 1.20031e-09 3.75048e-05)
(-1.19767e-09 5.86274e-09 4.9023e-05)
(3.4326e-09 1.1446e-09 0.000104706)
(3.76883e-09 -2.00568e-09 0.000129499)
(1.7579e-09 -3.13249e-09 0.000137785)
(1.05188e-09 -7.75644e-10 0.000139986)
(-8.08571e-10 2.15898e-10 0.000139986)
(-1.71618e-09 -3.38662e-10 0.000137785)
(-2.68252e-09 -1.27485e-09 0.000129499)
(-1.05588e-09 -1.71557e-09 0.000104706)
(1.46862e-09 1.60701e-09 4.90238e-05)
(3.76774e-10 2.01116e-09 5.53213e-05)
(2.80835e-09 -8.50219e-10 0.000113183)
(1.63594e-09 -2.38634e-10 0.000134662)
(5.03183e-10 -1.5847e-09 0.000140172)
(5.50585e-10 4.74599e-11 0.000141241)
(-2.58551e-10 3.19785e-10 0.000141241)
(1.0551e-09 -1.22156e-10 0.000140172)
(-4.60718e-10 -1.04792e-10 0.000134662)
(-2.11253e-09 -2.08683e-09 0.000113183)
(-1.34207e-10 1.27756e-09 5.53215e-05)
(-9.60685e-11 4.57683e-10 5.53218e-05)
(2.64709e-09 -1.4011e-09 0.000113183)
(2.03357e-09 1.75456e-09 0.000134662)
(-3.42924e-10 -9.41964e-10 0.000140172)
(6.97899e-10 4.60463e-11 0.000141241)
(1.26054e-10 5.44424e-11 0.000141241)
(1.45762e-09 -2.36635e-10 0.000140171)
(-1.13922e-09 1.87276e-09 0.000134662)
(-1.75678e-09 -3.04786e-09 0.000113183)
(6.47262e-10 -2.02643e-10 5.53213e-05)
(-2.16508e-09 -8.01969e-10 4.90239e-05)
(2.23402e-09 -4.19189e-09 0.000104706)
(5.1613e-09 2.87258e-09 0.000129499)
(9.29154e-10 -6.08964e-10 0.000137785)
(1.64787e-09 2.53793e-10 0.000139986)
(-2.98144e-10 8.58357e-10 0.000139986)
(-2.57637e-10 7.33597e-10 0.000137785)
(-4.37456e-09 2.68041e-09 0.000129499)
(-2.32948e-09 -5.92822e-09 0.000104705)
(1.31218e-09 -2.53842e-10 4.90228e-05)
(1.31399e-10 -1.19566e-09 3.75045e-05)
(9.62234e-11 -8.62565e-09 8.60477e-05)
(3.37738e-09 4.14734e-09 0.000114543)
(2.76861e-09 1.90969e-09 0.000128146)
(2.00428e-09 2.60947e-09 0.000133194)
(1.0393e-09 3.78514e-09 0.000133194)
(1.47943e-10 4.00593e-09 0.000128146)
(-5.11678e-11 4.53894e-09 0.000114544)
(1.7758e-09 -1.27857e-08 8.60474e-05)
(5.81955e-10 -4.8505e-09 3.7504e-05)
(-4.33089e-11 -5.00748e-09 2.28716e-05)
(-6.44664e-09 -7.37658e-09 5.70447e-05)
(-7.28063e-09 1.26355e-09 8.29967e-05)
(-2.01697e-09 2.59884e-10 9.98737e-05)
(-1.48926e-09 2.58596e-09 0.000107884)
(2.74887e-09 2.66644e-09 0.000107883)
(4.25099e-09 1.35541e-09 9.98735e-05)
(1.11425e-08 2.96647e-09 8.29971e-05)
(1.13569e-08 -8.43382e-09 5.70451e-05)
(4.49605e-09 -9.27055e-09 2.28714e-05)
(-6.76313e-09 -5.98895e-09 8.64496e-06)
(-8.59755e-09 -3.79351e-09 2.16672e-05)
(-5.91326e-09 -1.49653e-09 3.47439e-05)
(-3.46677e-09 -1.59645e-09 4.47494e-05)
(-2.96808e-09 8.29793e-11 5.00853e-05)
(1.92861e-09 -2.85698e-10 5.00851e-05)
(6.75338e-10 -1.49228e-09 4.47489e-05)
(3.47381e-09 -5.17847e-10 3.47437e-05)
(8.28609e-09 -2.30995e-09 2.16672e-05)
(5.4368e-09 -4.36317e-09 8.64493e-06)
(-5.9994e-09 3.21405e-09 8.64553e-06)
(7.74578e-09 -8.78802e-09 2.16679e-05)
(6.16419e-09 4.75218e-10 3.47449e-05)
(-9.28893e-10 1.08733e-09 4.475e-05)
(2.09207e-09 -7.443e-10 5.0086e-05)
(8.54136e-10 -7.57822e-10 5.00859e-05)
(1.87949e-09 1.98438e-09 4.47494e-05)
(-3.635e-09 2.1782e-09 3.47445e-05)
(-6.37355e-09 -6.14771e-09 2.16677e-05)
(-2.35699e-10 -8.77092e-10 8.64532e-06)
(-2.25571e-09 3.645e-09 2.28716e-05)
(-1.60545e-09 -6.28232e-09 5.70452e-05)
(-3.08854e-09 -7.79857e-10 8.29985e-05)
(4.52688e-10 8.66186e-10 9.98742e-05)
(-7.66815e-10 -1.16438e-09 0.000107884)
(-1.27825e-09 -2.72506e-10 0.000107884)
(-4.53126e-09 2.69169e-09 9.98745e-05)
(-8.87184e-10 1.23126e-09 8.2998e-05)
(-4.77368e-09 -8.03034e-09 5.70451e-05)
(-4.82234e-09 -3.03426e-09 2.28711e-05)
(4.59122e-10 2.99486e-09 3.75042e-05)
(-1.38375e-09 1.07825e-09 8.60475e-05)
(-2.40394e-09 -3.44723e-09 0.000114544)
(3.42454e-10 -2.39534e-09 0.000128147)
(-7.02406e-10 -1.04582e-09 0.000133195)
(-9.99932e-10 -6.45751e-11 0.000133195)
(-1.86208e-09 -8.25111e-10 0.000128147)
(1.81882e-09 -3.07886e-09 0.000114543)
(2.66427e-09 -1.56037e-09 8.60471e-05)
(1.19144e-10 1.05038e-11 3.75035e-05)
(3.63793e-10 9.75446e-10 4.9023e-05)
(3.45423e-09 -1.07897e-09 0.000104706)
(2.46452e-09 -1.33845e-09 0.000129498)
(8.945e-10 -1.34572e-09 0.000137785)
(3.60342e-10 2.06526e-10 0.000139986)
(-1.86969e-09 4.3261e-10 0.000139986)
(-1.92622e-09 -1.29274e-09 0.000137785)
(-2.86864e-09 -2.88111e-09 0.000129498)
(-2.33171e-09 -2.1708e-09 0.000104706)
(3.02251e-10 1.33359e-09 4.9023e-05)
(-6.32665e-10 2.04487e-09 5.53213e-05)
(1.43532e-09 -1.39673e-09 0.000113183)
(1.5671e-09 1.44868e-10 0.000134661)
(3.48309e-10 -7.28986e-10 0.000140172)
(5.68518e-10 7.59471e-10 0.000141241)
(-8.65897e-10 5.931e-10 0.000141241)
(3.28677e-10 -6.05193e-10 0.000140172)
(-8.88489e-10 -2.53008e-10 0.000134661)
(-1.9805e-09 -2.47068e-09 0.000113183)
(2.15307e-10 -1.00868e-10 5.53211e-05)
(-9.89233e-10 2.92749e-10 5.53216e-05)
(9.07432e-10 -1.91081e-09 0.000113184)
(1.51996e-09 1.38192e-09 0.000134661)
(-6.77145e-10 -9.69882e-10 0.000140172)
(1.57531e-10 -3.08663e-11 0.000141241)
(-5.7736e-10 -3.93319e-10 0.000141241)
(1.24129e-09 -3.38906e-10 0.000140172)
(-9.89377e-10 2.63172e-09 0.000134661)
(-1.60647e-09 -2.33702e-09 0.000113183)
(6.82708e-10 1.03851e-10 5.5321e-05)
(-3.77882e-10 8.48743e-10 4.90237e-05)
(3.11678e-09 -5.14299e-09 0.000104706)
(4.8092e-09 3.2887e-09 0.000129498)
(1.657e-10 7.91449e-10 0.000137785)
(3.19133e-11 7.46819e-10 0.000139986)
(-1.06775e-09 3.02641e-11 0.000139986)
(-8.16086e-10 5.30117e-10 0.000137785)
(-4.42021e-09 4.561e-09 0.000129498)
(-2.82868e-09 -3.96731e-09 0.000104706)
(9.51929e-11 9.69926e-10 4.9023e-05)
(5.49724e-10 -2.70077e-09 3.75048e-05)
(-1.49723e-09 -8.8926e-09 8.60474e-05)
(-1.26882e-09 5.04383e-09 0.000114543)
(-9.39375e-10 2.36792e-09 0.000128146)
(-6.833e-10 1.17425e-09 0.000133194)
(-6.10067e-10 6.386e-10 0.000133194)
(-2.47812e-10 1.84803e-09 0.000128146)
(1.03452e-09 7.26304e-09 0.000114544)
(9.62219e-10 -5.36278e-09 8.60479e-05)
(-1.38497e-09 -1.53101e-09 3.75048e-05)
(-2.78455e-10 -3.51106e-09 2.28719e-05)
(-3.85815e-09 1.49109e-10 5.70445e-05)
(-2.93201e-09 4.99787e-09 8.29968e-05)
(5.80233e-10 -1.05046e-09 9.98732e-05)
(-2.12562e-09 -1.62079e-10 0.000107884)
(3.31023e-10 -2.76615e-10 0.000107884)
(-2.62024e-09 -6.78854e-10 9.98736e-05)
(5.63323e-12 6.57675e-09 8.29977e-05)
(9.294e-10 2.13246e-09 5.70453e-05)
(-5.90699e-10 -3.05192e-09 2.28722e-05)
(-1.24267e-09 -7.58347e-10 8.64527e-06)
(1.24048e-09 4.17068e-09 2.16673e-05)
(5.16903e-09 2.8614e-09 3.4744e-05)
(2.91912e-09 -1.63468e-09 4.47487e-05)
(-1.52909e-09 -3.09246e-10 5.0085e-05)
(7.70103e-10 -3.81464e-10 5.00854e-05)
(-2.19676e-09 -1.27365e-09 4.47491e-05)
(-4.67682e-09 2.40469e-09 3.47444e-05)
(-4.71418e-10 3.42237e-09 2.16673e-05)
(6.2601e-09 -4.629e-09 8.64513e-06)
(-1.36414e-08 9.74919e-09 8.64527e-06)
(-2.0084e-09 -3.95471e-09 2.16673e-05)
(-4.23348e-09 5.15637e-09 3.47436e-05)
(-8.09509e-09 1.3299e-09 4.4749e-05)
(2.07142e-10 -1.17553e-09 5.00854e-05)
(-1.15481e-09 -4.45196e-10 5.00854e-05)
(6.06529e-09 7.97743e-10 4.47493e-05)
(2.64962e-09 3.75498e-09 3.47441e-05)
(-1.43593e-09 -5.50194e-09 2.16673e-05)
(1.03921e-08 7.66455e-09 8.64515e-06)
(-9.89234e-09 1.29385e-08 2.28723e-05)
(-7.10036e-09 -2.86769e-10 5.70461e-05)
(-1.2287e-08 7.84633e-09 8.29965e-05)
(-6.48742e-09 -2.8464e-09 9.98739e-05)
(-4.69643e-10 -5.6066e-09 0.000107884)
(3.35298e-09 -4.70444e-09 0.000107884)
(8.41671e-09 -1.72722e-09 9.98736e-05)
(1.53184e-08 9.79772e-09 8.29962e-05)
(8.71188e-09 2.12625e-09 5.70448e-05)
(7.28506e-09 1.03355e-08 2.28717e-05)
(-1.73659e-09 9.48534e-09 3.75049e-05)
(-1.84628e-10 3.31304e-09 8.60485e-05)
(-3.47825e-09 6.79903e-09 0.000114544)
(5.8259e-10 -6.76444e-09 0.000128147)
(-8.99739e-10 -5.75248e-09 0.000133195)
(-1.50408e-09 -5.45972e-09 0.000133194)
(-3.03883e-09 -5.5821e-09 0.000128146)
(2.75074e-09 9.72049e-09 0.000114542)
(4.2752e-10 6.0977e-09 8.60475e-05)
(-2.07365e-10 5.28231e-09 3.75045e-05)
(-1.75763e-10 5.32491e-09 4.90237e-05)
(2.15505e-09 8.59951e-10 0.000104707)
(2.48431e-09 5.31097e-09 0.000129499)
(2.90025e-09 -3.62518e-09 0.000137785)
(-1.43368e-10 -2.33833e-09 0.000139986)
(-7.4897e-10 -1.6492e-09 0.000139986)
(-3.55659e-09 -2.57519e-09 0.000137785)
(-2.98058e-09 5.64277e-09 0.000129499)
(-1.09788e-09 -1.3106e-11 0.000104707)
(6.31111e-10 1.40461e-09 4.9024e-05)
(1.35862e-09 2.46818e-09 5.53217e-05)
(1.5298e-09 5.5806e-10 0.000113184)
(1.3575e-09 2.41388e-09 0.000134662)
(1.7126e-09 -2.1868e-09 0.000140172)
(2.01567e-11 -7.83496e-10 0.000141241)
(-1.54639e-10 -4.6597e-10 0.000141241)
(-1.8697e-09 -8.92828e-10 0.000140172)
(-1.44332e-09 1.82392e-09 0.000134662)
(-1.69491e-09 -7.6251e-10 0.000113184)
(-9.48727e-10 7.08111e-10 5.53218e-05)
(1.28265e-09 9.80454e-11 5.53219e-05)
(2.50776e-09 1.46894e-09 0.000113184)
(2.07794e-09 2.09744e-09 0.000134662)
(1.41523e-09 -1.37097e-09 0.000140172)
(4.9942e-10 -2.61031e-10 0.000141241)
(-4.43846e-10 -2.14041e-10 0.000141241)
(-1.29008e-09 -5.15645e-10 0.000140172)
(-1.97808e-09 1.57557e-09 0.000134662)
(-2.19899e-09 -1.74283e-09 0.000113184)
(-3.53699e-10 -3.14109e-09 5.53222e-05)
(-1.76247e-09 -2.00914e-09 4.9024e-05)
(1.47607e-09 1.03361e-09 0.000104707)
(3.81528e-09 1.87404e-10 0.000129499)
(1.86617e-09 -1.53598e-10 0.000137785)
(1.06406e-09 7.23794e-10 0.000139986)
(-6.98829e-10 9.3361e-10 0.000139986)
(-2.06265e-09 1.37421e-10 0.000137785)
(-4.88611e-09 -4.26762e-10 0.000129499)
(-3.6027e-09 -3.45117e-09 0.000104706)
(1.54848e-09 -6.28886e-09 4.9024e-05)
(4.35547e-10 -3.79746e-10 3.75048e-05)
(2.0432e-09 -3.7649e-09 8.60479e-05)
(2.6007e-09 -4.68812e-10 0.000114543)
(2.20639e-09 1.79852e-09 0.000128146)
(1.7653e-09 3.92456e-09 0.000133194)
(5.72527e-10 3.96389e-09 0.000133194)
(-1.94836e-10 3.93528e-09 0.000128146)
(-8.1888e-10 2.32291e-10 0.000114544)
(2.23054e-10 -1.00818e-08 8.60476e-05)
(3.83979e-09 -1.19537e-08 3.75045e-05)
(-5.9148e-12 -3.84154e-09 2.28721e-05)
(-3.28451e-09 -3.6652e-09 5.70449e-05)
(-6.35759e-09 -1.09886e-09 8.29961e-05)
(-2.71259e-09 -1.00761e-10 9.98726e-05)
(-5.60095e-10 2.75932e-09 0.000107883)
(3.79196e-09 3.31346e-09 0.000107883)
(7.15741e-09 1.1825e-09 9.98734e-05)
(1.35456e-08 -2.5306e-10 8.29973e-05)
(1.47554e-08 -8.27257e-09 5.70454e-05)
(1.03941e-08 -1.47786e-08 2.28719e-05)
(-6.79483e-09 -5.66495e-09 8.64528e-06)
(-5.57988e-09 -8.87081e-10 2.16672e-05)
(-4.34228e-09 -1.15133e-09 3.47437e-05)
(-2.99994e-09 -1.58638e-09 4.47484e-05)
(-1.35833e-09 -4.4736e-10 5.0085e-05)
(1.44072e-09 -9.89334e-11 5.00852e-05)
(2.7853e-09 -2.00421e-09 4.4749e-05)
(6.114e-09 -1.76645e-09 3.4744e-05)
(1.02226e-08 -1.66756e-09 2.16676e-05)
(1.30432e-08 -9.44889e-09 8.64525e-06)
(-3.51338e-09 1.91475e-09 8.64507e-06)
(9.23842e-09 -9.98288e-09 2.16671e-05)
(7.29764e-09 2.71896e-10 3.4743e-05)
(5.43654e-10 2.44048e-09 4.47486e-05)
(2.86513e-09 -3.04591e-10 5.00848e-05)
(7.83746e-10 -6.37756e-10 5.00843e-05)
(2.31034e-09 2.04748e-09 4.47483e-05)
(-4.06998e-09 1.65449e-09 3.47423e-05)
(-7.04968e-09 -7.1061e-09 2.16664e-05)
(4.77603e-09 3.44489e-09 8.64486e-06)
(3.58598e-12 1.83735e-09 2.28717e-05)
(2.09527e-09 -9.61643e-09 5.70461e-05)
(-8.86972e-10 -1.55136e-10 8.29953e-05)
(1.70226e-09 2.12213e-09 9.98731e-05)
(-3.49803e-10 -6.22111e-10 0.000107883)
(-6.79253e-10 -8.10469e-10 0.000107883)
(-2.95979e-09 3.06131e-09 9.98721e-05)
(-1.30915e-09 1.08079e-09 8.29945e-05)
(-5.89325e-09 -9.1698e-09 5.7045e-05)
(-4.4047e-09 -2.65204e-09 2.28719e-05)
(1.48395e-09 2.19218e-09 3.75049e-05)
(-5.47366e-10 -3.60237e-10 8.6049e-05)
(-3.96057e-09 -2.27345e-09 0.000114544)
(-8.31402e-10 -2.35525e-09 0.000128146)
(-2.95594e-10 -1.6368e-09 0.000133194)
(-4.36358e-10 -1.00593e-09 0.000133194)
(-8.21975e-10 -5.63926e-11 0.000128146)
(1.87705e-09 -2.10233e-09 0.000114544)
(1.80619e-10 -2.46522e-09 8.60496e-05)
(-1.3061e-09 -6.34235e-10 3.75056e-05)
(6.61344e-10 8.28424e-10 4.9024e-05)
(2.97434e-09 -5.71877e-10 0.000104706)
(2.05082e-09 -3.83436e-10 0.000129499)
(6.42544e-10 -1.75389e-09 0.000137784)
(2.53896e-10 -6.67589e-10 0.000139986)
(-8.79358e-10 -2.73808e-10 0.000139986)
(-1.40188e-09 -7.61038e-10 0.000137784)
(-2.0162e-09 -1.96692e-09 0.0001295)
(-1.80536e-09 -2.84294e-09 0.000104707)
(2.37463e-10 1.31991e-09 4.90242e-05)
(-5.24826e-10 1.57011e-09 5.5322e-05)
(9.20113e-10 -6.56615e-10 0.000113183)
(7.09685e-10 8.12455e-10 0.000134663)
(-4.73327e-10 -1.28197e-09 0.000140171)
(-8.01693e-11 1.17992e-10 0.000141241)
(-1.24247e-10 1.75982e-10 0.000141241)
(9.01381e-10 -7.52074e-10 0.000140172)
(-3.4353e-10 2.4078e-11 0.000134663)
(-1.59697e-09 -2.64167e-09 0.000113184)
(-3.38725e-11 6.66953e-10 5.5322e-05)
(-1.19356e-10 1.78127e-09 5.5322e-05)
(1.22371e-09 -5.41487e-10 0.000113183)
(1.0383e-09 1.79114e-09 0.000134662)
(-3.55904e-10 -1.45195e-09 0.000140172)
(5.03157e-10 -1.0706e-09 0.000141241)
(-2.9288e-10 -5.52856e-10 0.000141241)
(4.17688e-10 -4.30863e-10 0.000140172)
(-2.00954e-09 2.35383e-09 0.000134663)
(-1.86497e-09 -1.66156e-09 0.000113183)
(6.18363e-10 1.14319e-09 5.53225e-05)
(-1.3397e-10 2.38862e-09 4.90238e-05)
(2.20153e-09 -3.34426e-09 0.000104705)
(4.20319e-09 4.07214e-09 0.000129499)
(1.18277e-10 2.62621e-10 0.000137784)
(2.37304e-10 -2.37063e-10 0.000139986)
(-3.39999e-10 1.25851e-10 0.000139986)
(-8.06301e-10 1.49087e-09 0.000137785)
(-4.68697e-09 3.97162e-09 0.000129499)
(-3.55726e-09 -3.83873e-09 0.000104706)
(-3.05929e-10 1.58309e-09 4.9024e-05)
(1.94857e-09 -8.04901e-11 3.75044e-05)
(-1.0859e-09 -6.65687e-09 8.60479e-05)
(-1.40449e-09 6.21497e-09 0.000114543)
(-5.28167e-10 1.46432e-09 0.000128146)
(2.18662e-11 -8.1379e-11 0.000133194)
(1.26564e-11 2.83027e-11 0.000133194)
(-2.12939e-10 3.26377e-09 0.000128146)
(2.02086e-10 7.47863e-09 0.000114544)
(2.54088e-10 -6.4101e-09 8.60482e-05)
(-2.42096e-09 2.45355e-10 3.75042e-05)
(9.8114e-10 -2.10062e-09 2.28714e-05)
(-8.21641e-10 2.10572e-09 5.70453e-05)
(5.40405e-10 7.58245e-09 8.29966e-05)
(2.88759e-09 -1.36336e-09 9.98733e-05)
(3.52962e-11 -9.44857e-10 0.000107883)
(3.76175e-10 -1.01032e-09 0.000107883)
(-3.73108e-09 2.01803e-10 9.98726e-05)
(-1.08514e-09 7.53902e-09 8.29961e-05)
(1.63163e-09 1.61509e-10 5.70454e-05)
(-6.89846e-10 -2.35912e-09 2.28714e-05)
(-5.53479e-09 -4.25609e-09 8.64521e-06)
(3.97998e-09 5.31198e-09 2.16672e-05)
(7.70313e-09 4.37165e-09 3.4744e-05)
(4.94746e-09 -8.66063e-10 4.47494e-05)
(1.96225e-10 -8.26906e-12 5.00854e-05)
(6.88018e-10 -3.88236e-10 5.00848e-05)
(-2.28842e-09 -1.22376e-09 4.47483e-05)
(-3.35616e-09 2.57942e-09 3.47431e-05)
(1.13151e-09 1.677e-09 2.16673e-05)
(5.22964e-09 -4.01712e-09 8.64504e-06)
(-6.94051e-09 4.90516e-09 8.6453e-06)
(4.26954e-10 -4.21089e-09 2.16675e-05)
(-1.72253e-09 3.71387e-09 3.47444e-05)
(-5.6102e-09 1.61477e-09 4.47491e-05)
(-1.49213e-09 5.53591e-10 5.00852e-05)
(-1.66885e-09 -4.83355e-10 5.00848e-05)
(2.23447e-09 1.29084e-09 4.47485e-05)
(-1.66435e-09 1.63466e-09 3.47434e-05)
(-1.95775e-09 -5.28009e-09 2.16672e-05)
(9.78167e-09 7.16925e-09 8.64506e-06)
(-7.99615e-09 1.05338e-08 2.28712e-05)
(-1.06995e-08 1.16558e-09 5.70452e-05)
(-1.18096e-08 2.8192e-09 8.29964e-05)
(-4.31604e-09 -1.33908e-09 9.98736e-05)
(-1.81988e-09 -2.77515e-09 0.000107883)
(2.80951e-09 -3.00127e-09 0.000107883)
(5.03385e-09 1.09932e-09 9.9873e-05)
(1.00019e-08 3.5311e-09 8.29963e-05)
(6.09155e-09 6.65487e-11 5.70455e-05)
(3.56383e-09 6.42037e-09 2.28718e-05)
(-3.63573e-09 1.07754e-08 3.75046e-05)
(-3.19813e-09 6.29537e-09 8.60478e-05)
(-1.8143e-09 -2.26948e-09 0.000114543)
(4.84518e-10 -4.76274e-09 0.000128146)
(-1.19868e-09 -3.95646e-09 0.000133194)
(-1.56283e-09 -2.81563e-09 0.000133194)
(-2.85488e-09 -2.3167e-09 0.000128146)
(2.96767e-10 -3.68645e-10 0.000114543)
(1.90325e-09 4.90962e-09 8.60481e-05)
(1.26399e-09 4.2244e-09 3.75048e-05)
(-1.08856e-09 5.99987e-09 4.90236e-05)
(3.88235e-09 1.87966e-09 0.000104706)
(3.90491e-09 -6.01932e-10 0.000129498)
(2.09324e-09 -2.20924e-09 0.000137784)
(1.38632e-09 -8.45333e-10 0.000139986)
(-8.41082e-10 -3.40855e-10 0.000139986)
(-1.53574e-09 -9.9819e-10 0.000137784)
(-3.16321e-09 -1.66913e-09 0.000129499)
(-1.39709e-09 -4.55733e-10 0.000104706)
(1.84537e-09 3.15284e-09 4.90234e-05)
(-7.23956e-11 2.60276e-09 5.53214e-05)
(3.18563e-09 -3.5259e-10 0.000113183)
(2.44107e-09 2.49547e-10 0.000134662)
(9.56868e-10 -1.17784e-09 0.000140172)
(1.62885e-09 -6.50089e-11 0.000141241)
(2.87647e-10 -1.27767e-10 0.000141241)
(9.98814e-10 -9.41733e-10 0.000140172)
(-2.50651e-10 1.64649e-10 0.000134662)
(-1.54923e-09 -1.54192e-09 0.000113183)
(3.47129e-10 1.94675e-09 5.53215e-05)
(1.13039e-10 1.24054e-09 5.53215e-05)
(3.09695e-09 -9.03195e-10 0.000113183)
(2.95721e-09 1.43195e-09 0.000134662)
(9.4087e-10 -1.52623e-09 0.000140172)
(1.26951e-09 -2.81095e-10 0.000141241)
(-3.98083e-10 -4.03848e-10 0.000141241)
(5.7951e-10 -2.22121e-10 0.000140172)
(-2.51786e-09 2.41163e-09 0.000134662)
(-2.71123e-09 -3.13721e-09 0.000113183)
(7.32872e-10 -3.26894e-10 5.53219e-05)
(-7.90197e-10 -3.61623e-10 4.90233e-05)
(3.66769e-09 -3.8824e-09 0.000104705)
(5.7596e-09 2.24173e-09 0.000129498)
(1.53395e-09 -9.23062e-10 0.000137784)
(1.23635e-09 3.27198e-10 0.000139986)
(-9.90783e-10 4.33217e-10 0.000139986)
(-2.18576e-09 1.85448e-09 0.000137785)
(-6.11793e-09 3.56541e-09 0.000129499)
(-2.0731e-09 -6.70343e-09 0.000104706)
(1.63117e-09 -2.54552e-10 4.90236e-05)
(6.57048e-10 -3.51677e-10 3.75045e-05)
(-1.26188e-10 -9.57085e-09 8.60476e-05)
(1.77604e-09 1.7578e-09 0.000114543)
(1.35734e-09 1.48553e-09 0.000128146)
(5.32977e-10 2.87073e-09 0.000133194)
(-2.97578e-10 3.49897e-09 0.000133194)
(-1.03736e-09 5.29002e-09 0.000128147)
(-1.53583e-09 5.40246e-09 0.000114543)
(2.31212e-10 -1.32951e-08 8.60476e-05)
(-8.792e-10 -3.95442e-09 3.75049e-05)
(1.22643e-09 -1.89585e-09 2.28717e-05)
(-7.4734e-09 -8.36877e-09 5.70452e-05)
(-8.53645e-09 -4.46786e-10 8.29966e-05)
(-3.50886e-09 -8.48554e-10 9.98735e-05)
(-2.60459e-09 1.94012e-09 0.000107884)
(1.92253e-09 2.70104e-09 0.000107884)
(3.75609e-09 2.69048e-09 9.98738e-05)
(1.18391e-08 3.74363e-09 8.29976e-05)
(1.2369e-08 -9.18571e-09 5.70453e-05)
(4.57664e-09 -1.02546e-08 2.28718e-05)
(-4.96802e-09 -3.21924e-09 8.64539e-06)
(-8.21108e-09 -3.01478e-09 2.16677e-05)
(-6.28683e-09 -1.36026e-09 3.47444e-05)
(-4.42244e-09 -2.47471e-09 4.475e-05)
(-4.71497e-09 -8.03458e-10 5.00858e-05)
(-8.56935e-10 -3.78886e-10 5.00861e-05)
(-9.84576e-10 -1.09049e-09 4.47497e-05)
(3.85943e-09 6.22384e-10 3.47444e-05)
(8.84129e-09 -1.91112e-09 2.16675e-05)
(7.54537e-09 -6.66266e-09 8.64527e-06)
(-5.08041e-09 2.09403e-09 8.64526e-06)
(6.72779e-09 -7.11e-09 2.16672e-05)
(4.91054e-09 1.37045e-09 3.47442e-05)
(-2.39999e-09 2.49849e-09 4.47485e-05)
(1.56731e-09 -8.38948e-10 5.00847e-05)
(-8.43874e-10 -7.6055e-10 5.00849e-05)
(1.93702e-09 1.645e-09 4.47488e-05)
(-3.52132e-09 2.14038e-09 3.47444e-05)
(-6.99333e-09 -6.23207e-09 2.16676e-05)
(3.4961e-09 2.38379e-09 8.64511e-06)
(1.31858e-09 1.0551e-09 2.28719e-05)
(1.03665e-10 -6.28486e-09 5.70444e-05)
(-3.12735e-09 1.02025e-09 8.29965e-05)
(8.63363e-10 1.99659e-09 9.98724e-05)
(-8.86304e-10 -1.3677e-09 0.000107883)
(-7.89031e-10 -9.22115e-10 0.000107883)
(-4.2474e-09 1.72559e-09 9.98727e-05)
(-1.2718e-09 8.4537e-10 8.29973e-05)
(-3.91822e-09 -6.18945e-09 5.70456e-05)
(-4.07647e-09 -1.95703e-09 2.28714e-05)
(1.08014e-09 2.40752e-09 3.75047e-05)
(-1.32392e-09 1.54453e-09 8.60476e-05)
(-1.86057e-09 -1.906e-09 0.000114543)
(1.43552e-09 -1.9377e-09 0.000128146)
(9.43232e-11 -1.33478e-09 0.000133194)
(-7.11717e-12 -9.87679e-10 0.000133194)
(-1.86597e-09 -1.78382e-09 0.000128146)
(8.25486e-10 -3.59104e-09 0.000114543)
(1.31952e-09 -3.64401e-10 8.60475e-05)
(-1.15935e-09 -4.89519e-10 3.75042e-05)
(9.97204e-10 -2.03526e-10 4.90236e-05)
(3.27182e-09 -5.10258e-12 0.000104706)
(3.62617e-09 -5.8538e-10 0.000129498)
(1.59781e-09 -1.01451e-09 0.000137785)
(4.11407e-10 -4.9959e-10 0.000139986)
(-5.30483e-10 -1.54943e-10 0.000139986)
(-1.32294e-09 -1.22599e-09 0.000137785)
(-3.12363e-09 -3.24235e-09 0.000129498)
(-2.84302e-09 -2.15911e-09 0.000104706)
(3.75052e-11 9.52171e-10 4.9023e-05)
(-5.2581e-10 3.05622e-10 5.53215e-05)
(1.05565e-09 -1.34601e-09 0.000113184)
(1.47623e-09 5.98002e-10 0.000134661)
(4.9533e-10 -1.50098e-09 0.000140172)
(8.66665e-10 1.48359e-10 0.000141242)
(1.85067e-10 7.45391e-10 0.000141241)
(1.11344e-09 2.61711e-10 0.000140172)
(-5.00944e-10 -7.56044e-10 0.000134661)
(-1.05282e-09 -2.37013e-09 0.000113183)
(7.37269e-10 8.611e-10 5.5321e-05)
(-8.54883e-10 -1.52823e-10 5.53216e-05)
(9.82718e-10 -1.44913e-09 0.000113184)
(1.75866e-09 1.57434e-09 0.000134661)
(2.19819e-10 -1.55592e-09 0.000140172)
(8.79959e-10 -3.88672e-10 0.000141241)
(3.36456e-10 5.65088e-10 0.000141241)
(9.70591e-10 -4.07645e-12 0.000140172)
(-1.7413e-09 2.56721e-09 0.000134661)
(-9.589e-10 -1.64749e-09 0.000113184)
(9.0329e-10 1.40254e-09 5.5321e-05)
(-6.9137e-10 8.67034e-10 4.90234e-05)
(2.88484e-09 -4.02245e-09 0.000104706)
(4.40716e-09 3.85107e-09 0.000129498)
(2.38689e-10 5.32784e-10 0.000137785)
(8.79244e-10 3.43556e-10 0.000139986)
(-1.00623e-09 8.09193e-10 0.000139986)
(-1.06624e-09 1.15179e-09 0.000137785)
(-4.43032e-09 4.22021e-09 0.000129498)
(-3.46147e-09 -4.25165e-09 0.000104706)
(-6.12876e-10 1.49523e-09 4.9023e-05)
(1.03534e-09 -1.63572e-09 3.75049e-05)
(-1.36918e-09 -6.93754e-09 8.60477e-05)
(-1.50786e-09 6.10134e-09 0.000114544)
(-1.99531e-10 1.96734e-09 0.000128146)
(5.06546e-10 6.2417e-10 0.000133194)
(1.52549e-10 1.26098e-09 0.000133194)
(-3.94159e-10 3.02944e-09 0.000128147)
(-3.53309e-10 6.87398e-09 0.000114544)
(-2.42232e-11 -6.5669e-09 8.60471e-05)
(-1.96033e-09 -5.23847e-10 3.75047e-05)
(-1.55666e-10 -3.56793e-09 2.28717e-05)
(-3.13969e-09 3.29613e-10 5.7045e-05)
(-9.60971e-10 6.47591e-09 8.29972e-05)
(2.5536e-09 -1.21173e-09 9.98729e-05)
(-6.85966e-10 -6.5954e-10 0.000107883)
(4.79964e-10 1.53789e-10 0.000107884)
(-3.37222e-09 -4.2085e-10 9.98733e-05)
(-6.22872e-10 6.89991e-09 8.29978e-05)
(1.25196e-09 9.48134e-10 5.70445e-05)
(-6.16443e-10 -2.76817e-09 2.28719e-05)
(-6.46912e-09 -4.62522e-09 8.64492e-06)
(-1.18141e-09 2.41777e-09 2.16671e-05)
(4.73826e-09 3.02621e-09 3.47439e-05)
(3.33584e-09 -1.47521e-09 4.47489e-05)
(-4.91366e-10 -4.52595e-10 5.0085e-05)
(1.43829e-09 -5.89892e-10 5.00855e-05)
(-2.08206e-09 -1.67217e-09 4.47494e-05)
(-3.455e-09 1.99088e-09 3.47448e-05)
(-1.47447e-10 2.684e-09 2.16675e-05)
(3.05366e-09 -2.58437e-09 8.64543e-06)
(-1.05734e-08 7.99668e-09 8.6449e-06)
(2.31178e-10 -3.70788e-09 2.16671e-05)
(-3.60097e-09 4.70309e-09 3.47434e-05)
(-8.56343e-09 2.0887e-09 4.4749e-05)
(2.81073e-10 8.50097e-11 5.00852e-05)
(-1.41927e-09 -5.52232e-10 5.0085e-05)
(5.82095e-09 1.26386e-09 4.47489e-05)
(1.5517e-09 4.00732e-09 3.47439e-05)
(-2.28257e-09 -5.76475e-09 2.16672e-05)
(9.79129e-09 6.86471e-09 8.6449e-06)
(-6.54767e-09 9.86434e-09 2.28715e-05)
(-6.4037e-09 -1.49471e-10 5.70446e-05)
(-1.23776e-08 7.51205e-09 8.29964e-05)
(-5.50864e-09 -1.44566e-09 9.98733e-05)
(-1.67407e-10 -3.85169e-09 0.000107883)
(2.2092e-09 -4.78377e-09 0.000107883)
(7.45193e-09 -1.06757e-09 9.98729e-05)
(1.37192e-08 9.68527e-09 8.29964e-05)
(5.75139e-09 -5.51239e-10 5.70452e-05)
(5.23027e-09 7.98356e-09 2.28715e-05)
(-1.06788e-09 7.80644e-09 3.7504e-05)
(8.58828e-11 2.11328e-09 8.60475e-05)
(-2.48524e-09 6.69095e-09 0.000114543)
(1.9386e-09 -5.91655e-09 0.000128146)
(-5.00768e-10 -5.03123e-09 0.000133194)
(-1.68e-09 -5.45677e-09 0.000133194)
(-3.20708e-09 -5.14644e-09 0.000128146)
(2.70561e-09 9.37979e-09 0.000114543)
(3.77788e-10 3.69094e-09 8.60479e-05)
(-6.63091e-11 4.08243e-09 3.75042e-05)
(3.50735e-10 3.72731e-09 4.90228e-05)
(2.90049e-09 -5.32672e-10 0.000104705)
(3.34617e-09 4.88687e-09 0.000129498)
(3.70771e-09 -2.64568e-09 0.000137785)
(6.7814e-10 -1.42345e-09 0.000139986)
(-7.32434e-10 -1.16849e-09 0.000139986)
(-3.9742e-09 -1.91353e-09 0.000137784)
(-2.59324e-09 5.50618e-09 0.000129498)
(-7.7112e-10 -1.18751e-09 0.000104706)
(5.5265e-10 4.67682e-10 4.90233e-05)
(1.54726e-09 8.01203e-10 5.53211e-05)
(2.03406e-09 -4.19123e-10 0.000113183)
(1.73264e-09 1.40971e-09 0.000134662)
(2.14887e-09 -1.16269e-09 0.000140172)
(6.68862e-10 -2.61987e-10 0.000141242)
(4.60575e-10 -1.47651e-10 0.000141241)
(-1.18567e-09 -3.09947e-10 0.000140171)
(-9.07798e-10 1.69769e-09 0.000134661)
(-1.23565e-09 -1.16707e-09 0.000113182)
(-8.72042e-10 3.15828e-10 5.53209e-05)
(1.23986e-09 -8.63586e-10 5.53213e-05)
(2.05188e-09 1.1826e-10 0.000113183)
(1.59712e-09 1.51556e-09 0.000134662)
(1.62788e-09 -9.5039e-10 0.000140172)
(5.51581e-10 1.63657e-10 0.000141241)
(3.40164e-10 3.20319e-10 0.000141241)
(-7.60904e-10 -3.00415e-10 0.000140172)
(-2.06427e-09 1.48382e-09 0.000134662)
(-2.1369e-09 -1.52772e-09 0.000113182)
(-5.94688e-10 -2.96187e-09 5.53208e-05)
(-2.21841e-09 -2.71877e-09 4.90231e-05)
(1.34292e-09 5.69093e-11 0.000104706)
(4.00703e-09 -1.01027e-10 0.000129498)
(1.89282e-09 -2.29625e-11 0.000137785)
(1.37414e-09 1.21285e-09 0.000139986)
(-6.22518e-10 1.53851e-09 0.000139986)
(-2.28047e-09 7.62342e-10 0.000137785)
(-5.27615e-09 3.34957e-10 0.000129498)
(-3.15899e-09 -2.61072e-09 0.000104705)
(1.97878e-09 -5.77751e-09 4.90223e-05)
(-9.00109e-10 -1.96929e-09 3.75042e-05)
(1.60262e-09 -4.21531e-09 8.6047e-05)
(3.32885e-09 -1.19744e-09 0.000114543)
(3.02706e-09 1.84455e-09 0.000128146)
(1.5558e-09 3.49171e-09 0.000133194)
(2.84047e-10 3.97614e-09 0.000133195)
(2.78678e-10 4.43197e-09 0.000128147)
(-3.47312e-10 1.45482e-09 0.000114543)
(6.86234e-10 -8.09115e-09 8.60466e-05)
(3.61928e-09 -1.02593e-08 3.75034e-05)
(-1.9437e-09 -5.8438e-09 2.28711e-05)
(-4.60636e-09 -6.04117e-09 5.70442e-05)
(-6.84834e-09 -2.39124e-09 8.29965e-05)
(-2.86898e-09 5.52035e-10 9.98735e-05)
(-1.31169e-09 2.78078e-09 0.000107884)
(2.25847e-09 3.04304e-09 0.000107884)
(5.90258e-09 1.82301e-09 9.98737e-05)
(1.25604e-08 1.6521e-09 8.29973e-05)
(1.36328e-08 -6.89577e-09 5.70449e-05)
(8.55308e-09 -1.2332e-08 2.2871e-05)
(-5.99237e-09 -5.42006e-09 8.64493e-06)
(-8.2074e-09 -3.35105e-09 2.16669e-05)
(-7.57169e-09 -2.66968e-09 3.4744e-05)
(-5.65458e-09 -1.38143e-09 4.47493e-05)
(-4.17564e-09 -2.47773e-10 5.00855e-05)
(-5.34311e-10 -4.60799e-10 5.00852e-05)
(5.18096e-11 -1.19719e-09 4.47491e-05)
(3.1784e-09 1.67316e-10 3.47439e-05)
(8.15901e-09 -1.46418e-09 2.16674e-05)
(8.88112e-09 -6.88301e-09 8.64522e-06)
(-8.69042e-09 5.53153e-09 8.64448e-06)
(4.89811e-09 -6.9449e-09 2.16663e-05)
(3.95884e-09 1.51624e-09 3.47424e-05)
(-1.76829e-09 1.91337e-09 4.47485e-05)
(1.6035e-09 -8.62302e-10 5.00846e-05)
(-2.76066e-10 -7.27847e-10 5.00844e-05)
(2.36235e-09 2.13466e-09 4.47483e-05)
(-5.00786e-09 1.41566e-09 3.47429e-05)
(-8.77992e-09 -8.24172e-09 2.1667e-05)
(7.00014e-09 5.32958e-09 8.645e-06)
(-1.35982e-09 3.98091e-09 2.28709e-05)
(-1.63682e-09 -4.88323e-09 5.70448e-05)
(-3.87635e-09 1.05425e-09 8.29951e-05)
(4.27797e-10 1.23527e-09 9.98729e-05)
(-1.53171e-09 -1.46833e-09 0.000107883)
(-1.74586e-09 -3.48436e-10 0.000107883)
(-3.55892e-09 2.86701e-09 9.98722e-05)
(-1.08109e-09 1.07827e-09 8.29945e-05)
(-4.41898e-09 -8.43466e-09 5.70449e-05)
(-2.77336e-09 -1.20427e-09 2.28721e-05)
(9.35179e-10 3.66794e-09 3.75041e-05)
(-1.19527e-09 2.26309e-09 8.60477e-05)
(-3.13232e-09 -1.76069e-09 0.000114543)
(-3.35942e-10 -2.81456e-09 0.000128146)
(-1.13605e-09 -1.61315e-09 0.000133194)
(-1.1295e-09 -7.41372e-10 0.000133194)
(-1.35451e-09 -8.47179e-10 0.000128146)
(3.06769e-09 -1.71855e-09 0.000114544)
(2.56957e-09 -9.36245e-10 8.60489e-05)
(-5.72402e-10 -3.58093e-10 3.75054e-05)
(-1.07607e-10 1.54332e-09 4.90228e-05)
(2.66524e-09 -3.17098e-10 0.000104705)
(2.91928e-09 -8.48118e-10 0.0001295)
(6.87344e-10 -1.88362e-09 0.000137785)
(-5.94807e-10 2.90467e-10 0.000139986)
(-9.40387e-10 -1.74999e-10 0.000139986)
(-1.60552e-09 -8.82246e-10 0.000137784)
(-3.23167e-09 -1.87234e-09 0.0001295)
(-3.14327e-09 -2.55029e-09 0.000104706)
(-2.47795e-10 8.85523e-10 4.90238e-05)
(-2.74662e-10 1.45134e-09 5.53211e-05)
(1.72794e-09 -1.56181e-09 0.000113182)
(1.41315e-09 5.14959e-10 0.000134663)
(3.17197e-10 -6.41182e-10 0.000140172)
(6.64096e-10 1.11438e-09 0.000141242)
(1.17146e-10 7.36941e-10 0.000141241)
(5.60468e-10 -2.48685e-10 0.000140172)
(-1.14671e-09 -2.41564e-10 0.000134663)
(-2.26372e-09 -2.79122e-09 0.000113183)
(-1.63718e-10 2.31007e-11 5.53215e-05)
(-9.70084e-10 3.95117e-10 5.53215e-05)
(8.18015e-10 -2.34041e-09 0.000113183)
(1.63931e-09 1.50645e-09 0.000134663)
(-4.61851e-10 -5.68212e-10 0.000140172)
(4.06168e-10 7.36168e-10 0.000141242)
(-2.86145e-10 -9.80682e-11 0.000141241)
(3.08119e-10 -4.68705e-10 0.000140171)
(-1.93298e-09 2.22809e-09 0.000134662)
(-1.36571e-09 -2.43683e-09 0.000113182)
(1.22659e-09 1.77323e-10 5.53219e-05)
(-2.13806e-10 1.50628e-09 4.90232e-05)
(2.93044e-09 -4.75811e-09 0.000104706)
(4.53413e-09 3.75092e-09 0.000129499)
(1.8652e-10 5.77322e-10 0.000137785)
(3.73335e-10 1.8095e-09 0.000139986)
(-6.91484e-10 7.90839e-10 0.000139986)
(-3.76615e-10 1.05622e-09 0.000137785)
(-4.37625e-09 4.21584e-09 0.000129499)
(-3.29627e-09 -4.76646e-09 0.000104705)
(1.14107e-10 7.04542e-12 4.90236e-05)
(5.05029e-10 -2.50398e-09 3.75039e-05)
(-2.31024e-09 -9.05073e-09 8.60482e-05)
(-1.10338e-09 6.06708e-09 0.000114544)
(-4.93141e-10 2.45112e-09 0.000128146)
(8.8636e-11 2.5133e-09 0.000133194)
(-3.75951e-11 1.71529e-09 0.000133194)
(9.68642e-10 3.49375e-09 0.000128146)
(1.94087e-09 7.44586e-09 0.000114543)
(1.57471e-09 -7.11371e-09 8.60476e-05)
(-1.02556e-09 -1.64979e-09 3.75042e-05)
(-1.38629e-09 -4.25259e-09 2.28717e-05)
(-5.48484e-09 -2.02107e-09 5.70456e-05)
(-2.7493e-09 6.05178e-09 8.29963e-05)
(8.79735e-10 -5.19353e-10 9.98732e-05)
(-1.42982e-09 1.22508e-09 0.000107883)
(4.6309e-10 3.55507e-10 0.000107883)
(-2.31484e-09 4.58717e-10 9.98731e-05)
(9.41949e-10 7.62774e-09 8.29964e-05)
(4.00621e-09 -4.05621e-10 5.70456e-05)
(8.96513e-10 -3.74912e-09 2.28712e-05)
(-5.53181e-10 -5.80271e-10 8.64512e-06)
(6.52216e-10 2.85457e-09 2.16669e-05)
(4.55525e-09 3.47757e-09 3.47436e-05)
(2.11685e-09 -1.57432e-09 4.47489e-05)
(-1.69984e-09 -2.21614e-10 5.0085e-05)
(1.12483e-09 -5.5742e-10 5.00851e-05)
(-1.8102e-09 -1.61433e-09 4.47496e-05)
(-3.28487e-09 2.94686e-09 3.4744e-05)
(1.62185e-09 2.24677e-09 2.16675e-05)
(4.91842e-09 -3.19993e-09 8.64516e-06)
(-9.46583e-09 6.26107e-09 8.64474e-06)
(-3.77581e-09 -2.07927e-09 2.1667e-05)
(-2.82157e-09 2.6274e-09 3.47435e-05)
(-5.72979e-09 1.49225e-09 4.47488e-05)
(-1.30194e-09 4.3973e-10 5.00849e-05)
(-1.24305e-09 7.43092e-10 5.00849e-05)
(3.0613e-09 2.95837e-09 4.47488e-05)
(-3.28911e-09 1.42463e-09 3.47436e-05)
(-7.65812e-09 -9.40142e-09 2.16674e-05)
(3.72585e-09 1.72708e-09 8.64529e-06)
(-6.80406e-09 1.05395e-08 2.28716e-05)
(-9.37262e-09 1.13145e-09 5.70451e-05)
(-1.01232e-08 5.5542e-10 8.29965e-05)
(-2.92816e-09 -2.31775e-09 9.98729e-05)
(-1.26486e-09 -2.74782e-09 0.000107883)
(3.01805e-09 -1.59344e-09 0.000107883)
(4.9883e-09 3.05964e-09 9.98731e-05)
(9.98032e-09 3.96985e-09 8.29963e-05)
(4.37051e-09 -2.9587e-09 5.70453e-05)
(7.67505e-10 2.59389e-09 2.28718e-05)
(-3.23213e-09 9.94905e-09 3.75046e-05)
(-2.07399e-09 5.19868e-09 8.60478e-05)
(-6.26722e-10 -3.51985e-09 0.000114543)
(1.8939e-09 -5.60343e-09 0.000128146)
(-7.89584e-10 -3.90753e-09 0.000133194)
(-2.76327e-09 -2.51983e-09 0.000133194)
(-3.08384e-09 -1.25489e-09 0.000128146)
(6.2133e-10 5.98993e-11 0.000114543)
(1.72131e-09 4.8046e-09 8.6048e-05)
(8.94288e-10 3.98161e-09 3.75048e-05)
(-1.2537e-09 5.69468e-09 4.90238e-05)
(3.86111e-09 1.99407e-09 0.000104706)
(4.41723e-09 -1.52501e-09 0.000129499)
(2.27394e-09 -2.78655e-09 0.000137785)
(1.20416e-09 -7.14343e-10 0.000139986)
(-1.88577e-09 4.33286e-10 0.000139986)
(-1.98777e-09 2.08538e-10 0.000137785)
(-2.69807e-09 -1.03458e-09 0.000129499)
(-1.21406e-09 -7.01292e-10 0.000104706)
(2.09314e-09 2.69839e-09 4.90235e-05)
(1.2558e-10 2.62077e-09 5.53215e-05)
(3.29389e-09 -5.65483e-10 0.000113183)
(2.14001e-09 -1.18715e-10 0.000134662)
(1.59067e-10 -1.66412e-09 0.000140172)
(9.14609e-10 6.37446e-10 0.000141241)
(-3.30329e-10 8.25561e-10 0.000141241)
(6.75727e-10 1.82156e-10 0.000140172)
(-8.27972e-10 5.21404e-10 0.000134662)
(-2.501e-09 -2.14201e-09 0.000113183)
(1.9116e-10 1.87635e-09 5.53214e-05)
(-4.56042e-10 5.94765e-10 5.53217e-05)
(2.46992e-09 -1.75876e-09 0.000113183)
(2.4221e-09 1.48135e-09 0.000134662)
(7.18235e-11 -7.61159e-10 0.000140172)
(1.36964e-09 6.97274e-10 0.000141241)
(-5.31067e-10 5.94579e-10 0.000141241)
(2.93732e-10 2.61907e-10 0.000140172)
(-2.03656e-09 1.8281e-09 0.000134662)
(-1.52936e-09 -3.68034e-09 0.000113183)
(1.58107e-09 -3.26371e-11 5.53215e-05)
(-2.22338e-09 -1.14795e-09 4.90238e-05)
(1.30222e-09 -4.31261e-09 0.000104706)
(4.55424e-09 3.24148e-09 0.000129498)
(2.94747e-10 3.75117e-10 0.000137785)
(8.49536e-10 1.19608e-09 0.000139986)
(-7.92276e-10 7.44543e-10 0.000139986)
(-1.62165e-09 8.60638e-10 0.000137784)
(-4.94919e-09 2.651e-09 0.000129498)
(-1.28983e-09 -7.12716e-09 0.000104706)
(1.66994e-09 1.14568e-10 4.90236e-05)
(8.75788e-10 2.68459e-10 3.75041e-05)
(-8.77485e-10 -9.19447e-09 8.60472e-05)
(2.71691e-09 4.12289e-09 0.000114543)
(2.86278e-09 2.29024e-09 0.000128146)
(1.56074e-09 3.28893e-09 0.000133194)
(4.4217e-10 3.19662e-09 0.000133194)
(-6.0818e-10 3.67539e-09 0.000128146)
(-5.37572e-10 4.28523e-09 0.000114543)
(1.05377e-09 -1.31237e-08 8.60475e-05)
(-1.04834e-09 -3.32964e-09 3.75044e-05)
(7.67028e-10 -3.82658e-09 2.28712e-05)
(-5.82105e-09 -6.7845e-09 5.70447e-05)
(-7.12842e-09 1.09969e-09 8.29969e-05)
(-2.32451e-09 -7.26487e-10 9.98735e-05)
(-2.08938e-09 2.09198e-09 0.000107883)
(3.19502e-09 2.95333e-09 0.000107884)
(4.81428e-09 1.03446e-09 9.98735e-05)
(1.17592e-08 2.50094e-09 8.2997e-05)
(1.14633e-08 -9.03736e-09 5.70449e-05)
(2.8795e-09 -8.19872e-09 2.28712e-05)
(-6.72126e-09 -6.26021e-09 8.6451e-06)
(-4.72174e-09 -1.47115e-09 2.16672e-05)
(-3.10926e-09 -8.86019e-10 3.47439e-05)
(-2.4749e-09 -2.28655e-09 4.47489e-05)
(-2.78325e-09 -3.4458e-10 5.00852e-05)
(2.20519e-09 -2.79924e-11 5.00854e-05)
(1.31975e-09 -2.10085e-09 4.47493e-05)
(3.88109e-09 -6.05919e-11 3.47445e-05)
(7.70258e-09 -1.53932e-09 2.16672e-05)
(5.51129e-09 -4.41931e-09 8.64483e-06)
(-4.10002e-09 2.50247e-09 8.6451e-06)
(7.75404e-09 -8.90121e-09 2.16681e-05)
(5.82116e-09 8.70419e-10 3.47443e-05)
(5.98064e-10 1.16425e-09 4.47483e-05)
(1.77589e-09 -3.76728e-11 5.00845e-05)
(-1.02563e-10 -1.44696e-10 5.00845e-05)
(1.37832e-09 1.80441e-09 4.47484e-05)
(-5.13208e-09 1.91637e-09 3.47438e-05)
(-9.32981e-09 -7.30204e-09 2.16676e-05)
(-1.08493e-09 -1.0163e-09 8.64519e-06)
(-1.00673e-09 3.93074e-09 2.28719e-05)
(2.06149e-09 -8.54632e-09 5.70457e-05)
(-1.39423e-09 -1.15437e-09 8.2998e-05)
(1.86844e-09 9.4163e-10 9.98729e-05)
(1.27641e-10 2.93199e-10 0.000107883)
(-2.56187e-10 1.27154e-10 0.000107883)
(-3.07442e-09 2.8527e-09 9.98725e-05)
(-1.27218e-09 1.81149e-09 8.29973e-05)
(-4.64052e-09 -8.03434e-09 5.70454e-05)
(-3.81237e-09 -3.33311e-09 2.28718e-05)
(9.82299e-10 2.62556e-09 3.75044e-05)
(-2.09925e-10 1.38555e-10 8.60474e-05)
(-1.81541e-09 -4.4889e-09 0.000114545)
(4.40306e-10 -2.11481e-09 0.000128147)
(-8.23773e-10 -1.28739e-10 0.000133194)
(-1.08445e-09 -1.61172e-10 0.000133194)
(-1.42139e-09 -1.61975e-10 0.000128147)
(9.17859e-10 -2.6103e-09 0.000114544)
(1.21097e-09 -1.95879e-09 8.60468e-05)
(-2.75914e-10 -9.28487e-10 3.75036e-05)
(-1.33905e-10 7.2296e-10 4.90243e-05)
(2.65821e-09 -9.82235e-10 0.000104706)
(2.75421e-09 -2.21723e-09 0.000129498)
(4.11803e-10 -8.83833e-10 0.000137785)
(-1.69562e-10 2.25873e-10 0.000139986)
(-1.90581e-09 3.49405e-10 0.000139986)
(-1.9207e-09 -7.26626e-10 0.000137785)
(-2.69443e-09 -2.38896e-09 0.000129498)
(-2.18738e-09 -2.97027e-09 0.000104706)
(5.0762e-10 5.88212e-10 4.90234e-05)
(-9.28147e-10 1.10426e-09 5.53219e-05)
(9.42685e-10 -1.50346e-09 0.000113184)
(9.48796e-10 -6.87482e-11 0.000134661)
(-6.66981e-10 -1.27762e-10 0.000140172)
(8.94405e-11 7.30551e-10 0.000141241)
(-2.14503e-10 1.25551e-09 0.000141241)
(1.04007e-09 2.0331e-11 0.000140172)
(-6.13699e-10 -5.30818e-11 0.000134661)
(-1.90331e-09 -3.16728e-09 0.000113183)
(5.09557e-11 -1.78636e-10 5.53216e-05)
(-1.03331e-09 2.23447e-10 5.53222e-05)
(1.24457e-09 -2.1868e-09 0.000113184)
(1.8655e-09 7.19904e-10 0.000134661)
(-6.38732e-10 -7.17174e-10 0.000140172)
(2.94116e-10 3.47388e-11 0.000141241)
(-2.79687e-10 4.38989e-10 0.000141241)
(9.10678e-10 2.77276e-10 0.000140172)
(-1.80684e-09 2.00177e-09 0.000134661)
(-1.6009e-09 -2.72955e-09 0.000113184)
(1.03912e-09 -1.03213e-10 5.53213e-05)
(-7.33522e-11 1.57639e-09 4.9024e-05)
(3.09298e-09 -5.10418e-09 0.000104706)
(4.94946e-09 2.31147e-09 0.000129498)
(1.18246e-09 1.69004e-10 0.000137785)
(7.20819e-10 4.83787e-10 0.000139986)
(-9.43541e-10 5.45524e-10 0.000139986)
(-9.40684e-10 1.96588e-09 0.000137785)
(-4.96609e-09 4.10148e-09 0.000129498)
(-3.64788e-09 -4.54009e-09 0.000104706)
(-1.57951e-10 6.79074e-10 4.90233e-05)
(1.66905e-09 -2.11269e-09 3.75043e-05)
(-1.33242e-09 -9.80131e-09 8.60476e-05)
(-1.16423e-09 5.03116e-09 0.000114544)
(-6.37983e-10 1.62831e-09 0.000128146)
(-4.1571e-10 1.69299e-09 0.000133193)
(-4.75422e-10 1.8224e-09 0.000133194)
(2.84647e-11 3.40315e-09 0.000128146)
(1.22798e-09 6.68299e-09 0.000114544)
(4.41843e-10 -7.17932e-09 8.60485e-05)
(-1.82145e-09 -1.85309e-09 3.75044e-05)
(-1.87228e-09 -5.47551e-09 2.28712e-05)
(-7.07426e-09 -4.11167e-09 5.70453e-05)
(-5.79746e-09 4.07692e-09 8.29974e-05)
(-1.56905e-09 -1.28741e-09 9.98717e-05)
(-2.3536e-09 3.85164e-10 0.000107881)
(7.24179e-10 3.08641e-10 0.000107881)
(-6.24291e-10 -2.99474e-10 9.98716e-05)
(3.55369e-09 5.73655e-09 8.29966e-05)
(4.48727e-09 -1.62217e-09 5.70452e-05)
(2.62828e-10 -3.81096e-09 2.2872e-05)
(-3.18089e-09 -2.64642e-09 8.64514e-06)
(-2.3082e-09 1.13437e-09 2.16668e-05)
(1.53731e-09 1.28302e-09 3.47433e-05)
(7.06586e-10 -1.55183e-09 4.47472e-05)
(-1.60879e-09 -7.03472e-10 5.00833e-05)
(1.17889e-09 -7.94747e-10 5.00829e-05)
(-6.18121e-10 -1.56683e-09 4.47466e-05)
(-1.02193e-09 1.43293e-09 3.47427e-05)
(1.37731e-09 1.40305e-09 2.16661e-05)
(3.00479e-09 -2.28557e-09 8.64479e-06)
(4.13685e-09 -1.83599e-09 8.6453e-06)
(2.74104e-10 5.08672e-10 2.16678e-05)
(-2.27371e-10 -1.67158e-09 3.47453e-05)
(1.90935e-09 5.25638e-10 4.47498e-05)
(1.44605e-09 1.02399e-09 5.00863e-05)
(5.83716e-10 1.70469e-09 5.0086e-05)
(-8.24864e-10 1.90054e-10 4.47494e-05)
(1.076e-10 -1.00103e-09 3.47445e-05)
(1.79429e-09 1.73882e-09 2.16669e-05)
(-1.08146e-09 -6.74209e-10 8.64464e-06)
(-1.1284e-09 4.11687e-10 2.28716e-05)
(-4.88698e-09 3.39356e-09 5.70443e-05)
(-4.55099e-09 6.4252e-10 8.29981e-05)
(-1.99222e-09 -1.3464e-09 9.9875e-05)
(4.58171e-10 -5.83959e-10 0.000107885)
(1.48783e-09 1.60221e-10 0.000107885)
(3.33498e-09 -8.13454e-10 9.98744e-05)
(2.70638e-09 1.32001e-09 8.29971e-05)
(2.99901e-09 4.61419e-09 5.70434e-05)
(4.22211e-10 4.27561e-11 2.28701e-05)
(-2.60628e-09 2.53336e-09 3.7504e-05)
(-4.50825e-09 3.19909e-09 8.60474e-05)
(-4.01225e-09 3.25044e-09 0.000114544)
(-2.64379e-09 -2.74722e-09 0.000128148)
(-1.79534e-09 -2.82695e-09 0.000133195)
(-3.96166e-10 -2.08152e-09 0.000133195)
(7.39212e-10 -1.99844e-09 0.000128146)
(1.68042e-09 2.72695e-09 0.000114543)
(4.44958e-09 3.65423e-09 8.60466e-05)
(3.52728e-09 2.5999e-09 3.75033e-05)
(-4.74887e-10 2.96442e-09 4.90225e-05)
(-4.09197e-11 9.65979e-10 0.000104706)
(3.30777e-11 2.51089e-09 0.000129498)
(-3.54832e-10 -1.56781e-09 0.000137785)
(-9.31379e-10 -1.47111e-09 0.000139986)
(-4.74975e-10 -1.20585e-09 0.000139986)
(-8.60799e-10 -1.1779e-09 0.000137785)
(-3.22135e-10 7.48938e-10 0.000129498)
(-4.1109e-10 -3.34818e-10 0.000104706)
(5.91549e-11 2.23474e-09 4.90226e-05)
(-1.44044e-11 2.33992e-09 5.53207e-05)
(1.13351e-09 1.34429e-09 0.000113183)
(1.3083e-09 2.13647e-09 0.000134661)
(5.6721e-10 -9.20041e-10 0.000140172)
(4.07626e-10 -6.04762e-10 0.000141241)
(-2.62847e-10 -9.56482e-10 0.000141241)
(-1.40346e-09 -3.81527e-10 0.000140172)
(-2.38828e-09 7.85756e-10 0.00013466)
(-2.34435e-09 -7.29657e-10 0.000113183)
(-6.71428e-10 3.85793e-10 5.53207e-05)
(9.71414e-11 3.3904e-09 5.53214e-05)
(-1.10096e-10 9.54067e-10 0.000113184)
(8.22442e-10 2.27428e-09 0.000134661)
(4.09972e-10 -2.19854e-10 0.000140172)
(3.01402e-10 2.0098e-11 0.000141241)
(-1.55761e-10 7.42813e-10 0.000141241)
(-5.97634e-10 6.77367e-10 0.000140172)
(-1.59101e-09 1.32704e-09 0.00013466)
(-2.18546e-09 -1.45242e-09 0.000113183)
(-5.4143e-10 -4.06773e-10 5.53203e-05)
(1.79105e-09 4.92814e-09 4.90235e-05)
(1.15561e-09 2.30053e-09 0.000104707)
(2.87659e-10 2.28736e-09 0.000129498)
(1.53792e-11 2.92535e-10 0.000137785)
(7.39386e-10 -6.80666e-10 0.000139986)
(1.15966e-09 3.18782e-10 0.000139986)
(1.40293e-09 1.33677e-09 0.000137785)
(1.37727e-09 2.1362e-09 0.000129498)
(-1.32056e-09 -2.86435e-10 0.000104706)
(-1.34381e-09 -1.54156e-09 4.90225e-05)
(2.03507e-09 2.7762e-09 3.75049e-05)
(-4.19844e-10 2.5386e-09 8.60475e-05)
(-1.56291e-09 1.09624e-09 0.000114543)
(9.18337e-10 4.05591e-10 0.000128145)
(1.15782e-09 -8.28697e-10 0.000133194)
(1.44856e-09 9.14975e-11 0.000133194)
(2.09668e-09 1.71572e-09 0.000128146)
(4.86394e-09 3.51528e-09 0.000114544)
(4.12808e-09 1.42221e-09 8.60477e-05)
(2.39652e-09 -4.00327e-09 3.75043e-05)
(4.93609e-09 5.91997e-09 2.2871e-05)
(3.91578e-09 7.50998e-09 5.70428e-05)
(6.09512e-10 -1.50465e-10 8.29956e-05)
(1.23345e-09 -2.77608e-09 9.98726e-05)
(-8.92561e-10 -2.44045e-09 0.000107884)
(-1.49274e-10 -1.0074e-09 0.000107884)
(-1.58259e-09 -1.63326e-09 9.98746e-05)
(2.7183e-10 2.28354e-09 8.29978e-05)
(-1.17733e-09 8.57766e-09 5.70445e-05)
(-9.20254e-10 1.60209e-09 2.28712e-05)
(5.01098e-09 4.19306e-09 8.64448e-06)
(1.0986e-08 7.33226e-09 2.16662e-05)
(8.04945e-09 8.3907e-10 3.47439e-05)
(3.34304e-09 -1.09722e-09 4.47494e-05)
(7.63726e-11 -1.85356e-09 5.00859e-05)
(-2.20508e-09 -1.08033e-09 5.00862e-05)
(-4.52301e-09 -1.5172e-09 4.47501e-05)
(-9.14828e-09 1.61957e-09 3.47447e-05)
(-8.94169e-09 7.61482e-09 2.16675e-05)
(8.13997e-11 8.54267e-10 8.64517e-06)
(-1.54707e-08 1.18051e-08 8.64524e-06)
(5.00543e-10 -5.42137e-09 2.16663e-05)
(-1.82703e-09 3.21489e-09 3.47429e-05)
(-5.28938e-09 1.78754e-09 4.47486e-05)
(1.87499e-09 3.57145e-10 5.0085e-05)
(-1.3123e-09 6.46184e-10 5.00847e-05)
(6.51434e-09 2.63963e-09 4.47481e-05)
(-1.34416e-11 3.90744e-09 3.47423e-05)
(-5.24421e-09 -7.35539e-09 2.16662e-05)
(8.20212e-09 5.58505e-09 8.64477e-06)
(-9.30961e-09 1.26798e-08 2.28715e-05)
(-5.50196e-09 -1.44015e-09 5.70458e-05)
(-1.1039e-08 6.1552e-09 8.29951e-05)
(-6.02009e-09 -1.86078e-09 9.9872e-05)
(-6.82476e-10 -3.76799e-09 0.000107882)
(1.97591e-09 -3.40432e-09 0.000107882)
(7.07574e-09 -5.41354e-10 9.9872e-05)
(1.26403e-08 1.0011e-08 8.29945e-05)
(3.54286e-09 -2.35396e-09 5.70453e-05)
(3.77477e-09 6.58947e-09 2.2872e-05)
(-1.31484e-09 8.25797e-09 3.75053e-05)
(-4.8771e-10 3.93864e-09 8.60496e-05)
(-4.01174e-09 5.80913e-09 0.000114542)
(2.87549e-10 -7.15538e-09 0.000128145)
(-2.25936e-10 -5.10501e-09 0.000133193)
(-1.10223e-09 -4.59117e-09 0.000133193)
(-2.33247e-09 -4.75533e-09 0.000128145)
(9.3987e-10 8.92329e-09 0.000114542)
(-2.36506e-09 1.59839e-09 8.60489e-05)
(-1.34184e-09 2.26016e-09 3.75056e-05)
(-4.83391e-10 5.11159e-09 4.90239e-05)
(9.13612e-10 2.3011e-09 0.000104707)
(2.18369e-09 3.80988e-09 0.000129499)
(2.33497e-09 -4.33779e-09 0.000137784)
(-1.06964e-09 -1.73353e-09 0.000139985)
(-1.41099e-09 -8.9359e-10 0.000139985)
(-4.59633e-09 -1.87201e-09 0.000137784)
(-3.84667e-09 4.10358e-09 0.0001295)
(-1.60092e-09 -2.41761e-09 0.000104707)
(-1.13781e-10 -1.04666e-09 4.90239e-05)
(1.44893e-09 2.16307e-09 5.53213e-05)
(1.79414e-09 1.87793e-09 0.000113183)
(8.60967e-10 2.21961e-09 0.000134663)
(1.5333e-09 -1.74088e-09 0.000140172)
(5.7102e-10 -7.86072e-10 0.000141241)
(2.00206e-10 -2.93276e-10 0.000141241)
(-1.74098e-09 -1.18326e-09 0.000140172)
(-1.17684e-09 6.85949e-10 0.000134662)
(-1.39399e-09 -2.16115e-09 0.000113183)
(-1.13982e-09 -4.99028e-10 5.53216e-05)
(1.23531e-09 -6.96714e-11 5.53211e-05)
(1.73608e-09 2.55374e-09 0.000113183)
(1.53842e-09 1.07733e-09 0.000134662)
(1.62952e-09 -1.76087e-09 0.000140172)
(1.03625e-09 6.69081e-11 0.000141241)
(3.71235e-10 9.96399e-10 0.000141241)
(-1.22034e-09 -1.01976e-10 0.000140172)
(-1.54107e-09 1.4177e-09 0.000134662)
(-1.98126e-09 -2.2136e-09 0.000113183)
(-3.77778e-10 -3.90188e-09 5.53216e-05)
(-1.69167e-09 -1.56419e-09 4.90235e-05)
(1.40939e-09 2.45235e-09 0.000104706)
(4.16133e-09 -3.88575e-10 0.000129499)
(3.04354e-09 -1.68256e-09 0.000137784)
(2.06819e-09 5.5671e-10 0.000139986)
(2.04005e-10 1.99405e-09 0.000139986)
(-1.43362e-09 8.99774e-10 0.000137784)
(-3.72367e-09 4.03125e-10 0.000129499)
(-1.86851e-09 -2.77503e-09 0.000104706)
(2.43856e-09 -6.72817e-09 4.90242e-05)
(-7.19955e-10 -1.02836e-09 3.75046e-05)
(1.08535e-09 -2.78054e-09 8.60477e-05)
(2.45159e-09 -7.59411e-10 0.000114543)
(2.04937e-09 7.91243e-10 0.000128146)
(2.20576e-09 2.98142e-09 0.000133194)
(1.73505e-09 4.25251e-09 0.000133194)
(1.31559e-09 4.24099e-09 0.000128146)
(3.71358e-10 1.51697e-09 0.000114543)
(8.8389e-10 -8.59224e-09 8.60476e-05)
(3.37155e-09 -1.0232e-08 3.7505e-05)
(5.53015e-10 -2.97225e-09 2.28719e-05)
(-3.01661e-09 -4.12448e-09 5.70459e-05)
(-6.74016e-09 -2.14261e-09 8.29968e-05)
(-3.64069e-09 -5.70555e-10 9.98728e-05)
(-1.39322e-09 2.56266e-09 0.000107883)
(3.11623e-09 3.17071e-09 0.000107883)
(7.44829e-09 1.64753e-09 9.98736e-05)
(1.33556e-08 5.27686e-10 8.29965e-05)
(1.44558e-08 -8.58767e-09 5.70458e-05)
(8.69521e-09 -1.21062e-08 2.28718e-05)
(-6.08599e-09 -4.5259e-09 8.64509e-06)
(-4.38513e-09 -1.71797e-09 2.16675e-05)
(-3.07451e-09 -1.63204e-09 3.47437e-05)
(-3.76508e-09 -1.57562e-09 4.47492e-05)
(-2.183e-09 -3.62553e-10 5.00856e-05)
(8.08162e-10 -2.67608e-10 5.0086e-05)
(2.78027e-09 -1.63407e-09 4.47495e-05)
(4.76168e-09 -1.75526e-09 3.47435e-05)
(7.5612e-09 -2.22046e-09 2.16676e-05)
(9.18486e-09 -7.23344e-09 8.64545e-06)
(-2.70691e-09 3.62475e-10 8.64503e-06)
(9.53866e-09 -1.04107e-08 2.16667e-05)
(7.67102e-09 7.1314e-11 3.47435e-05)
(2.26665e-10 1.88542e-09 4.47494e-05)
(1.30907e-09 6.36818e-11 5.00853e-05)
(-6.96993e-10 1.31824e-10 5.00853e-05)
(1.31682e-09 2.5645e-09 4.4749e-05)
(-6.12411e-09 9.80034e-10 3.47432e-05)
(-7.24388e-09 -6.62878e-09 2.16672e-05)
(5.91904e-09 4.68385e-09 8.64541e-06)
(2.02765e-09 4.89866e-10 2.28713e-05)
(1.91694e-09 -8.98631e-09 5.70455e-05)
(-2.37506e-09 1.84499e-10 8.29952e-05)
(-2.78941e-10 3.66142e-09 9.98728e-05)
(-3.01201e-09 -1.50723e-10 0.000107883)
(-3.04886e-09 -5.75005e-10 0.000107883)
(-4.73381e-09 2.37439e-09 9.98727e-05)
(-2.06477e-09 -5.85323e-10 8.29951e-05)
(-4.16919e-09 -7.40239e-09 5.70455e-05)
(-2.06851e-09 5.07551e-11 2.28722e-05)
(3.63112e-10 3.57998e-09 3.75047e-05)
(-1.40996e-09 4.36429e-10 8.60488e-05)
(-2.68726e-09 -3.03264e-09 0.000114543)
(1.14516e-09 -6.91836e-10 0.000128146)
(7.5417e-10 -5.2081e-10 0.000133194)
(-2.12847e-10 -1.0705e-09 0.000133194)
(-5.34698e-10 -1.40719e-09 0.000128146)
(2.68476e-09 -3.34459e-09 0.000114543)
(2.87302e-09 -2.49623e-10 8.60486e-05)
(4.49178e-10 1.45636e-09 3.75053e-05)
(4.66128e-10 1.24487e-09 4.90234e-05)
(2.23429e-09 -6.29298e-10 0.000104706)
(2.17684e-09 -1.82177e-09 0.0001295)
(1.33438e-09 -1.43529e-09 0.000137784)
(4.79268e-10 6.90459e-10 0.000139986)
(-9.21488e-10 2.65505e-10 0.000139985)
(-1.79541e-09 -1.20254e-09 0.000137784)
(-2.718e-09 -2.3133e-09 0.0001295)
(-2.48606e-09 -2.0707e-09 0.000104706)
(4.23969e-10 2.26444e-09 4.90236e-05)
(-6.18899e-10 1.70132e-09 5.53214e-05)
(1.19433e-09 -4.60868e-10 0.000113183)
(7.28427e-10 7.15968e-10 0.000134663)
(-1.14618e-09 -7.94822e-10 0.000140172)
(-4.93566e-10 9.5507e-10 0.000141241)
(1.14902e-10 3.99191e-10 0.000141241)
(1.21688e-09 -1.10275e-09 0.000140172)
(-2.69908e-10 -7.92604e-10 0.000134663)
(-1.96705e-09 -2.65654e-09 0.000113183)
(-3.93937e-10 8.34242e-10 5.53214e-05)
(-4.58239e-10 7.59638e-10 5.53216e-05)
(1.1738e-09 -1.20871e-09 0.000113182)
(1.55402e-09 2.21658e-09 0.000134663)
(-3.45703e-10 -5.54972e-10 0.000140172)
(3.84605e-10 -1.49499e-10 0.000141242)
(3.91482e-10 -3.87553e-10 0.000141241)
(1.35147e-09 -6.70262e-10 0.000140172)
(-1.14638e-09 2.643e-09 0.000134663)
(-1.5302e-09 -1.97804e-09 0.000113182)
(5.19829e-10 9.36097e-10 5.53217e-05)
(-3.88602e-10 2.12518e-09 4.90235e-05)
(2.35407e-09 -3.52843e-09 0.000104705)
(4.72802e-09 4.60369e-09 0.000129499)
(1.47844e-09 1.3057e-09 0.000137784)
(1.41922e-09 3.45724e-10 0.000139986)
(-6.66035e-11 -5.05914e-10 0.000139986)
(-5.35913e-11 1.31644e-09 0.000137784)
(-4.32391e-09 4.76124e-09 0.000129499)
(-3.2813e-09 -3.87862e-09 0.000104706)
(-2.34561e-10 2.28037e-09 4.90239e-05)
(2.03903e-09 -7.51071e-10 3.75049e-05)
(-1.03637e-09 -6.74507e-09 8.60481e-05)
(-1.00344e-09 6.07602e-09 0.000114543)
(9.08045e-10 2.36993e-09 0.000128146)
(8.73995e-10 5.2983e-10 0.000133194)
(-2.46123e-10 5.38294e-10 0.000133194)
(-2.26727e-10 3.35827e-09 0.000128146)
(2.79834e-10 7.85583e-09 0.000114543)
(-5.27848e-10 -5.15288e-09 8.6048e-05)
(-2.79846e-09 2.56884e-10 3.75044e-05)
(3.58058e-10 -2.81491e-09 2.2872e-05)
(-1.58002e-09 1.43299e-09 5.70457e-05)
(2.37738e-10 6.52972e-09 8.29962e-05)
(2.84089e-09 -9.08217e-10 9.98723e-05)
(-1.23844e-10 -6.68182e-11 0.000107882)
(4.38884e-10 2.32318e-12 0.000107883)
(-3.1819e-09 2.90225e-10 9.9873e-05)
(1.03404e-10 7.58565e-09 8.2996e-05)
(2.18963e-09 9.48665e-10 5.70457e-05)
(1.92196e-10 -3.35597e-09 2.28714e-05)
(-2.43512e-09 -2.25745e-09 8.64514e-06)
(2.44007e-09 4.23108e-09 2.16675e-05)
(5.50261e-09 3.22451e-09 3.47433e-05)
(3.02037e-09 -9.61836e-10 4.47484e-05)
(-2.2544e-10 4.00099e-10 5.00844e-05)
(1.67334e-09 -2.69267e-10 5.00845e-05)
(-2.03224e-09 -1.52302e-09 4.47486e-05)
(-3.81578e-09 2.37802e-09 3.47432e-05)
(-9.13354e-11 2.25278e-09 2.16674e-05)
(2.10548e-09 -1.73029e-09 8.64512e-06)
(-1.08297e-08 7.34992e-09 8.64498e-06)
(-4.56876e-09 -5.31975e-10 2.16671e-05)
(-4.56163e-09 3.91059e-09 3.47438e-05)
(-7.61461e-09 1.69483e-09 4.47492e-05)
(-1.44904e-09 5.97511e-12 5.00853e-05)
(-1.37398e-09 3.23954e-10 5.00856e-05)
(3.10402e-09 2.04868e-09 4.4749e-05)
(-4.27251e-10 2.54908e-09 3.47442e-05)
(-3.03025e-09 -6.15338e-09 2.16674e-05)
(6.97383e-09 4.79649e-09 8.64534e-06)
(-8.22642e-09 1.35021e-08 2.28719e-05)
(-1.15961e-08 4.6226e-09 5.70453e-05)
(-1.30577e-08 2.58715e-09 8.29965e-05)
(-6.08984e-09 -6.36798e-10 9.98735e-05)
(-2.96207e-09 -3.63302e-09 0.000107884)
(2.28885e-09 -3.24315e-09 0.000107884)
(4.11133e-09 1.05882e-09 9.98732e-05)
(9.49897e-09 3.21806e-09 8.29962e-05)
(4.74726e-09 -1.31893e-09 5.70452e-05)
(9.63689e-10 3.85613e-09 2.28718e-05)
(-2.45684e-09 1.09008e-08 3.75043e-05)
(-1.45032e-09 6.24275e-09 8.60478e-05)
(-6.87037e-10 -2.09764e-09 0.000114543)
(2.35319e-09 -3.79131e-09 0.000128146)
(-1.34241e-11 -4.07497e-09 0.000133195)
(-9.21397e-10 -3.80724e-09 0.000133195)
(-2.76467e-09 -2.49091e-09 0.000128146)
(3.8953e-10 -7.00995e-10 0.000114543)
(2.62574e-09 4.28241e-09 8.60475e-05)
(1.09507e-09 3.82564e-09 3.75045e-05)
(-7.48413e-10 5.33171e-09 4.90235e-05)
(4.0648e-09 2.12889e-09 0.000104706)
(4.28018e-09 -1.07725e-09 0.000129499)
(2.05932e-09 -2.05826e-09 0.000137785)
(1.36702e-09 -3.5472e-10 0.000139986)
(-1.33709e-09 -2.05479e-11 0.000139986)
(-1.97073e-09 -3.64723e-10 0.000137785)
(-3.30737e-09 -1.57783e-09 0.000129499)
(-2.47053e-09 -1.42344e-09 0.000104706)
(1.38285e-09 2.6135e-09 4.90234e-05)
(7.6289e-11 3.51048e-09 5.53214e-05)
(2.95293e-09 9.44638e-10 0.000113183)
(1.58413e-09 9.94858e-11 0.000134662)
(1.65862e-10 -8.91859e-10 0.000140172)
(8.09173e-10 -5.91788e-11 0.000141242)
(-4.72017e-10 2.26319e-10 0.000141241)
(5.24851e-10 3.02233e-10 0.000140171)
(-9.42714e-10 -1.22853e-10 0.000134662)
(-2.10642e-09 -2.27644e-09 0.000113183)
(3.05469e-10 1.37872e-09 5.53209e-05)
(-6.36703e-10 1.24132e-09 5.53213e-05)
(2.12889e-09 -5.69857e-12 0.000113183)
(2.54643e-09 3.87621e-10 0.000134662)
(2.4091e-10 -6.76902e-10 0.000140172)
(1.16317e-09 -1.28403e-11 0.000141242)
(-3.36145e-10 -4.68985e-10 0.000141241)
(7.61126e-10 2.50639e-10 0.000140172)
(-1.39285e-09 2.89246e-09 0.000134662)
(-1.63153e-09 -2.69008e-09 0.000113183)
(1.20045e-09 -1.93085e-10 5.53212e-05)
(-1.89501e-09 -3.63885e-10 4.90236e-05)
(2.36314e-09 -2.9828e-09 0.000104706)
(4.96517e-09 1.63311e-09 0.000129499)
(1.57967e-09 2.41458e-10 0.000137785)
(1.85929e-09 1.52177e-10 0.000139986)
(-5.27245e-10 3.00225e-10 0.000139986)
(-1.07767e-09 1.2572e-09 0.000137785)
(-6.02907e-09 4.23713e-09 0.000129499)
(-3.34424e-09 -5.81718e-09 0.000104705)
(1.01e-09 -3.07701e-11 4.90231e-05)
(1.3219e-09 3.49566e-11 3.75049e-05)
(1.05831e-09 -8.10294e-09 8.60477e-05)
(3.20666e-09 3.37436e-09 0.000114543)
(2.88285e-09 2.45994e-09 0.000128146)
(1.67041e-09 2.23819e-09 0.000133194)
(1.31697e-10 3.66805e-09 0.000133195)
(-8.2497e-10 4.934e-09 0.000128147)
(-1.80393e-09 6.42858e-09 0.000114543)
(-6.21398e-10 -1.17986e-08 8.60466e-05)
(-1.09716e-09 -3.85499e-09 3.75033e-05)
(1.26698e-09 -3.58529e-09 2.28717e-05)
(-5.2542e-09 -6.6831e-09 5.70448e-05)
(-7.50239e-09 7.92863e-10 8.29965e-05)
(-2.46993e-09 -7.79813e-10 9.98736e-05)
(-1.67941e-09 2.11656e-09 0.000107884)
(2.25963e-09 2.99969e-09 0.000107884)
(3.65662e-09 2.60612e-09 9.98741e-05)
(1.09707e-08 4.96968e-09 8.29972e-05)
(1.1579e-08 -7.04748e-09 5.70443e-05)
(4.10204e-09 -9.12116e-09 2.28706e-05)
(-5.09648e-09 -4.40331e-09 8.64501e-06)
(-8.35734e-09 -3.62582e-09 2.16668e-05)
(-4.70209e-09 -9.38059e-10 3.47434e-05)
(-2.292e-09 -2.19189e-09 4.47487e-05)
(-3.59062e-09 -5.87794e-10 5.00851e-05)
(3.12847e-10 1.18935e-10 5.00854e-05)
(-3.63277e-11 -8.04651e-10 4.47492e-05)
(2.6794e-09 1.25629e-09 3.47441e-05)
(6.04211e-09 1.98908e-11 2.16671e-05)
(5.58926e-09 -4.78747e-09 8.64473e-06)
(-3.04501e-09 9.09475e-10 8.64524e-06)
(1.08161e-08 -1.09516e-08 2.16678e-05)
(8.01858e-09 8.54702e-10 3.47443e-05)
(5.45273e-10 1.30985e-09 4.47492e-05)
(2.31228e-09 -4.03302e-10 5.00853e-05)
(8.09393e-10 -1.19972e-10 5.00853e-05)
(3.24122e-09 2.8273e-09 4.47489e-05)
(-2.8723e-09 2.59255e-09 3.47444e-05)
(-7.49184e-09 -6.86715e-09 2.16672e-05)
(2.60224e-09 1.55025e-09 8.64504e-06)
(6.14769e-10 4.5668e-10 2.2872e-05)
(1.17542e-09 -9.23516e-09 5.70452e-05)
(-1.66342e-09 9.93336e-10 8.2998e-05)
(1.61209e-10 2.2915e-09 9.98734e-05)
(-1.99902e-09 -5.77338e-10 0.000107884)
(-1.2416e-09 -8.11778e-10 0.000107884)
(-4.19637e-09 2.92569e-09 9.9873e-05)
(-6.84643e-10 9.17327e-10 8.29973e-05)
(-2.85849e-09 -6.73688e-09 5.7045e-05)
(-1.31715e-09 1.10161e-10 2.28713e-05)
(8.54858e-10 2.88478e-09 3.75045e-05)
(-1.9311e-09 8.48208e-10 8.60477e-05)
(-3.52852e-09 -3.24264e-09 0.000114544)
(8.06741e-10 -1.76067e-09 0.000128146)
(2.89232e-10 -6.0315e-10 0.000133195)
(-6.0597e-10 -9.25131e-10 0.000133195)
(-9.10002e-10 -3.57708e-10 0.000128146)
(2.62018e-09 -2.34813e-09 0.000114543)
(2.58831e-09 3.3027e-10 8.60474e-05)
(-2.80449e-11 1.11893e-09 3.7504e-05)
(6.74762e-10 9.63637e-10 4.9024e-05)
(2.1473e-09 -5.07995e-10 0.000104706)
(1.57349e-09 -3.20222e-09 0.000129498)
(1.11404e-09 -1.39304e-09 0.000137785)
(4.82535e-10 5.39954e-10 0.000139986)
(-1.40109e-09 3.71198e-10 0.000139986)
(-1.38293e-09 -3.87084e-10 0.000137785)
(-2.84748e-09 -1.88209e-09 0.000129498)
(-2.71381e-09 -1.4736e-09 0.000104706)
(3.179e-10 1.83988e-09 4.9023e-05)
(-6.95222e-10 1.82767e-09 5.53215e-05)
(7.23877e-10 -1.19396e-09 0.000113184)
(2.24321e-10 -4.14179e-10 0.000134661)
(-1.3409e-09 -1.10597e-09 0.000140172)
(-1.43608e-10 5.40621e-10 0.000141241)
(-2.19426e-10 4.51615e-10 0.000141241)
(1.10383e-09 -2.82399e-10 0.000140172)
(-7.26256e-10 -3.19351e-10 0.000134661)
(-1.97204e-09 -2.40333e-09 0.000113183)
(4.13692e-10 8.11619e-10 5.53209e-05)
(-8.28276e-10 9.67861e-10 5.53211e-05)
(8.70817e-10 -1.5453e-09 0.000113184)
(1.08382e-09 1.61866e-09 0.000134661)
(-5.34288e-10 -1.29119e-09 0.000140172)
(1.27778e-09 -6.00516e-10 0.000141241)
(4.45539e-10 -5.18012e-10 0.000141241)
(1.54834e-09 -2.81872e-10 0.000140172)
(-1.32222e-09 2.28208e-09 0.000134661)
(-1.65307e-09 -1.94265e-09 0.000113184)
(8.61527e-10 7.75251e-10 5.53207e-05)
(-4.6331e-10 2.13947e-09 4.90236e-05)
(1.78954e-09 -3.75398e-09 0.000104706)
(3.54776e-09 3.52284e-09 0.000129498)
(3.25114e-10 1.40646e-10 0.000137785)
(1.30493e-09 -1.94867e-10 0.000139985)
(4.5732e-10 -2.33375e-10 0.000139985)
(5.30263e-10 8.56062e-10 0.000137785)
(-3.82027e-09 3.87999e-09 0.000129498)
(-2.81395e-09 -4.62619e-09 0.000104706)
(1.75768e-10 1.37103e-09 4.90233e-05)
(1.24128e-09 -1.13904e-09 3.75047e-05)
(-1.7403e-09 -7.41293e-09 8.60475e-05)
(-1.74259e-09 6.21312e-09 0.000114544)
(-4.67176e-10 1.49791e-09 0.000128146)
(7.19426e-10 4.37425e-10 0.000133194)
(5.35397e-10 5.73705e-10 0.000133194)
(1.11913e-09 3.06794e-09 0.000128146)
(2.2982e-09 6.28642e-09 0.000114543)
(1.36418e-09 -6.53009e-09 8.60473e-05)
(-1.63993e-09 -5.50646e-10 3.75047e-05)
(-1.0786e-09 -3.28889e-09 2.28719e-05)
(-3.93595e-09 1.71558e-10 5.70448e-05)
(-8.60513e-10 6.42658e-09 8.2997e-05)
(2.16871e-09 -1.75696e-09 9.98735e-05)
(-8.99801e-10 -9.69984e-10 0.000107884)
(1.1921e-09 2.36814e-11 0.000107884)
(-2.18454e-09 7.27384e-11 9.98731e-05)
(1.61272e-09 5.87787e-09 8.29973e-05)
(4.50171e-09 -1.07469e-09 5.70443e-05)
(-5.17678e-11 -2.34898e-09 2.28718e-05)
(-9.0914e-10 -4.42062e-10 8.64512e-06)
(1.44097e-09 3.48347e-09 2.16673e-05)
(4.68462e-09 2.09104e-09 3.47443e-05)
(2.03658e-09 -2.59798e-09 4.47491e-05)
(-1.23399e-09 -9.37925e-10 5.00855e-05)
(4.64757e-10 2.51922e-11 5.00854e-05)
(-2.64048e-09 -1.35298e-09 4.47491e-05)
(-2.68541e-09 1.79214e-09 3.47442e-05)
(1.74396e-09 1.06314e-09 2.1667e-05)
(4.99743e-09 -3.37812e-09 8.64494e-06)
(-1.55702e-08 1.22315e-08 8.64502e-06)
(-6.2796e-09 4.53152e-10 2.1667e-05)
(-5.51077e-09 3.79223e-09 3.47437e-05)
(-8.2007e-09 7.36208e-10 4.47489e-05)
(-3.60705e-11 -2.52486e-11 5.00852e-05)
(-1.74711e-09 -1.55084e-10 5.0085e-05)
(6.4619e-09 1.10554e-09 4.47486e-05)
(1.39059e-09 3.5299e-09 3.47433e-05)
(-3.26409e-09 -5.83957e-09 2.16666e-05)
(8.83737e-09 6.2065e-09 8.64461e-06)
(-1.10692e-08 1.44439e-08 2.28714e-05)
(-1.02642e-08 4.07324e-09 5.70451e-05)
(-1.24712e-08 7.26891e-09 8.29969e-05)
(-5.70115e-09 -3.61615e-09 9.98733e-05)
(-1.47052e-09 -4.86046e-09 0.000107883)
(2.13094e-09 -5.10655e-09 0.000107883)
(7.84758e-09 -1.81153e-09 9.98729e-05)
(1.35741e-08 8.66411e-09 8.29958e-05)
(5.51261e-09 -2.41193e-10 5.70449e-05)
(6.08712e-09 8.7897e-09 2.2871e-05)
(-2.43598e-09 9.72454e-09 3.75042e-05)
(-6.67582e-11 4.13832e-09 8.60476e-05)
(-1.90475e-09 7.40093e-09 0.000114543)
(2.19597e-09 -6.58446e-09 0.000128146)
(3.24222e-10 -6.24424e-09 0.000133194)
(-7.85289e-10 -5.79772e-09 0.000133194)
(-2.16545e-09 -5.27106e-09 0.000128146)
(2.79149e-09 9.34173e-09 0.000114542)
(-9.03164e-10 3.93845e-09 8.60477e-05)
(-1.0239e-09 3.84612e-09 3.75043e-05)
(-7.55446e-10 5.89125e-09 4.90235e-05)
(2.19655e-09 9.44972e-10 0.000104706)
(3.56214e-09 4.71974e-09 0.000129499)
(3.31514e-09 -2.76403e-09 0.000137784)
(2.11393e-10 -1.89389e-09 0.000139985)
(-9.86855e-10 -1.51342e-09 0.000139986)
(-4.2357e-09 -2.22437e-09 0.000137785)
(-3.24435e-09 5.48579e-09 0.000129498)
(-1.40264e-09 -6.78994e-10 0.000104706)
(2.4001e-10 -2.48953e-11 4.90236e-05)
(1.17851e-09 3.43666e-09 5.53214e-05)
(1.97282e-09 2.73044e-10 0.000113183)
(1.22147e-09 1.78913e-09 0.000134662)
(1.36553e-09 -1.28441e-09 0.000140171)
(6.37029e-10 3.32954e-11 0.000141241)
(7.81104e-10 -5.15385e-10 0.000141241)
(-6.31551e-10 -6.93984e-10 0.000140172)
(-5.76201e-10 1.08403e-09 0.000134662)
(-9.07193e-10 -1.45569e-09 0.000113183)
(-6.3061e-10 4.17378e-10 5.53214e-05)
(8.14103e-10 1.73162e-09 5.53212e-05)
(2.26821e-09 1.26559e-09 0.000113183)
(1.89674e-09 1.48449e-09 0.000134662)
(1.45328e-09 -8.53214e-10 0.000140171)
(8.43862e-10 1.48161e-10 0.000141241)
(-1.40983e-10 -1.39526e-10 0.000141241)
(-7.17267e-10 3.26282e-11 0.000140172)
(-1.48398e-09 1.66436e-09 0.000134662)
(-1.8971e-09 -1.28541e-09 0.000113183)
(-3.6998e-10 -2.62976e-09 5.5321e-05)
(-9.16639e-10 -8.21276e-10 4.9023e-05)
(2.67393e-09 6.76624e-10 0.000104705)
(5.0188e-09 -3.55933e-10 0.000129498)
(3.07396e-09 -5.15899e-11 0.000137784)
(1.5886e-09 6.47315e-10 0.000139986)
(-7.05682e-10 9.95468e-10 0.000139986)
(-2.07108e-09 7.89364e-10 0.000137785)
(-4.77526e-09 6.29979e-10 0.000129498)
(-3.07763e-09 -1.9271e-09 0.000104706)
(1.78647e-09 -5.35883e-09 4.90233e-05)
(3.228e-10 -9.66546e-10 3.75038e-05)
(3.14923e-09 -4.23763e-09 8.60469e-05)
(4.23486e-09 -1.2257e-09 0.000114543)
(3.51666e-09 1.49243e-09 0.000128146)
(2.48962e-09 3.42129e-09 0.000133194)
(4.40712e-10 4.37442e-09 0.000133194)
(-2.15013e-10 4.51919e-09 0.000128146)
(-5.07035e-10 1.5379e-09 0.000114543)
(1.32187e-10 -7.73656e-09 8.60475e-05)
(2.88659e-09 -9.67301e-09 3.75048e-05)
(-7.21611e-10 -4.42701e-09 2.28715e-05)
(-4.22844e-09 -5.51241e-09 5.70446e-05)
(-6.53456e-09 -1.07788e-09 8.2996e-05)
(-3.30441e-09 -5.78482e-10 9.98731e-05)
(-1.87728e-09 2.49091e-09 0.000107883)
(2.04825e-09 3.17912e-09 0.000107884)
(5.60539e-09 1.79408e-09 9.98728e-05)
(1.11474e-08 1.2695e-09 8.29968e-05)
(1.22926e-08 -6.62087e-09 5.70451e-05)
(8.63939e-09 -1.22848e-08 2.28716e-05)
(-4.46202e-09 -3.89301e-09 8.64519e-06)
(-6.61908e-09 -2.5299e-09 2.16675e-05)
(-5.10394e-09 -9.23736e-10 3.47438e-05)
(-4.22742e-09 -2.13122e-09 4.47489e-05)
(-4.0204e-09 -6.22027e-10 5.00851e-05)
(1.47865e-10 -3.63945e-10 5.0085e-05)
(7.26333e-10 -1.35046e-09 4.47485e-05)
(1.35422e-09 -1.1966e-10 3.47434e-05)
(6.02969e-09 -8.29463e-10 2.1667e-05)
(9.32323e-09 -7.35592e-09 8.6448e-06)
(-1.21072e-08 7.99303e-09 8.64461e-06)
(6.27575e-09 -9.71147e-09 2.16664e-05)
(7.30841e-09 3.5866e-13 3.47428e-05)
(3.27591e-10 1.15738e-09 4.47481e-05)
(1.45417e-09 -2.78981e-10 5.00842e-05)
(-1.06525e-09 -2.54594e-10 5.00846e-05)
(1.26354e-09 2.41386e-09 4.47486e-05)
(-5.24825e-09 9.33419e-10 3.47432e-05)
(-6.93532e-09 -7.49094e-09 2.16673e-05)
(7.35401e-09 5.34356e-09 8.6451e-06)
(-1.78832e-09 4.36047e-09 2.28713e-05)
(1.47682e-09 -8.37773e-09 5.70454e-05)
(-8.72665e-10 -1.16834e-09 8.29951e-05)
(7.75491e-11 1.63416e-09 9.98722e-05)
(-2.26513e-09 -1.13765e-09 0.000107882)
(-1.50246e-09 -8.36298e-10 0.000107882)
(-4.33337e-09 2.56181e-09 9.98722e-05)
(-1.50533e-09 -6.5651e-10 8.29948e-05)
(-4.53294e-09 -9.261e-09 5.7046e-05)
(-1.86574e-09 2.91675e-10 2.28725e-05)
(9.58759e-10 2.35198e-09 3.75044e-05)
(-9.41999e-10 6.52232e-10 8.60485e-05)
(-2.28594e-09 -3.94854e-09 0.000114543)
(9.88411e-10 -1.92003e-09 0.000128145)
(1.87882e-10 -1.08346e-09 0.000133194)
(-4.59737e-10 -7.56508e-10 0.000133193)
(-1.03034e-09 -5.86842e-10 0.000128145)
(2.71028e-09 -2.68589e-09 0.000114544)
(1.57495e-09 -1.65994e-09 8.60493e-05)
(-1.40332e-09 -2.9087e-10 3.75058e-05)
(-2.90175e-12 8.94367e-10 4.90235e-05)
(2.17984e-09 -8.47924e-10 0.000104706)
(2.41424e-09 -2.58472e-09 0.000129499)
(1.02882e-09 -1.79883e-09 0.000137784)
(5.0991e-10 1.18725e-09 0.000139986)
(-8.4353e-10 1.14866e-09 0.000139986)
(-1.42624e-09 -3.94641e-10 0.000137784)
(-2.9375e-09 -2.33922e-09 0.0001295)
(-3.06147e-09 -2.7581e-09 0.000104707)
(2.43037e-11 8.7514e-10 4.90243e-05)
(-6.58576e-10 1.79642e-09 5.53214e-05)
(5.95511e-10 -1.39854e-09 0.000113183)
(2.8348e-11 -5.34864e-10 0.000134663)
(-9.97994e-10 -1.12062e-09 0.000140172)
(-3.56122e-10 1.58082e-09 0.000141241)
(-2.27141e-10 1.38171e-09 0.000141241)
(8.82969e-10 -5.38552e-10 0.000140172)
(-8.20757e-10 -9.4737e-10 0.000134663)
(-1.64017e-09 -3.02734e-09 0.000113183)
(1.94237e-10 -7.45183e-12 5.53217e-05)
(-1.1489e-09 2.02646e-09 5.53214e-05)
(9.17403e-10 -2.26064e-09 0.000113183)
(1.34082e-09 1.09513e-09 0.000134663)
(-6.53975e-10 -1.451e-09 0.000140172)
(5.57136e-10 -2.47216e-10 0.000141241)
(1.35942e-10 2.98119e-10 0.000141241)
(1.03932e-09 2.36143e-10 0.000140172)
(-1.81966e-09 2.14645e-09 0.000134663)
(-1.65032e-09 -2.30398e-09 0.000113183)
(7.10135e-10 -1.71621e-10 5.53219e-05)
(4.69299e-10 2.55869e-09 4.90231e-05)
(3.87699e-09 -3.31972e-09 0.000104705)
(4.66854e-09 3.55941e-09 0.000129499)
(8.30189e-10 1.05663e-10 0.000137785)
(1.36859e-09 -1.40763e-10 0.000139986)
(-2.70786e-10 1.0729e-09 0.000139986)
(-1.17195e-09 1.97873e-09 0.000137784)
(-4.79664e-09 4.36847e-09 0.000129499)
(-2.78954e-09 -4.48641e-09 0.000104705)
(1.54621e-10 1.22438e-09 4.90236e-05)
(1.78994e-09 -1.40781e-09 3.7504e-05)
(-2.71113e-10 -6.69389e-09 8.60481e-05)
(-1.13947e-09 5.84638e-09 0.000114544)
(-1.15235e-10 2.10287e-09 0.000128147)
(5.25939e-10 1.01736e-09 0.000133194)
(1.43902e-10 1.91463e-09 0.000133194)
(3.26991e-10 3.39767e-09 0.000128145)
(6.92949e-10 7.39871e-09 0.000114543)
(1.01794e-09 -5.91694e-09 8.60468e-05)
(-1.07187e-09 -1.0081e-09 3.7504e-05)
(1.08482e-09 -1.54265e-09 2.28717e-05)
(-1.71838e-09 1.27491e-09 5.70457e-05)
(-1.71785e-09 5.61499e-09 8.29966e-05)
(1.01121e-09 -5.28404e-10 9.98731e-05)
(-7.70148e-10 -6.48589e-11 0.000107883)
(8.02628e-10 4.40391e-10 0.000107883)
(-2.40267e-09 1.80651e-10 9.98723e-05)
(3.67126e-10 6.9097e-09 8.29956e-05)
(2.63708e-09 8.80008e-10 5.70445e-05)
(6.77911e-10 -3.66695e-09 2.2871e-05)
(7.41661e-10 1.24425e-09 8.64516e-06)
(1.37738e-09 4.13839e-09 2.1667e-05)
(4.70961e-09 2.45871e-09 3.4743e-05)
(2.96517e-09 -1.07312e-09 4.47481e-05)
(-1.148e-09 -5.30232e-10 5.00844e-05)
(6.60167e-10 -2.85823e-10 5.00845e-05)
(-2.56178e-09 -1.26638e-09 4.47483e-05)
(-3.44085e-09 2.03004e-09 3.47432e-05)
(-1.08769e-09 3.25754e-09 2.16671e-05)
(1.60019e-09 -1.30664e-09 8.64477e-06)
(-1.26243e-08 9.78447e-09 8.64481e-06)
(-5.52347e-09 -9.83792e-10 2.16672e-05)
(-5.12385e-09 3.2377e-09 3.4744e-05)
(-7.32715e-09 2.05563e-09 4.47492e-05)
(-8.90093e-10 -1.87388e-10 5.00853e-05)
(-1.32591e-09 7.14343e-10 5.00852e-05)
(1.13881e-09 2.67608e-09 4.47492e-05)
(-3.50489e-09 2.38342e-09 3.47442e-05)
(-7.34337e-09 -8.58543e-09 2.16678e-05)
(4.52643e-09 2.86951e-09 8.64525e-06)
(-1.0259e-08 1.45642e-08 2.28716e-05)
(-1.23947e-08 3.74075e-09 5.70453e-05)
(-1.23305e-08 2.04954e-09 8.29964e-05)
(-5.79499e-09 -5.78601e-11 9.9873e-05)
(-3.02512e-09 -4.02398e-09 0.000107883)
(1.49612e-09 -2.27609e-09 0.000107883)
(2.41765e-09 2.39966e-09 9.98732e-05)
(7.95491e-09 3.53688e-09 8.29964e-05)
(2.73491e-09 -3.2709e-09 5.70457e-05)
(-6.86142e-10 2.08511e-09 2.2872e-05)
(-1.91701e-09 1.05111e-08 3.75042e-05)
(-4.48358e-10 5.59658e-09 8.60476e-05)
(-4.47437e-10 -2.3425e-09 0.000114543)
(2.20326e-09 -3.56059e-09 0.000128146)
(4.35945e-10 -4.47237e-09 0.000133194)
(-5.85357e-10 -2.75012e-09 0.000133194)
(-2.53856e-09 -1.96099e-09 0.000128146)
(1.09269e-09 -4.71244e-10 0.000114543)
(2.09947e-09 3.95992e-09 8.60479e-05)
(-2.64182e-10 2.34234e-09 3.75046e-05)
(-1.11799e-09 5.44579e-09 4.90233e-05)
(3.40257e-09 2.38984e-09 0.000104706)
(4.03063e-09 -7.73039e-10 0.000129498)
(1.37284e-09 -1.31583e-09 0.000137784)
(-5.5634e-10 -1.97733e-10 0.000139986)
(-2.60538e-09 3.88161e-11 0.000139986)
(-2.46147e-09 -9.36459e-10 0.000137785)
(-3.74442e-09 -1.97603e-09 0.000129499)
(-2.05941e-09 -1.7446e-09 0.000104706)
(1.58081e-09 1.85464e-09 4.90231e-05)
(-1.33184e-10 2.64098e-09 5.53207e-05)
(2.79432e-09 1.41805e-09 0.000113183)
(2.19081e-09 6.86766e-10 0.000134662)
(8.14547e-10 -5.00099e-10 0.000140172)
(6.57133e-10 -2.94099e-10 0.000141241)
(-3.33845e-10 3.98214e-10 0.000141241)
(9.73216e-10 -2.13927e-10 0.000140172)
(-8.59418e-10 -7.38941e-10 0.000134662)
(-2.14751e-09 -2.57574e-09 0.000113183)
(8.52005e-11 7.87181e-10 5.5321e-05)
(-5.46231e-10 1.64003e-09 5.53209e-05)
(1.96196e-09 5.04406e-10 0.000113183)
(2.33399e-09 9.41942e-10 0.000134662)
(9.69014e-11 -5.65724e-10 0.000140172)
(8.68063e-10 -5.8935e-10 0.000141241)
(-4.97766e-10 6.1671e-10 0.000141241)
(5.9087e-10 1.08912e-10 0.000140171)
(-1.59461e-09 1.79179e-09 0.000134661)
(-1.74865e-09 -3.20991e-09 0.000113182)
(1.03273e-09 -1.11159e-10 5.53209e-05)
(-1.69881e-09 3.5546e-10 4.90232e-05)
(2.7855e-09 -1.76707e-09 0.000104706)
(5.12924e-09 2.80406e-09 0.000129499)
(3.58589e-10 4.05991e-10 0.000137785)
(7.11335e-10 1.59104e-10 0.000139986)
(-1.73455e-09 1.53781e-10 0.000139986)
(-2.08107e-09 6.26175e-10 0.000137784)
(-5.50876e-09 2.86081e-09 0.000129498)
(-2.37791e-09 -5.95482e-09 0.000104705)
(1.46186e-09 1.3911e-10 4.90228e-05)
(2.29667e-09 1.07867e-09 3.75041e-05)
(2.53551e-09 -7.51504e-09 8.60476e-05)
(3.81227e-09 4.47473e-09 0.000114544)
(2.40425e-09 3.00875e-09 0.000128147)
(2.07605e-09 2.59085e-09 0.000133195)
(6.10237e-10 2.97109e-09 0.000133194)
(-1.53094e-09 4.20298e-09 0.000128145)
(-1.79702e-09 4.55407e-09 0.000114543)
(3.73338e-10 -1.13158e-08 8.60466e-05)
(-4.14973e-10 -3.13635e-09 3.75036e-05)
(1.12277e-09 -3.58858e-09 2.28714e-05)
(-5.15619e-09 -6.78666e-09 5.70451e-05)
(-5.84747e-09 2.56097e-09 8.29973e-05)
(-1.10767e-09 6.61063e-10 9.98734e-05)
(-8.80524e-10 1.93165e-09 0.000107883)
(3.07652e-09 3.44462e-09 0.000107883)
(3.32081e-09 1.80751e-09 9.98731e-05)
(1.04378e-08 2.63828e-09 8.29965e-05)
(1.0841e-08 -7.53741e-09 5.70444e-05)
(2.87536e-09 -7.11207e-09 2.28711e-05)
(-6.94471e-09 -5.6835e-09 8.64466e-06)
(-7.87209e-09 -2.67081e-09 2.16671e-05)
(-4.12333e-09 -1.66637e-10 3.4744e-05)
(-1.93807e-09 -1.98282e-09 4.47489e-05)
(-2.59245e-09 -7.35347e-10 5.00853e-05)
(9.76746e-10 2.42242e-10 5.00849e-05)
(3.5692e-10 -1.30304e-09 4.4749e-05)
(3.60076e-09 -1.05174e-10 3.47441e-05)
(5.74996e-09 -7.23527e-10 2.16672e-05)
(2.97499e-09 -2.85926e-09 8.64486e-06)
(-1.29003e-08 9.1639e-09 8.64526e-06)
(4.13235e-09 -7.49228e-09 2.16674e-05)
(5.00388e-09 -2.07562e-10 3.47442e-05)
(-1.68376e-09 1.30391e-09 4.47489e-05)
(1.28845e-09 -3.64986e-10 5.00852e-05)
(-1.87227e-10 6.0798e-11 5.00852e-05)
(1.97338e-09 2.70588e-09 4.4749e-05)
(-4.74671e-09 2.21131e-09 3.4744e-05)
(-9.25056e-09 -8.24706e-09 2.16671e-05)
(2.29375e-09 1.76334e-09 8.64453e-06)
(-1.37726e-09 5.01617e-09 2.28719e-05)
(-6.04914e-10 -6.05885e-09 5.70452e-05)
(-3.32114e-09 -5.87698e-10 8.29971e-05)
(-1.35479e-09 2.22664e-09 9.98726e-05)
(-3.70715e-09 -1.66558e-09 0.000107883)
(-2.647e-09 -7.90391e-10 0.000107883)
(-4.49894e-09 2.86689e-09 9.98732e-05)
(-1.17323e-09 3.90143e-10 8.29969e-05)
(-5.01526e-09 -9.32756e-09 5.70442e-05)
(-3.80921e-09 -1.58674e-09 2.28704e-05)
(1.58511e-09 3.40304e-09 3.75049e-05)
(1.47186e-11 1.17136e-09 8.60476e-05)
(-2.13328e-09 -3.45928e-09 0.000114543)
(6.41152e-10 -1.81188e-09 0.000128146)
(-3.93676e-10 -1.70119e-09 0.000133194)
(-6.23845e-10 -1.06412e-09 0.000133195)
(-1.73479e-09 -7.59028e-10 0.000128146)
(1.12376e-09 -4.31241e-09 0.000114543)
(1.6724e-09 -2.44659e-09 8.60465e-05)
(-1.10772e-11 6.76022e-10 3.75031e-05)
(3.79517e-10 1.44424e-09 4.90236e-05)
(2.81058e-09 -5.34006e-10 0.000104707)
(2.82692e-09 -2.3043e-09 0.000129498)
(1.4601e-09 -1.64585e-09 0.000137785)
(8.73611e-10 7.77143e-11 0.000139986)
(-8.18583e-10 6.44044e-10 0.000139986)
(-1.65519e-09 -2.84197e-10 0.000137785)
(-3.23613e-09 -3.06744e-09 0.000129497)
(-3.3209e-09 -3.29914e-09 0.000104705)
(5.67883e-11 1.86903e-09 4.90221e-05)
(-3.38641e-10 1.22301e-09 5.53212e-05)
(8.8189e-10 -6.96866e-10 0.000113184)
(5.64304e-10 6.07365e-10 0.000134661)
(-9.1736e-10 -2.6008e-10 0.000140172)
(-2.85717e-10 2.22031e-10 0.000141241)
(8.03043e-11 1.0826e-09 0.000141241)
(7.69179e-10 -3.52921e-12 0.000140172)
(-1.40448e-09 -8.62411e-10 0.00013466)
(-2.31812e-09 -3.32074e-09 0.000113182)
(-2.23355e-11 4.58217e-10 5.53204e-05)
(-6.45764e-10 7.23793e-10 5.53209e-05)
(1.01885e-09 -1.13747e-09 0.000113183)
(1.45913e-09 1.63299e-09 0.000134661)
(-7.00612e-10 -5.80659e-10 0.000140172)
(4.37369e-10 -2.83777e-11 0.000141241)
(-1.58072e-11 2.82773e-10 0.000141241)
(9.70958e-10 1.83662e-11 0.000140171)
(-1.26466e-09 1.12513e-09 0.00013466)
(-9.5667e-10 -3.40603e-09 0.000113182)
(1.14143e-09 -1.93617e-10 5.53199e-05)
(-3.35809e-10 1.7874e-09 4.90232e-05)
(2.69265e-09 -3.19287e-09 0.000104706)
(3.61647e-09 4.03024e-09 0.000129499)
(-5.2207e-10 1.32568e-09 0.000137785)
(3.443e-10 8.27228e-10 0.000139986)
(-6.81847e-10 5.87703e-10 0.000139986)
(-1.27426e-10 8.853e-10 0.000137785)
(-3.6987e-09 2.80199e-09 0.000129498)
(-2.47183e-09 -5.76994e-09 0.000104705)
(2.11476e-10 5.66167e-10 4.90224e-05)
(1.11239e-09 -1.12571e-09 3.75042e-05)
(-1.01203e-09 -6.87969e-09 8.60468e-05)
(-6.18536e-10 6.69265e-09 0.000114544)
(5.04276e-10 3.06455e-09 0.000128146)
(1.17729e-09 6.35221e-10 0.000133195)
(6.75187e-10 1.61224e-09 0.000133194)
(1.30094e-09 2.33106e-09 0.000128146)
(1.62405e-09 6.57728e-09 0.000114544)
(1.25307e-09 -7.95002e-09 8.60473e-05)
(-1.26413e-09 -1.92118e-09 3.75038e-05)
(-2.96932e-10 -2.65579e-09 2.28716e-05)
(-4.30018e-09 -1.08525e-09 5.70442e-05)
(-1.26756e-09 6.76577e-09 8.29971e-05)
(2.74587e-09 -7.94771e-10 9.98732e-05)
(6.30472e-10 -6.16649e-10 0.000107884)
(1.56152e-09 4.55319e-10 0.000107883)
(-8.96441e-10 -4.57485e-10 9.98733e-05)
(3.13224e-09 6.30397e-09 8.29977e-05)
(4.89826e-09 -1.77996e-09 5.7045e-05)
(1.22194e-09 -4.61066e-09 2.28715e-05)
(-9.93836e-10 -9.26276e-10 8.64494e-06)
(4.05628e-10 2.20599e-09 2.16674e-05)
(5.05711e-09 3.56947e-09 3.47445e-05)
(3.40195e-09 -1.58036e-09 4.47492e-05)
(-8.41118e-10 -4.90842e-10 5.00852e-05)
(8.94594e-10 -2.94978e-10 5.00848e-05)
(-1.14324e-09 -1.77811e-09 4.47487e-05)
(-2.20431e-09 1.81818e-09 3.47442e-05)
(1.75732e-09 1.57e-09 2.16671e-05)
(4.58501e-09 -3.30222e-09 8.6449e-06)
(-1.60961e-08 1.0526e-08 8.64486e-06)
(-1.32517e-09 -3.27373e-09 2.16668e-05)
(-2.37434e-09 4.42154e-09 3.47432e-05)
(-8.0201e-09 1.06501e-09 4.47484e-05)
(5.79137e-10 9.9269e-11 5.00846e-05)
(-5.22888e-10 -2.99005e-10 5.00848e-05)
(6.96597e-09 2.19882e-09 4.47486e-05)
(2.519e-09 3.81408e-09 3.47433e-05)
(-2.86918e-10 -4.28062e-09 2.16669e-05)
(1.04197e-08 7.55966e-09 8.64479e-06)
(-6.5361e-09 9.19776e-09 2.28716e-05)
(-5.64902e-09 6.94171e-10 5.70451e-05)
(-1.18864e-08 8.93279e-09 8.29964e-05)
(-6.26452e-09 -2.38952e-09 9.98731e-05)
(-1.32057e-09 -4.58632e-09 0.000107883)
(2.11568e-09 -4.15912e-09 0.000107883)
(7.0011e-09 -1.05312e-09 9.98731e-05)
(1.32741e-08 8.89643e-09 8.29961e-05)
(6.52516e-09 1.16631e-09 5.70445e-05)
(5.91638e-09 9.33228e-09 2.28713e-05)
(-1.11481e-09 7.1897e-09 3.75043e-05)
(-8.69906e-11 2.68688e-09 8.60478e-05)
(-2.77246e-09 7.4344e-09 0.000114543)
(2.4492e-09 -5.78057e-09 0.000128146)
(1.02215e-09 -5.37229e-09 0.000133194)
(-3.81332e-12 -4.56492e-09 0.000133194)
(-1.31283e-09 -5.14992e-09 0.000128146)
(3.1143e-09 9.01435e-09 0.000114543)
(-3.69865e-10 4.12613e-09 8.60474e-05)
(-7.15638e-10 3.97457e-09 3.75043e-05)
(-6.04075e-10 4.90972e-09 4.90231e-05)
(1.55144e-09 -4.16759e-10 0.000104706)
(3.02269e-09 3.85768e-09 0.000129499)
(3.47397e-09 -2.505e-09 0.000137785)
(1.79646e-10 -1.15595e-09 0.000139986)
(-6.36821e-10 -1.05e-09 0.000139986)
(-3.43511e-09 -1.8092e-09 0.000137785)
(-3.01116e-09 5.13342e-09 0.000129498)
(-1.48391e-09 -1.29292e-09 0.000104706)
(4.64026e-10 7.73683e-10 4.90234e-05)
(1.4911e-09 3.3721e-09 5.53211e-05)
(1.55737e-09 -2.69283e-10 0.000113183)
(1.14892e-09 1.75123e-09 0.000134662)
(2.17145e-09 -6.32408e-10 0.000140171)
(3.91436e-10 -8.07361e-11 0.000141241)
(3.64737e-11 -2.94576e-10 0.000141241)
(-1.54174e-09 -5.39775e-10 0.000140172)
(-1.11565e-09 1.20229e-09 0.000134661)
(-1.20373e-09 -1.38176e-09 0.000113183)
(-8.90849e-10 2.95058e-11 5.53213e-05)
(7.87253e-10 1.57213e-09 5.53213e-05)
(1.81387e-09 1.14473e-09 0.000113183)
(1.61293e-09 1.84394e-09 0.000134661)
(1.1507e-09 -4.29612e-10 0.000140171)
(3.15064e-10 3.64144e-10 0.000141241)
(-6.78795e-11 2.83111e-10 0.000141241)
(-7.18691e-10 -6.14927e-11 0.000140172)
(-1.73746e-09 1.15018e-09 0.000134661)
(-2.38784e-09 -2.01086e-09 0.000113183)
(-7.8761e-10 -3.79842e-09 5.5321e-05)
(-1.23944e-09 -4.3949e-10 4.9023e-05)
(2.14728e-09 1.23992e-09 0.000104706)
(3.475e-09 -5.41261e-10 0.000129499)
(2.13055e-09 3.23668e-10 0.000137785)
(1.66918e-09 1.40505e-09 0.000139986)
(-6.56213e-11 2.08572e-09 0.000139986)
(-4.86142e-10 9.10484e-10 0.000137784)
(-2.94502e-09 -6.27761e-11 0.000129498)
(-1.16691e-09 -4.00126e-09 0.000104706)
(2.54811e-09 -6.94872e-09 4.90235e-05)
(3.00838e-10 2.14884e-10 3.75042e-05)
(2.04739e-09 -3.86447e-09 8.60473e-05)
(1.9768e-09 -8.85807e-10 0.000114543)
(6.08529e-10 2.1327e-09 0.000128146)
(1.08771e-09 3.4076e-09 0.000133194)
(7.27909e-10 4.32835e-09 0.000133194)
(1.56852e-09 3.93393e-09 0.000128146)
(2.20342e-09 6.734e-11 0.000114543)
(2.28521e-09 -8.83376e-09 8.60474e-05)
(3.98924e-09 -1.01873e-08 3.75045e-05)
(4.66803e-10 -2.02522e-09 2.28711e-05)
(-3.93944e-09 -4.43194e-09 5.70447e-05)
(-6.24901e-09 -1.28638e-09 8.29965e-05)
(-2.96205e-09 -5.93913e-10 9.98735e-05)
(-1.29339e-09 2.34858e-09 0.000107884)
(2.31175e-09 2.65353e-09 0.000107883)
(5.7031e-09 1.42598e-09 9.98729e-05)
(1.1958e-08 2.41948e-10 8.29969e-05)
(1.15183e-08 -5.86668e-09 5.70453e-05)
(6.84163e-09 -1.05471e-08 2.28718e-05)
(-4.45292e-09 -3.76924e-09 8.64484e-06)
(-4.31547e-09 -1.33412e-09 2.1667e-05)
(-4.29101e-09 -1.61073e-09 3.47437e-05)
(-4.04897e-09 -2.38447e-09 4.4749e-05)
(-3.8086e-09 -4.23083e-10 5.0085e-05)
(-3.774e-10 -2.94139e-10 5.00852e-05)
(1.0227e-09 -1.2032e-09 4.47487e-05)
(1.36746e-09 3.44389e-10 3.47438e-05)
(5.96855e-09 -2.83241e-10 2.16672e-05)
(9.13332e-09 -6.77023e-09 8.64494e-06)
(-7.00547e-09 4.47959e-09 8.64445e-06)
(8.42188e-09 -9.44554e-09 2.16665e-05)
(6.46304e-09 8.23203e-10 3.47427e-05)
(3.273e-11 1.7547e-09 4.47484e-05)
(2.56463e-09 -4.90806e-10 5.00847e-05)
(6.58413e-10 -9.06739e-10 5.00843e-05)
(3.22316e-09 2.29197e-09 4.47484e-05)
(-3.29616e-09 3.00309e-09 3.47428e-05)
(-8.70471e-09 -6.99346e-09 2.1667e-05)
(-2.62051e-11 -4.83929e-10 8.64495e-06)
(-3.73891e-10 1.35273e-09 2.28711e-05)
(7.47131e-10 -7.67569e-09 5.70452e-05)
(-1.22643e-09 2.49592e-10 8.29952e-05)
(1.41796e-09 1.12068e-09 9.98726e-05)
(-5.05694e-10 -1.3205e-09 0.000107883)
(-7.76523e-10 -1.05686e-09 0.000107883)
(-3.60461e-09 2.63408e-09 9.98722e-05)
(-7.17739e-10 2.82796e-09 8.29946e-05)
(-3.89462e-09 -6.83464e-09 5.70452e-05)
(-4.39326e-09 -3.43835e-09 2.28721e-05)
(1.69825e-09 1.36533e-09 3.75041e-05)
(-9.78946e-10 6.69767e-10 8.6048e-05)
(-3.66318e-09 -3.11659e-09 0.000114543)
(-7.49907e-10 -3.1881e-09 0.000128146)
(-9.79544e-10 -1.15935e-09 0.000133194)
(-1.32712e-09 -4.22182e-10 0.000133194)
(-2.37129e-09 -9.40302e-10 0.000128146)
(1.923e-09 -1.58697e-09 0.000114543)
(2.34105e-09 -5.00315e-10 8.60491e-05)
(-6.08123e-10 -4.21729e-11 3.75053e-05)
(4.70642e-10 8.95556e-10 4.90229e-05)
(2.67633e-09 -1.40281e-09 0.000104706)
(2.28808e-09 -2.61406e-09 0.000129499)
(1.18915e-09 -1.62149e-09 0.000137784)
(6.81175e-10 2.38697e-10 0.000139986)
(-6.6463e-10 3.59467e-10 0.000139986)
(-2.00887e-09 -1.04661e-09 0.000137784)
(-2.97137e-09 -2.13611e-09 0.0001295)
(-2.16658e-09 -2.04002e-09 0.000104707)
(2.76934e-10 1.59213e-09 4.9024e-05)
(-9.52264e-10 1.57999e-09 5.5321e-05)
(5.56179e-10 -1.39374e-09 0.000113182)
(9.06768e-10 -5.25411e-10 0.000134662)
(-3.7144e-10 -6.00967e-10 0.000140171)
(1.33041e-11 4.69206e-10 0.000141241)
(2.10131e-10 3.23645e-10 0.000141241)
(7.57964e-10 -5.32536e-10 0.000140172)
(-7.25334e-10 -5.96998e-10 0.000134663)
(-1.50403e-09 -2.38213e-09 0.000113183)
(-4.93928e-11 3.02638e-10 5.53219e-05)
(-1.0768e-09 1.30076e-09 5.53214e-05)
(1.06136e-09 -2.46053e-09 0.000113182)
(1.93042e-09 9.62957e-10 0.000134662)
(-5.56612e-10 -5.36344e-10 0.000140171)
(3.69463e-10 4.02565e-10 0.000141241)
(-6.38838e-11 -2.75956e-10 0.000141241)
(1.66825e-10 -7.72248e-10 0.000140171)
(-1.40456e-09 5.04587e-10 0.000134662)
(-1.0502e-09 -1.58045e-09 0.000113183)
(6.08191e-10 3.57633e-10 5.5322e-05)
(1.75547e-11 2.06305e-09 4.90231e-05)
(2.56864e-09 -5.25795e-09 0.000104705)
(3.93084e-09 3.1778e-09 0.000129499)
(2.67818e-10 1.58361e-09 0.000137784)
(7.26014e-11 1.61818e-09 0.000139986)
(-1.15703e-09 8.21197e-10 0.000139986)
(-8.40539e-10 7.22274e-10 0.000137785)
(-4.6177e-09 2.34922e-09 0.000129499)
(-3.30417e-09 -3.35001e-09 0.000104706)
(1.67375e-10 1.30193e-09 4.90236e-05)
(1.22699e-09 -1.00259e-09 3.75039e-05)
(-1.70329e-09 -7.68655e-09 8.60475e-05)
(-1.9023e-09 5.68693e-09 0.000114543)
(-5.71015e-10 3.51119e-09 0.000128146)
(4.10086e-10 2.24298e-09 0.000133194)
(2.89095e-10 8.34741e-10 0.000133194)
(6.79995e-10 2.44213e-09 0.000128146)
(7.96248e-10 6.406e-09 0.000114543)
(-6.00373e-11 -4.71164e-09 8.60478e-05)
(-2.15475e-09 1.20809e-10 3.75044e-05)
(-9.04838e-10 -2.41648e-09 2.2871e-05)
(-4.88373e-09 -1.03549e-09 5.70455e-05)
(-3.26169e-09 4.97149e-09 8.29968e-05)
(7.04777e-10 3.92485e-11 9.98735e-05)
(-1.30318e-09 2.78722e-10 0.000107883)
(-3.03337e-11 -1.00718e-10 0.000107883)
(-2.74184e-09 -9.469e-11 9.98728e-05)
(-7.97048e-10 5.86329e-09 8.29959e-05)
(-2.12677e-10 2.14511e-09 5.7045e-05)
(-1.77348e-09 -7.38117e-10 2.28713e-05)
(8.7888e-11 3.37387e-10 8.64481e-06)
(8.56894e-10 2.54179e-09 2.16672e-05)
(2.75475e-09 1.56499e-09 3.47435e-05)
(7.93295e-10 -1.67809e-09 4.47489e-05)
(-1.68899e-09 -4.43298e-10 5.00853e-05)
(2.97716e-10 1.54253e-10 5.00854e-05)
(-2.99268e-09 -5.216e-10 4.4749e-05)
(-3.55458e-09 1.38529e-09 3.47439e-05)
(-1.55639e-09 3.07098e-09 2.16674e-05)
(5.04067e-10 -4.72702e-11 8.64508e-06)
(-8.36828e-09 5.77054e-09 8.64505e-06)
(1.09308e-09 -5.26164e-09 2.16672e-05)
(-1.23855e-09 3.17582e-09 3.4744e-05)
(-4.45535e-09 2.01946e-09 4.47494e-05)
(1.31739e-10 8.41211e-11 5.00855e-05)
(1.121e-10 2.29947e-10 5.00854e-05)
(4.90116e-09 2.32472e-09 4.47491e-05)
(5.30194e-10 3.69789e-09 3.47435e-05)
(-4.84693e-09 -6.88147e-09 2.1667e-05)
(5.03053e-09 4.25588e-09 8.64499e-06)
(-6.38404e-09 1.00993e-08 2.28709e-05)
(-8.11288e-09 -4.25766e-11 5.70452e-05)
(-1.03366e-08 1.99118e-09 8.29966e-05)
(-3.60479e-09 -2.73082e-10 9.98736e-05)
(-1.62861e-09 -3.06108e-09 0.000107884)
(2.89002e-09 -2.59572e-09 0.000107884)
(4.65002e-09 2.05969e-09 9.98731e-05)
(9.46959e-09 5.12872e-09 8.29962e-05)
(4.04786e-09 -1.24051e-09 5.7045e-05)
(9.27499e-10 3.87998e-09 2.28712e-05)
(-2.10606e-09 8.68723e-09 3.75044e-05)
(-2.54661e-09 4.92529e-09 8.60476e-05)
(-2.12044e-09 -2.3584e-09 0.000114544)
(1.43321e-09 -3.7584e-09 0.000128147)
(-3.56656e-10 -3.44431e-09 0.000133195)
(-9.57014e-10 -2.9177e-09 0.000133194)
(-2.38331e-09 -1.50512e-09 0.000128146)
(1.18497e-09 6.32363e-10 0.000114543)
(3.16848e-09 5.1414e-09 8.60475e-05)
(8.83717e-10 3.40511e-09 3.75041e-05)
(-1.75166e-09 5.05131e-09 4.90231e-05)
(1.71774e-09 2.04901e-09 0.000104705)
(2.58049e-09 -1.3086e-09 0.000129499)
(6.74836e-10 -1.77448e-09 0.000137785)
(3.24146e-10 -8.38428e-10 0.000139986)
(-1.63316e-09 2.58392e-11 0.000139986)
(-2.30525e-09 -6.55848e-11 0.000137784)
(-3.34918e-09 -1.01211e-09 0.000129498)
(-1.46236e-09 -1.09417e-09 0.000104706)
(2.15752e-09 2.88086e-09 4.90231e-05)
(-1.08013e-10 2.97761e-09 5.53208e-05)
(2.54013e-09 6.39705e-10 0.000113182)
(1.72552e-09 -2.80402e-10 0.000134662)
(3.34084e-11 -1.18373e-09 0.000140172)
(1.17278e-09 2.36971e-10 0.000141241)
(3.14377e-10 5.8424e-10 0.000141241)
(-8.27945e-11 -2.0569e-10 0.000140172)
(-1.0629e-09 -6.40792e-10 0.000134662)
(-1.9735e-09 -1.5159e-09 0.000113183)
(-1.03856e-10 1.70748e-09 5.53211e-05)
(-3.50341e-10 1.26473e-09 5.53211e-05)
(3.05973e-09 -1.38527e-09 0.000113183)
(2.96195e-09 3.90464e-10 0.000134661)
(1.07674e-09 -1.04247e-09 0.000140172)
(1.38875e-09 3.60666e-10 0.000141241)
(-4.4501e-10 8.36681e-10 0.000141241)
(7.62022e-10 -2.7101e-10 0.000140172)
(-2.03379e-09 1.28103e-09 0.000134662)
(-1.99241e-09 -2.67632e-09 0.000113183)
(7.56504e-10 -4.48621e-10 5.53212e-05)
(-1.45856e-09 -3.09817e-10 4.90235e-05)
(2.74134e-09 -5.63892e-09 0.000104705)
(5.36551e-09 9.3007e-10 0.000129498)
(1.72321e-09 2.59403e-10 0.000137784)
(1.30919e-09 1.2102e-09 0.000139986)
(-7.512e-10 1.79574e-09 0.000139986)
(-3.78718e-10 1.39652e-09 0.000137785)
(-5.06293e-09 1.95045e-09 0.000129499)
(-2.29392e-09 -6.19782e-09 0.000104706)
(1.5883e-09 -5.61216e-10 4.90229e-05)
(8.16551e-10 -1.06395e-09 3.75042e-05)
(-8.67498e-10 -1.08531e-08 8.60466e-05)
(1.33996e-09 2.3162e-09 0.000114542)
(1.07004e-09 3.17027e-09 0.000128146)
(1.26048e-10 4.39454e-09 0.000133194)
(7.34604e-12 4.42342e-09 0.000133194)
(-4.89536e-10 5.03456e-09 0.000128146)
(-8.34114e-10 4.22591e-09 0.000114544)
(4.71886e-10 -1.1936e-08 8.60473e-05)
(-5.07232e-10 -4.20104e-09 3.7504e-05)
(7.02345e-10 -4.03163e-09 2.28716e-05)
(-8.68831e-09 -9.57752e-09 5.70442e-05)
(-1.13484e-08 -7.74711e-10 8.29965e-05)
(-4.34575e-09 3.62339e-10 9.9873e-05)
(-3.03978e-09 2.98779e-09 0.000107883)
(1.29995e-09 3.28576e-09 0.000107884)
(3.68722e-09 2.61598e-09 9.98739e-05)
(1.0809e-08 3.69002e-09 8.29969e-05)
(1.06758e-08 -7.4822e-09 5.70448e-05)
(4.99442e-09 -1.02448e-08 2.28712e-05)
(-7.3305e-09 -5.27991e-09 8.64487e-06)
(-1.03633e-08 -4.73252e-09 2.16672e-05)
(-7.41382e-09 -2.3133e-09 3.47439e-05)
(-4.64927e-09 -2.10135e-09 4.47489e-05)
(-4.73592e-09 -4.33583e-10 5.00854e-05)
(-2.05523e-10 1.2581e-11 5.00851e-05)
(7.69249e-10 -9.77779e-10 4.4749e-05)
(4.33069e-09 2.71509e-10 3.47438e-05)
(9.36772e-09 -1.68374e-09 2.1667e-05)
(9.97963e-09 -7.53642e-09 8.64481e-06)
(-3.66572e-09 1.18257e-09 8.64519e-06)
(8.51437e-09 -8.82e-09 2.16679e-05)
(7.50296e-09 -1.13223e-10 3.47448e-05)
(4.69376e-10 1.34802e-09 4.47493e-05)
(2.1946e-09 1.51877e-10 5.00853e-05)
(1.26691e-10 -1.39286e-10 5.00856e-05)
(2.5188e-09 2.64039e-09 4.47488e-05)
(-4.10387e-09 1.25393e-09 3.4744e-05)
(-5.96726e-09 -7.41174e-09 2.16669e-05)
(7.23567e-09 4.54574e-09 8.64489e-06)
(-4.83206e-10 2.3175e-09 2.28713e-05)
(-1.08591e-09 -5.54529e-09 5.70453e-05)
(-2.79683e-09 -6.94914e-12 8.2998e-05)
(-3.77704e-10 2.36969e-09 9.98732e-05)
(-2.50104e-09 -5.66186e-10 0.000107884)
(-1.52186e-09 -8.67742e-10 0.000107884)
(-3.85733e-09 2.68056e-09 9.98728e-05)
(-4.43264e-10 6.59263e-10 8.29973e-05)
(-3.27403e-09 -7.54112e-09 5.70444e-05)
(-3.15248e-09 -1.36961e-09 2.28705e-05)
(-2.79059e-11 3.83975e-09 3.75044e-05)
(-2.00206e-09 1.72471e-09 8.60475e-05)
(-3.47466e-09 -2.82703e-09 0.000114544)
(4.09676e-10 -1.42487e-09 0.000128147)
(4.47295e-10 -1.35846e-09 0.000133195)
(-5.12857e-11 -1.41026e-09 0.000133195)
(-5.87232e-10 -3.7731e-10 0.000128146)
(2.45125e-09 -2.18485e-09 0.000114543)
(2.54729e-09 7.89758e-13 8.60468e-05)
(-7.07243e-11 5.99518e-10 3.75031e-05)
(1.41847e-10 7.17956e-10 4.90233e-05)
(2.98461e-09 -1.27658e-10 0.000104706)
(2.7035e-09 -1.88682e-09 0.000129497)
(9.64177e-10 -1.2329e-09 0.000137785)
(3.83553e-10 1.52442e-11 0.000139986)
(-1.35874e-09 -3.85672e-10 0.000139986)
(-1.70163e-09 -1.54264e-10 0.000137785)
(-2.81454e-09 -1.91155e-09 0.000129497)
(-2.38324e-09 -2.31002e-09 0.000104706)
(3.82785e-10 2.19596e-09 4.90225e-05)
(-4.47677e-10 1.37547e-09 5.53209e-05)
(2.01051e-09 -2.83076e-10 0.000113183)
(1.21763e-09 1.84092e-11 0.000134661)
(-9.22466e-10 -6.29565e-10 0.000140172)
(2.84254e-10 5.19244e-10 0.000141242)
(-7.89866e-10 1.39066e-10 0.000141241)
(7.80313e-11 -4.58343e-10 0.000140172)
(-7.04751e-10 -3.87386e-10 0.000134661)
(-1.99713e-09 -3.34139e-09 0.000113183)
(-1.01475e-10 4.56091e-10 5.53208e-05)
(-1.01162e-09 8.95496e-10 5.53211e-05)
(1.17714e-09 -1.18598e-09 0.000113184)
(1.86111e-09 1.93979e-09 0.000134661)
(-2.07441e-10 -1.09518e-09 0.000140172)
(2.21064e-10 -4.84153e-10 0.000141241)
(-4.71061e-10 -2.02276e-10 0.000141241)
(6.27691e-10 -5.61503e-10 0.000140172)
(-1.94096e-09 1.70318e-09 0.000134661)
(-1.20801e-09 -2.69242e-09 0.000113183)
(8.00002e-10 4.0323e-10 5.53204e-05)
(4.55946e-10 2.26855e-09 4.90233e-05)
(3.5983e-09 -3.95736e-09 0.000104706)
(4.84124e-09 4.26446e-09 0.000129499)
(3.67665e-10 8.50151e-10 0.000137785)
(8.11911e-10 6.40093e-10 0.000139986)
(-3.68317e-10 2.71067e-10 0.000139986)
(-1.82143e-10 1.24159e-09 0.000137785)
(-3.80826e-09 4.18142e-09 0.000129498)
(-2.77749e-09 -4.34489e-09 0.000104706)
(-4.51509e-11 1.9654e-09 4.90228e-05)
(2.02565e-09 -8.33317e-10 3.75043e-05)
(-4.2082e-10 -8.11372e-09 8.60471e-05)
(-5.81232e-11 5.66143e-09 0.000114543)
(1.23529e-09 2.11352e-09 0.000128146)
(8.154e-10 1.19225e-09 0.000133194)
(7.35408e-10 7.15462e-10 0.000133194)
(8.70415e-10 3.25003e-09 0.000128146)
(1.19533e-09 7.13157e-09 0.000114543)
(2.94474e-10 -6.00431e-09 8.60472e-05)
(-2.90883e-09 -9.7907e-11 3.75045e-05)
(-6.65251e-10 -3.10673e-09 2.28712e-05)
(-4.05849e-09 -1.39432e-09 5.7044e-05)
(-1.68649e-09 4.87693e-09 8.29965e-05)
(2.54241e-09 -1.10629e-09 9.9872e-05)
(-1.91481e-10 2.36652e-10 0.000107883)
(1.30425e-09 7.72428e-11 0.000107883)
(-1.68066e-09 -1.96316e-10 9.9873e-05)
(1.32449e-09 6.78915e-09 8.29969e-05)
(2.89943e-09 3.29514e-10 5.70444e-05)
(5.54065e-11 -3.46908e-09 2.2872e-05)
(-1.75341e-09 -1.18655e-09 8.64433e-06)
(-4.0352e-10 2.13542e-09 2.16663e-05)
(2.04667e-09 1.07462e-09 3.47435e-05)
(1.48539e-09 -1.23362e-09 4.47482e-05)
(-1.14318e-09 3.54856e-10 5.00842e-05)
(-6.68407e-11 -1.09531e-10 5.00845e-05)
(-2.94171e-09 -1.02682e-09 4.47483e-05)
(-3.77347e-09 2.93537e-09 3.47435e-05)
(-4.06982e-10 2.82457e-09 2.16667e-05)
(2.42448e-09 -2.22878e-09 8.64488e-06)
(-1.29849e-08 1.00136e-08 8.64483e-06)
(-3.5925e-09 -1.72485e-09 2.16673e-05)
(-5.49363e-09 4.44654e-09 3.4744e-05)
(-8.44651e-09 9.93346e-10 4.47491e-05)
(5.34409e-10 -3.10326e-10 5.00851e-05)
(-1.46295e-09 -3.28343e-10 5.0085e-05)
(6.42017e-09 8.04782e-10 4.47488e-05)
(2.427e-09 3.46e-09 3.47433e-05)
(-7.72201e-10 -4.64069e-09 2.16669e-05)
(9.7418e-09 6.79685e-09 8.64472e-06)
(-8.15608e-09 1.22755e-08 2.28718e-05)
(-7.08544e-09 1.46585e-09 5.70452e-05)
(-1.35367e-08 8.76051e-09 8.29965e-05)
(-6.9224e-09 -2.55104e-09 9.98731e-05)
(-1.82185e-09 -4.56086e-09 0.000107883)
(1.53433e-09 -4.65046e-09 0.000107883)
(7.56788e-09 -1.70463e-09 9.98728e-05)
(1.40001e-08 8.45401e-09 8.2996e-05)
(6.86774e-09 1.06695e-09 5.7045e-05)
(5.7689e-09 8.90271e-09 2.28714e-05)
(-1.55354e-09 8.51936e-09 3.75041e-05)
(-2.02045e-10 3.08833e-09 8.60476e-05)
(-3.37971e-09 8.08853e-09 0.000114542)
(8.09268e-10 -6.21208e-09 0.000128146)
(-6.58111e-10 -5.2543e-09 0.000133194)
(-1.07867e-09 -5.60946e-09 0.000133194)
(-2.56731e-09 -5.38049e-09 0.000128146)
(1.97909e-09 8.92457e-09 0.000114543)
(-7.566e-10 4.35842e-09 8.6048e-05)
(-6.4037e-10 4.32793e-09 3.75042e-05)
(-3.38364e-10 4.74734e-09 4.90234e-05)
(1.92304e-09 8.01224e-11 0.000104705)
(2.90621e-09 5.48803e-09 0.000129498)
(3.97425e-09 -2.39855e-09 0.000137784)
(9.23641e-10 -1.00203e-09 0.000139986)
(-9.19441e-10 -1.13177e-09 0.000139986)
(-4.5136e-09 -2.28399e-09 0.000137785)
(-3.98544e-09 5.27685e-09 0.000129498)
(-2.32219e-09 -4.03255e-10 0.000104706)
(-9.61915e-11 8.53015e-10 4.90228e-05)
(7.509e-10 2.88944e-09 5.53212e-05)
(1.42057e-09 4.30452e-10 0.000113183)
(1.35238e-09 2.58633e-09 0.000134661)
(2.37108e-09 -1.69471e-10 0.000140172)
(8.14434e-10 2.04691e-10 0.000141241)
(-1.9444e-11 7.56744e-11 0.000141241)
(-1.50506e-09 -4.49287e-10 0.000140172)
(-1.30138e-09 2.09627e-09 0.000134661)
(-1.9006e-09 -7.04759e-10 0.000113183)
(-1.50611e-09 5.6876e-10 5.53209e-05)
(1.17464e-09 7.85547e-10 5.53211e-05)
(1.8256e-09 1.05287e-09 0.000113183)
(1.09225e-09 1.39076e-09 0.000134661)
(1.03977e-09 -1.33196e-10 0.000140172)
(5.61587e-10 1.64607e-10 0.000141241)
(1.37295e-10 1.25917e-10 0.000141241)
(-8.68467e-10 -1.69336e-10 0.000140172)
(-1.78125e-09 2.3566e-09 0.000134661)
(-2.48273e-09 -1.48905e-09 0.000113183)
(-8.67281e-10 -3.48206e-09 5.53208e-05)
(-1.74809e-09 -1.86621e-09 4.90229e-05)
(6.62678e-10 -1.74318e-10 0.000104706)
(2.81144e-09 1.16751e-10 0.000129499)
(1.81154e-09 4.80455e-10 0.000137784)
(1.66748e-09 1.79273e-09 0.000139986)
(-3.09609e-10 1.656e-09 0.000139986)
(-1.35168e-09 6.92781e-10 0.000137784)
(-3.7432e-09 2.20723e-10 0.000129499)
(-1.80213e-09 -2.80014e-09 0.000104706)
(2.63413e-09 -6.21636e-09 4.90233e-05)
(-3.08841e-10 -1.55143e-09 3.75038e-05)
(1.37841e-09 -2.94156e-09 8.60468e-05)
(1.9923e-09 6.05253e-11 0.000114543)
(2.26694e-09 1.93071e-09 0.000128146)
(2.06909e-09 3.84841e-09 0.000133194)
(1.63123e-09 4.45076e-09 0.000133194)
(1.27986e-09 3.98683e-09 0.000128146)
(5.42977e-10 9.30915e-10 0.000114543)
(1.14483e-09 -8.08686e-09 8.60476e-05)
(3.04224e-09 -8.84913e-09 3.75043e-05)
(-7.78506e-10 -4.63811e-09 2.28709e-05)
(-2.89047e-09 -3.79869e-09 5.70442e-05)
(-5.29412e-09 -7.78754e-10 8.29957e-05)
(-2.41301e-09 9.72022e-11 9.98725e-05)
(-7.04733e-10 2.42558e-09 0.000107883)
(3.6813e-09 3.35687e-09 0.000107883)
(6.61364e-09 1.56066e-09 9.98735e-05)
(1.18627e-08 1.23332e-09 8.29971e-05)
(1.17946e-08 -6.55856e-09 5.70453e-05)
(7.72729e-09 -1.17421e-08 2.28716e-05)
(-9.16823e-09 -7.22001e-09 8.64461e-06)
(-7.76203e-09 -3.64928e-09 2.16666e-05)
(-5.04913e-09 -1.97908e-09 3.47431e-05)
(-4.47584e-09 -1.80028e-09 4.47486e-05)
(-3.12389e-09 -3.14913e-11 5.00845e-05)
(8.11531e-11 -4.59605e-11 5.00848e-05)
(1.33516e-09 -1.10063e-09 4.47488e-05)
(3.78623e-09 -4.88353e-10 3.47439e-05)
(7.71048e-09 -1.51143e-09 2.16672e-05)
(9.85314e-09 -7.74482e-09 8.64489e-06)
(-6.5083e-09 4.44686e-09 8.64454e-06)
(9.73515e-09 -9.93253e-09 2.1666e-05)
(5.85554e-09 8.94642e-10 3.47423e-05)
(-4.06443e-10 1.40305e-09 4.47483e-05)
(2.14537e-09 -4.95087e-10 5.00844e-05)
(2.5689e-10 -6.07045e-11 5.00844e-05)
(2.70796e-09 2.83107e-09 4.47482e-05)
(-4.44156e-09 2.12106e-09 3.47427e-05)
(-8.82292e-09 -7.7703e-09 2.1667e-05)
(9.86582e-10 7.45885e-10 8.64516e-06)
(1.33901e-09 1.10207e-09 2.28713e-05)
(1.74048e-09 -6.52288e-09 5.70448e-05)
(-2.41285e-09 8.01472e-10 8.29945e-05)
(-6.63646e-11 2.5307e-09 9.98725e-05)
(-9.91593e-10 -6.90836e-10 0.000107882)
(-1.09671e-09 -1.22283e-10 0.000107882)
(-3.73721e-09 3.11888e-09 9.98723e-05)
(-1.7639e-09 1.55043e-09 8.29943e-05)
(-5.49439e-09 -8.80324e-09 5.70451e-05)
(-4.24084e-09 -3.12089e-09 2.28724e-05)
(2.28962e-09 1.14504e-09 3.75041e-05)
(-9.00006e-10 2.54488e-09 8.60484e-05)
(-2.66858e-09 -7.51832e-10 0.000114543)
(6.77983e-10 -1.70199e-09 0.000128145)
(-4.31432e-10 -9.06483e-10 0.000133193)
(1.10072e-10 -6.84722e-10 0.000133193)
(3.24702e-11 -6.41559e-10 0.000128146)
(3.47424e-09 -1.64099e-09 0.000114544)
(3.15841e-09 -8.78562e-10 8.60493e-05)
(-2.84469e-10 -6.01137e-10 3.75056e-05)
(-3.09366e-10 6.44673e-10 4.90233e-05)
(2.34564e-09 2.49275e-10 0.000104706)
(2.54864e-09 -1.83742e-10 0.0001295)
(1.00488e-09 -1.90757e-09 0.000137784)
(2.27232e-10 -2.54215e-10 0.000139986)
(-1.55143e-09 4.80195e-11 0.000139986)
(-1.98453e-09 -1.05981e-09 0.000137784)
(-2.22847e-09 -1.61598e-09 0.0001295)
(-1.56102e-09 -1.75426e-09 0.000104706)
(4.8698e-10 1.79319e-09 4.90238e-05)
(-7.83375e-10 1.29263e-09 5.53215e-05)
(4.48985e-10 -9.15564e-10 0.000113183)
(1.46734e-09 4.09573e-10 0.000134662)
(2.77028e-10 -1.05368e-09 0.000140171)
(1.84385e-10 9.27665e-10 0.000141241)
(-5.7905e-11 5.55527e-10 0.000141241)
(1.80344e-10 -4.82906e-10 0.000140172)
(-9.20092e-10 -2.8079e-10 0.000134662)
(-1.70064e-09 -2.16342e-09 0.000113183)
(6.64888e-11 3.78024e-10 5.53213e-05)
(-1.04908e-09 8.50084e-10 5.53215e-05)
(1.26866e-09 -2.39319e-09 0.000113183)
(2.55269e-09 1.5339e-09 0.000134662)
(4.55207e-10 -1.98842e-09 0.000140171)
(5.88486e-10 1.07356e-10 0.000141241)
(4.37729e-11 3.23914e-10 0.000141241)
(1.22705e-09 -3.38172e-10 0.000140171)
(-1.17503e-09 1.86936e-09 0.000134662)
(-1.46013e-09 -1.38117e-09 0.000113182)
(5.90879e-10 5.69489e-10 5.53217e-05)
(-1.76271e-12 1.17801e-09 4.90231e-05)
(3.28146e-09 -4.86512e-09 0.000104705)
(3.84011e-09 3.72566e-09 0.000129499)
(-1.79747e-10 6.43617e-10 0.000137784)
(5.00966e-10 4.35241e-10 0.000139986)
(-1.1967e-09 1.17973e-09 0.000139986)
(-6.39343e-10 8.94191e-10 0.000137784)
(-4.0349e-09 3.71303e-09 0.000129499)
(-3.47907e-09 -3.73128e-09 0.000104705)
(-3.10337e-10 1.45217e-09 4.90234e-05)
(8.74781e-11 -3.1395e-09 3.7504e-05)
(-2.00049e-09 -8.98289e-09 8.60477e-05)
(-2.07097e-09 5.86634e-09 0.000114544)
(-1.75028e-09 2.43833e-09 0.000128146)
(-6.80764e-10 1.41656e-09 0.000133194)
(-4.17508e-10 1.12571e-09 0.000133194)
(9.08121e-10 2.97153e-09 0.000128146)
(1.08816e-09 7.36975e-09 0.000114543)
(2.77546e-10 -5.2522e-09 8.60472e-05)
(-1.70906e-09 -4.7798e-10 3.75038e-05)
(-1.53776e-09 -4.24486e-09 2.28718e-05)
(-5.91149e-09 -1.93583e-09 5.70453e-05)
(-2.79759e-09 5.90832e-09 8.29963e-05)
(7.03641e-10 -8.90863e-10 9.98734e-05)
(-1.79586e-09 -9.53007e-11 0.000107883)
(9.27525e-10 -3.5412e-10 0.000107883)
(-1.87372e-09 -2.74791e-10 9.98739e-05)
(3.23231e-10 8.05576e-09 8.29968e-05)
(1.62073e-09 1.96896e-09 5.70451e-05)
(-1.05214e-09 -1.93631e-09 2.28708e-05)
(-9.44942e-10 -3.63967e-10 8.64511e-06)
(-1.43562e-09 1.93048e-09 2.16676e-05)
(3.68991e-09 2.91451e-09 3.47436e-05)
(2.11566e-09 -1.26236e-09 4.47491e-05)
(-1.79714e-09 -2.97368e-10 5.00853e-05)
(5.25799e-10 -2.00188e-10 5.00852e-05)
(-3.30841e-09 -1.39346e-09 4.47491e-05)
(-5.73629e-09 3.35377e-09 3.47436e-05)
(-2.8615e-09 3.70601e-09 2.16669e-05)
(-9.40496e-10 4.19477e-10 8.64462e-06)
(-1.23989e-08 8.97114e-09 8.64471e-06)
(-3.89932e-09 -1.48255e-09 2.16666e-05)
(-1.81752e-09 2.68364e-09 3.4743e-05)
(-4.96602e-09 1.52095e-09 4.47486e-05)
(5.32282e-10 -2.87087e-10 5.00847e-05)
(4.15351e-10 3.46335e-10 5.0085e-05)
(4.19002e-09 2.47846e-09 4.47487e-05)
(3.39153e-10 3.15215e-09 3.47438e-05)
(-3.39489e-09 -6.04665e-09 2.16668e-05)
(4.90482e-09 3.52665e-09 8.64461e-06)
(-7.31315e-09 1.15489e-08 2.28711e-05)
(-9.12946e-09 1.64749e-09 5.70445e-05)
(-1.06034e-08 1.58804e-09 8.29956e-05)
(-3.72823e-09 -1.45694e-09 9.98725e-05)
(-1.6944e-09 -4.20989e-09 0.000107883)
(1.65776e-09 -2.84377e-09 0.000107883)
(2.90905e-09 1.24136e-09 9.98736e-05)
(8.55583e-09 4.62917e-09 8.29964e-05)
(3.53158e-09 -1.29499e-09 5.70444e-05)
(3.4229e-10 3.27139e-09 2.28708e-05)
(-2.68987e-09 9.12753e-09 3.75041e-05)
(-1.52367e-09 3.64991e-09 8.60477e-05)
(-6.04892e-10 -3.54726e-09 0.000114543)
(1.30838e-09 -4.83922e-09 0.000128146)
(-5.21784e-10 -4.46587e-09 0.000133194)
(-1.02961e-09 -3.65442e-09 0.000133193)
(-2.62319e-09 -2.88473e-09 0.000128146)
(3.383e-10 4.47038e-11 0.000114543)
(1.72555e-09 4.63953e-09 8.60474e-05)
(6.15125e-10 3.32746e-09 3.75039e-05)
(-1.20935e-09 5.79447e-09 4.90232e-05)
(3.74297e-09 6.52435e-10 0.000104706)
(3.73077e-09 -2.40578e-09 0.000129499)
(1.33921e-09 -2.11222e-09 0.000137784)
(-1.07406e-10 -1.23244e-09 0.000139985)
(-2.78354e-09 -7.38536e-10 0.000139986)
(-2.84232e-09 -1.00489e-09 0.000137784)
(-3.9145e-09 -2.01527e-09 0.000129499)
(-1.40124e-09 -6.01844e-10 0.000104706)
(2.24222e-09 3.38901e-09 4.90233e-05)
(1.00074e-10 2.4857e-09 5.5321e-05)
(2.97092e-09 -4.05373e-10 0.000113183)
(2.40803e-09 -1.07281e-10 0.000134662)
(6.34532e-10 -7.46897e-10 0.000140171)
(2.20076e-10 6.21836e-11 0.000141241)
(-1.00297e-09 2.39316e-10 0.000141241)
(-1.07526e-09 -2.45508e-10 0.000140172)
(-1.82473e-09 -1.33099e-09 0.000134662)
(-2.09997e-09 -1.86525e-09 0.000113183)
(-1.2562e-10 1.59155e-09 5.5321e-05)
(-1.68592e-10 3.81592e-10 5.53215e-05)
(2.9533e-09 -1.45612e-09 0.000113183)
(2.59532e-09 1.51693e-09 0.000134662)
(-1.26766e-10 -3.49458e-10 0.000140172)
(3.2991e-10 1.14316e-09 0.000141241)
(-9.92882e-10 9.35424e-10 0.000141241)
(-1.41033e-10 -7.88323e-10 0.000140171)
(-2.12572e-09 -7.44509e-12 0.000134662)
(-1.66955e-09 -2.59032e-09 0.000113183)
(9.65766e-10 -1.95354e-10 5.53212e-05)
(-1.66168e-09 -5.49775e-10 4.90235e-05)
(2.34382e-09 -3.29257e-09 0.000104706)
(4.56591e-09 2.47049e-09 0.000129498)
(8.21178e-10 5.17514e-10 0.000137785)
(1.36512e-09 1.5809e-09 0.000139986)
(-9.05192e-10 1.42177e-09 0.000139986)
(-8.71742e-10 -7.93944e-11 0.000137785)
(-5.84983e-09 2.33231e-10 0.000129498)
(-3.04548e-09 -6.94731e-09 0.000104705)
(1.93358e-09 -6.9098e-10 4.90231e-05)
(9.57471e-10 7.57013e-11 3.75043e-05)
(5.2824e-10 -7.956e-09 8.60474e-05)
(2.50943e-09 3.12615e-09 0.000114543)
(1.96717e-09 2.36055e-09 0.000128146)
(1.38615e-09 3.4467e-09 0.000133194)
(4.38543e-10 4.51357e-09 0.000133194)
(-3.31539e-10 4.68273e-09 0.000128146)
(-1.39088e-09 3.35505e-09 0.000114543)
(1.49458e-10 -1.46065e-08 8.60464e-05)
(-2.82987e-10 -5.05418e-09 3.75039e-05)
(-5.95955e-10 -5.09054e-09 2.28716e-05)
(-6.22591e-09 -6.01499e-09 5.70446e-05)
(-6.71921e-09 1.62195e-09 8.29966e-05)
(-2.14929e-09 7.46588e-10 9.98733e-05)
(-2.24581e-09 1.97508e-09 0.000107883)
(2.88295e-09 3.05291e-09 0.000107884)
(5.5729e-09 2.50265e-09 9.98737e-05)
(1.41653e-08 1.7215e-09 8.29968e-05)
(1.4492e-08 -1.15525e-08 5.70446e-05)
(5.36158e-09 -1.02581e-08 2.28716e-05)
(-7.13528e-09 -6.97812e-09 8.64494e-06)
(-6.916e-09 -2.1308e-09 2.16672e-05)
(-4.27686e-09 -3.30003e-10 3.4744e-05)
(-1.14172e-09 -1.03243e-09 4.47487e-05)
(-1.58869e-09 -5.69149e-10 5.00854e-05)
(2.1611e-09 -8.85218e-10 5.00853e-05)
(1.89487e-09 -1.5817e-09 4.47491e-05)
(6.0437e-09 -1.2047e-09 3.4744e-05)
(1.04375e-08 -3.32389e-09 2.16672e-05)
(7.7908e-09 -5.77428e-09 8.64492e-06)
(-4.90647e-09 3.45957e-09 8.64481e-06)
(9.44741e-09 -1.02842e-08 2.16669e-05)
(7.66476e-09 3.25738e-10 3.4744e-05)
(2.05523e-09 9.6964e-10 4.47486e-05)
(4.26198e-09 -3.50575e-10 5.0085e-05)
(2.62637e-09 -4.34409e-10 5.00851e-05)
(5.41453e-09 3.07349e-09 4.4749e-05)
(-1.64891e-09 2.97065e-09 3.47443e-05)
(-5.79654e-09 -5.85165e-09 2.1667e-05)
(5.25142e-09 3.64356e-09 8.64446e-06)
(-5.21619e-10 2.12862e-09 2.28712e-05)
(3.64253e-09 -1.075e-08 5.7045e-05)
(4.61651e-10 -1.15746e-09 8.29971e-05)
(2.17522e-09 1.50084e-09 9.98729e-05)
(1.37491e-10 -1.37733e-09 0.000107883)
(9.48598e-11 -6.86991e-10 0.000107883)
(-2.46126e-09 3.04743e-09 9.98733e-05)
(8.58017e-10 1.78469e-09 8.29976e-05)
(-2.27406e-11 -5.08204e-09 5.70451e-05)
(5.14808e-10 1.34337e-09 2.28707e-05)
(2.49382e-09 8.40256e-10 3.75041e-05)
(9.86456e-10 -1.49211e-09 8.60475e-05)
(-1.30173e-09 -3.95612e-09 0.000114543)
(1.02916e-09 -2.02249e-09 0.000128146)
(5.73885e-11 -1.26636e-09 0.000133194)
(-3.27214e-10 -5.25668e-10 0.000133193)
(-8.12196e-10 -9.17401e-10 0.000128146)
(3.08091e-09 -3.12303e-09 0.000114543)
(3.91575e-09 6.20592e-10 8.60478e-05)
(1.87201e-09 3.21151e-09 3.75039e-05)
(5.7123e-10 -7.7935e-12 4.9023e-05)
(2.86291e-09 -1.79417e-09 0.000104706)
(2.50687e-09 -2.1567e-09 0.000129498)
(6.4178e-10 -1.3633e-09 0.000137785)
(-6.74231e-11 -1.19129e-11 0.000139986)
(-1.36055e-09 -1.02549e-10 0.000139985)
(-1.86844e-09 -1.01735e-09 0.000137784)
(-2.6417e-09 -2.51272e-09 0.000129497)
(-2.56754e-09 -1.39804e-09 0.000104706)
(1.0123e-10 2.75561e-09 4.90233e-05)
(-5.53993e-10 9.71878e-10 5.53207e-05)
(6.82523e-10 -1.63936e-09 0.000113183)
(7.95444e-10 3.72981e-10 0.00013466)
(-7.0061e-10 -5.8779e-10 0.000140172)
(-4.52211e-10 1.01414e-10 0.000141241)
(-5.97856e-10 6.39701e-10 0.000141241)
(-1.58883e-11 -8.34569e-10 0.000140171)
(-1.31885e-09 -4.05636e-10 0.000134661)
(-2.31975e-09 -2.73191e-09 0.000113184)
(-2.04464e-10 6.40723e-10 5.53212e-05)
(-7.62725e-10 2.63449e-10 5.53212e-05)
(1.32495e-09 -1.82593e-09 0.000113183)
(1.74127e-09 1.50158e-09 0.000134661)
(-7.42391e-10 -1.03929e-09 0.000140172)
(2.5794e-10 7.33765e-11 0.000141241)
(-5.91613e-10 2.22141e-10 0.000141241)
(7.30218e-10 -3.15978e-10 0.000140171)
(-1.2358e-09 1.4483e-09 0.000134661)
(-1.2687e-09 -2.39663e-09 0.000113184)
(9.24581e-10 8.78074e-10 5.53208e-05)
(-3.49849e-10 9.77066e-10 4.90231e-05)
(2.20346e-09 -4.64641e-09 0.000104706)
(3.91792e-09 3.60805e-09 0.000129498)
(3.07887e-10 5.79585e-10 0.000137784)
(5.48672e-10 7.5776e-10 0.000139985)
(-7.31329e-10 4.11536e-10 0.000139986)
(-1.32684e-10 9.59814e-10 0.000137784)
(-4.3678e-09 3.66506e-09 0.000129498)
(-3.2452e-09 -4.48311e-09 0.000104706)
(1.77888e-10 1.6108e-09 4.90233e-05)
(5.46345e-10 -2.10656e-09 3.75042e-05)
(-2.17737e-09 -7.93042e-09 8.60468e-05)
(-1.69772e-09 6.02465e-09 0.000114543)
(-9.54077e-10 1.63676e-09 0.000128145)
(3.02988e-10 6.86872e-10 0.000133193)
(-1.43547e-10 6.28233e-10 0.000133193)
(-5.47338e-10 2.83709e-09 0.000128146)
(2.92217e-10 7.00871e-09 0.000114544)
(4.65958e-10 -6.4664e-09 8.60476e-05)
(-2.04169e-09 2.70614e-10 3.75048e-05)
(-5.40943e-10 -3.71864e-09 2.2871e-05)
(-3.13847e-09 1.2476e-09 5.70435e-05)
(-1.43646e-09 5.83684e-09 8.29966e-05)
(1.58074e-09 -1.48437e-09 9.98728e-05)
(-1.2432e-09 -2.17179e-10 0.000107883)
(2.57136e-10 -2.48871e-11 0.000107883)
(-3.13024e-09 -1.93932e-10 9.98725e-05)
(2.27973e-10 5.47903e-09 8.29963e-05)
(2.08069e-09 -9.4979e-10 5.70444e-05)
(-5.43773e-10 -2.46122e-09 2.28718e-05)
(-9.45351e-10 -1.13819e-09 8.64449e-06)
(2.32185e-09 4.60842e-09 2.16662e-05)
(4.46903e-09 2.7381e-09 3.47435e-05)
(2.47852e-09 -1.64872e-09 4.47482e-05)
(-6.07261e-10 -1.00006e-10 5.00847e-05)
(1.40438e-09 1.06676e-10 5.00846e-05)
(-1.16064e-09 -1.96995e-09 4.4748e-05)
(-1.69515e-09 7.32751e-10 3.47435e-05)
(1.07036e-09 1.20724e-09 2.16665e-05)
(4.16092e-09 -3.60774e-09 8.64461e-06)
(-1.35717e-08 1.01287e-08 8.64481e-06)
(-1.36569e-09 -2.88659e-09 2.16672e-05)
(-3.35657e-09 4.23601e-09 3.4744e-05)
(-7.44826e-09 1.20194e-09 4.47489e-05)
(9.77619e-10 -7.88179e-10 5.00851e-05)
(-3.75822e-11 6.9376e-11 5.0085e-05)
(7.50347e-09 2.46956e-09 4.47488e-05)
(2.08307e-09 4.67213e-09 3.47434e-05)
(-2.26574e-09 -5.65329e-09 2.16671e-05)
(9.26024e-09 6.66179e-09 8.64509e-06)
(-9.34844e-09 1.29019e-08 2.28714e-05)
(-1.01293e-08 2.7075e-09 5.70453e-05)
(-1.45443e-08 7.74719e-09 8.29962e-05)
(-6.4787e-09 -3.24733e-09 9.98736e-05)
(-1.286e-09 -5.23996e-09 0.000107883)
(1.45536e-09 -3.96928e-09 0.000107883)
(6.70653e-09 -3.08428e-10 9.9873e-05)
(1.29331e-08 9.4945e-09 8.29964e-05)
(4.49997e-09 -7.50441e-10 5.70454e-05)
(5.02687e-09 8.59268e-09 2.28718e-05)
(-1.92695e-09 9.04703e-09 3.75042e-05)
(-1.56271e-09 4.70804e-09 8.60474e-05)
(-3.53697e-09 6.91071e-09 0.000114543)
(1.83827e-09 -8.06435e-09 0.000128146)
(-1.45583e-10 -5.71104e-09 0.000133194)
(-7.65266e-10 -5.13303e-09 0.000133194)
(-2.51093e-09 -4.55544e-09 0.000128146)
(1.88739e-09 8.91961e-09 0.000114543)
(-1.71799e-09 3.6698e-09 8.60483e-05)
(-1.24032e-09 4.1843e-09 3.75046e-05)
(6.6195e-10 3.50859e-09 4.90228e-05)
(2.21134e-09 1.30324e-09 0.000104705)
(2.32689e-09 5.17013e-09 0.000129498)
(3.19294e-09 -3.69917e-09 0.000137785)
(-9.61633e-11 -1.56692e-09 0.000139986)
(-1.64443e-09 -1.48687e-09 0.000139986)
(-4.75262e-09 -1.75536e-09 0.000137784)
(-3.85422e-09 5.57287e-09 0.000129498)
(-2.25138e-09 -1.34157e-09 0.000104706)
(-1.84291e-10 -1.81427e-10 4.90236e-05)
(1.41192e-09 1.46947e-09 5.53212e-05)
(1.62811e-09 4.17228e-10 0.000113183)
(1.23079e-09 1.79298e-09 0.000134661)
(1.9226e-09 -9.12463e-10 0.000140171)
(2.97716e-10 5.28429e-10 0.000141241)
(-1.83372e-10 3.36466e-11 0.000141241)
(-1.96431e-09 -6.0626e-10 0.000140172)
(-8.38972e-10 1.68995e-09 0.000134662)
(-8.62046e-10 -1.39937e-09 0.000113183)
(-1.14669e-09 -4.73907e-10 5.53216e-05)
(9.78357e-10 -5.09645e-10 5.53211e-05)
(1.78574e-09 8.43987e-10 0.000113183)
(1.25353e-09 7.87536e-10 0.000134661)
(1.16938e-09 -8.80102e-10 0.000140171)
(5.68666e-10 7.62186e-10 0.000141241)
(-7.23031e-10 6.99407e-10 0.000141241)
(-1.47084e-09 -1.41139e-10 0.000140171)
(-1.3343e-09 3.41173e-10 0.000134661)
(-2.17278e-09 -3.87532e-10 0.000113183)
(-8.02721e-10 -2.41661e-09 5.53213e-05)
(-1.68976e-09 -2.09097e-09 4.90231e-05)
(1.9179e-09 2.02993e-09 0.000104706)
(3.74414e-09 1.29649e-10 0.000129499)
(1.72442e-09 -1.24179e-10 0.000137784)
(1.3251e-09 1.08381e-09 0.000139985)
(-9.54919e-10 1.66894e-09 0.000139985)
(-1.93671e-09 -1.55264e-11 0.000137784)
(-5.03086e-09 -9.6701e-10 0.000129498)
(-4.23331e-09 -1.20347e-09 0.000104706)
(1.40167e-09 -4.31365e-09 4.9023e-05)
(1.16208e-10 -1.35956e-09 3.75041e-05)
(3.07806e-09 -1.95019e-09 8.60473e-05)
(3.09829e-09 -1.19934e-10 0.000114543)
(1.69634e-09 1.15033e-09 0.000128146)
(1.8652e-09 3.63597e-09 0.000133193)
(7.56681e-10 4.08877e-09 0.000133193)
(-4.48012e-10 4.0983e-09 0.000128145)
(-1.61108e-09 1.59381e-09 0.000114543)
(-7.88872e-10 -6.73606e-09 8.60472e-05)
(3.20205e-09 -9.10665e-09 3.7504e-05)
(-2.64727e-09 -6.31751e-09 2.28708e-05)
(-4.04226e-09 -3.51442e-09 5.70441e-05)
(-6.21965e-09 -1.18657e-09 8.29961e-05)
(-3.67612e-09 -5.38773e-10 9.98726e-05)
(-1.72859e-09 2.97016e-09 0.000107883)
(2.38545e-09 3.34924e-09 0.000107882)
(5.04892e-09 2.04269e-09 9.98725e-05)
(1.10605e-08 1.47987e-09 8.2996e-05)
(1.1553e-08 -6.42267e-09 5.70448e-05)
(7.91934e-09 -1.20069e-08 2.28711e-05)
(-7.58214e-09 -6.09176e-09 8.64443e-06)
(-6.16818e-09 -1.24664e-09 2.16663e-05)
(-4.78157e-09 -1.31293e-09 3.47432e-05)
(-4.96732e-09 -1.74906e-09 4.47483e-05)
(-3.3182e-09 -1.94481e-10 5.00846e-05)
(9.79784e-11 -2.52359e-11 5.00841e-05)
(1.06762e-09 -1.50278e-09 4.47479e-05)
(2.57467e-09 -6.4461e-10 3.47431e-05)
(6.28392e-09 -1.7502e-09 2.16665e-05)
(7.93876e-09 -6.527e-09 8.64459e-06)
(-3.31282e-09 2.12284e-09 8.64482e-06)
(8.96754e-09 -9.27048e-09 2.16672e-05)
(5.87769e-09 8.86739e-10 3.4743e-05)
(-3.64058e-10 2.02342e-09 4.47484e-05)
(2.46143e-09 -8.34324e-10 5.00846e-05)
(7.45408e-10 1.4333e-10 5.00844e-05)
(2.99076e-09 3.19674e-09 4.4748e-05)
(-4.72462e-09 2.04567e-09 3.47422e-05)
(-6.977e-09 -7.45912e-09 2.16663e-05)
(3.08157e-09 9.1612e-10 8.64466e-06)
(-1.55104e-09 2.90328e-09 2.28715e-05)
(-2.01727e-10 -7.01052e-09 5.7045e-05)
(-2.10328e-09 -1.00413e-10 8.29949e-05)
(-7.33934e-10 2.38141e-09 9.98724e-05)
(-1.61144e-09 -1.50768e-09 0.000107883)
(-4.87751e-10 -6.15946e-10 0.000107882)
(-2.8871e-09 3.28812e-09 9.9872e-05)
(8.29717e-10 2.09316e-09 8.29941e-05)
(-2.19474e-09 -6.68779e-09 5.70444e-05)
(-2.78376e-09 -1.57793e-09 2.28717e-05)
(9.3926e-10 3.1296e-09 3.75042e-05)
(-1.16051e-09 1.24538e-09 8.60477e-05)
(-2.87169e-09 -2.59418e-09 0.000114543)
(7.05471e-10 -2.26834e-09 0.000128146)
(-1.55397e-10 -1.53774e-09 0.000133194)
(-8.99134e-10 -8.27354e-10 0.000133194)
(-1.00901e-09 -1.7478e-09 0.000128146)
(4.20505e-09 -1.32561e-09 0.000114544)
(3.3818e-09 4.43339e-10 8.60492e-05)
(-5.27199e-10 6.7942e-10 3.7505e-05)
(5.11749e-10 9.50763e-10 4.90232e-05)
(2.66078e-09 -4.05579e-10 0.000104705)
(1.82561e-09 -7.26986e-10 0.0001295)
(4.22597e-10 -1.24069e-09 0.000137784)
(2.35626e-10 1.45838e-10 0.000139986)
(-8.79656e-10 4.20527e-10 0.000139986)
(-1.05924e-09 -1.51679e-09 0.000137784)
(-2.2002e-09 -1.0384e-09 0.0001295)
(-2.75001e-09 -1.34331e-09 0.000104706)
(4.02543e-10 2.05419e-09 4.90236e-05)
(-6.70533e-12 1.2093e-09 5.53214e-05)
(8.02071e-10 -9.43709e-10 0.000113183)
(6.37139e-10 6.08602e-10 0.000134663)
(-1.80849e-10 -7.82401e-10 0.000140171)
(-3.3482e-10 7.37094e-10 0.000141241)
(-4.26557e-10 9.92315e-10 0.000141241)
(1.09359e-10 -5.71711e-10 0.000140172)
(-1.0496e-09 -1.08237e-10 0.000134663)
(-1.9716e-09 -2.13151e-09 0.000113183)
(-1.78387e-10 2.85183e-10 5.53216e-05)
(-3.77272e-10 5.95478e-10 5.53217e-05)
(8.25768e-10 -1.04716e-09 0.000113183)
(9.60894e-10 1.99461e-09 0.000134662)
(-7.57333e-10 -1.42954e-09 0.000140172)
(4.46644e-11 -1.64543e-10 0.000141241)
(-4.177e-10 4.12988e-10 0.000141241)
(3.74418e-10 -5.79643e-10 0.000140172)
(-1.22073e-09 1.19167e-09 0.000134663)
(-1.18005e-09 -2.28314e-09 0.000113183)
(7.26385e-10 2.71614e-10 5.5322e-05)
(-1.93368e-10 2.70677e-09 4.90233e-05)
(1.92622e-09 -3.2794e-09 0.000104705)
(3.11159e-09 3.81002e-09 0.000129499)
(-4.54483e-11 1.13183e-09 0.000137784)
(4.34943e-10 7.05642e-10 0.000139985)
(-1.04803e-09 5.18469e-10 0.000139986)
(-3.84331e-11 6.24518e-10 0.000137784)
(-3.3282e-09 2.71039e-09 0.000129499)
(-2.8268e-09 -4.33734e-09 0.000104706)
(-8.49824e-11 1.43617e-09 4.90236e-05)
(1.27711e-09 -5.64534e-10 3.75044e-05)
(-2.32542e-09 -7.77677e-09 8.60482e-05)
(-7.95066e-10 5.23745e-09 0.000114544)
(6.46902e-10 2.16423e-09 0.000128146)
(3.5441e-10 4.65226e-10 0.000133193)
(7.42648e-10 8.20314e-10 0.000133193)
(1.13359e-09 2.06974e-09 0.000128146)
(8.6106e-10 6.93475e-09 0.000114543)
(6.89381e-10 -5.32319e-09 8.60475e-05)
(-1.41312e-09 -1.75781e-10 3.75035e-05)
(1.22271e-10 -2.75987e-09 2.28717e-05)
(-2.71927e-09 -4.06513e-11 5.7046e-05)
(-1.06938e-09 5.63764e-09 8.29963e-05)
(1.17722e-09 -1.35513e-09 9.98722e-05)
(-1.8634e-09 -4.07014e-10 0.000107882)
(-1.59226e-09 -4.05232e-10 0.000107882)
(-4.83862e-09 -5.50599e-10 9.98723e-05)
(-1.17102e-09 5.83163e-09 8.29953e-05)
(2.14556e-10 1.69677e-09 5.70446e-05)
(-2.08739e-09 -3.00052e-10 2.28706e-05)
(-1.35338e-09 -1.01222e-09 8.64501e-06)
(3.1236e-09 4.21696e-09 2.16672e-05)
(6.20949e-09 3.18412e-09 3.47434e-05)
(4.37378e-09 -1.0626e-09 4.47482e-05)
(-2.90369e-10 -1.41226e-10 5.00843e-05)
(1.23987e-09 -3.61979e-10 5.00839e-05)
(-2.29866e-09 -1.79515e-09 4.47481e-05)
(-3.17944e-09 8.23232e-10 3.47427e-05)
(-1.37061e-09 2.40011e-09 2.16665e-05)
(-2.67379e-09 1.8791e-09 8.64458e-06)
(-1.39043e-08 1.04496e-08 8.64427e-06)
(-4.74269e-09 -1.80564e-09 2.16661e-05)
(-3.22541e-09 2.6951e-09 3.47428e-05)
(-5.09862e-09 1.70063e-09 4.47485e-05)
(-6.44352e-10 4.07173e-10 5.00846e-05)
(-8.75288e-10 1.24313e-11 5.00847e-05)
(3.31144e-09 2.89057e-09 4.47484e-05)
(-3.58119e-09 1.90944e-09 3.47432e-05)
(-6.33954e-09 -7.74394e-09 2.16669e-05)
(6.43127e-09 4.62039e-09 8.64456e-06)
(-8.06259e-09 1.28571e-08 2.28704e-05)
(-8.85409e-09 1.8366e-09 5.70443e-05)
(-1.02439e-08 9.54912e-10 8.29957e-05)
(-3.99921e-09 -6.35892e-10 9.98725e-05)
(-2.19824e-09 -3.23511e-09 0.000107883)
(2.37622e-09 -3.00862e-09 0.000107883)
(4.19752e-09 1.7586e-09 9.98725e-05)
(8.54002e-09 3.3717e-09 8.2996e-05)
(3.88987e-09 -2.21033e-09 5.70452e-05)
(9.80219e-10 3.97708e-09 2.28714e-05)
(-2.93866e-09 1.04936e-08 3.75035e-05)
(-1.6029e-09 5.51263e-09 8.60475e-05)
(-5.81157e-10 -2.94905e-09 0.000114543)
(1.24501e-09 -4.66087e-09 0.000128146)
(-6.44298e-10 -3.92217e-09 0.000133194)
(-1.10979e-09 -3.31325e-09 0.000133194)
(-2.28119e-09 -2.83832e-09 0.000128146)
(6.15233e-10 -1.58595e-09 0.000114543)
(1.68901e-09 3.88339e-09 8.6048e-05)
(6.73697e-10 3.22339e-09 3.7504e-05)
(-1.11292e-09 5.8485e-09 4.9023e-05)
(3.27257e-09 1.90348e-09 0.000104706)
(3.03212e-09 -1.0815e-09 0.000129499)
(5.15913e-10 -2.3806e-09 0.000137785)
(3.54475e-10 -5.22161e-10 0.000139986)
(-1.56159e-09 -7.79861e-10 0.000139986)
(-2.40458e-09 -1.26773e-09 0.000137785)
(-3.44962e-09 -2.25177e-09 0.000129499)
(-1.99566e-09 -1.61165e-09 0.000104706)
(1.54989e-09 2.2693e-09 4.90231e-05)
(1.61568e-10 3.18966e-09 5.53209e-05)
(2.7575e-09 7.05791e-10 0.000113183)
(1.77556e-09 3.57321e-10 0.000134662)
(2.24721e-10 -1.17694e-09 0.000140171)
(6.36908e-10 -1.2616e-10 0.000141241)
(-5.09918e-10 -4.6558e-10 0.000141241)
(2.57897e-11 -6.59488e-10 0.000140172)
(-8.03108e-10 3.4579e-12 0.000134662)
(-1.55787e-09 -1.81178e-09 0.000113183)
(4.40059e-10 1.52938e-09 5.53213e-05)
(-1.31635e-10 1.41929e-09 5.53212e-05)
(2.17461e-09 -4.8802e-10 0.000113183)
(2.30884e-09 1.38404e-09 0.000134662)
(2.45422e-10 -7.9423e-10 0.000140172)
(4.65813e-10 -2.3467e-10 0.000141241)
(-6.53979e-10 -9.5716e-12 0.000141241)
(-1.61781e-10 -3.75335e-10 0.000140172)
(-2.54014e-09 1.67176e-09 0.000134662)
(-1.75165e-09 -2.12059e-09 0.000113183)
(1.07849e-09 5.23259e-10 5.53213e-05)
(-1.71459e-09 8.21674e-11 4.90231e-05)
(1.8381e-09 -3.42937e-09 0.000104705)
(4.3807e-09 2.13953e-09 0.000129498)
(1.27573e-09 -5.87488e-10 0.000137784)
(1.244e-09 -1.24347e-11 0.000139985)
(-1.48116e-09 8.44633e-10 0.000139986)
(-1.09944e-09 5.46845e-10 0.000137784)
(-5.74742e-09 2.87367e-09 0.000129498)
(-3.03266e-09 -5.06977e-09 0.000104705)
(1.56504e-09 4.73883e-10 4.90229e-05)
(1.893e-09 4.63556e-10 3.75038e-05)
(9.87625e-10 -7.41921e-09 8.60473e-05)
(1.71417e-09 3.77146e-09 0.000114543)
(6.7972e-10 1.48356e-09 0.000128146)
(8.39922e-13 1.43381e-09 0.000133193)
(-5.32329e-10 2.82467e-09 0.000133194)
(-1.21604e-09 4.50775e-09 0.000128146)
(-2.10588e-09 5.98155e-09 0.000114543)
(-1.84034e-09 -1.07938e-08 8.60467e-05)
(-2.02639e-09 -2.76172e-09 3.75036e-05)
(1.03648e-09 -3.26672e-09 2.28713e-05)
(-4.71694e-09 -4.50376e-09 5.70446e-05)
(-5.93478e-09 2.98665e-09 8.29962e-05)
(-2.10339e-09 8.69549e-10 9.98725e-05)
(-1.93762e-09 1.2965e-09 0.000107883)
(1.68738e-09 1.74224e-09 0.000107884)
(1.85984e-09 1.91922e-09 9.98738e-05)
(9.46803e-09 4.4927e-09 8.29968e-05)
(1.02989e-08 -7.28434e-09 5.70447e-05)
(2.87628e-09 -7.26683e-09 2.28712e-05)
(-5.85764e-09 -4.62946e-09 8.64479e-06)
(-7.34705e-09 -1.66248e-09 2.16673e-05)
(-3.19819e-09 2.14249e-10 3.47438e-05)
(-8.89191e-10 -1.20643e-09 4.47488e-05)
(-2.06084e-09 -4.13513e-10 5.00849e-05)
(1.92471e-09 -4.69691e-10 5.00852e-05)
(8.18326e-10 -1.57929e-09 4.47492e-05)
(3.54154e-09 4.23986e-10 3.47441e-05)
(7.58934e-09 -1.4877e-09 2.16669e-05)
(3.45668e-09 -2.70989e-09 8.64471e-06)
(-2.9033e-09 1.432e-09 8.64474e-06)
(9.6785e-09 -9.46506e-09 2.16664e-05)
(6.97791e-09 1.26194e-09 3.47437e-05)
(5.86328e-10 1.1551e-09 4.47487e-05)
(2.5861e-09 -1.01572e-10 5.0085e-05)
(-4.90788e-11 -1.9947e-10 5.00854e-05)
(5.85231e-10 2.50232e-09 4.47492e-05)
(-6.78193e-09 1.77885e-09 3.47446e-05)
(-1.08317e-08 -8.71802e-09 2.16672e-05)
(-1.75749e-09 -1.65365e-09 8.64488e-06)
(-1.35316e-10 1.2413e-09 2.2871e-05)
(2.53874e-09 -8.84968e-09 5.70446e-05)
(3.04663e-10 -1.71081e-10 8.29967e-05)
(2.01123e-09 2.16153e-09 9.98728e-05)
(-1.19973e-09 -6.87627e-10 0.000107883)
(-1.96216e-09 -5.67305e-10 0.000107884)
(-4.20326e-09 2.5554e-09 9.98733e-05)
(3.86054e-11 1.21914e-09 8.29979e-05)
(-3.7854e-09 -8.68973e-09 5.70448e-05)
(-4.49874e-09 -3.50392e-09 2.28707e-05)
(1.67045e-09 1.85865e-09 3.75043e-05)
(-6.42886e-10 -6.68746e-10 8.60478e-05)
(-1.59932e-09 -3.78126e-09 0.000114543)
(1.51505e-09 -1.3785e-09 0.000128146)
(-3.61383e-10 -8.24433e-10 0.000133194)
(-2.40471e-10 -8.21662e-10 0.000133194)
(-7.24573e-10 -1.56961e-09 0.000128146)
(3.30375e-09 -3.11366e-09 0.000114543)
(3.3675e-09 -8.18668e-10 8.6046e-05)
(2.22531e-10 1.0313e-09 3.75027e-05)
(3.13238e-11 8.90559e-10 4.90233e-05)
(2.20487e-09 -6.70923e-10 0.000104706)
(2.01349e-09 -2.19695e-09 0.000129498)
(9.09291e-10 -1.91032e-09 0.000137785)
(9.70318e-10 1.51157e-10 0.000139986)
(-4.24134e-10 -1.30189e-10 0.000139985)
(-1.25346e-09 -1.17181e-09 0.000137785)
(-2.63455e-09 -2.49477e-09 0.000129497)
(-1.69825e-09 -1.30237e-09 0.000104705)
(1.00406e-09 3.07e-09 4.90221e-05)
(-5.26623e-10 1.25674e-09 5.53213e-05)
(1.45186e-09 -1.38276e-09 0.000113184)
(1.20553e-09 -4.542e-10 0.000134661)
(-6.99682e-10 -1.37224e-09 0.000140172)
(8.6536e-12 7.3907e-11 0.000141241)
(-1.07531e-10 -7.18315e-11 0.000141241)
(2.38623e-10 -3.53646e-10 0.000140172)
(-1.07025e-09 -7.24024e-10 0.00013466)
(-1.64883e-09 -2.19982e-09 0.000113182)
(1.58408e-11 7.8688e-10 5.53204e-05)
(-8.73847e-10 1.61608e-10 5.5321e-05)
(1.60888e-09 -2.47647e-09 0.000113183)
(2.1477e-09 1.27113e-09 0.000134661)
(-4.62098e-10 -8.20721e-10 0.000140172)
(4.22941e-10 -3.34824e-10 0.000141241)
(-4.53944e-10 -3.39109e-10 0.000141241)
(1.65629e-10 -4.38846e-10 0.000140171)
(-2.32133e-09 3.37698e-10 0.00013466)
(-1.6535e-09 -2.44718e-09 0.000113182)
(9.61725e-10 4.71453e-10 5.53202e-05)
(-5.23231e-10 7.73712e-10 4.90232e-05)
(2.74258e-09 -4.54892e-09 0.000104706)
(4.20962e-09 4.32466e-09 0.000129498)
(-1.3814e-10 1.29188e-09 0.000137784)
(6.45068e-10 5.34027e-10 0.000139986)
(-3.13949e-10 5.34491e-10 0.000139986)
(6.5465e-11 1.21152e-09 0.000137784)
(-4.804e-09 2.56053e-09 0.000129497)
(-3.67188e-09 -4.56549e-09 0.000104705)
(7.80189e-10 2.2766e-10 4.90221e-05)
(4.86408e-10 -2.49565e-09 3.75041e-05)
(-2.9459e-09 -8.47459e-09 8.60471e-05)
(-2.90802e-09 6.7781e-09 0.000114543)
(-1.70746e-09 2.2316e-09 0.000128146)
(-1.98813e-10 8.96049e-10 0.000133194)
(-1.02858e-10 1.13098e-09 0.000133194)
(5.7462e-11 3.56e-09 0.000128146)
(8.76459e-10 6.78316e-09 0.000114543)
(1.33117e-09 -7.34713e-09 8.60464e-05)
(-6.21087e-10 -2.26174e-09 3.75038e-05)
(-2.26749e-09 -4.61083e-09 2.2871e-05)
(-6.29549e-09 -1.54979e-09 5.7044e-05)
(-2.4661e-09 7.04116e-09 8.29969e-05)
(1.40522e-09 -4.69421e-10 9.98733e-05)
(-1.35668e-09 -6.10026e-10 0.000107884)
(-9.49223e-11 2.72715e-10 0.000107884)
(-2.76467e-09 2.82341e-10 9.98735e-05)
(1.29187e-09 4.93992e-09 8.29972e-05)
(2.87126e-09 -1.05189e-09 5.70443e-05)
(-4.69104e-11 -2.93735e-09 2.28714e-05)
(-2.07679e-10 -6.78343e-10 8.64472e-06)
(-4.9442e-10 2.01153e-09 2.1667e-05)
(4.92636e-09 3.51899e-09 3.47441e-05)
(4.4937e-09 -5.16198e-10 4.47492e-05)
(-4.65927e-10 -5.9534e-10 5.00858e-05)
(1.02537e-09 -1.7534e-10 5.00859e-05)
(-1.20631e-09 -1.51169e-09 4.47493e-05)
(-1.76794e-09 1.2224e-10 3.47446e-05)
(-8.54213e-10 2.41437e-09 2.16674e-05)
(-3.4399e-10 1.09536e-11 8.6449e-06)
(-1.16176e-08 6.59218e-09 8.64482e-06)
(-3.71587e-09 -1.72877e-09 2.16669e-05)
(-4.42376e-09 5.16143e-09 3.47437e-05)
(-8.80347e-09 1.37005e-09 4.47488e-05)
(3.43858e-11 -1.86959e-10 5.00853e-05)
(-6.56645e-10 -4.29152e-11 5.0085e-05)
(7.36406e-09 2.30944e-09 4.47489e-05)
(2.60998e-09 4.65344e-09 3.47436e-05)
(-6.65113e-10 -4.99667e-09 2.16669e-05)
(1.20819e-08 7.9149e-09 8.64484e-06)
(-7.69845e-09 1.08917e-08 2.28715e-05)
(-7.66354e-09 2.52171e-09 5.70453e-05)
(-1.35454e-08 8.86402e-09 8.29969e-05)
(-7.31911e-09 -2.99378e-09 9.98741e-05)
(-1.58958e-09 -5.01336e-09 0.000107883)
(2.64961e-09 -5.12208e-09 0.000107883)
(8.55518e-09 -1.22339e-09 9.98731e-05)
(1.59927e-08 1.00647e-08 8.29959e-05)
(9.05904e-09 1.9118e-09 5.70447e-05)
(6.50743e-09 9.06473e-09 2.28714e-05)
(-2.37087e-09 1.03937e-08 3.7504e-05)
(-1.0059e-10 3.72586e-09 8.60473e-05)
(-1.86334e-09 7.0577e-09 0.000114543)
(2.3874e-09 -6.96831e-09 0.000128146)
(2.6672e-10 -5.4658e-09 0.000133194)
(-2.24832e-10 -6.42273e-09 0.000133194)
(-1.84842e-09 -6.63751e-09 0.000128146)
(3.7301e-09 8.94234e-09 0.000114543)
(1.4735e-09 5.8753e-09 8.60471e-05)
(8.3396e-10 6.11855e-09 3.75043e-05)
(1.46941e-10 4.79972e-09 4.90227e-05)
(3.4731e-09 2.17757e-10 0.000104705)
(4.19383e-09 4.56267e-09 0.000129498)
(3.82602e-09 -3.07682e-09 0.000137784)
(2.48362e-10 -1.42656e-09 0.000139986)
(-8.07484e-10 -1.85595e-09 0.000139986)
(-3.90162e-09 -3.03337e-09 0.000137784)
(-3.74423e-09 4.62166e-09 0.000129498)
(-1.67727e-09 1.70897e-11 0.000104706)
(6.36518e-10 1.78028e-09 4.90232e-05)
(1.38276e-09 1.63643e-09 5.5321e-05)
(2.03956e-09 1.06249e-10 0.000113182)
(1.47534e-09 1.54991e-09 0.000134661)
(1.69858e-09 -8.95438e-10 0.000140172)
(4.28329e-10 5.42181e-11 0.000141241)
(-4.84124e-10 -3.49603e-10 0.000141241)
(-2.88397e-09 -9.66015e-10 0.000140171)
(-1.54471e-09 1.6406e-09 0.000134661)
(-1.67783e-09 -7.9689e-10 0.000113183)
(-1.59297e-09 6.8966e-10 5.53208e-05)
(9.93378e-10 -4.80072e-10 5.53213e-05)
(1.73369e-09 9.3023e-10 0.000113183)
(1.04453e-09 1.44814e-09 0.000134661)
(8.46573e-10 -2.63982e-10 0.000140172)
(7.25494e-10 5.95417e-10 0.000141241)
(-1.47857e-10 3.88162e-10 0.000141241)
(-1.49041e-09 -6.73421e-10 0.000140171)
(-1.78929e-09 1.05845e-09 0.000134661)
(-2.2447e-09 -1.72309e-09 0.000113182)
(-7.17583e-10 -2.77084e-09 5.53211e-05)
(-1.57805e-09 -1.96721e-09 4.90232e-05)
(1.57273e-09 1.3615e-09 0.000104706)
(3.15809e-09 2.81507e-10 0.000129498)
(1.55438e-09 6.02102e-10 0.000137785)
(1.16227e-09 9.2009e-10 0.000139986)
(-5.90622e-10 1.7839e-09 0.000139985)
(-1.1983e-09 6.99974e-10 0.000137784)
(-3.94418e-09 -7.7824e-10 0.000129498)
(-2.63658e-09 -2.89161e-09 0.000104705)
(2.13401e-09 -6.29834e-09 4.90228e-05)
(-9.32196e-11 -1.02442e-09 3.75044e-05)
(2.09879e-09 -2.91296e-09 8.60473e-05)
(2.28966e-09 -4.21684e-10 0.000114543)
(1.9232e-09 2.49682e-09 0.000128146)
(1.92894e-09 3.02712e-09 0.000133194)
(9.00946e-10 4.50134e-09 0.000133194)
(6.21518e-10 4.02845e-09 0.000128146)
(3.83899e-10 6.85286e-10 0.000114543)
(1.29221e-09 -8.53945e-09 8.60469e-05)
(3.75435e-09 -1.07115e-08 3.75037e-05)
(-3.49642e-10 -3.76937e-09 2.28713e-05)
(-3.6765e-09 -4.50941e-09 5.70447e-05)
(-6.5063e-09 -1.20788e-09 8.29962e-05)
(-3.30694e-09 6.01585e-10 9.98735e-05)
(-8.95657e-10 2.50696e-09 0.000107884)
(3.02923e-09 3.57108e-09 0.000107884)
(6.57013e-09 1.11896e-09 9.9873e-05)
(1.34717e-08 -1.50227e-09 8.2996e-05)
(1.38459e-08 -7.10483e-09 5.70443e-05)
(9.67258e-09 -1.2624e-08 2.28708e-05)
(-7.72525e-09 -5.89221e-09 8.6449e-06)
(-7.09993e-09 -2.42959e-09 2.16671e-05)
(-4.07211e-09 -1.19327e-09 3.47436e-05)
(-2.65857e-09 -1.44635e-09 4.47489e-05)
(-2.36613e-09 -5.23706e-11 5.00851e-05)
(1.19909e-09 -6.44965e-11 5.00849e-05)
(2.51773e-09 -1.6426e-09 4.47483e-05)
(4.50786e-09 -2.43884e-09 3.47434e-05)
(6.67866e-09 -5.1796e-10 2.16667e-05)
(8.23136e-09 -6.46043e-09 8.64449e-06)
(-7.67264e-09 5.43439e-09 8.64457e-06)
(8.8723e-09 -9.5588e-09 2.16669e-05)
(6.64306e-09 8.81479e-10 3.47431e-05)
(7.80022e-10 1.23127e-09 4.47486e-05)
(2.6061e-09 -9.56939e-10 5.00847e-05)
(-9.57815e-11 -5.44483e-10 5.00843e-05)
(3.02821e-09 3.18111e-09 4.4748e-05)
(-3.58795e-09 2.52053e-09 3.47421e-05)
(-8.05556e-09 -7.40251e-09 2.16664e-05)
(3.57972e-09 2.55369e-09 8.64471e-06)
(-1.9553e-09 2.90223e-09 2.28719e-05)
(3.56945e-12 -8.45872e-09 5.70457e-05)
(-1.763e-09 -5.44317e-10 8.29958e-05)
(1.14987e-09 1.31357e-09 9.98726e-05)
(-5.06896e-10 -1.39148e-09 0.000107882)
(-1.39152e-09 -4.54801e-10 0.000107882)
(-3.74102e-09 3.16733e-09 9.98711e-05)
(-9.01607e-10 1.07795e-09 8.29939e-05)
(-2.38323e-09 -6.54741e-09 5.70453e-05)
(-2.3017e-09 -1.83776e-09 2.28724e-05)
(1.4936e-09 2.08036e-09 3.75044e-05)
(-1.57501e-09 -4.15825e-10 8.60484e-05)
(-3.40554e-09 -3.34697e-09 0.000114543)
(1.79514e-10 -2.29943e-09 0.000128146)
(-1.23394e-09 -5.93767e-10 0.000133194)
(-1.08881e-09 -2.42076e-10 0.000133193)
(-1.68223e-09 -1.09511e-09 0.000128145)
(1.27202e-09 -3.2009e-09 0.000114543)
(1.31828e-09 -3.59192e-10 8.60493e-05)
(-1.20185e-09 -6.50753e-10 3.75057e-05)
(1.63464e-10 9.54545e-10 4.90233e-05)
(2.13173e-09 -1.35949e-09 0.000104706)
(1.62063e-09 -1.47786e-09 0.000129499)
(6.99787e-10 -1.21315e-09 0.000137784)
(-2.04845e-10 5.08152e-10 0.000139985)
(-1.82596e-09 -4.04957e-11 0.000139986)
(-2.09429e-09 -9.11301e-10 0.000137784)
(-3.22876e-09 -2.63853e-09 0.0001295)
(-3.03785e-09 -2.90775e-09 0.000104707)
(-7.63794e-11 4.09848e-10 4.90245e-05)
(-3.57424e-10 2.23742e-09 5.53213e-05)
(8.40614e-10 -1.37916e-09 0.000113182)
(3.99019e-10 -2.97003e-11 0.000134662)
(-4.78739e-10 -6.75939e-10 0.000140171)
(1.02242e-11 1.16134e-09 0.000141241)
(1.08087e-10 -8.29103e-11 0.000141241)
(6.65185e-10 -1.96954e-10 0.000140171)
(-8.72035e-10 -6.97255e-10 0.000134663)
(-1.42868e-09 -2.99846e-09 0.000113184)
(3.3923e-10 -3.36691e-11 5.5322e-05)
(-5.86762e-10 1.03166e-09 5.53214e-05)
(1.32796e-09 -1.5302e-09 0.000113182)
(1.55768e-09 1.22214e-09 0.000134661)
(-5.24177e-10 -9.18428e-10 0.000140171)
(4.46615e-10 9.36386e-11 0.000141241)
(9.02798e-11 -1.73997e-10 0.000141241)
(6.46662e-13 2.72666e-10 0.000140171)
(-2.18047e-09 1.39923e-09 0.000134663)
(-1.41125e-09 -3.0512e-09 0.000113183)
(6.51794e-10 3.6617e-10 5.53224e-05)
(6.61397e-10 1.77757e-09 4.90228e-05)
(3.95707e-09 -3.64725e-09 0.000104705)
(4.76798e-09 3.38407e-09 0.000129498)
(8.86704e-10 6.73198e-10 0.000137784)
(1.59656e-09 2.81633e-10 0.000139985)
(3.31051e-10 9.91134e-11 0.000139985)
(-3.57582e-11 1.91678e-09 0.000137784)
(-4.54471e-09 3.74186e-09 0.000129499)
(-3.61882e-09 -5.63759e-09 0.000104706)
(5.66551e-11 3.49443e-10 4.9024e-05)
(1.35276e-09 -1.65922e-09 3.75038e-05)
(-3.97412e-10 -7.37344e-09 8.60473e-05)
(-8.57668e-10 6.20968e-09 0.000114543)
(-5.33388e-10 2.55298e-09 0.000128146)
(5.80158e-10 1.27049e-09 0.000133193)
(6.36914e-10 8.06255e-10 0.000133193)
(1.59362e-09 3.81392e-09 0.000128146)
(1.20666e-09 6.91842e-09 0.000114543)
(9.17594e-10 -7.41801e-09 8.60479e-05)
(-7.44904e-10 -2.36477e-09 3.75047e-05)
(-9.26104e-10 -3.17591e-09 2.28711e-05)
(-3.2514e-09 1.43578e-09 5.70452e-05)
(-1.24587e-09 6.6112e-09 8.2996e-05)
(2.56538e-09 -3.76755e-10 9.98726e-05)
(2.5199e-10 -8.0706e-10 0.000107883)
(1.61754e-09 -4.86724e-10 0.000107883)
(-8.42121e-10 1.20979e-09 9.98727e-05)
(2.50712e-09 6.74106e-09 8.29957e-05)
(4.03008e-09 -9.97928e-10 5.70453e-05)
(1.08019e-09 -4.92715e-09 2.28715e-05)
(-1.06672e-09 -4.88612e-10 8.64445e-06)
(7.71521e-10 4.4772e-09 2.16669e-05)
(4.84099e-09 3.18396e-09 3.47433e-05)
(3.46094e-09 -1.46738e-09 4.47485e-05)
(-8.22414e-10 -1.19846e-09 5.00848e-05)
(4.67814e-10 -1e-09 5.00845e-05)
(-2.70302e-09 -4.28675e-10 4.47485e-05)
(-2.95831e-09 2.65331e-09 3.47434e-05)
(7.98102e-10 2.20666e-09 2.16668e-05)
(4.95864e-09 -3.92306e-09 8.64473e-06)
(-1.26785e-08 8.89354e-09 8.64497e-06)
(-4.69422e-09 -2.14881e-09 2.16676e-05)
(-2.28241e-09 2.18742e-09 3.47445e-05)
(-4.83557e-09 1.69099e-09 4.47492e-05)
(-5.06792e-10 -2.11529e-10 5.00854e-05)
(-1.45382e-09 -1.19356e-10 5.00854e-05)
(3.36454e-09 2.28375e-09 4.47489e-05)
(-2.12961e-09 2.9236e-09 3.47441e-05)
(-3.84957e-09 -5.06232e-09 2.16671e-05)
(6.96644e-09 4.46072e-09 8.64462e-06)
(-7.26463e-09 1.11802e-08 2.28716e-05)
(-7.47225e-09 1.29972e-09 5.70448e-05)
(-8.47788e-09 1.16556e-09 8.29973e-05)
(-3.59256e-09 -1.63957e-10 9.98731e-05)
(-1.89138e-09 -3.61673e-09 0.000107884)
(9.63286e-10 -2.17544e-09 0.000107884)
(2.85377e-09 2.48541e-09 9.98728e-05)
(7.44416e-09 4.16556e-09 8.29968e-05)
(1.50852e-10 -3.61863e-09 5.70445e-05)
(-2.20984e-09 6.497e-10 2.28708e-05)
(-6.523e-10 8.13668e-09 3.75039e-05)
(1.38572e-09 4.3126e-09 8.60464e-05)
(1.45531e-09 -2.93968e-09 0.000114543)
(2.13652e-09 -3.16318e-09 0.000128146)
(-1.16914e-10 -3.5866e-09 0.000133194)
(-1.27662e-09 -2.63821e-09 0.000133194)
(-3.02534e-09 -1.15842e-09 0.000128146)
(1.48956e-10 -6.92849e-10 0.000114543)
(9.98862e-10 2.35328e-09 8.60467e-05)
(-2.16289e-10 1.43894e-09 3.75035e-05)
(-4.90672e-10 4.19503e-09 4.90228e-05)
(3.69224e-09 1.0534e-09 0.000104705)
(4.59364e-09 -1.6478e-09 0.000129497)
(2.28271e-09 -1.00362e-09 0.000137785)
(5.60592e-10 -5.08139e-10 0.000139986)
(-2.04076e-09 2.18892e-10 0.000139986)
(-2.81051e-09 -1.92172e-10 0.000137785)
(-2.85115e-09 -1.7704e-09 0.000129498)
(-9.94733e-10 -1.17904e-09 0.000104706)
(1.60678e-09 2.05158e-09 4.9023e-05)
(2.45222e-10 2.08021e-09 5.53209e-05)
(2.18121e-09 -5.93676e-10 0.000113183)
(1.65802e-09 -3.9888e-10 0.00013466)
(4.60701e-10 -1.10022e-09 0.000140172)
(8.5296e-10 2.81072e-10 0.000141241)
(8.30939e-11 5.7294e-10 0.000141241)
(-1.61771e-11 5.07483e-11 0.000140172)
(-1.06343e-09 -6.43714e-10 0.000134661)
(-1.95106e-09 -2.18611e-09 0.000113183)
(-8.58016e-11 1.2508e-09 5.5321e-05)
(-6.24135e-10 1.62019e-09 5.53211e-05)
(1.48247e-09 -2.01678e-09 0.000113183)
(2.45388e-09 8.06757e-10 0.000134661)
(6.47533e-10 -7.37277e-10 0.000140171)
(7.46676e-10 -2.79495e-11 0.00014124)
(-5.1659e-10 2.78881e-10 0.000141241)
(-1.59488e-10 2.46006e-10 0.000140172)
(-2.5079e-09 2.14337e-09 0.000134661)
(-1.90029e-09 -3.02085e-09 0.000113183)
(6.49117e-10 1.83165e-10 5.53205e-05)
(-4.85043e-10 8.75177e-10 4.90231e-05)
(2.99342e-09 -5.07992e-09 0.000104705)
(5.92431e-09 2.31337e-09 0.000129497)
(2.47308e-09 -8.35423e-11 0.000137784)
(1.96664e-09 -1.1068e-11 0.000139985)
(-8.58973e-10 1.16592e-09 0.000139985)
(-2.38026e-09 1.28274e-09 0.000137784)
(-6.5086e-09 3.55349e-09 0.000129498)
(-2.89971e-09 -6.35858e-09 0.000104706)
(1.072e-09 8.1824e-10 4.90229e-05)
(7.79722e-10 -1.1761e-09 3.75038e-05)
(3.89704e-10 -1.05254e-08 8.60461e-05)
(2.48294e-09 3.70259e-09 0.000114542)
(1.81927e-09 2.25418e-09 0.000128145)
(1.12405e-09 2.78354e-09 0.000133193)
(-5.28178e-10 4.00256e-09 0.000133194)
(-1.83578e-09 4.92274e-09 0.000128146)
(-3.12514e-09 4.88524e-09 0.000114543)
(-9.45844e-10 -1.20991e-08 8.60473e-05)
(-5.82456e-10 -3.17251e-09 3.75046e-05)
(-5.41013e-10 -5.35347e-09 2.2871e-05)
(-8.04398e-09 -8.5969e-09 5.70433e-05)
(-8.89485e-09 1.14525e-09 8.29958e-05)
(-3.64934e-09 -3.57703e-10 9.98719e-05)
(-2.79954e-09 2.5168e-09 0.000107883)
(1.39668e-09 3.44852e-09 0.000107883)
(2.9235e-09 2.59573e-09 9.98735e-05)
(1.06358e-08 2.86944e-09 8.29976e-05)
(1.16415e-08 -9.27336e-09 5.70454e-05)
(3.86464e-09 -8.43038e-09 2.28723e-05)
(-4.74155e-09 -4.11303e-09 8.64432e-06)
(-6.34566e-09 -2.22216e-09 2.16664e-05)
(-3.45905e-09 -9.17e-10 3.47436e-05)
(-3.09799e-09 -2.91884e-09 4.47481e-05)
(-4.20132e-09 -2.89929e-10 5.0085e-05)
(3.29895e-12 -5.52343e-11 5.00851e-05)
(8.04489e-10 -1.31959e-09 4.47494e-05)
(3.64102e-09 7.33929e-11 3.47444e-05)
(7.62077e-09 -2.05481e-09 2.16675e-05)
(5.7918e-09 -4.56872e-09 8.64526e-06)
(-6.09915e-09 4.68917e-09 8.64441e-06)
(7.3343e-09 -8.5065e-09 2.16671e-05)
(2.41423e-09 2.48789e-09 3.47435e-05)
(-3.30719e-09 1.37484e-09 4.4748e-05)
(2.58157e-09 -1.56227e-10 5.00838e-05)
(-1.80085e-10 1.2965e-10 5.0084e-05)
(5.74185e-09 2.54562e-09 4.47485e-05)
(-2.68894e-09 1.54558e-09 3.47439e-05)
(-9.13717e-09 -9.49389e-09 2.16677e-05)
(4.97876e-09 3.61151e-09 8.64487e-06)
(-2.02801e-09 3.62139e-09 2.28712e-05)
(1.6796e-09 -7.1955e-09 5.70447e-05)
(-5.81462e-09 5.69592e-09 8.2997e-05)
(-3.42585e-09 2.77532e-10 9.98726e-05)
(-8.64873e-10 -2.35489e-09 0.000107883)
(-9.49339e-10 -1.84229e-09 0.000107883)
(4.94319e-10 1.03103e-09 9.98728e-05)
(3.19733e-09 4.63394e-09 8.29975e-05)
(-3.35998e-09 -9.24209e-09 5.70451e-05)
(1.45552e-09 2.70695e-09 2.28714e-05)
(1.38962e-09 1.38444e-09 3.75038e-05)
(-5.8556e-10 3.63818e-10 8.60464e-05)
(-4.99225e-09 6.25801e-09 0.000114544)
(-4.25383e-10 -4.27255e-09 0.000128147)
(-8.19078e-10 -3.19953e-09 0.000133194)
(-4.50998e-10 -3.47511e-09 0.000133194)
(-9.27257e-10 -3.50387e-09 0.000128147)
(3.24285e-09 5.36108e-09 0.000114544)
(-1.50397e-09 -3.28526e-09 8.60464e-05)
(-2.23917e-09 8.36184e-11 3.75034e-05)
(2.8941e-10 4.09299e-10 4.90232e-05)
(5.67632e-10 2.82325e-11 0.000104705)
(1.89961e-09 3.65743e-09 0.000129498)
(2.3135e-09 -2.84034e-09 0.000137785)
(-1.39537e-09 -1.43417e-09 0.000139986)
(-1.52943e-09 -1.11664e-09 0.000139986)
(-3.77949e-09 -1.63078e-09 0.000137785)
(-2.11021e-09 3.68402e-09 0.000129498)
(-1.15785e-09 -3.32251e-09 0.000104705)
(-8.51209e-10 -9.14272e-10 4.90231e-05)
(3.64419e-10 1.18468e-09 5.5321e-05)
(-3.01337e-10 3.52861e-10 0.000113183)
(9.98907e-10 1.7934e-09 0.000134661)
(1.26355e-09 -9.39788e-10 0.000140171)
(-8.80089e-10 -1.67559e-11 0.000141241)
(4.8454e-13 3.85969e-10 0.000141241)
(-1.31421e-09 2.07876e-10 0.000140172)
(6.72685e-11 1.8049e-09 0.000134661)
(7.25391e-11 -2.11515e-09 0.000113183)
(-9.34048e-10 -7.70816e-10 5.53211e-05)
(7.31243e-11 -1.70773e-10 5.53215e-05)
(1.1898e-10 8.85212e-10 0.000113184)
(5.66843e-10 1.45516e-09 0.000134661)
(3.89806e-10 -7.80956e-10 0.000140172)
(-8.16474e-11 4.23758e-11 0.000141241)
(2.64428e-10 -3.63407e-10 0.000141241)
(-2.61889e-10 1.63708e-10 0.000140172)
(-6.14082e-10 9.19749e-10 0.000134661)
(-1.08306e-09 -3.1056e-10 0.000113183)
(-4.49469e-10 -2.52714e-09 5.53206e-05)
(1.66634e-11 5.76861e-10 4.90234e-05)
(2.92146e-09 1.38422e-09 0.000104706)
(3.39949e-09 8.58442e-10 0.000129497)
(1.65108e-09 1.18049e-09 0.000137784)
(8.66424e-10 9.04361e-10 0.000139985)
(1.62234e-10 1.02011e-09 0.000139985)
(-3.04242e-11 1.52862e-09 0.000137785)
(-2.77412e-09 8.63967e-10 0.000129498)
(-2.69128e-09 -8.52942e-10 0.000104706)
(9.26257e-10 -4.5479e-09 4.90228e-05)
(8.28945e-10 -1.17406e-09 3.75036e-05)
(8.78136e-10 -1.40713e-09 8.60474e-05)
(-7.62932e-10 1.78278e-09 0.000114543)
(1.57805e-11 1.783e-09 0.000128146)
(1.03113e-09 1.54717e-09 0.000133193)
(4.82616e-10 1.88359e-09 0.000133193)
(1.42474e-09 2.35109e-09 0.000128146)
(1.22692e-09 3.89448e-09 0.000114544)
(-2.02948e-10 -2.64066e-09 8.60483e-05)
(1.72774e-09 -6.45827e-09 3.7504e-05)
(-9.48294e-10 -3.46142e-09 2.28714e-05)
(-3.13888e-10 2.54845e-09 5.70451e-05)
(-1.05826e-09 3.24473e-09 8.29969e-05)
(4.11957e-12 -1.33218e-09 9.98715e-05)
(-1.24447e-09 2.2381e-10 0.000107881)
(-1.82173e-10 5.72324e-10 0.000107881)
(-7.56802e-10 -8.71274e-10 9.98716e-05)
(7.37516e-10 4.08327e-09 8.2997e-05)
(3.21151e-09 5.10461e-10 5.70454e-05)
(4.7704e-09 -7.24014e-09 2.2872e-05)
(-2.37018e-09 -2.45159e-09 8.64482e-06)
(2.87284e-09 3.85273e-09 2.16668e-05)
(3.37608e-09 1.86922e-09 3.47432e-05)
(5.0803e-10 -9.81568e-10 4.47468e-05)
(-1.28119e-09 -4.22407e-10 5.00826e-05)
(6.12227e-10 3.16894e-10 5.00828e-05)
(-4.9582e-10 -1.62965e-09 4.47468e-05)
(-3.33999e-09 1.37444e-09 3.47427e-05)
(1.85171e-09 1.2555e-09 2.16669e-05)
(7.29554e-09 -5.5031e-09 8.64518e-06)
(-8.16027e-10 1.30966e-09 8.6445e-06)
(1.08587e-09 -8.26176e-10 2.16668e-05)
(1.81483e-09 -2.68221e-09 3.47443e-05)
(2.01073e-09 -6.73223e-11 4.47496e-05)
(5.3226e-10 1.28914e-09 5.00856e-05)
(-6.51422e-10 9.15498e-10 5.00859e-05)
(-1.50762e-09 6.3115e-10 4.47495e-05)
(-8.33729e-10 -1.28754e-09 3.47436e-05)
(-5.70778e-10 4.83109e-10 2.16669e-05)
(-5.85311e-09 -4.80588e-09 8.64456e-06)
(-1.09787e-10 -4.76328e-10 2.28705e-05)
(-1.6528e-09 1.85358e-09 5.70441e-05)
(-2.44762e-09 -9.35757e-10 8.29967e-05)
(-3.20859e-09 -1.39544e-09 9.98743e-05)
(-6.80234e-10 -2.94301e-10 0.000107884)
(-5.04139e-10 -5.51934e-10 0.000107884)
(2.63431e-09 -2.37454e-10 9.98744e-05)
(2.79406e-09 1.2403e-09 8.29965e-05)
(6.56176e-10 2.26476e-09 5.70437e-05)
(-3.07547e-09 -4.27503e-09 2.28706e-05)
(-1.88422e-09 7.23884e-10 3.75038e-05)
(-3.22667e-09 2.01692e-09 8.60479e-05)
(-2.0328e-09 2.10239e-09 0.000114543)
(-1.51582e-09 -2.39527e-09 0.000128146)
(-1.16194e-09 -2.18098e-09 0.000133194)
(-9.18403e-10 -2.48927e-09 0.000133194)
(-2.58782e-10 -1.51967e-09 0.000128146)
(1.57078e-09 3.63659e-09 0.000114543)
(2.95128e-09 2.68812e-09 8.60473e-05)
(1.20377e-09 2.35133e-10 3.75037e-05)
(-3.47189e-10 2.69698e-09 4.90225e-05)
(-7.25576e-10 -6.72824e-10 0.000104705)
(-2.983e-10 2.29807e-09 0.000129498)
(8.14771e-10 -1.30436e-09 0.000137784)
(-2.88982e-10 -1.22924e-09 0.000139986)
(-4.06957e-11 -1.29195e-09 0.000139986)
(-1.73337e-09 -1.06784e-09 0.000137784)
(-1.03324e-09 2.59571e-09 0.000129498)
(-2.17806e-11 -2.87403e-10 0.000104705)
(1.10086e-10 1.26986e-09 4.90222e-05)
(6.32927e-10 2.59335e-09 5.53205e-05)
(6.27989e-10 4.10925e-11 0.000113182)
(7.74065e-10 1.94814e-09 0.000134661)
(1.06384e-09 -8.38728e-10 0.000140171)
(5.11756e-10 -9.4587e-10 0.000141241)
(5.31877e-10 -5.32383e-10 0.000141241)
(-1.47736e-09 -4.70381e-10 0.000140172)
(-1.49072e-09 1.0605e-09 0.000134661)
(-1.11315e-09 -6.04852e-10 0.000113182)
(-7.10426e-10 1.75213e-11 5.53202e-05)
(1.04813e-09 2.30822e-09 5.5321e-05)
(3.7872e-10 -5.9726e-10 0.000113182)
(6.38075e-10 1.81527e-09 0.000134661)
(1.1432e-09 -3.65939e-10 0.000140171)
(6.79782e-10 1.52453e-10 0.000141241)
(8.28269e-10 1.1315e-09 0.000141241)
(-2.30193e-10 7.35097e-10 0.000140171)
(-1.26566e-09 1.53944e-09 0.000134661)
(-2.4067e-09 -1.11532e-09 0.000113182)
(-1.34952e-09 -6.66e-10 5.53202e-05)
(1.52945e-09 2.77879e-09 4.90231e-05)
(-3.84752e-11 -6.28569e-10 0.000104706)
(-8.18395e-10 1.15608e-09 0.000129498)
(2.73263e-10 -2.81315e-10 0.000137784)
(5.41772e-10 -5.07446e-10 0.000139986)
(7.19372e-10 5.32864e-10 0.000139986)
(8.95612e-10 1.38518e-09 0.000137784)
(-1.98394e-11 2.54889e-09 0.000129498)
(-1.90591e-09 -3.99717e-10 0.000104705)
(-9.46631e-10 -1.9282e-09 4.90223e-05)
(7.60456e-10 6.67099e-10 3.75043e-05)
(-2.62932e-09 -1.00591e-09 8.6047e-05)
(-3.49291e-09 -4.90022e-10 0.000114542)
(-5.17939e-11 -6.67892e-10 0.000128145)
(7.67342e-10 -8.3502e-10 0.000133194)
(2.32328e-10 2.22316e-10 0.000133194)
(1.89111e-09 1.68778e-09 0.000128146)
(5.02896e-09 2.8613e-09 0.000114543)
(4.40037e-09 -2.06004e-10 8.60474e-05)
(2.47801e-09 -4.30062e-09 3.75034e-05)
(1.54177e-09 2.14566e-09 2.28708e-05)
(1.75429e-09 4.93285e-09 5.70426e-05)
(8.94732e-11 -8.54625e-10 8.29951e-05)
(5.0348e-10 -3.32195e-09 9.9873e-05)
(-5.92385e-10 -2.14565e-09 0.000107883)
(6.44704e-10 -1.21411e-09 0.000107884)
(9.68605e-10 -1.89097e-09 9.98739e-05)
(2.52519e-09 1.3707e-09 8.29965e-05)
(2.21529e-09 6.1421e-09 5.70438e-05)
(1.16547e-09 1.08222e-09 2.28703e-05)
(2.94996e-09 2.45465e-09 8.64441e-06)
(8.72297e-09 6.24414e-09 2.16665e-05)
(6.63374e-09 3.63723e-10 3.47438e-05)
(2.31686e-09 -2.05889e-09 4.47491e-05)
(4.54437e-10 -1.72701e-09 5.00854e-05)
(-1.37783e-09 -1.31568e-09 5.00856e-05)
(-4.64366e-09 -1.39276e-09 4.47491e-05)
(-7.67055e-09 1.12634e-09 3.47437e-05)
(-7.83784e-09 7.07997e-09 2.16667e-05)
(-3.87446e-09 3.97204e-09 8.64438e-06)
(-1.65122e-08 1.08835e-08 8.64478e-06)
(-1.50328e-09 -3.09695e-09 2.16667e-05)
(-2.34547e-09 4.70458e-09 3.47431e-05)
(-8.54271e-09 2.3959e-09 4.47488e-05)
(-2.23226e-10 -4.53063e-10 5.00854e-05)
(-5.73901e-10 -3.23332e-10 5.00855e-05)
(6.02394e-09 2.28689e-09 4.47483e-05)
(8.32948e-10 3.66835e-09 3.47421e-05)
(-2.80172e-09 -7.67425e-09 2.16657e-05)
(1.13755e-08 8.01847e-09 8.644e-06)
(-7.84927e-09 1.09543e-08 2.28716e-05)
(-5.72826e-09 -1.19749e-09 5.70452e-05)
(-1.1599e-08 8.00621e-09 8.29948e-05)
(-5.31477e-09 -1.70068e-09 9.98731e-05)
(-1.6471e-10 -4.9937e-09 0.000107883)
(-1.55439e-10 -4.70067e-09 0.000107883)
(5.04694e-09 -4.30416e-10 9.98726e-05)
(1.20177e-08 9.15215e-09 8.29934e-05)
(4.50602e-09 -2.04173e-09 5.7044e-05)
(5.42764e-09 8.17094e-09 2.28708e-05)
(-2.63196e-09 9.23763e-09 3.75043e-05)
(-1.05733e-09 1.99722e-09 8.60492e-05)
(-3.03924e-09 5.78756e-09 0.000114542)
(8.3783e-10 -6.69967e-09 0.000128145)
(-5.43667e-10 -5.77238e-09 0.000133194)
(-1.76127e-09 -4.95901e-09 0.000133193)
(-3.43761e-09 -5.19883e-09 0.000128145)
(2.15235e-09 8.09535e-09 0.000114542)
(-7.81627e-10 3.17229e-09 8.60488e-05)
(-1.49248e-09 3.76121e-09 3.75049e-05)
(-4.29467e-10 6.0288e-09 4.90222e-05)
(1.73749e-09 2.8217e-10 0.000104706)
(3.37275e-09 3.18465e-09 0.000129499)
(3.72631e-09 -3.1054e-09 0.000137784)
(-1.40104e-10 -1.84861e-09 0.000139985)
(-5.2492e-10 -1.63337e-09 0.000139985)
(-4.23467e-09 -2.91493e-09 0.000137783)
(-3.40807e-09 4.32707e-09 0.000129499)
(-1.1298e-09 -1.49194e-09 0.000104706)
(9.28159e-11 5.83276e-10 4.90226e-05)
(1.76286e-09 3.40479e-09 5.53206e-05)
(2.03063e-09 5.2624e-10 0.000113182)
(1.49769e-09 1.56435e-09 0.000134662)
(2.24019e-09 -1.03109e-09 0.000140171)
(1.22409e-10 -3.03229e-10 0.000141241)
(5.70475e-10 -7.41471e-10 0.000141241)
(-1.72802e-09 -1.18188e-09 0.000140171)
(-1.09721e-09 1.59534e-09 0.000134662)
(-1.11382e-09 -1.10309e-09 0.000113182)
(-1.59555e-09 1.94867e-10 5.53203e-05)
(1.50631e-09 1.25721e-09 5.53207e-05)
(1.79764e-09 1.78382e-09 0.000113181)
(1.13718e-09 1.45505e-09 0.000134662)
(1.52434e-09 -4.63876e-10 0.000140171)
(9.40371e-10 2.65674e-12 0.000141241)
(5.95947e-10 -3.33282e-10 0.000141241)
(-1.29703e-09 -3.72089e-10 0.000140171)
(-2.03493e-09 1.07759e-09 0.000134662)
(-2.46253e-09 -1.56612e-09 0.000113182)
(-8.7975e-10 -3.46942e-09 5.53208e-05)
(-5.03488e-10 -6.05555e-10 4.90228e-05)
(2.6061e-09 2.3128e-09 0.000104706)
(4.3174e-09 3.38618e-10 0.000129499)
(3.16074e-09 3.41654e-10 0.000137784)
(1.96666e-09 6.98344e-10 0.000139986)
(1.48412e-10 7.4148e-10 0.000139986)
(-1.49928e-09 5.59131e-10 0.000137784)
(-3.94144e-09 6.49431e-10 0.000129499)
(-2.52161e-09 -8.05807e-10 0.000104705)
(1.71436e-09 -5.3381e-09 4.90231e-05)
(9.63806e-10 -2.30136e-10 3.75046e-05)
(3.25998e-09 -2.0709e-09 8.60475e-05)
(3.51387e-09 7.36693e-10 0.000114543)
(2.13234e-09 1.96088e-09 0.000128146)
(2.0219e-09 2.72365e-09 0.000133194)
(1.06154e-09 3.88008e-09 0.000133194)
(6.99128e-10 4.0519e-09 0.000128145)
(3.67044e-10 2.85605e-09 0.000114542)
(2.89277e-10 -5.78657e-09 8.60471e-05)
(2.5609e-09 -8.72354e-09 3.75043e-05)
(-1.45991e-09 -4.74149e-09 2.28709e-05)
(-2.05253e-09 -2.57013e-09 5.70436e-05)
(-3.45416e-09 3.07028e-10 8.29954e-05)
(-1.63821e-09 1.12774e-10 9.98736e-05)
(1.16517e-11 1.72857e-09 0.000107884)
(2.79748e-09 1.92753e-09 0.000107884)
(4.93919e-09 1.29776e-09 9.98741e-05)
(8.17078e-09 3.52754e-09 8.29962e-05)
(9.56417e-09 -3.39206e-09 5.70445e-05)
(8.34316e-09 -1.07862e-08 2.28706e-05)
(-4.14395e-09 -3.85388e-09 8.64427e-06)
(-3.71295e-09 -4.94913e-10 2.16663e-05)
(-3.92796e-09 -1.25939e-09 3.47434e-05)
(-2.96356e-09 -1.52496e-09 4.47496e-05)
(-2.16143e-09 -5.21953e-10 5.0086e-05)
(-2.71009e-10 -9.01845e-10 5.00863e-05)
(-1.03348e-09 -1.10453e-09 4.47501e-05)
(-2.38668e-09 2.08726e-09 3.4744e-05)
(3.85979e-09 1.47419e-09 2.1667e-05)
(8.81529e-09 -6.14169e-09 8.64423e-06)
(-1.0548e-08 9.53511e-09 8.64444e-06)
(1.19604e-09 -4.19055e-09 2.16668e-05)
(-1.87682e-09 3.467e-09 3.47431e-05)
(-6.46884e-09 2.3993e-09 4.47488e-05)
(-5.58045e-10 -3.03779e-10 5.00845e-05)
(-1.57625e-09 -1.14282e-10 5.00842e-05)
(1.25799e-09 1.69518e-09 4.4748e-05)
(-4.56149e-09 5.60454e-10 3.47424e-05)
(-7.3287e-09 -8.47524e-09 2.16662e-05)
(7.85295e-09 6.15868e-09 8.64446e-06)
(-5.78423e-09 9.62433e-09 2.2871e-05)
(-3.70073e-09 -1.95856e-09 5.7045e-05)
(-5.78589e-09 1.89346e-09 8.29957e-05)
(-1.31938e-09 2.76241e-11 9.98735e-05)
(-2.26415e-10 -4.39741e-09 0.000107883)
(1.72866e-09 -3.33399e-09 0.000107882)
(2.67831e-09 1.52783e-09 9.9872e-05)
(5.47767e-09 2.15715e-09 8.29943e-05)
(-6.70834e-10 -3.91619e-09 5.70447e-05)
(-1.34934e-09 2.88918e-09 2.28714e-05)
(-1.8726e-09 6.93039e-09 3.75042e-05)
(-1.63831e-09 3.36101e-09 8.60481e-05)
(-7.13909e-10 -2.8188e-09 0.000114543)
(2.55965e-09 -4.21315e-09 0.000128145)
(1.68684e-10 -4.29411e-09 0.000133193)
(-2.23075e-09 -3.19082e-09 0.000133193)
(-3.80913e-09 -2.17945e-09 0.000128145)
(-6.09476e-10 -9.80497e-10 0.000114543)
(5.988e-11 2.45747e-09 8.6048e-05)
(-1.55027e-09 6.15555e-10 3.75049e-05)
(-1.30622e-09 5.98088e-09 4.90228e-05)
(2.0862e-09 4.19115e-10 0.000104705)
(3.32165e-09 -2.03171e-09 0.000129499)
(2.16832e-09 -1.96601e-09 0.000137784)
(7.01359e-11 -3.03098e-10 0.000139985)
(-1.4792e-09 1.92665e-10 0.000139985)
(-2.33581e-09 -1.82196e-09 0.000137784)
(-3.46518e-09 -1.31503e-09 0.000129499)
(-1.63429e-09 -3.24287e-09 0.000104706)
(1.22059e-09 3.9655e-10 4.90234e-05)
(3.511e-10 3.81438e-09 5.53209e-05)
(2.99049e-09 -7.58716e-10 0.000113182)
(2.23268e-09 -7.0473e-10 0.000134662)
(5.72218e-10 -8.36021e-10 0.000140171)
(3.77671e-10 -3.09704e-10 0.000141241)
(2.63057e-10 -2.77168e-10 0.000141241)
(2.42095e-10 -1.14885e-09 0.000140171)
(-6.27769e-10 4.02585e-10 0.000134663)
(-1.29486e-09 -2.15544e-09 0.000113182)
(-9.47368e-11 1.09539e-09 5.53215e-05)
(1.03528e-11 1.91582e-09 5.53209e-05)
(2.89772e-09 -1.51388e-09 0.000113181)
(3.51058e-09 1.56795e-09 0.000134662)
(9.99609e-10 -4.95937e-10 0.000140171)
(1.12733e-09 -7.9494e-11 0.000141241)
(6.78893e-10 -1.9827e-10 0.000141241)
(5.04222e-10 -2.8173e-10 0.000140171)
(-1.54436e-09 1.63352e-09 0.000134662)
(-1.24101e-09 -2.84812e-09 0.000113183)
(6.5221e-10 -6.55352e-10 5.5322e-05)
(-5.74988e-10 7.9229e-10 4.90228e-05)
(2.88876e-09 -3.68476e-09 0.000104705)
(5.78944e-09 3.20176e-09 0.000129499)
(2.65202e-09 -6.905e-11 0.000137784)
(2.25699e-09 2.48502e-10 0.000139986)
(1.41842e-11 8.19006e-10 0.000139985)
(-5.78735e-10 4.52907e-10 0.000137784)
(-4.64861e-09 2.71578e-09 0.000129499)
(-2.0902e-09 -4.9082e-09 0.000104705)
(9.78778e-10 1.33127e-09 4.90241e-05)
(1.56069e-09 -2.26497e-10 3.75037e-05)
(6.00198e-10 -8.48912e-09 8.60475e-05)
(2.36384e-09 3.84171e-09 0.000114544)
(1.5899e-09 2.52048e-09 0.000128146)
(6.56154e-10 2.51856e-09 0.000133194)
(2.43607e-10 3.9438e-09 0.000133193)
(-1.75542e-10 4.0468e-09 0.000128145)
(-9.52641e-10 4.52603e-09 0.000114543)
(1.5295e-10 -1.08052e-08 8.60473e-05)
(-1.2591e-09 -2.04564e-09 3.75045e-05)
(1.12832e-10 -4.66309e-09 2.28711e-05)
(-4.71786e-09 -5.43785e-09 5.70452e-05)
(-5.28893e-09 2.46967e-09 8.29964e-05)
(-1.06678e-09 5.17471e-10 9.98734e-05)
(-1.38809e-09 1.65675e-09 0.000107883)
(1.94303e-09 3.21609e-09 0.000107882)
(2.34846e-09 1.57126e-09 9.98727e-05)
(7.84889e-09 3.50596e-09 8.2996e-05)
(6.93952e-09 -4.73162e-09 5.70453e-05)
(1.85888e-09 -6.47718e-09 2.28713e-05)
(-5.51074e-09 -4.71562e-09 8.64501e-06)
(-5.87373e-09 -1.70985e-09 2.16672e-05)
(-2.78778e-09 1.87782e-10 3.47436e-05)
(-2.30423e-09 -1.92886e-09 4.4749e-05)
(-3.93374e-09 -7.99708e-10 5.00847e-05)
(-1.19108e-10 7.24722e-11 5.00844e-05)
(-1.99996e-10 -1.19118e-09 4.47484e-05)
(1.31534e-09 7.02652e-10 3.47434e-05)
(3.85363e-09 1.1712e-09 2.1667e-05)
(6.42691e-09 -5.02642e-09 8.64488e-06)
(-1.3768e-08 1.01172e-08 8.64435e-06)
(-3.97306e-09 -2.64977e-09 2.16665e-05)
(-1.67622e-09 2.5662e-09 3.47431e-05)
(-5.49319e-09 1.68975e-09 4.47485e-05)
(-2.87151e-10 -5.69657e-10 5.00852e-05)
(-1.48185e-09 -1.68491e-10 5.00848e-05)
(1.6356e-09 1.86848e-09 4.47483e-05)
(-4.13744e-09 6.25686e-10 3.47431e-05)
(-7.07631e-09 -8.70949e-09 2.16667e-05)
(5.31288e-09 3.22245e-09 8.64488e-06)
(-8.79267e-09 1.24465e-08 2.28704e-05)
(-1.0179e-08 1.3341e-09 5.70451e-05)
(-1.00865e-08 1.39137e-09 8.29965e-05)
(-2.55367e-09 -1.38467e-09 9.9873e-05)
(-1.02564e-09 -4.34719e-09 0.000107883)
(2.06682e-09 -3.27244e-09 0.000107882)
(3.20162e-09 1.09839e-09 9.98725e-05)
(7.49992e-09 2.33075e-09 8.29963e-05)
(2.8012e-09 -3.25091e-09 5.70448e-05)
(8.32304e-10 3.38585e-09 2.28712e-05)
(-2.05025e-09 9.63782e-09 3.75041e-05)
(-1.05147e-09 5.73665e-09 8.60467e-05)
(-4.93059e-10 -3.18572e-09 0.000114543)
(1.82608e-09 -5.18777e-09 0.000128146)
(-3.46671e-10 -4.17144e-09 0.000133194)
(-9.41732e-10 -3.60382e-09 0.000133194)
(-2.3195e-09 -2.6515e-09 0.000128146)
(8.20934e-10 3.00045e-10 0.000114543)
(2.04785e-09 4.16766e-09 8.60466e-05)
(6.09465e-10 3.2584e-09 3.75037e-05)
(-1.0116e-09 5.52499e-09 4.90234e-05)
(3.17991e-09 2.90273e-09 0.000104705)
(3.96084e-09 -1.9673e-09 0.000129499)
(1.91191e-09 -2.23535e-09 0.000137784)
(1.04484e-10 -7.01463e-10 0.000139985)
(-2.31326e-09 -8.51017e-10 0.000139985)
(-2.34394e-09 -1.41131e-09 0.000137784)
(-3.61633e-09 -5.15523e-10 0.000129498)
(-2.45659e-09 -7.05413e-10 0.000104706)
(1.35301e-09 3.342e-09 4.90236e-05)
(-7.50493e-11 2.9446e-09 5.53212e-05)
(3.23782e-09 6.78812e-10 0.000113183)
(3.19382e-09 -4.66824e-10 0.000134662)
(8.62092e-10 -1.46716e-09 0.000140172)
(5.66945e-10 -6.61783e-10 0.000141241)
(-1.2582e-10 -5.23623e-10 0.000141241)
(-1.33708e-10 -1.16978e-09 0.000140171)
(-1.54373e-09 2.76872e-10 0.000134661)
(-2.25322e-09 -1.26786e-09 0.000113183)
(-1.74297e-11 2.61058e-09 5.53213e-05)
(-5.74948e-10 1.73228e-09 5.5321e-05)
(2.96776e-09 -6.67159e-10 0.000113183)
(3.05449e-09 1.29355e-09 0.000134662)
(5.18691e-10 -1.13216e-09 0.000140171)
(2.05607e-09 -4.5899e-11 0.000141241)
(3.2645e-10 -5.26387e-10 0.000141241)
(-3.61147e-10 -4.70945e-10 0.000140172)
(-2.50622e-09 2.00313e-09 0.000134662)
(-1.53554e-09 -2.8425e-09 0.000113183)
(8.39986e-10 4.6661e-11 5.53213e-05)
(-1.45398e-09 -1.97578e-10 4.90234e-05)
(2.67928e-09 -3.39383e-09 0.000104705)
(5.28544e-09 2.36925e-09 0.000129499)
(1.58302e-09 2.10894e-10 0.000137784)
(1.27218e-09 9.57266e-10 0.000139985)
(-1.03339e-09 1.32807e-10 0.000139985)
(-1.05778e-09 8.85475e-10 0.000137784)
(-6.09818e-09 3.46642e-09 0.000129498)
(-2.81595e-09 -5.60139e-09 0.000104706)
(1.64007e-09 4.04478e-10 4.90236e-05)
(7.73756e-10 -2.53554e-10 3.75035e-05)
(2.17692e-10 -9.01232e-09 8.6047e-05)
(2.31575e-09 3.23606e-09 0.000114544)
(1.84985e-09 2.8168e-09 0.000128146)
(1.75228e-10 3.0541e-09 0.000133194)
(-9.13815e-10 3.50082e-09 0.000133194)
(-1.26284e-09 4.59654e-09 0.000128146)
(-2.39569e-09 5.44465e-09 0.000114543)
(-5.8627e-10 -1.14309e-08 8.6047e-05)
(-7.64994e-10 -3.06727e-09 3.75042e-05)
(1.77935e-09 -2.37156e-09 2.28718e-05)
(-5.85147e-09 -6.95316e-09 5.70462e-05)
(-6.6522e-09 1.96847e-09 8.2997e-05)
(-1.52085e-09 1.39289e-09 9.98727e-05)
(-2.30897e-09 2.11412e-09 0.000107882)
(1.45529e-09 2.78352e-09 0.000107882)
(2.50092e-09 2.00258e-09 9.98719e-05)
(9.0286e-09 4.64505e-09 8.29965e-05)
(1.00435e-08 -8.18328e-09 5.70455e-05)
(3.29279e-09 -8.35376e-09 2.28715e-05)
(-6.17227e-09 -4.20755e-09 8.6453e-06)
(-8.07942e-09 -2.9163e-09 2.16675e-05)
(-3.14636e-09 1.12578e-10 3.47434e-05)
(-2.72907e-10 -6.81915e-10 4.4748e-05)
(-1.50457e-09 -2.40303e-10 5.00839e-05)
(6.02298e-10 -1.62961e-10 5.00838e-05)
(-3.16436e-10 -1.09503e-09 4.47476e-05)
(2.53793e-09 9.95167e-10 3.47429e-05)
(9.74374e-09 -2.95882e-09 2.16665e-05)
(1.0264e-08 -7.7047e-09 8.64456e-06)
(-5.74152e-09 4.30872e-09 8.64461e-06)
(4.86419e-09 -6.72554e-09 2.16667e-05)
(3.06209e-09 1.53713e-09 3.47438e-05)
(-2.63599e-09 2.61993e-09 4.47488e-05)
(8.21871e-10 -1.17033e-09 5.00855e-05)
(-1.22784e-09 -1.17494e-09 5.00852e-05)
(1.88073e-09 1.51568e-09 4.47488e-05)
(-2.66284e-09 3.09525e-09 3.47441e-05)
(-4.97065e-09 -5.7795e-09 2.1667e-05)
(2.27226e-09 -3.94398e-11 8.64449e-06)
(-3.75562e-09 7.06166e-09 2.28713e-05)
(-4.39951e-09 -2.94292e-09 5.70443e-05)
(-5.58316e-09 5.82869e-10 8.29962e-05)
(-2.14788e-09 2.75311e-09 9.98725e-05)
(-3.11491e-09 -1.81531e-09 0.000107883)
(-2.15311e-09 -1.71566e-09 0.000107883)
(-3.15786e-09 1.75354e-09 9.98734e-05)
(9.01175e-11 1.86479e-09 8.29974e-05)
(-3.5678e-09 -6.16703e-09 5.70445e-05)
(-3.88224e-09 -2.62194e-09 2.28708e-05)
(-5.49439e-10 5.923e-09 3.75042e-05)
(-2.73074e-09 4.11974e-09 8.60469e-05)
(-3.96473e-09 -2.63214e-09 0.000114543)
(-2.54971e-10 -2.02189e-09 0.000128146)
(-7.34106e-10 -1.51327e-09 0.000133194)
(-7.03338e-10 -1.45878e-09 0.000133194)
(-8.47774e-10 -1.98427e-09 0.000128146)
(2.51467e-09 -2.81975e-09 0.000114542)
(3.42802e-09 6.48401e-10 8.60464e-05)
(5.50927e-10 1.21046e-09 3.75035e-05)
(-4.73475e-10 2.84076e-09 4.90236e-05)
(2.11572e-09 5.6184e-10 0.000104706)
(1.91744e-09 -1.96305e-09 0.000129498)
(6.78516e-10 -1.62507e-09 0.000137784)
(3.42315e-10 -3.17119e-10 0.000139985)
(-1.70005e-09 -9.40309e-10 0.000139985)
(-1.90205e-09 -2.71756e-09 0.000137784)
(-2.88395e-09 -2.42473e-09 0.000129497)
(-2.21291e-09 -1.57061e-09 0.000104705)
(8.15185e-10 1.90591e-09 4.90228e-05)
(-9.47793e-10 3.15315e-09 5.53214e-05)
(1.73599e-09 -1.14423e-09 0.000113184)
(2.28156e-09 -8.47632e-10 0.000134661)
(3.03482e-10 -1.19646e-09 0.000140172)
(6.42794e-10 4.7762e-10 0.000141241)
(2.59901e-10 -2.93942e-10 0.000141241)
(5.48583e-10 -1.29059e-09 0.000140172)
(-1.29392e-09 -1.30182e-10 0.00013466)
(-1.92944e-09 -1.93001e-09 0.000113183)
(5.90905e-11 3.4493e-10 5.53206e-05)
(-4.53009e-10 2.18655e-09 5.53211e-05)
(2.77871e-09 -2.58081e-09 0.000113183)
(3.19885e-09 1.35152e-09 0.000134661)
(7.85491e-11 -6.84521e-10 0.000140172)
(9.52458e-10 3.15399e-12 0.000141241)
(6.0643e-10 -6.80443e-10 0.000141241)
(6.38728e-10 -6.12977e-10 0.000140172)
(-2.42231e-09 2.1549e-09 0.00013466)
(-2.00106e-09 -1.49266e-09 0.000113183)
(3.11069e-10 7.85694e-10 5.53203e-05)
(2.20876e-10 2.09817e-09 4.90231e-05)
(3.97895e-09 -6.27076e-09 0.000104706)
(4.9083e-09 4.07156e-09 0.000129498)
(3.36204e-10 1.87141e-09 0.000137784)
(9.11398e-10 2.85576e-10 0.000139986)
(-6.033e-10 2.25865e-10 0.000139985)
(-2.36897e-10 9.43684e-10 0.000137784)
(-4.4387e-09 3.77091e-09 0.000129498)
(-3.82975e-09 -4.45593e-09 0.000104705)
(-6.9626e-10 2.00667e-09 4.90222e-05)
(1.72034e-09 -1.74929e-09 3.75037e-05)
(-1.24895e-09 -9.90592e-09 8.60464e-05)
(-1.99171e-09 6.66321e-09 0.000114543)
(-1.21332e-09 3.0232e-09 0.000128146)
(-3.13123e-10 5.2932e-10 0.000133194)
(-2.94168e-10 1.77294e-09 0.000133195)
(1.12003e-10 3.98398e-09 0.000128146)
(2.38907e-10 6.69061e-09 0.000114543)
(4.08512e-10 -7.40521e-09 8.60461e-05)
(-1.67846e-09 -9.731e-10 3.75035e-05)
(-4.50243e-10 -3.74609e-09 2.28708e-05)
(-4.62338e-09 -9.10284e-10 5.70438e-05)
(-2.08489e-09 7.38722e-09 8.29965e-05)
(1.41602e-09 -6.89594e-10 9.98728e-05)
(-1.49879e-09 -2.10501e-10 0.000107883)
(7.92279e-10 2.39117e-10 0.000107883)
(-1.73893e-09 1.19306e-09 9.98732e-05)
(1.91784e-09 6.07894e-09 8.29973e-05)
(3.36414e-09 -1.00575e-09 5.70443e-05)
(5.85223e-10 -4.42727e-09 2.28708e-05)
(-2.78917e-09 -2.54572e-09 8.64437e-06)
(7.93539e-10 3.55997e-09 2.16665e-05)
(4.41653e-09 3.53935e-09 3.47439e-05)
(2.26407e-09 -1.47594e-09 4.47488e-05)
(-1.81964e-09 -3.61418e-10 5.00849e-05)
(1.09474e-09 -6.99099e-10 5.00853e-05)
(-7.19594e-10 -1.24493e-09 4.47491e-05)
(-7.88501e-10 1.5587e-09 3.47441e-05)
(1.29981e-09 1.66808e-09 2.1667e-05)
(2.03296e-09 -2.22718e-09 8.64454e-06)
(-1.4092e-08 1.05527e-08 8.64463e-06)
(1.92836e-10 -3.39079e-09 2.16666e-05)
(-1.82936e-09 3.33708e-09 3.47428e-05)
(-7.55276e-09 1.62023e-09 4.47478e-05)
(6.32537e-10 -6.88732e-10 5.0084e-05)
(3.40647e-10 -6.18809e-10 5.0084e-05)
(8.50063e-09 2.02452e-09 4.47481e-05)
(2.90913e-09 5.69308e-09 3.47429e-05)
(-1.90065e-09 -4.09985e-09 2.16664e-05)
(1.12928e-08 8.65491e-09 8.64434e-06)
(-8.31116e-09 1.12468e-08 2.28717e-05)
(-7.9399e-09 9.7272e-10 5.70449e-05)
(-1.31258e-08 7.65337e-09 8.29953e-05)
(-5.6011e-09 -2.15715e-09 9.98723e-05)
(-2.88577e-10 -4.94089e-09 0.000107882)
(1.5352e-09 -4.71478e-09 0.000107882)
(6.48935e-09 -1.34514e-09 9.98729e-05)
(1.33948e-08 1.09757e-08 8.2996e-05)
(5.8763e-09 1.33361e-09 5.70448e-05)
(4.95742e-09 8.26362e-09 2.28712e-05)
(-2.20735e-09 8.6557e-09 3.75041e-05)
(-8.91037e-10 2.32903e-09 8.6048e-05)
(-2.97929e-09 6.42175e-09 0.000114543)
(2.056e-09 -6.73097e-09 0.000128146)
(-3.07144e-10 -5.61752e-09 0.000133193)
(-1.71315e-09 -5.18621e-09 0.000133193)
(-2.54311e-09 -5.68805e-09 0.000128146)
(2.62874e-09 9.62405e-09 0.000114543)
(-2.92032e-10 3.77327e-09 8.60477e-05)
(-5.25769e-10 3.59948e-09 3.75039e-05)
(-9.30832e-10 5.30924e-09 4.90236e-05)
(1.42712e-09 -2.79436e-10 0.000104706)
(2.87125e-09 3.8517e-09 0.000129498)
(3.33686e-09 -3.30445e-09 0.000137784)
(1.39232e-11 -2.01482e-09 0.000139985)
(-1.43073e-09 -1.87754e-09 0.000139986)
(-4.3493e-09 -2.25083e-09 0.000137785)
(-2.54295e-09 5.54479e-09 0.000129498)
(-7.94733e-10 -7.70585e-10 0.000104706)
(2.45571e-10 3.83865e-10 4.90232e-05)
(9.29275e-10 2.83117e-09 5.53212e-05)
(1.55294e-09 -8.5508e-11 0.000113183)
(1.66893e-09 1.18937e-09 0.000134661)
(2.46771e-09 -1.19191e-09 0.000140172)
(2.41997e-10 -3.10518e-11 0.000141241)
(-6.07694e-10 -8.11743e-11 0.000141241)
(-1.99142e-09 -8.84309e-10 0.000140172)
(-7.33598e-10 1.45497e-09 0.000134661)
(-7.64337e-10 -7.04421e-10 0.000113183)
(-1.20735e-09 4.26815e-10 5.53214e-05)
(1.18382e-09 4.35079e-10 5.53213e-05)
(2.44445e-09 8.8099e-10 0.000113183)
(2.01052e-09 3.46269e-10 0.000134661)
(2.05529e-09 -5.4972e-10 0.000140171)
(3.19765e-10 4.93129e-10 0.000141241)
(-7.39821e-10 3.93436e-10 0.000141241)
(-9.63194e-10 -6.36349e-10 0.000140171)
(-1.25145e-09 5.55792e-10 0.000134661)
(-1.6065e-09 -6.15777e-10 0.000113183)
(-6.5919e-10 -2.56175e-09 5.53212e-05)
(-1.23421e-09 -2.52719e-09 4.90233e-05)
(2.56874e-09 4.01574e-10 0.000104706)
(4.02927e-09 -7.31767e-10 0.000129498)
(2.48074e-09 2.97603e-10 0.000137785)
(1.45174e-09 1.42303e-09 0.000139986)
(-5.02204e-10 1.70202e-09 0.000139985)
(-1.00405e-09 1.01606e-09 0.000137784)
(-4.45568e-09 -5.31112e-10 0.000129498)
(-3.15494e-09 -2.11547e-09 0.000104705)
(1.96749e-09 -5.43837e-09 4.90228e-05)
(-5.83658e-10 -2.27353e-09 3.7504e-05)
(1.9931e-09 -3.63284e-09 8.60474e-05)
(1.91834e-09 -3.44532e-10 0.000114543)
(8.87577e-10 2.17874e-09 0.000128146)
(7.44327e-10 3.73586e-09 0.000133194)
(-1.42441e-10 4.7185e-09 0.000133194)
(-1.513e-10 5.04332e-09 0.000128146)
(-8.99603e-10 1.66847e-09 0.000114542)
(8.45298e-11 -7.86136e-09 8.60464e-05)
(3.44304e-09 -9.59005e-09 3.75035e-05)
(-2.40971e-09 -6.20508e-09 2.28706e-05)
(-5.48444e-09 -5.144e-09 5.70442e-05)
(-7.80585e-09 -1.0853e-09 8.29958e-05)
(-4.53654e-09 4.61539e-10 9.98725e-05)
(-2.78637e-09 2.1843e-09 0.000107883)
(1.27166e-09 2.68617e-09 0.000107883)
(4.71139e-09 2.46156e-09 9.9873e-05)
(1.06668e-08 1.50308e-09 8.29963e-05)
(1.12505e-08 -6.06162e-09 5.70443e-05)
(7.83352e-09 -1.12654e-08 2.28708e-05)
(-1.13867e-08 -9.0114e-09 8.64414e-06)
(-8.07797e-09 -2.99931e-09 2.16663e-05)
(-5.347e-09 -1.94074e-09 3.47428e-05)
(-3.98909e-09 -1.40632e-09 4.47481e-05)
(-2.26326e-09 -5.82009e-10 5.00845e-05)
(-2.16408e-10 -6.63173e-10 5.00849e-05)
(-2.35751e-10 -7.85095e-10 4.47486e-05)
(2.38345e-09 -2.17609e-10 3.47435e-05)
(6.70479e-09 -1.02386e-09 2.16666e-05)
(5.78794e-09 -4.53552e-09 8.64453e-06)
(-5.96654e-09 4.06246e-09 8.64444e-06)
(9.20435e-09 -9.87771e-09 2.16665e-05)
(6.6879e-09 9.36237e-10 3.47425e-05)
(8.12771e-10 1.38554e-09 4.47475e-05)
(2.81036e-09 -4.3001e-10 5.0084e-05)
(1.47562e-10 -5.9342e-10 5.00837e-05)
(2.52743e-09 2.7421e-09 4.47477e-05)
(-5.02263e-09 1.89838e-09 3.47421e-05)
(-1.01775e-08 -8.8302e-09 2.16663e-05)
(9.65618e-10 4.49977e-10 8.64471e-06)
(-6.47693e-11 2.08137e-09 2.28711e-05)
(2.28878e-09 -7.77292e-09 5.70453e-05)
(-1.3978e-09 4.17042e-10 8.29952e-05)
(-5.74814e-11 1.74009e-09 9.98721e-05)
(-1.99927e-09 -1.25337e-09 0.000107882)
(-1.72325e-09 -1.08099e-09 0.000107881)
(-3.23093e-09 3.39435e-09 9.98714e-05)
(-1.05749e-09 1.13786e-09 8.29938e-05)
(-4.12662e-09 -9.08405e-09 5.70442e-05)
(-2.06604e-09 -9.65553e-10 2.28714e-05)
(1.46213e-09 1.62684e-09 3.75039e-05)
(-9.15181e-10 1.15502e-09 8.6048e-05)
(-2.44606e-09 -2.64183e-09 0.000114543)
(9.34614e-10 -2.52143e-09 0.000128145)
(1.23691e-10 -1.11775e-09 0.000133193)
(-7.93726e-10 -5.45097e-10 0.000133193)
(-1.13059e-09 -1.7058e-10 0.000128145)
(2.67303e-09 -2.21552e-09 0.000114543)
(3.13123e-09 -1.11897e-09 8.60489e-05)
(1.03594e-09 1.19311e-09 3.75048e-05)
(9.54823e-11 1.42399e-09 4.90226e-05)
(2.44197e-09 -9.63223e-10 0.000104705)
(2.98379e-09 -2.07564e-09 0.000129499)
(1.75752e-09 -1.67028e-09 0.000137784)
(7.01927e-10 -4.6264e-12 0.000139985)
(-5.00847e-10 -6.87636e-11 0.000139985)
(-1.41474e-09 -3.31815e-10 0.000137784)
(-2.3046e-09 -1.27964e-09 0.0001295)
(-2.35432e-09 -1.7719e-09 0.000104707)
(6.68418e-11 1.82593e-09 4.90236e-05)
(-9.63906e-10 2.65895e-09 5.53205e-05)
(6.87167e-10 -1.34148e-09 0.000113182)
(1.54977e-09 -2.30156e-10 0.000134662)
(-9.02935e-12 -3.61343e-10 0.000140171)
(5.13345e-11 4.74618e-10 0.000141241)
(-4.73837e-11 2.53828e-10 0.000141241)
(-1.45986e-11 6.73398e-11 0.000140171)
(-8.55004e-10 1.16001e-11 0.000134662)
(-1.70588e-09 -2.41215e-09 0.000113183)
(-1.5474e-10 1.1522e-09 5.53216e-05)
(-7.02681e-10 1.84487e-09 5.5321e-05)
(1.21606e-09 -2.06146e-09 0.000113182)
(1.71808e-09 1.35026e-09 0.000134662)
(-6.13246e-10 -1.90714e-10 0.000140171)
(1.50689e-10 2.64146e-10 0.000141241)
(-6.42912e-10 -7.64814e-11 0.000141241)
(-5.76665e-10 -3.49829e-10 0.000140171)
(-1.94004e-09 1.4585e-09 0.000134662)
(-1.35318e-09 -1.29936e-09 0.000113182)
(4.3446e-10 1.7032e-09 5.53214e-05)
(4.65042e-10 2.17584e-09 4.90232e-05)
(3.14408e-09 -4.80943e-09 0.000104705)
(4.28476e-09 3.73548e-09 0.000129499)
(4.97128e-10 1.6858e-09 0.000137785)
(3.4185e-10 1.02298e-09 0.000139985)
(-1.10735e-09 9.15334e-10 0.000139986)
(-1.67788e-09 9.13862e-10 0.000137784)
(-5.95552e-09 3.53386e-09 0.000129498)
(-4.23571e-09 -3.66773e-09 0.000104705)
(-5.33094e-10 2.491e-09 4.90229e-05)
(1.45628e-09 -8.92979e-10 3.75042e-05)
(-1.99465e-09 -7.81567e-09 8.60476e-05)
(-1.84604e-09 6.00675e-09 0.000114543)
(1.71923e-10 3.81789e-09 0.000128146)
(3.93616e-10 9.48009e-10 0.000133194)
(-3.58477e-10 1.61208e-09 0.000133193)
(3.39654e-11 3.63634e-09 0.000128146)
(-5.84323e-10 6.66517e-09 0.000114543)
(-1.0019e-09 -6.12602e-09 8.60474e-05)
(-2.32299e-09 1.92728e-10 3.75036e-05)
(1.45749e-09 -1.24284e-09 2.28715e-05)
(-2.86349e-09 1.29949e-10 5.70454e-05)
(-1.51831e-09 5.91583e-09 8.29958e-05)
(2.23255e-09 3.16696e-10 9.98723e-05)
(-1.00019e-09 -6.45483e-10 0.000107882)
(1.12721e-09 -2.57372e-10 0.000107882)
(-1.31682e-09 6.76594e-10 9.98727e-05)
(1.57531e-09 5.92966e-09 8.29961e-05)
(2.26271e-09 4.98223e-10 5.70446e-05)
(-1.32872e-09 -1.75899e-09 2.28707e-05)
(2.63936e-09 1.37989e-09 8.64435e-06)
(3.81824e-09 4.18569e-09 2.16666e-05)
(5.46698e-09 3.0663e-09 3.47427e-05)
(3.50042e-09 -1.38529e-09 4.47481e-05)
(-2.23521e-10 -4.25158e-10 5.00844e-05)
(1.12713e-09 -3.88659e-10 5.00846e-05)
(-1.72195e-09 -1.11892e-09 4.47487e-05)
(-1.44166e-09 1.44082e-09 3.47435e-05)
(4.92574e-10 1.94996e-09 2.16667e-05)
(-1.63688e-10 -5.84478e-10 8.64475e-06)
(-1.25863e-08 8.35509e-09 8.64432e-06)
(-3.46649e-09 -1.93122e-09 2.16665e-05)
(-2.5267e-09 4.06119e-09 3.47438e-05)
(-4.94559e-09 2.14391e-09 4.47487e-05)
(4.65976e-10 -5.76623e-10 5.00852e-05)
(-1.33743e-09 -3.78781e-10 5.00852e-05)
(3.1216e-09 1.87407e-09 4.47487e-05)
(-1.16785e-09 2.32692e-09 3.47442e-05)
(-4.22239e-09 -6.96818e-09 2.16672e-05)
(5.89342e-09 3.8061e-09 8.64474e-06)
(-7.48145e-09 1.09587e-08 2.28705e-05)
(-8.70577e-09 9.28009e-10 5.70446e-05)
(-1.00424e-08 1.79137e-09 8.29973e-05)
(-2.61023e-09 -1.90024e-10 9.98731e-05)
(-4.0289e-10 -3.53547e-09 0.000107883)
(1.60524e-09 -2.93621e-09 0.000107883)
(3.80034e-09 1.46356e-09 9.98729e-05)
(8.85198e-09 3.29306e-09 8.29971e-05)
(1.69884e-09 -4.02357e-09 5.70445e-05)
(-1.57596e-09 1.03995e-09 2.28705e-05)
(-1.53586e-09 8.45316e-09 3.75032e-05)
(1.89891e-10 3.07627e-09 8.60462e-05)
(-3.17466e-10 -4.05335e-09 0.000114543)
(1.74145e-09 -3.9794e-09 0.000128146)
(-6.84876e-11 -3.80557e-09 0.000133194)
(-1.39642e-09 -2.95747e-09 0.000133194)
(-2.73346e-09 -2.10772e-09 0.000128146)
(-2.19176e-10 -2.1378e-09 0.000114543)
(6.65084e-10 2.255e-09 8.60467e-05)
(-5.43502e-10 1.41527e-09 3.75033e-05)
(-5.71675e-10 4.98067e-09 4.90219e-05)
(3.30603e-09 1.14193e-09 0.000104705)
(3.45812e-09 -1.53966e-09 0.000129498)
(1.55133e-09 -9.02427e-10 0.000137785)
(4.75726e-10 -2.53511e-10 0.000139986)
(-8.72587e-10 -4.27173e-10 0.000139985)
(-2.07064e-09 -1.18168e-09 0.000137784)
(-3.37221e-09 -2.91552e-09 0.000129497)
(-1.40666e-09 -1.89639e-09 0.000104705)
(1.45472e-09 2.37814e-09 4.90223e-05)
(5.45376e-10 2.30876e-09 5.53199e-05)
(2.99319e-09 -2.03844e-10 0.000113182)
(1.96753e-09 5.56548e-10 0.00013466)
(9.99849e-10 8.87733e-11 0.000140171)
(8.14617e-10 7.08042e-10 0.000141241)
(-1.33193e-10 2.60011e-10 0.000141241)
(1.52461e-10 -6.60496e-10 0.000140171)
(-6.99479e-10 -5.83665e-10 0.00013466)
(-1.58769e-09 -2.45897e-09 0.000113182)
(-3.70105e-10 1.338e-09 5.53203e-05)
(-2.31329e-11 3.53554e-10 5.53202e-05)
(2.63372e-09 -1.56088e-09 0.000113183)
(2.82161e-09 2.5665e-09 0.000134661)
(-2.85886e-11 -7.34908e-11 0.000140171)
(4.17159e-10 2.93184e-10 0.000141241)
(-5.31557e-10 4.87529e-10 0.000141241)
(-3.81559e-10 -4.00392e-11 0.000140171)
(-2.0933e-09 8.36977e-10 0.000134661)
(-2.03137e-09 -3.40854e-09 0.000113182)
(2.55512e-10 -3.07812e-10 5.532e-05)
(-2.00665e-09 -1.15293e-09 4.90232e-05)
(1.70019e-09 -5.03264e-09 0.000104705)
(5.35172e-09 3.61867e-09 0.000129498)
(1.66426e-09 9.65564e-10 0.000137784)
(1.57751e-09 1.26732e-09 0.000139985)
(-3.71906e-10 1.01655e-09 0.000139986)
(-1.17377e-09 7.03061e-10 0.000137785)
(-5.35202e-09 1.6057e-09 0.000129498)
(-2.68462e-09 -6.54161e-09 0.000104705)
(7.90965e-10 4.59077e-10 4.9022e-05)
(4.45121e-10 -1.79068e-10 3.75043e-05)
(-6.67681e-10 -9.5569e-09 8.60459e-05)
(2.76026e-09 4.35105e-09 0.000114542)
(2.33096e-09 3.01693e-09 0.000128145)
(1.26452e-09 2.96648e-09 0.000133194)
(4.62217e-10 3.497e-09 0.000133194)
(-7.87308e-10 4.14422e-09 0.000128146)
(-2.13341e-09 4.69033e-09 0.000114544)
(-5.11835e-10 -1.28146e-08 8.60471e-05)
(-6.02801e-10 -4.22738e-09 3.75037e-05)
(4.40244e-10 -4.00724e-09 2.28709e-05)
(-6.17043e-09 -6.93838e-09 5.70436e-05)
(-6.11116e-09 2.37372e-09 8.29963e-05)
(-4.39181e-10 1.11797e-09 9.98727e-05)
(-1.61415e-10 2.78846e-09 0.000107883)
(3.71473e-09 2.80608e-09 0.000107884)
(5.37397e-09 1.47936e-09 9.98733e-05)
(1.20361e-08 3.20167e-09 8.29976e-05)
(1.28118e-08 -1.01196e-08 5.70445e-05)
(4.65134e-09 -9.28398e-09 2.28712e-05)
(-5.50471e-09 -5.09691e-09 8.64443e-06)
(-6.93427e-09 -2.6396e-09 2.16666e-05)
(-3.07316e-09 -8.05876e-11 3.47438e-05)
(-1.74228e-09 -1.17843e-09 4.47487e-05)
(-3.40278e-09 3.56209e-10 5.00851e-05)
(1.82115e-09 -1.72222e-10 5.0085e-05)
(2.26362e-09 -1.88032e-09 4.47488e-05)
(4.69092e-09 1.10181e-11 3.4744e-05)
(1.03609e-08 -3.17967e-09 2.16668e-05)
(7.20141e-09 -5.2806e-09 8.64472e-06)
(-3.94658e-09 1.90664e-09 8.64482e-06)
(9.4725e-09 -9.45064e-09 2.16671e-05)
(4.52186e-09 2.36174e-09 3.4744e-05)
(-2.75711e-09 2.16525e-09 4.47487e-05)
(2.36715e-09 -3.41875e-10 5.00852e-05)
(-1.27188e-09 -8.36123e-10 5.00852e-05)
(3.94346e-09 7.72669e-10 4.47485e-05)
(-1.67723e-09 3.13254e-09 3.47441e-05)
(-3.6519e-09 -5.80979e-09 2.16673e-05)
(7.35497e-09 4.01046e-09 8.64465e-06)
(-2.22866e-09 2.15429e-09 2.28712e-05)
(1.18178e-09 -7.99929e-09 5.70447e-05)
(-4.94704e-09 5.078e-09 8.29967e-05)
(-1.61374e-09 6.746e-10 9.9873e-05)
(4.0144e-10 -2.13969e-09 0.000107883)
(-1.0271e-09 -2.22696e-09 0.000107884)
(9.15465e-10 -4.01928e-10 9.98732e-05)
(4.09748e-09 5.63127e-09 8.29968e-05)
(-2.74095e-09 -6.83703e-09 5.70444e-05)
(8.98938e-10 2.66115e-09 2.28705e-05)
(5.11115e-10 2.15418e-09 3.75038e-05)
(-1.54913e-09 1.04672e-11 8.60472e-05)
(-5.14384e-09 4.56196e-09 0.000114543)
(-2.85192e-10 -4.98648e-09 0.000128147)
(-7.39483e-10 -3.5485e-09 0.000133194)
(2.12668e-11 -2.96947e-09 0.000133194)
(-6.77504e-10 -4.34206e-09 0.000128146)
(4.85184e-09 5.44785e-09 0.000114543)
(8.47378e-10 -5.85749e-10 8.60464e-05)
(-1.78362e-09 1.80472e-09 3.7503e-05)
(1.39556e-09 1.01104e-09 4.90226e-05)
(1.486e-09 -1.6691e-10 0.000104705)
(1.6391e-09 3.71135e-09 0.000129497)
(2.7877e-09 -3.7514e-09 0.000137785)
(-6.10768e-10 -2.10519e-09 0.000139986)
(-1.31671e-09 -1.98359e-09 0.000139986)
(-4.23697e-09 -3.41381e-09 0.000137785)
(-2.35027e-09 3.5515e-09 0.000129497)
(-1.45035e-09 -1.12894e-09 0.000104705)
(-9.76454e-10 3.98208e-10 4.90226e-05)
(7.04485e-10 1.27616e-09 5.53207e-05)
(4.73715e-10 -6.91653e-10 0.000113183)
(1.55865e-09 1.61442e-09 0.00013466)
(1.69438e-09 -1.51403e-09 0.000140171)
(-5.79932e-10 -2.08274e-10 0.000141241)
(-3.31372e-10 -5.6293e-10 0.000141241)
(-2.51295e-09 -1.71594e-09 0.000140171)
(-1.79259e-09 1.10487e-09 0.00013466)
(-7.98178e-10 -1.27558e-09 0.000113183)
(-7.80585e-10 2.04661e-10 5.53206e-05)
(4.84524e-10 -6.43744e-10 5.53208e-05)
(1.23832e-09 -1.54653e-10 0.000113184)
(1.6317e-09 1.85653e-09 0.000134661)
(7.60958e-10 -6.62015e-10 0.000140172)
(1.20003e-10 2.28451e-10 0.000141241)
(-1.2145e-10 2.71467e-10 0.000141241)
(-1.26888e-09 -1.28851e-09 0.000140171)
(-1.86914e-09 1.39455e-09 0.00013466)
(-2.09811e-09 -6.9691e-10 0.000113183)
(-7.19929e-10 -2.20387e-09 5.53206e-05)
(-2.93169e-10 -8.12956e-11 4.9024e-05)
(2.1118e-09 -6.61809e-10 0.000104707)
(3.27885e-09 1.88502e-09 0.000129498)
(5.75823e-10 1.50872e-09 0.000137784)
(8.98777e-11 9.57462e-10 0.000139985)
(-6.04976e-10 1.29904e-09 0.000139985)
(-1.05469e-09 2.3156e-10 0.000137784)
(-2.60778e-09 5.21052e-10 0.000129498)
(-2.64866e-09 -1.07174e-09 0.000104706)
(6.5048e-10 -4.42584e-09 4.90227e-05)
(-1.2137e-10 -2.0886e-09 3.75048e-05)
(-2.73179e-10 -3.49248e-09 8.60471e-05)
(-1.00515e-09 2.98087e-09 0.000114543)
(-5.18184e-10 3.6529e-09 0.000128145)
(1.28087e-10 1.11535e-09 0.000133193)
(2.05748e-10 1.3436e-09 0.000133194)
(1.55536e-09 1.72286e-09 0.000128146)
(1.82064e-09 2.73006e-09 0.000114543)
(1.62218e-09 -2.52199e-09 8.60474e-05)
(3.10786e-09 -7.05418e-09 3.75043e-05)
(-8.21339e-10 -2.42477e-09 2.28709e-05)
(-2.19955e-09 1.8439e-09 5.70432e-05)
(-7.55594e-10 4.59702e-09 8.2996e-05)
(3.1331e-09 1.12074e-09 9.98726e-05)
(1.31502e-09 -1.56951e-10 0.000107883)
(1.75884e-09 1.36024e-10 0.000107883)
(9.02685e-10 -1.64194e-09 9.98729e-05)
(1.92458e-09 2.73549e-09 8.29965e-05)
(4.25087e-09 1.37257e-09 5.70445e-05)
(4.57852e-09 -5.4218e-09 2.28715e-05)
(-1.97946e-09 -8.87459e-10 8.64456e-06)
(5.29221e-10 2.90509e-09 2.16665e-05)
(4.8243e-09 2.24612e-09 3.47435e-05)
(5.37486e-09 -1.98727e-10 4.47481e-05)
(2.80634e-09 -4.16e-10 5.00847e-05)
(3.25705e-09 -4.46736e-10 5.00847e-05)
(9.69203e-10 -2.43587e-09 4.47481e-05)
(-1.5857e-09 -1.51402e-10 3.47437e-05)
(6.69097e-10 2.45042e-09 2.16666e-05)
(5.18425e-09 -3.45783e-09 8.64454e-06)
(-1.80011e-08 1.25117e-08 8.64453e-06)
(-2.71818e-09 -2.383e-09 2.16672e-05)
(-3.26102e-09 4.26043e-09 3.47435e-05)
(-8.32971e-09 2.10651e-09 4.47492e-05)
(1.19614e-09 -9.11723e-10 5.00853e-05)
(-1.48507e-09 -7.99161e-10 5.00848e-05)
(7.05209e-09 1.40525e-09 4.47485e-05)
(2.39002e-09 3.79079e-09 3.47429e-05)
(-4.05166e-09 -6.96317e-09 2.16666e-05)
(5.89227e-09 3.58839e-09 8.64432e-06)
(-1.01134e-08 1.31655e-08 2.28713e-05)
(-5.04996e-09 -4.57482e-10 5.70448e-05)
(-9.17666e-09 5.61379e-09 8.29949e-05)
(-3.86014e-09 -2.82038e-09 9.98734e-05)
(1.5106e-09 -6.13195e-09 0.000107884)
(2.57951e-09 -4.98469e-09 0.000107884)
(8.46936e-09 -4.99239e-10 9.98733e-05)
(1.34586e-08 1.00867e-08 8.29943e-05)
(4.3626e-09 -8.68064e-10 5.70444e-05)
(3.62931e-09 5.74069e-09 2.28714e-05)
(-9.1367e-10 8.11727e-09 3.75035e-05)
(5.67883e-10 1.94743e-09 8.60481e-05)
(-1.94145e-09 4.7409e-09 0.000114543)
(2.53171e-09 -7.80555e-09 0.000128146)
(7.45837e-10 -6.48917e-09 0.000133193)
(4.0329e-10 -5.49907e-09 0.000133193)
(-1.56977e-09 -4.85173e-09 0.000128145)
(3.254e-09 1.00995e-08 0.000114543)
(2.52649e-10 4.51488e-09 8.60482e-05)
(-5.25387e-10 4.13973e-09 3.75049e-05)
(5.73453e-10 4.04407e-09 4.90223e-05)
(2.01047e-09 7.81823e-10 0.000104705)
(2.73828e-09 4.03436e-09 0.000129499)
(3.09213e-09 -4.09853e-09 0.000137784)
(-2.93662e-10 -2.58725e-09 0.000139985)
(-6.01204e-10 -1.734e-09 0.000139985)
(-5.00555e-09 -2.16278e-09 0.000137784)
(-3.58175e-09 5.79729e-09 0.000129499)
(-1.64145e-09 -1.12037e-09 0.000104705)
(-3.06242e-10 7.04032e-10 4.90234e-05)
(1.81672e-09 1.67512e-09 5.53209e-05)
(1.70971e-09 8.11846e-10 0.000113182)
(1.32651e-09 2.14763e-09 0.000134662)
(1.88817e-09 -2.09323e-09 0.00014017)
(-2.48394e-10 -1.22167e-09 0.000141241)
(-2.64486e-11 -1.0967e-10 0.000141241)
(-2.13408e-09 -9.40538e-10 0.000140171)
(-1.17689e-09 2.00606e-09 0.000134662)
(-1.29411e-09 -1.05521e-09 0.000113183)
(-1.35504e-09 2.17489e-10 5.53214e-05)
(1.10566e-09 2.20542e-10 5.53212e-05)
(1.46501e-09 2.7317e-09 0.000113182)
(7.52503e-10 2.443e-09 0.000134661)
(4.28188e-10 -1.13088e-09 0.000140171)
(-1.73621e-10 -3.84815e-10 0.000141241)
(-2.60119e-10 2.20018e-10 0.000141241)
(-2.11921e-09 -4.9111e-10 0.000140171)
(-2.24514e-09 2.40576e-09 0.000134662)
(-2.34178e-09 -1.10177e-09 0.000113182)
(-1.07736e-09 -2.94443e-09 5.53216e-05)
(-1.5473e-09 -1.29717e-09 4.90231e-05)
(2.07441e-09 3.41973e-09 0.000104705)
(4.80068e-09 1.15971e-09 0.000129498)
(2.36692e-09 -7.20878e-10 0.000137784)
(1.29607e-09 3.67522e-10 0.000139985)
(-3.812e-10 1.37489e-09 0.000139985)
(-2.39344e-09 5.17747e-10 0.000137784)
(-4.51992e-09 1.31463e-09 0.000129498)
(-3.06054e-09 -1.29553e-09 0.000104705)
(1.21883e-09 -4.99984e-09 4.90229e-05)
(-1.04165e-09 -6.35587e-10 3.75042e-05)
(2.2391e-09 -1.48082e-09 8.60476e-05)
(3.9837e-09 1.3411e-09 0.000114542)
(1.63278e-09 1.97869e-09 0.000128145)
(1.36635e-09 2.93027e-09 0.000133193)
(-2.60911e-11 3.64887e-09 0.000133194)
(-2.82024e-10 3.65299e-09 0.000128145)
(-1.36075e-10 2.33774e-09 0.000114542)
(3.06079e-10 -6.03641e-09 8.6047e-05)
(3.12698e-09 -9.06657e-09 3.7504e-05)
(-4.02168e-10 -2.47086e-09 2.28707e-05)
(-2.2788e-09 -1.63403e-09 5.70428e-05)
(-3.57351e-09 1.53022e-09 8.29943e-05)
(-1.39463e-09 6.72011e-10 9.98732e-05)
(-1.42666e-10 2.30021e-09 0.000107884)
(3.25749e-09 2.506e-09 0.000107884)
(5.79277e-09 6.69549e-10 9.98741e-05)
(9.92647e-09 1.4707e-09 8.29961e-05)
(1.1384e-08 -4.9699e-09 5.70445e-05)
(7.1859e-09 -9.39836e-09 2.28707e-05)
(-2.62577e-09 -2.28207e-09 8.64448e-06)
(-1.90085e-09 4.94259e-10 2.16668e-05)
(-1.92649e-09 -2.48893e-10 3.47436e-05)
(-1.33881e-09 -1.59024e-09 4.4749e-05)
(-6.0106e-10 -5.46474e-10 5.00854e-05)
(1.9592e-09 -1.73453e-10 5.00855e-05)
(2.50222e-09 -2.18883e-09 4.47493e-05)
(2.1008e-09 -6.93213e-10 3.4744e-05)
(3.99135e-09 3.38619e-10 2.16671e-05)
(3.72134e-09 -2.69691e-09 8.64449e-06)
(-1.3301e-08 1.02833e-08 8.64417e-06)
(5.50484e-10 -5.00116e-09 2.16665e-05)
(2.38474e-10 2.95298e-09 3.47424e-05)
(-4.73969e-09 1.54343e-09 4.47481e-05)
(-1.04703e-10 -4.14649e-10 5.00842e-05)
(-3.69964e-10 -1.03446e-10 5.0084e-05)
(2.99518e-09 2.86142e-09 4.4748e-05)
(-4.46036e-09 1.16599e-09 3.4742e-05)
(-1.05004e-08 -1.05903e-08 2.16658e-05)
(4.05127e-09 3.49948e-09 8.64443e-06)
(-6.55954e-09 1.02916e-08 2.28712e-05)
(-5.8535e-09 -1.7699e-09 5.70452e-05)
(-7.83031e-09 1.08408e-09 8.29946e-05)
(-2.73577e-09 -3.49322e-10 9.98723e-05)
(-4.62466e-10 -3.85027e-09 0.000107882)
(2.48487e-09 -2.90312e-09 0.000107882)
(2.95255e-09 2.41342e-09 9.98721e-05)
(6.30071e-09 3.51172e-09 8.29945e-05)
(1.0382e-09 -4.24193e-09 5.7045e-05)
(-1.10774e-09 1.21067e-09 2.28718e-05)
(-1.8819e-09 7.63029e-09 3.75035e-05)
(-1.93792e-09 4.30386e-09 8.60479e-05)
(-1.70368e-09 -3.85563e-09 0.000114543)
(1.39463e-09 -4.88507e-09 0.000128145)
(5.28208e-10 -4.38811e-09 0.000133193)
(-8.51273e-10 -3.41037e-09 0.000133193)
(-2.18822e-09 -1.74362e-09 0.000128145)
(1.10957e-09 7.68033e-10 0.000114543)
(1.63546e-09 4.27601e-09 8.60491e-05)
(-8.14018e-10 5.59526e-10 3.75058e-05)
(3.56541e-10 5.49824e-09 4.90229e-05)
(4.07493e-09 1.92253e-09 0.000104705)
(2.72643e-09 -1.51495e-09 0.000129499)
(4.53875e-10 -3.45472e-09 0.000137783)
(-8.71827e-10 -1.13427e-09 0.000139985)
(-1.98514e-09 -4.75726e-10 0.000139985)
(-2.68176e-09 -3.10115e-10 0.000137783)
(-3.39853e-09 -7.6456e-10 0.0001295)
(-7.82205e-10 -5.30594e-10 0.000104706)
(1.89741e-09 2.26888e-09 4.90242e-05)
(9.57253e-10 2.42048e-09 5.53209e-05)
(4.07941e-09 -1.57206e-10 0.000113182)
(1.88831e-09 6.559e-10 0.000134662)
(1.04213e-10 -1.95755e-09 0.00014017)
(5.16827e-10 -6.94291e-10 0.00014124)
(-2.07882e-10 -2.10537e-11 0.00014124)
(2.12666e-11 -9.06531e-11 0.000140171)
(-5.95696e-10 3.31885e-10 0.000134662)
(-1.8479e-09 -7.01372e-10 0.000113183)
(-4.66957e-10 2.04618e-09 5.53219e-05)
(2.61125e-10 -8.31069e-11 5.53213e-05)
(3.50149e-09 -7.20339e-10 0.000113182)
(2.63103e-09 3.28383e-09 0.000134662)
(2.05906e-10 -7.65768e-10 0.000140171)
(5.61701e-10 -4.15792e-10 0.000141241)
(-9.16386e-10 1.76035e-10 0.000141241)
(-6.20544e-10 2.78545e-10 0.000140171)
(-2.27842e-09 2.29185e-09 0.000134662)
(-2.13327e-09 -1.7833e-09 0.000113182)
(1.38046e-10 -5.43611e-10 5.53215e-05)
(-1.87239e-09 -6.83842e-10 4.9023e-05)
(1.33965e-09 -3.70277e-09 0.000104705)
(5.11751e-09 4.87727e-09 0.000129498)
(1.68932e-09 5.24165e-10 0.000137784)
(1.05415e-09 5.17615e-10 0.000139985)
(-1.59619e-09 5.66869e-10 0.000139985)
(-2.16896e-09 6.85022e-10 0.000137783)
(-6.0437e-09 3.1183e-09 0.000129498)
(-3.20981e-09 -4.55417e-09 0.000104705)
(1.17935e-09 5.95664e-10 4.90233e-05)
(9.17074e-11 -1.04256e-09 3.7504e-05)
(-1.30346e-09 -1.01243e-08 8.60477e-05)
(1.71278e-09 4.9367e-09 0.000114543)
(6.26545e-10 3.7236e-09 0.000128145)
(-2.66483e-10 2.99453e-09 0.000133193)
(-1.21364e-09 3.57036e-09 0.000133193)
(-2.44854e-09 4.20608e-09 0.000128145)
(-3.79672e-09 5.0879e-09 0.000114542)
(-1.54872e-09 -1.05254e-08 8.60469e-05)
(-8.85702e-10 -3.03987e-09 3.75037e-05)
(-1.00097e-09 -4.7875e-09 2.28712e-05)
(-7.17422e-09 -6.29537e-09 5.70453e-05)
(-6.07399e-09 4.64958e-09 8.29958e-05)
(-1.87671e-09 2.51153e-09 9.98728e-05)
(-1.64793e-09 2.58815e-09 0.000107883)
(2.27943e-09 1.92005e-09 0.000107883)
(2.24164e-09 1.25069e-09 9.98725e-05)
(7.72232e-09 3.19586e-09 8.29952e-05)
(8.06168e-09 -5.95026e-09 5.70445e-05)
(2.73445e-09 -7.34465e-09 2.28705e-05)
(-1.67818e-09 -1.96794e-09 8.6445e-06)
(-4.71017e-09 -6.89857e-10 2.16669e-05)
(-3.09077e-09 1.4664e-09 3.47435e-05)
(-8.0882e-10 -4.58852e-10 4.47488e-05)
(-1.3562e-09 -1.2554e-10 5.00846e-05)
(1.55654e-09 -1.13474e-09 5.00843e-05)
(2.01156e-10 -1.78894e-09 4.47483e-05)
(1.50614e-09 4.29984e-11 3.47427e-05)
(5.54747e-09 -3.77315e-10 2.16663e-05)
(5.71173e-09 -4.24969e-09 8.64406e-06)
(-9.51216e-09 6.63133e-09 8.6444e-06)
(-1.09877e-09 -2.81663e-09 2.16664e-05)
(-1.18864e-09 2.84195e-09 3.47427e-05)
(-4.72816e-09 1.97006e-09 4.47475e-05)
(1.8818e-10 -3.64698e-10 5.0084e-05)
(4.4737e-10 4.05515e-10 5.00841e-05)
(3.81939e-09 3.00483e-09 4.47476e-05)
(-2.48194e-09 1.64471e-09 3.47425e-05)
(-4.2981e-09 -6.92817e-09 2.16662e-05)
(5.84434e-09 3.3772e-09 8.64458e-06)
(-5.47251e-09 8.73976e-09 2.28708e-05)
(-7.65752e-09 6.41538e-10 5.70449e-05)
(-7.75185e-09 5.81824e-10 8.29953e-05)
(-7.3753e-10 -1.03987e-09 9.98715e-05)
(1.86968e-10 -4.0979e-09 0.000107881)
(2.86559e-09 -2.24533e-09 0.000107882)
(5.02455e-09 3.72481e-09 9.98719e-05)
(9.91761e-09 4.65168e-09 8.29955e-05)
(3.73292e-09 -2.38988e-09 5.70453e-05)
(-3.20404e-10 1.99447e-09 2.28714e-05)
(-2.42858e-09 8.89117e-09 3.75041e-05)
(-2.30363e-09 4.65031e-09 8.60469e-05)
(-1.58463e-09 -3.7676e-09 0.000114543)
(5.19424e-10 -5.12439e-09 0.000128145)
(-1.35552e-09 -4.70166e-09 0.000133193)
(-2.86601e-09 -2.9164e-09 0.000133193)
(-3.9409e-09 -1.36526e-09 0.000128146)
(8.82719e-10 7.94406e-10 0.000114543)
(1.67521e-09 3.28131e-09 8.60473e-05)
(-7.18694e-11 1.97097e-09 3.75044e-05)
(-8.25378e-10 6.31075e-09 4.90235e-05)
(4.16722e-09 1.5357e-09 0.000104706)
(4.08874e-09 -2.10506e-09 0.000129498)
(1.3214e-09 -3.05135e-09 0.000137784)
(2.73583e-11 -1.2978e-09 0.000139985)
(-2.19518e-09 -1.01713e-10 0.000139985)
(-2.76634e-09 -7.36853e-10 0.000137784)
(-3.90792e-09 -1.55168e-09 0.000129498)
(-2.33166e-09 -2.56873e-09 0.000104706)
(1.19807e-09 1.35767e-09 4.90236e-05)
(8.09695e-10 3.00234e-09 5.53212e-05)
(3.91284e-09 4.36734e-10 0.000113183)
(1.7983e-09 5.674e-10 0.000134661)
(3.66538e-11 -1.78492e-09 0.000140171)
(5.90012e-11 -5.61438e-10 0.00014124)
(-1.34556e-09 2.02209e-10 0.000141241)
(-4.00411e-11 -1.55184e-10 0.000140171)
(-1.12073e-09 9.30252e-11 0.000134662)
(-2.44597e-09 -2.21214e-09 0.000113183)
(-1.16384e-10 9.57794e-10 5.53215e-05)
(6.82353e-11 1.86752e-09 5.53212e-05)
(3.42376e-09 2.65182e-10 0.000113183)
(2.82989e-09 3.11994e-09 0.000134662)
(-1.99965e-11 -8.48356e-10 0.000140171)
(7.91259e-10 -2.34994e-10 0.000141241)
(-1.35043e-09 1.62046e-10 0.000141241)
(-5.9445e-10 -5.00896e-10 0.000140171)
(-2.33965e-09 2.04013e-09 0.000134662)
(-1.79979e-09 -3.12395e-09 0.000113183)
(1.04479e-09 -6.22689e-10 5.53214e-05)
(-1.17211e-09 4.96858e-10 4.90233e-05)
(2.57524e-09 -2.23465e-09 0.000104705)
(6.19463e-09 3.71534e-09 0.000129498)
(2.36632e-09 -1.88328e-10 0.000137784)
(1.32493e-09 5.33993e-10 0.000139985)
(-1.22378e-09 7.75056e-10 0.000139985)
(-1.59046e-09 5.7012e-10 0.000137784)
(-5.83773e-09 2.48704e-09 0.000129498)
(-2.45794e-09 -5.70988e-09 0.000104706)
(1.6764e-09 6.77719e-10 4.90235e-05)
(1.30531e-09 3.06499e-10 3.75042e-05)
(1.18582e-09 -7.41601e-09 8.60475e-05)
(3.80149e-09 3.96045e-09 0.000114543)
(2.11973e-09 2.2178e-09 0.000128146)
(6.77898e-10 3.32862e-09 0.000133194)
(3.0944e-10 3.7295e-09 0.000133194)
(-1.50403e-09 4.92518e-09 0.000128146)
(-2.10022e-09 4.04974e-09 0.000114542)
(-2.77629e-10 -1.17468e-08 8.60466e-05)
(-8.9428e-10 -2.62059e-09 3.75037e-05)
(9.47396e-10 -3.49916e-09 2.28712e-05)
(-4.28042e-09 -5.44532e-09 5.70466e-05)
(-4.99863e-09 2.11223e-09 8.29975e-05)
(-7.50109e-10 1.08628e-09 9.98725e-05)
(-1.45384e-09 2.95315e-09 0.000107882)
(3.15656e-09 2.50516e-09 0.000107882)
(4.03e-09 2.30045e-09 9.98718e-05)
(1.04738e-08 3.57729e-09 8.29955e-05)
(9.9056e-09 -7.25574e-09 5.70444e-05)
(2.43834e-09 -7.38615e-09 2.2871e-05)
(-4.20502e-09 -3.88693e-09 8.64445e-06)
(-5.93926e-09 -2.07885e-09 2.16667e-05)
(-2.17523e-09 -3.25686e-10 3.4743e-05)
(-2.30543e-10 -1.03407e-09 4.47481e-05)
(-2.18683e-09 -7.89551e-11 5.0084e-05)
(1.46562e-09 -4.05141e-10 5.00842e-05)
(1.13611e-09 -1.51373e-09 4.47479e-05)
(3.77943e-09 6.76777e-10 3.47427e-05)
(7.66011e-09 -1.19185e-09 2.16665e-05)
(4.82158e-09 -3.85767e-09 8.64454e-06)
(-1.8895e-09 1.65831e-09 8.64448e-06)
(1.08073e-08 -9.81017e-09 2.16669e-05)
(6.71918e-09 8.17116e-10 3.47439e-05)
(2.91443e-11 1.70854e-09 4.47487e-05)
(2.199e-09 -9.25549e-10 5.00853e-05)
(6.51868e-10 4.99768e-10 5.00854e-05)
(3.42181e-09 2.35559e-09 4.4749e-05)
(-3.03978e-09 2.63821e-09 3.47444e-05)
(-8.45504e-09 -6.99342e-09 2.16671e-05)
(1.31854e-09 8.03833e-10 8.6445e-06)
(-8.05757e-10 1.90842e-09 2.28706e-05)
(-4.5309e-10 -8.06453e-09 5.70443e-05)
(-1.60692e-09 3.09361e-10 8.29972e-05)
(1.88213e-09 1.7083e-09 9.98732e-05)
(-2.63526e-10 -2.26913e-09 0.000107883)
(4.98537e-10 -1.59469e-10 0.000107883)
(-2.69173e-09 3.34171e-09 9.98733e-05)
(-4.47619e-10 1.36211e-09 8.29975e-05)
(-3.40676e-09 -6.687e-09 5.70447e-05)
(-3.23167e-09 -1.71044e-09 2.28709e-05)
(1.1953e-09 1.76394e-09 3.75038e-05)
(-1.12001e-09 1.83196e-10 8.60462e-05)
(-2.36257e-09 -2.96676e-09 0.000114543)
(1.33622e-09 -2.41672e-09 0.000128146)
(4.71795e-11 -1.70858e-09 0.000133194)
(-1.28e-09 -8.12775e-10 0.000133194)
(-2.16227e-09 -3.72723e-10 0.000128146)
(1.81947e-09 -2.99035e-09 0.000114542)
(2.79093e-09 4.19066e-10 8.60464e-05)
(3.63268e-12 1.24122e-09 3.75033e-05)
(9.38434e-11 6.55467e-10 4.90227e-05)
(2.46652e-09 -8.67723e-10 0.000104705)
(1.92748e-09 -1.16055e-09 0.000129497)
(1.99005e-10 -1.72688e-09 0.000137784)
(-3.13481e-10 -1.2265e-10 0.000139986)
(-2.08598e-09 2.81179e-10 0.000139986)
(-1.70026e-09 -9.04825e-10 0.000137785)
(-2.00175e-09 -2.49238e-09 0.000129497)
(-1.69295e-09 -8.60781e-10 0.000104705)
(7.05468e-10 2.59993e-09 4.90222e-05)
(-5.4235e-10 1.9077e-09 5.53207e-05)
(9.34412e-10 -1.42469e-09 0.000113183)
(7.99923e-10 7.32563e-10 0.000134661)
(-2.29245e-10 -1.11567e-09 0.000140172)
(1.17154e-10 -2.07347e-10 0.000141241)
(1.26593e-10 4.60232e-10 0.000141241)
(1.30895e-09 -3.57816e-10 0.000140172)
(-6.21669e-10 -5.25206e-10 0.00013466)
(-1.53686e-09 -1.58396e-09 0.000113183)
(3.52439e-10 1.52008e-09 5.53203e-05)
(-9.79117e-10 7.65652e-10 5.53205e-05)
(8.12789e-10 -2.36763e-09 0.000113183)
(1.75131e-09 1.69063e-09 0.000134661)
(-1.10158e-10 -1.21327e-09 0.000140172)
(6.75241e-10 -1.03824e-09 0.000141241)
(3.11069e-12 -3.08759e-11 0.000141241)
(1.16104e-09 -1.99371e-10 0.000140171)
(-1.60523e-09 1.95108e-09 0.000134661)
(-1.69039e-09 -1.92923e-09 0.000113183)
(8.28372e-10 7.3463e-10 5.53202e-05)
(-3.14861e-10 1.7855e-09 4.90223e-05)
(2.41275e-09 -5.30411e-09 0.000104705)
(5.18199e-09 3.88478e-09 0.000129498)
(1.55898e-09 3.00718e-10 0.000137784)
(1.44159e-09 -1.96909e-10 0.000139985)
(-2.85771e-10 2.43646e-10 0.000139985)
(-2.9898e-10 1.38497e-09 0.000137784)
(-4.44091e-09 4.89758e-09 0.000129497)
(-4.06775e-09 -4.48003e-09 0.000104706)
(-4.18792e-10 9.84094e-10 4.90227e-05)
(1.56447e-09 -1.49452e-09 3.75039e-05)
(-1.47176e-09 -8.66021e-09 8.6046e-05)
(-7.14492e-10 6.14625e-09 0.000114543)
(8.71428e-10 1.93602e-09 0.000128146)
(1.04937e-09 1.08527e-09 0.000133194)
(4.11595e-10 1.0626e-09 0.000133194)
(1.25179e-10 3.07073e-09 0.000128146)
(8.295e-10 8.06548e-09 0.000114543)
(1.90557e-09 -6.49631e-09 8.60464e-05)
(-5.72845e-10 -1.4595e-09 3.75042e-05)
(6.44664e-10 -3.31645e-09 2.28706e-05)
(-4.34135e-09 -1.24458e-09 5.70437e-05)
(-2.07464e-09 7.16823e-09 8.29966e-05)
(2.91066e-09 -5.89953e-10 9.98728e-05)
(4.37456e-10 -9.51521e-11 0.000107883)
(1.26169e-09 6.29567e-10 0.000107883)
(-2.56992e-09 1.2287e-10 9.9873e-05)
(7.86991e-10 6.97853e-09 8.29969e-05)
(2.79709e-09 -4.82399e-12 5.70439e-05)
(-5.12784e-10 -2.47741e-09 2.28714e-05)
(-1.38464e-09 -1.08462e-09 8.6443e-06)
(-4.16394e-10 2.37284e-09 2.16667e-05)
(3.91714e-09 3.78741e-09 3.47436e-05)
(2.9615e-09 -8.18342e-10 4.47487e-05)
(-3.39502e-10 -5.53003e-10 5.00848e-05)
(1.45939e-09 1.35164e-10 5.00851e-05)
(-1.82463e-09 -1.30858e-09 4.4749e-05)
(-2.15042e-09 1.7974e-09 3.4744e-05)
(1.88752e-09 1.25568e-09 2.1667e-05)
(2.82537e-09 -1.98457e-09 8.64455e-06)
(-1.00335e-08 7.82349e-09 8.64464e-06)
(-1.80564e-09 -2.17923e-09 2.16667e-05)
(-4.65337e-09 4.72024e-09 3.47436e-05)
(-8.09613e-09 1.68654e-09 4.47486e-05)
(3.47294e-10 -6.52988e-10 5.00848e-05)
(8.14817e-11 -4.02186e-10 5.00852e-05)
(8.50842e-09 2.49114e-09 4.47489e-05)
(1.47657e-09 4.60823e-09 3.47434e-05)
(-4.15438e-09 -6.82477e-09 2.16668e-05)
(1.12356e-08 8.22949e-09 8.64467e-06)
(-8.79848e-09 1.12306e-08 2.28711e-05)
(-9.94212e-09 2.35569e-09 5.70446e-05)
(-1.41009e-08 8.99176e-09 8.2996e-05)
(-6.15298e-09 -2.49955e-09 9.98729e-05)
(-1.16895e-09 -5.86384e-09 0.000107883)
(2.45188e-09 -5.4746e-09 0.000107883)
(8.02933e-09 5.58667e-10 9.98731e-05)
(1.35694e-08 1.1231e-08 8.29965e-05)
(4.6603e-09 -7.18958e-10 5.70447e-05)
(4.28557e-09 7.2869e-09 2.2871e-05)
(-2.98108e-09 8.46588e-09 3.75037e-05)
(-1.58889e-09 3.83145e-09 8.60468e-05)
(-2.78746e-09 7.07269e-09 0.000114542)
(1.77451e-09 -6.78001e-09 0.000128146)
(-5.28633e-10 -5.6469e-09 0.000133194)
(-1.88288e-09 -5.34172e-09 0.000133193)
(-3.28972e-09 -4.02061e-09 0.000128146)
(2.92946e-09 1.037e-08 0.000114542)
(-5.37958e-10 2.97663e-09 8.60467e-05)
(-1.43611e-09 3.06125e-09 3.75038e-05)
(1.30035e-10 3.93845e-09 4.90227e-05)
(2.09707e-09 1.52333e-09 0.000104705)
(3.29074e-09 4.24557e-09 0.000129498)
(3.59362e-09 -2.51907e-09 0.000137784)
(2.04653e-11 -1.05315e-09 0.000139985)
(-1.04201e-09 -7.30834e-10 0.000139985)
(-4.14307e-09 -1.17151e-09 0.000137785)
(-3.17465e-09 5.95296e-09 0.000129498)
(-1.26343e-09 -1.13277e-09 0.000104705)
(3.54451e-10 6.51611e-10 4.90226e-05)
(1.47393e-09 1.56027e-09 5.53206e-05)
(2.43966e-09 1.13594e-09 0.000113182)
(2.39123e-09 1.71512e-09 0.000134661)
(2.07967e-09 -6.5858e-10 0.000140171)
(-3.38017e-10 -5.18495e-11 0.000141241)
(-5.13157e-10 -1.71999e-10 0.000141241)
(-1.50266e-09 -3.81351e-11 0.000140171)
(-6.72036e-10 1.9636e-09 0.000134661)
(-6.94503e-10 -5.5434e-10 0.000113182)
(-7.62906e-10 5.74295e-10 5.53204e-05)
(1.20334e-09 -4.717e-10 5.53206e-05)
(2.73597e-09 1.4856e-09 0.000113183)
(2.25047e-09 1.94694e-09 0.000134661)
(1.3938e-09 -6.62977e-10 0.000140171)
(4.30914e-10 1.72451e-10 0.000141241)
(-3.9147e-10 2.81391e-10 0.000141241)
(-9.83489e-10 -5.01353e-10 0.000140171)
(-1.15397e-09 1.20523e-09 0.000134661)
(-1.56684e-09 -9.79004e-10 0.000113182)
(-5.09569e-10 -2.11182e-09 5.532e-05)
(-1.37427e-09 -1.63034e-09 4.90228e-05)
(2.62846e-09 1.67833e-09 0.000104706)
(4.71553e-09 5.14954e-10 0.000129498)
(2.63388e-09 -1.75118e-10 0.000137784)
(1.71618e-09 6.71214e-10 0.000139985)
(-2.42478e-10 1.42523e-09 0.000139986)
(-6.7895e-10 9.11448e-10 0.000137785)
(-3.46437e-09 -2.20478e-10 0.000129498)
(-2.78058e-09 -1.6319e-09 0.000104705)
(1.60578e-09 -4.45906e-09 4.90222e-05)
(-1.36263e-09 -3.23912e-09 3.75038e-05)
(2.28087e-09 -3.52833e-09 8.60463e-05)
(2.71363e-09 -6.08095e-10 0.000114542)
(1.28312e-09 1.46665e-09 0.000128145)
(1.15792e-09 3.49142e-09 0.000133193)
(9.66538e-12 4.38223e-09 0.000133194)
(3.33157e-10 4.15757e-09 0.000128146)
(-2.6502e-10 8.01335e-10 0.000114543)
(-2.66099e-10 -7.5329e-09 8.60465e-05)
(3.13247e-09 -9.61746e-09 3.75035e-05)
(-3.2788e-09 -7.71199e-09 2.28709e-05)
(-6.03707e-09 -5.97994e-09 5.70434e-05)
(-8.84868e-09 -1.03019e-09 8.29952e-05)
(-5.98054e-09 -6.19786e-11 9.98723e-05)
(-3.34721e-09 2.51873e-09 0.000107882)
(1.59863e-09 3.35733e-09 0.000107883)
(5.74979e-09 9.73976e-10 9.98731e-05)
(1.2459e-08 -8.33327e-10 8.29966e-05)
(1.21133e-08 -6.321e-09 5.70448e-05)
(7.80376e-09 -1.13049e-08 2.2871e-05)
(-8.88202e-09 -7.14628e-09 8.64432e-06)
(-8.62859e-09 -3.15344e-09 2.16662e-05)
(-4.69071e-09 -6.79584e-10 3.47429e-05)
(-3.74138e-09 -1.6314e-09 4.47482e-05)
(-3.12232e-09 -7.08781e-10 5.00844e-05)
(1.59737e-09 -1.17318e-10 5.00845e-05)
(2.15482e-09 -1.7363e-09 4.47482e-05)
(2.9407e-09 -1.68953e-09 3.47435e-05)
(6.65971e-09 -9.57497e-10 2.16669e-05)
(9.293e-09 -6.97956e-09 8.64433e-06)
(-8.38277e-09 5.84023e-09 8.64446e-06)
(6.58207e-09 -8.15792e-09 2.16664e-05)
(4.17511e-09 4.84398e-10 3.47426e-05)
(-2.0321e-09 1.10778e-09 4.47477e-05)
(1.77132e-09 -7.12586e-10 5.00837e-05)
(-1.06936e-10 -7.45006e-10 5.00837e-05)
(1.42901e-09 1.94947e-09 4.47474e-05)
(-5.37477e-09 1.80809e-09 3.47416e-05)
(-8.20623e-09 -8.26877e-09 2.16659e-05)
(4.65733e-09 2.12922e-09 8.64415e-06)
(3.84937e-10 2.31125e-09 2.28714e-05)
(7.5713e-10 -6.94767e-09 5.70449e-05)
(-3.15926e-09 1.3081e-10 8.2994e-05)
(2.46922e-10 1.18846e-09 9.98716e-05)
(-1.07422e-09 -1.86478e-09 0.000107882)
(-8.3684e-10 -1.49988e-09 0.000107882)
(-3.31213e-09 2.48921e-09 9.98713e-05)
(-1.13314e-09 1.29233e-09 8.29941e-05)
(-4.21351e-09 -8.09566e-09 5.70446e-05)
(-3.42914e-09 -2.27923e-09 2.2871e-05)
(1.62479e-09 1.47683e-09 3.75038e-05)
(-5.66202e-10 9.22851e-10 8.60483e-05)
(-1.94123e-09 -3.03278e-09 0.000114543)
(2.14425e-09 -2.65065e-09 0.000128145)
(9.48232e-10 -1.56776e-09 0.000133193)
(1.17904e-10 -6.93864e-10 0.000133193)
(-9.39119e-10 -7.7917e-10 0.000128145)
(2.36473e-09 -1.88068e-09 0.000114543)
(1.94893e-09 -1.45458e-09 8.60482e-05)
(-9.42399e-10 -3.47581e-10 3.75044e-05)
(2.78809e-10 4.24779e-10 4.90229e-05)
(2.72764e-09 -7.81746e-10 0.000104705)
(3.28986e-09 -1.90143e-09 0.000129499)
(2.29328e-09 -1.76662e-09 0.000137783)
(6.34996e-10 4.84742e-10 0.000139985)
(-9.89931e-10 9.22665e-10 0.000139985)
(-1.56529e-09 -6.71121e-10 0.000137785)
(-1.72926e-09 -1.54821e-09 0.0001295)
(-1.4183e-09 -2.4265e-09 0.000104706)
(2.35267e-10 1.32714e-09 4.90233e-05)
(-5.82047e-10 1.21053e-09 5.53208e-05)
(1.60113e-09 -1.77671e-09 0.000113182)
(1.48575e-09 -7.13986e-11 0.000134662)
(-4.59656e-10 -5.71668e-10 0.000140171)
(4.04723e-11 1.22333e-09 0.00014124)
(-5.06239e-10 1.13323e-09 0.00014124)
(-6.65839e-10 -6.49419e-10 0.000140171)
(-1.12222e-09 -6.84989e-10 0.000134662)
(-1.45159e-09 -2.47502e-09 0.000113183)
(-4.45105e-11 9.61732e-10 5.5321e-05)
(-1.1126e-09 -3.27362e-11 5.53209e-05)
(1.74108e-09 -2.66432e-09 0.000113182)
(2.05943e-09 1.0123e-09 0.000134662)
(-6.37707e-10 -7.98729e-10 0.000140171)
(3.90006e-10 7.37326e-10 0.000141241)
(-4.84747e-10 9.32255e-10 0.000141241)
(5.81616e-11 -4.65043e-10 0.000140171)
(-2.42952e-09 1.25539e-09 0.000134662)
(-1.31515e-09 -2.76415e-09 0.000113182)
(1.20973e-09 4.56216e-10 5.53209e-05)
(-4.80852e-13 1.28333e-09 4.9023e-05)
(2.73122e-09 -4.90286e-09 0.000104705)
(3.8347e-09 3.51388e-09 0.000129498)
(5.68792e-10 6.99792e-10 0.000137784)
(1.13175e-09 3.38063e-10 0.000139985)
(-5.76915e-11 1.59754e-09 0.000139985)
(2.53962e-10 1.86202e-09 0.000137784)
(-3.80927e-09 3.20066e-09 0.000129499)
(-2.0853e-09 -5.35718e-09 0.000104705)
(7.39691e-10 1.09389e-09 4.90228e-05)
(8.21997e-10 -1.4829e-09 3.75041e-05)
(-9.67594e-10 -7.15781e-09 8.60476e-05)
(-6.74478e-10 6.43474e-09 0.000114543)
(-9.40624e-10 1.60414e-09 0.000128145)
(5.48625e-10 6.41676e-10 0.000133193)
(1.31143e-09 1.80506e-09 0.000133194)
(8.80795e-10 4.06644e-09 0.000128146)
(1.39372e-09 6.69927e-09 0.000114543)
(1.23792e-09 -7.847e-09 8.60474e-05)
(-2.41416e-09 -3.28936e-10 3.75035e-05)
(1.18297e-09 -2.28352e-09 2.28714e-05)
(-2.32152e-09 1.46122e-09 5.70451e-05)
(-1.54549e-09 7.15086e-09 8.29958e-05)
(1.09897e-09 -1.26477e-09 9.98721e-05)
(-1.70157e-09 -4.70087e-10 0.000107882)
(-2.88631e-10 4.72031e-10 0.000107883)
(-3.31501e-09 1.11498e-09 9.98728e-05)
(-5.77571e-10 7.45063e-09 8.29958e-05)
(1.40495e-09 -9.75999e-10 5.7045e-05)
(-9.44137e-10 -2.81323e-09 2.28707e-05)
(-1.70249e-09 -1.29375e-09 8.64446e-06)
(6.87692e-10 3.49161e-09 2.16664e-05)
(4.63863e-09 3.27963e-09 3.47429e-05)
(2.7025e-09 -1.3703e-09 4.47479e-05)
(-7.4214e-10 -6.1572e-10 5.00845e-05)
(3.44854e-10 -2.38748e-10 5.00845e-05)
(-2.22012e-09 -7.62034e-10 4.47479e-05)
(-1.32984e-09 2.259e-09 3.47428e-05)
(2.62874e-09 5.93975e-10 2.16665e-05)
(4.55e-09 -3.6764e-09 8.64429e-06)
(-1.47261e-08 1.10532e-08 8.64447e-06)
(-3.60585e-09 -2.48328e-09 2.16665e-05)
(-3.05514e-09 2.89831e-09 3.47431e-05)
(-7.08448e-09 1.6586e-09 4.47482e-05)
(-1.70139e-09 -3.6587e-11 5.00848e-05)
(-2.16966e-09 4.85625e-11 5.00843e-05)
(1.64068e-09 1.67024e-09 4.4748e-05)
(-3.0843e-09 1.54317e-09 3.47434e-05)
(-6.23491e-09 -7.65552e-09 2.16665e-05)
(5.11332e-09 3.426e-09 8.64424e-06)
(-8.50442e-09 1.36684e-08 2.28712e-05)
(-9.72328e-09 2.45003e-09 5.70447e-05)
(-1.02303e-08 2.36273e-09 8.29964e-05)
(-3.79678e-09 -5.54132e-10 9.98731e-05)
(-2.14267e-09 -3.54189e-09 0.000107883)
(1.67236e-09 -3.59882e-09 0.000107883)
(3.15108e-09 8.13149e-10 9.98726e-05)
(7.15609e-09 2.99877e-09 8.29964e-05)
(1.39579e-09 -3.87223e-09 5.7044e-05)
(1.34857e-11 2.44602e-09 2.28703e-05)
(-1.1723e-09 9.11075e-09 3.75036e-05)
(-2.17112e-11 5.49044e-09 8.60472e-05)
(5.91383e-10 -2.51345e-09 0.000114543)
(4.00546e-09 -3.78453e-09 0.000128146)
(1.47769e-09 -4.1602e-09 0.000133194)
(-3.52267e-10 -4.08352e-09 0.000133194)
(-1.9651e-09 -2.47451e-09 0.000128146)
(2.79764e-10 -8.55859e-10 0.000114542)
(2.39196e-09 3.90204e-09 8.60463e-05)
(1.41176e-09 3.68155e-09 3.75028e-05)
(-1.10434e-09 5.12825e-09 4.90225e-05)
(2.3525e-09 1.83778e-09 0.000104706)
(3.81113e-09 -1.84123e-09 0.000129498)
(2.54589e-09 -1.62005e-09 0.000137785)
(7.69083e-10 -9.0929e-10 0.000139985)
(-6.075e-10 -4.31942e-10 0.000139985)
(-1.80501e-09 -1.21248e-09 0.000137785)
(-3.34475e-09 -2.1825e-09 0.000129497)
(-9.10294e-10 9.10148e-11 0.000104705)
(1.92347e-09 3.6621e-09 4.90225e-05)
(6.05206e-10 2.03554e-09 5.53205e-05)
(2.95355e-09 -7.54452e-10 0.000113183)
(2.07113e-09 -4.46181e-10 0.000134661)
(5.83531e-11 -7.59446e-10 0.000140171)
(7.23741e-10 -3.10196e-11 0.00014124)
(5.71686e-10 -2.15477e-13 0.000141241)
(-2.28587e-10 -1.16076e-09 0.000140172)
(-1.32646e-09 -7.07039e-10 0.000134661)
(-2.12875e-09 -1.15344e-09 0.000113183)
(-3.5036e-10 2.07027e-09 5.53207e-05)
(-4.15431e-11 4.3079e-10 5.53209e-05)
(2.25415e-09 -2.48798e-09 0.000113183)
(1.97843e-09 8.49651e-10 0.000134661)
(-2.45095e-10 -4.06833e-10 0.000140171)
(6.67918e-10 2.51052e-10 0.000141241)
(-1.69332e-10 8.3663e-11 0.000141241)
(3.29865e-10 -5.83138e-10 0.000140172)
(-2.17318e-09 7.7048e-10 0.000134661)
(-2.33702e-09 -2.90552e-09 0.000113183)
(3.63088e-10 2.02415e-10 5.53201e-05)
(-1.80543e-09 -4.18601e-10 4.90229e-05)
(1.04729e-09 -5.90847e-09 0.000104705)
(3.88887e-09 1.94972e-09 0.000129498)
(1.04914e-09 -2.23862e-10 0.000137784)
(1.46675e-09 5.14998e-10 0.000139985)
(-7.27994e-10 9.64331e-10 0.000139985)
(-1.62221e-09 4.09365e-10 0.000137784)
(-6.25749e-09 1.84461e-09 0.000129498)
(-3.17865e-09 -5.65e-09 0.000104706)
(8.82135e-10 8.66609e-10 4.90226e-05)
(2.02594e-10 -1.60104e-11 3.75038e-05)
(-1.48541e-09 -1.07252e-08 8.6046e-05)
(2.11874e-09 2.44773e-09 0.000114542)
(9.58317e-10 1.17348e-09 0.000128145)
(2.76781e-10 2.79408e-09 0.000133193)
(-2.12124e-10 3.60412e-09 0.000133193)
(-1.47294e-09 3.52393e-09 0.000128145)
(-1.87566e-09 4.63193e-09 0.000114543)
(-8.81639e-10 -1.13807e-08 8.60471e-05)
(-1.65674e-09 -2.44547e-09 3.75037e-05)
(9.52475e-11 -3.63138e-09 2.28708e-05)
(-6.79991e-09 -8.86686e-09 5.70434e-05)
(-7.58118e-09 2.26955e-10 8.29962e-05)
(-3.45551e-09 4.066e-10 9.98723e-05)
(-2.68166e-09 2.75782e-09 0.000107883)
(1.76706e-09 2.11492e-09 0.000107883)
(3.60725e-09 9.32361e-10 9.98725e-05)
(1.13728e-08 3.08847e-09 8.2997e-05)
(1.0913e-08 -8.11e-09 5.70444e-05)
(2.38905e-09 -7.54249e-09 2.28711e-05)
(-6.56326e-09 -5.15e-09 8.64448e-06)
(-8.42823e-09 -4.26037e-09 2.16666e-05)
(-5.11065e-09 -1.51977e-09 3.47433e-05)
(-2.17415e-09 -8.96146e-10 4.4748e-05)
(-2.05428e-09 1.12176e-10 5.00843e-05)
(6.74705e-10 -7.35529e-10 5.00843e-05)
(3.50648e-10 -1.66872e-09 4.47483e-05)
(2.73435e-09 4.89615e-10 3.47433e-05)
(7.30673e-09 -1.34589e-09 2.16661e-05)
(9.75367e-09 -7.61404e-09 8.64432e-06)
(-3.43437e-09 2.00312e-09 8.64463e-06)
(6.0865e-09 -7.82078e-09 2.16665e-05)
(1.4522e-09 2.90462e-09 3.4743e-05)
(-2.76009e-09 9.41364e-10 4.47479e-05)
(2.43414e-09 -3.68616e-10 5.00846e-05)
(-8.24604e-10 -4.53695e-11 5.00844e-05)
(5.62913e-09 2.01951e-09 4.47481e-05)
(-1.42814e-09 3.30385e-09 3.47438e-05)
(-5.3008e-09 -6.53654e-09 2.16667e-05)
(9.42705e-09 6.6634e-09 8.64454e-06)
(-1.59226e-09 3.72669e-09 2.28711e-05)
(8.37416e-10 -7.62543e-09 5.70443e-05)
(-6.2942e-09 5.32414e-09 8.29965e-05)
(-1.92022e-09 -1.85938e-10 9.98724e-05)
(-8.04226e-11 -3.13818e-09 0.000107883)
(-1.06447e-09 -2.61451e-09 0.000107883)
(4.78764e-10 1.62545e-10 9.98724e-05)
(3.80659e-09 5.7451e-09 8.29968e-05)
(-2.1321e-09 -6.11774e-09 5.70442e-05)
(2.08263e-09 4.43117e-09 2.28705e-05)
(1.91204e-09 1.25442e-09 3.75041e-05)
(2.11402e-10 -1.1639e-09 8.60471e-05)
(-3.92047e-09 4.00427e-09 0.000114543)
(2.27994e-09 -4.87604e-09 0.000128146)
(1.31238e-09 -3.35916e-09 0.000133194)
(4.31417e-10 -3.16767e-09 0.000133194)
(-1.42682e-10 -3.43789e-09 0.000128146)
(4.00354e-09 5.74084e-09 0.000114543)
(-3.5778e-10 -1.19454e-09 8.60467e-05)
(-1.45477e-09 1.61866e-09 3.75032e-05)
(1.32037e-09 -5.43017e-10 4.90232e-05)
(1.13963e-09 -1.14305e-09 0.000104706)
(1.67043e-09 1.88769e-09 0.000129498)
(2.51014e-09 -3.03325e-09 0.000137785)
(-9.78673e-10 -6.81605e-10 0.000139985)
(-9.64424e-10 -3.54569e-10 0.000139985)
(-3.79127e-09 -1.99727e-09 0.000137784)
(-2.67267e-09 4.0012e-09 0.000129497)
(-1.97029e-09 -1.37492e-09 0.000104705)
(-1.4689e-09 -4.72682e-10 4.90225e-05)
(3.90869e-10 1.71675e-09 5.53209e-05)
(-8.87268e-11 -3.0391e-11 0.000113183)
(8.08001e-10 4.89914e-10 0.000134661)
(1.12079e-09 -6.41585e-10 0.000140172)
(-8.58597e-10 1.42336e-10 0.000141241)
(1.32664e-10 4.8456e-10 0.00014124)
(-1.46616e-09 -1.03446e-09 0.000140172)
(-1.27781e-09 1.73395e-09 0.00013466)
(-1.14856e-09 -1.44629e-09 0.000113183)
(-1.37272e-09 -2.11613e-10 5.53207e-05)
(3.81137e-10 -3.78e-10 5.53207e-05)
(9.43686e-10 2.1162e-09 0.000113184)
(7.31905e-10 1.30651e-09 0.000134661)
(-7.21023e-11 -6.3279e-10 0.000140171)
(-4.71635e-10 4.49164e-10 0.000141241)
(1.82544e-11 3.31262e-10 0.00014124)
(-8.84808e-10 -5.40171e-11 0.000140172)
(-1.97692e-09 2.78809e-09 0.00013466)
(-2.36568e-09 -1.3405e-09 0.000113183)
(-1.02772e-09 -2.52467e-09 5.53202e-05)
(-6.22278e-10 -2.96172e-10 4.90232e-05)
(2.55768e-09 2.72977e-09 0.000104706)
(2.53295e-09 1.61129e-09 0.000129498)
(3.19836e-10 6.63044e-10 0.000137784)
(3.76662e-10 1.00046e-09 0.000139985)
(-8.0261e-14 6.91694e-10 0.000139985)
(-9.73987e-10 1.495e-09 0.000137784)
(-3.71871e-09 3.16314e-09 0.000129497)
(-3.41146e-09 -1.21876e-10 0.000104705)
(1.97959e-10 -4.40843e-09 4.90226e-05)
(-1.26937e-09 -2.50538e-09 3.75041e-05)
(-7.85353e-10 -1.3074e-09 8.60469e-05)
(-1.73922e-09 3.04185e-09 0.000114543)
(-1.09527e-09 1.8064e-09 0.000128146)
(4.98682e-10 7.96722e-10 0.000133193)
(2.4304e-10 1.06341e-09 0.000133193)
(1.44893e-09 2.12391e-09 0.000128146)
(1.84034e-09 5.39851e-09 0.000114543)
(1.03698e-09 -6.10414e-10 8.60471e-05)
(2.36697e-09 -6.80316e-09 3.75039e-05)
(-1.7324e-09 -2.76563e-09 2.2871e-05)
(-7.598e-10 3.42435e-09 5.70438e-05)
(6.03994e-10 5.103e-09 8.29965e-05)
(1.71068e-09 -7.2813e-10 9.98725e-05)
(2.19052e-10 -4.31322e-10 0.000107882)
(4.14992e-10 2.94552e-11 0.000107883)
(-6.56334e-10 -9.06741e-10 9.98726e-05)
(3.53441e-10 5.41007e-09 8.29975e-05)
(3.23768e-09 2.93023e-09 5.70447e-05)
(4.68041e-09 -5.74569e-09 2.28713e-05)
(-1.473e-09 -3.70399e-10 8.64455e-06)
(3.34253e-09 4.62733e-09 2.16667e-05)
(6.75501e-09 3.12709e-09 3.47436e-05)
(2.92044e-09 -1.31495e-09 4.4748e-05)
(-4.68078e-10 -5.00061e-10 5.00841e-05)
(1.01826e-09 -2.76219e-10 5.00844e-05)
(2.00337e-11 -1.50796e-09 4.47485e-05)
(-3.65762e-09 1.44575e-09 3.47437e-05)
(-1.51556e-09 3.38815e-09 2.16668e-05)
(3.83896e-09 -2.77562e-09 8.64454e-06)
(-1.14566e-08 8.25506e-09 8.64439e-06)
(-8.30393e-11 -4.41059e-09 2.16665e-05)
(-2.65345e-09 3.43595e-09 3.47433e-05)
(-7.81591e-09 1.23853e-09 4.47486e-05)
(1.24974e-09 -1.71146e-10 5.00846e-05)
(-4.13883e-10 2.51297e-11 5.00841e-05)
(6.50508e-09 1.76707e-09 4.4748e-05)
(-1.04622e-09 2.72758e-09 3.47423e-05)
(-4.86547e-09 -7.66596e-09 2.16663e-05)
(1.09389e-08 7.31822e-09 8.64412e-06)
(-7.3123e-09 1.0922e-08 2.28709e-05)
(-3.95528e-09 -2.17398e-09 5.70441e-05)
(-1.03072e-08 5.90167e-09 8.2995e-05)
(-4.94402e-09 -2.99518e-09 9.98732e-05)
(-1.21884e-10 -4.7956e-09 0.000107883)
(1.45844e-09 -3.73801e-09 0.000107883)
(6.35889e-09 -8.22238e-10 9.98723e-05)
(1.14857e-08 8.35126e-09 8.29945e-05)
(4.57508e-09 -1.64392e-09 5.70443e-05)
(5.58711e-09 7.80248e-09 2.28709e-05)
(-1.09699e-09 7.63623e-09 3.75037e-05)
(-8.84411e-10 2.29754e-09 8.60481e-05)
(-4.03307e-09 6.44765e-09 0.000114542)
(2.12061e-10 -6.52519e-09 0.000128144)
(-9.30135e-10 -5.40296e-09 0.000133194)
(-1.47825e-09 -4.44086e-09 0.000133193)
(-2.85819e-09 -5.48465e-09 0.000128145)
(2.70283e-09 8.11449e-09 0.000114543)
(-1.00094e-09 3.0989e-09 8.60484e-05)
(-1.36919e-09 3.21333e-09 3.75045e-05)
(9.83388e-10 3.6265e-09 4.90226e-05)
(2.8317e-09 -7.52953e-12 0.000104705)
(3.43676e-09 4.66626e-09 0.000129499)
(4.20148e-09 -2.97878e-09 0.000137784)
(-3.54841e-11 -1.30017e-09 0.000139985)
(-9.42312e-10 -1.12978e-09 0.000139985)
(-4.66388e-09 -2.23881e-09 0.000137784)
(-2.85558e-09 4.45054e-09 0.000129499)
(-1.63526e-09 -1.87085e-09 0.000104706)
(-1.0507e-09 -4.70837e-10 4.90233e-05)
(1.62563e-09 1.5722e-09 5.53208e-05)
(2.35646e-09 -2.9746e-10 0.000113182)
(2.04231e-09 1.62448e-09 0.000134661)
(1.87012e-09 -1.89589e-09 0.000140171)
(-6.62727e-10 -5.73912e-10 0.000141241)
(2.73321e-10 -4.87251e-10 0.00014124)
(-1.43077e-09 -1.17231e-09 0.000140171)
(-5.96026e-10 1.49685e-09 0.000134662)
(-1.08054e-09 -1.39181e-09 0.000113182)
(-1.78728e-09 9.24781e-11 5.53211e-05)
(1.20731e-09 -2.99596e-10 5.53204e-05)
(1.88852e-09 -3.75914e-11 0.000113182)
(1.27757e-09 1.56092e-09 0.000134661)
(1.82484e-09 -9.22047e-10 0.000140171)
(6.07148e-10 2.80494e-10 0.000141241)
(-1.1249e-10 2.84414e-10 0.000141241)
(-1.59749e-09 -1.31396e-09 0.000140171)
(-1.97545e-09 1.12937e-09 0.000134661)
(-2.25382e-09 -1.12227e-09 0.000113182)
(-1.22617e-09 -3.00346e-09 5.53214e-05)
(-1.22258e-09 -1.67441e-09 4.90227e-05)
(1.72865e-09 4.86872e-10 0.000104705)
(4.01845e-09 4.29026e-10 0.000129498)
(3.21976e-09 -7.70996e-12 0.000137784)
(2.02647e-09 7.57428e-10 0.000139985)
(4.29882e-11 1.39949e-09 0.000139986)
(-1.52421e-09 -1.60854e-10 0.000137784)
(-4.34023e-09 3.36587e-10 0.000129498)
(-2.73334e-09 -9.98867e-10 0.000104704)
(1.50592e-09 -5.13199e-09 4.90229e-05)
(4.98552e-10 -1.00281e-10 3.75038e-05)
(2.47209e-09 -3.53814e-09 8.60472e-05)
(2.77063e-09 -5.35428e-10 0.000114542)
(1.40983e-09 1.53786e-09 0.000128145)
(9.63996e-10 2.81844e-09 0.000133194)
(-5.99417e-11 3.76697e-09 0.000133194)
(-4.53048e-10 3.62084e-09 0.000128146)
(-1.15859e-09 1.72285e-09 0.000114542)
(6.8466e-10 -6.97757e-09 8.60465e-05)
(3.36315e-09 -8.8057e-09 3.75032e-05)
(-1.13591e-09 -3.96203e-09 2.28707e-05)
(-2.64552e-09 -3.77234e-09 5.70433e-05)
(-4.43762e-09 -4.55885e-11 8.29948e-05)
(-2.93283e-09 6.82693e-10 9.98731e-05)
(-1.25479e-09 2.54643e-09 0.000107884)
(1.81216e-09 2.05505e-09 0.000107885)
(4.73395e-09 1.08154e-09 9.98745e-05)
(9.68629e-09 1.25036e-09 8.2997e-05)
(1.1619e-08 -6.1647e-09 5.70443e-05)
(8.45054e-09 -1.1126e-08 2.28702e-05)
(-6.45051e-09 -4.93335e-09 8.64411e-06)
(-4.84017e-09 -8.80867e-10 2.16666e-05)
(-3.09342e-09 -4.65382e-10 3.47439e-05)
(-2.61908e-09 -1.33691e-09 4.47496e-05)
(-1.44281e-09 -1.73535e-10 5.00858e-05)
(8.16497e-10 -8.59985e-10 5.00859e-05)
(6.44366e-10 -1.76351e-09 4.47498e-05)
(1.56193e-09 1.59085e-11 3.47441e-05)
(4.98074e-09 -4.49553e-10 2.16675e-05)
(7.57373e-09 -6.55836e-09 8.64452e-06)
(-1.24753e-08 8.40198e-09 8.64401e-06)
(3.10614e-09 -7.51437e-09 2.1666e-05)
(1.14428e-09 1.17147e-09 3.47423e-05)
(-5.28295e-09 2.07631e-09 4.47479e-05)
(1.0099e-09 -9.58175e-10 5.00841e-05)
(1.83719e-10 7.91184e-11 5.00837e-05)
(3.09521e-09 1.76177e-09 4.47476e-05)
(-3.16454e-09 1.76056e-09 3.47419e-05)
(-6.21166e-09 -7.67416e-09 2.16663e-05)
(2.6408e-09 1.00017e-09 8.64431e-06)
(-4.42725e-09 8.68012e-09 2.28708e-05)
(-2.63232e-09 -4.90971e-09 5.70451e-05)
(-5.33182e-09 -8.02265e-10 8.29948e-05)
(-1.40173e-10 -1.21299e-09 9.98726e-05)
(1.81573e-09 -4.09898e-09 0.000107882)
(3.07667e-09 -2.6922e-09 0.000107882)
(2.76768e-09 1.65698e-09 9.98717e-05)
(7.84113e-09 4.02637e-09 8.2994e-05)
(2.48365e-09 -2.36015e-09 5.7045e-05)
(-1.15656e-09 1.31535e-09 2.28716e-05)
(-8.74652e-10 6.20495e-09 3.75039e-05)
(-1.02743e-09 1.90847e-09 8.60486e-05)
(-1.16574e-09 -3.47021e-09 0.000114543)
(1.9529e-09 -4.44658e-09 0.000128145)
(-4.30008e-10 -3.27913e-09 0.000133194)
(-2.18709e-09 -2.77008e-09 0.000133193)
(-3.25718e-09 -1.56535e-09 0.000128145)
(1.82885e-10 -2.27185e-11 0.000114543)
(5.7556e-10 3.44126e-09 8.60482e-05)
(-6.55372e-10 2.12688e-09 3.75045e-05)
(-3.83264e-10 3.47008e-09 4.9023e-05)
(2.97113e-09 -4.53067e-10 0.000104706)
(3.45311e-09 -1.57111e-09 0.0001295)
(2.12554e-09 -1.58643e-09 0.000137784)
(1.5487e-10 -7.52207e-10 0.000139986)
(-1.50032e-09 1.48197e-10 0.000139985)
(-3.15823e-09 -4.21734e-10 0.000137784)
(-4.22492e-09 -1.20457e-09 0.000129499)
(-1.90067e-09 -2.0779e-09 0.000104706)
(1.21955e-09 2.28212e-09 4.90233e-05)
(7.68475e-10 1.71476e-09 5.53211e-05)
(2.93562e-09 -1.45065e-09 0.000113182)
(1.99943e-09 -3.69062e-10 0.000134663)
(3.8543e-10 -1.28572e-09 0.000140171)
(-3.0658e-10 -4.12794e-10 0.000141241)
(-7.36458e-10 1.57811e-10 0.000141241)
(-9.36353e-10 -3.94714e-10 0.000140171)
(-1.40143e-09 2.31504e-10 0.000134662)
(-2.07877e-09 -1.64469e-09 0.000113182)
(-4.91609e-10 1.25865e-09 5.53212e-05)
(2.71335e-10 3.09923e-10 5.53212e-05)
(2.72497e-09 -1.95286e-09 0.000113182)
(2.3601e-09 1.46018e-09 0.000134662)
(5.56701e-12 -7.71301e-10 0.000140172)
(3.5377e-10 4.39762e-10 0.000141241)
(-4.7834e-10 5.74459e-10 0.000141241)
(-3.76729e-10 -1.53461e-10 0.000140171)
(-2.11585e-09 1.04002e-09 0.000134662)
(-1.90719e-09 -3.45793e-09 0.000113182)
(5.84215e-10 -1.04231e-09 5.53219e-05)
(-1.75602e-09 -1.10144e-09 4.90229e-05)
(1.86019e-09 -4.42005e-09 0.000104705)
(4.78267e-09 2.46577e-09 0.000129499)
(1.34475e-09 -1.25766e-10 0.000137784)
(1.78578e-09 9.51812e-10 0.000139985)
(-3.35534e-10 1.33866e-09 0.000139985)
(-1.54763e-09 9.05002e-10 0.000137784)
(-6.05137e-09 1.81063e-09 0.000129499)
(-2.5823e-09 -6.06485e-09 0.000104705)
(1.48557e-09 5.43319e-10 4.90236e-05)
(-6.76305e-10 -2.25183e-09 3.7503e-05)
(-1.78086e-09 -1.02493e-08 8.60469e-05)
(1.6398e-09 2.92306e-09 0.000114542)
(1.41142e-09 2.46573e-09 0.000128145)
(6.54049e-10 2.78254e-09 0.000133194)
(2.17784e-10 4.34149e-09 0.000133193)
(-2.06865e-10 4.68362e-09 0.000128145)
(-1.5761e-09 4.20864e-09 0.000114542)
(2.5555e-10 -1.19919e-08 8.60471e-05)
(-6.39555e-10 -2.58553e-09 3.75037e-05)
(-1.32889e-09 -5.77285e-09 2.28705e-05)
(-6.70282e-09 -7.50993e-09 5.70443e-05)
(-5.66621e-09 2.09972e-09 8.2995e-05)
(-1.69359e-09 5.52904e-10 9.98721e-05)
(-1.47213e-09 1.94597e-09 0.000107883)
(2.20479e-09 2.63266e-09 0.000107883)
(3.21508e-09 1.48603e-09 9.98727e-05)
(9.09126e-09 4.16515e-09 8.29955e-05)
(8.23915e-09 -5.3683e-09 5.70444e-05)
(2.47941e-09 -6.8544e-09 2.28706e-05)
(-7.53526e-09 -6.25727e-09 8.6441e-06)
(-6.8206e-09 -2.26286e-09 2.16661e-05)
(-4.29382e-09 -3.29002e-10 3.47427e-05)
(-3.35036e-09 -1.93481e-09 4.4748e-05)
(-3.65891e-09 -2.67973e-10 5.00844e-05)
(2.72607e-10 -8.00407e-10 5.00842e-05)
(-1.26084e-09 -1.90892e-09 4.47481e-05)
(-4.023e-11 1.67285e-09 3.47426e-05)
(4.70987e-09 1.09188e-09 2.16663e-05)
(5.51706e-09 -4.18408e-09 8.64421e-06)
(-1.11702e-08 8.94787e-09 8.64416e-06)
(-1.01211e-09 -3.84078e-09 2.16664e-05)
(-1.53024e-09 1.88261e-09 3.47426e-05)
(-4.79261e-09 1.88395e-09 4.47479e-05)
(2.5261e-10 -4.65309e-11 5.00842e-05)
(3.30615e-11 3.5901e-10 5.00841e-05)
(2.6276e-09 2.86256e-09 4.47478e-05)
(-3.97051e-09 8.88077e-10 3.47428e-05)
(-6.42607e-09 -7.44887e-09 2.16664e-05)
(6.14561e-09 4.65015e-09 8.64458e-06)
(-7.916e-09 1.19074e-08 2.28712e-05)
(-8.59325e-09 -9.76101e-11 5.70455e-05)
(-8.4885e-09 -2.20361e-10 8.29955e-05)
(-2.23196e-09 -8.63637e-10 9.98718e-05)
(-1.22419e-09 -3.18107e-09 0.000107882)
(2.30592e-09 -1.74072e-09 0.000107882)
(1.94114e-09 2.83954e-09 9.98718e-05)
(6.02127e-09 2.16528e-09 8.29956e-05)
(1.94073e-09 -3.25999e-09 5.70452e-05)
(-1.63503e-09 1.38979e-09 2.28718e-05)
(-2.52541e-09 8.98455e-09 3.75043e-05)
(-1.77798e-09 4.16187e-09 8.60475e-05)
(-5.26409e-10 -3.93879e-09 0.000114543)
(1.26521e-09 -4.91626e-09 0.000128146)
(-1.5265e-09 -2.98228e-09 0.000133193)
(-2.10043e-09 -1.46106e-09 0.000133193)
(-3.12235e-09 -1.33626e-09 0.000128145)
(4.48081e-10 -1.50824e-09 0.000114543)
(2.14166e-09 2.78516e-09 8.6047e-05)
(1.81206e-10 1.27439e-09 3.7504e-05)
(-1.41503e-09 5.79746e-09 4.9024e-05)
(3.24823e-09 1.40344e-09 0.000104706)
(3.30249e-09 -1.52299e-09 0.000129499)
(1.42747e-09 -2.27279e-09 0.000137784)
(4.34316e-10 -4.87481e-10 0.000139985)
(-2.12236e-09 6.98049e-10 0.000139985)
(-2.40842e-09 -4.77302e-10 0.000137784)
(-3.43093e-09 -2.80723e-09 0.000129498)
(-8.74107e-10 -1.76988e-09 0.000104706)
(2.25525e-09 2.82723e-09 4.90235e-05)
(7.55225e-10 2.72184e-09 5.53213e-05)
(4.6791e-09 -3.1113e-11 0.000113183)
(2.97089e-09 -3.26462e-10 0.000134662)
(1.9985e-10 -6.79141e-10 0.000140171)
(9.5168e-10 -3.97753e-10 0.000141241)
(-1.38551e-10 6.7581e-10 0.00014124)
(1.00238e-10 -3.67328e-10 0.000140171)
(-5.17041e-10 -7.52247e-10 0.000134661)
(-1.78906e-09 -1.45267e-09 0.000113183)
(-9.61256e-11 2.05498e-09 5.53211e-05)
(3.25761e-10 7.60403e-10 5.53212e-05)
(3.02865e-09 -1.18523e-09 0.000113183)
(2.84362e-09 1.20197e-09 0.000134662)
(3.48069e-10 -5.5547e-10 0.000140171)
(4.40061e-10 3.61905e-10 0.000141241)
(-6.26244e-10 1.2413e-09 0.00014124)
(2.4771e-10 6.12684e-11 0.000140171)
(-1.7641e-09 8.26879e-10 0.000134662)
(-1.48768e-09 -2.00026e-09 0.000113183)
(1.00286e-09 4.29643e-10 5.53214e-05)
(-1.93032e-09 -1.21974e-09 4.90231e-05)
(1.99139e-09 -3.77566e-09 0.000104705)
(4.96633e-09 3.22171e-09 0.000129498)
(1.18699e-09 -4.56393e-10 0.000137784)
(1.45778e-09 5.72336e-10 0.000139985)
(-1.39728e-09 1.30029e-09 0.000139985)
(-1.78187e-09 1.46118e-09 0.000137784)
(-5.40792e-09 2.42544e-09 0.000129498)
(-2.74263e-09 -4.02954e-09 0.000104705)
(1.12342e-09 1.98816e-09 4.90233e-05)
(1.20519e-10 -8.98575e-10 3.75033e-05)
(-3.88872e-10 -8.71997e-09 8.6047e-05)
(2.21116e-09 4.17552e-09 0.000114543)
(1.12344e-09 2.35426e-09 0.000128146)
(-1.71372e-11 2.71336e-09 0.000133193)
(-7.61997e-10 3.88599e-09 0.000133193)
(-1.71013e-09 4.72216e-09 0.000128146)
(-2.90192e-09 5.00716e-09 0.000114543)
(-1.63878e-09 -1.01334e-08 8.60465e-05)
(-1.7574e-09 -1.46242e-09 3.75034e-05)
(3.64537e-10 -3.10559e-09 2.28709e-05)
(-5.54722e-09 -5.88815e-09 5.70461e-05)
(-5.90196e-09 2.65025e-09 8.29971e-05)
(-2.76528e-09 1.1099e-09 9.98721e-05)
(-3.77866e-09 1.5427e-09 0.000107881)
(6.47838e-10 2.35406e-09 0.000107881)
(1.6883e-09 1.61153e-09 9.98715e-05)
(8.12211e-09 2.696e-09 8.29955e-05)
(7.60148e-09 -5.14546e-09 5.70444e-05)
(2.56402e-09 -6.70989e-09 2.28711e-05)
(-4.28567e-09 -3.52878e-09 8.6446e-06)
(-5.75721e-09 -1.60735e-09 2.16665e-05)
(-3.75227e-09 -1.05929e-10 3.47426e-05)
(-1.5434e-09 -1.07391e-09 4.47471e-05)
(-2.43286e-09 -9.2515e-10 5.00833e-05)
(2.06835e-10 -8.2748e-10 5.00833e-05)
(-1.31478e-09 -1.36193e-09 4.47473e-05)
(4.89819e-10 -3.14784e-11 3.47421e-05)
(1.44357e-09 2.11057e-09 2.16656e-05)
(3.37437e-09 -3.2534e-09 8.64409e-06)
(-4.70105e-09 2.92326e-09 8.64447e-06)
(7.62064e-09 -7.66512e-09 2.16669e-05)
(5.75453e-09 1.41915e-09 3.47439e-05)
(-8.55564e-10 2.23206e-09 4.47489e-05)
(1.62253e-09 -5.38562e-10 5.00851e-05)
(-1.79768e-10 -2.96832e-10 5.00853e-05)
(2.33796e-09 2.11435e-09 4.47486e-05)
(-4.2585e-09 9.26311e-10 3.47439e-05)
(-7.36846e-09 -6.78377e-09 2.16667e-05)
(3.39874e-09 2.20964e-09 8.64447e-06)
(1.28861e-09 1.4408e-09 2.28711e-05)
(8.89524e-10 -7.1528e-09 5.70446e-05)
(-2.17884e-09 9.09692e-10 8.29972e-05)
(1.59355e-09 3.04308e-09 9.98727e-05)
(-7.2009e-10 -1.52066e-09 0.000107883)
(-4.87188e-10 -1.05371e-09 0.000107883)
(-3.17473e-09 2.27127e-09 9.9873e-05)
(-1.86664e-10 6.07128e-10 8.2997e-05)
(-1.65451e-09 -5.04183e-09 5.70437e-05)
(-2.30483e-09 -8.04155e-10 2.28702e-05)
(1.30229e-09 1.67922e-09 3.75039e-05)
(-4.64768e-10 2.408e-10 8.60465e-05)
(-1.6134e-09 -2.66014e-09 0.000114542)
(2.5093e-09 -1.14284e-09 0.000128146)
(9.07464e-10 -1.18621e-09 0.000133194)
(-8.25573e-10 -7.01085e-10 0.000133194)
(-1.34076e-09 -1.10287e-09 0.000128146)
(1.9005e-09 -2.47382e-09 0.000114542)
(2.29128e-09 9.15367e-10 8.60457e-05)
(1.5746e-10 1.39925e-09 3.75028e-05)
(8.39507e-10 -4.3916e-10 4.90232e-05)
(3.30961e-09 -8.89314e-10 0.000104706)
(2.60616e-09 -2.06979e-09 0.000129497)
(7.82095e-10 -1.7741e-09 0.000137784)
(3.57121e-10 3.585e-10 0.000139985)
(-1.07485e-09 5.89894e-10 0.000139985)
(-1.51292e-09 -7.33885e-10 0.000137784)
(-3.06068e-09 -2.44494e-09 0.000129497)
(-2.49234e-09 -8.44507e-10 0.000104705)
(6.08792e-10 2.54731e-09 4.90221e-05)
(-3.80022e-10 5.06e-10 5.53211e-05)
(1.24657e-09 -2.35901e-09 0.000113183)
(6.09353e-10 -6.40589e-10 0.000134661)
(-5.85176e-10 -1.20401e-09 0.000140171)
(3.26039e-10 6.91824e-10 0.000141241)
(-3.49833e-10 5.77765e-10 0.00014124)
(3.12831e-10 -3.21372e-10 0.000140171)
(-4.68834e-10 -1.82623e-10 0.00013466)
(-1.72259e-09 -1.42327e-09 0.000113182)
(-3.11138e-10 8.89768e-10 5.53201e-05)
(-1.03435e-09 -6.05767e-10 5.53211e-05)
(1.10948e-09 -3.62307e-09 0.000113183)
(2.00073e-09 9.7274e-10 0.000134661)
(-2.30167e-11 -3.79222e-10 0.000140171)
(4.41136e-11 1.46613e-11 0.00014124)
(-7.71896e-10 1.51034e-10 0.000141241)
(2.26333e-10 -4.19221e-10 0.000140171)
(-2.47068e-09 9.5635e-10 0.00013466)
(-1.79562e-09 -1.7546e-09 0.000113182)
(7.70373e-10 4.67345e-10 5.53199e-05)
(-4.02955e-10 -5.77406e-10 4.90232e-05)
(2.88107e-09 -6.31572e-09 0.000104706)
(4.44582e-09 3.2184e-09 0.000129498)
(6.35814e-10 7.59932e-10 0.000137784)
(5.93499e-10 3.76579e-10 0.000139985)
(-4.96386e-11 1.00563e-09 0.000139985)
(4.70827e-10 1.95127e-09 0.000137784)
(-5.06885e-09 3.94135e-09 0.000129497)
(-3.88375e-09 -3.99676e-09 0.000104705)
(3.31548e-10 6.10561e-10 4.9022e-05)
(-1.53283e-10 -4.00229e-09 3.75045e-05)
(-3.36513e-09 -1.05698e-08 8.6047e-05)
(-2.93489e-09 5.67345e-09 0.000114543)
(-1.37951e-09 2.14104e-09 0.000128146)
(1.622e-10 7.68655e-10 0.000133193)
(3.13091e-10 1.48701e-09 0.000133193)
(8.93065e-10 4.27458e-09 0.000128146)
(1.31669e-09 7.65942e-09 0.000114543)
(1.85377e-09 -7.22148e-09 8.6046e-05)
(-6.36352e-10 -1.3988e-09 3.75029e-05)
(-1.8514e-09 -4.91764e-09 2.28711e-05)
(-6.69747e-09 -1.86046e-09 5.70443e-05)
(-4.02379e-09 6.27733e-09 8.29971e-05)
(1.57911e-09 -7.45009e-10 9.98728e-05)
(-3.32252e-10 -7.32616e-10 0.000107882)
(6.12449e-10 3.59559e-11 0.000107883)
(-2.38257e-09 1.0213e-09 9.98733e-05)
(1.25172e-09 6.45434e-09 8.29971e-05)
(4.27161e-09 -1.48242e-09 5.7044e-05)
(8.91842e-10 -3.46499e-09 2.28708e-05)
(-2.17138e-09 -1.38856e-09 8.64452e-06)
(6.16952e-10 3.70549e-09 2.16667e-05)
(4.73264e-09 3.22778e-09 3.47438e-05)
(4.00678e-09 -1.26362e-09 4.47486e-05)
(-3.16428e-10 -7.06003e-10 5.00848e-05)
(1.15711e-09 -2.82136e-10 5.0085e-05)
(-2.16667e-09 -9.79671e-10 4.4749e-05)
(-3.97064e-09 2.1791e-09 3.47441e-05)
(-5.60776e-10 2.1649e-09 2.1667e-05)
(4.26613e-09 -3.66677e-09 8.64468e-06)
(-1.44189e-08 1.0581e-08 8.64463e-06)
(-9.618e-10 -3.48295e-09 2.16669e-05)
(-2.8758e-09 4.39088e-09 3.47434e-05)
(-7.76019e-09 1.40384e-09 4.4749e-05)
(7.52813e-10 -5.26192e-10 5.00846e-05)
(-1.18298e-09 -5.73397e-10 5.00847e-05)
(6.14497e-09 8.68085e-10 4.47483e-05)
(2.99774e-09 3.76552e-09 3.47431e-05)
(-1.64958e-10 -4.7969e-09 2.16663e-05)
(1.00461e-08 6.44868e-09 8.6444e-06)
(-8.43494e-09 1.22331e-08 2.28711e-05)
(-6.50649e-09 5.73727e-10 5.70451e-05)
(-1.08653e-08 6.09946e-09 8.2997e-05)
(-3.84201e-09 -2.85819e-09 9.98734e-05)
(1.21669e-09 -5.05857e-09 0.000107883)
(3.07979e-09 -4.38285e-09 0.000107883)
(8.53772e-09 -1.84864e-09 9.98726e-05)
(1.4781e-08 9.35584e-09 8.29957e-05)
(6.85358e-09 1.29414e-09 5.70445e-05)
(5.4892e-09 8.06462e-09 2.28707e-05)
(-9.2498e-10 7.88244e-09 3.75035e-05)
(5.62599e-10 2.15776e-09 8.6047e-05)
(-1.25999e-09 4.1995e-09 0.000114543)
(2.75361e-09 -6.84054e-09 0.000128146)
(-5.17601e-11 -4.81344e-09 0.000133194)
(-1.11862e-09 -4.20198e-09 0.000133194)
(-2.54376e-09 -5.40101e-09 0.000128145)
(2.46143e-09 8.34491e-09 0.000114542)
(-9.07813e-11 4.98354e-09 8.60471e-05)
(9.04442e-11 5.10382e-09 3.75037e-05)
(5.9165e-10 3.21777e-09 4.90223e-05)
(3.1134e-09 -8.17886e-10 0.000104705)
(3.85406e-09 2.57981e-09 0.000129498)
(3.88899e-09 -2.41158e-09 0.000137784)
(1.05858e-10 -4.32002e-10 0.000139986)
(-5.48507e-10 -2.24416e-10 0.000139985)
(-3.26118e-09 -2.59617e-09 0.000137784)
(-3.39301e-09 3.86116e-09 0.000129498)
(-1.77469e-09 -1.14204e-09 0.000104705)
(5.54397e-10 1.33416e-09 4.90223e-05)
(1.68014e-09 9.87804e-10 5.53207e-05)
(2.13626e-09 -7.37124e-10 0.000113182)
(1.04252e-09 2.68506e-10 0.000134661)
(8.38394e-10 -4.24803e-10 0.000140171)
(-3.26201e-10 8.50569e-11 0.000141241)
(-2.11825e-10 6.84419e-10 0.000141241)
(-1.69432e-09 -6.64397e-10 0.000140171)
(-1.85388e-09 5.34772e-10 0.000134661)
(-2.4459e-09 -1.38734e-09 0.000113182)
(-1.32113e-09 3.55812e-10 5.53206e-05)
(9.63545e-10 -5.99159e-10 5.53211e-05)
(1.93123e-09 6.87311e-10 0.000113183)
(1.22441e-09 1.18245e-09 0.000134661)
(4.74305e-10 -6.39082e-10 0.000140171)
(3.51084e-10 3.98684e-10 0.00014124)
(2.96411e-10 7.6292e-10 0.000141241)
(-1.70862e-09 -5.76798e-11 0.000140171)
(-2.62759e-09 -2.1219e-11 0.000134661)
(-2.58749e-09 -1.82045e-09 0.000113182)
(-8.64364e-10 -3.0176e-09 5.53208e-05)
(-1.58381e-09 -2.45698e-09 4.90231e-05)
(1.84166e-09 1.85202e-09 0.000104706)
(3.48045e-09 -6.59508e-11 0.000129498)
(2.51168e-09 3.84026e-10 0.000137784)
(2.11563e-09 1.78968e-09 0.000139985)
(-4.17477e-10 2.01476e-09 0.000139985)
(-1.8716e-09 1.00149e-09 0.000137784)
(-4.71637e-09 -7.12996e-10 0.000129498)
(-3.09725e-09 -3.15021e-09 0.000104705)
(1.88254e-09 -6.05387e-09 4.9023e-05)
(-3.90195e-10 -1.28501e-09 3.75041e-05)
(2.28522e-09 -1.73151e-09 8.60472e-05)
(2.66823e-09 -6.08392e-10 0.000114542)
(2.07756e-09 1.99632e-09 0.000128145)
(1.52316e-09 3.83579e-09 0.000133193)
(4.93759e-10 4.84486e-09 0.000133193)
(2.47303e-10 4.51745e-09 0.000128145)
(-7.96705e-10 1.07605e-09 0.000114542)
(-1.61084e-10 -8.47409e-09 8.60468e-05)
(3.23047e-09 -1.03431e-08 3.7504e-05)
(-5.90847e-10 -4.1432e-09 2.28709e-05)
(-3.73105e-09 -3.45592e-09 5.70437e-05)
(-6.65318e-09 -1.33407e-09 8.29956e-05)
(-3.71741e-09 6.63363e-11 9.98725e-05)
(-1.98501e-09 2.36817e-09 0.000107882)
(3.08879e-09 3.4585e-09 0.000107882)
(6.82648e-09 1.14652e-09 9.98728e-05)
(1.24398e-08 -3.87264e-11 8.29963e-05)
(1.34991e-08 -7.18757e-09 5.70444e-05)
(9.3415e-09 -1.24559e-08 2.2871e-05)
(-6.38266e-09 -5.32208e-09 8.64412e-06)
(-7.0637e-09 -2.52332e-09 2.16662e-05)
(-5.96577e-09 -2.18496e-09 3.4743e-05)
(-3.62873e-09 -1.45332e-09 4.47483e-05)
(-1.75033e-09 -1.51315e-10 5.00845e-05)
(1.23041e-09 1.16113e-10 5.00844e-05)
(2.68519e-09 -1.79164e-09 4.47481e-05)
(4.73512e-09 -1.40188e-09 3.47433e-05)
(8.14343e-09 -1.13329e-09 2.16667e-05)
(9.79557e-09 -7.05176e-09 8.64445e-06)
(-5.63001e-09 3.58521e-09 8.64447e-06)
(6.22618e-09 -8.07654e-09 2.16664e-05)
(5.77871e-09 4.62668e-10 3.4743e-05)
(-1.04985e-09 1.44567e-09 4.47486e-05)
(6.44618e-10 -6.17893e-10 5.00845e-05)
(-6.09558e-11 -7.06031e-10 5.00843e-05)
(9.15193e-10 1.81979e-09 4.47482e-05)
(-5.61409e-09 1.04018e-09 3.47424e-05)
(-6.6686e-09 -6.86147e-09 2.16664e-05)
(4.9344e-09 2.11434e-09 8.64403e-06)
(-3.02995e-09 4.27612e-09 2.28711e-05)
(-2.62285e-10 -6.94796e-09 5.70446e-05)
(-1.50169e-09 -6.37289e-10 8.2995e-05)
(6.77344e-11 1.48999e-09 9.98727e-05)
(-1.72342e-09 -1.94392e-09 0.000107883)
(-1.12762e-09 -9.15495e-10 0.000107882)
(-3.40831e-09 1.5216e-09 9.98716e-05)
(-8.79237e-10 4.55605e-10 8.29945e-05)
(-3.84586e-09 -6.83814e-09 5.70451e-05)
(-4.47108e-09 -3.15704e-09 2.28714e-05)
(1.12567e-09 3.01991e-09 3.75037e-05)
(-8.70868e-10 1.45022e-09 8.60471e-05)
(-2.22315e-09 -4.13001e-09 0.000114543)
(1.59231e-09 -2.74269e-09 0.000128146)
(1.42282e-09 -1.51046e-09 0.000133194)
(5.19697e-10 -9.7287e-11 0.000133193)
(-3.75441e-10 -1.71312e-09 0.000128145)
(3.02173e-09 -2.28913e-09 0.000114543)
(3.56013e-09 8.66751e-10 8.60488e-05)
(7.40069e-10 1.03291e-09 3.75045e-05)
(1.9478e-10 1.81258e-09 4.90224e-05)
(1.9859e-09 2.62346e-11 0.000104705)
(1.77391e-09 -2.6602e-09 0.000129499)
(4.0593e-10 -2.48463e-09 0.000137783)
(-1.91268e-10 1.80214e-10 0.000139985)
(-9.36179e-10 4.12431e-10 0.000139985)
(-1.85615e-09 -1.3903e-09 0.000137784)
(-2.73838e-09 -2.21162e-09 0.000129499)
(-1.66888e-09 -4.32862e-10 0.000104706)
(8.01003e-10 2.52089e-09 4.90232e-05)
(-5.12837e-10 1.94142e-09 5.53205e-05)
(2.01682e-10 -6.7623e-10 0.000113182)
(-3.02648e-11 -2.68575e-10 0.000134661)
(-7.54378e-10 -1.03967e-09 0.000140171)
(-1.14907e-10 5.18612e-10 0.000141241)
(-6.89585e-11 3.29204e-10 0.000141241)
(-1.07575e-10 -2.86607e-10 0.000140171)
(-1.10752e-09 3.06503e-10 0.000134662)
(-2.18193e-09 -1.28966e-09 0.000113183)
(-4.8623e-10 1.19584e-09 5.53216e-05)
(-6.17741e-10 8.18354e-10 5.53209e-05)
(1.0703e-09 -6.67985e-10 0.000113182)
(1.75188e-09 1.37098e-09 0.000134661)
(-1.50736e-10 -4.38997e-10 0.000140171)
(4.73518e-11 2.25746e-10 0.000141241)
(-5.9954e-10 -5.64679e-10 0.00014124)
(-2.67339e-10 -1.95217e-10 0.000140171)
(-2.41866e-09 2.43091e-09 0.000134662)
(-1.77891e-09 -1.01588e-09 0.000113182)
(7.23865e-10 7.31721e-10 5.53218e-05)
(-7.0864e-10 2.08752e-09 4.90225e-05)
(3.20044e-09 -2.12488e-09 0.000104704)
(5.12683e-09 3.45221e-09 0.000129498)
(1.19601e-09 1.03552e-09 0.000137784)
(7.26839e-10 5.84355e-10 0.000139985)
(-4.15865e-10 3.81287e-10 0.000139985)
(-1.00117e-10 1.42148e-09 0.000137784)
(-5.0063e-09 4.67546e-09 0.000129499)
(-3.87305e-09 -3.41332e-09 0.000104705)
(-5.45901e-12 6.98932e-10 4.90237e-05)
(1.43658e-09 -4.50976e-10 3.75033e-05)
(-1.23923e-09 -6.30855e-09 8.60473e-05)
(-1.10897e-09 5.46193e-09 0.000114543)
(6.35025e-10 2.23837e-09 0.000128146)
(9.15829e-10 8.80395e-10 0.000133193)
(-1.67226e-10 1.39308e-09 0.000133194)
(9.86896e-12 4.63607e-09 0.000128146)
(-2.84411e-10 8.62601e-09 0.000114543)
(-2.01126e-10 -6.02573e-09 8.60473e-05)
(-1.31903e-09 -1.97608e-09 3.75043e-05)
(1.8997e-09 -9.43076e-10 2.2871e-05)
(-1.58885e-09 6.82508e-10 5.70451e-05)
(-7.2657e-10 5.36569e-09 8.29959e-05)
(2.66127e-09 -1.23049e-09 9.98725e-05)
(-1.759e-10 -3.318e-10 0.000107882)
(9.76745e-10 5.10113e-10 0.000107882)
(-1.8988e-09 1.45426e-09 9.98724e-05)
(1.43066e-09 7.5584e-09 8.29959e-05)
(3.8912e-09 1.42793e-10 5.70446e-05)
(1.4194e-09 -4.88283e-09 2.28709e-05)
(-3.08875e-10 -1.57518e-10 8.64426e-06)
(1.74081e-09 3.43981e-09 2.16665e-05)
(3.70676e-09 1.98608e-09 3.47429e-05)
(1.71576e-09 -2.02807e-09 4.4748e-05)
(-1.07371e-09 -2.89305e-10 5.00844e-05)
(5.31622e-10 4.47569e-10 5.00842e-05)
(-1.61267e-09 -8.33527e-10 4.47482e-05)
(-1.87834e-09 2.15282e-09 3.47431e-05)
(1.01709e-09 2.64034e-09 2.16667e-05)
(4.62389e-09 -3.87838e-09 8.64426e-06)
(-1.76009e-08 1.25745e-08 8.64438e-06)
(-3.9851e-09 -2.04121e-09 2.16668e-05)
(-2.44294e-09 3.75906e-09 3.47443e-05)
(-6.98267e-09 1.90273e-09 4.47488e-05)
(-1.39839e-09 -4.03742e-10 5.00855e-05)
(-8.60936e-10 3.45757e-11 5.00855e-05)
(1.60972e-09 2.64995e-09 4.47492e-05)
(-4.5457e-09 1.51883e-09 3.47445e-05)
(-6.65098e-09 -7.3479e-09 2.16672e-05)
(5.38608e-09 3.87196e-09 8.64416e-06)
(-9.18247e-09 1.25777e-08 2.28706e-05)
(-9.75542e-09 1.87566e-09 5.70439e-05)
(-1.0726e-08 2.45734e-09 8.29968e-05)
(-4.9012e-09 2.25153e-10 9.98733e-05)
(-2.56451e-09 -3.57615e-09 0.000107884)
(4.48008e-10 -2.62153e-09 0.000107884)
(9.92985e-10 2.14771e-09 9.98735e-05)
(5.21351e-09 1.99351e-09 8.29976e-05)
(5.47711e-10 -4.5698e-09 5.70444e-05)
(-1.3568e-09 1.82443e-09 2.28702e-05)
(-2.36541e-09 9.09531e-09 3.75037e-05)
(-1.17717e-09 4.80768e-09 8.60462e-05)
(-3.48204e-10 -3.36277e-09 0.000114542)
(1.5066e-09 -3.71392e-09 0.000128146)
(-2.35592e-10 -3.09258e-09 0.000133194)
(-7.1394e-10 -2.65902e-09 0.000133194)
(-2.54609e-09 -1.90059e-09 0.000128146)
(-1.16546e-09 -3.00724e-09 0.000114542)
(3.25625e-10 1.20786e-09 8.60464e-05)
(2.98917e-10 2.90565e-09 3.7503e-05)
(-4.3758e-10 5.29372e-09 4.90229e-05)
(3.5376e-09 1.56731e-09 0.000104705)
(2.75227e-09 -1.91289e-09 0.000129497)
(1.46057e-09 -2.14402e-09 0.000137784)
(7.64244e-10 -7.73198e-10 0.000139985)
(-9.81268e-10 -1.03695e-10 0.000139985)
(-1.53028e-09 -8.47776e-10 0.000137784)
(-3.41617e-09 -3.02855e-09 0.000129497)
(-1.7969e-09 -2.126e-09 0.000104705)
(1.58266e-09 3.49712e-09 4.90221e-05)
(7.02143e-10 2.38185e-09 5.53208e-05)
(3.04384e-09 -5.38555e-10 0.000113183)
(1.45727e-09 -1.64934e-10 0.000134661)
(-5.86565e-10 -1.25483e-09 0.000140171)
(1.99014e-10 -8.37155e-10 0.000141241)
(-5.70853e-11 -3.2295e-11 0.000141241)
(-3.83914e-10 -7.35164e-10 0.000140171)
(-1.48696e-09 -9.66e-10 0.00013466)
(-2.27778e-09 -2.10098e-09 0.000113182)
(-1.90244e-10 2.07462e-09 5.53207e-05)
(5.96012e-10 7.1217e-10 5.53212e-05)
(2.91073e-09 -1.92697e-09 0.000113183)
(2.32397e-09 1.80832e-09 0.000134661)
(1.39815e-10 -1.55646e-09 0.000140171)
(1.99374e-10 -2.11255e-10 0.00014124)
(-7.85425e-10 3.22964e-10 0.00014124)
(-9.38911e-10 1.47008e-10 0.000140171)
(-2.95885e-09 8.4118e-10 0.00013466)
(-1.92968e-09 -3.15239e-09 0.000113182)
(3.9588e-10 2.3957e-10 5.53199e-05)
(-2.24756e-09 -1.7492e-09 4.90231e-05)
(1.64651e-09 -5.0281e-09 0.000104706)
(5.43549e-09 3.29891e-09 0.000129497)
(1.47506e-09 -4.72055e-10 0.000137784)
(1.28171e-09 4.26965e-10 0.000139985)
(-1.38201e-09 1.28866e-09 0.000139986)
(-2.45042e-09 1.13704e-09 0.000137785)
(-5.97915e-09 2.31266e-09 0.000129498)
(-3.03421e-09 -6.63509e-09 0.000104705)
(4.76145e-10 1.17068e-09 4.90224e-05)
(-4.22639e-10 -1.83618e-09 3.75043e-05)
(-1.89803e-09 -1.02569e-08 8.60463e-05)
(2.08566e-09 3.94992e-09 0.000114542)
(1.314e-09 2.01237e-09 0.000128145)
(2.94759e-10 2.93674e-09 0.000133194)
(2.16769e-10 3.64403e-09 0.000133194)
(-9.58829e-10 4.17045e-09 0.000128147)
(-2.15732e-09 4.10892e-09 0.000114543)
(-4.86749e-10 -1.35534e-08 8.60468e-05)
(-1.10082e-09 -3.11389e-09 3.75038e-05)
(4.47583e-10 -4.26438e-09 2.28714e-05)
(-7.08587e-09 -8.21658e-09 5.70437e-05)
(-8.21092e-09 6.06188e-10 8.2996e-05)
(-2.44835e-09 -9.79525e-11 9.98727e-05)
(-1.6371e-09 2.82397e-09 0.000107883)
(2.4483e-09 2.9294e-09 0.000107884)
(4.16487e-09 1.28355e-09 9.98736e-05)
(1.12789e-08 1.48912e-09 8.29976e-05)
(1.17726e-08 -9.27698e-09 5.70447e-05)
(4.3088e-09 -8.76282e-09 2.28712e-05)
(-4.80891e-09 -4.25895e-09 8.64475e-06)
(-8.10317e-09 -3.44085e-09 2.16667e-05)
(-5.61318e-09 -1.75837e-09 3.47439e-05)
(-2.83209e-09 -2.0896e-09 4.47486e-05)
(-3.22546e-09 1.4962e-10 5.00848e-05)
(8.52392e-10 1.87717e-11 5.00852e-05)
(1.21192e-09 -1.79222e-09 4.47492e-05)
(4.31833e-09 -6.90268e-10 3.47443e-05)
(7.08203e-09 -8.94025e-10 2.16673e-05)
(6.47571e-09 -5.50514e-09 8.64483e-06)
(-2.6782e-10 -9.13579e-10 8.64434e-06)
(1.14098e-08 -1.09773e-08 2.16671e-05)
(3.73027e-09 2.05412e-09 3.47431e-05)
(-3.00393e-09 1.40522e-09 4.47475e-05)
(3.13064e-09 4.76727e-11 5.00832e-05)
(-2.45829e-10 4.05435e-10 5.00836e-05)
(6.62509e-09 1.95284e-09 4.47483e-05)
(1.98237e-09 5.02462e-09 3.47442e-05)
(-4.35416e-09 -5.75102e-09 2.16674e-05)
(6.24423e-09 4.71272e-09 8.64475e-06)
(3.60784e-10 6.0733e-10 2.28712e-05)
(2.01285e-09 -8.54088e-09 5.70455e-05)
(-6.30473e-09 6.7378e-09 8.29974e-05)
(-3.31644e-09 1.27427e-09 9.98722e-05)
(-1.23531e-09 -3.09871e-09 0.000107882)
(-6.33945e-10 -2.44466e-09 0.000107883)
(1.74394e-09 -1.89955e-10 9.98728e-05)
(6.65967e-09 8.3904e-09 8.29976e-05)
(8.20248e-10 -3.7562e-09 5.70448e-05)
(3.27936e-09 5.49046e-09 2.28712e-05)
(2.23145e-09 8.28639e-10 3.75041e-05)
(1.03344e-09 -1.14541e-09 8.60471e-05)
(-3.43904e-09 6.76489e-09 0.000114544)
(1.06985e-09 -3.85153e-09 0.000128146)
(-1.16764e-10 -3.65597e-09 0.000133194)
(-5.64027e-10 -3.61572e-09 0.000133194)
(-1.45743e-09 -4.69066e-09 0.000128147)
(3.64918e-09 6.71666e-09 0.000114544)
(-3.41674e-10 9.43584e-10 8.60458e-05)
(-1.77992e-09 2.06117e-09 3.75033e-05)
(6.0364e-10 -3.24372e-10 4.90236e-05)
(9.06492e-10 -7.52169e-10 0.000104705)
(1.75237e-09 3.74653e-09 0.000129497)
(2.7668e-09 -3.31057e-09 0.000137785)
(-2.42929e-10 -5.50332e-10 0.000139985)
(-1.05867e-09 -5.71802e-10 0.000139986)
(-4.06866e-09 -3.25516e-09 0.000137785)
(-3.04585e-09 3.80363e-09 0.000129497)
(-1.7304e-09 -6.29459e-10 0.000104705)
(-6.95941e-10 -1.29471e-10 4.90227e-05)
(9.72394e-10 8.19075e-10 5.53212e-05)
(-5.94897e-10 -1.53437e-10 0.000113183)
(-5.7306e-10 1.8256e-09 0.00013466)
(4.85869e-10 -1.46849e-09 0.000140172)
(-9.24726e-10 -2.60868e-10 0.000141241)
(-4.43255e-10 1.86043e-10 0.000141241)
(-1.63212e-09 -7.71774e-10 0.000140172)
(-1.49952e-09 1.51823e-09 0.00013466)
(-1.30902e-09 -1.47832e-09 0.000113183)
(-5.22809e-10 -6.43164e-11 5.5321e-05)
(5.26963e-10 -4.2832e-10 5.53213e-05)
(9.94906e-11 1.01075e-09 0.000113183)
(-4.52004e-11 1.57452e-09 0.000134661)
(9.18897e-11 -1.67453e-09 0.000140171)
(-3.07418e-10 -3.3018e-10 0.00014124)
(-2.45342e-10 5.37947e-10 0.000141241)
(-1.21354e-09 1.07535e-11 0.000140171)
(-2.16481e-09 1.75306e-09 0.00013466)
(-2.24626e-09 -1.7855e-09 0.000113183)
(-6.09401e-10 -2.52135e-09 5.53204e-05)
(3.7388e-10 5.90425e-10 4.90229e-05)
(3.6581e-09 2.50001e-09 0.000104706)
(4.32232e-09 1.57135e-09 0.000129498)
(1.50483e-09 -1.65547e-10 0.000137784)
(4.62053e-10 7.03338e-10 0.000139985)
(-3.56671e-10 1.36127e-09 0.000139985)
(-1.47942e-09 9.81806e-10 0.000137785)
(-3.52117e-09 1.99682e-09 0.000129498)
(-3.232e-09 -1.62837e-09 0.000104705)
(3.41661e-10 -4.58204e-09 4.90223e-05)
(9.46789e-10 -1.3133e-09 3.75037e-05)
(1.15474e-09 -1.70728e-09 8.60477e-05)
(-9.10333e-10 2.52272e-09 0.000114543)
(-6.1452e-10 1.73922e-09 0.000128146)
(5.35785e-10 1.30998e-09 0.000133193)
(7.73343e-10 1.44245e-09 0.000133193)
(2.17711e-09 1.89226e-09 0.000128146)
(2.35055e-09 4.39848e-09 0.000114544)
(1.07814e-09 -3.16862e-09 8.60482e-05)
(2.57676e-09 -8.25198e-09 3.75036e-05)
(-2.22816e-09 -3.16897e-09 2.28712e-05)
(-3.03722e-09 8.77233e-10 5.70455e-05)
(-2.02908e-09 2.89446e-09 8.29965e-05)
(3.12833e-10 -5.92825e-10 9.98713e-05)
(8.73485e-10 -2.24836e-10 0.000107881)
(2.64667e-09 -1.3771e-10 0.000107881)
(1.94567e-09 -6.89581e-10 9.98714e-05)
(3.30669e-09 5.16382e-09 8.29964e-05)
(5.31575e-09 3.98504e-10 5.70452e-05)
(6.1496e-09 -8.64058e-09 2.28715e-05)
(-4.70372e-09 -2.8285e-09 8.64473e-06)
(5.4366e-10 3.02931e-09 2.16665e-05)
(3.81588e-09 1.31561e-09 3.47428e-05)
(1.70258e-09 -1.2814e-09 4.47466e-05)
(4.29399e-10 -7.68445e-10 5.00827e-05)
(1.73611e-09 -8.47123e-10 5.0083e-05)
(1.85455e-10 -9.58087e-10 4.4747e-05)
(-1.59837e-09 1.88902e-09 3.47428e-05)
(2.18414e-09 1.8634e-09 2.16661e-05)
(4.28218e-09 -3.14629e-09 8.6443e-06)
(4.47979e-09 -3.82095e-09 8.64415e-06)
(-4.84154e-10 4.61491e-10 2.1667e-05)
(1.46346e-10 -8.94023e-10 3.47443e-05)
(1.99534e-09 -2.42999e-10 4.47493e-05)
(1.17936e-09 1.45872e-09 5.00851e-05)
(-1.16601e-09 1.27189e-09 5.00852e-05)
(-2.60287e-09 -3.19747e-12 4.47491e-05)
(-2.38067e-09 -1.93589e-09 3.47437e-05)
(-3.44421e-09 -1.21665e-09 2.16665e-05)
(-5.32451e-09 -3.54884e-09 8.64451e-06)
(-3.48751e-11 -1.05891e-09 2.28708e-05)
(-8.58635e-10 1.86831e-09 5.70438e-05)
(-2.00656e-09 4.70749e-11 8.29962e-05)
(-1.92129e-09 -1.9297e-09 9.98741e-05)
(1.10667e-09 -1.076e-11 0.000107884)
(1.2221e-09 -4.41541e-10 0.000107884)
(3.90877e-09 -6.43566e-10 9.98734e-05)
(2.35961e-09 6.98296e-10 8.29957e-05)
(3.18812e-10 2.142e-09 5.70438e-05)
(-5.24256e-10 -6.49242e-10 2.28711e-05)
(-2.24554e-09 2.18503e-09 3.75032e-05)
(-3.41946e-09 1.705e-09 8.6047e-05)
(-3.30156e-09 2.25222e-09 0.000114543)
(-1.34292e-09 -2.85278e-09 0.000128146)
(-2.33133e-10 -2.61086e-09 0.000133194)
(-2.19505e-10 -2.81269e-09 0.000133194)
(5.30097e-10 -2.17642e-09 0.000128146)
(2.01677e-09 3.2062e-09 0.000114543)
(4.39053e-09 3.40041e-09 8.60476e-05)
(2.99564e-09 1.90582e-09 3.75045e-05)
(-6.82765e-10 2.47312e-09 4.90218e-05)
(-9.49095e-10 -2.00228e-10 0.000104705)
(-3.56336e-10 2.04489e-09 0.000129497)
(5.21884e-11 -1.13919e-09 0.000137784)
(-7.34719e-10 -1.08842e-09 0.000139985)
(5.02719e-10 -1.74316e-09 0.000139986)
(-9.40927e-10 -1.21574e-09 0.000137784)
(-7.07632e-10 9.80649e-10 0.000129498)
(1.54169e-10 -5.37061e-11 0.000104706)
(1.2402e-10 1.62939e-09 4.90232e-05)
(5.08982e-10 1.71511e-09 5.53202e-05)
(-3.79554e-10 7.2204e-10 0.000113181)
(4.33648e-10 1.41905e-09 0.00013466)
(7.05727e-10 -7.90471e-10 0.000140171)
(-6.82647e-10 -4.68318e-10 0.000141241)
(6.89952e-10 -1.30243e-09 0.000141241)
(-1.52685e-09 -5.11937e-10 0.000140172)
(-1.35222e-09 5.24428e-10 0.000134661)
(-3.60361e-10 2.02559e-10 0.000113183)
(-7.39695e-10 1.00882e-09 5.5321e-05)
(1.39739e-10 2.46121e-09 5.53207e-05)
(-8.338e-10 -5.20989e-10 0.000113182)
(-3.83642e-10 7.35067e-10 0.000134661)
(-3.06997e-10 -6.50022e-10 0.000140171)
(-9.96543e-10 -4.23281e-11 0.00014124)
(-3.82472e-10 4.21679e-10 0.000141241)
(-1.37187e-09 3.02794e-11 0.000140171)
(-1.81496e-09 5.92737e-11 0.000134661)
(-1.87089e-09 -6.73834e-10 0.000113182)
(-1.20914e-09 4.747e-10 5.53209e-05)
(1.59212e-09 4.22922e-09 4.90229e-05)
(1.64128e-10 1.05682e-09 0.000104706)
(-1.72942e-09 1.07447e-09 0.000129498)
(-1.77416e-09 5.51864e-11 0.000137784)
(-6.88157e-10 -7.22421e-10 0.000139985)
(-2.9167e-10 -1.91339e-10 0.000139985)
(-3.34665e-10 3.95496e-10 0.000137784)
(3.18441e-10 4.99832e-10 0.000129498)
(-1.92001e-09 -4.17746e-10 0.000104705)
(-1.56404e-09 -1.43734e-09 4.90225e-05)
(3.88331e-10 1.26235e-09 3.75041e-05)
(-1.41177e-09 1.86636e-09 8.60476e-05)
(-2.50412e-09 1.68675e-09 0.000114543)
(-4.17152e-10 -3.1924e-10 0.000128145)
(6.85916e-11 -6.02585e-10 0.000133193)
(-4.87656e-10 1.66309e-10 0.000133193)
(1.87086e-09 6.29141e-10 0.000128145)
(3.94329e-09 9.93845e-10 0.000114543)
(2.84314e-09 -9.24283e-10 8.60475e-05)
(2.83059e-09 -5.79437e-09 3.75041e-05)
(4.16663e-09 4.95087e-09 2.28706e-05)
(2.87539e-09 7.11791e-09 5.70432e-05)
(1.0249e-09 1.99126e-09 8.2995e-05)
(2.58968e-09 -3.2914e-09 9.98726e-05)
(1.47402e-09 -1.82994e-09 0.000107884)
(1.57311e-09 -1.06222e-09 0.000107884)
(1.66758e-09 -2.47394e-09 9.98737e-05)
(3.91614e-09 -1.37604e-09 8.2996e-05)
(2.48485e-09 3.51783e-09 5.70438e-05)
(1.85012e-09 -1.61302e-09 2.2871e-05)
(5.92365e-09 5.7419e-09 8.64401e-06)
(8.77659e-09 6.25252e-09 2.16664e-05)
(9.62451e-09 2.49908e-09 3.47437e-05)
(5.40477e-09 -1.45273e-09 4.47491e-05)
(2.05164e-09 -1.29403e-09 5.00856e-05)
(5.25144e-11 -1.66445e-09 5.00855e-05)
(-1.19025e-09 -1.78853e-09 4.47495e-05)
(-5.17264e-09 -1.02134e-10 3.47441e-05)
(-4.68074e-09 4.29019e-09 2.16669e-05)
(8.62624e-10 4.37621e-11 8.64436e-06)
(-8.98861e-09 7.8678e-09 8.64444e-06)
(1.20364e-09 -4.32433e-09 2.16663e-05)
(-5.46728e-09 5.31498e-09 3.47434e-05)
(-8.44423e-09 1.84125e-09 4.47488e-05)
(4.55842e-10 5.07216e-10 5.00859e-05)
(-2.17102e-09 3.69439e-10 5.00854e-05)
(5.28048e-09 1.84253e-09 4.47484e-05)
(-6.28901e-10 3.40359e-09 3.47423e-05)
(-7.84131e-09 -8.68283e-09 2.16656e-05)
(3.04496e-09 1.29194e-09 8.64437e-06)
(-8.49495e-09 1.14584e-08 2.2871e-05)
(-6.11239e-09 -1.56311e-10 5.70444e-05)
(-1.19088e-08 8.74427e-09 8.29943e-05)
(-6.23067e-09 -1.57002e-09 9.98736e-05)
(-8.24985e-10 -3.41693e-09 0.000107884)
(2.48562e-10 -3.82833e-09 0.000107883)
(4.82645e-09 -7.90383e-10 9.98725e-05)
(9.77808e-09 8.38071e-09 8.29936e-05)
(2.68156e-09 -3.93968e-09 5.70445e-05)
(4.29852e-09 5.19352e-09 2.28714e-05)
(-2.09142e-09 8.19783e-09 3.7504e-05)
(-6.25353e-10 3.89172e-09 8.60484e-05)
(-2.25468e-09 7.57546e-09 0.000114542)
(5.89877e-10 -5.448e-09 0.000128145)
(-1.06903e-09 -5.22659e-09 0.000133193)
(-1.16645e-09 -5.39937e-09 0.000133193)
(-2.37985e-09 -5.21355e-09 0.000128144)
(1.62409e-09 8.28865e-09 0.000114541)
(-1.99555e-09 7.52795e-10 8.60493e-05)
(-1.6304e-09 1.96266e-09 3.75055e-05)
(7.11672e-11 5.11451e-09 4.9022e-05)
(2.572e-09 1.3072e-09 0.000104706)
(3.49552e-09 5.45095e-09 0.000129499)
(3.9648e-09 -2.20225e-09 0.000137783)
(6.00614e-10 -1.77996e-09 0.000139985)
(-7.27973e-10 -1.81068e-09 0.000139985)
(-4.33182e-09 -2.68479e-09 0.000137783)
(-3.1886e-09 4.62756e-09 0.000129499)
(-1.85497e-09 -2.22521e-09 0.000104706)
(-6.03292e-10 -4.65608e-10 4.90234e-05)
(1.11653e-09 1.68057e-09 5.53204e-05)
(1.07398e-09 6.80982e-10 0.000113182)
(1.28815e-09 2.51904e-09 0.000134661)
(1.75018e-09 -7.97157e-10 0.000140171)
(-3.23229e-10 -2.47027e-10 0.000141241)
(3.44304e-10 -4.74307e-10 0.00014124)
(-1.55977e-09 -8.25941e-10 0.000140171)
(-3.24567e-10 1.80897e-09 0.000134662)
(-8.75088e-10 -1.05518e-09 0.000113182)
(-1.6503e-09 4.80983e-10 5.53209e-05)
(1.09255e-09 -9.37039e-11 5.53207e-05)
(1.10216e-09 9.52169e-10 0.000113181)
(5.94868e-10 1.28079e-09 0.000134661)
(9.05259e-10 -5.84148e-10 0.000140171)
(1.25004e-10 4.23348e-10 0.00014124)
(-2.08862e-10 1.19018e-10 0.00014124)
(-1.60488e-09 -1.22365e-10 0.000140171)
(-1.04224e-09 1.66465e-09 0.000134662)
(-1.81686e-09 -3.41464e-11 0.000113182)
(-1.14839e-09 -3.19272e-09 5.53214e-05)
(-1.57562e-09 -1.13244e-09 4.90232e-05)
(2.04159e-09 1.56908e-09 0.000104706)
(4.33811e-09 -1.98798e-10 0.000129499)
(2.14696e-09 -3.47952e-10 0.000137784)
(8.94838e-10 6.62775e-10 0.000139985)
(-1.04443e-09 7.37987e-10 0.000139985)
(-2.34744e-09 -6.76308e-11 0.000137784)
(-4.17572e-09 6.46386e-10 0.000129499)
(-2.80872e-09 3.63785e-10 0.000104706)
(1.49047e-09 -5.18603e-09 4.90233e-05)
(5.49185e-10 -6.8108e-10 3.7504e-05)
(2.86136e-09 -2.9283e-09 8.60471e-05)
(2.65651e-09 -2.47486e-10 0.000114542)
(1.66322e-09 1.83333e-09 0.000128145)
(1.51643e-09 3.0753e-09 0.000133194)
(6.37067e-10 3.46062e-09 0.000133194)
(1.55101e-10 2.5547e-09 0.000128146)
(-2.86266e-10 1.55887e-09 0.000114543)
(7.25055e-10 -5.27921e-09 8.60471e-05)
(2.92749e-09 -7.68251e-09 3.75045e-05)
(-1.22449e-09 -4.51863e-09 2.2871e-05)
(-2.86222e-09 -3.34304e-09 5.70434e-05)
(-3.99777e-09 3.28675e-10 8.29948e-05)
(-1.99051e-09 8.55381e-10 9.98734e-05)
(-1.31893e-09 2.40133e-09 0.000107884)
(2.34924e-09 1.5818e-09 0.000107884)
(5.02439e-09 -2.58561e-10 9.98742e-05)
(8.18452e-09 1.59094e-09 8.29961e-05)
(7.8794e-09 -2.53368e-09 5.70443e-05)
(6.07043e-09 -8.57205e-09 2.2871e-05)
(-6.39565e-09 -5.39877e-09 8.6442e-06)
(-4.3734e-09 -6.32419e-10 2.16665e-05)
(-3.09993e-09 -5.94924e-10 3.47435e-05)
(-2.258e-09 -1.11989e-09 4.47496e-05)
(-1.1186e-09 -3.73992e-10 5.00857e-05)
(8.37606e-10 -1.18509e-09 5.00856e-05)
(1.71452e-09 -2.36527e-09 4.47495e-05)
(7.82616e-10 3.89711e-11 3.47435e-05)
(2.42864e-09 2.0333e-09 2.16673e-05)
(6.27399e-09 -4.60497e-09 8.64468e-06)
(-1.56418e-08 1.08955e-08 8.64471e-06)
(1.261e-09 -6.27592e-09 2.16669e-05)
(1.63176e-09 6.99845e-10 3.4743e-05)
(-5.34296e-09 2.31185e-09 4.47483e-05)
(-1.12913e-10 5.65585e-10 5.00844e-05)
(-2.55895e-09 6.49125e-10 5.00841e-05)
(2.46018e-09 1.97475e-09 4.47479e-05)
(-3.24118e-09 1.95957e-09 3.47422e-05)
(-7.28241e-09 -8.49362e-09 2.16665e-05)
(5.55281e-09 3.07847e-09 8.64454e-06)
(-7.62538e-09 1.24511e-08 2.28713e-05)
(-5.31053e-09 -1.96997e-09 5.70454e-05)
(-7.16283e-09 -8.10864e-10 8.29955e-05)
(-4.02402e-09 1.51386e-10 9.98729e-05)
(-1.95707e-09 -3.48864e-09 0.000107882)
(1.01952e-09 -2.62671e-09 0.000107882)
(2.02115e-09 1.23621e-09 9.9872e-05)
(6.37209e-09 3.37586e-09 8.29945e-05)
(-3.52604e-10 -4.39422e-09 5.70452e-05)
(-2.63e-09 5.02071e-11 2.28716e-05)
(-2.64357e-09 1.01901e-08 3.75048e-05)
(-5.36683e-10 3.30841e-09 8.60481e-05)
(-7.3992e-11 -3.83212e-09 0.000114543)
(2.40473e-09 -4.30589e-09 0.000128145)
(5.48493e-10 -4.15821e-09 0.000133193)
(-1.48459e-09 -3.53204e-09 0.000133193)
(-3.33055e-09 -2.24072e-09 0.000128145)
(-1.47165e-11 4.77589e-10 0.000114543)
(1.46185e-09 2.52819e-09 8.60482e-05)
(1.35895e-10 1.21478e-09 3.75044e-05)
(1.97902e-10 4.64509e-09 4.90231e-05)
(5.31258e-09 -9.50604e-11 0.000104705)
(5.05758e-09 -2.5383e-09 0.000129499)
(2.04783e-09 -1.73434e-09 0.000137784)
(6.15633e-10 -1.89068e-10 0.000139986)
(-9.55037e-10 -2.44498e-10 0.000139985)
(-1.79214e-09 -1.10986e-09 0.000137784)
(-2.63919e-09 -4.12519e-10 0.000129499)
(-1.2106e-09 -1.39029e-09 0.000104705)
(1.45862e-09 1.98199e-09 4.90231e-05)
(9.54486e-10 1.97156e-09 5.5321e-05)
(2.74743e-09 -3.02215e-10 0.000113182)
(1.83841e-09 1.51029e-10 0.000134662)
(6.91025e-10 -1.16809e-09 0.000140171)
(-9.18276e-11 -8.5727e-10 0.000141241)
(-1.39352e-10 -5.20083e-10 0.000141241)
(6.69162e-11 -1.06017e-09 0.000140171)
(-4.08928e-10 8.24648e-10 0.000134662)
(-1.2792e-09 -1.19061e-09 0.000113182)
(-1.86681e-10 1.90604e-09 5.53209e-05)
(1.65743e-10 7.65646e-10 5.53209e-05)
(2.61254e-09 -1.04677e-09 0.000113182)
(2.5528e-09 2.27743e-09 0.000134662)
(8.5199e-10 -5.20658e-10 0.000140171)
(1.18081e-09 -3.98869e-10 0.000141241)
(-1.79766e-11 2.39241e-10 0.000141241)
(-5.0199e-11 -1.03187e-10 0.000140171)
(-2.18165e-09 2.45347e-09 0.000134662)
(-1.37374e-09 -2.92101e-09 0.000113182)
(1.03518e-09 -2.34441e-10 5.53219e-05)
(-1.54622e-09 -2.28427e-10 4.90228e-05)
(1.42734e-09 -3.54276e-09 0.000104705)
(4.26544e-09 3.49635e-09 0.000129499)
(1.05581e-09 -6.25033e-11 0.000137784)
(1.11581e-09 5.07468e-10 0.000139986)
(-8.62652e-10 5.87773e-10 0.000139986)
(-1.4937e-09 8.49619e-10 0.000137784)
(-6.05211e-09 3.33312e-09 0.000129499)
(-3.04331e-09 -4.72308e-09 0.000104705)
(8.03377e-10 1.87744e-09 4.90235e-05)
(9.73597e-10 3.73965e-10 3.75034e-05)
(-6.38942e-10 -8.21986e-09 8.60473e-05)
(1.35907e-09 4.02352e-09 0.000114543)
(9.13507e-10 1.98899e-09 0.000128146)
(6.28192e-10 2.96407e-09 0.000133194)
(2.9541e-10 3.28002e-09 0.000133194)
(-6.4694e-10 4.34889e-09 0.000128146)
(-1.75051e-09 5.59982e-09 0.000114543)
(8.95653e-11 -1.09502e-08 8.6047e-05)
(-2.12311e-09 -3.88706e-10 3.75042e-05)
(1.25379e-10 -4.1473e-09 2.28706e-05)
(-3.99835e-09 -4.01614e-09 5.70446e-05)
(-4.40219e-09 4.22453e-09 8.29956e-05)
(-8.31274e-10 1.33613e-09 9.98732e-05)
(-9.88316e-10 2.12166e-09 0.000107883)
(2.59723e-09 2.11319e-09 0.000107883)
(2.80374e-09 1.26131e-09 9.98735e-05)
(7.39e-09 5.0409e-09 8.2996e-05)
(7.50916e-09 -4.87087e-09 5.70447e-05)
(1.33619e-09 -5.22581e-09 2.2871e-05)
(-8.75182e-09 -7.1308e-09 8.6443e-06)
(-5.87265e-09 -8.80933e-10 2.16664e-05)
(-9.91872e-10 2.09174e-09 3.4743e-05)
(-7.52944e-10 -6.87032e-10 4.47486e-05)
(-2.06911e-09 -6.29053e-10 5.00848e-05)
(1.59825e-09 -7.71331e-10 5.0085e-05)
(-4.02069e-10 -1.93395e-09 4.47488e-05)
(1.08808e-10 1.53297e-09 3.47432e-05)
(2.60181e-09 1.54583e-09 2.16668e-05)
(3.39822e-09 -3.37986e-09 8.64457e-06)
(-7.47956e-09 5.77038e-09 8.64444e-06)
(-1.19521e-09 -3.50867e-09 2.16664e-05)
(-3.8978e-09 3.96474e-09 3.47423e-05)
(-6.15239e-09 2.70619e-09 4.47476e-05)
(-1.33251e-09 4.12552e-10 5.00836e-05)
(-1.79448e-09 5.45181e-10 5.00838e-05)
(1.79689e-09 1.74914e-09 4.47475e-05)
(-3.20042e-09 4.99847e-10 3.47422e-05)
(-3.71014e-09 -6.13884e-09 2.16662e-05)
(6.74041e-09 4.76444e-09 8.64441e-06)
(-8.92284e-09 1.25071e-08 2.28711e-05)
(-9.56386e-09 1.72574e-09 5.70453e-05)
(-9.31765e-09 1.75353e-09 8.29956e-05)
(-2.25499e-09 1.65769e-10 9.98714e-05)
(-5.99636e-10 -2.69758e-09 0.000107881)
(2.24932e-09 -1.67471e-09 0.000107881)
(4.18317e-09 1.01709e-09 9.98708e-05)
(9.25678e-09 1.78518e-09 8.29949e-05)
(4.51656e-09 -5.46786e-10 5.70448e-05)
(6.54664e-10 3.79519e-09 2.28713e-05)
(-1.69499e-09 9.55045e-09 3.75042e-05)
(-1.08922e-10 5.1335e-09 8.60475e-05)
(7.73474e-11 -3.05391e-09 0.000114543)
(2.1022e-09 -3.73579e-09 0.000128146)
(1.81282e-10 -2.9501e-09 0.000133193)
(-3.0686e-10 -2.04729e-09 0.000133193)
(-1.6715e-10 -2.12163e-09 0.000128145)
(2.49561e-09 -3.61088e-10 0.000114543)
(2.30326e-09 6.21025e-09 8.60472e-05)
(1.26803e-10 3.38087e-09 3.7504e-05)
(-5.48479e-10 4.09944e-09 4.90235e-05)
(4.11473e-09 6.63662e-10 0.000104706)
(3.82518e-09 -1.49224e-09 0.000129499)
(8.54204e-10 -1.63777e-09 0.000137784)
(-2.69029e-10 -5.10891e-11 0.000139985)
(-2.43263e-09 -1.06021e-10 0.000139985)
(-2.53249e-09 -9.43338e-10 0.000137784)
(-3.36082e-09 -9.59999e-10 0.000129499)
(-1.01135e-09 5.82705e-10 0.000104707)
(2.47399e-09 3.73096e-09 4.90239e-05)
(6.82809e-10 1.83213e-09 5.53211e-05)
(3.91218e-09 -1.03879e-09 0.000113183)
(2.54109e-09 -1.62668e-10 0.000134662)
(3.34221e-10 -9.88993e-10 0.000140172)
(4.60595e-10 5.94502e-10 0.000141241)
(-3.14777e-10 2.19873e-11 0.000141241)
(-4.60538e-11 -1.07637e-09 0.000140172)
(-1.43056e-09 3.34555e-10 0.000134662)
(-1.98451e-09 -1.66376e-10 0.000113183)
(3.96441e-10 2.76967e-09 5.53216e-05)
(-9.26865e-11 3.46813e-10 5.53208e-05)
(3.18253e-09 -1.99929e-09 0.000113183)
(3.55319e-09 1.92711e-09 0.000134662)
(1.25557e-09 -7.17379e-10 0.000140171)
(1.01e-09 7.19458e-10 0.000141241)
(-3.21535e-10 6.40603e-10 0.000141241)
(2.8655e-11 -3.7073e-10 0.000140172)
(-2.77241e-09 1.16306e-09 0.000134662)
(-1.88253e-09 -1.82593e-09 0.000113183)
(9.46526e-10 6.74985e-10 5.53214e-05)
(-1.61203e-09 -1.26315e-09 4.90226e-05)
(2.14376e-09 -4.6268e-09 0.000104705)
(5.06396e-09 2.93354e-09 0.000129498)
(1.95088e-09 -3.10179e-10 0.000137784)
(1.78858e-09 7.95382e-10 0.000139986)
(-1.45357e-09 7.9184e-10 0.000139986)
(-2.1619e-09 9.18581e-10 0.000137784)
(-6.13839e-09 2.45206e-09 0.000129499)
(-3.31841e-09 -4.96484e-09 0.000104706)
(7.75237e-10 1.62749e-09 4.90235e-05)
(9.3067e-10 -1.44413e-09 3.75035e-05)
(-5.0226e-10 -9.35386e-09 8.60474e-05)
(1.1166e-09 3.04899e-09 0.000114544)
(7.0514e-10 2.23061e-09 0.000128147)
(-3.46583e-10 3.00091e-09 0.000133194)
(-1.29748e-09 3.29388e-09 0.000133194)
(-1.83378e-09 4.63575e-09 0.000128146)
(-2.12582e-09 5.15505e-09 0.000114543)
(-2.36349e-10 -1.14623e-08 8.60472e-05)
(-1.00809e-09 -2.03785e-09 3.75044e-05)
(-6.07733e-11 -4.885e-09 2.28712e-05)
(-7.27723e-09 -7.16047e-09 5.70463e-05)
(-7.87244e-09 2.31444e-09 8.29979e-05)
(-3.04236e-09 3.92743e-10 9.98731e-05)
(-2.96162e-09 1.79357e-09 0.000107882)
(2.22902e-09 1.79633e-09 0.000107882)
(3.34345e-09 1.475e-09 9.98721e-05)
(1.01574e-08 3.21387e-09 8.2996e-05)
(1.06535e-08 -6.95235e-09 5.70454e-05)
(3.29102e-09 -7.34178e-09 2.28716e-05)
(-6.56427e-09 -5.11645e-09 8.64454e-06)
(-8.2192e-09 -2.69826e-09 2.16669e-05)
(-4.31658e-09 2.39005e-10 3.47431e-05)
(-2.56198e-09 -1.69546e-09 4.47478e-05)
(-2.80577e-09 -6.43857e-10 5.00842e-05)
(1.4475e-09 -8.67765e-10 5.00843e-05)
(7.78185e-10 -2.1212e-09 4.47479e-05)
(1.63286e-09 3.05074e-10 3.47432e-05)
(5.32517e-09 1.69646e-10 2.16666e-05)
(6.94974e-09 -5.28402e-09 8.64466e-06)
(-5.03361e-09 1.79115e-09 8.64465e-06)
(8.04868e-09 -8.59151e-09 2.16668e-05)
(6.95356e-09 1.54588e-09 3.4744e-05)
(-3.10944e-10 2.01945e-09 4.47489e-05)
(1.35123e-09 -1.39716e-10 5.00854e-05)
(-8.89487e-10 -7.68664e-11 5.00858e-05)
(5.86773e-10 1.89892e-09 4.47493e-05)
(-7.56256e-09 2.41388e-10 3.47444e-05)
(-9.07533e-09 -8.50729e-09 2.16671e-05)
(4.26929e-09 2.09285e-09 8.64488e-06)
(1.57786e-09 8.25325e-10 2.28707e-05)
(3.1651e-09 -9.37271e-09 5.70445e-05)
(-2.49496e-10 -8.97792e-10 8.29971e-05)
(1.8191e-09 2.32519e-09 9.98733e-05)
(-1.27733e-09 -9.56955e-10 0.000107884)
(-1.43897e-09 -7.04347e-10 0.000107884)
(-4.55943e-09 2.62892e-09 9.98733e-05)
(-3.41249e-09 -5.601e-10 8.29972e-05)
(-7.45523e-09 -1.00348e-08 5.70442e-05)
(-6.21144e-09 -4.49362e-09 2.28707e-05)
(9.53213e-10 3.15137e-09 3.75033e-05)
(-1.45277e-09 -7.85214e-10 8.60468e-05)
(-2.89343e-09 -4.8368e-09 0.000114543)
(4.98384e-10 -2.04462e-09 0.000128146)
(-1.20964e-09 -9.37033e-10 0.000133194)
(-1.88322e-09 -8.39872e-10 0.000133194)
(-2.81613e-09 -1.30888e-09 0.000128146)
(3.75896e-10 -4.07055e-09 0.000114543)
(-5.14175e-11 -2.88406e-09 8.60463e-05)
(-2.37372e-09 -2.25775e-09 3.75031e-05)
(9.3497e-10 6.77826e-10 4.90225e-05)
(3.35499e-09 -1.4719e-09 0.000104706)
(2.53286e-09 -2.70958e-09 0.000129497)
(7.66228e-10 -1.25525e-09 0.000137784)
(-1.20709e-10 7.14362e-10 0.000139985)
(-1.57236e-09 3.7602e-10 0.000139985)
(-1.56406e-09 -1.75219e-09 0.000137785)
(-2.90739e-09 -3.29812e-09 0.000129497)
(-2.50138e-09 -3.81795e-09 0.000104706)
(5.96844e-10 8.01673e-10 4.90227e-05)
(-3.65961e-10 1.86091e-09 5.53209e-05)
(1.22876e-09 -2.01471e-09 0.000113183)
(6.49219e-10 -2.64196e-10 0.000134661)
(-2.2609e-10 -7.20926e-10 0.000140172)
(3.13178e-10 5.64388e-10 0.000141241)
(1.74398e-10 1.91e-10 0.000141241)
(1.38362e-09 -1.28822e-09 0.000140172)
(-1.29764e-10 -1.02756e-09 0.000134661)
(-1.03955e-09 -3.21251e-09 0.000113183)
(3.64457e-10 4.19753e-10 5.53208e-05)
(-1.14523e-09 9.39623e-10 5.53208e-05)
(1.43002e-09 -2.28583e-09 0.000113183)
(1.77436e-09 1.35366e-09 0.000134661)
(-6.35162e-10 -1.02525e-09 0.000140171)
(4.90627e-10 6.40179e-11 0.000141241)
(-5.53109e-10 -1.38858e-10 0.000141241)
(2.35071e-10 -8.83837e-10 0.000140172)
(-1.94033e-09 1.0556e-09 0.000134661)
(-7.02652e-10 -2.59701e-09 0.000113183)
(1.27498e-09 6.75107e-10 5.532e-05)
(-2.75349e-10 1.23191e-09 4.90229e-05)
(3.01559e-09 -4.64298e-09 0.000104706)
(3.32111e-09 3.61036e-09 0.000129497)
(-8.90121e-10 1.13922e-09 0.000137784)
(2.70579e-10 1.09144e-09 0.000139985)
(-1.05722e-09 5.50881e-10 0.000139985)
(-4.44148e-10 1.05698e-09 0.000137784)
(-4.3614e-09 3.29848e-09 0.000129498)
(-3.58774e-09 -4.93839e-09 0.000104705)
(-3.44915e-10 1.88649e-09 4.90221e-05)
(6.08218e-10 -2.18577e-09 3.75039e-05)
(-2.22859e-09 -8.4886e-09 8.60463e-05)
(-1.98182e-09 6.57651e-09 0.000114543)
(-9.84574e-10 3.80042e-09 0.000128145)
(-1.91713e-10 1.8219e-09 0.000133194)
(-5.17122e-11 1.43259e-09 0.000133194)
(-2.78435e-11 2.98432e-09 0.000128146)
(3.86311e-10 7.0331e-09 0.000114543)
(7.07255e-10 -7.52598e-09 8.60466e-05)
(-1.44515e-09 -1.56876e-09 3.75037e-05)
(-1.01147e-09 -3.81573e-09 2.28714e-05)
(-4.00774e-09 2.51994e-10 5.70444e-05)
(-1.47568e-09 7.28502e-09 8.2997e-05)
(3.01193e-09 1.1843e-09 9.98725e-05)
(-2.8903e-10 1.41749e-10 0.000107883)
(1.14475e-09 4.55782e-10 0.000107883)
(-1.2322e-09 -1.99474e-10 9.98727e-05)
(1.62761e-09 6.07108e-09 8.29968e-05)
(2.91359e-09 -1.52242e-09 5.70442e-05)
(-1.49099e-09 -2.13206e-09 2.28712e-05)
(-1.84146e-09 -1.84673e-09 8.64497e-06)
(2.6827e-09 4.57317e-09 2.16673e-05)
(5.66424e-09 3.63349e-09 3.47438e-05)
(4.49938e-09 -3.80247e-10 4.47485e-05)
(-1.5655e-10 -8.2732e-10 5.00845e-05)
(1.9424e-09 -2.86041e-10 5.00847e-05)
(2.95615e-10 -1.67909e-09 4.47483e-05)
(-1.06597e-09 9.89969e-10 3.47437e-05)
(1.09528e-09 1.26292e-09 2.16669e-05)
(8.15808e-10 -1.91223e-10 8.64444e-06)
(-1.50367e-08 1.08062e-08 8.64466e-06)
(-5.11822e-09 -1.4894e-09 2.16671e-05)
(-7.04608e-09 5.84273e-09 3.47438e-05)
(-9.75009e-09 2.05976e-09 4.4749e-05)
(-1.10795e-10 -2.29921e-10 5.00851e-05)
(-5.8128e-10 -1.25133e-10 5.00855e-05)
(7.82405e-09 1.75241e-09 4.47493e-05)
(3.62722e-09 4.17022e-09 3.47442e-05)
(1.07702e-09 -3.51556e-09 2.16676e-05)
(9.98269e-09 6.93339e-09 8.64509e-06)
(-1.14074e-08 1.57348e-08 2.28711e-05)
(-1.03169e-08 3.00026e-09 5.70447e-05)
(-1.566e-08 9.372e-09 8.2996e-05)
(-7.43482e-09 -2.9515e-09 9.98733e-05)
(-1.1601e-09 -5.85518e-09 0.000107884)
(3.12909e-09 -4.94094e-09 0.000107884)
(9.23176e-09 -1.63524e-09 9.98737e-05)
(1.65773e-08 9.92552e-09 8.29972e-05)
(9.61975e-09 3.02899e-09 5.70454e-05)
(6.80714e-09 1.00967e-08 2.28713e-05)
(-1.44656e-09 1.07148e-08 3.75036e-05)
(7.43486e-10 3.95577e-09 8.60469e-05)
(-2.98509e-09 7.95324e-09 0.000114543)
(1.43196e-09 -6.84941e-09 0.000128146)
(-3.19147e-10 -6.6011e-09 0.000133194)
(-5.47857e-10 -5.27123e-09 0.000133194)
(-2.37235e-09 -6.24659e-09 0.000128146)
(3.46146e-09 9.74947e-09 0.000114543)
(1.32276e-09 6.80835e-09 8.60472e-05)
(3.28566e-10 5.90897e-09 3.75033e-05)
(2.86624e-10 4.73817e-09 4.90228e-05)
(2.18624e-09 7.11252e-10 0.000104705)
(2.33313e-09 6.09824e-09 0.000129498)
(2.67154e-09 -2.22513e-09 0.000137784)
(-2.93997e-10 -2.43402e-09 0.000139986)
(-8.08224e-10 -1.52672e-09 0.000139986)
(-4.06574e-09 -2.47366e-09 0.000137785)
(-2.82084e-09 6.20118e-09 0.000129498)
(-5.17834e-10 9.75002e-10 0.000104705)
(1.0652e-09 1.89539e-09 4.90225e-05)
(1.37374e-09 1.90328e-09 5.5321e-05)
(1.89459e-09 2.70769e-10 0.000113183)
(1.17699e-09 2.84315e-09 0.000134661)
(1.69944e-09 -2.94823e-10 0.000140171)
(3.43754e-10 -7.60839e-10 0.000141241)
(2.24319e-10 -1.26981e-10 0.000141241)
(-1.50776e-09 -9.06631e-10 0.000140172)
(-1.42649e-09 1.95096e-09 0.000134661)
(-1.60246e-09 -1.32493e-10 0.000113182)
(-1.10033e-09 9.72602e-10 5.53207e-05)
(7.70163e-10 -3.92477e-14 5.53211e-05)
(1.64719e-09 1.11416e-09 0.000113183)
(1.459e-09 2.26935e-09 0.000134661)
(8.28756e-10 2.25813e-10 0.000140171)
(3.90183e-10 3.72244e-10 0.000141241)
(-6.18223e-11 6.46918e-10 0.000141241)
(-1.18047e-09 -1.33725e-09 0.000140172)
(-1.79917e-09 3.70608e-10 0.000134661)
(-2.10837e-09 -9.86386e-10 0.000113183)
(-4.37758e-10 -2.702e-09 5.53206e-05)
(-2.0475e-09 -1.78451e-09 4.90233e-05)
(1.32745e-09 1.39379e-09 0.000104706)
(4.31258e-09 1.22667e-09 0.000129498)
(2.91775e-09 6.47219e-10 0.000137784)
(2.11711e-09 1.51647e-09 0.000139985)
(8.23566e-11 1.42221e-09 0.000139986)
(-7.67679e-10 -5.49819e-10 0.000137785)
(-3.61492e-09 -1.22805e-09 0.000129498)
(-2.32735e-09 -2.05798e-09 0.000104705)
(2.26027e-09 -5.34852e-09 4.90225e-05)
(-4.81781e-11 -2.01467e-10 3.7504e-05)
(2.75401e-09 -1.971e-09 8.60466e-05)
(3.62942e-09 6.31036e-10 0.000114542)
(2.29615e-09 2.43534e-09 0.000128145)
(1.91149e-09 3.74154e-09 0.000133194)
(9.11488e-10 4.39508e-09 0.000133194)
(4.59557e-10 3.13983e-09 0.000128146)
(1.71273e-10 4.92516e-10 0.000114543)
(6.41809e-10 -7.65981e-09 8.60466e-05)
(2.95774e-09 -8.9505e-09 3.75034e-05)
(-7.69415e-11 -2.63655e-09 2.28714e-05)
(-4.50206e-09 -3.68855e-09 5.70443e-05)
(-5.95441e-09 -1.37043e-10 8.29963e-05)
(-1.91369e-09 6.88176e-10 9.98729e-05)
(-5.95088e-10 2.31282e-09 0.000107884)
(3.60354e-09 2.96567e-09 0.000107884)
(6.79805e-09 9.65681e-10 9.98735e-05)
(1.21202e-08 6.27762e-10 8.29963e-05)
(1.21834e-08 -5.89042e-09 5.70443e-05)
(8.46045e-09 -1.16267e-08 2.28709e-05)
(-6.9011e-09 -5.0217e-09 8.64486e-06)
(-6.90864e-09 -2.25611e-09 2.16671e-05)
(-3.53804e-09 -7.15306e-10 3.4744e-05)
(-1.61723e-09 -1.18741e-09 4.4749e-05)
(-1.19013e-09 -3.25612e-10 5.00852e-05)
(1.41834e-09 -2.92057e-10 5.00854e-05)
(2.1588e-09 -1.54787e-09 4.47489e-05)
(2.67575e-09 -1.12987e-10 3.47435e-05)
(5.00423e-09 4.71666e-10 2.16668e-05)
(6.29678e-09 -5.00467e-09 8.64452e-06)
(-4.90267e-09 2.56264e-09 8.64432e-06)
(9.15603e-09 -8.87079e-09 2.16662e-05)
(8.92727e-09 -7.4419e-10 3.47422e-05)
(-1.8496e-10 1.87208e-09 4.47479e-05)
(1.75301e-09 -4.71856e-11 5.0084e-05)
(4.77448e-10 -3.64992e-10 5.00842e-05)
(2.72926e-09 2.75488e-09 4.4748e-05)
(-4.32977e-09 1.47123e-09 3.47426e-05)
(-7.30648e-09 -7.18046e-09 2.16665e-05)
(4.64038e-09 3.09755e-09 8.64455e-06)
(1.33806e-09 3.55412e-10 2.28712e-05)
(2.01529e-10 -6.99235e-09 5.70447e-05)
(-2.32885e-09 -1.27755e-09 8.29945e-05)
(1.63981e-10 1.69602e-09 9.98716e-05)
(-1.46761e-09 -1.50717e-09 0.000107882)
(-1.43495e-09 -1.41011e-09 0.000107882)
(-4.27763e-09 2.88398e-09 9.98716e-05)
(-9.27454e-10 5.61422e-10 8.2995e-05)
(-2.71499e-09 -7.22023e-09 5.70453e-05)
(-2.37233e-09 -8.41839e-10 2.28719e-05)
(1.47683e-09 2.21063e-09 3.7504e-05)
(-1.73923e-09 1.22579e-09 8.60481e-05)
(-3.61021e-09 -3.64699e-09 0.000114543)
(2.30086e-10 -2.89071e-09 0.000128145)
(-1.07136e-10 -1.49917e-09 0.000133193)
(-2.30529e-10 -1.12634e-09 0.000133193)
(-7.55959e-10 -2.0352e-09 0.000128145)
(3.10698e-09 -2.65655e-09 0.000114544)
(3.76091e-09 5.44101e-10 8.60496e-05)
(5.53751e-10 1.11118e-09 3.75054e-05)
(2.05213e-10 1.36498e-09 4.90233e-05)
(3.1586e-09 -9.1994e-10 0.000104706)
(3.16792e-09 -2.1047e-09 0.0001295)
(1.3146e-09 -2.31512e-09 0.000137784)
(1.79917e-10 4.5918e-10 0.000139985)
(-8.97197e-10 1.06472e-10 0.000139985)
(-1.70313e-09 -2.10355e-09 0.000137784)
(-2.27648e-09 -2.11959e-09 0.000129499)
(-1.93415e-09 -1.264e-09 0.000104707)
(1.39881e-10 2.02683e-09 4.90241e-05)
(-2.18602e-10 2.10127e-09 5.53211e-05)
(9.04019e-10 -1.51803e-09 0.000113183)
(5.17122e-10 1.03738e-10 0.000134662)
(-6.10891e-10 -9.39365e-10 0.000140171)
(-7.4191e-10 6.7512e-10 0.000141241)
(-4.91168e-10 4.84587e-11 0.000141241)
(3.35959e-10 -6.68297e-10 0.000140171)
(-1.27108e-09 -3.57307e-10 0.000134662)
(-2.22245e-09 -2.07129e-09 0.000113183)
(-1.40344e-10 1.08766e-09 5.53213e-05)
(-7.65838e-10 8.75197e-10 5.5321e-05)
(1.06196e-09 -2.25267e-09 0.000113183)
(1.93604e-09 1.38562e-09 0.000134662)
(1.18843e-10 -4.67204e-10 0.000140171)
(5.36996e-10 4.59863e-10 0.000141241)
(-9.81849e-11 -3.36979e-10 0.000141241)
(3.78978e-10 -4.64133e-10 0.000140171)
(-1.74643e-09 1.30464e-09 0.000134662)
(-1.57015e-09 -1.88483e-09 0.000113182)
(5.57134e-10 5.30455e-10 5.53214e-05)
(-1.40378e-10 1.24243e-09 4.90232e-05)
(2.46604e-09 -5.05498e-09 0.000104706)
(4.29458e-09 2.80397e-09 0.000129499)
(8.22985e-10 1.06297e-09 0.000137784)
(9.07228e-10 1.0569e-09 0.000139985)
(-1.2636e-10 4.07923e-10 0.000139986)
(4.94888e-11 6.25029e-10 0.000137784)
(-3.62957e-09 3.64739e-09 0.000129499)
(-3.2596e-09 -4.18891e-09 0.000104705)
(-4.18753e-10 1.06022e-09 4.90234e-05)
(1.83666e-09 -1.26009e-09 3.75041e-05)
(-1.49267e-09 -8.68946e-09 8.6048e-05)
(-1.52787e-09 5.01886e-09 0.000114543)
(3.83903e-10 2.82126e-09 0.000128146)
(9.72036e-10 1.52901e-09 0.000133194)
(8.69004e-10 1.24721e-09 0.000133194)
(1.5338e-09 2.71362e-09 0.000128146)
(1.75839e-09 7.30953e-09 0.000114543)
(1.74259e-09 -5.79225e-09 8.60472e-05)
(-1.04335e-09 -7.1797e-10 3.75044e-05)
(-9.2707e-10 -4.29075e-09 2.28712e-05)
(-4.46098e-09 -2.42663e-09 5.70447e-05)
(-1.96636e-09 5.69818e-09 8.29962e-05)
(1.31097e-09 -2.41548e-10 9.98732e-05)
(-1.17175e-09 5.07026e-10 0.000107883)
(9.55227e-10 1.76881e-10 0.000107883)
(-2.08036e-09 -2.24163e-10 9.98727e-05)
(6.65854e-10 6.96003e-09 8.29954e-05)
(2.80952e-09 1.18747e-09 5.70448e-05)
(5.54402e-10 -3.75218e-09 2.28712e-05)
(-4.20428e-09 -3.25863e-09 8.64441e-06)
(-1.5763e-09 1.36886e-09 2.16665e-05)
(1.74342e-09 2.1041e-09 3.47433e-05)
(5.11327e-10 -1.47586e-09 4.47486e-05)
(-1.34363e-09 -1.14225e-11 5.00845e-05)
(1.12547e-09 -3.34016e-10 5.00846e-05)
(-2.13414e-09 -1.51567e-09 4.47484e-05)
(-3.60968e-09 2.30972e-09 3.47432e-05)
(3.03646e-10 2.42775e-09 2.16668e-05)
(4.89064e-09 -4.20714e-09 8.64465e-06)
(-1.21464e-08 9.01095e-09 8.6444e-06)
(-3.45387e-09 -2.97226e-09 2.16666e-05)
(-3.55925e-09 4.12791e-09 3.47434e-05)
(-6.72215e-09 2.67121e-09 4.47487e-05)
(-4.20879e-10 -4.16361e-10 5.00852e-05)
(-2.2979e-10 2.43055e-10 5.00853e-05)
(3.86112e-09 2.84057e-09 4.4749e-05)
(-1.95605e-09 3.05839e-09 3.47439e-05)
(-6.28726e-09 -7.11291e-09 2.16667e-05)
(7.22933e-09 5.64791e-09 8.64432e-06)
(-8.92133e-09 1.35471e-08 2.28709e-05)
(-9.58735e-09 1.26024e-09 5.70442e-05)
(-1.14501e-08 1.9644e-09 8.29971e-05)
(-4.42428e-09 -6.17563e-10 9.98732e-05)
(-1.69777e-09 -4.45391e-09 0.000107884)
(1.41936e-09 -3.24234e-09 0.000107883)
(3.94331e-09 2.68248e-09 9.98733e-05)
(8.7735e-09 4.42616e-09 8.29974e-05)
(3.62404e-09 -1.96972e-09 5.70444e-05)
(2.02012e-09 4.36058e-09 2.28707e-05)
(-3.03393e-09 1.01446e-08 3.75037e-05)
(-1.51708e-09 4.70619e-09 8.60468e-05)
(-1.03649e-09 -3.06636e-09 0.000114543)
(1.68878e-09 -4.85364e-09 0.000128146)
(-5.70954e-10 -4.34825e-09 0.000133194)
(-2.24154e-09 -3.40631e-09 0.000133194)
(-3.44464e-09 -1.6657e-09 0.000128146)
(-1.24882e-10 -8.69793e-10 0.000114542)
(1.53251e-09 3.98919e-09 8.60466e-05)
(1.40238e-10 2.62064e-09 3.75041e-05)
(-1.55488e-09 5.15583e-09 4.90229e-05)
(3.47401e-09 7.0485e-10 0.000104706)
(3.90238e-09 -4.60339e-10 0.000129498)
(1.63304e-09 -2.15574e-09 0.000137784)
(3.9053e-10 -1.0424e-09 0.000139985)
(-1.55318e-09 1.41786e-11 0.000139985)
(-2.26584e-09 -2.33778e-10 0.000137784)
(-3.38379e-09 -1.48996e-09 0.000129497)
(-1.32992e-09 -1.05031e-09 0.000104706)
(1.36157e-09 2.04174e-09 4.90233e-05)
(7.78752e-10 2.60172e-09 5.5321e-05)
(3.06699e-09 -5.54872e-10 0.000113183)
(1.84075e-09 1.07382e-09 0.000134661)
(1.65685e-10 -5.66778e-10 0.000140171)
(2.94723e-10 2.72489e-10 0.000141241)
(-4.40954e-10 4.22477e-10 0.000141241)
(-4.47242e-10 1.80394e-12 0.000140171)
(-1.39264e-09 -3.48203e-10 0.000134661)
(-2.09779e-09 -1.86633e-09 0.000113183)
(-3.85276e-12 1.27204e-09 5.5321e-05)
(5.02537e-10 1.28451e-09 5.53206e-05)
(2.73976e-09 -7.19853e-10 0.000113183)
(2.30303e-09 3.43864e-09 0.000134661)
(5.03088e-10 -4.22404e-10 0.000140171)
(4.67602e-10 5.09236e-10 0.00014124)
(-6.66452e-10 4.8481e-10 0.000141241)
(4.80875e-11 1.82879e-10 0.000140171)
(-1.67862e-09 1.48046e-09 0.000134661)
(-8.70309e-10 -3.32236e-09 0.000113183)
(9.00826e-10 5.76497e-11 5.53206e-05)
(-1.05459e-09 -3.05232e-10 4.90232e-05)
(1.42324e-09 -3.57386e-09 0.000104706)
(4.67451e-09 3.97197e-09 0.000129498)
(2.25926e-09 -2.09956e-10 0.000137784)
(2.28617e-09 6.52574e-10 0.000139985)
(-4.04262e-10 6.53617e-10 0.000139985)
(-1.40505e-09 1.22262e-09 0.000137784)
(-4.96338e-09 2.525e-09 0.000129498)
(-2.10081e-09 -6.79771e-09 0.000104706)
(1.22802e-09 1.08998e-09 4.9023e-05)
(1.36066e-09 -9.34731e-10 3.75042e-05)
(3.97859e-10 -8.39857e-09 8.60469e-05)
(2.8953e-09 3.66418e-09 0.000114543)
(2.42269e-09 2.79579e-09 0.000128146)
(6.63862e-10 3.58491e-09 0.000133194)
(1.26931e-10 3.54609e-09 0.000133193)
(-1.37586e-09 4.86488e-09 0.000128146)
(-2.27766e-09 4.20983e-09 0.000114543)
(-1.35004e-09 -1.2518e-08 8.60468e-05)
(-2.10593e-09 -2.18549e-09 3.75047e-05)
(-4.05412e-10 -5.18516e-09 2.28709e-05)
(-7.03545e-09 -6.26538e-09 5.70436e-05)
(-8.53997e-09 1.38358e-09 8.29962e-05)
(-3.22389e-09 6.29707e-10 9.98725e-05)
(-1.88087e-09 2.91069e-09 0.000107883)
(3.32783e-09 3.02229e-09 0.000107883)
(4.61963e-09 1.81854e-09 9.98733e-05)
(1.09578e-08 2.64886e-09 8.29977e-05)
(1.02428e-08 -7.39702e-09 5.70447e-05)
(3.09974e-09 -7.59921e-09 2.28714e-05)
(-6.63223e-09 -5.42699e-09 8.64441e-06)
(-8.10026e-09 -2.23487e-09 2.16662e-05)
(-5.472e-09 -7.86485e-10 3.47428e-05)
(-3.35892e-09 -2.06795e-09 4.47481e-05)
(-2.13527e-09 -8.93961e-12 5.0084e-05)
(1.85102e-09 -3.07523e-10 5.00843e-05)
(7.70396e-10 -1.85868e-09 4.47483e-05)
(2.70355e-09 3.22386e-11 3.47438e-05)
(4.23544e-09 7.10411e-10 2.16667e-05)
(1.53257e-09 -1.66097e-09 8.64452e-06)
(-1.1321e-09 -3.46617e-10 8.64463e-06)
(8.86796e-09 -8.99487e-09 2.16668e-05)
(4.34401e-09 2.57036e-09 3.47437e-05)
(-2.79901e-09 1.62818e-09 4.47482e-05)
(3.34337e-09 -3.68423e-10 5.00847e-05)
(1.19853e-09 -1.48647e-10 5.00843e-05)
(5.41543e-09 1.70024e-09 4.47477e-05)
(-1.72048e-09 3.21442e-09 3.47431e-05)
(-5.074e-09 -5.75747e-09 2.16664e-05)
(6.45085e-09 4.23457e-09 8.64431e-06)
(1.1086e-09 1.86626e-10 2.28716e-05)
(2.7396e-09 -7.73435e-09 5.70449e-05)
(-5.50745e-09 5.60464e-09 8.2997e-05)
(-1.96906e-09 -2.03381e-10 9.9873e-05)
(6.37408e-10 -3.03305e-09 0.000107883)
(-4.18757e-11 -2.27591e-09 0.000107883)
(1.28564e-09 -1.64577e-10 9.98724e-05)
(4.17462e-09 6.66289e-09 8.29961e-05)
(-2.18734e-09 -5.66236e-09 5.70439e-05)
(1.16051e-09 3.3013e-09 2.28706e-05)
(2.77985e-09 4.59922e-10 3.75043e-05)
(1.66802e-09 -1.53148e-09 8.60477e-05)
(-3.02977e-09 5.3911e-09 0.000114543)
(1.32201e-09 -4.48017e-09 0.000128146)
(-4.01961e-11 -3.09506e-09 0.000133194)
(-7.0249e-10 -2.88792e-09 0.000133194)
(-1.79781e-09 -5.05228e-09 0.000128145)
(3.86567e-09 5.77114e-09 0.000114542)
(-4.51276e-10 -1.02895e-09 8.60462e-05)
(-1.85318e-09 1.90469e-09 3.75035e-05)
(1.83044e-09 -1.18639e-09 4.9023e-05)
(2.82706e-09 -2.99928e-09 0.000104706)
(2.60179e-09 3.95906e-09 0.000129497)
(3.14945e-09 -2.16101e-09 0.000137784)
(-2.59837e-10 -4.07838e-10 0.000139985)
(-3.78526e-10 -3.37979e-10 0.000139985)
(-3.26282e-09 -2.75413e-09 0.000137784)
(-2.76769e-09 3.61447e-09 0.000129497)
(-2.53848e-09 -1.42814e-09 0.000104705)
(-1.81308e-09 -9.18944e-10 4.90224e-05)
(6.43344e-10 4.80759e-10 5.53211e-05)
(-3.21482e-10 -1.10366e-09 0.000113183)
(1.74416e-10 2.32319e-09 0.000134661)
(8.27967e-10 -5.34692e-10 0.000140172)
(-7.92129e-11 9.423e-11 0.000141241)
(6.45391e-10 3.32356e-10 0.000141241)
(-1.3536e-09 -5.74082e-10 0.000140171)
(-3.84577e-10 1.58901e-09 0.00013466)
(-3.59388e-10 -4.02512e-10 0.000113183)
(-1.08507e-09 -4.80892e-10 5.53208e-05)
(7.15741e-10 -5.95455e-10 5.53208e-05)
(4.87664e-10 7.73505e-10 0.000113183)
(6.02412e-10 2.48784e-09 0.00013466)
(6.88544e-10 -5.88901e-10 0.000140171)
(4.05677e-10 -9.0426e-11 0.00014124)
(4.85899e-10 -2.05121e-10 0.000141241)
(-2.90854e-10 -1.05912e-09 0.000140171)
(-8.16594e-10 1.51796e-09 0.000134661)
(-2.0184e-09 3.3347e-10 0.000113183)
(-1.02481e-09 -2.17105e-09 5.53205e-05)
(8.93411e-11 3.31982e-10 4.9023e-05)
(2.89201e-09 1.78322e-09 0.000104706)
(3.24359e-09 2.15032e-09 0.000129498)
(4.68389e-10 6.26708e-10 0.000137784)
(-1.16101e-10 7.42107e-11 0.000139985)
(-9.47567e-10 7.829e-10 0.000139985)
(-1.31726e-09 7.48966e-10 0.000137784)
(-3.89514e-09 1.94137e-09 0.000129498)
(-4.50299e-09 6.83458e-10 0.000104706)
(1.68773e-10 -3.95163e-09 4.90226e-05)
(1.13711e-10 -2.0758e-09 3.75044e-05)
(5.59281e-10 -1.12389e-09 8.60472e-05)
(-1.59173e-09 3.32864e-09 0.000114543)
(-1.38544e-09 1.90736e-09 0.000128146)
(4.63197e-10 7.36194e-10 0.000133193)
(1.92131e-10 1.36427e-09 0.000133193)
(4.62517e-10 3.24201e-09 0.000128146)
(7.62086e-10 4.68716e-09 0.000114543)
(4.2467e-10 -1.52717e-09 8.60476e-05)
(2.32687e-09 -6.55422e-09 3.7504e-05)
(-2.1389e-09 -3.97291e-09 2.28712e-05)
(-8.52429e-10 3.22388e-09 5.70445e-05)
(5.66057e-10 5.55216e-09 8.29965e-05)
(2.10126e-09 -4.21975e-10 9.98724e-05)
(1.24251e-10 -3.17611e-10 0.000107883)
(6.73591e-10 3.26146e-10 0.000107883)
(-4.2401e-10 1.7664e-10 9.98728e-05)
(1.09585e-09 5.47224e-09 8.29972e-05)
(4.04481e-09 1.94735e-09 5.70444e-05)
(5.07403e-09 -7.18969e-09 2.28711e-05)
(-2.4323e-09 -1.6999e-09 8.64454e-06)
(2.25564e-09 4.46526e-09 2.16665e-05)
(6.22536e-09 3.81434e-09 3.47435e-05)
(3.41147e-09 -1.13207e-09 4.47482e-05)
(9.12053e-11 -6.00599e-10 5.00847e-05)
(1.0454e-09 -2.66699e-10 5.00844e-05)
(-7.81527e-10 -1.41289e-09 4.47481e-05)
(-3.62435e-09 1.90917e-09 3.47433e-05)
(-1.17002e-10 3.46176e-09 2.16665e-05)
(6.81243e-09 -4.94064e-09 8.64443e-06)
(-1.23805e-08 8.64302e-09 8.64443e-06)
(-2.65064e-11 -3.47582e-09 2.16669e-05)
(-3.10237e-09 4.47573e-09 3.47438e-05)
(-8.90262e-09 2.37377e-09 4.47492e-05)
(2.91565e-10 -3.04512e-10 5.00848e-05)
(-2.30748e-09 -4.10322e-10 5.00842e-05)
(5.32444e-09 1.8876e-09 4.4748e-05)
(-9.60681e-10 2.6497e-09 3.47425e-05)
(-4.98275e-09 -7.18822e-09 2.16664e-05)
(9.9316e-09 7.17957e-09 8.64448e-06)
(-6.92757e-09 9.50608e-09 2.28715e-05)
(-6.50724e-09 -3.32153e-10 5.70452e-05)
(-1.33087e-08 8.85958e-09 8.29961e-05)
(-7.71409e-09 -7.79484e-10 9.9874e-05)
(-2.03585e-09 -4.85053e-09 0.000107883)
(6.33442e-10 -5.07106e-09 0.000107883)
(7.34141e-09 -8.54411e-10 9.98725e-05)
(1.24819e-08 8.24792e-09 8.29938e-05)
(4.01725e-09 -1.53595e-09 5.7044e-05)
(4.89327e-09 7.21086e-09 2.2871e-05)
(-2.88344e-09 9.20988e-09 3.75039e-05)
(-6.58207e-10 2.87037e-09 8.60482e-05)
(-2.89891e-09 7.6177e-09 0.000114543)
(1.07283e-09 -5.79142e-09 0.000128146)
(-1.11508e-10 -5.1923e-09 0.000133194)
(-3.86763e-10 -5.89479e-09 0.000133193)
(-1.90973e-09 -6.05574e-09 0.000128145)
(2.95718e-09 8.6842e-09 0.000114542)
(-3.9169e-10 3.32938e-09 8.6048e-05)
(-1.43897e-09 2.33037e-09 3.75042e-05)
(2.63769e-10 5.0496e-09 4.9022e-05)
(2.70197e-09 5.14709e-10 0.000104705)
(3.82525e-09 5.17343e-09 0.000129499)
(4.64471e-09 -2.57213e-09 0.000137784)
(-7.85743e-11 -9.03223e-10 0.000139985)
(-7.6606e-10 -1.41878e-09 0.000139986)
(-4.25166e-09 -2.28667e-09 0.000137784)
(-3.15556e-09 5.49199e-09 0.000129499)
(-1.04401e-09 -8.99789e-10 0.000104705)
(-2.64256e-10 -2.7639e-10 4.90226e-05)
(1.96672e-09 1.73949e-09 5.53203e-05)
(1.72732e-09 1.75615e-10 0.000113181)
(1.29296e-09 2.36912e-09 0.000134662)
(2.24111e-09 -1.0502e-09 0.000140171)
(-2.517e-10 1.32098e-10 0.000141241)
(6.24786e-11 2.64696e-10 0.000141241)
(-2.29982e-09 -6.10475e-10 0.000140171)
(-1.62213e-09 2.22802e-09 0.000134662)
(-1.50932e-09 -1.24552e-09 0.000113182)
(-1.4566e-09 -5.6853e-11 5.53206e-05)
(1.42043e-09 -7.92663e-11 5.53207e-05)
(1.15163e-09 8.00736e-10 0.000113181)
(6.80249e-10 1.28682e-09 0.000134661)
(1.7835e-09 -1.08661e-09 0.000140171)
(1.13723e-09 5.0734e-11 0.000141241)
(4.79286e-10 5.39721e-10 0.000141241)
(-1.67047e-09 -6.60246e-10 0.000140171)
(-2.31601e-09 2.38067e-09 0.000134662)
(-2.29906e-09 -1.33262e-09 0.000113182)
(-7.01914e-10 -3.54119e-09 5.53209e-05)
(-5.24233e-10 -7.68513e-10 4.90228e-05)
(1.94819e-09 1.92289e-09 0.000104705)
(3.68748e-09 7.66109e-11 0.000129498)
(2.23973e-09 -5.19517e-10 0.000137784)
(8.1393e-10 8.14893e-10 0.000139986)
(-4.65096e-10 1.44556e-09 0.000139986)
(-1.96276e-09 1.33654e-10 0.000137784)
(-4.63092e-09 1.34601e-09 0.000129498)
(-3.06806e-09 -1.82209e-09 0.000104705)
(1.46518e-09 -5.75807e-09 4.90223e-05)
(5.48828e-10 -4.26916e-10 3.75036e-05)
(2.64325e-09 -1.75046e-09 8.60473e-05)
(2.723e-09 -3.70004e-10 0.000114543)
(1.29244e-09 1.16441e-09 0.000128146)
(3.13126e-10 3.04049e-09 0.000133194)
(-1.504e-10 4.41945e-09 0.000133194)
(5.18812e-10 3.83781e-09 0.000128146)
(-4.91939e-10 2.16048e-09 0.000114543)
(7.79645e-11 -7.35211e-09 8.60468e-05)
(3.12941e-09 -9.54037e-09 3.75033e-05)
(-9.66629e-10 -3.69415e-09 2.28709e-05)
(-2.42609e-09 -2.17857e-09 5.70438e-05)
(-4.36115e-09 -3.35385e-10 8.29956e-05)
(-2.69958e-09 1.57423e-10 9.98737e-05)
(-1.83612e-09 1.86578e-09 0.000107884)
(1.81761e-09 2.91399e-09 0.000107884)
(4.91187e-09 1.80128e-09 9.98739e-05)
(9.62928e-09 1.97512e-09 8.29961e-05)
(1.1092e-08 -5.24206e-09 5.70441e-05)
(8.65442e-09 -1.21148e-08 2.28702e-05)
(-5.97155e-09 -4.27204e-09 8.64442e-06)
(-4.60857e-09 -6.59492e-10 2.16672e-05)
(-3.98251e-09 -1.22474e-09 3.47445e-05)
(-2.47953e-09 -1.08392e-09 4.475e-05)
(-1.06858e-09 -3.77166e-10 5.00859e-05)
(4.31925e-10 -4.08924e-10 5.00857e-05)
(5.48549e-10 -1.34435e-09 4.47495e-05)
(1.72554e-09 2.11906e-10 3.47436e-05)
(6.6325e-09 -3.27549e-10 2.16669e-05)
(1.03652e-08 -8.05588e-09 8.64422e-06)
(-8.36255e-09 5.77671e-09 8.64429e-06)
(1.3989e-09 -5.24552e-09 2.16666e-05)
(1.01597e-09 1.29243e-09 3.47425e-05)
(-4.7238e-09 1.98201e-09 4.47482e-05)
(-4.37511e-10 1.121e-10 5.00839e-05)
(-2.34476e-09 -3.57775e-10 5.00842e-05)
(1.8775e-09 2.1918e-09 4.4748e-05)
(-3.34683e-09 1.46075e-09 3.4742e-05)
(-6.58122e-09 -8.77063e-09 2.1666e-05)
(6.51955e-09 4.17839e-09 8.64416e-06)
(-6.96441e-09 1.08898e-08 2.2871e-05)
(-6.5365e-09 -4.89327e-10 5.7045e-05)
(-6.61345e-09 -1.29362e-10 8.29952e-05)
(-1.56756e-09 -1.34044e-10 9.98723e-05)
(-9.47537e-10 -2.62241e-09 0.000107882)
(2.9336e-10 -2.99267e-09 0.000107882)
(1.05758e-09 1.49502e-09 9.98719e-05)
(4.27236e-09 2.31576e-09 8.29938e-05)
(-2.44824e-09 -6.22275e-09 5.70441e-05)
(-1.93453e-09 1.35933e-09 2.2871e-05)
(-3.10657e-09 9.42692e-09 3.75042e-05)
(-8.36103e-10 4.52883e-09 8.60477e-05)
(6.37136e-10 -3.92622e-09 0.000114543)
(2.10336e-09 -4.21297e-09 0.000128145)
(1.40677e-10 -3.23052e-09 0.000133193)
(-8.96592e-10 -2.5385e-09 0.000133194)
(-2.59109e-09 -1.35914e-09 0.000128145)
(-2.54267e-10 1.30924e-10 0.000114543)
(-2.02376e-10 1.2815e-09 8.60482e-05)
(-1.11628e-09 5.02844e-10 3.75044e-05)
(-2.93593e-10 6.03544e-09 4.90227e-05)
(4.27362e-09 5.78417e-10 0.000104705)
(4.05311e-09 -2.41077e-09 0.000129499)
(1.52669e-09 -2.24881e-09 0.000137784)
(9.87806e-11 -5.75592e-10 0.000139985)
(-1.13851e-09 3.51731e-10 0.000139985)
(-2.83885e-09 2.27294e-10 0.000137784)
(-3.82514e-09 -2.83774e-10 0.0001295)
(-1.99918e-09 -2.14592e-09 0.000104706)
(7.87618e-10 1.29996e-09 4.90233e-05)
(9.71242e-10 2.7356e-09 5.53208e-05)
(3.38497e-09 -4.85458e-10 0.000113182)
(1.76982e-09 5.46155e-10 0.000134662)
(9.2145e-10 -7.82024e-10 0.000140171)
(3.76732e-10 -1.43987e-10 0.000141241)
(-1.84339e-10 -7.93139e-11 0.000141241)
(6.57386e-10 -7.19419e-10 0.000140171)
(-2.2842e-10 4.03821e-10 0.000134662)
(-1.63752e-09 -1.29173e-09 0.000113182)
(-4.54854e-10 1.64232e-09 5.53211e-05)
(2.31836e-10 9.15373e-10 5.53208e-05)
(2.69916e-09 -1.08312e-09 0.000113181)
(2.14463e-09 2.39324e-09 0.000134662)
(3.43637e-10 -2.39964e-10 0.000140171)
(1.11075e-09 4.41219e-10 0.000141241)
(-1.45351e-10 1.01555e-10 0.000141241)
(5.34446e-10 3.33352e-10 0.000140171)
(-1.32726e-09 2.27852e-09 0.000134662)
(-2.24691e-09 -2.71402e-09 0.000113182)
(-1.61381e-11 -6.45132e-10 5.53214e-05)
(-1.45641e-09 -3.35265e-10 4.9023e-05)
(1.79401e-09 -3.75478e-09 0.000104705)
(4.96816e-09 3.00315e-09 0.000129499)
(2.28189e-09 -2.37982e-10 0.000137784)
(2.05592e-09 2.9883e-10 0.000139986)
(4.16951e-10 1.57326e-10 0.000139985)
(-7.6606e-10 1.26476e-09 0.000137784)
(-5.58717e-09 4.16218e-09 0.000129499)
(-2.15008e-09 -5.02533e-09 0.000104705)
(1.1519e-09 7.6057e-10 4.90233e-05)
(3.79578e-10 -9.26746e-10 3.75033e-05)
(-6.2629e-10 -9.6535e-09 8.60476e-05)
(2.70173e-09 3.91907e-09 0.000114543)
(1.59729e-09 1.7591e-09 0.000128146)
(3.66503e-10 2.36322e-09 0.000133194)
(-1.80948e-10 2.8974e-09 0.000133194)
(-9.37049e-10 4.87744e-09 0.000128146)
(-2.22721e-09 6.46692e-09 0.000114543)
(-4.0155e-10 -1.03181e-08 8.60474e-05)
(-8.93779e-10 -2.2107e-09 3.7504e-05)
(-1.42024e-09 -5.70476e-09 2.28712e-05)
(-6.44758e-09 -6.66091e-09 5.7045e-05)
(-6.02976e-09 2.90116e-09 8.29963e-05)
(-2.3295e-09 9.54852e-10 9.98733e-05)
(-2.26374e-09 1.80437e-09 0.000107883)
(1.70171e-09 2.02233e-09 0.000107883)
(1.68243e-09 2.69372e-09 9.9873e-05)
(7.49748e-09 5.12251e-09 8.29959e-05)
(8.55263e-09 -5.45748e-09 5.70452e-05)
(3.4707e-09 -8.19915e-09 2.28709e-05)
(-4.69002e-09 -5.23145e-09 8.64445e-06)
(-4.9515e-09 -1.29671e-09 2.16672e-05)
(-2.89034e-09 4.91351e-10 3.47436e-05)
(-1.4837e-09 -8.48142e-10 4.47488e-05)
(-2.72244e-09 -6.58598e-10 5.00846e-05)
(3.03469e-10 -7.97602e-10 5.00845e-05)
(-1.30812e-09 -1.13611e-09 4.47486e-05)
(9.91844e-10 1.1718e-09 3.4743e-05)
(5.80239e-09 -1.07452e-10 2.16664e-05)
(5.83673e-09 -4.99204e-09 8.64424e-06)
(-1.05956e-08 7.72588e-09 8.64433e-06)
(-3.84919e-09 -1.30496e-09 2.16663e-05)
(-2.19382e-09 3.0924e-09 3.47424e-05)
(-5.14231e-09 1.68986e-09 4.47474e-05)
(-4.02548e-10 -3.69905e-10 5.0084e-05)
(-9.1295e-10 2.00914e-10 5.00844e-05)
(2.36335e-09 2.22096e-09 4.47482e-05)
(-2.86966e-09 1.60191e-09 3.47427e-05)
(-5.55543e-09 -7.21163e-09 2.16664e-05)
(6.63734e-09 4.93095e-09 8.64455e-06)
(-7.90174e-09 1.19028e-08 2.28713e-05)
(-8.96801e-09 2.17403e-09 5.70451e-05)
(-8.96938e-09 1.91443e-09 8.29953e-05)
(-2.27113e-09 -1.54744e-09 9.98716e-05)
(-7.76025e-10 -4.26968e-09 0.000107882)
(2.50759e-09 -2.44899e-09 0.000107882)
(3.73478e-09 1.38158e-09 9.98723e-05)
(8.82621e-09 3.12965e-09 8.29957e-05)
(3.33523e-09 -1.15727e-09 5.70451e-05)
(-6.54084e-10 2.84385e-09 2.28716e-05)
(-2.82253e-09 9.77136e-09 3.7504e-05)
(-1.06942e-09 4.99876e-09 8.60471e-05)
(-4.70173e-10 -2.93855e-09 0.000114542)
(1.26944e-09 -5.13189e-09 0.000128145)
(-2.03849e-10 -3.85395e-09 0.000133193)
(-7.48978e-10 -2.61568e-09 0.000133194)
(-2.68353e-09 -2.8621e-09 0.000128146)
(5.19332e-10 -3.19857e-10 0.000114544)
(2.19087e-09 5.00866e-09 8.60475e-05)
(-1.12456e-11 2.20559e-09 3.7504e-05)
(-6.84414e-10 4.90381e-09 4.90236e-05)
(4.10447e-09 6.29958e-10 0.000104706)
(3.66522e-09 -1.77586e-09 0.000129498)
(1.55403e-09 -2.56203e-09 0.000137784)
(1.09069e-09 1.11371e-10 0.000139985)
(-4.49681e-10 3.18766e-10 0.000139985)
(-1.24001e-09 -1.49458e-09 0.000137784)
(-3.38859e-09 -1.62277e-09 0.000129499)
(-1.83194e-09 -1.71003e-09 0.000104706)
(1.53759e-09 2.20034e-09 4.90233e-05)
(2.02823e-10 2.03977e-09 5.53213e-05)
(3.12937e-09 -9.8346e-10 0.000113183)
(2.22474e-09 -3.24308e-10 0.000134662)
(1.51953e-10 -1.96339e-09 0.000140172)
(8.52135e-11 5.57772e-11 0.000141241)
(-4.71734e-10 5.62658e-10 0.000141241)
(4.64481e-10 -9.84218e-10 0.000140171)
(-1.27838e-09 -7.66737e-10 0.000134662)
(-2.0617e-09 -1.84378e-09 0.000113183)
(4.72317e-10 1.48053e-09 5.53211e-05)
(-3.12297e-10 7.78998e-10 5.53214e-05)
(2.62735e-09 -1.54813e-09 0.000113183)
(2.46185e-09 1.49365e-09 0.000134662)
(4.4242e-10 -1.47206e-09 0.000140171)
(1.3942e-09 1.48784e-10 0.000141241)
(-5.98741e-10 2.99063e-10 0.000141241)
(1.95956e-10 -3.59431e-10 0.000140172)
(-1.72129e-09 1.79767e-09 0.000134661)
(-1.65935e-09 -2.59723e-09 0.000113183)
(1.02812e-09 -4.90169e-10 5.53212e-05)
(-1.46422e-09 -3.93034e-10 4.90234e-05)
(2.29657e-09 -3.55958e-09 0.000104706)
(5.23564e-09 3.64168e-09 0.000129499)
(1.62319e-09 -7.49891e-11 0.000137784)
(1.52404e-09 2.58838e-10 0.000139985)
(-8.18599e-10 5.09435e-11 0.000139985)
(-1.35135e-09 6.14972e-10 0.000137784)
(-5.75388e-09 3.45598e-09 0.000129498)
(-2.76124e-09 -4.90304e-09 0.000104706)
(1.11188e-09 8.55816e-10 4.90236e-05)
(5.10247e-10 -2.04407e-10 3.75036e-05)
(-9.85008e-10 -9.14306e-09 8.60469e-05)
(2.33567e-09 3.7073e-09 0.000114543)
(1.53704e-09 2.64925e-09 0.000128146)
(6.49873e-11 2.91097e-09 0.000133194)
(-7.44396e-10 3.57524e-09 0.000133194)
(-2.01807e-09 4.48564e-09 0.000128146)
(-2.41181e-09 5.01267e-09 0.000114543)
(-6.50971e-10 -1.10056e-08 8.60473e-05)
(-1.07511e-09 -2.60105e-09 3.7504e-05)
(9.15261e-10 -2.76078e-09 2.28712e-05)
(-6.7595e-09 -6.54849e-09 5.70459e-05)
(-7.21768e-09 1.52669e-09 8.29971e-05)
(-2.85677e-09 3.63171e-10 9.98722e-05)
(-2.65125e-09 1.92121e-09 0.000107882)
(1.9219e-09 2.65459e-09 0.000107881)
(2.40586e-09 2.10639e-09 9.98718e-05)
(9.76062e-09 3.08253e-09 8.29961e-05)
(9.59244e-09 -6.75472e-09 5.70453e-05)
(2.18043e-09 -6.3443e-09 2.28715e-05)
(-2.6516e-09 -3.11822e-09 8.64496e-06)
(-4.28299e-09 -1.16481e-09 2.16668e-05)
(-3.65517e-09 -4.96097e-10 3.47429e-05)
(-1.58531e-09 -1.7474e-09 4.47475e-05)
(-2.52676e-09 -9.711e-10 5.00838e-05)
(8.44462e-10 -7.77312e-10 5.0084e-05)
(-5.61082e-10 -1.61223e-09 4.47478e-05)
(8.97234e-10 4.10521e-10 3.47429e-05)
(3.81023e-09 6.54751e-10 2.16663e-05)
(4.42439e-09 -3.51465e-09 8.64446e-06)
(-1.69905e-09 1.58543e-09 8.64496e-06)
(9.97436e-09 -9.47146e-09 2.1667e-05)
(6.47057e-09 2.03141e-10 3.47445e-05)
(7.36035e-10 1.45632e-09 4.47488e-05)
(2.23462e-09 -1.81235e-10 5.00856e-05)
(4.86294e-10 -2.55944e-10 5.00858e-05)
(2.72931e-09 2.72159e-09 4.47492e-05)
(-4.9782e-09 1.01465e-09 3.47447e-05)
(-8.06013e-09 -7.96497e-09 2.16677e-05)
(3.77449e-09 2.42922e-09 8.64501e-06)
(-1.52786e-09 2.68827e-09 2.2871e-05)
(-8.92006e-10 -6.92672e-09 5.70448e-05)
(-1.36687e-09 -1.22317e-09 8.29973e-05)
(1.85862e-09 8.24428e-10 9.98729e-05)
(-6.98141e-10 -1.10239e-09 0.000107884)
(2.40569e-11 -1.45303e-09 0.000107884)
(-3.17469e-09 2.60164e-09 9.98737e-05)
(-7.75629e-10 3.94248e-10 8.29973e-05)
(-2.14144e-09 -6.65692e-09 5.70451e-05)
(-1.46508e-09 -2.17235e-10 2.2871e-05)
(2.16642e-09 1.57081e-09 3.75036e-05)
(9.60766e-11 9.97067e-10 8.6047e-05)
(-1.72631e-09 -4.20042e-09 0.000114543)
(2.14317e-09 -2.89256e-09 0.000128146)
(6.22749e-10 -5.02506e-10 0.000133194)
(-1.34988e-09 -1.48958e-09 0.000133194)
(-1.82066e-09 -1.97335e-09 0.000128146)
(2.11481e-09 -3.36729e-09 0.000114543)
(2.57067e-09 3.17975e-10 8.60468e-05)
(2.61451e-10 1.95704e-09 3.75038e-05)
(2.9889e-10 3.12643e-10 4.9023e-05)
(3.41531e-09 -1.16715e-09 0.000104705)
(3.28414e-09 -2.03614e-09 0.000129497)
(1.67836e-09 -1.41084e-09 0.000137785)
(6.58718e-10 7.79813e-10 0.000139986)
(-1.02715e-09 4.97526e-10 0.000139986)
(-5.97784e-10 -1.52965e-09 0.000137784)
(-2.00632e-09 -3.13265e-09 0.000129497)
(-1.60737e-09 -1.23862e-09 0.000104705)
(9.72586e-10 2.68339e-09 4.90231e-05)
(-6.18434e-10 1.58676e-09 5.5321e-05)
(8.53226e-10 -1.38627e-09 0.000113183)
(7.9489e-10 5.0644e-10 0.000134661)
(-7.07328e-11 -1.00764e-09 0.000140172)
(4.79266e-10 3.997e-10 0.000141241)
(-1.80494e-10 6.87332e-10 0.000141241)
(1.41547e-09 -3.45585e-10 0.000140172)
(-2.44095e-10 -8.09968e-10 0.000134661)
(-1.63388e-09 -1.50822e-09 0.000113183)
(4.00572e-10 1.27213e-09 5.53211e-05)
(-7.29402e-10 6.22306e-10 5.53212e-05)
(1.22479e-09 -1.71854e-09 0.000113184)
(1.68866e-09 1.75738e-09 0.000134661)
(-2.71992e-10 -7.93238e-10 0.000140172)
(5.09025e-10 -7.30999e-11 0.000141241)
(3.66374e-11 -1.05776e-10 0.000141241)
(1.03779e-09 -7.00426e-10 0.000140172)
(-1.83716e-09 1.95912e-09 0.000134661)
(-1.50977e-09 -1.95801e-09 0.000113183)
(7.67832e-10 6.44463e-10 5.53211e-05)
(2.0511e-11 1.0799e-09 4.90235e-05)
(3.41324e-09 -4.36949e-09 0.000104706)
(5.26215e-09 3.66427e-09 0.000129498)
(7.12765e-10 5.19904e-10 0.000137784)
(6.64713e-10 3.40463e-10 0.000139985)
(-1.94275e-10 4.61488e-11 0.000139985)
(-3.79651e-11 5.24398e-10 0.000137784)
(-3.86587e-09 4.39005e-09 0.000129498)
(-2.94281e-09 -4.10108e-09 0.000104705)
(-1.28869e-10 1.484e-09 4.90225e-05)
(8.08982e-10 -2.42287e-09 3.75045e-05)
(-2.54754e-09 -9.34619e-09 8.60464e-05)
(-2.29643e-09 5.57997e-09 0.000114543)
(-9.24361e-10 2.48905e-09 0.000128146)
(-7.61713e-10 1.19523e-09 0.000133194)
(-1.11516e-09 1.18751e-09 0.000133193)
(-4.9177e-10 2.86738e-09 0.000128146)
(7.6063e-11 7.14023e-09 0.000114543)
(-4.11277e-10 -5.77834e-09 8.60468e-05)
(-2.1343e-09 -7.35086e-10 3.75039e-05)
(-1.37122e-09 -3.15624e-09 2.2871e-05)
(-6.03473e-09 -1.8674e-09 5.7044e-05)
(-2.45107e-09 5.89378e-09 8.29966e-05)
(8.45247e-10 1.85127e-10 9.98722e-05)
(-1.93389e-09 2.12735e-11 0.000107882)
(-7.8812e-11 4.46145e-10 0.000107882)
(-3.35297e-09 9.0393e-11 9.98722e-05)
(-5.50834e-10 6.90161e-09 8.2997e-05)
(1.62594e-09 -1.89292e-11 5.70446e-05)
(6.41265e-10 -4.44075e-09 2.28711e-05)
(-3.09174e-09 -1.665e-09 8.64474e-06)
(-6.80575e-10 2.59207e-09 2.16668e-05)
(4.18371e-09 2.81173e-09 3.47437e-05)
(2.7033e-09 -1.06493e-09 4.47485e-05)
(-1.15251e-09 -4.42911e-10 5.0085e-05)
(1.58447e-09 -3.82619e-10 5.00849e-05)
(-1.78779e-09 -1.38934e-09 4.47487e-05)
(-3.30938e-09 2.48755e-09 3.47442e-05)
(6.27846e-10 1.95318e-09 2.1667e-05)
(4.79489e-09 -4.15082e-09 8.64463e-06)
(-1.75479e-08 1.18208e-08 8.64489e-06)
(-3.93078e-09 -1.16984e-09 2.1667e-05)
(-2.90059e-09 4.47594e-09 3.47438e-05)
(-7.38329e-09 1.28737e-09 4.47491e-05)
(2.12584e-09 -5.571e-10 5.00851e-05)
(6.02069e-10 -1.50768e-10 5.00852e-05)
(8.22935e-09 2.7769e-09 4.4749e-05)
(3.06775e-09 4.61283e-09 3.47436e-05)
(-2.44769e-09 -4.86818e-09 2.16668e-05)
(8.00696e-09 5.50096e-09 8.64442e-06)
(-8.14764e-09 1.24028e-08 2.2871e-05)
(-7.81478e-09 2.74077e-09 5.70446e-05)
(-1.35575e-08 7.9678e-09 8.29959e-05)
(-5.6938e-09 -3.05393e-09 9.98729e-05)
(3.84313e-11 -5.59836e-09 0.000107884)
(1.96695e-09 -5.00638e-09 0.000107884)
(7.37644e-09 -8.95684e-10 9.98733e-05)
(1.47875e-08 1.03442e-08 8.29961e-05)
(6.98553e-09 2.28155e-09 5.70444e-05)
(4.86852e-09 8.22472e-09 2.2871e-05)
(-1.43216e-09 9.55949e-09 3.75043e-05)
(6.84766e-11 3.58052e-09 8.60472e-05)
(-2.94807e-09 7.12944e-09 0.000114542)
(3.12317e-09 -6.82686e-09 0.000128146)
(1.66086e-09 -5.7405e-09 0.000133194)
(-2.35895e-10 -5.28695e-09 0.000133194)
(-2.46409e-09 -5.60775e-09 0.000128146)
(1.93455e-09 9.36998e-09 0.000114542)
(-1.13081e-09 5.11989e-09 8.60473e-05)
(-1.15347e-09 3.96249e-09 3.75043e-05)
(5.49233e-10 3.98418e-09 4.90232e-05)
(3.1119e-09 7.70844e-12 0.000104705)
(2.91327e-09 5.25719e-09 0.000129498)
(3.63279e-09 -2.97526e-09 0.000137785)
(6.61607e-10 -1.61973e-09 0.000139986)
(-1.25648e-09 -2.22869e-09 0.000139986)
(-4.64328e-09 -1.99629e-09 0.000137785)
(-4.21689e-09 5.85853e-09 0.000129498)
(-2.07075e-09 -5.15828e-10 0.000104706)
(6.56355e-11 -1.78022e-10 4.90233e-05)
(1.29611e-09 1.30751e-09 5.5321e-05)
(2.14904e-09 -2.17584e-10 0.000113182)
(1.93351e-09 2.22699e-09 0.000134661)
(2.13696e-09 -9.81304e-10 0.000140172)
(-6.73446e-11 -5.63117e-10 0.000141241)
(-1.57299e-11 -1.298e-09 0.000141241)
(-7.51496e-10 -8.33365e-10 0.000140172)
(-1.00262e-09 2.08597e-09 0.000134662)
(-1.50934e-09 -8.14679e-10 0.000113183)
(-1.07046e-09 5.17602e-10 5.53212e-05)
(6.97504e-10 -5.11114e-10 5.53209e-05)
(1.33503e-09 8.623e-10 0.000113183)
(1.347e-09 1.40197e-09 0.000134661)
(1.37004e-09 -5.72418e-10 0.000140172)
(4.30795e-10 1.69459e-10 0.000141241)
(-1.21257e-10 2.98883e-10 0.000141241)
(-2.59009e-10 5.38257e-12 0.000140171)
(-1.02007e-09 1.82576e-09 0.000134661)
(-1.6471e-09 -1.53268e-09 0.000113183)
(-1.88284e-10 -3.06622e-09 5.53209e-05)
(-1.98427e-09 -1.45877e-09 4.9023e-05)
(1.82758e-09 8.71538e-10 0.000104706)
(4.18956e-09 1.55692e-10 0.000129498)
(2.08596e-09 -2.20268e-10 0.000137784)
(1.4831e-09 8.01694e-10 0.000139986)
(-5.19887e-10 1.09953e-09 0.000139985)
(-1.1538e-09 1.3717e-09 0.000137784)
(-3.82424e-09 1.06925e-09 0.000129498)
(-2.07861e-09 -1.71466e-09 0.000104705)
(2.42271e-09 -5.49886e-09 4.90227e-05)
(2.27452e-10 -1.3779e-10 3.75039e-05)
(2.10172e-09 -3.23095e-09 8.60469e-05)
(2.58397e-09 9.78779e-11 0.000114542)
(1.94106e-09 1.62573e-09 0.000128146)
(1.48982e-09 3.02233e-09 0.000133194)
(-5.8765e-10 3.42438e-09 0.000133194)
(-1.18445e-09 3.73506e-09 0.000128146)
(-1.52778e-09 1.54109e-09 0.000114543)
(-9.22341e-10 -5.59751e-09 8.60468e-05)
(2.76825e-09 -8.14284e-09 3.75034e-05)
(-6.3083e-11 -4.0122e-09 2.28709e-05)
(-2.60938e-09 -3.90849e-09 5.7044e-05)
(-5.45686e-09 -1.37573e-09 8.29956e-05)
(-2.27495e-09 -7.14361e-10 9.98726e-05)
(-5.54086e-10 2.3903e-09 0.000107883)
(1.77225e-09 2.48563e-09 0.000107883)
(3.15991e-09 9.81273e-10 9.98728e-05)
(9.25808e-09 1.19212e-09 8.29964e-05)
(1.02731e-08 -5.05798e-09 5.70446e-05)
(7.39212e-09 -1.1488e-08 2.28709e-05)
(-8.13871e-09 -6.42841e-09 8.64441e-06)
(-6.47171e-09 -2.18711e-09 2.16665e-05)
(-4.54739e-09 -2.14125e-09 3.47433e-05)
(-3.82793e-09 -2.29953e-09 4.47486e-05)
(-3.54273e-09 -3.56114e-10 5.00851e-05)
(7.69179e-11 -3.79921e-10 5.00846e-05)
(4.8959e-10 -1.32282e-09 4.47483e-05)
(1.16291e-09 5.19583e-10 3.47432e-05)
(5.53889e-09 -4.52469e-11 2.16667e-05)
(9.5404e-09 -7.49524e-09 8.64472e-06)
(-8.53767e-10 -7.83901e-11 8.64456e-06)
(1.03456e-08 -9.9702e-09 2.16668e-05)
(6.79712e-09 5.46622e-10 3.47426e-05)
(-1.52972e-10 1.55649e-09 4.47484e-05)
(2.67752e-09 3.70536e-10 5.00844e-05)
(1.35687e-09 1.45683e-10 5.00843e-05)
(3.0267e-09 1.5295e-09 4.47482e-05)
(-3.23471e-09 1.85621e-09 3.47425e-05)
(-6.54568e-09 -7.10322e-09 2.16666e-05)
(1.8813e-09 7.32068e-10 8.64467e-06)
(5.93871e-10 1.10857e-09 2.28716e-05)
(6.32844e-10 -7.77939e-09 5.70448e-05)
(-3.3987e-09 -5.54519e-11 8.29946e-05)
(-5.77592e-10 1.69114e-09 9.98723e-05)
(-1.31224e-09 -1.2714e-09 0.000107882)
(-3.43797e-10 -1.36682e-09 0.000107882)
(-2.16002e-09 2.04415e-09 9.98718e-05)
(9.61873e-11 1.79818e-09 8.29946e-05)
(-3.1318e-09 -7.19026e-09 5.70449e-05)
(-2.8323e-09 -1.76542e-09 2.28721e-05)
(1.38068e-09 2.45966e-09 3.7504e-05)
(-9.02563e-10 7.71686e-10 8.60477e-05)
(-3.86067e-09 -2.09555e-09 0.000114543)
(-1.34719e-10 -1.54547e-09 0.000128146)
(-4.4891e-10 -2.05191e-09 0.000133194)
(-1.44229e-09 -2.02783e-09 0.000133194)
(-2.10875e-09 -7.79149e-10 0.000128146)
(1.40104e-09 -1.25298e-09 0.000114544)
(1.81903e-09 -3.50702e-11 8.60492e-05)
(-3.60731e-10 2.61889e-10 3.75053e-05)
(4.67569e-10 1.52179e-10 4.90231e-05)
(3.02073e-09 -1.69449e-09 0.000104705)
(2.31183e-09 -5.55752e-10 0.000129499)
(9.84204e-10 -4.12667e-10 0.000137784)
(2.44394e-10 5.16897e-10 0.000139986)
(-1.76642e-09 4.83511e-10 0.000139986)
(-2.5672e-09 -1.10688e-09 0.000137785)
(-3.26207e-09 -1.31449e-09 0.0001295)
(-2.87231e-09 -1.93163e-09 0.000104707)
(2.01144e-10 1.87054e-09 4.90234e-05)
(-4.04269e-10 9.39115e-10 5.53211e-05)
(9.35961e-10 -1.81107e-09 0.000113183)
(8.6884e-10 1.11738e-09 0.000134662)
(-2.54024e-10 1.16809e-10 0.000140171)
(-3.37276e-10 9.04048e-10 0.000141241)
(-9.07681e-10 9.17227e-10 0.000141241)
(2.4339e-10 -3.6412e-10 0.000140172)
(-9.91712e-10 2.21905e-10 0.000134663)
(-2.14277e-09 -2.08897e-09 0.000113183)
(1.23227e-10 4.64836e-10 5.53209e-05)
(-7.88166e-10 3.22836e-10 5.53212e-05)
(7.82622e-10 -1.7005e-09 0.000113182)
(1.58503e-09 2.40646e-09 0.000134662)
(-4.21996e-10 -1.44808e-10 0.000140171)
(2.31214e-10 9.92058e-10 0.000141241)
(-1.33189e-10 -2.19995e-10 0.000141241)
(8.3559e-10 2.39315e-10 0.000140171)
(-1.29044e-09 2.39222e-09 0.000134662)
(-1.45062e-09 -1.9749e-09 0.000113182)
(8.50792e-10 6.56235e-11 5.53213e-05)
(-1.8668e-10 1.61208e-09 4.9023e-05)
(2.56493e-09 -4.54348e-09 0.000104705)
(4.06943e-09 4.06473e-09 0.000129499)
(1.30555e-09 1.27944e-09 0.000137784)
(1.01876e-09 1.86253e-09 0.000139986)
(-5.51319e-10 5.3204e-10 0.000139985)
(2.20885e-10 1.83388e-09 0.000137784)
(-3.58003e-09 5.09416e-09 0.000129499)
(-2.50491e-09 -4.03858e-09 0.000104705)
(-1.41556e-11 1.15983e-09 4.90235e-05)
(1.06195e-09 -1.42779e-09 3.75039e-05)
(-1.85897e-09 -8.66289e-09 8.60479e-05)
(-1.93113e-09 5.64407e-09 0.000114543)
(-1.12485e-09 3.14295e-09 0.000128146)
(-4.3592e-10 1.26418e-09 0.000133194)
(1.05535e-11 1.93888e-09 0.000133194)
(5.94713e-10 3.59207e-09 0.000128146)
(1.11423e-09 8.7251e-09 0.000114543)
(9.12178e-10 -5.71896e-09 8.60468e-05)
(-1.83088e-09 -1.38305e-09 3.75038e-05)
(2.65556e-10 -2.90677e-09 2.28714e-05)
(-4.41134e-09 -5.19919e-10 5.70454e-05)
(-2.30586e-09 5.87616e-09 8.29961e-05)
(1.26555e-09 2.63751e-10 9.98729e-05)
(-1.77139e-09 -6.0447e-10 0.000107883)
(3.13e-10 -1.65164e-10 0.000107883)
(-2.52169e-09 6.06895e-10 9.98739e-05)
(1.22506e-09 7.96129e-09 8.29965e-05)
(2.16247e-09 1.82351e-09 5.70443e-05)
(-5.95098e-10 -2.95968e-09 2.28709e-05)
(-3.59117e-09 -2.45559e-09 8.6448e-06)
(1.7145e-09 4.23983e-09 2.16671e-05)
(5.70686e-09 3.1617e-09 3.47437e-05)
(3.63054e-09 -8.04851e-10 4.47486e-05)
(-1.25577e-09 -7.12162e-10 5.0085e-05)
(-2.54218e-10 -9.43896e-10 5.00851e-05)
(-3.18492e-09 -6.67279e-10 4.47491e-05)
(-3.53203e-09 2.94608e-09 3.47436e-05)
(8.18053e-10 3.10945e-09 2.1667e-05)
(4.05952e-09 -2.62387e-09 8.64482e-06)
(-1.48997e-08 1.0985e-08 8.64497e-06)
(-2.58259e-09 -2.72276e-09 2.16673e-05)
(-2.08523e-09 3.67646e-09 3.47447e-05)
(-5.60416e-09 1.63049e-09 4.47493e-05)
(-6.82483e-10 -5.05533e-10 5.00857e-05)
(-1.0415e-09 7.01089e-11 5.00854e-05)
(2.3664e-09 2.36169e-09 4.47488e-05)
(-2.19054e-09 1.75044e-09 3.47442e-05)
(-5.31378e-09 -7.62873e-09 2.16675e-05)
(4.64173e-09 3.07091e-09 8.64496e-06)
(-9.1263e-09 1.31461e-08 2.28712e-05)
(-8.78195e-09 1.47535e-09 5.70449e-05)
(-9.70883e-09 2.15026e-09 8.29974e-05)
(-3.46591e-09 -5.19903e-10 9.98737e-05)
(-1.41388e-09 -3.73586e-09 0.000107884)
(9.65966e-10 -3.20461e-09 0.000107884)
(2.68064e-09 1.88664e-09 9.98731e-05)
(7.14462e-09 2.6806e-09 8.29971e-05)
(1.6133e-09 -3.52004e-09 5.70448e-05)
(-6.14128e-10 2.00044e-09 2.28708e-05)
(-2.12664e-09 8.94777e-09 3.75032e-05)
(-1.27792e-10 3.65949e-09 8.60469e-05)
(8.81858e-10 -3.28895e-09 0.000114543)
(1.93246e-09 -3.8001e-09 0.000128146)
(-1.14533e-09 -3.20085e-09 0.000133195)
(-1.88085e-09 -3.35083e-09 0.000133194)
(-2.85625e-09 -1.91166e-09 0.000128146)
(1.31198e-10 -1.2926e-09 0.000114542)
(2.04111e-09 4.47564e-09 8.60461e-05)
(4.11577e-10 2.69397e-09 3.75033e-05)
(-6.93272e-10 4.48956e-09 4.90224e-05)
(3.94791e-09 -3.21202e-10 0.000104706)
(3.90133e-09 -1.2812e-09 0.000129497)
(1.33259e-09 -1.45647e-09 0.000137785)
(5.43717e-10 -2.67466e-10 0.000139986)
(-8.95475e-10 -5.08054e-10 0.000139986)
(-1.80606e-09 -9.88326e-10 0.000137785)
(-3.02675e-09 -1.94608e-09 0.000129497)
(-1.68186e-09 -3.43619e-10 0.000104705)
(1.09771e-09 2.97625e-09 4.9022e-05)
(5.91074e-10 2.01357e-09 5.53206e-05)
(2.69631e-09 -1.51511e-09 0.000113183)
(1.661e-09 3.13731e-10 0.00013466)
(4.21039e-10 -6.50884e-10 0.000140171)
(4.20588e-10 5.17385e-12 0.000141241)
(3.16724e-10 -4.43177e-10 0.000141241)
(5.00573e-10 -1.09338e-09 0.000140172)
(-1.26469e-09 -3.12418e-10 0.00013466)
(-2.38955e-09 -1.36363e-09 0.000113182)
(-4.08606e-10 1.76354e-09 5.532e-05)
(-1.81204e-10 7.15033e-10 5.53207e-05)
(1.77353e-09 -2.15668e-09 0.000113183)
(1.93076e-09 1.66347e-09 0.000134661)
(2.00964e-10 -6.19552e-10 0.000140171)
(3.54903e-10 2.42066e-10 0.000141241)
(-4.32723e-10 9.13103e-13 0.00014124)
(5.06284e-10 -1.15268e-09 0.000140171)
(-2.1916e-09 1.54322e-09 0.000134661)
(-2.02787e-09 -2.70767e-09 0.000113183)
(5.24844e-10 5.18048e-10 5.53203e-05)
(-1.80512e-09 -5.42411e-10 4.90233e-05)
(1.43489e-09 -4.78344e-09 0.000104706)
(4.98334e-09 2.64041e-09 0.000129498)
(1.56056e-09 -3.79074e-10 0.000137784)
(1.33403e-09 5.4557e-10 0.000139985)
(-5.4036e-10 3.78478e-10 0.000139986)
(-1.48648e-09 1.4874e-10 0.000137784)
(-5.83309e-09 2.5896e-09 0.000129498)
(-3.2975e-09 -5.37546e-09 0.000104706)
(3.55502e-10 1.42552e-09 4.90228e-05)
(3.58393e-10 -6.98565e-10 3.75047e-05)
(-1.59939e-10 -9.45361e-09 8.60467e-05)
(2.89658e-09 3.53584e-09 0.000114542)
(2.99648e-09 1.55576e-09 0.000128145)
(1.91794e-09 2.14998e-09 0.000133194)
(3.10374e-10 3.31261e-09 0.000133194)
(-1.28942e-09 3.97686e-09 0.000128146)
(-1.49189e-09 5.14146e-09 0.000114543)
(2.26161e-10 -1.11964e-08 8.60471e-05)
(-1.40963e-09 -2.65554e-09 3.75048e-05)
(9.46041e-10 -3.80481e-09 2.28711e-05)
(-5.3171e-09 -7.05019e-09 5.70438e-05)
(-6.98235e-09 1.6032e-09 8.29963e-05)
(-2.653e-09 4.06135e-11 9.98725e-05)
(-1.71874e-09 2.20632e-09 0.000107883)
(2.11752e-09 2.91689e-09 0.000107883)
(4.00467e-09 5.86473e-10 9.98736e-05)
(1.21928e-08 1.8814e-09 8.29979e-05)
(1.18977e-08 -8.2964e-09 5.70451e-05)
(3.11426e-09 -7.5894e-09 2.28721e-05)
(-6.38813e-09 -5.19235e-09 8.64439e-06)
(-7.1333e-09 -2.54603e-09 2.16668e-05)
(-4.63235e-09 -6.54419e-10 3.47438e-05)
(-1.60874e-09 -1.41988e-09 4.47486e-05)
(-1.82728e-09 4.09693e-12 5.0085e-05)
(2.44055e-09 -1.97167e-10 5.00853e-05)
(2.74363e-09 -2.81026e-09 4.47493e-05)
(4.9177e-09 -1.36957e-09 3.47447e-05)
(8.55274e-09 -2.06297e-09 2.16676e-05)
(6.48301e-09 -5.06376e-09 8.64492e-06)
(-9.87847e-09 4.57637e-09 8.64464e-06)
(7.45558e-09 -8.26552e-09 2.16672e-05)
(5.47073e-09 2.01692e-09 3.47444e-05)
(-2.47265e-09 6.44194e-10 4.47489e-05)
(2.86074e-09 -4.11301e-10 5.00853e-05)
(-5.48601e-10 -1.24141e-11 5.00851e-05)
(5.05362e-09 1.38444e-09 4.47491e-05)
(-3.85196e-10 3.43535e-09 3.47441e-05)
(-4.20433e-09 -6.28136e-09 2.16667e-05)
(4.7455e-09 2.36767e-09 8.64452e-06)
(-8.97977e-10 1.36343e-09 2.2871e-05)
(-2.37946e-10 -5.4336e-09 5.70449e-05)
(-7.14984e-09 5.86169e-09 8.29974e-05)
(-4.23786e-09 -1.04278e-09 9.98734e-05)
(-4.04559e-10 -3.16567e-09 0.000107883)
(8.62109e-11 -3.09086e-09 0.000107883)
(1.50577e-09 -8.26366e-10 9.98731e-05)
(5.46313e-09 6.21904e-09 8.29971e-05)
(-9.556e-10 -5.0207e-09 5.70444e-05)
(1.80839e-09 3.61747e-09 2.28703e-05)
(3.1228e-10 3.27842e-09 3.75041e-05)
(-1.66296e-09 1.2946e-09 8.60479e-05)
(-6.28921e-09 5.5813e-09 0.000114543)
(-5.09901e-10 -5.5609e-09 0.000128146)
(-2.14941e-10 -4.57727e-09 0.000133194)
(-4.88516e-10 -4.0511e-09 0.000133194)
(-1.11447e-09 -4.40337e-09 0.000128146)
(4.29187e-09 5.90667e-09 0.000114542)
(8.63851e-10 9.54382e-10 8.6046e-05)
(-1.50323e-09 2.21163e-09 3.7503e-05)
(8.14873e-10 1.23428e-09 4.90231e-05)
(1.91984e-09 -4.49504e-10 0.000104706)
(2.90122e-09 3.49027e-09 0.000129497)
(3.36343e-09 -3.21194e-09 0.000137785)
(3.10595e-10 -2.04021e-09 0.000139986)
(-2.30591e-10 -7.74277e-10 0.000139985)
(-3.70715e-09 -2.65912e-09 0.000137784)
(-2.57326e-09 3.56777e-09 0.000129496)
(-1.93366e-09 -8.06142e-10 0.000104705)
(-1.5812e-09 -4.14983e-10 4.90222e-05)
(7.39805e-10 1.4253e-09 5.53212e-05)
(5.56735e-10 -2.46665e-10 0.000113183)
(1.43301e-09 1.99901e-09 0.000134661)
(1.5193e-09 -8.11993e-10 0.000140172)
(-2.26523e-10 -1.95358e-10 0.000141241)
(6.49508e-10 2.71475e-11 0.000141241)
(-9.19866e-10 -1.00668e-09 0.000140171)
(-1.28061e-09 9.99431e-10 0.00013466)
(-1.21493e-09 -9.68138e-10 0.000113182)
(-8.06154e-10 2.83212e-10 5.53203e-05)
(4.74555e-10 -3.49456e-10 5.5321e-05)
(6.17984e-10 1.84341e-10 0.000113184)
(1.47984e-09 1.31839e-09 0.000134661)
(1.55019e-09 -4.36218e-10 0.000140172)
(5.75168e-10 -4.30898e-11 0.000141241)
(2.18956e-10 9.81392e-11 0.000141241)
(-4.06679e-10 1.46357e-10 0.000140172)
(-1.2871e-09 1.83975e-09 0.00013466)
(-1.79966e-09 -6.96843e-10 0.000113183)
(-3.74565e-10 -1.63823e-09 5.53203e-05)
(1.41682e-10 7.15624e-11 4.90232e-05)
(2.92383e-09 -2.80898e-10 0.000104706)
(3.73502e-09 2.13171e-10 0.000129498)
(2.07442e-09 1.50272e-09 0.000137784)
(1.07597e-09 9.77557e-10 0.000139986)
(-1.13546e-10 6.21554e-11 0.000139985)
(-4.96488e-10 1.03885e-09 0.000137785)
(-2.85493e-09 1.34155e-09 0.000129498)
(-2.96482e-09 -8.09843e-10 0.000104706)
(3.73329e-10 -2.40523e-09 4.90223e-05)
(-1.28917e-10 -3.03372e-09 3.75042e-05)
(-5.17375e-10 -3.77948e-09 8.60466e-05)
(-1.82421e-09 1.23095e-09 0.000114543)
(-3.7812e-10 3.18596e-09 0.000128146)
(4.57531e-11 1.63779e-09 0.000133194)
(-6.10589e-10 7.01685e-10 0.000133194)
(6.79956e-10 2.19215e-09 0.000128145)
(1.98227e-09 3.86865e-09 0.000114544)
(1.08657e-09 -2.22566e-09 8.60473e-05)
(1.35083e-09 -4.8103e-09 3.7504e-05)
(-3.12317e-09 -5.30084e-09 2.28708e-05)
(-4.58887e-09 -1.41501e-10 5.7044e-05)
(-3.50562e-09 3.28876e-09 8.29967e-05)
(-7.25057e-10 4.1431e-10 9.98727e-05)
(-1.45361e-09 4.58714e-10 0.000107882)
(-7.7945e-10 3.60327e-11 0.000107883)
(-3.17231e-09 -6.55657e-10 9.9872e-05)
(-1.69239e-09 4.66768e-09 8.29964e-05)
(1.51268e-09 3.36551e-09 5.70446e-05)
(3.12556e-09 -4.65607e-09 2.28715e-05)
(-4.12145e-09 -3.45507e-09 8.64444e-06)
(-1.8104e-10 1.93955e-09 2.16668e-05)
(3.27392e-09 1.8535e-09 3.47436e-05)
(2.17781e-09 -6.08188e-10 4.47482e-05)
(3.32635e-10 -2.32706e-10 5.00845e-05)
(1.6151e-10 -6.88623e-10 5.00844e-05)
(-2.80173e-09 -1.56182e-09 4.4748e-05)
(-4.78364e-09 1.36108e-09 3.47435e-05)
(-4.82351e-10 3.8732e-09 2.16668e-05)
(6.38171e-09 -4.3014e-09 8.6446e-06)
(-1.36927e-08 1.03558e-08 8.64455e-06)
(-2.58213e-09 -2.82159e-09 2.16668e-05)
(-5.04094e-09 4.5138e-09 3.47434e-05)
(-8.14487e-09 7.84856e-10 4.47487e-05)
(6.16992e-10 -6.20642e-10 5.0085e-05)
(-8.48681e-10 -4.30778e-10 5.00849e-05)
(6.75767e-09 2.14363e-09 4.47487e-05)
(6.53107e-10 4.06555e-09 3.47429e-05)
(-1.58835e-09 -4.66259e-09 2.16665e-05)
(1.15797e-08 8.19039e-09 8.64447e-06)
(-9.09444e-09 1.25241e-08 2.28711e-05)
(-4.92865e-09 -4.4214e-10 5.7044e-05)
(-1.09318e-08 7.41267e-09 8.29942e-05)
(-4.88097e-09 -3.09939e-09 9.98732e-05)
(6.18311e-10 -5.38086e-09 0.000107883)
(7.62993e-10 -4.49906e-09 0.000107883)
(6.67117e-09 -5.11288e-10 9.98731e-05)
(1.28172e-08 9.10275e-09 8.29946e-05)
(4.88484e-09 -4.98225e-10 5.70443e-05)
(4.71754e-09 7.39699e-09 2.28712e-05)
(-6.53662e-10 7.53632e-09 3.75045e-05)
(1.7851e-09 2.02443e-09 8.60481e-05)
(-8.51796e-10 7.08634e-09 0.000114542)
(3.26959e-09 -6.27399e-09 0.000128146)
(9.45232e-10 -6.39681e-09 0.000133194)
(-8.12955e-10 -5.12638e-09 0.000133193)
(-2.43673e-09 -5.07109e-09 0.000128145)
(2.3237e-09 8.07109e-09 0.000114543)
(-9.48576e-10 2.55594e-09 8.60483e-05)
(-1.23083e-09 2.84415e-09 3.75048e-05)
(8.13796e-10 3.38896e-09 4.90226e-05)
(2.56529e-09 -3.00929e-10 0.000104706)
(3.29175e-09 5.47777e-09 0.000129499)
(3.51497e-09 -2.83276e-09 0.000137784)
(-6.36364e-10 -2.09992e-09 0.000139986)
(-1.1259e-09 -1.9465e-09 0.000139985)
(-5.30847e-09 -2.41637e-09 0.000137784)
(-3.68415e-09 4.40693e-09 0.000129499)
(-1.45024e-09 -1.81156e-09 0.000104706)
(-3.70299e-10 -9.51987e-11 4.90235e-05)
(1.74763e-09 1.38911e-09 5.53213e-05)
(1.40541e-09 -3.72914e-10 0.000113183)
(1.31182e-09 2.52676e-09 0.000134662)
(2.26708e-09 -9.0351e-10 0.000140171)
(-7.22425e-11 2.81379e-11 0.000141241)
(5.66342e-11 -9.07224e-10 0.000141241)
(-2.12448e-09 -1.45198e-09 0.000140171)
(-1.08469e-09 1.10506e-09 0.000134662)
(-9.9262e-10 -1.12002e-09 0.000113183)
(-1.20721e-09 8.47428e-10 5.53213e-05)
(1.4844e-09 -5.47332e-10 5.53216e-05)
(1.67733e-09 6.82577e-10 0.000113183)
(1.93239e-09 2.39526e-09 0.000134662)
(2.57812e-09 -3.47007e-11 0.000140172)
(6.55325e-10 7.4988e-10 0.000141241)
(-2.00255e-10 2.48231e-10 0.000141242)
(-1.57364e-09 -6.46214e-10 0.000140172)
(-1.80358e-09 8.11456e-10 0.000134662)
(-2.39592e-09 -8.58059e-10 0.000113182)
(-9.98995e-10 -2.51041e-09 5.53214e-05)
(-1.41091e-09 -2.13361e-09 4.90232e-05)
(2.00489e-09 8.97353e-10 0.000104706)
(4.95646e-09 1.39964e-09 0.000129499)
(3.18197e-09 8.85909e-10 0.000137784)
(1.27375e-09 1.82438e-09 0.000139986)
(-3.08555e-10 1.41244e-09 0.000139986)
(-1.76995e-09 6.7505e-10 0.000137784)
(-4.93974e-09 2.25207e-10 0.000129499)
(-3.38231e-09 -1.20984e-09 0.000104705)
(1.62339e-09 -5.31644e-09 4.90228e-05)
(-3.44372e-10 -2.21288e-09 3.75041e-05)
(2.07413e-09 -3.27645e-09 8.60471e-05)
(3.13435e-09 7.22838e-10 0.000114542)
(2.12057e-09 2.86641e-09 0.000128146)
(1.04146e-09 3.74619e-09 0.000133194)
(-4.37886e-10 4.28393e-09 0.000133194)
(-2.21211e-10 4.38967e-09 0.000128146)
(-5.52363e-10 1.91537e-09 0.000114543)
(5.06847e-10 -6.9656e-09 8.60464e-05)
(3.62155e-09 -9.61731e-09 3.75031e-05)
(-1.55998e-09 -4.82138e-09 2.28712e-05)
(-4.01464e-09 -3.18446e-09 5.70439e-05)
(-5.41297e-09 -4.89745e-11 8.29954e-05)
(-1.77946e-09 9.43761e-10 9.98741e-05)
(-3.86343e-10 3.17794e-09 0.000107884)
(2.73117e-09 3.26628e-09 0.000107885)
(5.3437e-09 1.10757e-09 9.98744e-05)
(1.03158e-08 7.68846e-10 8.29961e-05)
(1.16802e-08 -6.19975e-09 5.7044e-05)
(7.80416e-09 -1.08446e-08 2.28701e-05)
(-4.67587e-09 -3.94849e-09 8.64464e-06)
(-5.09449e-09 -9.77949e-10 2.16671e-05)
(-5.43336e-09 -1.75248e-09 3.47443e-05)
(-1.96434e-09 -9.87455e-10 4.47499e-05)
(-5.8842e-10 2.69086e-10 5.00862e-05)
(1.4893e-09 -1.40627e-10 5.00859e-05)
(2.70261e-09 -2.38804e-09 4.47499e-05)
(2.04101e-09 -3.77197e-10 3.47441e-05)
(6.63029e-09 -7.55518e-10 2.1667e-05)
(8.86105e-09 -6.34471e-09 8.6446e-06)
(-7.63243e-09 4.50865e-09 8.64482e-06)
(5.08633e-09 -8.08497e-09 2.16668e-05)
(1.47644e-09 1.56704e-09 3.47427e-05)
(-4.69306e-09 2.06951e-09 4.47485e-05)
(6.53858e-10 -3.59576e-11 5.00843e-05)
(-9.74062e-10 4.14398e-10 5.00844e-05)
(2.49229e-09 2.86945e-09 4.47481e-05)
(-3.78502e-09 1.85531e-09 3.47426e-05)
(-7.56958e-09 -8.68307e-09 2.16667e-05)
(3.56857e-09 1.90439e-09 8.64469e-06)
(-2.97265e-09 6.78655e-09 2.28717e-05)
(-3.23609e-09 -3.35799e-09 5.70455e-05)
(-6.16184e-09 7.1317e-10 8.29953e-05)
(-2.56269e-09 -4.52722e-10 9.98733e-05)
(-2.17622e-09 -3.57621e-09 0.000107882)
(9.45288e-10 -2.91386e-09 0.000107882)
(2.11361e-09 2.12214e-09 9.98721e-05)
(6.32005e-09 2.95035e-09 8.29945e-05)
(-7.59801e-12 -4.99279e-09 5.70453e-05)
(-1.73901e-09 1.01239e-09 2.2872e-05)
(-4.81203e-10 5.26038e-09 3.75041e-05)
(-8.4941e-13 1.82346e-09 8.6048e-05)
(1.91736e-10 -3.35249e-09 0.000114544)
(3.17676e-09 -4.60073e-09 0.000128146)
(2.56806e-10 -3.76849e-09 0.000133194)
(-1.94432e-09 -2.94842e-09 0.000133193)
(-2.7576e-09 -2.0861e-09 0.000128145)
(2.75275e-10 -6.94629e-10 0.000114543)
(1.45827e-09 2.61095e-09 8.60492e-05)
(7.14111e-10 2.93219e-09 3.75052e-05)
(6.24379e-11 2.50468e-09 4.90229e-05)
(3.77406e-09 -1.54071e-09 0.000104705)
(3.68976e-09 -2.30782e-09 0.000129499)
(1.75226e-09 -2.18858e-09 0.000137784)
(-8.55472e-11 -7.00501e-10 0.000139986)
(-1.92848e-09 5.99997e-10 0.000139986)
(-2.58931e-09 -6.18239e-10 0.000137784)
(-3.11226e-09 -1.6291e-09 0.0001295)
(-8.92972e-10 -2.02013e-09 0.000104706)
(2.00287e-09 2.72105e-09 4.90238e-05)
(6.31782e-10 2.30173e-09 5.53207e-05)
(2.75519e-09 -7.54382e-10 0.000113182)
(2.22336e-09 -1.48033e-10 0.000134662)
(1.00949e-09 -1.36688e-09 0.000140171)
(4.44924e-10 1.50982e-10 0.000141241)
(-1.07135e-10 2.34049e-10 0.000141241)
(1.14599e-10 -9.89348e-10 0.000140171)
(-8.97192e-10 -1.8419e-10 0.000134663)
(-2.12451e-09 -1.84764e-09 0.000113183)
(-1.81648e-10 1.92798e-09 5.53217e-05)
(5.26038e-10 7.15617e-10 5.53212e-05)
(2.54993e-09 -9.62195e-10 0.000113182)
(2.43008e-09 1.72065e-09 0.000134662)
(5.0559e-10 -1.16847e-09 0.000140171)
(4.0812e-10 2.24843e-10 0.000141241)
(-4.29237e-10 -4.06655e-10 0.000141242)
(4.38872e-11 -4.57046e-10 0.000140172)
(-1.68288e-09 2.44109e-09 0.000134663)
(-1.98591e-09 -2.58295e-09 0.000113182)
(2.23728e-10 2.58465e-10 5.53218e-05)
(-1.85524e-09 -6.87045e-10 4.9023e-05)
(2.23751e-09 -4.08219e-09 0.000104705)
(5.69177e-09 3.01811e-09 0.000129498)
(1.83606e-09 -4.28068e-10 0.000137784)
(1.93102e-09 6.78817e-11 0.000139986)
(2.18942e-10 -9.94242e-11 0.000139986)
(-6.7662e-10 4.84636e-10 0.000137785)
(-5.13011e-09 3.7391e-09 0.000129499)
(-2.15866e-09 -5.04357e-09 0.000104705)
(9.54628e-10 1.75667e-09 4.90234e-05)
(5.04494e-10 -9.65392e-10 3.75039e-05)
(-9.51078e-10 -1.07039e-08 8.60474e-05)
(1.68102e-09 2.87959e-09 0.000114543)
(8.01185e-10 2.19781e-09 0.000128146)
(5.62047e-10 3.02609e-09 0.000133194)
(1.52165e-10 3.95068e-09 0.000133194)
(-3.17499e-10 4.44404e-09 0.000128146)
(-1.17523e-09 5.65179e-09 0.000114543)
(-5.52664e-11 -1.11825e-08 8.6047e-05)
(-1.55134e-09 -1.56806e-09 3.75042e-05)
(-7.13143e-10 -5.39774e-09 2.28718e-05)
(-6.95469e-09 -7.93334e-09 5.70453e-05)
(-6.11431e-09 2.54509e-09 8.29962e-05)
(-2.21611e-09 7.06302e-10 9.98737e-05)
(-2.435e-09 2.49151e-09 0.000107883)
(1.5316e-09 3.04379e-09 0.000107884)
(2.75311e-09 1.34341e-09 9.98735e-05)
(9.50756e-09 3.59112e-09 8.29961e-05)
(8.32375e-09 -6.08708e-09 5.70455e-05)
(1.50604e-09 -6.6317e-09 2.28713e-05)
(-6.05358e-09 -5.39192e-09 8.64485e-06)
(-6.15807e-09 -2.02192e-09 2.16668e-05)
(-2.57653e-09 9.84926e-10 3.47433e-05)
(-9.2034e-10 -1.17854e-09 4.4749e-05)
(-2.45027e-09 -3.01576e-10 5.00851e-05)
(1.32648e-09 -3.3104e-10 5.00852e-05)
(5.52511e-10 -2.14054e-09 4.47491e-05)
(8.06464e-10 6.79672e-10 3.47436e-05)
(5.12834e-09 3.22221e-10 2.1667e-05)
(7.58495e-09 -5.68075e-09 8.64478e-06)
(-1.55137e-08 1.15021e-08 8.64513e-06)
(-3.63503e-09 -3.52273e-09 2.16671e-05)
(-3.02577e-09 3.3992e-09 3.47428e-05)
(-5.82042e-09 1.87435e-09 4.47485e-05)
(-5.56115e-10 -2.24798e-10 5.00848e-05)
(-7.18618e-10 -2.03916e-10 5.00845e-05)
(1.55364e-09 2.74531e-09 4.47486e-05)
(-3.9949e-09 1.8926e-09 3.47435e-05)
(-7.61249e-09 -8.62913e-09 2.16669e-05)
(4.99784e-09 3.53812e-09 8.64474e-06)
(-1.0989e-08 1.47316e-08 2.28715e-05)
(-1.12094e-08 3.0061e-09 5.70461e-05)
(-1.06757e-08 2.64476e-09 8.29967e-05)
(-3.73732e-09 -1.46008e-09 9.9873e-05)
(-1.88288e-09 -3.77102e-09 0.000107882)
(6.94203e-10 -3.46229e-09 0.000107883)
(1.51534e-09 1.07528e-09 9.98723e-05)
(6.58242e-09 2.79433e-09 8.29963e-05)
(6.94692e-10 -4.69593e-09 5.70455e-05)
(-1.50911e-09 1.00592e-09 2.28715e-05)
(-3.18849e-09 1.13589e-08 3.75045e-05)
(-1.49836e-09 7.11565e-09 8.60481e-05)
(-3.19632e-10 -2.74371e-09 0.000114544)
(2.6088e-09 -4.97118e-09 0.000128147)
(7.7987e-10 -3.94911e-09 0.000133194)
(-7.21751e-10 -3.23099e-09 0.000133194)
(-2.33871e-09 -2.71861e-09 0.000128146)
(7.05434e-10 -9.78827e-10 0.000114543)
(1.96319e-09 3.17753e-09 8.60475e-05)
(-1.52251e-10 1.58892e-09 3.75041e-05)
(-1.32665e-09 6.43534e-09 4.90241e-05)
(4.286e-09 1.71432e-09 0.000104706)
(4.87835e-09 -1.78157e-09 0.000129499)
(1.85214e-09 -2.1638e-09 0.000137784)
(5.00951e-10 -8.41485e-10 0.000139986)
(-1.33757e-09 -1.96227e-10 0.000139986)
(-1.70741e-09 -3.03015e-10 0.000137784)
(-3.29557e-09 -1.40108e-09 0.000129498)
(-1.8101e-09 -1.75817e-09 0.000104706)
(1.56853e-09 2.57192e-09 4.90233e-05)
(6.72891e-10 2.14994e-09 5.53214e-05)
(4.16793e-09 -3.4804e-10 0.000113183)
(2.50573e-09 2.97848e-10 0.000134662)
(8.04399e-10 -9.00144e-10 0.000140172)
(8.10855e-10 3.56517e-11 0.000141241)
(-8.29465e-10 2.73041e-10 0.000141241)
(-1.4579e-10 -3.73114e-10 0.000140171)
(-1.72553e-09 -1.05673e-10 0.000134661)
(-3.11237e-09 -1.96766e-09 0.000113183)
(-3.6916e-10 2.06383e-09 5.53212e-05)
(3.2925e-11 2.33587e-10 5.53214e-05)
(3.27898e-09 -2.09682e-09 0.000113183)
(2.76059e-09 1.7607e-09 0.000134662)
(-2.43071e-10 2.79845e-10 0.000140172)
(7.79942e-10 8.41879e-10 0.000141241)
(-7.90506e-10 3.78915e-10 0.000141241)
(4.27107e-10 7.08601e-10 0.000140172)
(-1.44553e-09 2.43303e-09 0.000134662)
(-1.71393e-09 -3.16751e-09 0.000113183)
(1.16319e-09 -2.036e-11 5.53215e-05)
(-2.3048e-09 -1.58105e-09 4.90233e-05)
(8.08339e-10 -5.57922e-09 0.000104706)
(4.24469e-09 2.52981e-09 0.000129499)
(7.45696e-10 1.2966e-09 0.000137785)
(5.90012e-10 1.38427e-09 0.000139985)
(-9.59535e-10 1.71749e-10 0.000139986)
(-8.26907e-10 1.65358e-09 0.000137784)
(-5.25778e-09 3.29473e-09 0.000129499)
(-2.06883e-09 -5.79052e-09 0.000104706)
(1.59787e-09 9.95448e-10 4.90235e-05)
(3.96479e-10 -1.17234e-09 3.75036e-05)
(-1.56447e-09 -1.04304e-08 8.60475e-05)
(1.14831e-09 3.18966e-09 0.000114544)
(4.89207e-10 3.67283e-09 0.000128146)
(-1.55734e-10 3.53827e-09 0.000133194)
(-4.43681e-10 3.05668e-09 0.000133194)
(-1.70937e-09 4.49267e-09 0.000128146)
(-1.80074e-09 5.006e-09 0.000114543)
(-8.73915e-10 -1.00491e-08 8.60467e-05)
(-1.6888e-09 -1.65179e-09 3.75041e-05)
(6.51511e-10 -3.46939e-09 2.28716e-05)
(-6.3119e-09 -6.60759e-09 5.70461e-05)
(-7.11616e-09 2.53981e-09 8.29973e-05)
(-2.78434e-09 1.64e-09 9.98727e-05)
(-2.55917e-09 3.04335e-09 0.000107882)
(5.98333e-10 2.85821e-09 0.000107882)
(5.5824e-10 1.66092e-09 9.9872e-05)
(8.30046e-09 3.59152e-09 8.2996e-05)
(8.15008e-09 -5.79101e-09 5.70448e-05)
(1.2574e-09 -5.86606e-09 2.28715e-05)
(-3.41183e-09 -2.95479e-09 8.64508e-06)
(-5.81516e-09 -1.3446e-09 2.1667e-05)
(-3.86821e-09 4.53402e-10 3.4743e-05)
(-1.30046e-09 -1.15739e-09 4.47476e-05)
(-2.08305e-09 6.81796e-12 5.00838e-05)
(1.7638e-09 -5.41615e-11 5.00839e-05)
(6.77928e-10 -1.66452e-09 4.47477e-05)
(1.87514e-09 4.74136e-10 3.47429e-05)
(6.03642e-09 -1.01998e-09 2.16666e-05)
(4.28036e-09 -3.14182e-09 8.64468e-06)
(-2.18881e-09 -4.86274e-10 8.64502e-06)
(6.70352e-09 -8.0313e-09 2.16672e-05)
(6.88534e-09 -9.39958e-11 3.47444e-05)
(1.12998e-09 1.57742e-09 4.47492e-05)
(2.64821e-09 -2.14478e-12 5.00858e-05)
(-2.6859e-10 2.59928e-10 5.00855e-05)
(1.57519e-09 2.06045e-09 4.47491e-05)
(-3.35803e-09 1.60097e-09 3.47444e-05)
(-6.28096e-09 -6.41636e-09 2.16673e-05)
(1.69298e-09 1.21288e-09 8.64478e-06)
(1.68424e-09 1.42547e-11 2.28714e-05)
(2.21507e-09 -8.58493e-09 5.7045e-05)
(-9.70862e-10 -9.52129e-10 8.29972e-05)
(1.29088e-09 1.79416e-09 9.98734e-05)
(-1.04077e-09 -1.37225e-09 0.000107884)
(8.4261e-10 -1.39475e-09 0.000107884)
(-1.35769e-09 1.58523e-09 9.98731e-05)
(1.61568e-09 1.48221e-09 8.29973e-05)
(-1.60614e-10 -5.56886e-09 5.70446e-05)
(-7.15923e-10 -2.57978e-10 2.28709e-05)
(1.20339e-09 9.9069e-10 3.75043e-05)
(9.04848e-10 -1.59334e-09 8.60475e-05)
(-7.3865e-10 -4.03501e-09 0.000114543)
(2.10191e-09 -2.35486e-09 0.000128146)
(1.78561e-09 -1.54105e-09 0.000133194)
(1.19457e-09 -1.80729e-09 0.000133195)
(9.17518e-10 -1.51031e-09 0.000128147)
(4.45498e-09 -1.93183e-09 0.000114543)
(4.80277e-09 1.72262e-09 8.60464e-05)
(8.05124e-10 1.53223e-09 3.75035e-05)
(1.0897e-09 -1.06766e-09 4.90236e-05)
(3.99472e-09 -2.54042e-09 0.000104706)
(3.04234e-09 -2.93229e-09 0.000129498)
(1.59327e-09 -1.09571e-09 0.000137785)
(1.20097e-09 4.64235e-10 0.000139985)
(-1.04794e-09 -2.49493e-11 0.000139986)
(-1.60296e-09 -1.03627e-09 0.000137784)
(-2.54636e-09 -2.07807e-09 0.000129497)
(-2.00968e-09 -1.25744e-09 0.000104705)
(4.30304e-10 2.35702e-09 4.90226e-05)
(-1.41386e-10 5.37257e-10 5.53215e-05)
(1.3018e-09 -2.5601e-09 0.000113184)
(3.06876e-10 -4.07588e-10 0.000134661)
(-1.08752e-09 -3.20858e-10 0.000140172)
(-4.89976e-11 4.07906e-11 0.000141241)
(-5.74806e-10 -1.45832e-10 0.000141241)
(1.983e-10 -5.67521e-10 0.000140172)
(-1.72955e-09 -1.51382e-10 0.00013466)
(-1.94176e-09 -1.7606e-09 0.000113183)
(7.61357e-10 1.3372e-09 5.53206e-05)
(-5.27227e-10 -7.37791e-10 5.53215e-05)
(1.71164e-09 -2.62456e-09 0.000113184)
(1.93738e-09 1.80863e-09 0.000134661)
(-4.14344e-10 -8.22696e-11 0.000140172)
(7.76281e-10 -9.46719e-11 0.000141241)
(-1.06177e-10 -1.83974e-10 0.000141241)
(4.32363e-10 5.46093e-11 0.000140172)
(-1.96168e-09 2.12671e-09 0.000134661)
(-1.5031e-09 -7.40709e-10 0.000113183)
(1.00678e-09 1.19772e-09 5.53209e-05)
(-2.60962e-10 7.37338e-10 4.90235e-05)
(2.51944e-09 -4.46896e-09 0.000104706)
(4.47602e-09 4.39096e-09 0.000129498)
(1.27295e-09 1.91145e-09 0.000137784)
(1.27206e-09 6.37967e-10 0.000139986)
(-2.42144e-10 2.06859e-10 0.000139986)
(1.05097e-10 1.39346e-09 0.000137784)
(-3.74585e-09 3.63497e-09 0.000129498)
(-3.81977e-09 -3.40537e-09 0.000104706)
(-9.26545e-10 2.31154e-09 4.90232e-05)
(1.36074e-09 -1.76097e-09 3.75042e-05)
(-1.98912e-09 -8.51964e-09 8.60468e-05)
(-1.73068e-09 6.32409e-09 0.000114543)
(-1.96501e-10 2.84779e-09 0.000128146)
(6.59455e-11 3.89099e-10 0.000133195)
(-1.81588e-11 6.40341e-10 0.000133194)
(5.32692e-10 3.33184e-09 0.000128146)
(1.08512e-09 7.46452e-09 0.000114543)
(6.10664e-11 -5.37949e-09 8.60469e-05)
(-2.16989e-09 -1.64093e-10 3.75043e-05)
(-2.78629e-09 -5.37773e-09 2.28709e-05)
(-5.21826e-09 -9.4448e-10 5.70438e-05)
(-1.65188e-09 7.01437e-09 8.29968e-05)
(1.75475e-09 3.44065e-10 9.9873e-05)
(-1.10894e-09 -6.01685e-10 0.000107884)
(1.34753e-10 -1.02815e-09 0.000107883)
(-2.71235e-09 3.03813e-10 9.98733e-05)
(5.76383e-10 6.95994e-09 8.29972e-05)
(1.67775e-09 1.31366e-09 5.70439e-05)
(-2.04692e-10 -2.49714e-09 2.28712e-05)
(-4.80542e-09 -4.14337e-09 8.64474e-06)
(1.89382e-10 3.18259e-09 2.16668e-05)
(4.35855e-09 3.50629e-09 3.47439e-05)
(4.46975e-09 -1.60108e-10 4.47489e-05)
(2.62189e-10 -6.27792e-10 5.00853e-05)
(8.34165e-10 -1.16544e-09 5.0085e-05)
(-2.59009e-09 -1.17242e-09 4.47487e-05)
(-3.10611e-09 1.85185e-09 3.47439e-05)
(1.67119e-09 1.6474e-09 2.16669e-05)
(2.78728e-09 -1.82127e-09 8.64472e-06)
(-1.73426e-08 1.22267e-08 8.64425e-06)
(-5.32919e-09 -1.47141e-09 2.16669e-05)
(-4.94822e-09 4.2858e-09 3.47439e-05)
(-7.53135e-09 1.5265e-09 4.47488e-05)
(1.29235e-09 -6.89888e-10 5.00844e-05)
(2.82866e-10 -4.56296e-10 5.00845e-05)
(7.96883e-09 2.23623e-09 4.47482e-05)
(2.84405e-09 4.5313e-09 3.47434e-05)
(-1.8149e-09 -4.76634e-09 2.1667e-05)
(7.73751e-09 6.09539e-09 8.64509e-06)
(-9.48824e-09 1.34205e-08 2.2871e-05)
(-6.67586e-09 1.09498e-09 5.70449e-05)
(-1.02279e-08 6.61001e-09 8.29965e-05)
(-3.30688e-09 -2.0377e-09 9.98732e-05)
(9.24735e-10 -5.17413e-09 0.000107883)
(2.89447e-09 -4.37288e-09 0.000107883)
(8.41664e-09 -1.36255e-10 9.98723e-05)
(1.47878e-08 1.06142e-08 8.2996e-05)
(5.08314e-09 3.70644e-10 5.70455e-05)
(3.39391e-09 7.64875e-09 2.2872e-05)
(-2.10397e-09 8.96866e-09 3.75036e-05)
(1.00676e-09 1.94087e-09 8.60473e-05)
(-1.16243e-09 5.49325e-09 0.000114542)
(2.9323e-09 -6.53639e-09 0.000128146)
(1.1808e-09 -5.8493e-09 0.000133194)
(8.21554e-13 -4.96053e-09 0.000133194)
(-1.18189e-09 -4.75323e-09 0.000128146)
(3.36466e-09 9.89557e-09 0.000114543)
(-1.3324e-10 4.79011e-09 8.60481e-05)
(-5.5116e-10 4.21213e-09 3.75045e-05)
(-8.8547e-10 4.3999e-09 4.90232e-05)
(1.93228e-09 -9.18947e-10 0.000104705)
(2.93591e-09 3.15707e-09 0.000129498)
(2.60294e-09 -3.52035e-09 0.000137784)
(-3.80769e-10 -1.87727e-09 0.000139985)
(-1.27901e-09 -1.24943e-09 0.000139986)
(-4.6256e-09 -1.96745e-09 0.000137784)
(-3.33136e-09 5.93879e-09 0.000129499)
(-6.48054e-10 2.92085e-10 0.000104706)
(6.98801e-10 1.63428e-09 4.90235e-05)
(1.49033e-09 1.54822e-09 5.53209e-05)
(1.73214e-09 -7.92818e-10 0.000113183)
(8.27878e-10 1.74381e-09 0.000134661)
(1.27914e-09 -8.20689e-10 0.000140172)
(-5.64644e-10 -2.27754e-10 0.000141241)
(-1.38385e-09 5.86901e-11 0.000141241)
(-2.46593e-09 -1.19902e-09 0.000140172)
(-1.60063e-09 2.19856e-09 0.000134662)
(-1.73588e-09 -4.90743e-10 0.000113183)
(-9.48293e-10 1.39269e-09 5.53209e-05)
(1.34577e-09 -7.16802e-10 5.53211e-05)
(2.44858e-09 1.42037e-10 0.000113183)
(1.66682e-09 1.96886e-09 0.000134661)
(1.34571e-09 -4.40596e-10 0.000140171)
(7.63519e-10 2.63769e-10 0.000141241)
(-6.09824e-10 3.99689e-10 0.000141241)
(-1.49998e-09 -1.07374e-09 0.000140172)
(-2.04052e-09 1.77655e-09 0.000134661)
(-2.88206e-09 -8.18034e-10 0.000113183)
(-8.12046e-10 -2.26957e-09 5.53211e-05)
(-1.49193e-09 -2.97548e-09 4.90229e-05)
(2.75705e-09 8.07424e-10 0.000104706)
(5.18596e-09 5.19823e-10 0.000129498)
(2.75479e-09 5.40489e-10 0.000137784)
(1.42683e-09 2.1258e-09 0.000139986)
(-8.13409e-10 1.84804e-09 0.000139986)
(-2.46161e-09 5.98096e-10 0.000137785)
(-5.32972e-09 8.81065e-10 0.000129498)
(-3.50045e-09 -2.01271e-09 0.000104706)
(1.66537e-09 -5.08031e-09 4.90229e-05)
(-1.18662e-09 -2.19131e-09 3.75042e-05)
(9.11238e-10 -3.5171e-09 8.60473e-05)
(1.5016e-09 -4.07821e-10 0.000114543)
(5.94783e-10 2.40386e-09 0.000128146)
(-2.08658e-10 4.23107e-09 0.000133194)
(-8.33148e-10 4.87931e-09 0.000133194)
(-5.05405e-10 3.99131e-09 0.000128146)
(-1.96509e-09 2.40243e-09 0.000114543)
(-1.33677e-09 -7.97569e-09 8.60475e-05)
(2.61171e-09 -9.8258e-09 3.75042e-05)
(-8.36019e-10 -3.14156e-09 2.28715e-05)
(-5.39976e-09 -4.47746e-09 5.70448e-05)
(-8.08294e-09 -1.78036e-09 8.29966e-05)
(-4.31225e-09 -1.43208e-11 9.98728e-05)
(-1.856e-09 3.09446e-09 0.000107883)
(2.29761e-09 2.87688e-09 0.000107883)
(5.77143e-09 7.77624e-10 9.98728e-05)
(1.15619e-08 6.39724e-10 8.29964e-05)
(1.27308e-08 -7.35482e-09 5.70448e-05)
(9.29671e-09 -1.28689e-08 2.28712e-05)
(-2.75896e-09 -2.54033e-09 8.64499e-06)
(-4.22813e-09 -1.48743e-09 2.16671e-05)
(-3.88521e-09 -1.78351e-09 3.47437e-05)
(-2.13925e-09 -1.53894e-09 4.47489e-05)
(-1.94229e-09 2.10579e-10 5.00852e-05)
(1.581e-09 -6.5451e-10 5.00851e-05)
(2.77631e-09 -2.33922e-09 4.47486e-05)
(4.26173e-09 -1.34086e-09 3.47436e-05)
(8.75126e-09 -1.60588e-09 2.16667e-05)
(1.11953e-08 -8.11586e-09 8.64461e-06)
(-3.15782e-09 1.39708e-09 8.64448e-06)
(7.30208e-09 -8.17395e-09 2.16662e-05)
(5.27575e-09 8.94376e-10 3.47423e-05)
(-9.4077e-10 1.8886e-09 4.47472e-05)
(1.32297e-09 4.11264e-10 5.00831e-05)
(-1.08258e-09 3.43571e-10 5.00834e-05)
(8.59055e-10 1.60747e-09 4.47472e-05)
(-5.47602e-09 1.06322e-09 3.4742e-05)
(-5.68995e-09 -6.40643e-09 2.16662e-05)
(7.61076e-09 4.26157e-09 8.64475e-06)
(7.9002e-12 2.00823e-09 2.28714e-05)
(7.21145e-10 -7.08457e-09 5.70449e-05)
(-2.85931e-09 9.83625e-10 8.29946e-05)
(-1.36412e-09 2.74563e-09 9.98714e-05)
(-3.12045e-09 -7.49292e-10 0.000107882)
(-1.19749e-09 -2.02442e-10 0.000107882)
(-2.48296e-09 2.69283e-09 9.98714e-05)
(-5.07278e-10 6.33786e-10 8.29944e-05)
(-4.66441e-09 -8.22456e-09 5.7045e-05)
(-4.40746e-09 -2.58508e-09 2.28716e-05)
(1.13363e-09 2.72351e-09 3.75042e-05)
(-7.78315e-10 9.15417e-10 8.60483e-05)
(-2.66935e-09 -1.67316e-09 0.000114543)
(3.63178e-10 -1.41026e-09 0.000128145)
(-1.60384e-10 -2.28524e-09 0.000133193)
(-2.42335e-10 -1.54029e-09 0.000133193)
(-7.75634e-10 -1.09126e-09 0.000128145)
(3.36008e-09 -2.0939e-09 0.000114544)
(3.12281e-09 -1.0991e-09 8.60494e-05)
(-4.84117e-11 4.34567e-10 3.75049e-05)
(1.19713e-09 -3.92453e-11 4.90233e-05)
(4.28723e-09 -9.10371e-10 0.000104706)
(4.12405e-09 -8.78991e-10 0.000129499)
(2.64984e-09 -8.44013e-10 0.000137784)
(1.54199e-09 -4.06733e-10 0.000139985)
(-3.12758e-10 -2.96086e-10 0.000139985)
(-1.15955e-09 -1.75483e-09 0.000137784)
(-1.82263e-09 -2.05928e-09 0.0001295)
(-1.84476e-09 -1.77245e-09 0.000104707)
(7.88504e-11 1.36722e-09 4.90239e-05)
(-4.18917e-10 6.73628e-10 5.5321e-05)
(7.91475e-10 -1.61954e-09 0.000113182)
(8.65456e-10 8.38218e-10 0.000134662)
(6.13445e-10 2.99945e-10 0.000140172)
(1.14406e-09 4.41684e-10 0.000141241)
(8.86305e-10 5.51323e-10 0.000141241)
(5.492e-10 -9.03334e-10 0.000140172)
(-1.17114e-09 -4.03726e-10 0.000134663)
(-1.81468e-09 -2.23365e-09 0.000113183)
(-2.82331e-10 2.35223e-10 5.53216e-05)
(-1.05773e-09 -6.96898e-10 5.5321e-05)
(5.70907e-10 -2.42913e-09 0.000113182)
(1.20854e-09 1.90322e-09 0.000134662)
(-5.12414e-10 -2.42904e-10 0.000140171)
(3.11942e-11 -4.33809e-12 0.000141241)
(-4.48616e-10 1.9414e-10 0.000141241)
(7.9639e-10 -6.42126e-10 0.000140172)
(-1.27005e-09 1.64316e-09 0.000134662)
(-1.19138e-09 -2.04428e-09 0.000113183)
(8.7495e-10 3.55879e-10 5.53216e-05)
(-4.66772e-10 5.09255e-10 4.90224e-05)
(1.85069e-09 -4.61474e-09 0.000104705)
(3.26357e-09 4.25431e-09 0.000129499)
(1.98076e-10 8.02272e-10 0.000137784)
(3.32803e-10 5.24447e-10 0.000139985)
(-1.19801e-09 6.26375e-10 0.000139986)
(-4.7066e-10 1.13275e-09 0.000137785)
(-4.2462e-09 3.49572e-09 0.000129499)
(-3.59615e-09 -3.76037e-09 0.000104705)
(-1.67634e-10 1.28821e-09 4.90232e-05)
(8.68967e-10 -2.15772e-09 3.75032e-05)
(-2.12255e-09 -7.43136e-09 8.60474e-05)
(-1.9699e-09 6.35365e-09 0.000114543)
(-7.33271e-10 2.03246e-09 0.000128146)
(5.19573e-11 1.08835e-09 0.000133193)
(-3.31404e-10 7.4895e-10 0.000133194)
(-5.67445e-10 2.59565e-09 0.000128146)
(5.54521e-10 7.03293e-09 0.000114543)
(9.55059e-10 -6.14155e-09 8.60477e-05)
(-1.9557e-09 -4.9582e-10 3.75039e-05)
(-9.84558e-10 -3.77273e-09 2.28711e-05)
(-2.74549e-09 5.55082e-10 5.70455e-05)
(-8.05444e-10 6.60977e-09 8.29966e-05)
(2.04431e-09 -6.48988e-10 9.98725e-05)
(-3.39237e-10 -7.34299e-10 0.000107882)
(1.16267e-09 -9.0437e-10 0.000107882)
(-2.16993e-09 -7.58076e-10 9.98724e-05)
(7.94182e-10 6.89271e-09 8.29958e-05)
(2.17404e-09 7.13954e-10 5.70449e-05)
(-1.48764e-09 -1.71319e-09 2.2871e-05)
(-4.337e-09 -3.51114e-09 8.64469e-06)
(1.5635e-09 3.22308e-09 2.16672e-05)
(6.15805e-09 3.44712e-09 3.47432e-05)
(4.07152e-09 -7.96198e-10 4.47481e-05)
(-3.83866e-10 -1.19582e-09 5.00842e-05)
(1.60721e-10 -7.01586e-10 5.00845e-05)
(-2.94153e-09 -1.45554e-09 4.47485e-05)
(-4.12861e-09 2.37965e-09 3.47431e-05)
(-8.08333e-10 3.29723e-09 2.16669e-05)
(2.43804e-09 -1.68241e-09 8.64464e-06)
(-1.61676e-08 1.13321e-08 8.64483e-06)
(-3.55077e-10 -4.33182e-09 2.1667e-05)
(8.96503e-10 1.41936e-09 3.47441e-05)
(-5.03485e-09 1.84999e-09 4.47488e-05)
(-4.04383e-10 4.9312e-10 5.00854e-05)
(-1.56405e-09 -2.77857e-10 5.00853e-05)
(2.00492e-09 2.14419e-09 4.47491e-05)
(-3.39587e-09 1.60682e-09 3.47441e-05)
(-5.15246e-09 -6.36068e-09 2.16673e-05)
(5.23332e-09 3.30121e-09 8.64463e-06)
(-6.85015e-09 1.08049e-08 2.28712e-05)
(-6.85562e-09 -4.87326e-10 5.70439e-05)
(-8.82104e-09 -1.97569e-10 8.29968e-05)
(-3.78496e-09 9.86381e-10 9.9873e-05)
(-2.13286e-09 -2.27148e-09 0.000107884)
(-5.96746e-10 -2.45642e-09 0.000107883)
(5.29504e-10 1.04479e-09 9.98732e-05)
(5.98458e-09 2.17698e-09 8.29969e-05)
(9.7041e-10 -3.67827e-09 5.7044e-05)
(-1.48073e-09 1.25995e-09 2.28707e-05)
(-1.82192e-09 8.87458e-09 3.75037e-05)
(-5.76694e-10 3.59103e-09 8.60462e-05)
(1.60071e-10 -4.17939e-09 0.000114543)
(2.77599e-09 -2.8997e-09 0.000128146)
(1.11338e-09 -2.85676e-09 0.000133194)
(-4.00442e-10 -2.71081e-09 0.000133194)
(-2.29407e-09 -2.9237e-09 0.000128146)
(4.39399e-10 -2.0003e-09 0.000114542)
(2.20864e-09 2.82475e-09 8.60466e-05)
(9.46818e-10 2.48127e-09 3.75034e-05)
(-9.30422e-10 4.0444e-09 4.90227e-05)
(3.13154e-09 -1.61819e-10 0.000104705)
(3.75002e-09 -2.10899e-09 0.000129497)
(2.45666e-09 -1.0789e-09 0.000137785)
(1.5154e-09 1.6324e-10 0.000139985)
(-8.91881e-10 -1.71614e-10 0.000139985)
(-2.1541e-09 -1.64791e-09 0.000137784)
(-3.54959e-09 -2.44199e-09 0.000129498)
(-1.05229e-09 -1.02224e-09 0.000104706)
(2.01715e-09 2.5788e-09 4.90228e-05)
(5.2417e-10 1.06746e-09 5.53207e-05)
(2.97412e-09 -1.22436e-09 0.000113183)
(2.52613e-09 1.77514e-10 0.000134661)
(5.78437e-10 -4.67307e-12 0.000140172)
(4.35392e-10 4.21669e-10 0.00014124)
(1.79559e-10 5.78205e-10 0.000141241)
(-4.75657e-10 -8.61789e-10 0.000140172)
(-2.17989e-09 -4.45122e-10 0.000134661)
(-2.36301e-09 -2.02317e-09 0.000113183)
(-9.5569e-11 8.95319e-10 5.53212e-05)
(2.32076e-10 -2.75263e-10 5.53209e-05)
(2.66896e-09 -2.42278e-09 0.000113183)
(2.59429e-09 1.54082e-09 0.000134661)
(8.95014e-10 -5.16704e-10 0.000140172)
(1.12717e-09 1.69802e-10 0.00014124)
(-4.79507e-10 6.90066e-10 0.000141241)
(-3.47771e-11 3.24018e-10 0.000140172)
(-2.63641e-09 1.84566e-09 0.000134661)
(-2.4116e-09 -4.0658e-09 0.000113183)
(4.87113e-10 -1.10878e-10 5.53207e-05)
(-2.05554e-09 -2.30178e-09 4.90235e-05)
(1.53021e-09 -5.82628e-09 0.000104706)
(4.72826e-09 2.60234e-09 0.000129498)
(1.30802e-09 3.4591e-10 0.000137784)
(1.62836e-09 1.09894e-09 0.000139985)
(-6.99004e-10 1.71949e-09 0.000139986)
(-1.66913e-09 1.83204e-09 0.000137785)
(-5.32388e-09 3.03807e-09 0.000129498)
(-1.73662e-09 -7.38316e-09 0.000104706)
(1.37262e-09 5.43136e-10 4.90229e-05)
(-1.33724e-09 -2.78926e-09 3.75045e-05)
(-3.19617e-09 -1.09562e-08 8.60463e-05)
(2.32059e-10 3.89463e-09 0.000114542)
(-1.41803e-13 2.66025e-09 0.000128146)
(6.17245e-10 2.97723e-09 0.000133194)
(1.24079e-09 4.06407e-09 0.000133194)
(-3.56906e-10 4.65801e-09 0.000128147)
(-5.4113e-10 4.76678e-09 0.000114543)
(1.32642e-09 -1.29009e-08 8.60468e-05)
(-7.53711e-10 -3.11193e-09 3.7504e-05)
(-1.23218e-09 -5.14867e-09 2.28711e-05)
(-8.62092e-09 -7.26605e-09 5.70435e-05)
(-9.38716e-09 2.10055e-09 8.29964e-05)
(-3.76724e-09 8.58191e-11 9.98731e-05)
(-2.15148e-09 1.43859e-09 0.000107883)
(1.75214e-09 2.59138e-09 0.000107884)
(3.58019e-09 1.29098e-09 9.98738e-05)
(1.19283e-08 1.78253e-09 8.29977e-05)
(1.2476e-08 -8.85664e-09 5.70448e-05)
(4.08191e-09 -7.92484e-09 2.28713e-05)
(-6.39156e-09 -5.46316e-09 8.6446e-06)
(-6.10941e-09 -1.202e-09 2.1667e-05)
(-4.17345e-09 -4.97314e-10 3.47441e-05)
(-1.57497e-09 -1.88894e-09 4.47489e-05)
(-2.24259e-09 -8.004e-10 5.00851e-05)
(1.6293e-09 -1.69522e-10 5.00854e-05)
(4.7528e-10 -1.68051e-09 4.47493e-05)
(2.25354e-09 -3.54351e-10 3.47445e-05)
(6.61123e-09 -1.29056e-09 2.16674e-05)
(6.21034e-09 -5.04449e-09 8.64488e-06)
(-5.28858e-09 3.09173e-09 8.64431e-06)
(5.14185e-09 -6.26365e-09 2.16671e-05)
(-2.33357e-10 4.39856e-09 3.47433e-05)
(-4.6279e-09 9.86298e-10 4.47477e-05)
(1.58922e-09 -5.42344e-11 5.0084e-05)
(-9.71179e-10 -3.69131e-10 5.00841e-05)
(5.34775e-09 1.56694e-09 4.47486e-05)
(-3.64267e-10 3.17405e-09 3.47444e-05)
(-4.19916e-09 -5.52014e-09 2.16677e-05)
(4.34001e-09 2.80486e-09 8.64467e-06)
(-2.43154e-09 3.99896e-09 2.28717e-05)
(-2.29384e-10 -5.40878e-09 5.70446e-05)
(-7.98672e-09 8.20677e-09 8.29963e-05)
(-2.8289e-09 -3.09272e-10 9.98723e-05)
(-6.51212e-10 -2.24027e-09 0.000107883)
(-1.49667e-09 -2.07472e-09 0.000107883)
(5.3991e-10 -2.4637e-10 9.98725e-05)
(3.82068e-09 6.23831e-09 8.29969e-05)
(-1.78307e-09 -5.34761e-09 5.70445e-05)
(1.00628e-09 2.21803e-09 2.28713e-05)
(2.82431e-09 1.20177e-09 3.75037e-05)
(2.11688e-09 -5.7762e-10 8.60464e-05)
(-3.32087e-09 6.99047e-09 0.000114543)
(1.15974e-09 -4.5404e-09 0.000128147)
(1.95955e-10 -2.60749e-09 0.000133194)
(2.48079e-10 -2.7767e-09 0.000133194)
(-8.21097e-10 -3.90078e-09 0.000128147)
(3.10355e-09 5.40248e-09 0.000114544)
(-9.81079e-10 -9.17344e-10 8.60463e-05)
(-2.77549e-09 -3.03101e-10 3.75033e-05)
(2.14678e-09 -1.80744e-09 4.90233e-05)
(3.20946e-09 -1.79801e-09 0.000104705)
(3.21829e-09 4.15474e-09 0.000129497)
(3.29304e-09 -2.68486e-09 0.000137785)
(8.31668e-11 -6.7861e-10 0.000139986)
(-5.59373e-10 -9.14497e-10 0.000139986)
(-3.90659e-09 -3.06187e-09 0.000137785)
(-3.10073e-09 2.56349e-09 0.000129497)
(-2.1443e-09 -1.83697e-09 0.000104705)
(-1.20935e-09 -6.32804e-10 4.90228e-05)
(8.57361e-10 -2.68771e-10 5.53214e-05)
(-1.43506e-12 -1.02326e-09 0.000113183)
(6.75551e-10 2.38867e-09 0.000134662)
(1.0727e-09 -3.69761e-10 0.000140172)
(-1.2138e-10 9.42476e-11 0.000141241)
(7.40812e-10 2.62485e-10 0.000141241)
(-1.19368e-09 -8.33018e-10 0.000140172)
(-1.92185e-09 3.75994e-10 0.000134661)
(-1.58347e-09 -1.69444e-09 0.000113183)
(-5.51604e-10 -4.77892e-10 5.53214e-05)
(1.99991e-10 -8.54575e-10 5.53214e-05)
(-1.61516e-13 3.46756e-10 0.000113184)
(1.15626e-09 1.93686e-09 0.000134661)
(9.96688e-10 -6.72914e-10 0.000140172)
(1.39056e-10 1.29045e-10 0.000141241)
(4.83391e-10 5.89457e-10 0.000141241)
(-9.41058e-10 3.29714e-10 0.000140172)
(-1.94924e-09 1.25227e-09 0.000134661)
(-2.06056e-09 -1.45265e-09 0.000113183)
(-5.15058e-10 -2.84743e-09 5.5321e-05)
(1.65076e-10 -4.18871e-10 4.90233e-05)
(2.57377e-09 1.1812e-12 0.000104706)
(3.22994e-09 1.15728e-09 0.000129498)
(7.86213e-10 4.0744e-10 0.000137785)
(4.00755e-10 1.02313e-09 0.000139985)
(-3.88829e-10 1.48757e-09 0.000139986)
(-1.4208e-09 1.58366e-09 0.000137785)
(-3.29487e-09 1.9425e-09 0.000129498)
(-3.67556e-09 -1.88716e-09 0.000104706)
(1.84383e-10 -5.45268e-09 4.90229e-05)
(8.214e-10 -2.70216e-09 3.75043e-05)
(1.37792e-09 -3.75058e-09 8.60475e-05)
(-1.51717e-09 1.65532e-09 0.000114543)
(-1.19229e-09 1.40555e-09 0.000128146)
(3.20434e-10 1.00099e-09 0.000133193)
(9.2144e-11 1.8292e-09 0.000133193)
(1.94809e-09 2.72638e-09 0.000128146)
(2.85762e-09 4.08501e-09 0.000114544)
(1.9123e-09 -3.60895e-09 8.60484e-05)
(3.04863e-09 -8.6148e-09 3.75039e-05)
(-3.23284e-09 -5.00413e-09 2.28715e-05)
(-4.57723e-09 -7.85024e-10 5.70454e-05)
(-3.41587e-09 3.54512e-09 8.29967e-05)
(-1.95412e-09 -1.98339e-09 9.98714e-05)
(-1.82926e-09 -7.32101e-10 0.000107881)
(8.27896e-11 -4.39262e-11 0.000107881)
(3.96389e-10 -3.80699e-10 9.98715e-05)
(3.68649e-09 3.45399e-09 8.29973e-05)
(6.01796e-09 -4.36621e-11 5.7046e-05)
(6.40651e-09 -8.21106e-09 2.28719e-05)
(-4.48419e-09 -3.57744e-09 8.64468e-06)
(-1.02229e-09 1.39511e-09 2.16665e-05)
(2.58178e-09 2.29545e-09 3.47427e-05)
(5.42176e-10 -1.95377e-09 4.47467e-05)
(-2.61774e-10 -6.60067e-10 5.00829e-05)
(6.20736e-10 -8.24384e-10 5.00828e-05)
(-4.43941e-10 -1.37228e-09 4.47469e-05)
(-1.26258e-09 4.40756e-10 3.47432e-05)
(1.48649e-09 1.95673e-09 2.16667e-05)
(5.375e-09 -3.96278e-09 8.64458e-06)
(2.32186e-09 -1.66739e-10 8.64453e-06)
(5.08508e-09 -3.04324e-09 2.16669e-05)
(2.74788e-09 -2.72255e-09 3.47443e-05)
(1.86155e-09 7.27671e-10 4.47491e-05)
(1.19004e-09 2.03297e-09 5.00855e-05)
(-1.96193e-09 1.36502e-09 5.00855e-05)
(-2.48917e-09 -2.34792e-10 4.47491e-05)
(-1.5711e-09 -1.63881e-09 3.47438e-05)
(-2.73282e-09 -1.09292e-09 2.16667e-05)
(-3.35538e-09 -2.57016e-09 8.64429e-06)
(-2.96295e-10 -1.42721e-09 2.28711e-05)
(-1.69786e-09 4.55373e-10 5.7044e-05)
(-2.41396e-09 1.17252e-11 8.29956e-05)
(-3.10052e-09 -2.70537e-11 9.98737e-05)
(-7.81088e-10 5.60864e-10 0.000107884)
(7.39811e-10 -4.62806e-11 0.000107885)
(2.83314e-09 -1.1962e-09 9.98738e-05)
(8.58169e-10 -1.60442e-10 8.29965e-05)
(6.24948e-11 1.20437e-09 5.70437e-05)
(-1.14849e-09 -2.2198e-09 2.28703e-05)
(-1.55581e-09 2.02967e-10 3.75033e-05)
(-3.3066e-09 1.63064e-09 8.60477e-05)
(-2.63573e-09 2.59269e-09 0.000114543)
(-6.6325e-10 -2.56264e-09 0.000128146)
(-9.13374e-12 -2.10573e-09 0.000133194)
(1.02287e-10 -2.4184e-09 0.000133194)
(7.16455e-10 -2.24092e-09 0.000128146)
(2.67101e-09 2.84983e-09 0.000114543)
(4.03686e-09 2.6507e-09 8.60474e-05)
(1.3719e-09 -3.72904e-11 3.75041e-05)
(-3.57337e-10 2.14995e-09 4.9022e-05)
(-1.46533e-09 3.40999e-10 0.000104705)
(-6.18801e-10 2.06245e-09 0.000129498)
(3.34315e-10 -1.89708e-09 0.000137784)
(-1.19841e-09 -1.1081e-09 0.000139986)
(9.1717e-12 -1.51791e-09 0.000139986)
(-5.4906e-10 -1.41159e-09 0.000137784)
(1.6375e-10 1.46043e-09 0.000129498)
(2.48536e-10 1.3635e-10 0.000104705)
(-7.50663e-12 1.53109e-09 4.90228e-05)
(3.71383e-10 1.29946e-09 5.53206e-05)
(8.09272e-11 8.28576e-10 0.000113182)
(8.04226e-10 2.36317e-09 0.000134661)
(8.07157e-10 -1.2912e-09 0.000140171)
(-1.35952e-10 -1.16307e-09 0.000141241)
(9.72134e-10 -1.42532e-09 0.000141241)
(-1.08797e-09 -1.17815e-09 0.000140171)
(-1.73046e-09 5.02689e-10 0.000134661)
(-1.16202e-09 -3.89646e-10 0.000113183)
(-7.09463e-10 8.31931e-10 5.53211e-05)
(4.5533e-10 1.10035e-09 5.53207e-05)
(6.40526e-10 -5.9537e-10 0.000113182)
(1.43409e-09 1.65302e-09 0.000134661)
(7.86748e-10 -1.03462e-09 0.000140171)
(1.80849e-10 -5.70606e-10 0.000141241)
(4.24627e-10 2.62026e-11 0.000141241)
(-1.1132e-09 4.2272e-10 0.000140171)
(-2.31539e-09 9.6645e-10 0.000134661)
(-2.18303e-09 -1.13528e-09 0.000113182)
(-6.00134e-10 -6.88942e-10 5.5321e-05)
(9.66165e-10 2.24649e-09 4.90228e-05)
(-3.29731e-10 2.40745e-10 0.000104705)
(-8.86407e-10 2.15246e-09 0.000129498)
(-1.06625e-10 -3.11889e-10 0.000137784)
(8.90981e-10 -9.74194e-10 0.000139985)
(1.28653e-09 -1.15371e-10 0.000139985)
(7.53147e-10 2.21212e-09 0.000137784)
(1.53646e-11 3.04339e-09 0.000129498)
(-2.10057e-09 -1.56268e-10 0.000104706)
(-9.55307e-10 -2.94332e-09 4.90227e-05)
(6.29774e-10 1.49929e-09 3.7504e-05)
(-2.72445e-09 1.18273e-10 8.6047e-05)
(-3.54793e-09 2.23163e-09 0.000114542)
(-8.64868e-10 7.71215e-11 0.000128145)
(4.22446e-10 -1.43273e-09 0.000133193)
(6.3356e-12 -2.50807e-10 0.000133194)
(1.14464e-09 2.96467e-09 0.000128146)
(3.64542e-09 4.41482e-09 0.000114543)
(4.08724e-09 -3.34698e-10 8.60475e-05)
(2.9157e-09 -4.93255e-09 3.75039e-05)
(4.35559e-09 5.04314e-09 2.28705e-05)
(3.59543e-09 8.30995e-09 5.70429e-05)
(4.85925e-10 2.51458e-09 8.29952e-05)
(1.06576e-09 -2.40132e-09 9.98728e-05)
(-6.07664e-10 -3.11308e-09 0.000107883)
(-7.18911e-10 -2.21032e-09 0.000107884)
(-1.84178e-09 -1.39255e-09 9.98738e-05)
(2.86384e-10 2.12801e-09 8.29966e-05)
(1.98468e-09 5.40213e-09 5.70442e-05)
(1.42163e-09 2.37246e-10 2.28708e-05)
(3.23573e-09 2.81425e-09 8.64391e-06)
(1.03472e-08 8.58848e-09 2.16661e-05)
(1.07033e-08 3.11796e-09 3.47434e-05)
(6.88142e-09 -5.88168e-10 4.4749e-05)
(1.69838e-09 -1.9306e-09 5.00855e-05)
(-1.49934e-09 -1.88942e-09 5.00855e-05)
(-4.64615e-09 -1.81618e-09 4.47492e-05)
(-9.49456e-09 1.72169e-09 3.4744e-05)
(-8.5007e-09 6.42431e-09 2.16672e-05)
(-4.85489e-10 9.49269e-10 8.6446e-06)
(-1.40682e-08 9.97157e-09 8.64479e-06)
(2.57164e-09 -5.43443e-09 2.16665e-05)
(-1.15966e-09 3.5153e-09 3.47436e-05)
(-7.87136e-09 1.7577e-09 4.47498e-05)
(5.31994e-10 4.42722e-10 5.00863e-05)
(-1.45071e-09 8.66192e-10 5.00858e-05)
(5.2779e-09 1.39446e-09 4.47485e-05)
(1.28432e-09 3.90319e-09 3.47422e-05)
(-2.08076e-09 -5.03352e-09 2.16658e-05)
(7.0351e-09 4.88158e-09 8.64443e-06)
(-8.73665e-09 1.09247e-08 2.28703e-05)
(-6.22123e-09 -1.47983e-09 5.70445e-05)
(-1.15528e-08 6.97221e-09 8.29946e-05)
(-7.29095e-09 -1.51155e-09 9.98737e-05)
(-1.59871e-09 -4.6466e-09 0.000107884)
(1.22342e-09 -4.30785e-09 0.000107883)
(7.08939e-09 -1.07501e-09 9.98729e-05)
(1.2503e-08 8.47123e-09 8.29942e-05)
(5.14972e-09 -3.94963e-10 5.70447e-05)
(5.7424e-09 7.91171e-09 2.28713e-05)
(-1.809e-09 7.84613e-09 3.75034e-05)
(5.25442e-11 2.02638e-09 8.60483e-05)
(-2.42559e-09 5.61944e-09 0.000114541)
(1.3936e-09 -5.92923e-09 0.000128145)
(2.19892e-11 -5.9829e-09 0.000133193)
(-6.6383e-10 -6.47342e-09 0.000133193)
(-1.79875e-09 -4.57363e-09 0.000128145)
(1.56371e-09 7.92483e-09 0.000114541)
(-1.19158e-09 2.79171e-09 8.60493e-05)
(-9.95532e-10 2.91831e-09 3.75057e-05)
(-3.81279e-10 6.06777e-09 4.9022e-05)
(1.25152e-09 5.89036e-10 0.000104706)
(3.06246e-09 2.38644e-09 0.000129499)
(3.78218e-09 -2.82746e-09 0.000137783)
(-7.16745e-10 -1.83391e-09 0.000139985)
(-1.29205e-09 -1.8193e-09 0.000139985)
(-4.526e-09 -1.84942e-09 0.000137783)
(-4.43233e-09 4.22591e-09 0.000129499)
(-2.12288e-09 -1.76164e-09 0.000104706)
(-1.7759e-10 -7.00034e-10 4.90238e-05)
(1.32457e-09 3.49928e-09 5.53206e-05)
(1.93841e-09 7.80664e-10 0.000113182)
(1.74381e-09 6.01036e-10 0.000134661)
(2.17242e-09 -8.8077e-10 0.000140171)
(3.81822e-11 -4.97431e-10 0.000141241)
(1.05131e-10 -4.27068e-10 0.000141241)
(-1.48534e-09 -1.02831e-09 0.000140171)
(-5.77547e-10 9.63954e-10 0.000134662)
(-1.37178e-09 -1.11957e-09 0.000113182)
(-1.85787e-09 -1.67748e-10 5.53211e-05)
(1.3683e-09 5.15348e-10 5.53206e-05)
(2.00841e-09 1.43477e-09 0.000113182)
(1.24238e-09 6.53298e-10 0.000134661)
(1.83255e-09 -5.61127e-10 0.000140171)
(9.6435e-10 2.84643e-10 0.000141241)
(7.08217e-11 6.14096e-10 0.000141241)
(-1.15724e-09 -1.64001e-10 0.000140172)
(-1.44185e-09 1.34633e-09 0.000134662)
(-2.78012e-09 -7.31265e-10 0.000113182)
(-1.40144e-09 -3.7564e-09 5.53212e-05)
(-6.76697e-10 -1.62382e-09 4.90231e-05)
(2.53981e-09 1.59846e-09 0.000104705)
(4.06253e-09 -4.15612e-10 0.000129499)
(2.50429e-09 -3.19681e-10 0.000137784)
(9.31187e-10 1.53823e-10 0.000139985)
(-8.94404e-10 1.41457e-09 0.000139985)
(-2.18259e-09 1.30491e-09 0.000137784)
(-5.26681e-09 1.32448e-09 0.000129499)
(-4.14674e-09 -5.57713e-10 0.000104706)
(1.59133e-09 -6.16404e-09 4.90234e-05)
(-3.4389e-10 -1.94542e-09 3.75046e-05)
(1.84639e-09 -2.76152e-09 8.60476e-05)
(2.46391e-09 -5.30692e-10 0.000114542)
(6.84268e-10 8.35862e-10 0.000128145)
(2.33163e-10 2.83073e-09 0.000133194)
(1.40048e-10 3.94511e-09 0.000133194)
(5.41211e-10 4.9915e-09 0.000128145)
(-2.27954e-11 3.16123e-09 0.000114542)
(8.9138e-10 -6.59059e-09 8.60469e-05)
(4.29095e-09 -1.05795e-08 3.75046e-05)
(-1.38195e-09 -4.55043e-09 2.28712e-05)
(-2.47318e-09 -2.81952e-09 5.70438e-05)
(-4.22862e-09 -1.19546e-10 8.29951e-05)
(-3.19391e-09 -5.68977e-10 9.98733e-05)
(-1.83704e-09 1.69596e-09 0.000107884)
(2.07122e-09 1.75416e-09 0.000107884)
(5.25235e-09 1.43679e-09 9.98739e-05)
(1.02341e-08 2.44459e-09 8.29953e-05)
(1.16272e-08 -4.84667e-09 5.70436e-05)
(8.90466e-09 -1.21619e-08 2.28706e-05)
(-5.15674e-09 -4.46994e-09 8.6445e-06)
(-2.426e-09 -1.91796e-10 2.16668e-05)
(-2.06697e-09 -7.56396e-10 3.4744e-05)
(-1.85173e-09 -1.34544e-09 4.47503e-05)
(-1.19007e-09 -1.0647e-09 5.00864e-05)
(1.76513e-10 -1.27365e-09 5.00867e-05)
(4.72879e-10 -2.04968e-09 4.47501e-05)
(1.24014e-09 3.26879e-10 3.47441e-05)
(5.88816e-09 9.06155e-11 2.1667e-05)
(8.48192e-09 -6.6251e-09 8.6447e-06)
(-1.42809e-08 1.12667e-08 8.64447e-06)
(-1.73079e-09 -3.35949e-09 2.16666e-05)
(-1.98199e-09 2.28231e-09 3.47429e-05)
(-6.1947e-09 1.42803e-09 4.4749e-05)
(-7.40319e-10 -1.12589e-10 5.00851e-05)
(-1.70576e-09 -1.44774e-10 5.00848e-05)
(2.02666e-09 2.75263e-09 4.47485e-05)
(-5.77675e-09 1.86552e-09 3.47426e-05)
(-9.91766e-09 -9.55097e-09 2.16662e-05)
(4.2519e-09 2.79714e-09 8.64453e-06)
(-9.86135e-09 1.3854e-08 2.28709e-05)
(-8.76648e-09 6.79457e-10 5.70451e-05)
(-9.85183e-09 6.13898e-10 8.29952e-05)
(-5.5809e-09 -8.5933e-10 9.9873e-05)
(-4.02591e-09 -4.26238e-09 0.000107883)
(-1.78372e-09 -2.75116e-09 0.000107882)
(-3.97443e-10 1.01491e-09 9.98721e-05)
(3.85082e-09 2.28776e-09 8.2994e-05)
(-2.08811e-09 -6.41338e-09 5.70448e-05)
(-3.85231e-09 -1.65841e-09 2.28714e-05)
(-2.29562e-09 9.75128e-09 3.75044e-05)
(-1.56612e-09 4.83022e-09 8.60486e-05)
(-1.31219e-09 -2.74208e-09 0.000114543)
(1.02901e-09 -4.18037e-09 0.000128145)
(-8.61451e-10 -4.05451e-09 0.000133193)
(-1.78469e-09 -3.2e-09 0.000133193)
(-3.28458e-09 -3.51046e-09 0.000128145)
(5.54016e-10 -1.02392e-09 0.000114543)
(1.62699e-09 2.07908e-09 8.60485e-05)
(-1.46701e-09 -8.21663e-10 3.75047e-05)
(-1.57545e-09 7.35597e-09 4.90234e-05)
(3.05742e-09 1.28773e-09 0.000104706)
(3.71795e-09 -1.93189e-09 0.0001295)
(1.82156e-09 -2.18855e-09 0.000137783)
(1.07997e-10 -2.34981e-10 0.000139985)
(-1.84527e-09 -6.12289e-10 0.000139985)
(-2.72517e-09 -9.8023e-10 0.000137783)
(-3.42827e-09 -8.50906e-10 0.000129499)
(-1.06498e-09 -2.04366e-09 0.000104706)
(1.48365e-09 1.049e-09 4.90236e-05)
(4.40983e-10 4.15079e-09 5.53217e-05)
(3.14079e-09 -2.48774e-10 0.000113182)
(2.38736e-09 -3.32623e-10 0.000134662)
(9.89482e-10 -1.50179e-09 0.000140171)
(6.78302e-10 -1.30321e-10 0.000141241)
(3.78847e-10 -6.45243e-11 0.000141241)
(1.39458e-10 -5.11445e-10 0.000140171)
(-9.65184e-10 2.59502e-10 0.000134662)
(-1.67154e-09 -2.02543e-09 0.000113182)
(-1.82021e-10 1.39473e-09 5.53213e-05)
(2.15292e-10 1.23209e-09 5.53215e-05)
(2.38351e-09 -1.95771e-09 0.000113182)
(2.19822e-09 1.88333e-09 0.000134662)
(7.8667e-10 -8.28718e-10 0.000140171)
(1.54228e-09 1.0537e-10 0.000141241)
(8.49748e-10 3.92468e-10 0.000141241)
(9.51697e-10 -3.74225e-10 0.000140171)
(-1.5683e-09 2.46589e-09 0.000134662)
(-1.63969e-09 -2.48968e-09 0.000113182)
(6.34245e-10 -7.18959e-10 5.53214e-05)
(-1.15181e-09 4.16287e-10 4.90234e-05)
(6.84439e-10 -4.67568e-09 0.000104705)
(3.07149e-09 2.71949e-09 0.000129499)
(1.28283e-09 -2.21793e-10 0.000137784)
(1.62549e-09 -6.73017e-12 0.000139985)
(-2.03844e-10 6.16474e-10 0.000139985)
(-6.69232e-10 7.70361e-10 0.000137784)
(-5.98881e-09 3.8272e-09 0.000129498)
(-3.63501e-09 -3.96314e-09 0.000104705)
(8.06183e-10 3.69296e-10 4.90235e-05)
(9.95836e-10 6.78588e-10 3.75041e-05)
(-1.53021e-09 -9.0262e-09 8.60481e-05)
(1.07077e-09 3.53944e-09 0.000114543)
(1.65681e-09 1.7396e-09 0.000128145)
(1.11937e-09 2.08977e-09 0.000133194)
(-5.72137e-11 3.84576e-09 0.000133193)
(-1.33213e-09 4.48405e-09 0.000128145)
(-2.6984e-09 5.9684e-09 0.000114542)
(-9.80904e-10 -9.44659e-09 8.60475e-05)
(-9.34002e-10 -2.5318e-09 3.75039e-05)
(1.86788e-09 -2.25387e-09 2.28714e-05)
(-5.40458e-09 -6.88299e-09 5.7045e-05)
(-5.2328e-09 2.38438e-09 8.29955e-05)
(-5.67918e-10 4.0355e-10 9.98729e-05)
(-7.88539e-10 1.71136e-09 0.000107883)
(1.72673e-09 3.13986e-09 0.000107882)
(2.39228e-09 2.09039e-09 9.98721e-05)
(8.29813e-09 4.21667e-09 8.29954e-05)
(7.73678e-09 -4.92993e-09 5.70447e-05)
(2.10822e-09 -5.95001e-09 2.2871e-05)
(-6.72887e-09 -4.8908e-09 8.64502e-06)
(-6.92279e-09 -3.15337e-09 2.16672e-05)
(-2.95876e-09 -3.37617e-10 3.47435e-05)
(-2.34838e-09 -1.57962e-09 4.47491e-05)
(-3.0878e-09 -2.83771e-10 5.00848e-05)
(8.02415e-11 -1.07705e-11 5.00848e-05)
(-8.64759e-10 -8.17994e-10 4.47486e-05)
(3.62559e-10 8.53405e-10 3.47432e-05)
(2.44499e-09 1.69805e-09 2.16666e-05)
(3.98373e-09 -3.06181e-09 8.64456e-06)
(-1.01272e-08 7.42714e-09 8.6446e-06)
(-1.84094e-09 -3.40964e-09 2.16664e-05)
(-3.92373e-09 4.58229e-09 3.47426e-05)
(-7.23383e-09 2.05476e-09 4.47473e-05)
(-1.55998e-09 -1.09004e-10 5.00837e-05)
(-1.49723e-09 -1.29357e-10 5.00839e-05)
(2.76158e-09 1.92852e-09 4.47476e-05)
(-2.85297e-09 1.46004e-09 3.47428e-05)
(-5.52827e-09 -6.98086e-09 2.16667e-05)
(2.94134e-09 8.57248e-10 8.64442e-06)
(-9.30918e-09 1.30244e-08 2.28716e-05)
(-1.02439e-08 2.9546e-09 5.70459e-05)
(-1.03887e-08 3.39852e-09 8.29957e-05)
(-3.69766e-09 -1.1096e-09 9.98715e-05)
(-2.18753e-09 -4.58586e-09 0.000107881)
(1.67082e-09 -4.15403e-09 0.000107881)
(3.30574e-09 3.26151e-10 9.98716e-05)
(8.19243e-09 3.84219e-09 8.29957e-05)
(3.29894e-09 -1.26068e-09 5.70452e-05)
(-1.69573e-10 1.92638e-09 2.28712e-05)
(-2.03438e-09 1.00828e-08 3.75049e-05)
(-1.27875e-09 6.73337e-09 8.60483e-05)
(1.21154e-10 -1.62269e-09 0.000114543)
(3.47521e-09 -4.33632e-09 0.000128146)
(9.3422e-10 -4.57767e-09 0.000133193)
(-1.10717e-09 -3.84015e-09 0.000133193)
(-2.19664e-09 -2.44678e-09 0.000128145)
(9.21721e-10 1.17084e-09 0.000114543)
(1.97348e-09 4.25248e-09 8.60466e-05)
(1.00521e-09 2.57221e-09 3.75035e-05)
(-7.05947e-10 5.72761e-09 4.90241e-05)
(4.25339e-09 1.74805e-09 0.000104707)
(4.45324e-09 -5.83969e-10 0.000129499)
(1.56503e-09 -1.82072e-09 0.000137784)
(4.89934e-10 -4.00704e-10 0.000139985)
(-1.09727e-09 -8.41635e-11 0.000139985)
(-1.48305e-09 -3.3732e-10 0.000137784)
(-3.04742e-09 2.59936e-10 0.000129498)
(-1.57705e-09 -1.10009e-09 0.000104705)
(1.99919e-09 1.98531e-09 4.90235e-05)
(1.2286e-10 2.59743e-09 5.53217e-05)
(3.45459e-09 1.76649e-10 0.000113183)
(2.51008e-09 7.83936e-10 0.000134662)
(3.58173e-10 -1.0723e-09 0.000140172)
(3.88337e-10 5.1051e-11 0.000141241)
(-1.57596e-10 2.92482e-11 0.000141241)
(-4.52459e-10 -5.69687e-10 0.000140171)
(-2.06192e-09 1.03377e-09 0.000134661)
(-2.05573e-09 -1.29576e-09 0.000113183)
(3.97293e-11 1.53159e-09 5.53212e-05)
(-3.89518e-10 1.62179e-09 5.53215e-05)
(2.51638e-09 -1.05412e-09 0.000113183)
(3.19397e-09 1.8588e-09 0.000134662)
(1.21085e-09 -5.46711e-10 0.000140172)
(1.55696e-09 3.09214e-10 0.000141241)
(-2.49125e-10 8.74198e-11 0.000141241)
(2.38777e-10 -3.22835e-10 0.000140171)
(-1.84121e-09 1.80811e-09 0.000134661)
(-1.7631e-09 -2.20564e-09 0.000113182)
(6.52421e-10 -5.69405e-11 5.53207e-05)
(-1.07972e-09 8.83454e-10 4.90233e-05)
(2.4657e-09 -3.34967e-09 0.000104705)
(5.34744e-09 2.34115e-09 0.000129499)
(2.47888e-09 -6.00556e-11 0.000137784)
(2.57285e-09 6.43242e-10 0.000139985)
(-2.96314e-10 1.70001e-10 0.000139985)
(-1.10455e-09 -1.34366e-12 0.000137784)
(-5.66457e-09 2.30358e-09 0.000129498)
(-3.26529e-09 -4.90944e-09 0.000104705)
(8.92448e-10 4.58231e-10 4.90229e-05)
(1.45527e-09 -6.54859e-10 3.75036e-05)
(1.18815e-09 -8.41161e-09 8.60472e-05)
(3.04258e-09 3.03921e-09 0.000114543)
(1.86126e-09 2.44729e-09 0.000128146)
(4.50497e-10 3.39683e-09 0.000133194)
(1.99221e-10 3.56597e-09 0.000133194)
(-8.20599e-10 3.94265e-09 0.000128146)
(-1.71238e-09 4.60017e-09 0.000114543)
(3.23068e-10 -1.21334e-08 8.60466e-05)
(-7.76556e-11 -4.06494e-09 3.75034e-05)
(-3.81032e-10 -5.07113e-09 2.28713e-05)
(-5.87308e-09 -7.01217e-09 5.70458e-05)
(-5.90476e-09 1.27155e-09 8.29968e-05)
(-1.46197e-09 1.17188e-09 9.98726e-05)
(-1.45278e-09 2.84803e-09 0.000107882)
(3.25932e-09 2.79364e-09 0.000107881)
(4.14954e-09 9.95914e-10 9.98712e-05)
(1.09304e-08 2.40833e-09 8.29958e-05)
(1.13528e-08 -7.31573e-09 5.70451e-05)
(3.99773e-09 -7.35234e-09 2.28713e-05)
(-8.06341e-09 -6.59131e-09 8.64485e-06)
(-8.07804e-09 -3.13627e-09 2.16671e-05)
(-4.95992e-09 -1.08476e-09 3.47431e-05)
(-3.08455e-09 -1.30731e-09 4.47475e-05)
(-3.12239e-09 -2.32854e-10 5.00837e-05)
(1.89534e-09 -3.85098e-10 5.00836e-05)
(1.7631e-09 -2.34287e-09 4.47473e-05)
(3.40675e-09 -7.8074e-10 3.47425e-05)
(4.52722e-09 5.3947e-10 2.16666e-05)
(4.37464e-09 -3.51416e-09 8.6445e-06)
(-4.65529e-09 1.76009e-09 8.64451e-06)
(8.55966e-09 -8.77637e-09 2.16665e-05)
(5.58412e-09 1.97864e-09 3.47433e-05)
(-1.00073e-09 2.18961e-09 4.47484e-05)
(1.67052e-09 -3.39833e-10 5.00847e-05)
(-7.88947e-10 -3.15712e-10 5.00846e-05)
(1.25942e-09 2.51597e-09 4.47481e-05)
(-4.53348e-09 2.68299e-09 3.47438e-05)
(-8.13576e-09 -7.84129e-09 2.16669e-05)
(4.64554e-09 2.90738e-09 8.6446e-06)
(-2.39133e-10 1.43673e-09 2.28711e-05)
(1.11289e-09 -7.40617e-09 5.70442e-05)
(-2.76747e-09 1.21041e-09 8.29964e-05)
(-5.78316e-10 2.69398e-09 9.98726e-05)
(-2.30398e-09 -9.5309e-10 0.000107882)
(-2.8585e-09 -1.08105e-09 0.000107883)
(-4.98755e-09 1.77618e-09 9.98725e-05)
(-1.31921e-09 1.34391e-09 8.29964e-05)
(-4.59785e-09 -9.12303e-09 5.70441e-05)
(-3.53084e-09 -2.3812e-09 2.28705e-05)
(7.75002e-10 3.01893e-09 3.7504e-05)
(-5.74583e-10 6.90882e-11 8.6047e-05)
(-2.31877e-09 -3.68562e-09 0.000114543)
(1.32487e-09 -1.94624e-09 0.000128146)
(6.23248e-10 -5.66587e-10 0.000133194)
(-7.17351e-10 -8.62894e-10 0.000133194)
(-1.36675e-09 -2.16864e-09 0.000128146)
(1.79042e-09 -2.83454e-09 0.000114542)
(1.40971e-09 -1.17691e-09 8.60464e-05)
(-7.89886e-10 -4.29924e-11 3.7503e-05)
(2.50404e-10 1.29732e-09 4.90228e-05)
(3.54997e-09 -1.54202e-09 0.000104706)
(3.19124e-09 -2.80732e-09 0.000129497)
(1.2183e-09 -2.02848e-09 0.000137785)
(3.09659e-10 7.09403e-10 0.000139986)
(-9.70784e-10 -8.84991e-11 0.000139986)
(-8.62049e-10 -1.81337e-09 0.000137784)
(-2.34399e-09 -1.54268e-09 0.000129497)
(-2.7079e-09 -1.2407e-09 0.000104705)
(-4.12254e-12 1.92877e-09 4.90224e-05)
(-8.4388e-10 2.2304e-09 5.53205e-05)
(1.79078e-09 -1.3499e-09 0.000113183)
(1.77125e-09 -2.55443e-10 0.000134661)
(2.68019e-10 -2.25437e-10 0.000140172)
(1.14341e-09 8.44549e-10 0.000141241)
(1.06572e-10 9.24449e-11 0.000141241)
(1.33159e-10 -1.29835e-09 0.000140171)
(-1.33991e-09 3.55956e-10 0.00013466)
(-1.85867e-09 -2.28758e-09 0.000113182)
(-1.11073e-10 5.36943e-10 5.532e-05)
(-8.78041e-10 1.80718e-09 5.53208e-05)
(1.24746e-09 -2.17538e-09 0.000113183)
(1.99467e-09 1.84514e-09 0.000134661)
(-4.81219e-10 -5.51246e-11 0.000140172)
(3.23595e-10 6.11222e-10 0.000141241)
(-1.67592e-10 -2.72753e-10 0.000141241)
(7.64772e-10 -6.31672e-10 0.000140171)
(-1.33618e-09 2.44615e-09 0.00013466)
(-1.10079e-09 -2.47145e-09 0.000113182)
(6.68472e-10 6.05264e-10 5.53199e-05)
(3.22538e-10 2.44415e-09 4.90229e-05)
(2.93896e-09 -4.48753e-09 0.000104706)
(3.50341e-09 4.58506e-09 0.000129498)
(-2.37241e-10 1.54147e-09 0.000137784)
(5.51959e-10 7.14259e-10 0.000139985)
(-5.71138e-10 -2.83009e-10 0.000139985)
(9.57864e-10 7.57862e-10 0.000137784)
(-3.45958e-09 4.43078e-09 0.000129497)
(-3.74785e-09 -4.05123e-09 0.000104705)
(-3.24127e-10 9.50729e-10 4.90216e-05)
(1.5001e-09 -1.82162e-09 3.7504e-05)
(-1.77096e-09 -8.17237e-09 8.60466e-05)
(-1.17303e-09 7.04081e-09 0.000114543)
(1.22689e-09 3.17139e-09 0.000128146)
(1.9e-09 2.45546e-10 0.000133194)
(1.57985e-09 5.84908e-10 0.000133194)
(1.26004e-09 3.41256e-09 0.000128146)
(1.03586e-09 8.45774e-09 0.000114543)
(-1.40383e-10 -5.11894e-09 8.60462e-05)
(-1.90582e-09 -1.33801e-09 3.75035e-05)
(-9.07406e-10 -4.03698e-09 2.28706e-05)
(-3.41479e-09 1.98791e-10 5.7044e-05)
(-8.47842e-10 7.40589e-09 8.29965e-05)
(1.80288e-09 -8.12044e-10 9.98722e-05)
(-7.80898e-10 -1.1193e-09 0.000107882)
(1.4668e-10 -2.9381e-10 0.000107883)
(-3.72379e-09 1.26912e-09 9.98729e-05)
(-4.59053e-11 8.19607e-09 8.29969e-05)
(1.54796e-09 1.10095e-09 5.70442e-05)
(-1.00861e-09 -1.85469e-09 2.28708e-05)
(-1.38419e-09 -8.68741e-10 8.6442e-06)
(9.58948e-10 4.29486e-09 2.16664e-05)
(4.67246e-09 3.5321e-09 3.47434e-05)
(4.03668e-09 -1.25029e-09 4.47479e-05)
(-2.01803e-10 -5.41985e-10 5.00845e-05)
(6.52563e-10 -4.49226e-10 5.00849e-05)
(-3.87464e-09 -6.74746e-10 4.47485e-05)
(-2.63713e-09 2.24385e-09 3.4744e-05)
(1.86749e-09 1.16911e-09 2.1667e-05)
(-7.01084e-10 5.60923e-10 8.6444e-06)
(-1.64765e-08 1.22857e-08 8.64429e-06)
(-6.15177e-09 -6.02147e-10 2.16663e-05)
(-5.53994e-09 4.29565e-09 3.47428e-05)
(-7.58604e-09 1.57159e-09 4.47486e-05)
(4.87213e-10 -2.99821e-10 5.0085e-05)
(-8.31302e-10 -7.26417e-10 5.00849e-05)
(7.51574e-09 2.08078e-09 4.47487e-05)
(1.86287e-09 3.77567e-09 3.4743e-05)
(-1.15517e-09 -4.97191e-09 2.16663e-05)
(8.97198e-09 5.34133e-09 8.64462e-06)
(-1.15555e-08 1.46264e-08 2.28708e-05)
(-1.02001e-08 3.47944e-09 5.70441e-05)
(-1.26816e-08 7.17245e-09 8.2995e-05)
(-5.65154e-09 -2.54931e-09 9.98724e-05)
(-4.33181e-10 -5.26161e-09 0.000107883)
(2.81775e-09 -5.16592e-09 0.000107884)
(8.14348e-09 -6.91188e-10 9.98727e-05)
(1.38257e-08 9.52811e-09 8.29949e-05)
(7.31793e-09 1.37024e-09 5.70437e-05)
(6.14737e-09 8.20741e-09 2.28707e-05)
(-2.65761e-09 9.49652e-09 3.75039e-05)
(4.01539e-10 3.62108e-09 8.60476e-05)
(-8.15531e-10 5.71516e-09 0.000114543)
(2.59558e-09 -6.23627e-09 0.000128146)
(3.93336e-10 -5.69367e-09 0.000133194)
(-1.59995e-10 -5.29294e-09 0.000133194)
(-1.52605e-09 -5.69254e-09 0.000128146)
(2.8033e-09 9.81151e-09 0.000114542)
(-3.66301e-10 5.03127e-09 8.6047e-05)
(-6.65216e-10 4.33866e-09 3.75037e-05)
(-7.34146e-10 5.90042e-09 4.90229e-05)
(2.28353e-09 1.18339e-10 0.000104706)
(3.41411e-09 3.47856e-09 0.000129498)
(3.78362e-09 -2.42625e-09 0.000137784)
(3.98733e-10 -1.23306e-09 0.000139985)
(-3.19594e-10 -1.44565e-09 0.000139985)
(-3.06588e-09 -2.40191e-09 0.000137784)
(-3.21365e-09 6.07155e-09 0.000129498)
(-1.56171e-09 1.77719e-10 0.000104705)
(9.35628e-11 5.81946e-11 4.90229e-05)
(1.11859e-09 3.09014e-09 5.53207e-05)
(2.79002e-09 -6.62365e-10 0.000113183)
(1.86316e-09 1.29402e-09 0.000134661)
(1.50688e-09 -6.87469e-10 0.000140172)
(5.63163e-10 4.89693e-10 0.000141241)
(5.97906e-11 3.91203e-11 0.000141241)
(-1.7068e-09 -4.09754e-10 0.000140171)
(-6.04466e-10 1.9732e-09 0.000134661)
(-7.999e-10 -1.20634e-09 0.000113182)
(-1.17989e-09 5.91983e-10 5.53207e-05)
(6.49784e-10 4.87671e-12 5.53211e-05)
(2.32746e-09 -5.63935e-10 0.000113183)
(1.67201e-09 9.77054e-10 0.000134662)
(5.29092e-10 -5.86351e-10 0.000140171)
(2.59963e-10 9.96358e-10 0.000141241)
(-3.65938e-10 5.79452e-10 0.000141241)
(-1.33822e-09 -1.12404e-10 0.000140171)
(-1.78024e-09 1.26083e-09 0.000134661)
(-1.82169e-09 -2.14741e-09 0.000113182)
(-5.39464e-10 -2.83866e-09 5.53207e-05)
(-1.52599e-09 -1.81563e-09 4.90233e-05)
(1.37977e-09 -6.39406e-10 0.000104706)
(3.62294e-09 -1.23394e-10 0.000129498)
(1.97055e-09 2.60227e-10 0.000137784)
(1.39956e-09 1.41419e-09 0.000139985)
(-4.65617e-11 1.27777e-09 0.000139986)
(-1.35114e-09 1.02892e-11 0.000137784)
(-4.38145e-09 -6.92717e-10 0.000129498)
(-2.49332e-09 -2.85524e-09 0.000104705)
(2.42917e-09 -6.33718e-09 4.90223e-05)
(5.25095e-10 -1.72526e-09 3.75039e-05)
(2.59869e-09 -4.16543e-09 8.60466e-05)
(2.27837e-09 -7.57476e-10 0.000114542)
(1.60645e-09 1.75214e-09 0.000128145)
(1.63626e-09 3.02699e-09 0.000133193)
(1.44411e-09 3.52967e-09 0.000133194)
(1.03128e-09 3.09596e-09 0.000128146)
(-8.67892e-10 1.04631e-09 0.000114542)
(-4.59722e-10 -8.5687e-09 8.6047e-05)
(3.51362e-09 -1.08953e-08 3.7504e-05)
(-5.81767e-10 -4.82036e-09 2.28709e-05)
(-5.57028e-09 -5.39934e-09 5.70438e-05)
(-7.30616e-09 -6.46371e-10 8.29952e-05)
(-2.89777e-09 -3.46377e-10 9.98719e-05)
(-1.43049e-09 2.298e-09 0.000107882)
(1.85017e-09 2.18766e-09 0.000107883)
(5.07374e-09 8.24609e-10 9.98726e-05)
(1.14593e-08 3.96541e-10 8.29959e-05)
(1.25335e-08 -7.55479e-09 5.70442e-05)
(1.03221e-08 -1.48176e-08 2.2871e-05)
(-5.79117e-09 -4.77334e-09 8.64432e-06)
(-7.356e-09 -3.16216e-09 2.16661e-05)
(-4.14382e-09 -4.16743e-10 3.47429e-05)
(-1.44508e-09 -1.37921e-09 4.47482e-05)
(-8.23288e-10 -9.84037e-11 5.00845e-05)
(2.02407e-09 -5.03336e-10 5.00846e-05)
(3.1328e-09 -2.00619e-09 4.47484e-05)
(4.903e-09 -1.54253e-09 3.47434e-05)
(9.20373e-09 -2.14299e-09 2.16664e-05)
(1.15827e-08 -9.16433e-09 8.64436e-06)
(-4.82883e-09 2.09347e-09 8.64467e-06)
(9.2753e-09 -9.62765e-09 2.16671e-05)
(7.03065e-09 1.27418e-09 3.4743e-05)
(1.27299e-09 1.19136e-09 4.47478e-05)
(3.22395e-09 -2.45333e-10 5.00842e-05)
(1.04104e-09 -1.76745e-11 5.00841e-05)
(2.4966e-09 2.59918e-09 4.47482e-05)
(-5.06041e-09 1.17487e-09 3.47425e-05)
(-6.50214e-09 -6.93057e-09 2.16665e-05)
(3.80194e-09 1.69754e-09 8.64438e-06)
(7.9944e-10 4.49544e-10 2.28714e-05)
(2.9465e-09 -1.1023e-08 5.70455e-05)
(-7.12072e-10 -5.6921e-10 8.29945e-05)
(2.11991e-09 1.25357e-09 9.98716e-05)
(-6.5085e-11 -6.91265e-10 0.000107882)
(-2.83459e-10 -2.38951e-10 0.000107882)
(-3.1525e-09 2.52607e-09 9.98716e-05)
(-1.79586e-09 3.86515e-11 8.29943e-05)
(-5.12843e-09 -8.95165e-09 5.70451e-05)
(-3.69452e-09 -2.7568e-09 2.28718e-05)
(5.31794e-10 1.95586e-09 3.75041e-05)
(-6.52033e-10 -2.95444e-09 8.60484e-05)
(-2.01146e-09 -4.98389e-09 0.000114543)
(2.05207e-09 -3.34032e-09 0.000128145)
(1.24474e-09 -1.40953e-09 0.000133193)
(4.16292e-10 -7.02321e-10 0.000133193)
(2.43142e-10 -9.41483e-10 0.000128145)
(3.52752e-09 -2.19029e-09 0.000114543)
(3.32604e-09 -1.38639e-09 8.60489e-05)
(-1.46319e-10 -1.49351e-10 3.75053e-05)
(5.22084e-10 1.01718e-09 4.90227e-05)
(3.02592e-09 -2.73398e-09 0.000104706)
(2.45514e-09 -3.23933e-09 0.000129499)
(1.12788e-09 -2.45708e-09 0.000137783)
(3.56983e-10 -8.53229e-12 0.000139985)
(-9.96955e-10 -3.28439e-10 0.000139985)
(-1.00404e-09 -4.03873e-10 0.000137784)
(-1.22537e-09 -1.27371e-09 0.000129499)
(-8.5447e-10 -2.22263e-09 0.000104706)
(9.89184e-10 1.81752e-09 4.90239e-05)
(-2.35152e-10 2.48364e-09 5.53208e-05)
(1.40179e-09 -2.37203e-09 0.000113182)
(8.65777e-10 -3.00721e-10 0.000134661)
(-3.82105e-10 -5.53385e-10 0.000140171)
(-2.60932e-10 5.84179e-10 0.00014124)
(-5.70731e-10 -1.58262e-11 0.000141241)
(1.08945e-10 2.47793e-10 0.000140171)
(-6.13352e-10 -5.79918e-11 0.000134662)
(-9.7118e-10 -2.32323e-09 0.000113183)
(2.32973e-10 8.984e-10 5.53218e-05)
(-4.31927e-10 1.80295e-09 5.53208e-05)
(1.6051e-09 -2.54417e-09 0.000113182)
(1.6317e-09 1.87675e-09 0.000134661)
(-1.1216e-09 -9.38282e-10 0.000140171)
(-3.41445e-10 -1.8624e-10 0.000141241)
(-6.97654e-10 -6.66124e-11 0.000141241)
(-3.88141e-10 2.42951e-10 0.000140171)
(-1.81927e-09 2.11972e-09 0.000134662)
(-1.00978e-09 -9.24916e-10 0.000113182)
(7.41277e-10 1.26879e-09 5.53213e-05)
(6.91616e-10 2.67634e-09 4.90228e-05)
(3.30778e-09 -4.21322e-09 0.000104705)
(3.95226e-09 4.02988e-09 0.000129498)
(2.0179e-10 1.24674e-09 0.000137784)
(6.77183e-10 6.73155e-10 0.000139985)
(-1.47058e-09 -1.71232e-10 0.000139985)
(-1.68977e-09 1.26792e-09 0.000137784)
(-4.20885e-09 3.19463e-09 0.000129498)
(-3.30573e-09 -2.8948e-09 0.000104705)
(-4.13772e-10 2.28227e-09 4.90231e-05)
(1.93619e-09 -6.71514e-10 3.75034e-05)
(-1.38933e-09 -6.53334e-09 8.60469e-05)
(-1.85754e-09 6.50203e-09 0.000114543)
(-2.11537e-10 2.88185e-09 0.000128146)
(-4.65713e-11 1.08554e-09 0.000133193)
(-2.40276e-10 7.43188e-10 0.000133193)
(-8.18802e-10 2.60944e-09 0.000128146)
(-7.34396e-10 6.50204e-09 0.000114543)
(-1.0971e-09 -5.1289e-09 8.60476e-05)
(-3.11265e-09 1.09213e-09 3.75041e-05)
(4.25881e-10 -2.18645e-09 2.28711e-05)
(-1.63211e-09 2.43197e-09 5.70448e-05)
(-2.74116e-10 7.28301e-09 8.29962e-05)
(2.60761e-09 -1.13265e-10 9.98728e-05)
(2.91346e-10 -4.88801e-10 0.000107882)
(1.10058e-09 -1.39496e-10 0.000107882)
(-2.87195e-09 2.74923e-10 9.98722e-05)
(8.78992e-11 6.0149e-09 8.29951e-05)
(2.05534e-09 -4.08543e-10 5.70447e-05)
(-9.26283e-10 -1.52877e-09 2.2871e-05)
(-1.45211e-09 -8.11217e-10 8.64462e-06)
(2.76281e-09 4.78906e-09 2.16665e-05)
(5.64739e-09 3.15789e-09 3.47428e-05)
(4.34569e-09 -2.3931e-10 4.47482e-05)
(1.25039e-09 -6.47762e-10 5.00844e-05)
(1.77257e-09 -7.52932e-10 5.00842e-05)
(-1.02183e-09 -6.03771e-10 4.47478e-05)
(-1.34091e-09 9.80739e-10 3.47427e-05)
(5.80221e-10 1.0338e-09 2.16664e-05)
(-7.4752e-10 1.71161e-10 8.64438e-06)
(-7.6301e-09 6.65729e-09 8.64466e-06)
(-9.01935e-10 -3.46166e-09 2.16671e-05)
(-3.17632e-09 3.90433e-09 3.47444e-05)
(-5.19818e-09 1.99566e-09 4.4749e-05)
(2.25488e-10 -5.16787e-10 5.00851e-05)
(-1.90029e-10 -3.89626e-10 5.00853e-05)
(3.75563e-09 2.71696e-09 4.47485e-05)
(-1.94943e-09 2.66939e-09 3.47442e-05)
(-2.72379e-09 -4.78224e-09 2.16672e-05)
(6.79631e-09 4.24116e-09 8.64426e-06)
(-9.1893e-09 1.33287e-08 2.28709e-05)
(-8.52883e-09 4.52716e-10 5.70446e-05)
(-9.2589e-09 1.93596e-09 8.29976e-05)
(-3.27099e-09 -4.20248e-10 9.9874e-05)
(-1.63725e-09 -3.80953e-09 0.000107884)
(1.20586e-09 -3.02373e-09 0.000107883)
(2.63904e-09 1.99412e-09 9.98733e-05)
(8.06333e-09 4.02082e-09 8.29976e-05)
(3.36009e-09 -1.02701e-09 5.7045e-05)
(3.32632e-11 3.0816e-09 2.28708e-05)
(-2.01029e-09 9.51071e-09 3.75036e-05)
(-4.37851e-10 4.97906e-09 8.60466e-05)
(3.56575e-10 -2.78847e-09 0.000114542)
(2.72736e-09 -4.21366e-09 0.000128146)
(-2.73928e-10 -3.94304e-09 0.000133194)
(-1.88985e-09 -3.19503e-09 0.000133194)
(-3.13331e-09 -1.25232e-09 0.000128146)
(-7.6721e-10 -2.40697e-11 0.000114543)
(5.51607e-10 4.09416e-09 8.60467e-05)
(8.17354e-11 3.0735e-09 3.75031e-05)
(-1.02963e-09 4.91149e-09 4.90222e-05)
(2.21455e-09 2.09662e-09 0.000104705)
(2.64226e-09 -8.81464e-10 0.000129497)
(1.2022e-09 -1.88234e-09 0.000137784)
(-1.26079e-10 -8.92779e-10 0.000139985)
(-1.68841e-09 -1.11859e-10 0.000139985)
(-2.53313e-09 -3.31644e-10 0.000137784)
(-4.11635e-09 -1.19349e-09 0.000129497)
(-1.66354e-09 -4.86343e-10 0.000104705)
(1.65333e-09 2.29318e-09 4.90223e-05)
(1.67573e-10 2.20006e-09 5.53204e-05)
(2.74154e-09 -6.66922e-10 0.000113182)
(2.21831e-09 1.93601e-10 0.00013466)
(7.06318e-10 -9.66781e-10 0.000140171)
(8.12582e-10 1.15186e-10 0.00014124)
(2.36881e-10 3.52816e-10 0.00014124)
(-5.00245e-11 -3.2292e-10 0.000140171)
(-1.1636e-09 -1.27941e-10 0.00013466)
(-1.59329e-09 -1.62423e-09 0.000113183)
(-6.09409e-11 1.18841e-09 5.53206e-05)
(-4.5161e-10 1.67013e-09 5.53206e-05)
(2.39016e-09 -2.23665e-09 0.000113183)
(2.58968e-09 1.46986e-09 0.00013466)
(-1.92946e-10 -5.42217e-10 0.000140171)
(1.28726e-10 -8.5552e-11 0.000141241)
(-6.62854e-10 3.10842e-10 0.000141241)
(-5.09521e-10 -5.68728e-11 0.000140172)
(-2.25704e-09 1.72541e-09 0.00013466)
(-1.56097e-09 -3.2147e-09 0.000113183)
(2.92743e-10 -9.19157e-11 5.532e-05)
(-1.4247e-09 -1.30542e-10 4.90227e-05)
(1.67267e-09 -5.34402e-09 0.000104705)
(5.20749e-09 2.7729e-09 0.000129498)
(1.68872e-09 2.97908e-10 0.000137784)
(8.77274e-10 1.05521e-09 0.000139985)
(-1.10364e-09 9.63893e-10 0.000139985)
(-1.35693e-09 4.69783e-10 0.000137784)
(-5.40938e-09 2.70939e-09 0.000129498)
(-1.93663e-09 -7.12033e-09 0.000104705)
(1.59631e-09 3.25712e-10 4.9022e-05)
(-2.45196e-10 -1.63367e-09 3.75039e-05)
(-1.27849e-09 -1.08651e-08 8.60459e-05)
(2.25038e-09 4.09454e-09 0.000114542)
(1.20944e-09 3.13434e-09 0.000128146)
(-3.40723e-10 3.70999e-09 0.000133194)
(-3.89071e-10 3.78202e-09 0.000133194)
(-8.60053e-10 3.9554e-09 0.000128146)
(-1.92875e-09 4.80619e-09 0.000114543)
(-1.05636e-10 -1.24478e-08 8.60467e-05)
(-8.12826e-10 -3.30229e-09 3.75036e-05)
(-1.32672e-09 -5.20469e-09 2.2871e-05)
(-8.41727e-09 -8.88001e-09 5.70437e-05)
(-8.19315e-09 1.62941e-09 8.29967e-05)
(-3.16514e-09 1.39857e-09 9.98731e-05)
(-2.59087e-09 2.67418e-09 0.000107883)
(2.14511e-09 3.45146e-09 0.000107883)
(4.12217e-09 1.25773e-09 9.9873e-05)
(1.23997e-08 1.7314e-09 8.2997e-05)
(1.29152e-08 -8.99054e-09 5.70444e-05)
(5.21501e-09 -9.87928e-09 2.28712e-05)
(-6.45721e-09 -5.46813e-09 8.64464e-06)
(-8.34587e-09 -3.27877e-09 2.16669e-05)
(-6.0555e-09 -1.36775e-09 3.4744e-05)
(-2.20899e-09 -1.42578e-09 4.47487e-05)
(-2.20067e-09 -2.53805e-10 5.00852e-05)
(1.14535e-09 5.91541e-11 5.00848e-05)
(1.88208e-09 -1.73829e-09 4.47486e-05)
(5.02249e-09 -8.96311e-10 3.47438e-05)
(7.89982e-09 -1.81786e-09 2.16668e-05)
(8.28334e-09 -6.93691e-09 8.64456e-06)
(-7.73557e-09 3.68609e-09 8.64439e-06)
(6.15871e-09 -7.90772e-09 2.16666e-05)
(3.07317e-09 2.32227e-09 3.47434e-05)
(-4.44075e-09 2.00793e-09 4.47485e-05)
(2.53933e-09 -8.81159e-10 5.0085e-05)
(-3.47507e-10 -8.74069e-10 5.00848e-05)
(4.7901e-09 1.92888e-09 4.47481e-05)
(-2.10551e-09 3.15664e-09 3.47436e-05)
(-5.60574e-09 -6.8556e-09 2.16668e-05)
(8.91091e-09 6.08573e-09 8.64435e-06)
(-1.96936e-09 3.73726e-09 2.28717e-05)
(-1.6659e-10 -5.3414e-09 5.70447e-05)
(-7.03599e-09 5.39284e-09 8.29969e-05)
(-3.11894e-09 5.75568e-10 9.98733e-05)
(-3.94748e-10 -2.97374e-09 0.000107883)
(-1.8441e-09 -3.006e-09 0.000107883)
(3.80582e-11 -2.53428e-10 9.98732e-05)
(4.01496e-09 5.8797e-09 8.29966e-05)
(-2.27445e-09 -6.91621e-09 5.7044e-05)
(2.60006e-09 4.71693e-09 2.28705e-05)
(1.14569e-09 3.13886e-09 3.75045e-05)
(-1.23634e-09 7.59839e-10 8.60479e-05)
(-5.03359e-09 5.30484e-09 0.000114543)
(9.98022e-10 -4.78348e-09 0.000128146)
(-2.10968e-10 -3.48611e-09 0.000133194)
(-3.37553e-10 -2.81963e-09 0.000133194)
(-8.99209e-10 -4.72989e-09 0.000128146)
(3.99812e-09 5.78429e-09 0.000114542)
(-7.04895e-10 -7.45277e-10 8.60462e-05)
(-2.10014e-09 1.86632e-09 3.75025e-05)
(1.94259e-09 -8.25161e-11 4.90228e-05)
(3.09872e-09 -6.14392e-10 0.000104706)
(3.71229e-09 3.79041e-09 0.000129497)
(3.57642e-09 -3.54889e-09 0.000137784)
(-5.62058e-10 -1.75439e-09 0.000139986)
(-4.80827e-10 -1.03848e-09 0.000139985)
(-4.01187e-09 -2.96169e-09 0.000137784)
(-2.92913e-09 4.28279e-09 0.000129496)
(-2.62152e-09 -1.55584e-09 0.000104705)
(-2.23562e-09 -9.56191e-10 4.90217e-05)
(7.38312e-10 1.07896e-09 5.53209e-05)
(1.09412e-09 5.12519e-10 0.000113183)
(1.26475e-09 2.3611e-09 0.00013466)
(9.85985e-10 -1.29296e-09 0.000140171)
(-7.6768e-10 3.48177e-11 0.000141241)
(1.74151e-10 4.82496e-10 0.00014124)
(-1.85911e-09 -1.14686e-09 0.000140171)
(-1.11137e-09 1.94563e-09 0.00013466)
(-5.14048e-10 -1.35129e-09 0.000113183)
(-1.41461e-09 -5.63832e-10 5.53202e-05)
(2.39355e-10 -7.27301e-10 5.53213e-05)
(5.95048e-10 5.62266e-10 0.000113184)
(9.65188e-10 1.76606e-09 0.000134661)
(6.04494e-10 -5.77134e-10 0.000140171)
(1.53815e-11 4.37774e-10 0.000141241)
(1.20129e-10 1.09135e-09 0.000141241)
(-7.6571e-10 -6.43982e-10 0.000140172)
(-9.61125e-10 1.71702e-09 0.00013466)
(-1.32467e-09 -1.65436e-11 0.000113182)
(-8.81559e-10 -2.44963e-09 5.53198e-05)
(-5.34644e-10 -6.42184e-10 4.90233e-05)
(2.79492e-09 1.21316e-09 0.000104706)
(3.36802e-09 1.53618e-09 0.000129498)
(5.87543e-10 1.47624e-09 0.000137784)
(-9.47112e-11 1.3942e-09 0.000139985)
(-9.46811e-10 1.1862e-09 0.000139985)
(-9.91165e-10 8.58823e-10 0.000137784)
(-2.90749e-09 1.41522e-09 0.000129497)
(-3.08331e-09 8.49202e-11 0.000104705)
(5.16179e-10 -3.96555e-09 4.90218e-05)
(6.66238e-10 -2.40897e-09 3.75043e-05)
(8.08585e-10 -1.35996e-09 8.60471e-05)
(-1.54413e-09 3.38438e-09 0.000114543)
(-4.48181e-10 3.50047e-09 0.000128146)
(4.80863e-10 1.94543e-09 0.000133194)
(-7.0236e-12 1.67487e-09 0.000133194)
(1.47481e-09 2.1412e-09 0.000128146)
(1.9294e-09 3.49068e-09 0.000114543)
(5.38135e-10 -1.35963e-09 8.6047e-05)
(1.63592e-09 -5.34652e-09 3.75035e-05)
(-1.81461e-09 -4.21606e-09 2.28713e-05)
(-2.33297e-10 3.89897e-09 5.70446e-05)
(-2.62323e-10 4.53357e-09 8.29964e-05)
(1.44068e-09 1.70979e-10 9.98722e-05)
(8.0392e-10 -1.06524e-11 0.000107882)
(1.97405e-09 -5.39666e-10 0.000107883)
(6.35526e-10 -6.25792e-10 9.98726e-05)
(1.20862e-09 3.99758e-09 8.29968e-05)
(1.84246e-09 2.98301e-09 5.70439e-05)
(3.30909e-09 -5.23483e-09 2.28708e-05)
(-3.35659e-09 -2.43047e-09 8.64454e-06)
(3.60853e-09 5.21687e-09 2.16668e-05)
(5.99183e-09 1.94893e-09 3.47434e-05)
(3.65634e-09 -8.66609e-10 4.47478e-05)
(6.32601e-10 -6.93969e-10 5.00841e-05)
(5.82438e-10 -1.08704e-09 5.00841e-05)
(-1.31509e-09 -7.59964e-10 4.47484e-05)
(-3.54212e-09 1.40128e-09 3.47435e-05)
(8.39588e-11 2.52343e-09 2.16667e-05)
(5.57275e-09 -4.053e-09 8.64456e-06)
(-1.0273e-08 8.38304e-09 8.6442e-06)
(1.51507e-09 -5.11714e-09 2.16666e-05)
(-3.19722e-09 4.80822e-09 3.47434e-05)
(-6.65861e-09 1.40302e-09 4.47492e-05)
(1.61725e-09 -8.81883e-10 5.00852e-05)
(-1.41964e-10 -5.28222e-10 5.00849e-05)
(8.44912e-09 2.12601e-09 4.47489e-05)
(1.70578e-09 3.6033e-09 3.47429e-05)
(-3.26018e-09 -6.20506e-09 2.16664e-05)
(1.04602e-08 7.94719e-09 8.64447e-06)
(-8.81658e-09 1.14213e-08 2.28715e-05)
(-5.32622e-09 -1.57695e-09 5.7045e-05)
(-9.89796e-09 7.62678e-09 8.29951e-05)
(-4.33306e-09 -2.57606e-09 9.98731e-05)
(1.59598e-10 -4.90956e-09 0.000107884)
(3.07246e-09 -4.52737e-09 0.000107883)
(8.18115e-09 -1.18477e-09 9.98734e-05)
(1.25186e-08 8.85208e-09 8.29942e-05)
(4.30069e-09 -1.16599e-09 5.7044e-05)
(4.63175e-09 8.05241e-09 2.28711e-05)
(-1.99926e-09 7.80159e-09 3.75045e-05)
(-1.76718e-09 2.52626e-09 8.60484e-05)
(-3.74654e-09 6.1764e-09 0.000114543)
(1.90451e-09 -6.85774e-09 0.000128145)
(-7.55221e-11 -5.46037e-09 0.000133193)
(-5.57495e-10 -5.46173e-09 0.000133193)
(-8.25212e-10 -5.4784e-09 0.000128145)
(3.66712e-09 8.49528e-09 0.000114542)
(3.26676e-10 3.44084e-09 8.60482e-05)
(-6.30955e-10 3.41683e-09 3.75046e-05)
(-8.87029e-11 5.80012e-09 4.90225e-05)
(1.0952e-09 1.14769e-10 0.000104705)
(1.97476e-09 3.74392e-09 0.000129499)
(3.99649e-09 -3.69647e-09 0.000137784)
(-1.32383e-10 -2.7178e-09 0.000139985)
(-4.22477e-10 -2.15264e-09 0.000139985)
(-3.17542e-09 -1.54025e-09 0.000137783)
(-1.87269e-09 5.08925e-09 0.000129499)
(-1.12154e-10 -1.16195e-09 0.000104705)
(1.02702e-10 3.31364e-10 4.9023e-05)
(1.50195e-09 3.72709e-09 5.53206e-05)
(2.30982e-09 2.2554e-10 0.000113182)
(1.94243e-09 1.4205e-09 0.000134661)
(2.35311e-09 -1.87502e-09 0.000140171)
(-1.77386e-10 -9.67129e-10 0.00014124)
(4.00457e-10 -2.53667e-10 0.00014124)
(-1.22525e-09 2.55775e-10 0.000140171)
(-4.31429e-10 1.85291e-09 0.000134661)
(-5.15536e-10 -1.51503e-09 0.000113182)
(-1.44638e-09 -7.81904e-11 5.53208e-05)
(1.66671e-09 1.07536e-09 5.53209e-05)
(2.63523e-09 9.59697e-10 0.000113182)
(1.81271e-09 9.06869e-10 0.000134661)
(1.85746e-09 -7.15944e-10 0.000140171)
(2.04185e-10 1.91046e-10 0.00014124)
(1.06977e-10 4.83204e-10 0.00014124)
(-1.02949e-09 2.11656e-10 0.000140171)
(-1.78638e-09 1.85559e-09 0.000134661)
(-1.99622e-09 -1.73835e-09 0.000113182)
(-9.96856e-10 -4.16444e-09 5.53212e-05)
(-6.96008e-10 -4.73532e-10 4.9023e-05)
(2.31607e-09 8.90689e-10 0.000104705)
(3.59198e-09 -3.27432e-10 0.000129498)
(1.82187e-09 4.30668e-10 0.000137783)
(9.22261e-10 1.83129e-09 0.000139985)
(-2.49023e-10 1.48986e-09 0.000139985)
(-2.05863e-09 1.1526e-09 0.000137784)
(-5.21092e-09 1.70966e-09 0.000129498)
(-3.30683e-09 -2.12278e-09 0.000104704)
(1.45329e-09 -6.21931e-09 4.90226e-05)
(7.04694e-10 -9.17071e-11 3.75038e-05)
(2.40761e-09 -3.15501e-09 8.60471e-05)
(2.12713e-09 4.04134e-10 0.000114542)
(1.27806e-09 2.83328e-09 0.000128145)
(1.44513e-09 4.07015e-09 0.000133194)
(9.28015e-10 4.40563e-09 0.000133194)
(6.65453e-10 5.11329e-09 0.000128146)
(-7.89012e-11 2.58517e-09 0.000114542)
(1.45486e-09 -8.35556e-09 8.60467e-05)
(3.97026e-09 -1.07146e-08 3.7503e-05)
(-4.53112e-10 -3.3466e-09 2.28705e-05)
(-3.37434e-09 -3.1581e-09 5.70432e-05)
(-3.98786e-09 1.03354e-09 8.29946e-05)
(6.00942e-12 1.73464e-09 9.98736e-05)
(1.15281e-09 2.85399e-09 0.000107884)
(3.70367e-09 2.60923e-09 0.000107884)
(6.00481e-09 1.86889e-09 9.98744e-05)
(1.11037e-08 9.30022e-10 8.29966e-05)
(1.30128e-08 -6.78764e-09 5.70441e-05)
(9.83104e-09 -1.29431e-08 2.28697e-05)
(-5.05495e-09 -4.01091e-09 8.64419e-06)
(-4.15686e-09 -4.85886e-10 2.16663e-05)
(-2.13663e-09 -1.53845e-10 3.47438e-05)
(1.3695e-10 -4.63241e-10 4.47497e-05)
(-9.85496e-11 7.97417e-11 5.00857e-05)
(1.93919e-09 -4.39795e-10 5.0086e-05)
(2.80355e-09 -1.82115e-09 4.47499e-05)
(2.83813e-09 -3.29761e-10 3.47441e-05)
(7.25501e-09 -8.68555e-10 2.16669e-05)
(1.01778e-08 -7.76423e-09 8.64422e-06)
(-1.11504e-08 7.86619e-09 8.64462e-06)
(6.54302e-10 -4.97899e-09 2.16667e-05)
(-1.61769e-10 2.33432e-09 3.47426e-05)
(-5.21379e-09 1.8234e-09 4.47482e-05)
(8.42206e-10 -1.13918e-09 5.00838e-05)
(1.37043e-09 -4.28756e-10 5.00838e-05)
(5.47993e-09 3.31327e-09 4.47479e-05)
(-1.94298e-09 2.62804e-09 3.47421e-05)
(-5.89432e-09 -7.524e-09 2.16662e-05)
(4.37095e-09 2.18431e-09 8.64427e-06)
(-5.7396e-09 9.51186e-09 2.28707e-05)
(-5.54917e-09 -1.39002e-09 5.70452e-05)
(-6.76444e-09 8.00123e-10 8.29954e-05)
(-1.15411e-09 -9.6383e-10 9.98727e-05)
(-3.99926e-10 -5.08282e-09 0.000107883)
(1.0464e-09 -3.70527e-09 0.000107882)
(1.76066e-09 1.75615e-09 9.98722e-05)
(5.7401e-09 3.78188e-09 8.29942e-05)
(3.54444e-10 -3.67223e-09 5.70452e-05)
(-1.70576e-09 6.34544e-10 2.28718e-05)
(-1.4925e-09 7.89196e-09 3.75036e-05)
(5.91677e-11 2.9853e-09 8.6047e-05)
(9.58408e-10 -3.24617e-09 0.000114543)
(3.61955e-09 -4.31364e-09 0.000128145)
(5.56567e-10 -4.01051e-09 0.000133193)
(-1.1408e-09 -3.22586e-09 0.000133193)
(-3.17695e-09 -2.07499e-09 0.000128145)
(-2.92731e-10 2.68744e-10 0.000114543)
(2.69897e-10 2.58949e-09 8.60497e-05)
(-1.53429e-09 7.14201e-10 3.75057e-05)
(-9.55616e-10 5.32751e-09 4.90225e-05)
(3.31228e-09 -4.13993e-10 0.000104704)
(4.47112e-09 -2.11258e-09 0.000129499)
(3.23209e-09 -2.44244e-09 0.000137783)
(4.00437e-10 -5.84212e-10 0.000139985)
(-1.60176e-09 -1.91718e-10 0.000139985)
(-2.77847e-09 -2.2852e-10 0.000137784)
(-3.64462e-09 -2.87926e-10 0.0001295)
(-1.63324e-09 -2.12498e-09 0.000104707)
(7.03823e-10 9.04858e-10 4.90242e-05)
(4.11004e-10 3.63196e-09 5.53205e-05)
(3.12179e-09 -9.74123e-10 0.000113181)
(1.87591e-09 -5.44783e-10 0.000134662)
(8.9756e-10 -1.78578e-09 0.00014017)
(3.4941e-10 -1.44992e-10 0.00014124)
(-4.86378e-10 -2.57946e-10 0.00014124)
(5.35771e-12 -5.10546e-10 0.000140171)
(-3.421e-11 3.89988e-10 0.000134663)
(-6.29937e-10 -1.93265e-09 0.000113183)
(-3.11093e-10 1.0934e-09 5.53217e-05)
(9.31427e-11 2.44402e-09 5.53205e-05)
(3.37769e-09 -1.8978e-09 0.000113181)
(3.26127e-09 1.33806e-09 0.000134661)
(8.39607e-10 -9.40977e-10 0.000140171)
(1.1377e-09 -3.46017e-11 0.000141241)
(-5.64548e-10 -2.70614e-10 0.000141241)
(-4.88076e-10 -2.74406e-11 0.000140172)
(-1.34354e-09 1.87844e-09 0.000134662)
(-1.01164e-09 -2.29922e-09 0.000113183)
(3.38408e-10 -6.49682e-11 5.53224e-05)
(-1.0976e-09 9.04134e-10 4.90222e-05)
(2.26566e-09 -4.3825e-09 0.000104704)
(5.15915e-09 2.87595e-09 0.000129498)
(2.05804e-09 3.26024e-10 0.000137783)
(1.14039e-09 4.00399e-10 0.000139984)
(-1.13737e-09 9.86366e-10 0.000139985)
(-2.1248e-09 1.0536e-09 0.000137784)
(-6.0046e-09 2.44695e-09 0.000129499)
(-3.12599e-09 -4.0155e-09 0.000104706)
(-2.98049e-11 1.75286e-09 4.90239e-05)
(1.21504e-09 5.06861e-10 3.75035e-05)
(-3.05831e-10 -8.88964e-09 8.60469e-05)
(2.07348e-09 3.06143e-09 0.000114542)
(2.00828e-09 2.55516e-09 0.000128145)
(9.97041e-10 2.92522e-09 0.000133193)
(-4.57069e-10 4.39434e-09 0.000133193)
(-2.1705e-09 4.75865e-09 0.000128146)
(-2.25792e-09 4.78893e-09 0.000114543)
(-2.75484e-11 -9.88733e-09 8.60478e-05)
(-1.07551e-09 -2.01918e-09 3.75043e-05)
(1.1441e-09 -2.70583e-09 2.28709e-05)
(-4.51409e-09 -5.74884e-09 5.70442e-05)
(-5.30755e-09 1.75126e-09 8.29949e-05)
(-1.94182e-09 6.21291e-10 9.98723e-05)
(-2.28548e-09 3.07566e-09 0.000107882)
(1.90858e-09 3.78511e-09 0.000107882)
(2.98518e-09 1.31389e-09 9.98727e-05)
(8.89602e-09 2.91646e-09 8.2996e-05)
(9.29236e-09 -6.25344e-09 5.70455e-05)
(3.08913e-09 -7.14799e-09 2.28713e-05)
(-6.251e-09 -4.61056e-09 8.64461e-06)
(-5.55379e-09 -9.81135e-10 2.1667e-05)
(-3.41114e-09 -7.18509e-11 3.47434e-05)
(-2.19815e-09 -1.17588e-09 4.47485e-05)
(-2.37749e-09 4.00683e-10 5.00844e-05)
(1.68338e-09 5.80237e-10 5.00843e-05)
(2.01575e-09 -2.04296e-09 4.47484e-05)
(2.90516e-09 -2.56862e-10 3.47431e-05)
(5.25058e-09 1.45476e-10 2.16669e-05)
(7.55122e-09 -5.63362e-09 8.64482e-06)
(-1.32339e-08 9.59436e-09 8.64444e-06)
(-3.72257e-09 -2.89244e-09 2.1666e-05)
(-1.01632e-09 2.01707e-09 3.4742e-05)
(-3.26416e-09 1.1059e-09 4.47471e-05)
(2.23989e-10 2.87548e-10 5.00831e-05)
(1.23038e-10 7.88253e-10 5.00832e-05)
(2.56406e-09 2.94505e-09 4.47472e-05)
(-4.46983e-09 1.9265e-09 3.47416e-05)
(-8.02494e-09 -8.24085e-09 2.16663e-05)
(2.74569e-09 1.66738e-09 8.64435e-06)
(-9.15002e-09 1.30905e-08 2.28707e-05)
(-8.65122e-09 7.81681e-10 5.7044e-05)
(-8.69314e-09 -1.82484e-10 8.2995e-05)
(-1.99875e-09 -2.93139e-09 9.98714e-05)
(-9.88556e-10 -3.98057e-09 0.000107881)
(2.36501e-09 -2.38471e-09 0.000107882)
(2.98535e-09 2.37211e-09 9.98714e-05)
(7.65262e-09 3.5227e-09 8.29951e-05)
(2.98281e-09 -2.6785e-09 5.70454e-05)
(-6.22932e-10 2.11085e-09 2.28715e-05)
(-2.11471e-09 9.15558e-09 3.75033e-05)
(1.36334e-09 4.1587e-09 8.60452e-05)
(1.80966e-09 -4.77156e-09 0.000114543)
(3.04341e-09 -5.67725e-09 0.000128145)
(4.45188e-10 -3.71023e-09 0.000133194)
(-1.35032e-09 -1.9324e-09 0.000133193)
(-3.6829e-09 -9.10602e-10 0.000128147)
(-1.15794e-10 2.45368e-10 0.000114543)
(1.47493e-09 3.67275e-09 8.6048e-05)
(-1.06262e-09 1.83484e-09 3.75042e-05)
(-1.56036e-09 4.22873e-09 4.90224e-05)
(3.6174e-09 1.002e-09 0.000104704)
(4.86666e-09 -3.46854e-09 0.000129498)
(2.80424e-09 -3.35866e-09 0.000137784)
(1.54015e-09 -8.11715e-10 0.000139986)
(-7.55666e-10 4.12209e-10 0.000139986)
(-2.064e-09 5.65387e-10 0.000137786)
(-3.70345e-09 -8.53344e-10 0.000129499)
(-1.26504e-09 -1.97514e-09 0.000104707)
(1.45495e-09 1.2961e-09 4.90238e-05)
(-3.0349e-10 2.65303e-09 5.53206e-05)
(2.76838e-09 7.00209e-10 0.000113182)
(1.34882e-09 -1.20769e-09 0.000134661)
(6.99635e-10 -1.73917e-09 0.000140169)
(1.72105e-09 -6.79396e-10 0.000141241)
(8.21561e-10 -3.5168e-11 0.000141241)
(1.58428e-09 4.91914e-10 0.000140173)
(8.40612e-11 -4.29445e-10 0.000134662)
(-8.31556e-10 -1.96658e-09 0.000113184)
(-2.05149e-10 9.51862e-10 5.53218e-05)
(-2.15187e-10 1.88167e-09 5.53207e-05)
(2.43063e-09 -1.15786e-09 0.000113182)
(2.73552e-09 1.63353e-10 0.00013466)
(1.1218e-09 -8.80466e-10 0.000140171)
(1.33631e-09 -6.24555e-10 0.000141241)
(7.66054e-10 -4.9679e-10 0.000141241)
(4.77598e-10 5.42511e-11 0.000140173)
(-1.806e-09 2.3393e-09 0.000134661)
(-4.74468e-10 -3.32585e-09 0.000113184)
(7.57601e-10 -7.30031e-10 5.5322e-05)
(-1.47804e-09 1.01325e-09 4.90216e-05)
(3.65376e-09 -3.62013e-09 0.000104703)
(6.55505e-09 2.53777e-09 0.000129497)
(2.21626e-09 2.56128e-10 0.000137783)
(2.11802e-09 9.26756e-10 0.000139983)
(1.52667e-09 8.2577e-10 0.000139983)
(8.36399e-10 1.39187e-09 0.000137784)
(-4.72371e-09 4.41671e-09 0.000129498)
(-1.23746e-09 -5.33508e-09 0.000104706)
(1.17684e-09 1.38291e-09 4.90235e-05)
(1.67426e-09 3.99817e-10 3.75033e-05)
(1.07652e-09 -9.43034e-09 8.60467e-05)
(3.35957e-09 4.52403e-09 0.000114543)
(2.12684e-09 3.71189e-09 0.000128146)
(7.55344e-10 3.72036e-09 0.000133193)
(7.24533e-10 4.32492e-09 0.000133193)
(-9.26148e-10 5.32038e-09 0.000128146)
(-1.28249e-09 6.93139e-09 0.000114543)
(9.00376e-10 -1.1095e-08 8.60479e-05)
(-1.61255e-09 -2.40009e-09 3.75047e-05)
(7.30105e-11 -4.25855e-09 2.28708e-05)
(-5.35032e-09 -7.09206e-09 5.7044e-05)
(-5.25636e-09 2.75878e-09 8.29955e-05)
(-7.77634e-10 9.82665e-10 9.98702e-05)
(-1.20054e-09 2.1726e-09 0.00010788)
(2.39239e-09 2.05124e-09 0.00010788)
(3.45451e-09 6.96091e-10 9.98707e-05)
(1.04833e-08 4.02707e-09 8.29955e-05)
(1.0342e-08 -6.35558e-09 5.70452e-05)
(2.82511e-09 -7.71178e-09 2.2872e-05)
(-8.04281e-09 -6.21433e-09 8.64411e-06)
(-8.00507e-09 -2.07886e-09 2.16662e-05)
(-3.65629e-09 2.31678e-10 3.47422e-05)
(-4.89356e-10 -9.10487e-10 4.47465e-05)
(-2.00024e-09 1.24241e-10 5.00825e-05)
(1.77236e-09 1.47563e-10 5.00819e-05)
(6.37197e-10 -2.04536e-09 4.47466e-05)
(1.09386e-09 4.93261e-10 3.47418e-05)
(5.74595e-09 3.35879e-10 2.16662e-05)
(8.48645e-09 -6.07796e-09 8.64453e-06)
(-2.42797e-09 1.40153e-10 8.64396e-06)
(1.30762e-08 -1.10971e-08 2.16674e-05)
(9.12016e-09 9.00582e-10 3.47445e-05)
(1.25865e-10 2.24746e-09 4.47492e-05)
(2.32004e-09 2.7337e-10 5.00843e-05)
(9.54764e-10 5.47818e-10 5.00879e-05)
(-8.4698e-10 2.04928e-09 4.47514e-05)
(-6.52678e-09 9.61351e-10 3.47456e-05)
(-6.25996e-09 -7.09776e-09 2.16671e-05)
(1.37797e-09 8.26872e-11 8.64404e-06)
(4.33955e-09 -3.89425e-09 2.28708e-05)
(1.00343e-08 -1.5373e-08 5.7045e-05)
(3.72133e-09 -1.31909e-10 8.30003e-05)
(3.32997e-09 2.1412e-09 9.98763e-05)
(3.13339e-10 3.30547e-10 0.000107885)
(-7.44439e-10 -7.73276e-10 0.000107887)
(-5.97903e-09 2.51303e-09 9.98745e-05)
(-4.0605e-09 -3.67793e-09 8.29952e-05)
(-3.51453e-09 -9.0139e-09 5.70427e-05)
(-1.97895e-09 -9.57788e-10 2.2871e-05)
(2.95374e-09 -4.94443e-09 3.74993e-05)
(6.44129e-09 -8.92057e-09 8.60357e-05)
(4.86419e-09 -4.85107e-09 0.000114547)
(4.16442e-09 -1.94202e-09 0.000128152)
(1.10041e-09 1.27655e-09 0.0001332)
(-8.64269e-10 3.87823e-10 0.000133197)
(-3.87607e-09 -1.58898e-11 0.000128147)
(2.47991e-09 -5.50459e-09 0.000114534)
(6.96076e-09 3.60108e-10 8.60462e-05)
(7.58429e-10 2.52558e-09 3.75045e-05)
(-1.2795e-10 -1.16429e-09 4.90144e-05)
(6.27248e-09 -3.21099e-09 0.000104691)
(8.05387e-09 -4.71187e-09 0.000129498)
(4.41138e-09 -5.81149e-09 0.000137788)
(3.28986e-09 -6.53805e-10 0.000139991)
(7.65208e-10 1.06878e-09 0.000139991)
(-1.41066e-09 -3.75118e-10 0.000137788)
(-9.64281e-10 -1.4703e-09 0.000129497)
(6.53874e-10 -1.26833e-09 0.000104708)
(5.85457e-10 3.1309e-09 4.90263e-05)
(-1.99635e-09 4.50719e-09 5.53186e-05)
(1.161e-09 2.02516e-09 0.000113181)
(-1.75501e-09 -3.9263e-09 0.000134659)
(-5.88863e-10 -1.37614e-09 0.000140161)
(5.34438e-09 -4.08612e-11 0.000141241)
(3.11871e-09 -4.83364e-10 0.000141247)
(1.82254e-09 -3.30296e-10 0.000140177)
(8.12561e-10 -4.3657e-09 0.000134661)
(4.22155e-10 -2.49038e-09 0.000113187)
(-8.50779e-10 1.85684e-10 5.53249e-05)
(-7.18624e-10 2.18969e-10 5.53209e-05)
(-2.06459e-09 -3.77765e-09 0.000113183)
(1.8302e-09 7.12194e-10 0.00013465)
(4.18714e-09 1.2306e-09 0.00014017)
(6.4964e-10 -4.00761e-09 0.000141242)
(1.3758e-09 -4.64536e-09 0.000141243)
(-2.43593e-09 -1.58775e-09 0.000140174)
(-9.56399e-10 1.04804e-09 0.00013465)
(3.91434e-09 -2.6934e-09 0.000113184)
(3.08071e-10 -1.3195e-09 5.53231e-05)
(1.35863e-11 4.80192e-09 4.90163e-05)
(6.47399e-09 -4.8143e-10 0.000104695)
(9.07607e-09 8.71636e-09 0.000129496)
(-1.63265e-09 3.94322e-10 0.000137786)
(-1.23014e-09 3.71784e-10 0.000139973)
(6.30075e-09 -6.67334e-11 0.000139973)
(4.89574e-09 4.00164e-10 0.000137787)
(-2.95934e-09 8.04236e-09 0.000129498)
(-2.39117e-09 -2.9154e-09 0.000104709)
(-2.54532e-09 2.27061e-09 4.90205e-05)
(5.36284e-09 5.96329e-09 3.75023e-05)
(3.11187e-09 -1.68979e-09 8.60456e-05)
(1.25978e-09 8.18265e-09 0.000114545)
(2.29151e-09 2.96994e-09 0.000128147)
(2.03597e-09 4.45436e-09 0.000133195)
(2.14124e-09 3.9168e-09 0.000133196)
(1.34659e-09 2.08194e-09 0.00012815)
(4.45082e-10 8.15805e-09 0.000114547)
(7.4672e-10 -5.22872e-09 8.60507e-05)
(-3.67248e-09 2.11075e-09 3.75048e-05)
(1.09975e-09 -7.70704e-10 2.28701e-05)
(3.35183e-09 3.9702e-09 5.70371e-05)
(5.82661e-09 7.86895e-09 8.29965e-05)
(6.20391e-09 -8.23319e-10 9.98734e-05)
(2.60378e-09 -1.24795e-09 0.000107886)
(3.43312e-09 -3.74125e-09 0.000107886)
(-1.49145e-10 -2.11626e-09 9.98741e-05)
(8.82914e-10 6.14743e-09 8.29987e-05)
(2.86862e-09 -6.78878e-10 5.70454e-05)
(-1.23821e-09 -1.72984e-09 2.28724e-05)
(-2.68092e-09 -2.45229e-09 8.6441e-06)
(6.433e-09 7.37798e-09 2.16666e-05)
(8.31364e-09 4.90733e-09 3.47453e-05)
(5.68207e-09 3.34965e-10 4.47497e-05)
(-1.1747e-10 1.09916e-11 5.00853e-05)
(2.32195e-09 -1.92756e-09 5.00799e-05)
(4.19222e-10 -1.8562e-09 4.47475e-05)
(-2.99861e-09 2.632e-09 3.47447e-05)
(2.40236e-10 1.82308e-09 2.16667e-05)
(1.69883e-09 -1.33266e-09 8.64355e-06)
)
;

boundaryField
{
    inlet
    {
        type            fixedValue;
        value           uniform (0 0 0.0001);
    }
    outlet
    {
        type            zeroGradient;
    }
    wall
    {
        type            noSlip;
    }
}


// ************************************************************************* //
