/*--------------------------------*- C++ -*----------------------------------*\
| =========                 |                                                 |
| \\      /  F ield         | OpenFOAM: The Open Source CFD Toolbox           |
|  \\    /   O peration     | Version:  2312                                  |
|   \\  /    A nd           | Website:  www.openfoam.com                      |
|    \\/     M anipulation  |                                                 |
\*---------------------------------------------------------------------------*/
FoamFile
{
    version     2.0;
    format      ascii;
    arch        "LSB;label=32;scalar=64";
    class       volScalarField;
    location    "56000";
    object      CourantNumberField;
}
// * * * * * * * * * * * * * * * * * * * * * * * * * * * * * * * * * * * * * //

dimensions      [0 0 0 0 0 0 0];

internalField   nonuniform List<scalar> 
20000
(
0.142834
0.197058
0.167212
0.161116
0.157232
0.157237
0.161128
0.16722
0.197061
0.142834
0.174561
0.386762
0.410439
0.377608
0.324304
0.324302
0.377606
0.410433
0.386757
0.174558
0.154762
0.390488
0.458209
0.429637
0.367273
0.367273
0.429637
0.458205
0.390489
0.154761
0.155641
0.366678
0.424544
0.388935
0.328033
0.328033
0.388938
0.424548
0.36668
0.155639
0.155373
0.325885
0.365171
0.326919
0.271545
0.271544
0.32692
0.365171
0.325882
0.155374
0.155375
0.325887
0.36517
0.326919
0.271544
0.271545
0.326921
0.36517
0.325888
0.155376
0.155641
0.36668
0.424541
0.388935
0.328032
0.328033
0.388936
0.424543
0.366687
0.15564
0.154762
0.390493
0.458209
0.429638
0.367273
0.367272
0.429637
0.458199
0.390494
0.154762
0.174558
0.386754
0.410426
0.377604
0.324301
0.324299
0.377606
0.410427
0.386758
0.174559
0.142834
0.197061
0.167221
0.161127
0.157234
0.157236
0.161125
0.167218
0.19706
0.142834
0.0038875
0.0125508
0.0234466
0.0305616
0.0333182
0.0333175
0.0305604
0.0234455
0.0125501
0.00388752
0.0125299
0.0627477
0.125113
0.167923
0.182642
0.182643
0.167925
0.125116
0.062749
0.0125297
0.0241107
0.130404
0.255076
0.323993
0.333646
0.333646
0.323997
0.255081
0.130402
0.0241113
0.0324586
0.179875
0.331751
0.388505
0.376147
0.376147
0.388506
0.331755
0.179873
0.0324595
0.036427
0.198802
0.345004
0.378946
0.352191
0.352191
0.378947
0.345003
0.198799
0.0364272
0.0364272
0.198802
0.345004
0.378947
0.352191
0.35219
0.378946
0.345003
0.198804
0.0364277
0.0324604
0.179877
0.331755
0.388505
0.376148
0.376147
0.388504
0.331751
0.179876
0.0324591
0.0241124
0.130406
0.255081
0.323997
0.333647
0.333646
0.323993
0.255076
0.130405
0.0241116
0.0125311
0.0627474
0.125109
0.167918
0.182641
0.182642
0.16792
0.125109
0.0627469
0.0125299
0.00388733
0.0125491
0.0234438
0.0305605
0.0333191
0.0333201
0.0305617
0.0234464
0.0125502
0.00388747
0.00279174
0.00797422
0.0139871
0.0187399
0.0210621
0.021059
0.0187339
0.0139812
0.00797133
0.00279171
0.00801154
0.0324976
0.0703882
0.105401
0.124049
0.124047
0.105395
0.0703838
0.0324958
0.00801286
0.0141456
0.0741229
0.174164
0.257251
0.293565
0.293565
0.257252
0.174165
0.074129
0.0141502
0.0191569
0.114978
0.267129
0.36941
0.394729
0.394729
0.369412
0.267133
0.114983
0.0191588
0.0217948
0.137206
0.307974
0.398152
0.405972
0.405973
0.398154
0.30798
0.137207
0.0217943
0.0217937
0.137203
0.307975
0.398153
0.405973
0.405972
0.398151
0.307973
0.137208
0.0217951
0.019157
0.11498
0.267127
0.369411
0.39473
0.394729
0.369409
0.267117
0.114985
0.0191572
0.0141437
0.0741264
0.174161
0.257259
0.293568
0.293567
0.257259
0.174153
0.0741276
0.0141449
0.0080119
0.0325015
0.070385
0.105396
0.124048
0.124051
0.105401
0.0703844
0.032497
0.00801109
0.00279176
0.0079727
0.0139831
0.0187372
0.0210623
0.0210622
0.0187388
0.0139874
0.00797422
0.0027918
0.00232165
0.00673952
0.0119251
0.016365
0.018724
0.0187244
0.0163661
0.0119251
0.00673954
0.00232132
0.00692424
0.0260292
0.0544051
0.0834104
0.100892
0.100893
0.083412
0.0544049
0.0260293
0.00692508
0.012314
0.0576238
0.137701
0.216843
0.261675
0.261677
0.216846
0.137703
0.0576232
0.0123154
0.0170857
0.0923014
0.227697
0.347083
0.397195
0.397196
0.347085
0.227696
0.0922996
0.0170875
0.0196776
0.113493
0.279701
0.403202
0.439114
0.439116
0.403202
0.279701
0.113492
0.0196775
0.0196764
0.113494
0.279701
0.403203
0.439114
0.439115
0.403202
0.2797
0.113492
0.019678
0.0170859
0.092302
0.227696
0.347085
0.397197
0.397197
0.347084
0.227695
0.0922977
0.0170849
0.0123135
0.057623
0.137704
0.216847
0.261677
0.261677
0.216846
0.137702
0.0576232
0.0123139
0.00692264
0.0260289
0.054405
0.0834111
0.10089
0.100894
0.0834138
0.0544043
0.0260282
0.00692421
0.00232156
0.00673939
0.0119246
0.016366
0.0187243
0.0187249
0.0163657
0.0119252
0.00673997
0.00232144
0.0023576
0.00678173
0.0118383
0.0160276
0.0183327
0.0183327
0.0160271
0.0118359
0.00678408
0.00235807
0.0069469
0.0250903
0.0506348
0.0767773
0.0930892
0.0930865
0.0767748
0.0506346
0.0250918
0.00694832
0.0122307
0.0535879
0.124726
0.198331
0.243685
0.243685
0.198332
0.124729
0.0535858
0.0122302
0.0167528
0.0851603
0.209221
0.332272
0.395978
0.395979
0.332273
0.209224
0.0851608
0.0167518
0.0193017
0.105185
0.263429
0.404408
0.460349
0.460349
0.404408
0.26343
0.105187
0.0193016
0.0193013
0.105182
0.263429
0.40441
0.46035
0.460351
0.404409
0.263429
0.105184
0.0193019
0.0167531
0.0851624
0.209223
0.332275
0.395981
0.395979
0.332273
0.209222
0.0851594
0.0167543
0.0122268
0.0535884
0.124727
0.198333
0.243686
0.243686
0.198333
0.124728
0.053586
0.0122321
0.006947
0.0250912
0.0506356
0.0767788
0.0930883
0.0930898
0.07678
0.0506355
0.0250904
0.0069473
0.00235774
0.00678298
0.0118373
0.0160278
0.0183328
0.0183314
0.0160248
0.011835
0.00678199
0.00235748
0.00241227
0.00686537
0.0119273
0.01617
0.0185014
0.0185008
0.0161673
0.0119283
0.00686588
0.00241214
0.00702974
0.0251224
0.0492491
0.0739431
0.0896233
0.0896249
0.0739423
0.0492486
0.0251227
0.00702952
0.0123328
0.0521627
0.11879
0.18868
0.233036
0.233037
0.188681
0.11879
0.0521611
0.0123323
0.0169412
0.082149
0.199533
0.322289
0.393521
0.393521
0.322291
0.199535
0.0821478
0.01694
0.0195488
0.101589
0.253656
0.403976
0.474533
0.474531
0.403975
0.253657
0.10159
0.0195485
0.0195486
0.101592
0.253657
0.403977
0.474532
0.474535
0.403976
0.253656
0.101591
0.0195488
0.0169407
0.0821499
0.199533
0.322291
0.393522
0.393522
0.322289
0.199532
0.0821486
0.016941
0.0123338
0.0521621
0.11879
0.188681
0.233036
0.233036
0.18868
0.118789
0.0521627
0.0123339
0.00703006
0.0251214
0.0492466
0.0739398
0.0896196
0.0896212
0.073941
0.0492477
0.0251215
0.0070276
0.00241251
0.00686351
0.0119264
0.01617
0.0185007
0.0185006
0.0161715
0.0119301
0.00686621
0.00241207
0.00247202
0.00697122
0.0120692
0.0163662
0.0187587
0.0187589
0.0163651
0.0120688
0.00696962
0.00247185
0.0071463
0.0252837
0.0489321
0.072501
0.0877976
0.0877992
0.0725023
0.0489325
0.0252813
0.00714602
0.0124986
0.0517618
0.115829
0.182893
0.226212
0.226212
0.182894
0.115831
0.0517615
0.0124976
0.0171797
0.0805866
0.193657
0.31495
0.390335
0.390336
0.31495
0.193658
0.0805875
0.0171794
0.0198532
0.0996196
0.24711
0.402268
0.483827
0.483827
0.402268
0.247109
0.0996185
0.0198525
0.019853
0.0996188
0.24711
0.402269
0.483828
0.483826
0.402267
0.24711
0.0996187
0.0198525
0.0171801
0.0805884
0.193657
0.314951
0.390337
0.390336
0.31495
0.193658
0.0805888
0.0171794
0.0124977
0.0517632
0.11583
0.182893
0.226212
0.226212
0.182892
0.11583
0.0517637
0.0124985
0.00714532
0.0252821
0.0489326
0.0725036
0.0877989
0.0877968
0.0725019
0.0489321
0.0252829
0.00714645
0.0024721
0.00697044
0.0120678
0.0163647
0.0187588
0.0187591
0.0163663
0.0120687
0.00697022
0.00247194
0.00253411
0.00709862
0.0122502
0.0166066
0.0190501
0.0190495
0.0166055
0.0122501
0.00709906
0.0025343
0.00728502
0.0255292
0.0489324
0.0721032
0.0868515
0.0868528
0.0721038
0.0489322
0.0255284
0.00728336
0.012702
0.0516862
0.113995
0.179449
0.221711
0.221711
0.179448
0.113994
0.0516864
0.0127016
0.0174518
0.0800948
0.19013
0.309472
0.387056
0.387057
0.309472
0.19013
0.0800951
0.0174519
0.0201834
0.0985556
0.242584
0.39995
0.489713
0.489714
0.39995
0.242584
0.098556
0.0201834
0.0201835
0.0985573
0.242585
0.39995
0.489714
0.489714
0.399951
0.242585
0.0985565
0.0201839
0.017452
0.0800959
0.190132
0.309472
0.387057
0.387058
0.309473
0.190132
0.0800948
0.0174517
0.0127027
0.0516868
0.113995
0.179449
0.221711
0.221712
0.17945
0.113994
0.0516861
0.0127027
0.00728503
0.0255291
0.0489337
0.0721046
0.0868527
0.0868536
0.072105
0.0489335
0.0255302
0.0072865
0.00253398
0.00709726
0.0122507
0.0166068
0.0190501
0.0190498
0.0166057
0.0122501
0.00709815
0.00253413
0.00259757
0.00723588
0.0124541
0.0168714
0.0193595
0.0193592
0.0168707
0.0124531
0.00723477
0.00259746
0.00743518
0.0258237
0.0491148
0.0720725
0.0866702
0.0866694
0.0720725
0.0491146
0.0258228
0.00743477
0.0129275
0.051822
0.113167
0.177349
0.218845
0.218845
0.17735
0.113165
0.0518226
0.0129277
0.0177429
0.0799707
0.187922
0.305305
0.383917
0.383918
0.305305
0.187922
0.0799719
0.0177434
0.0205308
0.0983267
0.239657
0.397388
0.49322
0.493221
0.397389
0.239658
0.0983264
0.0205305
0.0205307
0.098326
0.239657
0.397388
0.49322
0.49322
0.397389
0.239657
0.0983262
0.0205309
0.0177433
0.0799719
0.187924
0.305306
0.383919
0.383919
0.305305
0.187922
0.0799713
0.0177432
0.012927
0.0518226
0.113166
0.177349
0.218845
0.218844
0.177349
0.113166
0.051823
0.0129282
0.00743478
0.0258239
0.0491151
0.0720713
0.0866681
0.0866686
0.0720705
0.0491148
0.025824
0.00743577
0.00259751
0.00723572
0.0124547
0.0168715
0.0193592
0.0193591
0.016871
0.0124551
0.00723606
0.00259764
0.00266112
0.00738152
0.0126736
0.0171504
0.0196786
0.0196786
0.0171509
0.012673
0.00738168
0.0026612
0.00759175
0.026147
0.0493709
0.0722228
0.0867345
0.086734
0.0722233
0.0493711
0.0261467
0.0075916
0.0131654
0.0520541
0.112614
0.176189
0.216859
0.216859
0.176188
0.112613
0.0520549
0.0131652
0.0180476
0.0800073
0.186711
0.302596
0.380975
0.380976
0.302597
0.18671
0.080009
0.0180474
0.020886
0.0983162
0.237476
0.394777
0.495026
0.495026
0.394776
0.237476
0.0983163
0.0208854
0.0208853
0.098317
0.237477
0.394777
0.495026
0.495026
0.394777
0.237477
0.098317
0.0208852
0.0180469
0.080009
0.186712
0.302598
0.380976
0.380976
0.302596
0.186711
0.0800096
0.0180473
0.0131652
0.0520546
0.112613
0.176191
0.21686
0.21686
0.176189
0.112615
0.0520554
0.0131662
0.00759155
0.0261479
0.0493724
0.0722253
0.0867355
0.0867349
0.072224
0.0493729
0.0261482
0.00759254
0.00266111
0.0073823
0.0126739
0.0171501
0.0196789
0.0196785
0.0171501
0.0126742
0.00738245
0.00266114
0.00272452
0.00753379
0.0129018
0.0174357
0.020002
0.0200021
0.0174358
0.0129021
0.00753414
0.00272466
0.00775245
0.0264871
0.0496799
0.0724453
0.086886
0.0868847
0.0724436
0.049677
0.0264849
0.00775073
0.0134097
0.0523475
0.112219
0.17534
0.215628
0.215628
0.175341
0.11222
0.0523461
0.0134086
0.0183572
0.0801837
0.185826
0.300483
0.378641
0.378643
0.300484
0.185826
0.0801841
0.0183575
0.0212436
0.0984649
0.236241
0.392577
0.495592
0.495593
0.392578
0.236241
0.0984646
0.0212439
0.0212438
0.098464
0.236241
0.392579
0.495593
0.495593
0.392579
0.236242
0.0984644
0.0212435
0.0183569
0.0801827
0.185827
0.300484
0.378642
0.378642
0.300483
0.185827
0.0801834
0.0183573
0.0134092
0.0523455
0.112219
0.175341
0.215628
0.215629
0.175341
0.112221
0.0523467
0.0134094
0.00775169
0.026486
0.0496772
0.0724438
0.0868856
0.0868861
0.0724444
0.0496779
0.0264856
0.00775097
0.00272444
0.00753321
0.0129013
0.0174356
0.0200019
0.0200022
0.0174367
0.0129023
0.00753413
0.00272444
0.00278713
0.00768584
0.013132
0.0177238
0.0203252
0.0203255
0.017724
0.0131321
0.00768655
0.002787
0.0079102
0.0268321
0.0500109
0.0727002
0.0870805
0.0870796
0.0726997
0.0500111
0.0268318
0.00790936
0.0136542
0.0526765
0.11194
0.174614
0.214624
0.214624
0.174614
0.111941
0.052677
0.0136534
0.0186697
0.0804184
0.185074
0.298936
0.3765
0.376501
0.298937
0.185074
0.0804203
0.0186693
0.0216009
0.0986741
0.235193
0.390566
0.495244
0.495244
0.390565
0.235193
0.0986756
0.0216009
0.021601
0.0986745
0.235193
0.390567
0.495246
0.495244
0.390566
0.235193
0.0986748
0.0216011
0.0186704
0.0804197
0.185075
0.298938
0.376501
0.376501
0.298937
0.185073
0.0804196
0.01867
0.013655
0.0526777
0.111941
0.174616
0.214626
0.214626
0.174614
0.11194
0.0526767
0.0136542
0.00791007
0.0268322
0.0500123
0.0727026
0.0870824
0.0870819
0.0727024
0.0500118
0.0268311
0.0079096
0.00278718
0.00768655
0.013132
0.0177234
0.0203256
0.0203253
0.0177241
0.0131319
0.00768599
0.00278721
0.00284899
0.0078367
0.0133607
0.0180098
0.0206458
0.0206463
0.0180106
0.013362
0.00783663
0.00284897
0.00806674
0.0271788
0.0503637
0.0729867
0.08731
0.0873084
0.0729851
0.0503634
0.0271783
0.00806616
0.0138993
0.0530308
0.111745
0.173981
0.213725
0.213725
0.173981
0.111743
0.0530308
0.0138994
0.0189811
0.0806911
0.184414
0.297478
0.374521
0.374521
0.29748
0.184414
0.0806908
0.0189813
0.0219545
0.0989182
0.234228
0.388697
0.494604
0.494605
0.388698
0.234228
0.0989171
0.0219551
0.0219545
0.098917
0.234228
0.388697
0.494605
0.494605
0.388697
0.234228
0.0989166
0.0219547
0.0189819
0.0806894
0.184414
0.29748
0.374522
0.374522
0.29748
0.184414
0.08069
0.0189808
0.0138999
0.0530299
0.111745
0.173983
0.213726
0.213726
0.173983
0.111745
0.0530302
0.0138991
0.00806793
0.0271791
0.0503652
0.0729863
0.0873081
0.0873086
0.0729858
0.0503636
0.0271785
0.00806723
0.00284874
0.00783669
0.0133612
0.01801
0.020646
0.0206458
0.0180097
0.0133608
0.00783648
0.00284895
0.00290943
0.00798394
0.013587
0.018293
0.0209623
0.0209624
0.0182935
0.0135884
0.007986
0.00290955
0.00822225
0.0275234
0.0507245
0.0732848
0.0875544
0.0875539
0.0732854
0.050727
0.0275259
0.00822231
0.0141414
0.0533956
0.111612
0.173424
0.21291
0.21291
0.173425
0.111615
0.0533969
0.0141421
0.0192891
0.0809822
0.183826
0.296105
0.372665
0.372665
0.296106
0.183828
0.0809818
0.0192883
0.022303
0.0991772
0.233338
0.386807
0.493568
0.493569
0.386807
0.233338
0.0991784
0.0223031
0.022303
0.0991774
0.233339
0.386806
0.493568
0.493569
0.386806
0.233338
0.0991774
0.0223031
0.0192889
0.0809816
0.183829
0.296108
0.372666
0.372666
0.296106
0.183828
0.0809818
0.0192888
0.0141419
0.0533963
0.111613
0.173426
0.21291
0.21291
0.173424
0.111613
0.0533962
0.014142
0.00822248
0.0275248
0.0507254
0.0732855
0.0875547
0.087554
0.0732847
0.0507251
0.0275242
0.00822281
0.00290976
0.00798524
0.0135881
0.0182936
0.0209627
0.0209624
0.0182929
0.0135869
0.00798431
0.00290952
0.00296922
0.00812982
0.0138114
0.0185725
0.0212725
0.0212728
0.0185728
0.0138109
0.00812823
0.00296892
0.00837532
0.0278662
0.0510935
0.0735979
0.0878147
0.0878153
0.0735982
0.0510926
0.0278663
0.00837704
0.0143814
0.0537715
0.111531
0.172928
0.212168
0.212168
0.172929
0.111531
0.0537689
0.0143817
0.0195928
0.0812886
0.183296
0.294813
0.370809
0.37081
0.294813
0.183296
0.0812867
0.0195935
0.0226451
0.0994471
0.232508
0.384875
0.492059
0.49206
0.384876
0.232508
0.0994468
0.0226451
0.022645
0.0994476
0.232509
0.384876
0.492059
0.49206
0.384876
0.232509
0.099448
0.0226448
0.019593
0.0812893
0.183296
0.294814
0.370812
0.370811
0.294814
0.183298
0.0812889
0.0195926
0.0143811
0.0537713
0.111531
0.172928
0.212169
0.212168
0.172928
0.111532
0.0537717
0.0143817
0.00837521
0.0278669
0.0510934
0.0735971
0.0878147
0.087815
0.0735979
0.0510935
0.0278668
0.00837569
0.00296897
0.00812947
0.0138102
0.0185726
0.0212734
0.0212732
0.0185727
0.0138113
0.00812981
0.00296909
0.00302739
0.00827278
0.0140334
0.01885
0.0215785
0.0215782
0.0188505
0.0140336
0.00827344
0.00302751
0.00852573
0.0282038
0.0514624
0.0739151
0.0880829
0.0880834
0.0739164
0.0514636
0.0282047
0.00852567
0.0146179
0.0541492
0.11149
0.172481
0.211486
0.211486
0.172481
0.111492
0.05415
0.0146175
0.0198929
0.0816005
0.182808
0.29359
0.368974
0.368974
0.293591
0.18281
0.0816023
0.0198923
0.0229809
0.0997185
0.231729
0.38294
0.490197
0.490198
0.38294
0.231729
0.0997191
0.0229811
0.0229808
0.0997182
0.231728
0.382939
0.490198
0.490198
0.38294
0.231729
0.0997187
0.0229811
0.0198926
0.0816002
0.182809
0.293589
0.368975
0.368974
0.293591
0.182809
0.0816004
0.019893
0.0146179
0.0541484
0.111491
0.172482
0.211486
0.211486
0.172482
0.111491
0.054149
0.0146176
0.00852668
0.0282044
0.0514632
0.0739169
0.0880836
0.0880832
0.0739161
0.051463
0.0282039
0.00852532
0.00302733
0.00827201
0.0140329
0.0188499
0.0215787
0.0215787
0.0188498
0.0140327
0.0082725
0.00302746
0.0030849
0.00841244
0.0142506
0.0191226
0.0218794
0.0218786
0.0191216
0.0142497
0.00841267
0.00308455
0.00867241
0.0285371
0.0518345
0.0742397
0.088358
0.0883572
0.0742385
0.051834
0.0285372
0.00867235
0.0148495
0.0545291
0.111483
0.172076
0.210854
0.210854
0.172075
0.111483
0.0545291
0.0148491
0.0201865
0.0819183
0.182356
0.292424
0.367169
0.367169
0.292425
0.182355
0.081919
0.0201867
0.0233103
0.0999934
0.230991
0.38102
0.488082
0.488081
0.381021
0.230991
0.0999934
0.0233102
0.0233101
0.0999935
0.230992
0.38102
0.488081
0.488082
0.381021
0.230992
0.0999935
0.02331
0.0201867
0.0819184
0.182356
0.292425
0.367169
0.36717
0.292424
0.182355
0.0819188
0.0201866
0.01485
0.0545296
0.111484
0.172076
0.210855
0.210854
0.172075
0.111484
0.0545301
0.0148496
0.0086734
0.0285377
0.0518349
0.0742407
0.0883592
0.0883581
0.0742394
0.0518351
0.0285379
0.00867294
0.00308466
0.00841228
0.0142503
0.019123
0.0218791
0.0218793
0.0191231
0.0142512
0.00841277
0.0030847
0.00314106
0.00854941
0.0144636
0.0193901
0.022174
0.0221741
0.0193909
0.0144643
0.00854972
0.0031407
0.00881823
0.0288657
0.0522046
0.0745653
0.0886375
0.088639
0.0745675
0.0522051
0.0288653
0.00881862
0.0150786
0.0549085
0.111501
0.171702
0.210264
0.210264
0.171703
0.111503
0.054908
0.0150791
0.0204764
0.0822368
0.181929
0.291307
0.365403
0.365403
0.291308
0.18193
0.082237
0.0204771
0.0236334
0.100267
0.230291
0.379131
0.48578
0.48578
0.379132
0.230291
0.100266
0.0236332
0.0236332
0.100267
0.230291
0.379132
0.485781
0.48578
0.379131
0.230291
0.100267
0.0236329
0.0204759
0.0822377
0.181929
0.291307
0.365404
0.365403
0.291307
0.181929
0.0822377
0.0204768
0.0150778
0.0549079
0.111501
0.171701
0.210263
0.210264
0.171701
0.111501
0.0549076
0.0150788
0.00881726
0.0288644
0.052203
0.0745646
0.0886371
0.0886383
0.0745654
0.0522039
0.0288651
0.00881807
0.00314095
0.00855034
0.0144634
0.01939
0.0221739
0.0221737
0.0193902
0.0144637
0.00854947
0.00314061
0.00319615
0.00868433
0.0146736
0.0196531
0.0224632
0.0224632
0.0196532
0.0146733
0.00868399
0.00319571
0.00896075
0.0291886
0.0525722
0.0748933
0.0889199
0.0889203
0.074894
0.0525727
0.0291888
0.00896143
0.0153034
0.0552856
0.111542
0.171356
0.209708
0.209708
0.171356
0.111542
0.0552857
0.0153036
0.020761
0.0825576
0.181526
0.290229
0.363677
0.363678
0.290229
0.181526
0.082557
0.0207608
0.02395
0.10054
0.229622
0.377278
0.483348
0.48335
0.377279
0.229621
0.100539
0.0239498
0.0239498
0.10054
0.229622
0.377279
0.483349
0.483348
0.377279
0.229622
0.10054
0.0239496
0.0207604
0.0825579
0.181527
0.29023
0.363679
0.363679
0.29023
0.181526
0.0825576
0.0207603
0.0153032
0.0552861
0.111543
0.171357
0.209709
0.209709
0.171356
0.111542
0.0552856
0.0153027
0.00896127
0.0291889
0.0525736
0.0748944
0.0889206
0.0889202
0.0748938
0.0525728
0.0291881
0.0089604
0.00319609
0.00868454
0.0146743
0.0196539
0.0224635
0.0224631
0.0196532
0.0146739
0.00868468
0.0031959
0.00325022
0.00881735
0.0148798
0.0199113
0.0227473
0.0227473
0.0199108
0.0148795
0.00881765
0.00325022
0.00910105
0.0295069
0.052939
0.0752215
0.0892031
0.0892029
0.0752209
0.0529387
0.0295067
0.0090999
0.0155242
0.0556618
0.111602
0.171032
0.209181
0.20918
0.171032
0.111602
0.0556618
0.0155235
0.0210403
0.0828783
0.181142
0.289185
0.361993
0.361993
0.289185
0.181143
0.0828794
0.0210399
0.024261
0.100812
0.22898
0.375467
0.480827
0.480828
0.375468
0.22898
0.100812
0.024261
0.0242609
0.100811
0.22898
0.375468
0.480828
0.480828
0.375467
0.228979
0.100812
0.024261
0.0210404
0.0828777
0.181142
0.289185
0.361994
0.361993
0.289184
0.181142
0.0828785
0.0210403
0.0155243
0.0556617
0.111601
0.171031
0.20918
0.209181
0.171033
0.111602
0.0556617
0.0155244
0.00910059
0.0295061
0.0529381
0.0752207
0.0892025
0.0892031
0.0752212
0.0529388
0.0295069
0.00910094
0.00325009
0.00881727
0.0148795
0.0199108
0.0227472
0.0227478
0.019911
0.0148799
0.00881739
0.0032502
0.00330331
0.00894738
0.015082
0.0201646
0.0230266
0.0230272
0.0201653
0.0150824
0.00894697
0.00330346
0.00923866
0.0298199
0.0533015
0.0755482
0.0894864
0.0894873
0.0755494
0.0533022
0.0298203
0.00923925
0.0157424
0.0560346
0.111677
0.170727
0.208677
0.208677
0.170729
0.111678
0.0560348
0.0157429
0.0213158
0.0831985
0.180775
0.288168
0.360351
0.360351
0.288168
0.180776
0.0831981
0.0213159
0.0245669
0.101083
0.228361
0.373699
0.478249
0.47825
0.373699
0.22836
0.101081
0.0245665
0.0245667
0.101083
0.228361
0.3737
0.478249
0.478249
0.373699
0.22836
0.101082
0.0245666
0.0213156
0.0831986
0.180775
0.288169
0.360351
0.360351
0.288168
0.180774
0.0831978
0.0213156
0.0157422
0.0560351
0.111677
0.170728
0.208677
0.208677
0.170727
0.111676
0.0560349
0.0157424
0.00923889
0.0298205
0.0533025
0.0755488
0.0894865
0.0894866
0.0755481
0.0533018
0.0298199
0.00923848
0.00330351
0.00894724
0.0150824
0.0201653
0.023027
0.0230267
0.0201647
0.0150825
0.00894744
0.00330344
0.00335606
0.00907609
0.015282
0.0204148
0.0233015
0.0233014
0.0204147
0.0152813
0.00907492
0.003356
0.00937474
0.0301299
0.0536637
0.0758764
0.0897712
0.0897711
0.0758766
0.0536636
0.0301299
0.00937537
0.0159567
0.0564067
0.111768
0.170443
0.208194
0.208193
0.170442
0.111767
0.0564061
0.0159571
0.0215861
0.0835185
0.180425
0.287175
0.358748
0.358748
0.287175
0.180424
0.0835174
0.0215862
0.0248671
0.101351
0.227762
0.371973
0.475636
0.475636
0.371973
0.227762
0.101351
0.0248673
0.0248671
0.101352
0.227762
0.371974
0.475637
0.475636
0.371973
0.227762
0.101352
0.0248672
0.0215862
0.0835183
0.180424
0.287175
0.358749
0.358749
0.287175
0.180424
0.0835182
0.0215863
0.0159561
0.0564067
0.111767
0.17044
0.208192
0.208193
0.170442
0.111767
0.0564067
0.0159569
0.00937319
0.0301292
0.0536629
0.0758757
0.0897704
0.0897713
0.0758763
0.053664
0.0301297
0.00937485
0.0033559
0.00907684
0.015282
0.0204145
0.0233012
0.023302
0.0204154
0.0152824
0.00907586
0.00335596
0.00340778
0.00920188
0.0154772
0.0206593
0.0235718
0.0235714
0.0206599
0.0154778
0.00920287
0.00340749
0.0095084
0.0304339
0.0540198
0.0762017
0.0900549
0.0900542
0.076201
0.0540205
0.0304343
0.00950724
0.0161688
0.0567735
0.111868
0.170169
0.207725
0.207725
0.170169
0.111868
0.0567745
0.0161678
0.0218543
0.0838363
0.180085
0.286199
0.357182
0.357183
0.2862
0.180086
0.0838372
0.021853
0.0251634
0.101619
0.227179
0.370287
0.473009
0.473011
0.370288
0.227179
0.101619
0.0251633
0.0251632
0.101619
0.227179
0.370287
0.47301
0.473009
0.370288
0.22718
0.101619
0.0251634
0.0218537
0.0838363
0.180085
0.2862
0.357183
0.357182
0.2862
0.180085
0.0838363
0.0218537
0.0161687
0.0567737
0.111868
0.170169
0.207725
0.207725
0.170169
0.111868
0.056774
0.0161685
0.00950913
0.0304341
0.0540206
0.0762021
0.0900546
0.0900544
0.0762015
0.0540204
0.0304341
0.00950836
0.00340763
0.0092016
0.0154775
0.0206597
0.0235715
0.0235712
0.0206589
0.0154769
0.00920163
0.00340773
0.00345859
0.00932675
0.0156718
0.020903
0.0238389
0.0238382
0.0209025
0.0156716
0.00932656
0.00345849
0.0096409
0.0307358
0.0543776
0.0765276
0.0903384
0.0903378
0.0765269
0.0543763
0.0307357
0.00964113
0.0163779
0.0571408
0.111983
0.169912
0.207272
0.207271
0.169911
0.111982
0.0571402
0.0163779
0.0221168
0.0841549
0.17976
0.285241
0.355651
0.355651
0.285241
0.17976
0.0841549
0.0221172
0.0254549
0.101885
0.226613
0.368642
0.470383
0.470382
0.368641
0.226612
0.101886
0.0254554
0.0254552
0.101885
0.226612
0.368641
0.470383
0.470383
0.368642
0.226613
0.101886
0.0254548
0.0221174
0.0841544
0.17976
0.285242
0.355652
0.355651
0.285242
0.17976
0.0841547
0.0221167
0.0163781
0.0571404
0.111983
0.169911
0.207272
0.207272
0.169911
0.111983
0.0571409
0.0163783
0.00964151
0.030736
0.0543774
0.0765274
0.0903381
0.0903381
0.0765273
0.054377
0.0307358
0.0096412
0.00345867
0.00932595
0.015672
0.0209033
0.0238391
0.0238388
0.0209032
0.0156724
0.00932706
0.00345861
0.00350902
0.0094497
0.0158628
0.0211414
0.0241012
0.0241014
0.0211419
0.0158635
0.00945062
0.00350902
0.00977009
0.031032
0.0547282
0.0768502
0.0906204
0.0906204
0.0768503
0.0547285
0.0310325
0.00977017
0.0165842
0.0575032
0.112104
0.169663
0.206829
0.20683
0.169664
0.112104
0.0575036
0.016584
0.0223774
0.0844717
0.179445
0.284296
0.354153
0.354154
0.284297
0.179445
0.0844719
0.0223769
0.0257433
0.102151
0.226058
0.367032
0.467766
0.467766
0.367033
0.226058
0.102151
0.0257428
0.0257431
0.102151
0.226058
0.367032
0.467766
0.467767
0.367033
0.226058
0.102151
0.025743
0.0223775
0.0844715
0.179446
0.284297
0.354154
0.354154
0.284297
0.179446
0.0844716
0.0223773
0.0165847
0.0575033
0.112105
0.169664
0.20683
0.20683
0.169665
0.112105
0.057504
0.0165848
0.00977088
0.0310326
0.054729
0.0768506
0.0906205
0.0906208
0.0768506
0.054729
0.0310322
0.00977028
0.00350891
0.00944954
0.0158629
0.0211417
0.0241012
0.0241012
0.0211411
0.0158625
0.00944967
0.00350903
0.0035587
0.00957141
0.0160522
0.0213782
0.0243614
0.0243609
0.0213777
0.0160515
0.00957088
0.0035587
0.00989981
0.0313268
0.0550788
0.0771734
0.0909033
0.0909033
0.077173
0.0550794
0.0313268
0.00990026
0.0167879
0.057864
0.112237
0.169429
0.206399
0.2064
0.169429
0.112237
0.0578647
0.0167884
0.0226339
0.0847884
0.179143
0.283363
0.352687
0.352687
0.283364
0.179142
0.0847884
0.0226344
0.0260275
0.102415
0.225515
0.365458
0.465171
0.465172
0.365458
0.225515
0.102416
0.0260277
0.0260275
0.102415
0.225516
0.365458
0.465171
0.465172
0.365457
0.225515
0.102415
0.0260276
0.0226344
0.0847884
0.179143
0.283364
0.352687
0.352687
0.283363
0.179142
0.0847878
0.0226343
0.0167886
0.0578649
0.112237
0.169429
0.206399
0.2064
0.16943
0.112236
0.0578642
0.0167884
0.00990089
0.0313273
0.0550796
0.0771738
0.0909031
0.0909033
0.0771732
0.0550789
0.0313269
0.00990026
0.00355901
0.00957044
0.0160512
0.021378
0.0243612
0.0243606
0.021377
0.0160515
0.00957104
0.0035587
0.00360801
0.00969179
0.0162389
0.0216113
0.024618
0.0246185
0.0216117
0.0162388
0.00969221
0.00360819
0.0100277
0.0316185
0.0554272
0.0774953
0.091185
0.0911851
0.0774949
0.0554278
0.0316185
0.0100278
0.0169904
0.0582236
0.112377
0.169204
0.205977
0.205978
0.169205
0.112378
0.0582233
0.0169905
0.0228889
0.085104
0.178849
0.282439
0.351248
0.351248
0.28244
0.178851
0.0851045
0.0228886
0.026309
0.102679
0.224982
0.363916
0.462602
0.462602
0.363916
0.224983
0.10268
0.0263088
0.0263089
0.10268
0.224982
0.363916
0.462603
0.462602
0.363916
0.224982
0.102679
0.0263089
0.0228884
0.0851046
0.178851
0.28244
0.351248
0.351248
0.282441
0.17885
0.0851045
0.0228887
0.0169899
0.0582231
0.112377
0.169204
0.205977
0.205978
0.169206
0.112378
0.0582241
0.0169904
0.0100267
0.0316175
0.0554262
0.0774946
0.0911848
0.0911859
0.0774956
0.0554281
0.0316183
0.0100278
0.00360801
0.00969256
0.0162387
0.021611
0.0246179
0.0246188
0.0216122
0.0162395
0.00969206
0.00360814
0.00365677
0.00981057
0.0164235
0.0218426
0.0248723
0.0248721
0.0218425
0.0164237
0.00981048
0.00365677
0.010154
0.0319068
0.0557728
0.0778163
0.0914668
0.0914664
0.077816
0.0557732
0.0319067
0.0101539
0.0171908
0.0585801
0.112526
0.168991
0.205564
0.205564
0.16899
0.112525
0.0585799
0.0171908
0.023141
0.0854197
0.178568
0.281524
0.349834
0.349834
0.281524
0.178567
0.0854194
0.0231412
0.0265875
0.102943
0.224457
0.362403
0.460065
0.460065
0.362403
0.224458
0.102943
0.0265874
0.0265871
0.102943
0.224457
0.362404
0.460065
0.460064
0.362403
0.224458
0.102943
0.0265872
0.0231406
0.08542
0.178568
0.281525
0.349835
0.349835
0.281524
0.178567
0.0854194
0.0231408
0.0171904
0.0585801
0.112526
0.168991
0.205564
0.205563
0.16899
0.112524
0.0585796
0.0171906
0.010154
0.0319072
0.0557736
0.0778166
0.0914671
0.0914661
0.0778152
0.0557724
0.031906
0.0101534
0.00365697
0.00981065
0.0164239
0.021843
0.0248727
0.0248719
0.0218421
0.0164233
0.00981051
0.00365695
0.00370511
0.00992852
0.0166073
0.0220721
0.0251246
0.0251242
0.022072
0.0166076
0.00992866
0.00370507
0.010279
0.0321924
0.0561176
0.0781372
0.0917487
0.0917483
0.0781363
0.0561173
0.0321926
0.0102792
0.0173895
0.058936
0.112682
0.168787
0.205159
0.205159
0.168787
0.112681
0.0589357
0.0173895
0.0233908
0.0857352
0.178295
0.280617
0.348446
0.348445
0.280618
0.178296
0.0857351
0.0233905
0.0268628
0.103206
0.223942
0.360918
0.457562
0.457562
0.360918
0.223942
0.103206
0.0268632
0.0268629
0.103206
0.223941
0.360918
0.457562
0.457563
0.360918
0.223942
0.103206
0.0268632
0.0233906
0.0857353
0.178295
0.280617
0.348445
0.348445
0.280617
0.178296
0.0857353
0.0233906
0.0173892
0.0589352
0.112681
0.168786
0.205158
0.205159
0.168788
0.112682
0.0589353
0.0173894
0.0102792
0.0321921
0.0561169
0.0781363
0.0917488
0.0917491
0.0781366
0.0561173
0.0321929
0.0102794
0.00370506
0.00992893
0.0166072
0.0220718
0.0251245
0.0251244
0.0220725
0.0166078
0.00992925
0.00370501
0.00375328
0.0100461
0.0167893
0.022299
0.025374
0.0253745
0.0222997
0.0167897
0.0100461
0.00375339
0.0104029
0.0324754
0.0564593
0.0784561
0.0920298
0.09203
0.0784563
0.05646
0.0324762
0.0104034
0.0175863
0.0592888
0.112843
0.168592
0.20476
0.204761
0.168593
0.112844
0.0592898
0.0175867
0.0236384
0.0860503
0.178033
0.279716
0.347077
0.347076
0.279717
0.178034
0.0860513
0.0236386
0.0271364
0.103469
0.223432
0.359458
0.455099
0.455098
0.359458
0.223432
0.103469
0.0271364
0.0271363
0.103469
0.223432
0.359458
0.455099
0.455098
0.359458
0.223433
0.103469
0.0271363
0.0236386
0.086051
0.178033
0.279716
0.347077
0.347077
0.279716
0.178034
0.0860508
0.0236386
0.0175868
0.0592889
0.112845
0.168593
0.204761
0.204761
0.168593
0.112844
0.0592891
0.0175865
0.0104038
0.0324768
0.0564603
0.0784569
0.09203
0.0920301
0.0784567
0.05646
0.0324766
0.0104038
0.00375313
0.0100468
0.0167903
0.0222999
0.0253743
0.0253742
0.0222993
0.0167894
0.0100459
0.00375325
0.0038008
0.0101622
0.01697
0.022525
0.0256222
0.0256215
0.0225242
0.0169696
0.0101618
0.00380063
0.0105272
0.0327584
0.0568013
0.0787767
0.0923121
0.0923115
0.0787761
0.0568007
0.0327579
0.0105272
0.0177823
0.0596415
0.113014
0.168408
0.20437
0.204369
0.168407
0.113014
0.0596407
0.0177822
0.023885
0.0863664
0.177781
0.278821
0.345728
0.345728
0.278821
0.177781
0.0863658
0.0238849
0.0274081
0.103733
0.22293
0.358019
0.452674
0.452673
0.358019
0.22293
0.103733
0.0274081
0.0274082
0.103733
0.22293
0.358019
0.452674
0.452674
0.358019
0.22293
0.103733
0.027408
0.0238852
0.0863666
0.177781
0.278821
0.345728
0.345728
0.278821
0.177781
0.0863656
0.0238847
0.0177826
0.0596415
0.113014
0.168408
0.20437
0.204369
0.168407
0.113013
0.0596409
0.0177823
0.0105271
0.0327576
0.0568013
0.078777
0.0923122
0.0923118
0.0787762
0.0568006
0.0327576
0.0105267
0.00380077
0.0101617
0.0169705
0.0225253
0.0256225
0.025622
0.0225245
0.0169699
0.0101621
0.00380084
0.00384807
0.010278
0.0171497
0.0227493
0.0258689
0.025869
0.0227499
0.0171502
0.0102786
0.00384813
0.0106499
0.0330377
0.0571407
0.0790959
0.0925945
0.0925947
0.0790964
0.0571407
0.0330377
0.0106497
0.0179769
0.0599925
0.113189
0.168232
0.203985
0.203986
0.168233
0.113191
0.0599926
0.0179771
0.0241293
0.0866824
0.177538
0.27793
0.344394
0.344395
0.277932
0.177539
0.0866826
0.0241297
0.0276776
0.103996
0.222434
0.3566
0.450288
0.450288
0.356601
0.222435
0.103997
0.0276777
0.0276778
0.103997
0.222435
0.356601
0.450288
0.450289
0.356601
0.222435
0.103997
0.0276776
0.0241295
0.0866823
0.177538
0.277931
0.344395
0.344395
0.277932
0.177539
0.0866824
0.0241296
0.0179766
0.0599927
0.11319
0.168232
0.203986
0.203986
0.168233
0.11319
0.059993
0.0179772
0.0106493
0.0330377
0.0571407
0.0790958
0.0925946
0.0925949
0.0790968
0.0571417
0.0330383
0.0106503
0.00384793
0.0102783
0.0171494
0.0227487
0.0258683
0.0258689
0.0227497
0.0171498
0.0102776
0.00384831
0.0038953
0.0103925
0.0173286
0.0229726
0.026114
0.0261136
0.0229723
0.0173288
0.0103925
0.00389529
0.0107726
0.0333168
0.0574805
0.0794171
0.0928784
0.092878
0.0794169
0.0574806
0.0333162
0.0107727
0.018171
0.0603435
0.113373
0.168068
0.203609
0.203609
0.168067
0.113372
0.0603429
0.0181713
0.0243728
0.0869994
0.177307
0.277047
0.343078
0.343078
0.277047
0.177306
0.0869991
0.0243729
0.0279458
0.104262
0.221946
0.3552
0.447943
0.447943
0.3552
0.221946
0.104262
0.0279459
0.0279459
0.104262
0.221946
0.3552
0.447944
0.447944
0.355201
0.221946
0.104261
0.027946
0.0243729
0.0869996
0.177307
0.277047
0.343079
0.343079
0.277047
0.177306
0.0869985
0.0243729
0.0181709
0.0603438
0.113374
0.168068
0.203609
0.203609
0.168067
0.113372
0.0603427
0.0181708
0.0107721
0.0333165
0.0574813
0.0794174
0.0928784
0.0928779
0.0794161
0.0574795
0.0333162
0.0107719
0.00389539
0.0103929
0.0173287
0.0229728
0.0261143
0.0261134
0.0229717
0.017328
0.0103929
0.0038951
0.00394197
0.0105071
0.0175058
0.0231935
0.0263574
0.0263572
0.0231937
0.0175056
0.0105073
0.0039421
0.0108936
0.0335922
0.0578176
0.0797366
0.0931622
0.093162
0.0797362
0.0578179
0.0335939
0.0108939
0.0183632
0.0606917
0.11356
0.16791
0.203238
0.203238
0.16791
0.113561
0.0606923
0.0183632
0.0246148
0.0873159
0.177083
0.276166
0.341774
0.341774
0.276167
0.177083
0.0873161
0.0246152
0.0282126
0.104527
0.221462
0.353815
0.445639
0.445638
0.353815
0.221462
0.104527
0.0282126
0.0282129
0.104527
0.221462
0.353815
0.445639
0.445639
0.353815
0.221463
0.104527
0.0282127
0.0246151
0.0873156
0.177083
0.276167
0.341774
0.341774
0.276167
0.177084
0.0873165
0.0246151
0.0183637
0.0606918
0.11356
0.16791
0.203238
0.203238
0.167911
0.113562
0.060693
0.0183635
0.0108945
0.033593
0.0578176
0.0797364
0.0931621
0.0931622
0.0797372
0.0578192
0.0335936
0.010894
0.00394181
0.0105066
0.0175059
0.023194
0.0263573
0.0263577
0.0231949
0.0175063
0.0105067
0.00394213
0.00398868
0.0106209
0.0176834
0.0234158
0.0266007
0.0266006
0.023416
0.0176836
0.0106215
0.00398903
0.0110149
0.0338699
0.0581569
0.0800582
0.0934476
0.0934475
0.0800585
0.0581574
0.0338699
0.0110149
0.018555
0.0610417
0.113756
0.167763
0.202875
0.202875
0.167764
0.113757
0.0610424
0.0185558
0.0248566
0.0876348
0.176871
0.275292
0.340483
0.340483
0.275293
0.176872
0.0876349
0.0248561
0.0284786
0.104794
0.220986
0.352444
0.443373
0.443372
0.352445
0.220987
0.104795
0.0284783
0.028479
0.104795
0.220986
0.352444
0.443373
0.443373
0.352445
0.220986
0.104794
0.0284786
0.0248569
0.0876352
0.176872
0.275292
0.340482
0.340482
0.275292
0.176871
0.0876352
0.0248566
0.0185554
0.0610418
0.113756
0.167764
0.202875
0.202875
0.167764
0.113757
0.0610425
0.0185558
0.0110148
0.0338696
0.0581566
0.0800584
0.0934476
0.0934479
0.0800588
0.0581574
0.0338696
0.0110155
0.003989
0.0106216
0.0176832
0.0234153
0.0266003
0.0266004
0.0234153
0.0176832
0.010621
0.00398889
0.00403536
0.0107342
0.0178598
0.0236356
0.0268422
0.0268421
0.0236351
0.0178589
0.0107339
0.00403527
0.0111364
0.034145
0.0584949
0.0803806
0.0937348
0.0937341
0.0803801
0.0584944
0.0341445
0.011136
0.018747
0.0613913
0.113957
0.167627
0.20252
0.202519
0.167626
0.113957
0.0613911
0.0187466
0.0250969
0.0879547
0.176669
0.274423
0.339201
0.339202
0.274423
0.176669
0.0879551
0.0250967
0.0287434
0.105063
0.220516
0.351085
0.441144
0.441144
0.351086
0.220516
0.105064
0.0287437
0.0287431
0.105063
0.220516
0.351085
0.441145
0.441144
0.351086
0.220516
0.105063
0.0287434
0.0250968
0.0879549
0.176669
0.274423
0.339202
0.339202
0.274422
0.176668
0.0879545
0.0250967
0.0187468
0.0613911
0.113957
0.167627
0.20252
0.202519
0.167626
0.113956
0.0613902
0.0187464
0.0111362
0.0341442
0.058495
0.0803811
0.093735
0.0937344
0.0803801
0.0584936
0.0341436
0.0111356
0.00403525
0.0107343
0.0178596
0.0236356
0.026843
0.0268422
0.0236349
0.0178586
0.0107347
0.00403528
0.00408149
0.0108477
0.018035
0.0238549
0.0270837
0.0270839
0.0238557
0.0180355
0.0108481
0.00408165
0.0112558
0.0344178
0.0588309
0.0807029
0.0940229
0.094023
0.0807036
0.0588323
0.0344191
0.011256
0.0189373
0.0617393
0.114163
0.167498
0.20217
0.20217
0.167499
0.114164
0.0617398
0.0189374
0.0253363
0.0882758
0.176476
0.273556
0.337928
0.337929
0.273557
0.176477
0.0882758
0.025337
0.0290074
0.105334
0.220052
0.349736
0.438952
0.438952
0.349738
0.220052
0.105334
0.0290078
0.0290075
0.105334
0.220052
0.349737
0.438953
0.438952
0.349737
0.220052
0.105334
0.0290081
0.0253366
0.0882762
0.176476
0.273557
0.337929
0.337929
0.273558
0.176477
0.0882764
0.0253369
0.0189372
0.0617397
0.114164
0.167499
0.202171
0.202171
0.167499
0.114165
0.0617401
0.0189377
0.011256
0.0344191
0.0588317
0.0807032
0.0940232
0.0940234
0.080704
0.0588324
0.0344194
0.0112568
0.00408168
0.0108478
0.018035
0.0238553
0.0270838
0.0270842
0.0238556
0.0180354
0.0108476
0.00408169
0.00412808
0.010961
0.0182114
0.0240754
0.0273251
0.0273251
0.0240751
0.0182111
0.0109607
0.00412791
0.0113768
0.0346932
0.0591708
0.0810287
0.0943137
0.0943139
0.0810284
0.05917
0.0346925
0.0113766
0.019128
0.0620899
0.114378
0.167381
0.201829
0.20183
0.167381
0.114377
0.0620893
0.0191278
0.0255767
0.0885994
0.176295
0.272697
0.336664
0.336664
0.272698
0.176295
0.0885991
0.0255756
0.0292715
0.105607
0.219595
0.348397
0.436794
0.436794
0.348397
0.219595
0.105607
0.029271
0.0292713
0.105607
0.219595
0.348398
0.436794
0.436794
0.348397
0.219595
0.105607
0.0292711
0.0255762
0.0885995
0.176296
0.272697
0.336664
0.336664
0.272696
0.176295
0.0885995
0.0255757
0.019128
0.0620894
0.114378
0.167381
0.201829
0.201828
0.167381
0.114378
0.0620896
0.0191283
0.0113765
0.0346925
0.0591699
0.0810284
0.0943134
0.0943135
0.0810286
0.05917
0.034692
0.0113766
0.00412787
0.0109609
0.0182113
0.0240752
0.0273249
0.0273247
0.0240746
0.0182111
0.0109611
0.00412802
0.00417418
0.0110734
0.0183864
0.0242935
0.0275649
0.0275653
0.0242935
0.0183857
0.0110734
0.00417409
0.0114963
0.0349654
0.0595078
0.0813535
0.0946054
0.0946058
0.0813535
0.0595069
0.0349652
0.0114961
0.0193183
0.0624388
0.114595
0.167272
0.201495
0.201495
0.167272
0.114595
0.0624388
0.019318
0.0258146
0.0889236
0.176123
0.271842
0.335405
0.335405
0.271842
0.176124
0.0889241
0.0258153
0.0295342
0.105881
0.219144
0.347065
0.434668
0.434668
0.347066
0.219145
0.105882
0.0295348
0.0295345
0.105882
0.219145
0.347065
0.434668
0.434669
0.347065
0.219145
0.105882
0.0295343
0.0258152
0.088924
0.176123
0.271842
0.335406
0.335406
0.271842
0.176123
0.0889234
0.0258147
0.0193181
0.0624387
0.114595
0.167272
0.201495
0.201495
0.167273
0.114595
0.0624387
0.019318
0.0114962
0.0349655
0.0595073
0.0813537
0.0946059
0.0946059
0.0813539
0.0595076
0.034965
0.011496
0.00417408
0.0110732
0.0183859
0.0242932
0.0275649
0.0275651
0.0242936
0.0183862
0.0110734
0.00417406
0.00422016
0.0111862
0.0185613
0.0245129
0.0278059
0.0278056
0.0245127
0.0185617
0.0111864
0.00422034
0.0116158
0.0352378
0.059846
0.0816819
0.0949008
0.0949009
0.0816819
0.0598466
0.0352383
0.0116161
0.0195079
0.0627884
0.114821
0.167174
0.20117
0.201171
0.167175
0.114821
0.0627888
0.0195079
0.026054
0.0892511
0.175963
0.270993
0.334153
0.334153
0.270993
0.175963
0.0892509
0.026054
0.0297975
0.10616
0.218702
0.34574
0.432573
0.432573
0.34574
0.218702
0.106159
0.0297973
0.0297972
0.106159
0.218702
0.345739
0.432573
0.432573
0.34574
0.218702
0.106159
0.0297978
0.0260538
0.0892505
0.175963
0.270993
0.334153
0.334153
0.270994
0.175963
0.089251
0.026054
0.0195077
0.0627891
0.11482
0.167174
0.20117
0.201171
0.167175
0.114821
0.0627893
0.0195079
0.0116157
0.0352391
0.0598466
0.0816816
0.094901
0.0949009
0.0816815
0.0598462
0.0352386
0.0116164
0.0042204
0.0111861
0.0185614
0.0245123
0.0278055
0.0278052
0.0245119
0.0185611
0.0111859
0.00422041
0.00426645
0.0112986
0.0187366
0.0247314
0.028046
0.0280459
0.0247314
0.0187368
0.0112982
0.00426647
0.0117359
0.0355112
0.0601855
0.0820114
0.0951982
0.0951979
0.0820109
0.0601855
0.0355106
0.0117358
0.0196977
0.0631397
0.115052
0.167086
0.200853
0.200853
0.167086
0.115051
0.0631398
0.0196976
0.0262928
0.0895802
0.175813
0.270149
0.332905
0.332905
0.270149
0.175812
0.0895799
0.026292
0.0300606
0.10644
0.218266
0.344419
0.430505
0.430505
0.344419
0.218266
0.10644
0.0300602
0.0300601
0.106439
0.218267
0.344419
0.430505
0.430505
0.344419
0.218266
0.106439
0.0300604
0.0262924
0.0895794
0.175812
0.27015
0.332905
0.332905
0.270149
0.175812
0.0895798
0.0262922
0.0196978
0.0631393
0.115051
0.167085
0.200853
0.200853
0.167085
0.115051
0.0631397
0.0196978
0.0117359
0.0355105
0.0601848
0.082011
0.0951979
0.0951974
0.0820101
0.0601851
0.035511
0.011736
0.0042664
0.0112985
0.0187366
0.0247316
0.0280459
0.0280455
0.0247312
0.0187367
0.0112987
0.00426656
0.00431255
0.0114111
0.0189114
0.0249496
0.0282856
0.0282856
0.0249497
0.0189112
0.0114115
0.00431278
0.0118554
0.0357836
0.060525
0.0823417
0.0954969
0.0954972
0.0823418
0.0605249
0.0357844
0.0118561
0.0198876
0.0634907
0.115286
0.167006
0.200544
0.200544
0.167006
0.115287
0.0634914
0.0198877
0.0265312
0.0899106
0.175672
0.269312
0.331661
0.331661
0.269312
0.175672
0.0899114
0.0265314
0.0303231
0.106722
0.217838
0.343102
0.428462
0.428462
0.343102
0.217838
0.106723
0.0303234
0.0303237
0.106722
0.217838
0.343102
0.428462
0.428463
0.343102
0.217838
0.106723
0.0303231
0.0265319
0.0899115
0.175672
0.269312
0.331661
0.331661
0.269312
0.175672
0.0899112
0.026531
0.0198878
0.0634916
0.115288
0.167006
0.200544
0.200543
0.167007
0.115288
0.0634911
0.0198872
0.0118555
0.0357842
0.0605249
0.0823419
0.0954973
0.0954975
0.0823425
0.0605254
0.0357837
0.0118556
0.00431274
0.0114115
0.0189112
0.0249493
0.0282855
0.0282862
0.0249502
0.0189117
0.0114113
0.00431253
0.00435869
0.0115241
0.0190868
0.0251688
0.0285264
0.0285261
0.0251685
0.019087
0.0115236
0.00435848
0.0119753
0.0360567
0.060866
0.082676
0.0958005
0.0958002
0.0826759
0.060866
0.0360565
0.0119753
0.0200775
0.0638437
0.11553
0.166938
0.200243
0.200243
0.166938
0.115529
0.0638432
0.0200775
0.0267703
0.0902448
0.175543
0.268481
0.33042
0.330419
0.268481
0.175543
0.0902444
0.0267702
0.0305865
0.107008
0.217418
0.341789
0.426442
0.426442
0.341788
0.217418
0.107009
0.0305865
0.0305861
0.107008
0.217418
0.341789
0.426442
0.426442
0.341789
0.217418
0.107009
0.0305864
0.0267698
0.0902445
0.175543
0.268481
0.33042
0.33042
0.26848
0.175543
0.0902444
0.0267702
0.0200775
0.0638436
0.115529
0.166938
0.200244
0.200243
0.166937
0.115529
0.0638433
0.0200771
0.0119754
0.0360562
0.0608663
0.0826761
0.0958001
0.0957997
0.0826755
0.0608661
0.0360564
0.011975
0.00435899
0.0115239
0.0190872
0.025169
0.0285262
0.028526
0.0251685
0.0190866
0.011524
0.00435869
0.00440494
0.0116366
0.019262
0.0253875
0.0287666
0.028767
0.0253879
0.019262
0.0116363
0.00440503
0.0120949
0.0363288
0.0612067
0.0830108
0.0961051
0.0961051
0.0830109
0.0612073
0.0363295
0.0120952
0.0202676
0.0641967
0.115776
0.166878
0.199952
0.199952
0.166878
0.115777
0.0641969
0.0202673
0.0270095
0.0905806
0.175424
0.267656
0.329181
0.329182
0.267656
0.175423
0.0905809
0.0270091
0.0308498
0.107298
0.217006
0.340477
0.42444
0.424442
0.340478
0.217006
0.107298
0.03085
0.0308497
0.107298
0.217006
0.340478
0.42444
0.424441
0.340478
0.217006
0.107298
0.0308497
0.0270096
0.0905807
0.175423
0.267657
0.329181
0.329181
0.267656
0.175424
0.0905807
0.0270093
0.0202674
0.0641964
0.115776
0.166878
0.199952
0.199952
0.166878
0.115776
0.064197
0.0202673
0.0120955
0.0363288
0.0612071
0.0830109
0.0961052
0.0961051
0.0830106
0.0612072
0.0363291
0.0120949
0.00440519
0.0116361
0.0192621
0.0253881
0.028767
0.0287669
0.0253876
0.0192618
0.0116366
0.00440495
0.00445112
0.0117494
0.0194379
0.0256076
0.0290083
0.0290076
0.0256068
0.0194374
0.0117487
0.00445096
0.0122149
0.0366028
0.0615503
0.0833485
0.0964133
0.0964135
0.0833486
0.0615495
0.0366021
0.0122155
0.0204576
0.0645517
0.11603
0.166828
0.199669
0.199669
0.166829
0.11603
0.0645515
0.0204582
0.0272489
0.0909197
0.175315
0.266839
0.327945
0.327944
0.26684
0.175316
0.0909199
0.0272492
0.0311136
0.10759
0.216602
0.339168
0.422458
0.422458
0.339169
0.216603
0.107591
0.0311136
0.0311136
0.107591
0.216603
0.339168
0.422458
0.422458
0.339169
0.216603
0.10759
0.0311135
0.0272491
0.0909199
0.175316
0.266839
0.327945
0.327945
0.266839
0.175315
0.0909197
0.0272489
0.0204579
0.0645516
0.11603
0.166828
0.199668
0.199669
0.166828
0.11603
0.0645516
0.0204576
0.0122149
0.0366026
0.0615497
0.0833483
0.0964129
0.0964135
0.0833489
0.0615502
0.0366022
0.0122153
0.00445108
0.0117489
0.0194372
0.0256069
0.0290076
0.0290081
0.0256077
0.0194381
0.0117493
0.00445133
0.00449745
0.0118621
0.0196135
0.0258269
0.029249
0.0292492
0.0258268
0.0196136
0.0118613
0.00449719
0.0123352
0.0368756
0.0618936
0.0836888
0.0967247
0.0967246
0.0836887
0.0618937
0.0368751
0.0123354
0.0206481
0.0649071
0.116288
0.166788
0.199395
0.199395
0.166788
0.116288
0.0649063
0.0206482
0.0274887
0.0912609
0.175217
0.26603
0.326711
0.326711
0.266029
0.175216
0.0912606
0.0274886
0.0313776
0.107886
0.216208
0.337861
0.42049
0.42049
0.33786
0.216207
0.107886
0.0313776
0.0313774
0.107886
0.216207
0.33786
0.42049
0.42049
0.337861
0.216208
0.107886
0.031378
0.0274886
0.0912608
0.175217
0.266029
0.326711
0.326711
0.266029
0.175217
0.091261
0.0274892
0.0206483
0.0649068
0.116288
0.166788
0.199395
0.199395
0.166788
0.116289
0.0649071
0.0206484
0.0123351
0.0368756
0.0618939
0.0836888
0.0967244
0.0967243
0.0836886
0.0618939
0.0368754
0.012335
0.00449736
0.0118623
0.0196139
0.0258268
0.029249
0.029249
0.0258264
0.019613
0.011862
0.00449736
0.00454381
0.0119755
0.019789
0.0260461
0.0294903
0.029491
0.026047
0.0197895
0.0119754
0.00454408
0.0124552
0.0371493
0.0622382
0.0840307
0.0970386
0.0970389
0.0840313
0.0622399
0.0371504
0.0124553
0.0208388
0.0652633
0.116552
0.166758
0.199131
0.199131
0.166758
0.116552
0.0652645
0.0208387
0.0277294
0.0916052
0.175129
0.265227
0.325478
0.325478
0.265227
0.175129
0.091605
0.0277291
0.0316429
0.108186
0.215821
0.336553
0.418534
0.418534
0.336553
0.215821
0.108186
0.0316424
0.0316427
0.108186
0.215821
0.336553
0.418534
0.418534
0.336554
0.215821
0.108186
0.0316427
0.0277294
0.0916052
0.175129
0.265228
0.325478
0.325478
0.265228
0.175129
0.0916051
0.0277295
0.0208388
0.0652637
0.116553
0.166758
0.199131
0.199131
0.166757
0.116552
0.0652637
0.0208388
0.0124555
0.0371494
0.0622388
0.0840312
0.0970389
0.0970386
0.0840303
0.0622382
0.0371494
0.0124552
0.00454391
0.0119754
0.0197898
0.0260472
0.0294911
0.0294907
0.0260465
0.019789
0.0119754
0.00454399
0.00459035
0.0120886
0.0199656
0.0262679
0.029734
0.0297327
0.0262666
0.0199648
0.0120876
0.00459014
0.0125754
0.0374242
0.0625851
0.0843758
0.097356
0.0973555
0.0843748
0.062584
0.0374237
0.0125761
0.0210302
0.0656224
0.116822
0.166737
0.198875
0.198875
0.166736
0.116821
0.0656222
0.0210306
0.0279702
0.0919525
0.175052
0.264434
0.324246
0.324246
0.264434
0.175052
0.0919527
0.0279707
0.0319082
0.108489
0.215444
0.335246
0.416588
0.416587
0.335246
0.215445
0.108489
0.0319084
0.0319081
0.108489
0.215444
0.335246
0.416587
0.416588
0.335246
0.215445
0.108489
0.0319082
0.0279705
0.0919526
0.175052
0.264433
0.324247
0.324246
0.264434
0.175052
0.0919529
0.0279705
0.0210308
0.0656225
0.116822
0.166736
0.198875
0.198876
0.166737
0.116822
0.0656225
0.02103
0.0125758
0.0374233
0.0625842
0.0843752
0.0973556
0.0973561
0.0843755
0.0625852
0.0374242
0.0125758
0.00459024
0.0120881
0.0199649
0.0262672
0.0297332
0.0297336
0.0262679
0.0199657
0.0120885
0.00459035
0.00463694
0.012202
0.0201428
0.026489
0.0299764
0.0299768
0.0264892
0.0201428
0.0122025
0.00463686
0.0126966
0.0376985
0.0629326
0.0847228
0.0976767
0.0976771
0.084723
0.0629324
0.0376989
0.0126962
0.021222
0.0659821
0.117097
0.166725
0.19863
0.19863
0.166726
0.117096
0.0659819
0.0212217
0.0282117
0.0923024
0.174985
0.263648
0.323016
0.323016
0.263649
0.174985
0.0923022
0.0282119
0.0321742
0.108796
0.215076
0.333939
0.414649
0.414648
0.33394
0.215076
0.108795
0.0321741
0.0321741
0.108796
0.215076
0.333939
0.414648
0.414648
0.333939
0.215077
0.108796
0.0321743
0.0282116
0.0923023
0.174985
0.263649
0.323016
0.323016
0.263649
0.174985
0.0923026
0.0282119
0.0212215
0.0659821
0.117096
0.166726
0.19863
0.19863
0.166726
0.117097
0.0659822
0.021222
0.012696
0.0376992
0.0629329
0.0847231
0.0976767
0.0976767
0.0847236
0.0629331
0.0376984
0.0126963
0.00463691
0.0122024
0.0201424
0.0264886
0.0299762
0.0299764
0.026489
0.0201428
0.012202
0.00463697
0.00468347
0.012316
0.0203194
0.0267098
0.0302195
0.0302201
0.0267105
0.0203202
0.0123161
0.00468357
0.0128175
0.0379741
0.0632811
0.0850728
0.0980006
0.0980008
0.0850732
0.0632822
0.0379751
0.0128175
0.0214141
0.0663429
0.117376
0.166723
0.198394
0.198394
0.166723
0.117376
0.0663433
0.0214136
0.0284543
0.0926547
0.174928
0.262873
0.321788
0.321788
0.262873
0.174928
0.0926545
0.0284535
0.0324413
0.109106
0.214718
0.332633
0.412713
0.412714
0.332633
0.214718
0.109106
0.0324407
0.0324409
0.109106
0.214719
0.332633
0.412713
0.412713
0.332633
0.214718
0.109106
0.0324409
0.028454
0.0926548
0.174928
0.262873
0.321788
0.321787
0.262872
0.174928
0.092655
0.0284539
0.0214138
0.0663431
0.117376
0.166724
0.198394
0.198393
0.166723
0.117376
0.066343
0.0214139
0.0128174
0.0379745
0.0632817
0.085073
0.0980007
0.0980004
0.0850723
0.063281
0.0379737
0.012817
0.00468333
0.0123162
0.02032
0.0267108
0.0302202
0.0302195
0.02671
0.0203197
0.0123156
0.0046835
0.00473035
0.01243
0.0204976
0.0269329
0.0304648
0.0304638
0.0269317
0.0204964
0.0124292
0.0047301
0.0129385
0.0382501
0.0636312
0.0854245
0.0983274
0.0983269
0.0854237
0.0636299
0.0382487
0.012939
0.0216066
0.0667056
0.117661
0.16673
0.198166
0.198166
0.166729
0.11766
0.0667053
0.021607
0.0286967
0.0930105
0.17488
0.262105
0.32056
0.32056
0.262105
0.174881
0.0930107
0.0286972
0.0327086
0.10942
0.214368
0.331327
0.410782
0.410781
0.331326
0.214369
0.10942
0.0327091
0.0327088
0.10942
0.214369
0.331327
0.410782
0.410782
0.331327
0.214369
0.10942
0.0327087
0.0286969
0.0930105
0.17488
0.262105
0.32056
0.32056
0.262106
0.174881
0.0930105
0.0286966
0.0216068
0.0667055
0.11766
0.166729
0.198166
0.198166
0.16673
0.117661
0.0667057
0.0216063
0.0129388
0.0382492
0.0636306
0.0854239
0.0983271
0.0983276
0.0854251
0.0636316
0.0382503
0.0129385
0.00473038
0.0124292
0.0204968
0.0269323
0.030464
0.0304646
0.0269331
0.0204973
0.0124301
0.0047303
0.00477718
0.0125445
0.0206758
0.0271561
0.0307094
0.0307099
0.0271567
0.0206755
0.0125449
0.00477714
0.0130602
0.0385271
0.0639834
0.08578
0.098658
0.0986582
0.0857804
0.0639843
0.0385284
0.0130598
0.0217994
0.0670699
0.117951
0.166747
0.197949
0.197949
0.166747
0.117952
0.0670702
0.0217992
0.0289403
0.0933692
0.174844
0.261347
0.319334
0.319335
0.261349
0.174845
0.0933692
0.0289406
0.0329771
0.109738
0.214029
0.33002
0.408851
0.408851
0.33002
0.21403
0.109738
0.0329772
0.032977
0.109737
0.21403
0.33002
0.408851
0.408851
0.33002
0.214029
0.109738
0.0329774
0.0289403
0.0933692
0.174844
0.261348
0.319335
0.319335
0.261348
0.174844
0.0933693
0.0289405
0.0217992
0.0670707
0.117952
0.166746
0.197949
0.19795
0.166747
0.117952
0.0670703
0.0217996
0.0130599
0.0385277
0.0639841
0.0857799
0.0986575
0.098658
0.0857799
0.063984
0.038528
0.0130603
0.00477713
0.0125447
0.0206752
0.0271556
0.0307091
0.0307094
0.0271558
0.0206758
0.012544
0.00477702
0.00482425
0.0126588
0.0208537
0.0273789
0.0309547
0.0309551
0.0273794
0.0208545
0.0126593
0.00482429
0.0131821
0.0388045
0.0643365
0.0861366
0.0989908
0.0989911
0.0861372
0.0643372
0.0388051
0.0131817
0.0219932
0.0674352
0.118245
0.166771
0.197742
0.197741
0.166771
0.118245
0.0674354
0.0219927
0.0291845
0.0937299
0.174816
0.2606
0.318111
0.318111
0.2606
0.174815
0.0937298
0.0291845
0.0332463
0.110059
0.213699
0.328713
0.406918
0.406918
0.328713
0.2137
0.110058
0.0332461
0.0332462
0.110059
0.2137
0.328713
0.406918
0.406918
0.328713
0.2137
0.110058
0.0332462
0.0291847
0.0937298
0.174816
0.2606
0.318111
0.318111
0.260599
0.174816
0.0937298
0.0291848
0.0219931
0.0674359
0.118246
0.166772
0.197741
0.197742
0.166771
0.118245
0.0674353
0.0219936
0.0131819
0.0388051
0.064337
0.086137
0.098991
0.0989908
0.0861368
0.0643365
0.0388036
0.013182
0.00482438
0.0126592
0.0208543
0.0273791
0.0309547
0.0309545
0.0273791
0.0208541
0.0126587
0.00482424
0.00487142
0.0127737
0.0210328
0.0276033
0.0312017
0.0312014
0.0276035
0.0210329
0.0127732
0.00487149
0.0133038
0.0390813
0.0646903
0.0864961
0.0993275
0.099327
0.0864954
0.0646896
0.0390809
0.0133043
0.0221873
0.0678015
0.118544
0.166804
0.197543
0.197542
0.166803
0.118543
0.0678012
0.0221874
0.0294296
0.0940935
0.174797
0.259861
0.316888
0.316888
0.25986
0.174797
0.0940935
0.0294299
0.0335165
0.110383
0.213379
0.327407
0.404982
0.404982
0.327407
0.213379
0.110384
0.0335168
0.0335163
0.110383
0.213378
0.327406
0.404983
0.404982
0.327407
0.213379
0.110383
0.0335165
0.0294297
0.0940934
0.174797
0.25986
0.316888
0.316888
0.25986
0.174797
0.0940935
0.0294299
0.0221876
0.0678013
0.118544
0.166804
0.197543
0.197543
0.166804
0.118544
0.0678017
0.0221872
0.0133044
0.0390812
0.0646902
0.0864963
0.0993277
0.0993278
0.0864962
0.0646901
0.039082
0.0133039
0.00487135
0.0127732
0.0210333
0.0276036
0.0312015
0.0312015
0.0276033
0.0210332
0.012774
0.0048713
0.00491863
0.0128887
0.0212124
0.0278282
0.0314487
0.0314491
0.027829
0.0212126
0.0128899
0.0049186
0.0134264
0.0393613
0.0650472
0.086858
0.0996671
0.0996673
0.0868586
0.0650475
0.0393625
0.013426
0.0223818
0.0681704
0.118848
0.166846
0.197354
0.197354
0.166847
0.118849
0.0681703
0.0223813
0.0296759
0.0944602
0.174788
0.259133
0.315669
0.315669
0.259133
0.174789
0.0944603
0.0296759
0.0337881
0.110712
0.213068
0.326101
0.403042
0.403042
0.326101
0.213068
0.110712
0.0337879
0.0337877
0.110711
0.213068
0.326101
0.403042
0.403043
0.326101
0.213068
0.110712
0.0337878
0.0296755
0.0944599
0.174788
0.259133
0.315669
0.315669
0.259132
0.174788
0.0944603
0.0296758
0.0223811
0.06817
0.118848
0.166847
0.197354
0.197354
0.166847
0.118848
0.0681701
0.0223816
0.0134262
0.0393621
0.0650471
0.0868587
0.0996676
0.0996674
0.0868586
0.0650468
0.0393612
0.0134268
0.00491855
0.0128897
0.0212129
0.0278286
0.031449
0.0314489
0.0278284
0.0212126
0.012889
0.00491857
0.00496608
0.0130045
0.0213926
0.0280537
0.0316966
0.031697
0.0280539
0.021393
0.0130047
0.00496591
0.0135495
0.0396406
0.0654039
0.0872226
0.100009
0.10001
0.0872227
0.0654039
0.0396407
0.0135491
0.0225771
0.0685398
0.119155
0.166896
0.197174
0.197174
0.166896
0.119155
0.0685393
0.0225764
0.0299222
0.0948294
0.174788
0.258414
0.314451
0.314451
0.258414
0.174788
0.0948285
0.0299215
0.0340596
0.111043
0.212766
0.324796
0.401096
0.401096
0.324796
0.212766
0.111043
0.0340591
0.0340598
0.111043
0.212766
0.324796
0.401096
0.401096
0.324796
0.212766
0.111043
0.0340594
0.0299224
0.0948291
0.174788
0.258414
0.314451
0.314451
0.258414
0.174788
0.0948287
0.0299221
0.022577
0.0685397
0.119155
0.166896
0.197173
0.197173
0.166896
0.119155
0.0685394
0.0225773
0.0135493
0.0396409
0.0654034
0.087222
0.100009
0.100009
0.087222
0.0654036
0.0396404
0.0135494
0.0049659
0.0130047
0.0213925
0.0280537
0.0316966
0.0316967
0.0280539
0.0213929
0.0130045
0.00496613
0.00501359
0.0131204
0.0215729
0.0282798
0.0319453
0.0319454
0.0282798
0.0215733
0.0131203
0.00501334
0.0136722
0.0399194
0.0657612
0.0875884
0.100355
0.100355
0.0875879
0.0657613
0.0399199
0.0136724
0.0227725
0.0689099
0.119467
0.166953
0.197002
0.197002
0.166953
0.119466
0.0689101
0.0227725
0.0301691
0.0952002
0.174796
0.257705
0.313236
0.313236
0.257705
0.174795
0.0951997
0.030169
0.034332
0.111378
0.212474
0.323492
0.399143
0.399143
0.323491
0.212474
0.111378
0.0343319
0.0343322
0.111378
0.212474
0.323492
0.399143
0.399143
0.323492
0.212474
0.111378
0.0343322
0.0301692
0.0951999
0.174795
0.257706
0.313236
0.313236
0.257706
0.174795
0.0952
0.0301693
0.022773
0.0689103
0.119466
0.166953
0.197002
0.197003
0.166954
0.119466
0.0689103
0.022773
0.0136721
0.0399195
0.0657611
0.0875878
0.100354
0.100355
0.0875883
0.0657617
0.0399199
0.0136724
0.00501356
0.0131203
0.0215731
0.0282797
0.0319453
0.0319455
0.0282801
0.0215735
0.0131204
0.00501354
0.00506127
0.0132367
0.0217541
0.0285066
0.0321947
0.0321949
0.0285066
0.0217536
0.0132366
0.00506109
0.0137958
0.0402003
0.0661205
0.0879561
0.100702
0.100703
0.0879564
0.0661208
0.0402008
0.0137955
0.0229686
0.0692818
0.119782
0.167018
0.19684
0.19684
0.167019
0.119782
0.0692818
0.0229685
0.0304172
0.0955737
0.174811
0.257007
0.312025
0.312025
0.257008
0.174812
0.0955736
0.0304169
0.0346055
0.111715
0.212191
0.322189
0.397182
0.397182
0.322189
0.212191
0.111715
0.0346056
0.0346053
0.111715
0.212191
0.322189
0.397182
0.397182
0.322189
0.212191
0.111715
0.0346054
0.0304168
0.0955736
0.174811
0.257007
0.312025
0.312025
0.257007
0.174811
0.0955733
0.030417
0.0229684
0.069282
0.119782
0.167018
0.19684
0.19684
0.167018
0.119782
0.069282
0.0229689
0.0137956
0.0402004
0.0661212
0.0879566
0.100702
0.100702
0.0879565
0.0661207
0.0402003
0.0137956
0.00506122
0.0132363
0.0217542
0.0285071
0.0321951
0.0321949
0.0285067
0.0217538
0.0132363
0.00506119
0.00510894
0.0133528
0.0219355
0.0287344
0.0324448
0.0324446
0.0287339
0.0219355
0.0133528
0.00510915
0.013919
0.0404807
0.0664807
0.0883264
0.101053
0.101053
0.0883259
0.0664804
0.0404807
0.0139191
0.0231652
0.0696546
0.1201
0.16709
0.196686
0.196686
0.167091
0.1201
0.0696545
0.0231653
0.0306656
0.0959487
0.174835
0.256319
0.310817
0.310817
0.256319
0.174835
0.0959487
0.0306653
0.0348798
0.112056
0.211917
0.320888
0.395213
0.395212
0.320888
0.211917
0.112056
0.0348795
0.0348796
0.112056
0.211917
0.320888
0.395212
0.395212
0.320888
0.211917
0.112056
0.0348795
0.0306653
0.0959488
0.174835
0.256319
0.310817
0.310817
0.256319
0.174835
0.0959489
0.0306656
0.0231652
0.0696546
0.120101
0.167091
0.196686
0.196686
0.167091
0.1201
0.0696546
0.0231653
0.0139192
0.0404813
0.0664808
0.0883265
0.101053
0.101053
0.0883261
0.0664806
0.0404811
0.0139191
0.00510904
0.013353
0.0219354
0.0287341
0.0324447
0.0324447
0.0287339
0.0219355
0.0133529
0.00510889
0.00515693
0.0134697
0.0221174
0.0289623
0.0326955
0.0326953
0.028962
0.0221172
0.0134697
0.00515692
0.014043
0.0407628
0.0668424
0.0886985
0.101406
0.101405
0.0886982
0.0668424
0.0407631
0.0140431
0.0233621
0.0700287
0.120423
0.16717
0.196541
0.196541
0.16717
0.120422
0.0700283
0.023362
0.0309145
0.0963261
0.174866
0.255642
0.309613
0.309613
0.255641
0.174867
0.0963263
0.0309143
0.0351545
0.112399
0.211652
0.319589
0.393233
0.393234
0.319589
0.211651
0.112399
0.0351543
0.0351545
0.112399
0.211652
0.319589
0.393234
0.393234
0.319589
0.211651
0.112399
0.0351544
0.0309146
0.0963263
0.174867
0.255641
0.309613
0.309613
0.255641
0.174867
0.0963263
0.0309145
0.0233623
0.0700285
0.120422
0.167169
0.196541
0.196541
0.16717
0.120422
0.0700282
0.0233621
0.0140429
0.0407622
0.0668418
0.088698
0.101405
0.101405
0.088698
0.0668416
0.040762
0.0140429
0.00515669
0.0134694
0.0221173
0.0289618
0.0326952
0.0326953
0.028962
0.0221176
0.0134696
0.00515671
0.00520465
0.0135865
0.0222995
0.0291903
0.0329463
0.0329467
0.0291902
0.0222992
0.0135863
0.00520475
0.0141671
0.0410437
0.0672037
0.0890714
0.10176
0.10176
0.0890712
0.0672033
0.0410439
0.0141671
0.02356
0.070403
0.120747
0.167254
0.196403
0.196403
0.167255
0.120747
0.0704025
0.0235597
0.0311641
0.0967051
0.174904
0.254973
0.308414
0.308413
0.254973
0.174905
0.0967053
0.0311642
0.0354298
0.112745
0.211395
0.318293
0.391246
0.391246
0.318293
0.211395
0.112745
0.03543
0.03543
0.112745
0.211395
0.318293
0.391246
0.391246
0.318293
0.211395
0.112745
0.0354299
0.0311642
0.0967051
0.174904
0.254973
0.308414
0.308413
0.254973
0.174904
0.0967048
0.0311639
0.0235597
0.0704025
0.120746
0.167254
0.196403
0.196403
0.167254
0.120746
0.0704024
0.0235597
0.0141671
0.0410435
0.0672032
0.089071
0.10176
0.10176
0.089071
0.0672037
0.0410439
0.0141671
0.00520488
0.0135863
0.0222994
0.0291901
0.0329465
0.0329464
0.0291901
0.0222996
0.0135864
0.00520486
0.00525288
0.0137033
0.0224814
0.0294186
0.0331982
0.0331984
0.0294192
0.0224819
0.0137035
0.00525265
0.0142913
0.041325
0.0675651
0.0894453
0.102117
0.102117
0.0894456
0.0675655
0.041325
0.0142912
0.0237572
0.0707769
0.121073
0.167345
0.196273
0.196273
0.167345
0.121074
0.0707769
0.0237571
0.031414
0.0970854
0.174949
0.254314
0.307219
0.307219
0.254315
0.174949
0.0970856
0.0314142
0.035706
0.113093
0.211146
0.317
0.389248
0.389248
0.317
0.211146
0.113093
0.0357061
0.0357062
0.113093
0.211146
0.317
0.389248
0.389248
0.317
0.211146
0.113093
0.0357062
0.0314143
0.0970855
0.174949
0.254315
0.307219
0.307218
0.254315
0.174949
0.0970857
0.0314146
0.0237572
0.0707771
0.121074
0.167345
0.196273
0.196273
0.167346
0.121074
0.0707777
0.0237574
0.0142914
0.0413255
0.0675661
0.0894456
0.102117
0.102117
0.0894456
0.0675661
0.0413258
0.0142913
0.0052528
0.0137033
0.022482
0.0294191
0.0331983
0.0331981
0.0294188
0.0224817
0.0137035
0.0052529
0.00530112
0.0138206
0.0226645
0.0296483
0.0334503
0.0334503
0.0296484
0.0226644
0.0138212
0.00530079
0.014416
0.0416086
0.0679295
0.0898218
0.102475
0.102475
0.0898221
0.06793
0.0416093
0.0144155
0.0239548
0.0711532
0.121404
0.167443
0.196151
0.196151
0.167443
0.121404
0.0711531
0.0239547
0.0316652
0.0974677
0.175001
0.253667
0.30603
0.30603
0.253667
0.175001
0.0974674
0.0316649
0.0359832
0.113443
0.210906
0.315712
0.387242
0.387242
0.315711
0.210906
0.113443
0.0359828
0.0359829
0.113443
0.210906
0.315712
0.387243
0.387243
0.315712
0.210906
0.113443
0.0359829
0.0316648
0.0974672
0.175001
0.253667
0.30603
0.30603
0.253667
0.175
0.0974676
0.031665
0.0239546
0.071153
0.121404
0.167443
0.196152
0.196151
0.167443
0.121403
0.0711528
0.0239553
0.0144157
0.0416086
0.0679296
0.0898218
0.102475
0.102475
0.0898211
0.0679289
0.0416081
0.0144159
0.00530093
0.0138206
0.0226643
0.0296485
0.0334506
0.0334501
0.0296478
0.0226644
0.0138206
0.00530101
0.00534917
0.0139379
0.0228476
0.0298774
0.0337027
0.0337029
0.0298776
0.0228472
0.0139381
0.00534918
0.0145402
0.0418902
0.0682923
0.090198
0.102835
0.102835
0.090198
0.0682923
0.0418903
0.0145403
0.0241534
0.0715291
0.121735
0.167544
0.196035
0.196035
0.167544
0.121735
0.071529
0.0241536
0.0319156
0.0978501
0.175057
0.253028
0.304846
0.304846
0.253028
0.175057
0.0978504
0.0319158
0.0362597
0.113794
0.210674
0.314427
0.385227
0.385227
0.314426
0.210674
0.113795
0.0362599
0.0362601
0.113794
0.210674
0.314426
0.385227
0.385227
0.314426
0.210674
0.113795
0.0362598
0.0319159
0.0978503
0.175057
0.253028
0.304846
0.304846
0.253028
0.175057
0.0978504
0.0319157
0.0241538
0.0715291
0.121735
0.167544
0.196035
0.196036
0.167544
0.121735
0.0715289
0.0241537
0.0145403
0.04189
0.0682921
0.090198
0.102835
0.102835
0.0901975
0.068292
0.0418899
0.0145403
0.00534919
0.0139381
0.0228476
0.0298779
0.0337028
0.0337028
0.0298775
0.0228475
0.013938
0.00534924
0.00539756
0.0140555
0.0230305
0.0301071
0.0339557
0.0339556
0.0301076
0.0230307
0.0140555
0.00539725
0.0146649
0.0421716
0.0686548
0.0905748
0.103196
0.103196
0.0905751
0.0686554
0.0421716
0.0146648
0.0243518
0.0719043
0.122068
0.167651
0.195927
0.195927
0.167651
0.122068
0.0719045
0.0243522
0.0321667
0.0982337
0.175119
0.252399
0.303668
0.303668
0.252399
0.175119
0.098234
0.0321671
0.0365373
0.114148
0.210449
0.313146
0.383204
0.383204
0.313146
0.210449
0.114148
0.0365376
0.0365376
0.114148
0.210449
0.313146
0.383204
0.383204
0.313146
0.210449
0.114148
0.0365372
0.032167
0.0982342
0.175119
0.252399
0.303668
0.303668
0.252399
0.175119
0.0982341
0.0321668
0.0243523
0.0719045
0.122068
0.167651
0.195927
0.195927
0.167651
0.122068
0.0719046
0.024352
0.0146648
0.0421712
0.0686548
0.0905751
0.103196
0.103196
0.0905753
0.0686554
0.0421719
0.0146649
0.00539744
0.0140557
0.0230306
0.0301072
0.0339556
0.033956
0.0301075
0.0230306
0.0140557
0.00539746
0.00544571
0.0141735
0.0232139
0.0303376
0.034209
0.0342088
0.0303372
0.0232137
0.0141734
0.00544585
0.0147898
0.0424551
0.0690194
0.0909536
0.103559
0.103559
0.0909536
0.0690192
0.0424547
0.0147897
0.0245505
0.072281
0.122404
0.167763
0.195825
0.195825
0.167762
0.122403
0.0722806
0.0245502
0.0324184
0.0986183
0.175187
0.25178
0.302497
0.302497
0.251779
0.175187
0.0986183
0.0324184
0.0368154
0.114503
0.210231
0.311871
0.381174
0.381174
0.311871
0.210231
0.114502
0.0368153
0.0368151
0.114502
0.21023
0.311871
0.381174
0.381174
0.311871
0.210231
0.114502
0.0368151
0.0324182
0.0986184
0.175187
0.251779
0.302497
0.302497
0.251779
0.175187
0.0986185
0.0324184
0.0245505
0.0722809
0.122403
0.167763
0.195825
0.195825
0.167763
0.122403
0.0722806
0.0245505
0.0147897
0.0424544
0.0690193
0.0909532
0.103559
0.103559
0.0909536
0.0690192
0.0424542
0.0147896
0.00544556
0.0141731
0.0232137
0.0303372
0.0342087
0.0342086
0.0303372
0.0232138
0.0141731
0.00544579
0.0054942
0.0142911
0.0233974
0.0305669
0.0344616
0.034462
0.0305672
0.0233971
0.0142909
0.00549401
0.0149145
0.0427358
0.0693818
0.0913312
0.103922
0.103921
0.0913312
0.0693817
0.0427357
0.0149146
0.0247494
0.0726562
0.122738
0.167877
0.195728
0.195728
0.167877
0.122738
0.0726559
0.0247493
0.0326696
0.0990026
0.175258
0.251168
0.301333
0.301333
0.251169
0.175258
0.099003
0.0326699
0.0370929
0.114858
0.210019
0.310602
0.379138
0.379138
0.310602
0.210019
0.114858
0.0370931
0.0370932
0.114858
0.21002
0.310602
0.379137
0.379138
0.310602
0.210019
0.114858
0.037093
0.03267
0.0990029
0.175258
0.251169
0.301333
0.301333
0.251169
0.175258
0.0990027
0.03267
0.024749
0.0726561
0.122739
0.167878
0.195729
0.195729
0.167878
0.122738
0.0726562
0.0247494
0.0149146
0.0427359
0.0693823
0.0913313
0.103921
0.103921
0.0913311
0.0693821
0.0427361
0.0149147
0.00549429
0.0142909
0.0233974
0.0305673
0.0344618
0.0344617
0.030567
0.023397
0.0142907
0.0054942
0.00554246
0.0144085
0.0235804
0.0307968
0.0347148
0.0347152
0.0307973
0.0235805
0.0144083
0.00554244
0.0150394
0.0430173
0.0697445
0.0917091
0.104285
0.104285
0.0917095
0.0697451
0.0430178
0.0150394
0.0249478
0.0730313
0.123075
0.167997
0.195638
0.195638
0.167997
0.123075
0.0730312
0.0249479
0.0329215
0.0993875
0.175334
0.250568
0.300176
0.300176
0.250568
0.175334
0.0993875
0.0329215
0.0373711
0.115214
0.209815
0.309339
0.377096
0.377096
0.30934
0.209815
0.115214
0.037371
0.0373712
0.115214
0.209815
0.30934
0.377096
0.377096
0.309339
0.209815
0.115214
0.037371
0.0329216
0.0993878
0.175334
0.250567
0.300176
0.300176
0.250567
0.175334
0.0993875
0.0329215
0.024948
0.0730316
0.123075
0.167996
0.195638
0.195638
0.167996
0.123075
0.0730316
0.0249479
0.0150395
0.0430173
0.0697447
0.0917092
0.104285
0.104285
0.0917095
0.0697451
0.0430175
0.0150393
0.00554245
0.0144085
0.0235806
0.030797
0.0347148
0.0347147
0.030797
0.0235804
0.0144083
0.00554261
0.00559071
0.0145263
0.0237636
0.0310268
0.0349681
0.0349677
0.0310265
0.0237633
0.014526
0.00559062
0.0151643
0.0432996
0.0701079
0.0920877
0.104649
0.104649
0.0920873
0.0701073
0.043299
0.0151643
0.0251464
0.0734064
0.123413
0.168119
0.195552
0.195552
0.168118
0.123412
0.073406
0.0251464
0.0331731
0.0997724
0.175414
0.249975
0.299027
0.299027
0.249975
0.175413
0.0997721
0.0331729
0.0376491
0.115571
0.209617
0.308085
0.375051
0.375051
0.308084
0.209617
0.115571
0.0376489
0.0376489
0.115571
0.209617
0.308085
0.375051
0.375051
0.308084
0.209616
0.115571
0.0376489
0.033173
0.0997721
0.175413
0.249975
0.299027
0.299027
0.249974
0.175413
0.0997722
0.033173
0.0251464
0.0734064
0.123412
0.168118
0.195552
0.195552
0.168118
0.123412
0.0734064
0.0251465
0.0151639
0.0432986
0.0701074
0.0920872
0.104648
0.104648
0.0920873
0.0701073
0.0432986
0.0151641
0.0055906
0.014526
0.0237636
0.0310269
0.0349679
0.0349679
0.031027
0.0237636
0.0145259
0.0055908
0.00563915
0.0146434
0.0239466
0.0312562
0.0352205
0.0352209
0.0312566
0.0239462
0.0146434
0.0056393
0.0152887
0.0435786
0.0704683
0.0924643
0.105012
0.105012
0.0924641
0.0704684
0.0435789
0.0152888
0.025345
0.0737795
0.123748
0.168242
0.195472
0.195472
0.168242
0.123748
0.0737798
0.0253449
0.0334243
0.100156
0.175496
0.24939
0.297886
0.297886
0.24939
0.175496
0.100156
0.0334243
0.0379266
0.115927
0.209424
0.306836
0.373003
0.373003
0.306836
0.209424
0.115928
0.0379268
0.037927
0.115927
0.209424
0.306836
0.373004
0.373003
0.306837
0.209424
0.115928
0.0379269
0.0334244
0.100156
0.175496
0.249391
0.297887
0.297887
0.249391
0.175496
0.100156
0.0334245
0.0253447
0.0737801
0.123749
0.168243
0.195472
0.195472
0.168243
0.123749
0.0737796
0.0253447
0.0152887
0.0435792
0.0704689
0.0924647
0.105012
0.105012
0.0924646
0.0704685
0.0435793
0.0152886
0.00563905
0.0146434
0.0239463
0.0312565
0.0352209
0.0352208
0.0312566
0.0239463
0.0146434
0.00563913
0.00568744
0.0147611
0.0241294
0.0314857
0.0354731
0.0354733
0.0314858
0.0241287
0.0147607
0.00568736
0.0154133
0.0438595
0.0708296
0.0928415
0.105375
0.105375
0.0928414
0.0708296
0.0438601
0.0154135
0.0255428
0.0741528
0.124085
0.16837
0.195396
0.195396
0.16837
0.124085
0.0741527
0.0255426
0.0336752
0.100539
0.175581
0.248815
0.296754
0.296754
0.248815
0.175581
0.100539
0.0336756
0.0382043
0.116284
0.209237
0.305597
0.370955
0.370955
0.305597
0.209237
0.116284
0.0382043
0.0382044
0.116284
0.209237
0.305597
0.370955
0.370956
0.305597
0.209236
0.116284
0.0382042
0.0336755
0.100539
0.175581
0.248815
0.296754
0.296755
0.248814
0.175581
0.100539
0.0336753
0.0255429
0.0741527
0.124085
0.16837
0.195396
0.195395
0.168369
0.124085
0.0741527
0.0255429
0.0154134
0.0438596
0.0708296
0.0928412
0.105375
0.105375
0.0928414
0.0708296
0.0438593
0.0154132
0.00568748
0.0147606
0.0241287
0.0314856
0.0354734
0.0354734
0.0314862
0.0241294
0.0147608
0.00568747
0.00573571
0.0148778
0.0243114
0.0317149
0.0357255
0.0357252
0.0317146
0.0243115
0.0148776
0.00573572
0.0155375
0.0441393
0.0711897
0.0932174
0.105738
0.105738
0.0932171
0.0711893
0.044139
0.0155375
0.0257408
0.074525
0.124421
0.168499
0.195324
0.195324
0.168498
0.124421
0.0745243
0.0257406
0.0339265
0.100922
0.175669
0.248248
0.295631
0.295631
0.248247
0.175669
0.100922
0.033926
0.0384817
0.11664
0.209054
0.304365
0.368907
0.368907
0.304365
0.209054
0.11664
0.0384813
0.0384814
0.11664
0.209054
0.304365
0.368907
0.368907
0.304365
0.209054
0.11664
0.0384815
0.0339261
0.100921
0.175669
0.248247
0.295631
0.295631
0.248247
0.175669
0.100922
0.033926
0.0257407
0.0745242
0.124421
0.168498
0.195324
0.195324
0.168499
0.124421
0.0745241
0.0257406
0.0155377
0.0441387
0.071189
0.0932172
0.105738
0.105738
0.0932171
0.0711892
0.0441385
0.0155375
0.00573561
0.0148778
0.0243114
0.0317146
0.0357253
0.0357255
0.0317148
0.0243117
0.0148779
0.00573569
0.00578377
0.0149949
0.024494
0.0319435
0.035977
0.0359771
0.0319434
0.0244937
0.0149946
0.00578378
0.0156614
0.044416
0.0715465
0.0935912
0.106099
0.106099
0.0935913
0.0715469
0.044416
0.0156615
0.0259379
0.0748939
0.124755
0.168629
0.195256
0.195256
0.168628
0.124755
0.0748941
0.0259382
0.0341761
0.101302
0.175758
0.247687
0.294517
0.294517
0.247687
0.175758
0.101303
0.0341763
0.0387579
0.116995
0.208876
0.303143
0.366862
0.366862
0.303143
0.208876
0.116995
0.038758
0.0387581
0.116995
0.208876
0.303143
0.366862
0.366862
0.303143
0.208876
0.116995
0.038758
0.0341764
0.101303
0.175758
0.247687
0.294517
0.294517
0.247687
0.175759
0.101303
0.0341762
0.0259382
0.0748943
0.124755
0.168629
0.195256
0.195256
0.168629
0.124756
0.0748946
0.0259383
0.0156616
0.0444167
0.071547
0.0935914
0.106099
0.1061
0.0935919
0.0715472
0.0444167
0.0156618
0.00578362
0.0149945
0.0244938
0.0319435
0.0359771
0.0359771
0.0319433
0.0244935
0.0149949
0.00578374
0.0058318
0.0151115
0.0246753
0.0321714
0.0362281
0.0362281
0.0321712
0.024675
0.0151113
0.00583165
0.0157854
0.0446938
0.0719037
0.0939645
0.10646
0.10646
0.0939649
0.0719043
0.0446945
0.0157853
0.0261347
0.0752627
0.125089
0.16876
0.195191
0.195191
0.16876
0.125089
0.0752631
0.026135
0.0344259
0.101682
0.175849
0.247135
0.293413
0.293413
0.247135
0.17585
0.101682
0.0344258
0.0390341
0.117349
0.208703
0.30193
0.364821
0.36482
0.30193
0.208703
0.117349
0.039034
0.0390341
0.117349
0.208703
0.30193
0.36482
0.36482
0.30193
0.208704
0.117349
0.0390338
0.034426
0.101682
0.175849
0.247135
0.293413
0.293413
0.247135
0.17585
0.101682
0.0344256
0.0261349
0.075263
0.125089
0.16876
0.195191
0.195191
0.16876
0.125089
0.075263
0.026135
0.0157854
0.044694
0.0719037
0.0939646
0.10646
0.10646
0.0939648
0.0719039
0.0446935
0.0157853
0.00583172
0.0151115
0.024675
0.0321711
0.036228
0.0362279
0.0321713
0.0246755
0.0151115
0.00583184
0.00587978
0.0152279
0.0248566
0.0323988
0.0364785
0.0364783
0.0323985
0.024856
0.0152277
0.00587966
0.015909
0.0449705
0.0722594
0.0943365
0.106819
0.106819
0.0943363
0.0722588
0.04497
0.0159089
0.0263314
0.07563
0.125422
0.168893
0.195129
0.195129
0.168893
0.125421
0.0756296
0.0263314
0.0346747
0.10206
0.175943
0.246591
0.292319
0.292319
0.24659
0.175942
0.10206
0.0346746
0.0393096
0.117702
0.208534
0.300728
0.362785
0.362785
0.300728
0.208534
0.117701
0.039309
0.0393092
0.117701
0.208534
0.300728
0.362785
0.362785
0.300728
0.208534
0.117702
0.0393091
0.0346745
0.102059
0.175942
0.24659
0.292319
0.292319
0.24659
0.175942
0.10206
0.0346746
0.0263312
0.0756296
0.125421
0.168892
0.195129
0.195129
0.168893
0.125421
0.0756297
0.0263312
0.0159087
0.0449698
0.0722587
0.0943363
0.106819
0.106819
0.094336
0.0722586
0.0449699
0.0159087
0.00587959
0.0152278
0.0248561
0.0323984
0.0364783
0.0364783
0.0323983
0.0248563
0.0152278
0.00587971
0.00592756
0.0153437
0.025037
0.0326251
0.0367276
0.0367279
0.0326251
0.025037
0.0153436
0.00592747
0.0160315
0.0452437
0.0726115
0.094705
0.107176
0.107176
0.0947049
0.0726113
0.0452438
0.0160315
0.0265269
0.0759936
0.12575
0.169024
0.19507
0.19507
0.169024
0.12575
0.0759933
0.026527
0.0349225
0.102435
0.176035
0.246053
0.291235
0.291235
0.246053
0.176035
0.102435
0.0349227
0.0395832
0.118053
0.208368
0.299536
0.360758
0.360758
0.299536
0.208368
0.118052
0.0395836
0.0395835
0.118053
0.208368
0.299536
0.360758
0.360758
0.299536
0.208368
0.118053
0.0395836
0.0349225
0.102435
0.176035
0.246053
0.291236
0.291236
0.246053
0.176035
0.102435
0.0349225
0.0265269
0.0759941
0.125751
0.169025
0.19507
0.19507
0.169025
0.125752
0.0759944
0.0265267
0.0160318
0.0452443
0.0726118
0.0947054
0.107176
0.107176
0.0947054
0.0726122
0.0452448
0.0160317
0.00592759
0.0153436
0.0250371
0.032625
0.0367276
0.0367277
0.032625
0.0250369
0.0153438
0.00592756
0.00597511
0.015459
0.0252163
0.0328505
0.0369762
0.0369764
0.0328506
0.0252163
0.0154592
0.00597526
0.0161542
0.0455172
0.0729625
0.0950728
0.107532
0.107532
0.0950728
0.072963
0.045518
0.0161543
0.0267213
0.0763561
0.126079
0.169158
0.195013
0.195014
0.169158
0.12608
0.0763567
0.0267215
0.0351695
0.102808
0.176129
0.245523
0.290163
0.290163
0.245523
0.176129
0.102808
0.0351697
0.0398568
0.118401
0.208207
0.298356
0.35874
0.35874
0.298356
0.208206
0.118402
0.039857
0.0398569
0.118401
0.208207
0.298356
0.35874
0.35874
0.298356
0.208207
0.118402
0.0398566
0.0351698
0.102808
0.176129
0.245523
0.290162
0.290163
0.245523
0.176129
0.102808
0.0351693
0.0267219
0.0763566
0.126079
0.169158
0.195014
0.195013
0.169158
0.126079
0.0763567
0.0267216
0.0161542
0.0455178
0.0729625
0.0950726
0.107532
0.107532
0.095073
0.0729629
0.0455177
0.0161542
0.00597529
0.0154592
0.0252162
0.0328505
0.0369764
0.0369763
0.0328505
0.0252164
0.015459
0.00597508
0.00602272
0.0155741
0.0253953
0.0330751
0.0372237
0.0372234
0.033075
0.0253955
0.0155739
0.00602238
0.0162767
0.0457899
0.073312
0.095438
0.107885
0.107885
0.0954377
0.0733116
0.0457896
0.0162765
0.0269159
0.0767168
0.126405
0.16929
0.194959
0.194959
0.16929
0.126405
0.0767164
0.0269157
0.035416
0.103179
0.176223
0.245
0.289101
0.289101
0.245
0.176222
0.103179
0.0354157
0.0401293
0.118748
0.208048
0.297187
0.356734
0.356733
0.297187
0.208048
0.118748
0.040129
0.0401289
0.118748
0.208048
0.297187
0.356733
0.356733
0.297186
0.208047
0.118748
0.0401288
0.0354155
0.103179
0.176222
0.245
0.289101
0.289101
0.245
0.176222
0.103179
0.0354155
0.0269156
0.0767163
0.126404
0.16929
0.194959
0.194959
0.16929
0.126404
0.0767163
0.0269157
0.0162763
0.0457892
0.0733112
0.0954373
0.107885
0.107885
0.0954374
0.0733112
0.0457894
0.0162764
0.00602268
0.0155742
0.0253956
0.0330753
0.0372238
0.0372237
0.0330751
0.0253954
0.0155741
0.00602264
0.00606974
0.0156885
0.0255733
0.0332983
0.0374696
0.0374697
0.0332988
0.0255734
0.0156883
0.00606965
0.0163978
0.0460592
0.0736571
0.0957993
0.108236
0.108236
0.0957995
0.073657
0.046059
0.0163979
0.027109
0.0770737
0.126727
0.169422
0.194906
0.194906
0.169421
0.126727
0.0770732
0.0271089
0.0356605
0.103547
0.176316
0.244483
0.288051
0.288051
0.244483
0.176316
0.103546
0.0356602
0.0403998
0.119092
0.207892
0.296029
0.354739
0.354739
0.296029
0.207891
0.119092
0.0403998
0.0403999
0.119093
0.207892
0.296029
0.354739
0.354739
0.296029
0.207891
0.119092
0.0403998
0.0356602
0.103547
0.176316
0.244483
0.28805
0.288051
0.244483
0.176316
0.103547
0.0356603
0.0271087
0.0770736
0.126727
0.169422
0.194906
0.194906
0.169422
0.126728
0.0770737
0.0271087
0.0163978
0.0460592
0.0736573
0.0957999
0.108236
0.108236
0.0957998
0.0736575
0.0460592
0.0163978
0.00606989
0.0156885
0.0255733
0.0332986
0.03747
0.0374698
0.0332985
0.0255734
0.0156885
0.00606986
0.00611675
0.0158024
0.0257504
0.0335208
0.0377147
0.0377147
0.0335207
0.02575
0.0158021
0.00611677
0.0165186
0.0463274
0.0740007
0.0961586
0.108584
0.108584
0.0961592
0.0740008
0.0463276
0.0165187
0.0273009
0.077428
0.127047
0.169553
0.194855
0.194855
0.169553
0.127047
0.0774282
0.027301
0.0359041
0.103911
0.176409
0.243974
0.287012
0.287012
0.243973
0.176409
0.103911
0.0359041
0.0406693
0.119434
0.207738
0.294885
0.35276
0.35276
0.294885
0.207738
0.119434
0.0406693
0.0406692
0.119434
0.207738
0.294885
0.35276
0.35276
0.294885
0.207738
0.119434
0.0406694
0.0359041
0.103911
0.176409
0.243973
0.287012
0.287012
0.243973
0.176409
0.103912
0.0359041
0.027301
0.0774283
0.127048
0.169553
0.194855
0.194855
0.169553
0.127048
0.0774282
0.027301
0.0165189
0.0463278
0.074001
0.0961589
0.108584
0.108584
0.0961591
0.0740011
0.0463273
0.0165187
0.00611684
0.0158024
0.0257503
0.0335208
0.0377148
0.0377144
0.0335208
0.0257508
0.0158023
0.00611682
0.00616366
0.0159158
0.0259264
0.0337419
0.0379584
0.0379583
0.0337421
0.0259264
0.0159156
0.00616372
0.016639
0.0465935
0.0743415
0.0965153
0.108929
0.108929
0.0965156
0.0743419
0.0465937
0.0166392
0.0274921
0.0777798
0.127364
0.169682
0.194805
0.194805
0.169682
0.127364
0.0777796
0.027492
0.0361464
0.104273
0.176501
0.243471
0.285986
0.285986
0.24347
0.176501
0.104273
0.0361462
0.0409373
0.119772
0.207587
0.293753
0.350797
0.350797
0.293753
0.207587
0.119772
0.0409373
0.0409372
0.119772
0.207587
0.293753
0.350797
0.350797
0.293753
0.207587
0.119772
0.0409372
0.0361459
0.104273
0.176501
0.24347
0.285986
0.285986
0.24347
0.176501
0.104273
0.0361463
0.027492
0.0777795
0.127364
0.169682
0.194805
0.194805
0.169682
0.127364
0.0777795
0.0274918
0.0166389
0.0465931
0.0743414
0.0965149
0.108929
0.108929
0.0965152
0.0743414
0.0465931
0.0166386
0.00616379
0.0159156
0.0259269
0.0337419
0.0379581
0.0379581
0.033742
0.0259269
0.0159156
0.00616373
0.00621019
0.0160282
0.0261018
0.0339614
0.0382
0.0382001
0.0339618
0.0261019
0.0160281
0.00621007
0.0167582
0.0468571
0.0746787
0.096868
0.109271
0.109271
0.0968679
0.0746786
0.0468567
0.0167582
0.0276817
0.0781276
0.127677
0.16981
0.194756
0.194756
0.169811
0.127677
0.0781273
0.0276818
0.0363866
0.104631
0.176592
0.242973
0.284972
0.284971
0.242973
0.176592
0.104631
0.0363869
0.0412034
0.120108
0.207439
0.292634
0.348853
0.348853
0.292634
0.207438
0.120108
0.0412036
0.0412036
0.120108
0.207438
0.292634
0.348852
0.348852
0.292634
0.207438
0.120108
0.0412036
0.0363867
0.104631
0.176592
0.242973
0.284972
0.284972
0.242973
0.176592
0.104631
0.0363868
0.0276818
0.0781276
0.127677
0.16981
0.194756
0.194756
0.16981
0.127677
0.0781279
0.0276816
0.0167581
0.0468568
0.0746792
0.0968682
0.109271
0.109271
0.0968679
0.074679
0.0468573
0.0167582
0.00621004
0.0160279
0.0261016
0.0339615
0.0382
0.0382
0.0339616
0.026102
0.0160283
0.00621025
0.00625647
0.0161399
0.0262757
0.0341797
0.0384405
0.0384403
0.0341795
0.0262754
0.01614
0.00625643
0.016877
0.0471189
0.0750133
0.0972174
0.109609
0.109609
0.0972173
0.0750133
0.0471193
0.016877
0.0278704
0.0784729
0.127986
0.169937
0.194708
0.194708
0.169937
0.127986
0.0784724
0.0278702
0.036626
0.104985
0.176682
0.242483
0.28397
0.28397
0.242483
0.176682
0.104985
0.0366259
0.0414681
0.120439
0.207292
0.291529
0.346927
0.346927
0.291529
0.207292
0.120439
0.0414681
0.041468
0.120439
0.207292
0.29153
0.346927
0.346927
0.291529
0.207292
0.120439
0.0414681
0.0366257
0.104985
0.176682
0.242483
0.28397
0.28397
0.242483
0.176682
0.104985
0.0366258
0.0278702
0.0784729
0.127987
0.169937
0.194708
0.194708
0.169937
0.127986
0.0784727
0.0278703
0.016877
0.0471193
0.0750136
0.0972178
0.10961
0.109609
0.0972175
0.0750135
0.0471192
0.0168771
0.00625655
0.0161399
0.0262753
0.0341797
0.0384404
0.0384403
0.0341796
0.0262755
0.0161398
0.00625645
0.00630234
0.016251
0.0264482
0.0343959
0.0386787
0.0386789
0.0343961
0.0264483
0.0162511
0.00630234
0.0169949
0.0473785
0.075344
0.0975629
0.109945
0.109945
0.0975631
0.0753443
0.0473782
0.0169948
0.0280575
0.0788142
0.128292
0.170062
0.19466
0.19466
0.170062
0.128292
0.0788139
0.0280577
0.0368632
0.105335
0.17677
0.241998
0.282981
0.282981
0.241998
0.17677
0.105335
0.0368632
0.0417307
0.120767
0.207146
0.290438
0.345022
0.345022
0.290438
0.207147
0.120767
0.0417306
0.0417306
0.120767
0.207147
0.290438
0.345022
0.345022
0.290438
0.207147
0.120767
0.0417307
0.036863
0.105335
0.17677
0.241998
0.282981
0.282981
0.241999
0.17677
0.105335
0.036863
0.0280575
0.0788139
0.128292
0.170062
0.19466
0.19466
0.170062
0.128291
0.0788137
0.0280577
0.0169948
0.0473781
0.0753443
0.0975635
0.109945
0.109945
0.097563
0.0753442
0.0473784
0.0169949
0.00630243
0.016251
0.0264484
0.0343961
0.0386787
0.0386787
0.0343958
0.026448
0.016251
0.0063024
0.00634814
0.016361
0.0266197
0.0346115
0.0389154
0.0389155
0.0346112
0.0266196
0.0163611
0.00634795
0.017112
0.0476346
0.0756714
0.0979048
0.110276
0.110276
0.097905
0.075672
0.0476344
0.017112
0.0282434
0.0791511
0.128593
0.170184
0.194613
0.194613
0.170184
0.128593
0.0791511
0.0282435
0.0370989
0.105682
0.176857
0.24152
0.282005
0.282005
0.24152
0.176857
0.105682
0.0370988
0.0419913
0.121091
0.207003
0.289361
0.343139
0.34314
0.289361
0.207003
0.121092
0.0419914
0.0419914
0.121091
0.207003
0.289361
0.34314
0.34314
0.289362
0.207004
0.121092
0.0419913
0.0370987
0.105681
0.176857
0.24152
0.282005
0.282005
0.24152
0.176857
0.105681
0.0370984
0.0282434
0.079151
0.128593
0.170185
0.194613
0.194613
0.170184
0.128593
0.0791515
0.0282433
0.0171118
0.0476346
0.0756714
0.0979051
0.110276
0.110276
0.0979051
0.0756721
0.0476351
0.0171119
0.00634797
0.016361
0.0266193
0.0346113
0.0389155
0.0389157
0.0346109
0.0266195
0.0163611
0.00634814
0.00639333
0.0164701
0.026789
0.0348237
0.03915
0.0391502
0.0348237
0.0267887
0.0164702
0.00639335
0.0172279
0.0478897
0.075996
0.098243
0.110604
0.110604
0.0982428
0.0759961
0.0478903
0.0172281
0.0284276
0.079486
0.128891
0.170305
0.194566
0.194567
0.170306
0.128891
0.0794858
0.0284276
0.0373323
0.106024
0.176942
0.241048
0.281043
0.281043
0.241049
0.176942
0.106024
0.0373323
0.04225
0.121412
0.206861
0.2883
0.341281
0.34128
0.288299
0.206861
0.121412
0.0422498
0.0422497
0.121412
0.206861
0.288299
0.34128
0.34128
0.288299
0.206861
0.121412
0.0422499
0.0373322
0.106024
0.176942
0.241048
0.281042
0.281043
0.241048
0.176942
0.106024
0.0373323
0.0284277
0.079486
0.128891
0.170306
0.194567
0.194567
0.170305
0.128891
0.0794857
0.0284277
0.0172282
0.0478902
0.0759957
0.0982427
0.110604
0.110603
0.0982426
0.0759959
0.04789
0.0172281
0.00639325
0.0164701
0.0267887
0.0348235
0.0391501
0.0391499
0.0348236
0.0267888
0.0164703
0.00639331
0.00643829
0.0165785
0.026957
0.0350349
0.0393827
0.0393826
0.0350348
0.0269571
0.0165783
0.00643807
0.0173431
0.0481418
0.0763163
0.0985763
0.110928
0.110928
0.0985761
0.076316
0.0481418
0.0173433
0.0286103
0.0798161
0.129184
0.170423
0.19452
0.19452
0.170423
0.129184
0.0798157
0.0286104
0.0375638
0.106362
0.177025
0.240582
0.280094
0.280094
0.240582
0.177025
0.106362
0.0375638
0.0425063
0.121728
0.206721
0.287252
0.339446
0.339446
0.287252
0.206721
0.121728
0.0425061
0.0425061
0.121728
0.206721
0.287252
0.339446
0.339446
0.287252
0.206721
0.121728
0.0425061
0.0375638
0.106361
0.177025
0.240582
0.280094
0.280094
0.240582
0.177025
0.106362
0.0375638
0.0286105
0.0798159
0.129184
0.170423
0.19452
0.19452
0.170423
0.129184
0.0798155
0.0286104
0.0173433
0.048142
0.0763161
0.0985759
0.110928
0.110928
0.098576
0.076316
0.0481414
0.0173431
0.00643817
0.0165784
0.0269569
0.0350345
0.0393827
0.0393827
0.0350349
0.0269572
0.0165785
0.00643826
0.00648277
0.0166857
0.027124
0.0352442
0.0396136
0.0396136
0.0352442
0.0271244
0.016686
0.00648273
0.0174574
0.0483898
0.0766317
0.0989048
0.111248
0.111248
0.0989045
0.0766315
0.0483896
0.0174569
0.0287916
0.0801408
0.129471
0.170538
0.194473
0.194473
0.170538
0.129471
0.0801405
0.0287914
0.0377934
0.106694
0.177105
0.240122
0.279158
0.279158
0.240122
0.177105
0.106695
0.0377935
0.0427601
0.122039
0.206581
0.28622
0.337637
0.337637
0.286219
0.206581
0.122039
0.0427601
0.0427601
0.122039
0.206581
0.28622
0.337637
0.337637
0.286219
0.206582
0.12204
0.0427602
0.0377933
0.106695
0.177105
0.240122
0.279158
0.279158
0.240122
0.177106
0.106695
0.0377934
0.0287915
0.0801411
0.129472
0.170538
0.194473
0.194474
0.170539
0.129472
0.0801413
0.0287916
0.0174571
0.0483899
0.0766319
0.0989047
0.111248
0.111248
0.0989047
0.0766319
0.0483903
0.0174571
0.00648265
0.0166858
0.0271241
0.0352444
0.0396134
0.0396137
0.0352441
0.0271239
0.0166859
0.00648281
0.00652695
0.0167924
0.0272891
0.0354511
0.0398417
0.0398417
0.035451
0.0272888
0.0167921
0.00652697
0.0175701
0.0486365
0.0769436
0.099229
0.111564
0.111564
0.0992293
0.0769443
0.0486374
0.0175706
0.0289706
0.080463
0.129756
0.170651
0.194427
0.194427
0.170652
0.129756
0.0804634
0.0289709
0.0380205
0.107023
0.177184
0.239668
0.278237
0.278237
0.239668
0.177184
0.107023
0.0380207
0.0430118
0.122347
0.206443
0.285203
0.335855
0.335855
0.285203
0.206444
0.122347
0.0430119
0.0430117
0.122347
0.206443
0.285203
0.335854
0.335855
0.285203
0.206443
0.122347
0.0430118
0.0380205
0.107023
0.177184
0.239668
0.278237
0.278237
0.239668
0.177184
0.107023
0.0380205
0.0289707
0.0804632
0.129756
0.170651
0.194427
0.194427
0.170651
0.129755
0.0804627
0.0289707
0.0175701
0.0486367
0.0769442
0.0992292
0.111564
0.111564
0.0992292
0.076944
0.0486367
0.0175703
0.00652706
0.0167925
0.0272891
0.0354511
0.0398419
0.0398419
0.0354512
0.027289
0.0167924
0.00652702
0.0065708
0.016898
0.027453
0.0356562
0.040068
0.0400679
0.0356564
0.0274525
0.0168974
0.00657091
0.0176826
0.0488808
0.0772525
0.0995492
0.111875
0.111875
0.0995495
0.0772528
0.0488806
0.0176824
0.0291486
0.0807811
0.130035
0.170762
0.19438
0.19438
0.170762
0.130035
0.080781
0.0291486
0.038246
0.107347
0.17726
0.23922
0.27733
0.277329
0.239219
0.17726
0.107347
0.0382459
0.0432611
0.122649
0.206306
0.284201
0.334099
0.334099
0.284201
0.206306
0.122649
0.0432608
0.0432608
0.122649
0.206306
0.284201
0.334099
0.334099
0.284201
0.206306
0.122649
0.0432608
0.0382455
0.107347
0.17726
0.23922
0.277329
0.277329
0.23922
0.17726
0.107347
0.0382456
0.0291485
0.0807808
0.130035
0.170762
0.19438
0.19438
0.170761
0.130034
0.0807807
0.0291486
0.0176824
0.0488805
0.0772525
0.0995492
0.111875
0.111875
0.0995491
0.0772524
0.0488801
0.0176824
0.00657064
0.0168976
0.0274529
0.0356568
0.0400682
0.0400681
0.0356566
0.0274528
0.0168975
0.00657063
0.00661394
0.017002
0.0276149
0.0358594
0.0402919
0.0402919
0.0358598
0.0276147
0.0170018
0.00661405
0.017793
0.0491198
0.0775561
0.0998643
0.112182
0.112182
0.0998644
0.0775558
0.0491195
0.0177933
0.0293245
0.0810932
0.130308
0.170868
0.194333
0.194333
0.170868
0.130308
0.0810929
0.0293246
0.0384685
0.107666
0.177334
0.238777
0.276436
0.276436
0.238777
0.177333
0.107666
0.0384686
0.0435072
0.122947
0.20617
0.283215
0.332372
0.332372
0.283215
0.20617
0.122947
0.0435071
0.0435072
0.122947
0.20617
0.283215
0.332372
0.332372
0.283215
0.20617
0.122947
0.0435074
0.0384683
0.107666
0.177333
0.238777
0.276435
0.276436
0.238777
0.177334
0.107666
0.0384683
0.0293243
0.0810932
0.130308
0.170868
0.194333
0.194333
0.170869
0.130309
0.0810934
0.0293242
0.0177931
0.0491201
0.077556
0.0998643
0.112182
0.112182
0.0998643
0.0775558
0.04912
0.017793
0.00661395
0.0170019
0.0276148
0.0358595
0.0402918
0.0402919
0.0358595
0.0276145
0.0170019
0.00661405
0.00665697
0.0171051
0.0277746
0.0360601
0.0405131
0.0405134
0.0360605
0.0277749
0.0171051
0.00665699
0.0179027
0.0493567
0.0778551
0.100175
0.112484
0.112484
0.100175
0.0778558
0.0493567
0.0179026
0.0294981
0.0814011
0.130577
0.170973
0.194286
0.194286
0.170973
0.130578
0.0814014
0.0294983
0.0386888
0.10798
0.177405
0.238341
0.275557
0.275556
0.238341
0.177405
0.10798
0.0386885
0.0437511
0.12324
0.206035
0.282245
0.330674
0.330674
0.282245
0.206035
0.12324
0.043751
0.0437511
0.12324
0.206035
0.282245
0.330674
0.330674
0.282245
0.206035
0.12324
0.0437512
0.0386886
0.10798
0.177405
0.238341
0.275557
0.275557
0.238342
0.177405
0.10798
0.0386886
0.0294981
0.081402
0.130578
0.170973
0.194286
0.194286
0.170973
0.130578
0.0814022
0.0294981
0.0179026
0.0493573
0.0778553
0.100175
0.112484
0.112484
0.100175
0.0778559
0.0493575
0.0179027
0.00665694
0.017105
0.0277748
0.0360601
0.0405132
0.0405132
0.0360601
0.0277749
0.0171051
0.00665696
0.00669936
0.0172072
0.027933
0.0362585
0.0407319
0.040732
0.0362583
0.0279329
0.0172073
0.00669931
0.0180113
0.049592
0.0781508
0.100481
0.112782
0.112782
0.100481
0.0781514
0.0495927
0.0180114
0.02967
0.0817065
0.130843
0.171075
0.194238
0.194238
0.171075
0.130842
0.081707
0.0296701
0.0389065
0.108289
0.177474
0.237911
0.274692
0.274692
0.237911
0.177474
0.108289
0.0389064
0.043992
0.123528
0.205901
0.281292
0.329006
0.329005
0.281291
0.205901
0.123528
0.0439921
0.0439919
0.123528
0.205901
0.281291
0.329005
0.329005
0.281291
0.205901
0.123528
0.0439921
0.0389062
0.108289
0.177474
0.237911
0.274691
0.274691
0.237911
0.177473
0.108289
0.0389063
0.02967
0.0817062
0.130842
0.171075
0.194238
0.194238
0.171075
0.130842
0.0817062
0.0296699
0.0180113
0.049592
0.0781513
0.100481
0.112782
0.112782
0.100481
0.0781508
0.0495916
0.0180112
0.00669949
0.0172073
0.0279329
0.0362584
0.0407317
0.0407318
0.0362584
0.027933
0.0172069
0.00669941
0.00674142
0.0173081
0.0280895
0.0364546
0.0409481
0.040948
0.0364546
0.0280897
0.017308
0.00674129
0.0181184
0.0498228
0.0784419
0.100782
0.113074
0.113074
0.100781
0.0784417
0.0498226
0.0181185
0.02984
0.0820054
0.131101
0.171173
0.194189
0.194189
0.171173
0.131101
0.0820054
0.0298401
0.0391216
0.108593
0.177539
0.237486
0.27384
0.273841
0.237486
0.177539
0.108593
0.0391215
0.0442302
0.123811
0.205767
0.280353
0.327366
0.327366
0.280353
0.205767
0.123812
0.0442301
0.0442301
0.123811
0.205767
0.280353
0.327366
0.327366
0.280353
0.205767
0.123812
0.0442303
0.0391215
0.108593
0.177539
0.237486
0.273841
0.273841
0.237487
0.177539
0.108593
0.0391215
0.0298399
0.0820056
0.131101
0.171173
0.194189
0.194189
0.171173
0.131101
0.0820054
0.0298398
0.0181182
0.0498225
0.0784414
0.100781
0.113074
0.113074
0.100781
0.0784413
0.0498225
0.0181184
0.00674142
0.0173079
0.0280895
0.0364547
0.040948
0.040948
0.0364544
0.0280895
0.0173078
0.00674137
0.0067829
0.0174072
0.0282443
0.0366487
0.0411615
0.0411615
0.0366481
0.0282442
0.0174074
0.00678272
0.0182246
0.0500496
0.0787277
0.101077
0.113361
0.113362
0.101077
0.0787277
0.0500494
0.018224
0.030008
0.0822993
0.131354
0.171268
0.19414
0.19414
0.171268
0.131354
0.0822995
0.030008
0.0393341
0.108891
0.177602
0.237067
0.273004
0.273005
0.237068
0.177602
0.108891
0.0393343
0.0444653
0.124089
0.205634
0.279431
0.325758
0.325758
0.279432
0.205635
0.12409
0.0444655
0.0444655
0.12409
0.205635
0.279432
0.325758
0.325758
0.279432
0.205635
0.12409
0.0444656
0.0393342
0.108891
0.177603
0.237068
0.273005
0.273005
0.237068
0.177603
0.108891
0.0393343
0.0300079
0.0823003
0.131355
0.171268
0.19414
0.19414
0.171268
0.131355
0.0823007
0.030008
0.0182243
0.0500505
0.0787276
0.101077
0.113361
0.113362
0.101078
0.0787283
0.0500507
0.0182244
0.00678293
0.0174077
0.0282438
0.0366482
0.0411617
0.0411616
0.0366483
0.0282442
0.0174074
0.00678282
0.00682397
0.0175061
0.0283966
0.0368396
0.0413723
0.0413724
0.0368395
0.0283966
0.017506
0.00682395
0.0183289
0.0502751
0.0790097
0.101369
0.113644
0.113644
0.101369
0.0790103
0.0502756
0.0183292
0.0301737
0.0825904
0.131604
0.171361
0.194091
0.194091
0.171361
0.131604
0.0825907
0.0301734
0.039544
0.109185
0.177664
0.236655
0.272183
0.272183
0.236656
0.177664
0.109185
0.0395441
0.0446978
0.124363
0.205503
0.278526
0.32418
0.32418
0.278526
0.205503
0.124363
0.0446979
0.0446979
0.124363
0.205503
0.278526
0.32418
0.32418
0.278526
0.205503
0.124363
0.0446977
0.0395444
0.109185
0.177664
0.236655
0.272183
0.272183
0.236656
0.177664
0.109185
0.0395439
0.0301738
0.0825906
0.131604
0.171361
0.194091
0.194091
0.171361
0.131604
0.0825905
0.0301736
0.018329
0.0502754
0.0790099
0.101369
0.113644
0.113644
0.101368
0.0790098
0.0502752
0.018329
0.00682387
0.0175058
0.0283962
0.0368392
0.0413724
0.0413722
0.0368393
0.0283966
0.017506
0.00682387
0.00686443
0.0176032
0.0285469
0.0370282
0.0415804
0.0415802
0.037028
0.0285469
0.0176031
0.00686428
0.0184325
0.0504969
0.0792874
0.101655
0.113922
0.113922
0.101655
0.0792874
0.050497
0.0184325
0.0303374
0.0828761
0.131848
0.17145
0.194041
0.194041
0.17145
0.131848
0.0828763
0.0303375
0.0397514
0.109473
0.177722
0.236249
0.271376
0.271376
0.236249
0.177722
0.109473
0.0397515
0.0449274
0.124631
0.205372
0.277637
0.322633
0.322633
0.277637
0.205372
0.124631
0.0449274
0.0449272
0.124631
0.205372
0.277637
0.322633
0.322633
0.277637
0.205372
0.124631
0.0449272
0.0397514
0.109473
0.177722
0.236249
0.271376
0.271376
0.236249
0.177722
0.109473
0.0397515
0.0303375
0.0828753
0.131848
0.17145
0.194041
0.194041
0.17145
0.131848
0.0828754
0.0303373
0.0184324
0.050496
0.0792871
0.101654
0.113922
0.113922
0.101654
0.0792867
0.0504961
0.0184322
0.00686458
0.0176033
0.0285475
0.0370282
0.0415805
0.0415805
0.0370282
0.0285474
0.0176032
0.0068642
0.0069044
0.0176991
0.028696
0.0372147
0.0417859
0.0417858
0.0372147
0.0286958
0.017699
0.0069043
0.0185345
0.0507138
0.0795593
0.101935
0.114194
0.114194
0.101935
0.0795591
0.0507139
0.0185344
0.0304989
0.0831558
0.132086
0.171536
0.193991
0.193991
0.171536
0.132086
0.0831558
0.030499
0.0399557
0.109756
0.177777
0.235849
0.270584
0.270583
0.235848
0.177777
0.109755
0.0399558
0.0451534
0.124894
0.205242
0.276765
0.321117
0.321117
0.276764
0.205242
0.124893
0.0451535
0.0451534
0.124894
0.205242
0.276764
0.321117
0.321117
0.276764
0.205242
0.124893
0.0451534
0.0399558
0.109756
0.177777
0.235848
0.270584
0.270584
0.235848
0.177777
0.109756
0.0399558
0.0304988
0.0831555
0.132086
0.171536
0.19399
0.19399
0.171536
0.132086
0.0831561
0.0304991
0.0185341
0.0507133
0.0795593
0.101935
0.114194
0.114194
0.101935
0.0795595
0.0507138
0.0185343
0.00690447
0.0176988
0.028696
0.0372147
0.0417858
0.0417856
0.0372143
0.0286959
0.0176991
0.00690442
0.00694387
0.0177938
0.0288425
0.0373979
0.0419881
0.0419881
0.037398
0.0288425
0.0177937
0.00694387
0.018635
0.0509283
0.0798278
0.102211
0.114462
0.114462
0.102211
0.0798277
0.0509283
0.0186349
0.0306582
0.0834313
0.13232
0.171619
0.193939
0.193939
0.171619
0.13232
0.0834314
0.0306582
0.0401574
0.110033
0.17783
0.235454
0.269806
0.269806
0.235454
0.17783
0.110033
0.0401573
0.0453766
0.125151
0.205113
0.275908
0.319632
0.319632
0.275908
0.205113
0.125151
0.0453765
0.0453766
0.125151
0.205113
0.275908
0.319632
0.319632
0.275908
0.205113
0.125151
0.0453766
0.0401572
0.110033
0.17783
0.235454
0.269806
0.269806
0.235454
0.17783
0.110033
0.0401575
0.0306581
0.0834317
0.13232
0.171619
0.193939
0.19394
0.17162
0.13232
0.0834318
0.0306582
0.0186349
0.0509288
0.0798277
0.102211
0.114462
0.114462
0.102211
0.0798276
0.0509286
0.0186348
0.00694391
0.0177938
0.0288424
0.0373977
0.0419879
0.0419879
0.0373978
0.0288423
0.0177936
0.00694386
0.00698283
0.0178869
0.0289871
0.037579
0.0421876
0.0421875
0.0375788
0.0289869
0.0178869
0.00698285
0.0187341
0.0511396
0.0800912
0.102482
0.114724
0.114724
0.102482
0.0800911
0.0511394
0.018734
0.0308152
0.0837024
0.132548
0.1717
0.193888
0.193888
0.1717
0.132548
0.0837022
0.0308153
0.0403564
0.110305
0.17788
0.235065
0.269043
0.269042
0.235065
0.17788
0.110305
0.0403563
0.0455965
0.125404
0.204985
0.275068
0.318178
0.318179
0.275068
0.204985
0.125404
0.0455966
0.0455966
0.125404
0.204985
0.275068
0.318178
0.318178
0.275068
0.204984
0.125403
0.0455965
0.0403562
0.110305
0.177881
0.235065
0.269042
0.269042
0.235065
0.17788
0.110305
0.0403561
0.0308151
0.0837023
0.132548
0.1717
0.193888
0.193888
0.1717
0.132548
0.0837024
0.0308153
0.0187342
0.0511397
0.0800909
0.102482
0.114724
0.114724
0.102482
0.0800912
0.0511397
0.0187342
0.00698309
0.0178873
0.0289868
0.0375786
0.0421872
0.0421874
0.037579
0.0289869
0.017887
0.00698281
0.00702127
0.0179791
0.0291292
0.0377573
0.0423841
0.0423841
0.0377574
0.0291295
0.0179792
0.0070214
0.018832
0.0513467
0.0803494
0.102747
0.114981
0.114981
0.102747
0.0803491
0.0513466
0.0188318
0.0309701
0.0839676
0.132771
0.171776
0.193836
0.193836
0.171777
0.132771
0.0839673
0.0309701
0.0405522
0.110572
0.177928
0.234682
0.268294
0.268294
0.234682
0.177928
0.110572
0.0405522
0.0458132
0.125651
0.204857
0.274244
0.316755
0.316756
0.274244
0.204857
0.125651
0.0458133
0.0458132
0.125651
0.204857
0.274244
0.316756
0.316756
0.274244
0.204857
0.125651
0.0458131
0.0405521
0.110572
0.177928
0.234682
0.268293
0.268293
0.234682
0.177928
0.110572
0.0405519
0.0309699
0.0839677
0.132771
0.171777
0.193836
0.193836
0.171776
0.132771
0.083968
0.0309702
0.0188319
0.0513468
0.0803491
0.102747
0.114981
0.114981
0.102747
0.0803498
0.0513471
0.0188319
0.00702126
0.0179787
0.0291293
0.0377575
0.0423842
0.042384
0.0377571
0.0291293
0.017979
0.00702138
0.00705923
0.0180694
0.0292693
0.0379329
0.0425774
0.0425776
0.0379328
0.0292695
0.0180695
0.00705906
0.0189283
0.0515508
0.0806034
0.103007
0.115233
0.115233
0.103007
0.0806037
0.051551
0.0189282
0.0311225
0.0842286
0.132989
0.171851
0.193784
0.193784
0.171851
0.132989
0.0842287
0.0311224
0.040745
0.110833
0.177973
0.234306
0.26756
0.26756
0.234306
0.177973
0.110833
0.0407449
0.0460267
0.125893
0.204731
0.273437
0.315364
0.315364
0.273437
0.204731
0.125893
0.0460268
0.0460266
0.125893
0.204731
0.273437
0.315364
0.315364
0.273437
0.204731
0.125893
0.0460267
0.0407449
0.110833
0.177973
0.234306
0.267559
0.267559
0.234306
0.177973
0.110833
0.0407451
0.0311225
0.0842288
0.132989
0.171851
0.193783
0.193783
0.171851
0.132989
0.0842285
0.0311227
0.0189284
0.0515512
0.0806032
0.103007
0.115233
0.115233
0.103007
0.0806037
0.0515512
0.0189284
0.00705908
0.0180694
0.0292694
0.0379328
0.0425777
0.0425776
0.0379328
0.0292696
0.0180695
0.00705917
0.00709668
0.0181591
0.0294075
0.0381056
0.0427681
0.0427681
0.0381056
0.0294074
0.018159
0.00709658
0.0190236
0.0517527
0.0808528
0.103263
0.11548
0.115481
0.103263
0.0808529
0.0517526
0.0190233
0.0312726
0.0844854
0.133203
0.171923
0.193731
0.193731
0.171923
0.133203
0.0844856
0.0312725
0.0409351
0.11109
0.178016
0.233936
0.26684
0.26684
0.233936
0.178016
0.11109
0.0409349
0.0462372
0.12613
0.204605
0.272646
0.314004
0.314004
0.272646
0.204605
0.12613
0.046237
0.046237
0.12613
0.204605
0.272646
0.314004
0.314004
0.272646
0.204605
0.12613
0.046237
0.0409349
0.11109
0.178016
0.233936
0.26684
0.26684
0.233936
0.178016
0.11109
0.0409351
0.0312726
0.0844851
0.133202
0.171922
0.19373
0.19373
0.171922
0.133202
0.0844847
0.0312727
0.0190231
0.051752
0.080853
0.103263
0.11548
0.11548
0.103263
0.0808527
0.051752
0.0190233
0.00709669
0.0181589
0.0294078
0.0381056
0.0427681
0.0427682
0.0381058
0.0294078
0.0181588
0.00709658
0.00713317
0.0182468
0.0295435
0.038276
0.0429558
0.0429556
0.0382758
0.0295435
0.0182467
0.00713342
0.0191169
0.0519495
0.0810975
0.103513
0.115722
0.115722
0.103513
0.0810971
0.0519491
0.0191168
0.0314206
0.0847363
0.133411
0.171991
0.193677
0.193677
0.171991
0.13341
0.084736
0.0314206
0.0411221
0.111341
0.178056
0.233571
0.266134
0.266134
0.233571
0.178056
0.11134
0.0411222
0.046444
0.126361
0.20448
0.27187
0.312674
0.312674
0.27187
0.20448
0.126361
0.0464439
0.0464439
0.126361
0.20448
0.271871
0.312674
0.312674
0.27187
0.20448
0.126362
0.046444
0.041122
0.11134
0.178056
0.233571
0.266134
0.266134
0.233571
0.178057
0.111341
0.041122
0.0314206
0.0847359
0.13341
0.171991
0.193677
0.193677
0.171991
0.13341
0.0847359
0.0314206
0.0191169
0.0519492
0.0810974
0.103513
0.115722
0.115722
0.103513
0.0810974
0.0519491
0.0191168
0.00713324
0.0182467
0.0295437
0.0382758
0.0429555
0.0429555
0.0382759
0.0295437
0.0182467
0.00713325
0.00716953
0.0183332
0.0296774
0.0384434
0.0431401
0.0431403
0.0384434
0.0296776
0.0183333
0.00716937
0.0192087
0.0521426
0.0813371
0.103758
0.115959
0.115959
0.103758
0.0813371
0.0521423
0.0192086
0.0315663
0.0849817
0.133613
0.172056
0.193623
0.193623
0.172056
0.133613
0.0849818
0.0315661
0.0413063
0.111586
0.178094
0.233212
0.265443
0.265443
0.233212
0.178094
0.111586
0.0413062
0.0466475
0.126588
0.204357
0.271111
0.311375
0.311374
0.271111
0.204357
0.126588
0.0466476
0.0466476
0.126588
0.204357
0.271111
0.311375
0.311375
0.271112
0.204357
0.126588
0.0466475
0.0413061
0.111586
0.178094
0.233213
0.265443
0.265443
0.233213
0.178094
0.111586
0.041306
0.0315662
0.0849824
0.133613
0.172057
0.193623
0.193624
0.172057
0.133613
0.0849825
0.0315661
0.0192089
0.0521429
0.0813372
0.103758
0.115959
0.115959
0.103758
0.0813373
0.0521431
0.0192088
0.00716964
0.0183334
0.0296773
0.0384434
0.0431401
0.0431401
0.0384433
0.0296775
0.0183333
0.00716961
0.00720527
0.0184182
0.0298087
0.0386078
0.0433217
0.0433217
0.038608
0.0298091
0.0184183
0.007205
0.0192993
0.0523332
0.0815726
0.103998
0.116191
0.116191
0.103998
0.0815725
0.0523334
0.0192994
0.0317091
0.0852237
0.133812
0.17212
0.193569
0.193569
0.17212
0.133811
0.0852236
0.0317092
0.041487
0.111826
0.17813
0.23286
0.264766
0.264766
0.23286
0.17813
0.111826
0.0414871
0.0468478
0.12681
0.204234
0.270368
0.310106
0.310106
0.270368
0.204234
0.12681
0.046848
0.0468477
0.12681
0.204234
0.270368
0.310106
0.310106
0.270368
0.204234
0.12681
0.0468479
0.0414871
0.111826
0.17813
0.23286
0.264766
0.264766
0.23286
0.17813
0.111826
0.0414872
0.0317093
0.0852239
0.133812
0.17212
0.193569
0.193569
0.17212
0.133812
0.0852241
0.0317094
0.0192995
0.0523335
0.0815725
0.103998
0.116191
0.116191
0.103998
0.0815727
0.0523334
0.0192995
0.0072051
0.0184185
0.029809
0.038608
0.0433216
0.0433216
0.038608
0.0298092
0.0184184
0.0072052
0.00724034
0.0185022
0.0299386
0.0387701
0.0435001
0.0435002
0.0387699
0.0299384
0.0185025
0.00724047
0.0193886
0.0525205
0.0818033
0.104233
0.116417
0.116417
0.104233
0.0818028
0.0525201
0.0193887
0.0318501
0.0854601
0.134005
0.17218
0.193515
0.193515
0.17218
0.134005
0.0854605
0.0318502
0.0416652
0.112062
0.178164
0.232514
0.264103
0.264103
0.232514
0.178164
0.112062
0.0416652
0.0470448
0.127026
0.204113
0.269641
0.308867
0.308867
0.269641
0.204112
0.127026
0.0470447
0.0470447
0.127026
0.204113
0.269641
0.308867
0.308867
0.269641
0.204113
0.127026
0.0470448
0.0416653
0.112062
0.178164
0.232514
0.264103
0.264103
0.232514
0.178164
0.112062
0.0416652
0.0318504
0.0854603
0.134004
0.17218
0.193515
0.193515
0.17218
0.134004
0.0854601
0.0318501
0.0193885
0.0525201
0.0818032
0.104233
0.116417
0.116417
0.104232
0.0818027
0.05252
0.0193885
0.00724016
0.0185022
0.0299388
0.03877
0.0435
0.0435
0.0387699
0.0299385
0.0185022
0.00724028
0.0072747
0.0185845
0.0300657
0.0389294
0.0436758
0.0436756
0.0389292
0.0300657
0.0185845
0.00727491
0.0194759
0.0527027
0.0820288
0.104463
0.116639
0.116639
0.104462
0.0820286
0.0527028
0.0194759
0.0319887
0.0856914
0.134192
0.172237
0.19346
0.19346
0.172237
0.134192
0.0856918
0.0319889
0.0418405
0.112291
0.178195
0.232173
0.263454
0.263454
0.232173
0.178195
0.112291
0.0418405
0.0472385
0.127238
0.203992
0.268929
0.307657
0.307657
0.268929
0.203992
0.127238
0.0472385
0.0472385
0.127238
0.203992
0.268929
0.307657
0.307657
0.268929
0.203992
0.127238
0.0472384
0.0418404
0.112291
0.178195
0.232173
0.263454
0.263454
0.232173
0.178195
0.112291
0.0418404
0.0319887
0.0856915
0.134192
0.172237
0.19346
0.19346
0.172237
0.134193
0.0856918
0.0319887
0.019476
0.0527028
0.0820285
0.104462
0.116639
0.116639
0.104462
0.0820286
0.0527029
0.019476
0.00727475
0.0185844
0.0300656
0.0389292
0.0436755
0.0436757
0.0389293
0.0300657
0.0185845
0.00727482
0.00730877
0.0186655
0.0301909
0.0390859
0.0438479
0.0438479
0.0390855
0.0301908
0.0186655
0.00730884
0.0195622
0.0528827
0.0822501
0.104687
0.116856
0.116856
0.104687
0.0822501
0.0528828
0.0195621
0.0321248
0.0859184
0.134376
0.172292
0.193406
0.193406
0.172293
0.134376
0.0859188
0.0321246
0.0420124
0.112516
0.178224
0.231839
0.262819
0.262819
0.231839
0.178224
0.112516
0.0420121
0.0474288
0.127444
0.203873
0.268232
0.306477
0.306477
0.268233
0.203873
0.127445
0.0474287
0.0474287
0.127445
0.203873
0.268233
0.306477
0.306477
0.268233
0.203873
0.127445
0.0474286
0.0420121
0.112516
0.178224
0.231839
0.262819
0.262819
0.231839
0.178224
0.112516
0.0420122
0.0321246
0.0859186
0.134376
0.172293
0.193406
0.193406
0.172293
0.134376
0.085919
0.0321245
0.0195623
0.0528827
0.0822495
0.104687
0.116856
0.116856
0.104687
0.0822499
0.0528829
0.0195621
0.00730901
0.0186655
0.0301907
0.0390856
0.0438479
0.0438479
0.0390855
0.0301907
0.0186655
0.00730875
0.00734208
0.018745
0.0303134
0.0392391
0.0440171
0.0440172
0.0392393
0.0303135
0.0187449
0.00734212
0.0196469
0.0530596
0.0824672
0.104908
0.117068
0.117068
0.104908
0.082467
0.0530599
0.0196469
0.0322583
0.0861413
0.134556
0.172346
0.193351
0.193351
0.172345
0.134555
0.0861419
0.0322583
0.042181
0.112736
0.178252
0.231511
0.262198
0.262198
0.231511
0.178251
0.112736
0.0421809
0.0476156
0.127646
0.203755
0.267552
0.305325
0.305325
0.267552
0.203755
0.127646
0.0476154
0.0476156
0.127646
0.203755
0.267552
0.305325
0.305325
0.267552
0.203755
0.127646
0.0476156
0.042181
0.112736
0.178252
0.231511
0.262198
0.262198
0.231511
0.178252
0.112736
0.0421812
0.0322582
0.0861414
0.134555
0.172346
0.193351
0.193351
0.172345
0.134555
0.0861412
0.0322583
0.0196471
0.0530597
0.0824669
0.104907
0.117068
0.117068
0.104907
0.0824665
0.0530595
0.019647
0.00734233
0.0187452
0.0303135
0.0392389
0.0440171
0.0440172
0.0392392
0.0303135
0.018745
0.00734207
0.00737509
0.0188232
0.0304341
0.0393898
0.0441833
0.0441833
0.0393901
0.0304342
0.0188233
0.00737495
0.01973
0.0532324
0.0826793
0.105123
0.117275
0.117275
0.105122
0.0826783
0.0532324
0.0197301
0.0323899
0.0863586
0.134729
0.172396
0.193296
0.193296
0.172396
0.134729
0.0863587
0.0323896
0.0423471
0.112951
0.178277
0.231189
0.26159
0.26159
0.231189
0.178277
0.112951
0.0423472
0.0477991
0.127843
0.203638
0.266886
0.304202
0.304202
0.266886
0.203638
0.127843
0.0477991
0.047799
0.127843
0.203638
0.266886
0.304202
0.304202
0.266886
0.203638
0.127843
0.0477991
0.0423471
0.112951
0.178277
0.231189
0.26159
0.26159
0.231189
0.178277
0.112951
0.0423471
0.0323896
0.0863584
0.134729
0.172396
0.193296
0.193295
0.172395
0.134729
0.0863586
0.0323896
0.01973
0.053232
0.0826785
0.105122
0.117275
0.117275
0.105122
0.0826787
0.0532323
0.0197299
0.00737513
0.0188229
0.0304341
0.0393898
0.0441834
0.0441833
0.0393902
0.0304345
0.0188233
0.00737492
0.00740716
0.0189
0.0305527
0.0395383
0.0443467
0.0443466
0.0395381
0.0305525
0.0188998
0.00740725
0.0198115
0.0534013
0.0828863
0.105333
0.117477
0.117477
0.105332
0.0828859
0.0534017
0.0198116
0.0325187
0.0865709
0.134899
0.172443
0.19324
0.19324
0.172443
0.134899
0.0865714
0.0325185
0.04251
0.11316
0.1783
0.230872
0.260996
0.260996
0.230872
0.1783
0.11316
0.0425099
0.0479792
0.128035
0.203522
0.266235
0.303107
0.303108
0.266235
0.203522
0.128035
0.0479794
0.0479792
0.128035
0.203522
0.266235
0.303107
0.303107
0.266235
0.203522
0.128036
0.0479793
0.0425098
0.11316
0.1783
0.230873
0.260996
0.260996
0.230873
0.1783
0.113161
0.0425099
0.0325185
0.0865714
0.134899
0.172444
0.19324
0.193241
0.172444
0.134899
0.0865714
0.0325184
0.0198116
0.0534016
0.0828861
0.105332
0.117477
0.117477
0.105332
0.0828862
0.0534017
0.0198117
0.00740737
0.0188999
0.0305526
0.039538
0.0443465
0.0443464
0.0395379
0.0305526
0.0188999
0.00740721
0.00743887
0.0189751
0.0306689
0.0396834
0.0445066
0.0445066
0.0396832
0.0306687
0.0189752
0.00743914
0.0198919
0.053568
0.0830897
0.105538
0.117675
0.117675
0.105538
0.0830896
0.0535682
0.0198919
0.0326451
0.08678
0.135065
0.172489
0.193185
0.193185
0.172489
0.135065
0.0867802
0.0326448
0.0426698
0.113365
0.178322
0.230562
0.260414
0.260415
0.230562
0.178322
0.113365
0.0426696
0.0481561
0.128223
0.203408
0.265599
0.30204
0.30204
0.265599
0.203408
0.128223
0.0481562
0.0481561
0.128223
0.203408
0.265599
0.30204
0.30204
0.265599
0.203408
0.128223
0.0481562
0.0426697
0.113365
0.178322
0.230562
0.260414
0.260414
0.230562
0.178322
0.113365
0.04267
0.0326448
0.08678
0.135065
0.172489
0.193185
0.193185
0.172489
0.135065
0.0867799
0.0326451
0.0198918
0.053568
0.0830898
0.105538
0.117675
0.117675
0.105538
0.0830896
0.0535681
0.019892
0.00743893
0.0189752
0.0306691
0.0396833
0.0445067
0.0445067
0.0396834
0.030669
0.0189752
0.00743888
0.00747014
0.0190493
0.0307829
0.0398259
0.0446637
0.0446636
0.039826
0.0307827
0.0190491
0.00746994
0.0199708
0.0537311
0.0832888
0.105739
0.117868
0.117868
0.105739
0.0832881
0.0537312
0.0199707
0.0327693
0.0869839
0.135226
0.172533
0.19313
0.19313
0.172533
0.135226
0.086984
0.0327692
0.0428265
0.113565
0.178342
0.230258
0.259846
0.259846
0.230258
0.178342
0.113565
0.0428267
0.0483297
0.128406
0.203295
0.264977
0.301
0.301
0.264977
0.203295
0.128406
0.0483297
0.0483297
0.128406
0.203295
0.264977
0.301
0.301
0.264977
0.203295
0.128406
0.0483296
0.0428268
0.113565
0.178341
0.230258
0.259847
0.259846
0.230258
0.178341
0.113565
0.0428268
0.0327694
0.0869835
0.135225
0.172533
0.19313
0.19313
0.172533
0.135225
0.0869833
0.0327693
0.0199707
0.0537306
0.0832887
0.105739
0.117868
0.117868
0.105739
0.0832883
0.0537305
0.0199706
0.00747001
0.0190492
0.0307832
0.0398262
0.0446639
0.0446637
0.0398261
0.0307829
0.0190492
0.00747006
0.00750065
0.0191218
0.0308951
0.0399661
0.0448179
0.0448178
0.039966
0.0308946
0.0191217
0.00750048
0.0200478
0.0538897
0.0834826
0.105935
0.118056
0.118056
0.105935
0.083482
0.0538896
0.0200478
0.0328915
0.0871823
0.135382
0.172574
0.193075
0.193075
0.172574
0.135381
0.0871821
0.0328914
0.0429808
0.11376
0.178359
0.229959
0.259291
0.259291
0.229959
0.178359
0.113761
0.0429811
0.0484999
0.128584
0.203184
0.26437
0.299986
0.299986
0.26437
0.203183
0.128584
0.0485001
0.0485
0.128584
0.203184
0.26437
0.299986
0.299985
0.26437
0.203184
0.128584
0.0485
0.0429808
0.11376
0.17836
0.229959
0.259291
0.259291
0.22996
0.17836
0.113761
0.0429809
0.0328913
0.0871823
0.135382
0.172574
0.193075
0.193075
0.172574
0.135382
0.0871824
0.0328913
0.0200477
0.0538897
0.0834825
0.105935
0.118056
0.118056
0.105935
0.0834825
0.0538898
0.0200478
0.00750063
0.019122
0.030895
0.0399661
0.0448179
0.0448178
0.039966
0.030895
0.0191218
0.00750052
0.00753066
0.0191928
0.0310047
0.0401031
0.044969
0.0449689
0.040103
0.0310045
0.0191932
0.00753066
0.0201236
0.0540454
0.0836726
0.106126
0.11824
0.11824
0.106127
0.0836724
0.0540455
0.0201235
0.033011
0.0873765
0.135534
0.172613
0.19302
0.19302
0.172613
0.135534
0.0873768
0.033011
0.0431318
0.113951
0.178376
0.229667
0.258749
0.258749
0.229666
0.178376
0.113951
0.0431318
0.048667
0.128758
0.203073
0.263778
0.298998
0.298998
0.263777
0.203073
0.128758
0.048667
0.048667
0.128758
0.203073
0.263778
0.298998
0.298998
0.263778
0.203073
0.128758
0.048667
0.0431318
0.113951
0.178376
0.229667
0.258749
0.258749
0.229667
0.178376
0.113951
0.0431318
0.0330107
0.087377
0.135534
0.172613
0.19302
0.193021
0.172613
0.135534
0.087377
0.0330108
0.0201237
0.054046
0.0836727
0.106127
0.11824
0.11824
0.106127
0.0836727
0.054046
0.0201235
0.00753071
0.0191931
0.0310047
0.0401032
0.0449689
0.0449691
0.0401033
0.0310048
0.0191932
0.00753061
0.00756
0.0192628
0.0311123
0.0402373
0.0451169
0.0451171
0.0402375
0.0311122
0.0192627
0.00755997
0.0201979
0.0541988
0.0838586
0.106314
0.11842
0.11842
0.106314
0.0838584
0.0541988
0.0201979
0.0331278
0.0875674
0.135682
0.172651
0.192966
0.192966
0.172651
0.135683
0.0875676
0.0331278
0.0432795
0.114137
0.178391
0.22938
0.258219
0.258219
0.22938
0.178391
0.114137
0.0432796
0.0488304
0.128927
0.202964
0.263199
0.298036
0.298036
0.263199
0.202964
0.128928
0.0488305
0.0488304
0.128928
0.202964
0.263199
0.298036
0.298036
0.263199
0.202964
0.128928
0.0488304
0.0432794
0.114137
0.178391
0.22938
0.258219
0.258219
0.22938
0.178391
0.114137
0.0432796
0.0331278
0.0875678
0.135683
0.172651
0.192966
0.192966
0.172651
0.135683
0.0875677
0.0331279
0.020198
0.054199
0.0838586
0.106314
0.11842
0.11842
0.106314
0.0838586
0.0541992
0.0201979
0.00755981
0.0192628
0.0311123
0.0402375
0.0451171
0.0451172
0.0402379
0.0311124
0.0192629
0.00755994
0.00758882
0.0193315
0.031218
0.0403696
0.0452623
0.0452623
0.0403695
0.0312179
0.0193314
0.00758891
0.0202711
0.0543488
0.0840403
0.106497
0.118595
0.118595
0.106497
0.0840402
0.0543483
0.0202709
0.0332429
0.0877537
0.135827
0.172687
0.192911
0.192911
0.172686
0.135827
0.0877534
0.0332429
0.0434248
0.114319
0.178405
0.229099
0.257702
0.257702
0.229099
0.178405
0.114319
0.0434248
0.0489909
0.129093
0.202857
0.262633
0.297099
0.297099
0.262633
0.202857
0.129093
0.048991
0.0489908
0.129093
0.202857
0.262633
0.297099
0.297099
0.262633
0.202857
0.129093
0.0489909
0.0434246
0.114319
0.178405
0.229099
0.257701
0.257702
0.229099
0.178405
0.114319
0.0434247
0.0332429
0.0877536
0.135827
0.172686
0.192911
0.192911
0.172686
0.135827
0.0877534
0.0332428
0.0202709
0.0543485
0.0840403
0.106497
0.118595
0.118595
0.106497
0.0840401
0.0543482
0.0202708
0.00758882
0.0193312
0.0312179
0.0403695
0.0452623
0.0452622
0.0403695
0.0312178
0.0193312
0.00758882
0.00761701
0.0193985
0.0313213
0.0404988
0.0454043
0.0454044
0.0404985
0.0313212
0.0193984
0.00761707
0.0203423
0.0544947
0.0842176
0.106674
0.118765
0.118765
0.106674
0.0842172
0.0544945
0.0203423
0.0333556
0.0879349
0.135967
0.172719
0.192857
0.192857
0.172719
0.135966
0.0879346
0.0333558
0.0435671
0.114496
0.178417
0.228823
0.257196
0.257196
0.228823
0.178417
0.114495
0.0435671
0.0491483
0.129254
0.202751
0.262081
0.296187
0.296187
0.262081
0.202751
0.129254
0.0491482
0.0491481
0.129254
0.202751
0.262082
0.296187
0.296187
0.262082
0.202751
0.129254
0.0491481
0.0435669
0.114495
0.178417
0.228823
0.257196
0.257196
0.228823
0.178417
0.114496
0.0435669
0.0333554
0.0879347
0.135967
0.17272
0.192857
0.192857
0.17272
0.135967
0.087935
0.0333554
0.0203422
0.0544942
0.0842172
0.106675
0.118765
0.118765
0.106675
0.0842176
0.0544945
0.0203423
0.00761696
0.0193981
0.0313211
0.0404987
0.0454045
0.0454045
0.0404984
0.0313213
0.0193982
0.00761706
0.00764481
0.019464
0.0314223
0.0406252
0.0455438
0.0455437
0.0406249
0.0314225
0.0194641
0.00764473
0.0204123
0.0546375
0.0843906
0.106849
0.118932
0.118932
0.106848
0.084391
0.0546375
0.0204122
0.0334657
0.0881119
0.136103
0.172752
0.192803
0.192803
0.172752
0.136103
0.0881123
0.0334657
0.0437062
0.114668
0.178428
0.228553
0.256703
0.256703
0.228554
0.178428
0.114668
0.0437061
0.049302
0.12941
0.202646
0.261543
0.295298
0.295299
0.261543
0.202647
0.12941
0.049302
0.049302
0.129411
0.202647
0.261543
0.295299
0.295298
0.261543
0.202647
0.129411
0.0493018
0.0437058
0.114668
0.178428
0.228554
0.256703
0.256703
0.228554
0.178428
0.114668
0.0437059
0.0334657
0.0881125
0.136103
0.172752
0.192803
0.192803
0.172752
0.136104
0.0881127
0.0334657
0.0204124
0.0546379
0.0843904
0.106848
0.118932
0.118932
0.106848
0.0843909
0.0546377
0.0204122
0.0076447
0.019464
0.0314224
0.0406251
0.0455437
0.0455436
0.0406248
0.0314224
0.019464
0.00764468
0.00767202
0.0195285
0.0315215
0.0407487
0.04568
0.0456799
0.0407486
0.0315217
0.0195285
0.00767207
0.0204808
0.0547782
0.0845602
0.107018
0.119094
0.119094
0.107018
0.0845605
0.0547785
0.0204811
0.0335736
0.0882864
0.136236
0.172782
0.192749
0.192749
0.172782
0.136236
0.0882863
0.0335737
0.0438421
0.114836
0.178438
0.22829
0.256222
0.256221
0.22829
0.178438
0.114836
0.0438421
0.0494526
0.129563
0.202544
0.261018
0.294434
0.294434
0.261018
0.202544
0.129563
0.0494526
0.0494526
0.129563
0.202544
0.261018
0.294434
0.294434
0.261018
0.202544
0.129563
0.0494525
0.0438422
0.114837
0.178438
0.22829
0.256222
0.256222
0.22829
0.178438
0.114837
0.0438422
0.0335736
0.0882862
0.136236
0.172782
0.19275
0.192749
0.172782
0.136236
0.0882863
0.0335738
0.020481
0.0547782
0.0845605
0.107018
0.119094
0.119094
0.107018
0.0845604
0.054778
0.0204809
0.0076719
0.0195285
0.0315217
0.0407488
0.0456801
0.04568
0.0407488
0.0315216
0.0195284
0.00767201
0.0076986
0.0195915
0.0316187
0.0408702
0.0458137
0.0458136
0.0408701
0.0316189
0.0195917
0.00769843
0.0205482
0.0549152
0.0847255
0.107184
0.119252
0.119252
0.107184
0.0847258
0.0549154
0.0205484
0.0336797
0.0884555
0.136365
0.172811
0.192696
0.192696
0.172811
0.136365
0.0884555
0.0336798
0.043976
0.115001
0.178447
0.228031
0.255751
0.255751
0.228031
0.178446
0.115
0.0439757
0.0496004
0.129712
0.202442
0.260505
0.293592
0.293592
0.260505
0.202442
0.129712
0.0496001
0.0496004
0.129712
0.202442
0.260506
0.293592
0.293592
0.260505
0.202442
0.129712
0.0496003
0.0439761
0.115001
0.178446
0.228031
0.255751
0.255752
0.228031
0.178446
0.115
0.0439761
0.0336798
0.0884547
0.136365
0.172811
0.192696
0.192696
0.172811
0.136365
0.0884549
0.0336797
0.0205481
0.0549146
0.0847257
0.107184
0.119252
0.119252
0.107184
0.0847257
0.0549147
0.0205481
0.00769872
0.0195917
0.0316188
0.0408703
0.0458138
0.0458137
0.0408703
0.0316188
0.0195916
0.00769873
0.00772471
0.0196534
0.0317138
0.0409888
0.0459445
0.0459444
0.0409891
0.031714
0.0196534
0.00772451
0.020614
0.0550485
0.0848867
0.107345
0.119407
0.119407
0.107345
0.084887
0.0550481
0.0206138
0.0337836
0.08862
0.13649
0.172837
0.192643
0.192643
0.172838
0.13649
0.0886197
0.0337836
0.0441072
0.11516
0.178454
0.227778
0.255293
0.255293
0.227778
0.178454
0.11516
0.0441071
0.049745
0.129857
0.202342
0.260005
0.292773
0.292774
0.260006
0.202342
0.129857
0.049745
0.049745
0.129857
0.202342
0.260006
0.292773
0.292774
0.260006
0.202342
0.129857
0.049745
0.044107
0.11516
0.178454
0.227778
0.255293
0.255293
0.227778
0.178454
0.11516
0.0441068
0.0337837
0.0886196
0.13649
0.172837
0.192644
0.192643
0.172838
0.13649
0.0886196
0.0337834
0.020614
0.0550483
0.0848868
0.107345
0.119407
0.119407
0.107345
0.0848869
0.0550484
0.0206138
0.00772488
0.0196534
0.0317139
0.0409891
0.0459446
0.0459445
0.0409889
0.031714
0.0196535
0.00772478
0.00775025
0.0197139
0.031807
0.0411053
0.0460725
0.0460725
0.0411052
0.031807
0.019714
0.0077502
0.0206782
0.055179
0.0850444
0.107503
0.119557
0.119557
0.107503
0.0850447
0.0551788
0.0206781
0.0338848
0.0887807
0.136612
0.172863
0.192591
0.192591
0.172863
0.136612
0.0887808
0.033885
0.0442349
0.115316
0.17846
0.22753
0.254846
0.254846
0.227531
0.17846
0.115316
0.0442349
0.0498863
0.129998
0.202244
0.259518
0.291977
0.291976
0.259518
0.202244
0.129998
0.0498864
0.0498863
0.129998
0.202244
0.259518
0.291976
0.291976
0.259518
0.202244
0.129998
0.0498863
0.0442347
0.115316
0.17846
0.22753
0.254846
0.254846
0.22753
0.17846
0.115316
0.0442346
0.0338848
0.0887813
0.136612
0.172863
0.192591
0.192591
0.172863
0.136612
0.0887811
0.0338848
0.0206782
0.0551792
0.0850444
0.107503
0.119557
0.119557
0.107503
0.0850448
0.0551792
0.0206782
0.00775015
0.0197138
0.0318071
0.0411054
0.0460725
0.0460725
0.041105
0.0318071
0.0197138
0.00775011
0.0077753
0.0197731
0.0318979
0.0412188
0.0461976
0.0461975
0.0412188
0.0318982
0.0197732
0.00777524
0.0207413
0.0553076
0.0851985
0.107656
0.119704
0.119704
0.107657
0.0851988
0.0553075
0.0207414
0.0339839
0.0889388
0.136731
0.172888
0.192539
0.192539
0.172888
0.136731
0.088939
0.0339838
0.0443598
0.115468
0.178466
0.227289
0.254409
0.25441
0.227288
0.178466
0.115468
0.0443597
0.0500247
0.130135
0.202148
0.259043
0.291201
0.291201
0.259043
0.202148
0.130135
0.0500246
0.0500247
0.130135
0.202147
0.259043
0.291201
0.291201
0.259043
0.202147
0.130135
0.0500246
0.0443598
0.115468
0.178466
0.227288
0.254409
0.254409
0.227288
0.178466
0.115468
0.04436
0.033984
0.0889387
0.136731
0.172888
0.192539
0.192539
0.172888
0.136731
0.0889387
0.0339841
0.0207414
0.0553073
0.0851988
0.107656
0.119704
0.119704
0.107657
0.0851987
0.0553073
0.0207413
0.00777525
0.0197732
0.0318983
0.0412189
0.0461976
0.0461977
0.0412189
0.0318982
0.0197732
0.00777526
0.00779971
0.019831
0.0319871
0.0413299
0.0463201
0.0463203
0.0413303
0.0319872
0.0198312
0.0077998
0.0208034
0.0554328
0.085349
0.107806
0.119846
0.119846
0.107806
0.0853488
0.0554327
0.0208032
0.034081
0.0890927
0.136846
0.172911
0.192488
0.192488
0.172911
0.136846
0.0890925
0.034081
0.0444823
0.115616
0.17847
0.227051
0.253984
0.253984
0.227051
0.17847
0.115616
0.0444821
0.0501601
0.130268
0.202052
0.258579
0.290447
0.290447
0.258579
0.202052
0.130268
0.0501598
0.05016
0.130268
0.202052
0.258579
0.290447
0.290447
0.258579
0.202052
0.130268
0.0501601
0.0444825
0.115616
0.17847
0.227051
0.253984
0.253983
0.227051
0.17847
0.115616
0.0444824
0.0340813
0.0890922
0.136845
0.172911
0.192488
0.192488
0.17291
0.136845
0.0890921
0.0340812
0.0208031
0.0554323
0.085349
0.107806
0.119846
0.119846
0.107806
0.085349
0.0554323
0.0208031
0.00779972
0.019831
0.0319875
0.04133
0.0463201
0.0463201
0.0413302
0.0319875
0.019831
0.00779985
0.00782366
0.0198877
0.0320745
0.0414387
0.0464397
0.0464399
0.0414391
0.0320745
0.0198876
0.00782366
0.0208635
0.0555542
0.0854951
0.107952
0.119985
0.119985
0.107952
0.085495
0.0555542
0.0208635
0.0341762
0.0892416
0.136957
0.172932
0.192437
0.192437
0.172932
0.136957
0.0892417
0.0341762
0.0446023
0.11576
0.178473
0.22682
0.253569
0.253569
0.22682
0.178473
0.11576
0.0446019
0.0502925
0.130398
0.201959
0.258128
0.289713
0.289713
0.258128
0.201959
0.130398
0.0502923
0.0502923
0.130398
0.201959
0.258128
0.289713
0.289713
0.258128
0.201959
0.130398
0.0502925
0.0446021
0.11576
0.178473
0.22682
0.253569
0.253569
0.22682
0.178473
0.11576
0.0446023
0.0341762
0.0892418
0.136957
0.172932
0.192437
0.192437
0.172932
0.136957
0.0892418
0.0341763
0.0208634
0.0555541
0.0854954
0.107952
0.119985
0.119985
0.107952
0.0854954
0.0555541
0.0208635
0.00782392
0.0198879
0.0320745
0.0414388
0.04644
0.04644
0.0414391
0.0320748
0.0198877
0.00782363
0.00784709
0.0199433
0.0321599
0.0415453
0.046557
0.046557
0.0415451
0.0321598
0.0199431
0.00784727
0.0209224
0.0556731
0.0856381
0.108094
0.12012
0.120121
0.108094
0.0856382
0.0556734
0.0209225
0.034269
0.0893876
0.137065
0.172952
0.192387
0.192387
0.172953
0.137066
0.0893878
0.0342689
0.0447192
0.1159
0.178476
0.226593
0.253164
0.253164
0.226593
0.178476
0.1159
0.0447191
0.0504218
0.130525
0.201867
0.257687
0.288999
0.288999
0.257687
0.201867
0.130525
0.0504218
0.0504219
0.130525
0.201867
0.257687
0.288999
0.288999
0.257687
0.201867
0.130525
0.0504219
0.0447192
0.1159
0.178476
0.226593
0.253164
0.253164
0.226593
0.178476
0.1159
0.0447192
0.034269
0.0893876
0.137065
0.172952
0.192387
0.192386
0.172952
0.137065
0.0893877
0.034269
0.0209225
0.0556732
0.0856382
0.108094
0.120121
0.12012
0.108094
0.0856384
0.0556734
0.0209225
0.00784716
0.019943
0.03216
0.0415453
0.0465572
0.0465569
0.0415452
0.0321598
0.0199431
0.00784724
0.00787022
0.0199974
0.0322429
0.041649
0.0466715
0.0466716
0.0416493
0.032243
0.0199975
0.00787024
0.0209803
0.0557904
0.085778
0.108233
0.120252
0.120253
0.108233
0.0857777
0.0557906
0.0209804
0.0343598
0.0895308
0.137172
0.172972
0.192337
0.192337
0.172972
0.137171
0.0895307
0.0343596
0.0448337
0.116037
0.178478
0.226372
0.25277
0.25277
0.226372
0.178478
0.116037
0.0448335
0.0505485
0.130648
0.201777
0.257258
0.288305
0.288305
0.257258
0.201776
0.130648
0.0505485
0.0505484
0.130648
0.201777
0.257258
0.288305
0.288305
0.257258
0.201776
0.130648
0.0505485
0.0448338
0.116037
0.178479
0.226372
0.252769
0.252769
0.226372
0.178478
0.116037
0.0448337
0.0343598
0.0895305
0.137171
0.172972
0.192337
0.192336
0.172972
0.137171
0.0895305
0.03436
0.0209806
0.0557903
0.0857784
0.108233
0.120252
0.120252
0.108233
0.0857778
0.0557902
0.0209804
0.0078701
0.0199974
0.0322435
0.0416492
0.0466715
0.0466716
0.0416495
0.0322434
0.0199974
0.00787012
0.00789266
0.0200506
0.0323248
0.0417507
0.0467834
0.0467838
0.0417512
0.0323248
0.0200506
0.00789261
0.0210369
0.0559042
0.0859142
0.108368
0.120381
0.120381
0.108367
0.0859135
0.0559043
0.0210371
0.0344488
0.0896699
0.137274
0.17299
0.192288
0.192288
0.17299
0.137274
0.0896697
0.0344486
0.0449457
0.11617
0.17848
0.226156
0.252385
0.252385
0.226155
0.17848
0.11617
0.0449457
0.0506723
0.130768
0.201688
0.25684
0.28763
0.28763
0.25684
0.201688
0.130768
0.0506724
0.0506724
0.130768
0.201688
0.25684
0.28763
0.28763
0.25684
0.201688
0.130768
0.0506724
0.044946
0.11617
0.178479
0.226155
0.252385
0.252385
0.226155
0.178479
0.11617
0.0449459
0.034449
0.0896691
0.137273
0.17299
0.192287
0.192288
0.17299
0.137273
0.0896691
0.0344489
0.0210369
0.0559037
0.0859143
0.108368
0.120381
0.120381
0.108367
0.0859137
0.0559035
0.0210368
0.00789274
0.0200504
0.032325
0.041751
0.0467835
0.0467835
0.0417512
0.0323248
0.0200503
0.00789254
0.00791454
0.0201024
0.0324047
0.0418506
0.0468929
0.0468932
0.0418508
0.0324046
0.0201022
0.00791473
0.021092
0.0560142
0.0860463
0.108499
0.120506
0.120506
0.108498
0.0860459
0.0560144
0.0210921
0.0345358
0.0898042
0.137373
0.173007
0.192239
0.192239
0.173007
0.137372
0.0898043
0.0345359
0.0450553
0.1163
0.17848
0.225944
0.25201
0.25201
0.225944
0.17848
0.1163
0.0450556
0.0507933
0.130884
0.2016
0.256432
0.286973
0.286973
0.256432
0.201601
0.130884
0.0507935
0.0507934
0.130884
0.2016
0.256432
0.286973
0.286973
0.256432
0.201601
0.130884
0.0507934
0.0450557
0.1163
0.17848
0.225944
0.25201
0.25201
0.225944
0.17848
0.1163
0.0450556
0.034536
0.0898043
0.137373
0.173007
0.192239
0.192239
0.173007
0.137373
0.0898043
0.0345358
0.0210919
0.0560143
0.0860465
0.108499
0.120506
0.120506
0.108499
0.0860461
0.0560143
0.021092
0.00791455
0.0201024
0.0324046
0.0418506
0.0468929
0.0468929
0.0418506
0.0324048
0.0201023
0.00791443
0.00793613
0.020153
0.0324827
0.0419477
0.0469998
0.0469998
0.0419478
0.0324823
0.020153
0.00793596
0.0211459
0.0561224
0.0861755
0.108627
0.120628
0.120627
0.108627
0.0861753
0.0561222
0.0211459
0.0346207
0.0899362
0.137469
0.173022
0.192191
0.192191
0.173022
0.137469
0.089936
0.0346209
0.0451626
0.116426
0.17848
0.225737
0.251645
0.251645
0.225737
0.17848
0.116426
0.0451628
0.0509117
0.130997
0.201515
0.256035
0.286335
0.286335
0.256036
0.201515
0.130997
0.0509117
0.0509116
0.130997
0.201515
0.256035
0.286335
0.286335
0.256036
0.201515
0.130997
0.0509116
0.0451625
0.116426
0.17848
0.225737
0.251645
0.251645
0.225737
0.17848
0.116426
0.0451625
0.0346207
0.0899365
0.137469
0.173023
0.192191
0.192191
0.173023
0.137469
0.0899363
0.0346206
0.021146
0.0561227
0.0861755
0.108627
0.120627
0.120627
0.108627
0.0861755
0.0561226
0.0211459
0.00793594
0.020153
0.0324825
0.0419477
0.0469998
0.0469998
0.0419478
0.0324825
0.020153
0.00793604
0.00795716
0.0202026
0.0325587
0.0420424
0.0471041
0.0471042
0.0420424
0.0325584
0.0202026
0.00795692
0.0211986
0.0562283
0.0863017
0.108752
0.120746
0.120746
0.108752
0.0863019
0.0562288
0.0211986
0.0347036
0.0900651
0.137563
0.173038
0.192144
0.192144
0.173038
0.137563
0.0900654
0.0347034
0.0452669
0.116549
0.178479
0.225536
0.251289
0.251289
0.225536
0.178479
0.116549
0.0452669
0.051027
0.131108
0.201431
0.255649
0.285715
0.285714
0.255649
0.201431
0.131107
0.051027
0.0510269
0.131108
0.201431
0.255649
0.285714
0.285715
0.255649
0.201431
0.131107
0.0510269
0.0452668
0.116549
0.17848
0.225536
0.251289
0.251289
0.225536
0.178479
0.116549
0.0452667
0.0347035
0.0900655
0.137563
0.173038
0.192144
0.192144
0.173038
0.137563
0.0900654
0.0347035
0.0211989
0.0562289
0.0863019
0.108752
0.120746
0.120746
0.108752
0.0863019
0.0562288
0.0211989
0.00795703
0.0202025
0.0325585
0.0420425
0.0471042
0.0471041
0.0420424
0.0325587
0.0202026
0.00795706
0.00797762
0.0202509
0.0326329
0.0421353
0.0472062
0.047206
0.042135
0.032633
0.020251
0.00797759
0.0212503
0.0563317
0.086425
0.108874
0.120861
0.120861
0.108873
0.0864248
0.0563322
0.0212504
0.0347846
0.0901907
0.137654
0.173052
0.192097
0.192097
0.173052
0.137654
0.0901908
0.0347845
0.0453689
0.116669
0.178478
0.225339
0.250942
0.250942
0.225339
0.178478
0.116669
0.0453689
0.0511397
0.131215
0.201348
0.255272
0.285111
0.285111
0.255272
0.201349
0.131215
0.0511398
0.0511396
0.131215
0.201348
0.255272
0.285111
0.285111
0.255272
0.201348
0.131214
0.0511397
0.0453688
0.116669
0.178478
0.225339
0.250942
0.250942
0.225339
0.178478
0.116669
0.045369
0.0347845
0.0901911
0.137655
0.173052
0.192097
0.192097
0.173052
0.137654
0.0901908
0.0347846
0.0212504
0.0563321
0.0864248
0.108874
0.120861
0.120861
0.108873
0.0864248
0.056332
0.0212504
0.00797753
0.020251
0.032633
0.0421351
0.0472062
0.0472063
0.0421352
0.032633
0.020251
0.00797765
0.00799759
0.0202983
0.0327059
0.0422259
0.0473059
0.0473057
0.0422256
0.0327056
0.020298
0.00799749
0.0213007
0.0564324
0.0865445
0.108992
0.120974
0.120973
0.108992
0.0865445
0.0564322
0.0213006
0.034864
0.0903127
0.137742
0.173065
0.192051
0.192051
0.173065
0.137742
0.0903127
0.034864
0.0454689
0.116785
0.178476
0.225146
0.250604
0.250604
0.225146
0.178476
0.116785
0.0454691
0.0512503
0.131319
0.201268
0.254905
0.284525
0.284525
0.254905
0.201268
0.131319
0.0512501
0.05125
0.131319
0.201268
0.254905
0.284525
0.284525
0.254905
0.201268
0.131319
0.05125
0.0454687
0.116785
0.178476
0.225146
0.250604
0.250604
0.225146
0.178476
0.116785
0.0454688
0.0348638
0.0903131
0.137743
0.173065
0.192051
0.192051
0.173065
0.137743
0.090313
0.0348636
0.0213008
0.0564326
0.0865444
0.108992
0.120973
0.120973
0.108992
0.0865441
0.0564322
0.0213008
0.00799741
0.0202983
0.0327056
0.0422256
0.0473058
0.0473058
0.0422257
0.0327055
0.0202981
0.00799755
0.00801719
0.0203444
0.0327768
0.0423145
0.0474034
0.0474032
0.042314
0.0327765
0.0203446
0.00801704
0.02135
0.0565299
0.086661
0.109107
0.121083
0.121083
0.109106
0.0866608
0.0565299
0.0213499
0.0349413
0.0904311
0.137828
0.173077
0.192006
0.192006
0.173077
0.137828
0.090431
0.0349414
0.0455664
0.116898
0.178474
0.224958
0.250275
0.250275
0.224958
0.178474
0.116898
0.0455665
0.0513578
0.13142
0.201188
0.254548
0.283955
0.283954
0.254548
0.201189
0.13142
0.0513579
0.0513576
0.13142
0.201189
0.254548
0.283954
0.283955
0.254548
0.201189
0.13142
0.0513577
0.045566
0.116898
0.178474
0.224958
0.250275
0.250275
0.224959
0.178474
0.116898
0.0455661
0.0349411
0.0904321
0.137828
0.173078
0.192006
0.192006
0.173078
0.137828
0.0904318
0.0349411
0.0213498
0.0565307
0.0866606
0.109106
0.121082
0.121083
0.109107
0.0866612
0.0565304
0.0213499
0.00801725
0.0203444
0.0327764
0.0423142
0.0474032
0.0474033
0.0423142
0.0327766
0.0203444
0.00801717
0.00803648
0.0203896
0.032846
0.0424006
0.0474986
0.0474984
0.0424005
0.032846
0.0203896
0.00803627
0.0213979
0.0566258
0.0867745
0.109219
0.121189
0.121189
0.109219
0.0867751
0.056626
0.0213979
0.0350166
0.0905477
0.137911
0.173089
0.191961
0.191961
0.173089
0.137911
0.0905477
0.0350166
0.0456613
0.117008
0.178471
0.224775
0.249954
0.249954
0.224775
0.178471
0.117008
0.0456613
0.0514628
0.131518
0.201111
0.2542
0.2834
0.2834
0.2542
0.201111
0.131518
0.0514628
0.0514626
0.131518
0.201111
0.2542
0.2834
0.2834
0.254201
0.201111
0.131518
0.0514625
0.045661
0.117008
0.178471
0.224775
0.249954
0.249955
0.224776
0.178472
0.117008
0.0456608
0.0350164
0.0905484
0.137912
0.173089
0.191961
0.191961
0.173089
0.137912
0.0905481
0.0350164
0.0213979
0.0566266
0.0867746
0.109219
0.121189
0.121189
0.109219
0.0867749
0.0566264
0.0213979
0.00803643
0.0203895
0.0328458
0.0424008
0.0474985
0.0474981
0.0424001
0.0328456
0.0203895
0.0080364
0.00805503
0.0204335
0.0329135
0.0424849
0.0475908
0.0475908
0.0424846
0.0329137
0.0204337
0.00805503
0.0214449
0.05672
0.0868859
0.109328
0.121293
0.121293
0.109328
0.0868861
0.0567201
0.0214451
0.0350903
0.0906613
0.137993
0.1731
0.191918
0.191917
0.1731
0.137993
0.0906613
0.0350901
0.045754
0.117116
0.178469
0.224596
0.249642
0.249642
0.224596
0.178469
0.117116
0.045754
0.0515651
0.131614
0.201035
0.253862
0.282862
0.282862
0.253862
0.201035
0.131614
0.0515652
0.0515649
0.131614
0.201035
0.253862
0.282862
0.282862
0.253862
0.201035
0.131614
0.051565
0.0457536
0.117116
0.178469
0.224596
0.249642
0.249642
0.224596
0.178469
0.117115
0.0457537
0.0350901
0.0906616
0.137993
0.1731
0.191917
0.191918
0.173101
0.137993
0.0906614
0.0350902
0.021445
0.0567205
0.0868857
0.109328
0.121292
0.121292
0.109328
0.086886
0.0567201
0.021445
0.00805495
0.0204334
0.0329132
0.0424847
0.0475911
0.0475907
0.0424844
0.0329134
0.0204335
0.00805506
0.00807331
0.0204767
0.0329797
0.0425673
0.0476815
0.0476813
0.0425669
0.0329796
0.0204767
0.00807326
0.0214908
0.056811
0.0869937
0.109434
0.121393
0.121393
0.109435
0.0869939
0.0568109
0.0214908
0.0351624
0.0907712
0.138071
0.17311
0.191874
0.191874
0.17311
0.138071
0.090771
0.0351623
0.0458445
0.11722
0.178465
0.224422
0.249338
0.249338
0.224422
0.178465
0.11722
0.0458448
0.0516652
0.131707
0.20096
0.253532
0.282338
0.282338
0.253532
0.20096
0.131707
0.0516655
0.0516653
0.131707
0.20096
0.253532
0.282338
0.282338
0.253532
0.20096
0.131707
0.0516653
0.0458447
0.11722
0.178465
0.224422
0.249338
0.249338
0.224422
0.178465
0.11722
0.0458446
0.0351622
0.0907714
0.138071
0.173111
0.191874
0.191874
0.17311
0.138071
0.090771
0.0351623
0.0214907
0.0568113
0.0869934
0.109434
0.121393
0.121393
0.109434
0.0869937
0.0568108
0.0214907
0.00807342
0.0204766
0.0329794
0.0425672
0.0476817
0.0476814
0.0425669
0.0329795
0.0204766
0.00807336
0.00809116
0.0205184
0.033044
0.0426475
0.04777
0.0477696
0.0426471
0.033044
0.0205187
0.00809118
0.0215355
0.0568991
0.0870984
0.109538
0.121491
0.121491
0.109538
0.0870991
0.056899
0.0215353
0.0352327
0.0908774
0.138147
0.17312
0.191832
0.191832
0.17312
0.138147
0.0908771
0.0352328
0.0459333
0.117321
0.178461
0.224251
0.249042
0.249042
0.224251
0.178461
0.117321
0.0459336
0.0517631
0.131798
0.200888
0.253211
0.281829
0.281829
0.253211
0.200887
0.131797
0.0517635
0.0517631
0.131798
0.200887
0.253211
0.281829
0.281829
0.253211
0.200887
0.131798
0.051763
0.045933
0.117321
0.178461
0.224251
0.249042
0.249042
0.224251
0.178461
0.117321
0.0459331
0.0352325
0.0908782
0.138147
0.17312
0.191832
0.191832
0.17312
0.138147
0.0908781
0.0352326
0.0215355
0.0568996
0.0870981
0.109537
0.121491
0.121491
0.109538
0.087099
0.0568996
0.0215356
0.00809112
0.0205184
0.0330439
0.0426478
0.0477704
0.0477699
0.0426472
0.033044
0.0205185
0.00809105
0.00810869
0.0205595
0.0331069
0.0427259
0.0478561
0.0478557
0.0427254
0.0331069
0.0205596
0.00810868
0.0215791
0.0569857
0.0872011
0.109638
0.121586
0.121586
0.109638
0.0872015
0.0569855
0.0215787
0.0353013
0.0909819
0.138221
0.173128
0.19179
0.19179
0.173129
0.138221
0.0909815
0.0353012
0.0460197
0.11742
0.178457
0.224085
0.248754
0.248754
0.224085
0.178457
0.117419
0.0460199
0.0518585
0.131885
0.200816
0.252899
0.281335
0.281335
0.252899
0.200816
0.131885
0.0518586
0.0518582
0.131886
0.200816
0.252899
0.281335
0.281335
0.252899
0.200816
0.131886
0.0518583
0.0460192
0.11742
0.178457
0.224085
0.248754
0.248754
0.224085
0.178458
0.11742
0.0460194
0.0353009
0.0909827
0.138221
0.173129
0.19179
0.19179
0.173129
0.138221
0.0909826
0.0353009
0.021579
0.056986
0.0872005
0.109638
0.121586
0.121586
0.109638
0.0872016
0.0569861
0.021579
0.00810874
0.0205593
0.0331066
0.0427261
0.0478565
0.0478559
0.0427255
0.0331068
0.0205594
0.00810862
0.00812554
0.0205995
0.0331684
0.042802
0.0479401
0.0479398
0.0428018
0.0331685
0.0205995
0.00812555
0.0216217
0.0570708
0.0873011
0.109736
0.121678
0.121679
0.109736
0.0873015
0.0570709
0.0216216
0.035368
0.0910847
0.138293
0.173137
0.191749
0.191749
0.173137
0.138293
0.0910844
0.0353679
0.0461035
0.117516
0.178453
0.223923
0.248474
0.248474
0.223923
0.178453
0.117516
0.0461034
0.0519513
0.131971
0.200746
0.252595
0.280854
0.280854
0.252595
0.200746
0.131971
0.0519512
0.0519513
0.131971
0.200746
0.252595
0.280854
0.280854
0.252595
0.200746
0.131971
0.051951
0.0461034
0.117516
0.178453
0.223923
0.248474
0.248474
0.223923
0.178453
0.117516
0.0461034
0.0353678
0.0910847
0.138293
0.173137
0.191749
0.191749
0.173137
0.138293
0.0910846
0.0353678
0.021622
0.0570712
0.0873008
0.109736
0.121679
0.121679
0.109737
0.0873012
0.057071
0.0216218
0.00812545
0.0205994
0.033168
0.0428021
0.0479401
0.0479398
0.0428019
0.0331682
0.0205995
0.00812551
0.0081423
0.0206386
0.0332281
0.0428764
0.048022
0.048022
0.0428765
0.033228
0.0206386
0.00814227
0.0216633
0.0571533
0.0873982
0.109832
0.121768
0.121768
0.109832
0.0873986
0.0571537
0.0216633
0.035433
0.0911839
0.138363
0.173145
0.191709
0.191709
0.173145
0.138363
0.0911839
0.035433
0.0461855
0.11761
0.178449
0.223765
0.2482
0.2482
0.223765
0.178449
0.117609
0.0461855
0.0520418
0.132054
0.200677
0.252299
0.280387
0.280387
0.252299
0.200677
0.132054
0.0520418
0.0520418
0.132054
0.200677
0.252299
0.280387
0.280387
0.252299
0.200677
0.132054
0.0520419
0.0461855
0.117609
0.178448
0.223765
0.248201
0.2482
0.223765
0.178448
0.117609
0.0461857
0.0354331
0.0911839
0.138363
0.173145
0.191709
0.191708
0.173145
0.138363
0.0911836
0.0354331
0.0216636
0.0571536
0.0873983
0.109832
0.121769
0.121768
0.109832
0.0873984
0.0571534
0.0216636
0.00814216
0.0206387
0.033228
0.0428764
0.0480219
0.0480218
0.0428764
0.0332281
0.0206386
0.00814196
0.00815844
0.0206767
0.0332866
0.0429493
0.0481017
0.0481017
0.0429492
0.0332864
0.0206765
0.00815808
0.021704
0.0572336
0.0874931
0.109925
0.121856
0.121856
0.109925
0.087493
0.0572336
0.0217039
0.0354969
0.0912802
0.138431
0.173152
0.191669
0.191669
0.173152
0.13843
0.0912802
0.035497
0.046266
0.117701
0.178444
0.22361
0.247934
0.247935
0.223611
0.178444
0.1177
0.0462658
0.0521304
0.132135
0.20061
0.252011
0.279933
0.279933
0.252011
0.20061
0.132135
0.0521304
0.0521304
0.132135
0.20061
0.252011
0.279933
0.279934
0.252011
0.20061
0.132135
0.0521306
0.0462659
0.1177
0.178443
0.223611
0.247935
0.247934
0.223611
0.178444
0.1177
0.046266
0.035497
0.0912799
0.13843
0.173152
0.191669
0.191669
0.173152
0.13843
0.0912795
0.0354971
0.021704
0.0572333
0.0874927
0.109924
0.121856
0.121856
0.109925
0.0874927
0.0572331
0.021704
0.00815829
0.0206766
0.0332865
0.0429489
0.0481017
0.0481018
0.0429491
0.0332865
0.0206767
0.00815828
0.00817412
0.0207136
0.0333434
0.0430205
0.0481801
0.0481801
0.0430203
0.0333434
0.0207139
0.00817434
0.0217435
0.0573112
0.0875846
0.110015
0.121941
0.121941
0.110015
0.0875845
0.0573109
0.0217435
0.0355592
0.0913734
0.138496
0.173158
0.19163
0.19163
0.173159
0.138496
0.0913734
0.0355593
0.0463443
0.117789
0.178438
0.223461
0.247676
0.247676
0.22346
0.178439
0.117789
0.0463443
0.052217
0.132213
0.200545
0.251731
0.279492
0.279493
0.251731
0.200545
0.132213
0.0522168
0.0522169
0.132213
0.200545
0.251731
0.279492
0.279492
0.251731
0.200545
0.132213
0.052217
0.0463444
0.117789
0.178438
0.22346
0.247675
0.247676
0.22346
0.178438
0.117789
0.0463443
0.0355592
0.0913734
0.138496
0.173158
0.19163
0.19163
0.173158
0.138496
0.0913733
0.0355591
0.0217434
0.0573113
0.0875847
0.110014
0.121941
0.121941
0.110015
0.0875848
0.0573109
0.0217434
0.00817422
0.0207136
0.0333434
0.0430202
0.0481799
0.04818
0.0430204
0.0333435
0.0207136
0.00817407
0.00818947
0.0207501
0.0333989
0.0430893
0.0482561
0.0482562
0.0430895
0.0333993
0.0207503
0.00818942
0.0217822
0.0573874
0.0876742
0.110102
0.122024
0.122024
0.110102
0.0876746
0.0573875
0.0217821
0.0356197
0.0914648
0.138559
0.173165
0.191592
0.191592
0.173165
0.13856
0.0914651
0.0356196
0.0464204
0.117874
0.178433
0.223314
0.247424
0.247424
0.223314
0.178433
0.117875
0.0464201
0.052301
0.132289
0.200481
0.251458
0.279064
0.279064
0.251458
0.200481
0.13229
0.0523011
0.0523014
0.13229
0.200481
0.251458
0.279064
0.279064
0.251458
0.200481
0.132289
0.0523012
0.0464206
0.117875
0.178433
0.223314
0.247424
0.247424
0.223314
0.178433
0.117875
0.0464206
0.0356197
0.0914647
0.138559
0.173165
0.191592
0.191592
0.173165
0.13856
0.0914647
0.0356197
0.0217821
0.0573873
0.0876742
0.110102
0.122024
0.122024
0.110102
0.0876744
0.0573872
0.0217821
0.00818942
0.0207498
0.0333989
0.0430894
0.0482561
0.048256
0.0430894
0.033399
0.02075
0.00818953
0.00820457
0.0207854
0.0334531
0.0431568
0.0483301
0.0483303
0.0431571
0.033453
0.0207853
0.00820478
0.0218199
0.0574621
0.087762
0.110188
0.122104
0.122104
0.110188
0.0877619
0.0574621
0.0218196
0.0356785
0.0915542
0.138622
0.173171
0.191555
0.191555
0.173171
0.138622
0.0915546
0.0356786
0.0464945
0.117958
0.178428
0.223171
0.247179
0.247179
0.223171
0.178428
0.117958
0.0464946
0.0523832
0.132363
0.200418
0.251193
0.278648
0.278648
0.251193
0.200418
0.132364
0.0523832
0.0523834
0.132363
0.200418
0.251193
0.278648
0.278648
0.251193
0.200418
0.132363
0.0523835
0.046495
0.117958
0.178428
0.223171
0.247179
0.247178
0.223171
0.178428
0.117958
0.046495
0.0356788
0.091554
0.138622
0.173171
0.191555
0.191555
0.173171
0.138622
0.0915538
0.0356788
0.0218198
0.0574617
0.0877621
0.110188
0.122104
0.122104
0.110188
0.087762
0.0574617
0.0218198
0.00820473
0.0207855
0.0334533
0.0431567
0.0483301
0.0483302
0.043157
0.0334532
0.0207852
0.00820453
0.00821917
0.0208198
0.0335059
0.0432223
0.0484027
0.0484031
0.0432232
0.033506
0.0208195
0.00821906
0.0218567
0.0575347
0.0878471
0.110271
0.122183
0.122182
0.110271
0.0878465
0.0575342
0.0218567
0.0357363
0.0916411
0.138682
0.173176
0.191518
0.191518
0.173176
0.138682
0.091641
0.0357362
0.0465672
0.118039
0.178423
0.223032
0.24694
0.24694
0.223032
0.178423
0.11804
0.0465673
0.0524635
0.132435
0.200357
0.250935
0.278243
0.278243
0.250935
0.200357
0.132435
0.0524634
0.0524638
0.132435
0.200357
0.250935
0.278243
0.278243
0.250935
0.200357
0.132435
0.0524635
0.0465678
0.118039
0.178423
0.223032
0.24694
0.24694
0.223032
0.178422
0.118039
0.0465676
0.0357366
0.0916401
0.138682
0.173176
0.191518
0.191518
0.173176
0.138681
0.0916404
0.0357366
0.0218564
0.0575337
0.0878472
0.110271
0.122183
0.122183
0.110271
0.0878468
0.0575339
0.0218566
0.00821928
0.02082
0.0335062
0.0432225
0.0484028
0.048403
0.043223
0.0335062
0.0208198
0.00821922
0.00823345
0.0208533
0.0335575
0.0432864
0.048473
0.0484736
0.0432874
0.0335576
0.0208533
0.0082335
0.0218923
0.0576046
0.0879297
0.110352
0.122259
0.122259
0.110351
0.0879286
0.0576044
0.0218926
0.0357927
0.0917249
0.13874
0.173181
0.191482
0.191482
0.173181
0.13874
0.0917248
0.0357926
0.0466381
0.118118
0.178417
0.222896
0.246708
0.246708
0.222896
0.178417
0.118118
0.046638
0.0525416
0.132505
0.200297
0.250684
0.27785
0.27785
0.250684
0.200297
0.132505
0.0525414
0.0525421
0.132505
0.200297
0.250684
0.27785
0.27785
0.250684
0.200297
0.132505
0.0525417
0.0466388
0.118118
0.178417
0.222896
0.246708
0.246708
0.222896
0.178417
0.118118
0.0466384
0.035793
0.0917236
0.13874
0.173181
0.191482
0.191482
0.173181
0.138739
0.0917242
0.0357928
0.0218921
0.0576037
0.0879297
0.110352
0.122259
0.122259
0.110351
0.0879294
0.0576039
0.0218924
0.00823354
0.0208535
0.0335577
0.0432867
0.0484733
0.0484733
0.0432868
0.0335577
0.0208535
0.00823359
0.00824735
0.020886
0.0336077
0.0433491
0.0485419
0.0485425
0.0433498
0.0336077
0.0208862
0.00824771
0.0219271
0.0576726
0.0880098
0.11043
0.122333
0.122333
0.11043
0.0880092
0.0576728
0.0219274
0.0358475
0.0918064
0.138796
0.173185
0.191447
0.191447
0.173185
0.138796
0.0918068
0.0358474
0.046707
0.118195
0.178411
0.222764
0.246482
0.246482
0.222764
0.178411
0.118195
0.0467069
0.0526176
0.132573
0.200238
0.25044
0.277468
0.277468
0.25044
0.200238
0.132573
0.0526175
0.0526181
0.132573
0.200238
0.25044
0.277468
0.277468
0.25044
0.200238
0.132573
0.052618
0.0467077
0.118194
0.178411
0.222764
0.246482
0.246482
0.222764
0.178411
0.118195
0.0467075
0.0358477
0.0918056
0.138796
0.173185
0.191447
0.191447
0.173185
0.138796
0.0918062
0.0358475
0.0219269
0.0576721
0.0880102
0.11043
0.122333
0.122333
0.11043
0.08801
0.0576725
0.0219272
0.00824749
0.0208863
0.033608
0.0433494
0.048542
0.0485422
0.0433495
0.0336078
0.0208861
0.00824755
0.00826108
0.0209182
0.0336568
0.0434099
0.0486088
0.0486094
0.0434108
0.0336566
0.020918
0.00826124
0.0219613
0.0577397
0.0880884
0.110507
0.122405
0.122404
0.110506
0.0880876
0.0577397
0.0219613
0.0359008
0.0918865
0.138851
0.17319
0.191412
0.191412
0.17319
0.138851
0.0918865
0.0359007
0.046774
0.11827
0.178405
0.222635
0.246262
0.246262
0.222635
0.178405
0.11827
0.046774
0.0526915
0.132639
0.200181
0.250202
0.277097
0.277097
0.250202
0.200181
0.132639
0.0526918
0.052692
0.132639
0.200181
0.250202
0.277098
0.277098
0.250202
0.200181
0.132639
0.0526921
0.0467748
0.118269
0.178405
0.222635
0.246262
0.246262
0.222635
0.178405
0.118269
0.0467744
0.0359008
0.0918857
0.138851
0.17319
0.191412
0.191412
0.17319
0.138851
0.0918861
0.0359008
0.0219612
0.0577393
0.0880886
0.110507
0.122405
0.122405
0.110507
0.0880886
0.0577394
0.0219612
0.00826088
0.0209182
0.033657
0.0434105
0.0486091
0.0486092
0.0434106
0.0336569
0.020918
0.00826109
0.00827431
0.0209492
0.0337043
0.043469
0.0486739
0.0486747
0.04347
0.0337045
0.0209492
0.0082745
0.0219944
0.0578051
0.088165
0.110581
0.122475
0.122474
0.11058
0.0881642
0.0578052
0.0219946
0.0359526
0.0919646
0.138905
0.173194
0.191379
0.191379
0.173194
0.138905
0.0919647
0.0359527
0.0468394
0.118343
0.1784
0.22251
0.246049
0.246049
0.222509
0.1784
0.118343
0.0468395
0.052764
0.132703
0.200125
0.249971
0.276737
0.276737
0.249971
0.200125
0.132703
0.0527641
0.0527644
0.132703
0.200125
0.249971
0.276737
0.276737
0.249971
0.200125
0.132703
0.0527641
0.0468398
0.118342
0.1784
0.222509
0.246049
0.246048
0.222509
0.178399
0.118342
0.0468399
0.0359528
0.0919635
0.138905
0.173193
0.191379
0.191379
0.173194
0.138904
0.0919642
0.0359528
0.0219945
0.0578043
0.0881649
0.110581
0.122475
0.122475
0.110581
0.0881646
0.0578047
0.0219944
0.00827439
0.0209492
0.0337047
0.0434697
0.0486744
0.0486743
0.0434696
0.0337043
0.0209491
0.00827432
0.00828727
0.0209795
0.0337509
0.0435272
0.0487379
0.0487386
0.043528
0.0337509
0.0209793
0.00828747
0.0220268
0.0578687
0.0882395
0.110653
0.122543
0.122542
0.110652
0.0882379
0.0578683
0.0220271
0.0360035
0.0920403
0.138957
0.173197
0.191346
0.191346
0.173197
0.138956
0.0920402
0.0360036
0.0469032
0.118413
0.178394
0.222387
0.245841
0.245841
0.222387
0.178394
0.118413
0.0469035
0.0528344
0.132766
0.200071
0.249747
0.276387
0.276387
0.249746
0.20007
0.132766
0.0528346
0.0528347
0.132765
0.20007
0.249746
0.276387
0.276387
0.249746
0.20007
0.132766
0.0528348
0.0469037
0.118412
0.178394
0.222387
0.245841
0.245841
0.222387
0.178394
0.118413
0.0469036
0.0360037
0.0920388
0.138956
0.173197
0.191345
0.191345
0.173197
0.138956
0.0920395
0.0360036
0.0220267
0.0578676
0.0882392
0.110653
0.122543
0.122542
0.110653
0.0882386
0.0578682
0.0220269
0.00828728
0.0209796
0.0337515
0.0435279
0.0487381
0.0487382
0.0435274
0.0337509
0.0209797
0.00828731
0.00829978
0.0210092
0.0337963
0.0435835
0.0487999
0.0488006
0.0435845
0.0337961
0.0210089
0.00830014
0.0220582
0.05793
0.0883115
0.110724
0.122609
0.122608
0.110722
0.0883098
0.0579296
0.0220584
0.0360529
0.0921135
0.139007
0.1732
0.191313
0.191313
0.1732
0.139006
0.0921136
0.036053
0.0469656
0.118482
0.178387
0.222268
0.245639
0.245638
0.222268
0.178387
0.118482
0.0469656
0.0529031
0.132826
0.200017
0.249528
0.276047
0.276047
0.249528
0.200017
0.132826
0.0529031
0.0529036
0.132826
0.200017
0.249528
0.276047
0.276047
0.249528
0.200017
0.132826
0.0529035
0.046966
0.118481
0.178388
0.222268
0.245638
0.245638
0.222267
0.178387
0.118481
0.046966
0.0360534
0.0921121
0.139006
0.1732
0.191313
0.191313
0.1732
0.139006
0.0921126
0.0360531
0.0220582
0.0579291
0.0883113
0.110724
0.122609
0.122608
0.110723
0.0883105
0.0579294
0.0220583
0.00829996
0.0210094
0.0337968
0.0435842
0.0487999
0.0488001
0.0435841
0.0337965
0.0210091
0.00829984
0.00831211
0.021038
0.0338403
0.0436384
0.0488603
0.0488609
0.0436392
0.0338405
0.0210378
0.0083121
0.022089
0.0579894
0.0883813
0.110792
0.122673
0.122673
0.110791
0.0883805
0.0579899
0.0220891
0.0361012
0.0921841
0.139055
0.173203
0.191281
0.191281
0.173203
0.139055
0.0921848
0.0361014
0.0470262
0.118548
0.178381
0.222152
0.245442
0.245442
0.222152
0.178381
0.118548
0.0470264
0.0529699
0.132885
0.199965
0.249315
0.275716
0.275716
0.249315
0.199965
0.132885
0.0529701
0.0529701
0.132885
0.199965
0.249315
0.275716
0.275716
0.249315
0.199965
0.132885
0.0529701
0.0470267
0.118547
0.178381
0.222152
0.245442
0.245442
0.222152
0.178381
0.118548
0.0470266
0.0361015
0.0921837
0.139055
0.173203
0.191281
0.191281
0.173203
0.139054
0.0921842
0.0361014
0.0220887
0.0579889
0.0883814
0.110792
0.122673
0.122673
0.110791
0.088381
0.0579894
0.022089
0.00831223
0.0210382
0.0338408
0.0436392
0.0488605
0.0488607
0.043639
0.0338403
0.0210377
0.00831215
0.00832417
0.0210661
0.0338834
0.0436921
0.0489189
0.0489195
0.0436929
0.0338831
0.0210658
0.00832423
0.0221189
0.0580481
0.0884499
0.110858
0.122735
0.122735
0.110857
0.0884485
0.0580481
0.022119
0.0361481
0.0922539
0.139102
0.173206
0.19125
0.19125
0.173206
0.139102
0.0922542
0.0361481
0.0470852
0.118613
0.178375
0.222039
0.24525
0.24525
0.222039
0.178375
0.118613
0.0470851
0.053035
0.132942
0.199914
0.249109
0.275395
0.275395
0.249108
0.199914
0.132942
0.053035
0.0530354
0.132942
0.199914
0.249108
0.275395
0.275395
0.249109
0.199914
0.132942
0.0530351
0.0470855
0.118613
0.178375
0.222039
0.24525
0.24525
0.222039
0.178375
0.118613
0.0470852
0.036148
0.0922535
0.139102
0.173206
0.19125
0.19125
0.173206
0.139102
0.0922543
0.0361482
0.0221187
0.0580476
0.0884495
0.110858
0.122736
0.122735
0.110858
0.0884495
0.0580482
0.0221189
0.00832383
0.021066
0.0338837
0.0436924
0.0489191
0.0489193
0.0436925
0.0338834
0.0210659
0.00832412
0.00833577
0.0210933
0.0339251
0.043744
0.0489763
0.0489768
0.0437447
0.0339252
0.0210931
0.00833592
0.0221481
0.0581054
0.0885163
0.110923
0.122796
0.122796
0.110922
0.0885153
0.0581053
0.0221481
0.0361936
0.0923218
0.139148
0.173209
0.19122
0.19122
0.173209
0.139148
0.0923225
0.0361937
0.0471424
0.118676
0.178369
0.221929
0.245064
0.245064
0.221929
0.178369
0.118676
0.0471426
0.0530982
0.132997
0.199864
0.248908
0.275084
0.275083
0.248907
0.199865
0.132997
0.0530983
0.0530983
0.132997
0.199864
0.248907
0.275083
0.275084
0.248907
0.199865
0.132997
0.0530983
0.0471425
0.118676
0.178369
0.221929
0.245064
0.245064
0.221929
0.178369
0.118676
0.0471427
0.0361936
0.0923217
0.139148
0.173209
0.19122
0.19122
0.173209
0.139148
0.0923222
0.0361938
0.0221481
0.0581048
0.0885165
0.110923
0.122796
0.122796
0.110923
0.0885157
0.0581056
0.0221482
0.00833582
0.0210931
0.0339252
0.0437444
0.0489765
0.0489766
0.0437443
0.0339251
0.0210932
0.00833586
0.00834721
0.02112
0.0339658
0.0437948
0.049032
0.0490328
0.0437958
0.0339662
0.0211198
0.00834725
0.0221766
0.058161
0.0885813
0.110986
0.122855
0.122855
0.110985
0.08858
0.0581607
0.0221767
0.0362382
0.0923881
0.139193
0.173211
0.19119
0.19119
0.173211
0.139193
0.0923886
0.0362383
0.0471983
0.118737
0.178364
0.221821
0.244883
0.244883
0.221822
0.178363
0.118738
0.0471985
0.0531599
0.133051
0.199816
0.248712
0.274781
0.274781
0.248712
0.199816
0.133051
0.0531601
0.05316
0.133051
0.199816
0.248712
0.274781
0.274781
0.248712
0.199816
0.133051
0.0531601
0.0471984
0.118737
0.178363
0.221822
0.244883
0.244883
0.221821
0.178363
0.118737
0.0471982
0.0362382
0.0923876
0.139193
0.173211
0.19119
0.19119
0.173211
0.139192
0.0923878
0.036238
0.0221765
0.0581607
0.0885812
0.110986
0.122855
0.122855
0.110986
0.0885804
0.0581608
0.0221765
0.00834721
0.02112
0.0339662
0.0437951
0.0490319
0.0490321
0.043795
0.0339659
0.0211198
0.00834709
0.00835823
0.0211457
0.0340056
0.0438441
0.0490861
0.0490868
0.0438451
0.0340059
0.021146
0.00835807
0.0222042
0.0582147
0.0886442
0.111047
0.122913
0.122912
0.111046
0.0886429
0.0582148
0.0222043
0.0362815
0.0924519
0.139236
0.173213
0.191161
0.191161
0.173213
0.139236
0.0924522
0.0362816
0.0472529
0.118797
0.178357
0.221717
0.244707
0.244707
0.221717
0.178357
0.118797
0.0472529
0.0532199
0.133103
0.199769
0.248522
0.274487
0.274486
0.248522
0.199769
0.133103
0.05322
0.05322
0.133103
0.199769
0.248522
0.274486
0.274486
0.248521
0.199769
0.133103
0.0532198
0.047253
0.118797
0.178357
0.221717
0.244707
0.244707
0.221717
0.178357
0.118797
0.0472527
0.0362816
0.0924516
0.139235
0.173213
0.191161
0.191161
0.173213
0.139235
0.0924517
0.0362815
0.0222043
0.0582146
0.088644
0.111047
0.122912
0.122912
0.111046
0.0886433
0.0582148
0.0222042
0.0083585
0.0211463
0.034006
0.0438444
0.0490863
0.0490865
0.0438446
0.0340057
0.0211459
0.00835826
0.00836888
0.0211711
0.0340445
0.0438926
0.0491392
0.0491395
0.0438929
0.0340443
0.021171
0.00836873
0.0222311
0.0582669
0.088705
0.111106
0.122968
0.122968
0.111106
0.0887041
0.0582671
0.0222312
0.0363239
0.0925133
0.139277
0.173215
0.191133
0.191133
0.173215
0.139277
0.0925139
0.0363238
0.0473058
0.118854
0.178351
0.221615
0.244536
0.244536
0.221615
0.178351
0.118854
0.0473057
0.0532782
0.133154
0.199722
0.248337
0.2742
0.274201
0.248337
0.199722
0.133154
0.0532783
0.0532783
0.133154
0.199722
0.248337
0.2742
0.2742
0.248337
0.199722
0.133154
0.0532784
0.047306
0.118854
0.178351
0.221615
0.244536
0.244536
0.221615
0.178351
0.118854
0.0473058
0.0363237
0.0925137
0.139277
0.173215
0.191133
0.191133
0.173215
0.139277
0.0925136
0.0363236
0.022231
0.0582669
0.0887049
0.111106
0.122968
0.122968
0.111106
0.0887045
0.0582667
0.0222311
0.008369
0.0211711
0.0340444
0.0438925
0.0491391
0.0491393
0.0438927
0.0340444
0.0211711
0.00836888
0.00837964
0.0211957
0.0340821
0.0439397
0.0491909
0.0491908
0.0439396
0.0340821
0.0211955
0.00837951
0.0222571
0.0583174
0.0887643
0.111164
0.123022
0.123022
0.111164
0.0887639
0.0583175
0.0222572
0.0363648
0.0925736
0.139318
0.173217
0.191105
0.191105
0.173216
0.139318
0.092574
0.0363648
0.0473574
0.11891
0.178345
0.221517
0.244369
0.24437
0.221517
0.178345
0.11891
0.0473575
0.0533351
0.133203
0.199678
0.248157
0.273923
0.273923
0.248157
0.199677
0.133203
0.0533351
0.053335
0.133203
0.199677
0.248157
0.273923
0.273923
0.248157
0.199678
0.133203
0.053335
0.0473572
0.11891
0.178345
0.221517
0.24437
0.24437
0.221517
0.178345
0.11891
0.0473571
0.0363645
0.0925742
0.139318
0.173217
0.191106
0.191105
0.173217
0.139318
0.0925743
0.0363645
0.0222572
0.0583177
0.0887641
0.111164
0.123023
0.123022
0.111164
0.088764
0.058318
0.0222573
0.00837936
0.0211956
0.0340821
0.0439397
0.0491907
0.0491908
0.0439394
0.034082
0.0211958
0.00837939
0.0083899
0.0212195
0.0341187
0.0439854
0.0492412
0.0492409
0.0439853
0.0341185
0.0212195
0.00838981
0.0222828
0.0583671
0.0888217
0.11122
0.123075
0.123075
0.11122
0.0888218
0.0583674
0.0222827
0.0364046
0.0926329
0.139358
0.173218
0.191078
0.191078
0.173218
0.139358
0.0926332
0.0364043
0.0474071
0.118965
0.178339
0.22142
0.244208
0.244208
0.22142
0.178339
0.118965
0.0474072
0.0533898
0.133251
0.199633
0.247983
0.273653
0.273653
0.247982
0.199634
0.133251
0.0533899
0.0533896
0.133251
0.199634
0.247982
0.273653
0.273653
0.247983
0.199633
0.133251
0.0533898
0.0474067
0.118965
0.178339
0.22142
0.244208
0.244208
0.22142
0.178339
0.118965
0.047407
0.0364042
0.0926333
0.139358
0.173218
0.191078
0.191078
0.173218
0.139358
0.0926337
0.0364044
0.0222827
0.0583676
0.0888217
0.11122
0.123075
0.123075
0.11122
0.088822
0.0583677
0.0222827
0.00838959
0.0212195
0.0341185
0.043985
0.0492407
0.0492407
0.0439853
0.0341189
0.0212194
0.00838982
0.00839974
0.0212427
0.0341542
0.0440295
0.0492894
0.0492894
0.0440294
0.0341539
0.0212428
0.00839978
0.0223074
0.0584156
0.0888778
0.111274
0.123126
0.123126
0.111275
0.0888781
0.0584159
0.0223075
0.0364429
0.0926904
0.139396
0.17322
0.191052
0.191052
0.17322
0.139397
0.0926911
0.0364429
0.0474554
0.119018
0.178333
0.221327
0.244051
0.244051
0.221327
0.178333
0.119018
0.0474554
0.053443
0.133297
0.199591
0.247813
0.273391
0.273391
0.247813
0.199591
0.133297
0.0534429
0.0534428
0.133297
0.199591
0.247813
0.273391
0.273391
0.247813
0.199591
0.133297
0.053443
0.0474551
0.119018
0.178333
0.221327
0.244051
0.244051
0.221327
0.178333
0.119018
0.0474553
0.0364429
0.0926909
0.139396
0.17322
0.191052
0.191052
0.17322
0.139396
0.0926906
0.036443
0.0223075
0.0584161
0.0888782
0.111275
0.123127
0.123127
0.111275
0.0888779
0.0584161
0.0223077
0.00839956
0.0212428
0.0341544
0.0440295
0.0492894
0.0492893
0.0440292
0.0341539
0.0212427
0.00839967
0.00840914
0.0212653
0.034189
0.0440725
0.0493367
0.0493366
0.0440724
0.0341886
0.0212653
0.0084094
0.0223315
0.0584625
0.0889324
0.111327
0.123176
0.123176
0.111327
0.0889324
0.0584627
0.0223317
0.0364807
0.092746
0.139434
0.173222
0.191027
0.191027
0.173222
0.139434
0.0927465
0.0364805
0.0475026
0.119069
0.178328
0.221236
0.243898
0.243898
0.221236
0.178328
0.119069
0.0475022
0.0534944
0.133342
0.199549
0.247647
0.273137
0.273137
0.247647
0.199549
0.133342
0.0534943
0.0534941
0.133342
0.199549
0.247647
0.273137
0.273137
0.247647
0.199549
0.133342
0.0534943
0.0475019
0.119069
0.178328
0.221236
0.243898
0.243898
0.221236
0.178327
0.119069
0.0475019
0.0364803
0.0927464
0.139434
0.173222
0.191027
0.191027
0.173221
0.139433
0.0927462
0.0364804
0.0223315
0.0584628
0.0889328
0.111328
0.123176
0.123176
0.111328
0.0889329
0.0584627
0.0223314
0.00840931
0.0212653
0.034189
0.0440725
0.0493366
0.0493363
0.0440723
0.0341889
0.0212652
0.0084094
0.00841858
0.0212872
0.0342224
0.0441143
0.0493825
0.0493822
0.0441138
0.0342221
0.0212872
0.00841868
0.022355
0.0585079
0.0889853
0.111379
0.123225
0.123225
0.111379
0.0889853
0.0585082
0.0223549
0.0365168
0.0927997
0.13947
0.173223
0.191002
0.191002
0.173223
0.13947
0.0928002
0.0365168
0.0475476
0.119118
0.178322
0.221147
0.243749
0.243749
0.221147
0.178322
0.119118
0.0475472
0.0535438
0.133385
0.199508
0.247487
0.272889
0.272889
0.247487
0.199508
0.133385
0.0535433
0.0535436
0.133385
0.199508
0.247487
0.272889
0.272889
0.247487
0.199508
0.133385
0.0535436
0.0475472
0.119118
0.178322
0.221147
0.243749
0.243749
0.221147
0.178322
0.119118
0.0475472
0.0365166
0.0928001
0.13947
0.173223
0.191002
0.191002
0.173223
0.13947
0.0928
0.0365166
0.0223549
0.0585081
0.0889855
0.111379
0.123225
0.123225
0.111379
0.0889857
0.0585082
0.0223547
0.00841871
0.021287
0.0342223
0.0441143
0.0493824
0.0493821
0.044114
0.0342222
0.0212873
0.00841876
0.00842805
0.0213084
0.0342544
0.0441545
0.0494267
0.0494266
0.0441545
0.0342547
0.0213083
0.00842801
0.0223772
0.0585523
0.0890372
0.111429
0.123272
0.123272
0.111429
0.0890374
0.0585522
0.0223774
0.0365516
0.092852
0.139505
0.173225
0.190979
0.190978
0.173225
0.139506
0.0928523
0.0365514
0.0475908
0.119166
0.178316
0.221061
0.243605
0.243605
0.221061
0.178316
0.119166
0.0475903
0.0535908
0.133426
0.199468
0.247331
0.272649
0.272649
0.247331
0.199468
0.133426
0.0535906
0.0535907
0.133426
0.199468
0.247331
0.27265
0.27265
0.247331
0.199468
0.133426
0.0535908
0.0475902
0.119166
0.178316
0.221061
0.243605
0.243605
0.221061
0.178316
0.119166
0.0475905
0.0365514
0.092852
0.139506
0.173225
0.190978
0.190978
0.173225
0.139506
0.0928524
0.0365515
0.0223772
0.0585524
0.0890371
0.111429
0.123272
0.123272
0.11143
0.0890375
0.0585524
0.0223774
0.0084279
0.0213083
0.0342544
0.0441545
0.0494269
0.0494265
0.0441542
0.0342545
0.0213083
0.00842788
0.00843659
0.0213287
0.0342852
0.0441936
0.0494696
0.0494691
0.0441932
0.0342857
0.0213289
0.00843678
0.0223993
0.0585958
0.089088
0.111478
0.123318
0.123318
0.111479
0.0890883
0.0585955
0.0223992
0.0365848
0.0929022
0.13954
0.173227
0.190956
0.190956
0.173227
0.13954
0.0929027
0.0365847
0.0476318
0.119212
0.17831
0.220978
0.243465
0.243465
0.220978
0.17831
0.119212
0.0476315
0.0536356
0.133466
0.199429
0.247179
0.272416
0.272417
0.247179
0.199429
0.133466
0.0536352
0.0536355
0.133466
0.199429
0.247179
0.272417
0.272417
0.247179
0.199429
0.133466
0.0536353
0.0476317
0.119212
0.178311
0.220978
0.243465
0.243465
0.220978
0.178311
0.119212
0.0476315
0.0365848
0.0929023
0.13954
0.173227
0.190956
0.190956
0.173227
0.139541
0.0929027
0.0365849
0.0223991
0.0585958
0.0890882
0.111478
0.123318
0.123319
0.111479
0.0890886
0.0585958
0.0223992
0.00843674
0.0213286
0.0342848
0.0441933
0.0494694
0.0494689
0.0441932
0.0342856
0.0213288
0.00843685
0.00844551
0.0213484
0.0343152
0.0442298
0.04951
0.04951
0.0442303
0.0343158
0.0213485
0.00844528
0.0224202
0.0586377
0.0891383
0.111527
0.123364
0.123363
0.111527
0.0891381
0.0586371
0.0224201
0.0366163
0.0929512
0.139574
0.173229
0.190934
0.190934
0.173229
0.139575
0.0929516
0.0366165
0.0476705
0.119257
0.178305
0.220897
0.24333
0.24333
0.220897
0.178305
0.119257
0.0476702
0.0536772
0.133504
0.199391
0.247032
0.27219
0.272191
0.247032
0.199391
0.133503
0.0536773
0.0536772
0.133504
0.199391
0.247032
0.27219
0.27219
0.247032
0.199391
0.133504
0.0536772
0.0476705
0.119257
0.178305
0.220897
0.24333
0.24333
0.220898
0.178306
0.119257
0.0476704
0.0366164
0.0929514
0.139574
0.173229
0.190934
0.190934
0.173229
0.139575
0.0929513
0.0366162
0.0224203
0.0586378
0.0891389
0.111527
0.123364
0.123364
0.111527
0.0891381
0.0586376
0.0224203
0.0084454
0.0213481
0.034315
0.0442299
0.04951
0.04951
0.0442304
0.0343153
0.0213481
0.00844528
0.00845383
0.0213674
0.0343445
0.0442649
0.0495487
0.0495488
0.0442651
0.0343449
0.0213674
0.00845394
0.0224403
0.0586782
0.0891883
0.111575
0.123408
0.123408
0.111574
0.0891875
0.058678
0.0224404
0.0366462
0.0929985
0.139607
0.173232
0.190914
0.190914
0.173233
0.139608
0.0929991
0.0366466
0.0477061
0.119299
0.1783
0.220819
0.243198
0.243198
0.220819
0.1783
0.119299
0.0477061
0.0537157
0.133539
0.199354
0.246889
0.271971
0.271971
0.246889
0.199354
0.133539
0.0537157
0.0537159
0.133539
0.199354
0.246889
0.271971
0.271971
0.246889
0.199354
0.133539
0.0537157
0.0477063
0.1193
0.1783
0.220819
0.243198
0.243198
0.220819
0.1783
0.119299
0.0477061
0.0366461
0.0929982
0.139607
0.173232
0.190914
0.190914
0.173233
0.139608
0.0929988
0.0366462
0.0224403
0.0586786
0.0891885
0.111575
0.123409
0.123408
0.111574
0.0891874
0.0586782
0.0224404
0.00845378
0.0213674
0.0343442
0.0442647
0.0495485
0.0495487
0.0442654
0.0343444
0.0213672
0.00845389
0.0084618
0.0213853
0.0343722
0.0442985
0.0495854
0.0495855
0.0442988
0.0343723
0.0213854
0.00846199
0.0224597
0.0587176
0.0892358
0.111622
0.123452
0.123452
0.111621
0.089236
0.0587175
0.0224591
0.0366744
0.0930443
0.13964
0.173235
0.190895
0.190895
0.173236
0.13964
0.0930443
0.036674
0.0477391
0.11934
0.178295
0.220743
0.243071
0.243071
0.220744
0.178295
0.11934
0.0477392
0.0537503
0.133573
0.199317
0.24675
0.271758
0.271758
0.24675
0.199317
0.133573
0.0537504
0.0537502
0.133573
0.199317
0.24675
0.271757
0.271758
0.24675
0.199317
0.133573
0.0537504
0.0477389
0.11934
0.178296
0.220743
0.243071
0.243072
0.220744
0.178295
0.11934
0.047739
0.036674
0.0930443
0.13964
0.173235
0.190894
0.190895
0.173236
0.13964
0.0930439
0.0366741
0.0224592
0.0587175
0.0892358
0.111622
0.123452
0.123452
0.111621
0.0892357
0.0587175
0.0224595
0.00846193
0.0213861
0.0343718
0.0442981
0.0495853
0.0495857
0.0442984
0.034372
0.0213855
0.00846206
0.00847175
0.0214051
0.0343992
0.0443313
0.04962
0.0496201
0.0443315
0.0343992
0.0214052
0.00847148
0.0224776
0.0587552
0.0892809
0.111668
0.123496
0.123495
0.111668
0.0892809
0.0587556
0.0224776
0.0366998
0.0930884
0.139672
0.173238
0.190877
0.190878
0.173239
0.139672
0.0930889
0.0366997
0.0477684
0.119378
0.178292
0.22067
0.242949
0.242949
0.220671
0.178291
0.119378
0.0477683
0.0537808
0.133604
0.199282
0.246615
0.271551
0.271551
0.246615
0.199282
0.133604
0.0537805
0.0537806
0.133604
0.199282
0.246615
0.271551
0.271551
0.246615
0.199282
0.133604
0.0537805
0.0477682
0.119378
0.178292
0.220671
0.242949
0.242949
0.220671
0.178291
0.119378
0.0477681
0.0366996
0.0930886
0.139672
0.173238
0.190877
0.190878
0.173239
0.139673
0.0930886
0.0366995
0.0224772
0.0587554
0.0892809
0.111668
0.123496
0.123495
0.111668
0.0892813
0.0587551
0.0224775
0.0084709
0.0214051
0.0343988
0.0443308
0.0496196
0.0496198
0.044331
0.0343992
0.0214049
0.00847142
0.00848191
0.0214259
0.0344249
0.0443603
0.0496527
0.0496528
0.0443603
0.0344248
0.0214254
0.00848178
0.0224944
0.058793
0.089326
0.111711
0.123538
0.123538
0.111711
0.0893255
0.0587927
0.0224943
0.0367221
0.0931317
0.139705
0.173245
0.190862
0.190861
0.173245
0.139706
0.093132
0.0367221
0.0477933
0.119413
0.178287
0.220601
0.242831
0.242831
0.220601
0.178287
0.119414
0.0477934
0.0538054
0.133632
0.199247
0.246484
0.271351
0.271351
0.246484
0.199247
0.133632
0.0538057
0.0538053
0.133632
0.199246
0.246484
0.271351
0.271351
0.246484
0.199247
0.133632
0.0538054
0.0477932
0.119414
0.178287
0.220601
0.242831
0.242831
0.220601
0.178287
0.119414
0.0477931
0.036722
0.0931321
0.139706
0.173245
0.190862
0.190862
0.173245
0.139706
0.0931318
0.036722
0.0224939
0.058793
0.089326
0.111712
0.123538
0.123538
0.111712
0.0893259
0.0587929
0.0224942
0.00848103
0.0214259
0.034425
0.0443599
0.0496521
0.0496525
0.0443602
0.0344253
0.0214257
0.00848122
0.00849168
0.0214463
0.0344508
0.0443883
0.0496818
0.0496818
0.0443884
0.0344509
0.0214458
0.00849173
0.0225098
0.0588292
0.08937
0.111756
0.12358
0.12358
0.111755
0.0893698
0.0588288
0.0225094
0.0367407
0.0931722
0.139739
0.173253
0.190849
0.19085
0.173253
0.139739
0.0931727
0.0367405
0.0478127
0.119447
0.178283
0.220533
0.242717
0.242717
0.220533
0.178283
0.119447
0.0478128
0.0538239
0.133657
0.199213
0.246357
0.271157
0.271157
0.246358
0.199213
0.133657
0.053824
0.0538238
0.133657
0.199212
0.246357
0.271157
0.271157
0.246358
0.199213
0.133657
0.0538238
0.0478127
0.119447
0.178283
0.220534
0.242717
0.242717
0.220534
0.178283
0.119447
0.0478126
0.0367404
0.0931728
0.13974
0.173253
0.190849
0.190849
0.173253
0.139739
0.0931727
0.0367407
0.0225093
0.0588295
0.0893705
0.111755
0.123579
0.12358
0.111755
0.0893701
0.0588295
0.0225096
0.0084912
0.0214462
0.0344517
0.0443881
0.0496814
0.0496817
0.0443883
0.034451
0.0214461
0.0084912
0.00850223
0.0214666
0.0344763
0.044414
0.0497074
0.0497074
0.0444141
0.0344762
0.0214659
0.00850208
0.0225232
0.0588647
0.0894149
0.111798
0.123622
0.123622
0.111798
0.0894147
0.0588645
0.0225232
0.0367552
0.0932113
0.139774
0.173262
0.190839
0.190839
0.173262
0.139774
0.0932115
0.0367548
0.0478256
0.119477
0.178281
0.22047
0.242609
0.242608
0.22047
0.178281
0.119478
0.0478256
0.0538341
0.133677
0.199179
0.246235
0.270969
0.270969
0.246236
0.199179
0.133678
0.0538343
0.0538341
0.133677
0.199179
0.246235
0.270969
0.27097
0.246236
0.199179
0.133678
0.0538343
0.0478255
0.119477
0.178281
0.220471
0.242609
0.242609
0.220471
0.178281
0.119477
0.0478258
0.036755
0.0932115
0.139775
0.173262
0.190839
0.190839
0.173262
0.139774
0.0932114
0.036755
0.0225227
0.058865
0.0894153
0.111797
0.123621
0.123622
0.111798
0.0894151
0.0588647
0.0225231
0.00850106
0.0214668
0.0344777
0.0444141
0.0497071
0.0497075
0.0444142
0.0344764
0.0214661
0.00850134
0.00851205
0.0214867
0.0345009
0.0444371
0.0497293
0.0497293
0.0444374
0.0345007
0.0214862
0.00851217
0.0225359
0.0589004
0.0894602
0.111841
0.123663
0.123662
0.111841
0.0894593
0.0589
0.0225356
0.0367646
0.0932486
0.139809
0.173274
0.190832
0.190832
0.173275
0.139809
0.0932491
0.0367643
0.0478307
0.119505
0.17828
0.220411
0.242505
0.242506
0.220411
0.17828
0.119505
0.0478303
0.053835
0.133694
0.199146
0.246117
0.270788
0.270788
0.246117
0.199147
0.133694
0.053835
0.0538349
0.133694
0.199146
0.246117
0.270788
0.270788
0.246117
0.199147
0.133695
0.0538351
0.0478305
0.119505
0.17828
0.220411
0.242506
0.242506
0.220411
0.17828
0.119505
0.0478308
0.0367642
0.0932493
0.13981
0.173275
0.190832
0.190832
0.173275
0.13981
0.0932486
0.0367647
0.0225352
0.0589005
0.0894606
0.111841
0.123662
0.123663
0.111841
0.08946
0.0589002
0.0225357
0.00851149
0.0214872
0.0345021
0.0444379
0.0497295
0.0497292
0.0444371
0.0345007
0.0214864
0.00851202
0.00852318
0.0215075
0.0345237
0.0444578
0.0497472
0.0497478
0.044458
0.0345228
0.0215073
0.0085239
0.0225501
0.0589372
0.0895032
0.111886
0.123705
0.123705
0.111885
0.0895015
0.0589368
0.0225499
0.0367757
0.0932907
0.139844
0.17329
0.190829
0.190829
0.173289
0.139844
0.0932912
0.0367748
0.0478283
0.11953
0.178279
0.220355
0.242408
0.242408
0.220355
0.17828
0.119531
0.0478278
0.0538246
0.133706
0.199114
0.246003
0.270614
0.270614
0.246003
0.199115
0.133706
0.0538243
0.0538245
0.133706
0.199115
0.246003
0.270614
0.270614
0.246004
0.199115
0.133706
0.0538248
0.047828
0.119531
0.17828
0.220356
0.242408
0.242408
0.220356
0.17828
0.11953
0.0478287
0.0367752
0.0932917
0.139844
0.173289
0.190829
0.190829
0.17329
0.139844
0.093291
0.036776
0.0225497
0.0589376
0.0895025
0.111886
0.123706
0.123706
0.111886
0.0895021
0.0589372
0.02255
0.00852271
0.0215082
0.0345248
0.0444587
0.0497482
0.0497477
0.0444576
0.0345233
0.0215073
0.00852274
0.00853514
0.021529
0.0345449
0.0444742
0.0497602
0.0497603
0.0444742
0.0345438
0.0215288
0.00853625
0.0225628
0.0589807
0.0895505
0.111928
0.12375
0.12375
0.111928
0.0895499
0.0589815
0.0225627
0.0367813
0.0933331
0.139883
0.173305
0.19083
0.190829
0.173303
0.139882
0.0933339
0.0367804
0.0478239
0.11956
0.178282
0.220304
0.242316
0.242316
0.220304
0.178282
0.11956
0.0478233
0.0538097
0.133721
0.199084
0.245894
0.270446
0.270446
0.245894
0.199084
0.133722
0.0538102
0.0538099
0.133721
0.199084
0.245895
0.270446
0.270446
0.245895
0.199084
0.13372
0.0538102
0.0478239
0.119561
0.178283
0.220304
0.242316
0.242317
0.220304
0.178282
0.11956
0.0478247
0.0367811
0.0933344
0.139883
0.173304
0.19083
0.19083
0.173305
0.139882
0.0933333
0.036782
0.0225626
0.0589827
0.089551
0.111928
0.12375
0.12375
0.111928
0.0895506
0.0589816
0.022563
0.00853546
0.0215302
0.0345463
0.0444754
0.0497611
0.0497603
0.0444738
0.0345442
0.021529
0.00853505
0.0085483
0.0215516
0.0345639
0.0444881
0.049767
0.0497672
0.0444875
0.0345629
0.0215506
0.00854945
0.0225732
0.0590289
0.0896074
0.111978
0.123795
0.123795
0.111978
0.0896069
0.059029
0.0225733
0.0367799
0.0933746
0.139924
0.173324
0.190836
0.190835
0.173324
0.139923
0.0933752
0.0367793
0.0478083
0.119586
0.178287
0.220258
0.242231
0.242231
0.220257
0.178287
0.119587
0.0478074
0.053783
0.133732
0.199054
0.245791
0.270286
0.270286
0.245791
0.199055
0.133734
0.0537832
0.053783
0.133733
0.199055
0.24579
0.270285
0.270285
0.245791
0.199054
0.133732
0.0537835
0.0478082
0.119587
0.178287
0.220258
0.242231
0.242231
0.220258
0.178287
0.119586
0.0478094
0.03678
0.093376
0.139924
0.173324
0.190836
0.190836
0.173325
0.139923
0.0933749
0.0367811
0.0225736
0.0590307
0.089608
0.111979
0.123795
0.123795
0.111979
0.0896068
0.0590288
0.0225735
0.00854871
0.0215524
0.0345656
0.0444904
0.0497681
0.0497673
0.0444877
0.0345633
0.0215507
0.00854787
0.00856214
0.0215741
0.0345858
0.0445037
0.0497713
0.0497713
0.0445026
0.0345846
0.0215725
0.00856321
0.0225812
0.0590777
0.0896747
0.11204
0.123845
0.123846
0.11204
0.089674
0.0590775
0.0225814
0.0367701
0.0934209
0.139973
0.173352
0.190847
0.190847
0.173351
0.139972
0.0934204
0.0367694
0.0477788
0.119609
0.178294
0.220219
0.242153
0.242153
0.220219
0.178295
0.11961
0.0477778
0.0537391
0.133738
0.199027
0.245693
0.270132
0.270132
0.245693
0.199028
0.13374
0.0537395
0.0537394
0.133739
0.199027
0.245693
0.270132
0.270132
0.245693
0.199026
0.133738
0.0537403
0.0477789
0.11961
0.178294
0.220219
0.242154
0.242154
0.220219
0.178293
0.119608
0.0477805
0.0367703
0.0934217
0.139973
0.173351
0.190848
0.190849
0.173352
0.139973
0.0934211
0.0367719
0.0225817
0.0590798
0.0896742
0.11204
0.123846
0.123846
0.11204
0.0896737
0.0590778
0.0225815
0.00856261
0.0215753
0.0345866
0.044506
0.049773
0.0497714
0.0445029
0.034585
0.0215728
0.00856118
0.00857687
0.0215975
0.0346078
0.0445149
0.0497732
0.0497728
0.0445132
0.034606
0.021595
0.00857785
0.0225861
0.0591286
0.089748
0.112112
0.123908
0.123908
0.112112
0.0897472
0.0591271
0.0225864
0.0367512
0.0934738
0.140035
0.173387
0.190867
0.190867
0.173385
0.140033
0.0934724
0.0367499
0.0477336
0.119646
0.178322
0.220187
0.242084
0.242084
0.220185
0.178323
0.119647
0.0477324
0.0536757
0.133753
0.199015
0.245601
0.269987
0.269987
0.245601
0.199016
0.133754
0.0536767
0.0536761
0.133753
0.199015
0.245601
0.269987
0.269988
0.245601
0.199014
0.133753
0.0536773
0.0477336
0.119647
0.178322
0.220187
0.242084
0.242084
0.220187
0.17832
0.119646
0.0477357
0.036751
0.0934735
0.140034
0.173387
0.190867
0.190867
0.173387
0.140033
0.0934731
0.0367531
0.0225864
0.0591293
0.0897468
0.112112
0.123908
0.123907
0.112111
0.0897468
0.0591281
0.0225863
0.00857669
0.0215979
0.0346083
0.0445173
0.049775
0.0497731
0.0445133
0.0346065
0.0215956
0.00857597
0.0085928
0.021622
0.0346285
0.044521
0.0497673
0.0497666
0.0445182
0.0346257
0.0216177
0.00859336
0.0225876
0.0591828
0.0898276
0.112189
0.123975
0.123975
0.112188
0.0898259
0.0591795
0.0225882
0.0367214
0.0935285
0.140109
0.173432
0.190897
0.190897
0.173433
0.140109
0.0935275
0.0367201
0.04767
0.119681
0.178355
0.220158
0.242024
0.242023
0.220156
0.178354
0.119681
0.0476685
0.0535892
0.133768
0.199012
0.245514
0.269851
0.26985
0.245514
0.199013
0.133769
0.0535901
0.0535894
0.133768
0.199012
0.245514
0.269851
0.269851
0.245514
0.199011
0.133768
0.0535911
0.0476698
0.119682
0.178356
0.220158
0.242024
0.242024
0.22016
0.178355
0.119681
0.0476724
0.0367211
0.0935275
0.140109
0.173433
0.190896
0.190897
0.173433
0.140107
0.0935272
0.0367233
0.0225883
0.0591819
0.0898259
0.112189
0.123975
0.123975
0.112188
0.0898259
0.059181
0.0225879
0.0085927
0.0216215
0.0346284
0.0445232
0.0497688
0.0497667
0.0445182
0.0346262
0.0216187
0.0085914
0.00860977
0.0216465
0.0346471
0.0445207
0.0497519
0.0497508
0.0445167
0.0346433
0.0216412
0.00861028
0.022586
0.0592384
0.0899132
0.112273
0.124048
0.124047
0.112272
0.0899114
0.0592343
0.0225857
0.0366789
0.0935852
0.140199
0.173498
0.190939
0.19094
0.173499
0.140199
0.0935839
0.0366773
0.0475849
0.119713
0.178393
0.220138
0.241973
0.241973
0.220138
0.178394
0.119714
0.0475835
0.0534763
0.133777
0.199013
0.245436
0.269723
0.269723
0.245437
0.199014
0.133779
0.0534772
0.0534763
0.133778
0.199013
0.245436
0.269723
0.269723
0.245435
0.199013
0.133778
0.0534782
0.047585
0.119714
0.178394
0.220139
0.241973
0.241974
0.220139
0.178395
0.119714
0.0475879
0.0366788
0.0935841
0.1402
0.173499
0.190939
0.19094
0.173499
0.140199
0.0935829
0.0366812
0.0225868
0.0592369
0.0899115
0.112273
0.124048
0.124048
0.112273
0.089912
0.0592355
0.0225859
0.00860985
0.021646
0.034647
0.0445227
0.0497538
0.0497512
0.0445168
0.034644
0.0216423
0.00860828
0.0086286
0.0216714
0.0346631
0.0445131
0.0497257
0.0497242
0.0445076
0.0346585
0.0216649
0.00862883
0.0225804
0.0592965
0.0900063
0.112364
0.124127
0.124127
0.112364
0.0900045
0.0592911
0.0225791
0.0366218
0.0936428
0.140301
0.17358
0.190999
0.191
0.173582
0.1403
0.0936412
0.0366199
0.0474752
0.119743
0.178456
0.220144
0.241934
0.241933
0.220145
0.178457
0.119743
0.0474737
0.0533319
0.13378
0.199035
0.24538
0.269606
0.269605
0.245381
0.199036
0.133782
0.0533335
0.0533324
0.133781
0.199035
0.24538
0.269606
0.269606
0.24538
0.199035
0.133781
0.0533348
0.0474751
0.119744
0.178457
0.220145
0.241934
0.241935
0.220145
0.178458
0.119743
0.0474786
0.0366214
0.0936422
0.140301
0.173582
0.190999
0.191
0.173582
0.140301
0.0936407
0.0366242
0.0225808
0.0592955
0.090005
0.112365
0.124128
0.124128
0.112364
0.0900055
0.0592931
0.0225796
0.00862863
0.0216714
0.0346631
0.0445155
0.0497281
0.0497247
0.0445078
0.0346593
0.0216661
0.00862628
0.00864818
0.0216967
0.034676
0.0444972
0.0496876
0.0496855
0.0444899
0.0346704
0.021689
0.00864925
0.0225695
0.0593577
0.0901081
0.112474
0.124214
0.124214
0.112473
0.0901064
0.0593509
0.022568
0.0365475
0.0937017
0.140414
0.173686
0.191074
0.191075
0.173688
0.140413
0.0936999
0.0365455
0.0473375
0.119769
0.17853
0.220172
0.241915
0.241916
0.220175
0.178533
0.119769
0.0473358
0.053153
0.133776
0.19907
0.24534
0.2695
0.269499
0.245339
0.199072
0.133778
0.0531551
0.0531535
0.133777
0.19907
0.24534
0.269499
0.269499
0.24534
0.199071
0.133777
0.0531564
0.0473371
0.119769
0.178531
0.220173
0.241915
0.241915
0.220172
0.178532
0.119769
0.0473412
0.0365468
0.0937009
0.140415
0.173687
0.191074
0.191075
0.173688
0.140414
0.0936991
0.0365499
0.0225697
0.0593563
0.0901069
0.112475
0.124215
0.124215
0.112474
0.0901072
0.0593529
0.0225679
0.00864923
0.0216968
0.0346761
0.0445001
0.0496903
0.0496858
0.0444901
0.0346711
0.0216906
0.00864615
0.00866957
0.0217221
0.0346856
0.0444717
0.0496359
0.0496331
0.0444624
0.0346787
0.0217123
0.00867094
0.0225527
0.0594213
0.0902191
0.1126
0.124318
0.124317
0.112597
0.0902172
0.0594132
0.0225499
0.0364537
0.0937614
0.140541
0.173813
0.19117
0.191171
0.173815
0.140539
0.0937594
0.0364511
0.0471682
0.11979
0.178617
0.220219
0.241915
0.241916
0.220222
0.17862
0.119792
0.0471664
0.0529354
0.133763
0.199113
0.245316
0.269412
0.269414
0.245317
0.199115
0.133766
0.0529376
0.0529355
0.133763
0.199113
0.245317
0.269412
0.269414
0.245321
0.199114
0.133764
0.052939
0.0471673
0.119791
0.178617
0.22022
0.241915
0.241916
0.220221
0.178617
0.11979
0.0471723
0.0364525
0.0937602
0.140541
0.173814
0.191171
0.191172
0.173815
0.14054
0.0937579
0.0364561
0.0225521
0.0594191
0.0902172
0.1126
0.124319
0.124318
0.112598
0.0902179
0.0594155
0.0225501
0.008671
0.0217221
0.0346853
0.0444747
0.0496389
0.0496334
0.0444626
0.0346794
0.0217143
0.00866726
0.0086923
0.0217474
0.0346903
0.044435
0.0495687
0.0495654
0.0444238
0.0346817
0.0217353
0.00869377
0.0225286
0.0594871
0.0903389
0.112736
0.124438
0.124437
0.112733
0.0903362
0.059477
0.0225249
0.036338
0.0938215
0.140681
0.173959
0.191291
0.191292
0.173961
0.140678
0.0938192
0.0363353
0.0469638
0.119806
0.178716
0.220282
0.241931
0.241932
0.220284
0.178717
0.119809
0.0469619
0.0526743
0.133739
0.199165
0.24531
0.269344
0.269346
0.245312
0.199165
0.133743
0.0526765
0.0526745
0.13374
0.199165
0.245311
0.269344
0.269344
0.245316
0.199166
0.13374
0.0526776
0.0469625
0.119807
0.178716
0.220282
0.241931
0.241933
0.220286
0.178716
0.119805
0.0469676
0.0363361
0.0938199
0.140681
0.173959
0.191291
0.191293
0.173962
0.14068
0.093817
0.0363404
0.0225273
0.059484
0.0903367
0.112737
0.124439
0.124438
0.112735
0.0903379
0.0594797
0.022525
0.00869421
0.0217471
0.0346901
0.0444381
0.0495719
0.0495656
0.0444237
0.0346828
0.0217372
0.00868919
0.00871546
0.0217709
0.0346898
0.044386
0.0494846
0.0494805
0.0443723
0.0346795
0.0217568
0.00871671
0.0224958
0.0595538
0.0904719
0.112885
0.124569
0.124568
0.112881
0.0904751
0.0595423
0.022491
0.0361981
0.0938809
0.140838
0.174125
0.191431
0.191432
0.174126
0.140839
0.0938781
0.0361944
0.0467207
0.119816
0.178826
0.220361
0.241965
0.241966
0.220364
0.178825
0.11982
0.0467186
0.052366
0.133703
0.199225
0.245319
0.269291
0.269294
0.245322
0.199224
0.133707
0.0523681
0.0523658
0.133704
0.199224
0.24532
0.269291
0.269291
0.245325
0.199228
0.133704
0.0523692
0.0467187
0.119817
0.178826
0.220362
0.241965
0.241967
0.220367
0.178827
0.119813
0.0467244
0.0361949
0.0938791
0.140837
0.174124
0.191432
0.191433
0.174128
0.14084
0.0938753
0.0362003
0.0224938
0.0595505
0.0904685
0.112885
0.124571
0.124569
0.112883
0.0904746
0.0595449
0.0224907
0.00871828
0.0217704
0.0346893
0.0443899
0.0494886
0.0494811
0.0443728
0.0346811
0.0217593
0.00871194
0.00873928
0.0217927
0.0346825
0.0443231
0.0493828
0.0493782
0.0443076
0.0346705
0.0217757
0.00873955
0.0224533
0.0596206
0.0906217
0.113045
0.124711
0.12471
0.11304
0.090625
0.0596072
0.0224476
0.0360315
0.0939377
0.141015
0.17431
0.191591
0.191592
0.174311
0.141016
0.0939344
0.0360279
0.0464362
0.119817
0.178947
0.220458
0.242017
0.242019
0.220461
0.178945
0.119821
0.0464339
0.0520075
0.133653
0.199293
0.245344
0.269254
0.269256
0.245347
0.199292
0.133657
0.0520097
0.0520075
0.133654
0.199292
0.245344
0.269253
0.269254
0.245349
0.199298
0.133654
0.0520107
0.0464347
0.119818
0.178945
0.220458
0.242018
0.24202
0.220465
0.178951
0.119813
0.0464399
0.0360293
0.0939362
0.141013
0.17431
0.191593
0.191595
0.174314
0.141018
0.0939314
0.0360336
0.022451
0.059617
0.0906181
0.113046
0.124713
0.124711
0.113043
0.0906249
0.0596108
0.0224471
0.00874231
0.0217922
0.0346823
0.0443275
0.0493874
0.0493788
0.044308
0.0346725
0.021779
0.0087352
0.00876284
0.0218112
0.0346679
0.0442459
0.0492618
0.0492565
0.0442281
0.0346534
0.0217916
0.00876148
0.0224003
0.059686
0.0907811
0.113216
0.124863
0.124861
0.11321
0.0907843
0.0596705
0.0223929
0.0358386
0.0939906
0.141206
0.174514
0.191773
0.191774
0.174517
0.141207
0.0939863
0.0358341
0.0461092
0.119807
0.179077
0.220571
0.242088
0.24209
0.220577
0.179074
0.119811
0.0461062
0.0515967
0.133587
0.199367
0.245382
0.269233
0.269235
0.245388
0.199367
0.133592
0.0515989
0.0515966
0.133587
0.199367
0.245383
0.269232
0.269233
0.245388
0.199376
0.133588
0.0515999
0.046107
0.119807
0.179076
0.220572
0.242089
0.242092
0.22058
0.179085
0.119802
0.0461121
0.035836
0.0939885
0.141204
0.174515
0.191774
0.191777
0.17452
0.14121
0.0939831
0.0358389
0.0223974
0.0596817
0.0907769
0.113216
0.124865
0.124864
0.113213
0.0907847
0.0596746
0.0223926
0.00876575
0.0218103
0.0346669
0.0442509
0.049267
0.049257
0.0442285
0.0346561
0.0217952
0.00875742
0.00878449
0.0218247
0.0346441
0.0441528
0.049121
0.0491149
0.0441326
0.0346273
0.0218017
0.00878092
0.0223354
0.0597474
0.0909469
0.113395
0.125023
0.125021
0.113387
0.0909498
0.05973
0.0223266
0.0356168
0.0940365
0.141409
0.174737
0.191973
0.191974
0.17474
0.14141
0.0940314
0.0356113
0.0457375
0.119783
0.179214
0.220702
0.242177
0.24218
0.220708
0.179211
0.119788
0.0457343
0.0511337
0.133502
0.199447
0.245436
0.269228
0.269229
0.245442
0.199447
0.133508
0.051136
0.0511333
0.133503
0.199447
0.245436
0.269228
0.269228
0.245441
0.199457
0.133504
0.051137
0.0457351
0.119783
0.179214
0.220702
0.242178
0.242181
0.220711
0.179224
0.119779
0.0457403
0.0356136
0.0940338
0.141407
0.174737
0.191975
0.191977
0.174743
0.141413
0.0940275
0.0356147
0.0223321
0.0597425
0.090942
0.113396
0.125026
0.125024
0.113392
0.0909509
0.0597342
0.0223256
0.00878763
0.0218234
0.0346427
0.0441582
0.0491269
0.0491157
0.044133
0.0346302
0.0218063
0.00877755
0.00880176
0.0218306
0.0346085
0.0440433
0.0489607
0.0489541
0.0440206
0.0345894
0.0218046
0.00879719
0.0222574
0.059801
0.0911153
0.113578
0.125189
0.125187
0.113569
0.0911182
0.0597816
0.0222475
0.0353663
0.0940711
0.141619
0.174974
0.19219
0.192191
0.174977
0.141621
0.0940657
0.0353599
0.0453238
0.119742
0.179354
0.220846
0.242283
0.242286
0.220855
0.179351
0.119747
0.0453199
0.0506219
0.133398
0.199528
0.245501
0.269237
0.26924
0.245508
0.199529
0.133404
0.0506242
0.0506213
0.133398
0.199528
0.245501
0.269238
0.269239
0.245505
0.19954
0.1334
0.0506251
0.0453212
0.119742
0.179355
0.220846
0.242284
0.242287
0.220855
0.179366
0.119737
0.0453267
0.0353627
0.0940679
0.141617
0.174974
0.192192
0.192195
0.17498
0.141624
0.0940617
0.0353632
0.0222533
0.0597949
0.0911099
0.113579
0.125192
0.12519
0.113575
0.0911198
0.0597861
0.0222462
0.00880601
0.0218288
0.0346071
0.0440495
0.0489676
0.0489552
0.0440214
0.0345934
0.0218101
0.00879435
0.00881355
0.0218259
0.0345604
0.0439175
0.0487829
0.0487756
0.0438928
0.0345388
0.021797
0.00880622
0.0221647
0.0598422
0.0912809
0.113759
0.125356
0.125353
0.113749
0.0912834
0.0598205
0.0221537
0.0350885
0.0940904
0.14183
0.17522
0.192419
0.19242
0.175222
0.141832
0.0940845
0.0350815
0.0448719
0.119681
0.179493
0.221002
0.242403
0.242406
0.22101
0.179489
0.119686
0.0448678
0.0500678
0.133271
0.199607
0.245576
0.269261
0.269263
0.245583
0.199608
0.133278
0.0500704
0.0500676
0.133271
0.199608
0.245575
0.269261
0.269263
0.24558
0.19962
0.133273
0.0500712
0.0448693
0.11968
0.179494
0.221002
0.242404
0.242407
0.22101
0.179506
0.119676
0.044875
0.0350846
0.0940864
0.141828
0.175221
0.192421
0.192424
0.175226
0.141836
0.0940804
0.0350847
0.0221605
0.0598351
0.091274
0.113761
0.12536
0.125357
0.113757
0.0912857
0.059826
0.0221525
0.00881785
0.0218241
0.0345586
0.0439244
0.0487903
0.0487767
0.0438938
0.0345437
0.0218038
0.00880495
0.00881691
0.0218083
0.0344977
0.0437765
0.0485903
0.0485824
0.0437499
0.0344731
0.0217755
0.00880716
0.022056
0.0598653
0.091436
0.113932
0.125517
0.125514
0.11392
0.0914372
0.0598406
0.0220453
0.0347882
0.0940898
0.142033
0.175473
0.192652
0.192654
0.175471
0.142036
0.0940802
0.034782
0.0443915
0.119596
0.179622
0.221167
0.242531
0.242535
0.221172
0.179618
0.1196
0.0443879
0.049484
0.133121
0.199678
0.245654
0.269294
0.269297
0.245662
0.199679
0.133127
0.0494866
0.0494836
0.133121
0.199678
0.245654
0.269295
0.269297
0.245659
0.199691
0.133123
0.0494868
0.0443883
0.119595
0.179624
0.221167
0.242532
0.242536
0.221174
0.179636
0.11959
0.0443943
0.0347835
0.0940842
0.142031
0.175474
0.192654
0.192658
0.175477
0.14204
0.0940767
0.0347834
0.0220518
0.0598569
0.0914274
0.113934
0.125521
0.125519
0.113929
0.0914406
0.0598475
0.0220436
0.00882059
0.0218057
0.0344945
0.0437841
0.0485988
0.0485839
0.0437514
0.0344789
0.0217836
0.00880607
0.00880824
0.0217731
0.0344183
0.0436222
0.0483885
0.0483804
0.0435957
0.034389
0.0217345
0.00879657
0.0219323
0.059862
0.0915689
0.114084
0.125664
0.12566
0.11407
0.091567
0.0598339
0.021923
0.0344746
0.0940557
0.142215
0.175711
0.192879
0.192881
0.175708
0.142218
0.094042
0.0344697
0.0438951
0.119479
0.179735
0.221325
0.242661
0.242666
0.221331
0.179732
0.119482
0.0438937
0.0488881
0.132946
0.199732
0.24573
0.269335
0.269338
0.245739
0.199733
0.132951
0.0488907
0.0488879
0.132946
0.199733
0.245729
0.269335
0.269337
0.245736
0.199747
0.132949
0.0488903
0.0438925
0.119478
0.179737
0.221326
0.242662
0.242667
0.221334
0.179747
0.119477
0.0438979
0.0344693
0.0940487
0.142214
0.175712
0.192882
0.192886
0.175717
0.142225
0.0940471
0.034466
0.0219286
0.0598523
0.0915586
0.114085
0.125669
0.125667
0.11408
0.0915728
0.0598449
0.0219203
0.00881058
0.021769
0.0344143
0.0436312
0.0483974
0.048382
0.0435976
0.0343968
0.0217454
0.00879453
0.0087807
0.0217163
0.034321
0.0434617
0.0481862
0.048178
0.0434351
0.0342879
0.0216725
0.00877228
0.021796
0.0598261
0.0916666
0.114203
0.125788
0.125784
0.114188
0.0916626
0.059795
0.021787
0.0341577
0.0939838
0.142364
0.175919
0.193088
0.19309
0.175916
0.142367
0.0939691
0.0341532
0.0434059
0.119332
0.17982
0.221466
0.242786
0.24279
0.221473
0.179817
0.119336
0.0434061
0.0483072
0.13275
0.199763
0.245797
0.269376
0.269379
0.245806
0.199766
0.132754
0.0483101
0.0483074
0.13275
0.199765
0.245796
0.269377
0.269379
0.245803
0.199779
0.132755
0.0483084
0.0434042
0.119331
0.179822
0.221467
0.242787
0.242791
0.221475
0.179831
0.119332
0.0434061
0.0341527
0.0939762
0.142362
0.175921
0.193091
0.193095
0.175927
0.142375
0.0939784
0.0341465
0.021792
0.0598157
0.0916557
0.114205
0.125793
0.12579
0.114199
0.0916699
0.0598097
0.0217833
0.00878367
0.0217122
0.034317
0.0434706
0.0481954
0.0481798
0.043438
0.0342976
0.0216856
0.00876636
0.00873381
0.0216383
0.0342088
0.043304
0.0479957
0.0479877
0.0432774
0.0341728
0.0215903
0.00872817
0.0216496
0.0597558
0.0917176
0.114278
0.125877
0.125874
0.114265
0.0917084
0.0597186
0.0216395
0.033851
0.0938758
0.142466
0.176082
0.193264
0.193265
0.176078
0.14247
0.0938581
0.0338469
0.0429487
0.119161
0.179866
0.221578
0.242893
0.242897
0.221584
0.179869
0.119154
0.0429526
0.0477727
0.132539
0.199765
0.245846
0.269412
0.269415
0.245856
0.199772
0.132537
0.0477761
0.0477732
0.13254
0.199768
0.245845
0.269413
0.269415
0.245853
0.199783
0.132545
0.047774
0.0429472
0.119159
0.179871
0.22158
0.242895
0.2429
0.221588
0.179879
0.119159
0.0429467
0.0338457
0.0938692
0.142464
0.176085
0.193268
0.193272
0.17609
0.142477
0.0938706
0.0338403
0.0216444
0.0597455
0.091707
0.114282
0.125884
0.125881
0.114275
0.0917201
0.0597382
0.0216368
0.00873744
0.0216349
0.0342056
0.0433127
0.0480057
0.0479902
0.0432809
0.0341849
0.0216064
0.00872023
0.0086692
0.0215466
0.0340921
0.0431634
0.0478337
0.0478256
0.0431365
0.0340544
0.0214974
0.00865858
0.0214975
0.0596537
0.0917134
0.114307
0.125928
0.125925
0.114296
0.0916985
0.0596123
0.0214855
0.0335724
0.0937372
0.142523
0.176188
0.193397
0.193396
0.176183
0.142528
0.0937187
0.0335677
0.0425573
0.118965
0.179882
0.22165
0.242977
0.242979
0.221656
0.17989
0.118958
0.0425596
0.0473208
0.132322
0.199741
0.245871
0.269437
0.26944
0.245882
0.199749
0.132323
0.047324
0.0473213
0.132329
0.199746
0.24587
0.269438
0.269441
0.245879
0.199759
0.132337
0.0473223
0.042552
0.118972
0.179884
0.221652
0.24298
0.242984
0.221661
0.179896
0.118975
0.0425511
0.0335649
0.093736
0.142513
0.176192
0.193403
0.193405
0.176197
0.142528
0.093737
0.0335607
0.0214906
0.0596462
0.0917014
0.114313
0.125936
0.125933
0.114308
0.0917127
0.059637
0.0214835
0.00867076
0.0215443
0.034089
0.0431748
0.0478453
0.0478297
0.043143
0.0340698
0.0215173
0.00865441
0.00858779
0.0214612
0.0339857
0.0430598
0.0477179
0.0477087
0.0430295
0.0339512
0.0214155
0.00857408
0.021349
0.0595493
0.0916518
0.114293
0.12594
0.125937
0.114283
0.0916424
0.0595104
0.0213351
0.0333407
0.0936039
0.142507
0.176228
0.193473
0.193475
0.176229
0.142514
0.0935858
0.0333317
0.0422533
0.118788
0.179857
0.221676
0.243027
0.243032
0.221685
0.179868
0.118784
0.0422525
0.0469838
0.132129
0.199695
0.245871
0.269447
0.269451
0.245881
0.199707
0.132134
0.046986
0.0469847
0.132136
0.199705
0.245868
0.269448
0.269452
0.245878
0.199718
0.132143
0.0469857
0.0422472
0.118799
0.179872
0.221679
0.243031
0.243035
0.22169
0.179881
0.118803
0.0422499
0.0333268
0.0936108
0.142507
0.176236
0.193481
0.193484
0.176243
0.142523
0.0936135
0.0333249
0.0213372
0.0595475
0.0916368
0.114304
0.125951
0.125949
0.114299
0.0916579
0.0595424
0.0213328
0.00858555
0.0214608
0.0339832
0.043076
0.0477323
0.047716
0.043041
0.0339698
0.0214397
0.00857132
0.00852335
0.0213838
0.0339328
0.0429868
0.0476528
0.0476539
0.0429727
0.0338904
0.0213437
0.00852248
0.0212737
0.0594347
0.0916037
0.114208
0.125899
0.125903
0.114214
0.0915839
0.05941
0.0212638
0.0332234
0.0934552
0.142498
0.176197
0.193489
0.193498
0.176218
0.142498
0.0934466
0.0332176
0.042082
0.118615
0.179841
0.221668
0.243051
0.24306
0.221688
0.179853
0.118619
0.0420787
0.0467769
0.131951
0.199648
0.245861
0.269459
0.269467
0.245879
0.199663
0.13196
0.0467766
0.0467802
0.131945
0.199647
0.245859
0.269457
0.269465
0.245878
0.19966
0.131955
0.0467786
0.04209
0.118597
0.179837
0.221665
0.243049
0.243058
0.221687
0.179843
0.118612
0.0420922
0.0332321
0.0934341
0.142492
0.176196
0.19349
0.1935
0.176218
0.142494
0.0934503
0.0332365
0.021282
0.0594147
0.0915935
0.11421
0.1259
0.125906
0.114219
0.091588
0.0594246
0.0212858
0.00853903
0.0213723
0.0339233
0.0429914
0.0476576
0.0476533
0.0429747
0.0338972
0.0213625
0.00853552
0.00850568
0.0213878
0.0339376
0.0430271
0.047685
0.0476855
0.0430214
0.0339255
0.0213734
0.00850584
0.0212997
0.0594718
0.0916164
0.114262
0.125923
0.125916
0.11424
0.0915899
0.0594433
0.0212837
0.0332596
0.0934534
0.142464
0.176219
0.193502
0.193492
0.176197
0.142444
0.0934297
0.0332397
0.0420765
0.118549
0.179772
0.221649
0.243048
0.243046
0.221642
0.179757
0.11853
0.042059
0.0467329
0.131849
0.199568
0.245823
0.269451
0.269454
0.245827
0.199562
0.131833
0.046713
0.0467339
0.131846
0.199557
0.24582
0.269454
0.269456
0.245826
0.199552
0.131827
0.0467106
0.0420773
0.118539
0.179755
0.221642
0.243047
0.243045
0.221634
0.179738
0.11852
0.042062
0.0332547
0.093437
0.142451
0.176206
0.193494
0.193485
0.176184
0.142431
0.0934246
0.0332443
0.0212923
0.0594506
0.0915983
0.114249
0.125919
0.125907
0.114229
0.0915829
0.0594503
0.0212951
0.00851422
0.021381
0.0339239
0.0430171
0.0476801
0.0476756
0.0430138
0.0339289
0.021385
0.00850611
)
;

boundaryField
{
    inlet
    {
        type            zeroGradient;
    }
    outlet
    {
        type            zeroGradient;
    }
    wall
    {
        type            zeroGradient;
    }
}


// ************************************************************************* //
