/*--------------------------------*- C++ -*----------------------------------*\
| =========                 |                                                 |
| \\      /  F ield         | OpenFOAM: The Open Source CFD Toolbox           |
|  \\    /   O peration     | Version:  2312                                  |
|   \\  /    A nd           | Website:  www.openfoam.com                      |
|    \\/     M anipulation  |                                                 |
\*---------------------------------------------------------------------------*/
FoamFile
{
    version     2.0;
    format      ascii;
    arch        "LSB;label=32;scalar=64";
    class       surfaceScalarField;
    location    "44.1";
    object      phi;
}
// * * * * * * * * * * * * * * * * * * * * * * * * * * * * * * * * * * * * * //

dimensions      [0 3 -1 0 0 0 0];

oriented        oriented;

internalField   nonuniform List<scalar> 
55900
(
9.50391e-10
7.95288e-10
2.84549e-10
1.3766e-09
1.89669e-09
1.13063e-09
1.30207e-09
2.37765e-09
2.28492e-09
7.71276e-10
2.58384e-09
3.32426e-09
6.46384e-12
2.63051e-09
3.91654e-09
-7.5483e-10
2.62798e-09
3.91639e-09
-1.27902e-09
2.5778e-09
3.32368e-09
-1.3502e-09
2.37459e-09
2.28472e-09
-9.45284e-10
1.9171e-09
1.13077e-09
8.009e-10
2.84372e-10
2.34482e-09
1.34364e-09
1.51843e-09
3.05169e-09
2.78047e-09
4.09604e-09
2.58866e-09
3.14461e-09
6.40145e-09
1.3872e-09
3.21329e-09
7.98611e-09
-8.04018e-13
3.05832e-09
8.73859e-09
-1.38818e-09
3.0549e-09
8.73828e-09
-2.58683e-09
3.2054e-09
7.98508e-09
-3.0521e-09
3.14405e-09
6.40092e-09
-2.327e-09
2.78393e-09
4.09555e-09
1.3674e-09
1.51827e-09
2.96623e-09
1.4006e-09
3.47701e-09
3.34932e-09
2.57603e-09
7.47215e-09
2.55676e-09
2.56381e-09
9.94363e-09
1.34255e-09
2.46571e-09
1.11721e-08
-7.02054e-13
2.26558e-09
1.16747e-08
-1.34515e-09
2.26374e-09
1.16746e-08
-2.56247e-09
2.4618e-09
1.11717e-08
-3.3565e-09
2.56453e-09
9.94366e-09
-2.96966e-09
2.57541e-09
7.47257e-09
1.42094e-09
3.47664e-09
3.22592e-09
8.42919e-10
5.37938e-09
3.43051e-09
1.4464e-09
1.00335e-08
2.45874e-09
1.39349e-09
1.20984e-08
1.27252e-09
1.31119e-09
1.28874e-08
-1.11396e-12
1.19558e-09
1.31935e-08
-1.27595e-09
1.19501e-09
1.31935e-08
-2.46551e-09
1.31056e-09
1.28875e-08
-3.4406e-09
1.39641e-09
1.20994e-08
-3.23562e-09
1.44471e-09
1.00344e-08
8.52582e-10
5.38012e-09
3.21459e-09
-3.33858e-12
6.50287e-09
3.24267e-09
1.79313e-12
1.13012e-08
2.25829e-09
-2.46987e-12
1.30743e-08
1.16313e-09
4.29474e-13
1.36654e-08
-1.44613e-12
2.41131e-13
1.39082e-08
-1.1656e-09
3.87172e-13
1.39084e-08
-2.26249e-09
-2.02166e-13
1.36657e-08
-3.24783e-09
1.27085e-12
1.3075e-08
-3.21848e-09
-2.90344e-12
1.13025e-08
1.08795e-12
6.50413e-09
3.21692e-09
-8.5267e-10
6.50337e-09
3.24418e-09
-1.44287e-09
1.13014e-08
2.2596e-09
-1.39766e-09
1.30745e-08
1.16322e-09
-1.3103e-09
1.36652e-08
-1.5811e-12
-1.19436e-09
1.39081e-08
-1.1663e-09
-1.19443e-09
1.39082e-08
-2.26278e-09
-1.31035e-09
1.36656e-08
-3.24873e-09
-1.39355e-09
1.30749e-08
-3.21832e-09
-1.45193e-09
1.13027e-08
-8.50016e-10
6.50407e-09
3.23213e-09
-1.41652e-09
5.37951e-09
3.43877e-09
-2.57525e-09
1.0034e-08
2.46402e-09
-2.56611e-09
1.20989e-08
1.27455e-09
-2.46078e-09
1.28872e-08
-1.44701e-12
-2.26161e-09
1.31934e-08
-1.27767e-09
-2.26176e-09
1.31935e-08
-2.46855e-09
-2.4604e-09
1.28876e-08
-3.4462e-09
-2.55914e-09
1.20994e-08
-3.24077e-09
-2.58386e-09
1.00351e-08
-1.42378e-09
5.38084e-09
2.97042e-09
-1.36323e-09
3.47616e-09
3.35997e-09
-2.7853e-09
7.47202e-09
2.56421e-09
-3.1439e-09
9.94326e-09
1.34594e-09
-3.20354e-09
1.11716e-08
1.62345e-12
-3.05242e-09
1.16742e-08
-1.34229e-09
-3.05328e-09
1.16742e-08
-2.56024e-09
-3.20342e-09
1.11718e-08
-3.35656e-09
-3.13674e-09
9.94418e-09
-2.97114e-09
-2.79138e-09
7.47321e-09
-1.37208e-09
3.4767e-09
2.33273e-09
-8.02473e-10
1.5181e-09
3.05727e-09
-1.91753e-09
4.09497e-09
2.59114e-09
-2.37291e-09
6.40047e-09
1.39222e-09
-2.57518e-09
7.98482e-09
4.17781e-12
-2.62473e-09
8.73792e-09
-1.38292e-09
-2.62558e-09
8.73779e-09
-2.58246e-09
-2.57437e-09
7.98472e-09
-3.04483e-09
-2.37029e-09
6.40084e-09
-2.32599e-09
-1.91845e-09
4.09567e-09
-8.04623e-10
1.51805e-09
9.4357e-10
2.84392e-10
1.34842e-09
1.1308e-09
1.27876e-09
2.28437e-09
7.58098e-10
3.32317e-09
5.07006e-14
3.91579e-09
-7.58503e-10
3.91568e-09
-1.27874e-09
3.323e-09
-1.34568e-09
2.28436e-09
-9.41407e-10
1.13068e-09
2.8433e-10
3.99042e-11
2.2004e-11
2.2271e-10
7.68683e-11
1.61564e-10
9.31953e-10
9.50263e-11
3.00057e-10
1.96675e-09
6.33658e-11
4.07974e-10
2.94846e-09
1.68188e-12
4.43772e-10
3.53407e-09
-6.08544e-11
4.45075e-10
3.53384e-09
-9.32296e-11
4.07934e-10
2.94828e-09
-7.74444e-11
3.01757e-10
1.96719e-09
-3.9685e-11
1.60226e-10
9.32684e-10
2.20052e-11
2.22933e-10
2.19796e-10
6.25378e-11
1.25788e-09
3.60508e-10
3.4379e-10
3.7731e-09
3.64877e-10
5.16668e-10
6.18072e-09
2.22205e-10
6.32535e-10
7.90397e-09
2.58974e-12
6.44101e-10
8.75795e-09
-2.16555e-10
6.45046e-10
8.75758e-09
-3.59612e-10
6.33008e-10
7.90303e-09
-3.54802e-10
5.16966e-10
6.18082e-09
-2.13142e-10
3.39935e-10
3.77412e-09
6.83967e-11
1.25872e-09
4.14608e-10
1.04379e-10
3.02056e-09
5.75576e-10
3.9703e-10
7.25771e-09
5.06491e-10
5.1226e-10
1.00172e-08
2.88571e-10
5.79435e-10
1.14433e-08
-3.47579e-14
5.69978e-10
1.20374e-08
-2.88353e-10
5.70511e-10
1.20374e-08
-5.06524e-10
5.80005e-10
1.14429e-08
-5.74116e-10
5.10874e-10
1.00171e-08
-4.12441e-10
3.92783e-10
7.25817e-09
1.11057e-10
3.02139e-09
5.65178e-10
7.90291e-11
4.83988e-09
7.25674e-10
2.59888e-10
1.00101e-08
6.07568e-10
3.11062e-10
1.2418e-08
3.4176e-10
3.41916e-10
1.33907e-08
-1.13691e-12
3.34104e-10
1.37721e-08
-3.43768e-10
3.34852e-10
1.37723e-08
-6.09822e-10
3.43044e-10
1.33909e-08
-7.2908e-10
3.10334e-10
1.24186e-08
-5.68306e-10
2.57114e-10
1.00103e-08
8.17015e-11
4.84072e-09
6.16057e-10
-1.44118e-13
5.96588e-09
7.51701e-10
1.63507e-12
1.1424e-08
6.1646e-10
8.69117e-13
1.35199e-08
3.45314e-10
-5.59776e-13
1.42787e-08
-9.3817e-13
-2.5098e-13
1.45886e-08
-3.46998e-10
4.44369e-13
1.45887e-08
-6.17528e-10
-9.23027e-14
1.42791e-08
-7.52833e-10
3.8627e-13
1.35204e-08
-6.18313e-10
1.66143e-13
1.14245e-08
8.10931e-13
5.96689e-09
6.17729e-10
-8.06179e-11
5.96604e-09
7.53174e-10
-2.5648e-10
1.1424e-08
6.17421e-10
-3.08675e-10
1.35199e-08
3.46061e-10
-3.43089e-10
1.42788e-08
-3.76168e-13
-3.33961e-10
1.45886e-08
-3.47036e-10
-3.33368e-10
1.45886e-08
-6.17317e-10
-3.42613e-10
1.4279e-08
-7.53097e-10
-3.09222e-10
1.35202e-08
-6.18068e-10
-2.564e-10
1.14244e-08
-8.03106e-11
5.96687e-09
5.69052e-10
-1.09753e-10
4.83995e-09
7.29477e-10
-3.92782e-10
1.00098e-08
6.09504e-10
-5.08024e-10
1.24181e-08
3.43346e-10
-5.79724e-10
1.33907e-08
-2.19848e-13
-5.69542e-10
1.37721e-08
-3.43554e-10
-5.6878e-10
1.3772e-08
-6.09097e-10
-5.79916e-10
1.33905e-08
-7.2863e-10
-5.08107e-10
1.24179e-08
-5.68623e-10
-3.91148e-10
1.00102e-08
-1.09272e-10
4.84109e-09
4.14255e-10
-6.89122e-11
3.02074e-09
5.75824e-10
-3.39843e-10
7.25784e-09
5.07367e-10
-5.1307e-10
1.00168e-08
2.891e-10
-6.32722e-10
1.14428e-08
1.00701e-12
-6.44296e-10
1.2037e-08
-2.86636e-10
-6.43848e-10
1.20368e-08
-5.02463e-10
-6.34663e-10
1.14424e-08
-5.70413e-10
-5.13304e-10
1.00166e-08
-4.10419e-10
-3.37259e-10
7.25892e-09
-6.47361e-11
3.02212e-09
2.14414e-10
-2.30609e-11
1.25842e-09
3.55389e-10
-1.60338e-10
3.77366e-09
3.60484e-10
-2.98758e-10
6.18065e-09
2.1809e-10
-4.08509e-10
7.903e-09
-6.2442e-13
-4.4479e-10
8.75738e-09
-2.19815e-10
-4.44182e-10
8.75734e-09
-3.64329e-10
-4.08571e-10
7.90313e-09
-3.58041e-10
-2.99559e-10
6.1807e-09
-2.15503e-10
-1.58974e-10
3.77444e-09
-2.12571e-11
1.25891e-09
3.77935e-11
2.2287e-10
7.64367e-11
9.32559e-10
9.49698e-11
1.967e-09
6.17993e-11
2.94801e-09
-1.06583e-12
3.5336e-09
-6.32099e-11
3.53375e-09
-9.69036e-11
2.94836e-09
-7.93986e-11
1.96744e-09
-4.01871e-11
9.32808e-10
2.22948e-10
1.46633e-11
3.44686e-12
2.04567e-10
9.30795e-12
6.86576e-11
8.6897e-10
1.49008e-11
1.06392e-10
1.8549e-09
1.30333e-11
1.45688e-10
2.80447e-09
2.80775e-13
1.68824e-10
3.37787e-09
-1.25327e-11
1.68926e-10
3.37757e-09
-1.49464e-11
1.47114e-10
2.80362e-09
-1.15353e-11
1.10518e-10
1.85353e-09
-1.70778e-11
7.06114e-11
8.67847e-10
1.05207e-12
2.04272e-10
8.8811e-11
-3.57254e-12
1.17551e-09
1.48265e-10
1.38534e-10
3.64365e-09
1.5994e-10
2.12712e-10
6.06343e-09
1.00727e-10
2.77755e-10
7.8311e-09
-1.30558e-12
3.08446e-10
8.72073e-09
-1.04173e-10
3.08465e-10
8.72083e-09
-1.65033e-10
2.79405e-10
7.83123e-09
-1.54079e-10
2.18119e-10
6.06263e-09
-9.44921e-11
1.4271e-10
3.64168e-09
-7.92126e-12
1.17413e-09
1.48306e-10
1.21944e-11
2.85707e-09
2.36038e-10
1.69397e-10
7.13925e-09
2.34987e-10
2.39448e-10
9.99104e-09
1.40838e-10
2.96661e-10
1.15187e-08
-1.18019e-12
3.18814e-10
1.21689e-08
-1.43634e-10
3.1875e-10
1.21691e-08
-2.37707e-10
2.97243e-10
1.15193e-08
-2.37738e-10
2.43173e-10
9.99163e-09
-1.49882e-10
1.74755e-10
7.13863e-09
7.75767e-12
2.85568e-09
2.06216e-10
1.97086e-11
4.62605e-09
3.09575e-10
1.16426e-10
9.95937e-09
2.96443e-10
1.52773e-10
1.25182e-08
1.74917e-10
1.84447e-10
1.36239e-08
-7.47576e-13
1.95389e-10
1.40714e-08
-1.76816e-10
1.95289e-10
1.40717e-08
-2.98093e-10
1.84828e-10
1.36248e-08
-3.11048e-10
1.55163e-10
1.25194e-08
-2.05582e-10
1.19626e-10
9.9602e-09
1.71935e-11
4.62575e-09
2.46168e-10
1.62666e-12
5.73768e-09
3.5508e-10
-8.73939e-13
1.14328e-08
3.29051e-10
-1.80187e-12
1.37001e-08
1.91677e-10
-3.87385e-13
1.46017e-08
-6.74352e-13
-2.19496e-13
1.49764e-08
-1.92595e-10
-4.92229e-13
1.49767e-08
-3.30431e-10
-1.00524e-12
1.46023e-08
-3.55274e-10
-4.93174e-13
1.37012e-08
-2.45085e-10
-1.49594e-13
1.14337e-08
1.15513e-12
5.73806e-09
2.46893e-10
-1.65795e-11
5.73726e-09
3.56106e-10
-1.19603e-10
1.14329e-08
3.30381e-10
-1.56273e-10
1.37006e-08
1.9213e-10
-1.85256e-10
1.4602e-08
-7.93457e-13
-1.95628e-10
1.49767e-08
-1.93335e-10
-1.96129e-10
1.4977e-08
-3.3133e-10
-1.86809e-10
1.46026e-08
-3.56818e-10
-1.5666e-10
1.37015e-08
-2.45793e-10
-1.20325e-10
1.14339e-08
-1.55773e-11
5.73769e-09
2.0779e-10
-9.27109e-12
4.62486e-09
3.13202e-10
-1.75034e-10
9.96001e-09
2.99403e-10
-2.43786e-10
1.25194e-08
1.76162e-10
-2.9657e-10
1.3625e-08
-1.44032e-12
-3.18074e-10
1.40722e-08
-1.7918e-10
-3.18738e-10
1.40724e-08
-3.0291e-10
-2.98555e-10
1.36257e-08
-3.16964e-10
-2.44864e-10
1.25202e-08
-2.09901e-10
-1.78022e-10
9.96066e-09
-9.32842e-12
4.62505e-09
1.50731e-10
6.32161e-12
2.85486e-09
2.37643e-10
-1.43071e-10
7.13836e-09
2.37385e-10
-2.18658e-10
9.99173e-09
1.42388e-10
-2.77972e-10
1.15196e-08
-1.18518e-12
-3.06834e-10
1.21696e-08
-1.45278e-10
-3.07811e-10
1.21697e-08
-2.41004e-10
-2.80357e-10
1.152e-08
-2.41123e-10
-2.19839e-10
9.992e-09
-1.53923e-10
-1.44515e-10
7.13805e-09
4.13356e-12
2.85443e-09
9.27893e-11
-2.10209e-12
1.17372e-09
1.52651e-10
-7.04319e-11
3.64133e-09
1.64069e-10
-1.11535e-10
6.06243e-09
1.0332e-10
-1.4596e-10
7.83131e-09
-1.7414e-13
-1.67048e-10
8.72115e-09
-1.0419e-10
-1.6765e-10
8.72121e-09
-1.65145e-10
-1.47449e-10
7.83141e-09
-1.53122e-10
-1.1302e-10
6.06178e-09
-9.25435e-11
-7.08125e-11
3.64024e-09
-2.75525e-12
1.17321e-09
1.68003e-11
2.04182e-10
1.10987e-11
8.67533e-10
1.33338e-11
1.85324e-09
1.16792e-11
2.8035e-09
8.98844e-13
3.3775e-09
-1.04052e-11
3.3773e-09
-1.26674e-11
2.803e-09
-1.11027e-11
1.85262e-09
-1.61599e-11
8.67118e-10
2.04091e-10
1.45473e-12
-1.22339e-12
2.04577e-10
6.33217e-12
-2.82598e-12
8.66571e-10
6.41277e-12
1.09495e-11
1.84415e-09
2.04758e-12
2.34207e-11
2.78514e-09
-2.27936e-12
2.93734e-11
3.35289e-09
-6.46889e-12
2.89025e-11
3.35295e-09
-9.38867e-12
2.10843e-11
2.78543e-09
-8.0265e-12
7.13525e-12
1.84472e-09
-1.84223e-12
-4.54513e-12
8.67111e-10
-2.79501e-12
2.04719e-10
2.63986e-12
9.65288e-13
1.17067e-09
7.81588e-12
7.89916e-13
3.63525e-09
1.21029e-11
2.34272e-11
6.0465e-09
8.65487e-12
4.41478e-11
7.8139e-09
1.30496e-12
5.25166e-11
8.70538e-09
-6.10496e-12
5.16569e-11
8.70519e-09
-8.63926e-12
4.14184e-11
7.81343e-09
-3.53956e-12
1.85889e-11
6.04628e-09
-2.69159e-13
-2.58893e-12
3.6359e-09
-3.52787e-13
1.17148e-09
2.19625e-11
1.02463e-12
2.83454e-09
3.30989e-11
1.06262e-11
7.11828e-09
3.76089e-11
3.46435e-11
9.97505e-09
2.45831e-11
5.51168e-11
1.15206e-08
8.32033e-13
6.36152e-11
1.21814e-08
-2.23106e-11
6.32549e-11
1.21812e-08
-3.51133e-11
5.36317e-11
1.15202e-08
-3.00573e-11
3.05486e-11
9.97457e-09
-1.87172e-11
7.19137e-12
7.11839e-09
1.15083e-12
2.8352e-09
4.07742e-11
-8.92723e-13
4.58722e-09
6.05544e-11
1.07466e-11
9.93993e-09
6.45511e-11
2.55981e-11
1.25231e-08
4.06791e-11
3.82292e-11
1.36648e-08
6.49244e-13
4.31366e-11
1.41313e-08
-3.88973e-11
4.29954e-11
1.41312e-08
-6.23733e-11
3.75067e-11
1.36647e-08
-5.8501e-11
2.32039e-11
1.2523e-08
-3.98966e-11
8.30541e-12
9.94002e-09
-4.39859e-13
4.58747e-09
5.06591e-11
-1.8666e-12
5.68823e-09
7.37377e-11
1.413e-12
1.14186e-08
7.73289e-11
1.77863e-12
1.37209e-08
4.77726e-11
1.43199e-12
1.46679e-08
5.57719e-13
8.70805e-13
1.5066e-08
-4.64599e-11
1.00055e-12
1.50661e-08
-7.60656e-11
8.63521e-13
1.4668e-08
-7.31004e-11
9.05664e-13
1.37209e-08
-5.04746e-11
6.8316e-13
1.14187e-08
-1.18538e-12
5.68831e-09
5.00991e-11
-3.05853e-12
5.68848e-09
7.25192e-11
-6.90927e-12
1.14184e-08
7.61301e-11
-2.14125e-11
1.37205e-08
4.70135e-11
-3.55604e-11
1.46677e-08
5.87889e-13
-4.14813e-11
1.5066e-08
-4.6342e-11
-4.14532e-11
1.5066e-08
-7.50953e-11
-3.54992e-11
1.4668e-08
-7.21162e-11
-2.15074e-11
1.37207e-08
-4.99967e-11
-6.16745e-12
1.14184e-08
-1.51563e-12
5.68833e-09
3.8255e-11
-4.19913e-12
4.58762e-09
5.71128e-11
-4.3911e-12
9.93913e-09
6.14907e-11
-2.90396e-11
1.25223e-08
3.8918e-11
-5.23674e-11
1.36643e-08
5.90496e-13
-6.24673e-11
1.41312e-08
-3.78393e-11
-6.2097e-11
1.41313e-08
-6.01676e-11
-5.20044e-11
1.36647e-08
-5.5659e-11
-2.89843e-11
1.25228e-08
-3.75949e-11
-2.65913e-12
9.93945e-09
-1.66197e-12
4.58741e-09
1.60608e-11
-9.40558e-13
2.83536e-09
2.64064e-11
5.91083e-12
7.11763e-09
3.28577e-11
-1.78005e-11
9.97401e-09
2.20622e-11
-4.18731e-11
1.152e-08
5.49581e-13
-5.25515e-11
1.21812e-08
-2.11715e-11
-5.2116e-11
1.21813e-08
-3.25514e-11
-4.06126e-11
1.15202e-08
-2.61866e-11
-1.76488e-11
9.97459e-09
-1.59731e-11
7.02751e-12
7.11803e-09
1.44262e-12
2.83531e-09
-1.2144e-12
2.5343e-12
1.17183e-09
1.88537e-12
8.23673e-12
3.63598e-09
7.05995e-12
-7.03039e-12
6.04647e-09
6.03311e-12
-2.29071e-11
7.8136e-09
2.17194e-13
-3.09897e-11
8.70532e-09
-4.97156e-12
-3.04941e-11
8.70528e-09
-6.50841e-12
-2.15547e-11
7.81359e-09
-2.31102e-12
-6.57707e-12
6.04668e-09
4.16646e-13
7.97791e-12
3.63633e-09
3.35014e-12
1.17165e-09
1.75809e-12
2.04825e-10
9.49687e-12
8.67663e-10
1.0876e-11
1.84526e-09
5.26765e-12
2.78585e-09
-1.31869e-12
3.3532e-09
-7.37107e-12
3.35306e-09
-1.20183e-11
2.78555e-09
-1.04805e-11
1.84495e-09
-2.79752e-12
8.67354e-10
2.04706e-10
8.01334e-13
9.4077e-13
2.02701e-10
1.47246e-12
4.95035e-12
8.60857e-10
1.19222e-12
7.3479e-12
1.83689e-09
4.84628e-13
8.3609e-12
2.77789e-09
-1.65059e-12
9.63847e-12
3.34555e-09
-4.04767e-12
9.3964e-12
3.34573e-09
-4.9222e-12
7.75149e-12
2.77823e-09
-3.58326e-12
6.48688e-12
1.83741e-09
-1.43154e-12
3.81939e-12
8.61308e-10
1.43354e-13
2.02809e-10
7.88651e-12
1.17835e-12
1.16282e-09
1.38931e-11
9.32963e-12
3.62452e-09
1.49312e-11
1.40947e-11
6.03871e-09
9.24864e-12
1.87775e-11
7.80926e-09
-6.484e-13
2.28266e-11
8.70185e-09
-1.03142e-11
2.24913e-11
8.70179e-09
-1.64018e-11
1.81383e-11
7.80931e-09
-1.61973e-11
1.29036e-11
6.03907e-09
-8.60578e-12
6.67961e-12
3.62548e-09
-3.66312e-13
1.16348e-09
1.1341e-11
1.45123e-12
2.82345e-09
1.87603e-11
1.08864e-11
7.10935e-09
2.00472e-11
1.61774e-11
9.97164e-09
1.2348e-11
2.26468e-11
1.15243e-08
3.31196e-14
2.75518e-11
1.21889e-08
-1.24013e-11
2.73262e-11
1.21888e-08
-2.06403e-11
2.21359e-11
1.15241e-08
-1.9251e-11
1.52127e-11
9.97138e-09
-1.19412e-11
8.00236e-12
7.10937e-09
-8.97507e-13
2.82402e-09
1.18489e-11
8.84919e-13
4.57525e-09
2.13068e-11
7.03328e-12
9.9345e-09
2.34915e-11
1.07292e-11
1.2527e-08
1.48099e-11
1.49051e-11
1.3681e-08
7.12922e-13
1.79942e-11
1.41548e-08
-1.35656e-11
1.79385e-11
1.41548e-08
-2.18719e-11
1.47019e-11
1.36809e-08
-2.05777e-11
9.72777e-12
1.25266e-08
-1.19778e-11
5.29537e-12
9.93414e-09
-5.0511e-13
4.57522e-09
1.48188e-11
-3.89787e-13
5.67501e-09
2.60357e-11
-4.33924e-13
1.14149e-08
2.71317e-11
-1.0891e-13
1.37297e-08
1.6978e-11
4.60004e-13
1.46929e-08
8.7515e-13
1.01064e-12
1.50997e-08
-1.57293e-11
7.89883e-13
1.50995e-08
-2.64617e-11
6.10793e-13
1.46927e-08
-2.56105e-11
2.62345e-13
1.37295e-08
-1.47347e-11
-1.116e-12
1.14146e-08
-1.87339e-12
5.67489e-09
1.44709e-11
-1.5624e-12
5.67513e-09
2.54464e-11
-8.21266e-12
1.14147e-08
2.71595e-11
-1.09478e-11
1.37297e-08
1.68481e-11
-1.47527e-11
1.46928e-08
6.43242e-13
-1.66771e-11
1.50995e-08
-1.53859e-11
-1.62192e-11
1.50994e-08
-2.62316e-11
-1.3372e-11
1.46926e-08
-2.52853e-11
-8.99321e-12
1.37295e-08
-1.47164e-11
-8.1679e-12
1.14147e-08
-3.36351e-12
5.67524e-09
1.11395e-11
-8.81325e-13
4.57569e-09
2.05041e-11
-1.25379e-11
9.93458e-09
2.21923e-11
-1.73763e-11
1.25268e-08
1.40616e-11
-2.29643e-11
1.36809e-08
7.73059e-13
-2.63048e-11
1.41545e-08
-1.22207e-11
-2.59441e-11
1.41544e-08
-2.06111e-11
-2.11011e-11
1.36804e-08
-1.90589e-11
-1.38691e-11
1.25264e-08
-1.06114e-11
-1.18544e-11
9.93452e-09
-2.73421e-12
4.57601e-09
1.06224e-11
-2.75929e-13
2.82433e-09
1.75736e-11
-1.2118e-11
7.10977e-09
1.81802e-11
-1.56766e-11
9.97162e-09
1.15167e-11
-1.95992e-11
1.15238e-08
4.35119e-13
-2.29212e-11
1.21884e-08
-1.03305e-11
-2.21675e-11
1.21883e-08
-1.73697e-11
-1.71882e-11
1.15235e-08
-1.69496e-11
-1.11988e-11
9.97107e-09
-9.81441e-12
-1.03741e-11
7.10955e-09
-2.23751e-12
2.82476e-09
8.41971e-12
-6.90751e-13
1.16335e-09
1.44e-11
-6.56136e-12
3.62542e-09
1.41412e-11
-8.2481e-12
6.03883e-09
8.37257e-12
-9.20216e-12
7.80885e-09
-1.6102e-13
-1.03148e-11
8.70136e-09
-8.67418e-12
-9.92059e-12
8.70132e-09
-1.37261e-11
-7.56487e-12
7.80882e-09
-1.25112e-11
-4.50119e-12
6.03877e-09
-7.14859e-12
-4.99684e-12
3.62537e-09
-8.52845e-13
1.16367e-09
1.33258e-12
2.02749e-10
1.25517e-12
8.61008e-10
1.32789e-12
1.837e-09
4.40065e-13
2.77781e-09
-2.30845e-12
3.34543e-09
-4.69998e-12
3.34559e-09
-4.72651e-12
2.7782e-09
-2.16979e-12
1.83742e-09
-3.34652e-13
8.61356e-10
2.02871e-10
6.47182e-14
-1.76049e-13
2.02902e-10
1.92372e-13
-8.49638e-13
8.6153e-10
3.8574e-13
3.99142e-13
1.83671e-09
1.91596e-13
1.66143e-12
2.77656e-09
-4.1547e-13
2.57328e-12
3.34375e-09
-1.23538e-12
2.28431e-12
3.34387e-09
-1.31836e-12
1.04879e-12
2.77684e-09
-6.12807e-13
2.09521e-13
1.83698e-09
1.49988e-14
-7.67087e-13
8.6159e-10
-3.41511e-13
2.02932e-10
-5.59605e-13
-5.40908e-13
1.16369e-09
-3.5047e-13
-4.09633e-13
3.62402e-09
4.64559e-13
1.81915e-12
6.0362e-09
2.23683e-13
3.95562e-12
7.80668e-09
-1.03034e-12
5.85778e-12
8.6999e-09
-2.08943e-12
5.65845e-12
8.70002e-09
-1.92582e-12
3.18798e-12
7.80691e-09
-1.02813e-13
7.42682e-13
6.03654e-09
6.23612e-13
-1.9739e-13
3.62416e-09
7.5211e-14
1.16366e-09
3.80229e-13
-4.10414e-13
2.82282e-09
1.67719e-12
1.01291e-12
7.10648e-09
3.0613e-12
3.2624e-12
9.96879e-09
2.16955e-12
5.77594e-12
1.15235e-08
-7.77332e-14
7.60467e-12
1.21895e-08
-2.40336e-12
7.39175e-12
1.21894e-08
-3.6091e-12
5.14266e-12
1.15233e-08
-1.94288e-12
2.17854e-12
9.96886e-09
-9.20514e-13
9.0785e-13
7.10662e-09
4.76088e-13
2.8228e-09
3.00508e-12
-2.89929e-13
4.57212e-09
5.58685e-12
9.3585e-13
9.93214e-09
6.34795e-12
2.36718e-12
1.25268e-08
4.08167e-12
4.18549e-12
1.36849e-08
4.52789e-13
5.28383e-12
1.41609e-08
-3.39695e-12
5.02633e-12
1.41607e-08
-5.7766e-12
3.79419e-12
1.36846e-08
-5.43403e-12
1.75334e-12
1.25265e-08
-2.98646e-12
1.23665e-12
9.93201e-09
4.58937e-13
4.57232e-09
4.06084e-12
-4.19625e-13
5.67125e-09
7.48818e-12
-7.74169e-13
1.14132e-08
8.40759e-12
2.90124e-13
1.37316e-08
5.26383e-12
4.06819e-13
1.46997e-08
2.97869e-13
6.3052e-13
1.51092e-08
-4.35394e-12
4.54408e-13
1.51091e-08
-7.78005e-12
3.34697e-13
1.46993e-08
-7.64964e-12
1.33786e-13
1.3731e-08
-4.66217e-12
-4.18939e-13
1.14128e-08
-4.17039e-13
5.67104e-09
4.13455e-12
-1.40848e-12
5.67147e-09
7.74609e-12
-2.7288e-12
1.14134e-08
8.12598e-12
-2.36682e-12
1.37314e-08
5.36412e-12
-2.9679e-12
1.46996e-08
2.87951e-13
-4.35967e-12
1.51089e-08
-4.29494e-12
-4.22105e-12
1.51089e-08
-7.37358e-12
-2.80709e-12
1.46993e-08
-7.65682e-12
-1.7224e-12
1.37309e-08
-4.44705e-12
-1.50988e-12
1.14129e-08
-6.17577e-13
5.67129e-09
3.46436e-12
-1.7505e-12
4.5728e-09
5.81265e-12
-3.23e-12
9.93266e-09
6.20075e-12
-2.65437e-12
1.25267e-08
3.74401e-12
-4.497e-12
1.36845e-08
4.49005e-13
-6.77932e-12
1.41604e-08
-3.03618e-12
-6.82483e-12
1.41603e-08
-5.3804e-12
-4.3912e-12
1.36842e-08
-5.27473e-12
-1.80921e-12
1.25264e-08
-2.66818e-12
-1.32242e-12
9.93238e-09
-1.93715e-13
4.57275e-09
2.97194e-13
-6.18482e-13
2.8233e-09
7.35984e-13
-1.26419e-12
7.1071e-09
1.85115e-12
-8.66428e-13
9.96872e-09
1.17983e-12
-3.31816e-12
1.15231e-08
-2.81525e-13
-5.65789e-12
1.21889e-08
-2.09301e-12
-5.61789e-12
1.21889e-08
-2.71299e-12
-3.01063e-12
1.15231e-08
-2.22091e-12
-2.19977e-13
9.96874e-09
-9.11969e-13
-1.39649e-13
7.10719e-09
-3.49198e-14
2.82326e-09
-1.08857e-12
-1.2323e-13
1.16383e-09
-1.68354e-12
4.99993e-13
3.62418e-09
-2.14181e-14
1.54671e-13
6.03633e-09
4.69697e-13
-1.55364e-12
7.80642e-09
-6.51966e-13
-2.71697e-12
8.69935e-09
-1.46921e-12
-2.64396e-12
8.69942e-09
-1.21789e-12
-1.49357e-12
7.8066e-09
2.43894e-13
3.88977e-13
6.03665e-09
2.45008e-13
6.35597e-13
3.62463e-09
1.73817e-13
1.16398e-09
3.09242e-13
2.02924e-10
-3.16402e-13
8.61418e-10
2.56118e-13
1.83669e-09
3.38876e-13
2.77646e-09
-5.32784e-13
3.34359e-09
-1.18943e-12
3.34369e-09
-1.11366e-12
2.77678e-09
-6.30796e-13
1.83712e-09
-4.76269e-13
8.61676e-10
2.02968e-10
-6.6653e-13
7.04623e-13
2.02878e-10
1.24218e-13
-5.59038e-13
8.61323e-10
7.18716e-13
-6.05537e-13
1.83652e-09
8.48042e-13
-5.91435e-14
2.7762e-09
6.193e-13
1.28954e-12
3.34314e-09
-1.86069e-14
1.30097e-12
3.34326e-09
-1.75661e-13
7.86816e-13
2.77632e-09
3.05614e-13
5.63439e-14
1.83655e-09
1.49663e-12
-1.85412e-13
8.61347e-10
6.97322e-13
2.02868e-10
-1.48922e-12
2.1532e-12
1.16366e-09
-1.82971e-12
2.7584e-13
3.62373e-09
-1.15111e-12
-7.50522e-13
6.0358e-09
-1.10298e-13
2.60932e-13
7.806e-09
1.91785e-13
1.49015e-12
8.69887e-09
7.191e-13
1.75709e-12
8.69894e-09
1.06877e-12
7.53514e-13
7.80616e-09
1.93578e-12
2.34448e-13
6.03599e-09
1.35157e-12
7.20431e-13
3.62388e-09
2.51845e-12
1.16369e-09
-1.13241e-12
3.29399e-12
2.82292e-09
-1.80933e-12
7.7642e-13
7.10603e-09
-9.32267e-13
-6.97716e-13
9.9682e-09
-6.61544e-13
-1.16467e-13
1.15231e-08
-1.38954e-13
1.58036e-12
1.21894e-08
2.99484e-14
1.61678e-12
1.21892e-08
5.62516e-13
7.62833e-13
1.15231e-08
1.02293e-12
1.86355e-13
9.96811e-09
1.1279e-12
1.14666e-12
7.10619e-09
3.27817e-12
2.82303e-09
1.13147e-12
2.3623e-12
4.57203e-09
1.54616e-12
6.11089e-13
9.93155e-09
1.41137e-12
-3.50436e-13
1.25268e-08
6.75292e-13
-7.72244e-14
1.3686e-08
-4.03041e-13
8.91424e-13
1.41624e-08
-1.03689e-12
9.20276e-13
1.41624e-08
-2.05431e-12
1.66982e-13
1.36857e-08
-1.95797e-12
3.68618e-13
1.25266e-08
-1.06076e-12
7.26308e-13
9.93154e-09
2.29092e-12
4.57203e-09
2.34506e-12
9.78154e-13
5.67074e-09
3.25906e-12
1.14569e-13
1.14127e-08
2.79663e-12
-4.64388e-13
1.37318e-08
1.44078e-12
-6.41975e-13
1.47015e-08
-2.93587e-13
-4.02846e-13
1.5112e-08
-1.73558e-12
-3.43397e-13
1.51119e-08
-2.84184e-12
-4.47505e-13
1.47013e-08
-3.40526e-12
-2.37882e-13
1.37315e-08
-2.07511e-12
-1.33909e-14
1.14124e-08
6.57385e-13
5.67066e-09
2.42512e-12
-6.69032e-13
5.67076e-09
3.46494e-12
-5.98309e-13
1.14128e-08
3.14784e-12
-3.02172e-13
1.37319e-08
1.73312e-12
-9.59287e-13
1.47015e-08
6.2994e-14
-1.33897e-12
1.51119e-08
-1.69973e-12
-1.4189e-12
1.51118e-08
-3.05069e-12
-1.08821e-12
1.47012e-08
-3.27334e-12
-2.61396e-13
1.37316e-08
-2.28839e-12
-9.18442e-13
1.14126e-08
-8.5868e-13
5.67067e-09
1.70288e-12
-1.9636e-12
4.57217e-09
2.31967e-12
-3.6329e-13
9.93199e-09
2.08793e-12
-9.02183e-14
1.2527e-08
1.26181e-12
-1.02038e-12
1.36857e-08
2.54183e-14
-2.27488e-12
1.41621e-08
-1.23617e-12
-2.21949e-12
1.4162e-08
-1.80816e-12
-1.34893e-12
1.36856e-08
-2.08241e-12
-7.34984e-13
1.25267e-08
-1.18427e-12
-1.03382e-12
9.93178e-09
-1.73866e-12
4.57215e-09
-1.56763e-13
-1.90795e-12
2.82321e-09
-6.39122e-13
3.59173e-13
7.10647e-09
-2.77878e-13
3.38995e-13
9.96823e-09
-1.39135e-13
-1.0528e-12
1.15228e-08
-1.56784e-13
-2.07827e-12
1.2189e-08
-3.31559e-13
-2.01166e-12
1.2189e-08
-1.30488e-15
-1.37466e-12
1.15228e-08
1.25788e-13
-3.31137e-13
9.96821e-09
2.28751e-13
2.32619e-13
7.10653e-09
-1.57496e-12
2.82312e-09
-6.63533e-13
-1.20496e-12
1.16377e-09
-5.2984e-13
7.4136e-13
3.62393e-09
-2.77463e-13
2.81518e-13
6.03576e-09
-2.07732e-13
-8.35076e-13
7.80579e-09
-1.35067e-13
-1.07818e-12
8.69855e-09
-8.88364e-14
-1.29269e-12
8.69855e-09
-3.04377e-13
-8.39171e-13
7.80584e-09
1.16755e-13
9.27772e-14
6.03591e-09
1.64216e-13
5.37764e-13
3.62405e-09
-7.69884e-13
1.16374e-09
-1.51648e-12
2.029e-10
-1.08654e-13
8.61344e-10
7.72215e-13
1.83643e-09
8.53657e-13
2.77612e-09
-1.43016e-13
3.34297e-09
-6.94874e-13
3.34304e-09
-1.0035e-12
2.77618e-09
-2.2558e-13
1.83648e-09
7.77972e-13
8.61349e-10
2.02902e-10
5.62529e-13
-2.21687e-13
2.02927e-10
6.4364e-13
-3.48514e-13
8.61446e-10
1.23479e-12
-6.17594e-13
1.83661e-09
1.74236e-12
-3.31449e-13
2.77616e-09
1.41627e-12
9.53603e-13
3.34301e-09
1.12515e-13
1.00948e-12
3.34297e-09
-1.07382e-13
4.13042e-13
2.77611e-09
-4.31122e-13
6.23759e-13
1.83648e-09
-6.63958e-13
1.80247e-13
8.6137e-10
-5.6728e-13
2.02916e-10
-1.43966e-12
7.43415e-13
1.1638e-09
-1.47182e-12
-1.03383e-13
3.62409e-09
-9.61298e-13
-1.33398e-12
6.03579e-09
-1.45171e-13
-1.11617e-12
7.80569e-09
-1.99949e-15
7.56042e-13
8.6985e-09
6.47202e-13
1.10429e-12
8.69858e-09
1.17699e-12
1.88937e-13
7.80571e-09
1.65473e-12
6.56683e-13
6.03583e-09
6.00591e-13
5.24137e-13
3.62396e-09
4.35241e-13
1.16376e-09
-1.23207e-12
1.90177e-12
2.8231e-09
-1.84981e-12
-7.39539e-14
7.10643e-09
-1.69651e-12
-1.19132e-12
9.96799e-09
-1.24515e-12
-1.22053e-12
1.15228e-08
-4.81706e-13
-9.16818e-14
1.2189e-08
8.62331e-13
4.1851e-13
1.21891e-08
1.0436e-12
-3.47349e-13
1.15229e-08
1.33295e-12
4.32998e-13
9.96813e-09
1.12182e-12
1.00056e-12
7.10628e-09
1.43468e-12
2.82288e-09
2.96925e-13
1.71278e-12
4.57211e-09
-1.71939e-13
2.08344e-13
9.93157e-09
-4.52559e-13
-7.17245e-13
1.25266e-08
-7.4925e-13
-1.11111e-12
1.36859e-08
-4.4504e-13
-5.01912e-13
1.41627e-08
-5.41374e-13
-3.84544e-13
1.41626e-08
-2.27236e-13
-2.18347e-13
1.3686e-08
1.33394e-15
2.32801e-13
1.25266e-08
-2.81168e-15
8.31781e-13
9.93148e-09
1.74061e-12
4.57188e-09
1.39856e-12
4.51554e-13
5.67052e-09
1.4528e-12
6.96677e-13
1.14124e-08
7.71125e-13
2.31276e-13
1.37317e-08
3.15533e-15
-7.52902e-13
1.47019e-08
-5.94052e-13
-6.44505e-13
1.51126e-08
-1.0661e-12
-4.78983e-13
1.51126e-08
-1.31177e-12
-6.68531e-13
1.47019e-08
-1.41048e-12
2.20219e-13
1.37317e-08
-7.03792e-13
7.92627e-13
1.14122e-08
6.94397e-13
5.67032e-09
2.11759e-12
-1.39641e-12
5.67047e-09
2.04622e-12
1.11621e-12
1.14123e-08
1.03874e-12
1.19369e-12
1.37317e-08
3.49547e-13
-3.89527e-13
1.47019e-08
-4.40209e-13
-7.80771e-13
1.51127e-08
-1.25282e-12
-8.01704e-13
1.51127e-08
-1.14034e-12
-6.51801e-13
1.47019e-08
-1.84689e-12
2.79142e-13
1.37317e-08
-1.60655e-12
6.79434e-13
1.14123e-08
-5.10101e-13
5.67046e-09
1.41101e-12
-2.41847e-12
4.572e-09
9.73627e-13
1.63099e-12
9.93141e-09
2.18944e-13
2.18616e-12
1.25267e-08
-2.24469e-13
-1.79405e-13
1.36859e-08
-4.72761e-13
-1.09162e-12
1.41627e-08
-5.94242e-13
-1.23752e-12
1.41626e-08
-8.04011e-13
-1.20058e-12
1.36859e-08
-1.20133e-12
5.59006e-13
1.25267e-08
-1.22188e-12
1.0174e-12
9.93137e-09
-1.60147e-12
4.57207e-09
-6.07782e-13
-1.94074e-12
2.82288e-09
-5.04825e-13
2.24566e-12
7.10619e-09
-4.08224e-13
2.51657e-12
9.96816e-09
-5.96039e-13
1.26375e-13
1.15229e-08
-1.46983e-14
-1.16213e-12
1.21891e-08
-1.92877e-13
-1.87768e-12
1.21891e-08
-5.56637e-14
-1.23566e-12
1.15229e-08
7.52591e-14
7.98004e-13
9.96804e-09
2.72971e-13
1.39113e-12
7.10605e-09
-9.52591e-13
2.82294e-09
-1.64877e-12
-2.01848e-13
1.16366e-09
-5.3707e-13
1.56663e-12
3.62395e-09
8.36022e-13
1.00646e-12
6.03576e-09
5.08234e-13
-2.9549e-13
7.80571e-09
3.17736e-13
-8.38917e-13
8.6986e-09
-2.74792e-13
-1.0629e-12
8.69859e-09
-6.53645e-13
-7.68987e-13
7.80578e-09
3.13629e-14
1.58567e-13
6.03573e-09
6.94755e-13
9.09682e-13
3.62385e-09
-1.50894e-13
1.16361e-09
-4.74038e-13
2.02884e-10
9.79605e-13
8.6144e-10
2.1067e-12
1.83654e-09
1.79171e-12
2.77619e-09
8.70468e-13
3.34303e-09
-1.72529e-13
3.343e-09
-1.04433e-12
2.77616e-09
-8.18831e-13
1.83648e-09
2.69143e-13
8.61401e-10
2.02882e-10
5.26954e-13
-2.0185e-13
2.02913e-10
1.0851e-12
-1.00816e-12
8.61498e-10
1.53945e-12
-4.95284e-13
1.83659e-09
1.77856e-12
-2.76072e-13
2.77621e-09
1.12825e-12
7.19527e-13
3.34302e-09
3.45337e-13
8.11236e-13
3.34294e-09
-5.87783e-15
1.53127e-14
2.77605e-09
1.81216e-14
3.51488e-13
1.83649e-09
-2.12043e-13
-2.6161e-13
8.61447e-10
2.57604e-13
2.0291e-10
-1.30607e-12
9.00047e-13
1.16383e-09
-8.6198e-13
-1.18621e-12
3.62418e-09
-4.62452e-13
-1.13132e-12
6.03568e-09
6.56611e-13
-8.40516e-13
7.80563e-09
8.62926e-13
3.15084e-13
8.69847e-09
9.60632e-13
8.13183e-13
8.69842e-09
1.89888e-12
-1.02211e-13
7.80562e-09
1.77034e-12
7.8028e-14
6.03556e-09
1.63963e-12
3.2911e-14
3.62407e-09
1.55854e-12
1.16376e-09
-5.92323e-13
1.5173e-12
2.82297e-09
-1.33402e-12
-7.78365e-13
7.10631e-09
-1.3665e-12
-1.02603e-12
9.96808e-09
-1.00476e-12
-1.17185e-12
1.15229e-08
3.7498e-13
-3.42698e-13
1.2189e-08
9.66801e-13
-4.75701e-13
1.2189e-08
1.51323e-12
-6.1198e-13
1.15229e-08
1.55561e-12
1.15643e-13
9.96811e-09
9.18647e-13
7.55603e-13
7.10631e-09
2.71484e-12
2.82298e-09
2.40976e-13
1.0682e-12
4.57205e-09
-2.68785e-13
3.94152e-14
9.93149e-09
-8.1995e-13
-7.14585e-13
1.25266e-08
-8.8631e-13
-1.05344e-12
1.36858e-08
-6.56269e-13
-9.20043e-13
1.41626e-08
2.30846e-14
-7.42655e-13
1.41627e-08
1.63164e-13
-9.18114e-13
1.36858e-08
2.66827e-13
1.13852e-13
1.25267e-08
-1.33412e-13
1.03577e-12
9.93138e-09
2.13106e-12
4.57214e-09
1.15097e-12
1.88129e-13
5.67038e-09
7.48407e-13
3.1676e-13
1.14121e-08
2.74626e-13
9.62215e-14
1.37318e-08
-3.45054e-13
-5.211e-13
1.4702e-08
-6.07146e-13
-5.02797e-13
1.51128e-08
-7.02571e-13
-6.16973e-13
1.51128e-08
-8.18102e-13
-8.14308e-13
1.4702e-08
-9.97879e-13
8.78858e-14
1.37318e-08
-8.50289e-13
1.06421e-12
1.14123e-08
1.26257e-12
5.67043e-09
1.48348e-12
-1.21232e-12
5.67038e-09
1.27718e-12
7.80103e-13
1.14121e-08
5.0729e-13
9.22593e-13
1.37317e-08
-1.21036e-13
-2.22461e-13
1.4702e-08
-5.83674e-13
-1.88548e-13
1.51128e-08
-8.70649e-13
-5.34753e-13
1.51129e-08
-1.12576e-12
-1.01141e-12
1.47021e-08
-1.28325e-12
2.76689e-13
1.37318e-08
-1.05657e-12
9.88729e-13
1.14122e-08
4.35491e-14
5.67036e-09
7.0545e-13
-1.88565e-12
4.57189e-09
2.92167e-13
9.13344e-13
9.93136e-09
-2.96672e-13
2.16945e-12
1.25265e-08
-4.94128e-13
4.04321e-13
1.36859e-08
-7.05769e-13
-3.0362e-13
1.41627e-08
-5.47702e-13
-7.6707e-13
1.41627e-08
-4.27332e-13
-1.19623e-12
1.3686e-08
-7.45279e-13
2.55433e-13
1.25266e-08
-6.56914e-13
8.45716e-13
9.93143e-09
-1.35708e-13
4.57182e-09
-5.60775e-13
-1.02119e-12
2.82264e-09
-2.64482e-13
9.11562e-13
7.10627e-09
-5.34336e-13
2.0784e-12
9.96805e-09
-6.37572e-13
4.19159e-13
1.1523e-08
-2.42394e-13
-5.55484e-13
1.21891e-08
2.35196e-13
-1.18337e-12
1.21891e-08
7.84377e-14
-8.88298e-13
1.1523e-08
-2.77865e-13
6.20107e-13
9.96805e-09
3.93923e-15
4.92278e-13
7.10633e-09
2.49764e-13
2.82268e-09
-9.23265e-13
-2.88397e-13
1.16368e-09
-5.99327e-13
3.32449e-13
3.62403e-09
7.03964e-13
1.07842e-12
6.03584e-09
7.21329e-13
-3.6603e-14
7.80568e-09
3.75335e-13
-6.00969e-13
8.69857e-09
4.75294e-13
-7.28178e-13
8.69856e-09
-2.46557e-13
-7.44734e-13
7.80566e-09
6.60905e-14
6.24347e-13
6.03575e-09
2.81743e-13
-5.67311e-14
3.624e-09
2.09176e-13
1.16372e-09
-1.38815e-13
2.02916e-10
2.19544e-13
8.61449e-10
1.21097e-12
1.83669e-09
1.42885e-12
2.77623e-09
9.1612e-13
3.34314e-09
-2.00698e-13
3.34307e-09
-6.39463e-13
2.77613e-09
-5.00412e-13
1.83657e-09
-9.852e-14
8.61385e-10
2.02897e-10
-6.51368e-13
7.66525e-13
2.02905e-10
-3.48546e-13
-3.20047e-13
8.61335e-10
-1.68964e-13
-2.29054e-13
1.8365e-09
3.31828e-13
-1.17963e-13
2.77605e-09
4.07348e-13
-1.64822e-14
3.34288e-09
2.96455e-13
2.39653e-13
3.34287e-09
3.51423e-13
3.2854e-13
2.77604e-09
1.98011e-13
-1.25904e-13
1.83644e-09
7.26727e-13
-2.60026e-13
8.61291e-10
9.19467e-13
2.02889e-10
-7.59335e-13
1.7346e-12
1.16374e-09
-1.12321e-12
3.8332e-13
3.62402e-09
-7.8108e-13
-5.83996e-13
6.03579e-09
-2.26921e-13
-6.72784e-13
7.80555e-09
5.76633e-13
-4.37197e-13
8.69823e-09
1.11324e-12
-2.36529e-13
8.69826e-09
1.73719e-12
-1.63789e-14
7.8055e-09
1.64853e-12
-1.76898e-13
6.03569e-09
7.13316e-13
6.00061e-13
3.62392e-09
1.69985e-12
1.16376e-09
-7.00032e-13
2.58809e-12
2.82319e-09
-1.35168e-12
7.27775e-13
7.10638e-09
-1.13071e-12
-1.02851e-12
9.96785e-09
-6.00798e-13
-1.20388e-12
1.15227e-08
5.20991e-14
-9.20062e-13
1.21888e-08
7.62259e-13
-6.85482e-13
1.21887e-08
1.59262e-12
-7.6194e-13
1.15227e-08
1.92503e-12
-3.207e-13
9.96789e-09
9.64667e-13
1.26817e-12
7.10641e-09
2.57324e-12
2.82323e-09
6.34697e-13
1.85126e-12
4.57217e-09
3.91355e-13
7.3015e-13
9.9317e-09
8.2037e-14
-3.13168e-13
1.25267e-08
-4.12156e-13
-1.06141e-12
1.36859e-08
-2.32649e-13
-8.51231e-13
1.41626e-08
-4.89744e-13
-8.61963e-13
1.41626e-08
-2.5681e-13
-7.20274e-13
1.36859e-08
-3.33283e-13
-5.5702e-14
1.25267e-08
-3.02863e-13
8.57838e-13
9.93178e-09
1.76895e-12
4.57223e-09
8.41948e-13
7.31105e-13
5.6707e-09
1.07349e-12
2.06083e-13
1.14125e-08
3.27172e-13
-4.43971e-13
1.37318e-08
-1.52907e-13
-5.31091e-13
1.4702e-08
-5.45323e-13
-5.4346e-13
1.51128e-08
-7.65006e-13
-4.22047e-13
1.51129e-08
-9.29606e-13
-6.00621e-13
1.47021e-08
-1.46155e-12
-5.5912e-14
1.37318e-08
-8.93795e-13
3.94305e-13
1.14126e-08
8.9342e-13
5.67075e-09
1.00312e-12
-2.98229e-13
5.67058e-09
1.10168e-12
-3.50608e-13
1.14126e-08
8.16983e-13
4.9459e-13
1.37318e-08
1.10187e-13
2.57284e-13
1.4702e-08
-4.90361e-13
-1.6956e-13
1.51129e-08
-8.55657e-13
-2.77066e-13
1.51129e-08
-8.87724e-13
-2.08046e-13
1.47021e-08
-1.46899e-12
-2.09124e-14
1.37319e-08
-9.97107e-13
-5.10872e-13
1.14126e-08
-6.27209e-13
5.67066e-09
8.90718e-13
-1.49723e-12
4.57206e-09
7.41802e-13
-6.11955e-13
9.93163e-09
2.04544e-13
5.70422e-13
1.25268e-08
-2.21992e-13
6.22485e-13
1.36859e-08
-4.94342e-13
1.12589e-13
1.41627e-08
-3.97576e-13
-3.46319e-14
1.41627e-08
-4.1978e-13
-1.62225e-13
1.3686e-08
-5.36551e-13
-1.57102e-13
1.25269e-08
-5.43296e-13
-7.45371e-13
9.93165e-09
-1.43899e-12
4.57218e-09
-5.45967e-13
-1.61604e-12
2.82319e-09
-1.05467e-12
1.35649e-13
7.10627e-09
-1.09236e-12
6.3934e-13
9.96803e-09
-4.49145e-13
4.32612e-13
1.15226e-08
1.46507e-13
-2.71693e-13
1.21889e-08
6.83611e-13
-5.6315e-13
1.21889e-08
1.08119e-12
-4.57402e-13
1.15227e-08
1.32994e-12
5.97685e-14
9.96806e-09
3.99037e-13
1.30811e-13
7.10618e-09
-1.37763e-12
2.82311e-09
-6.34745e-13
-1.16332e-12
1.16372e-09
-4.69668e-13
3.23459e-13
3.62389e-09
-4.11709e-13
8.79851e-14
6.0356e-09
1.81874e-13
5.2486e-14
7.80549e-09
4.64851e-13
-1.62373e-13
8.69832e-09
6.84461e-13
-4.62553e-13
8.69829e-09
7.24621e-13
-4.61084e-13
7.8055e-09
4.90672e-13
-8.47652e-14
6.03551e-09
5.07408e-13
3.4782e-13
3.62375e-09
-9.56784e-13
1.16359e-09
-9.97825e-13
2.02893e-10
-7.29506e-13
8.6134e-10
-3.4909e-14
1.83639e-09
-9.02157e-14
2.77608e-09
1.24412e-13
3.34288e-09
2.96227e-14
3.34282e-09
-1.57124e-13
2.77599e-09
2.66758e-13
1.83626e-09
7.03896e-13
8.61276e-10
2.02872e-10
-1.71182e-13
-2.71624e-13
2.02894e-10
6.5307e-13
-3.21453e-13
8.61378e-10
5.49694e-13
1.41899e-13
1.83644e-09
6.49377e-13
-9.81168e-14
2.77611e-09
4.05613e-13
1.3643e-13
3.34299e-09
-9.3271e-14
1.96237e-13
3.34293e-09
-1.98745e-13
-1.79466e-13
2.77601e-09
-8.4178e-14
3.01188e-13
1.8364e-09
4.38439e-13
-5.11138e-13
8.6136e-10
-1.489e-13
2.02884e-10
-6.39665e-13
7.10084e-13
1.16366e-09
-1.44234e-14
-8.31323e-13
3.62396e-09
4.15898e-13
-3.74391e-13
6.0357e-09
4.89043e-13
-4.54365e-13
7.80568e-09
5.60864e-13
2.94852e-13
8.69843e-09
-1.14436e-13
1.10295e-13
8.69845e-09
2.84963e-13
-3.26442e-14
7.80562e-09
3.09578e-13
4.46613e-13
6.03574e-09
6.67114e-13
-4.44993e-13
3.62399e-09
5.31348e-13
1.16363e-09
1.37837e-13
3.85271e-13
2.82283e-09
1.16542e-13
-6.29972e-13
7.10635e-09
3.61535e-14
-8.65815e-14
9.96826e-09
-2.67742e-13
-5.88271e-13
1.15229e-08
5.08328e-15
-3.56939e-13
1.2189e-08
2.32758e-13
-9.57048e-14
1.2189e-08
1.49732e-13
-2.60095e-13
1.15229e-08
-2.13338e-13
3.98741e-14
9.96812e-09
-2.75121e-13
-2.22576e-13
7.10636e-09
8.886e-13
2.82291e-09
6.75564e-13
2.10326e-13
4.57219e-09
2.09187e-13
-2.74689e-13
9.93162e-09
-2.39385e-13
-2.07595e-14
1.25267e-08
-1.97037e-13
-4.4457e-13
1.36859e-08
-8.5233e-14
-4.65879e-13
1.41627e-08
-3.3269e-13
-2.88094e-13
1.41627e-08
-1.01661e-13
-2.39024e-13
1.36861e-08
-1.01995e-13
2.40525e-13
1.25268e-08
-5.2886e-13
2.01555e-13
9.93158e-09
4.94906e-13
4.57193e-09
3.71489e-13
-4.7352e-14
5.67053e-09
3.07892e-13
1.9356e-13
1.14124e-08
-2.60705e-13
-5.98859e-14
1.37318e-08
-2.85527e-13
-4.32609e-13
1.47021e-08
-3.33526e-13
-2.23203e-13
1.5113e-08
-6.17122e-13
-3.07993e-13
1.51129e-08
-4.89447e-13
-5.06651e-13
1.47022e-08
-2.57849e-13
4.31047e-13
1.37319e-08
-4.18174e-13
4.56944e-13
1.14124e-08
5.68659e-13
5.67047e-09
6.41069e-13
-5.2776e-13
5.67049e-09
6.44461e-14
5.7491e-13
1.14124e-08
-1.60501e-14
5.92015e-13
1.37319e-08
-2.21705e-13
-5.06393e-13
1.47021e-08
-4.88145e-13
-2.5621e-13
1.51129e-08
-3.8111e-13
-1.50436e-13
1.5113e-08
-2.42773e-13
-6.24857e-13
1.47022e-08
-5.26951e-13
1.88705e-13
1.37318e-08
-3.28839e-13
8.16012e-13
1.14124e-08
1.50092e-13
5.67043e-09
3.27047e-13
-8.49633e-13
4.57211e-09
7.26703e-14
8.4608e-13
9.93153e-09
-3.64945e-13
9.61379e-13
1.25267e-08
-1.94851e-13
-2.76265e-13
1.3686e-08
-4.95415e-13
-2.77589e-13
1.41628e-08
-1.13268e-13
-3.688e-13
1.41628e-08
-2.99257e-13
-8.92986e-13
1.36861e-08
-2.2827e-13
5.33767e-13
1.25268e-08
-3.67612e-13
9.68902e-13
9.93152e-09
5.17522e-13
4.57187e-09
1.2417e-13
-4.58002e-13
2.82274e-09
7.03191e-13
7.50427e-13
7.10614e-09
5.50142e-13
1.06702e-12
9.96817e-09
-9.41065e-14
-2.92619e-13
1.1523e-08
-1.69274e-13
-5.55935e-13
1.21891e-08
-4.70401e-14
-5.95776e-13
1.2189e-08
-5.26358e-13
-8.5016e-13
1.15229e-08
-7.35989e-13
8.31746e-13
9.96807e-09
-1.82872e-13
6.85004e-13
7.10617e-09
1.05918e-13
2.82281e-09
-2.16772e-13
-1.67806e-13
1.16354e-09
3.37762e-13
3.45513e-14
3.62383e-09
9.30031e-13
5.27643e-13
6.03566e-09
6.57416e-13
-1.61805e-13
7.80566e-09
4.75679e-13
-1.30453e-13
8.69845e-09
-1.19167e-13
-3.29048e-13
8.69849e-09
-6.03258e-13
-3.36796e-13
7.80557e-09
-5.58046e-13
6.08838e-13
6.03559e-09
-1.57247e-13
1.66203e-13
3.62386e-09
1.11327e-13
1.16361e-09
-1.44966e-13
2.02865e-10
-2.99106e-13
8.61343e-10
2.84188e-13
1.83639e-09
4.34236e-13
2.77605e-09
1.93168e-13
3.3429e-09
-3.67372e-13
3.3429e-09
-6.97102e-13
2.776e-09
-2.82723e-13
1.83644e-09
4.20995e-14
8.61376e-10
2.02871e-10
-1.72751e-13
-3.73532e-13
2.02888e-10
6.47739e-13
-9.77165e-13
8.61392e-10
8.52396e-13
3.03845e-13
1.83644e-09
2.52766e-13
2.48672e-13
2.77613e-09
-3.12715e-14
2.73581e-14
3.34296e-09
6.38581e-14
1.21999e-13
3.34299e-09
-9.96822e-14
1.40782e-13
2.77614e-09
-2.6336e-13
4.47507e-13
1.83647e-09
-2.03639e-13
-4.62666e-13
8.61388e-10
1.90149e-13
2.02898e-10
-1.44636e-13
-1.69156e-13
1.16361e-09
5.07255e-13
-1.37113e-12
3.62398e-09
8.33948e-13
1.17946e-13
6.0357e-09
5.22518e-13
1.22591e-13
7.80573e-09
4.90118e-13
1.65706e-13
8.69858e-09
1.95917e-13
-9.14925e-14
8.69855e-09
5.60703e-13
-9.30224e-14
7.80566e-09
5.65495e-13
4.84737e-14
6.0355e-09
6.16498e-13
-4.40423e-13
3.62385e-09
9.80794e-13
1.16362e-09
-1.79646e-13
4.21126e-13
2.82266e-09
-3.52253e-13
-1.01789e-12
7.1062e-09
-1.39314e-13
-5.73629e-14
9.96812e-09
-1.02896e-14
-2.38651e-13
1.1523e-08
5.49374e-14
-6.97565e-15
1.21892e-08
1.11548e-13
-1.00838e-13
1.21892e-08
1.2221e-13
-2.20284e-13
1.15229e-08
2.76902e-13
2.31619e-13
9.96814e-09
4.94592e-14
-9.41868e-15
7.10614e-09
9.00835e-13
2.82266e-09
6.01106e-13
2.38568e-13
4.57165e-09
2.14175e-13
-3.16836e-13
9.93137e-09
3.97911e-14
9.84906e-14
1.25267e-08
7.02442e-15
-2.9953e-13
1.36861e-08
-2.0556e-13
-2.06887e-13
1.41629e-08
2.55459e-14
-2.39142e-13
1.41629e-08
-2.47636e-13
-4.14727e-13
1.3686e-08
4.56264e-15
3.87021e-13
1.25268e-08
-3.862e-13
4.65756e-13
9.93142e-09
7.88976e-13
4.57193e-09
2.53129e-13
3.7505e-13
5.67023e-09
-3.08371e-13
1.41187e-13
1.14121e-08
-2.82517e-13
4.40378e-13
1.37319e-08
-7.52453e-14
-3.86846e-13
1.47022e-08
-3.54556e-13
-3.17268e-13
1.5113e-08
-1.95963e-13
-1.08346e-14
1.51131e-08
-2.61986e-13
-4.22549e-13
1.47022e-08
-1.94019e-13
2.39676e-13
1.37319e-08
-5.17101e-13
5.84307e-13
1.14123e-08
3.65569e-13
5.67042e-09
2.73245e-13
4.65807e-13
5.67024e-09
1.4236e-13
1.02615e-12
1.1412e-08
-4.57746e-13
6.3537e-13
1.37318e-08
-2.52125e-13
-5.44473e-13
1.47022e-08
-2.69884e-13
-2.72045e-13
1.51131e-08
-3.31726e-13
-3.4003e-13
1.5113e-08
-1.3544e-13
-6.60172e-13
1.47023e-08
-1.75793e-13
3.1805e-13
1.37319e-08
-4.84467e-13
9.32258e-13
1.14122e-08
1.61353e-13
5.67034e-09
8.58809e-13
1.69794e-13
4.57164e-09
5.39659e-13
1.18943e-12
9.93131e-09
9.98332e-14
9.5424e-13
1.25267e-08
2.00472e-13
-3.39847e-13
1.36861e-08
-2.49974e-13
-2.94128e-13
1.41629e-08
-8.07935e-14
-3.18832e-13
1.4163e-08
1.16373e-14
-9.50942e-13
1.36861e-08
-1.4805e-13
2.64522e-13
1.25266e-08
-1.79738e-14
8.322e-13
9.93141e-09
2.85102e-13
4.57175e-09
-3.14102e-14
1.89107e-13
2.82261e-09
1.63679e-13
8.71631e-13
7.10629e-09
3.99092e-13
1.17864e-12
9.96802e-09
2.58677e-13
-2.51157e-13
1.1523e-08
5.91587e-14
-5.00304e-13
1.21893e-08
-1.6759e-13
-4.15712e-13
1.21893e-08
-3.46553e-13
-7.4211e-13
1.15231e-08
-9.01449e-13
4.91148e-13
9.96811e-09
-1.56424e-13
6.78228e-13
7.10632e-09
1.6273e-13
2.82253e-09
3.36053e-13
1.94339e-13
1.16365e-09
6.25383e-13
2.92587e-13
3.62405e-09
8.31437e-13
5.46853e-13
6.03579e-09
4.27797e-13
-2.36024e-13
7.80573e-09
4.38276e-13
-2.25582e-13
8.69864e-09
6.07884e-15
-3.14176e-13
8.69862e-09
-5.27853e-13
-1.95426e-13
7.80578e-09
-3.18574e-13
5.26887e-13
6.03576e-09
-2.92513e-13
1.77492e-13
3.62397e-09
-6.77548e-15
1.16364e-09
7.54215e-14
2.02901e-10
3.88534e-13
8.61357e-10
7.71764e-13
1.83658e-09
6.57558e-13
2.77619e-09
2.96288e-14
3.34313e-09
-3.51891e-13
3.34315e-09
-6.35092e-13
2.77611e-09
-7.67421e-14
1.83654e-09
-2.90842e-13
8.61329e-10
2.02906e-10
-1.42103e-12
8.93049e-13
2.02894e-10
-1.07081e-12
-1.34103e-13
8.6136e-10
-4.287e-13
1.36264e-13
1.83647e-09
-6.63941e-13
-1.67671e-13
2.77611e-09
-1.41568e-13
-3.59244e-13
3.34298e-09
4.94485e-13
-4.44795e-13
3.34298e-09
3.08858e-13
1.98572e-14
2.77609e-09
3.91754e-13
-9.49373e-14
1.83645e-09
9.91943e-13
-3.47935e-13
8.61334e-10
9.98938e-13
2.02875e-10
-5.07399e-13
1.42296e-12
1.1636e-09
-5.89627e-13
6.56034e-14
3.62389e-09
-3.36401e-13
-2.66256e-13
6.03565e-09
1.25512e-13
-4.75967e-13
7.80567e-09
2.97043e-13
-5.45872e-13
8.69851e-09
7.4525e-13
-5.13187e-13
8.69852e-09
5.76078e-13
-3.93095e-13
7.80568e-09
6.12349e-13
-7.40569e-14
6.03563e-09
2.96625e-13
-1.7504e-14
3.62385e-09
1.32666e-12
1.1636e-09
-9.47638e-14
1.60988e-12
2.82271e-09
-5.1944e-13
3.13866e-13
7.10618e-09
-5.14989e-13
-5.9192e-13
9.96807e-09
9.11596e-14
-4.75525e-13
1.15229e-08
-2.73379e-14
-6.50363e-13
1.21891e-08
-1.07427e-13
-5.78181e-13
1.21891e-08
2.21056e-13
-4.64165e-13
1.1523e-08
4.44254e-13
-3.65694e-14
9.9681e-09
2.00331e-13
1.661e-13
7.10611e-09
1.27615e-12
2.82281e-09
6.5624e-13
7.47141e-13
4.57186e-09
1.42052e-13
3.06695e-13
9.9314e-09
5.89138e-13
5.36652e-15
1.25268e-08
-1.63205e-14
-4.46801e-13
1.3686e-08
-1.80582e-13
-4.53777e-13
1.41628e-08
-3.89633e-13
-3.65231e-13
1.41628e-08
-4.91333e-13
-2.84109e-13
1.36861e-08
-5.4318e-13
-1.16634e-13
1.25268e-08
-6.06284e-13
-9.1473e-14
9.93149e-09
7.97681e-13
4.57196e-09
4.13411e-13
1.50436e-13
5.6703e-09
3.41904e-13
-3.69007e-14
1.14123e-08
1.03354e-13
-1.64198e-14
1.37318e-08
-2.68009e-13
-3.20333e-13
1.47022e-08
-2.52123e-13
-3.06196e-13
1.51131e-08
-2.88366e-13
-1.90519e-13
1.5113e-08
-5.41807e-13
-2.72215e-13
1.47022e-08
-4.88844e-13
6.64198e-14
1.3732e-08
-4.16444e-13
-1.52905e-13
1.14124e-08
3.11067e-13
5.67046e-09
2.12961e-13
-4.28254e-14
5.67031e-09
4.43543e-13
1.98088e-13
1.14123e-08
6.83291e-14
2.5955e-13
1.37319e-08
-2.65101e-13
-4.022e-14
1.47022e-08
-2.48511e-13
-1.72211e-13
1.5113e-08
-3.18282e-13
1.0239e-13
1.51131e-08
-4.35476e-13
-2.26612e-13
1.47023e-08
-5.32781e-13
2.89966e-14
1.3732e-08
-2.1003e-13
-2.25587e-13
1.14123e-08
-4.32419e-13
5.6704e-09
5.95534e-13
-1.02822e-12
4.57185e-09
5.20593e-13
1.70033e-13
9.93144e-09
4.83757e-13
3.71029e-13
1.25268e-08
1.92921e-13
5.37549e-14
1.36862e-08
8.32164e-14
-7.50525e-14
1.41629e-08
-3.59089e-13
-8.99426e-14
1.41629e-08
-4.0343e-13
1.39539e-14
1.36861e-08
-3.39929e-13
1.76609e-13
1.25268e-08
-4.47837e-13
-6.96436e-14
9.93156e-09
-1.16172e-12
4.57193e-09
2.45638e-13
-1.07518e-12
2.8228e-09
-3.83276e-13
6.729e-13
7.10619e-09
-2.18242e-13
2.65757e-13
9.9681e-09
1.89842e-13
-1.98466e-13
1.1523e-08
1.95169e-13
1.59439e-14
1.21892e-08
2.66689e-13
1.90804e-14
1.21892e-08
4.5649e-13
-2.36052e-13
1.1523e-08
5.98635e-13
-4.22908e-14
9.96813e-09
-1.92337e-13
3.10068e-13
7.10621e-09
-1.0992e-12
2.82282e-09
1.05317e-13
-6.6565e-13
1.1636e-09
8.13571e-15
3.79429e-13
3.62384e-09
1.76447e-13
-3.93326e-14
6.03571e-09
3.3536e-13
-2.20695e-13
7.80569e-09
4.67581e-13
1.2418e-13
8.69857e-09
4.86469e-13
4.50062e-14
8.69855e-09
5.14875e-13
-3.37034e-13
7.80568e-09
5.61097e-13
7.97467e-14
6.0357e-09
3.40752e-13
4.62674e-13
3.6239e-09
-1.0259e-12
1.16363e-09
-1.15478e-12
2.02877e-10
-6.49745e-14
8.61339e-10
-1.26976e-13
1.83643e-09
-4.19909e-13
2.77611e-09
3.24045e-14
3.34299e-09
-1.37456e-14
3.34295e-09
2.62475e-13
2.77614e-09
4.16981e-13
1.83645e-09
1.18607e-12
8.61374e-10
2.02895e-10
-1.10024e-12
1.08447e-12
2.02876e-10
-7.97695e-13
-1.81969e-13
8.61319e-10
-8.06443e-13
-1.4576e-13
1.83636e-09
-7.80967e-13
-1.04138e-14
2.77603e-09
-1.1237e-13
-3.66918e-13
3.34291e-09
5.84418e-13
-4.24327e-13
3.34288e-09
8.80582e-13
-5.66816e-14
2.776e-09
7.24493e-13
-7.71749e-14
1.83633e-09
9.32487e-13
-1.42383e-13
8.61309e-10
1.29021e-12
2.02886e-10
-3.1836e-13
1.43055e-12
1.16368e-09
-4.71532e-13
1.43366e-13
3.62386e-09
-3.05327e-13
-2.63017e-13
6.03553e-09
7.18839e-14
-2.36929e-13
7.80546e-09
3.17835e-13
-5.34791e-13
8.69839e-09
7.95714e-13
-5.8519e-13
8.69841e-09
9.89494e-13
-2.74618e-13
7.80543e-09
9.21773e-13
1.95893e-13
6.03545e-09
6.43015e-13
4.34079e-13
3.62389e-09
1.61528e-12
1.16369e-09
-2.68545e-13
1.67914e-12
2.82302e-09
-7.20003e-13
3.35269e-13
7.1063e-09
-5.40998e-13
-4.49126e-13
9.96802e-09
-1.74495e-13
-5.21359e-13
1.15228e-08
-1.31115e-14
-5.4521e-13
1.21891e-08
1.16255e-13
-6.4651e-13
1.2189e-08
2.47855e-13
-4.26437e-13
1.15228e-08
1.91978e-13
7.47942e-14
9.96811e-09
2.09542e-13
4.54818e-13
7.10637e-09
1.31858e-12
2.82305e-09
5.28785e-13
5.73293e-13
4.5719e-09
6.42569e-13
3.22402e-13
9.93152e-09
3.563e-13
-2.67842e-13
1.25269e-08
1.04532e-13
-3.56601e-13
1.36862e-08
-5.56461e-14
-2.24934e-13
1.4163e-08
-4.201e-13
-4.56196e-13
1.4163e-08
-6.83007e-13
-2.51736e-13
1.36862e-08
-7.33276e-13
2.11119e-13
1.2527e-08
-7.5641e-13
1.51253e-13
9.9316e-09
7.2421e-13
4.57206e-09
4.77452e-13
2.47783e-13
5.67039e-09
1.67925e-13
1.85666e-13
1.14124e-08
3.00111e-13
1.74886e-13
1.37319e-08
1.32329e-13
-2.82806e-13
1.47023e-08
-2.0517e-13
-1.97567e-13
1.51131e-08
-2.06825e-13
-1.61138e-13
1.51131e-08
-2.43815e-13
-1.25865e-13
1.47023e-08
-5.23915e-13
2.01138e-14
1.37321e-08
-4.26413e-13
1.50812e-14
1.14125e-08
2.8965e-13
5.67051e-09
3.85666e-13
-8.15603e-14
5.67042e-09
3.84479e-13
-8.06504e-14
1.14124e-08
5.2043e-14
2.36468e-14
1.3732e-08
1.74571e-13
1.00171e-13
1.47023e-08
-1.92244e-13
7.85152e-14
1.51132e-08
-1.62886e-13
-8.31057e-14
1.51131e-08
-3.37658e-13
-1.60973e-13
1.47024e-08
-5.96436e-13
4.10682e-15
1.3732e-08
-3.18222e-13
2.27945e-14
1.14125e-08
-3.23551e-13
5.67049e-09
6.04161e-13
-8.31561e-13
4.57186e-09
5.80161e-13
-1.88287e-15
9.93152e-09
5.82e-13
2.16723e-13
1.25269e-08
2.37944e-13
-6.5742e-14
1.36863e-08
8.12972e-14
2.84216e-14
1.4163e-08
-2.01934e-13
-3.17579e-14
1.4163e-08
-2.00229e-13
1.99116e-14
1.36863e-08
-3.20592e-13
1.16234e-13
1.25269e-08
-6.58667e-13
2.01036e-13
9.93157e-09
-6.88082e-13
4.57189e-09
1.94412e-13
-1.12007e-12
2.82297e-09
-3.65245e-13
2.47384e-13
7.10632e-09
-3.07224e-13
3.86482e-14
9.96806e-09
-3.63373e-14
-1.34875e-13
1.15229e-08
1.00308e-13
1.12599e-13
1.21891e-08
4.27342e-13
5.89525e-14
1.21891e-08
6.08347e-13
-2.78922e-13
1.15229e-08
4.90274e-13
1.64538e-13
9.96807e-09
-2.72616e-13
5.32716e-13
7.10627e-09
-9.35438e-13
2.8229e-09
-2.14811e-13
-7.78329e-13
1.16367e-09
1.59844e-14
3.07839e-13
3.62386e-09
7.58321e-14
-6.18207e-14
6.03551e-09
8.25228e-14
-2.22732e-13
7.80553e-09
2.17106e-13
1.22674e-13
8.69846e-09
3.58882e-13
6.30975e-15
8.69842e-09
4.45348e-13
-8.12082e-14
7.80553e-09
6.07967e-14
7.47121e-14
6.03562e-09
2.76546e-13
6.65959e-13
3.62392e-09
-9.12525e-13
1.16365e-09
-8.88658e-13
2.0289e-10
-4.27894e-13
8.61322e-10
-3.00383e-13
1.83638e-09
-4.23215e-13
2.77592e-09
-3.06376e-13
3.34292e-09
-1.83017e-14
3.34291e-09
-3.20325e-13
2.7759e-09
4.06509e-13
1.83637e-09
7.74075e-13
8.61323e-10
2.02884e-10
2.57571e-14
3.82107e-13
2.02885e-10
-7.69946e-14
-1.97349e-13
8.61337e-10
-3.33467e-14
-6.95382e-14
1.83648e-09
-2.62726e-13
4.10764e-13
2.77611e-09
-4.38541e-13
-2.40089e-13
3.34302e-09
-2.95936e-13
-1.74748e-13
3.34302e-09
-4.85972e-13
1.51278e-13
2.77613e-09
-1.13107e-12
-5.64528e-13
1.83649e-09
4.32541e-13
-3.20003e-13
8.61374e-10
1.0164e-14
2.02895e-10
6.4847e-13
-4.45099e-13
1.16351e-09
1.26447e-12
-7.85981e-13
3.62379e-09
1.17621e-12
-3.4145e-13
6.03569e-09
4.50092e-13
5.32393e-13
7.80582e-09
-1.4413e-13
3.7755e-13
8.69869e-09
-8.8824e-13
2.12375e-13
8.69871e-09
-1.70503e-12
2.79846e-13
7.8059e-09
-1.82352e-12
-5.75912e-13
6.03583e-09
-1.01737e-12
-1.07036e-12
3.6238e-09
-1.17208e-12
1.16354e-09
1.74691e-13
-3.07461e-13
2.82254e-09
7.20097e-13
-5.37751e-13
7.1061e-09
3.12373e-13
-5.2252e-13
9.9681e-09
4.11856e-13
3.8678e-13
1.15231e-08
-3.36317e-13
3.16039e-13
1.21893e-08
-8.28885e-13
4.03173e-13
1.21894e-08
-6.98869e-13
3.70609e-13
1.15231e-08
-7.64483e-13
-8.67265e-13
9.96802e-09
-3.44428e-13
-1.22891e-12
7.10598e-09
-8.81388e-13
2.8225e-09
-2.54015e-13
3.31931e-14
4.5718e-09
-4.14385e-13
-1.81095e-13
9.93141e-09
-2.29018e-13
-3.8256e-13
1.25267e-08
-3.7338e-14
6.55807e-14
1.36861e-08
1.17557e-13
2.16117e-13
1.41629e-08
1.84258e-13
7.26575e-14
1.41629e-08
5.60466e-13
6.72639e-14
1.36862e-08
8.09758e-13
-6.23388e-13
1.25267e-08
5.46412e-13
-7.53723e-13
9.93139e-09
2.17438e-13
4.57171e-09
3.83009e-13
-1.65622e-13
5.67039e-09
-1.33727e-13
-6.05184e-14
1.14123e-08
4.31557e-14
-8.03676e-14
1.3732e-08
-1.20438e-13
1.42605e-13
1.47023e-08
1.15406e-13
2.38381e-13
1.51131e-08
1.77673e-13
2.20878e-14
1.51131e-08
2.71894e-13
1.03738e-13
1.47022e-08
1.77233e-14
-5.23495e-13
1.37318e-08
-1.5465e-13
-4.55804e-13
1.14123e-08
1.50421e-13
5.67027e-09
2.03725e-13
-1.86023e-13
5.67035e-09
-7.40022e-14
2.96737e-13
1.14123e-08
-1.5498e-13
-1.41469e-13
1.37319e-08
-1.04195e-13
5.23113e-13
1.47023e-08
-8.75852e-14
-1.09134e-13
1.51131e-08
-1.86661e-14
-8.41793e-14
1.51131e-08
1.08056e-13
2.89376e-13
1.47022e-08
1.28609e-13
2.29962e-14
1.37319e-08
-1.64983e-13
-4.63437e-14
1.14123e-08
2.34481e-13
5.67027e-09
-3.63596e-13
1.11934e-14
4.5718e-09
-6.0733e-13
1.08989e-12
9.93138e-09
-3.80003e-13
-2.81151e-13
1.25267e-08
-1.13638e-13
3.07393e-13
1.36861e-08
1.50668e-13
-2.642e-13
1.41629e-08
4.08459e-13
-1.46048e-13
1.41629e-08
8.61412e-13
3.83645e-13
1.3686e-08
9.57258e-13
-5.6234e-14
1.25267e-08
2.00396e-13
6.4922e-13
9.93132e-09
5.64486e-13
4.57183e-09
6.76982e-13
-2.06278e-13
2.82254e-09
2.7164e-13
1.70667e-12
7.10598e-09
1.35471e-13
9.5015e-14
9.96806e-09
3.5392e-15
-9.56431e-14
1.1523e-08
-1.36711e-13
-3.0379e-13
1.21893e-08
-3.54982e-13
-2.52396e-13
1.21894e-08
-2.88819e-13
-2.64714e-13
1.15231e-08
-5.1771e-13
2.85232e-13
9.96807e-09
-9.06416e-13
1.5653e-12
7.10597e-09
-2.18579e-14
2.82262e-09
5.98832e-13
-3.62917e-13
1.16353e-09
8.18501e-13
1.22035e-12
3.62385e-09
7.50498e-13
3.52533e-13
6.03581e-09
1.80367e-13
-2.81577e-13
7.80582e-09
-5.04825e-14
-7.91364e-14
8.69867e-09
-7.41253e-13
-2.82039e-13
8.69864e-09
-7.21205e-13
-1.78878e-13
7.80584e-09
-1.18886e-12
4.07379e-13
6.03571e-09
-3.2079e-13
1.30782e-12
3.62376e-09
-5.88623e-13
1.16353e-09
-4.24438e-13
2.02885e-10
7.25949e-13
8.61377e-10
7.90946e-13
1.8365e-09
4.26745e-13
2.77625e-09
1.39557e-13
3.34308e-09
-2.04215e-13
3.34307e-09
-3.70932e-13
2.77625e-09
-6.60832e-13
1.8365e-09
4.17526e-13
8.61344e-10
2.02881e-10
-7.25992e-13
6.62161e-13
2.02883e-10
-7.11863e-13
-1.58057e-13
8.6133e-10
-6.70124e-13
3.54731e-13
1.83638e-09
-8.28907e-13
-8.09762e-14
2.77603e-09
-5.59404e-14
-3.55595e-13
3.34294e-09
4.2029e-13
-4.84504e-13
3.34294e-09
3.02275e-13
-3.77788e-14
2.77603e-09
6.77155e-13
-2.11684e-13
1.83641e-09
9.432e-13
-5.00414e-13
8.61369e-10
1.15315e-12
2.02883e-10
-2.25738e-13
1.07309e-12
1.16362e-09
-6.11769e-13
2.40661e-13
3.62384e-09
-7.46387e-13
1.0595e-13
6.0356e-09
-2.46135e-13
-2.10557e-13
7.80571e-09
-6.05109e-14
-7.1997e-13
8.69854e-09
6.27396e-13
-5.0665e-13
8.69856e-09
9.82187e-13
-1.07241e-13
7.8057e-09
1.17344e-12
-2.01324e-13
6.03573e-09
7.4028e-13
-1.21348e-13
3.62391e-09
1.56868e-12
1.16362e-09
7.92254e-14
1.14223e-12
2.82282e-09
-6.59954e-13
5.19893e-14
7.10612e-09
-3.94777e-13
9.44968e-14
9.96807e-09
2.39699e-13
-1.94165e-13
1.1523e-08
3.9121e-13
-6.70465e-13
1.21892e-08
4.65507e-13
-6.58515e-13
1.21892e-08
4.209e-13
-5.91291e-13
1.1523e-08
3.24801e-13
-1.22848e-13
9.96809e-09
1.76616e-13
3.43826e-13
7.10616e-09
1.62562e-12
2.82274e-09
4.92407e-13
5.0725e-13
4.57185e-09
7.14518e-13
2.2242e-13
9.93149e-09
5.21931e-13
2.27426e-13
1.25268e-08
1.11675e-13
-2.4682e-13
1.36861e-08
-6.62645e-14
-2.30115e-13
1.4163e-08
-3.98338e-13
-1.69272e-13
1.41629e-08
-4.94478e-13
-1.44463e-13
1.36861e-08
-1.01057e-12
-2.65364e-13
1.25267e-08
-8.57686e-13
1.778e-13
9.93142e-09
6.61123e-13
4.57179e-09
2.66978e-13
-7.03414e-15
5.67038e-09
3.12593e-13
-6.67535e-14
1.14123e-08
1.48696e-13
-3.98585e-14
1.37319e-08
1.89887e-13
-2.52048e-13
1.47022e-08
-6.42159e-14
-1.62547e-13
1.51131e-08
-2.44885e-13
-2.12722e-15
1.51131e-08
-4.57193e-13
-3.97331e-14
1.47022e-08
-2.95644e-13
1.68426e-13
1.37319e-08
-4.35998e-13
2.93441e-13
1.14123e-08
1.41183e-13
5.67033e-09
3.25586e-13
-2.25861e-13
5.6704e-09
3.34413e-13
-5.24529e-14
1.14124e-08
1.52419e-13
6.86013e-14
1.37319e-08
9.73781e-14
2.21195e-14
1.47023e-08
6.01163e-14
-8.18701e-14
1.51131e-08
-1.76683e-13
-9.69658e-14
1.5113e-08
-4.53897e-13
-2.41331e-13
1.47022e-08
-3.10789e-13
-3.61163e-14
1.37319e-08
-5.00114e-13
6.87162e-14
1.14123e-08
-3.02079e-13
5.67036e-09
6.66795e-13
-7.58495e-13
4.57188e-09
5.79315e-13
1.50804e-13
9.93151e-09
3.86784e-13
7.16978e-14
1.25267e-08
4.06614e-14
-5.22672e-14
1.36861e-08
1.40126e-13
2.0998e-13
1.4163e-08
-1.17813e-13
2.4869e-13
1.41629e-08
-2.85408e-13
6.74225e-14
1.36862e-08
-5.04946e-13
8.75063e-14
1.25268e-08
-5.0623e-13
3.35838e-13
9.93144e-09
-8.0668e-13
4.57183e-09
-7.70526e-14
-1.28639e-12
2.82276e-09
-4.51623e-13
3.34133e-13
7.10619e-09
-3.87024e-13
1.0715e-13
9.96806e-09
-1.37095e-14
-2.54573e-13
1.1523e-08
2.4204e-14
-3.96899e-14
1.21892e-08
2.38549e-14
7.71266e-14
1.21892e-08
2.92149e-13
-2.28535e-13
1.15229e-08
2.09065e-13
1.53645e-13
9.96804e-09
-1.72e-13
6.88769e-13
7.10609e-09
-1.20696e-12
2.82276e-09
-1.01194e-13
-8.49502e-13
1.16362e-09
-2.90339e-13
1.19487e-13
3.62384e-09
6.05865e-14
1.12997e-14
6.03558e-09
1.46157e-13
-1.06915e-13
7.80571e-09
2.81972e-13
1.93729e-13
8.69862e-09
1.35197e-13
2.18208e-13
8.69857e-09
2.35123e-13
-2.50874e-14
7.80572e-09
4.00994e-13
3.31787e-13
6.03558e-09
2.83997e-13
4.59542e-13
3.6238e-09
-8.44738e-13
1.16358e-09
-7.79397e-13
2.02891e-10
-9.40444e-13
8.61322e-10
-5.54168e-13
1.83645e-09
-5.41779e-13
2.77607e-09
-3.42794e-13
3.34299e-09
-2.2443e-13
3.34297e-09
-2.69812e-13
2.77606e-09
4.16805e-13
1.83643e-09
1.02971e-12
8.61328e-10
2.02877e-10
-1.43449e-12
1.18841e-12
2.02868e-10
-8.57195e-13
3.58864e-14
8.6124e-10
-7.63424e-13
7.23264e-14
1.83638e-09
-7.48139e-13
-1.98331e-13
2.77595e-09
-2.31322e-13
-4.07676e-13
3.34289e-09
2.30993e-13
-2.18156e-13
3.34292e-09
4.34889e-13
-1.47211e-13
2.77596e-09
9.3539e-13
-4.39692e-14
1.83637e-09
6.28704e-13
-2.15839e-13
8.6127e-10
1.07244e-12
2.02889e-10
-7.90118e-13
1.32279e-12
1.16368e-09
-1.0261e-12
3.97244e-13
3.62379e-09
-5.77829e-13
1.65052e-13
6.03547e-09
-3.46748e-13
-3.40372e-13
7.80544e-09
-1.12903e-13
-6.47367e-13
8.69841e-09
3.09779e-13
-6.12791e-13
8.69839e-09
9.23396e-13
-3.8248e-13
7.80546e-09
1.14075e-12
-3.02567e-13
6.0355e-09
6.91194e-13
2.73845e-13
3.62386e-09
1.38675e-12
1.16367e-09
-2.59363e-14
1.05615e-12
2.82296e-09
-1.87544e-14
3.40808e-13
7.10643e-09
-1.88128e-14
-1.50259e-13
9.96799e-09
6.52214e-16
-7.09359e-13
1.15228e-08
2.87814e-13
-4.38139e-13
1.2189e-08
3.25139e-13
-5.85069e-13
1.21891e-08
5.52423e-13
-5.24692e-13
1.15228e-08
6.03156e-13
-2.29864e-13
9.96802e-09
3.13288e-14
5.46452e-13
7.10637e-09
1.60553e-12
2.82294e-09
5.95149e-13
5.47517e-13
4.57195e-09
7.95915e-13
2.73712e-13
9.93167e-09
4.36158e-13
-1.09275e-14
1.25268e-08
3.83386e-13
-3.27917e-13
1.36863e-08
-8.12909e-14
-2.68967e-13
1.41629e-08
-2.70209e-13
-1.19971e-13
1.41629e-08
-6.00432e-13
-2.8425e-13
1.36862e-08
-6.56414e-13
-2.16014e-14
1.25269e-08
-7.86197e-13
1.7763e-13
9.93157e-09
8.33151e-13
4.57192e-09
1.70453e-13
-1.11092e-13
5.67035e-09
1.98581e-13
1.76432e-13
1.14124e-08
2.00768e-13
2.82011e-13
1.3732e-08
-6.8396e-14
-1.90847e-13
1.47023e-08
-5.31262e-14
-1.94215e-13
1.51131e-08
-3.71807e-13
-2.04283e-13
1.51131e-08
-1.20624e-13
-2.6821e-13
1.47023e-08
-4.06183e-13
-5.39817e-14
1.37319e-08
-5.17689e-13
8.90129e-14
1.14124e-08
3.46589e-13
5.67044e-09
3.60559e-13
1.45176e-15
5.67049e-09
2.95557e-13
-8.45831e-14
1.14124e-08
2.97141e-13
2.52333e-13
1.37319e-08
5.82258e-14
-1.55932e-13
1.47023e-08
7.7094e-14
6.97789e-14
1.51131e-08
-5.05871e-14
-8.98223e-14
1.51131e-08
-1.41931e-13
-2.10483e-13
1.47023e-08
-4.45315e-13
4.7642e-14
1.37319e-08
-2.9522e-13
8.39293e-14
1.14124e-08
-3.80626e-13
5.67049e-09
5.90164e-13
-7.18556e-13
4.57199e-09
4.40586e-13
1.09195e-13
9.93152e-09
4.83125e-13
2.58882e-13
1.25269e-08
3.54192e-13
-1.5949e-13
1.36862e-08
-1.17238e-13
4.18215e-14
1.41629e-08
-1.90201e-13
2.36855e-13
1.4163e-08
-3.94548e-13
-1.34066e-13
1.36862e-08
-6.60285e-13
1.08713e-13
1.25269e-08
-6.98848e-13
6.53423e-14
9.93149e-09
-8.6112e-13
4.57198e-09
-2.50945e-14
-1.20161e-12
2.82302e-09
-5.20441e-13
4.92842e-13
7.10631e-09
-3.82932e-13
1.59538e-13
9.96809e-09
-1.52056e-13
-1.89322e-13
1.15229e-08
4.81446e-14
5.254e-13
1.21891e-08
-1.96104e-14
2.93327e-13
1.2189e-08
4.54651e-13
4.67842e-14
1.15227e-08
4.0912e-13
2.21766e-13
9.96792e-09
-4.14623e-14
3.06755e-13
7.1062e-09
-1.32096e-12
2.82294e-09
-3.67788e-13
-1.02405e-12
1.16364e-09
-1.72865e-13
3.18248e-13
3.6239e-09
-5.17099e-14
-1.18022e-14
6.03556e-09
-3.04966e-14
-3.6732e-13
7.80548e-09
8.99642e-15
1.59317e-13
8.69832e-09
6.24073e-13
2.65991e-13
8.69837e-09
5.21512e-13
-1.45071e-13
7.8055e-09
5.41272e-13
4.53214e-13
6.03556e-09
4.37494e-13
3.70685e-13
3.62387e-09
-8.93472e-13
1.16365e-09
-1.09793e-12
2.02879e-10
-4.96966e-13
8.61339e-10
-6.94398e-13
1.83635e-09
-6.92709e-13
2.77594e-09
-4.46069e-13
3.34287e-09
-2.6405e-13
3.34287e-09
1.65137e-13
2.77596e-09
3.16636e-13
1.83634e-09
1.20062e-12
8.61329e-10
2.02882e-10
-2.19091e-13
2.97878e-13
2.02903e-10
7.57414e-13
-1.30123e-12
8.61441e-10
3.77066e-13
5.69114e-14
1.83648e-09
1.67649e-13
2.12135e-13
2.77619e-09
-9.59304e-15
-7.39726e-14
3.34303e-09
-1.05333e-13
1.10298e-14
3.34297e-09
-5.93518e-13
-1.07099e-13
2.77616e-09
-2.32827e-13
-2.89414e-13
1.83645e-09
6.13047e-13
-1.08385e-12
8.61363e-10
6.09958e-13
2.02869e-10
5.93093e-13
-3.7685e-13
1.16351e-09
1.88901e-12
-2.0444e-12
3.62391e-09
1.34517e-12
3.05359e-13
6.0359e-09
4.6887e-13
4.06029e-13
7.80594e-09
6.61161e-14
1.89999e-13
8.69868e-09
-4.72775e-13
2.00141e-13
8.69864e-09
-7.25314e-13
1.52825e-13
7.80581e-09
-6.72953e-13
-1.35664e-13
6.03568e-09
-6.7981e-14
-1.51276e-12
3.62378e-09
6.09633e-13
1.16349e-09
4.08759e-13
-1.64845e-13
2.82253e-09
5.00124e-13
-1.81911e-12
7.10584e-09
3.04663e-13
1.95823e-15
9.96815e-09
2.02673e-13
3.18141e-13
1.15231e-08
1.33363e-13
9.05155e-14
1.21893e-08
-1.82117e-13
1.59472e-13
1.21893e-08
-1.98161e-13
-1.47146e-13
1.1523e-08
-9.01659e-15
2.32614e-14
9.96811e-09
-3.67424e-13
-1.17987e-12
7.10595e-09
7.41981e-13
2.82259e-09
-2.70829e-13
1.37624e-13
4.57181e-09
-5.39157e-13
-8.73749e-13
9.93134e-09
-2.53675e-13
4.25958e-14
1.25267e-08
-1.7208e-13
1.24409e-13
1.36861e-08
6.63093e-14
1.81517e-14
1.41629e-08
-9.51061e-14
-2.73828e-14
1.41629e-08
3.58987e-13
-1.67411e-13
1.3686e-08
4.40643e-13
-2.66512e-13
1.25267e-08
1.93868e-13
-3.55703e-13
9.93132e-09
1.08523e-12
4.57183e-09
1.75793e-13
-4.01791e-14
5.67032e-09
4.97184e-14
-3.18271e-13
1.14123e-08
-3.61644e-13
-3.49716e-14
1.37318e-08
-1.88779e-13
2.13195e-13
1.47022e-08
-8.91797e-14
3.89086e-14
1.51131e-08
-7.11897e-14
-8.10412e-14
1.51132e-08
-1.38168e-14
-1.02863e-13
1.47022e-08
1.41719e-13
-5.70271e-14
1.37319e-08
-9.32858e-14
-1.27423e-13
1.14123e-08
8.63883e-13
5.6703e-09
5.76905e-14
5.26285e-15
5.67028e-09
-2.0516e-13
1.05052e-13
1.14122e-08
-2.18537e-13
2.49228e-13
1.37318e-08
-1.77488e-13
2.04805e-13
1.47022e-08
-2.4554e-14
-2.2841e-13
1.51131e-08
1.81402e-13
-1.72261e-13
1.51131e-08
2.7953e-15
-2.53586e-14
1.47021e-08
-3.18431e-14
-1.20076e-13
1.37318e-08
1.14893e-13
3.00759e-13
1.14123e-08
1.05143e-12
5.67024e-09
-3.34384e-13
4.83261e-13
4.57173e-09
-6.24063e-13
5.08067e-13
9.93139e-09
-3.80308e-13
1.55078e-13
1.25267e-08
-6.02129e-14
-1.05713e-14
1.36861e-08
2.38084e-13
-2.29522e-13
1.41629e-08
2.77254e-13
-2.15505e-13
1.41629e-08
3.69469e-13
-3.18562e-14
1.36861e-08
4.69729e-13
-2.3525e-13
1.25267e-08
1.88815e-14
3.57123e-13
9.93145e-09
1.39317e-12
4.5718e-09
4.6208e-13
5.08294e-13
2.82245e-09
3.14205e-13
1.13204e-12
7.106e-09
1.29194e-13
3.40918e-13
9.9681e-09
1.28302e-13
-3.76535e-13
1.15231e-08
-1.75592e-14
-4.24338e-13
1.21893e-08
-3.01692e-13
-2.30942e-13
1.21893e-08
-8.27205e-13
-4.63141e-14
1.1523e-08
-8.97604e-13
2.75992e-13
9.96814e-09
-1.29866e-12
6.7459e-13
7.10609e-09
7.0898e-13
2.82258e-09
1.14057e-12
-1.53564e-13
1.16355e-09
1.15287e-12
8.72335e-13
3.62378e-09
9.70904e-13
2.56534e-13
6.0357e-09
7.28683e-13
-4.06792e-14
7.80587e-09
2.31669e-13
-9.81324e-14
8.69869e-09
-2.33154e-13
-2.00689e-15
8.69871e-09
-8.4069e-13
-1.20101e-14
7.80581e-09
-1.03351e-12
3.95463e-13
6.0357e-09
-9.49831e-13
3.70525e-13
3.62381e-09
-4.74012e-13
1.16357e-09
-2.27907e-13
2.02887e-10
5.90002e-13
8.61339e-10
8.37552e-13
1.83645e-09
6.05019e-13
2.77614e-09
1.89552e-13
3.34304e-09
-1.60573e-13
3.34305e-09
-2.79607e-13
2.77616e-09
-8.02322e-13
1.8365e-09
3.66297e-13
8.61325e-10
2.02877e-10
-1.2561e-12
7.12583e-13
2.02865e-10
-6.1706e-13
-2.92387e-13
8.61306e-10
-4.09252e-13
-6.93174e-14
1.83639e-09
-3.87162e-13
-1.31354e-13
2.77602e-09
-1.69802e-13
-4.1286e-13
3.34296e-09
4.50368e-13
-1.32062e-13
3.34296e-09
6.2718e-13
-3.28095e-14
2.77605e-09
4.65866e-13
-5.13781e-14
1.83642e-09
1.0909e-12
3.53234e-14
8.61353e-10
7.82695e-13
2.02884e-10
-5.33653e-13
1.31416e-12
1.16359e-09
-5.29334e-13
-3.36758e-14
3.62379e-09
-3.96452e-13
-3.58555e-13
6.03553e-09
-6.95477e-14
-3.35015e-13
7.80566e-09
5.28015e-13
-3.45171e-13
8.69856e-09
6.37772e-13
-5.03972e-13
8.69847e-09
8.96134e-13
-1.72609e-13
7.80568e-09
1.0244e-12
8.97172e-14
6.03567e-09
3.38433e-13
5.49801e-14
3.62386e-09
1.27814e-12
1.16362e-09
-1.51354e-13
1.1427e-12
2.82276e-09
-3.32293e-13
3.00858e-13
7.10612e-09
-5.0118e-13
-1.80702e-13
9.96801e-09
-6.4291e-14
-3.48698e-13
1.1523e-08
-9.27191e-14
-5.25099e-13
1.21892e-08
1.12502e-13
-5.04282e-13
1.21892e-08
1.99927e-13
-3.7867e-13
1.1523e-08
1.97461e-13
-9.01739e-14
9.96811e-09
-1.69615e-13
-8.00036e-14
7.10612e-09
1.22944e-12
2.82274e-09
7.70774e-13
5.42687e-13
4.57185e-09
6.03172e-13
-1.60474e-13
9.93143e-09
3.67253e-13
6.62264e-14
1.25268e-08
1.08581e-13
-3.74516e-13
1.36861e-08
-3.68831e-14
-3.35941e-13
1.4163e-08
-2.87367e-13
-1.06434e-14
1.4163e-08
-5.84796e-13
-2.4512e-13
1.36862e-08
-5.32668e-13
1.6859e-13
1.25268e-08
-3.8871e-13
-1.00207e-13
9.93145e-09
6.10639e-13
4.57183e-09
3.61887e-13
1.05179e-13
5.67031e-09
1.92475e-13
-3.06076e-13
1.14123e-08
1.96671e-13
-2.99856e-14
1.37319e-08
1.0999e-13
-1.23222e-13
1.47023e-08
1.54919e-13
-2.04043e-13
1.51131e-08
-4.1407e-13
-3.28599e-14
1.51131e-08
-6.93843e-14
-2.27384e-13
1.47023e-08
-4.58446e-13
-9.61383e-15
1.37319e-08
-3.20254e-13
5.78632e-14
1.14123e-08
3.20922e-13
5.6703e-09
2.83371e-13
-3.09538e-13
5.67033e-09
4.3871e-13
-7.91606e-14
1.14124e-08
3.03449e-13
1.45036e-13
1.37319e-08
-1.02786e-13
-1.59279e-13
1.47022e-08
1.3135e-13
8.58271e-14
1.51131e-08
-2.01092e-13
-4.15503e-14
1.51131e-08
-1.66031e-13
-2.5159e-13
1.47023e-08
-4.08571e-13
7.23911e-14
1.37318e-08
-3.25383e-13
2.49614e-13
1.14123e-08
-8.48095e-14
5.67032e-09
5.72885e-13
-1.06223e-12
4.57186e-09
3.24418e-13
-3.03343e-14
9.9315e-09
2.11718e-13
1.46774e-13
1.25268e-08
2.22036e-13
2.16463e-13
1.36862e-08
-2.74543e-13
1.96634e-13
1.4163e-08
-3.1501e-13
2.84363e-13
1.4163e-08
-7.38142e-13
-2.99039e-13
1.36862e-08
-6.77703e-13
-1.61228e-13
1.25268e-08
-7.64366e-13
3.83969e-14
9.93143e-09
-8.53986e-13
4.57177e-09
4.936e-14
-1.33037e-12
2.82275e-09
-8.16116e-13
1.2669e-13
7.10615e-09
-5.47439e-13
6.24949e-14
9.96801e-09
-3.05321e-13
8.59039e-18
1.15229e-08
-2.30782e-13
3.14902e-13
1.21892e-08
-1.02662e-13
4.29002e-13
1.21892e-08
7.59779e-14
-1.96219e-13
1.1523e-08
2.80678e-13
1.94329e-13
9.96808e-09
-3.58392e-13
4.46052e-13
7.10607e-09
-1.11719e-12
2.82278e-09
-2.71499e-13
-9.17377e-13
1.16359e-09
-4.96359e-13
4.07744e-13
3.62382e-09
-1.78714e-13
-4.13708e-14
6.03558e-09
-2.0106e-13
-2.36601e-13
7.80563e-09
2.29375e-13
2.76034e-13
8.69847e-09
3.48278e-13
1.34713e-13
8.69846e-09
3.41922e-13
-7.79221e-14
7.80568e-09
6.43369e-13
4.31954e-13
6.03565e-09
2.63148e-13
4.48014e-13
3.62382e-09
-8.67641e-13
1.16362e-09
-9.05853e-13
2.02881e-10
-9.83608e-13
8.61299e-10
-5.32776e-13
1.83641e-09
-6.45974e-13
2.77603e-09
-4.49287e-13
3.34295e-09
-5.41619e-14
3.34292e-09
-2.42257e-14
2.77604e-09
4.99962e-13
1.83643e-09
8.29914e-13
8.61353e-10
2.02896e-10
-5.77457e-13
8.47221e-13
2.02884e-10
-4.77816e-13
-3.54807e-13
8.61285e-10
-5.38036e-13
1.72888e-13
1.8364e-09
-2.9769e-13
-1.4363e-14
2.776e-09
-2.49285e-13
-3.01152e-13
3.34293e-09
4.20686e-13
-3.00022e-13
3.34299e-09
4.74377e-13
-8.73325e-14
2.776e-09
5.07969e-13
-1.27491e-13
1.83645e-09
3.51726e-13
-3.1367e-13
8.61287e-10
6.89675e-13
2.02886e-10
-4.56518e-13
1.13128e-12
1.16363e-09
-5.57087e-13
-2.9355e-13
3.62374e-09
-2.06899e-13
-1.33525e-13
6.03546e-09
2.11955e-13
-2.03156e-13
7.80549e-09
1.98475e-13
-6.01296e-13
8.69845e-09
5.40337e-13
-3.95458e-13
8.69853e-09
9.02524e-13
-2.37604e-13
7.80557e-09
8.91369e-13
-7.95384e-14
6.0356e-09
3.48156e-13
2.52712e-13
3.62384e-09
1.42375e-12
1.16364e-09
-2.69656e-13
1.20202e-12
2.82292e-09
-4.20055e-13
-9.19769e-14
7.10629e-09
-1.54351e-13
-2.186e-13
9.96793e-09
-1.75033e-13
-6.23625e-13
1.15228e-08
2.04552e-13
-3.75293e-13
1.2189e-08
1.68184e-13
-6.27314e-13
1.2189e-08
6.51203e-13
-3.76021e-13
1.15229e-08
8.30889e-13
-1.24489e-13
9.96798e-09
3.1765e-13
2.38335e-13
7.10624e-09
1.34106e-12
2.82291e-09
3.6497e-13
3.38426e-13
4.57182e-09
6.08463e-13
-2.48122e-13
9.93154e-09
2.65396e-13
-9.93216e-14
1.25268e-08
7.57159e-14
-3.17988e-13
1.36862e-08
-1.48992e-13
-3.13526e-13
1.41629e-08
-2.77252e-13
-2.86365e-13
1.4163e-08
-5.73803e-13
-1.86245e-13
1.36862e-08
-5.9475e-13
-4.09739e-15
1.25269e-08
-4.7957e-13
5.89905e-14
9.93156e-09
5.95051e-13
4.57184e-09
3.33481e-13
7.98576e-14
5.67036e-09
1.90206e-13
-2.73363e-14
1.14124e-08
1.13326e-13
1.21068e-13
1.37319e-08
-1.3498e-13
-2.58044e-13
1.47022e-08
-1.70638e-13
1.11397e-14
1.51131e-08
-1.00105e-13
-2.68246e-14
1.51131e-08
-4.52596e-13
-2.30356e-13
1.47022e-08
-4.93297e-13
-8.82253e-14
1.37319e-08
-4.71704e-13
1.00916e-14
1.14123e-08
2.25035e-13
5.67043e-09
4.28361e-13
-1.65559e-13
5.67037e-09
6.79051e-14
-1.46371e-13
1.14123e-08
1.54915e-13
3.9044e-13
1.3732e-08
3.09921e-14
2.61378e-15
1.47023e-08
-2.55599e-13
2.27534e-13
1.51131e-08
-1.04963e-13
1.12749e-13
1.51131e-08
-3.57284e-13
-2.20737e-13
1.47023e-08
-3.62274e-13
-3.13969e-14
1.3732e-08
-3.06413e-13
1.68179e-14
1.14124e-08
-3.42943e-13
5.67047e-09
7.10456e-13
-8.79336e-13
4.57191e-09
4.4689e-13
-2.09816e-14
9.93144e-09
3.43596e-13
3.09452e-14
1.25269e-08
2.30491e-13
4.62586e-14
1.36862e-08
-4.40466e-13
1.71685e-13
1.41629e-08
-1.08624e-13
2.2625e-13
1.4163e-08
-5.43952e-13
-2.77932e-13
1.36862e-08
-6.01318e-13
-1.62397e-13
1.25268e-08
-4.9439e-13
1.21827e-13
9.93139e-09
-9.37395e-13
4.57194e-09
-4.04442e-14
-9.98666e-13
2.82296e-09
-7.0024e-13
4.58084e-13
7.10622e-09
-3.42071e-13
1.49983e-13
9.96802e-09
1.71917e-13
-2.16205e-13
1.15229e-08
8.975e-14
1.08638e-13
1.2189e-08
5.60556e-13
1.88348e-13
1.2189e-08
6.47082e-13
-6.73401e-14
1.15228e-08
5.64237e-13
3.62028e-13
9.96792e-09
-2.24506e-14
6.67801e-13
7.10618e-09
-1.09476e-12
2.82296e-09
-1.67197e-13
-6.33253e-13
1.16363e-09
-2.9085e-13
5.1593e-13
3.62389e-09
-2.08264e-13
-1.62821e-13
6.03555e-09
-1.07024e-13
-3.11036e-13
7.80552e-09
1.1773e-13
3.51108e-13
8.69848e-09
4.66521e-13
2.91681e-13
8.69846e-09
1.96312e-13
-1.84579e-13
7.80546e-09
3.12475e-13
4.25493e-13
6.03551e-09
3.78064e-13
5.70573e-13
3.62387e-09
-6.95933e-13
1.16359e-09
-7.77705e-13
2.02881e-10
-5.2535e-13
8.6136e-10
-3.9081e-13
1.83641e-09
-4.60312e-13
2.77601e-09
-3.81281e-13
3.34293e-09
-4.93624e-13
3.34293e-09
-1.84914e-13
2.77599e-09
1.80676e-13
1.83635e-09
7.99646e-13
8.61329e-10
2.02876e-10
-8.01474e-13
3.57324e-13
2.02876e-10
9.38294e-14
-9.11724e-13
8.6135e-10
4.69554e-14
2.14586e-13
1.83644e-09
-4.97533e-14
1.15852e-13
2.77617e-09
1.08099e-13
-4.54664e-14
3.343e-09
2.73096e-15
-1.19084e-13
3.343e-09
-8.63701e-14
-1.01393e-14
2.77615e-09
1.98766e-14
-2.9381e-13
1.8364e-09
5.55092e-13
-6.71826e-13
8.61369e-10
6.82632e-13
2.02879e-10
4.14448e-13
2.29945e-15
1.16352e-09
1.2239e-12
-1.27281e-12
3.62386e-09
7.22213e-13
2.03622e-13
6.03575e-09
1.47087e-13
1.09881e-13
7.80577e-09
1.18849e-13
8.42911e-14
8.69868e-09
-9.28678e-14
-1.07089e-13
8.69866e-09
-6.4505e-13
-2.70207e-13
7.80577e-09
-5.66092e-13
2.18589e-13
6.03568e-09
-1.75755e-13
-1.10363e-12
3.62381e-09
6.65934e-13
1.16353e-09
5.65757e-13
-1.20101e-13
2.82256e-09
5.57999e-13
-1.34899e-12
7.10595e-09
4.94001e-13
1.72761e-13
9.96811e-09
1.92955e-13
-4.8738e-14
1.1523e-08
6.82224e-14
1.3176e-14
1.21892e-08
-2.76402e-13
-1.38681e-13
1.21892e-08
-2.09547e-13
-3.31313e-13
1.1523e-08
-5.35188e-13
3.10603e-13
9.9681e-09
-5.43117e-13
-8.98153e-13
7.106e-09
3.9224e-13
2.82259e-09
-1.40658e-13
7.15328e-14
4.57188e-09
-5.80726e-13
-8.05482e-13
9.93134e-09
-2.74729e-13
7.67623e-14
1.25268e-08
-1.39323e-15
1.03389e-13
1.3686e-08
1.27355e-13
7.28928e-14
1.41629e-08
1.51202e-13
-9.53583e-14
1.41629e-08
5.22045e-13
-2.12976e-13
1.36861e-08
3.63236e-13
4.99987e-14
1.25267e-08
7.59498e-14
-5.76715e-13
9.93134e-09
7.36677e-13
4.57181e-09
7.81051e-14
-1.25139e-13
5.67035e-09
-2.956e-13
-3.95259e-13
1.14123e-08
-1.34189e-14
1.85365e-13
1.37319e-08
-1.55795e-13
7.26893e-15
1.47022e-08
-2.93346e-13
-2.07305e-13
1.5113e-08
-1.16981e-13
-1.25599e-13
1.51131e-08
-8.86999e-14
5.98646e-14
1.47023e-08
-6.73439e-14
3.13702e-13
1.37319e-08
-7.70609e-14
-1.11048e-13
1.14124e-08
8.45691e-13
5.6703e-09
7.941e-14
2.14308e-14
5.67037e-09
8.82188e-15
-1.25013e-13
1.14123e-08
-2.14123e-13
4.97762e-14
1.37318e-08
-1.57729e-13
2.25125e-13
1.47021e-08
-9.02874e-14
3.06633e-14
1.51131e-08
5.53545e-14
-4.04849e-14
1.5113e-08
-7.64955e-14
-5.09759e-15
1.47021e-08
6.04654e-14
1.27957e-13
1.37318e-08
7.48299e-14
-2.74343e-13
1.14124e-08
7.94013e-13
5.67026e-09
-3.44826e-13
1.74357e-14
4.57184e-09
-6.47544e-13
1.40274e-13
9.93146e-09
-3.70875e-13
8.21525e-14
1.25266e-08
-9.75559e-14
1.54374e-13
1.3686e-08
2.36738e-13
-1.25908e-13
1.41629e-08
2.48987e-13
-4.29422e-13
1.41628e-08
3.89464e-13
6.51611e-14
1.3686e-08
4.43505e-13
3.13738e-13
1.25267e-08
2.65957e-13
2.46674e-13
9.93152e-09
1.43723e-12
4.57181e-09
6.15396e-13
5.31398e-14
2.82252e-09
1.81434e-13
5.05898e-13
7.10602e-09
4.98861e-15
1.51521e-13
9.96804e-09
-1.32289e-13
2.94482e-14
1.1523e-08
-4.67153e-13
-1.19377e-13
1.21892e-08
-4.89533e-13
-1.12424e-13
1.21893e-08
-9.89178e-13
-1.64535e-13
1.1523e-08
-1.26371e-12
2.6219e-13
9.96818e-09
-1.28607e-12
4.07256e-13
7.10609e-09
3.70346e-13
2.82249e-09
7.08702e-13
-3.53268e-13
1.16353e-09
4.75546e-13
4.70386e-13
3.62375e-09
5.20891e-13
1.18763e-13
6.03564e-09
3.19075e-13
-5.84135e-14
7.80571e-09
-1.433e-13
-7.72957e-14
8.69856e-09
-6.08316e-13
-8.06639e-14
8.69859e-09
-7.48564e-13
6.51749e-14
7.80573e-09
-9.80187e-13
3.85508e-13
6.03563e-09
-5.90491e-13
5.56654e-13
3.62372e-09
-6.05979e-13
1.16357e-09
-6.41727e-13
2.02868e-10
2.29241e-13
8.61306e-10
3.99984e-13
1.83643e-09
2.32248e-13
2.77613e-09
5.58889e-14
3.34299e-09
-1.55566e-13
3.34298e-09
-1.22322e-13
2.77613e-09
1.28865e-13
1.83646e-09
5.8267e-13
8.61308e-10
2.02872e-10
-1.33116e-12
9.79452e-13
2.02865e-10
-5.22375e-13
-2.24763e-13
8.61329e-10
-8.77833e-13
-1.07624e-14
1.83641e-09
-9.50611e-13
-3.4458e-13
2.77604e-09
3.33978e-14
-3.20334e-13
3.34299e-09
2.65035e-13
-4.70636e-13
3.34292e-09
1.76783e-13
-3.69463e-13
2.77606e-09
6.52059e-13
-1.96922e-13
1.83641e-09
1.14354e-12
-1.71692e-13
8.61349e-10
7.79745e-13
2.02886e-10
-8.13629e-13
1.2005e-12
1.1636e-09
-8.24186e-13
5.0049e-14
3.62387e-09
-5.74566e-13
1.35789e-13
6.03562e-09
-2.12169e-13
-2.64203e-13
7.80566e-09
1.633e-13
-7.1291e-13
8.69847e-09
3.34804e-13
-7.95129e-13
8.6985e-09
9.79847e-13
-2.9397e-13
7.80563e-09
1.14569e-12
-2.04984e-13
6.03559e-09
5.77823e-13
2.43085e-13
3.62387e-09
1.51133e-12
1.16363e-09
-2.23839e-13
1.41001e-12
2.82272e-09
-3.51974e-13
2.51121e-13
7.10608e-09
-4.67871e-14
-2.11009e-14
9.96803e-09
-6.59435e-14
-5.44477e-13
1.15229e-08
2.5708e-14
-5.07855e-13
1.21891e-08
2.11772e-13
-3.96328e-13
1.21891e-08
2.74914e-13
-4.18819e-13
1.15228e-08
5.32644e-13
-7.86609e-14
9.96806e-09
1.05765e-13
1.52518e-13
7.10617e-09
1.26733e-12
2.82276e-09
6.10211e-13
5.30279e-13
4.57183e-09
6.39112e-13
-2.11272e-13
9.93143e-09
5.48893e-13
-1.24943e-14
1.25267e-08
4.1598e-13
-1.93996e-13
1.36861e-08
6.7111e-14
-2.34227e-13
1.41628e-08
-2.30885e-13
-7.96594e-14
1.41629e-08
-3.43368e-13
-2.09795e-13
1.36861e-08
-5.86955e-13
-2.15214e-13
1.25268e-08
-4.10214e-13
4.73465e-14
9.93148e-09
7.06207e-13
4.5719e-09
2.68627e-13
3.15618e-13
5.67036e-09
1.51689e-13
1.16569e-13
1.14123e-08
2.37668e-13
1.85545e-13
1.37319e-08
6.55177e-14
-1.66232e-13
1.47022e-08
8.16027e-15
5.24324e-14
1.51131e-08
-7.17997e-14
-9.51427e-14
1.51131e-08
-2.2276e-13
-2.78443e-13
1.47022e-08
-2.41598e-13
-1.02182e-13
1.37319e-08
-4.0221e-13
4.06708e-14
1.14123e-08
2.81764e-13
5.67039e-09
2.26482e-13
1.82878e-13
5.67035e-09
-3.07333e-15
5.37806e-14
1.14123e-08
6.45553e-14
1.68473e-13
1.37319e-08
1.03541e-13
-1.88043e-13
1.47022e-08
-1.30186e-13
-4.32296e-14
1.51131e-08
-1.14412e-14
-5.56374e-14
1.5113e-08
-1.9885e-13
-3.57858e-13
1.47022e-08
-2.88028e-13
-2.01444e-13
1.37319e-08
-2.85809e-13
1.26469e-13
1.14123e-08
-3.07339e-13
5.67036e-09
6.29101e-13
-7.76674e-13
4.57177e-09
6.05683e-13
5.29386e-13
9.93133e-09
5.19637e-13
1.12864e-13
1.25268e-08
4.20719e-13
-6.53247e-14
1.36861e-08
2.52407e-13
1.87092e-13
1.41629e-08
1.69598e-13
5.27165e-14
1.41629e-08
-4.05776e-14
-2.90466e-13
1.36861e-08
-9.64959e-14
3.81483e-14
1.25267e-08
-3.26298e-13
3.98707e-13
9.93143e-09
-5.91514e-13
4.5718e-09
5.61946e-13
-1.03903e-12
2.82274e-09
-6.0708e-14
7.29228e-13
7.10611e-09
-3.42002e-14
9.64807e-14
9.96807e-09
1.19174e-13
-3.68972e-13
1.15229e-08
2.99023e-13
2.37819e-13
1.21891e-08
2.19617e-13
1.04437e-13
1.21891e-08
4.58007e-13
-2.82609e-13
1.1523e-08
1.94513e-13
4.18179e-14
9.96805e-09
-1.14346e-13
5.9007e-13
7.10612e-09
-8.45994e-13
2.82275e-09
-5.13125e-14
-7.37514e-13
1.16361e-09
8.11203e-14
3.94404e-13
3.62383e-09
1.53998e-13
-3.46581e-14
6.0356e-09
-1.41814e-14
-2.87226e-13
7.80563e-09
2.44602e-13
2.34763e-13
8.69851e-09
2.9976e-13
2.85325e-13
8.69853e-09
-5.85966e-14
1.92179e-14
7.8057e-09
-1.353e-13
3.25811e-13
6.0357e-09
1.76396e-13
6.73064e-13
3.62389e-09
-9.2503e-13
1.16357e-09
-9.53246e-13
2.02874e-10
-5.6498e-13
8.61334e-10
-4.00379e-13
1.83643e-09
-5.24356e-13
2.77602e-09
-2.34512e-13
3.34294e-09
-8.97408e-14
3.3429e-09
-3.83123e-13
2.77601e-09
4.56302e-13
1.83644e-09
9.13277e-13
8.61336e-10
2.0288e-10
-1.19951e-12
1.06775e-12
2.02879e-10
-1.58305e-13
-4.31503e-14
8.61293e-10
-6.3112e-13
4.34842e-14
1.83643e-09
-5.70222e-13
-1.92697e-13
2.77603e-09
-1.06555e-13
-4.171e-13
3.34297e-09
1.94773e-13
-3.29649e-13
3.34298e-09
1.81068e-13
-1.91316e-13
2.77602e-09
4.75168e-13
-2.89648e-13
1.83641e-09
7.88557e-13
-2.60114e-13
8.61289e-10
8.2205e-13
2.02883e-10
-8.6679e-14
1.00517e-12
1.16364e-09
-1.24705e-14
-3.56078e-13
3.62392e-09
-1.43403e-13
-1.17113e-13
6.03569e-09
9.60321e-14
-1.83417e-13
7.80561e-09
2.7955e-13
-5.73395e-13
8.69843e-09
4.79848e-13
-5.35923e-13
8.69837e-09
9.45306e-13
-9.77242e-14
7.80551e-09
1.06342e-12
-2.09927e-13
6.03566e-09
6.95e-13
-1.27807e-13
3.62392e-09
1.30425e-12
1.16368e-09
3.11905e-13
9.53614e-13
2.82283e-09
2.5952e-13
-3.48685e-13
7.1062e-09
2.3231e-13
-2.45766e-13
9.96806e-09
3.31796e-13
-3.97288e-13
1.15229e-08
1.23125e-13
-4.01827e-13
1.21891e-08
1.42415e-13
-4.49425e-13
1.21891e-08
3.30095e-13
-3.13784e-13
1.15228e-08
3.98852e-13
-2.57433e-13
9.96801e-09
2.62798e-13
2.73639e-13
7.10625e-09
1.33462e-12
2.82288e-09
8.13367e-13
3.76616e-13
4.57169e-09
9.10287e-13
-1.62637e-13
9.93144e-09
5.49249e-13
-9.27354e-14
1.25267e-08
3.94681e-13
-2.06979e-13
1.36862e-08
7.53836e-14
-2.06553e-13
1.41629e-08
-1.65987e-13
-1.05527e-13
1.41629e-08
-5.58825e-13
-2.06173e-13
1.36862e-08
-5.68909e-13
-2.49931e-14
1.25268e-08
-6.68364e-13
-5.30262e-14
9.9315e-09
6.4618e-13
4.57191e-09
3.99883e-13
1.11682e-13
5.67027e-09
-1.38974e-13
-4.25484e-13
1.14121e-08
2.34718e-13
1.55964e-13
1.37318e-08
1.93791e-15
-2.04851e-13
1.47022e-08
4.30488e-14
-4.90914e-14
1.51131e-08
5.68134e-14
-5.21656e-14
1.51131e-08
-6.06086e-14
-2.31969e-13
1.47022e-08
-1.85415e-13
4.30145e-14
1.37319e-08
-5.02428e-13
1.50417e-13
1.14124e-08
2.47599e-13
5.67045e-09
1.85211e-13
-1.11749e-13
5.67031e-09
3.35639e-13
1.86782e-13
1.14122e-08
1.77295e-13
4.35534e-13
1.37319e-08
1.09109e-13
-1.72892e-13
1.47022e-08
-8.44899e-14
8.75881e-14
1.51131e-08
-1.81627e-13
4.97737e-14
1.5113e-08
-1.70408e-13
-1.24149e-13
1.47022e-08
-2.89504e-13
1.90827e-13
1.37319e-08
-4.66188e-13
-2.67275e-15
1.14123e-08
-2.81182e-13
5.67048e-09
6.51042e-13
-7.77183e-13
4.57182e-09
7.50223e-13
4.48308e-13
9.93133e-09
2.51641e-13
1.48375e-13
1.25268e-08
5.52768e-13
-4.74132e-14
1.36862e-08
2.90857e-13
4.72549e-14
1.4163e-08
-4.49393e-14
1.35566e-13
1.41629e-08
-3.01314e-13
1.24028e-13
1.36862e-08
-4.50987e-13
2.53016e-13
1.25269e-08
-4.68494e-13
3.80464e-13
9.93143e-09
-8.54872e-13
4.57191e-09
3.33936e-13
-1.04788e-12
2.8228e-09
-5.49498e-15
5.3673e-13
7.10607e-09
3.69611e-13
7.72707e-14
9.96804e-09
2.97425e-13
-3.97122e-13
1.15229e-08
3.48851e-13
3.04171e-13
1.21891e-08
4.46451e-13
2.83178e-13
1.21891e-08
4.99794e-13
-1.93711e-13
1.15228e-08
5.40742e-13
3.47507e-13
9.96794e-09
4.48305e-14
8.00763e-13
7.10612e-09
-1.1864e-12
2.82289e-09
2.83999e-14
-1.06062e-12
1.16357e-09
9.49349e-15
3.79179e-13
3.62396e-09
1.85591e-13
-1.44096e-13
6.03574e-09
9.7748e-14
-2.01522e-13
7.80565e-09
2.55111e-13
1.87433e-13
8.69854e-09
-1.02731e-13
5.57428e-14
8.69853e-09
2.67874e-13
8.68447e-14
7.80566e-09
1.66269e-13
4.06643e-13
6.03565e-09
3.33444e-13
7.88742e-13
3.62389e-09
-7.14533e-13
1.16357e-09
-6.96147e-13
2.02889e-10
-3.35113e-13
8.61342e-10
-5.12615e-13
1.83639e-09
-7.05516e-13
2.77607e-09
-4.71601e-13
3.34298e-09
-4.32101e-13
3.343e-09
-3.1268e-13
2.77607e-09
1.63677e-13
1.83643e-09
8.97433e-13
8.6132e-10
2.02858e-10
-9.25391e-13
7.75953e-13
2.02873e-10
-5.94997e-13
-2.92412e-13
8.61345e-10
-9.63037e-13
3.33057e-13
1.83639e-09
-5.76472e-13
-3.26214e-13
2.77606e-09
3.17417e-14
-5.80929e-13
3.34293e-09
3.30147e-13
-4.03701e-13
3.34294e-09
2.88464e-13
-1.05025e-13
2.77608e-09
7.05955e-13
-7.19409e-14
1.83642e-09
9.56205e-13
-5.25095e-13
8.6136e-10
8.55369e-13
2.02868e-10
-6.59283e-13
1.34234e-12
1.16354e-09
-1.59488e-13
-4.4983e-13
3.62378e-09
4.56491e-14
2.09218e-13
6.03558e-09
-1.63711e-13
-3.94572e-13
7.80574e-09
-9.80609e-14
-4.09023e-13
8.69859e-09
-3.43409e-13
-3.1932e-13
8.6986e-09
-7.75041e-13
-3.64262e-13
7.80579e-09
-4.98161e-13
-2.17348e-13
6.03554e-09
2.33496e-13
-8.97166e-13
3.62374e-09
9.94135e-13
1.16352e-09
2.03616e-13
1.33007e-12
2.82271e-09
6.73157e-14
1.14582e-13
7.1061e-09
1.91908e-14
5.36377e-14
9.96812e-09
3.8947e-14
-5.52253e-13
1.15229e-08
-1.76228e-13
-1.95401e-13
1.21892e-08
-5.96477e-13
-3.11479e-13
1.21892e-08
-6.75905e-13
-1.54955e-13
1.1523e-08
-6.96845e-13
-8.10302e-14
9.96799e-09
-8.03697e-13
-8.37284e-13
7.10595e-09
1.03705e-12
2.82261e-09
4.30003e-13
8.32063e-13
4.57192e-09
2.14901e-13
-1.12078e-13
9.93138e-09
2.7645e-13
8.63392e-14
1.25268e-08
1.76545e-13
-1.28195e-13
1.36861e-08
-6.28705e-14
-6.56295e-14
1.4163e-08
4.95598e-14
1.66488e-13
1.4163e-08
-1.11238e-13
-1.61647e-13
1.36861e-08
4.20725e-14
-4.17562e-14
1.25267e-08
3.29175e-14
-2.43002e-13
9.93139e-09
7.70959e-13
4.57181e-09
3.62149e-13
1.21831e-13
5.67038e-09
4.5707e-13
-1.49729e-13
1.14124e-08
6.17672e-13
2.88369e-13
1.37319e-08
5.94297e-14
1.18876e-13
1.47023e-08
1.86375e-13
2.08427e-13
1.51131e-08
-1.89164e-13
-1.13427e-13
1.51131e-08
-2.45196e-13
-2.75744e-13
1.47022e-08
-9.5175e-14
-1.15801e-13
1.37319e-08
-2.39111e-13
-3.35159e-13
1.14123e-08
7.28444e-13
5.67033e-09
4.67152e-13
-2.60236e-13
5.6704e-09
5.70818e-13
-4.87547e-13
1.14124e-08
3.18123e-13
1.0124e-14
1.37319e-08
1.90999e-13
3.61609e-13
1.47023e-08
-2.76571e-14
-1.11319e-13
1.5113e-08
-7.47869e-14
-5.08333e-15
1.51131e-08
-1.03376e-13
1.8822e-13
1.47022e-08
-2.48513e-13
-3.1405e-13
1.37319e-08
-6.63861e-14
-2.99558e-13
1.14123e-08
8.54905e-13
5.67029e-09
3.35005e-13
-6.75987e-13
4.5719e-09
1.57995e-13
-8.40851e-13
9.93155e-09
2.53941e-13
2.97629e-13
1.25267e-08
-1.40629e-16
5.50933e-13
1.36861e-08
5.45792e-14
1.05963e-13
1.41629e-08
-5.60062e-14
-3.64093e-14
1.41629e-08
-1.01161e-13
8.34816e-15
1.36861e-08
5.82435e-14
-2.67233e-13
1.25267e-08
-1.57798e-13
-3.13969e-13
9.93151e-09
8.46152e-13
4.57182e-09
4.17368e-13
-9.21325e-13
2.82263e-09
7.29161e-14
-2.49113e-13
7.10614e-09
-1.90135e-13
7.27975e-13
9.96802e-09
-2.71858e-13
3.57933e-13
1.1523e-08
-3.47125e-13
1.40798e-13
1.21892e-08
-7.86121e-13
6.25431e-14
1.21892e-08
-1.0327e-12
1.6102e-13
1.15231e-08
-1.41639e-12
1.24115e-13
9.96808e-09
-1.65327e-12
-1.68422e-13
7.10613e-09
-1.5852e-13
2.82262e-09
-2.9037e-13
-7.90688e-13
1.16359e-09
-4.07761e-13
-1.53097e-13
3.62372e-09
-2.17552e-13
1.86332e-13
6.03554e-09
1.65034e-13
3.76886e-13
7.80562e-09
1.08735e-14
2.09301e-13
8.69855e-09
-2.18031e-13
1.72274e-13
8.69854e-09
-2.50735e-13
1.45518e-13
7.80565e-09
-3.75427e-13
1.53383e-13
6.03557e-09
-2.65555e-13
7.16298e-14
3.62377e-09
-7.06691e-13
1.16364e-09
-8.03046e-13
2.02875e-10
-1.00055e-12
8.61308e-10
-4.46959e-13
1.83643e-09
-3.30174e-13
2.77604e-09
-6.66224e-14
3.34294e-09
3.29927e-14
3.34293e-09
7.08458e-13
2.77605e-09
7.46298e-13
1.8364e-09
5.1982e-13
8.61326e-10
2.02895e-10
-7.35517e-13
9.99674e-13
2.02888e-10
-5.58207e-13
1.48211e-14
8.61337e-10
-8.37274e-13
2.86486e-13
1.83645e-09
-7.7464e-13
-1.44871e-13
2.7761e-09
-8.10988e-14
-6.07112e-13
3.343e-09
2.64582e-13
-4.41556e-13
3.34299e-09
2.26391e-13
-3.87872e-14
2.77605e-09
3.50587e-13
1.5794e-14
1.8364e-09
8.41036e-13
-3.47909e-13
8.61299e-10
8.306e-13
2.02864e-10
-9.34744e-14
1.41446e-12
1.16359e-09
-3.89341e-13
-2.23549e-13
3.62384e-09
-1.73175e-13
4.68023e-14
6.0357e-09
1.89537e-13
-4.7588e-13
7.80577e-09
3.49439e-13
-7.25477e-13
8.69866e-09
4.15247e-13
-6.98237e-13
8.69863e-09
5.15554e-13
-3.2409e-13
7.80571e-09
6.79297e-13
-1.56351e-13
6.03568e-09
3.30914e-13
-2.1988e-13
3.62379e-09
1.1564e-12
1.16353e-09
3.46046e-13
1.00094e-12
2.82273e-09
2.66669e-13
-2.9438e-13
7.10606e-09
2.74036e-13
-3.27714e-13
9.96805e-09
4.86969e-13
-5.33275e-13
1.1523e-08
2.24775e-13
-4.70197e-13
1.21892e-08
4.16778e-14
-4.07751e-13
1.21892e-08
1.26777e-13
-2.93313e-13
1.1523e-08
2.09114e-13
-1.85213e-13
9.96813e-09
-8.80222e-14
-4.20801e-14
7.1061e-09
1.13215e-12
2.82269e-09
7.2873e-13
6.20797e-13
4.57185e-09
6.63257e-13
-1.01992e-13
9.93141e-09
4.70569e-13
-4.74401e-14
1.25267e-08
3.23947e-13
-1.37469e-13
1.36861e-08
-1.5078e-13
-2.5046e-13
1.41629e-08
-4.02217e-13
-1.78356e-13
1.4163e-08
-6.91393e-13
-2.73325e-13
1.36861e-08
-6.57998e-13
-7.40087e-14
1.25267e-08
-5.41528e-13
-6.38372e-14
9.93135e-09
5.41045e-13
4.57174e-09
2.86294e-13
1.70482e-13
5.67034e-09
5.18993e-14
-1.29528e-13
1.14123e-08
2.24981e-13
-6.44866e-14
1.37319e-08
3.6988e-14
-2.2173e-13
1.47022e-08
-1.36484e-13
-1.36685e-13
1.5113e-08
-4.65641e-14
-1.58904e-14
1.51131e-08
-1.55438e-15
-1.01256e-13
1.47022e-08
-9.0456e-14
1.85606e-14
1.37318e-08
-2.51227e-13
-4.12096e-14
1.14122e-08
3.05914e-13
5.67028e-09
3.63475e-13
-1.39732e-13
5.67032e-09
2.3037e-13
-6.16472e-14
1.14123e-08
3.26059e-13
1.03508e-13
1.3732e-08
2.58822e-14
1.15882e-14
1.47022e-08
-1.35204e-13
8.5043e-16
1.51131e-08
-3.55421e-14
-2.24575e-13
1.51131e-08
-2.53733e-14
8.70455e-16
1.47023e-08
-1.63497e-13
1.67413e-13
1.37319e-08
-1.86954e-13
-1.73394e-14
1.14122e-08
-8.53642e-14
5.67027e-09
7.65434e-13
-8.48633e-13
4.5718e-09
5.88531e-13
1.63488e-13
9.93145e-09
3.84204e-13
1.80098e-13
1.25268e-08
3.89733e-13
1.78494e-13
1.36862e-08
-7.96036e-14
1.38987e-13
1.41629e-08
7.00747e-14
8.93636e-14
1.41629e-08
-2.93714e-13
-1.79132e-13
1.36862e-08
-2.60418e-13
-2.56268e-14
1.25267e-08
-4.72319e-13
2.77138e-13
9.93138e-09
-3.10284e-13
4.57177e-09
1.39607e-13
-1.02546e-12
2.82272e-09
-4.31958e-13
7.63363e-13
7.1061e-09
-2.74319e-13
3.76914e-13
9.96804e-09
-2.05929e-13
-2.46075e-13
1.1523e-08
-4.9626e-14
2.9468e-13
1.21892e-08
-5.15863e-14
1.66051e-13
1.21892e-08
5.1727e-14
-4.10226e-13
1.15229e-08
3.76683e-13
1.80107e-13
9.96798e-09
-8.11787e-14
8.8097e-13
7.10606e-09
-6.08569e-13
2.82269e-09
-2.72471e-13
-8.68213e-13
1.16361e-09
-5.25104e-14
6.44075e-13
3.6238e-09
-6.03022e-14
7.36431e-14
6.03559e-09
3.34168e-13
-2.60902e-14
7.80564e-09
2.33002e-13
2.04438e-13
8.69849e-09
1.41446e-13
1.52619e-13
8.6985e-09
1.65442e-13
-1.33013e-13
7.80565e-09
-1.62436e-13
2.93159e-13
6.03563e-09
-1.16872e-13
8.20008e-13
3.62382e-09
-5.6025e-13
1.16356e-09
-8.04457e-13
2.02881e-10
-4.23801e-13
8.61351e-10
-3.2338e-13
1.83641e-09
-4.30107e-13
2.77606e-09
-3.20793e-13
3.34295e-09
-3.31101e-13
3.34292e-09
-4.20334e-13
2.77603e-09
-1.15821e-13
1.83639e-09
5.59899e-13
8.61307e-10
2.02866e-10
-1.29388e-12
7.89772e-13
2.02882e-10
-8.95615e-13
1.40953e-13
8.61324e-10
-1.09797e-12
3.72285e-13
1.8364e-09
-9.0388e-13
-7.60833e-14
2.77601e-09
-3.94239e-13
-5.33208e-13
3.34289e-09
3.34095e-14
-4.54343e-13
3.34287e-09
3.73593e-13
-1.57204e-13
2.77602e-09
8.3913e-13
-1.43156e-16
1.83637e-09
6.12347e-13
-2.42425e-13
8.61319e-10
1.03692e-12
2.02892e-10
-4.79994e-13
1.32272e-12
1.16357e-09
-8.2502e-13
2.68397e-13
3.62378e-09
-6.25529e-13
2.97361e-13
6.03564e-09
-2.36636e-13
-4.18658e-13
7.80563e-09
1.96912e-13
-7.82376e-13
8.69847e-09
3.60768e-13
-8.35432e-13
8.69848e-09
8.40462e-13
-3.60223e-13
7.8056e-09
9.54741e-13
-4.94587e-14
6.03557e-09
3.70082e-13
-1.0605e-13
3.62379e-09
1.41907e-12
1.16361e-09
1.85325e-13
1.22967e-12
2.82272e-09
-1.46691e-14
8.55209e-14
7.10612e-09
6.92511e-14
-1.23714e-13
9.96806e-09
1.60094e-13
-6.303e-13
1.1523e-08
1.64553e-13
-6.48978e-13
1.21892e-08
-1.69006e-13
-6.05179e-13
1.21891e-08
3.91665e-13
-3.95324e-13
1.15229e-08
2.25494e-13
-4.34776e-13
9.96806e-09
1.11959e-13
2.68409e-14
7.10613e-09
1.24637e-12
2.82273e-09
8.52922e-13
4.03221e-13
4.57188e-09
8.48986e-13
-7.82856e-14
9.93147e-09
6.93469e-13
9.56384e-14
1.25268e-08
2.96381e-13
-2.27623e-13
1.36862e-08
2.8496e-13
-1.56198e-13
1.4163e-08
-2.42756e-13
-3.02059e-13
1.41629e-08
-4.71641e-13
-2.6172e-13
1.36861e-08
-6.34113e-13
-1.86906e-13
1.25268e-08
-6.8769e-13
-2.22559e-13
9.9314e-09
7.07776e-13
4.57182e-09
4.13631e-13
1.33435e-13
5.67034e-09
2.3661e-13
-9.56613e-14
1.14123e-08
3.81054e-13
9.17664e-14
1.37319e-08
7.6162e-14
-1.34414e-13
1.47022e-08
-1.20549e-13
-6.24976e-14
1.51131e-08
-3.84691e-15
-9.66349e-14
1.5113e-08
-1.97908e-13
-1.66643e-13
1.47023e-08
-3.60879e-13
3.18535e-13
1.37319e-08
-4.08322e-13
8.37708e-14
1.14124e-08
5.71612e-14
5.67033e-09
3.18272e-13
-9.25597e-14
5.67039e-09
3.17544e-13
-2.29424e-14
1.14123e-08
2.15896e-13
1.98181e-13
1.37319e-08
8.98377e-14
-3.08192e-14
1.47023e-08
-2.00759e-13
-7.9783e-14
1.51131e-08
-6.14441e-14
7.3926e-16
1.51131e-08
7.68196e-14
-6.30691e-14
1.47022e-08
-4.27471e-13
2.48302e-14
1.37318e-08
-2.32118e-13
-5.87322e-14
1.14123e-08
-2.25257e-13
5.67036e-09
6.41581e-13
-7.66187e-13
4.57184e-09
5.03081e-13
-4.38867e-14
9.93145e-09
5.1625e-13
2.45309e-13
1.25267e-08
4.1078e-13
6.75338e-15
1.36861e-08
8.1639e-14
1.57944e-13
1.41629e-08
4.49837e-14
3.0124e-13
1.41629e-08
-2.63772e-13
1.70834e-13
1.36862e-08
-1.07667e-13
2.95669e-13
1.25268e-08
-4.39592e-13
2.49898e-13
9.93142e-09
-7.94874e-13
4.5718e-09
1.75091e-13
-1.02019e-12
2.82279e-09
-1.4092e-14
5.03123e-13
7.1062e-09
3.73445e-14
2.67852e-13
9.96803e-09
1.02043e-13
-3.61503e-13
1.15228e-08
5.76406e-14
1.51748e-13
1.21891e-08
2.39553e-13
2.68254e-13
1.21891e-08
2.76468e-13
-1.66039e-13
1.15229e-08
5.293e-13
2.51208e-13
9.96812e-09
-4.30101e-13
6.97697e-13
7.10611e-09
-9.08075e-13
2.82271e-09
-2.50203e-14
-9.41454e-13
1.1636e-09
1.81598e-13
3.96852e-13
3.62384e-09
9.90717e-14
5.78458e-14
6.03556e-09
2.50748e-14
-1.43566e-13
7.80561e-09
-2.37333e-14
1.64471e-13
8.69845e-09
2.49142e-13
2.18282e-13
8.69851e-09
2.2735e-13
-8.29058e-14
7.80565e-09
3.60993e-13
3.38149e-13
6.0356e-09
1.0572e-13
6.73468e-13
3.62379e-09
-8.3488e-13
1.16358e-09
-8.30725e-13
2.02859e-10
-6.0497e-13
8.61272e-10
-5.65504e-13
1.83638e-09
-5.0771e-13
2.77603e-09
-4.17308e-13
3.34291e-09
-2.37535e-14
3.34296e-09
-5.76537e-14
2.77603e-09
-2.96974e-15
1.8364e-09
5.53393e-13
8.61314e-10
2.02881e-10
-9.10811e-13
7.37883e-13
2.02876e-10
-4.62001e-13
-2.78419e-13
8.61331e-10
-9.03723e-13
1.67659e-13
1.8364e-09
-7.9913e-13
-6.44725e-14
2.77601e-09
-3.01068e-13
-3.56454e-13
3.34295e-09
3.84102e-14
-3.51757e-13
3.34294e-09
-7.63321e-14
-6.8156e-14
2.77602e-09
3.50476e-13
-1.74777e-13
1.83642e-09
8.68502e-13
-7.33131e-13
8.61327e-10
4.57902e-13
2.02864e-10
-1.72969e-13
1.28545e-12
1.16363e-09
-4.97076e-13
-6.60452e-14
3.62383e-09
-5.14449e-13
-1.24906e-13
6.0356e-09
6.16892e-14
-3.15629e-13
7.8056e-09
2.47171e-13
-5.27249e-13
8.69848e-09
4.54369e-13
-5.29945e-13
8.69852e-09
4.91057e-13
-1.49035e-13
7.80568e-09
7.10177e-13
-5.7391e-14
6.03564e-09
5.31193e-13
-4.25045e-13
3.62385e-09
9.8025e-13
1.16356e-09
-3.14629e-14
1.14012e-12
2.82277e-09
-9.5766e-14
-3.8359e-14
7.10616e-09
7.53681e-14
-3.32799e-13
9.96809e-09
8.52049e-14
-6.62711e-13
1.15229e-08
8.8051e-14
-4.93168e-13
1.21891e-08
-2.01076e-13
-6.29171e-13
1.21892e-08
2.40241e-13
-2.58759e-13
1.15229e-08
1.4017e-13
-2.47043e-13
9.96795e-09
1.00363e-13
-9.22261e-14
7.10606e-09
9.33204e-13
2.82273e-09
6.78048e-13
2.6808e-13
4.57183e-09
7.7165e-13
-9.06351e-14
9.93145e-09
6.07652e-13
2.35381e-14
1.25268e-08
3.85411e-13
-2.21029e-13
1.36861e-08
-6.15197e-15
-1.54396e-13
1.41629e-08
-2.50621e-13
-1.33894e-13
1.41629e-08
-5.07684e-13
-1.76075e-13
1.36861e-08
-6.21029e-13
-9.4104e-14
1.25267e-08
-6.32514e-13
-4.16142e-14
9.9314e-09
5.38999e-13
4.57185e-09
2.86271e-13
7.98247e-14
5.67036e-09
2.86059e-13
-9.48326e-14
1.14123e-08
1.1861e-13
1.23667e-13
1.37319e-08
9.41642e-14
-1.22978e-13
1.47023e-08
-2.05623e-14
-1.10937e-13
1.51131e-08
1.25807e-14
-8.53398e-14
1.51131e-08
-2.10404e-13
-2.48775e-13
1.47021e-08
-2.66723e-13
1.50922e-13
1.37319e-08
-4.46413e-13
1.15284e-14
1.14123e-08
7.31703e-14
5.67031e-09
2.97512e-13
-9.20571e-14
5.67037e-09
2.40686e-13
6.74306e-14
1.14123e-08
1.72448e-13
1.06958e-13
1.37319e-08
1.21752e-13
1.55773e-14
1.47022e-08
-6.95109e-14
8.99796e-14
1.51131e-08
-2.53314e-13
6.12375e-14
1.51131e-08
-1.39712e-13
-6.76517e-15
1.47023e-08
-2.61729e-13
4.03732e-13
1.37319e-08
-2.52644e-13
1.69848e-13
1.14124e-08
-1.77823e-13
5.67035e-09
6.17624e-13
-6.5655e-13
4.57184e-09
1.92778e-13
1.9261e-13
9.93139e-09
3.37032e-13
3.256e-13
1.25268e-08
2.51534e-13
6.24691e-14
1.36862e-08
1.15536e-13
1.60807e-13
1.4163e-08
-2.20642e-13
2.35485e-14
1.41629e-08
-9.20351e-14
5.46445e-14
1.36861e-08
-3.93114e-13
2.08678e-13
1.25267e-08
-4.59059e-13
3.86337e-13
9.93141e-09
-6.42385e-13
4.57184e-09
2.40358e-13
-7.32851e-13
2.82276e-09
-3.50397e-13
6.94705e-13
7.10609e-09
-3.97962e-13
1.23792e-13
9.96803e-09
1.23093e-13
-1.78689e-15
1.15229e-08
1.20648e-14
1.80581e-13
1.21892e-08
1.05707e-13
1.76344e-13
1.21892e-08
2.64898e-13
-1.07681e-14
1.1523e-08
2.58353e-13
1.78597e-13
9.96807e-09
-1.22198e-13
9.09556e-13
7.10613e-09
-8.94429e-13
2.82275e-09
-2.87167e-13
-9.86961e-13
1.16357e-09
-2.60573e-15
4.81231e-13
3.62379e-09
2.11095e-13
8.43828e-14
6.03559e-09
-1.07619e-13
-1.3056e-13
7.80562e-09
-9.68336e-14
1.35585e-13
8.69852e-09
2.78889e-13
3.19351e-13
8.69851e-09
-2.75893e-13
-7.80327e-14
7.80566e-09
2.63971e-13
3.73526e-13
6.03568e-09
1.90479e-13
6.51305e-13
3.62383e-09
-7.73464e-13
1.1636e-09
-4.55763e-13
2.02876e-10
1.0372e-13
8.61309e-10
-3.01455e-13
1.8364e-09
-6.13267e-13
2.77605e-09
-4.24211e-14
3.34296e-09
-5.95739e-14
3.34293e-09
-3.96786e-13
2.77605e-09
5.55705e-14
1.83645e-09
8.82414e-13
8.6133e-10
2.02884e-10
-1.24492e-12
8.47496e-13
2.0288e-10
-7.423e-13
-2.33541e-13
8.61297e-10
-8.98378e-13
5.21953e-13
1.83623e-09
-3.96269e-13
1.2496e-13
2.7759e-09
-1.29495e-13
-4.22833e-13
3.34277e-09
1.7191e-13
-4.53938e-13
3.34279e-09
8.29683e-13
5.83469e-14
2.77592e-09
7.58467e-13
1.36961e-13
1.83623e-09
7.63036e-13
-1.32495e-13
8.613e-10
7.09775e-13
2.0289e-10
-4.05291e-13
9.12621e-13
1.16355e-09
-2.11318e-13
1.32534e-13
3.6239e-09
-2.22289e-13
3.22997e-13
6.03555e-09
1.68666e-13
-2.94488e-13
7.80549e-09
3.92317e-13
-5.92396e-13
8.69835e-09
7.10567e-13
-6.26833e-13
8.69834e-09
1.00323e-12
-2.70488e-13
7.80551e-09
1.05619e-12
1.14802e-13
6.0356e-09
4.16842e-13
1.03645e-13
3.6239e-09
1.22818e-12
1.16362e-09
4.60246e-13
9.46481e-13
2.82286e-09
-3.11218e-14
-5.43775e-14
7.1062e-09
3.02884e-14
1.27225e-13
9.9681e-09
2.51861e-13
-4.00198e-13
1.15229e-08
2.6437e-13
-4.08412e-13
1.21891e-08
1.03332e-13
-5.59167e-13
1.21891e-08
1.13649e-13
-4.68031e-13
1.15228e-08
3.08497e-13
1.93269e-13
9.96809e-09
1.02736e-13
3.19305e-13
7.1062e-09
1.32511e-12
2.82291e-09
7.90486e-13
3.38205e-13
4.57168e-09
8.899e-13
-5.99743e-14
9.93136e-09
6.55227e-13
2.49229e-13
1.25269e-08
2.10957e-13
-4.42214e-13
1.36861e-08
3.77748e-14
-2.45771e-13
1.41629e-08
-1.27783e-13
-5.56224e-14
1.4163e-08
-5.70603e-13
-2.23902e-13
1.36862e-08
-7.96372e-13
1.4274e-13
1.25269e-08
-7.11671e-13
2.85103e-13
9.93148e-09
7.35993e-13
4.57183e-09
1.922e-13
8.89228e-14
5.67029e-09
1.25331e-13
-3.06439e-14
1.14123e-08
1.29965e-13
1.63401e-13
1.37321e-08
-1.49371e-13
-2.24835e-13
1.47022e-08
7.72841e-14
2.09432e-13
1.5113e-08
-8.25428e-14
-4.85306e-14
1.5113e-08
-1.17695e-13
2.60479e-14
1.47022e-08
-2.03608e-13
2.07084e-13
1.3732e-08
-5.99274e-13
2.22351e-14
1.14123e-08
7.26581e-14
5.67035e-09
2.18637e-13
-5.79351e-14
5.6703e-09
7.3064e-14
2.53897e-14
1.14122e-08
1.54935e-13
7.39365e-14
1.3732e-08
1.62238e-13
-1.40326e-13
1.47022e-08
-4.10871e-14
6.11563e-14
1.51131e-08
2.34033e-14
9.62502e-14
1.51131e-08
-3.29408e-13
-1.47726e-13
1.47021e-08
-3.04693e-13
2.27731e-13
1.3732e-08
-5.49953e-13
-3.15682e-14
1.14123e-08
-2.41175e-13
5.67041e-09
7.30246e-13
-5.42856e-13
4.57173e-09
2.78699e-13
1.32112e-13
9.93135e-09
5.58432e-13
1.99115e-13
1.2527e-08
2.66856e-13
-3.33209e-13
1.36861e-08
5.66417e-14
1.77763e-13
1.4163e-08
-1.85017e-13
3.03031e-13
1.4163e-08
-1.48013e-13
1.66187e-13
1.36862e-08
-3.27089e-13
2.04722e-13
1.2527e-08
-5.28655e-13
2.46858e-13
9.93146e-09
-9.25642e-13
4.5718e-09
-7.57504e-15
-9.49942e-13
2.82286e-09
-2.9642e-13
6.93573e-13
7.10622e-09
-2.38608e-13
-1.54745e-14
9.9681e-09
3.70961e-14
-4.57214e-13
1.15229e-08
8.49141e-14
2.21142e-13
1.21891e-08
5.82736e-14
1.62918e-13
1.21891e-08
3.42895e-13
-2.38687e-13
1.15229e-08
7.73994e-13
5.3409e-14
9.96807e-09
-1.34574e-13
4.38164e-13
7.10623e-09
-9.4461e-13
2.82292e-09
-1.6608e-13
-7.50174e-13
1.16358e-09
2.8427e-14
5.04669e-13
3.62384e-09
1.01222e-13
-1.52806e-13
6.03567e-09
7.30482e-14
-1.76586e-13
7.80573e-09
1.09991e-13
1.25412e-13
8.6984e-09
3.75059e-13
1.44901e-13
8.69841e-09
2.25635e-13
-2.14815e-13
7.80558e-09
2.65479e-13
3.84424e-13
6.03557e-09
3.42119e-13
6.28348e-13
3.62385e-09
-8.73423e-13
1.16358e-09
-7.86345e-13
2.02894e-10
-5.21153e-13
8.61354e-10
-2.06214e-13
1.83629e-09
-6.53272e-13
2.77597e-09
-2.37113e-13
3.34283e-09
-5.83651e-14
3.34285e-09
1.44452e-13
2.77593e-09
1.66993e-13
1.83617e-09
9.48034e-13
8.61297e-10
2.02857e-10
3.0453e-13
-7.1689e-13
2.02872e-10
1.65594e-12
-8.71962e-13
8.6132e-10
1.33786e-12
-3.95186e-13
1.83654e-09
5.52033e-13
7.01786e-13
2.77611e-09
-2.70828e-14
3.04729e-13
3.34305e-09
-7.71768e-13
4.09601e-13
3.343e-09
-1.70417e-12
6.57606e-13
2.77613e-09
-1.6017e-12
-3.12691e-13
1.83654e-09
-7.7231e-13
-1.16308e-12
8.61326e-10
-7.06903e-13
2.02866e-10
-7.48688e-13
5.86829e-13
1.16362e-09
-8.89545e-13
-7.31374e-13
3.62369e-09
-2.24504e-13
-1.3137e-12
6.03556e-09
-1.10451e-13
3.93319e-13
7.80567e-09
-1.45705e-13
5.32922e-13
8.69859e-09
-3.6393e-13
2.80812e-13
8.69859e-09
4.59546e-14
2.09409e-13
7.80571e-09
7.00235e-13
-1.07421e-12
6.03558e-09
8.2581e-13
-9.64898e-13
3.62374e-09
1.52184e-14
1.16356e-09
-5.11963e-13
1.24529e-12
2.82258e-09
-1.1361e-12
-2.16162e-13
7.10598e-09
-5.77126e-13
-1.31886e-12
9.96794e-09
-2.40248e-13
-3.85405e-13
1.15229e-08
-5.50731e-14
-1.76683e-13
1.21892e-08
3.69052e-13
1.02179e-13
1.21892e-08
9.00756e-13
-3.33891e-13
1.15231e-08
8.20974e-13
-1.25647e-12
9.96801e-09
4.85045e-13
-3.91931e-13
7.10605e-09
9.0629e-13
2.82255e-09
1.66867e-13
9.17914e-13
4.57194e-09
3.49645e-13
-4.56429e-14
9.93146e-09
8.78863e-14
-6.24531e-13
1.25266e-08
-2.11806e-13
-2.02816e-13
1.36861e-08
7.91527e-14
-2.45783e-13
1.41629e-08
6.92757e-14
-1.4883e-13
1.4163e-08
-6.24573e-14
-2.88884e-13
1.36861e-08
-2.74327e-13
-8.52362e-13
1.25266e-08
-1.48331e-13
-2.46395e-13
9.93139e-09
6.02902e-13
4.57183e-09
3.1304e-13
9.22505e-14
5.67039e-09
5.5486e-13
-4.22667e-13
1.14124e-08
2.26299e-13
-2.93022e-13
1.37318e-08
-2.01994e-13
-1.86294e-13
1.47022e-08
1.79828e-13
1.8717e-13
1.51131e-08
-8.46202e-15
3.07856e-14
1.51131e-08
-3.16884e-13
-3.40384e-14
1.47022e-08
-1.53008e-13
-9.10826e-14
1.37318e-08
-5.27087e-13
-4.10614e-13
1.14122e-08
4.7176e-13
5.67029e-09
1.87102e-13
-1.30484e-13
5.67042e-09
4.08165e-13
-4.71831e-13
1.14124e-08
9.12155e-14
2.50499e-13
1.37319e-08
1.04639e-13
-9.26848e-14
1.47023e-08
-4.05972e-15
-2.5645e-14
1.51131e-08
-1.75983e-15
-2.51838e-14
1.5113e-08
-1.64287e-14
1.40088e-13
1.47022e-08
-2.55271e-13
4.21874e-13
1.37318e-08
-3.79394e-13
-5.72549e-13
1.14123e-08
1.37298e-13
5.67023e-09
2.39726e-13
-5.26127e-13
4.57194e-09
4.60531e-14
-3.77526e-13
9.93155e-09
-1.59683e-13
9.6189e-13
1.25267e-08
1.45795e-13
-8.34818e-14
1.36862e-08
1.23203e-13
-1.60725e-13
1.41629e-08
1.61035e-13
-3.26045e-14
1.41629e-08
5.64635e-13
1.1162e-13
1.36862e-08
1.94636e-13
8.70127e-13
1.25266e-08
-4.9774e-16
-1.36639e-13
9.93145e-09
2.10965e-13
4.57187e-09
-1.32508e-13
1.02557e-13
2.82257e-09
-9.12374e-13
5.15768e-13
7.10607e-09
-6.90406e-13
1.00917e-12
9.96802e-09
-3.38985e-13
-6.85307e-13
1.1523e-08
1.17645e-13
-3.12623e-13
1.21892e-08
1.92229e-13
-5.23898e-13
1.21892e-08
6.48882e-13
-9.07901e-13
1.1523e-08
9.46323e-13
8.60527e-13
9.96801e-09
2.92485e-13
9.06627e-13
7.10606e-09
7.39213e-13
2.82254e-09
-8.50985e-13
6.82422e-13
1.16361e-09
-1.01626e-12
5.82239e-13
3.62378e-09
-2.75219e-13
1.82278e-13
6.03556e-09
-2.15994e-13
-9.2935e-13
7.80559e-09
-2.93374e-13
-4.24846e-13
8.69853e-09
-5.69504e-13
-3.4135e-13
8.69857e-09
-3.67009e-13
-8.50026e-13
7.80566e-09
3.376e-13
1.73164e-13
6.03562e-09
1.76751e-13
8.82972e-13
3.62379e-09
8.07119e-13
1.16359e-09
5.36204e-13
2.02864e-10
1.43254e-12
8.61305e-10
1.27368e-12
1.83651e-09
2.11236e-13
2.77608e-09
1.12459e-13
3.34301e-09
-7.2293e-13
3.34297e-09
-1.47715e-12
2.77612e-09
-2.06246e-12
1.83658e-09
-1.29409e-12
8.6132e-10
2.02889e-10
-9.34766e-13
8.77877e-13
2.02864e-10
-7.78991e-13
-1.72466e-13
8.61302e-10
-7.00261e-13
1.74571e-13
1.83641e-09
-3.49975e-13
-6.56336e-14
2.77612e-09
-4.37497e-13
-4.04364e-13
3.34295e-09
9.39318e-15
-3.01577e-13
3.34301e-09
8.43635e-14
-1.45492e-13
2.7761e-09
3.05163e-13
-7.95388e-14
1.83646e-09
1.19508e-12
-3.984e-13
8.61334e-10
8.54183e-13
2.02869e-10
-3.21182e-14
1.26142e-12
1.16356e-09
-3.0775e-13
-1.18581e-13
3.62381e-09
-6.72119e-14
-5.90997e-14
6.03563e-09
2.3738e-13
-2.47786e-13
7.8057e-09
2.50194e-13
-3.76903e-13
8.69854e-09
6.75572e-13
-4.0092e-13
8.69853e-09
5.83088e-13
-2.78057e-13
7.80566e-09
7.50532e-13
-7.62438e-14
6.03566e-09
3.64067e-13
-2.18918e-13
3.62381e-09
1.22272e-12
1.16354e-09
-4.97734e-14
1.05634e-12
2.82276e-09
-8.4754e-14
3.56277e-14
7.10614e-09
-2.2208e-13
-3.06034e-13
9.96804e-09
8.30766e-14
-5.1794e-13
1.15229e-08
6.24877e-14
-2.43401e-13
1.21892e-08
6.34449e-14
-3.70135e-13
1.21892e-08
2.54998e-13
-5.07076e-13
1.15229e-08
4.43149e-13
-2.50519e-13
9.968e-09
1.16986e-13
-1.60953e-14
7.10608e-09
1.19948e-12
2.82272e-09
6.54247e-13
5.23014e-13
4.57185e-09
7.19162e-13
-1.51259e-13
9.9314e-09
2.88295e-13
-3.10756e-13
1.25267e-08
3.1657e-13
-2.6361e-13
1.36861e-08
-1.27051e-13
-1.75002e-13
1.41628e-08
-3.59436e-13
-1.69883e-13
1.41629e-08
-4.8119e-13
-3.14355e-13
1.36861e-08
-6.65222e-13
3.13078e-14
1.25266e-08
-5.90216e-13
2.91451e-14
9.93142e-09
6.68172e-13
4.5718e-09
3.87026e-13
2.78416e-13
5.67036e-09
8.92955e-14
-6.68852e-14
1.14123e-08
1.33552e-13
1.57749e-13
1.37319e-08
-6.47011e-14
-7.22601e-14
1.47022e-08
-7.11283e-14
-8.50147e-14
1.51131e-08
-5.4012e-14
-2.65066e-13
1.5113e-08
-1.8473e-13
-2.84662e-13
1.47022e-08
-4.52296e-13
-2.31765e-14
1.37318e-08
-4.1997e-13
-3.72094e-14
1.14123e-08
7.83414e-14
5.67031e-09
2.23605e-13
-1.19541e-13
5.6703e-09
1.41449e-13
-3.31101e-13
1.14123e-08
-1.48674e-14
-5.29131e-14
1.37318e-08
4.09795e-14
-5.89034e-14
1.47022e-08
-2.06261e-16
9.38146e-14
1.5113e-08
2.7431e-14
-1.93884e-14
1.5113e-08
-1.84727e-13
-1.6714e-13
1.47022e-08
-2.16897e-13
1.1246e-13
1.37318e-08
-4.75063e-13
-2.21737e-14
1.14123e-08
-8.5436e-14
5.67033e-09
6.56734e-13
-6.54794e-13
4.57184e-09
4.18653e-13
2.21997e-13
9.9314e-09
2.56472e-13
1.30624e-13
1.25267e-08
3.59679e-13
1.17712e-13
1.36861e-08
8.12859e-14
1.36488e-13
1.41628e-08
-1.65829e-13
6.60367e-14
1.41628e-08
-3.20168e-13
-1.44201e-13
1.36861e-08
-2.68991e-13
6.51187e-14
1.25267e-08
-6.42312e-13
1.65315e-13
9.93141e-09
-5.62162e-13
4.57182e-09
1.07333e-13
-8.79155e-13
2.82275e-09
-5.99937e-13
5.35185e-13
7.10611e-09
-5.13984e-13
2.1557e-13
9.96797e-09
-1.42294e-13
1.48688e-14
1.15229e-08
-1.42568e-13
1.60308e-13
1.21891e-08
-6.53278e-14
2.02113e-13
1.21892e-08
5.30451e-13
-1.62164e-13
1.15229e-08
5.29988e-13
7.04723e-14
9.968e-09
-5.90876e-14
6.21934e-13
7.10609e-09
-8.9912e-13
2.82276e-09
-1.52215e-13
-9.66252e-13
1.16358e-09
3.90588e-14
5.41591e-13
3.62383e-09
8.95206e-14
2.30003e-13
6.03554e-09
1.2015e-13
-2.32086e-14
7.80557e-09
2.68192e-13
2.20223e-13
8.69848e-09
4.86905e-13
2.29767e-13
8.69848e-09
4.50798e-13
-3.44939e-14
7.80562e-09
3.37157e-13
7.28356e-14
6.03559e-09
-6.35782e-15
5.87936e-13
3.62382e-09
-7.66599e-13
1.16362e-09
-9.84007e-13
2.02863e-10
-5.68723e-13
8.61303e-10
-2.98615e-13
1.83641e-09
-4.19715e-13
2.77607e-09
-3.35152e-13
3.34296e-09
1.51915e-13
3.34299e-09
-1.45061e-13
2.77605e-09
1.07065e-13
1.8364e-09
6.31784e-13
8.61339e-10
2.02876e-10
-7.92563e-13
7.51228e-13
2.02878e-10
-4.32821e-13
-1.91249e-13
8.61335e-10
-5.73244e-13
3.28505e-13
1.83643e-09
-8.95981e-13
-2.04079e-14
2.77606e-09
-3.79174e-13
-3.54375e-13
3.34301e-09
1.65519e-13
-4.35312e-13
3.34295e-09
-3.8029e-14
-2.57992e-13
2.77599e-09
2.63861e-13
-3.60603e-13
1.83635e-09
7.65458e-13
-4.93887e-13
8.61282e-10
6.33735e-13
2.02862e-10
-4.43742e-13
1.18239e-12
1.1636e-09
-5.13833e-13
-1.38453e-13
3.62381e-09
-3.14934e-13
5.63923e-14
6.03562e-09
-4.40385e-14
-3.07443e-13
7.80564e-09
2.24108e-13
-3.67363e-13
8.69848e-09
3.66656e-13
-4.60138e-13
8.69852e-09
3.83858e-13
-2.34141e-13
7.80562e-09
4.67243e-13
-1.0009e-13
6.03561e-09
2.50441e-13
-5.18902e-14
3.62375e-09
1.20466e-12
1.16358e-09
-1.50815e-13
1.164e-12
2.8227e-09
-3.42493e-13
-1.55049e-13
7.10605e-09
2.50438e-14
-1.41322e-13
9.96794e-09
4.4621e-13
-3.91065e-13
1.15229e-08
2.38796e-13
-3.45257e-13
1.21891e-08
1.83784e-13
-4.27841e-13
1.21891e-08
2.79436e-13
-4.63729e-13
1.15229e-08
2.76178e-13
-3.26127e-14
9.96803e-09
2.40654e-13
1.90859e-13
7.10608e-09
1.17013e-12
2.82271e-09
5.36877e-13
4.66686e-13
4.57178e-09
9.05957e-13
1.47151e-14
9.93138e-09
7.01522e-13
6.37116e-14
1.25267e-08
2.61195e-13
-3.79613e-13
1.36862e-08
-2.06682e-14
-1.88381e-13
1.4163e-08
-3.47473e-13
-1.43835e-13
1.41629e-08
-4.4784e-13
-1.02944e-13
1.3686e-08
-6.01832e-13
7.44188e-14
1.25267e-08
-7.07102e-13
3.59544e-14
9.93136e-09
6.2749e-13
4.57177e-09
1.48876e-13
1.16205e-13
5.67029e-09
2.77638e-13
1.18209e-13
1.14123e-08
-6.21438e-15
8.53877e-14
1.37318e-08
3.0036e-14
-1.09278e-13
1.47022e-08
1.05704e-13
-1.50277e-14
1.51131e-08
-7.30666e-14
-4.94748e-14
1.51131e-08
-1.86952e-13
-2.41619e-13
1.47022e-08
-3.43557e-13
5.38502e-14
1.37318e-08
-3.28032e-13
5.86243e-14
1.14123e-08
1.94045e-13
5.67026e-09
1.6059e-13
1.02258e-13
5.67034e-09
3.17194e-14
4.25584e-14
1.14123e-08
-7.07623e-14
1.9712e-13
1.37319e-08
1.43547e-14
-1.20913e-13
1.47022e-08
6.19352e-15
-5.31643e-14
1.51131e-08
-2.41951e-13
-1.04161e-13
1.5113e-08
-1.58361e-13
-6.52889e-14
1.47022e-08
-2.95125e-13
1.62892e-13
1.37319e-08
-3.83394e-13
1.02411e-13
1.14122e-08
-7.03701e-14
5.67029e-09
4.3234e-13
-4.59994e-13
4.57176e-09
5.53942e-13
3.54597e-13
9.93136e-09
2.94318e-13
2.11964e-13
1.25266e-08
4.35795e-13
-1.08694e-15
1.36861e-08
6.87672e-14
-1.46488e-14
1.41629e-08
-2.11741e-13
1.93677e-13
1.41629e-08
-1.88767e-13
4.4285e-14
1.36861e-08
-2.62107e-13
2.12531e-13
1.25267e-08
-4.17943e-13
2.05773e-13
9.93137e-09
-4.86486e-13
4.5718e-09
2.17242e-13
-6.72838e-13
2.82269e-09
-5.43367e-15
1.01672e-12
7.10609e-09
-1.37886e-13
7.75208e-14
9.96804e-09
-2.47121e-14
-3.71558e-13
1.15229e-08
4.04721e-14
1.77648e-13
1.21891e-08
-1.15377e-13
7.75826e-14
1.21891e-08
2.35992e-13
-2.23138e-13
1.1523e-08
1.53149e-13
2.57636e-13
9.96802e-09
-2.65785e-13
6.2015e-13
7.10608e-09
-8.52706e-13
2.82263e-09
2.15367e-13
-8.78634e-13
1.16355e-09
1.74263e-13
6.80123e-13
3.62383e-09
4.07826e-13
4.75015e-14
6.03564e-09
2.56023e-13
-2.08022e-13
7.80565e-09
1.87555e-13
1.64414e-13
8.69848e-09
1.67397e-13
3.34676e-13
8.69851e-09
-4.73437e-14
-7.5961e-14
7.80569e-09
-1.68912e-13
4.47549e-13
6.03565e-09
-1.24929e-13
5.97025e-13
3.62377e-09
-8.29168e-13
1.16351e-09
-6.35096e-13
2.02876e-10
-4.37162e-13
8.61307e-10
-9.78159e-14
1.8364e-09
-4.01424e-13
2.77604e-09
1.53267e-14
3.34294e-09
-1.54247e-14
3.34295e-09
4.5246e-14
2.77605e-09
8.54303e-14
1.83643e-09
5.58354e-13
8.6129e-10
2.02863e-10
-9.27813e-13
1.08375e-12
2.02869e-10
-6.01814e-13
-9.89776e-14
8.61298e-10
-9.82991e-13
2.44281e-13
1.83635e-09
-7.01672e-13
4.75754e-15
2.77602e-09
-4.74879e-13
-5.58677e-13
3.3429e-09
5.29884e-14
-5.32392e-13
3.34298e-09
2.70068e-13
-2.84554e-15
2.77606e-09
3.18787e-13
-1.27982e-13
1.83645e-09
1.02088e-12
-5.39354e-13
8.6135e-10
1.09048e-12
2.02885e-10
-3.124e-13
1.18206e-12
1.16357e-09
-5.38571e-14
-1.23568e-13
3.62375e-09
-7.95609e-14
-2.48597e-13
6.03552e-09
3.68502e-13
-1.79474e-13
7.8056e-09
8.50798e-14
-5.25407e-13
8.69857e-09
3.81704e-13
-5.125e-13
8.69856e-09
5.99787e-13
-1.86034e-13
7.80564e-09
4.89234e-13
-3.14152e-13
6.03562e-09
6.69584e-13
-2.03467e-13
3.62386e-09
1.23389e-12
1.1636e-09
2.41655e-13
9.87845e-13
2.82273e-09
1.58091e-13
-2.71812e-13
7.10604e-09
4.35669e-13
-9.96926e-14
9.96801e-09
4.63697e-13
-2.31253e-13
1.15228e-08
1.32044e-13
-2.56988e-13
1.21892e-08
1.44e-13
-3.50357e-13
1.21892e-08
1.04085e-13
-5.6402e-13
1.15229e-08
1.30502e-13
-3.0972e-13
9.96806e-09
-1.68159e-13
-5.12397e-14
7.10615e-09
1.3121e-12
2.82277e-09
4.53399e-13
2.91422e-13
4.5718e-09
7.45711e-13
6.73795e-15
9.93141e-09
5.49811e-13
1.73847e-13
1.25267e-08
1.36559e-13
-1.50865e-13
1.36861e-08
-8.34556e-14
-5.98215e-14
1.41629e-08
-5.56167e-13
-1.77551e-13
1.41629e-08
-2.79625e-13
-2.21029e-14
1.36862e-08
-6.79981e-13
-8.24776e-14
1.25267e-08
-5.60407e-13
-2.98662e-13
9.93138e-09
5.32747e-13
4.57181e-09
3.87144e-13
2.11069e-13
5.6703e-09
1.18283e-13
-4.08269e-15
1.14122e-08
-1.42508e-13
8.74787e-14
1.37318e-08
-4.19524e-14
-9.81819e-14
1.47021e-08
-1.97403e-14
-7.66776e-14
1.51131e-08
-1.17062e-13
-2.06562e-13
1.51131e-08
-1.40594e-13
-2.81361e-13
1.47022e-08
-4.2848e-13
-6.98177e-15
1.37319e-08
-3.14452e-13
8.12409e-14
1.14123e-08
2.31774e-13
5.67035e-09
3.2203e-13
-1.24013e-13
5.67025e-09
-1.17901e-14
-2.87846e-14
1.14122e-08
-6.32361e-14
2.43897e-13
1.37318e-08
1.91169e-14
1.30927e-14
1.47022e-08
-1.20365e-13
1.96103e-13
1.51131e-08
-1.84509e-13
1.91786e-13
1.51131e-08
-3.18346e-13
-1.86689e-13
1.47022e-08
-4.39896e-13
-4.58219e-14
1.37319e-08
-5.52713e-13
-1.7702e-13
1.14123e-08
-1.72651e-13
5.67033e-09
5.27954e-13
-7.06008e-13
4.57174e-09
4.14863e-13
4.99783e-13
9.93137e-09
2.5443e-13
2.99183e-13
1.25267e-08
2.39838e-13
6.66251e-14
1.3686e-08
5.90299e-14
8.56005e-14
1.41629e-08
-2.33403e-13
2.43668e-13
1.41629e-08
-3.17118e-13
-5.38353e-15
1.36861e-08
-3.41779e-13
-6.12865e-14
1.25267e-08
-3.88974e-13
4.01755e-15
9.93139e-09
-1.05027e-12
4.57177e-09
1.53826e-13
-8.83447e-13
2.82267e-09
-3.05069e-13
1.02052e-12
7.10605e-09
-1.05505e-13
2.12249e-13
9.96797e-09
3.60426e-14
-4.49585e-13
1.15229e-08
2.25245e-13
2.97196e-13
1.21891e-08
3.04509e-14
2.73188e-13
1.21891e-08
1.93582e-13
-2.03783e-13
1.15229e-08
2.64351e-13
-1.72913e-14
9.96798e-09
-1.73997e-13
4.75421e-13
7.10611e-09
-1.10791e-12
2.82274e-09
9.53882e-14
-8.39438e-13
1.16356e-09
3.12843e-13
5.06463e-13
3.62374e-09
3.94809e-13
-1.76971e-13
6.03557e-09
6.2315e-13
-2.69673e-13
7.8056e-09
3.43247e-13
1.69858e-14
8.69853e-09
5.73177e-13
3.43554e-13
8.69854e-09
1.31347e-13
-2.22213e-13
7.80559e-09
-3.33616e-14
2.47021e-13
6.03557e-09
9.06284e-14
6.4725e-13
3.6238e-09
-6.24584e-13
1.16359e-09
-7.36921e-13
2.0287e-10
-2.05092e-13
8.6132e-10
-3.57459e-14
1.8364e-09
-7.19209e-13
2.77602e-09
-7.29493e-15
3.34295e-09
9.00969e-14
3.34293e-09
-1.59601e-13
2.77606e-09
-1.41419e-14
1.83638e-09
8.84719e-13
8.61311e-10
2.02871e-10
-9.19233e-13
7.48637e-13
2.02879e-10
-7.4565e-13
-2.71209e-13
8.61325e-10
-7.37705e-13
3.33078e-13
1.83645e-09
-6.9716e-13
-2.66867e-14
2.77601e-09
-3.43502e-13
-3.54679e-13
3.34292e-09
1.29096e-13
-3.956e-13
3.34291e-09
2.36395e-13
-3.36636e-14
2.77602e-09
3.10879e-13
-2.22117e-14
1.83638e-09
6.68493e-13
-5.96668e-13
8.61307e-10
7.03037e-13
2.02862e-10
-5.23896e-13
1.19246e-12
1.16358e-09
-2.60717e-13
6.7e-15
3.62384e-09
-1.41486e-13
1.25031e-13
6.0356e-09
1.45059e-13
-2.38999e-13
7.80563e-09
-5.99589e-14
-5.87778e-13
8.69849e-09
1.6677e-13
-5.74867e-13
8.69852e-09
4.10583e-13
-5.80921e-14
7.80564e-09
1.90375e-13
-1.15506e-13
6.03566e-09
2.55279e-13
-2.54289e-13
3.62381e-09
1.17869e-12
1.16354e-09
2.00623e-14
1.04129e-12
2.82267e-09
1.61735e-14
7.57031e-14
7.10611e-09
-6.94005e-14
-2.69244e-13
9.96798e-09
2.49508e-13
-4.1261e-13
1.15229e-08
-1.26984e-13
-5.06603e-13
1.21891e-08
-1.40968e-13
-4.14949e-13
1.21891e-08
1.99906e-13
-3.15863e-13
1.1523e-08
-2.58864e-14
-4.57866e-13
9.96803e-09
-1.2043e-13
-2.10439e-13
7.1061e-09
1.08158e-12
2.82268e-09
8.62305e-13
5.80905e-13
4.57181e-09
6.52361e-13
-3.34998e-13
9.9314e-09
4.64152e-13
-7.32489e-14
1.25267e-08
3.01764e-13
-1.24827e-13
1.36861e-08
1.33058e-13
8.97637e-15
1.41629e-08
-1.64059e-13
-6.64967e-14
1.41629e-08
-5.60329e-13
-1.29433e-13
1.36861e-08
-5.7358e-13
-3.58415e-14
1.25267e-08
-4.78051e-13
1.31091e-13
9.9314e-09
5.57134e-13
4.5718e-09
3.0303e-13
9.05746e-14
5.67026e-09
2.61934e-13
-1.77385e-13
1.14122e-08
2.39748e-13
5.68727e-14
1.37319e-08
-1.66948e-14
-1.93137e-13
1.47022e-08
-7.25627e-14
-2.04707e-14
1.5113e-08
-1.55594e-13
-1.53675e-14
1.5113e-08
-2.37808e-13
-1.48071e-13
1.47022e-08
-2.37652e-13
3.55423e-14
1.37319e-08
-4.91351e-13
-1.41244e-13
1.14124e-08
1.59313e-13
5.67038e-09
2.07899e-13
-1.44813e-13
5.67032e-09
2.54285e-13
8.65954e-14
1.14122e-08
8.30429e-15
3.04816e-13
1.37319e-08
-1.80382e-14
5.18912e-14
1.47022e-08
-8.01277e-14
4.877e-14
1.5113e-08
-2.10522e-13
5.3206e-14
1.5113e-08
-1.31792e-13
4.34703e-14
1.47022e-08
-3.59036e-13
3.46188e-14
1.37319e-08
-4.82919e-13
-1.58756e-13
1.14124e-08
-4.11679e-13
5.67037e-09
6.17026e-13
-7.4252e-13
4.57179e-09
3.60204e-13
1.58257e-13
9.93136e-09
1.84617e-13
1.43605e-13
1.25267e-08
1.56751e-13
-5.22236e-14
1.36861e-08
7.07369e-15
1.7699e-13
1.41629e-08
-1.79747e-13
1.9469e-13
1.41629e-08
-4.04429e-13
-5.48974e-14
1.36862e-08
-3.28407e-13
4.60797e-14
1.25268e-08
-6.01127e-13
-5.29598e-14
9.93145e-09
-8.92001e-13
4.57185e-09
1.79703e-13
-1.01717e-12
2.8227e-09
-2.70115e-13
7.03426e-13
7.10604e-09
1.0355e-13
3.63603e-13
9.96799e-09
1.94552e-13
-5.00193e-13
1.15229e-08
2.64567e-13
2.55327e-13
1.21891e-08
8.95278e-14
1.34451e-13
1.21891e-08
3.27865e-13
-2.52757e-13
1.15229e-08
5.45704e-13
1.75065e-13
9.968e-09
1.07051e-13
7.6859e-13
7.10608e-09
-9.71327e-13
2.82275e-09
-3.31906e-13
-9.75288e-13
1.16359e-09
1.62213e-13
3.78487e-13
3.62379e-09
1.16973e-13
-6.46261e-14
6.03558e-09
3.2731e-13
-1.54127e-13
7.80564e-09
1.51034e-13
2.04889e-13
8.6985e-09
4.3207e-13
2.21463e-13
8.69844e-09
3.11798e-13
-1.00632e-13
7.80554e-09
4.32566e-13
2.94831e-13
6.0356e-09
2.56952e-13
6.61084e-13
3.62382e-09
-8.07038e-13
1.16358e-09
-1.04146e-12
2.02866e-10
-1.472e-13
8.613e-10
-3.24553e-13
1.83638e-09
-6.44002e-13
2.776e-09
-3.50872e-13
3.34289e-09
-4.67368e-14
3.34286e-09
-1.63255e-13
2.77595e-09
2.8587e-13
1.83637e-09
8.16767e-13
8.61309e-10
2.02873e-10
-9.06907e-13
8.07684e-13
2.02864e-10
-5.06981e-13
-1.47024e-13
8.6131e-10
-7.43211e-13
1.53721e-13
1.83627e-09
-6.75055e-13
-1.21514e-14
2.77593e-09
-1.81223e-13
-4.44957e-13
3.34286e-09
1.09383e-14
-4.21955e-13
3.34283e-09
1.9791e-13
-6.01178e-14
2.77591e-09
6.96593e-13
1.18495e-14
1.83626e-09
8.60607e-13
-3.51689e-13
8.61299e-10
8.12589e-13
2.02882e-10
3.09526e-15
9.59736e-13
1.16354e-09
-7.29491e-14
-1.66076e-13
3.62389e-09
-5.15811e-14
-4.52863e-15
6.03572e-09
1.86278e-13
-1.91763e-13
7.80564e-09
3.56997e-13
-4.5417e-13
8.6985e-09
7.24652e-13
-5.94834e-13
8.69843e-09
1.05628e-12
6.42826e-14
7.80561e-09
9.33965e-13
4.33504e-14
6.03564e-09
5.08351e-13
-1.02384e-13
3.6239e-09
1.41183e-12
1.16358e-09
-4.58286e-16
7.78801e-13
2.82284e-09
-4.53038e-14
-1.98899e-13
7.10615e-09
6.72721e-14
-1.36859e-13
9.96811e-09
1.08723e-13
-5.299e-13
1.15229e-08
-1.19821e-15
-5.40281e-13
1.21891e-08
2.61572e-13
-4.65076e-13
1.21891e-08
3.50182e-13
-4.99161e-13
1.15228e-08
4.7447e-13
-2.34126e-13
9.96801e-09
2.19097e-13
-2.23261e-14
7.10615e-09
1.21921e-12
2.82285e-09
4.35358e-13
1.74859e-13
4.57167e-09
6.40024e-13
-2.10094e-13
9.93142e-09
3.41116e-13
1.69494e-14
1.25268e-08
2.69554e-13
4.63706e-15
1.36862e-08
8.5516e-15
-2.41214e-13
1.41629e-08
-3.50211e-13
-3.13642e-13
1.41629e-08
-5.02499e-13
-1.21743e-13
1.36862e-08
-5.98907e-13
3.34933e-13
1.25269e-08
-5.00183e-13
3.76757e-14
9.93151e-09
5.62745e-13
4.57181e-09
2.52169e-13
6.12483e-15
5.67029e-09
1.9213e-13
-1.4576e-13
1.14123e-08
9.01141e-14
7.47262e-14
1.37318e-08
-1.6686e-13
-1.0133e-13
1.47022e-08
-2.51894e-14
9.94179e-15
1.51131e-08
-1.369e-13
-2.04993e-13
1.51131e-08
-7.28801e-14
-2.6832e-13
1.47022e-08
-1.98993e-13
1.3595e-13
1.3732e-08
-3.27793e-13
7.01484e-14
1.14124e-08
1.97926e-13
5.67045e-09
3.33245e-13
-8.02945e-14
5.67034e-09
1.22334e-13
-1.54968e-13
1.14124e-08
3.20963e-14
8.99314e-14
1.37319e-08
1.90024e-14
-1.04631e-13
1.47021e-08
-2.3457e-13
-1.28253e-13
1.5113e-08
-1.79517e-13
1.13979e-13
1.5113e-08
-5.90115e-14
1.06845e-13
1.47023e-08
-1.35191e-13
2.50937e-13
1.37319e-08
-3.5845e-13
-1.08325e-13
1.14124e-08
-1.71436e-13
5.67047e-09
6.04388e-13
-1.04546e-12
4.5718e-09
4.49279e-13
-7.96624e-15
9.93153e-09
2.14452e-13
2.63543e-13
1.25269e-08
3.94261e-14
7.21834e-14
1.36862e-08
2.45886e-14
6.60736e-14
1.41629e-08
3.34337e-15
2.23047e-13
1.41629e-08
-4.6387e-13
-4.95271e-14
1.36861e-08
-5.25291e-13
-8.88111e-15
1.25269e-08
-4.90501e-13
5.99406e-14
9.93162e-09
-8.72878e-13
4.57189e-09
1.97721e-13
-1.04625e-12
2.823e-09
-3.98994e-13
4.41397e-13
7.10617e-09
-2.49699e-13
3.50279e-13
9.96802e-09
-3.44456e-14
-1.37441e-13
1.15228e-08
1.62305e-13
3.18536e-13
1.2189e-08
3.57554e-13
3.12492e-13
1.21891e-08
3.85608e-13
4.84011e-15
1.15227e-08
5.4108e-13
3.11695e-13
9.96796e-09
-1.30477e-13
2.41525e-13
7.10621e-09
-1.19783e-12
2.82301e-09
-4.09611e-13
-1.22088e-12
1.16355e-09
7.54894e-14
3.67469e-13
3.62377e-09
-5.40612e-14
-1.6208e-13
6.03552e-09
2.03213e-13
-1.74324e-13
7.80553e-09
1.15383e-13
1.48295e-13
8.69838e-09
4.08857e-13
1.19498e-13
8.69838e-09
5.15764e-13
1.04708e-13
7.80552e-09
5.01961e-13
5.08462e-13
6.03553e-09
4.85646e-13
3.78049e-13
3.62376e-09
-1.0019e-12
1.1636e-09
-9.07376e-13
2.02868e-10
-6.8651e-13
8.61276e-10
-6.60491e-13
1.83624e-09
-7.84314e-13
2.77591e-09
-5.46674e-13
3.34279e-09
-3.01696e-13
3.34278e-09
1.37072e-14
2.77589e-09
2.98696e-13
1.83622e-09
9.74511e-13
8.61274e-10
2.02858e-10
6.77442e-13
-4.26277e-13
2.02871e-10
1.34907e-12
-8.10037e-13
8.6132e-10
1.2109e-12
1.57229e-13
1.8365e-09
2.45959e-13
6.01582e-13
2.77612e-09
-1.35895e-13
2.53247e-13
3.34303e-09
-4.77435e-13
2.31892e-13
3.34303e-09
-1.37287e-12
6.40431e-13
2.77612e-09
-1.44687e-12
-1.38025e-14
1.83654e-09
-3.9167e-13
-7.03682e-13
8.61364e-10
-6.62502e-13
2.02868e-10
-1.26676e-12
4.75265e-13
1.16362e-09
-1.03264e-12
-6.71141e-13
3.62376e-09
-5.24645e-13
-4.52172e-13
6.0355e-09
-3.46622e-13
4.13584e-13
7.80569e-09
-1.50252e-13
3.18592e-13
8.69849e-09
-2.94624e-13
1.45681e-13
8.69853e-09
-6.82395e-14
1.73274e-13
7.80566e-09
8.69058e-13
-3.00758e-13
6.03558e-09
4.64053e-13
-7.75555e-13
3.62377e-09
1.6684e-13
1.16363e-09
-2.60857e-13
9.11072e-13
2.82261e-09
-6.26398e-13
2.33479e-13
7.10611e-09
-4.91971e-13
-3.30987e-13
9.968e-09
-9.82343e-14
-2.20659e-13
1.1523e-08
2.66854e-13
4.58253e-14
1.21892e-08
4.72717e-13
-1.02026e-13
1.21892e-08
9.00822e-13
-2.74488e-13
1.1523e-08
8.42484e-13
-1.72667e-13
9.96802e-09
1.3581e-13
-4.10428e-14
7.10603e-09
3.71946e-13
2.8226e-09
5.21673e-13
3.63684e-13
4.57186e-09
7.22923e-14
3.15987e-14
9.93148e-09
1.23642e-14
1.23795e-13
1.25267e-08
-3.00129e-14
-1.40853e-13
1.36861e-08
-5.82214e-14
1.24621e-13
1.41629e-08
-1.13895e-14
-2.30272e-16
1.41629e-08
1.19364e-13
-2.02295e-13
1.36861e-08
-2.18518e-13
-1.69074e-14
1.25266e-08
-3.91681e-13
1.63947e-13
9.9313e-09
-6.69015e-15
4.57179e-09
1.97612e-13
-6.04165e-14
5.67031e-09
2.36742e-13
3.20252e-13
1.14122e-08
1.92633e-13
1.56328e-13
1.37319e-08
5.79379e-14
-1.11151e-13
1.47022e-08
-1.29897e-13
1.00826e-13
1.51131e-08
-2.16017e-13
-2.7508e-14
1.5113e-08
-1.68471e-13
-1.56919e-13
1.47022e-08
-2.3005e-13
-8.74804e-14
1.37318e-08
-8.86421e-14
5.74447e-13
1.14122e-08
1.04412e-13
5.67023e-09
2.60302e-13
-2.5968e-13
5.6703e-09
7.92091e-14
7.83199e-13
1.14122e-08
-2.90415e-14
2.10321e-13
1.37319e-08
6.61618e-14
-2.1695e-13
1.47022e-08
-6.11942e-14
-6.06427e-14
1.5113e-08
-1.07327e-13
1.14857e-13
1.5113e-08
9.91895e-15
-1.31166e-13
1.47022e-08
8.58271e-14
-1.30109e-13
1.37319e-08
-8.98004e-14
9.08659e-13
1.14122e-08
3.08488e-14
5.67028e-09
-1.57528e-14
-3.48779e-13
4.57178e-09
-1.71649e-13
1.4098e-12
9.93131e-09
-2.77959e-13
4.60207e-13
1.25266e-08
-9.01965e-14
-4.02526e-13
1.36861e-08
4.62929e-15
1.20976e-13
1.41629e-08
-1.21107e-13
3.74136e-14
1.41629e-08
1.60729e-13
-4.12454e-13
1.36861e-08
3.75667e-13
3.35338e-14
1.25266e-08
-3.54442e-14
1.46776e-12
9.93131e-09
4.76057e-13
4.57177e-09
-3.27499e-13
2.98493e-13
2.82248e-09
-4.76041e-13
1.95158e-12
7.10605e-09
-6.07419e-13
1.56218e-13
9.96798e-09
-8.07393e-14
-1.07231e-12
1.1523e-08
5.56408e-14
-2.65298e-13
1.21892e-08
2.57342e-13
-3.53307e-13
1.21893e-08
1.56739e-13
-1.08933e-12
1.1523e-08
4.14169e-13
1.23645e-13
9.96805e-09
2.84006e-13
1.94074e-12
7.10611e-09
1.02448e-12
2.8225e-09
-3.83838e-13
7.42642e-13
1.16359e-09
-1.33361e-13
1.16022e-12
3.62386e-09
2.85959e-13
1.18313e-13
6.03564e-09
-1.09373e-18
-8.73452e-13
7.80566e-09
-4.0748e-14
-2.19812e-13
8.69861e-09
-1.73228e-13
-4.12741e-13
8.69856e-09
-5.64152e-13
-9.59975e-13
7.80568e-09
-6.12079e-13
-1.76158e-13
6.03561e-09
8.13766e-14
1.31559e-12
3.6239e-09
8.45166e-13
1.16361e-09
8.94358e-13
2.02873e-10
2.09916e-12
8.61353e-10
1.83074e-12
1.83656e-09
6.23166e-13
2.77616e-09
-6.12683e-14
3.34309e-09
-5.91505e-13
3.34306e-09
-1.86806e-12
2.77616e-09
-2.22693e-12
1.8366e-09
-1.14524e-12
8.61368e-10
2.02889e-10
-1.07557e-12
9.09082e-13
2.02877e-10
-3.15133e-13
-4.51563e-13
8.61339e-10
-6.23332e-13
6.63337e-14
1.83642e-09
-6.33814e-13
6.74206e-14
2.77605e-09
-2.96119e-13
-3.24007e-13
3.34297e-09
-4.32497e-14
-3.44755e-13
3.34296e-09
3.12163e-13
-1.9975e-13
2.77608e-09
8.7105e-13
-4.96587e-14
1.83638e-09
8.44396e-13
-4.32405e-13
8.61279e-10
1.16084e-12
2.02867e-10
-4.56497e-13
1.27151e-12
1.1636e-09
-3.62758e-13
-2.38311e-13
3.62384e-09
-1.17085e-13
-1.17079e-13
6.03559e-09
1.52454e-13
-2.01615e-13
7.80561e-09
4.84667e-14
-3.66705e-13
8.69854e-09
2.08664e-13
-4.93226e-13
8.69856e-09
7.54798e-13
-2.79931e-13
7.80561e-09
6.24505e-13
-1.16288e-13
6.03555e-09
3.96462e-13
-2.21174e-13
3.62378e-09
1.1422e-12
1.16355e-09
1.18287e-13
1.27708e-12
2.82275e-09
-2.58967e-13
-2.60126e-15
7.1061e-09
-1.34077e-13
-4.78775e-13
9.96796e-09
1.96857e-13
-4.04638e-13
1.15229e-08
7.43243e-14
-4.00795e-13
1.21892e-08
2.58581e-13
-3.89506e-13
1.21891e-08
3.4632e-13
-4.53243e-13
1.15229e-08
8.84e-14
-2.6473e-13
9.96801e-09
3.30082e-14
3.19535e-14
7.10611e-09
9.98208e-13
2.82273e-09
8.82288e-13
6.71223e-13
4.57185e-09
5.80775e-13
-3.94095e-14
9.93125e-09
5.27258e-13
-2.56728e-13
1.25267e-08
2.7241e-13
-2.51838e-13
1.36861e-08
6.57173e-14
-2.41383e-13
1.4163e-08
-2.99507e-13
-2.23904e-13
1.41629e-08
-6.94587e-13
-3.25786e-13
1.36861e-08
-8.31523e-13
2.72064e-14
1.25267e-08
-7.44123e-13
4.77744e-14
9.93135e-09
4.41015e-13
4.57178e-09
3.70811e-13
2.6252e-13
5.67032e-09
-1.77722e-14
-4.61347e-14
1.14122e-08
1.10841e-13
1.1241e-13
1.37319e-08
-3.18121e-14
-5.72255e-14
1.47023e-08
-4.68906e-14
-3.98173e-14
1.51131e-08
-1.8368e-13
-1.15485e-13
1.51131e-08
-2.32441e-13
-1.87007e-13
1.47022e-08
-2.49879e-13
1.05855e-13
1.37319e-08
-2.78399e-13
8.2028e-14
1.14122e-08
2.31989e-14
5.67027e-09
2.66131e-13
-3.48279e-13
5.67037e-09
1.06646e-13
-1.55771e-13
1.14123e-08
2.47323e-13
1.90734e-13
1.37319e-08
1.10143e-13
-1.2935e-13
1.47022e-08
-7.14587e-14
2.01413e-13
1.51131e-08
-5.25551e-14
1.94322e-13
1.51131e-08
5.7404e-14
-1.45892e-13
1.47022e-08
-3.15903e-14
8.96657e-14
1.37318e-08
-2.63747e-13
3.30822e-14
1.14122e-08
-2.71248e-13
5.67025e-09
8.00352e-13
-6.38003e-13
4.57188e-09
5.99557e-13
-1.70973e-14
9.93144e-09
4.64564e-13
4.74017e-14
1.25268e-08
5.43087e-13
-1.66345e-14
1.36862e-08
7.50873e-14
1.29911e-13
1.41629e-08
-7.02959e-14
2.21557e-13
1.4163e-08
-1.5362e-13
-2.60853e-13
1.36861e-08
-2.01738e-13
5.75353e-14
1.25267e-08
-4.73263e-13
1.34882e-13
9.93135e-09
-8.2704e-13
4.57176e-09
1.40717e-13
-1.37246e-12
2.82271e-09
-1.97613e-13
2.28851e-13
7.10613e-09
-1.34319e-13
-9.39191e-14
9.96802e-09
2.76788e-13
-1.17521e-13
1.15229e-08
3.46091e-13
2.26007e-13
1.21892e-08
4.19389e-13
2.61607e-13
1.21891e-08
7.37313e-13
-2.604e-13
1.1523e-08
4.75786e-13
9.43088e-15
9.96799e-09
-1.09952e-13
5.69872e-13
7.10606e-09
-9.70418e-13
2.82272e-09
-8.50516e-14
-1.05404e-12
1.16357e-09
1.49228e-13
2.97051e-13
3.62379e-09
1.27651e-13
-1.78829e-13
6.03558e-09
2.97659e-14
-2.68268e-13
7.80563e-09
1.82699e-13
6.36264e-14
8.69849e-09
4.46774e-13
8.75958e-14
8.69854e-09
1.31639e-13
-2.13978e-13
7.80561e-09
1.95145e-13
3.50358e-13
6.03561e-09
2.59644e-13
5.91246e-13
3.62381e-09
-8.33492e-13
1.16355e-09
-9.0419e-13
2.02881e-10
-7.22124e-13
8.6131e-10
-6.77632e-13
1.83638e-09
-8.24767e-13
2.77602e-09
-5.30717e-13
3.34293e-09
-1.52303e-13
3.34295e-09
-2.00012e-13
2.77603e-09
1.33232e-13
1.83641e-09
9.04931e-13
8.61308e-10
2.02872e-10
-6.60872e-13
8.00123e-13
2.02867e-10
-4.78558e-13
-1.75067e-13
8.61309e-10
-5.11663e-13
8.32063e-14
1.83641e-09
-3.34826e-13
-4.71444e-14
2.77607e-09
-5.58602e-14
-3.21146e-13
3.34295e-09
3.35837e-13
-1.64571e-13
3.34298e-09
2.65702e-13
-1.2071e-13
2.77605e-09
4.12529e-13
1.71706e-14
1.83645e-09
7.53939e-13
-3.06144e-13
8.61326e-10
9.20782e-13
2.02874e-10
-1.30985e-13
1.23056e-12
1.16359e-09
-3.01621e-13
-8.53918e-14
3.62381e-09
-2.39897e-13
-1.89162e-13
6.03557e-09
-1.11192e-13
-2.45492e-13
7.80564e-09
3.11064e-13
-3.94724e-13
8.6985e-09
1.18403e-13
-6.42701e-13
8.69842e-09
4.70133e-13
-2.59592e-13
7.8056e-09
3.7449e-13
-2.32853e-13
6.03553e-09
3.5972e-13
-2.28794e-13
3.62377e-09
1.15599e-12
1.16355e-09
2.87758e-14
1.22959e-12
2.8228e-09
-4.23035e-13
-7.46379e-14
7.10608e-09
-1.50725e-13
-1.62079e-13
9.96796e-09
-3.82711e-14
-6.16899e-13
1.15228e-08
-4.68246e-15
-3.85575e-13
1.21891e-08
-9.71192e-15
-5.15284e-13
1.21891e-08
2.10073e-13
-6.35628e-13
1.15228e-08
1.03942e-13
-1.92757e-13
9.96791e-09
1.79129e-13
4.51242e-14
7.10604e-09
1.04607e-12
2.82267e-09
2.58911e-13
5.74782e-13
4.57185e-09
6.65287e-13
1.14307e-13
9.93147e-09
3.01112e-14
-3.57027e-14
1.25267e-08
-2.95396e-14
-3.19025e-13
1.36861e-08
-2.73556e-13
-2.44328e-13
1.41628e-08
-3.84803e-13
-1.31395e-13
1.41629e-08
-3.22733e-13
-2.93061e-13
1.36861e-08
-7.79848e-13
-2.38162e-13
1.25266e-08
-3.50792e-13
-6.59685e-14
9.93142e-09
4.99894e-13
4.57181e-09
2.79466e-13
2.93056e-13
5.67033e-09
2.4753e-13
6.32612e-14
1.14123e-08
-2.23212e-14
6.40493e-14
1.37319e-08
-2.3928e-14
-1.08687e-13
1.47022e-08
-7.57577e-14
-1.08634e-13
1.51131e-08
-1.39977e-13
-5.62146e-14
1.5113e-08
-1.27803e-13
-1.26822e-13
1.47022e-08
-3.09698e-13
8.20117e-14
1.37318e-08
-3.61849e-13
-3.28321e-14
1.14123e-08
1.10627e-13
5.67031e-09
1.58319e-13
-1.89914e-13
5.67031e-09
4.36014e-14
1.21596e-13
1.14123e-08
1.75057e-13
2.06185e-13
1.3732e-08
-2.93213e-14
-9.80236e-14
1.47022e-08
-2.49034e-14
-1.3579e-13
1.51131e-08
6.64098e-14
-1.33416e-14
1.5113e-08
-7.64377e-14
-3.18325e-14
1.47022e-08
-2.7174e-13
8.53513e-14
1.37319e-08
-4.76244e-13
-2.45568e-13
1.14123e-08
-5.49316e-13
5.67035e-09
6.25317e-13
-7.31489e-13
4.57183e-09
3.34507e-13
9.78256e-14
9.93143e-09
5.56474e-13
5.42451e-14
1.25268e-08
1.84665e-13
-2.216e-13
1.3686e-08
1.7488e-13
1.51666e-13
1.41629e-08
9.27179e-14
2.69312e-13
1.41628e-08
-2.42202e-13
3.97472e-15
1.36861e-08
-1.54187e-13
1.53491e-13
1.25267e-08
-6.50122e-13
-1.80083e-15
9.93141e-09
-8.72177e-13
4.57185e-09
2.90864e-13
-8.24019e-13
2.82268e-09
-1.51708e-13
5.47197e-13
7.10605e-09
6.68545e-14
-1.80922e-13
9.96799e-09
5.65888e-13
-2.09443e-13
1.15229e-08
4.31836e-13
2.5755e-13
1.21891e-08
2.94229e-13
1.94482e-13
1.21891e-08
4.51489e-13
-1.56803e-13
1.15229e-08
3.96226e-13
2.7683e-13
9.96801e-09
-1.54133e-13
5.43501e-13
7.1061e-09
-1.20078e-12
2.82271e-09
-1.52607e-13
-8.42356e-13
1.16354e-09
2.59578e-13
5.17045e-13
3.6238e-09
2.00993e-13
-3.16787e-13
6.0356e-09
2.78276e-13
-3.03506e-13
7.80561e-09
3.08274e-13
2.13815e-13
8.69846e-09
2.17424e-13
6.56127e-14
8.69841e-09
6.38931e-13
2.46519e-13
7.8056e-09
4.33555e-13
3.57803e-13
6.0356e-09
1.8562e-13
5.80727e-13
3.62379e-09
-7.54592e-13
1.16359e-09
-5.36715e-13
2.02864e-10
-4.54887e-13
8.61312e-10
-4.63662e-13
1.83637e-09
-5.6697e-13
2.77601e-09
-4.70545e-13
3.34293e-09
-9.18484e-14
3.34288e-09
-2.76734e-13
2.77602e-09
-1.6585e-14
1.83637e-09
8.94121e-13
8.61325e-10
2.02864e-10
-8.53113e-13
1.01708e-12
2.02881e-10
-3.39137e-13
-1.62747e-14
8.6131e-10
-9.2081e-13
-3.10392e-16
1.83637e-09
-8.31545e-13
1.59292e-14
2.776e-09
-2.97611e-13
-4.34108e-13
3.34287e-09
2.02268e-13
-6.17557e-13
3.34289e-09
5.68802e-13
-2.65109e-13
2.776e-09
3.748e-13
-2.19124e-13
1.83638e-09
8.18869e-13
-2.48127e-13
8.6129e-10
8.38982e-13
2.02864e-10
-3.73377e-13
1.21827e-12
1.16354e-09
-5.27229e-13
3.54932e-14
3.62376e-09
-2.64609e-13
-8.09988e-14
6.03557e-09
7.7774e-14
-2.38693e-13
7.80555e-09
6.21951e-14
-6.65893e-13
8.69842e-09
5.81844e-13
-6.27987e-13
8.69846e-09
6.42004e-13
-4.37423e-13
7.8056e-09
8.13774e-13
-1.5876e-13
6.0356e-09
5.00186e-13
-4.80583e-14
3.6238e-09
1.15223e-12
1.16354e-09
5.99605e-14
1.07738e-12
2.82268e-09
2.09609e-13
4.8111e-13
7.10614e-09
1.69998e-13
-1.60705e-14
9.96811e-09
3.30362e-13
-2.39766e-13
1.1523e-08
1.79284e-13
-6.31516e-13
1.21891e-08
-6.92691e-14
-6.3546e-13
1.21891e-08
8.29798e-14
-3.88591e-13
1.15229e-08
2.93768e-13
-1.69201e-14
9.96798e-09
4.27501e-14
2.25243e-13
7.10611e-09
1.12532e-12
2.82272e-09
9.23416e-13
5.76396e-13
4.57188e-09
6.35463e-13
8.29232e-14
9.93148e-09
6.7791e-13
2.01004e-14
1.25268e-08
4.01821e-13
-2.44894e-13
1.36861e-08
1.19951e-13
-1.22865e-13
1.41629e-08
-2.19826e-13
-5.77702e-14
1.41629e-08
-5.75216e-13
-1.94431e-13
1.36861e-08
-6.65657e-13
1.23033e-13
1.25267e-08
-7.29136e-13
3.09412e-14
9.93138e-09
3.46616e-13
4.57178e-09
2.50579e-13
1.31225e-13
5.67038e-09
1.23568e-13
-1.54551e-14
1.14124e-08
1.28297e-13
1.67995e-13
1.37319e-08
1.71016e-13
6.99206e-14
1.47022e-08
-1.23021e-13
-8.89849e-14
1.5113e-08
-1.89875e-13
-1.60897e-13
1.5113e-08
-2.26961e-13
-2.1676e-13
1.47021e-08
-3.99864e-13
2.24785e-14
1.37318e-08
-6.24882e-13
-7.90003e-14
1.14122e-08
1.58804e-13
5.67035e-09
2.33512e-13
1.64391e-13
5.67034e-09
2.41227e-13
1.29664e-13
1.14123e-08
1.71949e-13
6.24454e-14
1.37319e-08
4.89115e-15
-8.91128e-14
1.47021e-08
-1.6438e-13
-5.28539e-15
1.5113e-08
-5.72751e-15
6.34229e-14
1.5113e-08
-1.53416e-13
5.65283e-15
1.47022e-08
-2.15202e-13
1.92056e-13
1.37319e-08
-1.91779e-13
5.34465e-14
1.14122e-08
-1.43581e-13
5.67024e-09
6.08564e-13
-8.50934e-13
4.57181e-09
3.3467e-13
1.63011e-13
9.93137e-09
3.4402e-13
3.98107e-13
1.25267e-08
4.10823e-13
8.32289e-14
1.3686e-08
2.10309e-14
1.49086e-13
1.41628e-08
8.958e-14
3.56805e-13
1.41629e-08
-3.05917e-13
-1.2944e-13
1.3686e-08
-2.80679e-13
7.83321e-14
1.25267e-08
-3.79107e-13
1.77775e-13
9.93136e-09
-5.52045e-13
4.57179e-09
2.67467e-13
-9.9541e-13
2.82278e-09
-2.69188e-13
7.33426e-13
7.10614e-09
-2.36607e-13
5.55233e-13
9.96795e-09
2.95094e-15
-2.44548e-13
1.15228e-08
-1.04227e-13
1.16326e-13
1.21891e-08
-9.14908e-14
2.5279e-13
1.21892e-08
2.04021e-13
-2.62906e-13
1.15229e-08
1.81787e-13
2.22569e-13
9.96798e-09
-5.24297e-14
8.0853e-13
7.10612e-09
-7.6539e-13
2.82272e-09
-2.21763e-13
-9.37229e-13
1.16362e-09
-2.62008e-14
3.96182e-13
3.62387e-09
9.07917e-14
1.03405e-13
6.03558e-09
1.88082e-13
-2.15754e-13
7.80563e-09
3.19911e-13
2.77066e-13
8.69847e-09
2.6108e-13
4.10693e-14
8.69846e-09
2.82473e-13
-1.50186e-13
7.80562e-09
-1.00261e-13
2.15276e-13
6.03561e-09
-1.17446e-13
6.11554e-13
3.62383e-09
-7.33255e-13
1.16357e-09
-8.0385e-13
2.02873e-10
-4.88137e-13
8.61321e-10
-4.27069e-13
1.83645e-09
-4.05533e-13
2.77608e-09
-7.39204e-13
3.34293e-09
-1.11439e-13
3.34297e-09
-2.53517e-13
2.77603e-09
-3.36815e-14
1.83641e-09
4.39915e-13
8.61306e-10
2.02879e-10
-4.26444e-13
7.6036e-13
2.02851e-10
-5.2281e-13
-5.64922e-13
8.61288e-10
-4.39628e-13
9.693e-14
1.83637e-09
-6.0002e-13
-7.38665e-14
2.77604e-09
-6.77088e-14
-3.10921e-13
3.34292e-09
2.54019e-13
-4.12247e-13
3.34292e-09
2.87854e-13
-6.29281e-14
2.77604e-09
4.31782e-13
1.00417e-13
1.8364e-09
1.00489e-12
-5.32556e-13
8.61336e-10
7.41943e-13
2.02879e-10
-1.91456e-13
8.96407e-13
1.16354e-09
-4.9083e-14
-5.93831e-13
3.62381e-09
1.10249e-13
8.2252e-14
6.03565e-09
8.719e-14
-6.34477e-14
7.8057e-09
1.28858e-13
-3.50901e-13
8.69859e-09
1.51243e-13
-5.76784e-13
8.69854e-09
2.77456e-13
-2.00026e-13
7.80571e-09
1.8737e-13
-2.39691e-13
6.03558e-09
3.145e-13
-3.51866e-13
3.62381e-09
1.24397e-12
1.16358e-09
-1.67614e-13
6.60103e-13
2.82266e-09
8.77175e-14
-3.95604e-13
7.10608e-09
2.20538e-13
-2.88283e-13
9.96796e-09
4.25491e-13
-4.91684e-13
1.15229e-08
1.80686e-13
-4.96327e-13
1.21891e-08
1.15631e-13
-4.29388e-13
1.21892e-08
-8.48838e-14
-7.15922e-13
1.15229e-08
-1.08422e-13
-3.02846e-13
9.96805e-09
-5.94948e-14
-4.18608e-14
7.10612e-09
1.18087e-12
2.82271e-09
5.38415e-13
3.37361e-13
4.57177e-09
6.81506e-13
-2.51556e-13
9.93138e-09
4.14927e-13
-2.48444e-13
1.25267e-08
3.94824e-13
-8.0167e-14
1.36861e-08
3.27726e-14
-1.63037e-13
1.41629e-08
-4.03979e-13
-8.42995e-14
1.41629e-08
-6.17171e-13
-2.04256e-13
1.36861e-08
-6.6843e-13
1.46291e-13
1.25267e-08
-5.89179e-13
-1.37245e-13
9.93136e-09
4.04601e-13
4.57173e-09
3.37606e-13
1.90734e-13
5.67029e-09
-1.12629e-13
-2.46954e-13
1.14122e-08
6.70218e-14
-2.24314e-14
1.37319e-08
-2.62911e-14
-5.6906e-14
1.47022e-08
-9.82474e-14
-6.86213e-14
1.51131e-08
-2.34558e-13
-1.38284e-13
1.5113e-08
-1.42845e-13
-1.63711e-13
1.47022e-08
-3.20775e-13
1.16199e-13
1.37319e-08
-4.7007e-13
-1.67843e-13
1.14122e-08
7.08229e-14
5.67032e-09
3.44243e-13
-1.56098e-15
5.6703e-09
7.2617e-14
-2.0946e-13
1.14123e-08
8.04645e-14
4.51884e-14
1.37319e-08
7.26793e-14
-1.22447e-13
1.47022e-08
-6.07982e-14
-8.57505e-14
1.51131e-08
-5.33517e-15
-5.49024e-14
1.51131e-08
-1.34769e-13
-2.10124e-13
1.47023e-08
-2.98002e-13
9.66205e-14
1.37318e-08
-3.33464e-13
-2.58596e-13
1.14123e-08
-1.22246e-13
5.67034e-09
4.63197e-13
-5.95425e-13
4.57182e-09
2.48689e-13
2.08191e-13
9.93139e-09
1.46398e-13
9.60537e-14
1.25267e-08
2.70006e-13
-1.55723e-13
1.36862e-08
1.31886e-13
9.34794e-14
1.41629e-08
-1.8184e-13
1.87076e-13
1.41629e-08
-8.62384e-14
4.0427e-14
1.36861e-08
-3.28188e-13
3.02447e-13
1.25267e-08
-3.70052e-13
3.01206e-13
9.93142e-09
-6.41163e-13
4.57184e-09
5.21686e-13
-1.00736e-12
2.82271e-09
-1.69348e-14
5.62511e-13
7.10611e-09
1.94982e-14
-8.91643e-14
9.96811e-09
1.97094e-13
-2.25073e-13
1.1523e-08
1.55282e-13
2.28155e-13
1.21892e-08
1.84611e-14
2.06215e-13
1.21892e-08
3.69674e-13
-2.80107e-13
1.15229e-08
3.1961e-13
2.57876e-13
9.96804e-09
-2.75047e-13
6.99609e-13
7.10613e-09
-9.23533e-13
2.8227e-09
3.22639e-13
-7.38985e-13
1.16359e-09
5.54468e-13
4.65216e-13
3.62381e-09
8.97005e-13
-5.40323e-14
6.03563e-09
3.99221e-13
-3.37017e-13
7.80562e-09
4.3472e-13
3.65749e-13
8.69854e-09
2.31612e-13
1.66218e-13
8.69851e-09
2.33773e-14
-4.60588e-14
7.80564e-09
4.42052e-14
4.13835e-13
6.03562e-09
3.73894e-14
6.38833e-13
3.62378e-09
-6.14663e-13
1.16355e-09
-9.20487e-13
2.02875e-10
-2.91708e-13
8.61329e-10
-4.08295e-13
1.83639e-09
-7.52517e-13
2.776e-09
-5.66965e-13
3.34292e-09
-4.36533e-13
3.34292e-09
-2.01443e-13
2.77601e-09
-1.34171e-13
1.83635e-09
6.7937e-13
8.613e-10
2.02863e-10
-9.02151e-13
9.02018e-13
2.02877e-10
-1.12657e-12
-1.75192e-13
8.613e-10
-7.67573e-13
4.98042e-13
1.83629e-09
-1.0765e-12
-1.56661e-13
2.77591e-09
-2.49968e-13
-4.0534e-13
3.34283e-09
1.29818e-13
-4.10817e-13
3.34285e-09
4.91473e-13
-1.45898e-13
2.77592e-09
6.1229e-13
-2.13335e-13
1.83625e-09
7.63385e-13
-2.02389e-13
8.61281e-10
8.7598e-13
2.02866e-10
-3.42868e-13
1.30711e-12
1.16356e-09
-3.32474e-13
1.49842e-14
3.62386e-09
-4.78554e-13
9.90828e-14
6.03561e-09
1.49235e-13
-2.2508e-13
7.80558e-09
6.56194e-13
-7.6712e-13
8.69847e-09
1.12148e-12
-6.59785e-13
8.69841e-09
1.13459e-12
-5.98768e-13
7.80556e-09
1.2998e-12
-1.74264e-13
6.03568e-09
7.73997e-13
3.81055e-13
3.62388e-09
1.64139e-12
1.16355e-09
1.89786e-14
1.07842e-12
2.82283e-09
1.01123e-13
1.79005e-13
7.10617e-09
1.92352e-13
-4.08027e-13
9.96805e-09
2.36494e-13
-7.07796e-13
1.15229e-08
3.88816e-13
-5.68847e-13
1.21892e-08
1.20324e-13
-5.7043e-13
1.21891e-08
3.85978e-13
-6.03258e-13
1.15228e-08
3.44712e-13
-1.9213e-13
9.96799e-09
2.49921e-13
5.02544e-13
7.10612e-09
1.49177e-12
2.82285e-09
7.05479e-13
5.63632e-13
4.57171e-09
6.33764e-13
-1.67459e-13
9.93144e-09
6.84391e-13
-1.20826e-13
1.25269e-08
4.52641e-13
-1.38095e-13
1.36862e-08
5.04799e-14
-3.40956e-14
1.41629e-08
-4.49241e-13
-1.44634e-13
1.41629e-08
-5.28089e-13
-1.58489e-13
1.36862e-08
-7.96514e-13
3.05619e-14
1.25268e-08
-7.82173e-13
5.0361e-13
9.93152e-09
7.51941e-13
4.57185e-09
1.7057e-13
2.60563e-13
5.67028e-09
2.07049e-13
-2.31006e-15
1.14124e-08
1.93255e-13
2.68906e-14
1.37319e-08
2.65207e-14
-1.50496e-13
1.47022e-08
-2.19607e-13
7.58604e-14
1.51131e-08
-2.49754e-13
6.2378e-14
1.51131e-08
-4.41736e-13
-2.08686e-13
1.47022e-08
-3.28515e-13
1.93465e-14
1.37319e-08
-4.93782e-13
-1.18349e-14
1.14124e-08
2.14672e-13
5.67046e-09
3.8735e-13
1.79174e-13
5.67033e-09
2.3939e-13
-9.98825e-14
1.14124e-08
2.80105e-13
-2.01624e-15
1.37319e-08
2.87942e-13
-2.1575e-13
1.47022e-08
1.00767e-13
-4.26011e-14
1.5113e-08
-1.67907e-13
-1.40997e-13
1.5113e-08
-4.87916e-13
-2.91221e-13
1.47022e-08
-3.32563e-13
8.21065e-14
1.37319e-08
-2.13025e-13
-2.46025e-13
1.14126e-08
-2.61508e-13
5.67038e-09
7.47396e-13
-8.1456e-13
4.57168e-09
5.58972e-13
-3.73284e-13
9.93144e-09
4.13399e-13
-6.47753e-14
1.25268e-08
2.20979e-13
-1.45925e-13
1.36861e-08
1.60822e-13
3.44515e-13
1.4163e-08
-3.0204e-14
1.07318e-13
1.41629e-08
-3.35433e-13
-1.27473e-14
1.36862e-08
-3.09314e-13
3.01662e-14
1.2527e-08
-6.14896e-13
-2.25386e-13
9.93151e-09
-6.30032e-13
4.57193e-09
1.95225e-13
-8.83914e-13
2.82289e-09
-1.73965e-13
3.93233e-13
7.10611e-09
-3.03168e-13
-2.17432e-13
9.96801e-09
1.8086e-13
-2.88735e-13
1.15228e-08
8.26514e-14
2.11212e-13
1.2189e-08
3.41069e-13
1.72141e-13
1.21891e-08
4.99112e-13
-1.58545e-13
1.15228e-08
6.20923e-13
8.55126e-14
9.96801e-09
-4.47159e-15
1.36993e-13
7.1061e-09
-1.0804e-12
2.82298e-09
-3.12903e-13
-1.20517e-12
1.16353e-09
-2.19522e-13
1.6455e-13
3.6237e-09
1.12084e-13
-2.33493e-13
6.0355e-09
8.14018e-14
-1.73253e-13
7.80551e-09
3.43572e-13
2.70124e-13
8.6984e-09
4.42357e-13
1.23254e-13
8.69842e-09
6.41526e-13
-9.21976e-15
7.8055e-09
4.48193e-13
1.1177e-13
6.03551e-09
2.7712e-13
4.33051e-13
3.62375e-09
-7.96386e-13
1.16361e-09
-8.31335e-13
2.02872e-10
-6.62102e-13
8.6125e-10
-4.6154e-13
1.8362e-09
-6.20319e-13
2.77586e-09
-4.54067e-13
3.34274e-09
-2.54967e-13
3.34278e-09
-3.29167e-14
2.77588e-09
5.39005e-13
1.83621e-09
7.55033e-13
8.61278e-10
2.02875e-10
9.03024e-13
-6.08357e-13
2.02866e-10
1.4334e-12
-7.82605e-13
8.61327e-10
1.48979e-12
1.72832e-13
1.83655e-09
3.6409e-13
8.30372e-13
2.77614e-09
1.79522e-13
3.28638e-13
3.34304e-09
-7.30733e-13
6.60537e-14
3.34302e-09
-1.12976e-12
7.5547e-13
2.77615e-09
-1.55763e-12
-8.97237e-14
1.83652e-09
-4.6163e-13
-7.90311e-13
8.61321e-10
-9.26338e-13
2.02877e-10
-8.67775e-13
4.99666e-14
1.16357e-09
-7.45841e-13
-1.00828e-12
3.62376e-09
-1.20705e-13
-7.89178e-13
6.03557e-09
2.15392e-14
2.17696e-13
7.80571e-09
-3.56081e-14
2.22916e-13
8.69857e-09
3.92695e-14
1.29435e-13
8.69861e-09
-2.38586e-13
1.32465e-13
7.80572e-09
4.84615e-13
-4.7468e-13
6.03553e-09
6.29031e-13
-8.36354e-13
3.62372e-09
-1.3895e-14
1.1636e-09
-4.79972e-14
3.91841e-13
2.82258e-09
-6.16249e-13
-6.26046e-13
7.10607e-09
-4.71363e-13
-5.68351e-13
9.96795e-09
1.21939e-13
-2.69485e-13
1.1523e-08
2.27364e-13
-9.45015e-15
1.21892e-08
5.49059e-13
6.31422e-14
1.21892e-08
6.68736e-13
-2.77247e-13
1.1523e-08
5.70004e-13
-2.47192e-13
9.968e-09
9.42045e-14
-1.66901e-13
7.10607e-09
1.71886e-13
2.8226e-09
3.68051e-13
6.48995e-14
4.57183e-09
4.41416e-13
-4.48087e-14
9.93134e-09
1.11409e-14
-1.81066e-13
1.25266e-08
-1.38653e-13
-2.27494e-13
1.3686e-08
-3.12664e-14
1.71124e-13
1.41629e-08
-1.22075e-13
1.91503e-15
1.41629e-08
-3.63905e-14
-1.90036e-13
1.36861e-08
-3.71612e-13
-9.00047e-14
1.25266e-08
-5.72318e-13
1.14532e-13
9.93134e-09
-2.19867e-14
4.57181e-09
2.59373e-13
6.99109e-14
5.67031e-09
1.43775e-13
2.60776e-13
1.14122e-08
-7.61721e-15
-1.57466e-13
1.37318e-08
-1.4019e-13
-2.77776e-13
1.47022e-08
-1.39792e-13
3.59824e-14
1.51131e-08
-2.18607e-14
6.18597e-14
1.51131e-08
3.24078e-14
-1.87106e-13
1.47022e-08
6.16474e-14
1.71318e-15
1.37318e-08
-1.98549e-14
4.9742e-13
1.14121e-08
-1.09855e-13
5.67012e-09
2.30027e-13
-2.30206e-13
5.67025e-09
-1.09933e-13
6.79723e-13
1.14122e-08
-5.26629e-15
6.96052e-14
1.37318e-08
-9.23063e-14
-2.20045e-13
1.47023e-08
7.63727e-14
4.1387e-13
1.51131e-08
-1.05273e-13
8.40173e-14
1.5113e-08
2.44729e-13
-1.33436e-13
1.47022e-08
8.66404e-14
-7.21222e-14
1.37318e-08
-2.95716e-15
1.02458e-12
1.14121e-08
6.72148e-14
5.6702e-09
1.58019e-13
-3.99963e-13
4.5719e-09
-2.22631e-13
1.21436e-12
9.9314e-09
-2.74267e-14
2.61647e-13
1.25266e-08
6.0808e-14
-4.31794e-13
1.36861e-08
-2.39176e-15
2.84421e-13
1.41629e-08
4.96513e-14
9.93556e-14
1.41629e-08
1.64087e-13
-6.72803e-13
1.36861e-08
3.76945e-13
2.19458e-13
1.25266e-08
1.84401e-13
1.72325e-12
9.93133e-09
4.58421e-13
4.57177e-09
-2.04621e-13
3.0038e-13
2.82253e-09
-7.7214e-13
1.63093e-12
7.10615e-09
-6.67582e-13
2.43734e-13
9.96808e-09
-3.23505e-13
-9.30655e-13
1.1523e-08
-1.15215e-13
-1.60212e-13
1.21892e-08
2.18493e-13
-3.00179e-13
1.21892e-08
4.30983e-13
-1.21198e-12
1.1523e-08
4.39322e-13
1.24728e-13
9.96803e-09
2.62922e-13
1.9301e-12
7.10611e-09
1.09046e-12
2.82252e-09
-4.70437e-13
9.38014e-13
1.16362e-09
-2.036e-13
1.16605e-12
3.6239e-09
-5.91003e-14
-3.916e-14
6.03562e-09
-4.17241e-14
-8.97601e-13
7.80568e-09
1.46437e-13
-3.3412e-13
8.69852e-09
-2.10521e-13
-5.33891e-13
8.6985e-09
-3.06627e-13
-9.14182e-13
7.80562e-09
-4.1648e-13
-2.04236e-14
6.03558e-09
-1.70983e-13
1.08162e-12
3.62386e-09
1.07424e-12
1.16355e-09
6.75091e-13
2.02879e-10
1.91728e-12
8.6134e-10
1.5827e-12
1.83652e-09
5.67697e-13
2.77611e-09
9.64637e-14
3.34301e-09
-6.61678e-13
3.34299e-09
-1.89673e-12
2.77613e-09
-2.37526e-12
1.83654e-09
-8.04828e-13
8.6132e-10
2.02863e-10
-9.32904e-13
8.54771e-13
2.02877e-10
-6.8137e-13
-4.80405e-14
8.61307e-10
-1.06745e-12
1.68915e-13
1.83635e-09
-8.77671e-13
-7.77904e-14
2.77603e-09
-2.84365e-13
-4.48097e-13
3.34294e-09
1.85579e-13
-2.59902e-13
3.34293e-09
3.8782e-13
-1.47239e-13
2.776e-09
6.45229e-13
4.33256e-14
1.83637e-09
8.61888e-13
-2.12e-13
8.61289e-10
6.57521e-13
2.02855e-10
-2.07448e-13
1.42729e-12
1.16356e-09
-7.09598e-13
2.10951e-13
3.6238e-09
-4.34692e-13
1.55467e-13
6.03558e-09
-2.25238e-13
-4.46362e-13
7.8056e-09
3.69872e-13
-5.61519e-13
8.69846e-09
8.04257e-13
-3.99028e-13
8.69845e-09
1.18073e-12
-3.06089e-13
7.80556e-09
1.01141e-12
-1.36322e-13
6.03564e-09
3.47247e-13
2.05619e-13
3.62383e-09
1.37564e-12
1.16356e-09
1.12785e-13
1.25601e-12
2.82273e-09
-2.95412e-13
2.81871e-13
7.10608e-09
-1.04734e-13
3.73636e-14
9.96798e-09
3.43886e-13
-5.92959e-13
1.15229e-08
3.29679e-13
-4.92883e-13
1.21891e-08
8.21189e-14
-4.92499e-13
1.21892e-08
3.22404e-13
-3.23132e-13
1.15229e-08
3.17132e-13
-5.47433e-14
9.96806e-09
9.88596e-14
4.32132e-13
7.10612e-09
1.20876e-12
2.82271e-09
6.96967e-13
7.22453e-13
4.57183e-09
5.88214e-13
2.28051e-13
9.93139e-09
2.28291e-13
1.11969e-13
1.25268e-08
2.17113e-13
-1.77145e-13
1.36861e-08
-2.09716e-13
-2.19226e-13
1.41628e-08
-4.73031e-13
-1.23511e-13
1.41629e-08
-6.31869e-13
-3.27442e-13
1.36861e-08
-7.70403e-13
-3.6923e-13
1.25268e-08
-7.37487e-13
3.11851e-13
9.93139e-09
4.37901e-13
4.57182e-09
2.22628e-13
9.86463e-14
5.67031e-09
1.87359e-13
2.20069e-13
1.14123e-08
1.13762e-13
1.86466e-13
1.37318e-08
2.653e-14
-2.87826e-13
1.47021e-08
1.58768e-14
-1.16976e-13
1.51131e-08
-2.81946e-13
-1.77866e-13
1.5113e-08
-2.80861e-13
-1.52258e-13
1.47022e-08
-1.73361e-14
7.92579e-14
1.37318e-08
-3.48155e-13
8.87497e-14
1.14123e-08
2.79041e-13
5.67032e-09
1.89252e-13
-3.05543e-14
5.67036e-09
9.36667e-14
5.00745e-13
1.14122e-08
5.6347e-14
2.24974e-13
1.37319e-08
-5.96013e-15
-2.92913e-13
1.47021e-08
-4.85819e-14
-6.22553e-14
1.5113e-08
-1.23058e-13
1.13096e-13
1.51131e-08
-1.7275e-13
-1.42719e-13
1.47022e-08
-2.86052e-13
5.93561e-14
1.37318e-08
-1.80145e-13
1.53856e-13
1.14122e-08
-1.24069e-13
5.67026e-09
8.65571e-13
-6.43208e-13
4.57183e-09
4.56053e-13
3.86125e-13
9.93135e-09
3.88604e-13
2.40754e-13
1.25267e-08
2.50265e-13
-1.80596e-13
1.36861e-08
1.92486e-13
2.47466e-13
1.41629e-08
1.20429e-13
2.45868e-13
1.41629e-08
-2.91856e-13
-2.4877e-13
1.36861e-08
-2.48898e-13
9.89496e-14
1.25267e-08
-4.92466e-13
1.83616e-13
9.93143e-09
-4.56203e-13
4.57175e-09
1.80087e-13
-8.44618e-13
2.82269e-09
-3.29769e-13
8.62934e-13
7.10607e-09
-2.64553e-13
5.69386e-14
9.96799e-09
-4.65076e-14
-3.92495e-13
1.15229e-08
1.49672e-13
2.42749e-13
1.21892e-08
2.08674e-13
2.72991e-13
1.21892e-08
4.56776e-13
-1.97921e-13
1.15229e-08
4.57288e-13
1.57425e-14
9.96804e-09
7.06025e-14
3.89497e-13
7.10612e-09
-1.09363e-12
2.82271e-09
-1.85445e-13
-6.28417e-13
1.16355e-09
1.51411e-13
7.22777e-13
3.62378e-09
4.76291e-13
4.13409e-14
6.03563e-09
6.82353e-14
-4.72455e-13
7.80561e-09
3.97737e-13
-4.4876e-14
8.6985e-09
4.14804e-13
8.38898e-14
8.69844e-09
3.36374e-13
-4.73815e-14
7.80566e-09
1.68074e-13
1.64251e-13
6.03565e-09
1.43484e-13
6.12949e-13
3.62389e-09
-7.37339e-13
1.16359e-09
-6.95241e-13
2.02869e-10
-1.79759e-13
8.61331e-10
-1.39606e-14
1.83639e-09
-6.40895e-13
2.77606e-09
-1.51074e-13
3.343e-09
-1.49801e-13
3.34297e-09
-4.06444e-13
2.77607e-09
-4.44838e-15
1.83645e-09
5.44171e-13
8.61352e-10
2.02881e-10
-9.1602e-13
6.55257e-13
2.02868e-10
-8.12959e-13
-3.41066e-13
8.61331e-10
-7.21336e-13
4.13024e-13
1.8364e-09
-9.43337e-13
-4.29975e-14
2.77602e-09
-6.48354e-13
-3.93115e-13
3.34293e-09
-1.90796e-13
-2.15922e-13
3.34294e-09
-1.96263e-13
-1.85825e-13
2.77608e-09
7.54995e-14
-1.70768e-13
1.83643e-09
8.84e-13
-5.79382e-13
8.61333e-10
6.31732e-13
2.02873e-10
-2.31946e-13
1.20302e-12
1.16361e-09
-3.15281e-13
-1.26864e-13
3.6238e-09
-3.09065e-13
-1.42519e-14
6.03558e-09
1.01235e-13
-1.34845e-13
7.80563e-09
3.1597e-13
-5.0873e-13
8.69847e-09
3.60676e-13
-3.32429e-13
8.69854e-09
5.43446e-13
-1.9147e-13
7.80571e-09
2.81438e-13
-3.17012e-13
6.0356e-09
5.2181e-13
-2.22788e-13
3.62383e-09
1.10821e-12
1.16358e-09
-1.38095e-13
9.87643e-13
2.82268e-09
-4.16885e-14
8.29311e-16
7.10609e-09
1.26224e-13
-1.7282e-13
9.96805e-09
3.63262e-13
-5.70746e-13
1.15229e-08
3.3438e-13
-5.6998e-13
1.21891e-08
-1.94592e-14
-5.58046e-13
1.21892e-08
1.27456e-13
-3.99869e-13
1.1523e-08
1.84322e-14
-1.45772e-13
9.96803e-09
-4.35448e-14
-2.42001e-13
7.10604e-09
1.07183e-12
2.82263e-09
6.55844e-13
5.25845e-13
4.57184e-09
8.06058e-13
-9.79988e-14
9.9314e-09
1.92524e-13
-1.4809e-13
1.25267e-08
2.86062e-13
-3.14704e-13
1.36861e-08
-6.25524e-14
-1.65193e-13
1.41628e-08
-3.09662e-13
-5.12051e-14
1.4163e-08
-5.07368e-13
-3.38701e-13
1.36861e-08
-7.93531e-13
-1.86844e-13
1.25267e-08
-4.63499e-13
-1.89643e-13
9.93133e-09
4.40376e-13
4.57174e-09
1.82031e-13
2.58619e-13
5.6703e-09
1.12456e-13
6.37458e-14
1.14123e-08
9.72097e-14
1.75133e-13
1.37319e-08
2.00096e-13
-3.07234e-13
1.47022e-08
-1.58718e-13
-2.80302e-13
1.5113e-08
-2.27546e-13
-9.22402e-14
1.51131e-08
-9.6977e-14
-2.93748e-13
1.47022e-08
-1.69886e-13
-1.35066e-13
1.37319e-08
-3.53379e-13
-3.3109e-13
1.14122e-08
7.32725e-14
5.67035e-09
2.57697e-13
2.12113e-14
5.67037e-09
2.53712e-13
3.66859e-14
1.14123e-08
3.30644e-14
2.06204e-13
1.37319e-08
2.16811e-13
-1.46357e-13
1.47022e-08
1.40401e-13
-1.4325e-14
1.5113e-08
6.89399e-14
8.68921e-14
1.51131e-08
-7.26305e-14
-2.51832e-13
1.47022e-08
-2.8015e-13
-1.13661e-13
1.37319e-08
-3.38273e-13
-1.36366e-13
1.14123e-08
-1.17927e-13
5.67036e-09
4.84074e-13
-7.69747e-13
4.57183e-09
4.5635e-13
9.83433e-14
9.93143e-09
5.1794e-13
2.59997e-13
1.25268e-08
5.16764e-13
-2.60781e-13
1.36861e-08
2.88827e-13
2.65941e-13
1.41629e-08
1.18103e-13
2.48598e-13
1.41629e-08
-1.5889e-13
-2.44728e-13
1.36861e-08
-3.73936e-14
1.96475e-13
1.25268e-08
-5.29901e-13
2.96721e-13
9.93141e-09
-3.24213e-13
4.57186e-09
1.29077e-13
-1.15063e-12
2.82273e-09
-2.51717e-13
4.20924e-13
7.10608e-09
-2.47044e-13
-9.74052e-14
9.96799e-09
5.19849e-13
-2.59003e-13
1.15229e-08
2.42589e-13
2.5037e-13
1.21891e-08
1.14342e-13
7.31387e-14
1.21892e-08
4.69226e-13
-2.17807e-13
1.15229e-08
3.72532e-13
2.46196e-13
9.96798e-09
-8.54061e-14
8.99679e-13
7.10604e-09
-8.67097e-13
2.82266e-09
-2.9148e-13
-6.40276e-13
1.16359e-09
-1.83347e-13
5.13917e-13
3.62382e-09
1.81991e-13
-5.85655e-14
6.03557e-09
1.82941e-13
-3.20415e-13
7.80563e-09
-7.13902e-14
1.65458e-13
8.69848e-09
2.1321e-13
1.81121e-13
8.69853e-09
-6.5339e-14
-1.44343e-13
7.8057e-09
-3.70268e-13
2.23158e-13
6.03557e-09
-7.87726e-14
6.41347e-13
3.6237e-09
-7.86346e-13
1.16353e-09
-1.00721e-12
2.0286e-10
-5.66971e-13
8.61307e-10
-3.34154e-13
1.83642e-09
-7.05241e-13
2.77604e-09
-6.00425e-13
3.34291e-09
-9.47441e-14
3.34293e-09
-4.91025e-13
2.77599e-09
-1.12166e-13
1.83637e-09
7.69324e-13
8.61279e-10
2.0286e-10
-7.15294e-13
1.08548e-12
2.02879e-10
-5.74894e-13
-2.60055e-13
8.61275e-10
-8.16976e-13
-5.34998e-14
1.83634e-09
-8.89605e-13
-7.41703e-14
2.77602e-09
-2.54511e-13
-3.97041e-13
3.34292e-09
7.23661e-14
-3.25606e-13
3.34293e-09
2.80079e-13
-2.11064e-13
2.77602e-09
5.50562e-13
-2.48805e-13
1.8364e-09
9.15421e-13
-2.38073e-13
8.61315e-10
1.21841e-12
2.02875e-10
-3.76735e-13
1.26096e-12
1.16357e-09
-2.89006e-13
-1.45734e-14
3.62385e-09
-9.96729e-14
-7.05207e-14
6.03556e-09
7.67805e-14
-1.80154e-13
7.80559e-09
4.07731e-13
-5.14745e-13
8.69854e-09
5.34755e-13
-5.08226e-13
8.69853e-09
6.57292e-13
-5.37724e-13
7.80557e-09
8.1231e-13
-3.13372e-13
6.03552e-09
4.8565e-13
1.51652e-13
3.62373e-09
1.30157e-12
1.16355e-09
-7.32016e-14
1.27108e-12
2.82274e-09
-3.27806e-13
5.1122e-14
7.10612e-09
-2.33079e-13
-2.18224e-13
9.96803e-09
8.27103e-15
-4.588e-13
1.15229e-08
1.02691e-13
-6.38072e-13
1.21891e-08
2.12948e-13
-4.80513e-13
1.21891e-08
4.50995e-13
-5.80128e-13
1.15229e-08
3.74054e-13
-1.34938e-13
9.96793e-09
-9.01765e-14
2.76712e-13
7.10612e-09
1.35352e-12
2.82279e-09
5.7263e-13
5.54115e-13
4.57185e-09
5.66467e-13
1.93388e-13
9.93143e-09
4.49478e-13
5.06308e-14
1.25268e-08
2.42954e-13
-2.93496e-13
1.36861e-08
4.30786e-14
-1.73594e-13
1.41629e-08
-4.63264e-13
-2.83641e-13
1.41629e-08
-4.53351e-13
-2.75482e-13
1.36861e-08
-6.89942e-13
1.74574e-13
1.25268e-08
-6.98727e-13
2.92922e-13
9.9315e-09
6.76e-13
4.57187e-09
2.35255e-13
5.02132e-13
5.67039e-09
1.50891e-13
3.15577e-13
1.14123e-08
1.31379e-13
1.26422e-13
1.37319e-08
2.10065e-13
-1.83338e-13
1.47022e-08
3.36491e-14
-9.2317e-14
1.5113e-08
-1.25779e-13
-6.46196e-14
1.5113e-08
-3.2893e-13
-3.24563e-13
1.47022e-08
-4.26331e-13
1.87073e-13
1.37319e-08
-4.0062e-13
1.66755e-13
1.14123e-08
1.92181e-13
5.67032e-09
2.0742e-13
-1.68787e-14
5.67032e-09
-3.63428e-15
1.17642e-13
1.14123e-08
1.2884e-13
2.03497e-13
1.37319e-08
1.34379e-13
-2.66193e-13
1.47022e-08
4.11347e-14
1.78531e-14
1.5113e-08
-2.05445e-13
-4.24781e-14
1.5113e-08
-1.69394e-13
-2.39976e-13
1.47022e-08
-4.44243e-13
8.1659e-14
1.37319e-08
-2.82241e-13
3.30963e-13
1.14123e-08
-1.84354e-13
5.67033e-09
6.63844e-13
-6.90854e-13
4.57182e-09
6.82079e-13
1.52734e-13
9.93147e-09
4.73962e-13
1.39962e-13
1.25268e-08
3.40286e-13
-1.46284e-13
1.36861e-08
-1.69766e-14
2.29751e-13
1.41629e-08
-3.64444e-13
2.67534e-13
1.41629e-08
-5.04126e-13
-7.5108e-14
1.36861e-08
-3.43761e-13
2.65081e-13
1.25267e-08
-6.58795e-13
3.9192e-13
9.9314e-09
-7.34024e-13
4.57181e-09
3.6619e-13
-8.23697e-13
2.82271e-09
1.6482e-13
6.08131e-13
7.10611e-09
8.36144e-14
8.07687e-14
9.96801e-09
3.34693e-13
-2.67352e-13
1.15229e-08
2.35199e-13
2.0315e-13
1.21891e-08
1.25079e-13
1.2713e-13
1.21891e-08
2.86335e-13
-2.17576e-13
1.15229e-08
3.51442e-13
4.81649e-13
9.96803e-09
-2.18755e-13
8.45364e-13
7.1061e-09
-9.36694e-13
2.82274e-09
-2.38445e-13
-9.20041e-13
1.16355e-09
2.30002e-14
6.14658e-13
3.62378e-09
2.65554e-13
6.83568e-14
6.03556e-09
1.29188e-13
-1.7627e-13
7.80553e-09
1.94939e-13
2.2614e-13
8.6985e-09
3.15815e-13
2.14327e-13
8.69849e-09
3.15089e-13
1.05134e-14
7.80557e-09
1.50429e-13
4.11802e-13
6.03554e-09
1.42705e-13
6.96584e-13
3.62383e-09
-9.09401e-13
1.16359e-09
-6.12209e-13
2.02866e-10
-4.79171e-13
8.61281e-10
-4.07818e-13
1.83639e-09
-9.78481e-13
2.77599e-09
-5.51234e-13
3.34295e-09
-3.30577e-13
3.34292e-09
-1.88272e-13
2.77603e-09
-6.22178e-14
1.83637e-09
7.07251e-13
8.61321e-10
2.0287e-10
-1.35065e-12
7.08115e-13
2.02867e-10
-3.65042e-13
-2.61103e-13
8.61359e-10
-1.06706e-13
-3.08266e-14
1.83644e-09
-4.75191e-13
-3.95941e-14
2.77603e-09
-2.26517e-13
-3.14129e-13
3.34292e-09
3.08968e-13
-2.2665e-13
3.34293e-09
3.99303e-13
8.21273e-14
2.77603e-09
4.05677e-13
-1.08744e-13
1.83639e-09
9.45763e-13
-4.50648e-13
8.61333e-10
7.60338e-13
2.02881e-10
-2.71793e-13
1.06102e-12
1.16358e-09
-2.78743e-13
-5.87464e-13
3.62382e-09
5.68317e-14
-3.26974e-13
6.03561e-09
1.33867e-13
-1.6793e-13
7.80566e-09
3.1199e-13
-3.94331e-13
8.6985e-09
4.32557e-13
-3.90763e-13
8.69848e-09
6.57507e-13
-7.30872e-15
7.80559e-09
7.77901e-13
-6.8525e-14
6.03562e-09
6.92863e-13
-2.10845e-13
3.62388e-09
1.01101e-12
1.16362e-09
-1.09315e-13
9.02159e-13
2.82276e-09
-2.74643e-13
-3.20859e-13
7.10609e-09
-2.24017e-14
-3.59009e-13
9.968e-09
1.32545e-13
-4.16487e-13
1.15229e-08
6.62564e-14
-4.46559e-13
1.21891e-08
-8.70635e-14
-4.49259e-13
1.21891e-08
1.45089e-13
-5.15182e-13
1.15228e-08
2.43417e-13
-1.73686e-13
9.968e-09
-1.78696e-13
1.7451e-14
7.10616e-09
1.31051e-12
2.82281e-09
7.19032e-13
6.64204e-13
4.57184e-09
6.59752e-13
-1.00182e-13
9.93133e-09
4.07553e-13
-1.05593e-13
1.25267e-08
2.56178e-14
-4.27118e-13
1.36861e-08
4.85654e-14
-1.47585e-13
1.41629e-08
-4.93443e-13
-3.00616e-13
1.41629e-08
-3.732e-13
-2.58333e-13
1.36861e-08
-6.60822e-13
-2.68996e-13
1.25267e-08
-6.10567e-13
-4.7625e-14
9.93145e-09
6.29115e-13
4.57184e-09
2.67591e-13
1.1179e-13
5.67032e-09
9.47522e-14
-6.37888e-14
1.14122e-08
1.83753e-14
1.37053e-13
1.37319e-08
6.73035e-14
-1.76224e-13
1.47022e-08
-3.90651e-14
-1.00618e-13
1.51131e-08
-3.75295e-14
-1.22229e-13
1.51131e-08
-1.7362e-13
-3.09929e-13
1.47022e-08
-2.12991e-13
6.91391e-15
1.37319e-08
-2.87155e-13
5.98185e-14
1.14123e-08
3.92517e-13
5.67035e-09
2.11526e-13
1.26595e-13
5.67032e-09
1.36873e-13
3.94005e-13
1.14123e-08
1.09065e-13
3.0019e-13
1.37319e-08
-6.01934e-14
-1.29846e-13
1.47022e-08
1.82298e-13
2.41614e-14
1.51131e-08
2.8397e-14
-2.47823e-14
1.51131e-08
-5.31163e-14
-1.97154e-13
1.47022e-08
-3.1259e-13
9.01058e-14
1.37319e-08
-6.8885e-15
4.07078e-13
1.14123e-08
-3.95995e-14
5.67032e-09
6.00844e-13
-7.19737e-13
4.57178e-09
4.52728e-13
4.46197e-13
9.93134e-09
5.01943e-13
2.99628e-13
1.25268e-08
2.23759e-13
1.42314e-14
1.3686e-08
6.32474e-14
4.8988e-15
1.41629e-08
-2.26003e-13
1.28769e-13
1.41629e-08
-3.00502e-13
-5.13335e-14
1.36862e-08
-2.54657e-13
3.90731e-13
1.25268e-08
-4.69666e-13
5.32154e-13
9.93137e-09
-4.73479e-13
4.57178e-09
4.21715e-13
-6.64887e-13
2.82272e-09
1.15947e-13
1.0007e-12
7.10606e-09
5.81001e-14
2.24753e-13
9.968e-09
8.02704e-14
-1.50949e-13
1.15229e-08
2.4944e-13
3.5661e-13
1.21892e-08
1.34802e-13
1.08539e-13
1.21892e-08
2.03491e-13
-2.39086e-13
1.15229e-08
2.86674e-13
3.86255e-13
9.96806e-09
-2.84175e-13
8.48471e-13
7.10612e-09
-6.6198e-13
2.82264e-09
3.55678e-14
-1.1286e-12
1.16357e-09
2.24264e-13
4.70087e-13
3.6238e-09
3.9418e-13
2.32152e-13
6.03565e-09
4.31118e-13
-6.15848e-14
7.8057e-09
1.49478e-13
3.42801e-13
8.69857e-09
3.42229e-13
2.6217e-13
8.69855e-09
6.62888e-14
1.59238e-14
7.80568e-09
-1.28592e-13
2.66736e-13
6.0356e-09
5.18154e-14
9.02414e-13
3.62379e-09
-6.7876e-13
1.16356e-09
-1.18806e-12
2.02869e-10
-3.78995e-13
8.61328e-10
-6.04782e-13
1.83645e-09
-4.46403e-13
2.77612e-09
-5.39288e-13
3.34298e-09
-2.28169e-13
3.34297e-09
-5.03571e-13
2.77606e-09
9.67491e-14
1.8364e-09
4.34466e-13
8.61313e-10
2.02869e-10
-5.01875e-13
8.33167e-13
2.02864e-10
-7.43534e-13
-1.08434e-13
8.61255e-10
-9.19146e-13
1.282e-13
1.83623e-09
-4.11789e-13
-8.87076e-15
2.77592e-09
1.20885e-13
-3.92633e-13
3.34281e-09
6.19532e-13
-4.10653e-13
3.34283e-09
3.98618e-13
-2.15598e-13
2.77593e-09
8.6342e-13
1.69903e-13
1.8363e-09
8.83843e-13
-5.97612e-14
8.61288e-10
9.07621e-13
2.02877e-10
-4.03681e-13
1.34185e-12
1.16361e-09
-1.02775e-12
3.67021e-13
3.62378e-09
-6.69162e-13
1.96393e-13
6.03545e-09
-4.96659e-13
-4.71942e-13
7.80544e-09
1.33913e-13
-8.24744e-13
8.69834e-09
4.30767e-13
-5.18158e-13
8.69834e-09
8.40053e-13
-3.29338e-13
7.80548e-09
7.30712e-13
4.06935e-14
6.03555e-09
6.57405e-13
3.30095e-13
3.62391e-09
1.27039e-12
1.16363e-09
-1.92805e-13
1.31984e-12
2.82292e-09
-4.50696e-13
3.91245e-13
7.10621e-09
-4.56603e-13
2.36089e-14
9.96804e-09
-4.28739e-13
-4.96839e-13
1.15228e-08
5.59162e-14
-4.2029e-13
1.2189e-08
-2.80293e-13
-5.15636e-13
1.21889e-08
9.31592e-14
-4.69223e-13
1.15228e-08
8.4363e-14
5.69824e-14
9.96809e-09
-2.12484e-13
1.04346e-13
7.10627e-09
7.98704e-13
2.82286e-09
3.45565e-13
4.99121e-13
4.57194e-09
5.45655e-13
3.77618e-13
9.93143e-09
4.79136e-13
2.36662e-13
1.25268e-08
1.38795e-13
-3.01886e-13
1.36861e-08
-1.69173e-13
-2.03386e-13
1.41629e-08
-6.09765e-13
-9.97786e-14
1.41629e-08
-6.79573e-13
-2.55668e-13
1.36861e-08
-8.99518e-13
1.57471e-13
1.25269e-08
-7.91514e-13
3.27142e-14
9.93139e-09
1.80329e-13
4.57178e-09
2.58647e-13
3.18396e-13
5.67038e-09
1.46207e-13
3.01624e-13
1.14123e-08
1.96806e-13
1.37202e-13
1.3732e-08
-6.27947e-14
-2.87486e-13
1.47022e-08
-4.96097e-14
-7.35553e-15
1.5113e-08
-2.51436e-13
-6.09453e-14
1.5113e-08
-2.31383e-13
-3.81663e-13
1.47022e-08
-4.67531e-13
1.34083e-15
1.3732e-08
-3.28848e-13
-1.50808e-13
1.14123e-08
-1.41798e-14
5.67041e-09
1.99635e-13
4.39351e-14
5.67035e-09
1.84106e-13
1.77318e-13
1.14122e-08
2.05496e-13
3.69502e-14
1.3732e-08
2.33947e-13
-3.18953e-13
1.47022e-08
-5.46637e-14
-6.10777e-14
1.51131e-08
-2.32092e-13
5.38985e-14
1.5113e-08
-1.44992e-13
-9.05667e-14
1.47022e-08
-3.2096e-13
2.14273e-13
1.3732e-08
-2.71697e-13
-1.30878e-13
1.14123e-08
-2.293e-13
5.67035e-09
6.85399e-13
-7.9773e-13
4.57182e-09
6.56742e-13
1.4918e-13
9.9313e-09
4.85291e-13
1.43988e-14
1.25269e-08
4.27238e-13
-3.90432e-14
1.36861e-08
1.6924e-13
2.79567e-13
1.41629e-08
-1.97777e-13
1.70404e-13
1.4163e-08
-2.87158e-13
-1.37091e-13
1.36862e-08
-4.21172e-13
3.08321e-14
1.2527e-08
-5.8712e-13
-9.17376e-14
9.93139e-09
-1.11623e-12
4.57186e-09
3.20633e-13
-1.05119e-12
2.82276e-09
-8.97941e-14
3.7652e-13
7.10613e-09
-1.3344e-13
-1.48528e-13
9.96808e-09
-9.43917e-14
-4.07841e-13
1.15228e-08
1.41524e-13
3.22541e-13
1.2189e-08
3.08407e-13
2.32799e-13
1.2189e-08
5.00916e-13
-1.33933e-13
1.15228e-08
5.53094e-13
2.15384e-13
9.96807e-09
-2.22935e-13
2.57126e-13
7.10626e-09
-1.0472e-12
2.82299e-09
-3.0361e-13
-1.14121e-12
1.16359e-09
-6.22554e-14
2.83295e-13
3.62386e-09
-1.99401e-13
-5.4179e-14
6.03549e-09
1.26771e-13
4.06777e-14
7.80557e-09
1.52177e-13
2.6065e-13
8.69842e-09
5.5143e-13
1.89095e-13
8.69843e-09
5.16908e-13
2.6944e-14
7.80554e-09
3.96796e-13
3.76592e-13
6.03551e-09
5.56242e-13
6.0014e-13
3.62386e-09
-1.04555e-12
1.16363e-09
-9.89688e-13
2.02878e-10
-5.62771e-13
8.6133e-10
-6.63847e-13
1.83629e-09
-9.76001e-13
2.77597e-09
-6.10384e-13
3.34285e-09
-1.27136e-14
3.3429e-09
-1.42113e-13
2.77595e-09
3.73557e-13
1.83627e-09
9.87508e-13
8.61322e-10
2.02883e-10
8.3533e-13
-9.30998e-13
2.02872e-10
1.31504e-12
-7.8566e-13
8.61347e-10
9.35237e-13
-2.02382e-13
1.83655e-09
3.69024e-13
3.48486e-13
2.77616e-09
3.04781e-13
1.14039e-13
3.34305e-09
-1.14186e-13
3.78196e-14
3.34302e-09
-6.86925e-13
5.07664e-13
2.77613e-09
-8.16882e-13
-1.15433e-13
1.83651e-09
-3.45611e-13
-5.425e-13
8.61321e-10
-4.81775e-14
2.02861e-10
2.39261e-13
-6.61867e-13
1.1635e-09
6.94255e-13
-6.42101e-13
3.62378e-09
8.12577e-13
-8.04735e-13
6.03582e-09
6.95533e-13
1.70151e-13
7.80583e-09
3.37017e-13
1.29668e-13
8.69864e-09
1.85601e-13
2.11906e-13
8.6986e-09
6.63976e-14
2.29016e-13
7.80579e-09
4.30296e-13
-7.41721e-13
6.03571e-09
7.57049e-13
-3.53106e-13
3.62367e-09
6.16446e-14
1.16347e-09
-3.80172e-13
-1.80621e-13
2.82248e-09
-4.06129e-13
-6.21351e-13
7.10595e-09
5.59629e-14
-1.29052e-12
9.96801e-09
2.07187e-13
-2.78766e-13
1.15231e-08
-1.8147e-13
1.36089e-13
1.21893e-08
-5.38887e-13
2.72321e-13
1.21893e-08
-3.43496e-13
-2.08621e-13
1.15231e-08
3.46083e-14
-1.19542e-12
9.96799e-09
-1.31065e-14
-3.7915e-13
7.10591e-09
9.19422e-13
2.82252e-09
3.84221e-13
-6.47817e-14
4.57164e-09
5.10744e-13
-4.62127e-13
9.93138e-09
2.17265e-13
-7.24626e-13
1.25267e-08
2.76342e-14
-9.02497e-14
1.36862e-08
3.60028e-14
2.65001e-13
1.41629e-08
-9.17391e-14
2.2475e-14
1.41628e-08
-1.59453e-13
-8.65047e-14
1.36861e-08
-1.9907e-13
-4.66986e-13
1.25266e-08
-3.637e-14
-1.43002e-13
9.93139e-09
8.12746e-13
4.57183e-09
3.30375e-15
-1.58076e-14
5.67024e-09
1.61661e-13
-3.98424e-13
1.14122e-08
-9.83795e-14
-1.82204e-13
1.37318e-08
-5.34009e-14
9.6502e-15
1.47022e-08
-2.25778e-13
2.14218e-14
1.51131e-08
2.83837e-14
-1.80527e-14
1.5113e-08
1.61929e-13
1.92355e-14
1.47022e-08
-4.74215e-13
-1.12591e-13
1.37317e-08
-4.63115e-13
-4.71206e-13
1.14122e-08
2.73954e-13
5.67025e-09
1.91057e-13
1.67398e-13
5.67026e-09
3.28577e-13
-5.80787e-13
1.14123e-08
1.09863e-13
5.39393e-13
1.37318e-08
-6.6218e-14
9.84061e-14
1.47022e-08
-1.13186e-13
-7.93012e-14
1.5113e-08
2.89643e-14
-7.07445e-14
1.5113e-08
-4.02633e-14
-8.64627e-14
1.47022e-08
-4.85283e-13
3.68915e-13
1.37317e-08
-3.21065e-13
-5.76591e-13
1.14123e-08
2.60203e-13
5.67029e-09
7.2818e-13
-5.78814e-13
4.57176e-09
6.23445e-13
-7.48093e-13
9.93148e-09
9.11134e-14
8.67319e-13
1.25266e-08
1.56369e-13
1.66889e-13
1.36861e-08
2.22748e-13
2.18676e-13
1.41629e-08
1.05485e-13
4.33762e-14
1.41629e-08
2.27947e-13
-9.21936e-14
1.36861e-08
1.79563e-13
1.12866e-12
1.25266e-08
2.20625e-13
-1.58857e-13
9.93141e-09
2.65306e-13
4.57176e-09
3.18961e-13
-3.79662e-13
2.82267e-09
-3.62347e-13
-2.2674e-13
7.10606e-09
1.35713e-13
1.28553e-12
9.96797e-09
3.91872e-13
8.57284e-14
1.1523e-08
-6.90441e-14
1.01525e-13
1.21892e-08
-3.2895e-13
6.63921e-14
1.21893e-08
-3.99088e-13
-5.20364e-13
1.15231e-08
-3.49421e-13
8.08322e-13
9.96796e-09
-2.96233e-13
1.58083e-13
7.10593e-09
4.32295e-13
2.8225e-09
-3.36364e-13
-2.88538e-13
1.16354e-09
-4.14102e-13
-4.61091e-14
3.62375e-09
4.16927e-14
5.46217e-13
6.03568e-09
-2.14588e-13
-3.08316e-13
7.80569e-09
-6.94354e-14
1.60731e-13
8.69854e-09
-2.85911e-13
8.67438e-15
8.69856e-09
7.51851e-15
-2.68857e-13
7.80572e-09
-2.76788e-13
1.97804e-13
6.03569e-09
-2.15715e-13
3.55033e-13
3.62377e-09
3.78183e-13
1.16355e-09
-1.19416e-13
2.02872e-10
-9.80032e-14
8.61315e-10
3.23414e-13
1.83651e-09
4.00411e-14
2.77605e-09
-5.59045e-14
3.34302e-09
-2.1274e-13
3.34296e-09
-4.97623e-13
2.77608e-09
-5.00996e-14
1.83654e-09
-1.60308e-13
8.61318e-10
2.02866e-10
-1.36784e-12
1.07306e-12
2.02862e-10
-8.05774e-13
-1.7131e-14
8.61297e-10
-8.89534e-13
2.75524e-13
1.83642e-09
-7.77872e-13
-9.96737e-14
2.77604e-09
-9.85439e-14
-2.9615e-13
3.34295e-09
2.52691e-13
-4.08546e-13
3.34293e-09
2.61968e-13
-1.11271e-13
2.77604e-09
6.69574e-13
7.60286e-14
1.8364e-09
1.07626e-12
-2.44479e-13
8.61309e-10
6.28598e-13
2.02861e-10
-5.57732e-13
1.85389e-12
1.1636e-09
-1.00381e-12
2.79913e-13
3.62378e-09
-7.7565e-13
-2.39311e-13
6.03547e-09
7.96261e-14
-4.2356e-13
7.80562e-09
1.81289e-13
-6.97128e-13
8.69849e-09
5.31149e-13
-5.67207e-13
8.69853e-09
9.42242e-13
-2.91467e-13
7.80565e-09
8.0715e-13
1.06825e-13
6.03554e-09
7.48887e-13
1.58543e-13
3.62382e-09
1.25437e-12
1.16359e-09
-1.56839e-13
1.46728e-12
2.82277e-09
-2.843e-13
3.1119e-13
7.10611e-09
-1.99857e-13
-2.75258e-13
9.96797e-09
-1.02671e-13
-4.06418e-13
1.15229e-08
1.13387e-13
-3.24689e-13
1.21891e-08
1.37974e-13
-6.30187e-13
1.21891e-08
5.20414e-13
-4.0432e-13
1.15229e-08
4.96241e-13
5.32161e-14
9.96796e-09
2.85482e-13
2.50951e-14
7.10612e-09
9.3521e-13
2.82275e-09
5.6096e-13
7.50771e-13
4.57181e-09
8.68925e-13
1.95002e-13
9.93145e-09
8.06426e-13
3.70442e-14
1.25266e-08
2.3967e-13
-3.31521e-13
1.3686e-08
-9.46755e-14
-1.94183e-13
1.41628e-08
-2.08079e-13
-2.87149e-13
1.41629e-08
-6.95375e-13
-2.2389e-13
1.3686e-08
-8.17829e-13
1.77336e-13
1.25267e-08
-5.14597e-13
3.26767e-14
9.93148e-09
5.7732e-13
4.57182e-09
1.49706e-13
1.39087e-13
5.67024e-09
2.40757e-13
-9.4545e-14
1.14123e-08
2.22847e-13
-2.51648e-14
1.37318e-08
-1.79214e-15
-1.65331e-13
1.47021e-08
-1.37728e-13
-2.5695e-14
1.5113e-08
-1.48842e-13
-2.25768e-14
1.51131e-08
-3.21194e-13
-2.49051e-13
1.47022e-08
-4.70612e-13
1.7017e-13
1.37318e-08
-3.31456e-13
2.1901e-14
1.14123e-08
1.72935e-13
5.67033e-09
2.44205e-13
-7.83857e-14
5.67028e-09
2.94445e-13
-3.05996e-13
1.14123e-08
2.51179e-13
2.22888e-14
1.37318e-08
1.35707e-13
1.16202e-14
1.47021e-08
-4.20602e-14
-1.29227e-13
1.5113e-08
-1.55424e-13
-1.10558e-14
1.51131e-08
-1.21466e-13
-1.91832e-14
1.47022e-08
-4.63348e-13
3.89979e-14
1.37318e-08
-3.44048e-13
2.50011e-14
1.14122e-08
-1.47679e-13
5.67028e-09
6.90093e-13
-7.41566e-13
4.57183e-09
6.01681e-13
8.12926e-15
9.93146e-09
5.15828e-13
8.73903e-14
1.25268e-08
3.78664e-13
1.37892e-13
1.36861e-08
2.15923e-13
2.49463e-13
1.41629e-08
-8.27388e-14
2.37293e-13
1.41628e-08
-2.27155e-13
1.98712e-13
1.36861e-08
-1.79847e-13
1.67434e-13
1.25267e-08
-4.04248e-13
-3.85873e-14
9.93143e-09
-7.4488e-13
4.57176e-09
1.10904e-13
-1.12053e-12
2.82271e-09
-2.28028e-13
5.29842e-13
7.10611e-09
-2.77462e-13
2.99627e-14
9.96804e-09
5.42611e-14
-4.42244e-14
1.15228e-08
8.28518e-14
2.12684e-13
1.21891e-08
3.03137e-13
2.45092e-13
1.21891e-08
4.13545e-13
-3.18768e-14
1.15229e-08
4.06234e-13
1.25013e-13
9.96806e-09
-2.09301e-13
4.36712e-13
7.10608e-09
-8.96314e-13
2.82268e-09
-3.40135e-13
-1.12399e-12
1.16358e-09
-1.53769e-13
4.59459e-13
3.62384e-09
-2.25061e-13
-1.22713e-13
6.03556e-09
-1.39798e-13
-1.34594e-13
7.80558e-09
1.39445e-13
2.73694e-13
8.69847e-09
3.51628e-13
7.51362e-14
8.6985e-09
1.29706e-13
-1.12165e-13
7.80562e-09
3.16178e-13
3.57506e-13
6.03557e-09
-5.98274e-15
2.32695e-13
3.62377e-09
-9.14322e-13
1.16355e-09
-5.42605e-13
2.02876e-10
-6.92869e-13
8.613e-10
-8.10644e-13
1.83637e-09
-7.18896e-13
2.77603e-09
-5.25276e-13
3.34292e-09
-2.33449e-13
3.34294e-09
-1.35792e-13
2.77603e-09
1.9098e-13
1.83636e-09
8.38401e-13
8.61285e-10
2.02867e-10
-7.47112e-13
8.56774e-13
2.02872e-10
-4.40607e-13
-3.17785e-13
8.6132e-10
-3.92954e-13
4.18401e-14
1.83636e-09
-3.67987e-13
5.57595e-15
2.77604e-09
-3.1016e-14
-4.4932e-13
3.34294e-09
4.16001e-13
-2.53802e-13
3.34295e-09
3.64517e-13
-1.12017e-13
2.77601e-09
4.40524e-13
-2.08423e-13
1.83638e-09
8.29138e-13
-2.54092e-13
8.61309e-10
1.07336e-12
2.02876e-10
-1.77049e-13
1.05587e-12
1.16356e-09
-4.57228e-14
-3.62009e-13
3.6239e-09
1.00878e-13
-8.46448e-14
6.0357e-09
-1.5129e-14
-8.90943e-14
7.8057e-09
3.94843e-13
-4.398e-13
8.69852e-09
4.14734e-13
-6.04864e-13
8.6985e-09
4.75299e-13
-3.49934e-13
7.80565e-09
5.35968e-13
-1.98527e-13
6.03562e-09
2.85982e-13
-5.70935e-14
3.62379e-09
1.22102e-12
1.16356e-09
-4.65792e-14
8.75597e-13
2.82271e-09
-1.11551e-13
-3.41369e-13
7.1062e-09
7.23739e-14
-3.84231e-13
9.96811e-09
-5.67477e-14
-5.6223e-13
1.15229e-08
-2.44733e-14
-4.40764e-13
1.21892e-08
-2.32552e-13
-5.36652e-13
1.21892e-08
-4.30831e-14
-5.15461e-13
1.15229e-08
-1.29543e-13
-2.14323e-13
9.96803e-09
-2.24483e-13
2.28709e-13
7.10609e-09
1.19118e-12
2.82265e-09
5.38611e-13
4.37331e-13
4.57179e-09
4.10726e-13
-2.02614e-13
9.93133e-09
4.63662e-13
-1.55104e-13
1.25268e-08
2.32986e-13
-2.58091e-13
1.36862e-08
2.06894e-14
-9.41732e-14
1.41629e-08
-5.30333e-13
-2.65355e-13
1.41628e-08
-5.58894e-13
-2.41959e-13
1.36861e-08
-6.00341e-13
-1.83788e-13
1.25267e-08
-5.61564e-13
1.59853e-15
9.9314e-09
5.05685e-13
4.57179e-09
2.45531e-13
2.38815e-13
5.67033e-09
3.25318e-13
-1.00272e-13
1.14123e-08
1.22556e-13
-5.79466e-14
1.37319e-08
6.86984e-14
-3.90381e-14
1.47023e-08
-6.35025e-14
4.41244e-14
1.51131e-08
-3.21241e-13
-1.40309e-13
1.51131e-08
-3.86703e-13
-2.17629e-13
1.47022e-08
-2.99686e-13
1.01211e-13
1.37319e-08
-3.18976e-13
1.47763e-13
1.14123e-08
1.40207e-13
5.67037e-09
3.56198e-13
-3.73601e-14
5.6703e-09
2.50285e-13
-9.22781e-14
1.14123e-08
1.25904e-13
5.73178e-14
1.37319e-08
1.11791e-13
-3.6749e-14
1.47023e-08
7.698e-14
3.56372e-13
1.5113e-08
-2.90004e-13
9.16011e-16
1.5113e-08
-2.2648e-13
-1.83385e-13
1.47022e-08
-4.71617e-13
2.0101e-13
1.37319e-08
-3.28487e-13
3.27784e-13
1.14124e-08
-3.37857e-13
5.67035e-09
7.00279e-13
-8.7044e-13
4.57178e-09
4.20797e-13
-3.85884e-14
9.93137e-09
2.53929e-13
2.16908e-13
1.25267e-08
5.22223e-13
5.19328e-14
1.36861e-08
1.45867e-13
2.48477e-13
1.41629e-08
-1.63018e-13
2.36227e-13
1.41629e-08
-3.30989e-13
6.36458e-14
1.36861e-08
-3.52246e-13
4.36077e-13
1.25267e-08
-5.41032e-13
4.39234e-13
9.93142e-09
-8.78405e-13
4.57184e-09
1.90311e-13
-1.09344e-12
2.82272e-09
-6.03952e-14
6.60853e-13
7.10611e-09
-2.28828e-13
1.08205e-14
9.96799e-09
3.00555e-13
-2.37239e-13
1.15229e-08
3.10973e-13
3.34744e-13
1.21891e-08
4.00353e-13
3.45826e-13
1.21891e-08
5.28794e-13
-5.53092e-14
1.15228e-08
4.60809e-13
4.25476e-13
9.96793e-09
-2.60856e-13
8.17289e-13
7.10614e-09
-8.91411e-13
2.82279e-09
-2.1273e-14
-7.33105e-13
1.16356e-09
-4.22905e-14
4.77566e-13
3.62378e-09
3.41388e-13
4.71373e-14
6.03558e-09
2.59716e-13
-2.70912e-13
7.80559e-09
1.89797e-13
1.65062e-13
8.69845e-09
5.27399e-13
1.51915e-13
8.69844e-09
1.7612e-13
-6.38167e-15
7.80554e-09
4.1074e-13
6.37196e-13
6.03557e-09
2.42813e-13
7.68422e-13
3.62383e-09
-8.52492e-13
1.16358e-09
-1.16738e-12
2.02866e-10
-4.76534e-13
8.61314e-10
-3.66793e-13
1.83641e-09
-7.6102e-13
2.77602e-09
-4.32929e-13
3.34291e-09
-2.94006e-13
3.3429e-09
-3.888e-13
2.77601e-09
1.35378e-13
1.8364e-09
1.01203e-12
8.61329e-10
2.02864e-10
-7.69395e-13
4.16233e-13
2.02883e-10
-6.83496e-13
-3.71966e-13
8.61312e-10
-2.56372e-13
2.45204e-13
1.83643e-09
-2.96285e-13
-3.82082e-14
2.77605e-09
2.9536e-14
-3.23244e-13
3.34295e-09
1.91576e-13
-4.99003e-13
3.3429e-09
4.71155e-13
-1.16106e-13
2.77607e-09
7.29599e-13
-1.3998e-13
1.83642e-09
7.06059e-13
-4.84617e-13
8.61322e-10
9.15622e-13
2.02884e-10
-1.24324e-13
1.10814e-12
1.16358e-09
-4.58193e-13
-3.79036e-13
3.62376e-09
-9.59419e-14
-2.73063e-13
6.03559e-09
1.5678e-14
-3.99382e-13
7.80564e-09
1.36961e-14
-5.204e-13
8.69856e-09
4.28654e-13
-4.21549e-13
8.69857e-09
4.79285e-13
-3.42803e-13
7.80561e-09
6.20872e-13
-1.20294e-13
6.03555e-09
4.75138e-13
-1.0138e-13
3.62381e-09
1.42423e-12
1.16359e-09
6.78484e-14
1.16961e-12
2.82269e-09
-2.17333e-13
-4.08221e-14
7.10607e-09
-3.12969e-14
-3.49785e-13
9.96802e-09
2.17595e-13
-3.47197e-13
1.15229e-08
2.36094e-13
-4.96199e-13
1.21891e-08
2.62743e-13
-5.453e-13
1.21891e-08
3.26614e-13
-5.55406e-13
1.15229e-08
1.02737e-13
-3.46369e-13
9.96794e-09
5.98389e-14
1.38342e-13
7.10609e-09
1.22767e-12
2.82277e-09
7.43213e-13
5.29205e-13
4.57173e-09
6.46349e-13
-5.05923e-14
9.93139e-09
5.51804e-13
-1.96461e-13
1.25268e-08
1.45338e-13
-1.4756e-13
1.36861e-08
-1.57371e-14
-8.73758e-14
1.41629e-08
-3.79575e-13
-1.21368e-13
1.41628e-08
-5.52619e-13
-3.47604e-13
1.36861e-08
-7.08238e-13
-6.48487e-14
1.25267e-08
-5.88019e-13
-7.82747e-14
9.93139e-09
5.94074e-13
4.57182e-09
3.16515e-13
3.12556e-13
5.67031e-09
3.9154e-13
2.36242e-13
1.14123e-08
1.68318e-13
-6.87417e-14
1.37319e-08
7.42265e-14
2.87363e-14
1.47022e-08
-1.63154e-13
-1.20719e-13
1.5113e-08
-1.70741e-13
-9.05599e-14
1.5113e-08
-1.21637e-13
-3.59685e-13
1.47022e-08
-4.63985e-13
-2.99587e-14
1.37319e-08
-4.19787e-13
7.53971e-14
1.14123e-08
2.16461e-13
5.67032e-09
3.26437e-13
-1.72647e-14
5.6703e-09
2.8454e-13
1.56261e-13
1.14123e-08
2.55985e-13
-1.93255e-13
1.37319e-08
-2.01576e-14
-1.38728e-13
1.47021e-08
1.46551e-14
9.20727e-14
1.5113e-08
-9.58438e-14
-1.05978e-14
1.5113e-08
-6.00383e-14
-1.24084e-13
1.47023e-08
-1.6772e-13
4.40479e-13
1.37319e-08
-2.47549e-13
1.64648e-13
1.14123e-08
-9.79895e-14
5.6703e-09
7.19402e-13
-7.25028e-13
4.57178e-09
5.10279e-13
3.1342e-13
9.93139e-09
5.01379e-13
1.02564e-13
1.25267e-08
5.16917e-13
1.31006e-13
1.36861e-08
2.75072e-13
2.95124e-13
1.41629e-08
-4.29893e-13
1.07612e-13
1.41629e-08
-1.8423e-13
1.9587e-13
1.36861e-08
-3.09682e-13
2.15295e-13
1.25267e-08
-5.09423e-13
2.5412e-13
9.93136e-09
-7.71647e-13
4.57177e-09
3.26821e-13
-1.01689e-12
2.82278e-09
-3.28561e-13
5.41647e-13
7.10607e-09
5.86609e-14
2.07281e-14
9.96795e-09
4.43456e-13
-1.37673e-13
1.15229e-08
3.46431e-13
2.73356e-13
1.21892e-08
2.10084e-13
2.57419e-13
1.21891e-08
1.28968e-13
-2.20849e-13
1.15228e-08
1.69707e-13
2.17906e-13
9.96798e-09
-3.11854e-13
8.42111e-13
7.10607e-09
-9.90912e-13
2.82274e-09
-2.86402e-14
-7.3145e-13
1.16357e-09
1.34064e-14
4.3284e-13
3.62378e-09
9.8487e-14
-4.65322e-14
6.03559e-09
9.83863e-14
-1.37582e-13
7.80565e-09
2.68997e-13
2.29668e-13
8.69851e-09
1.25126e-13
1.37444e-13
8.69849e-09
5.9059e-15
-4.4973e-14
7.80566e-09
-4.25148e-14
3.1162e-13
6.03559e-09
1.82074e-13
7.9293e-13
3.6238e-09
-8.21574e-13
1.16358e-09
-1.01896e-12
2.02866e-10
-2.07973e-13
8.61303e-10
-5.07604e-13
1.8364e-09
-8.22161e-13
2.77601e-09
-5.38512e-13
3.34294e-09
-4.42206e-13
3.34294e-09
-6.42852e-13
2.77606e-09
-1.53535e-13
1.83646e-09
5.50176e-13
8.61322e-10
2.02878e-10
-1.17417e-12
8.15517e-13
2.02875e-10
-6.49667e-13
-1.16696e-13
8.61316e-10
-6.93239e-13
-9.74618e-14
1.83638e-09
-2.74436e-13
-1.19523e-13
2.77604e-09
-4.31068e-14
-4.47105e-13
3.34293e-09
4.99751e-13
-8.84778e-14
3.34292e-09
2.11112e-13
-1.17162e-14
2.77601e-09
4.0009e-13
-7.17895e-14
1.83638e-09
8.64936e-13
-3.62849e-13
8.61296e-10
5.78998e-13
2.0286e-10
-1.36496e-13
1.27117e-12
1.16359e-09
-6.07659e-13
-1.09252e-13
3.62381e-09
-3.29965e-13
-1.17323e-13
6.03558e-09
-1.5011e-13
-4.04614e-13
7.80566e-09
2.87161e-13
-5.69554e-13
8.69852e-09
3.6476e-13
-6.16397e-13
8.69848e-09
5.15611e-13
-1.59007e-13
7.80566e-09
6.76362e-13
-6.50368e-14
6.03559e-09
5.03463e-13
-1.31601e-13
3.62379e-09
1.25677e-12
1.16356e-09
-9.4654e-14
1.14385e-12
2.82274e-09
-2.69048e-13
-7.68253e-14
7.10618e-09
-1.88699e-13
-3.0066e-13
9.96807e-09
-4.15456e-14
-6.72225e-13
1.15229e-08
-2.79071e-14
-4.24052e-13
1.21891e-08
1.89252e-14
-6.2002e-13
1.21891e-08
1.08879e-13
-4.23222e-13
1.15229e-08
1.85034e-13
-1.60575e-13
9.96805e-09
1.16101e-13
6.4713e-14
7.10612e-09
1.15203e-12
2.82269e-09
4.46403e-13
6.85531e-13
4.57187e-09
8.01454e-13
1.40955e-13
9.93152e-09
4.62225e-13
-1.22295e-13
1.25267e-08
2.81268e-13
-3.25116e-13
1.36861e-08
-2.48758e-13
-2.17298e-13
1.41629e-08
-2.97755e-13
-1.6369e-13
1.4163e-08
-4.75921e-13
-2.3268e-13
1.36861e-08
-7.73905e-13
-2.04201e-13
1.25267e-08
-5.68421e-13
-3.45412e-14
9.93134e-09
6.86052e-13
4.57181e-09
3.24513e-13
3.02782e-13
5.67032e-09
2.55871e-13
-1.93218e-14
1.14123e-08
3.29344e-13
-4.49536e-14
1.3732e-08
8.93657e-15
-2.3271e-13
1.47022e-08
2.94756e-13
1.33373e-13
1.51131e-08
3.56925e-14
-7.9028e-14
1.51131e-08
-5.12478e-14
-1.09756e-13
1.47022e-08
-3.37649e-13
-1.27305e-13
1.37318e-08
-2.73467e-13
4.86888e-14
1.14123e-08
4.62423e-14
5.6703e-09
1.87032e-13
-1.88846e-15
5.67034e-09
1.2606e-13
-2.50874e-14
1.14122e-08
2.2295e-13
-2.17478e-13
1.37319e-08
2.32802e-13
-1.80913e-13
1.47022e-08
2.22938e-13
-1.60336e-13
1.5113e-08
-8.0347e-15
-1.30524e-13
1.5113e-08
-1.07411e-13
-7.42916e-14
1.47022e-08
-3.0655e-13
1.29751e-13
1.37318e-08
-4.91156e-13
-6.54171e-14
1.14123e-08
4.00071e-14
5.67034e-09
6.84732e-13
-6.42299e-13
4.57184e-09
5.47888e-13
3.73272e-13
9.93146e-09
4.81698e-13
3.20233e-14
1.25267e-08
2.89409e-13
-1.26547e-13
1.3686e-08
2.57688e-13
2.76488e-13
1.41628e-08
1.23193e-15
2.37493e-13
1.41629e-08
-2.16605e-13
-1.35696e-13
1.36861e-08
-3.45702e-13
2.03738e-13
1.25268e-08
-3.32755e-13
3.04999e-13
9.93142e-09
-5.69474e-13
4.57181e-09
3.87169e-13
-1.03544e-12
2.8227e-09
2.28711e-14
5.98236e-13
7.10604e-09
6.53132e-14
6.78793e-16
9.96796e-09
3.37007e-13
-2.58175e-13
1.15229e-08
1.16407e-13
2.04475e-13
1.21891e-08
5.59247e-15
2.37503e-13
1.21891e-08
2.49622e-13
-1.21652e-13
1.1523e-08
3.91893e-14
2.15081e-13
9.96804e-09
-1.63297e-13
7.80528e-13
7.1061e-09
-9.17763e-13
2.82267e-09
-1.58331e-13
-1.17533e-12
1.16361e-09
-1.53272e-13
3.63697e-13
3.62381e-09
-8.70635e-14
2.52172e-14
6.03554e-09
2.59811e-14
-2.47785e-13
7.80556e-09
4.33858e-15
2.15733e-13
8.69848e-09
1.1895e-13
2.52154e-13
8.69851e-09
1.28211e-14
-6.48361e-14
7.80566e-09
-3.44972e-14
3.88921e-13
6.03558e-09
1.18421e-13
6.3097e-13
3.62376e-09
-9.03457e-13
1.16355e-09
-7.41736e-13
2.02873e-10
-5.40311e-13
8.61324e-10
-9.33721e-13
1.83639e-09
-7.38846e-13
2.77605e-09
-4.55169e-13
3.34295e-09
-3.02021e-13
3.34296e-09
-3.06689e-13
2.77602e-09
2.37934e-13
1.83636e-09
1.04685e-12
8.6128e-10
2.0287e-10
-1.26237e-12
9.00642e-13
2.02857e-10
-7.44359e-13
-5.18021e-13
8.613e-10
-5.1814e-13
-9.14927e-14
1.83642e-09
-4.05328e-13
-1.2041e-13
2.77603e-09
-1.03609e-13
-4.93843e-13
3.34294e-09
2.98122e-13
-3.59454e-13
3.34296e-09
4.08822e-13
1.92327e-13
2.77606e-09
1.58527e-13
1.83995e-14
1.83641e-09
6.98658e-13
-3.88837e-14
8.61327e-10
7.2844e-13
2.02871e-10
-5.28397e-13
1.36158e-12
1.16359e-09
-4.8144e-13
-3.35878e-13
3.6238e-09
-4.58267e-13
-3.41509e-13
6.03563e-09
-2.63633e-13
-3.12274e-13
7.80565e-09
6.61187e-14
-5.89498e-13
8.69846e-09
5.22059e-13
-6.81625e-13
8.69853e-09
3.50563e-13
-3.93873e-13
7.80565e-09
5.20047e-13
-9.13567e-15
6.03564e-09
1.75081e-13
-6.44647e-14
3.62383e-09
1.04909e-12
1.16357e-09
-5.66166e-14
1.45951e-12
2.82274e-09
-5.22228e-14
3.07514e-14
7.10609e-09
-4.7204e-14
-4.63157e-13
9.96794e-09
1.7191e-13
-5.84195e-13
1.15229e-08
-1.05707e-13
-5.54635e-13
1.21892e-08
-6.68486e-14
-5.33481e-13
1.21892e-08
6.88613e-14
-4.81023e-13
1.15229e-08
2.93401e-14
-1.86583e-13
9.96805e-09
1.19722e-13
-7.8637e-14
7.10604e-09
8.39182e-13
2.82263e-09
8.43254e-13
6.69398e-13
4.57181e-09
5.87943e-13
1.63477e-14
9.93134e-09
5.66946e-13
-8.13808e-14
1.25267e-08
4.20245e-13
-3.72541e-13
1.36861e-08
-6.7347e-15
-4.22483e-13
1.41629e-08
-4.8746e-13
-3.77406e-13
1.41629e-08
-5.49656e-13
-1.44297e-13
1.36861e-08
-8.04009e-13
-7.81303e-14
1.25267e-08
-4.9923e-13
7.92505e-16
9.93131e-09
4.31037e-13
4.57171e-09
5.12395e-13
3.35624e-13
5.67031e-09
3.13693e-13
2.65811e-15
1.14122e-08
1.051e-13
-6.52412e-14
1.37318e-08
-7.23335e-14
-3.92955e-13
1.47022e-08
1.18176e-13
-2.04518e-13
1.51131e-08
-5.09569e-14
-2.62478e-13
1.5113e-08
-1.8453e-13
-2.22273e-13
1.47022e-08
-2.29222e-13
7.22219e-14
1.37319e-08
-4.08117e-13
1.04315e-13
1.14122e-08
6.92013e-14
5.67027e-09
2.82537e-13
1.38827e-13
5.67029e-09
3.1006e-13
2.78045e-13
1.14122e-08
9.00253e-14
8.53411e-14
1.37319e-08
4.41716e-14
-2.49489e-13
1.47022e-08
3.7108e-14
-1.08683e-13
1.5113e-08
-4.98162e-14
-1.69276e-15
1.5113e-08
-2.56044e-13
-3.0004e-13
1.47022e-08
-4.05541e-13
2.30091e-13
1.37319e-08
-4.51122e-13
3.79279e-13
1.14122e-08
-1.31489e-13
5.6703e-09
7.29375e-13
-5.91174e-13
4.57173e-09
4.77931e-13
1.10771e-13
9.93134e-09
4.65874e-13
-3.65634e-14
1.25267e-08
4.27426e-13
-2.47452e-14
1.36861e-08
1.72811e-13
1.51744e-13
1.41629e-08
-2.43042e-13
2.09223e-13
1.41629e-08
-2.22363e-13
-6.75477e-14
1.36861e-08
-4.78856e-13
1.05946e-14
1.25267e-08
-6.07337e-13
5.31747e-13
9.93139e-09
-6.80846e-13
4.57183e-09
2.81819e-13
-7.64196e-13
2.82268e-09
3.31412e-14
6.96729e-13
7.10606e-09
6.57511e-14
-2.10679e-13
9.96802e-09
8.59187e-14
-4.83502e-13
1.15228e-08
3.3569e-13
3.33522e-13
1.21891e-08
2.95282e-13
2.04017e-13
1.21891e-08
2.17265e-13
-3.25392e-13
1.15229e-08
3.56093e-13
3.11787e-13
9.96804e-09
-2.85912e-13
9.20065e-13
7.10616e-09
-8.03516e-13
2.82275e-09
-5.70371e-14
-8.04217e-13
1.16353e-09
6.50249e-14
4.6174e-13
3.62378e-09
2.66208e-13
-9.34315e-14
6.03553e-09
2.05098e-13
-3.29302e-13
7.80561e-09
1.85559e-13
2.75232e-13
8.69846e-09
3.09325e-13
2.14061e-13
8.69852e-09
1.36486e-13
-1.08528e-13
7.80559e-09
2.31223e-13
4.89711e-13
6.03559e-09
3.9979e-13
8.55448e-13
3.62387e-09
-8.73176e-13
1.16359e-09
-5.77285e-13
2.0287e-10
-2.64896e-13
8.61305e-10
-4.82336e-13
1.83637e-09
-5.04106e-13
2.77602e-09
-5.0773e-13
3.34292e-09
-3.90181e-13
3.34291e-09
-2.92474e-13
2.77603e-09
1.38991e-13
1.83642e-09
9.60879e-13
8.61339e-10
2.02863e-10
-7.53946e-13
9.74307e-13
2.02875e-10
-2.99903e-13
-3.20358e-13
8.61312e-10
-6.8031e-13
1.69252e-13
1.83638e-09
-3.92494e-13
-1.08842e-13
2.77604e-09
-2.46059e-14
-4.95096e-13
3.34289e-09
4.42083e-13
-3.2993e-13
3.34291e-09
4.70029e-13
-8.9138e-14
2.77598e-09
4.16424e-13
-1.66305e-14
1.83642e-09
8.34492e-13
-1.07997e-13
8.61321e-10
9.39909e-13
2.0287e-10
-4.64316e-13
1.18822e-12
1.16357e-09
-5.62699e-13
-4.34691e-14
3.62381e-09
-4.49078e-13
-7.92996e-14
6.03555e-09
-1.31941e-13
-5.23016e-13
7.80558e-09
2.31285e-13
-5.41877e-13
8.69854e-09
4.63769e-13
-6.09155e-13
8.69845e-09
8.88484e-13
-5.15345e-13
7.80552e-09
9.5799e-13
-4.45398e-15
6.03562e-09
7.2105e-13
1.63173e-13
3.62386e-09
1.08077e-12
1.16359e-09
-5.44279e-14
9.04528e-13
2.82274e-09
-3.77065e-13
-2.31245e-14
7.10608e-09
-2.61495e-13
-3.52707e-14
9.96799e-09
8.13941e-14
-4.52096e-13
1.15229e-08
6.41847e-15
-5.59436e-13
1.21891e-08
-3.07279e-14
-5.1156e-13
1.21891e-08
5.95583e-13
-5.91202e-13
1.15229e-08
3.48013e-13
-4.47401e-13
9.96802e-09
4.9636e-14
3.67765e-13
7.10615e-09
1.40976e-12
2.82273e-09
6.11314e-13
4.03111e-13
4.57178e-09
8.57034e-13
8.51783e-14
9.93137e-09
5.77057e-13
-4.87573e-15
1.25267e-08
2.41545e-13
-3.90522e-13
1.36861e-08
-5.57941e-15
-3.06307e-13
1.41628e-08
-3.60621e-13
-4.19957e-13
1.41629e-08
-5.82262e-13
-2.5491e-13
1.36861e-08
-5.28031e-13
7.10082e-14
1.25267e-08
-5.55737e-13
2.76646e-13
9.93147e-09
9.24893e-13
4.57182e-09
2.38721e-13
1.53732e-13
5.67032e-09
2.01613e-13
1.05273e-13
1.14122e-08
2.75229e-13
1.34027e-13
1.37319e-08
4.4748e-14
-2.84335e-13
1.47021e-08
-1.3235e-13
-4.11806e-13
1.5113e-08
-9.47089e-14
-3.66989e-13
1.51131e-08
-2.81447e-13
-4.25168e-13
1.47022e-08
-3.99745e-13
8.32023e-14
1.37319e-08
-3.43093e-13
7.34779e-14
1.14123e-08
1.15374e-13
5.6703e-09
2.19311e-13
8.33912e-14
5.67034e-09
7.77617e-14
1.63887e-13
1.14122e-08
1.55953e-13
2.32072e-13
1.37319e-08
-9.53392e-14
-1.15039e-13
1.47022e-08
-8.45078e-14
-2.9182e-14
1.51131e-08
-2.63383e-13
-9.98343e-14
1.5113e-08
-2.87128e-13
-2.33448e-13
1.47022e-08
-5.37446e-13
8.97754e-14
1.37319e-08
-4.37238e-13
9.90511e-14
1.14123e-08
-2.05471e-13
5.67032e-09
5.64985e-13
-7.61425e-13
4.57178e-09
4.03785e-13
3.24855e-13
9.93143e-09
4.11171e-13
3.73232e-13
1.25268e-08
3.42276e-13
1.09982e-13
1.36861e-08
9.52782e-14
1.85865e-13
1.41629e-08
-3.3311e-13
2.00753e-13
1.41629e-08
-3.35977e-13
-7.39908e-14
1.36861e-08
-3.95231e-13
1.7632e-13
1.25268e-08
-5.64833e-13
1.71379e-13
9.9314e-09
-8.64969e-13
4.5718e-09
2.33821e-13
-9.55345e-13
2.82275e-09
-3.34235e-14
8.14634e-13
7.10617e-09
-3.85843e-14
1.21178e-13
9.96802e-09
7.42084e-14
-3.52878e-13
1.15229e-08
2.00754e-13
3.04244e-13
1.21891e-08
-9.53243e-14
2.43665e-13
1.21891e-08
3.67145e-13
-2.36679e-13
1.15229e-08
9.70153e-14
5.37434e-15
9.96802e-09
-2.36709e-13
8.32675e-13
7.10606e-09
-8.52327e-13
2.8227e-09
-9.98095e-14
-8.88879e-13
1.16359e-09
-9.53473e-15
3.69217e-13
3.62378e-09
3.22646e-13
-6.59413e-14
6.03556e-09
3.14951e-13
-2.55159e-13
7.80561e-09
2.18658e-13
1.73987e-13
8.69848e-09
1.25474e-13
4.75088e-14
8.69846e-09
1.78559e-13
-1.82223e-13
7.80566e-09
-9.44934e-15
2.85014e-13
6.03557e-09
2.25913e-13
6.75881e-13
3.62373e-09
-7.31504e-13
1.16354e-09
-8.56214e-13
2.02882e-10
-3.15675e-13
8.61306e-10
-1.93312e-13
1.83639e-09
-4.78983e-13
2.776e-09
-5.13212e-13
3.34289e-09
-4.54166e-13
3.34287e-09
-2.21675e-13
2.776e-09
-4.20275e-14
1.8363e-09
5.02549e-13
8.6127e-10
2.02863e-10
-5.27477e-13
8.44626e-13
2.02857e-10
-5.63204e-13
-2.16386e-13
8.61303e-10
-5.52338e-13
1.88121e-13
1.8364e-09
-6.3557e-13
2.06394e-14
2.77606e-09
-2.59976e-13
-2.23922e-13
3.34294e-09
1.01222e-13
-2.72143e-13
3.34293e-09
3.12511e-13
6.01827e-14
2.77604e-09
1.88081e-13
-7.18492e-14
1.83636e-09
8.25301e-13
-6.14516e-13
8.61305e-10
8.60038e-13
2.0286e-10
-3.33512e-13
1.11826e-12
1.16356e-09
-6.74377e-13
-6.35864e-14
3.62379e-09
-3.69669e-13
-1.86762e-13
6.0356e-09
-1.77273e-13
-2.65587e-13
7.80566e-09
-1.49355e-13
-7.395e-13
8.69844e-09
1.50878e-13
-5.69126e-13
8.69843e-09
6.01952e-13
-2.77538e-13
7.80559e-09
5.54746e-13
-2.76471e-13
6.03558e-09
7.23049e-13
-1.07824e-13
3.62377e-09
1.23948e-12
1.16355e-09
1.63147e-13
1.14598e-12
2.82272e-09
-3.5214e-13
-3.52668e-14
7.10603e-09
-1.02287e-14
-2.4746e-13
9.96796e-09
5.49773e-14
-5.53634e-13
1.15229e-08
1.02941e-13
-4.44261e-13
1.21891e-08
-8.06206e-14
-6.033e-13
1.21891e-08
3.4498e-13
-5.31052e-13
1.15229e-08
3.66538e-13
-4.11691e-13
9.96805e-09
9.47903e-14
1.62508e-13
7.10609e-09
1.27092e-12
2.82269e-09
5.41487e-13
5.23431e-13
4.57182e-09
7.32674e-13
6.24059e-14
9.93139e-09
3.91287e-13
-9.92919e-15
1.25268e-08
3.39046e-13
-3.54187e-13
1.36861e-08
-1.15978e-14
-1.12162e-13
1.41628e-08
-2.26307e-13
-2.36713e-13
1.41629e-08
-6.32795e-13
-3.75138e-13
1.36861e-08
-5.22671e-13
-2.57077e-13
1.25268e-08
-8.74625e-13
-1.07312e-13
9.93145e-09
6.77579e-13
4.57179e-09
4.00687e-13
1.61583e-13
5.67032e-09
3.09133e-13
-3.2818e-14
1.14123e-08
7.286e-15
-2.533e-14
1.37318e-08
2.64505e-13
-3.20845e-13
1.47022e-08
8.61313e-14
-1.51709e-13
1.5113e-08
-7.88338e-14
-3.13299e-13
1.5113e-08
-2.10752e-13
-2.66383e-13
1.47022e-08
-2.62619e-13
4.61604e-14
1.37319e-08
-5.14919e-13
1.40083e-13
1.14123e-08
3.4208e-13
5.67032e-09
3.06995e-13
-7.01536e-14
5.67036e-09
1.99548e-13
-5.72913e-14
1.14123e-08
2.1197e-13
1.46661e-13
1.37319e-08
2.11428e-13
-1.7591e-13
1.47022e-08
-5.36098e-14
-1.46392e-13
1.5113e-08
-8.15194e-14
-2.73466e-13
1.5113e-08
-1.89239e-13
-2.80996e-13
1.47022e-08
-2.74101e-13
2.78676e-13
1.37319e-08
-4.25951e-13
1.61513e-13
1.14123e-08
-9.20648e-14
5.67033e-09
6.45996e-13
-8.19675e-13
4.57182e-09
3.41551e-13
2.10032e-13
9.93135e-09
4.78954e-13
1.98088e-13
1.25267e-08
2.25714e-13
-1.73242e-13
1.36861e-08
1.21602e-13
1.65195e-13
1.41629e-08
-1.93072e-13
7.68057e-14
1.4163e-08
-1.6303e-13
-5.55789e-14
1.36861e-08
-4.24571e-13
2.5471e-13
1.25268e-08
-4.79479e-13
6.42685e-13
9.93135e-09
-4.78048e-13
4.57178e-09
2.53908e-13
-1.06982e-12
2.82274e-09
-1.77333e-13
6.15367e-13
7.10611e-09
-8.46437e-14
-2.31467e-14
9.96805e-09
8.61946e-15
-5.37656e-13
1.15229e-08
1.78188e-13
3.91891e-13
1.21892e-08
1.13407e-13
1.24944e-13
1.21891e-08
2.51073e-13
-2.07112e-13
1.15229e-08
4.59465e-13
5.15942e-13
9.96808e-09
2.88757e-14
1.23922e-12
7.10613e-09
-6.14661e-13
2.82276e-09
-3.29103e-13
-8.13943e-13
1.16359e-09
-9.83801e-14
3.9182e-13
3.62381e-09
-7.80739e-14
-1.1495e-13
6.03558e-09
7.21501e-14
-2.21333e-13
7.80559e-09
-8.35863e-14
2.2712e-13
8.69847e-09
1.00848e-13
1.19919e-13
8.69848e-09
-1.87057e-13
-1.38989e-13
7.8056e-09
-1.2134e-13
3.06194e-13
6.03562e-09
-6.39743e-14
8.08876e-13
3.62381e-09
-7.14767e-13
1.1636e-09
-1.3488e-12
2.02864e-10
-2.83129e-13
8.6133e-10
-8.11893e-13
1.83638e-09
-7.57761e-13
2.77603e-09
-6.40439e-13
3.34292e-09
-3.24477e-13
3.34295e-09
-7.5105e-13
2.77604e-09
-2.294e-13
1.83643e-09
5.972e-13
8.61336e-10
2.02882e-10
-6.75467e-13
8.57987e-13
2.02872e-10
-8.1102e-13
-1.14707e-13
8.6131e-10
-7.48098e-13
2.91941e-13
1.83638e-09
-9.21631e-13
-9.12046e-14
2.776e-09
-2.21059e-13
-4.26335e-13
3.34293e-09
5.44973e-14
-4.43336e-13
3.34293e-09
3.54518e-14
-5.49042e-14
2.77604e-09
2.67069e-13
-1.96759e-13
1.83637e-09
4.94524e-13
-4.55298e-13
8.61286e-10
7.69591e-13
2.02871e-10
-3.24861e-13
1.26978e-12
1.16357e-09
-5.39008e-13
-2.98925e-13
3.62378e-09
7.44288e-14
4.53566e-14
6.03557e-09
1.84511e-13
-2.37418e-13
7.80563e-09
4.88017e-13
-5.90319e-13
8.69852e-09
5.87249e-13
-6.44806e-13
8.6985e-09
5.47409e-13
-1.69375e-13
7.80566e-09
6.04385e-13
-2.03798e-13
6.03563e-09
2.67714e-13
5.44238e-14
3.6238e-09
1.50284e-12
1.16356e-09
-1.37956e-13
1.05306e-12
2.82266e-09
-1.63534e-13
-9.55376e-14
7.10606e-09
4.81405e-14
-1.54206e-13
9.96807e-09
7.71581e-14
-3.75432e-13
1.15229e-08
-2.29179e-14
-5.6916e-13
1.21891e-08
8.74326e-14
-3.63778e-13
1.21891e-08
2.02542e-13
-5.7573e-13
1.15228e-08
4.79507e-13
-4.52155e-13
9.96804e-09
2.08153e-13
1.06757e-13
7.10613e-09
1.4057e-12
2.82276e-09
5.66571e-13
5.07996e-13
4.5718e-09
7.80659e-13
2.11831e-13
9.93143e-09
4.05587e-13
-1.19334e-13
1.25268e-08
2.0328e-13
-3.67811e-13
1.36861e-08
-6.52808e-14
-3.54696e-13
1.41629e-08
-4.58094e-13
-3.83322e-13
1.41629e-08
-5.156e-13
-2.25518e-13
1.36861e-08
-6.05e-13
-3.03376e-13
1.25267e-08
-6.45395e-13
-2.24618e-13
9.93143e-09
8.39665e-13
4.57185e-09
3.29006e-13
2.45753e-13
5.67034e-09
7.96077e-14
-1.68232e-14
1.14123e-08
2.67427e-14
2.22078e-14
1.3732e-08
-2.21361e-14
-2.11366e-13
1.47022e-08
-2.34965e-13
-1.59353e-13
1.51131e-08
4.23937e-14
-2.38338e-14
1.51131e-08
-5.31416e-14
-2.11214e-13
1.47022e-08
-4.71583e-13
-1.75813e-13
1.37319e-08
-3.8216e-13
3.9747e-14
1.14123e-08
2.66076e-13
5.67035e-09
2.78854e-13
-7.2979e-14
5.67034e-09
1.68355e-13
5.79669e-14
1.14124e-08
1.11145e-13
2.14297e-13
1.3732e-08
8.55218e-14
-2.2953e-14
1.47022e-08
-1.02302e-13
-2.22166e-13
1.5113e-08
-5.38985e-14
2.19634e-14
1.51131e-08
-3.36097e-14
-5.20018e-14
1.47023e-08
-2.65473e-13
2.15246e-13
1.37319e-08
-4.13858e-13
-1.29949e-14
1.14123e-08
-2.18914e-13
5.67034e-09
5.81432e-13
-5.53506e-13
4.57185e-09
5.34969e-13
4.2241e-13
9.93143e-09
4.15234e-13
1.61325e-13
1.25267e-08
4.96543e-14
-2.2345e-13
1.36861e-08
-5.02123e-15
5.8097e-14
1.41629e-08
-3.00331e-13
1.67072e-13
1.41629e-08
-3.92854e-13
-1.98867e-13
1.36861e-08
-5.73528e-13
5.32715e-14
1.25267e-08
-4.28006e-13
3.43706e-13
9.93141e-09
-6.52865e-13
4.57183e-09
2.60141e-13
-7.18199e-13
2.82272e-09
-1.68275e-13
4.89523e-13
7.1061e-09
4.99952e-14
9.58355e-14
9.96794e-09
2.07999e-13
-3.47895e-13
1.15229e-08
1.34975e-13
8.51388e-14
1.21891e-08
5.52377e-14
1.10236e-13
1.21891e-08
3.09416e-13
-3.17226e-13
1.15229e-08
3.4137e-13
2.62746e-13
9.968e-09
-9.87884e-14
6.66973e-13
7.10603e-09
-9.36833e-13
2.82268e-09
-1.60992e-13
-9.62552e-13
1.16354e-09
2.36865e-13
3.34482e-13
3.62379e-09
1.83747e-13
7.66348e-14
6.03553e-09
1.97732e-13
-2.29782e-13
7.80555e-09
4.2019e-13
1.36696e-13
8.69843e-09
4.23106e-13
5.0705e-14
8.69841e-09
5.82e-13
-1.41892e-13
7.80555e-09
2.26148e-13
2.46856e-13
6.03556e-09
2.64216e-13
5.3481e-13
3.62378e-09
-8.7333e-13
1.16355e-09
-7.67866e-13
2.02854e-10
-3.13893e-13
8.61293e-10
-2.7024e-13
1.83638e-09
-6.72182e-13
2.776e-09
-3.01204e-13
3.34288e-09
-1.7714e-13
3.34287e-09
-7.51668e-14
2.77596e-09
1.86857e-13
1.83636e-09
5.34325e-13
8.6129e-10
2.02868e-10
-4.47049e-13
8.44538e-13
2.02879e-10
-9.28987e-13
-3.0896e-13
8.61372e-10
-7.83993e-13
1.44559e-13
1.8364e-09
-5.87343e-13
-1.63846e-13
2.77592e-09
-1.814e-13
-3.84694e-13
3.34276e-09
2.58792e-13
-4.03657e-13
3.34281e-09
-1.47042e-13
-1.73593e-14
2.77597e-09
5.66761e-13
7.10288e-14
1.83638e-09
7.49139e-13
-6.69606e-13
8.61342e-10
8.85422e-13
2.02871e-10
-2.96484e-13
1.48205e-12
1.16356e-09
-7.09382e-13
-2.80375e-14
3.6239e-09
-6.45299e-13
-9.70584e-14
6.03561e-09
-2.0662e-13
-2.67821e-13
7.8056e-09
5.02651e-15
-6.1424e-13
8.69836e-09
4.69892e-13
-6.33667e-13
8.69838e-09
8.82589e-13
-1.64985e-13
7.80559e-09
7.83188e-13
-9.8399e-14
6.03558e-09
4.94082e-13
-3.17984e-13
3.62397e-09
1.29835e-12
1.16358e-09
-1.02672e-13
1.30082e-12
2.82277e-09
-2.12702e-13
1.2149e-13
7.10622e-09
-1.34174e-13
-2.70763e-13
9.96815e-09
-9.13479e-14
-5.40941e-13
1.15229e-08
-1.58922e-13
-4.16944e-13
1.2189e-08
-1.03731e-13
-4.67644e-13
1.2189e-08
3.75219e-14
-4.37457e-13
1.15229e-08
1.95951e-13
-2.33636e-13
9.96811e-09
-2.14844e-14
-1.51891e-13
7.10603e-09
1.22894e-12
2.82271e-09
7.34185e-13
6.75176e-13
4.57177e-09
7.28931e-13
-9.79973e-14
9.93133e-09
4.63062e-13
-1.46976e-13
1.25269e-08
1.59738e-13
-3.267e-13
1.36862e-08
-1.51509e-13
-1.462e-13
1.41629e-08
-4.14577e-13
-1.35759e-13
1.41629e-08
-7.15455e-13
-3.78462e-13
1.36861e-08
-6.27123e-13
-1.319e-13
1.25269e-08
-6.716e-13
-3.71574e-14
9.93123e-09
5.2929e-13
4.57179e-09
1.62409e-13
3.38594e-13
5.67032e-09
2.22487e-13
2.9599e-13
1.14122e-08
1.31558e-13
6.17677e-14
1.3732e-08
6.5298e-14
-4.20173e-13
1.47022e-08
1.55743e-13
-2.47612e-13
1.51131e-08
-5.52442e-14
-3.20195e-13
1.5113e-08
-4.86997e-14
-2.78555e-13
1.47022e-08
-3.70198e-13
-1.53064e-13
1.37319e-08
-3.2466e-13
1.53769e-13
1.14122e-08
8.00935e-14
5.67035e-09
2.04052e-13
1.06856e-13
5.67036e-09
1.39444e-13
1.29376e-13
1.14123e-08
3.14225e-14
-1.49853e-13
1.3732e-08
1.20302e-13
-3.23548e-13
1.47023e-08
6.66969e-15
-7.52042e-14
1.51131e-08
4.92337e-14
1.16323e-13
1.5113e-08
-2.12143e-13
-1.43869e-13
1.47022e-08
-3.30006e-13
4.09153e-14
1.3732e-08
-3.48873e-13
3.7397e-13
1.14122e-08
-7.23709e-14
5.67042e-09
7.13023e-13
-5.68267e-13
4.57166e-09
4.9721e-13
3.777e-13
9.93134e-09
6.78411e-13
-4.32167e-14
1.25269e-08
4.16537e-13
-2.51736e-13
1.36863e-08
3.63943e-13
7.24362e-14
1.41629e-08
-2.31479e-13
-7.09725e-14
1.41629e-08
-3.67306e-13
-1.0867e-13
1.36863e-08
-3.2561e-13
2.45008e-13
1.25269e-08
-3.94451e-13
4.42041e-13
9.93145e-09
-8.16591e-13
4.5718e-09
3.54454e-13
-6.8664e-13
2.82272e-09
-2.43042e-14
9.03818e-13
7.10613e-09
2.93948e-13
1.18524e-13
9.96804e-09
2.7115e-13
-5.79736e-13
1.1523e-08
3.22023e-13
2.51663e-13
1.2189e-08
5.04529e-13
1.03997e-13
1.2189e-08
4.20915e-13
-3.71039e-13
1.15229e-08
1.54136e-13
6.82095e-14
9.96802e-09
-1.54621e-13
6.72167e-13
7.10626e-09
-9.82567e-13
2.82279e-09
-1.28886e-13
-1.02891e-12
1.16358e-09
1.82681e-13
4.39792e-13
3.62384e-09
-6.18355e-14
-1.38886e-13
6.0355e-09
2.97104e-13
-2.5534e-13
7.80553e-09
-8.01104e-14
1.33217e-13
8.69841e-09
2.34767e-13
2.54967e-13
8.69835e-09
3.50906e-13
2.20993e-14
7.80549e-09
5.34004e-13
3.37447e-13
6.0355e-09
2.61834e-13
5.52401e-13
3.62393e-09
-6.53309e-13
1.16361e-09
-7.01407e-13
2.02885e-10
-5.45032e-13
8.61314e-10
-6.96547e-13
1.83637e-09
-5.23303e-13
2.77584e-09
-4.1214e-13
3.34278e-09
-1.51227e-13
3.34278e-09
-1.44419e-13
2.7759e-09
3.55854e-13
1.8364e-09
7.85177e-13
8.61308e-10
2.0287e-10
-7.28314e-13
9.09885e-13
2.02876e-10
-4.87466e-13
-7.10882e-13
8.61255e-10
7.59254e-13
-1.29932e-12
1.83641e-09
9.50886e-13
-1.38191e-13
2.77616e-09
2.81058e-13
1.89853e-13
3.34311e-09
-3.10882e-13
7.8062e-14
3.34305e-09
-2.98896e-14
-1.40886e-13
2.77611e-09
6.549e-13
-1.09691e-12
1.83642e-09
1.31101e-12
-2.24601e-13
8.61293e-10
1.10539e-12
2.0287e-10
2.33473e-13
7.1826e-13
1.16362e-09
-2.59157e-13
3.48486e-13
3.62368e-09
-1.75207e-13
-1.74825e-12
6.03562e-09
2.12205e-13
-3.84925e-13
7.80571e-09
8.63061e-14
2.40706e-13
8.69857e-09
8.26851e-14
2.10508e-13
8.69859e-09
-9.2734e-14
-4.32389e-13
7.80567e-09
1.41289e-13
-1.17424e-12
6.03561e-09
-1.3188e-13
5.41229e-13
3.62361e-09
9.838e-13
1.16357e-09
8.19503e-13
8.47251e-14
2.82266e-09
-1.26135e-13
8.83519e-13
7.10603e-09
-4.91876e-13
-9.5301e-13
9.96797e-09
-4.01955e-13
-3.90507e-13
1.15229e-08
-2.15503e-13
-5.69776e-15
1.21891e-08
-3.50502e-14
-5.7566e-14
1.21891e-08
-6.61809e-15
-3.97186e-13
1.15229e-08
-2.31212e-13
-5.80644e-13
9.96792e-09
-7.81013e-13
8.9924e-13
7.10607e-09
6.62881e-14
2.82271e-09
-2.75339e-13
8.12487e-14
4.57189e-09
-3.94734e-13
7.01799e-13
9.93154e-09
-3.63338e-13
-3.15049e-13
1.25265e-08
-3.72474e-13
-1.22053e-13
1.3686e-08
-2.50511e-13
-3.57197e-14
1.41628e-08
1.87084e-14
-4.94131e-15
1.41629e-08
-7.85665e-14
-2.22973e-13
1.3686e-08
-2.19011e-13
-1.62303e-13
1.25266e-08
2.63519e-14
7.1186e-13
9.93151e-09
3.54692e-13
4.5718e-09
1.94345e-13
2.92752e-13
5.67034e-09
3.60693e-13
7.23038e-13
1.14124e-08
-1.1806e-13
-6.30814e-14
1.37318e-08
-1.93818e-13
-2.86664e-15
1.47022e-08
-1.53081e-13
-2.49231e-14
1.51131e-08
-1.7077e-13
-1.23008e-13
1.5113e-08
-1.64768e-13
-5.85698e-14
1.47022e-08
-4.2989e-13
-6.15792e-14
1.37318e-08
-2.70401e-13
3.14035e-13
1.14124e-08
3.39879e-13
5.67022e-09
1.46926e-13
-1.54364e-13
5.67029e-09
3.022e-13
2.64008e-13
1.14122e-08
-1.25535e-13
1.77322e-13
1.37317e-08
-1.56537e-15
3.26968e-13
1.47022e-08
-8.5768e-15
-2.45809e-13
1.5113e-08
2.15937e-13
-7.43515e-14
1.5113e-08
3.24341e-14
3.63543e-13
1.47022e-08
-3.28324e-13
2.28219e-13
1.37318e-08
-1.30296e-13
2.60657e-13
1.14122e-08
-4.85071e-14
5.6702e-09
-2.62683e-13
5.86012e-14
4.57193e-09
-3.23951e-13
6.64025e-13
9.93145e-09
-1.17536e-13
6.19512e-13
1.25266e-08
-1.37291e-13
2.81248e-13
1.3686e-08
2.17169e-13
-3.51915e-13
1.41629e-08
4.50098e-13
-3.00522e-13
1.41629e-08
3.4398e-13
1.99601e-13
1.3686e-08
4.85351e-13
1.94461e-13
1.25267e-08
7.43584e-14
4.46784e-13
9.93137e-09
2.20394e-13
4.57182e-09
6.54022e-13
-6.07412e-13
2.82273e-09
5.56798e-14
1.47745e-12
7.10604e-09
-2.89585e-13
8.22334e-13
9.96803e-09
-3.58552e-13
2.60393e-13
1.15229e-08
-1.24221e-13
-3.43001e-13
1.21892e-08
-3.08102e-13
-4.17645e-13
1.21892e-08
-4.33051e-13
-5.08651e-14
1.15229e-08
-1.27412e-13
3.79096e-13
9.96802e-09
-7.03853e-13
1.19604e-12
7.10606e-09
-3.61655e-13
2.82269e-09
9.88901e-14
-6.77581e-13
1.16358e-09
4.42368e-13
1.20937e-12
3.62376e-09
3.84205e-13
6.07785e-13
6.03577e-09
3.68296e-13
2.8874e-13
7.80576e-09
-4.05098e-14
-2.83662e-13
8.69864e-09
-5.21245e-13
-1.59796e-13
8.69874e-09
-8.6919e-13
3.00398e-13
7.80579e-09
-1.17676e-12
1.25426e-13
6.03567e-09
-2.91852e-13
9.63037e-13
3.62372e-09
-7.38927e-13
1.16355e-09
-9.22818e-13
2.02874e-10
1.94823e-13
8.61332e-10
1.10039e-12
1.83646e-09
8.69772e-13
2.77624e-09
1.46783e-13
3.34309e-09
-3.61338e-13
3.34308e-09
-3.42943e-13
2.77622e-09
7.22008e-14
1.83645e-09
5.56332e-13
8.61362e-10
2.0288e-10
-7.80148e-13
1.04261e-12
2.02873e-10
-5.46773e-13
-3.03466e-13
8.61321e-10
-8.83478e-13
1.26017e-14
1.83641e-09
-6.63186e-13
5.5132e-14
2.77602e-09
-1.92763e-13
-5.01282e-13
3.34293e-09
5.53865e-13
-2.8202e-13
3.34295e-09
4.51617e-13
-9.06448e-14
2.77606e-09
3.98247e-13
-3.25625e-13
1.83644e-09
7.26525e-13
-3.69592e-13
8.61316e-10
8.53666e-13
2.02888e-10
-2.02385e-13
1.12365e-12
1.16358e-09
-6.82433e-13
-4.09203e-13
3.62385e-09
-2.35836e-13
-1.16261e-13
6.03565e-09
-2.95254e-14
-2.32414e-13
7.80561e-09
2.20612e-13
-5.86212e-13
8.6985e-09
3.93296e-13
-5.43461e-13
8.69854e-09
6.69901e-13
-1.82211e-13
7.80566e-09
8.50115e-13
-2.26376e-13
6.03562e-09
2.63571e-13
-2.58635e-13
3.62379e-09
1.27382e-12
1.16357e-09
1.36983e-13
1.19072e-12
2.82273e-09
-1.51905e-13
-1.31023e-14
7.10609e-09
-2.70218e-13
-3.52873e-13
9.96798e-09
-5.75701e-14
-4.01764e-13
1.15229e-08
-2.46549e-14
-3.31708e-13
1.21891e-08
-6.61581e-14
-2.12163e-13
1.21892e-08
5.84909e-14
-6.46379e-13
1.15229e-08
1.44456e-13
-2.65184e-13
9.96802e-09
-1.42709e-13
-4.85182e-14
7.10611e-09
1.18619e-12
2.82277e-09
7.39217e-13
7.33046e-13
4.57177e-09
7.95921e-13
3.51025e-14
9.93132e-09
4.06216e-13
-3.14796e-13
1.25267e-08
2.8423e-13
-1.63088e-13
1.36861e-08
-1.12519e-13
-1.95705e-13
1.41629e-08
-4.39088e-13
-1.63648e-13
1.41628e-08
-5.16567e-13
-3.50406e-13
1.36861e-08
-7.73834e-13
-5.15257e-14
1.25267e-08
-6.58995e-13
-2.33143e-13
9.93145e-09
3.79217e-13
4.57183e-09
2.48999e-13
2.5405e-13
5.67029e-09
3.26894e-13
3.47262e-14
1.14122e-08
3.06215e-13
-1.8318e-13
1.37318e-08
-3.25004e-15
-3.24022e-13
1.47022e-08
2.12944e-14
-1.37042e-13
1.5113e-08
-1.38628e-13
-1.95671e-13
1.5113e-08
-9.88e-14
-2.85706e-13
1.47022e-08
-2.77789e-13
-6.28233e-14
1.37319e-08
-4.05374e-13
-1.19555e-13
1.14123e-08
2.31381e-13
5.67035e-09
2.17381e-13
2.84104e-13
5.67036e-09
1.42896e-13
-1.62609e-14
1.14123e-08
5.8919e-14
-1.19692e-14
1.37319e-08
-9.96816e-15
-2.22825e-14
1.47022e-08
-2.97518e-14
-7.86065e-14
1.5113e-08
-6.53897e-14
-1.36312e-13
1.51131e-08
-1.92344e-13
-3.31341e-13
1.47022e-08
-1.92289e-13
2.60662e-13
1.37319e-08
-1.87782e-13
2.3679e-14
1.14123e-08
-7.37164e-14
5.67031e-09
7.43351e-13
-4.95359e-13
4.57182e-09
6.81233e-13
3.78382e-13
9.93148e-09
3.90306e-13
-2.57749e-14
1.25268e-08
3.8588e-13
-5.8953e-14
1.36861e-08
1.57113e-13
1.12569e-13
1.41629e-08
-2.73143e-13
-1.37713e-13
1.41629e-08
-2.86555e-13
-4.86853e-14
1.36861e-08
-4.84696e-13
4.16371e-13
1.25267e-08
-4.98883e-13
2.50443e-13
9.9314e-09
-9.19441e-13
4.57178e-09
6.22614e-13
-1.22784e-12
2.82272e-09
2.00487e-13
2.40726e-13
7.10608e-09
4.83938e-14
-1.72705e-13
9.96804e-09
4.41536e-13
-2.3862e-13
1.15229e-08
1.28625e-13
2.39055e-13
1.21892e-08
3.56285e-13
3.47331e-13
1.21892e-08
3.85946e-13
-3.45491e-13
1.15229e-08
1.91023e-13
2.29834e-13
9.96802e-09
-3.66141e-13
4.61954e-13
7.10605e-09
-1.12457e-12
2.82272e-09
-2.42763e-13
-1.10428e-12
1.16358e-09
-1.00461e-13
3.51552e-13
3.62381e-09
5.79552e-15
-4.0897e-14
6.03558e-09
2.35117e-13
-1.6182e-13
7.80559e-09
3.78071e-13
4.80285e-14
8.69851e-09
2.62664e-13
-2.29e-14
8.69848e-09
6.30592e-13
-3.43311e-14
7.80565e-09
5.08171e-13
5.14679e-13
6.03564e-09
2.57207e-13
6.27023e-13
3.62386e-09
-1.01626e-12
1.16359e-09
-1.15076e-12
2.02867e-10
-7.97572e-13
8.61304e-10
-1.00805e-12
1.83638e-09
-8.32464e-13
2.77605e-09
-4.14232e-13
3.34299e-09
-3.07333e-14
3.34298e-09
-1.61804e-13
2.77601e-09
1.72507e-13
1.83642e-09
6.23852e-13
8.61327e-10
2.0288e-10
-7.96618e-13
9.83005e-13
2.02862e-10
-3.18086e-13
-4.70813e-13
8.61293e-10
-5.39548e-13
1.71397e-15
1.83641e-09
-4.38098e-13
-1.51895e-13
2.77609e-09
-7.84004e-14
-4.47937e-13
3.343e-09
1.5114e-13
-3.58388e-13
3.34296e-09
1.30933e-13
-1.35537e-14
2.77607e-09
2.29191e-13
8.26797e-15
1.83641e-09
9.34002e-13
-4.64225e-13
8.61322e-10
6.36343e-13
2.02864e-10
-5.14038e-13
1.20347e-12
1.16354e-09
-2.30916e-13
-2.08071e-13
3.62375e-09
-5.44113e-14
-2.81242e-13
6.03553e-09
3.34632e-13
-3.01465e-13
7.80569e-09
4.67284e-13
-5.19496e-13
8.69856e-09
6.58362e-13
-5.02971e-13
8.69854e-09
6.83617e-13
-1.45365e-13
7.80561e-09
7.73827e-13
-1.4913e-13
6.0356e-09
4.75424e-13
-1.7903e-13
3.62384e-09
1.49651e-12
1.16362e-09
-3.50705e-13
1.26445e-12
2.82271e-09
-3.93554e-13
-2.18802e-15
7.10606e-09
-1.98574e-13
-4.50564e-13
9.96796e-09
6.78117e-15
-6.72004e-13
1.15229e-08
-5.17732e-14
-5.67443e-13
1.21892e-08
-8.42536e-14
-5.95797e-13
1.21891e-08
8.77945e-14
-3.62587e-13
1.15228e-08
4.13726e-14
-3.23595e-14
9.96799e-09
5.40278e-14
2.02409e-13
7.10613e-09
1.19282e-12
2.82273e-09
4.32034e-13
8.07026e-13
4.57179e-09
5.95629e-13
1.4816e-13
9.93141e-09
4.33507e-13
-1.95697e-13
1.25267e-08
5.11547e-14
-3.44009e-13
1.36861e-08
-1.62467e-13
-2.33282e-13
1.4163e-08
-3.05295e-13
-2.9563e-13
1.41629e-08
-6.86596e-13
-2.67768e-13
1.36861e-08
-9.18859e-13
-3.77997e-14
1.25267e-08
-7.92053e-13
5.02907e-15
9.93136e-09
3.89884e-13
4.57178e-09
1.17606e-13
7.22545e-13
5.67035e-09
2.78577e-13
1.72328e-13
1.14123e-08
8.61253e-14
-1.9324e-13
1.37319e-08
-1.43139e-13
-2.94842e-13
1.47021e-08
-7.21689e-14
-7.74771e-14
1.5113e-08
-1.11933e-13
-1.08946e-13
1.51131e-08
-9.53717e-14
-1.39189e-13
1.47022e-08
-1.75768e-13
1.06665e-14
1.37318e-08
-3.93724e-13
-1.01805e-13
1.14122e-08
-6.81101e-15
5.67033e-09
1.61019e-13
2.23436e-13
5.67032e-09
2.32004e-13
5.48133e-14
1.14123e-08
1.00438e-13
-1.78629e-14
1.37318e-08
-9.1003e-14
-1.48605e-13
1.47022e-08
-3.64625e-14
-1.14619e-14
1.5113e-08
-1.1627e-13
-1.18097e-13
1.51131e-08
-2.31494e-13
-7.08951e-14
1.47022e-08
-3.14476e-13
1.43012e-14
1.37319e-08
-2.39497e-13
-1.22374e-13
1.14123e-08
-2.46692e-13
5.6703e-09
7.31527e-13
-5.74866e-13
4.57175e-09
4.33858e-13
1.74519e-13
9.93139e-09
2.27085e-13
1.98938e-14
1.25268e-08
1.91578e-13
-8.53741e-14
1.36861e-08
2.8476e-16
2.33026e-13
1.41629e-08
-6.77612e-14
2.50242e-13
1.4163e-08
-4.65598e-13
-1.33595e-13
1.36861e-08
-3.87913e-13
1.48591e-13
1.25268e-08
-5.34147e-13
1.05185e-13
9.93141e-09
-9.64255e-13
4.57177e-09
5.2341e-13
-7.53907e-13
2.82267e-09
1.85804e-13
7.55145e-13
7.10609e-09
1.27472e-13
1.60509e-13
9.96804e-09
3.51409e-13
-4.73339e-13
1.15229e-08
3.13608e-13
1.53574e-13
1.21892e-08
2.66697e-13
1.32041e-13
1.21891e-08
3.54444e-13
-2.71099e-13
1.1523e-08
1.48475e-13
1.74386e-13
9.96806e-09
-2.84743e-13
7.33533e-13
7.10609e-09
-9.2354e-13
2.82268e-09
-5.20296e-14
-9.59715e-13
1.16355e-09
4.30934e-13
7.63175e-13
3.62382e-09
3.09803e-13
2.43117e-13
6.03561e-09
3.38074e-13
-1.12173e-13
7.80566e-09
1.93044e-13
1.95022e-13
8.6985e-09
2.3352e-13
2.06689e-13
8.69852e-09
1.93183e-13
-1.58343e-13
7.80564e-09
3.04259e-13
3.79594e-13
6.03557e-09
1.89451e-13
7.6006e-13
3.62376e-09
-7.51078e-13
1.16355e-09
-8.74831e-13
2.02873e-10
-2.81666e-13
8.61318e-10
-3.06285e-13
1.83635e-09
-4.8604e-13
2.77601e-09
-3.75442e-13
3.34292e-09
-2.614e-13
3.34292e-09
-6.36178e-14
2.77604e-09
2.22048e-13
1.83638e-09
9.72434e-13
8.61279e-10
2.02861e-10
-8.07372e-13
9.00887e-13
2.02883e-10
-7.20125e-13
-2.87556e-13
8.6133e-10
-9.36457e-13
2.51663e-13
1.83638e-09
-7.23744e-13
-1.04344e-13
2.77606e-09
-3.87141e-13
-6.4564e-13
3.34294e-09
2.24048e-13
-3.25777e-13
3.34293e-09
4.13975e-13
-9.01698e-14
2.776e-09
2.63009e-13
-1.25193e-13
1.83637e-09
8.64061e-13
-2.81643e-13
8.61314e-10
1.18646e-12
2.02871e-10
-3.44909e-13
1.17177e-12
1.16357e-09
-4.71401e-13
1.60793e-13
3.6238e-09
-4.88637e-13
1.00031e-13
6.03561e-09
-3.89833e-13
-2.96533e-13
7.80569e-09
2.54444e-14
-5.35729e-13
8.69851e-09
3.04299e-13
-6.39308e-13
8.69854e-09
4.38536e-13
-2.88905e-13
7.80565e-09
4.27244e-13
-2.85752e-14
6.03565e-09
1.7536e-13
-1.71464e-13
3.62378e-09
1.07533e-12
1.16355e-09
2.6679e-13
1.29308e-12
2.82268e-09
4.18226e-14
7.68042e-14
7.10604e-09
1.80245e-13
-2.57103e-13
9.96801e-09
2.64332e-13
-4.96495e-13
1.15229e-08
-1.57686e-14
-4.58154e-13
1.21891e-08
-1.9604e-13
-3.97326e-13
1.21892e-08
8.45784e-14
-3.3599e-13
1.1523e-08
3.23975e-14
-2.22837e-13
9.96804e-09
-5.66483e-14
-8.61e-14
7.1061e-09
1.00747e-12
2.82265e-09
6.83579e-13
7.14731e-13
4.57181e-09
7.33791e-13
1.81614e-13
9.93134e-09
5.58997e-13
-1.41486e-13
1.25267e-08
4.47321e-13
-3.20962e-13
1.36861e-08
1.23918e-13
-2.14517e-13
1.41629e-08
-2.2249e-13
-2.57341e-13
1.41629e-08
-4.60301e-13
-1.65958e-13
1.36862e-08
-4.49892e-13
-3.62088e-15
1.25268e-08
-4.70404e-13
-1.39158e-13
9.93144e-09
5.96756e-13
4.57178e-09
1.33e-13
4.908e-13
5.67027e-09
2.48389e-13
1.62541e-13
1.14123e-08
8.39013e-14
-1.12881e-13
1.37319e-08
6.07785e-14
-2.36014e-13
1.47022e-08
-1.46308e-16
2.36908e-14
1.5113e-08
-1.30756e-13
-1.0112e-13
1.5113e-08
-1.3212e-13
-1.45431e-13
1.47022e-08
-1.74601e-13
5.16206e-14
1.37319e-08
-4.9231e-13
-1.62273e-13
1.14122e-08
1.77361e-13
5.67032e-09
2.63132e-13
1.5406e-13
5.67027e-09
1.70913e-13
8.90401e-14
1.14123e-08
3.70893e-14
9.59947e-14
1.37319e-08
1.92497e-14
-8.87601e-14
1.47022e-08
-1.07401e-13
-2.52658e-14
1.5113e-08
-3.62046e-13
-6.29968e-14
1.5113e-08
-3.716e-13
-2.03051e-13
1.47022e-08
-3.94935e-13
2.25806e-13
1.37319e-08
-3.54601e-13
-1.14059e-14
1.14123e-08
-2.36493e-13
5.67032e-09
7.06321e-13
-5.30671e-13
4.57181e-09
6.16322e-13
3.12068e-13
9.93144e-09
2.09912e-13
1.2335e-13
1.25267e-08
2.81091e-13
2.38349e-13
1.36861e-08
9.38137e-14
1.7436e-13
1.41629e-08
-4.51332e-13
5.95977e-14
1.41629e-08
-2.67373e-13
1.45501e-13
1.36861e-08
-3.99184e-13
3.38512e-13
1.25267e-08
-5.12294e-13
3.5596e-15
9.93143e-09
-9.2541e-13
4.57184e-09
2.59577e-13
-1.09797e-12
2.82275e-09
-1.02304e-13
7.19868e-13
7.10614e-09
5.76011e-14
1.15882e-13
9.96804e-09
2.39619e-13
-1.38584e-13
1.15229e-08
2.29919e-13
2.3738e-13
1.21891e-08
2.59367e-13
1.68832e-13
1.21891e-08
2.87019e-13
-1.31425e-13
1.15229e-08
3.01724e-13
4.03348e-13
9.96802e-09
-4.54623e-15
7.47614e-13
7.10613e-09
-9.26023e-13
2.82275e-09
-1.00991e-13
-1.0316e-12
1.16359e-09
-1.02987e-13
5.12645e-13
3.62383e-09
2.45579e-13
8.58331e-15
6.03555e-09
3.14929e-13
-1.34062e-13
7.8056e-09
2.00114e-13
2.37621e-13
8.6985e-09
4.6199e-13
2.40582e-13
8.69851e-09
2.71646e-13
-3.23886e-14
7.80564e-09
2.24173e-13
3.85467e-13
6.03561e-09
2.96442e-13
6.37121e-13
3.62384e-09
-5.95577e-13
1.16356e-09
-8.15313e-13
2.02877e-10
-7.38186e-13
8.61317e-10
-4.77383e-13
1.83641e-09
-4.7603e-13
2.77604e-09
-3.84024e-13
3.34293e-09
-1.00889e-14
3.34291e-09
-2.25497e-13
2.77606e-09
9.62712e-14
1.83641e-09
7.74169e-13
8.61327e-10
2.02866e-10
-1.08007e-12
7.33998e-13
2.02865e-10
-1.02862e-12
-6.50217e-14
8.61319e-10
-7.0412e-13
9.97936e-14
1.83644e-09
-6.49667e-13
-1.16669e-13
2.77605e-09
-3.24214e-13
-5.39667e-13
3.34292e-09
2.08594e-13
-3.69792e-13
3.34295e-09
2.1992e-13
-3.37374e-14
2.77603e-09
5.56488e-14
-1.67701e-13
1.8364e-09
8.54729e-13
-5.4459e-13
8.61298e-10
7.85868e-13
2.02869e-10
-4.84143e-13
1.44488e-12
1.16362e-09
-9.18524e-13
4.10034e-13
3.62386e-09
-3.04456e-13
-8.85592e-14
6.0356e-09
-3.44595e-13
-6.1075e-13
7.80559e-09
1.46889e-13
-6.50507e-13
8.6985e-09
1.90583e-13
-6.6571e-13
8.6985e-09
3.68856e-13
-2.17236e-13
7.80562e-09
2.13121e-13
-2.93835e-13
6.03558e-09
3.42161e-13
-3.52943e-13
3.62385e-09
1.05347e-12
1.16359e-09
-2.43523e-13
1.45232e-12
2.82279e-09
-3.66534e-13
3.01206e-13
7.10614e-09
-1.58732e-14
-1.91213e-13
9.96795e-09
4.30591e-14
-5.67973e-13
1.15229e-08
-1.10235e-13
-6.51094e-13
1.21891e-08
-1.76283e-13
-5.89952e-13
1.21892e-08
-1.56196e-15
-4.7336e-13
1.15229e-08
1.36737e-13
-1.21862e-13
9.96804e-09
-4.27458e-14
1.15273e-14
7.10616e-09
9.80928e-13
2.82277e-09
6.35146e-13
6.71958e-13
4.57187e-09
8.55025e-13
3.03156e-14
9.93152e-09
5.81488e-13
5.43903e-14
1.25267e-08
2.09593e-13
-1.67602e-13
1.36862e-08
-7.46485e-14
-3.44819e-14
1.41629e-08
-2.23141e-13
-1.63237e-13
1.4163e-08
-2.86261e-13
-3.75155e-13
1.36861e-08
-4.9426e-13
-1.27309e-13
1.25267e-08
-6.04038e-13
-2.76002e-13
9.93139e-09
3.44771e-13
4.57183e-09
3.78083e-13
6.06762e-13
5.67038e-09
3.6428e-13
7.2879e-14
1.14123e-08
3.45478e-13
4.10214e-14
1.37319e-08
3.23369e-13
-2.35777e-13
1.47022e-08
3.14487e-14
-3.80743e-13
1.5113e-08
-1.13578e-13
-2.85304e-13
1.51131e-08
-3.9679e-14
-2.6021e-13
1.47022e-08
-3.53688e-13
-9.99275e-14
1.37319e-08
-1.97761e-13
7.00466e-14
1.14123e-08
1.31622e-13
5.67036e-09
1.79079e-13
1.02477e-13
5.67037e-09
3.90697e-14
-4.42494e-14
1.14123e-08
2.07098e-13
3.55207e-13
1.3732e-08
-5.51615e-14
-1.66377e-13
1.47023e-08
5.47251e-16
1.179e-13
1.51131e-08
-2.40208e-14
1.36611e-13
1.51131e-08
-1.50584e-13
-2.51098e-13
1.47023e-08
-1.2579e-13
3.7426e-14
1.37319e-08
-3.22209e-13
-1.75021e-13
1.14123e-08
-2.3261e-13
5.67036e-09
7.03289e-13
-5.17616e-13
4.57184e-09
4.91107e-13
3.19194e-13
9.93142e-09
3.49462e-13
4.13191e-13
1.25268e-08
5.10989e-13
6.96086e-14
1.36861e-08
1.95026e-13
1.55064e-13
1.4163e-08
-2.44516e-13
2.3063e-13
1.41629e-08
-2.23234e-13
1.29713e-13
1.36862e-08
-3.11319e-13
1.9186e-13
1.25268e-08
-5.57459e-13
-2.22421e-14
9.93146e-09
-8.51092e-13
4.5718e-09
3.17318e-13
-9.25651e-13
2.82275e-09
-1.59986e-13
6.69482e-13
7.10609e-09
1.14918e-13
1.28992e-14
9.96798e-09
1.98501e-13
-2.20592e-13
1.15229e-08
2.60939e-13
2.26318e-13
1.21892e-08
3.70758e-13
2.52846e-13
1.21892e-08
3.64808e-13
-2.87759e-14
1.15229e-08
3.55253e-13
2.35523e-13
9.968e-09
-3.82073e-13
2.89552e-13
7.10601e-09
-1.1492e-12
2.82269e-09
1.13346e-13
-7.24993e-13
1.16358e-09
-1.1231e-13
5.64664e-13
3.62378e-09
6.10331e-13
1.13934e-13
6.03561e-09
1.90212e-13
-1.55529e-13
7.80562e-09
2.72095e-13
2.08792e-13
8.69847e-09
5.59822e-13
1.42776e-13
8.69853e-09
1.84965e-13
6.19278e-14
7.80566e-09
1.8267e-13
3.13868e-13
6.03558e-09
9.94986e-14
4.43558e-13
3.62373e-09
-8.62587e-13
1.16356e-09
-6.04289e-13
2.02877e-10
-4.15321e-13
8.6131e-10
-1.86795e-13
1.83641e-09
-5.84465e-13
2.77603e-09
-5.22457e-13
3.34295e-09
-2.34148e-13
3.34296e-09
-3.37202e-13
2.77601e-09
6.47327e-14
1.83637e-09
6.79294e-13
8.6129e-10
2.02872e-10
-3.63882e-13
7.81863e-13
2.0288e-10
-9.17352e-13
-4.12212e-13
8.61307e-10
-5.35565e-13
1.96172e-13
1.83638e-09
-7.37156e-13
-1.25336e-13
2.77604e-09
-4.06067e-14
-5.29232e-13
3.34296e-09
1.22758e-13
-4.69e-13
3.34297e-09
1.40335e-13
-9.53148e-14
2.77607e-09
1.52091e-13
-1.74198e-13
1.83641e-09
8.47597e-13
-3.91296e-13
8.61355e-10
9.64823e-13
2.02889e-10
-3.53844e-13
1.08144e-12
1.16357e-09
-5.31139e-13
-3.40336e-13
3.62381e-09
-1.52336e-13
8.66553e-14
6.03557e-09
1.71639e-14
-1.56544e-13
7.80561e-09
3.01728e-14
-8.09981e-13
8.69857e-09
1.3889e-13
-6.85208e-13
8.69854e-09
4.1886e-13
-2.43609e-13
7.80566e-09
3.82625e-13
-1.5681e-13
6.03562e-09
2.61984e-13
-1.02472e-13
3.62382e-09
1.21926e-12
1.16357e-09
-3.25607e-14
9.8082e-13
2.82273e-09
-5.10424e-14
6.06683e-14
7.10608e-09
3.13228e-14
-1.89493e-13
9.96806e-09
3.04036e-14
-3.63876e-13
1.15229e-08
1.42956e-13
-3.25646e-13
1.21892e-08
-1.3375e-13
-3.95929e-13
1.21892e-08
7.61954e-14
-5.51895e-13
1.15229e-08
1.66587e-13
-3.19515e-13
9.96802e-09
-1.64638e-13
-1.88115e-13
7.10611e-09
1.29253e-12
2.82269e-09
5.93651e-13
4.61774e-13
4.57176e-09
5.27024e-13
1.06646e-13
9.93135e-09
5.69802e-13
-1.29179e-13
1.25268e-08
9.73577e-14
-2.69697e-13
1.36861e-08
-2.68181e-13
-1.59073e-13
1.41629e-08
-5.9755e-13
-2.12947e-13
1.41629e-08
-7.56671e-13
-4.0004e-13
1.36861e-08
-9.02652e-13
1.2095e-14
1.25267e-08
-7.3091e-13
-9.40039e-14
9.93141e-09
5.93274e-13
4.57177e-09
2.54794e-13
4.89502e-13
5.67033e-09
1.06756e-13
7.65959e-14
1.14123e-08
1.29007e-13
-8.60158e-15
1.37319e-08
-4.35899e-14
4.78285e-14
1.47022e-08
-1.2826e-13
-1.37889e-13
1.5113e-08
-1.9769e-13
-2.70722e-13
1.5113e-08
-1.82412e-13
-2.26824e-13
1.47022e-08
-3.62919e-13
3.07759e-14
1.37319e-08
-4.30822e-13
-1.56789e-13
1.14123e-08
5.28585e-14
5.67032e-09
1.66227e-13
1.25445e-13
5.67029e-09
2.23254e-13
-7.3595e-14
1.14123e-08
2.75415e-13
-3.68891e-14
1.37319e-08
8.95998e-14
-1.44345e-14
1.47022e-08
1.02401e-13
-2.34813e-14
1.51131e-08
4.87357e-14
-9.51834e-14
1.5113e-08
-1.94788e-13
-1.5731e-13
1.47022e-08
-3.43531e-13
2.93081e-13
1.37319e-08
-4.40482e-13
6.32576e-14
1.14123e-08
-1.65538e-13
5.67032e-09
7.02467e-13
-3.10391e-13
4.57178e-09
3.75589e-13
2.3884e-13
9.9314e-09
3.96457e-13
7.2229e-14
1.25268e-08
4.99195e-13
-1.53724e-14
1.36862e-08
1.37979e-13
-3.22571e-14
1.41629e-08
-1.2164e-13
1.41739e-13
1.41629e-08
-3.76438e-13
-4.21011e-14
1.3686e-08
-4.47497e-13
3.14487e-13
1.25267e-08
-6.51259e-13
9.49615e-14
9.93136e-09
-7.41228e-13
4.57181e-09
3.68222e-13
-9.17387e-13
2.82263e-09
-1.39552e-13
5.44814e-13
7.10606e-09
1.11488e-14
-7.91715e-14
9.96798e-09
3.34686e-13
-3.61979e-13
1.15229e-08
4.32964e-13
2.06309e-13
1.21892e-08
1.43089e-13
2.82428e-13
1.21891e-08
3.38866e-13
1.34262e-14
1.15229e-08
1.0598e-13
4.92829e-13
9.96803e-09
-9.76815e-14
7.42958e-13
7.10614e-09
-1.04686e-12
2.82275e-09
-1.94445e-14
-8.37881e-13
1.16357e-09
2.09618e-13
4.87363e-13
3.62377e-09
3.27903e-13
-1.1474e-13
6.03552e-09
4.76003e-13
-1.74717e-13
7.80559e-09
4.2003e-13
2.13578e-13
8.69851e-09
2.37087e-13
2.81993e-13
8.69853e-09
1.48018e-13
6.03818e-14
7.80565e-09
-6.80813e-15
4.41071e-13
6.03559e-09
2.54716e-13
4.40156e-13
3.62382e-09
-9.01145e-13
1.16355e-09
-9.15964e-13
2.0286e-10
-3.8369e-13
8.61315e-10
-4.09866e-13
1.8364e-09
-8.26713e-13
2.77604e-09
-4.44181e-13
3.34289e-09
-3.31335e-13
3.34293e-09
-2.79183e-13
2.77604e-09
-1.4889e-13
1.83642e-09
9.41345e-13
8.61309e-10
2.02868e-10
-9.99081e-13
9.50109e-13
2.02866e-10
-8.35686e-13
-2.09591e-13
8.61287e-10
-9.0842e-13
-7.51519e-16
1.83636e-09
-8.61356e-13
-1.4682e-13
2.77601e-09
-1.04395e-13
-4.11334e-13
3.34291e-09
3.76278e-13
-4.79125e-13
3.34289e-09
4.37015e-13
-2.40577e-13
2.77607e-09
5.50441e-13
-1.96375e-13
1.83642e-09
6.3781e-13
-4.03832e-13
8.61314e-10
1.04047e-12
2.0287e-10
-3.00085e-13
1.33649e-12
1.16356e-09
-6.9886e-13
-1.72696e-13
3.62373e-09
-2.3354e-13
-2.87332e-13
6.03554e-09
2.62265e-14
-2.36733e-13
7.80564e-09
2.00472e-13
-6.18694e-13
8.69854e-09
2.29807e-13
-7.96575e-13
8.69851e-09
8.78909e-13
-4.44848e-13
7.80562e-09
8.50322e-13
-2.76397e-13
6.0356e-09
5.02987e-13
-5.26204e-15
3.62376e-09
1.40615e-12
1.16358e-09
6.26623e-14
1.30418e-12
2.82276e-09
-6.69961e-14
2.45461e-13
7.1061e-09
1.34717e-13
-2.54856e-13
9.96803e-09
3.03952e-13
-6.04188e-13
1.15229e-08
-3.60771e-14
-5.47563e-13
1.21892e-08
-9.96175e-14
-5.60571e-13
1.21891e-08
2.91864e-13
-5.57088e-13
1.15229e-08
3.10535e-13
-3.7306e-13
9.96793e-09
1.40097e-13
1.55472e-13
7.10606e-09
1.36872e-12
2.82274e-09
5.17409e-13
8.25352e-13
4.57185e-09
7.03882e-13
1.88906e-13
9.93149e-09
3.08496e-13
-1.19885e-13
1.25268e-08
3.0527e-13
-1.98054e-13
1.36861e-08
-1.38499e-13
-2.94569e-13
1.41629e-08
-4.2116e-13
-2.708e-13
1.41629e-08
-6.77276e-13
-2.96048e-13
1.3686e-08
-8.47998e-13
-1.54736e-13
1.25267e-08
-8.04326e-13
1.35098e-13
9.93138e-09
5.93365e-13
4.57178e-09
3.23411e-13
4.35575e-13
5.67035e-09
2.44703e-13
-2.27834e-14
1.14124e-08
3.00491e-14
-8.45073e-14
1.37318e-08
-4.65862e-14
-1.52472e-13
1.47022e-08
-1.20298e-13
-1.763e-13
1.5113e-08
-1.02426e-13
-2.71777e-14
1.51131e-08
-1.01663e-13
-2.35312e-13
1.47022e-08
-3.50132e-13
3.91823e-14
1.37319e-08
-3.56444e-13
-3.2726e-15
1.14123e-08
-2.87308e-14
5.67033e-09
2.17553e-13
1.48077e-13
5.6704e-09
2.48367e-13
2.55796e-15
1.14124e-08
1.98665e-13
1.58317e-13
1.37319e-08
1.41307e-13
2.39921e-14
1.47023e-08
1.68976e-14
-1.64545e-13
1.51131e-08
-1.70125e-13
-6.21809e-14
1.51131e-08
-1.75801e-13
-4.55326e-14
1.47022e-08
-2.98264e-13
2.43146e-13
1.37319e-08
-3.10806e-13
6.24251e-14
1.14123e-08
-2.8188e-13
5.67028e-09
7.37043e-13
-5.03368e-13
4.57184e-09
3.48923e-13
2.4778e-13
9.93139e-09
5.12066e-13
1.83238e-13
1.25267e-08
4.28497e-13
-9.43748e-14
1.3686e-08
2.60075e-13
1.35228e-13
1.41629e-08
4.44837e-14
2.69659e-13
1.41629e-08
-1.05488e-13
7.34811e-14
1.36861e-08
-3.69379e-13
3.39438e-13
1.25268e-08
-5.87511e-13
2.35252e-13
9.93145e-09
-8.10229e-13
4.57186e-09
3.31355e-13
-6.3375e-13
2.82273e-09
-2.3114e-13
6.87873e-13
7.10604e-09
-4.98973e-14
3.74327e-14
9.96793e-09
3.41584e-13
-2.87639e-13
1.15229e-08
2.51459e-13
6.19036e-14
1.21891e-08
1.74002e-13
2.64167e-13
1.21892e-08
4.91478e-13
1.18264e-13
1.15229e-08
3.43201e-13
3.27974e-13
9.968e-09
-2.88389e-13
5.19648e-13
7.10614e-09
-1.22139e-12
2.82276e-09
1.74903e-13
-8.52555e-13
1.16352e-09
4.11938e-13
5.58848e-13
3.62373e-09
6.188e-13
2.45842e-14
6.03558e-09
2.31672e-13
-3.57884e-13
7.80562e-09
3.28602e-13
8.193e-14
8.69849e-09
4.2519e-13
9.06715e-14
8.69848e-09
2.24175e-13
-9.24348e-16
7.80558e-09
3.52137e-13
4.67055e-13
6.0356e-09
3.66422e-14
4.42866e-13
3.62383e-09
-6.67483e-13
1.16363e-09
-6.59559e-13
2.0286e-10
-3.09467e-13
8.61282e-10
-2.01236e-13
1.83638e-09
-4.93167e-13
2.77602e-09
-2.9504e-13
3.34299e-09
-2.72622e-13
3.34294e-09
-2.1704e-13
2.77605e-09
1.32037e-13
1.83642e-09
7.14304e-13
8.61345e-10
2.02882e-10
-1.08755e-12
4.63922e-13
2.02874e-10
-5.40849e-13
-3.66356e-13
8.61329e-10
-2.06181e-13
6.02358e-14
1.83639e-09
-6.49994e-13
-2.00958e-13
2.77602e-09
5.08793e-14
-3.063e-13
3.3429e-09
4.4098e-13
-3.44677e-13
3.34293e-09
4.56815e-13
-4.5544e-14
2.77596e-09
6.234e-13
3.049e-14
1.83634e-09
7.0498e-13
-5.27377e-13
8.61303e-10
9.49833e-13
2.02871e-10
-1.81236e-13
1.05836e-12
1.1636e-09
-3.8678e-13
-4.35064e-13
3.62384e-09
6.46012e-14
-2.40076e-13
6.03559e-09
4.70098e-13
-1.39096e-13
7.80562e-09
6.34164e-13
-5.50474e-13
8.6985e-09
8.32091e-13
-7.57997e-13
8.6985e-09
1.17838e-12
-3.75849e-14
7.80559e-09
8.64679e-13
1.24456e-13
6.03557e-09
5.59218e-13
-9.25375e-14
3.62386e-09
1.20614e-12
1.16359e-09
-8.64087e-15
1.13782e-12
2.8227e-09
-1.80871e-13
-1.8703e-13
7.10613e-09
8.3353e-14
-3.72658e-13
9.96805e-09
2.90325e-13
-5.95603e-13
1.15229e-08
1.80306e-13
-5.76333e-13
1.21891e-08
3.62207e-13
-6.92405e-13
1.2189e-08
2.39103e-13
-3.63922e-13
1.1523e-08
2.79173e-13
1.25656e-13
9.96814e-09
-6.83489e-14
-1.14106e-14
7.10616e-09
1.0617e-12
2.82271e-09
4.79539e-13
4.65385e-13
4.57183e-09
6.11169e-13
-1.50762e-13
9.93136e-09
3.84643e-13
-3.7532e-13
1.25267e-08
1.34347e-13
-3.91439e-13
1.36861e-08
-1.82036e-13
-1.16354e-13
1.4163e-08
-5.49682e-13
-1.52714e-13
1.41629e-08
-7.1293e-13
-9.00477e-15
1.36862e-08
-7.75152e-13
1.41147e-13
1.25268e-08
-6.48075e-13
-3.23031e-14
9.93145e-09
6.3042e-13
4.57189e-09
4.0746e-13
3.98809e-13
5.67032e-09
6.65916e-14
8.90846e-14
1.14122e-08
2.91498e-14
-2.06688e-14
1.37318e-08
1.82842e-14
-1.67179e-13
1.47022e-08
1.09612e-13
-4.51348e-14
1.51131e-08
-1.47173e-13
-2.47634e-13
1.5113e-08
-3.40226e-13
-2.44715e-13
1.47022e-08
-3.09979e-13
1.26759e-13
1.37319e-08
-5.42113e-13
1.01485e-13
1.14123e-08
2.04658e-13
5.67035e-09
3.1502e-13
2.3144e-13
5.6703e-09
2.31985e-13
1.4748e-13
1.14122e-08
6.23973e-14
-1.24325e-13
1.37318e-08
6.53804e-14
-4.02301e-14
1.47021e-08
1.03707e-13
1.17787e-13
1.5113e-08
-7.20421e-14
-4.08429e-14
1.5113e-08
-1.67785e-13
-1.27728e-13
1.47022e-08
-2.34956e-13
4.20855e-13
1.37319e-08
-4.24289e-13
1.55773e-15
1.14123e-08
-3.38069e-13
5.67032e-09
7.67164e-13
-7.30885e-13
4.57179e-09
3.63071e-13
1.51691e-13
9.93139e-09
4.10933e-13
-6.67121e-14
1.25267e-08
5.20037e-13
-6.84128e-14
1.3686e-08
1.04161e-13
1.3711e-13
1.41628e-08
1.29177e-14
9.43987e-14
1.41629e-08
-1.18209e-13
-1.30171e-13
1.36861e-08
-4.2147e-13
3.23525e-13
1.25268e-08
-4.29277e-13
4.08344e-13
9.93145e-09
-8.79768e-13
4.57181e-09
5.0024e-13
-8.65641e-13
2.82275e-09
1.75232e-14
5.45495e-13
7.10611e-09
-9.4973e-16
-1.92587e-13
9.96802e-09
1.90064e-13
-3.79112e-13
1.15229e-08
1.53294e-13
1.80907e-13
1.21891e-08
1.7791e-13
8.24347e-14
1.21891e-08
3.92178e-13
-3.8713e-13
1.15229e-08
3.84283e-13
2.55011e-13
9.96809e-09
-8.01658e-14
8.1807e-13
7.10614e-09
-7.89769e-13
2.82272e-09
-5.60391e-14
-9.8545e-13
1.16361e-09
2.9542e-13
3.17655e-13
3.6238e-09
2.61738e-13
-1.32171e-13
6.03557e-09
2.61728e-13
-1.62288e-13
7.80561e-09
9.09133e-14
1.80218e-13
8.69849e-09
-2.07158e-13
1.71065e-13
8.69854e-09
-2.79249e-13
-1.62549e-13
7.80561e-09
-2.1764e-13
3.88687e-13
6.03559e-09
2.18532e-13
9.24257e-13
3.62381e-09
-7.49443e-13
1.16355e-09
-1.16427e-12
2.02893e-10
-2.00998e-13
8.61329e-10
-4.20982e-13
1.83639e-09
-6.64795e-13
2.77605e-09
-6.4448e-13
3.34289e-09
-4.616e-13
3.34291e-09
-4.55227e-13
2.77601e-09
-1.49053e-13
1.83635e-09
5.39106e-13
8.61289e-10
2.02864e-10
-9.65033e-13
8.78884e-13
2.02876e-10
-6.30049e-13
-3.76835e-13
8.61315e-10
-4.1773e-13
-1.00884e-13
1.83643e-09
-4.81603e-13
-4.91173e-14
2.77607e-09
-1.59167e-13
-3.00365e-13
3.34296e-09
-6.4211e-14
-4.27247e-13
3.34294e-09
2.22502e-13
-8.43055e-14
2.77607e-09
4.23701e-13
-8.0054e-14
1.83645e-09
6.95138e-13
-3.75497e-13
8.61329e-10
8.21489e-13
2.02872e-10
-3.11785e-13
1.21297e-12
1.16359e-09
-5.78054e-13
-2.77669e-13
3.62382e-09
-3.21822e-13
-3.13211e-13
6.03562e-09
6.28824e-14
-2.52319e-13
7.80564e-09
5.89744e-14
-6.88241e-13
8.69851e-09
3.10636e-13
-7.285e-13
8.6985e-09
5.66822e-13
-1.26742e-13
7.80566e-09
5.53831e-13
7.12912e-14
6.03561e-09
1.90132e-13
-1.85689e-13
3.62384e-09
1.07917e-12
1.16357e-09
-2.80728e-13
1.18748e-12
2.82275e-09
-3.12885e-13
2.84387e-14
7.10615e-09
-1.67871e-13
-3.78655e-13
9.96806e-09
5.06817e-14
-3.73401e-13
1.15229e-08
-2.28458e-13
-6.03517e-13
1.21891e-08
-2.62562e-13
-4.62634e-13
1.21892e-08
-1.7039e-13
-3.86105e-13
1.15229e-08
-1.87711e-14
-1.48959e-13
9.96801e-09
-5.7188e-14
8.64848e-14
7.10606e-09
9.80401e-13
2.82271e-09
5.72088e-13
6.61338e-13
4.57183e-09
6.26637e-13
-6.00347e-14
9.93146e-09
4.288e-13
-7.60782e-14
1.25268e-08
2.28161e-13
-2.64522e-13
1.36861e-08
8.31204e-14
-2.31254e-13
1.41629e-08
-4.11027e-13
-2.87879e-13
1.41629e-08
-6.48914e-13
-1.72201e-13
1.36861e-08
-7.88396e-13
-1.00609e-14
1.25268e-08
-6.45546e-13
1.7104e-14
9.9314e-09
4.41703e-13
4.57179e-09
2.64751e-13
2.28407e-13
5.67037e-09
1.7439e-13
-1.46307e-14
1.14123e-08
-9.00159e-14
-1.05484e-13
1.37318e-08
5.52942e-16
-3.03562e-13
1.47022e-08
-1.97587e-13
-3.68451e-13
1.51131e-08
-1.65552e-13
-4.77499e-15
1.51131e-08
-2.69079e-13
-1.17918e-13
1.47023e-08
-4.96897e-13
-8.79264e-14
1.37319e-08
-2.29199e-13
1.62707e-13
1.14123e-08
-6.95749e-15
5.67031e-09
3.06738e-13
7.57083e-14
5.67036e-09
2.55433e-13
-5.19435e-14
1.14123e-08
5.31187e-14
4.1911e-14
1.37319e-08
-6.74993e-14
-3.40015e-13
1.47023e-08
9.05301e-14
-1.07571e-13
1.51131e-08
-1.86898e-13
-1.1434e-13
1.51131e-08
-1.95197e-13
4.92484e-14
1.47023e-08
-3.66205e-13
2.16539e-13
1.37319e-08
-3.27386e-13
3.28273e-13
1.14123e-08
-4.53553e-14
5.67033e-09
8.12381e-13
-4.81396e-13
4.57178e-09
6.10533e-13
1.30139e-13
9.93137e-09
4.17129e-13
1.02788e-13
1.25267e-08
4.14091e-13
-6.54555e-14
1.36861e-08
2.23838e-13
2.33782e-13
1.4163e-08
8.7707e-14
4.21571e-13
1.41629e-08
-3.36467e-13
-9.36328e-15
1.36862e-08
-3.5924e-13
2.83682e-13
1.25268e-08
-4.77022e-13
3.18839e-13
9.93139e-09
-7.93578e-13
4.5718e-09
1.96289e-13
-8.71176e-13
2.82269e-09
-3.6472e-14
4.93577e-13
7.10611e-09
-4.86331e-15
5.86571e-14
9.96801e-09
1.17843e-13
-4.53052e-13
1.15229e-08
6.35832e-14
6.75202e-14
1.21891e-08
-1.33577e-13
1.36628e-13
1.21891e-08
8.35091e-14
-1.37587e-13
1.15229e-08
8.43828e-14
3.8924e-13
9.96799e-09
-2.31809e-13
8.56293e-13
7.10606e-09
-9.94083e-13
2.82266e-09
-1.85159e-13
-8.2213e-13
1.16355e-09
2.33042e-13
4.35514e-13
3.62381e-09
3.39832e-13
7.22824e-14
6.0356e-09
-9.42292e-14
-3.23365e-13
7.80566e-09
7.39372e-14
1.72817e-13
8.6985e-09
1.08323e-13
8.27674e-14
8.69854e-09
5.96824e-14
7.2483e-14
7.80565e-09
1.21081e-13
5.83268e-13
6.03559e-09
9.11675e-14
6.51087e-13
3.62376e-09
-8.30296e-13
1.16356e-09
-8.92624e-13
2.02861e-10
-5.53337e-13
8.61319e-10
-6.09125e-13
1.8364e-09
-7.38404e-13
2.77604e-09
-6.49545e-13
3.34293e-09
-5.72207e-13
3.34296e-09
-4.58964e-13
2.77602e-09
3.878e-14
1.83641e-09
6.83512e-13
8.61322e-10
2.02867e-10
-5.75934e-13
7.78539e-13
2.02872e-10
-2.49098e-13
-3.14326e-13
8.61313e-10
-4.55527e-13
2.17126e-13
1.83639e-09
-5.27998e-13
-1.05842e-14
2.77603e-09
-2.89373e-13
-3.80757e-13
3.34291e-09
2.65677e-13
-3.16738e-13
3.34291e-09
6.05366e-13
-3.06444e-13
2.77599e-09
4.94402e-13
-2.01556e-13
1.83635e-09
7.97211e-13
5.43492e-14
8.61286e-10
1.10162e-12
2.02875e-10
-2.87554e-13
7.90699e-13
1.16354e-09
-2.54165e-13
-8.10579e-14
3.62382e-09
-6.30177e-14
1.14245e-13
6.0356e-09
2.61502e-13
-2.56681e-13
7.80561e-09
1.93826e-13
-7.87397e-13
8.69843e-09
6.31926e-13
-6.15872e-13
8.69844e-09
9.16056e-13
-4.28957e-13
7.80555e-09
1.06953e-12
-9.28761e-14
6.03559e-09
1.32757e-13
2.62861e-13
3.62377e-09
1.48529e-12
1.16356e-09
2.16221e-14
9.16301e-13
2.82265e-09
-2.83318e-13
-1.80014e-13
7.10606e-09
7.64596e-15
8.15269e-15
9.96802e-09
1.21625e-13
-4.14282e-13
1.15229e-08
2.64182e-13
-4.93219e-13
1.21891e-08
-5.17247e-14
-6.57382e-13
1.21891e-08
1.21847e-14
-7.16983e-13
1.15228e-08
3.68481e-13
-2.00055e-13
9.96801e-09
1.66334e-13
2.81169e-13
7.10615e-09
1.28643e-12
2.8227e-09
6.92965e-13
5.97344e-13
4.57173e-09
9.25578e-13
2.55467e-13
9.9314e-09
5.91709e-13
1.08274e-13
1.25267e-08
3.68961e-14
-5.7962e-13
1.36861e-08
-1.46665e-13
-2.25375e-13
1.41629e-08
-4.80218e-13
-1.77134e-13
1.41629e-08
-6.38949e-13
-1.38684e-13
1.36861e-08
-8.06103e-13
-9.00199e-14
1.25268e-08
-6.31008e-13
8.55617e-14
9.93151e-09
6.90879e-13
4.57186e-09
3.04952e-13
2.7861e-13
5.67028e-09
1.97275e-13
-2.38792e-14
1.14123e-08
2.28951e-13
1.06296e-13
1.37319e-08
2.26092e-13
-3.56624e-13
1.47022e-08
1.45581e-15
-2.20442e-13
1.51131e-08
-8.68737e-14
-4.76895e-14
1.51131e-08
-4.54048e-13
-1.19649e-13
1.47023e-08
-4.36934e-13
1.60101e-13
1.37319e-08
-4.16978e-13
1.39364e-13
1.14124e-08
3.10748e-13
5.67038e-09
2.20918e-13
-6.4115e-14
5.6703e-09
1.63827e-13
-1.36885e-13
1.14123e-08
2.67475e-13
2.64258e-13
1.37318e-08
1.83175e-13
-3.16156e-13
1.47022e-08
3.79578e-14
-1.86762e-13
1.51131e-08
-1.06065e-13
5.46527e-14
1.51131e-08
-2.99378e-13
-2.53218e-14
1.47022e-08
-3.57586e-13
3.02799e-13
1.37319e-08
-2.07154e-13
1.20006e-13
1.14124e-08
-3.5276e-13
5.67038e-09
8.15558e-13
-7.44438e-13
4.57179e-09
5.25415e-13
1.80031e-13
9.93136e-09
4.41017e-13
2.12375e-13
1.25267e-08
4.54615e-13
-1.87579e-13
1.36861e-08
2.73493e-13
5.11023e-14
1.41629e-08
-1.03037e-13
-1.6918e-14
1.41628e-08
-2.11281e-13
4.59439e-14
1.36861e-08
-3.6829e-13
4.82632e-13
1.25268e-08
-5.37428e-13
3.09307e-13
9.93143e-09
-8.17211e-13
4.57186e-09
3.4099e-13
-1.03238e-12
2.82269e-09
-7.28103e-14
6.92511e-13
7.10603e-09
2.02688e-13
2.29675e-13
9.96802e-09
2.68578e-13
-3.48157e-13
1.15229e-08
1.89653e-13
1.20877e-13
1.21891e-08
3.37923e-13
3.08915e-13
1.21892e-08
5.29047e-13
1.79641e-13
1.15229e-08
2.79241e-13
4.38502e-13
9.96808e-09
-1.46121e-13
7.24775e-13
7.1061e-09
-8.87231e-13
2.82276e-09
-2.263e-13
-1.02379e-12
1.16358e-09
1.38328e-13
4.3461e-13
3.6238e-09
2.75887e-13
-9.79505e-14
6.03558e-09
-4.02239e-14
-3.2298e-13
7.80563e-09
-3.09748e-14
4.66539e-14
8.69857e-09
9.62488e-14
4.9733e-14
8.69846e-09
1.17827e-13
4.0336e-14
7.80562e-09
2.33145e-13
6.34266e-13
6.03561e-09
3.25797e-13
6.81692e-13
3.62385e-09
-9.23156e-13
1.16359e-09
-6.46742e-13
2.0287e-10
-4.7444e-13
8.61309e-10
-1.82988e-13
1.8364e-09
-6.74891e-13
2.77602e-09
-3.57911e-13
3.34292e-09
-3.5906e-13
3.34293e-09
-2.00885e-13
2.77605e-09
1.42122e-13
1.83641e-09
9.21475e-13
8.61336e-10
2.02879e-10
-1.19603e-12
5.9233e-13
2.02864e-10
-6.36768e-13
-1.12729e-13
8.61322e-10
-6.97733e-13
7.17878e-14
1.8364e-09
-6.13294e-13
-2.46806e-13
2.77604e-09
-1.72984e-13
-3.66326e-13
3.34291e-09
2.50435e-13
-3.21634e-13
3.34288e-09
4.13265e-13
-1.94329e-14
2.77599e-09
4.2719e-13
-1.27939e-13
1.83638e-09
6.8529e-13
-4.83035e-13
8.61309e-10
6.1153e-13
2.02868e-10
-4.31174e-13
1.35408e-12
1.16359e-09
-5.58705e-13
-8.23885e-14
3.62376e-09
-2.06446e-13
-1.84611e-14
6.03558e-09
5.07168e-14
-2.43343e-13
7.80566e-09
-1.03259e-13
-4.90876e-13
8.69853e-09
1.116e-13
-5.89138e-13
8.6985e-09
4.21767e-13
-1.70045e-13
7.80564e-09
4.7583e-13
-2.51281e-13
6.03553e-09
2.26539e-13
-3.48531e-13
3.62379e-09
1.15415e-12
1.16361e-09
-2.44471e-13
1.36833e-12
2.82274e-09
-4.40557e-13
1.91106e-13
7.1061e-09
-1.57475e-13
-2.19217e-13
9.96793e-09
1.41275e-13
-5.45426e-13
1.15228e-08
-1.99353e-13
-5.33808e-13
1.2189e-08
-1.09103e-13
-3.76901e-13
1.21891e-08
-2.87064e-14
-5.43768e-13
1.15229e-08
9.53632e-14
-2.49182e-13
9.96795e-09
-1.98114e-16
6.87805e-14
7.10603e-09
1.17879e-12
2.82273e-09
5.62718e-13
6.51103e-13
4.57186e-09
4.4906e-13
2.22788e-13
9.93145e-09
1.83846e-13
-4.89564e-14
1.25267e-08
1.30013e-13
-2.14563e-13
1.3686e-08
-1.76212e-13
-1.53038e-13
1.41629e-08
-3.39482e-13
-1.13177e-13
1.41629e-08
-6.46732e-13
-2.17922e-13
1.36861e-08
-7.82976e-13
-5.66285e-14
1.25267e-08
-8.9492e-13
5.97518e-14
9.93135e-09
5.47069e-13
4.57181e-09
3.00734e-13
2.82505e-13
5.67031e-09
3.25893e-13
1.14972e-13
1.14123e-08
2.3901e-13
1.56372e-14
1.37319e-08
1.38471e-13
-9.7663e-14
1.47022e-08
-2.31108e-14
5.52101e-14
1.51131e-08
-6.19416e-14
-2.68691e-14
1.5113e-08
-7.24026e-14
-1.5689e-13
1.47022e-08
-2.48693e-13
-2.55265e-13
1.37319e-08
-3.71057e-13
-1.51456e-14
1.14123e-08
-1.64668e-13
5.6703e-09
5.33023e-14
2.05342e-14
5.67036e-09
2.28535e-13
1.61863e-13
1.14123e-08
1.07573e-13
-3.78274e-14
1.37319e-08
6.99366e-14
-2.95906e-13
1.47021e-08
-4.12963e-14
-7.30693e-14
1.51131e-08
1.1538e-13
4.73194e-14
1.51131e-08
-2.45749e-13
-1.46725e-13
1.47022e-08
-2.58435e-13
1.40304e-14
1.37319e-08
-3.2641e-13
2.63283e-13
1.14123e-08
-3.04856e-14
5.67035e-09
5.63431e-13
-7.42781e-13
4.57183e-09
5.76927e-13
2.27764e-13
9.93148e-09
4.10746e-13
1.80204e-13
1.25267e-08
4.29687e-13
-4.07181e-14
1.36861e-08
2.69169e-13
2.76399e-13
1.41629e-08
2.6023e-14
2.87827e-13
1.41629e-08
-2.44096e-13
3.44184e-14
1.36861e-08
-3.91553e-13
1.88923e-13
1.25268e-08
-4.71783e-13
2.71535e-13
9.9314e-09
-6.79428e-13
4.57181e-09
2.06938e-13
-1.02042e-12
2.82277e-09
-1.29308e-13
5.62043e-13
7.10612e-09
-1.20887e-13
1.30035e-13
9.96801e-09
5.92943e-14
-1.80682e-13
1.15228e-08
7.94892e-14
4.81519e-13
1.21891e-08
8.06501e-14
2.60508e-13
1.21891e-08
2.85701e-13
-2.04731e-13
1.15229e-08
1.49898e-13
1.46117e-13
9.96803e-09
-1.81633e-13
7.22645e-13
7.10614e-09
-7.85848e-13
2.82267e-09
-1.74786e-13
-7.8039e-13
1.16357e-09
5.65819e-14
5.49618e-13
3.6238e-09
1.67641e-13
-5.0399e-14
6.03562e-09
-1.87855e-14
-2.34201e-13
7.80565e-09
4.00205e-14
2.39263e-13
8.69852e-09
1.06552e-13
2.05568e-13
8.69857e-09
1.86116e-15
-1.51019e-13
7.80562e-09
1.86225e-13
2.30038e-13
6.03555e-09
9.88038e-14
5.86073e-13
3.6238e-09
-8.02031e-13
1.16356e-09
-1.08856e-12
2.02879e-10
-4.26441e-13
8.61325e-10
-5.3036e-13
1.83641e-09
-5.97989e-13
2.77606e-09
-2.2645e-13
3.34292e-09
5.49406e-14
3.34289e-09
-1.32222e-13
2.77603e-09
2.07102e-13
1.83639e-09
7.2268e-13
8.61305e-10
2.02874e-10
-9.60455e-13
9.09476e-13
2.02877e-10
-6.22837e-13
-2.82212e-13
8.61351e-10
-8.10042e-13
4.38012e-14
1.83637e-09
-7.2896e-13
-4.82732e-14
2.77588e-09
-3.74796e-13
-3.23547e-13
3.34273e-09
6.80665e-14
-3.1958e-13
3.34274e-09
5.97915e-13
-6.51111e-14
2.77594e-09
6.07534e-13
-6.00692e-14
1.83636e-09
9.35826e-13
-2.87196e-13
8.61321e-10
9.10711e-13
2.02865e-10
-2.86373e-13
1.28911e-12
1.16354e-09
-6.7072e-13
-1.08962e-13
3.6239e-09
-2.76316e-13
8.8052e-14
6.03562e-09
-1.04899e-13
-1.90776e-13
7.80561e-09
1.44183e-13
-5.73038e-13
8.69841e-09
6.29865e-13
-5.76723e-13
8.69841e-09
1.03205e-12
-3.29437e-13
7.80564e-09
1.04192e-12
-7.72089e-14
6.03569e-09
5.8022e-13
2.08894e-14
3.62392e-09
1.10334e-12
1.16352e-09
-4.52601e-14
9.8026e-13
2.82282e-09
-1.75563e-13
8.65275e-14
7.10616e-09
-1.76945e-14
-1.72408e-13
9.96802e-09
1.59381e-13
-4.49561e-13
1.15227e-08
2.22523e-13
-3.46368e-13
1.2189e-08
8.80016e-14
-5.54253e-13
1.2189e-08
2.59089e-13
-3.13896e-13
1.15229e-08
1.6087e-13
-6.72179e-14
9.96821e-09
-2.23863e-14
2.38121e-13
7.10623e-09
1.37541e-12
2.8228e-09
8.44619e-13
4.96123e-13
4.57178e-09
7.04638e-13
-5.29297e-14
9.93124e-09
6.8681e-13
-8.21147e-14
1.25269e-08
6.0772e-13
-1.67916e-13
1.36862e-08
6.13711e-15
-2.21985e-13
1.41629e-08
-1.74094e-13
-2.37706e-13
1.41629e-08
-4.05087e-13
-2.14609e-13
1.36861e-08
-6.62593e-13
-1.6143e-13
1.25269e-08
-3.94804e-13
1.11645e-14
9.93143e-09
6.22418e-13
4.57198e-09
1.68824e-13
3.30438e-13
5.67043e-09
2.5342e-13
1.55632e-13
1.14123e-08
3.82233e-13
-2.74766e-15
1.3732e-08
2.01313e-13
-3.00357e-13
1.47022e-08
-3.08768e-16
-2.15766e-13
1.51131e-08
2.78453e-14
-1.45469e-13
1.51131e-08
-1.81116e-13
-2.54035e-13
1.47023e-08
-3.19299e-13
-1.05978e-13
1.3732e-08
-2.57842e-13
1.22646e-13
1.14123e-08
1.55069e-13
5.6705e-09
1.92124e-13
1.12238e-13
5.67039e-09
4.46955e-14
-6.95983e-14
1.14123e-08
8.64554e-14
1.40345e-14
1.3732e-08
2.08482e-13
-1.20213e-13
1.47022e-08
1.32806e-13
-1.69722e-13
1.51131e-08
-1.81469e-13
4.04503e-16
1.51131e-08
-9.09131e-14
-5.87079e-15
1.47023e-08
-3.20708e-13
1.00474e-13
1.3732e-08
-4.6614e-13
-8.77772e-14
1.14123e-08
-2.23393e-13
5.67046e-09
8.24746e-13
-7.09326e-13
4.57177e-09
6.84467e-13
1.77714e-13
9.93148e-09
6.41767e-13
-3.40398e-15
1.25269e-08
4.05112e-13
-4.05402e-14
1.36862e-08
3.16378e-13
2.24093e-13
1.4163e-08
-1.54657e-13
3.27353e-13
1.41629e-08
-2.42943e-13
2.60548e-13
1.36861e-08
-5.19748e-13
2.61114e-13
1.25268e-08
-2.80671e-13
3.92875e-14
9.93157e-09
-9.44762e-13
4.57197e-09
2.15593e-13
-1.21121e-12
2.82291e-09
-3.88341e-13
3.74943e-13
7.10632e-09
-2.75287e-13
-9.65241e-15
9.96797e-09
1.02973e-13
-1.67453e-13
1.15228e-08
2.99607e-13
3.06603e-13
1.2189e-08
3.91309e-13
3.40342e-13
1.2189e-08
4.78101e-13
-8.87592e-14
1.15228e-08
4.42517e-13
2.14228e-13
9.968e-09
-3.38482e-14
4.53589e-13
7.1063e-09
-9.14637e-13
2.82284e-09
-3.80341e-13
-9.39967e-13
1.16363e-09
-4.54068e-13
2.82372e-13
3.6239e-09
-1.67843e-13
1.15354e-14
6.03554e-09
-3.50338e-13
-2.8356e-13
7.80559e-09
9.68415e-14
1.13967e-13
8.69846e-09
4.31555e-13
9.0302e-14
8.69847e-09
6.41682e-13
1.58113e-14
7.80556e-09
5.416e-13
3.77713e-13
6.03549e-09
2.72519e-13
5.46354e-13
3.62387e-09
-7.81734e-13
1.16362e-09
-8.83756e-13
2.02888e-10
-4.0574e-13
8.61292e-10
-5.43439e-13
1.83638e-09
-6.77168e-13
2.77586e-09
-3.03546e-13
3.34283e-09
-1.3316e-13
3.34285e-09
-1.73094e-13
2.77587e-09
3.61308e-13
1.83633e-09
1.00286e-12
8.61277e-10
2.02877e-10
-7.38811e-13
5.56017e-13
2.02866e-10
-1.4837e-14
-7.79246e-13
8.6125e-10
9.87331e-13
-1.06212e-12
1.83638e-09
8.379e-13
9.21716e-14
2.77613e-09
-1.50885e-13
3.49434e-13
3.34307e-09
-8.27826e-13
3.77107e-13
3.34304e-09
-9.7727e-13
-1.74375e-14
2.7761e-09
-5.71361e-14
-9.47303e-13
1.8364e-09
5.30814e-13
-2.35472e-13
8.61282e-10
6.00249e-13
2.02877e-10
-7.92114e-13
1.37876e-12
1.1636e-09
-1.3691e-12
4.73569e-13
3.62383e-09
-1.05846e-12
-1.45843e-12
6.03558e-09
-2.92608e-13
-2.75921e-13
7.80559e-09
-2.51586e-13
2.8227e-14
8.69845e-09
2.10026e-13
3.47297e-14
8.69843e-09
7.33531e-13
-6.49897e-13
7.80549e-09
1.34369e-12
-1.24177e-12
6.03553e-09
5.69568e-13
8.10971e-13
3.62381e-09
1.1193e-12
1.16365e-09
1.53316e-12
5.27833e-14
2.82263e-09
1.04223e-12
5.50128e-13
7.10609e-09
6.36408e-13
-4.44143e-13
9.96802e-09
1.13704e-13
-3.11536e-13
1.1523e-08
4.56501e-14
-1.7128e-13
1.21892e-08
1.22126e-13
-2.22833e-13
1.21892e-08
7.24763e-14
-7.55199e-13
1.15229e-08
-1.80986e-13
-1.11307e-12
9.96798e-09
-5.4112e-13
1.10061e-12
7.10611e-09
5.81961e-13
2.82272e-09
4.79897e-13
-5.81011e-13
4.57188e-09
8.66085e-13
1.55368e-13
9.93145e-09
2.2547e-13
-2.57737e-13
1.25266e-08
9.06821e-14
1.3327e-13
1.36861e-08
7.56466e-14
4.86695e-14
1.41628e-08
-2.86681e-13
-1.79008e-14
1.41629e-08
-5.91312e-13
-1.3281e-13
1.36861e-08
-1.03977e-12
-4.29701e-13
1.25268e-08
-6.01033e-13
5.9271e-13
9.93148e-09
1.8043e-13
4.57181e-09
-8.08018e-14
-2.66576e-13
5.67025e-09
3.78094e-14
6.41116e-14
1.14122e-08
6.59928e-14
-4.23096e-14
1.37319e-08
1.05079e-15
4.47214e-14
1.47022e-08
3.1744e-14
5.16444e-14
1.5113e-08
2.27234e-14
4.01697e-14
1.5113e-08
-2.18138e-13
-1.31531e-13
1.47021e-08
-2.44518e-13
-1.09427e-13
1.37318e-08
-1.21929e-13
4.37785e-13
1.14123e-08
2.17095e-13
5.67029e-09
2.36057e-14
-2.81881e-13
5.67025e-09
-1.99978e-14
2.09641e-13
1.14122e-08
5.53722e-14
2.36514e-13
1.37319e-08
1.56903e-13
2.13948e-13
1.47022e-08
6.53416e-14
-7.78323e-14
1.5113e-08
1.17051e-13
-9.69671e-14
1.51131e-08
2.47984e-13
2.67694e-13
1.47022e-08
3.52215e-14
1.87117e-13
1.37319e-08
4.74766e-15
4.99095e-13
1.14123e-08
3.51363e-13
5.67039e-09
4.08546e-13
-6.41962e-13
4.57184e-09
1.0393e-13
6.89771e-13
9.93123e-09
1.29891e-13
5.45295e-13
1.25268e-08
2.31091e-13
3.0145e-13
1.3686e-08
-1.42605e-13
-1.22633e-13
1.41629e-08
-2.56195e-14
-3.41859e-14
1.41629e-08
-2.36468e-13
3.91809e-13
1.36861e-08
-5.80162e-13
4.25638e-13
1.25268e-08
-6.21601e-13
6.36543e-13
9.93123e-09
-1.7987e-14
4.57182e-09
8.40388e-13
-1.4439e-12
2.82256e-09
6.27727e-13
1.53688e-12
7.1059e-09
4.02578e-13
4.7066e-13
9.96821e-09
5.56651e-13
3.54266e-13
1.15231e-08
1.51974e-13
9.76275e-14
1.21893e-08
-1.46998e-14
6.96629e-14
1.21893e-08
-4.14777e-14
1.08724e-13
1.15229e-08
-8.52479e-14
1.02579e-13
9.96809e-09
-5.00133e-13
1.27992e-12
7.10593e-09
-2.95794e-13
2.82268e-09
-5.8167e-13
-5.94174e-13
1.1636e-09
-7.96424e-13
1.15905e-12
3.62397e-09
-6.75191e-13
1.11681e-13
6.03568e-09
1.22306e-14
3.2313e-14
7.80566e-09
-4.46345e-14
-3.05878e-13
8.69845e-09
-5.02714e-14
-2.03163e-13
8.69847e-09
9.85191e-14
-1.05541e-13
7.8057e-09
-9.48105e-14
-2.13834e-13
6.03571e-09
2.48326e-13
1.26153e-12
3.62394e-09
-1.55116e-13
1.16359e-09
-6.92632e-13
2.02871e-10
5.05553e-13
8.61378e-10
8.57123e-13
1.8364e-09
6.00823e-13
2.77621e-09
1.03423e-13
3.34302e-09
-4.27056e-13
3.34299e-09
-7.29059e-13
2.77619e-09
-6.59982e-13
1.83642e-09
1.1914e-13
8.61387e-10
2.02877e-10
-8.2792e-13
6.88281e-13
2.02884e-10
-3.48932e-13
-5.85214e-13
8.6134e-10
-5.44e-13
3.66417e-13
1.83642e-09
-7.54141e-13
1.83892e-13
2.77601e-09
-3.2288e-13
-2.73495e-13
3.34297e-09
-3.43773e-13
-2.5904e-13
3.34297e-09
-3.28555e-13
2.15278e-13
2.77604e-09
-7.48634e-13
3.14038e-14
1.83641e-09
5.95168e-14
-9.01168e-13
8.6133e-10
4.24132e-13
2.02865e-10
-3.6191e-13
1.48531e-12
1.1636e-09
-9.86347e-13
-1.74435e-13
3.62372e-09
-1.74917e-13
-3.13916e-13
6.03557e-09
1.61634e-13
3.38742e-14
7.80564e-09
1.16036e-13
-2.66212e-13
8.69862e-09
8.23324e-14
-2.33652e-13
8.69858e-09
3.76788e-14
-6.91583e-14
7.80571e-09
2.44434e-13
-3.43462e-13
6.03567e-09
-9.41066e-14
-8.51471e-13
3.62368e-09
3.62342e-14
1.16354e-09
-1.28836e-13
1.31747e-12
2.82279e-09
-6.4916e-13
4.38478e-13
7.10602e-09
-1.69951e-14
-4.92544e-13
9.96794e-09
1.04616e-13
-4.7805e-13
1.15229e-08
9.78776e-14
-2.85592e-13
1.21892e-08
1.91246e-13
-1.94885e-13
1.21892e-08
5.22442e-13
-4.56706e-13
1.15229e-08
5.52119e-13
-7.36152e-13
9.96791e-09
3.97221e-13
9.45341e-14
7.106e-09
6.13516e-13
2.82268e-09
8.15481e-13
4.88919e-13
4.57184e-09
1.16962e-12
1.44895e-13
9.93156e-09
6.30716e-13
-1.72746e-13
1.25267e-08
1.74469e-13
-2.40288e-13
1.36862e-08
-1.28885e-13
-6.90699e-14
1.41629e-08
-9.35662e-14
2.60571e-14
1.41629e-08
-4.42041e-13
-4.19697e-13
1.36861e-08
-5.47349e-13
-2.34173e-13
1.25266e-08
-3.61156e-13
-3.34504e-13
9.93136e-09
2.66971e-13
4.57164e-09
2.36113e-13
1.06935e-13
5.67041e-09
5.47442e-13
-1.63278e-13
1.14125e-08
2.20456e-13
3.64619e-14
1.37318e-08
-1.64306e-14
-1.37789e-13
1.47023e-08
3.16468e-14
-3.26004e-14
1.51131e-08
-4.81955e-14
6.10644e-15
1.51131e-08
-1.12483e-13
-1.86827e-13
1.47022e-08
-4.1997e-13
-3.20788e-15
1.37318e-08
-1.51974e-13
-1.03454e-13
1.14123e-08
4.14545e-13
5.67024e-09
2.91966e-13
-2.97342e-13
5.67042e-09
4.72445e-13
-7.81249e-13
1.14125e-08
2.73486e-13
1.32871e-13
1.37319e-08
1.07115e-14
-5.12404e-14
1.47023e-08
5.76511e-14
-9.85153e-14
1.51131e-08
3.81226e-14
9.59384e-14
1.5113e-08
-1.56744e-13
-3.40592e-14
1.47022e-08
-3.1231e-13
1.74754e-13
1.37318e-08
-1.44558e-14
-4.50616e-13
1.14123e-08
2.04479e-13
5.67021e-09
7.0561e-13
-9.06571e-13
4.57191e-09
9.11082e-13
-1.44131e-12
9.93163e-09
6.19673e-13
7.97915e-13
1.25267e-08
1.78243e-13
2.69506e-13
1.36861e-08
4.1334e-14
7.22758e-14
1.41629e-08
-1.98537e-13
4.64562e-14
1.41629e-08
-4.52509e-13
2.38771e-13
1.36861e-08
-7.72829e-13
5.91857e-13
1.25267e-08
-4.23291e-13
-1.10532e-12
9.93154e-09
-2.88489e-13
4.57169e-09
-1.13632e-13
-1.20592e-12
2.82284e-09
-5.44741e-13
-1.1494e-12
7.1061e-09
-2.04159e-13
9.56127e-13
9.96788e-09
3.15477e-14
1.1442e-13
1.15229e-08
3.54533e-15
1.46636e-13
1.21892e-08
4.75035e-14
7.99838e-14
1.21892e-08
6.97182e-14
2.50441e-13
1.1523e-08
1.34372e-13
1.08772e-12
9.96797e-09
-4.31946e-13
-8.79345e-13
7.10614e-09
-5.07007e-13
2.82276e-09
-4.42992e-13
-6.84344e-13
1.16355e-09
-1.34069e-12
-5.08027e-13
3.62359e-09
-4.37274e-13
2.13732e-13
6.03556e-09
-3.30502e-14
-1.09557e-13
7.80561e-09
-3.48429e-14
2.3538e-13
8.69861e-09
-3.43815e-13
8.54687e-14
8.69861e-09
-6.27181e-14
-9.38154e-15
7.80564e-09
5.36741e-13
6.67611e-13
6.03562e-09
1.76002e-13
-1.09462e-13
3.62368e-09
-3.27064e-13
1.16359e-09
-9.35195e-13
2.02862e-10
-9.26359e-13
8.61259e-10
-9.92316e-13
1.83642e-09
-7.33935e-13
2.77598e-09
-5.47017e-13
3.34292e-09
-3.94156e-13
3.34297e-09
-1.05788e-13
2.77598e-09
2.42298e-13
1.83641e-09
6.89663e-13
8.61293e-10
2.02871e-10
-4.69893e-13
2.3433e-13
2.02867e-10
8.33897e-13
-6.52118e-13
8.61275e-10
2.20344e-13
-1.31633e-13
1.83643e-09
4.68518e-13
1.94151e-13
2.77606e-09
1.24467e-13
-1.04258e-13
3.34299e-09
4.22709e-13
-1.11469e-13
3.34302e-09
4.25454e-13
5.13321e-14
2.77609e-09
3.64383e-13
-1.09059e-13
1.83645e-09
4.46051e-13
-4.87636e-13
8.61306e-10
6.47231e-13
2.02875e-10
-6.13551e-14
2.38771e-13
1.16354e-09
-2.96811e-13
-7.19509e-13
3.62388e-09
-2.64654e-13
-1.65998e-13
6.03571e-09
-1.76301e-13
-1.34503e-13
7.80564e-09
-2.35434e-13
-2.82414e-13
8.69849e-09
3.26224e-13
-1.35923e-13
8.69859e-09
6.25062e-13
-3.12552e-13
7.80562e-09
8.22126e-13
-1.72332e-13
6.03566e-09
7.02214e-13
-2.16599e-13
3.62385e-09
1.3217e-12
1.16352e-09
3.99661e-13
1.24151e-15
2.82263e-09
-1.55712e-13
-5.37182e-13
7.10613e-09
6.24731e-14
1.32565e-13
9.96807e-09
2.21095e-14
-2.77629e-13
1.1523e-08
7.51056e-14
-1.95298e-13
1.21892e-08
1.3621e-13
-3.8142e-13
1.21892e-08
4.14665e-13
-3.07651e-13
1.1523e-08
3.45087e-13
-1.28452e-13
9.96803e-09
2.96496e-14
6.80349e-14
7.10608e-09
1.13578e-12
2.82268e-09
7.67738e-14
1.17793e-13
4.57174e-09
4.64479e-13
-3.21763e-13
9.93133e-09
4.09954e-13
-3.93795e-14
1.25265e-08
1.79559e-13
-3.09423e-13
1.36862e-08
-2.93167e-14
4.00694e-14
1.41629e-08
-8.90068e-14
-9.56454e-15
1.41629e-08
-3.59184e-13
-2.62498e-13
1.36861e-08
-6.44385e-13
9.2747e-15
1.25265e-08
-4.23891e-13
1.88013e-14
9.93133e-09
5.95018e-13
4.57178e-09
-1.68036e-14
8.43532e-14
5.67014e-09
1.44497e-13
-2.68244e-14
1.14122e-08
1.89103e-13
2.63993e-14
1.37318e-08
4.0603e-14
-3.92874e-13
1.47023e-08
8.96919e-14
4.07344e-14
1.51131e-08
-4.93608e-14
-7.50584e-14
1.51131e-08
-2.00319e-13
-2.61419e-13
1.47022e-08
-2.71273e-13
9.51124e-14
1.37317e-08
-3.04063e-13
-1.59102e-13
1.14123e-08
2.31518e-13
5.67026e-09
-3.86393e-14
6.2478e-13
5.67022e-09
-2.67808e-13
2.16486e-13
1.14122e-08
-1.57876e-14
1.28717e-13
1.37318e-08
2.19793e-13
-1.7702e-13
1.47022e-08
1.00298e-13
-7.8448e-14
1.51131e-08
6.61904e-16
-7.89844e-16
1.5113e-08
-4.73747e-14
-7.96173e-14
1.47022e-08
-3.12076e-13
2.57931e-13
1.37317e-08
-1.84137e-13
1.8982e-14
1.14122e-08
-1.6772e-13
5.6702e-09
1.44664e-13
6.85333e-13
4.57168e-09
1.69982e-13
6.87687e-13
9.93122e-09
4.21296e-13
8.71369e-14
1.25268e-08
3.83692e-13
-1.39254e-13
1.36861e-08
2.23428e-13
2.31334e-13
1.41629e-08
2.27618e-14
2.40892e-13
1.41629e-08
-7.48748e-14
1.51792e-14
1.36861e-08
-4.22984e-13
1.92458e-13
1.25267e-08
-3.98194e-13
3.87031e-13
9.93119e-09
-4.75636e-13
4.57176e-09
9.30463e-13
5.90401e-15
2.8226e-09
5.00717e-13
1.20969e-12
7.106e-09
5.46964e-14
-6.03631e-14
9.96818e-09
2.55942e-13
-3.00003e-13
1.1523e-08
8.26018e-14
1.85249e-13
1.21892e-08
2.42547e-13
1.54216e-13
1.21891e-08
5.06413e-13
-3.01129e-13
1.15229e-08
3.27636e-13
8.24026e-14
9.96806e-09
-2.35068e-13
9.38967e-13
7.10603e-09
-8.22507e-13
2.82268e-09
2.32175e-13
-3.84343e-13
1.16357e-09
3.55083e-13
7.72616e-13
3.62391e-09
1.21864e-13
1.59976e-13
6.03564e-09
1.11833e-13
-2.5984e-13
7.80566e-09
2.36389e-14
-8.66166e-14
8.69851e-09
2.30173e-13
3.73066e-14
8.69856e-09
1.64886e-13
-3.26684e-13
7.80565e-09
3.12465e-13
1.3247e-13
6.03564e-09
2.63053e-13
8.15568e-13
3.62389e-09
-4.31889e-13
1.16359e-09
-5.65977e-13
2.02869e-10
5.74023e-13
8.61333e-10
5.91462e-13
1.83638e-09
1.72975e-13
2.77609e-09
7.52051e-14
3.34298e-09
7.87185e-14
3.34295e-09
-4.48144e-13
2.77611e-09
-1.76032e-13
1.83644e-09
3.70681e-13
8.61343e-10
2.0288e-10
-4.67275e-13
5.58025e-13
2.02869e-10
3.53726e-13
-6.75388e-13
8.61358e-10
-6.45078e-13
6.16593e-13
1.83641e-09
-6.00338e-13
5.3937e-14
2.77609e-09
-8.02248e-14
-4.19812e-13
3.34291e-09
3.71251e-13
-2.73943e-13
3.34293e-09
3.50994e-13
-8.69804e-14
2.77605e-09
-1.27216e-13
7.18569e-13
1.83636e-09
4.05043e-13
-4.7362e-13
8.61319e-10
5.53171e-13
2.02867e-10
-4.01263e-13
1.16203e-12
1.16359e-09
-5.6675e-13
-7.04883e-13
3.6236e-09
3.74464e-14
7.49852e-13
6.03543e-09
6.6333e-14
-4.72265e-13
7.80574e-09
5.62015e-13
-4.6709e-13
8.69864e-09
5.28081e-13
-6.97722e-13
8.69858e-09
8.87925e-13
-5.00503e-13
7.80579e-09
5.96317e-13
8.58766e-13
6.03549e-09
2.42724e-13
-2.8788e-13
3.62373e-09
7.07345e-13
1.16362e-09
-4.36771e-13
1.08334e-12
2.82279e-09
-6.66426e-13
-1.31293e-13
7.10606e-09
-3.08051e-13
5.35742e-13
9.96793e-09
2.24442e-13
-6.26557e-13
1.15228e-08
2.1128e-13
-4.20217e-13
1.21891e-08
2.99035e-13
-4.03492e-13
1.21892e-08
5.99992e-13
-7.48108e-13
1.15229e-08
4.38842e-13
7.08049e-13
9.96804e-09
-5.29266e-14
3.81059e-14
7.10618e-09
4.22743e-13
2.82279e-09
6.93682e-13
5.96553e-13
4.57176e-09
5.98646e-13
-1.53855e-13
9.93142e-09
5.80872e-13
2.30378e-13
1.25269e-08
1.50838e-13
-3.42114e-13
1.3686e-08
-1.35368e-13
-1.23404e-13
1.41629e-08
-4.78437e-13
-2.5183e-13
1.41629e-08
-7.16871e-13
-5.35494e-13
1.36861e-08
-5.07209e-13
4.8066e-13
1.25269e-08
-5.29593e-13
-1.27744e-13
9.93149e-09
2.22838e-13
4.57175e-09
1.12908e-13
-2.23171e-13
5.67041e-09
2.10265e-13
-1.10358e-13
1.14123e-08
2.85693e-13
6.54486e-14
1.37319e-08
1.52743e-13
-1.1975e-13
1.47022e-08
2.10498e-14
1.21821e-13
1.51131e-08
-2.96853e-13
1.10127e-13
1.51131e-08
-1.63787e-13
-1.93469e-14
1.47022e-08
-1.15913e-13
2.28587e-13
1.3732e-08
-2.63219e-13
3.8549e-14
1.14123e-08
-1.94707e-13
5.67029e-09
4.69629e-13
-4.68557e-13
5.67043e-09
3.25573e-13
-2.19271e-13
1.14123e-08
1.5432e-13
1.48717e-13
1.37319e-08
3.56923e-13
2.49181e-13
1.47022e-08
1.32946e-13
1.29382e-13
1.51131e-08
-1.52591e-13
1.86691e-13
1.5113e-08
-3.08235e-13
4.44413e-14
1.47022e-08
-3.03542e-13
2.58547e-14
1.3732e-08
-4.0862e-13
2.03636e-13
1.14122e-08
-5.30652e-13
5.67033e-09
4.68933e-13
-1.34261e-12
4.57193e-09
6.5042e-13
-7.12624e-13
9.93161e-09
2.96877e-13
2.91431e-13
1.25267e-08
1.54936e-13
4.13676e-13
1.36861e-08
1.41168e-13
4.29549e-13
1.41629e-08
-1.91016e-14
3.77624e-13
1.41629e-08
-4.17079e-13
3.24306e-13
1.36861e-08
-6.23252e-13
4.05391e-13
1.25267e-08
-4.86551e-13
-1.35911e-13
9.93153e-09
-1.10238e-12
4.57177e-09
-4.04123e-13
-1.38783e-12
2.82288e-09
-5.77303e-13
-6.47023e-13
7.10621e-09
-5.6225e-13
3.66927e-13
9.96784e-09
-2.34931e-13
1.84378e-13
1.15228e-08
-4.19037e-14
4.93312e-13
1.2189e-08
2.30397e-13
2.51239e-13
1.21891e-08
3.03196e-13
1.66575e-13
1.15228e-08
5.86637e-13
7.003e-13
9.96792e-09
1.52873e-13
-2.59726e-13
7.10617e-09
-1.13847e-12
2.82278e-09
-5.51317e-13
-6.69897e-13
1.16356e-09
-8.78182e-13
-1.33056e-13
3.62354e-09
-1.78717e-13
8.68427e-14
6.03545e-09
-4.92098e-15
-3.84476e-14
7.80567e-09
-1.51193e-13
1.96094e-13
8.69851e-09
2.94809e-13
2.30717e-13
8.69856e-09
3.63029e-13
-1.27024e-13
7.80571e-09
8.96179e-13
4.60036e-13
6.03561e-09
5.22949e-13
3.09747e-13
3.62369e-09
-5.17513e-13
1.16356e-09
-6.18075e-13
2.0286e-10
-5.13014e-13
8.61294e-10
-4.08272e-13
1.83645e-09
-5.25951e-13
2.77604e-09
-2.3839e-13
3.34293e-09
-7.52649e-14
3.34296e-09
-1.06375e-14
2.77603e-09
3.38554e-13
1.83644e-09
7.24332e-13
8.61319e-10
2.02875e-10
-8.22476e-13
9.87185e-13
2.02884e-10
-9.01223e-13
-1.79247e-13
8.61288e-10
-7.43171e-13
-3.9782e-14
1.83637e-09
-3.30651e-13
-1.79024e-13
2.77603e-09
-4.03425e-15
-2.70956e-13
3.34296e-09
1.05989e-13
-2.49666e-13
3.34292e-09
3.56012e-14
7.17978e-14
2.77605e-09
3.2934e-13
-8.24183e-14
1.83639e-09
5.65414e-13
-3.33492e-13
8.61288e-10
8.08219e-13
2.02878e-10
-2.7343e-13
1.00862e-12
1.16358e-09
-5.56786e-13
2.4806e-13
3.62403e-09
-1.1092e-12
3.07781e-14
6.03567e-09
-5.60461e-13
-4.462e-13
7.8056e-09
1.08402e-13
-8.73163e-13
8.69838e-09
9.20447e-13
-7.32087e-13
8.69841e-09
1.37187e-12
-5.62701e-13
7.80552e-09
1.37567e-12
5.08496e-14
6.03548e-09
3.86154e-13
2.19435e-13
3.62391e-09
1.25286e-12
1.16357e-09
7.60919e-13
6.75863e-13
2.82259e-09
6.21171e-13
-2.67929e-13
7.1061e-09
6.08236e-13
6.92553e-14
9.96806e-09
2.82682e-13
-5.2591e-13
1.1523e-08
1.65658e-13
-7.43669e-13
1.21892e-08
-3.75416e-13
-8.2081e-13
1.21892e-08
-1.41965e-13
-4.55461e-13
1.1523e-08
-1.28921e-13
-4.36471e-14
9.96806e-09
-2.15921e-13
3.01822e-13
7.10616e-09
1.16277e-12
2.82271e-09
2.91574e-13
5.03679e-13
4.57178e-09
6.10976e-13
-6.72579e-14
9.93125e-09
4.84697e-13
-3.8222e-14
1.25268e-08
4.29092e-13
-2.37178e-14
1.36861e-08
4.92169e-14
-8.76666e-14
1.4163e-08
-3.49888e-13
-1.32701e-13
1.41629e-08
-6.56032e-13
-2.87476e-13
1.36861e-08
-6.02977e-13
-2.47404e-13
1.25268e-08
-8.74207e-14
-3.62457e-14
9.93144e-09
7.0729e-13
4.57195e-09
3.16669e-13
1.82549e-13
5.67021e-09
2.09069e-13
-1.48353e-15
1.14121e-08
1.81181e-13
5.14937e-14
1.37319e-08
-2.01317e-14
-2.37557e-13
1.47022e-08
-3.8317e-14
-2.19067e-14
1.5113e-08
-2.90957e-13
-1.3914e-13
1.5113e-08
-2.82956e-13
-2.16315e-13
1.47022e-08
-2.65118e-13
7.86874e-14
1.3732e-08
-3.22886e-13
1.30826e-13
1.14123e-08
2.42199e-13
5.67038e-09
7.55054e-14
5.43893e-13
5.67026e-09
5.32831e-14
6.94946e-13
1.14121e-08
-4.30031e-15
-5.37731e-14
1.37319e-08
8.1302e-14
-3.13219e-13
1.47021e-08
-1.5463e-13
-1.23529e-14
1.5113e-08
-1.38973e-13
-4.56602e-14
1.51131e-08
-2.02238e-13
-3.06658e-13
1.47022e-08
-2.82304e-13
9.03512e-14
1.3732e-08
-3.74263e-13
9.79122e-15
1.14122e-08
-5.74182e-14
5.67036e-09
1.92625e-14
5.44767e-13
4.5717e-09
1.572e-14
8.4944e-13
9.93116e-09
4.12017e-13
-2.67692e-13
1.25269e-08
3.78367e-13
-2.80358e-13
1.36861e-08
1.00154e-13
1.54896e-13
1.41629e-08
-1.72342e-13
3.45183e-13
1.41629e-08
-3.84088e-13
4.50838e-15
1.36861e-08
-3.96309e-13
1.69429e-13
1.25268e-08
-1.43821e-13
1.54377e-13
9.93124e-09
-3.77542e-13
4.57192e-09
8.67324e-13
1.05833e-13
2.82256e-09
8.04267e-13
8.38791e-13
7.10611e-09
7.82042e-13
-3.47191e-13
9.96822e-09
3.95775e-13
-2.13293e-13
1.1523e-08
4.39365e-13
4.31162e-13
1.21892e-08
-6.30383e-14
3.91949e-13
1.21891e-08
4.49113e-14
8.99912e-14
1.15229e-08
-3.7391e-13
1.87528e-14
9.96809e-09
-5.27052e-13
3.39049e-13
7.10606e-09
-1.05489e-12
2.82265e-09
4.01959e-13
-5.74063e-13
1.1636e-09
3.55501e-13
3.4305e-13
3.62413e-09
-1.94539e-13
-2.48683e-13
6.03564e-09
-4.17757e-13
-3.86792e-13
7.80555e-09
1.63179e-13
1.34059e-13
8.69845e-09
6.25574e-13
2.4391e-13
8.69839e-09
9.07028e-13
-1.26661e-13
7.80554e-09
7.39198e-13
2.60061e-13
6.03558e-09
3.13514e-13
5.52156e-13
3.62395e-09
-7.60511e-13
1.16357e-09
-1.87943e-13
2.02895e-10
5.20501e-14
8.61338e-10
-7.08657e-14
1.83632e-09
-5.33494e-13
2.77605e-09
-8.4002e-14
3.34293e-09
-4.96931e-14
3.34288e-09
-1.8047e-13
2.77606e-09
2.92932e-13
1.83634e-09
8.61e-13
8.61331e-10
2.02867e-10
-7.26143e-13
5.00946e-13
2.02869e-10
-1.1092e-14
-5.97999e-13
8.61321e-10
-4.86649e-13
2.46378e-13
1.83641e-09
-6.00308e-13
1.54459e-13
2.77602e-09
-3.12134e-13
-2.5882e-13
3.34292e-09
6.60886e-14
-1.27022e-13
3.34294e-09
-2.11962e-13
1.89845e-13
2.77601e-09
-4.97015e-13
2.82421e-13
1.83643e-09
3.24174e-13
-8.76212e-13
8.61349e-10
3.53578e-13
2.02878e-10
-3.72725e-13
1.4464e-12
1.16356e-09
-1.1143e-12
-3.93502e-13
3.62366e-09
-7.72049e-14
-3.64556e-13
6.03555e-09
2.32884e-13
-6.12228e-14
7.80563e-09
1.00647e-13
-5.75895e-13
8.69851e-09
1.64345e-13
-3.25268e-13
8.69851e-09
2.15512e-13
3.57469e-14
7.80569e-09
3.0056e-13
-2.10561e-13
6.03568e-09
7.94705e-14
-5.40568e-13
3.62378e-09
4.40583e-13
1.16361e-09
-5.16344e-13
1.53745e-12
2.82288e-09
-9.43602e-13
5.56206e-13
7.10599e-09
-4.38472e-13
-4.99853e-13
9.96796e-09
-2.89704e-13
-5.64061e-13
1.15228e-08
-3.31731e-13
-3.44088e-13
1.21891e-08
-3.58174e-13
-3.39074e-13
1.21891e-08
2.26828e-13
-1.58105e-13
1.15229e-08
5.20756e-13
-5.04689e-13
9.96795e-09
3.5761e-13
3.77696e-14
7.10598e-09
6.21243e-13
2.82273e-09
5.7837e-13
6.25075e-13
4.57194e-09
9.09067e-13
2.31118e-13
9.93152e-09
3.99557e-13
-2.14292e-13
1.25267e-08
2.70791e-13
-1.6842e-13
1.36861e-08
-1.64627e-13
-1.78361e-13
1.41628e-08
-1.96407e-13
-4.84046e-14
1.4163e-08
-3.87483e-13
-1.79387e-13
1.36862e-08
-4.65319e-13
-3.63591e-13
1.25267e-08
-3.96762e-13
-2.5599e-13
9.93143e-09
4.10276e-13
4.57175e-09
2.88914e-13
3.53141e-13
5.67044e-09
3.53582e-13
-2.60136e-13
1.14125e-08
2.93356e-13
1.04905e-13
1.37319e-08
-1.69651e-14
-1.58821e-14
1.47022e-08
2.34828e-14
1.42096e-13
1.5113e-08
-7.65981e-14
-8.56545e-14
1.5113e-08
-1.27599e-13
-1.16412e-13
1.47022e-08
-2.43486e-13
-7.0162e-14
1.37318e-08
-3.19244e-13
-3.0302e-13
1.14123e-08
1.30758e-13
5.6703e-09
1.36364e-13
-2.74619e-13
5.67046e-09
4.98292e-13
-6.93506e-13
1.14125e-08
2.32998e-13
3.49902e-13
1.37319e-08
-3.30412e-16
8.66246e-14
1.47022e-08
-7.96095e-14
6.68945e-14
1.5113e-08
-1.19839e-13
-1.46015e-13
1.5113e-08
-2.7147e-13
-2.01442e-14
1.47022e-08
-3.05536e-13
2.81294e-13
1.37319e-08
-2.45679e-13
-4.6032e-13
1.14124e-08
3.55549e-13
5.67031e-09
6.77782e-13
-1.01876e-12
4.57197e-09
1.03036e-12
-1.32209e-12
9.93168e-09
4.44583e-13
8.96976e-13
1.25267e-08
2.82859e-13
4.14641e-13
1.36861e-08
1.00047e-13
3.44631e-13
1.41629e-08
1.1251e-13
2.8342e-13
1.41629e-08
-5.13703e-13
7.07304e-14
1.36861e-08
-9.01935e-13
8.27869e-13
1.25266e-08
-4.43042e-13
-9.30393e-13
9.93164e-09
-1.79737e-13
4.57181e-09
-1.48886e-13
-1.2661e-12
2.82282e-09
-4.48256e-13
-1.04337e-12
7.10612e-09
-3.06893e-13
8.48435e-13
9.96789e-09
-1.66884e-14
1.55821e-13
1.15229e-08
-9.84761e-14
4.03363e-13
1.21891e-08
1.12441e-13
3.65365e-13
1.21891e-08
3.21883e-13
2.6959e-13
1.15229e-08
2.54629e-13
1.11966e-12
9.96794e-09
-4.22469e-13
-9.8644e-13
7.10617e-09
-6.74969e-13
2.82278e-09
-4.83705e-13
-8.42541e-13
1.16354e-09
-1.07062e-12
-1.92033e-13
3.62362e-09
-1.80725e-13
4.8293e-13
6.03556e-09
2.12176e-13
8.20477e-14
7.80558e-09
4.12498e-14
2.68913e-13
8.69846e-09
2.43837e-13
2.54467e-13
8.69845e-09
4.76272e-13
1.06925e-14
7.80558e-09
6.67365e-13
5.1816e-13
6.03564e-09
4.67239e-14
7.1836e-14
3.62374e-09
-4.38968e-13
1.16361e-09
-7.09555e-13
2.02863e-10
-6.51604e-13
8.61289e-10
-7.29805e-13
1.83642e-09
-5.84616e-13
2.77593e-09
-3.84224e-13
3.34286e-09
-1.00792e-13
3.34288e-09
6.77922e-14
2.77593e-09
3.16839e-13
1.83638e-09
3.99416e-13
8.61278e-10
2.02874e-10
-4.93463e-13
4.71077e-13
2.02876e-10
-2.02781e-13
-4.40676e-13
8.61311e-10
-3.96753e-14
-9.40769e-15
1.83642e-09
1.95073e-14
1.40659e-13
2.77601e-09
1.83535e-13
-3.09527e-13
3.34291e-09
4.99374e-13
-2.87274e-13
3.34294e-09
5.24398e-13
-8.1968e-14
2.77603e-09
4.96927e-13
-6.33541e-15
1.8364e-09
5.60809e-13
-2.04136e-13
8.61279e-10
4.1231e-13
2.02856e-10
1.88977e-14
5.80809e-13
1.16362e-09
-4.22683e-13
-4.79924e-13
3.62392e-09
-6.34158e-13
-8.36716e-14
6.03566e-09
-6.49833e-13
-1.73285e-13
7.80557e-09
-3.55268e-13
-5.27643e-13
8.69844e-09
1.87184e-13
-4.44082e-13
8.69847e-09
4.39769e-13
-9.21732e-14
7.80557e-09
5.80039e-13
3.62346e-14
6.0356e-09
1.22799e-13
-2.96756e-13
3.6238e-09
1.05729e-12
1.16351e-09
5.84219e-13
1.16064e-13
2.8226e-09
4.95324e-13
-2.4714e-13
7.10611e-09
1.45454e-13
4.56646e-14
9.968e-09
2.04299e-13
-2.53754e-13
1.15229e-08
1.60288e-13
-4.20972e-13
1.21891e-08
1.1172e-13
-3.37409e-13
1.21891e-08
1.02751e-14
-4.00079e-13
1.15229e-08
2.18846e-15
-1.44143e-14
9.96803e-09
-3.4676e-14
-1.78537e-14
7.10611e-09
9.23989e-13
2.82266e-09
3.66755e-13
-6.21641e-14
4.57166e-09
3.97069e-13
-3.31141e-13
9.93129e-09
3.65233e-13
1.03682e-13
1.25266e-08
3.10363e-13
-1.20427e-14
1.36862e-08
5.78107e-15
-1.41342e-13
1.41629e-08
-5.17604e-13
-2.90922e-13
1.41629e-08
-5.24394e-13
-3.19975e-14
1.36861e-08
-4.35069e-13
1.22495e-13
1.25267e-08
-1.61893e-13
-4.20136e-14
9.93134e-09
4.9418e-13
4.57183e-09
4.76832e-14
2.20697e-13
5.67023e-09
-1.22156e-13
-3.61653e-14
1.14122e-08
3.59427e-14
6.80104e-14
1.37317e-08
5.0304e-14
-1.84926e-13
1.47021e-08
-9.20043e-14
-1.118e-13
1.5113e-08
1.34443e-13
-1.12133e-13
1.5113e-08
-6.86049e-14
-2.02895e-13
1.47022e-08
-1.75867e-13
2.34564e-13
1.37318e-08
-1.33904e-13
-4.8442e-15
1.14123e-08
2.49848e-13
5.67033e-09
7.24067e-14
5.40089e-13
5.67017e-09
-1.94747e-13
3.0019e-13
1.14122e-08
-1.1969e-13
1.29316e-13
1.37318e-08
-9.89528e-14
-1.15801e-13
1.47022e-08
-1.99284e-13
-9.33519e-14
1.5113e-08
-5.79262e-14
-4.66266e-14
1.5113e-08
-6.29986e-15
-3.86784e-14
1.47022e-08
-3.00997e-13
2.79503e-13
1.37318e-08
-2.3024e-13
8.10897e-14
1.14123e-08
3.42594e-14
5.67031e-09
3.37218e-13
3.7204e-13
4.57171e-09
3.51658e-13
5.92921e-13
9.9312e-09
3.29137e-13
-5.50606e-14
1.25268e-08
4.1571e-13
-5.00308e-14
1.36861e-08
9.04498e-14
-7.31078e-15
1.41628e-08
-1.44799e-14
1.17411e-13
1.41629e-08
-3.37594e-13
-1.97691e-13
1.36861e-08
-2.40483e-13
3.10991e-13
1.25267e-08
-3.52287e-13
3.88128e-13
9.93131e-09
-3.25256e-13
4.57183e-09
7.53436e-13
-1.00373e-13
2.82264e-09
3.62024e-13
1.31695e-12
7.10599e-09
8.84459e-14
8.88218e-14
9.96813e-09
3.96768e-13
-3.00832e-13
1.15229e-08
2.1423e-13
-2.73847e-14
1.21891e-08
2.08521e-14
-7.18242e-14
1.21891e-08
3.55291e-13
-1.17442e-13
1.15229e-08
-6.36389e-14
9.33177e-14
9.96813e-09
-4.70676e-13
1.08853e-12
7.106e-09
-4.46507e-13
2.82269e-09
2.66846e-13
-3.46073e-13
1.1636e-09
1.75643e-13
9.88532e-13
3.6239e-09
5.9604e-14
2.54215e-13
6.03562e-09
1.19469e-13
-3.11972e-13
7.80559e-09
-1.7421e-13
-1.1341e-13
8.69847e-09
2.04249e-13
1.45943e-13
8.69848e-09
-2.28997e-13
-3.28124e-13
7.80564e-09
2.11314e-14
3.18243e-13
6.03567e-09
1.69349e-13
7.1782e-13
3.62387e-09
-4.61169e-13
1.16356e-09
-5.22818e-13
2.02879e-10
7.58256e-13
8.61343e-10
5.99238e-13
1.8364e-09
1.79818e-13
2.77608e-09
1.10104e-13
3.34296e-09
5.4009e-14
3.34295e-09
-3.35e-13
2.77611e-09
-7.22526e-14
1.83642e-09
5.11596e-13
8.6132e-10
2.02871e-10
-3.05159e-13
6.05025e-13
2.02856e-10
-1.3114e-13
-7.68893e-13
8.61299e-10
-7.15333e-13
6.47089e-13
1.83637e-09
-6.9827e-13
-6.40578e-14
2.77608e-09
-9.74885e-14
-4.20171e-13
3.34295e-09
2.55678e-13
-4.65937e-13
3.34293e-09
4.80949e-13
-2.24272e-13
2.77608e-09
2.37097e-14
4.15135e-13
1.83637e-09
4.35971e-13
-6.75192e-13
8.613e-10
3.5986e-13
2.02875e-10
-4.48238e-13
1.08681e-12
1.16352e-09
-4.33295e-13
-5.98369e-13
3.62355e-09
-2.50241e-14
7.58501e-13
6.03544e-09
1.76233e-13
-7.33936e-13
7.80576e-09
4.0894e-13
-5.17832e-13
8.69863e-09
4.76997e-13
-4.52619e-13
8.69855e-09
4.63791e-13
-4.41089e-13
7.80574e-09
4.35659e-13
8.81801e-13
6.03555e-09
1.7288e-13
-2.4542e-13
3.62374e-09
1.03347e-12
1.1636e-09
-5.36162e-13
1.33251e-12
2.82276e-09
-8.28076e-13
3.30522e-13
7.10608e-09
-9.78671e-13
5.86566e-13
9.96789e-09
-2.24116e-13
-7.95239e-13
1.15228e-08
-1.46402e-13
-5.68221e-13
1.21891e-08
-3.79557e-13
-4.46728e-13
1.21891e-08
-1.38374e-13
-7.15041e-13
1.15228e-08
1.81568e-13
9.21118e-13
9.96799e-09
3.14693e-14
-1.09456e-13
7.10618e-09
4.38488e-13
2.82286e-09
6.02166e-13
6.83916e-13
4.57178e-09
6.08734e-13
3.33377e-13
9.9315e-09
5.49347e-13
3.63852e-13
1.25269e-08
2.27662e-13
-5.19098e-13
1.3686e-08
-2.83365e-15
-2.66327e-13
1.41629e-08
-3.24521e-13
-1.93993e-13
1.41629e-08
-6.80565e-13
-3.6514e-13
1.3686e-08
-7.77211e-13
4.74453e-13
1.25268e-08
-5.36922e-13
-1.64414e-13
9.9315e-09
1.59143e-13
4.57179e-09
3.88061e-13
3.7214e-14
5.67039e-09
1.60116e-13
3.57572e-14
1.14123e-08
4.54736e-13
1.80679e-13
1.3732e-08
2.68024e-13
-2.73909e-13
1.47022e-08
-7.09839e-14
-2.25921e-13
1.5113e-08
-8.29851e-15
1.08865e-13
1.5113e-08
-2.34556e-13
-1.25864e-13
1.47022e-08
-3.27962e-13
1.96538e-13
1.37319e-08
-3.5845e-13
-9.3922e-14
1.14124e-08
4.06585e-14
5.67037e-09
2.35568e-13
-1.82149e-13
5.67041e-09
1.47577e-13
5.90496e-14
1.14123e-08
3.17545e-13
2.75113e-13
1.37319e-08
1.37796e-13
4.11341e-14
1.47022e-08
2.70003e-14
1.16354e-13
1.5113e-08
-3.4646e-13
-1.40738e-14
1.5113e-08
-3.91961e-13
1.1961e-13
1.47022e-08
-2.67424e-13
3.45726e-13
1.3732e-08
-4.46052e-13
-2.1296e-13
1.14123e-08
-7.18549e-13
5.67035e-09
4.49512e-13
-1.10963e-12
4.57189e-09
9.05754e-13
-2.70383e-13
9.93162e-09
4.43556e-13
3.84774e-13
1.25267e-08
2.45054e-13
1.80888e-13
1.36861e-08
-4.68863e-14
2.34344e-13
1.41629e-08
-1.10612e-13
3.63646e-13
1.41629e-08
-3.02728e-13
5.63194e-13
1.36861e-08
-7.8128e-13
6.87374e-13
1.25267e-08
-7.25196e-13
-5.1089e-13
9.93148e-09
-1.23797e-12
4.57172e-09
-2.39576e-13
-1.11275e-12
2.82284e-09
-2.30656e-13
-2.7596e-13
7.10618e-09
-2.75825e-13
3.88837e-13
9.96782e-09
1.94258e-13
8.93299e-14
1.15228e-08
1.18891e-13
2.78212e-13
1.21891e-08
4.27657e-13
2.47829e-13
1.21891e-08
4.04704e-13
3.00264e-13
1.15228e-08
2.92385e-13
9.22008e-13
9.96781e-09
1.08201e-13
-3.32371e-13
7.10608e-09
-1.06341e-12
2.82268e-09
-6.70833e-13
-4.92833e-13
1.16353e-09
-7.08133e-13
3.91184e-13
3.62354e-09
2.46139e-13
2.32934e-13
6.03546e-09
3.54858e-13
-1.6477e-13
7.80568e-09
1.73036e-13
1.57831e-13
8.69861e-09
3.03564e-13
4.19864e-14
8.69859e-09
4.42006e-13
3.93984e-14
7.80567e-09
7.55856e-13
4.79861e-13
6.03545e-09
6.47461e-13
2.0883e-13
3.62358e-09
-6.45568e-13
1.16353e-09
-3.36309e-13
2.02853e-10
-6.47126e-13
8.61283e-10
-6.0244e-13
1.83644e-09
-3.0536e-13
2.77606e-09
-3.35838e-13
3.34296e-09
8.8052e-14
3.34298e-09
2.58988e-14
2.77603e-09
2.12615e-13
1.83642e-09
8.82061e-13
8.61289e-10
2.02865e-10
-7.1166e-13
7.6727e-13
2.02871e-10
-6.32416e-13
-4.29357e-13
8.61294e-10
-8.14136e-13
2.12994e-13
1.83635e-09
-3.50388e-13
7.47099e-14
2.776e-09
-1.77255e-13
-5.27879e-13
3.34288e-09
4.12091e-13
-4.52458e-13
3.34287e-09
9.38047e-14
4.26485e-14
2.77595e-09
1.04546e-13
1.66639e-13
1.83632e-09
6.33444e-13
-3.38173e-13
8.61312e-10
6.60549e-13
2.02874e-10
-2.62998e-13
9.89154e-13
1.16358e-09
-9.08394e-13
-7.96805e-14
3.624e-09
-1.21861e-12
1.82005e-13
6.03558e-09
-5.1482e-13
-3.66911e-13
7.80551e-09
-5.6198e-14
-8.88947e-13
8.69835e-09
6.02717e-13
-7.29602e-13
8.69834e-09
1.1708e-12
-3.025e-13
7.80545e-09
1.09463e-12
2.76831e-13
6.03547e-09
2.70336e-13
-2.1801e-14
3.62393e-09
1.27542e-12
1.16362e-09
7.61154e-13
8.30183e-13
2.82261e-09
4.56506e-13
-2.36369e-13
7.10609e-09
3.49767e-13
1.94356e-13
9.96806e-09
6.86932e-14
-4.91112e-13
1.15229e-08
-2.51703e-13
-5.27575e-13
1.21891e-08
-4.67045e-13
-5.89812e-13
1.21891e-08
-5.17942e-13
-4.23082e-13
1.15229e-08
-5.54706e-13
5.34951e-14
9.96811e-09
-4.93499e-13
-9.84367e-14
7.10617e-09
6.68134e-13
2.82267e-09
3.44548e-13
5.16589e-13
4.57177e-09
4.34959e-13
-2.40165e-13
9.93118e-09
4.74369e-13
2.24576e-13
1.25268e-08
3.94386e-13
-6.39145e-14
1.3686e-08
-9.11637e-14
-1.8025e-13
1.41629e-08
-4.26671e-13
-2.67004e-13
1.41628e-08
-5.89181e-13
-1.53929e-13
1.36861e-08
-4.62055e-13
6.72116e-14
1.25268e-08
-1.03813e-13
-1.68995e-13
9.93137e-09
4.5053e-13
4.57192e-09
3.98994e-13
3.19373e-13
5.67017e-09
2.55841e-13
6.18324e-14
1.14121e-08
1.73056e-14
5.22589e-14
1.37319e-08
1.35277e-13
-6.85883e-14
1.47021e-08
-5.56307e-14
-1.14098e-13
1.5113e-08
7.91999e-15
-5.10384e-14
1.5113e-08
-1.40544e-13
-1.56025e-13
1.47022e-08
-4.70251e-14
1.9451e-13
1.3732e-08
-3.69812e-13
1.42716e-13
1.14122e-08
1.36289e-13
5.67031e-09
1.15051e-13
4.33808e-13
5.6702e-09
-3.59934e-14
4.87669e-13
1.14121e-08
7.96592e-14
2.22572e-13
1.37319e-08
2.59308e-14
-9.66262e-14
1.47022e-08
9.34657e-14
-3.37445e-14
1.51131e-08
1.41226e-13
1.86768e-14
1.5113e-08
1.29724e-13
-2.84036e-13
1.47022e-08
5.66127e-14
1.8634e-13
1.3732e-08
-2.74775e-13
2.82127e-13
1.14123e-08
-9.20455e-14
5.67034e-09
-3.6979e-14
5.00964e-13
4.57165e-09
8.32853e-14
6.64744e-13
9.93107e-09
5.67937e-13
-2.9624e-13
1.25268e-08
3.82783e-13
-3.21437e-13
1.3686e-08
2.67405e-13
7.39019e-14
1.41629e-08
-1.28326e-13
2.02652e-13
1.41629e-08
-9.43771e-14
3.43382e-14
1.36861e-08
-2.73037e-13
-3.8133e-14
1.25268e-08
-4.81167e-14
3.03335e-13
9.93127e-09
-4.9517e-13
4.57187e-09
6.78106e-13
1.71514e-13
2.82251e-09
8.49732e-13
7.10874e-13
7.10601e-09
6.81211e-13
-3.09899e-13
9.96816e-09
5.25167e-13
-1.82367e-13
1.1523e-08
2.05275e-13
3.84439e-13
1.21892e-08
-2.2076e-13
2.80535e-13
1.21891e-08
-2.18514e-13
-7.6739e-14
1.1523e-08
-5.22855e-13
-1.49633e-13
9.96808e-09
-5.79457e-13
7.02037e-13
7.10602e-09
-8.85389e-13
2.82268e-09
7.49691e-13
-5.79431e-13
1.16358e-09
4.7289e-13
1.96742e-13
3.6241e-09
-3.33811e-13
-2.55077e-13
6.03565e-09
-2.36591e-13
-2.69402e-13
7.80556e-09
2.10805e-13
1.42897e-13
8.69837e-09
6.27199e-13
1.31407e-13
8.69839e-09
7.50444e-13
-2.46572e-13
7.80558e-09
6.29908e-13
1.86445e-13
6.03556e-09
3.80642e-14
5.67895e-13
3.62395e-09
-6.04217e-13
1.16355e-09
-2.79088e-13
2.02884e-10
-1.2924e-13
8.6134e-10
-3.51613e-13
1.83632e-09
-3.98123e-13
2.77603e-09
-1.04446e-13
3.34289e-09
-2.35161e-14
3.34288e-09
-1.40854e-13
2.77602e-09
-2.40197e-14
1.83632e-09
7.5625e-13
8.61315e-10
2.02863e-10
-1.00902e-12
9.29723e-13
2.02851e-10
-3.70688e-13
-4.47133e-13
8.61291e-10
-5.77644e-13
1.08948e-13
1.83633e-09
-6.01561e-13
8.516e-14
2.77597e-09
-2.55697e-13
-4.09003e-13
3.34286e-09
-1.04876e-13
-3.16197e-13
3.34292e-09
-1.17699e-13
1.75919e-13
2.77601e-09
-4.63159e-14
-2.14768e-14
1.83642e-09
6.54748e-13
-9.25197e-13
8.61328e-10
2.29202e-13
2.02867e-10
-6.99487e-13
1.48599e-12
1.16353e-09
-1.07812e-12
-7.18652e-14
3.62365e-09
-7.3204e-14
-4.119e-13
6.0355e-09
1.73343e-13
-2.25041e-13
7.80553e-09
3.0247e-15
-4.59027e-13
8.69849e-09
-7.82022e-14
-1.87333e-13
8.69855e-09
-1.87388e-13
1.90361e-13
7.80565e-09
2.08861e-13
-2.8449e-13
6.03567e-09
4.8231e-14
-4.24422e-13
3.62372e-09
3.26555e-13
1.16356e-09
-3.41982e-13
1.70677e-12
2.82285e-09
-5.69731e-13
7.18557e-13
7.10604e-09
-3.49118e-13
-5.43121e-13
9.96796e-09
-2.32724e-13
-4.3704e-13
1.15229e-08
-6.14689e-13
-2.96253e-13
1.21891e-08
-3.95796e-13
-3.4698e-14
1.21891e-08
-1.45129e-13
-2.64354e-13
1.15228e-08
4.31065e-13
-7.18833e-13
9.96783e-09
3.46649e-13
8.727e-14
7.10595e-09
6.73477e-13
2.82269e-09
6.53981e-13
6.15536e-13
4.57188e-09
9.48666e-13
3.62934e-13
9.93155e-09
4.62268e-13
-1.97796e-13
1.25267e-08
1.70446e-13
-1.8003e-13
1.36861e-08
-1.35842e-13
5.50513e-14
1.41628e-08
-6.79435e-14
-3.06796e-14
1.41629e-08
-6.02548e-13
-2.832e-13
1.36861e-08
-5.80297e-13
-3.37785e-13
1.25267e-08
-4.35537e-13
-1.75496e-13
9.93147e-09
5.53995e-13
4.5717e-09
2.96263e-13
2.48615e-13
5.67046e-09
4.56516e-13
-2.09568e-13
1.14125e-08
2.00012e-13
6.1426e-14
1.37319e-08
1.47403e-13
-1.40704e-13
1.47022e-08
-3.60352e-14
5.31545e-14
1.51131e-08
1.98704e-14
1.23304e-13
1.5113e-08
-6.30544e-14
2.0117e-14
1.47022e-08
-2.80485e-13
1.08635e-13
1.37318e-08
-3.31135e-13
-2.66235e-13
1.14123e-08
2.4202e-13
5.67029e-09
2.45264e-13
-2.51308e-13
5.67044e-09
4.82665e-13
-8.37267e-13
1.14124e-08
1.27182e-13
3.57544e-13
1.37319e-08
4.00469e-14
1.59346e-13
1.47022e-08
6.53277e-14
2.17286e-13
1.51131e-08
8.8499e-14
1.89192e-14
1.5113e-08
-1.22502e-13
1.16663e-14
1.47022e-08
-3.50213e-13
2.51521e-13
1.37318e-08
-1.99507e-13
-6.79137e-13
1.14123e-08
2.09825e-13
5.67026e-09
6.57556e-13
-9.73914e-13
4.57196e-09
1.01614e-12
-1.4451e-12
9.93165e-09
3.51971e-13
9.42762e-13
1.25266e-08
3.02362e-13
5.28186e-13
1.36861e-08
-9.87361e-14
2.28989e-13
1.41628e-08
-1.9822e-13
2.54513e-13
1.41628e-08
-6.10414e-13
3.8328e-13
1.36861e-08
-7.73176e-13
8.10639e-13
1.25266e-08
-4.9373e-13
-1.14009e-12
9.93158e-09
-1.52812e-13
4.57173e-09
-7.5238e-14
-1.43103e-12
2.82279e-09
-2.77597e-13
-1.21666e-12
7.10609e-09
-2.85356e-13
1.04957e-12
9.96786e-09
3.49729e-14
3.70447e-13
1.15229e-08
-6.9364e-14
1.61528e-13
1.2189e-08
1.89058e-13
4.0123e-13
1.21891e-08
2.05623e-13
1.56043e-13
1.15228e-08
2.73825e-13
7.37553e-13
9.96792e-09
-4.29037e-13
-1.02803e-12
7.10616e-09
-6.68674e-13
2.82271e-09
-4.62677e-13
-7.64801e-13
1.16357e-09
-1.23317e-12
-2.74868e-13
3.62366e-09
-2.81742e-13
3.84379e-13
6.03556e-09
-2.3661e-14
-2.09181e-14
7.80553e-09
1.6744e-13
2.43445e-13
8.69842e-09
2.11881e-13
3.14395e-13
8.69843e-09
4.28124e-13
-3.1236e-14
7.8055e-09
9.99932e-13
4.29922e-13
6.03557e-09
1.92063e-13
6.10411e-14
3.62369e-09
-5.40814e-13
1.16362e-09
-7.9103e-13
2.02857e-10
-9.3241e-13
8.61268e-10
-6.63925e-13
1.83639e-09
-6.32009e-13
2.77595e-09
-1.22938e-13
3.34285e-09
-4.10108e-15
3.34285e-09
1.18058e-13
2.7759e-09
3.16745e-13
1.83635e-09
4.91653e-13
8.61257e-10
2.02866e-10
-3.64925e-13
2.47101e-13
2.02878e-10
6.4055e-13
-5.33801e-13
8.6132e-10
5.2717e-13
-4.01893e-14
1.83645e-09
4.30485e-13
6.67213e-14
2.77602e-09
5.69167e-13
-1.99057e-13
3.34298e-09
5.1825e-13
-1.68563e-13
3.34294e-09
6.71636e-13
1.84947e-13
2.77602e-09
6.00542e-13
1.5445e-13
1.83638e-09
3.46973e-13
-3.6335e-13
8.61259e-10
7.05841e-13
2.02858e-10
2.48119e-13
2.12497e-13
1.1636e-09
-2.34338e-13
-8.11736e-13
3.62388e-09
-5.25102e-13
-3.53552e-14
6.03571e-09
-5.26469e-13
6.59533e-14
7.80561e-09
-9.7856e-14
-2.72546e-13
8.69851e-09
-4.31997e-14
-3.30713e-13
8.69848e-09
2.86068e-13
-1.86982e-13
7.80557e-09
3.46554e-13
-1.34941e-14
6.03567e-09
2.93101e-13
-8.17619e-14
3.62383e-09
8.91849e-13
1.16348e-09
3.49194e-13
-1.71408e-13
2.8226e-09
9.31923e-14
-5.1478e-13
7.10608e-09
5.74963e-14
4.49613e-14
9.968e-09
1.57384e-14
-6.97252e-14
1.15229e-08
2.82373e-13
-1.81831e-13
1.21892e-08
-8.24488e-14
-2.69406e-13
1.21891e-08
1.68694e-13
-1.82512e-13
1.15229e-08
6.34627e-14
-1.49978e-13
9.96805e-09
-2.52905e-13
-2.54589e-13
7.1061e-09
6.69533e-13
2.82262e-09
8.10167e-14
1.93096e-14
4.5717e-09
2.60774e-13
-4.3548e-13
9.93127e-09
3.17259e-13
-7.17161e-14
1.25265e-08
1.60676e-13
-8.88451e-14
1.36861e-08
-6.40348e-14
1.65965e-14
1.41629e-08
-4.43186e-13
-2.64722e-14
1.41629e-08
-5.19469e-13
8.54633e-14
1.36861e-08
-3.72358e-13
-3.65334e-14
1.25266e-08
-3.84202e-13
-2.21499e-13
9.93132e-09
4.7495e-13
4.57178e-09
-2.91976e-14
1.16727e-13
5.67016e-09
-3.60778e-14
-1.19665e-13
1.14122e-08
-2.22281e-14
2.77797e-13
1.37317e-08
5.9647e-14
-4.69266e-15
1.47022e-08
-8.89859e-15
-3.08158e-14
1.5113e-08
1.74778e-13
-1.29983e-13
1.51129e-08
-1.65066e-14
-2.54871e-13
1.47022e-08
-1.10004e-13
6.97723e-14
1.37317e-08
-1.88012e-13
-2.41837e-13
1.14122e-08
2.44963e-15
5.67029e-09
9.55952e-14
4.23416e-13
5.67022e-09
5.23907e-14
7.41717e-14
1.14122e-08
6.19039e-14
1.85678e-13
1.37318e-08
3.76535e-14
-1.13911e-13
1.47023e-08
-7.35699e-14
-2.0378e-13
1.5113e-08
2.06433e-14
-5.22411e-14
1.5113e-08
-1.14317e-13
-1.89603e-13
1.47022e-08
-2.42713e-13
3.45829e-13
1.37318e-08
-2.3331e-13
2.08262e-13
1.14123e-08
-3.00108e-14
5.67024e-09
2.6988e-13
3.347e-13
4.57169e-09
3.70987e-13
3.24079e-13
9.93125e-09
4.85379e-13
1.50648e-13
1.25267e-08
3.26064e-13
-4.5397e-14
1.36861e-08
2.52829e-13
-7.05971e-15
1.41628e-08
-1.53947e-13
-6.82235e-14
1.41629e-08
-2.00197e-13
-3.73703e-15
1.36861e-08
8.0718e-15
4.53826e-13
1.25267e-08
-3.06415e-13
4.62847e-13
9.93123e-09
-4.63028e-13
4.5718e-09
6.76975e-13
-3.20237e-13
2.82265e-09
3.32466e-13
9.85685e-13
7.10601e-09
1.61596e-13
1.68542e-13
9.96808e-09
3.5377e-13
-3.3602e-13
1.15229e-08
1.13465e-13
-6.94803e-14
1.21891e-08
1.70655e-13
6.1613e-14
1.21892e-08
3.89482e-13
-3.04499e-13
1.15229e-08
1.98719e-13
4.19315e-13
9.96814e-09
-4.02497e-13
1.37501e-12
7.10602e-09
-4.34081e-13
2.8227e-09
1.94256e-13
-4.84396e-13
1.16357e-09
5.28583e-14
6.62381e-13
3.62383e-09
2.8212e-14
2.52621e-13
6.03562e-09
1.61642e-13
-3.02553e-13
7.80561e-09
-7.19563e-14
-6.76446e-14
8.69846e-09
-1.73933e-13
-8.41747e-14
8.69847e-09
-1.31231e-13
-2.07121e-13
7.80565e-09
-1.50608e-13
3.98879e-13
6.03564e-09
5.73862e-14
9.52458e-13
3.62391e-09
-6.62225e-13
1.16355e-09
-5.84208e-13
2.02872e-10
2.47191e-13
8.61313e-10
6.55107e-13
1.83636e-09
2.33743e-13
2.77605e-09
-8.16493e-14
3.34296e-09
-1.10778e-13
3.34292e-09
-5.95703e-13
2.77609e-09
-3.92195e-13
1.83641e-09
6.15017e-13
8.61335e-10
2.02868e-10
-3.68076e-13
6.92906e-13
2.02862e-10
-2.88698e-13
-4.11921e-13
8.61322e-10
-9.89037e-13
6.34397e-13
1.83637e-09
-8.29649e-13
-1.49283e-13
2.77607e-09
-2.62823e-13
-3.66424e-13
3.34294e-09
-3.26742e-14
-4.39048e-13
3.3429e-09
1.08415e-13
-1.96129e-13
2.77603e-09
-3.14638e-13
4.62579e-13
1.83638e-09
4.36255e-13
-7.37202e-13
8.61316e-10
5.17452e-13
2.02869e-10
-4.45705e-13
1.17524e-12
1.16354e-09
-5.79225e-13
-2.97939e-13
3.62366e-09
-2.18407e-13
7.98376e-13
6.03549e-09
-1.28846e-13
-6.34307e-13
7.8058e-09
-2.12871e-14
-6.17477e-13
8.69864e-09
1.11743e-13
-5.69832e-13
8.6986e-09
4.03847e-13
-4.86056e-13
7.80576e-09
2.9128e-13
6.40321e-13
6.03551e-09
2.09237e-13
-5.82754e-13
3.62366e-09
8.06672e-13
1.16359e-09
-4.4063e-13
9.26484e-13
2.82281e-09
-7.49423e-13
1.10702e-13
7.10608e-09
-4.56801e-13
6.68527e-13
9.96798e-09
2.12849e-13
-8.00948e-13
1.15228e-08
-8.46854e-14
-6.45643e-13
1.21891e-08
-1.25546e-13
-4.90293e-13
1.21891e-08
1.82641e-13
-6.94671e-13
1.15229e-08
3.02708e-13
6.02189e-13
9.968e-09
3.99735e-14
-3.32576e-13
7.10606e-09
5.37865e-13
2.82273e-09
6.31331e-13
5.45643e-13
4.57184e-09
7.25374e-13
2.12163e-13
9.93145e-09
6.59829e-13
5.86211e-13
1.25269e-08
3.11811e-13
-4.04004e-13
1.36861e-08
-7.09121e-14
-1.99784e-13
1.4163e-08
-4.56895e-13
-1.17504e-13
1.41629e-08
-8.73738e-13
-4.43414e-13
1.36861e-08
-6.73792e-13
3.17044e-13
1.25268e-08
-5.73604e-13
-3.33573e-13
9.9313e-09
2.97158e-13
4.57167e-09
3.5408e-13
6.95837e-14
5.67044e-09
3.2386e-13
-7.75807e-15
1.14124e-08
3.17587e-13
4.50752e-13
1.3732e-08
7.1646e-14
-1.95989e-13
1.47022e-08
1.47108e-13
1.34253e-14
1.5113e-08
-1.70092e-13
-6.3842e-14
1.5113e-08
-4.31737e-13
-2.37476e-13
1.47021e-08
-3.17537e-13
1.85831e-13
1.37319e-08
-3.62538e-13
-3.31798e-13
1.14122e-08
-3.62132e-13
5.67027e-09
3.18055e-13
-3.91429e-13
5.67043e-09
3.9948e-13
-1.54891e-14
1.14124e-08
9.77055e-14
2.40181e-13
1.37319e-08
5.81015e-14
1.05636e-13
1.47022e-08
-3.40262e-14
-2.39916e-14
1.5113e-08
-1.08182e-13
1.67057e-13
1.5113e-08
-2.47646e-13
1.91403e-14
1.47021e-08
-3.4849e-13
2.69799e-13
1.37318e-08
-3.7747e-13
-1.85565e-13
1.14122e-08
-6.37721e-13
5.67033e-09
6.43981e-13
-1.22497e-12
4.57188e-09
7.39678e-13
-5.10555e-13
9.93162e-09
6.11065e-13
6.84992e-13
1.25267e-08
6.4562e-14
3.98825e-13
1.36861e-08
8.80797e-14
2.44365e-13
1.41628e-08
-2.75863e-13
2.72225e-13
1.41629e-08
-4.14728e-13
3.51058e-13
1.36861e-08
-6.19104e-13
6.90258e-13
1.25267e-08
-6.45213e-13
-5.1207e-13
9.93142e-09
-1.38834e-12
4.57171e-09
-2.56697e-13
-1.15603e-12
2.82287e-09
-4.30979e-13
-3.80326e-13
7.10621e-09
-3.71253e-13
8.69561e-13
9.96785e-09
-9.19807e-14
2.88065e-13
1.15228e-08
1.48166e-13
2.26369e-13
1.2189e-08
8.10435e-14
8.99452e-14
1.2189e-08
4.0493e-13
7.95357e-14
1.15228e-08
2.12e-13
6.82386e-13
9.96786e-09
2.02127e-13
-3.58398e-13
7.10614e-09
-1.25449e-12
2.82275e-09
-6.2553e-13
-7.16606e-13
1.16354e-09
-8.4204e-13
-7.39008e-14
3.62356e-09
-2.5659e-13
1.13379e-13
6.03538e-09
1.71731e-13
-8.71513e-15
7.80563e-09
1.24413e-13
9.2403e-14
8.69851e-09
1.44432e-13
1.48854e-13
8.69852e-09
4.19997e-13
-1.10178e-14
7.80569e-09
8.52819e-13
4.7911e-13
6.03557e-09
6.24072e-13
7.52252e-14
3.62364e-09
-6.87711e-13
1.16354e-09
-4.75479e-13
2.02862e-10
-5.83915e-13
8.61285e-10
-4.83702e-13
1.83643e-09
-3.78125e-13
2.77602e-09
-3.10797e-13
3.34289e-09
-5.92325e-14
3.34293e-09
3.18498e-14
2.77599e-09
5.76518e-13
1.83642e-09
7.90217e-13
8.6131e-10
2.02865e-10
-7.34853e-13
6.59974e-13
2.02876e-10
-1.02412e-12
-1.6522e-13
8.61345e-10
-8.25235e-13
2.1812e-13
1.83638e-09
-3.90777e-13
3.49955e-16
2.77596e-09
-3.20128e-13
-3.44531e-13
3.34279e-09
3.63667e-13
-3.00997e-13
3.34283e-09
2.84474e-13
3.76541e-14
2.77606e-09
8.7574e-14
5.3913e-14
1.83642e-09
5.43731e-13
-4.63879e-13
8.61362e-10
6.94465e-13
2.02874e-10
-1.53396e-13
1.56624e-12
1.1636e-09
-1.13129e-12
2.09709e-13
3.62399e-09
-1.30316e-12
3.21968e-13
6.0356e-09
-5.08536e-13
-3.46073e-13
7.80549e-09
6.50479e-15
-7.35255e-13
8.69826e-09
1.01301e-12
-5.91227e-13
8.69837e-09
1.69251e-12
-2.17332e-13
7.80558e-09
1.19404e-12
2.85068e-13
6.03568e-09
5.91686e-13
-6.36004e-14
3.62404e-09
1.14309e-12
1.16359e-09
3.90697e-13
5.90305e-13
2.8227e-09
5.25796e-13
-5.8837e-14
7.10614e-09
3.77791e-13
2.87127e-13
9.96813e-09
3.07081e-13
-3.77255e-13
1.1523e-08
3.92735e-14
-5.78839e-13
1.21891e-08
-1.28331e-13
-6.4701e-13
1.21891e-08
5.31135e-15
-4.17737e-13
1.1523e-08
-2.87592e-13
1.04293e-13
9.96816e-09
-4.84335e-13
1.20145e-14
7.10609e-09
1.11545e-12
2.82268e-09
3.35571e-13
5.03831e-13
4.57187e-09
6.2977e-13
-5.79257e-14
9.93135e-09
5.1552e-13
6.35996e-14
1.2527e-08
2.3886e-13
-1.32397e-13
1.36861e-08
-1.96187e-14
-7.53123e-14
1.4163e-08
-2.96014e-13
-2.09015e-13
1.4163e-08
-6.45993e-13
-2.35025e-13
1.36861e-08
-5.03685e-13
1.07476e-13
1.25269e-08
-1.26645e-13
-2.12721e-13
9.93131e-09
5.94436e-13
4.57186e-09
2.23805e-13
1.62631e-13
5.67036e-09
1.11309e-13
1.22701e-13
1.14122e-08
5.44445e-14
2.29648e-13
1.37319e-08
9.55438e-15
-6.40889e-14
1.47022e-08
-8.018e-14
-1.40656e-13
1.51131e-08
-7.91907e-14
-1.11729e-13
1.5113e-08
-7.44465e-14
-1.46814e-13
1.47022e-08
-3.25525e-13
9.45235e-14
1.37319e-08
-3.7857e-13
-2.06891e-13
1.14122e-08
2.25676e-13
5.67039e-09
1.42938e-13
2.40986e-13
5.67033e-09
1.44269e-13
5.99964e-13
1.14122e-08
9.65391e-14
3.31984e-13
1.3732e-08
7.16815e-14
-1.28025e-13
1.47022e-08
5.67555e-14
-2.99475e-13
1.51131e-08
-1.50716e-13
-1.07654e-13
1.5113e-08
-8.61254e-14
-1.70931e-13
1.47022e-08
-3.98337e-13
2.20542e-13
1.37319e-08
-2.90148e-13
6.37789e-14
1.14123e-08
-2.92971e-13
5.67038e-09
1.26207e-13
5.24806e-13
4.57169e-09
4.65618e-14
5.58613e-13
9.93129e-09
3.70182e-13
-1.22688e-13
1.25268e-08
1.59118e-13
-3.1329e-13
1.36862e-08
1.97919e-13
4.8409e-14
1.41629e-08
-1.9796e-13
3.07508e-13
1.4163e-08
-3.67071e-13
-1.71108e-14
1.36862e-08
-3.72527e-13
-1.33419e-14
1.25268e-08
-1.87496e-13
-1.59198e-13
9.9314e-09
-6.62073e-13
4.5719e-09
7.62291e-13
-2.75496e-13
2.82261e-09
6.54097e-13
6.36004e-13
7.10617e-09
5.6368e-13
-2.1655e-13
9.96805e-09
4.40216e-13
-1.9246e-13
1.1523e-08
4.40153e-13
2.7086e-13
1.21891e-08
1.03064e-13
2.66418e-13
1.21891e-08
1.98805e-13
7.41399e-14
1.1523e-08
-2.36522e-13
-3.52512e-14
9.96805e-09
-5.70592e-13
-6.43258e-14
7.1062e-09
-1.18066e-12
2.82272e-09
5.70834e-13
-6.98707e-13
1.16361e-09
1.88268e-13
2.90875e-13
3.62399e-09
-1.24596e-13
6.94509e-15
6.03555e-09
-2.42624e-13
-3.46782e-13
7.80548e-09
1.97769e-13
2.53404e-14
8.69831e-09
8.59336e-13
2.36878e-13
8.69829e-09
1.28844e-12
-7.64351e-14
7.80538e-09
9.81469e-13
2.91539e-13
6.03549e-09
5.7645e-13
3.63771e-13
3.624e-09
-7.58801e-13
1.16365e-09
-7.32903e-13
2.02877e-10
-3.79423e-13
8.61317e-10
-3.24111e-13
1.83639e-09
-5.20103e-13
2.77588e-09
-1.86819e-13
3.34279e-09
-5.29774e-14
3.34281e-09
-2.58614e-14
2.77589e-09
2.87417e-13
1.83642e-09
1.02847e-12
8.61293e-10
2.02882e-10
-7.9514e-13
8.29558e-13
2.0287e-10
-1.81115e-13
-3.69578e-13
8.61269e-10
1.26311e-12
-1.137e-12
1.83641e-09
7.34119e-13
-5.60827e-14
2.7761e-09
1.19709e-13
2.56188e-13
3.34309e-09
-2.30711e-13
1.98456e-13
3.34307e-09
-1.81647e-13
-3.01931e-13
2.77601e-09
8.90116e-13
-9.3288e-13
1.8364e-09
1.11839e-12
4.5529e-14
8.61282e-10
1.18278e-12
2.02876e-10
5.02428e-13
4.19667e-13
1.16359e-09
-2.38872e-13
1.21313e-13
3.62373e-09
1.17788e-13
-1.48405e-12
6.03563e-09
-4.18186e-14
-1.33469e-14
7.80558e-09
1.47844e-13
2.76908e-13
8.69848e-09
4.95132e-14
8.49479e-15
8.69847e-09
5.80448e-14
-3.18911e-13
7.80559e-09
3.42703e-13
-1.05942e-12
6.03554e-09
-4.14557e-13
7.38036e-13
3.62365e-09
1.11558e-12
1.16361e-09
7.97788e-13
-1.82659e-13
2.82267e-09
3.63205e-13
1.01492e-12
7.10606e-09
-1.75586e-13
-7.31343e-13
9.96793e-09
-4.85936e-13
-2.2273e-13
1.15229e-08
-3.27555e-13
1.4981e-16
1.21892e-08
-5.61203e-14
6.39822e-14
1.21892e-08
-7.34364e-14
-2.01438e-13
1.15229e-08
-2.31863e-13
-3.84486e-13
9.96799e-09
-7.03367e-13
1.34387e-12
7.10614e-09
2.83124e-13
2.82277e-09
-2.06885e-13
-6.96285e-14
4.57185e-09
-2.79958e-13
5.19863e-13
9.93144e-09
-3.35313e-13
-3.63324e-13
1.25265e-08
-1.2111e-13
9.907e-14
1.36861e-08
-8.69083e-14
-1.02659e-13
1.41628e-08
4.30045e-14
-1.31384e-13
1.41628e-08
9.90247e-14
-2.49421e-14
1.36861e-08
9.70307e-14
-7.65292e-14
1.25267e-08
1.02691e-13
7.36897e-13
9.93161e-09
3.56908e-13
4.57191e-09
8.81922e-14
3.32466e-14
5.67031e-09
2.27677e-13
4.90777e-13
1.14124e-08
2.79354e-14
-1.68885e-14
1.37318e-08
6.88588e-14
8.93065e-14
1.47022e-08
-7.25827e-14
-2.90159e-13
1.51131e-08
7.14671e-16
-5.10485e-14
1.51131e-08
-2.32545e-13
2.01342e-13
1.47022e-08
-4.74566e-13
1.52554e-13
1.37319e-08
-2.49584e-13
5.26317e-13
1.14124e-08
2.03003e-13
5.67031e-09
1.87973e-13
-7.65476e-14
5.6703e-09
2.09433e-13
3.02276e-13
1.14123e-08
6.16153e-14
2.64228e-13
1.37318e-08
6.0886e-14
2.60622e-13
1.47023e-08
3.43591e-14
-2.54728e-13
1.5113e-08
1.85128e-13
-5.77472e-14
1.51131e-08
-6.37447e-14
2.25098e-13
1.47021e-08
-1.95244e-13
3.4229e-13
1.37318e-08
-2.12816e-13
2.91356e-13
1.14124e-08
6.71466e-14
5.67031e-09
-1.33498e-14
-1.17776e-13
4.57191e-09
-5.60621e-13
3.97537e-14
9.93144e-09
-3.06266e-13
3.156e-13
1.25266e-08
-1.59078e-13
1.87162e-13
1.3686e-08
1.20076e-14
-2.58612e-13
1.41628e-08
7.46029e-14
-2.42332e-13
1.41629e-08
4.26378e-13
4.15093e-13
1.36861e-08
3.88641e-13
4.19361e-13
1.25267e-08
1.69532e-13
5.35009e-13
9.93146e-09
2.95368e-13
4.57183e-09
3.88871e-13
-8.61944e-13
2.82265e-09
-1.02791e-13
1.10125e-12
7.10599e-09
-4.5055e-13
4.45536e-13
9.96807e-09
-4.16985e-13
2.40356e-13
1.1523e-08
-4.79546e-13
-3.7536e-13
1.21893e-08
-6.19592e-13
-3.84745e-13
1.21893e-08
-3.60471e-13
1.51437e-13
1.15229e-08
-4.00515e-13
1.50678e-13
9.96799e-09
-7.02712e-13
1.06697e-12
7.10602e-09
-2.57205e-13
2.82265e-09
9.44977e-14
-7.60591e-13
1.16354e-09
2.83127e-13
1.25334e-12
3.62377e-09
4.92211e-13
6.51926e-13
6.03573e-09
1.94521e-13
1.80212e-13
7.80568e-09
-2.13504e-13
-3.24348e-13
8.69857e-09
-4.43518e-13
-2.40604e-13
8.69862e-09
-9.27519e-13
1.87098e-13
7.80573e-09
-1.10402e-12
1.818e-13
6.03561e-09
-4.71996e-13
7.79962e-13
3.62369e-09
-6.45754e-13
1.16352e-09
-7.06639e-13
2.0287e-10
4.76568e-13
8.61326e-10
9.58927e-13
1.8364e-09
7.9139e-13
2.7762e-09
2.42622e-13
3.34307e-09
-2.09984e-13
3.34304e-09
-2.06463e-13
2.77615e-09
-7.50698e-14
1.83638e-09
5.85844e-13
8.61334e-10
2.02868e-10
-8.95764e-13
8.9612e-13
2.02876e-10
-9.1121e-13
-2.71489e-13
8.61324e-10
-1.04335e-12
-5.27084e-15
1.83644e-09
-8.09376e-13
-9.41326e-14
2.77609e-09
-3.01884e-13
-5.32922e-13
3.34296e-09
5.85412e-14
-3.70761e-13
3.34295e-09
3.28774e-13
2.42359e-14
2.77606e-09
3.05489e-13
-1.64273e-13
1.8364e-09
7.45233e-13
-5.02933e-13
8.61308e-10
8.32088e-13
2.02864e-10
-1.0931e-13
1.26423e-12
1.16357e-09
-3.78806e-13
1.13822e-13
3.62376e-09
1.43914e-13
2.17225e-14
6.03559e-09
1.04731e-13
-3.58047e-13
7.80564e-09
1.49509e-13
-4.90047e-13
8.6986e-09
1.05002e-13
-4.65011e-13
8.69859e-09
2.62908e-13
-1.43655e-14
7.80564e-09
4.06825e-13
-2.91962e-13
6.03563e-09
9.90667e-14
-7.30391e-13
3.62378e-09
1.07913e-12
1.16354e-09
2.20397e-13
9.8231e-13
2.82269e-09
2.45248e-14
3.59326e-14
7.10606e-09
1.1311e-13
-6.30624e-15
9.968e-09
2.76703e-14
-5.70994e-13
1.15229e-08
3.36286e-14
-2.61261e-13
1.21892e-08
-6.32407e-14
-4.477e-13
1.21891e-08
4.57378e-14
-5.80576e-13
1.1523e-08
7.25959e-15
-4.79601e-13
9.96799e-09
3.50216e-14
-3.79366e-13
7.10609e-09
1.04106e-12
2.8227e-09
5.4529e-13
5.49166e-13
4.57187e-09
7.16857e-13
6.05781e-14
9.93147e-09
4.24666e-13
1.30526e-13
1.25267e-08
4.05915e-13
-2.54532e-13
1.36861e-08
1.07618e-14
-2.61579e-13
1.41628e-08
-1.90946e-13
-2.0801e-13
1.41629e-08
-4.3115e-13
-3.50327e-13
1.36861e-08
-6.43e-13
-2.62057e-13
1.25266e-08
-6.20403e-13
-3.53024e-13
9.93132e-09
6.15934e-13
4.5718e-09
6.70524e-14
1.98124e-13
5.67034e-09
1.68835e-13
1.35263e-13
1.14123e-08
5.30613e-14
-3.38665e-14
1.37318e-08
1.04219e-13
-1.73738e-13
1.47022e-08
1.44417e-13
-9.53715e-14
1.5113e-08
9.74932e-14
-6.68704e-14
1.51131e-08
8.51225e-14
-2.30433e-13
1.47022e-08
-2.89711e-13
-2.05233e-13
1.37318e-08
-2.72755e-13
-1.33427e-13
1.14123e-08
1.09052e-13
5.67032e-09
1.12258e-13
1.75547e-13
5.67032e-09
1.33332e-13
3.52457e-13
1.14123e-08
2.02846e-13
2.04933e-13
1.37319e-08
-1.15175e-14
-1.52412e-13
1.47022e-08
-6.27852e-15
-1.37911e-13
1.51131e-08
-3.89689e-14
-5.22723e-14
1.51131e-08
-9.57628e-14
-6.41965e-16
1.47022e-08
-2.36711e-13
-3.87387e-14
1.37319e-08
-2.96727e-13
-3.54825e-14
1.14123e-08
-1.91192e-13
5.67036e-09
7.82514e-13
-4.76245e-13
4.57177e-09
5.66048e-13
1.62059e-13
9.93138e-09
4.20269e-13
-1.1962e-13
1.25266e-08
2.64258e-13
-1.78688e-13
1.36861e-08
1.44071e-13
1.02813e-14
1.41629e-08
1.6313e-13
7.93151e-14
1.41629e-08
-2.78941e-13
-2.80698e-13
1.36861e-08
-2.59288e-13
-4.25099e-14
1.25268e-08
-5.03228e-13
1.02814e-13
9.93142e-09
-7.82368e-13
4.57182e-09
2.92871e-13
-8.97338e-13
2.8227e-09
-9.62549e-14
4.18582e-13
7.10609e-09
-8.74379e-14
-6.13986e-14
9.96801e-09
2.24411e-14
-3.99507e-13
1.15229e-08
1.86695e-13
1.78062e-13
1.21892e-08
-4.67628e-14
1.00601e-13
1.21892e-08
4.0477e-13
-2.36538e-13
1.15229e-08
2.4725e-13
3.0357e-14
9.96805e-09
-2.53606e-13
6.74789e-13
7.10612e-09
-8.8295e-13
2.82278e-09
-1.47501e-13
-7.68558e-13
1.16359e-09
3.06391e-13
3.53055e-13
3.62382e-09
-4.0654e-14
-8.38761e-14
6.03561e-09
-1.68771e-13
-2.75582e-13
7.80565e-09
3.61221e-14
1.88803e-13
8.69852e-09
1.84592e-13
1.20049e-13
8.69845e-09
1.78471e-13
-1.90685e-13
7.80564e-09
3.38295e-13
2.51335e-13
6.03561e-09
2.24711e-13
5.74081e-13
3.62382e-09
-8.08785e-13
1.1636e-09
-8.16529e-13
2.02874e-10
-2.71282e-13
8.6131e-10
-4.0435e-13
1.83642e-09
-6.2938e-13
2.77606e-09
-2.65275e-13
3.34298e-09
-1.11755e-13
3.34294e-09
4.21992e-14
2.77605e-09
3.71473e-13
1.8364e-09
6.3726e-13
8.61316e-10
2.02879e-10
-9.81328e-13
9.44411e-13
2.02888e-10
-6.46118e-13
-4.21858e-13
8.61346e-10
-6.65957e-13
8.04027e-14
1.83644e-09
-7.82398e-13
-2.2189e-13
2.77606e-09
-3.41353e-13
-3.92539e-13
3.34299e-09
4.84232e-14
-3.58806e-13
3.34301e-09
-8.47153e-14
-1.56377e-13
2.77611e-09
4.41984e-13
-6.98817e-14
1.83644e-09
3.00442e-13
-4.52706e-13
8.6134e-10
8.6339e-13
2.02889e-10
-5.00187e-13
1.12816e-12
1.16361e-09
-1.93168e-13
-2.9793e-13
3.62386e-09
-2.12955e-13
5.87789e-14
6.03562e-09
-5.22727e-14
-2.18271e-13
7.80565e-09
-9.42294e-15
-5.7035e-13
8.69857e-09
3.68784e-13
-5.53074e-13
8.69858e-09
6.80966e-13
-2.05168e-13
7.80573e-09
5.11234e-13
-3.16048e-13
6.03563e-09
4.00689e-13
-3.17204e-13
3.62382e-09
1.18178e-12
1.16358e-09
3.49421e-14
1.0986e-12
2.82274e-09
-6.95485e-15
-3.49282e-14
7.10615e-09
2.21055e-14
1.3376e-13
9.96803e-09
3.89975e-14
-2.25286e-13
1.15229e-08
-8.31716e-14
-4.11287e-13
1.21892e-08
-8.5829e-14
-4.73505e-13
1.21892e-08
2.94264e-14
-5.51734e-13
1.15229e-08
2.9783e-13
-2.70068e-13
9.96801e-09
9.18923e-14
-1.71963e-13
7.10604e-09
9.77096e-13
2.82271e-09
6.64836e-13
2.71195e-13
4.57177e-09
7.70745e-13
-1.45057e-13
9.93132e-09
4.92186e-13
9.27982e-14
1.25267e-08
3.20374e-13
-1.16083e-13
1.36861e-08
1.27644e-15
-2.0387e-13
1.4163e-08
-2.60474e-13
-5.98605e-14
1.41629e-08
-5.68472e-13
-3.83675e-13
1.36861e-08
-6.99401e-13
-1.54064e-13
1.25267e-08
-6.51871e-13
-6.65897e-14
9.93133e-09
4.37751e-13
4.57178e-09
3.1718e-13
1.67982e-13
5.67033e-09
2.11667e-13
-9.27232e-14
1.14122e-08
2.53814e-15
4.80932e-16
1.37319e-08
6.48992e-14
-6.9305e-14
1.47022e-08
1.70199e-13
-6.41824e-14
1.5113e-08
-1.16202e-13
-1.01311e-13
1.51131e-08
-2.31262e-13
-2.04316e-13
1.47022e-08
-2.51853e-13
1.64157e-13
1.37319e-08
-3.60059e-13
6.14149e-14
1.14122e-08
4.94604e-14
5.67029e-09
2.81637e-13
2.37742e-13
5.67037e-09
1.84223e-14
-8.89153e-14
1.14123e-08
7.18738e-14
7.92416e-14
1.37319e-08
5.38803e-14
-5.17149e-14
1.47022e-08
8.74708e-14
9.33453e-14
1.51131e-08
-6.01563e-14
-2.1866e-14
1.51131e-08
-6.82466e-14
-7.11523e-14
1.47022e-08
-3.33896e-13
1.38419e-13
1.37319e-08
-2.98763e-13
2.03448e-13
1.14123e-08
-3.03853e-13
5.6703e-09
5.25059e-13
-5.45955e-13
4.57183e-09
1.04852e-13
8.6863e-14
9.93141e-09
2.80364e-13
2.93369e-13
1.25268e-08
2.70281e-13
1.71279e-13
1.36861e-08
6.71276e-14
1.50756e-13
1.41629e-08
8.61086e-14
3.18151e-13
1.41629e-08
-2.96304e-13
-5.94119e-14
1.3686e-08
-2.01007e-13
4.0188e-13
1.25268e-08
-4.90064e-13
3.54914e-13
9.93148e-09
-8.40466e-13
4.57183e-09
1.63836e-13
-9.72551e-13
2.82275e-09
-2.27377e-13
5.49691e-13
7.10612e-09
-1.3856e-13
9.06611e-14
9.96801e-09
-4.19235e-14
-1.4192e-13
1.15229e-08
2.432e-13
2.79548e-13
1.21892e-08
2.79427e-13
2.5173e-13
1.21892e-08
5.3485e-13
-1.93127e-13
1.1523e-08
2.99207e-13
2.82388e-13
9.96803e-09
-2.19377e-13
9.04041e-13
7.10613e-09
-9.92999e-13
2.82272e-09
-1.13913e-13
-8.22428e-13
1.16358e-09
1.61108e-13
3.33467e-13
3.62385e-09
7.91402e-14
-6.38975e-14
6.03559e-09
-6.29752e-14
-3.16304e-16
7.80563e-09
4.41066e-14
2.78873e-13
8.69851e-09
1.82125e-13
2.22803e-13
8.69852e-09
3.61609e-14
-1.92283e-13
7.80564e-09
1.04286e-13
2.44781e-13
6.03559e-09
1.25261e-13
7.73409e-13
3.62378e-09
-5.62319e-13
1.1636e-09
-7.3826e-13
2.02876e-10
-3.48767e-13
8.61338e-10
-3.76057e-13
1.83641e-09
-6.67221e-13
2.77605e-09
-4.36458e-13
3.34294e-09
-1.19329e-13
3.34297e-09
-2.96848e-13
2.77605e-09
2.49266e-14
1.83641e-09
8.09115e-13
8.61306e-10
2.0287e-10
-6.522e-13
1.0781e-12
2.02867e-10
-6.32002e-13
2.4992e-14
8.61291e-10
-1.21308e-12
1.41194e-13
1.83636e-09
-7.9047e-13
-9.72433e-14
2.77599e-09
-2.22865e-13
-4.86213e-13
3.34288e-09
3.93699e-13
-4.10365e-13
3.34287e-09
5.83773e-13
2.19556e-15
2.77602e-09
6.93305e-13
-8.16603e-16
1.83641e-09
1.11007e-12
-2.32723e-13
8.61312e-10
8.65218e-13
2.02871e-10
-4.74017e-13
1.32115e-12
1.16357e-09
-7.73884e-13
3.08943e-13
3.6238e-09
-5.38145e-13
2.79928e-14
6.03557e-09
1.05092e-13
-1.94503e-13
7.80559e-09
3.38755e-13
-8.14314e-13
8.69844e-09
5.35834e-13
-7.94073e-13
8.69843e-09
8.66146e-13
-3.86827e-13
7.80562e-09
8.93969e-13
-1.29313e-13
6.03563e-09
4.5199e-13
6.04122e-14
3.62384e-09
1.46244e-12
1.16361e-09
1.97019e-13
1.26844e-12
2.8227e-09
-2.19706e-13
1.55554e-13
7.10617e-09
1.54853e-15
8.89683e-14
9.96809e-09
5.25555e-14
-3.30494e-13
1.15229e-08
-9.57494e-14
-4.97196e-13
1.2189e-08
-3.53124e-13
-7.67258e-13
1.21891e-08
9.7284e-14
-3.94284e-13
1.15229e-08
2.37193e-13
-1.18668e-13
9.96803e-09
1.91637e-14
1.41556e-13
7.10615e-09
1.38552e-12
2.82275e-09
6.1789e-13
5.49601e-13
4.57184e-09
6.79565e-13
7.36077e-14
9.93144e-09
5.81046e-13
1.30491e-13
1.25268e-08
3.06832e-13
-2.10052e-13
1.36861e-08
8.54086e-14
-2.29771e-13
1.41629e-08
-2.22278e-13
-3.22221e-13
1.41629e-08
-5.63984e-13
-3.54281e-13
1.36861e-08
-6.96466e-13
-1.82074e-13
1.25267e-08
-5.51091e-13
-2.03635e-14
9.9314e-09
6.2165e-13
4.57182e-09
1.61986e-13
5.30876e-13
5.67033e-09
5.97173e-14
9.52966e-14
1.14123e-08
2.13537e-13
3.05904e-13
1.37319e-08
2.51921e-13
-1.65488e-13
1.47023e-08
1.49461e-13
-6.21643e-14
1.51131e-08
-1.311e-13
-1.47344e-13
1.5113e-08
-8.22494e-14
-3.24773e-14
1.47022e-08
-2.69864e-13
1.00162e-14
1.37319e-08
-4.05099e-13
4.78014e-14
1.14123e-08
2.81526e-13
5.67034e-09
1.58655e-13
1.08385e-13
5.6703e-09
2.64016e-13
2.97341e-15
1.14123e-08
1.08073e-13
1.36496e-13
1.37319e-08
7.42257e-14
-1.13884e-13
1.47022e-08
-2.11299e-14
3.10387e-14
1.5113e-08
-1.41635e-13
-1.17736e-14
1.5113e-08
-2.57592e-13
-2.44717e-13
1.47022e-08
-3.97359e-13
1.10071e-13
1.37318e-08
-4.04132e-13
1.51751e-13
1.14123e-08
-1.10112e-13
5.67031e-09
7.36181e-13
-4.63204e-13
4.57185e-09
4.29646e-13
2.1267e-13
9.93142e-09
4.16961e-13
9.96854e-14
1.25268e-08
2.41925e-13
-1.14761e-13
1.36861e-08
9.62263e-14
3.07939e-13
1.41629e-08
-2.89132e-13
2.29401e-13
1.41629e-08
-2.35401e-13
-3.10594e-14
1.36861e-08
-3.47596e-13
6.95944e-14
1.25267e-08
-4.91693e-13
4.05895e-13
9.93135e-09
-6.0023e-13
4.57183e-09
3.03188e-13
-1.08587e-12
2.82273e-09
-1.32267e-14
7.41052e-13
7.10613e-09
-3.21175e-14
1.595e-13
9.96801e-09
1.9806e-13
-3.93747e-13
1.15228e-08
1.80703e-13
1.28342e-13
1.21891e-08
2.14591e-13
1.4247e-13
1.21892e-08
2.32382e-13
-3.16083e-13
1.15228e-08
4.27753e-13
3.4832e-13
9.96802e-09
-1.38671e-13
9.6808e-13
7.10612e-09
-7.38217e-13
2.82278e-09
3.10382e-14
-7.51386e-13
1.1636e-09
4.49283e-13
5.54889e-13
3.62381e-09
1.99442e-13
1.04041e-13
6.03559e-09
9.15015e-14
-1.86316e-13
7.80566e-09
1.3698e-13
1.97676e-13
8.69849e-09
8.79347e-14
1.60033e-13
8.69849e-09
3.23083e-14
-5.18268e-14
7.80561e-09
-9.74478e-14
2.88776e-13
6.03562e-09
-1.38943e-14
7.36631e-13
3.62386e-09
-6.22995e-13
1.16357e-09
-1.08637e-12
2.0288e-10
-4.16914e-13
8.61311e-10
-3.61972e-13
1.83639e-09
-6.21807e-13
2.77603e-09
-2.69764e-13
3.34293e-09
-4.43117e-13
3.34291e-09
-4.1412e-13
2.77603e-09
-2.66443e-13
1.83643e-09
6.03489e-13
8.61332e-10
2.02869e-10
-6.50905e-13
5.67049e-13
2.0287e-10
-1.50134e-13
-6.77858e-13
8.61348e-10
-3.29682e-13
-2.34277e-14
1.83642e-09
-4.04641e-13
-2.38834e-14
2.77607e-09
-1.86738e-13
-3.04026e-13
3.34294e-09
1.92634e-13
-3.25975e-13
3.34296e-09
1.94171e-13
-1.0005e-13
2.77602e-09
2.40903e-13
-1.90274e-13
1.8364e-09
8.99498e-13
-1.60483e-13
8.61297e-10
8.2702e-13
2.02871e-10
-3.18094e-13
1.23664e-12
1.1636e-09
-2.65649e-13
-5.45275e-13
3.62383e-09
-3.32306e-13
-3.35087e-13
6.03562e-09
-1.01356e-13
-1.63422e-13
7.80563e-09
-5.74665e-14
-6.74195e-13
8.69848e-09
2.62683e-13
-7.00006e-13
8.69848e-09
4.01359e-13
-4.32568e-13
7.80559e-09
3.01872e-13
-2.29528e-13
6.03558e-09
1.86544e-14
-3.62284e-14
3.6238e-09
1.32281e-12
1.16356e-09
-1.85895e-13
9.06951e-13
2.8227e-09
-8.08262e-14
-1.77687e-13
7.10606e-09
4.43341e-14
-3.07396e-13
9.96795e-09
2.22004e-13
-2.16042e-13
1.15229e-08
-4.4027e-14
-3.04779e-13
1.21892e-08
-2.32577e-13
-5.15733e-13
1.21891e-08
3.75044e-14
-5.50377e-13
1.15229e-08
4.74949e-14
-3.65507e-13
9.96795e-09
-5.8662e-14
-1.39276e-13
7.10609e-09
9.77059e-13
2.82275e-09
7.59402e-13
6.53959e-13
4.5718e-09
8.13663e-13
2.90917e-14
9.93137e-09
6.16941e-13
-4.70903e-14
1.25267e-08
3.97188e-13
-1.48239e-13
1.36862e-08
1.36207e-14
-1.47953e-13
1.41629e-08
-3.18978e-13
-1.89557e-13
1.41629e-08
-6.34566e-13
-2.46341e-13
1.36861e-08
-7.19232e-13
-2.40331e-14
1.25267e-08
-6.28373e-13
7.75108e-15
9.93137e-09
4.34784e-13
4.57179e-09
2.97479e-13
1.76947e-13
5.67027e-09
7.14805e-15
-3.05305e-14
1.14123e-08
8.91727e-14
-1.75713e-14
1.37319e-08
-9.14913e-14
-4.42894e-13
1.47021e-08
-6.25348e-15
-1.58691e-13
1.51131e-08
-8.61903e-14
-2.05258e-13
1.5113e-08
-1.93395e-13
-1.27596e-13
1.47021e-08
-2.67475e-13
1.85351e-13
1.37318e-08
-3.76161e-13
8.98198e-14
1.14123e-08
1.13667e-13
5.67028e-09
2.81263e-13
-6.11373e-15
5.6703e-09
1.20696e-13
1.93885e-13
1.14123e-08
1.5729e-13
2.2992e-13
1.37319e-08
3.97396e-14
-2.26825e-13
1.47023e-08
-1.02186e-13
-2.25455e-13
1.51131e-08
-3.86174e-14
4.53686e-14
1.51131e-08
-2.13123e-13
-1.45923e-14
1.47022e-08
-1.47122e-13
2.2085e-13
1.37318e-08
-2.52615e-13
8.95404e-14
1.14122e-08
-2.08101e-13
5.67027e-09
5.73242e-13
-8.02413e-13
4.57175e-09
4.44465e-13
2.12072e-13
9.93138e-09
4.60878e-13
1.04325e-13
1.25268e-08
2.77061e-13
-1.69822e-13
1.36862e-08
2.27109e-13
1.16137e-14
1.4163e-08
-2.5505e-13
2.55647e-13
1.41629e-08
-4.03988e-13
8.20676e-14
1.36861e-08
-2.47668e-13
4.52458e-13
1.25268e-08
-5.06432e-13
2.97509e-13
9.93134e-09
-6.77853e-13
4.57176e-09
2.64639e-13
-9.12686e-13
2.82269e-09
-1.01552e-13
7.64752e-13
7.10611e-09
7.37248e-14
1.89699e-13
9.96808e-09
1.78722e-13
-3.00783e-13
1.1523e-08
3.16672e-13
2.96679e-13
1.21892e-08
-5.76898e-14
2.38345e-13
1.21891e-08
3.03989e-13
-1.19482e-13
1.1523e-08
5.14938e-14
2.15624e-13
9.96803e-09
-1.62134e-13
7.82515e-13
7.10605e-09
-9.56804e-13
2.82266e-09
4.23022e-14
-9.64316e-13
1.16356e-09
1.06282e-13
2.9744e-13
3.62379e-09
3.31017e-13
-1.19406e-13
6.03561e-09
1.85609e-13
-2.90211e-13
7.80564e-09
2.07297e-13
2.18793e-13
8.69852e-09
4.29407e-14
2.01339e-13
8.69852e-09
1.52833e-13
1.26948e-14
7.80567e-09
-3.82897e-15
3.49013e-13
6.03556e-09
1.99141e-13
5.6662e-13
3.62374e-09
-8.08538e-13
1.16356e-09
-9.73636e-13
2.02865e-10
-6.93433e-13
8.61311e-10
-2.79907e-13
1.83643e-09
-6.51565e-13
2.77603e-09
-4.34101e-13
3.34296e-09
-2.55492e-13
3.34293e-09
-2.11354e-13
2.77603e-09
-5.11348e-15
1.83634e-09
7.55049e-13
8.61299e-10
2.02862e-10
-8.38288e-13
1.21924e-12
2.02872e-10
-7.30572e-13
-1.52297e-13
8.61296e-10
-8.58847e-13
1.70463e-13
1.83639e-09
-5.37519e-13
-1.20361e-13
2.77604e-09
-2.32015e-13
-3.82565e-13
3.34295e-09
1.07134e-13
-3.83779e-13
3.34296e-09
2.16157e-13
-5.3745e-14
2.77608e-09
3.41449e-13
-4.0014e-15
1.8364e-09
7.85244e-13
-4.46223e-13
8.6132e-10
6.66718e-13
2.02863e-10
-3.98394e-13
1.17557e-12
1.16357e-09
-3.10674e-13
-1.45129e-13
3.62379e-09
-3.99635e-13
-7.87626e-14
6.03556e-09
-2.69467e-14
-2.76232e-13
7.80562e-09
7.05743e-14
-5.64489e-13
8.69854e-09
2.49544e-13
-4.88291e-13
8.69857e-09
6.52354e-13
-7.21011e-14
7.80566e-09
4.29541e-13
-8.79182e-14
6.03557e-09
1.59432e-13
-2.23201e-13
3.62379e-09
1.31089e-12
1.16359e-09
1.34044e-13
1.09603e-12
2.82268e-09
1.20805e-13
-1.36969e-13
7.10609e-09
-1.84699e-13
-3.33959e-13
9.96799e-09
-4.22062e-14
-4.45675e-13
1.1523e-08
-1.77972e-13
-4.2385e-13
1.21891e-08
-3.25142e-13
-5.39216e-13
1.21891e-08
-2.05232e-13
-4.05899e-13
1.15229e-08
-4.82829e-14
-7.28911e-14
9.96796e-09
3.36343e-14
-6.28844e-14
7.10605e-09
9.68461e-13
2.8227e-09
4.12014e-13
4.02927e-13
4.57184e-09
6.30033e-13
-6.03056e-14
9.93145e-09
3.65634e-13
-6.56513e-14
1.25267e-08
2.85516e-13
-2.06414e-13
1.36861e-08
-7.6698e-14
-2.08569e-13
1.41629e-08
-2.83714e-13
-2.20279e-13
1.41629e-08
-4.76956e-13
-3.31976e-13
1.36861e-08
-6.10009e-13
-1.67306e-14
1.25267e-08
-4.99306e-13
2.39094e-14
9.93139e-09
6.74845e-13
4.57179e-09
2.93973e-13
1.91955e-13
5.67039e-09
-2.46039e-16
1.06945e-13
1.14123e-08
4.62518e-14
4.19387e-14
1.37318e-08
9.33249e-14
-2.08719e-13
1.47022e-08
8.13725e-14
-3.95856e-14
1.51131e-08
-2.1869e-13
-4.2608e-14
1.51131e-08
-2.58748e-14
-8.39276e-14
1.47022e-08
-3.49002e-13
4.5509e-14
1.37319e-08
-4.27048e-13
-6.34406e-14
1.14123e-08
1.96719e-13
5.67031e-09
4.08789e-13
-1.26534e-13
5.67036e-09
1.20933e-13
-5.31625e-14
1.14123e-08
1.35812e-13
-3.32976e-14
1.37319e-08
1.44349e-13
-3.73742e-13
1.47022e-08
8.60174e-14
-5.38718e-14
1.5113e-08
-1.43597e-13
-6.28317e-14
1.5113e-08
-1.23731e-13
-1.90549e-13
1.47022e-08
-2.7644e-13
2.10634e-13
1.37319e-08
-2.31012e-13
1.7513e-13
1.14123e-08
-1.92383e-13
5.67035e-09
6.31696e-13
-6.18015e-13
4.57183e-09
3.20175e-13
3.64439e-13
9.93142e-09
2.91157e-13
1.91569e-13
1.25267e-08
2.9961e-13
-1.642e-13
1.36861e-08
1.1247e-13
1.70444e-13
1.41629e-08
-5.86332e-14
2.40395e-13
1.41629e-08
-1.61771e-13
4.86072e-14
1.36861e-08
-2.91847e-13
4.6609e-13
1.25268e-08
-4.80695e-13
4.89205e-13
9.93142e-09
-6.12868e-13
4.57181e-09
2.3021e-13
-7.8815e-13
2.82274e-09
-1.15739e-13
9.2804e-13
7.10609e-09
-2.11941e-13
4.71498e-14
9.96801e-09
2.12288e-13
-3.53929e-13
1.15228e-08
2.97996e-13
2.73896e-14
1.21891e-08
1.41156e-13
1.22382e-13
1.21891e-08
3.75848e-13
-3.46848e-14
1.15229e-08
2.78836e-13
4.70415e-13
9.96798e-09
-1.62056e-13
8.75075e-13
7.10611e-09
-9.08755e-13
2.82274e-09
-6.96453e-14
-9.4672e-13
1.16357e-09
-1.896e-14
5.96139e-13
3.62381e-09
2.1238e-13
1.15057e-13
6.03556e-09
3.53032e-14
-3.24181e-13
7.80562e-09
1.54609e-13
2.19081e-13
8.69852e-09
1.88093e-13
1.49413e-13
8.69855e-09
-7.11084e-14
-4.82939e-14
7.80559e-09
-4.94316e-14
3.99497e-13
6.03554e-09
3.8455e-13
8.27024e-13
3.62382e-09
-6.77096e-13
1.16357e-09
-7.29375e-13
2.02865e-10
-6.07868e-13
8.61306e-10
-5.63236e-13
1.83638e-09
-5.63061e-13
2.77604e-09
-6.25608e-13
3.34291e-09
-2.133e-13
3.34297e-09
-6.6967e-13
2.77605e-09
-2.56423e-13
1.83643e-09
7.00493e-13
8.61332e-10
2.02873e-10
-3.97614e-13
7.79599e-13
2.02868e-10
-2.73462e-13
-6.15474e-13
8.61314e-10
-5.50199e-13
1.2622e-13
1.8364e-09
-3.64182e-13
1.64453e-13
2.77605e-09
-1.66117e-13
-4.31621e-13
3.34296e-09
2.85711e-13
-4.13448e-13
3.34294e-09
2.88654e-13
-2.73869e-13
2.77599e-09
1.84988e-13
-5.18828e-14
1.8364e-09
7.75317e-13
-3.24594e-13
8.61316e-10
7.49353e-13
2.02879e-10
-1.32856e-13
7.63501e-13
1.16354e-09
2.93759e-14
-5.86418e-13
3.62382e-09
-2.09249e-14
2.71872e-14
6.03559e-09
-1.40601e-13
-6.23489e-14
7.8057e-09
2.76431e-13
-5.99642e-13
8.6985e-09
4.42436e-13
-7.3176e-13
8.69847e-09
6.04057e-13
-2.42714e-13
7.8056e-09
7.31643e-13
-2.59602e-14
6.03557e-09
3.23657e-13
-2.09978e-13
3.62378e-09
9.27723e-13
1.16357e-09
-1.90959e-13
1.10272e-12
2.82274e-09
-2.76679e-13
-1.89687e-13
7.10607e-09
-1.07222e-13
-1.15819e-13
9.96801e-09
4.15904e-14
-3.17946e-13
1.15229e-08
-9.09669e-14
-3.03556e-13
1.21892e-08
-1.97734e-13
-4.41581e-13
1.21891e-08
-2.0465e-13
-4.30955e-13
1.15229e-08
4.92849e-14
-1.82302e-13
9.968e-09
-1.15362e-13
5.00005e-14
7.10606e-09
1.1489e-12
2.8227e-09
5.79922e-13
3.09873e-13
4.57179e-09
5.18095e-13
-2.44345e-13
9.93137e-09
4.06783e-13
-4.87876e-14
1.25267e-08
4.2555e-13
-1.31698e-13
1.36861e-08
1.17198e-13
-9.14947e-14
1.41628e-08
-3.68565e-13
-2.21354e-13
1.41629e-08
-4.97765e-13
-9.37256e-14
1.36861e-08
-5.33599e-13
-2.42415e-14
1.25267e-08
-5.39311e-13
3.44078e-15
9.93139e-09
3.47317e-13
4.5718e-09
2.79908e-13
1.74213e-13
5.67031e-09
9.69465e-14
1.50159e-14
1.14123e-08
1.39752e-13
1.0144e-13
1.37319e-08
9.33261e-14
-8.96347e-14
1.47022e-08
-2.40375e-14
-1.51028e-14
1.5113e-08
-1.28041e-13
-1.29941e-13
1.5113e-08
-2.31295e-13
-2.26419e-13
1.47021e-08
-2.47352e-13
-1.02404e-13
1.37319e-08
-3.13703e-13
2.86421e-13
1.14123e-08
2.79739e-13
5.67035e-09
2.5636e-13
-2.36233e-14
5.67036e-09
1.99895e-13
1.16387e-13
1.14123e-08
1.34134e-13
5.67235e-14
1.37319e-08
1.34925e-13
-3.0102e-13
1.47021e-08
-7.83238e-14
-1.54135e-13
1.5113e-08
-1.30485e-13
-1.65732e-13
1.5113e-08
-8.49975e-14
-2.33783e-13
1.47022e-08
-6.93042e-14
5.40803e-14
1.37319e-08
-2.98488e-13
1.76486e-13
1.14123e-08
-1.72086e-13
5.67037e-09
6.61855e-13
-5.73485e-13
4.57189e-09
3.87854e-13
3.23857e-13
9.93144e-09
3.89127e-13
2.24599e-13
1.25268e-08
4.01255e-13
-1.5685e-13
1.36861e-08
1.768e-14
5.91027e-14
1.41629e-08
-1.63605e-13
1.43361e-13
1.41629e-08
-3.03352e-13
-2.56485e-13
1.36861e-08
-5.47497e-13
-3.95062e-15
1.25267e-08
-5.88342e-13
4.96164e-13
9.93143e-09
-6.15874e-13
4.57185e-09
2.64769e-13
-8.32599e-13
2.82274e-09
3.47943e-14
8.7775e-13
7.1061e-09
-8.22415e-15
1.57133e-13
9.96807e-09
3.7193e-13
-3.53255e-13
1.15229e-08
2.81061e-13
1.46172e-13
1.21891e-08
1.74118e-13
1.10298e-13
1.21891e-08
2.0667e-13
-3.52268e-13
1.1523e-08
4.56636e-14
1.08493e-14
9.96803e-09
-3.71029e-13
6.36532e-13
7.10613e-09
-7.92804e-13
2.82273e-09
-1.26357e-13
-9.87961e-13
1.16355e-09
4.23799e-13
6.73409e-13
3.62379e-09
4.57256e-13
-4.48936e-15
6.03563e-09
1.83427e-13
-3.1046e-13
7.80563e-09
6.85455e-14
7.44553e-14
8.6985e-09
1.45139e-13
2.10339e-13
8.69848e-09
3.47632e-14
-8.0222e-14
7.80566e-09
-2.05156e-13
1.51453e-13
6.03564e-09
3.50482e-14
5.84216e-13
3.62384e-09
-8.15722e-13
1.16359e-09
-9.40907e-13
2.02878e-10
-3.45387e-13
8.61316e-10
-4.6454e-14
1.83644e-09
-6.44326e-13
2.77604e-09
-1.41382e-13
3.34295e-09
7.04689e-14
3.34292e-09
-1.60693e-13
2.77603e-09
2.09444e-13
1.83642e-09
5.96688e-13
8.61326e-10
2.02883e-10
-6.46698e-13
9.85264e-13
2.02869e-10
-4.714e-13
-4.98673e-13
8.61288e-10
-5.54259e-13
-1.58659e-14
1.83637e-09
-3.77949e-13
-3.83371e-14
2.77603e-09
-2.27007e-13
-5.16579e-13
3.34291e-09
3.62549e-13
-3.37408e-13
3.34295e-09
2.25031e-13
1.83239e-14
2.77603e-09
1.00687e-13
-2.17481e-13
1.83641e-09
8.00013e-13
-3.28427e-13
8.61318e-10
7.2267e-13
2.0288e-10
-2.1198e-13
1.21359e-12
1.16357e-09
-4.97478e-13
-3.17029e-13
3.62376e-09
-6.26393e-14
-2.14395e-13
6.03559e-09
1.47849e-13
-8.69668e-14
7.80566e-09
9.33796e-14
-6.52179e-13
8.69849e-09
4.22845e-13
-5.56793e-13
8.69851e-09
4.42181e-13
-2.46608e-13
7.80564e-09
6.35027e-13
-1.83806e-13
6.03562e-09
2.2065e-13
-3.45444e-13
3.62386e-09
1.12584e-12
1.1636e-09
1.25045e-13
9.36057e-13
2.82273e-09
-6.55264e-14
-7.52359e-14
7.1061e-09
2.87248e-13
-1.46266e-13
9.96797e-09
2.1394e-13
-3.95644e-13
1.1523e-08
2.57847e-16
-5.34342e-13
1.21891e-08
1.11715e-13
-5.07182e-13
1.21891e-08
3.42926e-13
-3.49814e-13
1.15229e-08
2.60607e-13
-6.74217e-14
9.96801e-09
-3.92991e-15
-5.18506e-14
7.10614e-09
1.25969e-12
2.82275e-09
6.86311e-13
4.11731e-13
4.57175e-09
7.89389e-13
-3.18208e-15
9.93137e-09
4.81799e-13
-1.62043e-13
1.25267e-08
3.12262e-13
-2.67429e-13
1.36861e-08
-1.12339e-14
-1.37553e-13
1.41629e-08
-3.14004e-13
-2.54086e-13
1.41629e-08
-3.8438e-13
-3.01634e-13
1.36861e-08
-6.69215e-13
-1.9855e-13
1.25267e-08
-4.6239e-13
-5.84721e-14
9.93144e-09
6.89908e-13
4.57183e-09
3.13047e-13
1.43967e-13
5.6703e-09
1.63133e-13
-5.69507e-14
1.14123e-08
1.40089e-13
-1.1138e-13
1.37319e-08
2.18148e-13
-2.19477e-13
1.47022e-08
-4.71245e-14
3.87546e-14
1.5113e-08
-6.18269e-14
7.76992e-14
1.5113e-08
-9.16875e-14
-1.48776e-13
1.47022e-08
-1.79229e-13
4.05121e-14
1.37319e-08
-3.63021e-13
-4.43975e-14
1.14123e-08
3.07485e-13
5.6703e-09
3.28069e-13
-2.18426e-14
5.6703e-09
2.9897e-13
1.49687e-13
1.14123e-08
1.48657e-13
3.98276e-14
1.37319e-08
1.60742e-13
-1.24507e-13
1.47022e-08
-4.0514e-14
2.3727e-14
1.5113e-08
-4.85899e-14
9.12865e-14
1.5113e-08
-1.47621e-13
-1.12371e-13
1.47022e-08
-2.26858e-13
1.58128e-13
1.37318e-08
-2.92718e-13
1.16534e-13
1.14123e-08
-9.92883e-14
5.67033e-09
6.2135e-13
-7.30446e-13
4.57178e-09
4.04109e-13
1.91393e-13
9.93139e-09
4.06974e-13
1.39029e-13
1.25267e-08
2.24424e-13
-7.63857e-15
1.36861e-08
-4.89386e-14
2.09124e-13
1.41629e-08
-1.24251e-13
3.10191e-13
1.41629e-08
-4.22928e-13
-5.22923e-14
1.3686e-08
-2.0114e-13
1.99255e-13
1.25267e-08
-4.38074e-13
2.425e-13
9.93143e-09
-4.68807e-13
4.57185e-09
2.27434e-13
-9.78785e-13
2.82266e-09
2.34851e-14
5.31824e-13
7.10606e-09
1.45965e-13
-2.73105e-14
9.968e-09
2.67248e-13
-2.97253e-13
1.15229e-08
2.88575e-13
2.92978e-13
1.21892e-08
2.36403e-13
3.4965e-13
1.21892e-08
2.50295e-13
-1.0942e-13
1.1523e-08
1.82307e-13
1.85126e-13
9.96811e-09
-3.82496e-13
7.46234e-13
7.1061e-09
-6.69558e-13
2.82274e-09
3.28107e-15
-9.06333e-13
1.16358e-09
3.03989e-13
3.81403e-13
3.6238e-09
7.97597e-14
-1.25583e-13
6.03556e-09
1.47528e-13
-1.40161e-13
7.80564e-09
1.65241e-13
2.75033e-13
8.69855e-09
1.5784e-13
2.25563e-13
8.69851e-09
6.69434e-14
2.16732e-14
7.80564e-09
2.0407e-13
3.83764e-13
6.03559e-09
-4.38899e-14
5.33147e-13
3.62377e-09
-7.13403e-13
1.16356e-09
-9.7914e-13
2.02872e-10
-3.9998e-13
8.61325e-10
-5.59903e-13
1.83636e-09
-8.55044e-13
2.77603e-09
-2.95409e-13
3.34294e-09
1.47062e-14
3.34293e-09
-4.99504e-14
2.77608e-09
1.61136e-13
1.83639e-09
6.71619e-13
8.61309e-10
2.02871e-10
-8.2295e-13
7.22358e-13
2.0287e-10
-7.64391e-13
-3.26111e-13
8.61339e-10
-4.19732e-13
1.26614e-13
1.8364e-09
-8.31544e-13
-5.21662e-14
2.77603e-09
-4.56604e-13
-5.01616e-13
3.34293e-09
5.30461e-14
-2.91008e-13
3.34295e-09
1.86766e-13
1.02191e-13
2.77608e-09
2.70275e-13
-1.65714e-13
1.8364e-09
6.20061e-13
-5.88856e-13
8.61331e-10
6.18064e-13
2.02874e-10
-3.43786e-13
1.09976e-12
1.16358e-09
-2.81496e-13
-1.10946e-13
3.62381e-09
-1.13933e-13
-2.84642e-13
6.03562e-09
-2.66873e-14
-2.76545e-13
7.80563e-09
3.79043e-14
-6.86957e-13
8.69854e-09
3.06629e-13
-6.40224e-13
8.69855e-09
5.60017e-13
-1.00987e-13
7.80563e-09
5.8393e-13
-9.21965e-14
6.03561e-09
4.01677e-13
-4.11682e-13
3.62383e-09
9.68174e-13
1.16359e-09
5.08056e-14
9.53358e-13
2.8227e-09
-4.51118e-13
-2.97931e-13
7.10603e-09
7.56803e-14
-3.87298e-13
9.96802e-09
-5.23155e-15
-6.20552e-13
1.15229e-08
-1.78417e-13
-6.18535e-13
1.21892e-08
7.07481e-14
-4.7797e-13
1.21892e-08
1.63551e-13
-4.02052e-13
1.15229e-08
3.25438e-13
-1.17632e-13
9.96801e-09
8.48071e-14
-2.73879e-14
7.10612e-09
1.06088e-12
2.82274e-09
6.03353e-13
6.15441e-13
4.57178e-09
5.57963e-13
8.57661e-14
9.93137e-09
4.17204e-13
-9.3925e-14
1.25267e-08
6.302e-14
-3.16907e-13
1.36861e-08
-2.26032e-13
-2.82789e-13
1.4163e-08
-4.49356e-13
-1.33051e-13
1.4163e-08
-5.87619e-13
-5.62051e-14
1.36862e-08
-6.62889e-13
1.55004e-13
1.25268e-08
-8.40473e-13
-1.07064e-13
9.9314e-09
4.75516e-13
4.5718e-09
2.82956e-13
2.14305e-13
5.67032e-09
1.79028e-13
2.67954e-14
1.14123e-08
3.45085e-14
-1.42139e-14
1.37318e-08
6.50989e-14
-1.13779e-13
1.47022e-08
1.27975e-15
-1.33959e-13
1.51131e-08
-4.34207e-14
-3.40489e-14
1.51131e-08
-1.26705e-13
-1.59009e-13
1.47022e-08
-3.74863e-13
2.74738e-14
1.37319e-08
-2.92409e-13
3.61231e-14
1.14123e-08
1.02597e-13
5.67032e-09
2.32319e-13
8.19604e-14
5.67037e-09
2.84786e-13
2.04054e-13
1.14122e-08
1.08047e-13
3.84442e-14
1.37318e-08
4.41609e-14
-5.76852e-14
1.47022e-08
-5.06082e-14
-9.3039e-14
1.51131e-08
-2.24379e-13
-3.08055e-14
1.51131e-08
-3.24347e-13
-1.86394e-13
1.47022e-08
-3.46037e-13
3.32035e-13
1.37319e-08
-3.59327e-13
1.43953e-13
1.14124e-08
1.60983e-13
5.67033e-09
5.62444e-13
-6.43244e-13
4.57182e-09
3.25615e-13
3.41611e-13
9.93138e-09
3.96503e-13
4.08644e-13
1.25267e-08
1.49376e-13
1.44591e-14
1.3686e-08
-1.10287e-13
1.78035e-13
1.41629e-08
-4.61825e-13
2.98217e-13
1.41629e-08
-3.62695e-13
2.88712e-14
1.36861e-08
-5.04482e-13
2.56777e-13
1.25268e-08
-5.10141e-13
1.444e-13
9.93144e-09
-6.14201e-13
4.57178e-09
1.37427e-13
-9.3553e-13
2.82271e-09
-1.44088e-13
7.09743e-13
7.10613e-09
-3.29992e-13
1.00192e-13
9.96796e-09
1.55196e-13
-2.14069e-13
1.15228e-08
1.47917e-13
2.50391e-13
1.21891e-08
6.46085e-14
1.81469e-13
1.21891e-08
2.48371e-13
-2.66469e-13
1.15229e-08
1.98889e-13
2.06084e-13
9.968e-09
-2.00958e-13
6.14945e-13
7.1061e-09
-8.59649e-13
2.82274e-09
-1.51475e-13
-7.38681e-13
1.16357e-09
1.70369e-13
4.87447e-13
3.6238e-09
4.3852e-13
6.27942e-14
6.03556e-09
3.0449e-13
-1.93893e-13
7.80558e-09
3.68866e-13
2.24619e-13
8.69848e-09
5.38691e-13
2.23597e-13
8.69843e-09
3.08578e-13
-5.16629e-14
7.80562e-09
1.62559e-13
3.50588e-13
6.03556e-09
1.3371e-13
6.48732e-13
3.62383e-09
-6.5658e-13
1.1636e-09
-7.47543e-13
2.0287e-10
-4.46229e-13
8.61304e-10
-3.30987e-13
1.83641e-09
-5.43293e-13
2.77601e-09
-4.50514e-13
3.34291e-09
-4.26213e-14
3.34293e-09
-2.06599e-13
2.77603e-09
4.82325e-14
1.83638e-09
7.96027e-13
8.61322e-10
2.02876e-10
-1.12507e-12
1.01145e-12
2.02879e-10
-8.76188e-13
-6.62045e-14
8.61325e-10
-9.69032e-13
-2.5463e-14
1.83644e-09
-6.73907e-13
-3.13357e-13
2.77606e-09
-2.65788e-13
-5.13265e-13
3.34294e-09
-1.47249e-13
-3.21482e-13
3.34297e-09
1.86052e-16
-1.45892e-13
2.77606e-09
4.44785e-13
-2.76622e-13
1.83642e-09
9.41288e-13
-3.51718e-13
8.61351e-10
8.0596e-13
2.0288e-10
-4.82367e-13
1.51236e-12
1.16357e-09
-7.09701e-13
1.8406e-13
3.62381e-09
-3.55584e-13
-2.09301e-13
6.03562e-09
7.24946e-14
-6.30359e-13
7.80562e-09
2.72858e-13
-5.24287e-13
8.69854e-09
1.23152e-13
-6.24467e-13
8.69852e-09
4.20995e-13
-2.83674e-13
7.80566e-09
6.14822e-13
-2.7318e-13
6.03561e-09
3.85883e-13
-2.53338e-13
3.62379e-09
1.23278e-12
1.1636e-09
1.36216e-13
1.08293e-12
2.82272e-09
1.17821e-13
3.33611e-13
7.10614e-09
1.82559e-13
-1.62681e-13
9.96802e-09
6.35552e-13
-6.35339e-13
1.15229e-08
1.64018e-14
-7.38905e-13
1.21891e-08
2.64813e-13
-4.35671e-13
1.21891e-08
2.91517e-13
-4.43797e-13
1.15229e-08
3.47944e-13
-3.22438e-13
9.96802e-09
1.17159e-13
-3.85653e-14
7.1061e-09
1.28794e-12
2.82274e-09
7.99719e-13
7.44579e-13
4.57184e-09
7.49029e-13
1.30044e-13
9.93145e-09
4.8966e-13
-5.60903e-14
1.25267e-08
1.39747e-13
-5.46796e-13
1.36861e-08
-1.98801e-13
-3.6473e-13
1.41629e-08
-3.94492e-13
-1.71592e-13
1.41629e-08
-7.20477e-13
-2.01485e-13
1.36861e-08
-7.09606e-13
-4.71171e-14
1.25268e-08
-7.14097e-13
-8.28216e-14
9.93144e-09
7.43938e-13
4.57183e-09
2.014e-13
2.89084e-13
5.67031e-09
9.90316e-14
1.40034e-13
1.14123e-08
1.64265e-13
-1.25795e-13
1.37319e-08
4.68703e-14
-3.71184e-13
1.47022e-08
3.11266e-14
-1.67073e-13
1.51131e-08
-1.60601e-13
-1.88185e-13
1.5113e-08
-2.33344e-13
-2.90317e-13
1.47022e-08
-3.34477e-13
1.26608e-13
1.37318e-08
-3.06395e-13
2.46291e-13
1.14123e-08
3.34617e-13
5.67032e-09
1.75429e-13
1.83329e-13
5.6703e-09
3.37372e-14
2.44408e-13
1.14123e-08
7.67636e-14
1.22372e-13
1.3732e-08
1.52532e-13
-1.31791e-13
1.47022e-08
-2.85608e-14
-9.13511e-14
1.51131e-08
-1.82909e-13
-1.19801e-13
1.51131e-08
-1.47003e-14
-3.02513e-13
1.47022e-08
-2.61823e-13
1.36095e-13
1.37318e-08
-3.48713e-13
2.20834e-13
1.14122e-08
-1.77543e-13
5.67029e-09
7.23778e-13
-4.43186e-13
4.57177e-09
5.01315e-13
3.95061e-13
9.93142e-09
3.74247e-13
1.81944e-13
1.25268e-08
2.3667e-13
-1.07237e-13
1.36861e-08
-1.09923e-13
2.31716e-14
1.41629e-08
-1.12016e-13
1.97149e-13
1.4163e-08
-2.26887e-13
-1.77791e-13
1.36861e-08
-4.09599e-13
1.68884e-13
1.25268e-08
-4.99595e-13
2.87549e-13
9.9314e-09
-5.91638e-13
4.5718e-09
3.99005e-13
-7.02559e-13
2.82274e-09
5.64833e-14
7.16749e-13
7.10614e-09
-3.79948e-14
1.70868e-13
9.96805e-09
1.42824e-13
-3.60323e-13
1.1523e-08
6.48886e-15
2.06528e-13
1.21892e-08
1.56701e-13
2.33555e-13
1.21891e-08
3.56393e-13
-1.23451e-13
1.15229e-08
6.23237e-14
1.65238e-13
9.96801e-09
-7.09226e-14
7.49608e-13
7.10611e-09
-8.90808e-13
2.82271e-09
1.54498e-13
-7.88015e-13
1.16359e-09
3.49872e-13
3.13955e-13
3.62386e-09
1.11652e-13
-1.25644e-13
6.03563e-09
2.74077e-13
-1.34551e-13
7.80568e-09
-8.73678e-14
1.63243e-13
8.69849e-09
1.77877e-13
1.5679e-13
8.69844e-09
-3.5458e-14
-1.62624e-13
7.80554e-09
-3.40977e-14
3.47893e-13
6.03558e-09
7.00368e-14
8.00534e-13
3.62382e-09
-5.91855e-13
1.16357e-09
-8.54127e-13
2.02878e-10
-2.92132e-13
8.61321e-10
-2.81976e-13
1.8364e-09
-3.77607e-13
2.77606e-09
-1.7256e-13
3.34293e-09
2.61545e-14
3.34292e-09
-2.22856e-13
2.77598e-09
-2.95264e-15
1.83637e-09
5.71212e-13
8.61303e-10
2.02868e-10
-9.51384e-13
7.90164e-13
2.02863e-10
-5.74653e-13
-2.1055e-13
8.61301e-10
-8.31018e-13
-1.4129e-13
1.83637e-09
-4.99768e-13
-1.86825e-13
2.77602e-09
4.3076e-14
-4.91124e-13
3.34293e-09
1.96551e-13
-3.96443e-13
3.34291e-09
5.22302e-13
-8.71482e-14
2.77604e-09
7.58919e-13
-1.4273e-13
1.8364e-09
7.42579e-13
-4.75819e-13
8.61295e-10
8.69803e-13
2.02866e-10
-4.97817e-13
1.15823e-12
1.16354e-09
-5.63009e-13
8.80253e-14
3.62378e-09
-1.83285e-13
-2.86998e-13
6.03567e-09
3.03208e-13
-3.83625e-13
7.80567e-09
4.7939e-13
-7.73871e-13
8.69851e-09
4.70101e-13
-7.80192e-13
8.69848e-09
7.66641e-13
-3.20491e-13
7.80567e-09
9.5245e-13
-5.40096e-14
6.03558e-09
6.08576e-13
3.0747e-14
3.62378e-09
1.30609e-12
1.16356e-09
-9.41584e-14
1.11979e-12
2.82273e-09
-3.56521e-13
2.34245e-13
7.1061e-09
-6.64381e-14
-3.86702e-13
9.96807e-09
2.39447e-13
-6.64506e-13
1.1523e-08
4.65274e-14
-6.1088e-13
1.21891e-08
-1.2292e-13
-5.94762e-13
1.21891e-08
1.96614e-13
-4.98897e-13
1.15229e-08
1.27435e-13
-1.05653e-13
9.968e-09
7.04205e-14
3.06233e-13
7.1061e-09
1.25754e-12
2.82275e-09
7.15435e-13
6.90176e-13
4.57188e-09
5.72638e-13
9.0239e-14
9.93145e-09
3.9625e-13
-2.15818e-13
1.25268e-08
2.41691e-13
-4.03601e-13
1.36861e-08
-1.78978e-14
-2.48434e-13
1.41629e-08
-3.9668e-13
-2.85121e-13
1.41628e-08
-5.07994e-13
-3.53886e-13
1.36861e-08
-7.45717e-13
-1.76562e-14
1.25268e-08
-5.7824e-13
2.16551e-13
9.93141e-09
3.78506e-13
4.57183e-09
1.69085e-13
2.45213e-13
5.67038e-09
1.98234e-13
2.01996e-13
1.14123e-08
1.418e-13
4.87851e-14
1.37319e-08
-2.78901e-16
-1.59185e-13
1.47022e-08
-6.0974e-16
-1.37334e-13
1.51131e-08
-1.91796e-13
-1.74982e-13
1.5113e-08
-2.46032e-13
-3.0915e-13
1.47022e-08
-1.52644e-13
2.13052e-14
1.37319e-08
-4.68206e-13
7.73697e-14
1.14123e-08
1.5262e-13
5.67033e-09
3.44261e-13
-9.56366e-14
5.67036e-09
1.85059e-13
1.22223e-13
1.14123e-08
9.93259e-14
1.97915e-13
1.37319e-08
-7.26134e-14
-1.98853e-13
1.47022e-08
5.03677e-14
-9.16916e-14
1.51131e-08
-1.26907e-13
1.15782e-14
1.51131e-08
-2.33734e-13
-3.27897e-13
1.47022e-08
-2.03029e-13
2.49225e-13
1.3732e-08
-3.16299e-13
3.68287e-13
1.14124e-08
-1.36033e-13
5.6704e-09
5.84903e-13
-7.72642e-13
4.57183e-09
4.71702e-13
2.0633e-13
9.93146e-09
1.85356e-13
2.95411e-13
1.25268e-08
2.76925e-13
1.09898e-13
1.36861e-08
1.42024e-13
1.39082e-13
1.41629e-08
-5.59153e-13
1.6109e-13
1.41629e-08
-3.49696e-13
-1.46176e-14
1.36862e-08
-3.6108e-13
2.96986e-13
1.25268e-08
-4.26997e-13
4.67572e-13
9.93144e-09
-5.47878e-13
4.57187e-09
2.11189e-13
-1.03388e-12
2.82273e-09
-8.65149e-14
7.62341e-13
7.10613e-09
6.72868e-14
1.64689e-13
9.96801e-09
2.03717e-13
-2.11265e-13
1.15229e-08
1.72618e-13
1.76559e-13
1.21891e-08
9.15788e-14
1.86953e-13
1.21891e-08
3.77698e-13
-2.96954e-13
1.15229e-08
2.89444e-13
2.86153e-13
9.96801e-09
-7.65322e-14
7.82565e-13
7.10619e-09
-9.27079e-13
2.82275e-09
9.65793e-14
-9.4139e-13
1.16358e-09
9.60575e-15
4.17665e-13
3.62379e-09
3.41174e-13
-2.85017e-14
6.03561e-09
-6.11278e-15
-1.98851e-13
7.80562e-09
5.79536e-14
2.09072e-13
8.69852e-09
2.63908e-13
2.99017e-13
8.69846e-09
2.14643e-13
-1.73663e-13
7.80559e-09
-1.45781e-13
2.2227e-13
6.03559e-09
1.25104e-13
5.94177e-13
3.62383e-09
-6.60945e-13
1.16357e-09
-8.23807e-13
2.02876e-10
-7.53284e-13
8.61317e-10
-3.51338e-13
1.8364e-09
-7.65712e-13
2.776e-09
-4.05446e-13
3.34292e-09
-1.78685e-13
3.34289e-09
-2.07509e-13
2.77602e-09
1.49297e-13
1.83638e-09
7.74015e-13
8.61318e-10
2.02881e-10
-1.12978e-12
8.83671e-13
2.02877e-10
-1.23039e-12
-3.33996e-13
8.61344e-10
-1.1899e-12
2.05482e-13
1.8364e-09
-7.54615e-13
-9.76431e-14
2.77594e-09
-3.18605e-13
-3.9451e-13
3.34273e-09
4.90134e-13
-3.74129e-13
3.34272e-09
3.71055e-13
3.37179e-15
2.77592e-09
4.97864e-13
-1.28128e-14
1.83634e-09
6.82788e-13
-2.93919e-13
8.61344e-10
7.23687e-13
2.02875e-10
-3.12755e-13
1.64176e-12
1.16355e-09
-4.61519e-13
1.48682e-13
3.6239e-09
-5.11553e-13
-9.4835e-14
6.03562e-09
-3.50879e-14
-2.64463e-13
7.80567e-09
1.41573e-13
-8.13874e-13
8.69844e-09
5.78733e-13
-7.48968e-13
8.69837e-09
5.83875e-13
-3.37565e-13
7.80565e-09
6.86312e-13
3.1711e-14
6.03562e-09
1.43728e-13
-1.88723e-13
3.62389e-09
1.30165e-12
1.16353e-09
2.7341e-14
1.04717e-12
2.82284e-09
4.28349e-14
1.96493e-13
7.10623e-09
3.05878e-13
-1.1347e-13
9.96811e-09
2.90018e-14
-7.30667e-13
1.15228e-08
-1.19084e-13
-6.47091e-13
1.2189e-08
3.23467e-14
-5.18993e-13
1.2189e-08
2.15207e-13
-4.11244e-13
1.15229e-08
1.86705e-13
-7.83109e-14
9.96815e-09
1.25417e-14
-6.62321e-14
7.10616e-09
1.18678e-12
2.82273e-09
8.04231e-13
4.09524e-13
4.57185e-09
9.00827e-13
-2.67364e-14
9.93134e-09
6.78219e-13
-3.01984e-14
1.25268e-08
3.13331e-13
-1.61391e-13
1.36862e-08
-1.04475e-13
-1.181e-13
1.4163e-08
-4.52387e-13
-1.99946e-13
1.4163e-08
-4.85003e-13
-2.13906e-13
1.36861e-08
-8.57476e-13
-2.55482e-13
1.25269e-08
-5.58141e-13
-1.43439e-13
9.93135e-09
6.31101e-13
4.57189e-09
3.08815e-13
3.3251e-13
5.67042e-09
3.00939e-13
2.19912e-13
1.14123e-08
2.85837e-13
6.70889e-14
1.3732e-08
3.88028e-14
-1.16333e-13
1.47022e-08
-6.13627e-14
3.23012e-14
1.51131e-08
-8.47848e-14
-2.51696e-15
1.51131e-08
-1.52473e-13
-7.81065e-14
1.47023e-08
-3.60451e-13
4.95224e-14
1.3732e-08
-2.57243e-13
2.43302e-13
1.14123e-08
2.84232e-13
5.67041e-09
2.19016e-13
-1.77029e-13
5.67038e-09
2.48379e-13
1.22999e-13
1.14122e-08
1.00867e-13
3.21039e-16
1.37319e-08
4.72986e-14
-1.4485e-13
1.47022e-08
-1.31361e-13
-1.22944e-13
1.51131e-08
-1.27432e-13
-2.61277e-13
1.5113e-08
-2.16259e-13
-3.15489e-13
1.47023e-08
-1.76028e-13
7.11276e-14
1.3732e-08
-2.92407e-13
3.29803e-14
1.14123e-08
-1.55934e-13
5.67035e-09
7.16504e-13
-6.20643e-13
4.57174e-09
5.5264e-13
4.87259e-13
9.93142e-09
4.91129e-13
1.88543e-13
1.25269e-08
2.22847e-13
-1.07178e-14
1.36862e-08
-2.36147e-13
1.14237e-13
1.41629e-08
-2.8871e-13
8.95619e-14
1.41629e-08
-2.86136e-13
-2.86063e-13
1.36862e-08
-2.89625e-13
2.46301e-14
1.25268e-08
-5.18181e-13
3.04421e-13
9.93137e-09
-8.87637e-13
4.57182e-09
2.55863e-13
-1.07791e-12
2.82286e-09
-2.85417e-13
5.62e-13
7.10623e-09
-1.72898e-13
1.51668e-13
9.96798e-09
8.57609e-14
-2.22092e-13
1.15228e-08
6.12846e-14
1.80853e-13
1.21891e-08
7.16445e-15
-6.51204e-14
1.2189e-08
4.08707e-13
-3.36719e-13
1.15229e-08
2.46853e-13
2.33326e-13
9.96801e-09
-3.57873e-13
8.21155e-13
7.10617e-09
-1.00996e-12
2.82274e-09
-1.73845e-13
-8.49234e-13
1.16356e-09
3.99348e-13
5.60411e-13
3.62382e-09
4.11464e-13
3.47831e-14
6.03554e-09
3.61952e-13
-3.3717e-13
7.80562e-09
1.68137e-13
8.13666e-14
8.69849e-09
5.913e-13
1.13335e-13
8.69849e-09
3.07378e-13
-3.0024e-13
7.80561e-09
1.17467e-13
2.857e-13
6.03556e-09
2.15828e-13
6.97481e-13
3.62387e-09
-5.51263e-13
1.16358e-09
-1.12395e-12
2.02875e-10
-2.99349e-13
8.61276e-10
-1.61998e-13
1.83637e-09
-5.93193e-13
2.77588e-09
-3.81289e-13
3.34283e-09
-9.25655e-14
3.34285e-09
-2.96571e-13
2.7759e-09
-1.311e-13
1.83637e-09
8.77095e-13
8.61275e-10
2.02873e-10
-6.72748e-13
5.47145e-13
2.02878e-10
-1.21469e-13
-5.89189e-13
8.61279e-10
1.06111e-12
-9.63233e-13
1.8364e-09
7.20831e-13
1.17645e-13
2.7761e-09
-9.75913e-14
3.88872e-13
3.34304e-09
-6.33561e-13
3.14935e-13
3.34304e-09
-9.35657e-13
-1.05854e-13
2.77611e-09
1.88964e-13
-1.03521e-12
1.83641e-09
4.71802e-13
-3.40904e-13
8.61262e-10
3.8467e-13
2.02859e-10
-6.14873e-13
9.87084e-13
1.16367e-09
-1.26923e-12
2.91087e-13
3.6239e-09
-1.11331e-12
-1.41585e-12
6.03552e-09
-5.44023e-13
-5.42123e-13
7.80548e-09
1.02504e-13
4.80707e-14
8.69839e-09
5.93768e-13
-1.27629e-13
8.69841e-09
1.1529e-12
-6.49431e-13
7.80546e-09
1.81565e-12
-1.25111e-12
6.03552e-09
6.92957e-13
8.43257e-13
3.62381e-09
1.1432e-12
1.16361e-09
1.412e-12
-1.56885e-14
2.82267e-09
1.57407e-12
7.40142e-13
7.10608e-09
6.05479e-13
-8.21915e-13
9.96796e-09
4.19546e-13
-2.52395e-13
1.15229e-08
4.72596e-13
-1.36606e-13
1.21892e-08
5.13063e-13
-4.15307e-13
1.21892e-08
3.71709e-13
-6.88977e-13
1.15229e-08
2.20561e-13
-1.01462e-12
9.96796e-09
-2.86199e-13
1.22582e-12
7.10616e-09
6.13529e-13
2.82277e-09
6.16889e-13
-1.01444e-12
4.57181e-09
8.94435e-13
2.75675e-13
9.93143e-09
6.51971e-13
-1.20959e-13
1.25267e-08
2.06743e-13
1.0651e-13
1.3686e-08
-3.30391e-14
-3.0097e-14
1.41629e-08
-2.61233e-14
-3.36316e-14
1.41629e-08
-6.3687e-13
-2.36548e-13
1.3686e-08
-9.12719e-13
-1.89691e-13
1.25267e-08
-6.41809e-13
6.92419e-13
9.93139e-09
2.64718e-13
4.57185e-09
4.78334e-14
-6.5711e-13
5.67026e-09
9.95243e-14
1.07003e-13
1.14123e-08
4.78141e-14
9.46033e-14
1.37319e-08
-3.53002e-14
1.93971e-13
1.47022e-08
7.69241e-14
9.57485e-14
1.51131e-08
4.39435e-14
3.32097e-14
1.51131e-08
1.71799e-13
7.03071e-14
1.47023e-08
-2.25325e-13
-2.10467e-13
1.37319e-08
-9.64335e-14
2.73057e-13
1.14123e-08
1.04701e-13
5.67023e-09
1.20994e-14
-4.39408e-13
5.67031e-09
1.44917e-14
3.69662e-13
1.14123e-08
-1.97144e-14
2.83296e-13
1.37319e-08
-6.79922e-14
2.43938e-13
1.47021e-08
-6.7568e-15
-2.13526e-13
1.51131e-08
-1.10035e-13
-1.58773e-13
1.51131e-08
2.25484e-14
1.64087e-13
1.47022e-08
-3.17031e-13
-2.06584e-13
1.37319e-08
-1.80356e-13
3.19745e-13
1.14122e-08
3.01993e-13
5.67031e-09
2.51293e-13
-9.99013e-13
4.57184e-09
1.26823e-13
5.81378e-13
9.93118e-09
6.26815e-14
4.3644e-13
1.25267e-08
-1.07071e-13
5.09646e-13
1.3686e-08
1.18434e-14
1.43138e-13
1.4163e-08
-2.89881e-13
1.4168e-14
1.4163e-08
-4.51381e-13
4.50272e-13
1.36861e-08
-5.89091e-13
1.47386e-13
1.25268e-08
-6.94612e-13
2.91227e-13
9.93119e-09
-4.06622e-13
4.57177e-09
8.83899e-13
-1.53479e-12
2.82257e-09
7.51145e-13
1.43953e-12
7.1059e-09
6.46042e-13
2.83206e-13
9.96823e-09
3.99258e-13
3.29524e-13
1.1523e-08
1.77151e-13
-1.28057e-13
1.21893e-08
3.21352e-13
-3.81936e-14
1.21893e-08
7.44939e-14
8.46081e-14
1.15229e-08
3.22444e-13
-1.26704e-13
9.96811e-09
-2.00057e-13
1.25906e-12
7.10585e-09
-5.79853e-13
2.82266e-09
-8.2877e-13
-7.5863e-13
1.1636e-09
-9.33919e-13
1.12789e-12
3.62391e-09
-6.56135e-13
1.37788e-13
6.0357e-09
-3.64008e-13
-2.82272e-14
7.80567e-09
1.12051e-13
-9.29827e-14
8.69851e-09
2.86653e-13
-2.79088e-13
8.6985e-09
4.50839e-13
-1.06749e-13
7.8057e-09
4.83929e-13
-1.32901e-13
6.03564e-09
4.00903e-13
1.23332e-12
3.62388e-09
3.35847e-15
1.16356e-09
-7.57699e-13
2.02873e-10
5.9259e-13
8.61367e-10
5.12902e-13
1.83638e-09
4.46553e-13
2.77619e-09
-9.81021e-14
3.34302e-09
-3.36547e-13
3.34301e-09
-8.13204e-13
2.77619e-09
-8.31503e-13
1.83637e-09
7.17009e-14
8.61361e-10
2.02864e-10
-7.62757e-13
4.94704e-13
2.02874e-10
-5.46778e-14
-5.2682e-13
8.61336e-10
-3.76474e-13
2.82536e-13
1.8364e-09
-8.76829e-13
2.98764e-13
2.776e-09
-1.15379e-13
-1.04448e-13
3.34296e-09
-6.04629e-14
-1.15192e-13
3.34296e-09
-3.67324e-13
4.04722e-14
2.77603e-09
-2.09592e-13
1.23967e-13
1.8364e-09
3.93049e-13
-7.5306e-13
8.61347e-10
3.44805e-13
2.02888e-10
-8.54375e-14
1.25659e-12
1.16355e-09
-5.91208e-13
-4.31018e-13
3.62367e-09
3.69854e-13
-3.3934e-13
6.03559e-09
2.97914e-13
-3.34846e-14
7.80568e-09
4.18836e-13
-3.86869e-13
8.69858e-09
-1.85222e-14
-3.32086e-13
8.69856e-09
2.17043e-13
1.49714e-14
7.80573e-09
2.9227e-13
-2.64999e-13
6.03565e-09
-1.85531e-13
-2.89239e-13
3.62371e-09
6.84061e-13
1.16361e-09
-8.04195e-14
1.20231e-12
2.8228e-09
-6.20808e-13
4.25417e-14
7.10596e-09
-2.97589e-13
-5.11285e-13
9.96796e-09
-1.39334e-13
-2.65833e-13
1.15229e-08
-1.04544e-13
-1.39173e-13
1.21892e-08
-3.6279e-13
-1.18517e-13
1.21892e-08
5.89265e-14
-4.424e-13
1.15229e-08
2.94516e-13
-7.31623e-13
9.9679e-09
1.23356e-14
-3.81001e-16
7.10595e-09
6.19319e-13
2.82268e-09
6.31854e-13
4.99989e-13
4.57186e-09
9.93833e-13
3.17075e-14
9.93147e-09
5.02774e-13
-1.72393e-13
1.25267e-08
2.43639e-13
-3.7521e-14
1.36861e-08
1.17621e-13
1.43189e-13
1.41629e-08
-3.05996e-13
4.39516e-14
1.41628e-08
-4.44482e-13
2.72199e-14
1.36862e-08
-8.11792e-13
-1.59656e-13
1.25267e-08
-3.47823e-13
1.55588e-13
9.9315e-09
2.49999e-13
4.57167e-09
2.53668e-13
-5.63636e-14
5.6704e-09
2.88461e-13
-5.20285e-13
1.14124e-08
2.71795e-13
6.63748e-14
1.37319e-08
2.35335e-13
-9.16737e-14
1.47022e-08
1.40914e-13
1.34582e-13
1.5113e-08
2.1759e-13
1.57792e-13
1.5113e-08
-1.71223e-13
3.3113e-14
1.47022e-08
-3.60175e-13
7.53966e-14
1.37318e-08
-2.62854e-13
-3.23334e-13
1.14123e-08
1.52233e-13
5.67026e-09
2.11487e-13
-2.60376e-13
5.67041e-09
3.84974e-13
-8.81153e-13
1.14124e-08
1.69785e-13
2.64894e-13
1.37319e-08
1.15181e-13
-7.38977e-15
1.47022e-08
1.21915e-13
2.86113e-13
1.5113e-08
8.89011e-14
2.06898e-13
1.5113e-08
-2.80109e-13
1.77895e-13
1.47022e-08
-4.57888e-13
2.46743e-13
1.37318e-08
-5.7678e-14
-8.69253e-13
1.14123e-08
4.63959e-14
5.67025e-09
7.89095e-13
-1.00414e-12
4.57194e-09
9.27671e-13
-1.56509e-12
9.93164e-09
4.16894e-13
8.60974e-13
1.25267e-08
1.59615e-13
4.04531e-13
1.36861e-08
-1.49669e-13
2.54735e-13
1.41629e-08
-3.61804e-13
2.39053e-13
1.41629e-08
-6.46436e-13
3.92779e-13
1.36861e-08
-8.68179e-13
8.38597e-13
1.25267e-08
-4.31482e-13
-1.38464e-12
9.93156e-09
-4.10922e-13
4.57174e-09
2.79475e-15
-1.19595e-12
2.82284e-09
-6.32904e-13
-1.34795e-12
7.1061e-09
-6.18995e-13
1.0303e-12
9.96791e-09
-6.30271e-14
5.07947e-13
1.15229e-08
5.55505e-14
3.73935e-13
1.21891e-08
1.1219e-13
3.69523e-13
1.21892e-08
3.94013e-13
5.26064e-13
1.1523e-08
3.32174e-13
1.19341e-12
9.96799e-09
-4.64491e-13
-1.04669e-12
7.10617e-09
-7.47331e-13
2.8228e-09
-7.27619e-13
-6.67312e-13
1.16356e-09
-1.27309e-12
-2.36919e-13
3.62363e-09
-7.50564e-13
1.93602e-13
6.03555e-09
-3.2021e-13
-3.61756e-14
7.80559e-09
-7.15761e-14
2.33182e-13
8.69847e-09
3.19463e-14
6.98233e-14
8.69853e-09
3.58272e-13
2.71107e-15
7.80561e-09
1.06509e-12
6.11906e-13
6.03565e-09
3.08781e-13
-1.46816e-13
3.62371e-09
-6.6269e-13
1.16362e-09
-7.24619e-13
2.02859e-10
-1.06571e-12
8.61285e-10
-8.67458e-13
1.83641e-09
-5.46609e-13
2.77599e-09
-2.60731e-13
3.3429e-09
-6.39331e-14
3.34294e-09
1.8316e-13
2.77601e-09
7.34977e-13
1.83645e-09
6.38299e-13
8.61298e-10
2.0288e-10
-3.28966e-13
4.68936e-13
2.02877e-10
1.90035e-13
-5.36413e-13
8.61308e-10
7.11551e-14
4.83207e-15
1.83643e-09
6.26964e-14
1.31462e-13
2.77609e-09
5.32053e-14
-1.9043e-13
3.343e-09
2.69104e-13
-1.77981e-13
3.34299e-09
3.27198e-13
1.3464e-13
2.77605e-09
3.34349e-13
-3.51631e-14
1.83643e-09
8.09255e-13
-3.01568e-13
8.61273e-10
5.23293e-13
2.02864e-10
-3.05393e-13
3.46665e-13
1.16358e-09
-5.46619e-13
-1.61196e-13
3.6239e-09
-7.50834e-13
-4.14168e-14
6.03569e-09
-3.21184e-13
-2.68311e-13
7.80556e-09
2.96834e-14
-3.22322e-13
8.69851e-09
2.49202e-13
-3.6463e-13
8.69852e-09
4.42935e-13
-2.29609e-13
7.80554e-09
5.14565e-13
-2.10643e-13
6.03561e-09
4.10866e-13
-8.73938e-14
3.6238e-09
1.12488e-12
1.16354e-09
3.26489e-13
5.00427e-13
2.82263e-09
-8.65182e-14
3.85812e-14
7.10609e-09
-4.79822e-13
-7.31175e-14
9.96803e-09
-1.73661e-13
-3.73218e-13
1.1523e-08
-8.98965e-14
-4.155e-13
1.21891e-08
-5.77479e-14
-4.72966e-13
1.2189e-08
9.98001e-14
-2.61903e-13
1.15229e-08
2.55514e-13
-1.06394e-13
9.96805e-09
-1.68301e-13
-1.33111e-13
7.10608e-09
7.94741e-13
2.82266e-09
1.68528e-13
2.06114e-13
4.57167e-09
3.44004e-13
-2.72458e-14
9.93137e-09
2.48483e-13
1.33966e-13
1.25266e-08
1.85657e-14
-1.89798e-13
1.36861e-08
-1.5156e-13
-2.27412e-13
1.41629e-08
-4.32946e-13
-2.34596e-13
1.41628e-08
-5.41024e-13
-9.84565e-14
1.36861e-08
-4.38876e-13
4.48189e-14
1.25266e-08
-3.55602e-13
-1.44784e-13
9.93137e-09
3.19331e-13
4.57182e-09
6.31508e-14
1.33826e-13
5.67015e-09
-3.75082e-14
-1.03005e-13
1.14122e-08
-2.5968e-14
1.55966e-13
1.37317e-08
9.39036e-14
-1.95747e-13
1.47023e-08
6.47801e-14
-1.08897e-13
1.5113e-08
-2.63036e-14
-1.43698e-13
1.5113e-08
3.74647e-14
-1.3181e-13
1.47022e-08
-2.55959e-13
3.79038e-14
1.37317e-08
-3.6226e-13
-9.39723e-14
1.14123e-08
1.35992e-13
5.67033e-09
-8.0406e-15
4.55217e-13
5.67015e-09
3.04037e-14
2.85146e-13
1.14122e-08
-1.45517e-13
-2.65606e-14
1.37317e-08
6.86443e-15
-2.67054e-13
1.47021e-08
-1.12565e-13
-2.62225e-13
1.5113e-08
-1.14784e-13
-8.5402e-14
1.51131e-08
-1.03393e-13
-5.82901e-14
1.47022e-08
-2.20232e-13
3.52723e-13
1.37318e-08
-2.91642e-13
-7.41402e-14
1.14122e-08
-9.46326e-14
5.67025e-09
2.79973e-13
5.24369e-13
4.5717e-09
2.93463e-13
6.66938e-13
9.93125e-09
4.08004e-13
1.62141e-13
1.25268e-08
1.40307e-13
-2.46194e-13
1.36861e-08
2.99805e-14
4.91956e-15
1.41629e-08
-1.81488e-13
1.1495e-13
1.41629e-08
-3.98331e-13
-2.49988e-14
1.36861e-08
-4.13508e-13
4.0659e-13
1.25267e-08
-2.35029e-13
4.23505e-13
9.93125e-09
-2.97524e-13
4.57174e-09
8.21181e-13
-2.30976e-13
2.82257e-09
5.23939e-13
1.03922e-12
7.10604e-09
1.87162e-13
6.54811e-14
9.9682e-09
2.89877e-13
-3.59434e-13
1.15229e-08
1.04007e-13
-2.96652e-15
1.21892e-08
1.72553e-13
9.19923e-14
1.21892e-08
3.80895e-13
-1.64322e-13
1.15229e-08
1.23992e-13
3.09318e-13
9.96806e-09
1.16485e-14
1.01464e-12
7.10604e-09
-8.05654e-13
2.82268e-09
-2.99474e-14
-5.05924e-13
1.16357e-09
2.7602e-13
9.96411e-13
3.62389e-09
9.01458e-14
2.64314e-13
6.03563e-09
-1.18692e-13
-3.28153e-13
7.8056e-09
9.77697e-15
2.92331e-14
8.69856e-09
1.73582e-13
-1.17597e-13
8.69858e-09
6.42977e-14
-2.96649e-13
7.80566e-09
2.04573e-13
2.83508e-13
6.03563e-09
2.70424e-13
6.67051e-13
3.62389e-09
-4.38535e-13
1.16357e-09
-3.07739e-13
2.02876e-10
3.86256e-13
8.61314e-10
5.58204e-13
1.83638e-09
1.31381e-13
2.7761e-09
4.80982e-14
3.34304e-09
5.68688e-14
3.34302e-09
-3.15551e-13
2.77612e-09
-3.0768e-13
1.83643e-09
7.03351e-13
8.61334e-10
2.02864e-10
-5.83185e-14
4.57026e-13
2.02857e-10
-2.73354e-13
-8.45005e-13
8.61317e-10
-6.03796e-13
9.10707e-13
1.83639e-09
-9.76027e-13
-2.25348e-13
2.77603e-09
-2.01868e-13
-4.00333e-13
3.34287e-09
2.81064e-13
-4.13864e-13
3.3429e-09
1.6795e-13
-3.75206e-16
2.776e-09
-4.39804e-13
7.8063e-13
1.83635e-09
5.0849e-13
-7.09152e-13
8.61332e-10
4.14646e-13
2.02872e-10
-5.90335e-13
1.23306e-12
1.16355e-09
-5.95053e-13
-2.53284e-13
3.62363e-09
-5.48383e-13
8.00206e-13
6.03542e-09
9.03441e-15
-3.76417e-13
7.80571e-09
2.50043e-13
-6.29954e-13
8.69857e-09
4.48604e-13
-5.8819e-13
8.6986e-09
5.86742e-13
-2.59833e-13
7.80575e-09
2.29125e-13
1.07308e-12
6.03551e-09
3.79745e-13
-3.44629e-13
3.62373e-09
3.42954e-13
1.16356e-09
-4.83435e-13
1.17313e-12
2.82278e-09
-7.72916e-13
2.58324e-13
7.10609e-09
-6.63962e-13
6.38868e-13
9.96793e-09
-2.10235e-13
-8.27512e-13
1.15228e-08
-4.05657e-13
-6.88568e-13
1.21891e-08
-2.80342e-13
-5.05565e-13
1.21891e-08
1.42998e-13
-7.45871e-13
1.15229e-08
2.62266e-13
6.06591e-13
9.96802e-09
-1.04981e-13
-1.8218e-13
7.10608e-09
2.68236e-13
2.82274e-09
6.69474e-13
6.39358e-13
4.57183e-09
6.53504e-13
4.56699e-14
9.93149e-09
4.16491e-13
4.40789e-13
1.25268e-08
8.98003e-14
-3.90701e-13
1.36861e-08
-2.18476e-13
-3.4481e-13
1.41629e-08
-3.34344e-13
-1.83828e-13
1.41629e-08
-6.5136e-13
-3.54851e-13
1.36861e-08
-4.42516e-13
4.10658e-13
1.25269e-08
-4.1639e-13
-2.76377e-13
9.93141e-09
3.48416e-14
4.5717e-09
3.23171e-13
-1.16509e-13
5.67043e-09
3.04088e-13
3.55779e-14
1.14123e-08
3.10183e-13
3.13215e-13
1.3732e-08
1.19667e-13
-1.36475e-13
1.47022e-08
8.22083e-14
1.94081e-14
1.5113e-08
-3.58301e-14
6.50425e-14
1.51131e-08
-2.82857e-13
-1.57457e-13
1.47022e-08
-1.70686e-13
3.1468e-13
1.3732e-08
-2.69542e-13
-2.62395e-13
1.14123e-08
-3.78896e-13
5.67034e-09
3.93737e-13
-4.75774e-13
5.67048e-09
3.10751e-13
1.48527e-13
1.14123e-08
1.02847e-13
3.30765e-13
1.37319e-08
1.97909e-13
3.11594e-13
1.47022e-08
1.42724e-13
3.5212e-13
1.51131e-08
-2.07395e-13
1.41387e-13
1.51131e-08
-2.67767e-13
1.10519e-13
1.47022e-08
-4.73102e-13
9.79797e-14
1.3732e-08
-4.19526e-13
-3.38843e-13
1.14123e-08
-7.94451e-13
5.67038e-09
4.48339e-13
-1.29929e-12
4.57187e-09
4.17353e-13
-2.39881e-13
9.93158e-09
2.58635e-13
6.41573e-13
1.25268e-08
6.0404e-14
2.8391e-13
1.36861e-08
-7.64761e-14
4.42752e-13
1.4163e-08
-2.87431e-13
2.92987e-13
1.4163e-08
-7.2532e-13
2.44398e-13
1.36861e-08
-7.28745e-13
3.91442e-13
1.25267e-08
-7.72137e-13
-6.15068e-13
9.93144e-09
-1.40707e-12
4.57172e-09
-4.14455e-13
-1.20781e-12
2.82284e-09
-6.59045e-13
-2.42543e-13
7.10616e-09
-5.41086e-13
7.61003e-13
9.96785e-09
-5.12898e-14
2.36368e-13
1.15228e-08
1.63059e-13
3.18053e-13
1.2189e-08
2.8017e-13
2.55196e-13
1.21891e-08
7.36778e-13
2.74453e-13
1.15229e-08
7.41254e-13
4.12946e-13
9.9679e-09
2.40584e-13
-4.7855e-13
7.10618e-09
-1.31102e-12
2.82275e-09
-2.77856e-13
-5.61214e-13
1.16354e-09
-4.52651e-13
7.57297e-14
3.62357e-09
7.12165e-14
2.37715e-13
6.0355e-09
2.2573e-13
-6.40508e-14
7.8057e-09
2.69788e-13
3.10187e-13
8.6986e-09
4.30386e-13
2.36183e-13
8.69858e-09
7.30243e-13
-1.02367e-14
7.80571e-09
1.24238e-12
2.01375e-13
6.03561e-09
6.10364e-13
4.43734e-14
3.62372e-09
-6.94499e-13
1.16358e-09
-4.33974e-13
2.02859e-10
-3.36114e-13
8.61308e-10
-2.71475e-13
1.83649e-09
-1.38562e-13
2.77607e-09
-6.00012e-14
3.34295e-09
2.46998e-13
3.34295e-09
3.33653e-13
2.77602e-09
3.30101e-13
1.83646e-09
3.51044e-13
8.61326e-10
2.02874e-10
-6.857e-13
8.49459e-13
2.02876e-10
-3.82227e-13
-6.38398e-13
8.61275e-10
-5.85303e-13
-2.24006e-13
1.83631e-09
-4.04917e-13
-4.02949e-14
2.77596e-09
6.32371e-14
-1.69787e-13
3.34293e-09
-8.37902e-14
-2.54023e-13
3.34285e-09
5.27327e-15
9.78157e-15
2.77605e-09
4.03531e-13
-1.2275e-13
1.83638e-09
8.22226e-13
-4.28574e-13
8.61302e-10
7.19009e-13
2.02871e-10
-7.94879e-14
1.04224e-12
1.16357e-09
-5.84772e-13
-2.66965e-13
3.62401e-09
-8.35536e-13
-7.62589e-14
6.03562e-09
-1.86097e-13
-1.67806e-13
7.80549e-09
4.60335e-13
-5.7692e-13
8.6983e-09
1.22585e-12
-5.14637e-13
8.69826e-09
1.71924e-12
-3.49176e-13
7.80541e-09
1.81842e-12
6.85218e-14
6.0355e-09
6.05518e-13
2.69808e-13
3.62394e-09
1.39902e-12
1.16361e-09
4.45391e-13
4.36753e-13
2.82261e-09
5.33283e-13
-2.77715e-13
7.10616e-09
4.21534e-13
1.00421e-14
9.96811e-09
1.75168e-13
-2.64069e-13
1.1523e-08
-1.10425e-13
-5.05753e-13
1.21891e-08
-1.80576e-13
-4.46033e-13
1.21891e-08
2.2041e-14
-4.32487e-13
1.15228e-08
3.82353e-14
-1.77351e-14
9.96797e-09
-2.31604e-13
1.3774e-13
7.10618e-09
1.08299e-12
2.82278e-09
2.71787e-13
3.4893e-13
4.57179e-09
4.45122e-13
-3.22605e-13
9.93129e-09
5.72797e-13
1.66273e-13
1.25268e-08
2.39946e-13
-6.39362e-14
1.36861e-08
-9.31444e-14
-1.04735e-13
1.41629e-08
-2.24072e-13
-7.69111e-14
1.41629e-08
-5.40228e-13
-3.51377e-13
1.36861e-08
-5.1447e-13
-1.11467e-13
1.25268e-08
-2.07444e-13
-2.60488e-13
9.93142e-09
7.70392e-13
4.57203e-09
3.07669e-13
3.14578e-13
5.67025e-09
3.31427e-13
-7.81033e-14
1.14122e-08
2.04586e-13
-1.8971e-14
1.37319e-08
4.97866e-14
-2.24861e-13
1.47022e-08
1.39224e-13
-2.13792e-14
1.51131e-08
-7.1576e-15
1.19387e-14
1.51131e-08
-2.73986e-14
-1.90908e-15
1.47023e-08
-3.62701e-13
1.30181e-13
1.3732e-08
-2.33723e-13
9.28507e-14
1.14123e-08
2.12977e-13
5.67039e-09
1.7647e-13
4.10882e-14
5.67017e-09
2.28893e-13
3.33021e-13
1.14121e-08
1.71461e-13
2.65618e-14
1.37319e-08
8.65552e-14
-2.25613e-13
1.47022e-08
1.04031e-13
9.16616e-14
1.51131e-08
-4.4496e-14
7.45154e-14
1.51131e-08
-1.66478e-13
-1.79546e-13
1.47023e-08
-1.88991e-13
7.91748e-14
1.3732e-08
-3.12572e-13
-2.1283e-13
1.14123e-08
-2.50782e-13
5.67041e-09
1.23584e-14
3.95428e-13
4.57171e-09
1.55034e-13
6.5332e-13
9.93114e-09
4.71729e-13
-2.74524e-13
1.25268e-08
3.4559e-13
-2.79878e-13
1.36862e-08
-9.6007e-14
8.7797e-14
1.41629e-08
-4.72195e-13
2.8581e-13
1.41629e-08
-5.65618e-13
2.54221e-14
1.36861e-08
-3.84471e-13
-1.73475e-13
1.25269e-08
-3.04236e-14
2.31954e-13
9.93132e-09
-2.26529e-13
4.57196e-09
9.43873e-13
-2.08376e-13
2.82257e-09
8.45513e-13
5.82708e-13
7.10603e-09
5.44261e-13
-3.58195e-13
9.96821e-09
3.72872e-13
-2.97297e-13
1.1523e-08
2.7018e-13
3.83269e-13
1.21892e-08
-1.44451e-13
4.85255e-13
1.21892e-08
-2.62518e-13
4.7093e-15
1.1523e-08
-2.46992e-13
-1.56483e-15
9.96822e-09
-6.16416e-13
4.47073e-13
7.10608e-09
-8.47934e-13
2.82266e-09
6.25472e-13
-6.27074e-13
1.16362e-09
3.64038e-13
3.86127e-13
3.62413e-09
-3.9297e-13
-4.035e-14
6.03571e-09
-2.17863e-13
-2.56678e-13
7.80561e-09
2.06641e-13
9.69585e-14
8.69841e-09
5.49373e-13
4.53796e-14
8.69843e-09
7.78393e-13
-2.29844e-13
7.80559e-09
4.7502e-13
6.85104e-14
6.03562e-09
4.40064e-14
4.31274e-13
3.62394e-09
-8.95152e-13
1.16354e-09
-4.74083e-13
2.02887e-10
-2.03941e-13
8.61373e-10
-2.46295e-13
1.83632e-09
-2.79791e-13
2.77602e-09
-1.93056e-13
3.34291e-09
1.69955e-14
3.3429e-09
-1.74961e-13
2.77605e-09
6.67564e-14
1.83633e-09
7.33157e-13
8.61333e-10
2.02872e-10
-7.2608e-13
6.00572e-13
2.02868e-10
-4.24769e-13
-5.47242e-13
8.61348e-10
-2.79837e-13
3.77349e-13
1.83642e-09
-5.93795e-13
4.557e-14
2.77606e-09
-3.27983e-13
-2.45208e-13
3.34294e-09
-7.14625e-14
-2.62088e-13
3.34294e-09
-3.50686e-13
1.7211e-13
2.77603e-09
-5.39672e-13
2.02851e-13
1.83642e-09
2.89572e-13
-9.01303e-13
8.61335e-10
3.32757e-13
2.02873e-10
-5.54236e-13
1.33773e-12
1.16354e-09
-7.24374e-13
-1.38485e-13
3.62364e-09
3.74017e-13
-4.06499e-13
6.0356e-09
4.95759e-13
-2.21598e-13
7.8057e-09
1.03079e-13
-3.40992e-13
8.6986e-09
4.66253e-14
-1.1377e-13
8.69854e-09
-4.5037e-14
1.26774e-13
7.80569e-09
1.09015e-13
-1.1152e-13
6.03574e-09
1.65188e-13
-5.29386e-13
3.62378e-09
1.73504e-13
1.16362e-09
-4.11905e-13
1.54134e-12
2.82281e-09
-7.57313e-13
4.70636e-13
7.10596e-09
-2.68118e-13
-8.15778e-13
9.9679e-09
-8.29437e-14
-6.9961e-13
1.15229e-08
-3.33056e-13
-2.90577e-13
1.21892e-08
-6.28493e-13
-1.2061e-13
1.21892e-08
-9.41347e-14
-2.88364e-13
1.15229e-08
2.9214e-13
-6.43407e-13
9.96798e-09
2.48491e-13
7.78668e-14
7.10603e-09
5.50452e-13
2.82272e-09
7.9357e-13
6.57562e-13
4.57196e-09
8.30342e-13
1.39024e-13
9.9315e-09
4.48036e-13
-2.64736e-13
1.25267e-08
1.27782e-13
-3.44066e-13
1.36862e-08
4.79875e-14
-9.58171e-15
1.41629e-08
-3.18775e-13
7.79509e-15
1.41629e-08
-5.43845e-13
-7.41706e-14
1.36861e-08
-5.46227e-13
-2.15411e-13
1.25268e-08
-4.99502e-13
-1.88907e-13
9.93145e-09
3.67615e-13
4.57175e-09
3.14422e-13
5.27425e-14
5.67046e-09
4.83556e-13
-2.71091e-13
1.14124e-08
2.99597e-13
7.49733e-14
1.37319e-08
5.95914e-14
-2.63928e-13
1.47022e-08
9.18454e-14
4.69012e-14
1.5113e-08
1.22943e-13
1.53867e-14
1.5113e-08
-2.43344e-14
-2.70693e-16
1.47022e-08
-3.03249e-13
-5.44778e-14
1.37318e-08
-3.27328e-13
-4.87853e-13
1.14124e-08
1.51491e-13
5.67031e-09
3.73544e-13
-3.05817e-13
5.67046e-09
7.20942e-13
-8.02908e-13
1.14125e-08
2.66088e-13
2.29337e-13
1.37319e-08
1.17382e-13
5.90063e-15
1.47022e-08
-1.286e-13
-2.60036e-14
1.51131e-08
-6.76772e-14
1.14709e-13
1.51131e-08
-3.68959e-13
1.38883e-13
1.47022e-08
-4.48661e-13
3.63918e-13
1.37319e-08
-1.28629e-13
-7.59322e-13
1.14124e-08
5.57366e-14
5.67028e-09
8.28003e-13
-1.21021e-12
4.57195e-09
8.85869e-13
-1.78842e-12
9.93162e-09
5.91797e-13
8.86614e-13
1.25267e-08
-1.02385e-13
3.02788e-13
1.36861e-08
1.12996e-13
3.95096e-13
1.41629e-08
-1.59664e-13
3.3669e-13
1.41629e-08
-4.47356e-13
4.62851e-13
1.36862e-08
-7.98909e-13
8.42026e-13
1.25267e-08
-5.71321e-13
-1.36786e-12
9.93164e-09
-2.9121e-13
4.57185e-09
-1.3542e-13
-1.33787e-12
2.82284e-09
-7.02843e-13
-1.19044e-12
7.10613e-09
-5.32807e-13
1.06565e-12
9.96786e-09
-1.44288e-13
3.45617e-13
1.15228e-08
-4.4853e-14
2.84896e-13
1.21891e-08
3.96123e-14
2.46792e-13
1.21891e-08
3.70038e-13
3.4683e-13
1.15229e-08
2.35325e-13
1.08444e-12
9.96793e-09
-1.52205e-13
-9.54754e-13
7.10616e-09
-7.17806e-13
2.8228e-09
-5.92548e-13
-8.63227e-13
1.16355e-09
-1.23346e-12
-2.46326e-13
3.62358e-09
-2.12803e-13
3.89263e-13
6.03557e-09
1.65406e-13
1.1523e-13
7.80561e-09
7.36695e-15
1.96046e-13
8.6985e-09
1.46144e-13
1.51711e-13
8.69851e-09
4.48863e-13
7.3774e-14
7.80556e-09
1.03603e-12
5.69729e-13
6.03554e-09
4.29791e-13
1.27324e-13
3.6237e-09
-5.37365e-13
1.16362e-09
-3.01658e-13
2.02857e-10
-1.00653e-12
8.61236e-10
-2.58391e-13
1.8364e-09
-4.21101e-13
2.77596e-09
-2.00206e-13
3.3429e-09
1.49484e-13
3.34292e-09
1.82163e-14
2.77594e-09
6.87832e-13
1.8364e-09
3.20572e-13
8.6128e-10
2.02879e-10
-2.10116e-13
5.4388e-13
2.02886e-10
-4.05869e-13
-5.65412e-13
8.61285e-10
1.97436e-13
1.57843e-13
1.83646e-09
-8.20209e-15
1.64315e-14
2.77607e-09
-4.95943e-15
-1.76672e-13
3.34297e-09
3.22483e-13
-7.7376e-14
3.34299e-09
2.50016e-13
2.32898e-14
2.77603e-09
2.42015e-13
-2.10848e-13
1.83645e-09
6.81974e-13
-1.98428e-13
8.61315e-10
1.07886e-12
2.02874e-10
-1.41558e-13
5.37621e-13
1.16359e-09
-3.6752e-13
-3.83497e-13
3.62383e-09
-5.47197e-13
-2.22737e-14
6.0357e-09
-8.63695e-14
-2.11982e-13
7.80569e-09
-1.14415e-13
-4.74396e-13
8.69857e-09
2.02673e-13
-2.2169e-13
8.69858e-09
6.01298e-13
-6.76216e-14
7.80565e-09
5.86357e-13
-1.68085e-13
6.03565e-09
4.28741e-13
-2.11292e-13
3.62379e-09
9.99127e-13
1.16351e-09
4.31976e-13
1.33221e-13
2.82276e-09
1.10877e-13
-1.68449e-13
7.10624e-09
-2.08565e-13
1.29242e-13
9.9681e-09
-2.73529e-13
-4.26598e-13
1.15229e-08
5.77767e-15
-3.79294e-13
1.21891e-08
-4.9234e-14
-4.67381e-13
1.21891e-08
2.14831e-13
-2.85872e-13
1.15229e-08
-1.06533e-13
-2.13847e-13
9.96798e-09
-3.34372e-13
6.89014e-14
7.10609e-09
1.02938e-12
2.82274e-09
3.07537e-13
-1.02107e-13
4.57172e-09
5.38907e-13
-3.58509e-13
9.93144e-09
4.81733e-13
7.96351e-14
1.25267e-08
1.94656e-13
-3.15485e-13
1.36862e-08
7.86894e-14
6.05919e-15
1.4163e-08
-2.95085e-13
-1.13569e-13
1.41629e-08
-5.38623e-13
-2.35012e-13
1.36862e-08
-6.14477e-13
-4.06257e-14
1.25267e-08
-3.75299e-13
-1.82324e-13
9.9314e-09
5.16865e-13
4.57179e-09
-5.30792e-14
1.4904e-13
5.67031e-09
6.60292e-14
-6.3888e-14
1.14123e-08
1.62192e-13
2.15967e-13
1.37318e-08
3.23696e-13
-2.21104e-13
1.47023e-08
1.24484e-13
8.78252e-15
1.51131e-08
6.89413e-14
2.32493e-14
1.51131e-08
-1.12491e-13
-2.57036e-13
1.47023e-08
-3.23134e-13
1.75035e-13
1.37319e-08
-2.62669e-13
-1.84072e-14
1.14123e-08
2.97899e-13
5.67036e-09
-5.98247e-14
1.53147e-13
5.67031e-09
-3.38804e-14
-1.85653e-14
1.14124e-08
-1.45854e-13
9.21733e-14
1.37318e-08
1.199e-13
-1.60011e-14
1.47022e-08
-4.86019e-14
-5.31235e-14
1.51131e-08
-5.23025e-14
8.57117e-14
1.51131e-08
-7.14989e-14
-5.47693e-14
1.47023e-08
-3.39444e-13
3.04382e-13
1.37319e-08
-1.39193e-13
1.17203e-13
1.14123e-08
-5.33232e-14
5.67032e-09
2.10089e-13
1.06853e-13
4.57182e-09
4.07431e-13
3.21694e-13
9.93139e-09
3.56136e-13
-2.05849e-14
1.25269e-08
3.04462e-14
-6.00885e-14
1.36861e-08
1.27814e-13
1.45601e-13
1.4163e-08
-9.77802e-14
5.98547e-14
1.4163e-08
-4.47536e-13
-1.38941e-14
1.36861e-08
-3.44997e-13
3.4214e-13
1.25268e-08
-2.91939e-13
2.77346e-13
9.93124e-09
-4.39735e-13
4.57173e-09
5.9435e-13
-4.91027e-13
2.82284e-09
1.09316e-13
7.22643e-13
7.10607e-09
-6.04239e-14
1.58255e-13
9.96812e-09
8.85285e-14
-1.88233e-13
1.15229e-08
2.3792e-13
5.45205e-14
1.21892e-08
2.59027e-13
3.72821e-14
1.21891e-08
4.9003e-13
-2.88707e-13
1.15229e-08
1.20044e-13
1.75365e-13
9.96804e-09
-3.09251e-13
9.66888e-13
7.106e-09
-7.00478e-13
2.82273e-09
4.54292e-14
-3.25651e-13
1.16358e-09
2.21869e-13
7.03045e-13
3.62376e-09
-7.80922e-14
-1.80011e-14
6.03559e-09
-1.26957e-13
-3.85507e-13
7.80572e-09
2.05514e-13
-7.51445e-14
8.69867e-09
5.72492e-15
-4.19848e-14
8.69863e-09
2.98465e-14
-2.10068e-13
7.80582e-09
-1.68913e-13
2.10452e-13
6.03568e-09
1.24086e-13
8.72235e-13
3.62382e-09
-4.34483e-13
1.16355e-09
-4.29648e-13
2.02882e-10
4.81958e-13
8.61328e-10
5.05363e-13
1.83644e-09
1.87693e-13
2.77615e-09
1.92809e-13
3.34299e-09
5.80626e-14
3.34299e-09
-5.08345e-13
2.77611e-09
-2.95315e-13
1.83645e-09
4.42963e-13
8.61365e-10
2.0288e-10
-1.16822e-12
6.33529e-13
2.02872e-10
-2.68211e-13
-5.22672e-13
8.61319e-10
-5.06554e-13
7.79754e-13
1.83633e-09
-4.58676e-13
-1.58152e-13
2.776e-09
-1.5649e-13
-2.97961e-13
3.34289e-09
1.1949e-13
-2.04652e-13
3.34289e-09
3.37139e-13
-1.70704e-13
2.77599e-09
-5.56534e-14
3.02163e-13
1.83629e-09
6.23554e-13
-6.49085e-13
8.61293e-10
5.90111e-13
2.02875e-10
-6.72104e-13
1.29759e-12
1.1636e-09
-8.74201e-13
-1.06107e-13
3.62398e-09
-1.25266e-12
7.08144e-13
6.03553e-09
-2.94378e-13
-6.38724e-13
7.8056e-09
3.68697e-13
-7.59026e-13
8.69838e-09
7.23804e-13
-6.62726e-13
8.69832e-09
1.54666e-12
-5.83079e-13
7.80551e-09
1.22079e-12
8.85122e-13
6.03543e-09
3.22072e-13
8.39014e-14
3.62386e-09
9.1616e-13
1.16364e-09
3.66804e-13
1.00046e-12
2.82278e-09
1.26677e-13
-1.94851e-13
7.10616e-09
2.46491e-13
7.43222e-13
9.96807e-09
2.40593e-13
-7.14657e-13
1.1523e-08
7.50438e-14
-4.49277e-13
1.21892e-08
-3.40569e-13
-6.45144e-13
1.21891e-08
-1.07742e-13
-7.39063e-13
1.15229e-08
-2.51305e-13
9.55234e-13
9.96803e-09
-5.27804e-13
2.37139e-13
7.10624e-09
4.8742e-13
2.82283e-09
3.50041e-13
3.69366e-13
4.57192e-09
5.17802e-13
-2.65163e-13
9.93138e-09
6.61661e-13
4.11418e-13
1.25269e-08
4.33484e-13
-1.68014e-13
1.36861e-08
1.22142e-14
-6.12688e-14
1.41629e-08
-2.24729e-13
-1.18089e-13
1.41629e-08
-5.9747e-13
-2.40218e-13
1.36861e-08
-4.21922e-13
5.35166e-13
1.2527e-08
2.12654e-14
-6.35842e-14
9.93151e-09
1.13284e-13
4.57192e-09
3.78609e-13
-1.50908e-14
5.67039e-09
1.25536e-13
-5.399e-14
1.14123e-08
3.31726e-13
1.99069e-13
1.3732e-08
2.63822e-13
-1.2781e-13
1.47022e-08
2.04169e-13
7.9478e-14
1.51131e-08
9.4318e-14
1.31258e-13
1.51131e-08
-2.45605e-13
-1.09261e-13
1.47022e-08
-2.87929e-13
2.89251e-13
1.3732e-08
-4.41409e-13
-2.21385e-13
1.14123e-08
-2.86875e-13
5.67036e-09
2.55433e-13
-3.04723e-13
5.67038e-09
1.15434e-13
6.21317e-14
1.14122e-08
1.88908e-13
-4.62312e-14
1.3732e-08
6.47472e-14
-4.41154e-14
1.47022e-08
1.30796e-13
2.6182e-13
1.51132e-08
-1.18394e-13
1.14642e-13
1.51131e-08
-1.65389e-13
4.83505e-14
1.47023e-08
-4.47023e-13
4.46883e-14
1.3732e-08
-5.01396e-13
-4.50845e-13
1.14122e-08
-8.23072e-13
5.67044e-09
-4.63655e-14
-2.24475e-13
4.57184e-09
4.5557e-13
-1.57828e-13
9.93135e-09
2.85756e-13
-1.21578e-13
1.25268e-08
1.91565e-13
2.16632e-13
1.36861e-08
-1.55345e-13
3.61638e-13
1.41629e-08
-3.49239e-13
3.81278e-13
1.41629e-08
-5.3742e-13
4.41993e-13
1.36861e-08
-8.24062e-13
-4.23773e-14
1.25269e-08
-2.61198e-13
-8.30407e-13
9.9314e-09
-1.27438e-12
4.57196e-09
1.63229e-13
-3.36589e-13
2.82263e-09
4.24672e-13
-5.19152e-13
7.10614e-09
2.89947e-13
-7.1717e-14
9.96807e-09
3.69563e-13
1.81897e-13
1.1523e-08
7.55169e-14
4.8792e-13
1.21892e-08
1.98137e-14
5.39041e-13
1.21891e-08
-1.33137e-13
5.56295e-13
1.15229e-08
-5.11433e-14
4.13933e-13
9.96801e-09
-2.16051e-13
-9.42685e-13
7.1061e-09
-1.31883e-12
2.82277e-09
5.87641e-15
-3.29823e-13
1.16361e-09
-6.37207e-13
-1.15218e-13
3.62403e-09
-8.15988e-13
-1.94536e-13
6.03562e-09
-4.13241e-13
-2.33151e-13
7.8056e-09
1.94955e-13
1.65972e-13
8.6984e-09
8.89722e-13
1.63642e-13
8.69838e-09
1.52578e-12
9.21875e-14
7.8055e-09
1.91572e-12
2.5676e-13
6.03555e-09
6.05565e-13
8.14991e-14
3.6239e-09
-4.81949e-13
1.1636e-09
-1.49221e-13
2.02886e-10
-3.1252e-13
8.61366e-10
-2.71365e-13
1.83635e-09
-4.33672e-13
2.77598e-09
-1.55099e-13
3.34286e-09
3.27919e-13
3.34287e-09
3.04617e-13
2.776e-09
9.1878e-13
1.83632e-09
2.55043e-13
8.61287e-10
2.0287e-10
-3.34623e-13
-2.95278e-14
2.02858e-10
8.63294e-13
-9.37854e-13
8.61301e-10
2.57877e-13
2.36311e-13
1.83642e-09
1.81602e-13
3.07632e-13
2.77602e-09
2.6326e-13
-2.04579e-13
3.34294e-09
-7.49837e-14
-9.21829e-14
3.34297e-09
-2.23582e-13
3.21045e-13
2.77606e-09
-6.94874e-13
3.8297e-13
1.8364e-09
3.32062e-13
-7.38556e-13
8.61311e-10
1.16784e-13
2.02874e-10
1.13022e-13
5.84183e-13
1.16357e-09
-1.43214e-13
-7.16775e-13
3.62375e-09
-1.19567e-13
-3.56007e-13
6.03555e-09
1.6824e-13
5.6797e-14
7.80567e-09
-5.15789e-14
-2.01722e-13
8.69862e-09
-4.83404e-13
-9.09694e-14
8.69857e-09
-4.20225e-13
1.99689e-13
7.80571e-09
-1.81874e-13
-1.19044e-13
6.03558e-09
-1.96813e-13
-5.32458e-13
3.62379e-09
1.11022e-13
1.16354e-09
1.82361e-13
1.44005e-13
2.8226e-09
-3.40039e-13
-2.70468e-13
7.10607e-09
-8.00722e-14
-1.37116e-13
9.96804e-09
2.31587e-14
-2.20574e-13
1.1523e-08
-4.38687e-14
9.46309e-14
1.21891e-08
2.32968e-14
2.03891e-13
1.21891e-08
2.13193e-13
-7.56215e-14
1.15229e-08
5.22659e-13
-3.67967e-13
9.96799e-09
2.03858e-13
-3.03102e-13
7.1062e-09
9.06701e-14
2.82275e-09
2.76061e-13
6.69066e-14
4.57169e-09
5.20546e-13
-1.95458e-13
9.93134e-09
3.46788e-13
1.28462e-13
1.25267e-08
3.21579e-13
-1.16184e-13
1.36861e-08
-1.12627e-13
2.3605e-14
1.41629e-08
-8.13617e-14
2.36901e-13
1.4163e-08
-2.10253e-13
-1.33298e-13
1.36861e-08
-3.30303e-13
-3.13321e-13
1.25267e-08
-3.72507e-14
-3.25697e-13
9.93142e-09
2.27627e-13
4.57177e-09
3.94064e-14
1.86174e-13
5.67033e-09
5.01293e-14
-3.69254e-13
1.14122e-08
2.56043e-14
1.82772e-13
1.3732e-08
1.53681e-13
-1.70469e-13
1.47022e-08
1.57152e-13
1.19646e-13
1.51131e-08
2.58544e-13
1.90606e-13
1.5113e-08
9.34884e-15
2.51973e-14
1.47022e-08
-1.29523e-13
2.66475e-13
1.37319e-08
-1.68702e-13
-4.19719e-13
1.14123e-08
2.2973e-13
5.6704e-09
4.802e-14
3.43511e-13
5.6703e-09
2.1831e-13
-5.58818e-13
1.14122e-08
1.76962e-13
4.93533e-13
1.37319e-08
1.58259e-13
-1.03839e-13
1.47022e-08
-1.06723e-13
-9.52183e-14
1.5113e-08
2.29373e-13
2.7049e-14
1.51131e-08
-9.49879e-14
-4.24761e-14
1.47022e-08
-3.17658e-13
5.167e-13
1.37319e-08
5.44245e-14
-4.71332e-13
1.14122e-08
2.44583e-13
5.67033e-09
2.56491e-13
1.50514e-13
4.57185e-09
5.665e-13
-1.00259e-12
9.93144e-09
4.42685e-13
8.67852e-13
1.25268e-08
1.03653e-13
2.94266e-13
1.36862e-08
-2.42987e-14
1.39349e-13
1.41629e-08
-1.25928e-13
7.56329e-14
1.41629e-08
-2.63744e-13
2.43313e-13
1.36861e-08
-6.36878e-13
9.42826e-13
1.25267e-08
-3.01314e-13
-7.80521e-13
9.93135e-09
2.15475e-13
4.57172e-09
2.21735e-13
-2.87786e-13
2.82284e-09
-2.88369e-13
-4.02747e-13
7.10617e-09
-2.69983e-13
1.01792e-12
9.968e-09
-4.69025e-14
5.30912e-14
1.15229e-08
-3.05947e-15
-1.46816e-13
1.21891e-08
1.85596e-14
8.0057e-14
1.21891e-08
2.02689e-13
2.04419e-13
1.15229e-08
-1.52745e-13
1.2015e-12
9.96803e-09
-4.55613e-13
-3.04586e-13
7.10603e-09
-4.60096e-13
2.8227e-09
-2.27605e-13
-2.12848e-13
1.16361e-09
-8.93468e-13
4.79681e-13
3.6237e-09
-1.29458e-13
6.35932e-13
6.03561e-09
-1.22075e-13
-2.36567e-13
7.80571e-09
-1.05129e-13
-3.09377e-14
8.69861e-09
-2.37438e-13
-2.76592e-14
8.69857e-09
-1.57333e-13
-1.80695e-13
7.80573e-09
3.28776e-13
5.7424e-13
6.03565e-09
-9.36764e-14
2.80308e-13
3.62376e-09
-2.63548e-13
1.16354e-09
-1.00895e-13
2.02873e-10
8.32866e-14
8.61315e-10
7.06333e-13
1.83648e-09
1.60051e-13
2.77612e-09
3.49904e-14
3.34303e-09
-1.60195e-13
3.34297e-09
-3.74476e-13
2.77611e-09
-6.11263e-14
1.83645e-09
3.6135e-13
8.61341e-10
2.02881e-10
-1.24e-12
9.63086e-13
2.02885e-10
-1.49747e-13
-3.95824e-13
8.61345e-10
-4.19314e-13
8.0914e-14
1.83638e-09
-1.95025e-13
1.51662e-13
2.77604e-09
-2.01018e-14
-1.95735e-13
3.34293e-09
-2.38991e-14
-1.40886e-13
3.34289e-09
-4.05877e-13
3.22631e-13
2.77603e-09
-5.32009e-13
2.72111e-13
1.83637e-09
4.72846e-13
-8.07487e-13
8.61315e-10
1.82547e-13
2.02871e-10
-8.29519e-13
1.42053e-12
1.16358e-09
-1.3315e-12
-2.83365e-15
3.62387e-09
-8.4726e-13
-4.78051e-13
6.0356e-09
-2.4986e-13
-5.62407e-13
7.80558e-09
6.23988e-14
-6.05684e-13
8.69844e-09
5.27634e-13
-1.93484e-13
8.69838e-09
5.491e-13
1.76609e-13
7.80554e-09
9.94462e-13
2.83214e-13
6.03563e-09
2.13638e-14
-2.62007e-13
3.62388e-09
4.04729e-13
1.16363e-09
4.06075e-13
1.17192e-12
2.82277e-09
3.08009e-14
2.43833e-13
7.10607e-09
-2.08489e-13
-6.23617e-13
9.96806e-09
1.97981e-13
-3.33379e-13
1.1523e-08
-1.3974e-13
-3.40935e-13
1.21892e-08
-5.26211e-13
-2.04728e-13
1.21892e-08
-3.91667e-13
-1.10729e-13
1.1523e-08
1.36085e-13
-6.74019e-14
9.96805e-09
-3.00504e-13
1.56554e-14
7.10604e-09
2.79148e-13
2.8227e-09
3.70956e-13
6.75757e-13
4.57193e-09
6.46388e-13
-2.66123e-14
9.93141e-09
5.65277e-13
-1.40361e-13
1.25267e-08
2.44722e-13
-2.66594e-13
1.36861e-08
-3.26557e-15
-1.18013e-13
1.41629e-08
-1.56486e-13
1.75463e-13
1.41629e-08
-2.50522e-13
1.07324e-13
1.36861e-08
-2.28892e-13
5.49244e-14
1.25268e-08
-1.03653e-13
-2.39356e-13
9.93143e-09
4.91358e-13
4.57186e-09
2.89669e-13
2.12345e-13
5.67035e-09
4.52286e-13
-1.15777e-13
1.14124e-08
1.3695e-13
1.21966e-13
1.37319e-08
9.47541e-14
-8.68014e-14
1.47022e-08
2.12269e-13
-1.84815e-14
1.51131e-08
1.75397e-13
8.9401e-14
1.5113e-08
1.29904e-13
-6.4722e-15
1.47022e-08
-1.88516e-13
1.32844e-13
1.37319e-08
-2.50295e-13
-6.1584e-13
1.14123e-08
8.1827e-14
5.67031e-09
2.40491e-13
1.73133e-13
5.67038e-09
3.54613e-13
-4.25145e-13
1.14123e-08
2.51223e-13
5.47384e-13
1.37319e-08
6.54329e-14
-1.68411e-13
1.47022e-08
1.29889e-13
-2.24385e-14
1.51131e-08
5.05848e-14
1.16169e-13
1.51131e-08
-2.20076e-14
1.36847e-13
1.47022e-08
-2.60885e-13
5.06156e-13
1.37318e-08
-1.67684e-14
-7.2979e-13
1.14123e-08
3.82094e-15
5.67031e-09
-1.04158e-14
-2.21928e-14
4.57186e-09
6.75029e-13
-7.56063e-13
9.93143e-09
6.17418e-13
7.56239e-13
1.25268e-08
3.48836e-13
6.97632e-14
1.36861e-08
1.16296e-13
5.23128e-14
1.41629e-08
-2.24494e-13
3.16465e-13
1.41629e-08
-4.80277e-13
4.91219e-13
1.36861e-08
-6.17125e-13
7.79758e-13
1.25267e-08
-1.87139e-13
-1.43431e-12
9.93142e-09
5.73454e-14
4.57185e-09
5.35049e-13
-3.04576e-13
2.82267e-09
3.88071e-13
-1.06803e-12
7.10605e-09
4.42193e-13
5.21563e-13
9.96801e-09
4.68333e-13
1.65245e-13
1.1523e-08
2.61203e-13
1.8112e-13
1.21892e-08
2.1498e-14
4.52164e-13
1.21891e-08
7.50303e-14
5.72007e-13
1.15229e-08
-3.90727e-13
5.79268e-13
9.96801e-09
-5.09352e-13
-1.20012e-12
7.10612e-09
-5.22793e-13
2.82272e-09
1.5308e-13
-3.86617e-13
1.16355e-09
-8.12832e-13
-2.088e-13
3.62391e-09
-6.22145e-13
1.6595e-13
6.03568e-09
-3.60069e-13
-2.25451e-13
7.80558e-09
1.28365e-13
7.44801e-14
8.69845e-09
5.42137e-13
1.52223e-13
8.69842e-09
1.17486e-12
1.20536e-14
7.80555e-09
1.63485e-12
3.21276e-13
6.0356e-09
9.45647e-14
-6.02816e-14
3.62386e-09
-3.47121e-13
1.16361e-09
-4.85658e-13
2.02887e-10
-5.03563e-13
8.61326e-10
-4.03111e-13
1.83638e-09
-5.28981e-13
2.776e-09
-4.10151e-13
3.34289e-09
1.47385e-13
3.34291e-09
-2.90004e-14
2.77598e-09
6.32677e-13
1.83636e-09
4.27928e-13
8.61281e-10
2.02868e-10
-1.40178e-13
2.39328e-13
2.02877e-10
5.00181e-13
-9.22275e-13
8.61325e-10
5.09223e-13
-1.98725e-14
1.83652e-09
2.54262e-13
1.07232e-13
2.77607e-09
1.93039e-13
-1.46767e-14
3.34297e-09
1.5154e-13
-7.09554e-14
3.34301e-09
-2.48912e-13
3.22268e-13
2.77606e-09
-7.88858e-13
2.24896e-13
1.83647e-09
-1.93723e-15
-6.47472e-13
8.61314e-10
4.96347e-15
2.02873e-10
-2.66562e-13
3.46286e-13
1.1636e-09
-5.51512e-13
-5.73081e-13
3.62377e-09
-8.50517e-14
-5.62901e-13
6.0357e-09
2.51873e-13
2.80069e-15
7.80572e-09
-2.49604e-13
-1.78099e-13
8.69863e-09
-3.31417e-13
1.45362e-13
8.69871e-09
-3.63068e-13
3.85854e-13
7.80578e-09
-8.43955e-14
-7.96495e-14
6.03576e-09
-2.77117e-13
-4.71376e-13
3.62373e-09
-1.0054e-14
1.16348e-09
-7.46192e-15
2.63933e-13
2.82271e-09
-5.27856e-13
1.86026e-13
7.10614e-09
-2.90092e-13
-5.16237e-13
9.96806e-09
-2.59425e-13
-3.73746e-13
1.1523e-08
-5.67588e-14
4.19214e-15
1.21892e-08
-2.60297e-13
2.68341e-14
1.21891e-08
1.71974e-13
-1.11418e-13
1.1523e-08
5.98933e-13
-2.92081e-13
9.968e-09
2.47464e-13
-5.03864e-14
7.106e-09
1.98748e-13
2.82261e-09
2.96033e-13
3.33703e-13
4.57173e-09
3.39247e-13
-1.55604e-13
9.93144e-09
1.91796e-13
-1.20428e-13
1.25266e-08
4.8731e-14
-2.98549e-13
1.36862e-08
-1.98854e-13
3.88481e-14
1.41629e-08
-2.84818e-13
1.05422e-13
1.41629e-08
-3.15689e-13
-1.52072e-13
1.36862e-08
-4.26502e-13
-4.05157e-13
1.25266e-08
-1.39671e-13
-4.09975e-13
9.9314e-09
2.56154e-13
4.57171e-09
1.49443e-13
1.90712e-13
5.6703e-09
2.98913e-13
-4.30465e-13
1.14123e-08
-5.83822e-14
1.51026e-14
1.37317e-08
-1.23285e-14
-2.64707e-13
1.47022e-08
-3.21034e-14
2.27088e-13
1.5113e-08
-3.78402e-15
1.7994e-13
1.5113e-08
-1.16993e-13
-1.43258e-13
1.47022e-08
-1.97496e-13
2.18991e-13
1.37318e-08
-3.31271e-14
-4.11898e-13
1.14123e-08
4.70752e-14
5.67029e-09
-7.4293e-16
1.78608e-13
5.67035e-09
2.4612e-13
-5.68388e-13
1.14124e-08
9.45252e-14
5.61453e-13
1.37318e-08
4.25036e-14
-1.97224e-14
1.47023e-08
-5.99654e-14
8.88616e-14
1.5113e-08
-3.57043e-15
-2.45596e-14
1.51131e-08
-9.58924e-15
-5.40791e-14
1.47022e-08
-2.86186e-13
4.45922e-13
1.37318e-08
-3.19678e-14
-6.25636e-13
1.14123e-08
9.11775e-14
5.67023e-09
1.6826e-13
2.75397e-14
4.57189e-09
7.74346e-13
-1.0859e-12
9.93151e-09
2.89868e-13
7.43044e-13
1.25267e-08
5.94464e-14
3.36281e-13
1.36862e-08
-9.58259e-14
2.44664e-13
1.41629e-08
-1.05601e-13
6.88396e-14
1.41629e-08
-4.65577e-13
1.12736e-13
1.36862e-08
-5.79378e-13
9.42024e-13
1.25267e-08
-3.3666e-13
-9.08084e-13
9.9314e-09
3.72965e-13
4.5717e-09
1.95388e-13
-3.51392e-13
2.82286e-09
-1.7026e-13
-5.95906e-13
7.10607e-09
-3.39837e-13
9.23158e-13
9.96793e-09
-1.01264e-13
1.26117e-13
1.15228e-08
-9.15119e-14
1.48929e-13
1.21892e-08
2.72384e-15
1.81193e-13
1.21892e-08
1.64547e-13
8.00506e-14
1.15229e-08
7.84817e-14
1.02357e-12
9.96802e-09
-4.19839e-13
-4.06567e-13
7.106e-09
-2.09432e-13
2.8227e-09
-1.5807e-13
-1.28842e-14
1.16361e-09
-9.66187e-13
1.63416e-13
3.62361e-09
-3.95332e-13
5.13947e-13
6.03558e-09
-4.45623e-14
-1.82235e-13
7.80565e-09
-6.31482e-14
2.07018e-15
8.69859e-09
-2.44838e-13
-2.54624e-14
8.69866e-09
-3.82613e-14
-1.64544e-13
7.80576e-09
2.77644e-13
3.84411e-13
6.03574e-09
-1.6228e-13
3.82228e-13
3.6237e-09
-1.33177e-13
1.16354e-09
-4.12193e-13
2.02866e-10
-8.29681e-14
8.61296e-10
3.14112e-13
1.83645e-09
6.77773e-14
2.77607e-09
-8.1627e-15
3.34298e-09
1.49788e-14
3.343e-09
-3.78781e-13
2.77609e-09
5.28672e-14
1.83649e-09
1.27516e-13
8.61332e-10
2.02876e-10
-8.74897e-13
5.74508e-13
2.02879e-10
-2.62269e-13
-3.72533e-13
8.61287e-10
-7.55419e-13
6.64775e-13
1.83629e-09
-5.34722e-13
-1.0166e-13
2.776e-09
-2.72875e-14
-2.52841e-13
3.34289e-09
3.71517e-13
-2.40514e-13
3.34289e-09
2.21745e-13
5.508e-14
2.77601e-09
-4.24579e-15
6.68023e-13
1.83632e-09
7.65477e-13
-5.62365e-13
8.61316e-10
4.39393e-13
2.0288e-10
-4.34202e-13
1.39991e-12
1.1636e-09
-1.26455e-12
1.98441e-13
3.62391e-09
-1.3572e-12
9.75055e-13
6.03546e-09
-5.62822e-13
-8.05557e-13
7.80558e-09
1.69305e-13
-8.34615e-13
8.69835e-09
1.08226e-12
-6.10447e-13
8.69835e-09
1.61901e-12
-4.65721e-13
7.80551e-09
1.5567e-12
1.30236e-12
6.03545e-09
4.27503e-13
-5.37075e-14
3.6239e-09
9.6304e-13
1.16371e-09
3.38776e-13
1.16827e-12
2.82282e-09
-1.89459e-13
2.31707e-13
7.10615e-09
-2.40976e-13
9.95527e-13
9.96799e-09
-6.88481e-14
-9.41407e-13
1.15229e-08
-7.03353e-14
-5.61849e-13
1.21891e-08
-3.31771e-13
-5.88473e-13
1.21891e-08
1.83952e-13
-4.98056e-13
1.15228e-08
6.66942e-14
1.11509e-12
9.968e-09
-4.21439e-13
2.61423e-13
7.10621e-09
6.71722e-13
2.82289e-09
1.65094e-13
5.75899e-13
4.57199e-09
3.72811e-13
1.26214e-13
9.93147e-09
3.94189e-13
6.30356e-13
1.25269e-08
2.88989e-13
-3.80894e-13
1.36861e-08
-1.52358e-13
-1.7265e-13
1.41629e-08
-2.89442e-13
-7.75607e-14
1.41629e-08
-6.65556e-13
-2.78091e-13
1.36861e-08
-4.98229e-13
6.03509e-13
1.2527e-08
-1.69801e-13
-3.0674e-13
9.93155e-09
7.20024e-14
4.57199e-09
3.17576e-13
2.3546e-13
5.67041e-09
2.68877e-13
1.45408e-13
1.14123e-08
3.70392e-13
2.39561e-13
1.37321e-08
1.39881e-13
-2.69394e-13
1.47022e-08
-1.66588e-16
8.55763e-14
1.51131e-08
-8.96058e-14
7.63456e-14
1.51131e-08
-9.96176e-14
-2.17046e-14
1.47022e-08
-2.8327e-13
3.39999e-13
1.37321e-08
-2.56655e-13
-2.03499e-13
1.14124e-08
-2.64752e-13
5.6704e-09
1.97351e-13
-2.09524e-14
5.67043e-09
2.04529e-13
3.35857e-13
1.14123e-08
2.37208e-13
-1.27436e-14
1.37321e-08
-3.948e-14
-1.77333e-13
1.47022e-08
-1.35232e-13
1.7615e-13
1.5113e-08
-3.69798e-14
1.48956e-13
1.51131e-08
-1.19158e-13
5.67785e-14
1.47022e-08
-4.93925e-13
2.76982e-13
1.3732e-08
-3.01348e-13
-3.22457e-13
1.14124e-08
-9.1286e-13
5.67044e-09
-1.48839e-13
1.03941e-13
4.57183e-09
4.09108e-13
4.81093e-14
9.93134e-09
6.15979e-13
-1.57066e-13
1.25269e-08
2.61581e-13
8.62921e-14
1.36861e-08
-6.28022e-14
4.2074e-13
1.41629e-08
-1.85948e-14
4.87485e-13
1.41629e-08
-5.13178e-13
4.4667e-13
1.36861e-08
-6.91474e-13
3.28143e-13
1.25269e-08
-1.79329e-13
-8.73459e-13
9.9315e-09
-1.25054e-12
4.572e-09
4.15399e-13
-7.76287e-14
2.82265e-09
6.04478e-13
-4.26751e-13
7.10613e-09
4.99403e-13
-2.55952e-13
9.96813e-09
4.51361e-13
1.86453e-13
1.15229e-08
2.52228e-13
3.80333e-13
1.21892e-08
1.72331e-13
4.3311e-13
1.21891e-08
8.05762e-14
5.12137e-13
1.1523e-08
-9.34267e-14
5.5404e-13
9.9681e-09
-2.13368e-13
-9.86989e-13
7.10618e-09
-1.58062e-12
2.82275e-09
-1.60459e-14
-3.97287e-13
1.16358e-09
-4.20436e-13
-6.74781e-14
3.62401e-09
-6.27214e-13
-9.77052e-14
6.03561e-09
-3.32335e-13
-7.58601e-14
7.8056e-09
3.43911e-13
1.51498e-13
8.69839e-09
8.116e-13
1.97978e-13
8.69835e-09
1.65701e-12
2.40411e-14
7.8055e-09
2.10251e-12
3.70232e-13
6.03552e-09
9.8895e-13
-9.46481e-14
3.62392e-09
-7.70544e-13
1.16364e-09
-3.74134e-13
2.02881e-10
-4.61327e-13
8.61328e-10
-5.24715e-13
1.8363e-09
-4.34994e-13
2.77596e-09
-1.22044e-13
3.34288e-09
-6.58495e-14
3.34284e-09
4.00046e-13
2.77597e-09
6.06005e-13
1.83629e-09
7.90151e-13
8.61307e-10
2.02876e-10
-9.02022e-13
-4.46509e-15
2.02863e-10
1.05614e-12
-9.12004e-13
8.61329e-10
4.95643e-13
3.65339e-13
1.83642e-09
1.44983e-13
4.95782e-13
2.77608e-09
2.26702e-13
-1.7374e-13
3.34296e-09
2.9549e-13
-4.88005e-14
3.34293e-09
-2.2136e-13
4.02101e-13
2.77603e-09
-6.69174e-13
3.85941e-13
1.83641e-09
8.71888e-14
-7.77814e-13
8.61312e-10
2.07879e-13
2.02868e-10
1.00067e-13
2.64759e-13
1.16358e-09
-2.95615e-13
-9.15632e-13
3.62376e-09
-1.76158e-13
-2.73436e-13
6.03557e-09
1.279e-13
1.47956e-13
7.8057e-09
-5.66874e-14
-2.78984e-13
8.6986e-09
-3.13438e-13
-2.67512e-13
8.69854e-09
-3.54182e-13
2.19068e-13
7.80562e-09
-1.69735e-13
-1.09938e-13
6.03562e-09
-9.77091e-14
-4.30428e-13
3.62378e-09
5.28346e-14
1.16356e-09
1.70175e-13
1.87416e-13
2.82269e-09
-4.52076e-13
-1.34592e-13
7.10612e-09
-2.46781e-13
-1.82265e-13
9.968e-09
-2.32493e-14
-2.90203e-13
1.15229e-08
8.87634e-14
-1.11277e-13
1.21891e-08
1.5924e-13
-8.36021e-14
1.21891e-08
3.42844e-13
-1.9664e-13
1.15229e-08
6.21594e-13
-4.04466e-13
9.96804e-09
1.11802e-13
-1.35519e-13
7.10617e-09
2.37889e-13
2.82276e-09
1.80164e-13
2.21069e-13
4.57174e-09
4.20893e-13
-2.37833e-13
9.93135e-09
4.05062e-13
-1.72197e-15
1.25268e-08
1.47171e-13
-3.62325e-13
1.36861e-08
-1.25258e-13
-7.43856e-14
1.41629e-08
-1.41478e-13
1.85889e-14
1.41629e-08
-2.16408e-13
-2.8222e-13
1.36861e-08
-2.08647e-13
-1.80747e-13
1.25268e-08
-1.15053e-13
-3.90686e-13
9.93141e-09
1.5165e-13
4.57182e-09
-2.489e-14
2.06559e-13
5.67032e-09
9.24214e-14
-3.57506e-13
1.14123e-08
-4.57082e-14
1.47493e-13
1.37319e-08
1.51384e-13
-2.34611e-13
1.47022e-08
-1.11963e-13
-1.11374e-13
1.5113e-08
-5.54355e-14
1.5767e-13
1.5113e-08
5.55836e-14
7.30687e-14
1.47022e-08
-3.35347e-13
2.43212e-13
1.37319e-08
-1.80625e-13
-3.35139e-13
1.14123e-08
1.7288e-13
5.67036e-09
8.43585e-15
4.05524e-13
5.6703e-09
2.76423e-13
-3.05365e-13
1.14123e-08
1.63177e-13
5.76271e-13
1.37319e-08
-1.07655e-13
-1.5377e-13
1.47022e-08
1.68462e-13
7.22358e-14
1.5113e-08
-5.61001e-14
-2.35897e-14
1.51131e-08
-2.24561e-13
1.82728e-13
1.47022e-08
-3.655e-13
7.76608e-13
1.37319e-08
-1.12034e-13
-4.69188e-13
1.14123e-08
3.80567e-13
5.67036e-09
2.36593e-13
2.08306e-13
4.57185e-09
5.80338e-13
-8.90959e-13
9.93138e-09
3.59185e-13
9.11025e-13
1.25267e-08
9.45227e-15
1.03716e-13
1.36861e-08
-1.13869e-14
1.80871e-13
1.4163e-08
-1.96082e-13
9.96094e-14
1.4163e-08
-5.5884e-13
4.82839e-13
1.36861e-08
-9.67457e-13
1.04448e-12
1.25267e-08
-2.6259e-13
-7.37738e-13
9.93141e-09
1.48333e-13
4.57174e-09
2.91567e-13
-2.64714e-13
2.82276e-09
-3.48333e-13
-3.46444e-13
7.10604e-09
-2.48648e-13
1.22937e-12
9.96792e-09
5.19107e-14
-7.84309e-14
1.15229e-08
5.90146e-15
-2.22414e-13
1.21892e-08
1.97264e-13
5.87964e-14
1.21892e-08
2.85923e-13
1.53292e-13
1.15229e-08
1.29611e-13
1.26674e-12
9.96795e-09
-4.1684e-13
-2.92076e-13
7.10609e-09
-1.30095e-13
2.82272e-09
-3.2469e-14
-2.5451e-13
1.16355e-09
-4.7059e-13
3.87934e-13
3.62362e-09
3.85387e-14
6.36491e-13
6.03554e-09
8.1447e-14
-3.13706e-13
7.80572e-09
9.98044e-15
-4.50242e-15
8.69867e-09
-3.36251e-13
1.6719e-14
8.69864e-09
-5.96333e-14
-7.24276e-14
7.80578e-09
4.3781e-13
6.11488e-13
6.03566e-09
-6.94075e-14
4.57104e-13
3.62376e-09
2.38863e-15
1.16354e-09
-3.02352e-13
2.02859e-10
1.59726e-13
8.61315e-10
7.40854e-13
1.83647e-09
4.11395e-13
2.77613e-09
-6.64604e-14
3.343e-09
-1.79739e-13
3.34303e-09
-6.00298e-13
2.77611e-09
1.06162e-13
1.83648e-09
-8.71064e-14
8.61337e-10
2.02874e-10
-7.92931e-13
1.00687e-12
2.02869e-10
-2.9937e-13
-4.3785e-13
8.61301e-10
-2.74422e-13
4.23074e-13
1.83635e-09
-3.53819e-13
1.38602e-13
2.776e-09
-8.24255e-14
-3.18069e-13
3.34293e-09
5.33173e-14
-2.43731e-13
3.3429e-09
1.27289e-15
8.13621e-14
2.77601e-09
-3.75339e-13
3.79467e-13
1.83639e-09
7.32375e-13
-3.84866e-13
8.61314e-10
3.36778e-13
2.02884e-10
-6.75816e-13
1.33168e-12
1.16354e-09
-1.51426e-12
2.25883e-13
3.62381e-09
-1.07003e-12
-2.11021e-13
6.03556e-09
-4.78817e-13
-2.86684e-13
7.80558e-09
2.79989e-13
-4.66861e-13
8.69842e-09
4.51977e-13
-4.43613e-13
8.69837e-09
8.1972e-13
-9.34247e-14
7.80559e-09
7.14436e-13
3.23485e-13
6.03561e-09
-1.07263e-14
2.73112e-13
3.62384e-09
5.16556e-13
1.1636e-09
2.40852e-13
1.30964e-12
2.82275e-09
-7.49415e-14
5.59229e-13
7.10612e-09
7.6028e-14
-1.99691e-13
9.96805e-09
9.52975e-14
-4.10467e-13
1.15229e-08
-1.66089e-13
-3.78997e-13
1.21891e-08
-4.95759e-13
-1.27384e-13
1.21891e-08
-3.3192e-13
-1.81029e-13
1.1523e-08
-1.24224e-13
-6.56577e-14
9.96803e-09
-2.02571e-13
2.23426e-13
7.10607e-09
3.02072e-13
2.8227e-09
3.27897e-13
5.56616e-13
4.57193e-09
7.28764e-13
4.29066e-15
9.93144e-09
4.24351e-13
-7.28349e-14
1.25268e-08
9.49221e-14
-1.18039e-13
1.36862e-08
1.61429e-13
1.52263e-13
1.41629e-08
-3.02141e-13
-6.79465e-14
1.41629e-08
-3.50762e-13
-7.56247e-14
1.36861e-08
-2.86929e-13
-1.51873e-13
1.25267e-08
-1.07174e-14
-2.82091e-13
9.93149e-09
2.93314e-13
4.57188e-09
2.67326e-13
3.31398e-13
5.67042e-09
3.37902e-13
-1.09746e-13
1.14124e-08
3.28551e-13
3.41038e-13
1.3732e-08
1.46016e-13
-1.51685e-13
1.47022e-08
1.1933e-13
8.56541e-16
1.51131e-08
2.29713e-13
-9.28526e-15
1.5113e-08
9.77303e-14
-9.97113e-14
1.47022e-08
-1.77216e-13
2.42605e-13
1.37319e-08
-1.81541e-13
-4.84629e-13
1.14124e-08
1.40811e-13
5.67035e-09
2.10756e-13
1.33204e-13
5.67037e-09
5.21126e-13
-4.38272e-13
1.14124e-08
3.62048e-13
3.43324e-13
1.37319e-08
2.06203e-13
-1.35729e-13
1.47023e-08
1.91664e-13
1.4865e-13
1.51131e-08
4.61057e-15
1.081e-13
1.51131e-08
-1.46897e-13
2.1662e-14
1.47022e-08
-4.99828e-13
2.91149e-13
1.37319e-08
-1.3965e-13
-7.27827e-13
1.14124e-08
5.69845e-14
5.67034e-09
1.1788e-13
-2.17285e-13
4.57183e-09
7.34002e-13
-1.27244e-12
9.93141e-09
6.20148e-13
3.26227e-13
1.25268e-08
1.75249e-13
1.31957e-13
1.36861e-08
-4.91267e-14
2.76299e-13
1.41629e-08
-4.60833e-13
3.10983e-13
1.41629e-08
-7.45898e-13
4.39168e-13
1.36862e-08
-8.64185e-13
6.01024e-13
1.25268e-08
-2.34039e-13
-1.46077e-12
9.93145e-09
-1.74186e-13
4.5719e-09
3.44677e-13
-3.09222e-13
2.82272e-09
3.07937e-13
-1.03083e-12
7.10616e-09
2.39912e-13
2.88547e-13
9.96812e-09
5.27265e-14
-6.29507e-15
1.15229e-08
1.02021e-13
5.62372e-13
1.21891e-08
-1.34028e-13
4.30154e-13
1.21891e-08
-1.20036e-13
4.86334e-13
1.15229e-08
-1.68542e-13
6.97177e-13
9.96806e-09
-5.596e-13
-1.31466e-12
7.10612e-09
-9.59062e-13
2.82275e-09
1.83874e-14
-4.96519e-13
1.1636e-09
-1.18741e-12
-4.22919e-13
3.62397e-09
-1.04009e-12
-2.60138e-14
6.03567e-09
-6.73447e-13
-3.02552e-13
7.80553e-09
2.08378e-14
2.5731e-13
8.69843e-09
6.17529e-13
1.58882e-13
8.69843e-09
1.21055e-12
-9.62716e-14
7.80552e-09
1.48977e-12
2.29812e-13
6.03559e-09
3.09369e-13
-1.81883e-13
3.62386e-09
-5.59289e-13
1.16361e-09
1.67445e-13
2.0289e-10
-9.26968e-13
8.61333e-10
-5.77018e-13
1.83635e-09
-6.22787e-13
2.77593e-09
-2.53969e-13
3.34289e-09
-1.04437e-13
3.34288e-09
1.0102e-13
2.77598e-09
4.78468e-13
1.83632e-09
5.34921e-13
8.61293e-10
2.0287e-10
-1.85327e-13
7.24441e-14
2.0288e-10
7.30561e-13
-8.56766e-13
8.61327e-10
1.48601e-13
2.1777e-13
1.83647e-09
-6.59577e-14
2.51453e-13
2.77602e-09
3.9404e-14
-1.623e-13
3.34295e-09
1.11006e-13
-1.59736e-13
3.34297e-09
-3.27801e-13
4.43418e-13
2.77605e-09
-7.65489e-13
3.4574e-13
1.83645e-09
3.78518e-13
-8.92694e-13
8.61333e-10
-2.0335e-13
2.0287e-10
-2.79173e-13
5.66629e-13
1.16362e-09
-4.36022e-13
-2.0974e-13
3.62373e-09
-2.57004e-13
-1.68255e-13
6.03569e-09
-1.13694e-13
7.31925e-15
7.80568e-09
-1.97351e-13
-1.38159e-13
8.69862e-09
-2.71399e-13
-1.92497e-13
8.69863e-09
-3.4247e-13
1.57497e-13
7.80569e-09
-2.18687e-14
-5.44082e-14
6.03571e-09
1.04366e-14
-5.91391e-13
3.62376e-09
1.15283e-13
1.16354e-09
1.09992e-13
2.26773e-13
2.82273e-09
-2.9862e-13
4.17495e-13
7.10608e-09
-1.66745e-13
-2.74648e-13
9.96803e-09
1.08173e-13
-3.49513e-13
1.15229e-08
-9.37101e-14
-9.22868e-14
1.21892e-08
-3.49203e-14
-3.27706e-14
1.21891e-08
2.61339e-13
-2.15338e-13
1.1523e-08
5.22526e-13
-4.21826e-13
9.96801e-09
2.69929e-13
-2.27326e-14
7.1061e-09
2.05397e-13
2.82273e-09
4.60569e-13
5.14914e-14
4.57174e-09
5.64684e-13
-1.36112e-13
9.93146e-09
5.13285e-13
-2.19433e-14
1.25266e-08
3.1594e-13
-2.86404e-13
1.36862e-08
-4.49158e-14
-4.84933e-15
1.4163e-08
-3.21012e-13
7.56038e-14
1.41629e-08
-4.99982e-13
-1.23164e-13
1.36863e-08
-4.64237e-13
-2.20029e-13
1.25267e-08
-2.04153e-13
-3.65341e-13
9.93136e-09
1.42759e-13
4.57169e-09
3.19794e-14
5.31096e-14
5.67033e-09
2.96167e-13
-1.99244e-13
1.14124e-08
9.68341e-14
1.87536e-13
1.37318e-08
2.2218e-13
-1.0284e-13
1.47023e-08
3.22732e-14
1.42695e-14
1.51131e-08
5.21505e-14
1.63485e-13
1.51131e-08
-1.73147e-13
-8.53396e-14
1.47023e-08
-1.7235e-13
2.35217e-13
1.37318e-08
-1.39635e-13
-3.82651e-13
1.14123e-08
6.93116e-14
5.67033e-09
6.78199e-14
1.7272e-13
5.67034e-09
2.7606e-13
-6.43664e-13
1.14124e-08
2.2589e-13
5.3911e-13
1.37318e-08
5.20643e-14
-6.28207e-14
1.47023e-08
1.05874e-13
1.11167e-13
1.51131e-08
9.42792e-14
1.64768e-13
1.51131e-08
-1.78051e-13
2.55433e-13
1.47023e-08
-2.36839e-13
6.46063e-13
1.37318e-08
-4.83803e-14
-4.81926e-13
1.14123e-08
2.89189e-13
5.67025e-09
1.93873e-13
-1.51488e-13
4.57186e-09
8.15462e-13
-9.92236e-13
9.93156e-09
3.70407e-13
8.56094e-13
1.25267e-08
1.98558e-13
3.263e-13
1.36862e-08
3.43386e-14
1.49614e-14
1.4163e-08
-4.0029e-14
1.61824e-13
1.4163e-08
-5.46211e-13
3.47397e-13
1.36862e-08
-6.9181e-13
9.89075e-13
1.25267e-08
-4.15971e-13
-1.1131e-12
9.93146e-09
-1.1933e-13
4.57171e-09
3.00352e-13
-5.29195e-13
2.82286e-09
-5.70293e-13
-5.73057e-13
7.10607e-09
-4.0419e-13
1.24617e-12
9.96805e-09
-1.72518e-13
2.20337e-13
1.15229e-08
2.64745e-13
1.20187e-13
1.21892e-08
-3.08515e-15
2.03318e-13
1.21892e-08
1.5466e-13
2.52393e-13
1.15229e-08
-7.80733e-14
1.17796e-12
9.96801e-09
-4.81413e-13
-4.90721e-13
7.10604e-09
-3.26958e-13
2.82273e-09
-2.35483e-14
-1.51844e-14
1.16364e-09
-8.80239e-13
3.49612e-13
3.62365e-09
-2.96289e-13
5.32847e-13
6.0356e-09
1.41131e-13
-3.41728e-13
7.80569e-09
5.41896e-14
-1.22673e-13
8.69864e-09
-1.92411e-13
2.56716e-14
8.69865e-09
-1.25857e-14
-1.73425e-13
7.80577e-09
7.12133e-13
5.18285e-13
6.03576e-09
1.50752e-13
2.41469e-13
3.62371e-09
-3.22256e-13
1.16357e-09
-1.99786e-13
2.0287e-10
2.75987e-13
8.61324e-10
5.57498e-13
1.8365e-09
6.56285e-13
2.77615e-09
6.52922e-14
3.343e-09
-1.90934e-13
3.343e-09
-4.44013e-13
2.77608e-09
1.96256e-13
1.83651e-09
1.75088e-14
8.61353e-10
2.02886e-10
-3.81393e-13
9.19637e-13
2.02875e-10
-1.17945e-13
-4.97443e-13
8.61302e-10
-3.50631e-13
7.1263e-13
1.83633e-09
-3.87073e-13
-3.20194e-14
2.77606e-09
-1.53189e-13
-2.17394e-13
3.34291e-09
2.17648e-13
-2.91016e-13
3.34291e-09
1.71203e-13
-1.14603e-13
2.77603e-09
-3.55004e-13
6.31923e-13
1.83636e-09
4.01978e-13
-6.41748e-13
8.61327e-10
5.05654e-13
2.02882e-10
-5.97813e-13
1.0712e-12
1.16357e-09
-9.04229e-13
-1.48867e-13
3.62394e-09
-1.18416e-12
9.10195e-13
6.03553e-09
-4.86007e-13
-5.8456e-13
7.80556e-09
-9.53687e-14
-6.14004e-13
8.69839e-09
6.5582e-13
-5.68563e-13
8.69839e-09
1.28448e-12
-5.33926e-13
7.80553e-09
1.16883e-12
1.08624e-12
6.03547e-09
6.03504e-13
-6.29194e-14
3.62392e-09
7.04221e-13
1.16369e-09
2.28511e-13
9.00767e-13
2.82268e-09
-2.12784e-14
3.99144e-14
7.10611e-09
6.38921e-14
9.0722e-13
9.96806e-09
1.38417e-13
-6.7793e-13
1.15229e-08
-1.99989e-13
-3.96532e-13
1.21892e-08
-4.0713e-13
-3.77642e-13
1.21892e-08
-1.81028e-13
-5.89061e-13
1.1523e-08
-1.32735e-13
9.52498e-13
9.96806e-09
-4.65337e-13
-2.14275e-13
7.10616e-09
1.73977e-13
2.8228e-09
2.66894e-13
5.35199e-13
4.57189e-09
5.03635e-13
4.0728e-15
9.93133e-09
7.49413e-13
8.20856e-13
1.25269e-08
3.16883e-13
-3.36219e-13
1.3686e-08
3.93894e-15
3.72013e-14
1.41629e-08
-3.34952e-13
-4.24331e-14
1.41629e-08
-7.29903e-13
-2.68648e-13
1.36861e-08
-3.24346e-13
6.49047e-13
1.25269e-08
-2.94034e-14
-3.56462e-13
9.93145e-09
3.085e-14
4.57198e-09
3.6157e-13
5.72647e-14
5.67031e-09
3.67812e-13
6.25438e-14
1.14122e-08
1.26467e-13
3.27688e-13
1.3732e-08
2.07389e-13
-1.1339e-13
1.47022e-08
1.57706e-13
5.57004e-14
1.51131e-08
-1.1279e-13
-6.07301e-15
1.5113e-08
-1.157e-13
-1.72807e-13
1.47022e-08
-2.59962e-13
2.25221e-13
1.3732e-08
-1.31634e-13
-2.17407e-13
1.14123e-08
-2.67665e-13
5.67039e-09
4.4808e-13
-3.82234e-13
5.67038e-09
3.75621e-13
6.07563e-14
1.14122e-08
2.70329e-13
5.53905e-14
1.3732e-08
1.32984e-13
-7.78796e-14
1.47023e-08
1.92683e-13
1.67272e-13
1.51132e-08
-1.89103e-13
1.71002e-13
1.51131e-08
-1.03519e-13
6.47343e-14
1.47023e-08
-3.23953e-13
1.28836e-13
1.3732e-08
-2.11733e-13
-2.81209e-13
1.14123e-08
-8.48252e-13
5.67043e-09
1.15204e-14
-5.97787e-14
4.57178e-09
3.64832e-13
-8.66579e-14
9.93129e-09
5.96643e-13
3.33442e-14
1.25268e-08
1.80895e-13
-1.06384e-15
1.36861e-08
5.43417e-14
2.55145e-13
1.4163e-08
-2.2539e-13
3.69651e-13
1.4163e-08
-5.46774e-13
5.22671e-13
1.36862e-08
-5.71364e-13
1.98247e-13
1.25269e-08
-1.74665e-13
-7.3351e-13
9.93136e-09
-1.26478e-12
4.57193e-09
1.16664e-13
-3.07315e-13
2.82255e-09
5.46079e-13
-3.99537e-13
7.10609e-09
2.99919e-13
2.41997e-15
9.968e-09
1.14005e-13
1.53518e-14
1.15229e-08
1.15955e-13
3.08313e-13
1.21892e-08
3.80154e-14
4.36072e-13
1.21892e-08
-8.3086e-14
4.70215e-13
1.1523e-08
-2.3695e-13
3.27521e-13
9.96807e-09
-3.65975e-13
-7.38094e-13
7.10613e-09
-1.4372e-12
2.82274e-09
2.46829e-13
-4.79825e-13
1.16353e-09
-4.63369e-13
-3.70905e-13
3.62395e-09
-6.41823e-13
-1.30736e-13
6.03565e-09
-3.50863e-13
-2.10549e-13
7.80558e-09
6.50444e-14
1.2167e-13
8.69843e-09
6.63963e-13
2.68167e-13
8.69845e-09
1.3896e-12
-1.17454e-14
7.8056e-09
1.83422e-12
1.11017e-13
6.03555e-09
8.56814e-13
3.0508e-13
3.62393e-09
-6.0651e-13
1.16362e-09
-1.7496e-13
2.0288e-10
-5.46553e-13
8.61307e-10
-4.7662e-13
1.83633e-09
-5.05772e-13
2.77598e-09
-1.89471e-13
3.34289e-09
-7.53621e-14
3.34289e-09
1.43039e-13
2.776e-09
7.64259e-13
1.83634e-09
5.53696e-13
8.61295e-10
2.02874e-10
-5.41194e-13
2.16688e-13
2.0287e-10
3.94383e-13
-8.68865e-13
8.61314e-10
3.01411e-13
1.34037e-13
1.83645e-09
1.89173e-15
1.1549e-13
2.77604e-09
1.60586e-13
-8.98615e-14
3.34297e-09
2.35453e-13
-1.57225e-13
3.34297e-09
-3.78081e-13
3.81432e-13
2.77606e-09
-8.84649e-13
4.87014e-13
1.83642e-09
4.37746e-14
-7.73079e-13
8.61348e-10
-2.14085e-13
2.02881e-10
-2.98931e-13
7.3102e-13
1.16358e-09
-5.89755e-13
-2.75045e-13
3.62375e-09
-2.96739e-13
-2.66322e-13
6.03559e-09
-1.17852e-14
-7.67187e-14
7.80572e-09
-3.05676e-13
-8.62684e-14
8.69861e-09
-4.41489e-13
-6.44117e-14
8.69862e-09
-4.74599e-13
3.83014e-13
7.80571e-09
-2.29006e-13
1.76711e-13
6.03562e-09
-2.67577e-13
-6.24764e-13
3.62382e-09
-2.18561e-13
1.16354e-09
2.18298e-13
4.56937e-13
2.82269e-09
-4.39663e-13
1.86416e-13
7.10605e-09
-3.5095e-13
-2.83935e-13
9.96807e-09
5.61572e-14
-3.22182e-13
1.15229e-08
-9.66616e-14
-9.3246e-14
1.21891e-08
-3.64304e-14
-1.04325e-13
1.21892e-08
1.49449e-13
-8.58285e-14
1.15229e-08
6.433e-13
-1.3789e-13
9.96809e-09
1.85228e-13
-2.02249e-13
7.10612e-09
1.53823e-13
2.82276e-09
4.07111e-13
3.29825e-13
4.57168e-09
7.52941e-13
-1.04278e-13
9.93139e-09
4.84242e-13
-7.32393e-14
1.25268e-08
2.17844e-13
-1.83788e-13
1.36861e-08
-5.63286e-14
1.53473e-13
1.4163e-08
-7.02935e-14
1.00202e-13
1.41629e-08
-2.45689e-13
-5.58098e-14
1.36862e-08
-4.02008e-13
-1.22216e-13
1.25268e-08
-3.28753e-14
-2.88384e-13
9.93143e-09
7.38477e-14
4.57178e-09
1.03139e-13
1.25115e-13
5.67029e-09
4.42724e-13
-3.04567e-13
1.14123e-08
1.94381e-13
1.79399e-13
1.37319e-08
1.03883e-13
-7.86718e-14
1.47022e-08
-5.63706e-14
2.30059e-13
1.51131e-08
1.31394e-13
1.86413e-13
1.51131e-08
-1.74113e-13
-1.03751e-13
1.47022e-08
-3.19063e-13
2.88107e-13
1.37319e-08
-1.85052e-13
-3.62859e-13
1.14123e-08
6.00935e-14
5.67038e-09
2.33501e-15
1.47073e-13
5.67036e-09
3.56005e-13
-6.60426e-13
1.14123e-08
2.24883e-13
5.02129e-13
1.37319e-08
-3.43622e-14
-3.26099e-14
1.47022e-08
8.34128e-14
3.78004e-13
1.5113e-08
1.85857e-14
1.13262e-13
1.5113e-08
-1.18184e-13
9.04012e-14
1.47022e-08
-3.33094e-13
5.13124e-13
1.37319e-08
-8.80003e-14
-7.33146e-13
1.14123e-08
-2.10315e-14
5.67037e-09
3.18386e-13
-2.87342e-13
4.57181e-09
6.52746e-13
-1.29224e-12
9.93142e-09
3.12992e-13
8.18347e-13
1.25268e-08
2.40598e-13
4.91746e-13
1.36861e-08
-1.68782e-13
1.51295e-13
1.41629e-08
-2.28203e-13
1.7005e-13
1.41629e-08
-3.79619e-13
2.08078e-13
1.36861e-08
-6.38664e-13
8.34404e-13
1.25267e-08
-3.55778e-13
-1.09215e-12
9.93143e-09
-1.8497e-13
4.57185e-09
2.2123e-13
-5.14867e-13
2.82279e-09
-2.73411e-13
-6.4659e-13
7.10613e-09
-2.62083e-13
1.02717e-12
9.96798e-09
-1.36978e-13
2.98767e-14
1.15229e-08
-8.38164e-14
1.49684e-13
1.21891e-08
1.00911e-13
6.99653e-14
1.21891e-08
3.99733e-13
1.40968e-13
1.15229e-08
3.75371e-13
9.40619e-13
9.96797e-09
-2.63169e-13
-5.54979e-13
7.10609e-09
-4.89466e-13
2.82274e-09
-3.48651e-13
-5.65091e-13
1.16357e-09
-9.93598e-13
3.72383e-13
3.62367e-09
-4.06052e-13
6.48191e-13
6.03556e-09
2.26846e-13
-1.01136e-14
7.80569e-09
-1.03181e-13
-2.72443e-14
8.69857e-09
7.08028e-14
-4.32678e-14
8.69862e-09
-1.13572e-14
-3.28173e-13
7.80574e-09
6.97077e-13
3.92048e-13
6.03567e-09
-3.45581e-15
2.01396e-13
3.62374e-09
-2.31909e-13
1.16355e-09
-3.53575e-13
2.02863e-10
-4.02236e-13
8.61305e-10
4.17643e-13
1.83644e-09
2.09695e-13
2.77606e-09
1.05574e-13
3.34296e-09
6.23623e-14
3.34295e-09
-3.26632e-13
2.77612e-09
4.74043e-14
1.83645e-09
2.56894e-13
8.61331e-10
2.02876e-10
-8.88052e-13
9.49143e-13
2.02874e-10
-2.70456e-13
-2.58334e-13
8.61303e-10
-5.03011e-13
-1.52455e-13
1.83634e-09
-2.86301e-13
-1.27595e-13
2.77602e-09
-1.71274e-13
-2.51183e-13
3.34289e-09
7.20594e-14
-1.47796e-13
3.34291e-09
6.50385e-14
2.0692e-13
2.77599e-09
-2.19659e-13
3.61086e-13
1.83637e-09
2.85863e-13
-7.25282e-13
8.6127e-10
3.35437e-13
2.02864e-10
-3.8518e-13
1.61212e-12
1.16358e-09
-1.4431e-12
2.61337e-13
3.6239e-09
-9.55445e-13
-3.77629e-13
6.03562e-09
-2.67361e-13
-5.25906e-13
7.80558e-09
2.64146e-13
-5.47078e-13
8.69838e-09
5.59696e-13
-3.03182e-13
8.69838e-09
1.24883e-12
8.0634e-14
7.80553e-09
1.1664e-12
2.29012e-13
6.03554e-09
3.18585e-13
-6.78506e-14
3.62383e-09
4.09272e-13
1.1636e-09
4.14219e-14
1.37199e-12
2.82277e-09
-5.54689e-14
7.29535e-13
7.10617e-09
-2.23819e-13
-6.43887e-13
9.96803e-09
-1.77101e-13
-6.76766e-13
1.1523e-08
-2.01016e-13
-2.49001e-13
1.21891e-08
-4.85187e-13
-1.74658e-13
1.21892e-08
-1.12376e-13
-2.56693e-13
1.15229e-08
1.37073e-14
-5.479e-14
9.968e-09
-8.36215e-14
4.32165e-13
7.1061e-09
3.57906e-13
2.82269e-09
3.13463e-13
6.46385e-13
4.57201e-09
5.07502e-13
1.05655e-13
9.93151e-09
3.69633e-13
-5.52649e-14
1.25268e-08
2.13512e-13
-2.46659e-13
1.36861e-08
-1.2358e-13
1.2261e-13
1.41629e-08
-3.43733e-13
1.51862e-13
1.41629e-08
-4.24266e-13
9.47515e-15
1.36861e-08
-3.8185e-13
-6.77931e-14
1.25268e-08
2.62915e-14
-1.51583e-13
9.93151e-09
2.20172e-13
4.57192e-09
2.66339e-13
3.39043e-13
5.67043e-09
6.43555e-13
-1.57322e-13
1.14124e-08
1.00998e-13
9.05452e-14
1.37319e-08
2.72033e-13
-1.2757e-13
1.47023e-08
-3.36133e-14
1.72134e-13
1.5113e-08
1.3204e-13
1.54841e-13
1.51131e-08
-1.43081e-13
-1.5795e-13
1.47023e-08
-1.93086e-13
2.55796e-13
1.3732e-08
-2.56641e-13
-3.81501e-13
1.14124e-08
2.3289e-13
5.67043e-09
1.88577e-13
-9.44424e-14
5.67042e-09
4.78815e-13
-5.50256e-13
1.14124e-08
3.24798e-13
4.35512e-13
1.37319e-08
2.33606e-13
-8.83202e-14
1.47022e-08
-1.11046e-13
8.93244e-14
1.51131e-08
2.92276e-14
5.01804e-14
1.5113e-08
-5.2997e-14
1.30915e-13
1.47023e-08
-2.52672e-13
4.25367e-13
1.3732e-08
-2.18505e-15
-6.93204e-13
1.14124e-08
-9.71816e-14
5.6704e-09
-9.1642e-15
2.46432e-14
4.57189e-09
5.44171e-13
-1.11863e-12
9.93143e-09
4.14711e-13
7.24416e-13
1.25267e-08
1.59276e-13
2.74678e-13
1.36861e-08
-9.1822e-14
2.85167e-13
1.41629e-08
-1.6399e-14
3.47244e-13
1.41629e-08
-6.31142e-13
3.84426e-13
1.36861e-08
-5.28554e-13
8.83341e-13
1.25268e-08
-1.71465e-13
-1.3467e-12
9.93152e-09
-2.02214e-13
4.57191e-09
3.79455e-13
-3.86973e-13
2.82272e-09
2.54753e-13
-1.15e-12
7.10605e-09
3.20229e-13
7.92181e-13
9.96804e-09
2.4424e-13
2.84421e-13
1.1523e-08
2.3921e-13
4.18012e-13
1.21892e-08
2.74752e-13
5.32728e-13
1.21892e-08
-3.48229e-14
4.65332e-13
1.1523e-08
-1.47276e-13
9.30437e-13
9.96808e-09
-5.02551e-13
-1.17853e-12
7.10614e-09
-5.99389e-13
2.82275e-09
1.57668e-13
-4.93616e-13
1.16359e-09
-9.86399e-13
-5.51965e-13
3.62388e-09
-7.93918e-13
3.95164e-13
6.03569e-09
-3.84394e-13
-8.06225e-14
7.80563e-09
1.19372e-13
1.29867e-13
8.69846e-09
5.06129e-13
1.16541e-13
8.69847e-09
1.08349e-12
1.10382e-13
7.80557e-09
1.58688e-12
3.40535e-13
6.03564e-09
5.62185e-13
-9.48772e-14
3.62394e-09
-4.9174e-13
1.16363e-09
-3.95708e-13
2.02878e-10
-4.44845e-13
8.61317e-10
-5.09403e-13
1.83638e-09
-3.45963e-13
2.77601e-09
-1.97405e-13
3.34294e-09
2.00022e-13
3.34295e-09
-1.48795e-13
2.776e-09
7.97801e-13
1.83641e-09
3.41761e-13
8.61319e-10
2.02886e-10
-3.16057e-13
3.61104e-13
2.02873e-10
8.45329e-13
-1.10189e-12
8.6136e-10
8.45935e-13
2.07734e-13
1.83647e-09
4.01727e-13
3.8669e-13
2.77607e-09
9.24158e-14
1.24667e-13
3.34293e-09
-7.37368e-14
-2.34859e-14
3.34291e-09
8.71795e-14
4.61009e-13
2.77606e-09
-8.85638e-13
3.15943e-13
1.83643e-09
2.7298e-13
-8.11142e-13
8.61368e-10
2.39402e-13
2.02869e-10
-1.79286e-13
4.3012e-13
1.16363e-09
-3.24947e-13
-9.1018e-13
3.62376e-09
2.1949e-13
-3.52835e-13
6.03576e-09
2.20412e-13
4.51765e-14
7.80573e-09
-1.04787e-13
-3.50883e-15
8.69865e-09
-3.18438e-13
9.12708e-14
8.69863e-09
-1.87769e-13
3.66954e-13
7.80566e-09
2.43968e-14
-2.80122e-14
6.03567e-09
-1.08484e-13
-7.60992e-13
3.62375e-09
-4.03076e-14
1.16356e-09
2.89508e-13
3.83148e-13
2.82273e-09
-1.18424e-13
-1.79739e-14
7.10601e-09
-3.54703e-13
-5.68063e-13
9.9682e-09
-1.70152e-13
-2.62379e-13
1.1523e-08
7.89159e-14
3.40588e-14
1.21892e-08
-1.74852e-13
-5.9753e-14
1.21892e-08
1.56892e-14
9.18497e-14
1.1523e-08
2.8452e-13
-1.561e-13
9.96822e-09
3.30442e-14
-9.74272e-14
7.10598e-09
1.94153e-13
2.82269e-09
1.03162e-13
1.50138e-13
4.57186e-09
3.83639e-13
-2.47742e-13
9.93137e-09
1.25216e-13
-2.78889e-13
1.25267e-08
-1.27738e-13
-1.58828e-13
1.36862e-08
-1.75717e-13
1.34182e-13
1.4163e-08
-1.70831e-13
2.08541e-13
1.4163e-08
-4.84088e-13
6.34301e-14
1.36863e-08
-4.8462e-13
-1.05403e-13
1.25267e-08
-1.7638e-13
-3.78746e-13
9.93134e-09
2.96833e-13
4.57178e-09
-6.45349e-14
2.08849e-13
5.67039e-09
1.1082e-13
-2.81347e-13
1.14124e-08
1.93161e-14
6.39795e-14
1.37318e-08
-1.03118e-13
-1.16668e-13
1.47023e-08
1.50722e-13
2.50792e-13
1.51131e-08
5.41558e-14
8.68586e-14
1.51131e-08
-5.8931e-14
1.18528e-13
1.47022e-08
-3.27304e-13
2.32367e-13
1.37318e-08
2.04224e-14
-4.05432e-13
1.14124e-08
-1.60783e-14
5.67035e-09
1.66686e-14
1.55977e-13
5.67043e-09
2.34164e-13
-6.5057e-13
1.14125e-08
5.34915e-14
4.82958e-13
1.37319e-08
-2.40633e-14
-3.12157e-14
1.47023e-08
-4.81345e-15
-2.49314e-15
1.51131e-08
8.44525e-14
4.33209e-14
1.51131e-08
1.32733e-14
2.0624e-13
1.47023e-08
-2.92491e-13
4.81611e-13
1.37318e-08
3.36649e-14
-6.54301e-13
1.14124e-08
-8.74978e-15
5.67028e-09
3.06372e-13
-7.32303e-14
4.5719e-09
1.04329e-12
-9.46027e-13
9.93156e-09
5.17479e-13
5.73365e-13
1.25267e-08
5.51641e-14
4.20067e-14
1.36862e-08
3.15084e-14
1.28907e-13
1.41629e-08
-4.86147e-14
1.99982e-13
1.41629e-08
-3.93598e-13
4.30584e-13
1.36862e-08
-6.85765e-13
7.87179e-13
1.25267e-08
-3.66496e-13
-1.18993e-12
9.93144e-09
-1.76108e-13
4.5718e-09
6.09616e-13
-4.76371e-13
2.82278e-09
-1.11032e-13
-9.7607e-13
7.1062e-09
-1.57914e-13
7.91301e-13
9.9681e-09
2.44922e-15
8.05822e-14
1.1523e-08
4.49611e-14
2.16366e-13
1.21892e-08
3.42695e-14
2.31531e-13
1.21891e-08
1.71395e-13
2.77826e-13
1.15229e-08
-1.93206e-13
8.98899e-13
9.96815e-09
-5.52537e-13
-5.34434e-13
7.10617e-09
-4.66292e-13
2.8227e-09
-2.32707e-13
-2.93684e-13
1.16362e-09
-1.06182e-12
3.2789e-14
3.62383e-09
-5.22722e-13
2.81252e-13
6.03563e-09
-2.40356e-13
-3.19362e-13
7.80552e-09
6.12995e-14
2.15389e-14
8.69844e-09
8.44512e-14
6.72325e-14
8.69851e-09
4.18687e-13
-6.19164e-14
7.80565e-09
9.79731e-13
3.84152e-13
6.03569e-09
2.03933e-13
5.80927e-15
3.62377e-09
-3.40055e-13
1.16359e-09
-6.95079e-14
2.02889e-10
-1.59384e-13
8.61314e-10
5.77805e-14
1.83644e-09
-5.73392e-14
2.77599e-09
-8.76788e-14
3.34282e-09
8.19475e-14
3.34286e-09
-2.30507e-13
2.77598e-09
1.93753e-13
1.83641e-09
5.39988e-13
8.61303e-10
2.02869e-10
3.16715e-13
-1.00697e-13
2.02903e-10
1.83639e-13
3.35411e-13
8.61348e-10
2.27752e-13
-9.85259e-17
1.83651e-09
-1.36594e-14
2.59246e-14
2.77605e-09
-1.67252e-13
2.48452e-13
3.34302e-09
-3.85203e-13
1.42369e-13
3.34301e-09
-3.18326e-13
-9.16179e-15
2.77603e-09
-1.95355e-13
-2.14456e-13
1.83641e-09
-2.07821e-14
3.5098e-13
8.61273e-10
-1.33802e-13
2.02885e-10
-8.47137e-14
-5.01231e-13
1.1636e-09
-5.56607e-13
3.16579e-13
3.62386e-09
-6.60854e-13
4.28262e-13
6.03562e-09
-3.36187e-13
-3.31204e-13
7.80568e-09
-9.65964e-14
-1.59381e-13
8.69856e-09
3.05959e-13
-1.21876e-13
8.69857e-09
3.26188e-13
-1.92922e-13
7.80569e-09
2.10788e-13
1.78542e-13
6.03565e-09
8.2764e-14
3.95485e-13
3.62383e-09
2.34065e-13
1.16355e-09
-4.90912e-13
4.18269e-13
2.82283e-09
-4.14193e-13
2.42079e-13
7.1063e-09
-5.80165e-13
5.01539e-13
9.96794e-09
-4.08303e-13
-4.01436e-13
1.15229e-08
-3.22499e-13
-3.07887e-13
1.21892e-08
-8.87493e-14
-2.60115e-13
1.21892e-08
5.09572e-15
-2.34187e-13
1.15229e-08
1.05013e-13
2.02307e-13
9.96785e-09
2.42677e-13
8.93442e-14
7.10624e-09
1.36165e-13
2.82281e-09
8.52517e-14
2.21222e-13
4.57173e-09
1.20026e-13
-1.89947e-14
9.93157e-09
-1.28473e-13
3.83635e-13
1.25268e-08
-3.17627e-14
-1.35982e-13
1.36862e-08
-7.13535e-14
-1.67681e-13
1.41629e-08
-5.70537e-14
-1.5716e-13
1.4163e-08
-2.57406e-14
-1.44763e-14
1.36862e-08
3.11681e-14
1.61911e-13
1.25267e-08
-1.88937e-15
-1.42244e-13
9.93152e-09
2.01314e-13
4.57176e-09
1.90834e-13
4.1318e-13
5.67032e-09
1.11433e-13
2.62731e-14
1.14123e-08
1.57343e-13
5.18236e-13
1.37319e-08
9.46422e-14
-4.9234e-14
1.47023e-08
9.33223e-14
-7.24462e-14
1.51131e-08
1.24214e-13
-5.65024e-14
1.51131e-08
-3.29299e-13
-7.09648e-14
1.47022e-08
-2.77128e-13
2.84093e-13
1.37318e-08
-2.08923e-13
-1.77275e-13
1.14123e-08
6.71853e-14
5.67027e-09
-6.5872e-14
3.83448e-13
5.67031e-09
1.9969e-14
2.1605e-13
1.14123e-08
-2.4093e-14
3.83012e-13
1.37319e-08
-2.65953e-14
-6.79204e-14
1.47023e-08
-4.76605e-14
-7.16613e-14
1.51131e-08
-6.3358e-14
5.81367e-14
1.51131e-08
-1.26335e-13
2.23024e-13
1.47022e-08
-3.68499e-13
3.18444e-13
1.37318e-08
-3.79335e-13
-2.39178e-13
1.14122e-08
-1.41121e-13
5.67029e-09
1.42604e-13
3.63226e-13
4.5719e-09
-1.19164e-13
3.41329e-13
9.93147e-09
-6.38458e-14
4.72033e-13
1.25268e-08
2.08301e-13
1.1911e-13
1.36861e-08
1.64909e-13
-2.63706e-13
1.41629e-08
3.35646e-13
-2.96495e-14
1.41629e-08
2.60521e-13
2.33412e-13
1.36861e-08
1.0606e-14
5.19308e-13
1.25268e-08
-1.75403e-13
-6.75306e-14
9.93146e-09
-6.44657e-13
4.57176e-09
-1.21886e-13
4.64512e-13
2.82289e-09
-5.35431e-13
7.1347e-13
7.10603e-09
-1.15523e-13
1.75898e-13
9.96799e-09
1.12712e-13
-4.15917e-13
1.15228e-08
3.08029e-13
-3.46514e-13
1.21892e-08
2.95953e-13
-1.96108e-13
1.21892e-08
6.03664e-13
-3.82249e-14
1.15229e-08
6.83721e-13
3.94473e-13
9.96796e-09
3.41568e-13
5.69887e-13
7.10601e-09
-2.08828e-13
2.8228e-09
1.72258e-13
3.14914e-13
1.16359e-09
-9.99596e-14
7.01214e-13
3.6237e-09
2.28047e-13
-2.91052e-14
6.03558e-09
4.6253e-14
-3.57092e-13
7.80572e-09
1.08608e-13
-2.70569e-13
8.69865e-09
1.57256e-14
-1.39505e-13
8.69862e-09
2.87612e-15
-3.68112e-13
7.80572e-09
3.59836e-13
4.48483e-15
6.03566e-09
3.3233e-13
8.75938e-13
3.62376e-09
2.17107e-13
1.16356e-09
4.05344e-13
2.02867e-10
1.20461e-12
8.61315e-10
1.00193e-12
1.83644e-09
2.42028e-13
2.77615e-09
2.23362e-13
3.34306e-09
-5.47991e-13
3.34308e-09
-1.31541e-12
2.77613e-09
-1.19397e-12
1.83645e-09
-1.35572e-13
8.61355e-10
2.02879e-10
-5.49833e-13
8.67646e-13
2.02867e-10
-4.19086e-13
-6.12486e-13
8.6128e-10
-8.8226e-13
4.37464e-13
1.83626e-09
-2.4622e-13
6.06757e-14
2.77603e-09
-1.5214e-13
-1.38929e-13
3.3429e-09
2.12496e-13
-1.59837e-13
3.34291e-09
9.16068e-14
7.77296e-14
2.77601e-09
-3.91306e-13
6.80226e-13
1.83632e-09
2.17749e-13
-7.58519e-13
8.61334e-10
5.84703e-13
2.02884e-10
-4.19147e-13
1.57033e-12
1.16361e-09
-9.93922e-13
2.00049e-13
3.62393e-09
-1.27066e-12
1.05527e-12
6.03543e-09
-5.12939e-13
-5.58909e-13
7.80554e-09
-1.11108e-13
-7.76657e-13
8.69836e-09
6.08585e-13
-6.69868e-13
8.6984e-09
1.21233e-12
-6.57807e-13
7.80557e-09
9.24916e-13
8.52506e-13
6.03542e-09
2.36005e-13
-4.41459e-13
3.62389e-09
6.85393e-13
1.16366e-09
1.81336e-13
1.11749e-12
2.82281e-09
1.76031e-13
4.03737e-13
7.10627e-09
-2.91406e-13
7.54307e-13
9.968e-09
-4.88983e-14
-7.90295e-13
1.15229e-08
-1.41457e-13
-3.31111e-13
1.21892e-08
-3.90031e-13
-2.96196e-13
1.21892e-08
-1.2492e-13
-5.78473e-13
1.15229e-08
-3.20692e-13
8.45303e-13
9.96806e-09
-2.91864e-13
-8.21353e-15
7.10621e-09
1.09624e-13
2.82279e-09
2.89106e-13
6.4587e-13
4.57195e-09
3.55846e-13
1.53343e-13
9.93149e-09
3.67455e-13
5.00976e-13
1.2527e-08
3.66833e-13
-3.48704e-13
1.36861e-08
-1.93401e-13
-1.28609e-13
1.41629e-08
-5.46161e-13
-8.25334e-14
1.41629e-08
-6.7153e-13
-2.79334e-13
1.36861e-08
-3.16819e-13
4.19288e-13
1.2527e-08
-1.0702e-13
-4.03323e-13
9.93146e-09
1.01457e-13
4.57197e-09
3.80907e-13
1.84683e-13
5.67041e-09
2.47976e-13
9.22341e-14
1.14124e-08
2.40522e-13
1.84239e-13
1.37322e-08
2.5095e-13
-3.34754e-13
1.47023e-08
3.90834e-14
1.30163e-14
1.51131e-08
-3.91898e-15
6.89164e-14
1.51131e-08
-2.26986e-13
-2.63405e-13
1.47022e-08
-3.46518e-13
1.70352e-13
1.3732e-08
-2.82877e-13
-1.84935e-13
1.14123e-08
-1.38733e-13
5.67036e-09
1.58312e-13
-9.46135e-14
5.67043e-09
2.17109e-13
2.93976e-13
1.14123e-08
1.94342e-13
5.24134e-14
1.37321e-08
4.2001e-13
-2.21867e-13
1.47023e-08
7.57823e-14
-3.38322e-14
1.51131e-08
-1.81147e-15
2.68797e-13
1.51132e-08
-6.94396e-14
1.37089e-13
1.47023e-08
-2.92878e-13
1.87116e-13
1.3732e-08
-2.99959e-13
-2.94244e-13
1.14123e-08
-8.17609e-13
5.67042e-09
-2.57981e-15
-1.42339e-13
4.57188e-09
5.85557e-13
-8.85958e-14
9.9314e-09
5.59361e-13
-3.03456e-13
1.25269e-08
2.40634e-13
-1.05879e-13
1.36861e-08
1.3212e-13
2.56327e-13
1.41629e-08
-1.5413e-13
4.43492e-13
1.41629e-08
-5.94492e-13
2.49496e-13
1.3686e-08
-7.74143e-13
2.02528e-14
1.25268e-08
-1.1625e-13
-7.83157e-13
9.93139e-09
-1.17299e-12
4.57197e-09
5.81159e-13
-3.00238e-13
2.82268e-09
6.91979e-13
-6.07999e-13
7.10614e-09
5.2501e-13
-1.93866e-13
9.96808e-09
2.97353e-13
-1.29787e-13
1.1523e-08
3.85228e-13
4.33641e-13
1.21891e-08
1.14648e-13
5.79557e-13
1.21892e-08
1.58702e-13
4.32879e-13
1.15229e-08
-1.7719e-13
2.21972e-13
9.96806e-09
-1.3562e-13
-8.79064e-13
7.10618e-09
-1.26966e-12
2.82274e-09
8.10398e-14
-5.46162e-13
1.16363e-09
-6.43112e-13
-3.59168e-13
3.62402e-09
-8.34887e-13
-2.90738e-13
6.03567e-09
-4.50149e-13
-3.56416e-13
7.80554e-09
1.59357e-13
6.13982e-14
8.69838e-09
6.06453e-13
2.09069e-13
8.69838e-09
1.42834e-12
1.63543e-14
7.80558e-09
1.62699e-12
1.35633e-14
6.03554e-09
7.56276e-13
2.22509e-14
3.62396e-09
-4.18381e-13
1.16362e-09
-5.46262e-13
2.02897e-10
-5.95185e-13
8.61348e-10
-6.06509e-13
1.83635e-09
-7.04882e-13
2.77596e-09
-2.23606e-13
3.34286e-09
-9.42221e-14
3.34288e-09
9.57665e-14
2.77603e-09
6.70287e-13
1.83635e-09
6.43593e-13
8.61328e-10
2.02884e-10
3.86459e-13
2.80846e-13
2.02897e-10
8.89433e-13
-1.45902e-12
8.61374e-10
8.36637e-13
8.80826e-14
1.83651e-09
2.22267e-13
2.07808e-13
2.77613e-09
1.66472e-13
5.96227e-14
3.343e-09
4.0446e-14
-4.04277e-14
3.34302e-09
-2.30936e-13
3.94354e-13
2.77611e-09
-5.69351e-13
1.88131e-13
1.83644e-09
-1.32974e-13
-8.7072e-13
8.61345e-10
1.17821e-13
2.02882e-10
-1.60964e-13
3.15818e-13
1.1636e-09
-1.20452e-13
-1.08621e-12
3.62377e-09
1.6184e-13
-3.28208e-13
6.03567e-09
-2.12859e-13
8.56214e-14
7.8058e-09
-4.0903e-13
1.26984e-13
8.69865e-09
-5.29285e-13
-1.13493e-13
8.69865e-09
-5.93204e-13
-1.5327e-14
7.8057e-09
1.67623e-13
-1.39164e-13
6.03557e-09
-1.53948e-13
-5.29868e-13
3.62371e-09
7.65394e-14
1.16355e-09
8.13734e-14
1.45855e-13
2.82268e-09
-3.2514e-13
-1.15365e-13
7.1061e-09
-1.84987e-13
-4.11031e-13
9.96803e-09
3.1782e-13
-2.35973e-13
1.15229e-08
4.25234e-14
4.57e-14
1.21891e-08
-3.09648e-14
2.7691e-14
1.21892e-08
2.54666e-13
-1.56363e-13
1.15229e-08
5.24899e-13
-3.98879e-13
9.96795e-09
2.24552e-13
-1.04167e-14
7.10609e-09
2.97946e-13
2.82276e-09
1.9483e-13
3.9107e-13
4.57173e-09
2.88976e-13
-3.2407e-14
9.93136e-09
1.43239e-13
-1.9543e-13
1.25267e-08
-1.7241e-14
-2.59758e-13
1.36861e-08
-8.1498e-15
1.86183e-13
1.41629e-08
-1.11707e-13
8.33376e-14
1.41629e-08
-3.82934e-13
-1.77486e-13
1.36861e-08
-5.19923e-13
-2.2909e-13
1.25268e-08
-1.87455e-13
-3.38371e-13
9.93144e-09
2.62599e-13
4.5718e-09
-1.45452e-14
1.49185e-13
5.6703e-09
-5.55231e-14
-3.46347e-13
1.14123e-08
-1.75026e-13
2.25435e-13
1.37318e-08
-3.27435e-13
-2.47934e-13
1.47022e-08
2.3989e-14
1.99409e-14
1.51131e-08
2.02948e-13
-9.24936e-14
1.51131e-08
1.21074e-13
-7.29827e-14
1.47022e-08
-1.97683e-13
9.95075e-14
1.37319e-08
-1.24561e-13
-3.87331e-13
1.14123e-08
1.02324e-13
5.67032e-09
-4.69155e-14
3.38895e-13
5.6703e-09
2.80528e-13
-5.52595e-13
1.14123e-08
1.39929e-14
5.35198e-13
1.37319e-08
3.80761e-14
-2.2254e-14
1.47023e-08
6.51763e-14
-4.31011e-14
1.51132e-08
1.81825e-13
-1.89501e-13
1.51131e-08
-1.15865e-13
8.33919e-14
1.47022e-08
-2.93477e-13
6.9761e-13
1.37319e-08
-5.50155e-14
-3.96752e-13
1.14123e-08
2.94119e-13
5.67032e-09
1.48058e-13
8.48233e-14
4.57182e-09
7.33602e-13
-1.0091e-12
9.93144e-09
4.01663e-13
7.78265e-13
1.25268e-08
3.07266e-13
2.16683e-13
1.36862e-08
7.07805e-14
-3.65705e-14
1.4163e-08
3.4143e-14
6.03402e-14
1.4163e-08
-4.56777e-13
3.741e-13
1.36862e-08
-7.22272e-13
1.19018e-12
1.25268e-08
-3.42902e-13
-8.32427e-13
9.93137e-09
4.24724e-14
4.57177e-09
3.82865e-13
6.84219e-14
2.82276e-09
2.19898e-14
-4.25789e-13
7.10613e-09
-2.12787e-13
9.55994e-13
9.96805e-09
1.06734e-13
6.78703e-14
1.15229e-08
1.84681e-13
2.66504e-14
1.21892e-08
1.17688e-13
-2.26686e-14
1.21892e-08
2.69139e-13
2.86364e-13
1.15229e-08
1.29441e-14
1.19764e-12
9.96798e-09
-3.62801e-13
-4.28882e-13
7.10613e-09
-3.44961e-13
2.82272e-09
-1.57235e-13
-1.32899e-13
1.1636e-09
-5.03589e-13
3.37007e-13
3.62369e-09
-2.15338e-14
5.36943e-13
6.03555e-09
5.61391e-14
-3.36699e-13
7.80571e-09
2.73247e-14
-7.40311e-14
8.69861e-09
-1.57367e-13
-2.96732e-14
8.69867e-09
-1.27211e-13
-1.75526e-13
7.80575e-09
5.33399e-13
7.15492e-13
6.03567e-09
8.75511e-14
4.98074e-13
3.62375e-09
2.38825e-14
1.16354e-09
-9.32913e-14
2.02875e-10
5.72626e-13
8.61322e-10
6.4364e-13
1.83644e-09
2.96432e-13
2.77609e-09
1.62212e-13
3.34298e-09
-9.75272e-14
3.34299e-09
-4.10542e-13
2.7761e-09
3.29005e-13
1.83648e-09
1.53407e-13
8.6132e-10
2.02874e-10
-1.14524e-12
9.14875e-13
2.02865e-10
-3.52466e-13
-2.13844e-13
8.61295e-10
-4.07073e-13
1.67672e-13
1.83635e-09
-3.94554e-13
1.79962e-14
2.776e-09
-1.62702e-13
-1.62036e-13
3.34292e-09
-2.51773e-13
-1.90809e-13
3.34291e-09
-1.23265e-13
2.01437e-13
2.77602e-09
-2.87799e-13
2.55019e-13
1.83637e-09
1.20085e-13
-9.04634e-13
8.61287e-10
2.14666e-13
2.02872e-10
-6.47991e-13
1.66493e-12
1.16359e-09
-1.8989e-12
3.8182e-13
3.62387e-09
-1.3193e-12
-1.23712e-13
6.03558e-09
-5.11697e-13
-3.00693e-13
7.80559e-09
-1.49662e-13
-6.52425e-13
8.69845e-09
3.09728e-13
-3.90066e-13
8.69846e-09
8.36905e-13
3.07827e-14
7.8056e-09
7.45327e-13
1.17795e-13
6.03559e-09
2.90663e-13
1.6199e-13
3.62386e-09
3.58156e-13
1.16359e-09
-9.14711e-14
1.08167e-12
2.82279e-09
-2.4087e-13
5.41988e-13
7.10609e-09
3.43302e-14
-3.38467e-13
9.96802e-09
2.97251e-13
-3.6115e-13
1.1523e-08
4.74295e-14
-2.09491e-13
1.21892e-08
-2.7243e-13
-2.70336e-13
1.21892e-08
-2.97397e-13
-2.01726e-13
1.1523e-08
1.3177e-13
-3.4792e-14
9.96805e-09
-1.40838e-13
3.83265e-13
7.10607e-09
5.31145e-13
2.82268e-09
2.26765e-13
6.89719e-13
4.57192e-09
6.95361e-13
3.26979e-13
9.93152e-09
4.39178e-13
-3.68487e-14
1.25268e-08
3.59767e-13
-1.4959e-13
1.36862e-08
-1.30194e-13
-1.34554e-14
1.41629e-08
-2.5292e-13
9.00271e-14
1.41629e-08
-3.86552e-13
5.77495e-14
1.36861e-08
-3.87206e-13
-2.37423e-13
1.25267e-08
-6.76772e-14
-3.60123e-13
9.93139e-09
2.56847e-13
4.57187e-09
3.28033e-13
3.52445e-13
5.67042e-09
3.69371e-13
5.6635e-14
1.14124e-08
1.70374e-13
8.04428e-14
1.3732e-08
1.71761e-13
1.01747e-14
1.47022e-08
9.68901e-14
-3.10242e-14
1.51131e-08
1.28447e-13
-9.85903e-14
1.51131e-08
-3.57115e-14
-3.78753e-14
1.47022e-08
-2.58672e-13
7.15147e-14
1.37319e-08
-3.77504e-13
-5.4608e-13
1.14123e-08
1.90796e-13
5.67031e-09
1.8266e-13
-2.31869e-14
5.67036e-09
4.55511e-13
-3.18372e-13
1.14123e-08
3.49316e-13
3.14411e-13
1.3732e-08
-1.63683e-14
-5.82567e-14
1.47023e-08
1.2707e-13
1.63682e-13
1.51131e-08
9.68509e-14
4.85385e-14
1.51131e-08
-1.18396e-14
1.50938e-13
1.47023e-08
-2.50547e-13
4.99533e-13
1.37319e-08
-9.38458e-14
-8.58382e-13
1.14124e-08
-1.17505e-13
5.67037e-09
-1.53071e-14
8.48828e-14
4.5719e-09
6.36887e-13
-7.74059e-13
9.9315e-09
2.99322e-13
4.98033e-13
1.25268e-08
1.93603e-13
3.44025e-13
1.36862e-08
3.5958e-14
2.74584e-13
1.41629e-08
-8.2884e-14
3.26304e-13
1.41629e-08
-5.9616e-13
4.19714e-13
1.36861e-08
-8.28815e-13
8.20222e-13
1.25267e-08
-1.59429e-13
-1.33324e-12
9.93145e-09
-3.8378e-13
4.57191e-09
4.10812e-13
-1.86907e-13
2.82271e-09
2.08299e-13
-7.84524e-13
7.10608e-09
1.63228e-13
4.43534e-13
9.96808e-09
2.2312e-13
3.52581e-13
1.1523e-08
1.02532e-13
4.31724e-13
1.21892e-08
-2.74991e-14
3.67027e-13
1.21892e-08
-6.40296e-14
4.57384e-13
1.1523e-08
-3.33228e-13
9.38981e-13
9.96806e-09
-5.20573e-13
-1.16881e-12
7.10604e-09
-1.0291e-12
2.82274e-09
1.82303e-13
-3.86154e-13
1.16359e-09
-1.09439e-12
-1.2844e-13
3.62391e-09
-9.00328e-13
1.53742e-13
6.03571e-09
-5.04338e-13
-1.77123e-13
7.80561e-09
9.27834e-14
3.51636e-13
8.6985e-09
4.13074e-13
8.61894e-14
8.69846e-09
1.24354e-12
1.15977e-14
7.80558e-09
1.66302e-12
4.4096e-13
6.0356e-09
3.76751e-13
-6.82264e-14
3.62386e-09
-5.02046e-13
1.16362e-09
-3.26369e-13
2.02882e-10
-7.66428e-13
8.61318e-10
-7.42084e-13
1.83637e-09
-4.20919e-13
2.77601e-09
-2.65567e-13
3.34292e-09
-5.36837e-14
3.34291e-09
8.94219e-14
2.77602e-09
3.89777e-13
1.83639e-09
5.32322e-13
8.61328e-10
2.02882e-10
-4.93447e-13
5.15408e-13
2.02889e-10
9.18848e-13
-1.05963e-12
8.61364e-10
4.04519e-13
-6.41823e-14
1.83653e-09
2.41397e-13
3.15888e-13
2.7761e-09
1.51961e-13
-3.45386e-14
3.34302e-09
2.26885e-13
-1.47071e-14
3.34303e-09
-3.42804e-13
3.84767e-13
2.77611e-09
-6.12931e-13
2.67319e-13
1.83652e-09
7.54794e-14
-8.08537e-13
8.61357e-10
-2.31432e-13
2.02889e-10
-3.93919e-13
5.54081e-13
1.1636e-09
-2.46407e-13
-4.52512e-13
3.62374e-09
-1.20556e-13
-2.61386e-13
6.03575e-09
-1.50511e-13
-3.9865e-14
7.80574e-09
-2.61722e-13
-2.95604e-13
8.69868e-09
-4.15793e-13
-2.6551e-13
8.69867e-09
-2.78345e-13
6.00209e-14
7.80582e-09
4.44697e-14
-2.09075e-14
6.03581e-09
-9.64538e-14
-4.21256e-13
3.62381e-09
3.4511e-14
1.16354e-09
2.33121e-13
1.28435e-13
2.82271e-09
-2.55773e-13
-9.89181e-14
7.10612e-09
-2.76104e-13
-7.2272e-13
9.96801e-09
1.91733e-13
-3.16927e-13
1.1523e-08
1.17827e-13
-9.62876e-14
1.21892e-08
2.15645e-14
-1.84718e-13
1.21892e-08
6.06984e-13
-2.67909e-13
1.1523e-08
7.41697e-13
-5.62259e-13
9.96797e-09
3.08668e-13
-1.47858e-13
7.10605e-09
4.48448e-13
2.82274e-09
3.53213e-13
3.25042e-13
4.57174e-09
4.19353e-13
-1.35747e-13
9.93145e-09
3.33663e-13
-3.86986e-13
1.25266e-08
1.89863e-13
-2.78977e-13
1.36862e-08
-1.16675e-13
1.05539e-14
1.41629e-08
-2.61898e-13
8.05345e-14
1.4163e-08
-3.56908e-13
-1.37161e-13
1.36862e-08
-3.88876e-13
-2.47903e-13
1.25266e-08
7.14054e-15
-3.09836e-13
9.93144e-09
2.43729e-13
4.57182e-09
2.56121e-14
1.6008e-13
5.67031e-09
2.40152e-14
-3.21037e-13
1.14123e-08
4.18777e-14
1.34795e-13
1.37318e-08
-8.31248e-14
-1.69826e-13
1.47023e-08
-6.53049e-14
-4.42708e-14
1.51131e-08
-1.30153e-14
3.47157e-14
1.51131e-08
-1.35459e-13
-2.01103e-13
1.47022e-08
-3.19406e-13
9.86175e-14
1.37318e-08
-1.57085e-13
-2.54818e-13
1.14123e-08
2.5888e-13
5.67034e-09
8.50946e-15
3.36356e-13
5.67033e-09
3.93208e-13
-4.62476e-13
1.14124e-08
1.69971e-13
2.81911e-13
1.37318e-08
-5.41163e-14
-6.81601e-14
1.47022e-08
1.75356e-13
3.41411e-14
1.51131e-08
1.00188e-13
-7.57123e-15
1.51131e-08
-8.61173e-14
-1.58936e-13
1.47023e-08
-2.81942e-13
4.20867e-13
1.37318e-08
-1.38989e-13
-6.44573e-13
1.14124e-08
2.31908e-13
5.67028e-09
2.58428e-13
1.15105e-13
4.57181e-09
6.85192e-13
-1.04093e-12
9.93144e-09
5.36931e-13
7.45635e-13
1.25266e-08
1.53374e-13
3.21429e-13
1.36861e-08
1.10765e-13
1.15064e-13
1.41629e-08
-1.37338e-13
7.67438e-14
1.4163e-08
-4.0855e-13
2.72642e-13
1.36861e-08
-6.71434e-13
9.91444e-13
1.25267e-08
-3.56738e-13
-1.02055e-12
9.93144e-09
1.66688e-13
4.57175e-09
2.58958e-13
-3.06542e-13
2.82287e-09
-2.19717e-13
-3.46903e-13
7.10604e-09
-1.60782e-13
9.98866e-13
9.96792e-09
-1.20457e-13
2.03569e-14
1.15228e-08
-1.94438e-14
3.55764e-14
1.21892e-08
-6.98025e-14
5.00918e-14
1.21891e-08
3.1501e-13
1.15972e-13
1.15229e-08
1.39211e-13
1.07025e-12
9.96797e-09
-1.67729e-13
-5.36205e-13
7.1061e-09
-4.06014e-13
2.82276e-09
-8.27799e-15
-2.51448e-13
1.16358e-09
-7.02996e-13
3.44721e-13
3.62361e-09
-3.18071e-14
5.19514e-13
6.03557e-09
2.4287e-13
-2.86824e-13
7.80567e-09
-4.51945e-14
-1.66909e-13
8.69861e-09
-1.97755e-13
-1.25433e-13
8.69857e-09
1.92195e-13
-1.8312e-13
7.80575e-09
6.2817e-13
6.24847e-13
6.03569e-09
-2.98131e-15
8.03667e-14
3.6237e-09
-2.45249e-13
1.16357e-09
-3.52077e-13
2.02866e-10
2.92382e-13
8.61309e-10
7.02216e-13
1.83648e-09
3.07653e-13
2.77613e-09
1.69654e-13
3.343e-09
1.09054e-13
3.34299e-09
1.50729e-13
2.77608e-09
1.87646e-13
1.83646e-09
1.7995e-13
8.61304e-10
2.02872e-10
-7.1725e-13
7.53244e-13
2.0288e-10
-3.63971e-13
-5.04025e-13
8.61282e-10
-5.78523e-13
5.55414e-13
1.83632e-09
-3.95382e-13
-6.0629e-14
2.77601e-09
1.16025e-13
-2.44327e-13
3.34292e-09
4.6449e-13
-2.59193e-13
3.34289e-09
3.31363e-13
1.02278e-13
2.77601e-09
2.82813e-14
6.31535e-13
1.83633e-09
5.25339e-13
-4.18713e-13
8.6133e-10
4.60794e-13
2.02885e-10
-3.34075e-13
1.14687e-12
1.1636e-09
-1.09269e-12
-1.12722e-13
3.62395e-09
-1.19765e-12
8.64426e-13
6.03544e-09
-4.66072e-13
-5.39672e-13
7.80557e-09
2.46704e-13
-7.76795e-13
8.6984e-09
1.09323e-12
-6.84394e-13
8.69834e-09
1.60718e-12
-6.01641e-13
7.80553e-09
1.53541e-12
9.70395e-13
6.03547e-09
4.67584e-13
2.25442e-13
3.62393e-09
1.19879e-12
1.16368e-09
1.34653e-13
9.47881e-13
2.82276e-09
-2.7282e-13
-5.84933e-15
7.10618e-09
1.33091e-13
9.47251e-13
9.96806e-09
1.74017e-13
-7.14965e-13
1.15229e-08
5.60646e-14
-5.46597e-13
1.21892e-08
-3.52289e-13
-5.75214e-13
1.21891e-08
-1.52588e-13
-6.50003e-13
1.15229e-08
-2.09124e-13
1.14297e-12
9.96807e-09
-3.83245e-13
4.63303e-13
7.10627e-09
4.67769e-13
2.82285e-09
1.6628e-13
7.69511e-13
4.57194e-09
3.93932e-13
5.52893e-14
9.93139e-09
6.89434e-13
5.63231e-13
1.2527e-08
1.59462e-13
-3.85732e-13
1.36861e-08
-1.96484e-13
-1.28866e-13
1.41629e-08
-5.76773e-13
-1.0863e-13
1.41629e-08
-8.89221e-13
-3.55212e-13
1.36861e-08
-6.29199e-13
6.38067e-13
1.2527e-08
-2.43619e-13
-8.83808e-14
9.93151e-09
1.5869e-13
4.57198e-09
3.33816e-13
3.51602e-13
5.67039e-09
2.04126e-13
5.89893e-14
1.14123e-08
2.63347e-13
2.55839e-13
1.37321e-08
6.58668e-14
-3.43866e-13
1.47022e-08
2.83364e-14
7.40135e-14
1.51131e-08
-3.345e-14
-8.39974e-14
1.51131e-08
-4.49869e-14
-1.92813e-13
1.47022e-08
-1.21003e-13
2.00874e-13
1.37321e-08
-1.64322e-13
-2.65047e-13
1.14124e-08
-2.25021e-13
5.67044e-09
1.78248e-13
-1.39919e-13
5.67039e-09
2.37386e-13
2.0777e-13
1.14122e-08
2.36089e-13
7.12802e-14
1.3732e-08
1.85534e-13
-3.26185e-13
1.47022e-08
-1.18503e-13
-6.80108e-14
1.51131e-08
-1.51641e-13
1.23461e-13
1.51131e-08
-1.16778e-13
1.00055e-13
1.47022e-08
-2.76573e-13
2.44999e-13
1.37321e-08
-2.68468e-13
-1.61643e-13
1.14123e-08
-7.49209e-13
5.67047e-09
1.61083e-13
-7.60655e-14
4.57184e-09
4.99929e-13
-1.97357e-13
9.93138e-09
7.01663e-13
4.73041e-14
1.25269e-08
3.49591e-13
2.15322e-14
1.36861e-08
1.90361e-13
4.07417e-13
1.4163e-08
-2.98799e-13
2.85902e-13
1.41629e-08
-5.37467e-13
3.44538e-13
1.36862e-08
-8.37752e-13
7.55734e-14
1.25268e-08
-1.61138e-13
-4.12145e-13
9.93144e-09
-9.44589e-13
4.57195e-09
3.63129e-13
-4.50454e-13
2.82264e-09
6.67542e-13
-6.11264e-13
7.10617e-09
4.11113e-13
4.60671e-15
9.9681e-09
4.0424e-13
-2.17131e-14
1.1523e-08
6.34961e-14
4.08789e-13
1.21892e-08
9.59245e-14
5.74412e-13
1.21891e-08
-1.99873e-13
4.57053e-13
1.1523e-08
-3.27899e-13
3.46799e-13
9.96804e-09
-3.51133e-13
-7.02349e-13
7.10609e-09
-1.2057e-12
2.8227e-09
-5.15006e-14
-4.95926e-13
1.16358e-09
-7.11166e-13
-3.28769e-13
3.624e-09
-7.09741e-13
-1.18307e-13
6.03565e-09
-5.13931e-13
-3.08019e-13
7.80559e-09
-1.3833e-14
2.27408e-13
8.69847e-09
6.33581e-13
2.38848e-13
8.69845e-09
1.06662e-12
-3.90444e-14
7.80553e-09
1.44257e-12
1.84419e-13
6.03552e-09
6.70093e-13
9.42187e-14
3.62386e-09
-6.36333e-13
1.1636e-09
-2.67649e-13
2.02881e-10
-6.50842e-13
8.61307e-10
-5.33437e-13
1.83635e-09
-5.51507e-13
2.77597e-09
-1.48475e-13
3.3429e-09
4.57572e-14
3.34285e-09
9.90029e-14
2.77599e-09
4.71206e-13
1.83634e-09
6.35802e-13
8.61311e-10
2.02872e-10
-4.36561e-13
3.30706e-13
2.02884e-10
8.26386e-13
-1.07876e-12
8.61357e-10
4.26006e-13
2.67168e-13
1.83645e-09
1.8428e-13
2.7673e-13
2.77609e-09
1.15945e-13
-1.84931e-13
3.34293e-09
1.68569e-13
-7.1296e-14
3.34295e-09
-8.83193e-14
4.29627e-13
2.77607e-09
-5.48047e-13
4.50763e-13
1.83643e-09
-1.96102e-14
-6.78498e-13
8.61335e-10
1.25423e-13
2.02874e-10
-1.7087e-13
5.6135e-14
1.16357e-09
-4.7569e-13
-6.62438e-13
3.62376e-09
-1.42426e-13
-2.22947e-13
6.03568e-09
-6.28407e-14
8.47367e-14
7.80574e-09
-2.94411e-13
-1.85132e-13
8.69858e-09
-3.28233e-13
-1.94514e-13
8.69856e-09
-2.55676e-13
-5.31078e-14
7.80569e-09
2.04841e-13
-2.66778e-13
6.0356e-09
-2.94668e-13
-5.70311e-13
3.62381e-09
2.02153e-13
1.16358e-09
1.8252e-13
1.95642e-13
2.8227e-09
-6.53787e-13
-1.33567e-13
7.10612e-09
-1.25545e-13
-4.40931e-13
9.96806e-09
3.30661e-13
-4.67311e-13
1.15229e-08
-1.10767e-14
-2.35254e-13
1.21891e-08
-1.92021e-13
3.43426e-14
1.21891e-08
2.34763e-13
-1.95102e-13
1.1523e-08
5.1834e-13
-5.59153e-13
9.96805e-09
2.0187e-13
-2.78788e-13
7.10622e-09
5.90491e-14
2.82279e-09
1.79245e-13
3.02321e-13
4.57172e-09
4.17673e-13
-1.59293e-13
9.93147e-09
1.52455e-13
-3.0709e-13
1.25268e-08
1.63566e-13
-3.60959e-13
1.36862e-08
-1.00084e-13
9.89805e-14
1.4163e-08
-4.03435e-13
1.64381e-13
1.4163e-08
-5.32897e-13
-8.32083e-14
1.36862e-08
-5.54774e-13
-3.55024e-13
1.25268e-08
-3.83219e-13
-5.04529e-13
9.9314e-09
2.68683e-13
4.57177e-09
6.75968e-14
3.50587e-13
5.67031e-09
1.14662e-13
-3.21038e-13
1.14122e-08
-1.55426e-13
4.89449e-14
1.37319e-08
2.43026e-14
-2.30913e-13
1.47022e-08
-1.05201e-13
-7.51582e-14
1.51131e-08
2.56565e-14
1.16863e-13
1.51131e-08
-1.3053e-13
-5.42212e-14
1.47023e-08
-2.86694e-13
1.81366e-13
1.3732e-08
-2.01954e-13
-4.77364e-13
1.14123e-08
-1.01153e-13
5.67038e-09
-4.97562e-14
4.14966e-13
5.67033e-09
2.25155e-13
-5.29825e-13
1.14123e-08
-1.14992e-13
3.64641e-13
1.37319e-08
3.60573e-14
-1.07605e-13
1.47022e-08
-1.834e-14
-2.07348e-14
1.51131e-08
7.15226e-14
1.01157e-13
1.51131e-08
7.04558e-14
1.79594e-13
1.47022e-08
-1.67525e-13
4.65969e-13
1.3732e-08
2.72961e-14
-6.42433e-13
1.14123e-08
1.31263e-13
5.67038e-09
4.46331e-13
-5.08591e-14
4.57184e-09
8.43816e-13
-9.95352e-13
9.93141e-09
6.32518e-13
7.33874e-13
1.25269e-08
4.09583e-13
1.80126e-13
1.36862e-08
5.58431e-14
4.42142e-14
1.4163e-08
7.4364e-14
1.42813e-13
1.4163e-08
-3.87553e-13
3.55543e-13
1.36861e-08
-5.28827e-13
9.18181e-13
1.25268e-08
-1.82025e-13
-1.02831e-12
9.93143e-09
1.19364e-13
4.5718e-09
5.26006e-13
-5.1174e-13
2.82283e-09
-3.29547e-13
-4.7861e-13
7.10613e-09
-1.27972e-13
9.6768e-13
9.96812e-09
5.79763e-14
9.27364e-15
1.15229e-08
2.74037e-14
2.01532e-13
1.21892e-08
2.27928e-13
2.3437e-13
1.21892e-08
2.57961e-13
2.45634e-13
1.15228e-08
-2.57316e-14
8.77611e-13
9.96798e-09
-3.46853e-13
-6.91235e-13
7.10613e-09
-3.62955e-13
2.82276e-09
-1.74398e-13
-3.01878e-13
1.16362e-09
-9.72437e-13
3.55343e-13
3.62373e-09
-5.34028e-13
4.88736e-13
6.03562e-09
-3.47208e-14
-1.73212e-13
7.80569e-09
-2.58715e-13
-1.74591e-13
8.69858e-09
-5.22639e-14
-1.93408e-14
8.69859e-09
-1.01628e-14
-1.56922e-13
7.80567e-09
3.12687e-13
4.43875e-13
6.03562e-09
-2.20229e-15
1.62548e-13
3.62376e-09
-2.73755e-13
1.16356e-09
-4.26051e-13
2.02884e-10
-6.1598e-14
8.61365e-10
4.51247e-13
1.83645e-09
-9.48163e-14
2.7761e-09
-1.29443e-13
3.34297e-09
1.44807e-13
3.34298e-09
-2.21961e-13
2.77606e-09
2.31089e-13
1.83642e-09
3.15232e-13
8.61336e-10
2.0288e-10
-6.17625e-13
6.15642e-13
2.02868e-10
1.25661e-14
-3.12834e-13
8.61318e-10
-3.73894e-13
5.46336e-14
1.83638e-09
-3.26179e-13
1.66252e-15
2.77605e-09
-1.09648e-13
-1.78124e-13
3.34294e-09
-1.28324e-14
-6.6811e-14
3.34297e-09
-3.16971e-13
2.47702e-13
2.77602e-09
-5.00229e-13
2.64314e-13
1.8364e-09
2.79345e-13
-6.48305e-13
8.61303e-10
3.10005e-13
2.02876e-10
-8.52115e-13
1.28076e-12
1.16359e-09
-1.90041e-12
2.44059e-13
3.62392e-09
-1.30548e-12
-3.16946e-13
6.03562e-09
-6.07378e-13
-3.14364e-13
7.80557e-09
-1.68084e-13
-5.65765e-13
8.69841e-09
3.64534e-13
-4.48367e-13
8.69847e-09
6.30443e-13
-8.36021e-14
7.80559e-09
9.70595e-13
2.18481e-13
6.03561e-09
-2.8291e-14
1.54879e-13
3.62386e-09
4.16406e-13
1.16361e-09
4.32926e-14
1.31517e-12
2.82278e-09
-4.11545e-13
6.2034e-13
7.10615e-09
9.34513e-14
-3.599e-13
9.96803e-09
1.46901e-13
-3.69949e-13
1.1523e-08
-2.66647e-13
-4.58631e-13
1.21892e-08
-2.41159e-13
-2.92782e-13
1.21892e-08
-2.52362e-13
-2.82509e-13
1.1523e-08
2.32663e-13
-2.7256e-13
9.96807e-09
-1.24801e-13
2.31682e-13
7.1061e-09
1.66399e-13
2.82271e-09
2.88586e-13
7.48733e-13
4.57197e-09
5.12942e-13
1.16079e-13
9.93144e-09
3.06749e-13
-2.48313e-13
1.25267e-08
7.9242e-14
-3.16916e-13
1.36861e-08
-1.68808e-13
-1.58065e-13
1.41629e-08
-1.43783e-13
7.95665e-14
1.4163e-08
-4.99982e-13
-2.08306e-13
1.36862e-08
-5.0175e-13
-2.32824e-13
1.25268e-08
-4.8535e-14
-2.0022e-13
9.93151e-09
3.00735e-13
4.57188e-09
3.34457e-13
3.14369e-13
5.6703e-09
4.71838e-13
4.12172e-14
1.14123e-08
1.30046e-13
4.56957e-14
1.3732e-08
2.02223e-13
-1.31117e-13
1.47023e-08
1.05799e-13
-7.56906e-14
1.51131e-08
1.85143e-14
6.25534e-14
1.51131e-08
2.86616e-14
1.34841e-13
1.47023e-08
-4.16965e-13
9.74377e-14
1.37319e-08
-2.71253e-13
-4.28047e-13
1.14123e-08
2.7858e-14
5.67034e-09
1.29015e-13
8.20204e-14
5.67039e-09
3.38493e-13
-4.4689e-13
1.14124e-08
1.025e-13
3.20816e-13
1.3732e-08
1.27965e-13
1.7011e-13
1.47024e-08
1.44366e-13
5.99975e-14
1.51131e-08
9.79157e-14
2.5893e-14
1.51131e-08
3.32913e-14
4.26536e-14
1.47023e-08
-3.8435e-13
4.84745e-13
1.37319e-08
-1.8095e-13
-5.95181e-13
1.14123e-08
5.35502e-14
5.67033e-09
2.19756e-14
7.08609e-14
4.57188e-09
8.39356e-13
-9.60749e-13
9.93146e-09
4.40927e-13
5.95057e-13
1.25268e-08
3.96533e-14
2.59277e-13
1.36862e-08
1.55306e-15
1.29659e-13
1.4163e-08
-1.88449e-13
2.42121e-13
1.4163e-08
-3.25773e-13
3.07671e-13
1.36862e-08
-5.87505e-13
6.63093e-13
1.25268e-08
-1.58586e-13
-1.18658e-12
9.93139e-09
-1.7813e-13
4.57183e-09
6.11586e-13
-2.43509e-13
2.82274e-09
6.85058e-13
-1.14919e-12
7.10617e-09
3.46904e-13
6.24736e-13
9.96808e-09
4.16091e-13
2.63326e-13
1.1523e-08
2.93864e-13
2.30118e-13
1.21892e-08
-2.92842e-14
3.46964e-13
1.21893e-08
-6.64904e-14
3.78008e-13
1.1523e-08
-3.28235e-13
7.58604e-13
9.96813e-09
-6.17562e-13
-9.00227e-13
7.10607e-09
-6.56513e-13
2.82272e-09
2.35593e-13
-4.53196e-13
1.16364e-09
-7.47267e-13
-3.0879e-13
3.62396e-09
-7.88718e-13
3.0516e-13
6.0357e-09
-2.45929e-13
-7.91501e-14
7.80562e-09
1.04819e-13
6.63498e-14
8.69847e-09
2.8509e-13
8.62464e-14
8.69848e-09
9.64058e-13
-2.14793e-14
7.80562e-09
1.5387e-12
4.54576e-13
6.03567e-09
5.79225e-14
6.05302e-14
3.6239e-09
-2.95829e-13
1.16363e-09
-3.50203e-13
2.02892e-10
-7.11295e-13
8.61308e-10
-3.19804e-13
1.83637e-09
-3.80488e-13
2.776e-09
-3.703e-13
3.34295e-09
-2.09949e-13
3.34294e-09
-1.9572e-13
2.77602e-09
3.87082e-13
1.83639e-09
3.45192e-13
8.61317e-10
2.02878e-10
-6.89402e-14
1.22751e-13
2.02878e-10
1.06971e-12
-9.82727e-13
8.61347e-10
5.78883e-13
1.29351e-13
1.83651e-09
1.58127e-13
2.63412e-13
2.77607e-09
5.60509e-14
-8.27891e-14
3.343e-09
9.13309e-16
-9.71434e-14
3.34302e-09
-2.24582e-13
4.72154e-13
2.77612e-09
-8.14631e-13
2.84463e-13
1.83649e-09
7.08625e-14
-7.38521e-13
8.61342e-10
-1.19044e-13
2.02882e-10
-4.89365e-13
4.05542e-13
1.16361e-09
-5.73093e-13
-3.39609e-13
3.62373e-09
-2.2487e-13
-1.51058e-13
6.03576e-09
-2.57337e-13
2.37066e-13
7.80575e-09
-5.19986e-13
-2.50189e-13
8.69865e-09
-6.41313e-13
-1.78467e-13
8.69868e-09
-8.15433e-13
1.28356e-13
7.80578e-09
-2.48601e-13
-1.29084e-13
6.03578e-09
-2.82334e-13
-5.92525e-13
3.62377e-09
-5.99959e-15
1.16351e-09
3.02093e-13
4.35655e-13
2.82276e-09
-4.93591e-13
2.57255e-13
7.10601e-09
-3.14089e-13
-5.00956e-13
9.96799e-09
5.613e-16
-3.51734e-13
1.1523e-08
-9.00625e-14
-1.85096e-13
1.21892e-08
-2.05955e-13
-6.78019e-14
1.21892e-08
1.57282e-14
-2.18853e-13
1.1523e-08
3.19422e-13
-5.80539e-13
9.96804e-09
1.7134e-13
-2.84605e-13
7.10607e-09
1.08354e-13
2.82269e-09
2.70052e-13
-3.27384e-14
4.5717e-09
3.1288e-13
-1.59301e-13
9.93138e-09
3.21184e-13
-1.98636e-13
1.25267e-08
2.131e-13
-2.90385e-13
1.36862e-08
9.11837e-15
-1.15044e-13
1.4163e-08
-2.54502e-13
3.27605e-14
1.4163e-08
-2.48735e-13
-1.43346e-13
1.36863e-08
-3.06113e-13
-2.73749e-13
1.25266e-08
-1.52835e-13
-4.20111e-13
9.93146e-09
3.19325e-13
4.57172e-09
1.10485e-13
3.30067e-13
5.67039e-09
2.24131e-13
-7.76104e-14
1.14124e-08
-1.50544e-14
2.55147e-13
1.37317e-08
1.93138e-14
-9.7281e-14
1.47023e-08
-5.39384e-15
-4.77434e-14
1.5113e-08
2.04244e-14
1.51422e-13
1.51131e-08
-2.76716e-14
7.54107e-14
1.47023e-08
-2.75968e-13
2.43752e-13
1.37318e-08
-1.22258e-13
-5.45993e-13
1.14123e-08
-2.46459e-14
5.67034e-09
6.0024e-14
1.90751e-13
5.67033e-09
2.57012e-13
-5.14266e-13
1.14124e-08
1.54023e-13
3.9061e-13
1.37318e-08
-8.24727e-14
-1.90663e-13
1.47022e-08
1.07855e-13
1.26397e-14
1.51131e-08
1.67932e-13
1.29261e-13
1.51131e-08
7.03888e-15
1.20105e-13
1.47023e-08
-3.48971e-13
4.03418e-13
1.37317e-08
-5.30933e-14
-7.54187e-13
1.14123e-08
1.58419e-13
5.67036e-09
2.19354e-13
2.33156e-13
4.57188e-09
5.10727e-13
-7.96022e-13
9.93152e-09
3.1587e-13
8.29379e-13
1.25267e-08
8.73004e-14
1.65781e-13
1.36862e-08
6.12606e-14
-7.22412e-15
1.41629e-08
1.83654e-14
1.08552e-13
1.4163e-08
-1.3934e-13
3.56699e-13
1.36863e-08
-4.77041e-13
8.16528e-13
1.25267e-08
-1.47229e-13
-1.02041e-12
9.93144e-09
-1.47149e-13
4.5718e-09
1.92348e-13
-1.6455e-13
2.82281e-09
-2.67776e-13
-4.5569e-13
7.10604e-09
-2.74804e-13
8.51296e-13
9.96802e-09
1.80583e-13
1.26077e-13
1.15229e-08
3.21278e-13
-5.16563e-14
1.21892e-08
3.37788e-13
-4.02603e-14
1.21892e-08
5.22016e-13
2.64628e-13
1.1523e-08
3.79943e-13
1.17574e-12
9.96806e-09
-3.87214e-13
-6.6378e-13
7.10611e-09
-3.32938e-13
2.82282e-09
-1.93323e-13
-5.32615e-14
1.16356e-09
-2.74703e-13
4.32317e-13
3.62364e-09
1.30677e-13
2.22551e-13
6.03561e-09
2.82365e-13
-3.02176e-13
7.80574e-09
1.74667e-13
-1.36766e-13
8.69865e-09
2.34762e-14
-1.04793e-13
8.69866e-09
1.13023e-13
-1.80002e-13
7.80582e-09
5.34951e-13
5.6771e-13
6.03579e-09
1.20298e-13
9.76365e-14
3.62376e-09
-3.50809e-13
1.16359e-09
-3.35485e-13
2.02876e-10
1.94155e-13
8.61344e-10
7.72169e-13
1.83653e-09
1.44868e-13
2.77615e-09
1.17312e-14
3.34303e-09
-5.09251e-14
3.34305e-09
-2.88496e-13
2.77614e-09
2.00875e-13
1.83651e-09
2.90888e-13
8.61354e-10
2.02893e-10
-5.45158e-13
8.55554e-13
2.02883e-10
-3.30935e-14
-3.20209e-13
8.61313e-10
-9.08536e-13
6.67411e-13
1.83634e-09
-4.6277e-13
-1.55168e-13
2.77601e-09
-7.4074e-14
-2.21518e-13
3.34291e-09
2.54446e-13
-1.8539e-13
3.34289e-09
2.92079e-13
6.70649e-14
2.77602e-09
-4.56048e-13
6.51176e-13
1.83633e-09
4.76989e-13
-5.66227e-13
8.61319e-10
2.56292e-13
2.02888e-10
-8.87828e-13
1.43834e-12
1.16357e-09
-1.5571e-12
2.95323e-13
3.62393e-09
-1.73841e-12
9.15609e-13
6.03548e-09
-7.35102e-13
-5.84537e-13
7.80558e-09
1.73302e-14
-6.83673e-13
8.69841e-09
5.2924e-13
-7.07982e-13
8.69838e-09
1.26075e-12
-4.24245e-13
7.80558e-09
1.19101e-12
1.25336e-12
6.03549e-09
4.3472e-13
8.40941e-14
3.62393e-09
6.69901e-13
1.16368e-09
2.05423e-13
1.11171e-12
2.82277e-09
-1.86928e-13
1.70592e-13
7.10615e-09
6.50696e-14
8.74023e-13
9.96804e-09
3.02936e-13
-7.82964e-13
1.15229e-08
3.70392e-14
-5.46174e-13
1.21891e-08
-1.36088e-13
-4.14482e-13
1.21892e-08
2.05814e-13
-5.74438e-13
1.1523e-08
9.86226e-14
1.22392e-12
9.96812e-09
-2.53096e-13
4.92685e-14
7.10625e-09
1.514e-13
2.82283e-09
3.03488e-13
1.06278e-12
4.57201e-09
5.87265e-13
7.76893e-14
9.93145e-09
5.60357e-13
4.2989e-13
1.25269e-08
3.03729e-13
-2.55128e-13
1.36861e-08
-1.20261e-13
-1.3583e-13
1.41629e-08
-4.47483e-13
-8.8001e-14
1.4163e-08
-5.66721e-13
-3.38803e-13
1.36861e-08
-4.16747e-13
5.99524e-13
1.25269e-08
-9.83438e-14
-2.62321e-13
9.93152e-09
9.97286e-14
4.57202e-09
2.36131e-13
4.55887e-13
5.67044e-09
4.213e-13
1.5309e-13
1.14123e-08
4.774e-13
3.65386e-13
1.37321e-08
2.38018e-13
-1.33223e-13
1.47022e-08
-4.10344e-14
1.08257e-13
1.51131e-08
-2.40396e-13
1.36656e-13
1.51131e-08
-2.66055e-13
2.28922e-15
1.47022e-08
-1.57772e-13
3.50545e-13
1.3732e-08
-2.90437e-13
-4.1909e-13
1.14123e-08
-2.49735e-13
5.67044e-09
1.87399e-13
-2.96654e-15
5.67042e-09
2.49889e-13
2.41427e-13
1.14123e-08
7.9078e-14
7.91993e-14
1.37321e-08
2.35086e-13
5.66213e-14
1.47023e-08
4.15008e-14
6.93125e-14
1.51131e-08
1.71141e-15
1.9734e-13
1.51131e-08
-1.5878e-13
9.62374e-14
1.47022e-08
-2.73656e-13
2.78048e-13
1.3732e-08
-1.70264e-13
-4.01325e-13
1.14123e-08
-8.99035e-13
5.67051e-09
4.27967e-14
3.64816e-15
4.57187e-09
5.70456e-13
-2.64715e-13
9.93143e-09
5.30299e-13
-1.18392e-13
1.25269e-08
3.50672e-13
2.85222e-13
1.36862e-08
2.27609e-13
3.00977e-13
1.41629e-08
-2.2942e-13
3.78967e-13
1.41629e-08
-4.23226e-13
3.98923e-13
1.36861e-08
-6.05655e-13
1.10679e-14
1.25268e-08
-1.98951e-13
-8.77646e-13
9.93148e-09
-1.10467e-12
4.57203e-09
3.12491e-13
-4.36319e-13
2.82273e-09
5.26883e-13
-7.09908e-13
7.10617e-09
3.84192e-13
1.23959e-13
9.96811e-09
1.72491e-13
2.95847e-13
1.15231e-08
3.30457e-13
3.90818e-13
1.21892e-08
1.8074e-13
5.22855e-13
1.21892e-08
6.86923e-14
4.94023e-13
1.1523e-08
-4.37203e-14
3.7436e-13
9.9681e-09
-1.52028e-13
-8.15954e-13
7.1062e-09
-1.61187e-12
2.82276e-09
-1.54667e-14
-3.29426e-13
1.16363e-09
-4.01176e-13
-5.86118e-14
3.62404e-09
-7.31132e-13
1.11607e-13
6.03566e-09
-3.11604e-13
-1.01013e-13
7.80566e-09
3.22923e-13
1.97065e-13
8.6985e-09
8.65631e-13
2.53833e-13
8.69842e-09
1.30914e-12
6.37554e-15
7.80553e-09
1.90766e-12
3.86113e-13
6.0356e-09
6.12481e-13
-6.72013e-14
3.62396e-09
-5.92532e-13
1.16364e-09
-5.12243e-13
2.02886e-10
-7.94485e-13
8.61336e-10
-6.72587e-13
1.83633e-09
-4.79853e-13
2.77604e-09
-1.99833e-13
3.34294e-09
-9.07856e-14
3.34293e-09
1.86485e-13
2.77601e-09
4.95915e-13
1.83636e-09
7.14782e-13
8.61323e-10
2.02888e-10
-2.32924e-13
3.89951e-14
2.02879e-10
9.78573e-13
-1.16377e-12
8.61346e-10
4.18514e-13
6.29561e-14
1.83646e-09
1.1372e-13
3.08289e-13
2.77613e-09
3.11447e-13
-1.16123e-13
3.34305e-09
2.65949e-13
-1.22236e-13
3.34298e-09
-3.32011e-13
2.82936e-13
2.77608e-09
-5.69879e-13
3.74239e-13
1.83645e-09
3.31538e-13
-8.65697e-13
8.61346e-10
3.37725e-14
2.02887e-10
1.54894e-13
2.40596e-13
1.1636e-09
-4.51387e-13
-9.17496e-13
3.62381e-09
-3.75294e-14
-2.14733e-13
6.03568e-09
1.55426e-13
1.48482e-13
7.80578e-09
4.37131e-14
-3.90846e-13
8.69866e-09
-3.56121e-13
-1.851e-13
8.69863e-09
-2.87812e-13
3.31265e-13
7.80572e-09
-3.19208e-14
-3.12061e-14
6.03561e-09
-5.0757e-15
-6.16208e-13
3.62378e-09
1.15955e-13
1.16359e-09
1.51038e-13
2.27736e-13
2.82273e-09
-4.32904e-13
-1.45341e-13
7.10617e-09
-2.82965e-13
-3.56498e-13
9.96809e-09
-2.23329e-13
-2.01167e-13
1.1523e-08
-7.45565e-14
-1.70159e-13
1.21892e-08
-2.32402e-13
-3.54659e-14
1.21892e-08
-9.60563e-14
-1.727e-13
1.15228e-08
4.74797e-13
-1.54594e-13
9.96801e-09
1.00306e-13
-1.9386e-13
7.10618e-09
2.62712e-13
2.82282e-09
2.54899e-13
2.76518e-13
4.57179e-09
4.34375e-13
-1.64174e-13
9.93142e-09
5.0592e-13
-9.25922e-14
1.25268e-08
1.10249e-13
-1.57796e-13
1.36862e-08
1.0768e-13
1.1059e-13
1.4163e-08
-2.85661e-13
1.36534e-14
1.4163e-08
-4.4819e-13
-1.53769e-13
1.36861e-08
-4.67874e-13
-1.53595e-13
1.25268e-08
-1.38149e-13
-4.18319e-13
9.93139e-09
1.23728e-13
4.5718e-09
1.51099e-14
3.65822e-13
5.67029e-09
1.56228e-13
-3.25722e-13
1.14123e-08
1.70037e-13
1.24512e-13
1.37319e-08
-7.44244e-14
-1.25172e-13
1.47022e-08
-5.95597e-14
1.5568e-13
1.51131e-08
1.31661e-14
1.34897e-13
1.51131e-08
2.74018e-14
-5.79562e-14
1.47023e-08
-2.24353e-13
-9.87507e-15
1.37319e-08
-8.88778e-14
-4.06024e-13
1.14123e-08
1.81527e-13
5.67037e-09
-8.0258e-15
3.83047e-13
5.6703e-09
2.74327e-13
-6.118e-13
1.14122e-08
9.10406e-14
3.94077e-13
1.37319e-08
-1.08444e-13
-2.57905e-14
1.47022e-08
3.59225e-14
1.61013e-13
1.51131e-08
-2.51708e-14
4.82589e-14
1.51131e-08
-1.51454e-13
-9.05648e-14
1.47023e-08
-3.07463e-13
3.26509e-13
1.3732e-08
9.02593e-14
-4.31739e-13
1.14123e-08
1.79666e-13
5.67036e-09
1.81421e-13
1.56357e-13
4.57184e-09
5.81955e-13
-9.48168e-13
9.93144e-09
3.32214e-13
7.13532e-13
1.25267e-08
-6.43283e-14
2.93533e-13
1.36862e-08
-1.38702e-13
2.32169e-13
1.4163e-08
-1.87984e-13
1.7049e-13
1.4163e-08
-4.21937e-13
2.24643e-13
1.36862e-08
-8.34036e-13
8.09612e-13
1.25268e-08
-2.98083e-13
-7.4685e-13
9.93143e-09
-1.50606e-14
4.57174e-09
3.23787e-13
-3.69022e-13
2.82278e-09
-3.02981e-13
-4.16217e-13
7.10605e-09
2.16217e-14
1.14839e-12
9.96803e-09
2.36431e-14
6.56955e-15
1.15229e-08
5.48293e-14
5.53285e-14
1.21892e-08
-2.03188e-14
1.66415e-14
1.21892e-08
3.14396e-13
1.29359e-13
1.1523e-08
1.02134e-13
1.21742e-12
9.96806e-09
-4.7007e-13
-1.2579e-13
7.10616e-09
7.4846e-15
2.82276e-09
-5.43609e-14
-1.64988e-13
1.16359e-09
-6.10526e-13
3.55159e-13
3.62372e-09
-1.5764e-13
4.92771e-13
6.03561e-09
5.44581e-14
-2.46476e-13
7.80575e-09
-1.01346e-13
-1.27892e-13
8.6986e-09
-2.13684e-13
-1.77141e-13
8.69867e-09
1.10495e-13
-2.9306e-13
7.80578e-09
3.86621e-13
3.78237e-13
6.03562e-09
1.0215e-13
4.69914e-13
3.62377e-09
-2.09331e-13
1.16357e-09
-3.09934e-13
2.02884e-10
7.19398e-14
8.61363e-10
6.98201e-13
1.8365e-09
2.34694e-13
2.77612e-09
-1.29889e-13
3.343e-09
-2.21439e-13
3.343e-09
-3.63377e-13
2.77614e-09
-2.40838e-13
1.83648e-09
-1.41656e-14
8.61355e-10
2.02888e-10
-4.40308e-13
8.98919e-13
2.02892e-10
-1.50985e-13
-2.75477e-13
8.6132e-10
-4.59051e-13
1.48182e-13
1.83634e-09
-2.62088e-13
9.42143e-15
2.77602e-09
-1.21282e-13
-3.0247e-13
3.3429e-09
6.33581e-14
-1.74253e-13
3.34294e-09
-1.00322e-13
2.11225e-13
2.77603e-09
-2.47574e-13
2.65295e-13
1.83641e-09
4.60297e-13
-8.00646e-13
8.61323e-10
2.32408e-13
2.02874e-10
-3.77678e-13
1.53983e-12
1.16364e-09
-1.58611e-12
2.02054e-13
3.6239e-09
-1.06498e-12
-2.47617e-13
6.03564e-09
-5.18783e-13
-4.4359e-13
7.80558e-09
1.12483e-13
-5.91985e-13
8.69844e-09
4.37979e-13
-3.72683e-13
8.69845e-09
9.80382e-13
1.37358e-13
7.80562e-09
9.49713e-13
2.11581e-13
6.0356e-09
3.27667e-13
1.02759e-13
3.62389e-09
3.4795e-13
1.16362e-09
3.17019e-13
1.2654e-12
2.8228e-09
-1.01387e-13
5.46131e-13
7.10612e-09
1.20413e-13
-3.31315e-13
9.96812e-09
1.64248e-13
-5.04092e-13
1.1523e-08
-2.19929e-14
-2.76726e-13
1.21893e-08
-4.51189e-13
-2.28679e-13
1.21892e-08
-1.21178e-13
-9.41802e-14
1.1523e-08
-1.04021e-13
-2.00509e-13
9.96809e-09
-3.19205e-13
-1.87221e-14
7.10609e-09
3.4836e-13
2.82271e-09
2.1343e-13
4.46294e-13
4.57194e-09
6.21283e-13
1.37684e-14
9.93151e-09
3.75967e-13
-1.98834e-13
1.25268e-08
1.0005e-14
-3.80325e-13
1.36862e-08
-3.05413e-13
-2.09123e-14
1.4163e-08
-4.7869e-13
6.98463e-14
1.4163e-08
-5.34964e-13
-6.92761e-15
1.36862e-08
-5.63095e-13
-1.48439e-13
1.25268e-08
1.39501e-13
-3.44178e-13
9.93153e-09
3.08393e-13
4.57193e-09
3.38056e-13
3.17525e-13
5.67037e-09
6.5843e-13
-6.57813e-14
1.14124e-08
2.08754e-13
1.70297e-14
1.37319e-08
8.00435e-14
-2.77038e-13
1.47023e-08
-2.99029e-15
1.00271e-13
1.51131e-08
-3.25133e-14
1.76513e-13
1.51131e-08
-6.57217e-14
-2.79693e-15
1.47023e-08
-2.75653e-13
1.3238e-13
1.3732e-08
-1.39207e-13
-3.59474e-13
1.14125e-08
2.54286e-13
5.67045e-09
2.72219e-13
-1.22812e-14
5.67041e-09
5.24301e-13
-4.35792e-13
1.14124e-08
2.07172e-13
1.9414e-13
1.3732e-08
3.43337e-13
-6.92395e-14
1.47023e-08
9.50938e-14
9.60336e-14
1.51132e-08
1.42922e-13
1.19417e-13
1.51132e-08
-1.5191e-14
2.29368e-14
1.47023e-08
-2.91304e-13
4.5143e-13
1.3732e-08
-6.33595e-14
-6.60797e-13
1.14124e-08
2.52159e-13
5.67041e-09
8.1783e-14
1.52403e-13
4.5719e-09
6.32684e-13
-1.16884e-12
9.93146e-09
5.60064e-13
3.45552e-13
1.25268e-08
2.32088e-13
1.71381e-13
1.36863e-08
3.65977e-14
3.76479e-13
1.4163e-08
-9.50472e-14
4.48979e-13
1.4163e-08
-4.025e-13
4.65228e-13
1.36862e-08
-6.52281e-13
7.27595e-13
1.25268e-08
4.47496e-14
-1.33139e-12
9.93152e-09
-7.73887e-14
4.57189e-09
4.10398e-13
-4.4221e-13
2.82272e-09
1.9457e-13
-1.20773e-12
7.10614e-09
1.39552e-13
3.90094e-13
9.96811e-09
4.03128e-14
2.45245e-13
1.15231e-08
6.68916e-14
5.41056e-13
1.21892e-08
-1.11536e-13
5.94303e-13
1.21892e-08
-3.06394e-14
6.78698e-13
1.1523e-08
-3.40576e-13
8.17476e-13
9.9681e-09
-3.70882e-13
-1.05894e-12
7.10613e-09
-6.78553e-13
2.82273e-09
2.60171e-13
-3.23263e-13
1.16361e-09
-1.03106e-12
-2.53461e-13
3.62393e-09
-8.51077e-13
2.73651e-13
6.03573e-09
-4.79228e-13
-1.22253e-13
7.80564e-09
8.03726e-14
1.59702e-13
8.69844e-09
4.16709e-13
9.13195e-14
8.69844e-09
1.03566e-12
3.49766e-14
7.80563e-09
1.54019e-12
5.0785e-13
6.03567e-09
9.28625e-14
-5.25384e-14
3.62386e-09
-5.67128e-13
1.1636e-09
-5.58951e-13
2.02883e-10
-7.69833e-13
8.61313e-10
-5.97247e-13
1.83638e-09
-6.41835e-13
2.776e-09
-3.89052e-13
3.34293e-09
-1.26459e-13
3.34295e-09
8.73555e-14
2.77605e-09
4.89759e-13
1.83638e-09
6.80247e-13
8.61322e-10
2.02879e-10
-8.69811e-14
8.04686e-14
2.0289e-10
7.62492e-13
-9.06148e-13
8.61366e-10
6.16783e-13
2.05044e-13
1.83659e-09
2.79098e-13
4.27186e-13
2.77613e-09
1.62712e-13
-1.31155e-13
3.34303e-09
3.73449e-13
-2.34428e-13
3.34303e-09
-5.22345e-14
3.67926e-13
2.77607e-09
-5.47534e-13
3.00433e-13
1.83648e-09
1.32043e-13
-7.76068e-13
8.61354e-10
1.11011e-13
2.02889e-10
-2.99755e-13
6.23669e-13
1.16356e-09
-5.38346e-13
-4.23127e-13
3.62376e-09
-7.56145e-14
-1.41301e-13
6.03581e-09
-3.24423e-13
3.95129e-14
7.8058e-09
-4.55579e-13
-2.57053e-13
8.69869e-09
-3.45789e-13
-2.93122e-13
8.6987e-09
-4.50092e-13
2.04929e-13
7.80573e-09
-1.89463e-14
4.2212e-14
6.03579e-09
-2.89135e-13
-7.23432e-13
3.62379e-09
7.95277e-14
1.16357e-09
9.79781e-14
4.7598e-13
2.82271e-09
-3.96282e-13
1.15473e-13
7.10606e-09
-3.32578e-13
-4.35783e-13
9.968e-09
1.07525e-13
-3.44046e-13
1.1523e-08
2.4428e-14
-9.34311e-14
1.21892e-08
3.26969e-14
-2.20786e-13
1.21892e-08
4.42647e-13
-2.31189e-13
1.15229e-08
5.66661e-13
-5.75062e-13
9.968e-09
1.97185e-13
-1.09972e-13
7.10613e-09
4.68373e-13
2.8228e-09
2.77388e-13
2.80821e-13
4.57172e-09
5.89609e-13
7.33748e-14
9.93143e-09
4.3504e-13
-2.74021e-14
1.25266e-08
2.4703e-13
-1.5033e-13
1.36863e-08
-1.17674e-13
2.19984e-14
1.4163e-08
-2.78186e-13
-4.02432e-14
1.41629e-08
-3.98879e-13
-4.87328e-14
1.36863e-08
-2.75989e-13
-6.22144e-14
1.25267e-08
-1.61594e-13
-2.15731e-13
9.93145e-09
4.47184e-13
4.57173e-09
1.30369e-13
2.23252e-13
5.67033e-09
2.93562e-13
-2.23038e-13
1.14124e-08
1.87838e-13
2.56283e-13
1.37317e-08
-6.74102e-14
-2.52482e-13
1.47023e-08
-7.76009e-14
5.3879e-14
1.51132e-08
1.09946e-13
4.79434e-14
1.51131e-08
2.40832e-14
-1.07461e-13
1.47023e-08
-2.59597e-13
3.94105e-14
1.37318e-08
-2.94724e-13
-6.05504e-13
1.14123e-08
9.57815e-14
5.67038e-09
4.14943e-14
2.34667e-13
5.67032e-09
3.2664e-13
-5.38497e-13
1.14124e-08
1.71496e-13
6.31214e-13
1.37318e-08
-1.07718e-13
3.90041e-14
1.47023e-08
8.91531e-15
1.13276e-13
1.51132e-08
1.59301e-13
-3.45241e-14
1.51131e-08
-9.23331e-14
-7.61786e-14
1.47023e-08
-3.15918e-13
3.91999e-13
1.37318e-08
-1.74563e-14
-7.82515e-13
1.14123e-08
9.90426e-14
5.67026e-09
2.84899e-13
-8.70458e-14
4.57182e-09
7.43439e-13
-1.13315e-12
9.93152e-09
4.76053e-13
8.57977e-13
1.25267e-08
3.95477e-14
2.94309e-13
1.36862e-08
3.92891e-14
1.9868e-13
1.4163e-08
6.90545e-14
1.6635e-13
1.41629e-08
-4.48615e-13
1.04646e-13
1.36862e-08
-7.87164e-13
8.63543e-13
1.25267e-08
-3.94954e-13
-9.88229e-13
9.93145e-09
2.42544e-13
4.57176e-09
3.56245e-13
-3.39328e-13
2.82283e-09
-1.78013e-13
-6.92239e-13
7.10609e-09
-1.68973e-13
9.4994e-13
9.96804e-09
-4.40314e-14
1.32113e-13
1.15229e-08
1.66469e-13
9.15545e-14
1.21892e-08
1.77431e-13
1.11852e-13
1.21892e-08
3.68487e-13
-2.01847e-14
1.15229e-08
-6.76514e-14
8.86567e-13
9.96805e-09
-3.97287e-13
-6.22899e-13
7.10607e-09
-4.43079e-13
2.82276e-09
-3.19252e-13
-1.91263e-13
1.16358e-09
-5.60733e-13
2.46799e-13
3.62367e-09
-1.07196e-13
5.09496e-13
6.03562e-09
1.69926e-13
-1.85027e-13
7.80569e-09
2.24141e-13
7.95743e-14
8.69862e-09
-8.02425e-14
-3.32382e-14
8.69858e-09
2.84438e-13
-2.55514e-13
7.80572e-09
6.25573e-13
4.40334e-13
6.0357e-09
9.18023e-14
2.20498e-13
3.62373e-09
-1.85612e-13
1.16358e-09
-1.79173e-13
2.02875e-10
2.24091e-13
8.61315e-10
4.42211e-13
1.83648e-09
1.64585e-13
2.77609e-09
2.00515e-13
3.34294e-09
7.70674e-14
3.34294e-09
-3.42969e-13
2.77603e-09
3.98111e-13
1.83644e-09
1.26528e-13
8.61303e-10
2.02873e-10
-1.06582e-12
8.31333e-13
2.0288e-10
-3.29895e-13
-3.76034e-13
8.61319e-10
-9.33426e-13
6.60924e-13
1.8363e-09
-6.41423e-13
-2.29355e-13
2.77603e-09
-1.75319e-13
-3.04205e-13
3.3429e-09
1.54504e-13
-3.19777e-13
3.34292e-09
6.69579e-14
-2.78689e-14
2.77606e-09
-7.01358e-14
5.10832e-13
1.83636e-09
3.9109e-13
-7.64968e-13
8.61322e-10
5.66019e-13
2.02881e-10
-5.60143e-13
1.51925e-12
1.16361e-09
-1.29085e-12
-2.26884e-14
3.62396e-09
-1.4997e-12
1.02322e-12
6.03552e-09
-8.80207e-13
-7.56617e-13
7.80557e-09
-1.33685e-13
-9.03754e-13
8.69842e-09
6.50726e-13
-7.67509e-13
8.69838e-09
1.34256e-12
-4.73396e-13
7.80555e-09
1.20252e-12
1.05779e-12
6.03549e-09
4.49138e-13
-7.35592e-14
3.62394e-09
9.74605e-13
1.16368e-09
3.15169e-13
1.07809e-12
2.82278e-09
1.37372e-13
6.42101e-14
7.1062e-09
-6.52123e-14
1.04683e-12
9.96805e-09
2.35754e-14
-8.33374e-13
1.15229e-08
-1.53117e-13
-6.28293e-13
1.21891e-08
-2.83915e-13
-5.85383e-13
1.21892e-08
-1.45283e-13
-4.81603e-13
1.1523e-08
-1.52497e-13
1.24467e-12
9.96815e-09
-3.94635e-13
1.77629e-13
7.10623e-09
2.73515e-13
2.82278e-09
2.53429e-13
6.54329e-13
4.57195e-09
5.1774e-13
-6.36688e-14
9.93146e-09
7.28853e-13
7.01075e-13
1.25269e-08
4.42972e-13
-3.01847e-13
1.36861e-08
-7.19449e-14
-6.62087e-14
1.4163e-08
-2.08463e-13
4.40477e-14
1.4163e-08
-6.81348e-13
-2.08247e-13
1.36861e-08
-3.72836e-13
6.52698e-13
1.25269e-08
-2.30815e-13
-3.73966e-13
9.93147e-09
2.4088e-13
4.57198e-09
4.24341e-13
2.91726e-13
5.67039e-09
2.77324e-13
-9.38834e-14
1.14123e-08
4.07867e-13
3.63583e-13
1.37321e-08
3.41198e-13
-4.68929e-14
1.47022e-08
9.25074e-14
2.17911e-13
1.51132e-08
-1.45985e-13
-2.86541e-14
1.51131e-08
-1.33393e-13
-5.88229e-14
1.47023e-08
-3.98438e-13
2.7693e-13
1.3732e-08
-1.64297e-13
-2.83028e-13
1.14123e-08
-3.47178e-13
5.67037e-09
3.80627e-13
-1.37258e-13
5.67043e-09
1.62662e-13
1.14666e-13
1.14122e-08
2.26957e-13
1.82164e-13
1.3732e-08
3.65653e-13
5.07338e-14
1.47022e-08
3.44846e-14
7.57207e-14
1.51131e-08
3.93787e-15
5.8748e-14
1.51131e-08
-1.88284e-13
-5.39968e-15
1.47022e-08
-4.17872e-13
1.24425e-13
1.3732e-08
-2.47946e-13
-3.02395e-13
1.14123e-08
-9.15676e-13
5.67049e-09
-6.40203e-15
-9.26563e-14
4.57183e-09
3.90145e-13
4.09567e-14
9.93132e-09
5.18709e-13
2.1948e-13
1.25268e-08
4.52584e-13
3.2476e-13
1.36861e-08
1.4461e-13
4.05836e-13
1.41629e-08
-2.94354e-13
3.55326e-13
1.4163e-08
-7.11889e-13
3.96368e-13
1.36861e-08
-6.5741e-13
3.65099e-13
1.25268e-08
-2.21788e-13
-6.89745e-13
9.93148e-09
-1.26071e-12
4.57204e-09
3.37824e-13
-4.1499e-13
2.82264e-09
5.28786e-13
-1.40961e-13
7.10608e-09
4.7726e-13
2.14003e-13
9.96806e-09
4.72013e-13
2.95823e-13
1.1523e-08
3.4867e-13
6.09483e-13
1.21892e-08
2.23873e-13
5.54693e-13
1.21892e-08
1.68833e-13
4.38936e-13
1.1523e-08
-1.65448e-13
3.9552e-13
9.96806e-09
-2.14142e-13
-7.75137e-13
7.10618e-09
-1.53594e-12
2.82279e-09
2.47361e-13
-2.92944e-13
1.16359e-09
-5.81918e-13
-1.02481e-13
3.62396e-09
-5.02731e-13
1.97531e-13
6.03567e-09
-2.04153e-13
-6.49597e-14
7.80561e-09
1.86692e-13
1.73912e-13
8.69847e-09
7.83868e-13
1.70884e-13
8.69843e-09
1.52219e-12
-3.46071e-14
7.80558e-09
1.91605e-12
4.94422e-13
6.03559e-09
8.31224e-13
1.81712e-14
3.62394e-09
-7.02312e-13
1.16363e-09
-3.57293e-13
2.02887e-10
-4.73982e-13
8.61343e-10
-4.68251e-13
1.83637e-09
-4.45809e-13
2.77599e-09
-1.27685e-13
3.3429e-09
6.86245e-14
3.34291e-09
1.60342e-13
2.77606e-09
4.13343e-13
1.8364e-09
9.02599e-13
8.61357e-10
2.02886e-10
-5.67527e-13
4.25699e-13
2.02875e-10
5.36615e-13
-6.69846e-13
8.61328e-10
4.32074e-13
1.98713e-15
1.83646e-09
8.08566e-14
1.59897e-13
2.77606e-09
2.90626e-13
-1.11619e-13
3.34297e-09
2.58357e-13
-1.63993e-13
3.34294e-09
-2.50896e-13
2.67135e-13
2.77608e-09
-6.27122e-13
5.62483e-13
1.83643e-09
2.74823e-13
-8.01792e-13
8.61341e-10
1.38619e-13
2.02891e-10
-3.30415e-13
6.93726e-13
1.16358e-09
-6.3195e-13
-1.86946e-13
3.62373e-09
-5.69617e-13
-4.17093e-13
6.03556e-09
-4.02584e-13
-9.74676e-14
7.80569e-09
-4.22854e-13
-3.32693e-13
8.69854e-09
-4.56653e-13
-1.06332e-13
8.69858e-09
-4.13614e-14
3.13418e-13
7.80574e-09
-2.88177e-13
-5.68162e-15
6.03557e-09
-2.59705e-13
-4.88198e-13
3.62373e-09
1.82505e-13
1.16355e-09
4.15428e-13
4.94861e-13
2.8227e-09
-1.6067e-13
2.26355e-13
7.10611e-09
-1.94034e-13
-2.68451e-13
9.96802e-09
-2.18923e-14
-4.28097e-13
1.15229e-08
8.99372e-14
-1.34983e-13
1.21891e-08
5.76169e-14
-2.00053e-13
1.21891e-08
3.46964e-13
-3.11277e-13
1.1523e-08
6.36242e-13
-2.77085e-13
9.96808e-09
1.6406e-13
-1.17398e-13
7.10615e-09
3.45684e-13
2.82276e-09
3.20994e-13
1.59426e-13
4.57176e-09
5.68064e-13
-1.47991e-13
9.93146e-09
3.57788e-13
-3.84892e-14
1.25268e-08
1.91205e-13
-2.62351e-13
1.36862e-08
-1.61704e-13
-3.78736e-14
1.41629e-08
-2.05604e-13
2.4826e-14
1.41629e-08
-3.60922e-13
-2.38926e-13
1.36862e-08
-3.59517e-13
-9.79671e-14
1.25269e-08
-1.74068e-13
-3.52491e-13
9.93143e-09
3.07014e-13
4.57177e-09
7.5788e-14
4.36391e-13
5.67038e-09
1.68359e-13
-1.5134e-13
1.14124e-08
1.56631e-13
1.72138e-13
1.37319e-08
2.16885e-14
-2.08355e-13
1.47023e-08
-1.65861e-13
2.8313e-14
1.51131e-08
-3.18201e-14
1.52349e-13
1.51131e-08
-1.55598e-14
-6.60691e-14
1.47023e-08
-2.53617e-13
1.99047e-13
1.3732e-08
-1.17084e-13
-3.26242e-13
1.14123e-08
2.64586e-13
5.67033e-09
9.55807e-14
2.00225e-13
5.67036e-09
3.11007e-13
-8.39922e-13
1.14123e-08
3.8267e-13
3.7749e-13
1.37319e-08
4.44776e-14
-7.11025e-14
1.47022e-08
3.19365e-14
1.75623e-13
1.51131e-08
-1.81782e-15
8.85142e-14
1.51131e-08
-7.88289e-14
-8.27335e-15
1.47022e-08
-1.75659e-13
3.09751e-13
1.37319e-08
-7.03987e-14
-7.46361e-13
1.14123e-08
3.59887e-13
5.67031e-09
4.18565e-13
1.37308e-14
4.5719e-09
8.73149e-13
-1.07911e-12
9.93147e-09
4.92892e-13
8.62607e-13
1.25268e-08
5.27594e-14
3.10102e-13
1.36861e-08
-1.91738e-13
1.65261e-13
1.4163e-08
-2.15333e-13
2.41073e-13
1.4163e-08
-5.22413e-13
2.99258e-13
1.36862e-08
-8.1926e-13
7.55899e-13
1.25268e-08
-2.51799e-13
-1.06326e-12
9.93139e-09
6.11974e-14
4.57176e-09
3.45561e-13
-4.6573e-13
2.8228e-09
-5.00007e-13
-6.25277e-13
7.10609e-09
-4.93823e-13
1.16541e-12
9.96802e-09
-2.96005e-13
8.9149e-14
1.15229e-08
-1.94289e-13
1.11252e-13
1.21892e-08
1.63177e-14
1.72191e-13
1.21892e-08
1.72396e-13
1.70293e-13
1.1523e-08
-2.76846e-13
9.31423e-13
9.96813e-09
-4.12309e-13
-5.25979e-13
7.1061e-09
-4.51304e-13
2.82271e-09
-4.42476e-13
-4.35557e-13
1.16361e-09
-9.67375e-13
4.14294e-13
3.62371e-09
-5.41518e-13
6.08156e-13
6.03554e-09
-1.57849e-13
-1.86783e-13
7.80572e-09
-1.32761e-13
-6.27444e-14
8.69858e-09
-5.85625e-15
-4.31015e-14
8.69868e-09
7.618e-14
-1.96456e-13
7.80579e-09
4.51181e-13
4.36374e-13
6.03573e-09
1.38323e-13
2.52169e-13
3.6238e-09
-2.33951e-13
1.16358e-09
-4.27684e-14
2.02888e-10
8.5273e-14
8.6134e-10
5.01665e-13
1.83645e-09
1.59738e-13
2.77615e-09
-8.17589e-14
3.34301e-09
-2.64332e-14
3.34301e-09
-3.83582e-13
2.77612e-09
5.48883e-14
1.83647e-09
2.99584e-13
8.61346e-10
2.02885e-10
-6.90075e-13
1.03275e-12
2.02891e-10
-3.54044e-13
-4.24369e-13
8.61312e-10
-3.94388e-13
1.03818e-13
1.83638e-09
-3.34287e-13
-1.25361e-13
2.77599e-09
1.66072e-15
-3.37503e-13
3.3429e-09
2.87958e-13
-1.6008e-13
3.34291e-09
1.09806e-13
3.03442e-13
2.77597e-09
-4.22341e-13
1.54093e-13
1.83638e-09
4.61304e-13
-8.92984e-13
8.61312e-10
3.57593e-13
2.02872e-10
-6.60936e-13
1.63124e-12
1.16362e-09
-1.34488e-12
9.97625e-14
3.62394e-09
-1.2544e-12
-5.34184e-13
6.03559e-09
-4.28671e-13
-3.315e-13
7.80552e-09
2.30393e-14
-6.31192e-13
8.6984e-09
4.71092e-13
-4.00625e-13
8.69841e-09
7.21798e-13
3.05361e-14
7.80554e-09
1.00493e-12
8.06365e-14
6.03559e-09
3.68058e-13
-7.58344e-14
3.62388e-09
3.45002e-13
1.16365e-09
2.48685e-13
1.34312e-12
2.82285e-09
-7.55461e-14
4.59524e-13
7.10611e-09
9.68282e-14
-3.32685e-13
9.968e-09
2.05762e-13
-4.79596e-13
1.15229e-08
-1.14806e-13
-3.66947e-13
1.21892e-08
-1.65804e-13
-1.95894e-13
1.21892e-08
-1.15995e-13
-1.54708e-13
1.1523e-08
1.54528e-13
-2.21471e-13
9.96803e-09
-1.85858e-14
3.43186e-13
7.10612e-09
5.66465e-13
2.82277e-09
4.10957e-13
6.29827e-13
4.57197e-09
7.60378e-13
5.99737e-14
9.93147e-09
3.56885e-13
-1.75693e-13
1.25267e-08
1.0511e-13
-3.35265e-13
1.36862e-08
-2.74096e-13
-1.08738e-13
1.41629e-08
-3.31581e-13
1.81764e-13
1.41629e-08
-3.91191e-13
-1.50093e-13
1.36862e-08
-3.96304e-13
-2.91969e-13
1.25268e-08
3.37427e-14
-3.39069e-13
9.9315e-09
5.32914e-13
4.57197e-09
3.34643e-13
1.89746e-13
5.67038e-09
4.60922e-13
-2.08626e-13
1.14124e-08
2.51021e-13
2.54055e-13
1.37319e-08
1.30106e-13
-1.38191e-13
1.47023e-08
8.68907e-14
4.30582e-14
1.51131e-08
-1.91101e-13
1.28744e-13
1.51131e-08
2.01012e-14
-5.93217e-14
1.47022e-08
-2.94256e-13
-4.35398e-14
1.37319e-08
-2.07499e-13
-3.28866e-13
1.14124e-08
1.43927e-13
5.6704e-09
1.81478e-13
1.25129e-13
5.67044e-09
4.88447e-13
-4.94877e-13
1.14124e-08
2.25476e-13
2.59243e-13
1.37319e-08
2.76406e-13
9.1628e-14
1.47023e-08
4.21789e-14
9.17356e-14
1.51131e-08
-1.4239e-13
6.19225e-14
1.51131e-08
-1.57319e-13
-1.34201e-13
1.47023e-08
-4.57335e-13
2.47038e-13
1.37319e-08
-2.25673e-13
-5.08857e-13
1.14124e-08
1.81047e-13
5.67039e-09
5.52066e-14
5.42241e-15
4.57186e-09
6.73111e-13
-1.03443e-12
9.93144e-09
7.20866e-13
5.35736e-13
1.25268e-08
2.57403e-13
1.84108e-13
1.36862e-08
1.21547e-14
3.46495e-13
1.41629e-08
-5.85268e-14
3.72026e-13
1.41629e-08
-4.81477e-13
4.27279e-13
1.36862e-08
-8.87935e-13
6.8624e-13
1.25268e-08
-2.36269e-13
-1.43963e-12
9.93154e-09
-2.80496e-13
4.57193e-09
5.12216e-13
-2.0145e-13
2.82271e-09
5.9565e-13
-9.85701e-13
7.10604e-09
4.24132e-13
4.75807e-13
9.96808e-09
2.6907e-13
2.56127e-13
1.1523e-08
-3.26523e-14
3.92899e-13
1.21892e-08
2.41564e-13
5.05708e-13
1.21892e-08
-3.41297e-15
5.76029e-13
1.1523e-08
-4.91644e-13
9.29259e-13
9.96807e-09
-6.5043e-13
-1.44089e-12
7.10614e-09
-1.12528e-12
2.82274e-09
6.60511e-14
-4.12816e-13
1.16357e-09
-9.71352e-13
-2.1877e-13
3.62389e-09
-7.57544e-13
3.25185e-13
6.03567e-09
-5.12593e-13
4.78526e-14
7.80562e-09
-9.65408e-14
1.31414e-13
8.69849e-09
5.51915e-13
1.11573e-13
8.69844e-09
1.37727e-12
1.10861e-13
7.80551e-09
1.81292e-12
5.54398e-13
6.03557e-09
3.95393e-13
-2.92266e-13
3.62387e-09
-7.91287e-13
1.16362e-09
-8.27859e-13
2.0287e-10
-9.31094e-13
8.61306e-10
-3.16116e-13
1.83638e-09
-2.3004e-13
2.77597e-09
-1.38563e-13
3.34295e-09
1.46708e-13
3.34293e-09
4.02209e-13
2.776e-09
1.00097e-12
1.83637e-09
6.15571e-13
8.61312e-10
2.02882e-10
-9.56927e-13
-1.59399e-15
2.02875e-10
1.0864e-12
-8.18904e-13
8.61346e-10
2.50024e-13
2.8593e-15
1.83647e-09
3.12944e-13
1.59195e-13
2.77609e-09
4.25439e-13
-2.9799e-13
3.34303e-09
3.31483e-13
-1.84737e-13
3.34301e-09
3.5099e-14
4.34979e-13
2.77607e-09
-6.70239e-13
3.11665e-13
1.83647e-09
1.05431e-13
-7.68881e-13
8.61321e-10
3.76527e-13
2.02872e-10
1.4794e-13
3.63322e-13
1.1636e-09
-2.24343e-13
-6.99528e-13
3.62372e-09
5.85153e-14
-2.99296e-13
6.03576e-09
9.96463e-15
7.4656e-15
7.80575e-09
-8.17937e-14
-1.60658e-13
8.69869e-09
-3.84486e-13
1.35647e-14
8.69862e-09
-4.20869e-13
1.00491e-13
7.8057e-09
8.65587e-14
-7.28564e-15
6.03573e-09
-6.33996e-14
-4.96468e-13
3.62374e-09
-5.05385e-15
1.16352e-09
2.42078e-13
-9.85929e-14
2.82271e-09
-3.72104e-13
-5.69112e-14
7.10608e-09
-2.75801e-14
-1.83978e-13
9.96801e-09
8.21811e-14
-2.0618e-13
1.1523e-08
8.36528e-14
-1.17869e-14
1.21892e-08
-2.22202e-13
3.12311e-14
1.21891e-08
4.00775e-13
-2.13071e-13
1.1523e-08
8.46372e-13
-3.30521e-13
9.96799e-09
2.98927e-13
3.10561e-15
7.10616e-09
2.85666e-13
2.82277e-09
3.27562e-13
-7.23702e-15
4.57175e-09
5.49266e-13
-8.21156e-14
9.93141e-09
3.95896e-13
1.12461e-13
1.25266e-08
6.43617e-14
-2.37149e-13
1.36862e-08
4.12367e-14
5.62507e-14
1.4163e-08
-3.31155e-13
-2.37882e-14
1.41629e-08
-2.97576e-13
-1.34008e-13
1.36862e-08
-3.9658e-13
-2.32169e-13
1.25266e-08
-1.77965e-13
-3.20978e-13
9.9315e-09
3.24339e-13
4.57184e-09
1.81538e-13
1.42837e-13
5.67032e-09
2.47868e-13
-2.73627e-13
1.14123e-08
-4.74498e-14
1.75225e-13
1.37317e-08
-1.54628e-14
-8.57508e-14
1.47022e-08
-4.34647e-14
7.92084e-14
1.5113e-08
-4.53556e-14
4.42854e-14
1.51131e-08
-1.33396e-13
-4.82591e-14
1.47023e-08
-2.47718e-13
2.29458e-13
1.37318e-08
-1.55952e-13
-2.66529e-13
1.14124e-08
2.29586e-13
5.67042e-09
9.56014e-15
1.01772e-13
5.67027e-09
2.02207e-13
-5.98596e-13
1.14123e-08
1.76803e-13
4.88164e-13
1.37317e-08
-2.16048e-13
-1.98025e-14
1.47022e-08
-7.23674e-14
1.23063e-13
1.51131e-08
-1.23969e-14
1.36782e-14
1.51131e-08
-4.10328e-14
1.20078e-13
1.47023e-08
-2.64492e-13
4.62835e-13
1.37318e-08
-3.30909e-14
-5.73312e-13
1.14124e-08
2.48768e-13
5.6703e-09
2.11893e-13
1.05007e-15
4.57187e-09
6.58356e-13
-9.13414e-13
9.9315e-09
5.42163e-13
9.55755e-13
1.25267e-08
5.91071e-14
3.86635e-13
1.36861e-08
-4.01764e-14
1.97719e-13
1.41629e-08
1.74016e-13
7.72765e-14
1.41629e-08
-2.28924e-13
2.82778e-13
1.36862e-08
-6.26845e-13
1.00045e-12
1.25267e-08
-3.90613e-13
-9.10931e-13
9.93147e-09
-9.10892e-14
4.5718e-09
2.21733e-13
-4.71595e-13
2.8228e-09
-4.22038e-13
-5.77777e-13
7.10608e-09
-3.42678e-13
9.70564e-13
9.96803e-09
-1.79844e-13
7.79934e-14
1.15228e-08
-1.09478e-13
1.3695e-13
1.21891e-08
1.71587e-13
1.80012e-13
1.21892e-08
2.18204e-13
1.29173e-13
1.15229e-08
5.53205e-14
1.18736e-12
9.96808e-09
-4.70092e-13
-2.71067e-13
7.1061e-09
-3.64211e-13
2.82278e-09
-2.6643e-13
-2.62097e-13
1.16358e-09
-7.71565e-13
5.52921e-13
3.62367e-09
-2.826e-13
4.57272e-13
6.03562e-09
-1.91881e-13
-2.60684e-13
7.80568e-09
-2.34621e-13
5.90892e-15
8.69857e-09
-4.12208e-13
3.85191e-14
8.69863e-09
-1.67672e-13
-1.70991e-13
7.8058e-09
4.26541e-13
4.22459e-13
6.03575e-09
-1.23624e-13
1.82808e-13
3.62371e-09
-2.25752e-13
1.16359e-09
-2.34347e-13
2.02876e-10
2.82427e-13
8.61326e-10
5.74065e-13
1.83648e-09
2.61317e-13
2.77611e-09
4.18444e-14
3.34298e-09
-2.11917e-13
3.34296e-09
-3.05895e-13
2.77611e-09
4.76107e-13
1.83646e-09
5.36273e-13
8.61327e-10
2.02873e-10
-8.43677e-13
8.8392e-13
2.02885e-10
-3.50119e-13
-2.77929e-13
8.6134e-10
-6.72512e-13
7.11039e-13
1.83636e-09
-2.71968e-13
-3.12052e-13
2.77604e-09
-9.82802e-14
-3.94694e-13
3.34292e-09
3.109e-13
-2.62268e-13
3.3429e-09
2.97314e-13
3.14066e-14
2.77607e-09
-3.41051e-13
6.65592e-13
1.83637e-09
7.97127e-13
-8.0552e-13
8.61324e-10
4.44333e-13
2.02882e-10
-8.19442e-13
1.3132e-12
1.16359e-09
-1.20954e-12
2.43588e-13
3.62394e-09
-1.67293e-12
6.93446e-13
6.03548e-09
-5.40976e-13
-8.17116e-13
7.80558e-09
4.75048e-14
-7.67581e-13
8.69842e-09
7.26342e-13
-5.09495e-13
8.69843e-09
1.24499e-12
-3.22065e-13
7.80561e-09
1.07955e-12
1.36027e-12
6.0355e-09
4.20521e-13
2.98726e-14
3.62395e-09
7.15527e-13
1.16365e-09
2.60757e-13
1.18838e-12
2.82279e-09
7.95163e-14
3.96874e-13
7.10621e-09
-3.40768e-14
8.75197e-13
9.96804e-09
-2.80122e-14
-9.69709e-13
1.15229e-08
-3.67953e-14
-3.96031e-13
1.21891e-08
-2.38918e-13
-4.65046e-13
1.21892e-08
-4.19964e-13
-5.28797e-13
1.1523e-08
-2.66556e-13
1.36954e-12
9.96811e-09
-5.84624e-13
1.32875e-13
7.10611e-09
3.59688e-13
2.82281e-09
1.75809e-13
3.74019e-13
4.57194e-09
4.54779e-13
-5.55359e-14
9.93141e-09
5.06811e-13
3.80996e-13
1.25269e-08
1.70325e-13
-4.19461e-13
1.36861e-08
-2.93404e-13
-8.18446e-14
1.41629e-08
-4.39784e-13
-9.44263e-14
1.41629e-08
-8.34573e-13
-3.01311e-13
1.3686e-08
-7.38416e-13
6.22933e-13
1.25269e-08
-2.8359e-13
-3.15256e-13
9.93147e-09
-3.95283e-14
4.5719e-09
3.10069e-13
1.68624e-13
5.67044e-09
4.12771e-13
1.54581e-13
1.14123e-08
4.5363e-13
1.41035e-13
1.37321e-08
2.55366e-13
-1.66841e-13
1.47023e-08
3.20946e-14
1.00733e-14
1.51131e-08
-1.35694e-13
-9.46744e-14
1.51131e-08
-1.80221e-13
-1.20909e-13
1.47022e-08
-2.37804e-13
1.91628e-13
1.37321e-08
-2.14013e-13
-2.0717e-13
1.14123e-08
-3.23465e-13
5.67036e-09
3.29286e-13
-1.59002e-13
5.67041e-09
2.05087e-13
2.18023e-13
1.14123e-08
1.95169e-13
3.57168e-14
1.37321e-08
1.24402e-13
-8.29027e-14
1.47022e-08
2.19679e-15
1.57126e-13
1.51131e-08
6.64296e-14
1.91024e-13
1.51131e-08
-2.22691e-13
-8.36017e-14
1.47023e-08
-2.55744e-13
1.0103e-14
1.37321e-08
-3.03671e-13
-8.55725e-14
1.14123e-08
-5.68638e-13
5.67047e-09
5.16589e-14
-1.74395e-13
4.57183e-09
6.1338e-13
-9.55878e-14
9.93139e-09
5.36315e-13
-1.50911e-13
1.25268e-08
4.18694e-13
9.14139e-14
1.36862e-08
6.76288e-14
3.75787e-13
1.41629e-08
-2.37687e-13
4.7452e-13
1.41629e-08
-4.56194e-13
4.64935e-13
1.36862e-08
-8.09996e-13
1.61011e-13
1.25268e-08
-2.31166e-13
-4.77963e-13
9.93145e-09
-1.04781e-12
4.57195e-09
2.44984e-13
-4.65738e-13
2.82267e-09
5.35619e-13
-5.29153e-13
7.10619e-09
4.06859e-13
-1.87976e-13
9.96809e-09
4.2451e-13
-3.26661e-14
1.1523e-08
2.5739e-13
3.75715e-13
1.21892e-08
1.81493e-13
5.72232e-13
1.21891e-08
6.45729e-14
5.3637e-13
1.15229e-08
-2.37098e-13
4.62948e-13
9.96799e-09
-3.40859e-13
-7.46875e-13
7.10612e-09
-1.32948e-12
2.82272e-09
2.79974e-14
-4.25115e-13
1.16361e-09
-7.18693e-13
-3.91602e-13
3.624e-09
-8.6883e-13
-3.36452e-13
6.03563e-09
-5.12376e-13
-2.6949e-13
7.80556e-09
1.03436e-13
2.00096e-13
8.6984e-09
7.68535e-13
2.23934e-13
8.69835e-09
1.23835e-12
1.61752e-14
7.80551e-09
1.55694e-12
2.75419e-13
6.03548e-09
8.1223e-13
2.29928e-13
3.62391e-09
-6.86094e-13
1.16361e-09
-4.33037e-13
2.02877e-10
-6.79582e-13
8.61325e-10
-5.92561e-13
1.83632e-09
-7.46492e-13
2.77597e-09
-3.26274e-13
3.34285e-09
8.5647e-14
3.34286e-09
-5.15906e-14
2.77595e-09
5.25564e-13
1.83635e-09
5.07958e-13
8.61315e-10
2.02881e-10
-1.64557e-13
-3.67228e-14
2.02875e-10
8.40605e-13
-1.05952e-12
8.61313e-10
2.76988e-13
1.34762e-13
1.83644e-09
-4.02603e-14
2.34102e-13
2.77609e-09
2.81623e-13
-1.64751e-13
3.34299e-09
3.58712e-13
-1.2535e-13
3.34296e-09
-1.26526e-13
4.62708e-13
2.77606e-09
-5.37646e-13
4.92857e-13
1.83642e-09
3.81376e-14
-4.57257e-13
8.61337e-10
9.15336e-14
2.0288e-10
-4.07553e-13
3.83824e-13
1.1636e-09
-4.59421e-13
-4.46667e-13
3.62376e-09
-3.92991e-13
-3.54881e-13
6.0356e-09
-2.85034e-13
-9.36002e-14
7.80576e-09
-2.33139e-13
-1.67892e-13
8.69861e-09
-2.91566e-13
-3.49067e-14
8.69859e-09
-1.68284e-13
2.56148e-13
7.80568e-09
2.81082e-13
1.02126e-14
6.03559e-09
-6.18213e-13
-6.96609e-13
3.62374e-09
2.7914e-13
1.16358e-09
3.07848e-13
5.65581e-13
2.82274e-09
-3.64242e-13
1.85382e-13
7.10613e-09
-6.72496e-14
-2.32426e-13
9.96811e-09
1.62398e-13
-3.02855e-13
1.1523e-08
-1.09461e-13
-2.6119e-14
1.21892e-08
-6.83329e-14
-1.73814e-14
1.21892e-08
2.61338e-13
-2.24509e-13
1.15229e-08
5.48194e-13
-2.41033e-13
9.9681e-09
2.57874e-13
4.59463e-15
7.10621e-09
2.78734e-13
2.82273e-09
2.76951e-13
6.77339e-14
4.57176e-09
4.93839e-13
-1.29025e-13
9.93152e-09
3.30746e-13
-5.41526e-14
1.25269e-08
4.85827e-14
-2.98828e-13
1.36862e-08
-6.02567e-14
1.0736e-13
1.4163e-08
-1.63279e-14
1.9408e-13
1.4163e-08
-3.38104e-13
1.3925e-14
1.36861e-08
-3.42817e-13
5.1536e-15
1.25268e-08
-1.20906e-13
-2.2197e-13
9.93139e-09
1.78023e-13
4.57175e-09
-2.45026e-14
7.8696e-14
5.67033e-09
1.12392e-13
-2.86014e-13
1.14123e-08
9.27109e-14
1.59937e-13
1.37319e-08
1.11482e-13
-3.25475e-13
1.47022e-08
3.88155e-14
-1.56628e-14
1.51131e-08
1.70456e-13
2.98932e-13
1.51131e-08
-1.54692e-13
2.29257e-14
1.47022e-08
-1.51317e-13
3.88619e-13
1.3732e-08
-2.53177e-13
-4.164e-13
1.14123e-08
1.7535e-13
5.67032e-09
-3.3904e-14
2.86622e-13
5.67039e-09
2.9606e-13
-4.12038e-13
1.14124e-08
1.16099e-13
5.28802e-13
1.3732e-08
-4.13241e-15
-7.54935e-14
1.47023e-08
7.21677e-14
6.58691e-14
1.51131e-08
-5.63277e-14
7.30477e-14
1.51131e-08
-1.27028e-13
-4.1541e-14
1.47022e-08
-4.18333e-13
4.22265e-13
1.37319e-08
8.38632e-15
-4.95186e-13
1.14123e-08
2.2613e-13
5.67034e-09
1.70325e-13
5.17543e-14
4.57186e-09
7.25266e-13
-9.76074e-13
9.93149e-09
4.94433e-13
8.79027e-13
1.25268e-08
3.78449e-14
2.29945e-13
1.36861e-08
3.06993e-14
1.20598e-13
1.41629e-08
-3.83585e-14
1.63655e-13
1.41629e-08
-2.00264e-13
3.54673e-13
1.36861e-08
-6.7069e-13
8.58355e-13
1.25268e-08
-3.21531e-13
-1.02667e-12
9.93135e-09
8.27252e-14
4.57176e-09
3.55966e-13
-4.16848e-13
2.82275e-09
-9.83584e-14
-6.27162e-13
7.10611e-09
-1.49615e-13
9.27595e-13
9.96803e-09
1.56988e-13
5.18964e-14
1.15229e-08
3.62622e-13
1.20413e-13
1.21892e-08
3.58283e-13
1.63316e-13
1.21892e-08
5.66526e-13
3.64647e-13
1.15229e-08
2.03549e-13
1.15665e-12
9.96802e-09
-2.51446e-13
-2.65642e-13
7.10613e-09
-3.23569e-13
2.82276e-09
-2.72564e-14
-2.37961e-13
1.16357e-09
-6.8805e-13
3.0704e-13
3.62371e-09
-1.68194e-13
4.93348e-13
6.0356e-09
-8.88186e-15
-1.94173e-13
7.80571e-09
-1.06013e-13
3.66924e-14
8.69862e-09
-2.99196e-13
1.58785e-14
8.69863e-09
-2.19881e-13
-2.03588e-13
7.80579e-09
4.76697e-13
5.55321e-13
6.03563e-09
-1.05596e-13
1.67616e-13
3.62375e-09
-2.93946e-13
1.16354e-09
1.86678e-14
2.02875e-10
1.59566e-13
8.61324e-10
7.04991e-13
1.83646e-09
2.34751e-13
2.77613e-09
2.37827e-13
3.34303e-09
-3.93238e-14
3.34302e-09
-4.52945e-13
2.77613e-09
1.02647e-13
1.83646e-09
2.9938e-13
8.61341e-10
2.02878e-10
-6.62988e-13
8.05035e-13
2.02871e-10
-3.2096e-13
-7.42105e-13
8.61301e-10
-4.38852e-13
1.59001e-13
1.83632e-09
-2.74254e-13
1.9477e-13
2.77601e-09
-2.03461e-13
-2.70183e-13
3.3429e-09
-3.22184e-15
-1.03967e-13
3.34292e-09
-1.78264e-13
2.19166e-13
2.77602e-09
-4.94154e-13
1.06411e-13
1.83637e-09
2.35639e-13
-7.70169e-13
8.61292e-10
1.82319e-13
2.02878e-10
-8.8918e-13
1.38465e-12
1.16359e-09
-1.14276e-12
3.82727e-13
3.6239e-09
-9.21243e-13
-2.88297e-13
6.03557e-09
-5.8112e-13
-4.65467e-13
7.80555e-09
-3.31119e-14
-6.13266e-13
8.69844e-09
4.41741e-13
-3.94046e-13
8.69843e-09
7.87281e-13
-7.8917e-14
7.80551e-09
9.01203e-13
-4.65685e-14
6.0356e-09
3.79874e-13
-3.30201e-15
3.62391e-09
4.18891e-13
1.16362e-09
2.63685e-13
1.17657e-12
2.82274e-09
-1.35878e-13
5.80372e-13
7.10618e-09
-6.0525e-14
-3.21241e-13
9.96804e-09
-2.62323e-14
-5.93117e-13
1.1523e-08
-9.73492e-14
-4.26704e-13
1.21892e-08
-2.18268e-13
-2.7892e-13
1.21892e-08
-2.7194e-14
-3.21017e-13
1.1523e-08
8.30749e-14
-4.23827e-13
9.96807e-09
2.34608e-13
2.3406e-13
7.10609e-09
5.9058e-13
2.82274e-09
2.73159e-13
5.72452e-13
4.57196e-09
4.73746e-13
-1.99497e-14
9.93158e-09
2.07458e-13
-2.19076e-13
1.25268e-08
8.04197e-14
-3.00421e-13
1.36861e-08
-1.88093e-13
-8.97317e-14
1.41629e-08
-2.83171e-13
1.20677e-13
1.41629e-08
-4.71468e-13
5.42657e-14
1.36862e-08
-3.99296e-13
-6.86727e-14
1.25267e-08
1.17938e-13
-7.13823e-14
9.93147e-09
5.86075e-13
4.57189e-09
3.31011e-13
3.64498e-13
5.67039e-09
4.67526e-13
2.72434e-14
1.14124e-08
4.07374e-13
3.57332e-13
1.3732e-08
1.28319e-13
-1.74893e-13
1.47022e-08
7.43069e-14
7.81595e-14
1.51131e-08
1.33393e-13
3.34243e-14
1.5113e-08
4.23919e-14
-8.64686e-14
1.47022e-08
-2.07514e-13
2.03312e-13
1.37319e-08
-1.8939e-13
-2.90916e-13
1.14123e-08
2.26662e-13
5.67032e-09
2.13274e-13
1.0946e-14
5.67035e-09
4.80319e-13
-5.92669e-13
1.14124e-08
1.39265e-13
2.1079e-13
1.3732e-08
1.31832e-13
-2.08461e-13
1.47023e-08
-8.22397e-14
-4.86134e-14
1.51131e-08
5.44588e-14
1.38252e-13
1.51131e-08
-2.63466e-13
-4.695e-14
1.47022e-08
-3.87852e-13
4.21919e-13
1.37319e-08
-4.9584e-14
-6.79102e-13
1.14123e-08
5.33522e-14
5.67033e-09
-1.20339e-14
-1.99793e-13
4.57187e-09
6.73544e-13
-1.11032e-12
9.93149e-09
3.87334e-13
4.64296e-13
1.25269e-08
2.73485e-13
3.08331e-13
1.36862e-08
5.72461e-14
3.14018e-13
1.41629e-08
-1.63325e-13
4.16015e-13
1.41629e-08
-5.29399e-13
4.89978e-13
1.36861e-08
-9.61308e-13
6.96037e-13
1.25267e-08
-1.31906e-13
-1.28203e-12
9.93143e-09
-1.45608e-13
4.5719e-09
5.23002e-13
-3.71601e-13
2.82271e-09
4.4594e-13
-9.09046e-13
7.10613e-09
2.43162e-13
5.80701e-13
9.96817e-09
1.25806e-13
2.28075e-13
1.15231e-08
-1.14995e-14
3.88934e-13
1.21891e-08
-1.69477e-13
3.02555e-13
1.21891e-08
-4.28445e-13
6.02126e-13
1.15229e-08
-6.1325e-13
7.90603e-13
9.96808e-09
-6.99595e-13
-1.26654e-12
7.10608e-09
-7.71194e-13
2.82273e-09
1.48145e-13
-3.39788e-13
1.16358e-09
-1.10873e-12
-2.46821e-13
3.62391e-09
-8.93074e-13
2.61956e-13
6.03572e-09
-4.05472e-13
-1.23764e-13
7.80565e-09
-2.40516e-13
5.83009e-14
8.69847e-09
3.10715e-13
8.64129e-14
8.69845e-09
8.54164e-13
-2.46218e-14
7.80555e-09
1.48422e-12
5.04307e-13
6.03563e-09
2.73762e-13
-3.81073e-14
3.62388e-09
-4.60928e-13
1.16364e-09
-4.40832e-13
2.02884e-10
-7.12219e-13
8.61324e-10
-3.26965e-13
1.83639e-09
-1.03118e-13
2.77603e-09
-1.07849e-13
3.3429e-09
1.68898e-13
3.34292e-09
3.16818e-13
2.77603e-09
6.74034e-13
1.83641e-09
4.4498e-13
8.61321e-10
2.02883e-10
4.53718e-14
5.42188e-13
2.02892e-10
8.55819e-13
-1.33922e-12
8.61356e-10
6.80785e-13
2.74215e-14
1.83658e-09
2.85217e-13
9.71857e-14
2.77608e-09
3.05074e-14
-6.11295e-14
3.34301e-09
4.35391e-13
-5.43642e-15
3.34303e-09
-9.93028e-14
8.62693e-14
2.77607e-09
-4.83304e-13
2.35949e-13
1.8365e-09
2.0529e-13
-6.61121e-13
8.61368e-10
1.51244e-13
2.02888e-10
-4.99541e-13
1.68011e-13
1.16359e-09
-1.22968e-13
-6.1667e-13
3.62376e-09
2.20752e-14
-4.12376e-13
6.03578e-09
6.04984e-14
1.08494e-13
7.80576e-09
-2.7536e-13
-1.20386e-13
8.69867e-09
-4.85351e-13
-4.71308e-14
8.69863e-09
-1.1473e-13
1.09479e-13
7.80576e-09
7.02607e-14
-3.00704e-14
6.03575e-09
-1.01584e-13
-3.13324e-13
3.62375e-09
2.62035e-13
1.16354e-09
3.67311e-13
1.94915e-13
2.82279e-09
-6.63621e-13
-2.04765e-13
7.10601e-09
-2.74757e-13
-5.69151e-13
9.96797e-09
2.51039e-14
-3.83983e-13
1.15229e-08
1.17267e-13
-9.63057e-14
1.21892e-08
-1.84924e-13
-1.46803e-13
1.21892e-08
5.23373e-13
-1.61238e-13
1.1523e-08
6.75068e-13
-4.00938e-13
9.96806e-09
2.32909e-13
8.27482e-14
7.10608e-09
3.44242e-13
2.82271e-09
3.45058e-13
2.45928e-13
4.57178e-09
3.83787e-13
-2.80948e-13
9.93147e-09
2.83363e-13
-1.61358e-13
1.25266e-08
2.9778e-13
-1.10423e-13
1.36863e-08
2.06787e-13
2.1095e-13
1.4163e-08
-1.23292e-13
-8.55413e-14
1.4163e-08
-3.91224e-13
-2.72374e-13
1.36862e-08
-3.76192e-13
-2.31245e-13
1.25266e-08
-2.07987e-13
-2.12007e-13
9.93146e-09
3.57956e-13
4.57175e-09
1.19344e-13
-8.83437e-14
5.67032e-09
2.94277e-13
-3.75297e-13
1.14123e-08
-3.44301e-14
1.5054e-13
1.37317e-08
-2.29146e-14
-1.79054e-13
1.47023e-08
-8.799e-14
1.00567e-13
1.51131e-08
-1.14885e-13
-6.16758e-15
1.51131e-08
-2.13334e-13
-1.38624e-13
1.47023e-08
-3.02273e-13
1.17447e-13
1.37318e-08
-2.27796e-13
-4.3093e-13
1.14123e-08
2.02781e-13
5.67032e-09
4.99527e-14
2.36973e-13
5.67037e-09
3.14063e-13
-4.56199e-13
1.14124e-08
-6.7882e-15
5.50327e-13
1.37318e-08
-8.21738e-14
9.95825e-14
1.47023e-08
-1.0517e-13
1.53631e-13
1.51132e-08
-6.06119e-14
1.3996e-13
1.51132e-08
-3.53997e-14
-1.08655e-14
1.47023e-08
-4.26237e-13
3.19116e-13
1.37318e-08
1.36348e-14
-4.1008e-13
1.14123e-08
4.3053e-13
5.67023e-09
2.1905e-13
-2.28523e-13
4.5719e-09
5.23883e-13
-1.06446e-12
9.93148e-09
2.52615e-13
1.06933e-12
1.25266e-08
-1.43081e-15
2.79422e-13
1.36862e-08
2.8259e-15
9.01943e-14
1.4163e-08
-2.51386e-13
1.20927e-13
1.4163e-08
-3.46837e-13
3.86242e-13
1.36862e-08
-9.6719e-13
7.67914e-13
1.25267e-08
-4.76116e-13
-1.01919e-12
9.93143e-09
1.03703e-13
4.57167e-09
2.01153e-13
-9.05329e-13
2.82285e-09
-2.8733e-13
-4.42312e-13
7.10609e-09
-6.34187e-13
1.25724e-12
9.96795e-09
-3.83313e-13
5.55382e-14
1.15229e-08
-1.65953e-13
9.80185e-14
1.21892e-08
-1.61255e-13
5.21365e-14
1.21893e-08
2.06011e-13
2.08065e-13
1.15229e-08
-1.90004e-13
1.06052e-12
9.96803e-09
-5.04376e-13
-5.69155e-13
7.10601e-09
-3.09028e-13
2.82273e-09
-1.13525e-14
-2.46879e-13
1.16362e-09
-7.82282e-13
2.64894e-13
3.62368e-09
-4.09833e-13
6.31193e-13
6.03563e-09
-1.6086e-13
-2.34044e-13
7.80569e-09
-1.21069e-13
-1.39085e-13
8.69864e-09
-1.75353e-13
-6.83761e-14
8.69869e-09
1.20866e-13
-3.0241e-13
7.80577e-09
4.75363e-13
5.57135e-13
6.03571e-09
1.7449e-13
2.34293e-13
3.62369e-09
-2.257e-13
1.16356e-09
-1.80543e-13
2.02877e-10
2.40024e-13
8.61337e-10
6.28023e-13
1.83649e-09
1.81316e-13
2.7761e-09
2.21827e-13
3.34302e-09
-2.75461e-14
3.34302e-09
-1.4994e-13
2.7761e-09
1.08496e-13
1.83646e-09
1.98944e-13
8.61335e-10
2.02876e-10
-7.31869e-13
7.17413e-13
2.02872e-10
-3.39267e-13
-2.95998e-13
8.61294e-10
-1.18562e-12
5.59112e-13
1.83624e-09
-5.61025e-13
-1.58869e-13
2.77597e-09
-7.19923e-14
-3.50899e-13
3.34283e-09
2.20199e-13
-3.22275e-13
3.34285e-09
3.68138e-13
1.24876e-14
2.77602e-09
-3.68568e-13
6.18089e-13
1.83628e-09
3.18688e-13
-5.37236e-13
8.61285e-10
6.8548e-13
2.0287e-10
-4.6162e-13
1.29023e-12
1.16365e-09
-1.13008e-12
4.26815e-14
3.62395e-09
-1.27485e-12
9.52809e-13
6.03549e-09
-5.85984e-13
-8.24955e-13
7.8055e-09
-2.37812e-14
-8.3661e-13
8.69831e-09
7.21448e-13
-7.20542e-13
8.69834e-09
1.40762e-12
-4.69688e-13
7.80555e-09
1.025e-12
1.23229e-12
6.03544e-09
2.53821e-13
4.42106e-14
3.62387e-09
7.1606e-13
1.16364e-09
4.16455e-13
7.97064e-13
2.82276e-09
4.26332e-13
1.7912e-13
7.10623e-09
2.41933e-13
1.02267e-12
9.96809e-09
1.97195e-13
-7.42464e-13
1.15229e-08
-1.78535e-13
-4.85708e-13
1.21891e-08
-1.39992e-13
-4.58509e-13
1.21891e-08
6.76826e-14
-7.53633e-13
1.15229e-08
-1.35798e-13
9.53272e-13
9.96804e-09
-2.7466e-13
7.13988e-14
7.10623e-09
1.62596e-13
2.82281e-09
2.34508e-13
2.22539e-13
4.57196e-09
4.44008e-13
-2.66675e-13
9.93148e-09
5.85766e-13
5.34333e-13
1.2527e-08
2.59032e-13
-3.38139e-13
1.3686e-08
-7.90053e-14
-1.18281e-13
1.41629e-08
-3.33729e-13
-8.92642e-14
1.41629e-08
-5.44135e-13
-3.60514e-13
1.36861e-08
-3.14078e-13
6.68221e-13
1.2527e-08
7.44902e-14
-1.37425e-13
9.93154e-09
1.94801e-13
4.57201e-09
3.21233e-13
1.55606e-13
5.67045e-09
3.18684e-13
3.62608e-14
1.14124e-08
3.25483e-13
4.17813e-13
1.3732e-08
2.50017e-13
-6.57092e-15
1.47022e-08
2.93918e-14
1.64266e-13
1.51131e-08
-3.81038e-13
5.26479e-14
1.51131e-08
-2.64161e-13
-1.1662e-13
1.47023e-08
-3.47326e-13
2.19182e-13
1.37321e-08
-1.22772e-13
-1.71076e-13
1.14123e-08
-3.47789e-13
5.6704e-09
1.98025e-13
-2.76722e-13
5.67043e-09
2.77092e-13
7.79756e-14
1.14122e-08
1.71613e-13
1.39659e-13
1.3732e-08
1.6102e-13
-3.51678e-14
1.47022e-08
9.05081e-14
9.38495e-14
1.5113e-08
-2.43691e-13
1.20738e-13
1.51131e-08
-2.64951e-13
8.25663e-14
1.47022e-08
-3.58483e-13
1.28096e-13
1.3732e-08
-2.6563e-13
-2.6342e-13
1.14123e-08
-7.26502e-13
5.6705e-09
1.73272e-14
-4.6755e-13
4.57187e-09
4.1713e-13
-2.82359e-13
9.93141e-09
4.14257e-13
2.10685e-13
1.25268e-08
1.38726e-13
3.22744e-13
1.36862e-08
2.45672e-13
4.71657e-13
1.4163e-08
-7.80104e-14
5.12558e-13
1.41629e-08
-5.71088e-13
4.49163e-13
1.36861e-08
-6.34624e-13
1.57266e-13
1.25268e-08
-1.65954e-13
-8.78875e-13
9.93149e-09
-1.16829e-12
4.57198e-09
4.21897e-13
-1.87944e-13
2.82269e-09
6.01897e-13
-5.57607e-13
7.10617e-09
3.09725e-13
2.47674e-13
9.96816e-09
2.52048e-13
2.6823e-13
1.1523e-08
2.96124e-13
4.06482e-13
1.21892e-08
1.23217e-13
5.36118e-13
1.21891e-08
1.23892e-13
5.67662e-13
1.1523e-08
-4.03203e-14
3.93792e-13
9.96808e-09
-3.86278e-14
-9.29448e-13
7.10619e-09
-1.42941e-12
2.82273e-09
-1.53148e-13
-5.22082e-13
1.16363e-09
-6.5954e-13
-1.33874e-13
3.62398e-09
-7.49016e-13
1.42111e-13
6.03566e-09
-2.13178e-13
7.0541e-14
7.80564e-09
4.26068e-13
1.87896e-13
8.69845e-09
7.27786e-13
1.10637e-13
8.69841e-09
1.68264e-12
1.47905e-13
7.80554e-09
2.10251e-12
2.10817e-13
6.03552e-09
8.97777e-13
-1.41955e-13
3.62394e-09
-6.41341e-13
1.16362e-09
-3.29264e-13
2.02901e-10
-6.91304e-13
8.61356e-10
-2.99423e-13
1.83638e-09
-1.7698e-13
2.776e-09
5.54788e-14
3.34289e-09
1.75094e-13
3.34287e-09
2.48784e-13
2.77598e-09
7.22202e-13
1.83634e-09
5.34075e-13
8.61305e-10
2.02879e-10
9.70072e-14
1.90337e-13
2.02881e-10
1.14482e-12
-1.1787e-12
8.61323e-10
7.14461e-13
2.29375e-14
1.83648e-09
3.2031e-13
1.64928e-13
2.77612e-09
4.03231e-13
-1.45864e-13
3.34303e-09
2.53935e-13
-8.78081e-14
3.34301e-09
-3.64902e-13
4.00469e-13
2.77606e-09
-8.0881e-13
2.60603e-13
1.83645e-09
-3.25642e-13
-7.80155e-13
8.61352e-10
5.02538e-14
2.02877e-10
-6.03705e-14
1.09586e-13
1.16358e-09
-1.68417e-13
-8.87265e-13
3.62376e-09
3.14097e-13
-3.5537e-13
6.03566e-09
2.08497e-13
1.94625e-14
7.80579e-09
-7.7267e-15
-1.55033e-13
8.69866e-09
-3.95791e-13
-7.15599e-14
8.69864e-09
-4.27408e-13
2.42548e-13
7.80571e-09
1.05787e-13
-1.17889e-13
6.03558e-09
-1.90587e-13
-6.04326e-13
3.6238e-09
-1.60171e-13
1.16356e-09
1.75641e-13
9.26184e-14
2.82277e-09
-3.02936e-13
-2.56936e-13
7.10607e-09
-2.41472e-13
-4.1833e-13
9.96804e-09
-3.10023e-14
-1.73558e-13
1.15229e-08
-7.67352e-14
-2.83989e-14
1.21892e-08
-1.28527e-13
-8.04209e-14
1.21892e-08
1.24977e-13
-1.65655e-13
1.1523e-08
4.16483e-13
-3.35578e-13
9.96802e-09
2.51237e-13
-7.29417e-14
7.10617e-09
1.84188e-13
2.82274e-09
6.96215e-14
1.83511e-13
4.57178e-09
2.6222e-13
-2.75323e-13
9.93139e-09
1.97184e-13
-2.479e-13
1.25267e-08
1.4724e-14
-2.70636e-13
1.36861e-08
-1.43661e-13
7.50239e-14
1.4163e-08
-1.69627e-13
1.67383e-13
1.41629e-08
-3.10453e-13
-3.04704e-14
1.36861e-08
-4.77282e-13
-1.94325e-13
1.25268e-08
-1.94581e-13
-4.16734e-13
9.93143e-09
9.36719e-14
4.57178e-09
-2.99669e-14
5.09988e-14
5.67041e-09
-9.2026e-14
-3.98093e-13
1.14122e-08
-7.35591e-14
1.91196e-13
1.37319e-08
-1.05966e-13
-5.60912e-14
1.47023e-08
1.18422e-13
1.98374e-13
1.51131e-08
1.9804e-13
6.72097e-14
1.51131e-08
-8.67024e-14
-3.15575e-14
1.47022e-08
-2.54027e-13
1.53308e-13
1.37319e-08
-1.70808e-13
-4.57232e-13
1.14123e-08
-3.08492e-14
5.67038e-09
-3.27564e-14
1.50349e-13
5.67041e-09
2.84894e-13
-5.35735e-13
1.14123e-08
9.06625e-14
3.69304e-13
1.37318e-08
-3.53374e-14
7.93824e-15
1.47022e-08
2.01688e-13
1.46277e-13
1.51131e-08
4.07751e-13
9.15941e-14
1.51131e-08
-9.47409e-14
-2.53193e-14
1.47022e-08
-3.27695e-13
4.39618e-13
1.37319e-08
-1.24014e-13
-5.56779e-13
1.14123e-08
5.75564e-14
5.67041e-09
2.99875e-13
-1.00462e-14
4.57188e-09
8.87737e-13
-1.06644e-12
9.93146e-09
4.73977e-13
7.90872e-13
1.25268e-08
2.28579e-13
3.1286e-13
1.36861e-08
2.26654e-13
2.73833e-13
1.41629e-08
7.32122e-14
9.09787e-14
1.41629e-08
-3.45002e-13
5.16148e-13
1.36861e-08
-6.77274e-13
9.91074e-13
1.25267e-08
-5.12751e-13
-1.13533e-12
9.93145e-09
4.96581e-15
4.57186e-09
2.20798e-13
-3.5385e-13
2.82282e-09
6.18444e-14
-5.49808e-13
7.10608e-09
-4.63283e-13
9.19261e-13
9.96793e-09
9.68989e-15
3.02021e-13
1.15228e-08
1.47635e-14
1.17034e-13
1.21891e-08
2.53604e-13
3.61793e-14
1.21892e-08
2.86457e-13
1.58555e-13
1.15228e-08
1.44399e-13
1.14746e-12
9.96801e-09
-2.24237e-13
-4.55599e-13
7.10616e-09
-4.28159e-13
2.82277e-09
-3.85271e-13
-3.31813e-13
1.16359e-09
-5.88243e-13
4.45316e-13
3.6237e-09
-1.24398e-13
5.10923e-13
6.03557e-09
1.83701e-13
-1.86578e-14
7.80567e-09
3.00054e-13
-2.32075e-14
8.69856e-09
3.41731e-15
-1.7123e-13
8.69858e-09
3.58555e-13
2.45021e-16
7.80574e-09
9.96941e-13
6.81627e-13
6.03566e-09
2.57841e-13
2.54062e-13
3.62379e-09
-2.70116e-13
1.16355e-09
-2.51191e-13
2.02863e-10
-6.9947e-14
8.61316e-10
5.15895e-13
1.83642e-09
2.01057e-13
2.77611e-09
5.92261e-14
3.343e-09
-1.57263e-13
3.34302e-09
-3.11562e-13
2.77615e-09
-1.00984e-13
1.83647e-09
3.4668e-13
8.61345e-10
2.02875e-10
-1.12603e-12
6.98897e-13
2.02889e-10
-2.7081e-15
-3.95094e-13
8.61332e-10
-3.27135e-13
3.05591e-13
1.83641e-09
-3.57789e-13
1.41046e-13
2.77597e-09
-8.90051e-14
-1.8085e-13
3.34294e-09
1.55228e-13
-2.40106e-13
3.34295e-09
7.46814e-14
2.34126e-13
2.77605e-09
-3.5173e-13
1.79886e-13
1.83645e-09
1.02595e-13
-5.85005e-13
8.61314e-10
4.35847e-13
2.02894e-10
-7.16847e-13
1.20784e-12
1.16356e-09
-1.14749e-12
7.56331e-14
3.62391e-09
-1.13269e-12
-2.82644e-13
6.03576e-09
-4.89012e-13
-1.17311e-13
7.8056e-09
-1.53773e-13
-3.53478e-13
8.69853e-09
4.09839e-13
-3.51778e-13
8.69853e-09
7.56643e-13
2.29654e-14
7.80563e-09
1.12349e-12
7.80105e-14
6.03575e-09
2.58404e-13
4.57578e-15
3.62383e-09
5.24701e-13
1.16363e-09
1.03241e-13
8.6612e-13
2.82278e-09
1.72317e-13
3.78924e-13
7.10609e-09
8.01819e-14
-3.34496e-13
9.96809e-09
2.66989e-13
-1.83937e-13
1.15231e-08
-6.67129e-14
-2.61503e-13
1.21893e-08
-1.74859e-13
-2.97811e-13
1.21892e-08
-2.59557e-13
-3.58948e-13
1.1523e-08
1.16148e-13
-1.47237e-13
9.96807e-09
-1.85919e-13
4.41713e-13
7.10608e-09
5.6032e-13
2.82275e-09
3.59388e-13
6.34831e-13
4.57192e-09
8.89252e-13
2.35524e-13
9.93151e-09
7.46098e-13
1.4534e-14
1.25267e-08
3.09339e-13
-1.42679e-13
1.36863e-08
-3.10962e-14
5.91703e-14
1.4163e-08
-3.52174e-13
1.07965e-13
1.4163e-08
-5.49329e-13
-1.19006e-13
1.36862e-08
-5.11383e-13
-1.58499e-13
1.25266e-08
-9.54033e-14
-2.25957e-13
9.93156e-09
3.57576e-13
4.57189e-09
2.97249e-13
4.85461e-13
5.67036e-09
4.2597e-13
-2.0004e-13
1.14124e-08
2.41289e-13
5.78922e-14
1.37318e-08
5.01412e-14
-1.7894e-13
1.47023e-08
-7.02916e-14
-1.23301e-14
1.51131e-08
-1.59573e-13
1.36698e-13
1.51131e-08
-1.77705e-13
-7.34871e-14
1.47023e-08
-4.16778e-13
1.06658e-13
1.37318e-08
-2.16805e-13
-3.11963e-13
1.14125e-08
1.36154e-13
5.67037e-09
9.56103e-15
2.8992e-13
5.67029e-09
2.43686e-13
-6.37327e-13
1.14125e-08
2.15472e-13
3.18642e-13
1.37319e-08
3.60624e-14
-7.45305e-14
1.47023e-08
4.802e-14
-1.64341e-14
1.51131e-08
2.53508e-15
1.87896e-13
1.51131e-08
-1.24387e-13
1.81047e-13
1.47023e-08
-2.76125e-13
5.14084e-13
1.37319e-08
-6.46224e-14
-6.00286e-13
1.14125e-08
2.876e-13
5.67035e-09
1.99937e-13
8.61235e-14
4.57184e-09
8.72046e-13
-1.29404e-12
9.93147e-09
6.72808e-13
1.98762e-13
1.25267e-08
2.7949e-13
1.25047e-13
1.36862e-08
1.28958e-13
2.90599e-13
1.4163e-08
-3.44923e-13
3.49648e-13
1.41629e-08
-6.72943e-13
4.73299e-13
1.36862e-08
-9.05961e-13
7.24095e-13
1.25268e-08
-2.89441e-13
-1.3735e-12
9.93152e-09
-1.26824e-13
4.57184e-09
6.39166e-13
-2.04947e-13
2.82272e-09
4.62463e-13
-1.22773e-12
7.10607e-09
4.73289e-13
5.19145e-13
9.96812e-09
3.23447e-13
3.50291e-13
1.1523e-08
6.38605e-14
4.80411e-13
1.21892e-08
-1.96636e-13
3.30462e-13
1.21892e-08
-4.52335e-13
4.11358e-13
1.15229e-08
-6.83784e-13
6.93833e-13
9.96814e-09
-7.15615e-13
-1.16365e-12
7.10616e-09
-6.92527e-13
2.82275e-09
8.71206e-14
-5.3291e-13
1.16358e-09
-8.91931e-13
-5.28661e-13
3.62386e-09
-9.67761e-13
-3.97205e-14
6.03569e-09
-5.12413e-13
-6.54319e-14
7.80554e-09
-1.26581e-13
1.67438e-13
8.69842e-09
5.62317e-13
1.40228e-13
8.69838e-09
8.57197e-13
-5.87944e-14
7.80552e-09
1.49345e-12
3.65175e-13
6.03567e-09
3.33664e-13
-2.13977e-13
3.62391e-09
-4.24901e-13
1.16367e-09
-3.63772e-13
2.02889e-10
-8.40997e-13
8.61302e-10
-6.60618e-13
1.83635e-09
-6.73028e-13
2.77591e-09
-2.92223e-13
3.34287e-09
2.04821e-13
3.34284e-09
1.80198e-13
2.77596e-09
5.68886e-13
1.83639e-09
3.69286e-13
8.61317e-10
2.02881e-10
-2.56429e-13
-2.83569e-15
2.02886e-10
6.33097e-13
-8.2893e-13
8.61407e-10
3.47671e-13
5.93352e-13
1.83649e-09
3.14909e-13
1.24218e-13
2.77617e-09
3.96163e-13
-1.91965e-13
3.34293e-09
6.19315e-13
-2.05913e-13
3.34291e-09
3.73289e-13
2.31031e-13
2.7761e-09
-5.32378e-13
6.78581e-13
1.83644e-09
-2.0319e-14
-8.6328e-13
8.61386e-10
4.16254e-13
2.02879e-10
1.17208e-13
5.32767e-13
1.16363e-09
-4.50407e-13
-7.98192e-13
3.62377e-09
-3.84365e-13
6.32049e-13
6.03565e-09
-2.78803e-13
-3.64039e-13
7.80573e-09
-1.63917e-13
-4.71443e-13
8.6986e-09
2.19684e-13
-3.6291e-13
8.69862e-09
1.73146e-13
-2.5857e-13
7.80569e-09
1.71392e-13
1.06908e-12
6.03563e-09
1.99525e-13
-6.69631e-13
3.6238e-09
3.50424e-13
1.16362e-09
2.95725e-13
1.55891e-13
2.8227e-09
-3.87e-13
-2.59215e-13
7.10606e-09
-2.54564e-13
9.24828e-13
9.96823e-09
-3.94966e-13
-7.79749e-13
1.15229e-08
-8.54827e-14
-3.94048e-13
1.21892e-08
-2.38994e-13
-4.17396e-13
1.21892e-08
2.10837e-13
-4.55706e-13
1.1523e-08
6.04479e-15
6.9724e-13
9.96818e-09
-3.71561e-13
-4.45271e-13
7.10604e-09
3.3306e-13
2.8228e-09
7.29784e-14
1.20378e-13
4.57186e-09
4.17501e-13
9.99173e-14
9.93133e-09
3.00618e-13
5.85646e-13
1.25268e-08
1.27318e-13
-2.47803e-13
1.36862e-08
-2.253e-13
-3.41931e-14
1.4163e-08
-4.94414e-13
7.29749e-14
1.4163e-08
-7.00331e-13
-2.48853e-14
1.36862e-08
-4.18047e-13
6.63231e-13
1.25268e-08
-1.83811e-13
-3.16404e-13
9.9314e-09
-8.24148e-14
4.5719e-09
6.26349e-14
2.5718e-14
5.67041e-09
2.6156e-14
5.24434e-14
1.14123e-08
1.44421e-13
4.13045e-13
1.37319e-08
6.83368e-14
-1.46708e-13
1.47022e-08
-3.18647e-14
-4.58888e-14
1.51131e-08
-1.49036e-13
5.28344e-14
1.51131e-08
-3.09089e-13
-6.55561e-14
1.47023e-08
-6.4929e-14
3.24487e-13
1.3732e-08
-1.36263e-13
-2.09111e-13
1.14123e-08
-1.90024e-13
5.67043e-09
5.64795e-14
5.61615e-16
5.67041e-09
1.10636e-13
2.26385e-13
1.14123e-08
7.79948e-14
3.15122e-13
1.37318e-08
5.8231e-14
-4.2124e-14
1.47022e-08
2.40426e-14
-5.80152e-14
1.51131e-08
-1.2094e-13
6.03228e-14
1.51131e-08
-7.7042e-14
1.8934e-14
1.47023e-08
-1.64699e-13
2.27415e-13
1.37319e-08
-8.68641e-14
5.53235e-14
1.14124e-08
-6.59419e-13
5.67043e-09
2.29146e-13
-2.47451e-13
4.57176e-09
5.78489e-13
-1.26582e-13
9.93138e-09
3.20496e-13
3.80977e-13
1.25267e-08
1.76677e-13
3.26708e-13
1.36862e-08
1.31468e-13
1.39736e-13
1.4163e-08
-4.67889e-14
2.76972e-13
1.4163e-08
-1.42459e-13
3.20755e-13
1.36862e-08
-5.08656e-13
4.17358e-13
1.25267e-08
-2.23097e-13
-8.80804e-14
9.93144e-09
-1.01532e-12
4.57186e-09
1.69911e-13
-5.36192e-13
2.82272e-09
-2.97051e-14
2.09703e-13
7.10621e-09
-2.72498e-13
7.45091e-13
9.96804e-09
-1.97984e-13
-1.4511e-14
1.15229e-08
1.31617e-13
9.68991e-14
1.21891e-08
1.5848e-13
7.89418e-14
1.21892e-08
5.06386e-13
1.35727e-13
1.15229e-08
4.68153e-13
6.41256e-13
9.96804e-09
-7.67169e-14
-4.25431e-14
7.10621e-09
-8.89807e-13
2.82279e-09
-2.88886e-13
-3.24088e-13
1.16359e-09
-6.95416e-13
3.63423e-13
3.62382e-09
-2.6335e-13
4.35011e-13
6.03559e-09
-2.34137e-13
-2.69763e-13
7.80561e-09
-2.35853e-13
-9.45307e-14
8.69847e-09
1.77921e-14
6.3742e-14
8.69858e-09
2.96331e-14
-1.5816e-13
7.80566e-09
5.37683e-13
3.70376e-13
6.03564e-09
2.01346e-13
2.16922e-13
3.62383e-09
-3.77722e-13
1.16359e-09
-3.69633e-13
2.02875e-10
1.08042e-13
8.61327e-10
5.66155e-13
1.83643e-09
7.65167e-14
2.77599e-09
2.60967e-14
3.34288e-09
2.75523e-13
3.3429e-09
-2.90632e-13
2.77602e-09
-4.87177e-14
1.83643e-09
9.61841e-14
8.61344e-10
2.02894e-10
1.72271e-13
-3.78456e-13
2.02883e-10
7.58273e-14
2.41742e-13
8.61282e-10
-8.45997e-15
-2.73241e-13
1.83645e-09
6.16445e-14
-2.21956e-13
2.77604e-09
-4.06447e-14
-6.3542e-14
3.34313e-09
-9.72572e-14
1.6718e-13
3.34308e-09
-1.28515e-13
-6.23459e-14
2.7761e-09
-1.13647e-13
1.06974e-13
1.83643e-09
-3.56689e-13
3.13089e-14
8.61297e-10
-2.35771e-13
2.02894e-10
-5.24373e-14
-6.45761e-15
1.1636e-09
-3.28323e-13
4.45388e-13
3.62385e-09
-6.1809e-13
2.58398e-13
6.03565e-09
-5.22287e-13
-2.26511e-13
7.80576e-09
8.43808e-14
-2.33708e-13
8.69864e-09
1.20276e-13
-3.74804e-13
8.69859e-09
5.26204e-13
-4.53888e-14
7.80576e-09
-8.70165e-14
4.94413e-13
6.03566e-09
-8.48325e-14
2.22688e-13
3.62386e-09
-3.5412e-13
1.16354e-09
-5.23071e-13
1.50628e-13
2.8228e-09
-3.88383e-13
2.00786e-13
7.10633e-09
-2.95333e-13
4.75956e-13
9.96794e-09
-4.09938e-13
-3.40921e-13
1.15229e-08
-2.77549e-13
-2.57892e-13
1.21892e-08
1.01491e-15
-2.18471e-13
1.21892e-08
1.15062e-14
-1.53322e-13
1.1523e-08
9.45169e-14
5.05233e-13
9.96796e-09
3.20623e-13
-8.47804e-15
7.10625e-09
-2.45666e-13
2.82278e-09
-5.49917e-14
5.20079e-13
4.57182e-09
1.16806e-13
8.62897e-14
9.93164e-09
4.14447e-14
3.07993e-13
1.25268e-08
1.53823e-14
-2.35032e-13
1.36862e-08
-1.5324e-13
-1.86837e-13
1.41629e-08
-1.80389e-13
-1.20243e-13
1.4163e-08
-2.25465e-13
1.31254e-13
1.36862e-08
-1.077e-13
3.02398e-13
1.25268e-08
3.68483e-14
-2.24592e-13
9.93157e-09
-5.84289e-14
4.57179e-09
2.78155e-14
2.64663e-13
5.67038e-09
7.65396e-14
-1.30969e-13
1.14124e-08
7.2193e-14
2.35171e-13
1.37319e-08
2.38818e-13
-1.57278e-14
1.47023e-08
6.65313e-15
-1.06126e-13
1.51131e-08
-1.88696e-15
1.94255e-13
1.51132e-08
-2.41221e-13
-1.43026e-15
1.47023e-08
-1.17595e-13
1.51029e-13
1.37319e-08
-1.87876e-13
-2.85923e-13
1.14123e-08
-4.391e-14
5.67031e-09
2.42736e-14
3.04421e-13
5.67038e-09
4.34107e-14
-5.45744e-14
1.14124e-08
2.29325e-13
4.35431e-13
1.37319e-08
5.52346e-14
3.34053e-14
1.47023e-08
9.51999e-14
-8.00655e-14
1.51132e-08
-5.08479e-14
1.22125e-13
1.51131e-08
-2.56792e-13
1.82409e-13
1.47022e-08
-2.00636e-13
3.95546e-13
1.37319e-08
-2.09254e-13
-1.38175e-14
1.14123e-08
-9.96968e-15
5.67027e-09
7.29738e-14
3.05805e-13
4.57196e-09
-9.06113e-14
-1.67735e-13
9.93154e-09
-5.05205e-14
7.32542e-14
1.25269e-08
-1.51436e-13
4.03565e-14
1.36861e-08
-7.23499e-15
-1.04805e-13
1.41631e-08
-1.79701e-14
1.20008e-14
1.4163e-08
1.20759e-13
3.4893e-13
1.36862e-08
-1.08535e-13
4.05239e-13
1.25269e-08
-3.76647e-13
9.9091e-14
9.93142e-09
-3.16761e-13
4.57177e-09
-7.13183e-14
2.45151e-13
2.82287e-09
-6.88659e-13
2.88406e-13
7.10606e-09
-1.63942e-13
1.91247e-13
9.96806e-09
-7.75386e-14
-2.78312e-13
1.15229e-08
8.6233e-15
-3.92422e-13
1.21893e-08
1.97964e-13
-1.06968e-13
1.21893e-08
5.43153e-13
-1.11199e-14
1.1523e-08
7.49303e-13
3.95657e-13
9.96805e-09
3.23427e-13
6.77574e-13
7.10605e-09
2.90211e-14
2.8228e-09
2.0464e-13
3.66727e-13
1.16359e-09
-8.88258e-14
5.25216e-13
3.62366e-09
2.12548e-13
-1.67145e-13
6.03557e-09
-3.53995e-14
-5.32739e-13
7.80575e-09
7.12055e-14
-2.07309e-13
8.69872e-09
2.29825e-16
-2.96134e-13
8.69869e-09
1.14239e-13
-4.51273e-13
7.80577e-09
4.51559e-13
7.43301e-14
6.03571e-09
3.42544e-13
7.08537e-13
3.62378e-09
2.6319e-13
1.16358e-09
2.36523e-13
2.02873e-10
9.03154e-13
8.6132e-10
8.62801e-13
1.83644e-09
6.29067e-13
2.7762e-09
-3.49045e-14
3.34311e-09
-4.82934e-13
3.34312e-09
-9.21783e-13
2.77617e-09
-1.06487e-12
1.83647e-09
-9.02531e-14
8.61356e-10
2.02879e-10
-5.26408e-13
6.40334e-13
2.02876e-10
-7.18136e-14
-6.93832e-13
8.61321e-10
-4.80306e-13
5.90682e-13
1.83637e-09
-4.59289e-13
-4.45286e-14
2.77611e-09
-1.5401e-13
-4.53423e-13
3.34293e-09
6.35691e-13
-2.73858e-13
3.34294e-09
4.08288e-13
9.94906e-14
2.77605e-09
-8.71132e-14
7.92476e-13
1.83638e-09
6.0619e-13
-4.86741e-13
8.61343e-10
4.88364e-13
2.02883e-10
-5.06918e-13
1.25559e-12
1.16361e-09
-7.89245e-13
3.01043e-14
3.62384e-09
-8.2129e-13
8.88893e-13
6.0355e-09
-4.44864e-13
-7.66092e-13
7.80568e-09
7.42811e-14
-8.34907e-13
8.69856e-09
4.05555e-13
-6.58582e-13
8.69854e-09
1.11308e-12
-4.04253e-13
7.80564e-09
1.00707e-12
1.14283e-12
6.03546e-09
2.71394e-13
-1.31274e-13
3.62388e-09
7.93803e-13
1.16368e-09
5.36026e-13
1.04267e-12
2.82278e-09
5.20656e-14
5.8274e-14
7.10615e-09
-9.50969e-14
6.94075e-13
9.96802e-09
-7.0403e-14
-9.60871e-13
1.1523e-08
-2.80617e-13
-4.61595e-13
1.21892e-08
-3.91483e-13
-2.40293e-13
1.21891e-08
-2.68234e-13
-6.02414e-13
1.15229e-08
-3.52234e-13
1.1061e-12
9.9681e-09
-5.54113e-13
-8.11652e-15
7.10627e-09
3.25295e-13
2.82285e-09
2.91514e-13
6.31616e-13
4.57185e-09
4.6732e-13
3.32919e-14
9.93142e-09
6.21514e-13
4.74584e-13
1.25269e-08
2.96874e-13
-3.34132e-13
1.36861e-08
4.00721e-14
-1.34986e-13
1.4163e-08
-4.59853e-13
-1.40565e-13
1.41629e-08
-6.62337e-13
-3.82952e-13
1.36861e-08
-5.2691e-13
3.99975e-13
1.2527e-08
-7.87858e-14
-2.28056e-13
9.93142e-09
-2.79171e-14
4.57188e-09
3.46195e-13
2.92045e-13
5.67038e-09
1.64394e-13
1.88344e-13
1.14122e-08
3.01714e-13
3.00795e-13
1.37321e-08
8.3053e-14
-1.6097e-13
1.47023e-08
1.10768e-13
-5.97624e-14
1.51132e-08
-1.8959e-13
-3.36674e-14
1.51131e-08
-1.1329e-13
-2.1824e-13
1.47023e-08
-2.4579e-14
6.29645e-14
1.37321e-08
-2.07966e-13
-4.66126e-13
1.14123e-08
-4.8611e-13
5.67041e-09
3.12926e-13
-1.4282e-13
5.67035e-09
3.9938e-13
3.16625e-13
1.14122e-08
3.26971e-13
1.66365e-13
1.3732e-08
5.68458e-14
-7.0037e-14
1.47022e-08
6.80899e-15
1.35944e-13
1.51132e-08
-1.75632e-13
7.86812e-14
1.51132e-08
-1.88775e-13
1.47869e-15
1.47023e-08
-2.18612e-13
8.20053e-14
1.37321e-08
-2.007e-13
-1.33365e-13
1.14123e-08
-7.836e-13
5.67048e-09
6.18719e-14
-2.34133e-13
4.57183e-09
6.78172e-13
4.05915e-14
9.93139e-09
6.61737e-13
1.80581e-13
1.25268e-08
3.91344e-13
1.0071e-13
1.36862e-08
1.44396e-14
2.36164e-13
1.4163e-08
-1.78471e-13
3.40954e-13
1.4163e-08
-5.00322e-13
3.06733e-13
1.36862e-08
-5.54631e-13
3.1592e-13
1.25269e-08
-2.44784e-13
-4.41426e-13
9.9314e-09
-9.21379e-13
4.57189e-09
3.37767e-13
-4.55824e-13
2.82276e-09
4.69888e-13
-5.47229e-13
7.10617e-09
2.7566e-13
2.7184e-13
9.96805e-09
6.42849e-14
4.9946e-14
1.1523e-08
4.44209e-14
1.83867e-13
1.21892e-08
1.70482e-13
4.98701e-13
1.21892e-08
2.65007e-13
2.7311e-13
1.1523e-08
-9.18943e-14
2.68704e-13
9.96806e-09
-1.32748e-13
-6.02395e-13
7.10618e-09
-1.2705e-12
2.82279e-09
-1.28523e-13
-5.28898e-13
1.16363e-09
-3.98842e-13
-6.06775e-14
3.62395e-09
-6.3862e-13
3.18386e-13
6.0356e-09
-4.31015e-13
-1.01746e-13
7.8057e-09
2.29262e-13
1.20386e-13
8.69851e-09
7.29423e-13
1.29902e-13
8.69854e-09
1.3988e-12
-3.12039e-15
7.80572e-09
1.36239e-12
1.58554e-13
6.0356e-09
6.42469e-13
1.64112e-13
3.62389e-09
-6.00551e-13
1.1636e-09
-3.75942e-13
2.02898e-10
-3.53798e-13
8.61354e-10
-3.59618e-13
1.83642e-09
-4.25125e-13
2.77606e-09
-1.34192e-13
3.34296e-09
2.50528e-13
3.34296e-09
1.10911e-13
2.77609e-09
4.39162e-13
1.83642e-09
4.51293e-13
8.61349e-10
2.02895e-10
-5.42355e-13
9.12391e-13
2.02884e-10
-1.00105e-13
-7.11083e-13
8.6136e-10
-1.22179e-13
3.80891e-13
1.83643e-09
-3.7267e-13
6.70248e-14
2.77609e-09
-3.97753e-13
-4.00665e-13
3.34296e-09
-2.03296e-13
-1.42402e-13
3.34298e-09
-1.40522e-13
4.3329e-13
2.77607e-09
-6.05213e-13
2.9586e-13
1.83642e-09
4.81885e-13
-8.70563e-13
8.61332e-10
2.94788e-13
2.02885e-10
-8.70766e-13
9.35989e-13
1.16358e-09
-7.27074e-13
-1.12747e-13
3.62386e-09
-6.77904e-13
-1.72962e-13
6.03562e-09
-1.85448e-13
-2.8256e-13
7.80574e-09
2.01248e-13
-6.20789e-13
8.69854e-09
4.76642e-13
-4.54954e-13
8.69855e-09
6.76495e-13
3.76198e-14
7.80568e-09
5.5255e-13
-5.6946e-15
6.03564e-09
-8.96914e-15
-2.80932e-13
3.62384e-09
3.37218e-13
1.16359e-09
1.09886e-13
7.56461e-13
2.82278e-09
-1.17682e-13
8.99079e-14
7.10617e-09
7.85355e-14
-5.68524e-13
9.96811e-09
2.04498e-13
-5.00822e-13
1.1523e-08
-1.17543e-13
-3.1164e-13
1.21892e-08
-4.85883e-13
-2.55546e-13
1.21893e-08
-2.75222e-13
-1.63344e-13
1.1523e-08
1.50313e-13
-5.67045e-14
9.96805e-09
-9.78609e-14
-4.41219e-14
7.10609e-09
3.79288e-14
2.82275e-09
3.73314e-13
6.6215e-13
4.57188e-09
4.30837e-13
-2.99141e-13
9.93152e-09
4.15103e-13
-2.29903e-13
1.25269e-08
1.21038e-13
-1.96702e-13
1.36862e-08
-1.31871e-13
6.33966e-14
1.4163e-08
-4.02806e-13
-1.16353e-14
1.4163e-08
-6.39144e-13
-1.19604e-13
1.36862e-08
-3.57225e-13
9.36047e-14
1.25269e-08
-1.1181e-13
-3.63401e-13
9.93145e-09
3.40508e-13
4.57191e-09
2.13812e-13
3.39559e-13
5.67049e-09
3.57579e-13
-2.90069e-13
1.14124e-08
3.15021e-13
2.7058e-15
1.3732e-08
1.48448e-13
-3.33879e-13
1.47023e-08
1.30731e-13
4.78641e-14
1.51132e-08
7.03369e-14
-1.01305e-13
1.51131e-08
-1.67509e-13
-1.61812e-13
1.47023e-08
-2.9127e-13
1.30323e-13
1.37321e-08
-1.85916e-13
-5.57631e-13
1.14123e-08
-2.2467e-16
5.67042e-09
2.74798e-13
2.0597e-13
5.67047e-09
4.80354e-13
-4.47506e-13
1.14124e-08
3.43348e-13
3.52572e-13
1.3732e-08
2.8384e-13
-1.70228e-13
1.47023e-08
1.29461e-13
2.55554e-14
1.51132e-08
1.61822e-13
6.53316e-14
1.51131e-08
-1.58966e-13
-1.83042e-14
1.47023e-08
-1.37601e-13
3.36077e-13
1.37321e-08
4.13264e-14
-8.46995e-13
1.14124e-08
-9.41381e-14
5.67043e-09
1.88319e-13
-7.8243e-14
4.57192e-09
5.93684e-13
-1.28002e-12
9.93149e-09
7.21201e-13
5.60351e-13
1.25269e-08
4.11483e-13
1.88297e-13
1.36862e-08
2.12758e-13
1.91708e-13
1.4163e-08
-5.36e-14
3.6549e-13
1.4163e-08
-5.47209e-13
4.63228e-13
1.36862e-08
-7.45313e-13
5.93119e-13
1.25269e-08
-1.44915e-13
-1.36339e-12
9.93152e-09
3.34638e-15
4.57191e-09
3.74658e-13
-2.60193e-13
2.8228e-09
6.90697e-14
-1.21568e-12
7.10609e-09
2.773e-13
6.29965e-13
9.96803e-09
2.36366e-15
2.35455e-13
1.1523e-08
1.33272e-13
3.80093e-13
1.21892e-08
7.02124e-15
5.29396e-13
1.21892e-08
-1.45022e-13
5.27111e-13
1.1523e-08
-2.24405e-13
7.87712e-13
9.96811e-09
-5.18476e-13
-1.27442e-12
7.10615e-09
-7.23637e-13
2.82277e-09
2.16364e-14
-3.10171e-13
1.16363e-09
-7.005e-13
-1.42401e-13
3.62381e-09
-5.09472e-13
2.72315e-13
6.03559e-09
-2.25365e-13
-9.92611e-14
7.80564e-09
1.20584e-13
8.57479e-14
8.69851e-09
5.25969e-13
2.25232e-13
8.69855e-09
1.03735e-12
5.47697e-14
7.80565e-09
1.32098e-12
4.74506e-13
6.03565e-09
2.69248e-13
3.42506e-14
3.62382e-09
-4.05474e-13
1.16362e-09
-6.19932e-13
2.02883e-10
-6.64193e-13
8.61337e-10
-3.47779e-13
1.83641e-09
-2.92318e-13
2.77608e-09
-4.67995e-14
3.34296e-09
1.35175e-13
3.34294e-09
-8.26941e-14
2.77604e-09
4.02044e-13
1.83641e-09
3.78717e-13
8.61326e-10
2.02883e-10
-4.20379e-13
6.57185e-13
2.02895e-10
-2.27868e-13
-7.35658e-13
8.61323e-10
-1.7372e-13
2.96611e-13
1.83638e-09
-3.0059e-13
2.10065e-13
2.77601e-09
-1.43455e-13
-2.98568e-13
3.34296e-09
-5.84444e-14
-8.18951e-14
3.34297e-09
-5.47731e-14
2.44766e-13
2.77605e-09
-4.28678e-13
2.41218e-13
1.8364e-09
1.61735e-13
-8.46615e-13
8.61344e-10
1.89916e-13
2.02882e-10
-6.20943e-13
1.13766e-12
1.1636e-09
-9.38306e-13
2.89896e-14
3.62393e-09
-5.74331e-13
-3.35555e-14
6.03561e-09
-4.59248e-14
-2.5256e-13
7.80553e-09
4.13035e-13
-7.10592e-13
8.69846e-09
6.42595e-13
-3.83507e-13
8.69845e-09
1.11508e-12
-3.14116e-13
7.80562e-09
1.31806e-12
2.27623e-13
6.03566e-09
2.89475e-13
2.24188e-13
3.62393e-09
4.23689e-13
1.16365e-09
1.32212e-13
1.13783e-12
2.82277e-09
-1.55447e-14
5.71453e-13
7.10603e-09
-6.01701e-14
-4.49517e-13
9.96803e-09
1.14164e-13
-4.26667e-13
1.15229e-08
3.36183e-14
-4.08305e-13
1.21892e-08
-1.5211e-13
-1.06022e-13
1.21892e-08
1.69681e-13
-3.00236e-13
1.1523e-08
3.29477e-13
3.65282e-15
9.96813e-09
1.81237e-13
5.50587e-13
7.10615e-09
4.79897e-13
2.82272e-09
2.77655e-13
7.56684e-13
4.57192e-09
4.81461e-13
2.98196e-13
9.93138e-09
5.06924e-13
-3.88802e-14
1.25268e-08
1.28256e-15
-2.54049e-13
1.36862e-08
-1.86692e-13
-9.53536e-14
1.41629e-08
-4.49195e-13
-7.80086e-14
1.41629e-08
-6.55215e-13
-2.72447e-13
1.36862e-08
-5.45773e-13
8.21526e-14
1.25268e-08
-4.3842e-15
-7.68475e-14
9.93153e-09
4.44168e-13
4.57191e-09
2.59857e-13
2.87412e-13
5.67034e-09
3.83773e-13
-1.23766e-13
1.14124e-08
6.0236e-14
-5.01223e-14
1.37319e-08
-1.03793e-13
-1.76214e-13
1.47023e-08
-7.34924e-14
5.28667e-14
1.51131e-08
6.6619e-14
1.35952e-13
1.51131e-08
-1.21064e-13
-1.70275e-13
1.47023e-08
-4.72464e-13
2.05236e-13
1.37319e-08
-2.80899e-13
-3.08923e-13
1.14124e-08
1.66714e-13
5.67038e-09
2.30826e-13
1.42248e-13
5.67038e-09
4.20436e-13
-3.54992e-13
1.14124e-08
3.15501e-13
3.82054e-13
1.3732e-08
2.96084e-13
-7.80427e-14
1.47023e-08
4.79546e-14
-1.54075e-13
1.51131e-08
6.48846e-14
1.73364e-13
1.51131e-08
-1.7528e-13
-6.53355e-14
1.47023e-08
-4.45221e-13
4.70873e-13
1.3732e-08
-1.16912e-13
-6.106e-13
1.14124e-08
3.31285e-14
5.67044e-09
4.59337e-14
8.66805e-14
4.57189e-09
5.61081e-13
-1.16649e-12
9.93146e-09
4.98622e-13
5.26856e-13
1.25268e-08
1.6012e-13
3.07361e-13
1.36862e-08
1.16304e-13
2.47272e-13
1.4163e-08
-1.64799e-13
3.31017e-13
1.4163e-08
-5.35025e-13
2.81165e-13
1.36861e-08
-8.52501e-13
6.02773e-13
1.25268e-08
-2.05303e-13
-1.3701e-12
9.93151e-09
-9.29882e-14
4.57196e-09
2.88443e-13
-1.40658e-13
2.82274e-09
5.77201e-13
-7.75632e-13
7.1062e-09
4.23121e-13
5.13152e-13
9.96821e-09
8.78265e-14
2.94476e-13
1.1523e-08
9.33879e-14
3.55077e-13
1.21892e-08
-2.31831e-13
4.02726e-13
1.21892e-08
-2.80641e-13
3.79377e-13
1.15231e-08
-5.48311e-13
8.46466e-13
9.96815e-09
-6.74227e-13
-1.14702e-12
7.10614e-09
-6.17114e-13
2.82273e-09
3.39509e-13
-4.54028e-13
1.16362e-09
-6.79014e-13
-2.37593e-13
3.62401e-09
-4.57709e-13
2.82324e-13
6.03581e-09
-1.83234e-13
1.25744e-14
7.80567e-09
1.27361e-14
9.21206e-14
8.69847e-09
3.55838e-13
8.86145e-14
8.69846e-09
9.17148e-13
-1.39189e-13
7.80559e-09
1.11075e-12
5.07371e-13
6.03569e-09
3.47079e-13
1.26571e-13
3.62393e-09
-6.03533e-13
1.16363e-09
-4.96775e-13
2.02899e-10
-5.55574e-13
8.61357e-10
-3.10844e-14
1.83639e-09
-8.0263e-14
2.77598e-09
-1.94335e-13
3.34295e-09
-4.77917e-14
3.34293e-09
5.4237e-15
2.77603e-09
4.77339e-13
1.83641e-09
4.90799e-13
8.61326e-10
2.02887e-10
-4.36002e-13
2.25625e-13
2.02897e-10
3.89333e-13
-7.2518e-13
8.61369e-10
2.50041e-13
3.04672e-14
1.83652e-09
2.17121e-14
3.06591e-13
2.7761e-09
-1.12293e-14
-1.83919e-13
3.34301e-09
7.42089e-14
-1.46384e-13
3.343e-09
-6.63748e-14
3.08889e-13
2.77605e-09
-4.26356e-13
2.40543e-13
1.83648e-09
1.89256e-13
-7.69978e-13
8.61336e-10
2.53664e-13
2.0289e-10
-1.72548e-13
8.93428e-13
1.16364e-09
-7.51738e-13
-3.96903e-13
3.62373e-09
-2.53575e-13
-4.0042e-13
6.03573e-09
-9.02991e-14
1.18455e-13
7.80572e-09
-2.96222e-13
-1.14344e-13
8.69864e-09
-4.11002e-13
-4.83103e-14
8.69865e-09
-3.1008e-13
6.56245e-14
7.80577e-09
-2.21617e-13
-4.38838e-13
6.03577e-09
-2.06542e-13
-5.39159e-13
3.62373e-09
1.40099e-13
1.16354e-09
1.01658e-13
3.4784e-13
2.82277e-09
-6.23517e-13
7.4819e-14
7.10609e-09
-3.1846e-13
-3.33476e-13
9.96806e-09
8.04105e-14
-3.0791e-13
1.1523e-08
-1.49477e-13
-2.00442e-13
1.21892e-08
-6.80821e-14
-2.62687e-14
1.21892e-08
1.56465e-13
-3.89997e-13
1.1523e-08
5.75631e-13
-4.4973e-13
9.96799e-09
1.66818e-13
-1.98313e-13
7.10606e-09
3.33632e-13
2.82276e-09
2.49488e-13
4.61879e-13
4.57178e-09
4.85032e-13
-6.14348e-14
9.93154e-09
1.93694e-13
-2.56623e-13
1.25267e-08
-6.99873e-14
-2.22449e-13
1.36863e-08
-1.73426e-14
1.66425e-13
1.4163e-08
-2.63527e-13
6.66834e-14
1.4163e-08
-2.03798e-13
-1.78927e-13
1.36862e-08
-3.74498e-13
-3.03622e-13
1.25266e-08
-1.56991e-13
-2.69489e-13
9.93145e-09
3.67242e-13
4.57177e-09
6.09893e-14
3.88323e-13
5.67038e-09
2.92785e-13
-3.18675e-13
1.14125e-08
1.79201e-13
-6.76332e-14
1.37318e-08
-4.65878e-14
-2.72058e-13
1.47024e-08
1.07733e-13
4.66493e-14
1.51131e-08
1.77761e-13
1.42768e-13
1.51131e-08
-1.73153e-13
-1.96214e-13
1.47023e-08
-3.71808e-13
2.20917e-13
1.37319e-08
-1.60351e-13
-2.70935e-13
1.14124e-08
2.697e-13
5.67038e-09
1.70208e-13
3.10078e-13
5.67036e-09
2.80146e-13
-7.89582e-13
1.14125e-08
3.30565e-13
5.58595e-13
1.37319e-08
8.7151e-14
8.24306e-14
1.47023e-08
5.10369e-14
9.9763e-14
1.51131e-08
-1.10052e-14
1.22225e-13
1.51132e-08
-1.5107e-13
3.06764e-14
1.47023e-08
-2.44324e-13
5.17464e-13
1.37318e-08
-1.08071e-13
-7.13933e-13
1.14124e-08
1.07854e-13
5.6703e-09
5.43041e-13
-2.07509e-13
4.57185e-09
9.51044e-13
-1.33561e-12
9.93156e-09
4.25883e-13
9.83552e-13
1.25268e-08
1.91229e-13
4.09577e-13
1.36862e-08
-6.09865e-14
8.32562e-14
1.41629e-08
-1.40582e-13
1.79615e-13
1.4163e-08
-3.57915e-13
3.77122e-13
1.36863e-08
-7.74342e-13
9.29223e-13
1.25267e-08
-3.57167e-13
-9.03341e-13
9.93144e-09
6.96667e-14
4.57177e-09
5.33797e-13
-6.16729e-13
2.82284e-09
-1.18841e-13
-8.65901e-13
7.10608e-09
-5.18095e-13
1.13065e-12
9.96798e-09
-1.7387e-13
2.50421e-13
1.15229e-08
-2.79576e-16
7.29859e-14
1.21892e-08
-2.79834e-14
2.55902e-13
1.21892e-08
1.71387e-13
2.49286e-13
1.1523e-08
6.19629e-14
1.16256e-12
9.96805e-09
-3.36841e-13
-5.51548e-13
7.10603e-09
-4.56936e-13
2.82278e-09
-4.43158e-13
-4.7486e-13
1.1636e-09
-9.0621e-13
1.82285e-13
3.62362e-09
-3.09161e-13
7.0139e-13
6.03557e-09
1.56948e-13
-2.53903e-13
7.80572e-09
3.2454e-14
-5.54436e-14
8.69865e-09
-2.08228e-13
1.06696e-15
8.69868e-09
-7.06128e-14
-2.32245e-13
7.8058e-09
5.02353e-13
4.61258e-13
6.03573e-09
-9.2655e-14
1.28868e-13
3.62369e-09
-2.85078e-13
1.16358e-09
-2.7101e-13
2.02873e-10
3.96116e-14
8.61313e-10
3.17423e-13
1.83649e-09
3.52342e-13
2.77615e-09
-5.69803e-14
3.34298e-09
9.21639e-14
3.343e-09
-1.34129e-13
2.77611e-09
2.04443e-13
1.83647e-09
2.49637e-13
8.61356e-10
2.02891e-10
-7.26834e-13
9.06373e-13
2.02871e-10
-7.50153e-13
-6.45958e-13
8.61307e-10
-8.89513e-13
6.70663e-13
1.83631e-09
-6.05584e-13
-1.32865e-13
2.77599e-09
-8.70992e-15
-2.76883e-13
3.34286e-09
3.14442e-13
-4.25685e-13
3.34287e-09
5.14791e-13
3.20371e-14
2.77601e-09
1.35593e-13
7.76778e-13
1.83634e-09
5.1023e-13
-4.96182e-13
8.61304e-10
6.5322e-13
2.0288e-10
-6.22218e-13
1.39079e-12
1.16362e-09
-1.06399e-12
1.07331e-13
3.62397e-09
-1.34467e-12
8.04051e-13
6.03551e-09
-3.86975e-13
-7.16658e-13
7.80551e-09
-1.3347e-13
-7.78294e-13
8.69837e-09
5.74986e-13
-8.09468e-13
8.69836e-09
1.49657e-12
-5.31967e-13
7.80555e-09
1.29556e-12
1.22788e-12
6.03543e-09
3.95102e-13
-4.23805e-14
3.6239e-09
9.42188e-13
1.16367e-09
2.24819e-13
1.15348e-12
2.82277e-09
9.54007e-14
7.8114e-14
7.10622e-09
5.71436e-14
7.94901e-13
9.96807e-09
1.59613e-13
-7.48809e-13
1.15229e-08
-3.48841e-13
-5.34494e-13
1.21891e-08
-3.01126e-13
-4.19299e-13
1.21891e-08
-2.02443e-14
-6.95293e-13
1.15229e-08
-2.96083e-13
1.08161e-12
9.96812e-09
-3.90244e-13
8.77027e-14
7.1063e-09
2.18827e-13
2.8228e-09
1.52176e-13
8.13635e-13
4.57194e-09
5.49792e-13
-5.6297e-14
9.93144e-09
6.32301e-13
3.32067e-13
1.25269e-08
2.72738e-13
-4.42014e-13
1.36861e-08
3.41389e-14
-1.09658e-13
1.41629e-08
-2.8593e-13
-5.5579e-14
1.4163e-08
-5.17139e-13
-2.70763e-13
1.36861e-08
-3.87527e-13
6.49478e-13
1.2527e-08
1.05853e-13
6.06723e-15
9.93155e-09
2.63578e-13
4.57202e-09
3.05589e-13
3.15527e-13
5.6704e-09
3.91659e-13
1.21342e-13
1.14123e-08
3.05282e-13
1.9838e-13
1.3732e-08
2.0058e-13
-2.15598e-13
1.47023e-08
6.29486e-14
4.24418e-14
1.51131e-08
-1.80924e-13
1.28565e-13
1.51131e-08
-4.27134e-14
-7.98945e-14
1.47023e-08
-1.62089e-14
2.50955e-13
1.37321e-08
-1.58375e-13
-1.23828e-13
1.14124e-08
-2.142e-13
5.67043e-09
3.5293e-13
-5.8605e-14
5.67041e-09
4.80251e-13
3.03842e-13
1.14122e-08
1.44578e-13
-4.31141e-14
1.3732e-08
1.80077e-13
-7.87284e-14
1.47023e-08
-3.50275e-14
9.33325e-14
1.51131e-08
-2.15862e-13
2.21727e-13
1.51131e-08
-1.87267e-13
6.47493e-14
1.47022e-08
-3.58442e-13
2.71214e-14
1.3732e-08
-2.65474e-13
-2.41124e-13
1.14124e-08
-8.08213e-13
5.67048e-09
9.703e-14
-1.40488e-13
4.5719e-09
5.41566e-13
-1.2904e-13
9.93139e-09
5.48702e-13
-3.35184e-14
1.25268e-08
4.36307e-13
1.76382e-13
1.36862e-08
3.16021e-13
3.34152e-13
1.41629e-08
-9.03838e-14
4.32834e-13
1.41629e-08
-6.56558e-13
3.41979e-13
1.36861e-08
-8.37461e-13
1.65109e-13
1.25268e-08
-2.78837e-13
-6.25397e-13
9.93147e-09
-1.03376e-12
4.572e-09
3.04646e-13
-2.64786e-13
2.82273e-09
5.26841e-13
-5.3245e-13
7.10619e-09
3.11231e-13
1.48163e-13
9.9681e-09
3.14178e-13
2.46379e-13
1.1523e-08
2.21329e-13
2.52216e-13
1.21892e-08
-2.22238e-15
5.49847e-13
1.21891e-08
-8.32659e-14
6.31512e-13
1.15229e-08
-2.38292e-13
4.02203e-13
9.96804e-09
-2.28045e-13
-9.70058e-13
7.10617e-09
-1.40689e-12
2.82277e-09
7.44492e-14
-4.3324e-13
1.16361e-09
-6.63199e-13
-1.78037e-13
3.62403e-09
-6.27528e-13
1.199e-13
6.03572e-09
-3.83709e-13
-3.43278e-14
7.80564e-09
2.58408e-13
-9.38855e-15
8.69845e-09
7.31956e-13
3.95578e-14
8.69835e-09
1.36918e-12
8.09416e-15
7.80551e-09
1.90719e-12
2.45453e-13
6.03553e-09
7.82514e-13
-3.76228e-14
3.62395e-09
-5.08409e-13
1.16364e-09
-3.69126e-13
2.02888e-10
-4.59106e-13
8.61336e-10
-8.31335e-14
1.83636e-09
-2.16033e-13
2.77599e-09
2.43036e-14
3.34292e-09
9.89343e-14
3.3429e-09
1.80557e-13
2.77601e-09
8.21295e-13
1.83636e-09
5.93739e-13
8.61322e-10
2.02882e-10
-1.24554e-13
5.14732e-13
2.02893e-10
6.60118e-13
-1.11408e-12
8.6136e-10
6.22194e-13
3.05118e-13
1.83647e-09
1.26408e-13
1.91652e-13
2.7761e-09
2.03937e-13
-1.77832e-13
3.34298e-09
-8.92105e-14
-1.17855e-13
3.34296e-09
-2.33682e-13
4.19787e-13
2.77607e-09
-8.64286e-13
1.3114e-13
1.83644e-09
2.31408e-14
-1.07261e-12
8.61334e-10
-1.13987e-14
2.02877e-10
-4.5742e-13
4.29081e-13
1.16358e-09
-4.91878e-13
-4.55516e-13
3.62381e-09
-2.17854e-13
-2.70921e-13
6.03572e-09
-1.60579e-13
-1.33343e-13
7.80575e-09
-3.05361e-13
-1.67015e-13
8.69862e-09
-4.86256e-13
-1.52915e-13
8.69859e-09
-5.47414e-13
1.78499e-13
7.80573e-09
-7.6586e-14
-1.64126e-13
6.03562e-09
-9.76059e-14
-8.21686e-13
3.62375e-09
-6.21904e-15
1.16357e-09
1.84045e-13
4.39541e-13
2.82274e-09
-4.33296e-13
2.08828e-13
7.1062e-09
-1.59481e-13
-2.51744e-13
9.96812e-09
1.23544e-13
-4.30456e-13
1.15229e-08
-2.27895e-13
-3.15819e-13
1.21892e-08
-1.16575e-13
-1.38931e-13
1.21891e-08
3.3753e-13
-1.51506e-13
1.15229e-08
6.75185e-13
-3.34565e-13
9.96799e-09
4.59557e-13
-1.03404e-13
7.10613e-09
4.38454e-13
2.82282e-09
2.75769e-13
5.67576e-13
4.57179e-09
4.24368e-13
-1.8502e-13
9.9315e-09
2.38976e-13
-2.5038e-13
1.25268e-08
1.47474e-13
-1.76203e-13
1.36861e-08
-3.21182e-14
-5.91501e-14
1.4163e-08
-1.34643e-13
1.63963e-14
1.4163e-08
-1.0824e-13
-5.40165e-14
1.36862e-08
-4.55019e-13
-3.43539e-13
1.25268e-08
-1.07599e-13
-2.99425e-13
9.93144e-09
3.13201e-13
4.57182e-09
7.00415e-14
3.78595e-13
5.67037e-09
3.02674e-13
-3.65913e-13
1.14123e-08
2.11904e-13
7.26496e-14
1.37319e-08
7.30258e-14
-1.68348e-14
1.47023e-08
2.0742e-14
5.62819e-14
1.51131e-08
-5.33935e-15
2.22859e-14
1.51131e-08
-2.20645e-13
-2.23229e-13
1.47023e-08
-2.48825e-13
1.60635e-13
1.37319e-08
-1.76634e-13
-1.6806e-13
1.14123e-08
2.64444e-13
5.6704e-09
-2.15126e-14
4.67687e-13
5.67038e-09
3.60137e-13
-8.25569e-13
1.14123e-08
3.41848e-13
2.88524e-13
1.37319e-08
6.51457e-15
-8.59982e-14
1.47022e-08
-3.1985e-14
-4.39273e-14
1.51131e-08
1.1095e-14
7.5456e-14
1.51131e-08
-1.28879e-13
-7.48208e-17
1.47022e-08
-2.66098e-13
3.26449e-13
1.37319e-08
-8.03292e-14
-4.62758e-13
1.14123e-08
2.80742e-13
5.67036e-09
2.84735e-13
1.15417e-13
4.57185e-09
8.47921e-13
-1.30223e-12
9.93149e-09
6.25151e-13
6.3398e-13
1.25268e-08
1.02586e-13
2.45054e-13
1.36862e-08
1.18399e-15
1.34894e-13
1.4163e-08
-8.70643e-14
2.6214e-13
1.4163e-08
-5.08129e-13
2.34312e-13
1.36862e-08
-8.42824e-13
7.71652e-13
1.25268e-08
-3.40708e-13
-7.74807e-13
9.93139e-09
1.78275e-13
4.57178e-09
4.61997e-13
-3.84556e-13
2.8228e-09
-1.43401e-13
-9.54065e-13
7.10612e-09
-2.97103e-13
7.07088e-13
9.96803e-09
-2.3114e-14
2.07013e-13
1.15229e-08
5.89503e-14
6.39234e-14
1.21892e-08
1.11231e-14
8.21504e-14
1.21892e-08
9.59571e-14
1.90043e-13
1.1523e-08
-4.86685e-14
9.34694e-13
9.96806e-09
-5.09791e-13
-3.45595e-13
7.10612e-09
-1.33669e-13
2.82278e-09
-2.12559e-13
-4.58728e-13
1.1636e-09
-8.83886e-13
-3.39431e-14
3.62369e-09
-2.37811e-13
4.13093e-13
6.03557e-09
4.149e-16
-1.5256e-13
7.80568e-09
-4.80478e-14
-4.533e-14
8.69861e-09
-9.62237e-14
6.01404e-14
8.69865e-09
3.93397e-14
-9.76891e-14
7.80575e-09
5.15506e-13
4.92673e-13
6.0357e-09
-3.6933e-14
2.1129e-13
3.62376e-09
-2.51111e-13
1.16354e-09
-1.7735e-13
2.02889e-10
1.39024e-14
8.61322e-10
2.10419e-13
1.83645e-09
4.06835e-14
2.77613e-09
7.65784e-14
3.34299e-09
-1.84769e-14
3.34299e-09
-3.10815e-13
2.7761e-09
1.09924e-14
1.83648e-09
7.12797e-14
8.61357e-10
2.02886e-10
-7.66493e-13
9.13591e-13
2.02896e-10
-4.243e-13
-5.89694e-13
8.61319e-10
-2.74975e-13
4.65389e-13
1.83643e-09
-3.4711e-13
2.00692e-13
2.77598e-09
-2.92235e-13
-1.93981e-13
3.34298e-09
-5.21075e-14
-1.4697e-13
3.34297e-09
-2.31143e-13
3.92353e-13
2.77604e-09
-5.19309e-13
3.66847e-13
1.83644e-09
1.57572e-13
-8.93488e-13
8.61328e-10
4.23481e-13
2.02892e-10
-5.74875e-13
1.28818e-12
1.16362e-09
-1.04489e-12
8.17573e-14
3.62391e-09
-9.69751e-13
-2.50149e-13
6.03578e-09
-1.34888e-13
-7.39032e-14
7.80558e-09
7.74456e-15
-3.46854e-13
8.6985e-09
3.72813e-13
-4.38103e-13
8.69852e-09
6.61783e-13
-1.02197e-13
7.80562e-09
7.31055e-13
5.2698e-14
6.0358e-09
-2.76555e-14
-2.25857e-13
3.62388e-09
2.66328e-13
1.16359e-09
3.33146e-13
9.45889e-13
2.82278e-09
-3.71449e-14
2.76793e-13
7.1061e-09
1.4173e-13
-4.03875e-13
9.96812e-09
2.85471e-13
-3.80826e-13
1.15231e-08
-1.38147e-13
-2.60343e-13
1.21892e-08
-2.81026e-13
-1.58917e-13
1.21893e-08
-2.22634e-13
-3.65116e-13
1.15231e-08
4.01457e-14
-2.99225e-13
9.96807e-09
-1.10715e-13
1.04028e-13
7.10605e-09
3.25188e-13
2.82262e-09
3.27281e-13
5.20217e-13
4.57193e-09
5.73596e-13
1.33798e-14
9.9315e-09
5.14095e-13
-1.37815e-13
1.25267e-08
1.69812e-13
-2.4157e-13
1.36863e-08
7.2218e-14
2.22919e-13
1.4163e-08
-3.04613e-13
9.53666e-14
1.4163e-08
-5.62026e-13
-1.90068e-13
1.36862e-08
-4.52954e-13
-1.71909e-13
1.25266e-08
1.50052e-13
-3.4385e-13
9.93151e-09
2.43865e-13
4.57183e-09
2.21841e-13
1.14233e-13
5.67039e-09
4.60797e-13
-1.35714e-13
1.14125e-08
3.19901e-13
3.41036e-13
1.37319e-08
1.98907e-13
-9.15983e-14
1.47023e-08
-2.26518e-15
1.20476e-13
1.51131e-08
-4.58787e-14
1.78797e-13
1.51131e-08
-1.79418e-13
-2.01545e-13
1.47023e-08
-3.99936e-13
7.14784e-14
1.37318e-08
-9.94703e-14
-2.97251e-13
1.14124e-08
2.42173e-14
5.67033e-09
2.05528e-13
1.18332e-14
5.67039e-09
4.25789e-13
-4.68718e-13
1.14125e-08
2.54702e-13
5.5488e-13
1.37319e-08
8.2308e-15
-1.52732e-13
1.47024e-08
2.67887e-14
7.32093e-14
1.51131e-08
-8.89333e-14
8.11264e-14
1.51131e-08
-1.53256e-13
-1.93057e-13
1.47023e-08
-2.13628e-13
2.09767e-13
1.37319e-08
-1.43136e-13
-7.51239e-13
1.14124e-08
2.16474e-13
5.6703e-09
-7.93818e-14
-1.12477e-13
4.57189e-09
4.94597e-13
-1.00751e-12
9.93151e-09
4.10348e-13
5.8592e-13
1.25267e-08
2.28872e-13
1.95573e-13
1.36862e-08
-3.48137e-14
3.32501e-13
1.41629e-08
-3.72948e-13
2.32367e-13
1.4163e-08
-4.84135e-13
3.367e-13
1.36862e-08
-6.37994e-13
5.16355e-13
1.25268e-08
-1.4095e-13
-1.24e-12
9.93159e-09
-1.60081e-14
4.57186e-09
3.45386e-13
-2.44136e-13
2.82279e-09
1.80955e-13
-1.09164e-12
7.10609e-09
4.22343e-13
6.0539e-13
9.96813e-09
2.43494e-13
1.51709e-13
1.1523e-08
-1.0388e-13
4.06122e-13
1.21892e-08
-1.93714e-13
4.77281e-13
1.21893e-08
-1.93419e-13
3.29804e-13
1.1523e-08
-3.34962e-13
6.78689e-13
9.96818e-09
-6.31185e-13
-1.19309e-12
7.10615e-09
-8.87805e-13
2.82278e-09
-8.37162e-14
-2.64872e-13
1.16361e-09
-8.57854e-13
-3.14202e-13
3.62391e-09
-6.85134e-13
2.06166e-13
6.03575e-09
-6.98557e-14
3.84208e-14
7.80563e-09
1.8323e-13
2.02672e-13
8.69849e-09
4.46981e-13
1.20014e-13
8.69852e-09
1.4936e-12
-6.33621e-14
7.80563e-09
1.65823e-12
3.39365e-13
6.03571e-09
4.56135e-13
5.25529e-14
3.6239e-09
-4.91599e-13
1.16369e-09
-6.36941e-13
2.0289e-10
-4.70117e-13
8.6135e-10
-2.02201e-13
1.83643e-09
-3.64042e-13
2.77601e-09
-2.30553e-13
3.34294e-09
4.37356e-14
3.34299e-09
2.23263e-13
2.77604e-09
4.09847e-13
1.83641e-09
8.15702e-13
8.61328e-10
2.02891e-10
-5.40424e-13
-1.46929e-13
2.02878e-10
1.10765e-12
-9.39021e-13
8.61367e-10
1.43288e-13
7.4541e-13
1.83646e-09
-8.1867e-14
3.01581e-13
2.77615e-09
-9.05288e-15
-1.64773e-13
3.34308e-09
2.97237e-13
-3.63611e-14
3.34305e-09
-1.00042e-14
5.09195e-14
2.77617e-09
-4.69529e-13
4.68713e-13
1.83647e-09
3.92232e-13
-7.60142e-13
8.6134e-10
4.74905e-13
2.02881e-10
-1.91234e-13
2.80256e-13
1.16362e-09
-1.53222e-13
-5.36638e-13
3.62377e-09
-5.19755e-13
7.70099e-13
6.03563e-09
-2.02088e-13
-2.72779e-13
7.8058e-09
7.24385e-14
-2.9358e-13
8.69871e-09
-4.4034e-14
-3.4085e-13
8.69864e-09
1.18038e-13
-3.65503e-13
7.80577e-09
4.80946e-14
6.7372e-13
6.03565e-09
-2.67509e-14
-7.08502e-13
3.62378e-09
3.70915e-13
1.16356e-09
1.6543e-14
1.99326e-13
2.82273e-09
-6.07261e-13
-1.27302e-13
7.10616e-09
-6.71894e-13
7.45659e-13
9.96801e-09
-3.09976e-13
-6.66717e-13
1.1523e-08
-2.29818e-13
-4.24421e-13
1.21893e-08
5.0022e-14
-2.59863e-13
1.21893e-08
2.72701e-13
-6.02117e-13
1.15229e-08
3.70147e-13
8.21404e-13
9.96804e-09
-1.1644e-13
-2.02148e-13
7.10616e-09
2.03663e-13
2.8228e-09
2.15883e-13
1.54354e-13
4.57171e-09
3.7159e-13
3.32394e-14
9.93145e-09
4.09416e-13
5.47135e-13
1.25268e-08
6.11929e-14
-3.55944e-13
1.36862e-08
-3.33482e-13
-3.05069e-13
1.4163e-08
-3.68841e-13
4.96712e-15
1.4163e-08
-4.289e-13
-2.36877e-13
1.36862e-08
-2.94488e-13
2.48488e-13
1.25268e-08
-1.73642e-13
-1.41716e-13
9.93138e-09
1.56389e-13
4.57184e-09
1.16771e-13
-1.92275e-13
5.67033e-09
4.84787e-14
-1.28508e-13
1.14123e-08
3.50018e-13
3.30557e-13
1.37319e-08
4.82088e-14
-2.95108e-13
1.47022e-08
1.55492e-13
1.11821e-13
1.51131e-08
-2.82187e-13
-1.79507e-14
1.51131e-08
-3.44559e-13
-2.38176e-13
1.47023e-08
1.18981e-14
2.97906e-13
1.37319e-08
-2.5651e-13
-3.08821e-13
1.14123e-08
-1.7923e-13
5.67042e-09
1.53739e-13
-2.39785e-13
5.67041e-09
1.75307e-13
-1.0829e-14
1.14124e-08
8.3905e-14
2.32824e-13
1.37319e-08
1.1101e-13
-5.80653e-14
1.47022e-08
4.15698e-16
1.14077e-13
1.51131e-08
-3.19069e-13
5.91663e-14
1.51131e-08
-1.02459e-13
-3.65386e-14
1.47023e-08
-3.2042e-13
1.02831e-13
1.37319e-08
-2.75254e-13
-6.36475e-14
1.14123e-08
-6.45055e-13
5.67039e-09
9.6343e-14
-2.62304e-13
4.57194e-09
4.05693e-13
-2.4737e-13
9.93157e-09
6.35006e-14
2.90583e-13
1.25268e-08
7.8059e-14
3.33654e-13
1.36862e-08
9.50503e-15
1.69629e-13
1.4163e-08
-1.9424e-13
1.58193e-13
1.41629e-08
-4.39784e-13
1.60257e-13
1.36861e-08
-4.67302e-13
3.53327e-13
1.25268e-08
-4.57798e-13
-3.74019e-13
9.93146e-09
-8.68976e-13
4.57183e-09
1.60138e-13
-5.07808e-13
2.82289e-09
-1.05091e-13
5.95903e-14
7.10612e-09
-5.17761e-13
5.45192e-13
9.968e-09
-1.67305e-13
1.92415e-13
1.15229e-08
1.00158e-13
2.06633e-13
1.21892e-08
1.77018e-13
9.27668e-14
1.21892e-08
4.8035e-13
-7.85046e-15
1.15229e-08
2.76997e-13
4.80265e-13
9.96799e-09
2.31553e-14
-1.17656e-13
7.10616e-09
-7.47399e-13
2.82281e-09
-1.2579e-13
-1.73549e-13
1.16362e-09
-4.07398e-13
4.75092e-13
3.62368e-09
-1.02474e-13
2.8818e-13
6.03553e-09
2.79208e-13
-1.84182e-13
7.80573e-09
3.05036e-13
-9.93962e-14
8.69863e-09
2.60616e-13
-8.54565e-14
8.6986e-09
5.02649e-14
-3.41548e-13
7.80576e-09
7.16111e-13
3.09107e-13
6.03566e-09
5.09185e-13
4.12281e-13
3.62379e-09
-4.37596e-13
1.16357e-09
-3.04067e-13
2.02888e-10
3.41312e-13
8.61319e-10
6.96075e-13
1.83646e-09
4.62033e-13
2.77614e-09
4.49162e-13
3.34302e-09
3.07657e-13
3.34299e-09
-3.84587e-13
2.77614e-09
4.62123e-13
1.83647e-09
3.88098e-13
8.61334e-10
2.0288e-10
-4.64917e-13
7.70006e-13
2.02884e-10
-4.39733e-13
-7.1622e-13
8.61319e-10
-4.82425e-13
5.08993e-13
1.8364e-09
-2.73164e-13
-2.59895e-13
2.77611e-09
4.15314e-14
-6.07928e-13
3.34296e-09
5.18301e-13
-4.37197e-13
3.34297e-09
5.01642e-13
-1.64052e-14
2.77607e-09
-1.20897e-13
8.31016e-13
1.8364e-09
8.10675e-13
-4.31719e-13
8.6134e-10
4.97956e-13
2.02891e-10
-2.81364e-13
1.34649e-12
1.16356e-09
-1.05414e-12
-3.12379e-13
3.62383e-09
-9.43555e-13
5.709e-13
6.03553e-09
-1.51473e-13
-8.42296e-13
7.80572e-09
3.49223e-13
-8.68669e-13
8.69858e-09
8.95196e-13
-6.83756e-13
8.69858e-09
1.65695e-12
-3.92419e-13
7.80568e-09
1.19763e-12
1.40913e-12
6.03555e-09
2.88503e-13
3.54325e-14
3.62391e-09
9.47968e-13
1.16369e-09
3.58595e-13
6.31657e-13
2.82273e-09
1.89401e-14
7.55006e-14
7.10614e-09
1.49974e-13
6.24476e-13
9.96813e-09
2.72593e-13
-1.06337e-12
1.1523e-08
-1.19323e-13
-7.53077e-13
1.21892e-08
-2.37066e-13
-5.628e-13
1.21892e-08
1.1e-14
-6.25421e-13
1.1523e-08
-1.42575e-13
1.28443e-12
9.96816e-09
-3.59283e-13
2.02503e-13
7.10628e-09
2.18985e-13
2.82285e-09
2.38641e-13
5.54525e-13
4.57188e-09
3.53088e-13
-2.31807e-15
9.9314e-09
3.85243e-13
3.46886e-13
1.25269e-08
1.68161e-13
-4.51161e-13
1.36861e-08
-1.83153e-13
-1.89066e-13
1.4163e-08
-5.9572e-13
-1.63137e-13
1.4163e-08
-6.82884e-13
-1.62581e-13
1.36862e-08
-4.45661e-13
7.34445e-13
1.2527e-08
-1.50108e-13
-2.27146e-13
9.93146e-09
1.47633e-13
4.57191e-09
3.48201e-13
2.67829e-13
5.67035e-09
1.12934e-13
1.94987e-13
1.14122e-08
2.36469e-13
2.92208e-13
1.3732e-08
1.02394e-13
-3.50573e-13
1.47022e-08
-1.88313e-13
-2.01791e-13
1.51131e-08
-1.20337e-13
7.42658e-14
1.51132e-08
-2.01325e-13
-5.33626e-14
1.47022e-08
-1.84894e-13
4.37062e-13
1.37321e-08
-1.45755e-13
-5.30769e-14
1.14123e-08
-2.08151e-13
5.67045e-09
2.41298e-13
-1.04361e-13
5.67043e-09
2.45374e-13
4.95951e-13
1.14122e-08
9.7474e-14
2.84297e-13
1.3732e-08
1.38469e-13
-4.73869e-14
1.47022e-08
2.48793e-14
2.50471e-14
1.51132e-08
-3.18338e-14
1.43063e-13
1.51131e-08
-2.83741e-13
-2.02572e-14
1.47023e-08
-2.88445e-13
4.48961e-13
1.3732e-08
-2.9146e-13
-2.31582e-13
1.14123e-08
-7.62255e-13
5.67046e-09
1.0838e-13
-4.12911e-14
4.57181e-09
5.65155e-13
1.17495e-14
9.93133e-09
5.84894e-13
1.11129e-13
1.25268e-08
4.40218e-13
2.24499e-13
1.36861e-08
2.1204e-14
3.03077e-13
1.41629e-08
-9.5088e-14
4.30212e-13
1.4163e-08
-3.76991e-13
3.7745e-13
1.36861e-08
-6.82236e-13
3.19487e-13
1.25268e-08
-2.13344e-13
-4.52672e-13
9.93141e-09
-9.00881e-13
4.57193e-09
2.52141e-13
-1.39417e-13
2.82271e-09
6.5454e-13
-1.61679e-13
7.10615e-09
4.94499e-13
2.32098e-13
9.96806e-09
2.01449e-13
1.32852e-13
1.1523e-08
-1.01547e-13
3.53068e-13
1.21892e-08
-1.28959e-14
3.31317e-13
1.21892e-08
-8.94377e-15
3.52302e-13
1.1523e-08
-2.22563e-13
6.48559e-13
9.96803e-09
-3.11119e-13
-4.33522e-13
7.10613e-09
-1.2419e-12
2.82276e-09
1.35419e-13
-2.17822e-13
1.16358e-09
-2.61533e-13
5.39246e-14
3.62387e-09
-3.56428e-13
2.22528e-13
6.03563e-09
-5.66177e-14
1.14099e-13
7.80574e-09
-1.40718e-14
6.30186e-14
8.69857e-09
7.09266e-13
2.35822e-13
8.69861e-09
9.27335e-13
-1.49142e-13
7.80575e-09
1.16614e-12
2.66833e-13
6.0356e-09
4.22144e-13
2.05586e-13
3.62384e-09
-5.55845e-13
1.16358e-09
-4.70023e-13
2.02875e-10
-2.77241e-13
8.61347e-10
-1.13652e-13
1.8364e-09
-2.26931e-13
2.77606e-09
5.91639e-14
3.34296e-09
3.00996e-13
3.34301e-09
-1.03116e-13
2.77609e-09
3.0651e-13
1.83641e-09
6.55818e-13
8.61352e-10
2.02877e-10
-6.47909e-13
5.90921e-13
2.02891e-10
-1.33416e-13
-6.29994e-13
8.61335e-10
-2.53722e-13
3.13755e-13
1.83642e-09
-2.16778e-13
1.4575e-13
2.77607e-09
-8.03898e-14
-3.99438e-13
3.34296e-09
2.64818e-13
-2.03662e-13
3.34297e-09
-2.18754e-13
2.23481e-13
2.77608e-09
-7.44895e-13
3.09338e-13
1.83645e-09
2.78749e-13
-5.5438e-13
8.61368e-10
2.21565e-13
2.02892e-10
-3.71178e-13
1.1566e-12
1.16364e-09
-1.11864e-12
1.79385e-13
3.62392e-09
-5.51688e-13
1.64373e-13
6.03565e-09
-2.78058e-13
-3.76292e-13
7.80567e-09
1.74359e-13
-6.89318e-13
8.69859e-09
4.83792e-13
-5.58736e-13
8.69852e-09
6.48967e-13
3.12846e-14
7.80568e-09
7.42872e-13
2.51068e-13
6.03559e-09
2.71331e-14
-9.06391e-14
3.62386e-09
1.88782e-13
1.16361e-09
1.76674e-13
1.08259e-12
2.82274e-09
-8.61425e-14
4.22829e-13
7.10618e-09
6.80508e-14
-4.03654e-13
9.96807e-09
2.28378e-13
-6.36772e-13
1.1523e-08
4.24012e-14
-4.56557e-13
1.21892e-08
-2.05576e-13
-2.72259e-13
1.21892e-08
-1.36489e-13
-2.82523e-13
1.15229e-08
2.72886e-13
-1.34013e-13
9.96805e-09
1.06546e-13
2.49271e-13
7.10615e-09
2.51997e-13
2.82286e-09
2.93461e-13
5.47488e-13
4.57185e-09
4.7901e-13
4.59263e-14
9.93151e-09
2.37996e-13
-4.362e-14
1.25269e-08
-6.75387e-14
-3.68894e-13
1.36862e-08
-2.52623e-13
-1.60517e-13
1.4163e-08
-5.07599e-13
-1.61709e-14
1.41629e-08
-6.43896e-13
-1.45457e-13
1.36861e-08
-3.26787e-13
-4.13598e-14
1.25268e-08
9.37837e-14
-1.37068e-13
9.93148e-09
6.59809e-13
4.57199e-09
3.27681e-13
4.31464e-13
5.67044e-09
6.58313e-13
-8.4578e-15
1.14124e-08
1.31801e-13
3.15847e-13
1.3732e-08
-6.9943e-14
-2.06454e-13
1.47023e-08
1.09487e-13
-9.31451e-15
1.51131e-08
-1.77537e-13
-1.53006e-13
1.51131e-08
-1.71728e-14
-4.86543e-14
1.47023e-08
-2.91384e-13
4.76636e-14
1.3732e-08
-1.30841e-13
-2.399e-13
1.14124e-08
1.53691e-13
5.67038e-09
6.90138e-14
1.68324e-14
5.67045e-09
4.2867e-13
-3.05637e-13
1.14124e-08
1.70813e-13
6.20905e-13
1.3732e-08
2.05843e-14
-1.67661e-13
1.47023e-08
-3.64233e-16
-2.5681e-14
1.51131e-08
-1.20222e-13
6.83347e-14
1.51131e-08
-3.80299e-13
3.89593e-14
1.47023e-08
-2.60763e-13
4.46409e-13
1.3732e-08
-5.59136e-14
-4.81878e-13
1.14124e-08
2.16605e-13
5.67045e-09
6.43648e-14
-2.66296e-14
4.57192e-09
7.45637e-13
-8.4861e-13
9.93149e-09
5.80474e-13
6.28927e-13
1.25268e-08
1.72987e-13
2.58877e-13
1.36862e-08
9.07614e-15
4.00441e-13
1.4163e-08
-3.17365e-13
2.82818e-13
1.4163e-08
-9.02343e-13
3.07868e-13
1.36861e-08
-1.01746e-12
6.65507e-13
1.25268e-08
-4.31319e-13
-1.25851e-12
9.93148e-09
1.43262e-13
4.5719e-09
2.17714e-13
-2.56621e-13
2.82276e-09
2.03712e-14
-1.13277e-12
7.10614e-09
1.30705e-13
7.38135e-13
9.9681e-09
-9.85742e-15
3.78758e-13
1.1523e-08
-2.11247e-13
5.7777e-13
1.21892e-08
-2.83406e-13
4.49437e-13
1.21892e-08
-5.32051e-13
3.11942e-13
1.1523e-08
-8.64833e-13
7.77552e-13
9.96803e-09
-9.32357e-13
-1.09885e-12
7.1061e-09
-8.52803e-13
2.82274e-09
-1.59264e-14
-6.25351e-13
1.1636e-09
-6.22789e-13
-2.33644e-13
3.62386e-09
-7.52784e-13
3.20203e-13
6.03562e-09
-2.33984e-13
-4.36093e-15
7.80568e-09
1.4193e-13
1.70065e-13
8.69855e-09
4.3201e-13
1.3269e-13
8.6986e-09
8.424e-13
-1.91977e-13
7.8057e-09
1.34125e-12
4.84493e-13
6.03563e-09
1.12837e-13
-1.34101e-14
3.62384e-09
-4.54846e-13
1.16361e-09
5.34056e-14
2.0289e-10
-3.7223e-13
8.61331e-10
-3.85784e-13
1.83641e-09
-1.29521e-13
2.77608e-09
2.80542e-13
3.34297e-09
2.52603e-14
3.34293e-09
9.65845e-14
2.77607e-09
6.06473e-13
1.83645e-09
4.66503e-13
8.61341e-10
2.0289e-10
-9.31496e-13
4.84353e-13
2.02881e-10
-1.24363e-14
-3.15737e-13
8.61337e-10
-2.22766e-13
-1.9604e-14
1.83636e-09
-2.64074e-13
-1.17221e-13
2.77601e-09
-1.82374e-13
-3.13115e-13
3.34291e-09
4.09791e-13
-1.06577e-13
3.34297e-09
-1.51638e-13
3.78997e-13
2.77602e-09
-5.25886e-13
5.55253e-13
1.8364e-09
2.48842e-13
-6.50715e-13
8.61339e-10
-6.48476e-14
2.02895e-10
-4.80565e-13
1.38439e-12
1.1636e-09
-1.14899e-12
1.07442e-13
3.6239e-09
-6.86968e-13
-5.31412e-13
6.03565e-09
2.15519e-13
-4.51178e-13
7.80559e-09
2.17108e-13
-6.98143e-13
8.69846e-09
6.61718e-13
-3.95309e-13
8.69853e-09
9.54996e-13
2.26457e-13
7.80566e-09
9.0162e-13
4.47447e-13
6.03562e-09
-2.34327e-14
2.66219e-14
3.62391e-09
4.27079e-13
1.16364e-09
1.8047e-13
1.07448e-12
2.82278e-09
-2.77753e-13
3.63895e-13
7.10615e-09
-1.09975e-13
-5.92498e-13
9.96813e-09
-1.70478e-13
-7.87437e-13
1.1523e-08
-4.00498e-13
-3.70001e-13
1.21892e-08
-4.14517e-13
-1.54179e-13
1.21893e-08
-2.82149e-13
-1.23643e-13
1.1523e-08
-6.66358e-14
-9.75723e-14
9.96812e-09
-1.86797e-15
1.73274e-13
7.10613e-09
2.47665e-13
2.8227e-09
3.45329e-13
8.39421e-13
4.57197e-09
6.58576e-13
1.69213e-13
9.9315e-09
3.74971e-13
-1.71275e-13
1.25268e-08
1.54224e-13
-3.29163e-13
1.36862e-08
-1.42005e-13
-1.12628e-13
1.4163e-08
-4.02057e-13
-2.77877e-15
1.4163e-08
-7.09801e-13
-2.86868e-14
1.36862e-08
-6.73664e-13
-5.06527e-14
1.25268e-08
-2.48226e-14
-1.79238e-13
9.93151e-09
2.76649e-13
4.57188e-09
4.00395e-13
5.00688e-13
5.67039e-09
3.47989e-13
4.68172e-14
1.14124e-08
1.4276e-13
3.15747e-13
1.3732e-08
-7.97268e-14
-3.47541e-13
1.47023e-08
-4.91098e-14
1.39688e-14
1.51131e-08
-9.71579e-14
-8.17094e-14
1.51131e-08
-2.46984e-13
-7.25063e-14
1.47023e-08
-1.5664e-13
4.48659e-13
1.3732e-08
-3.34857e-13
-3.69616e-13
1.14124e-08
2.26323e-13
5.67038e-09
2.97962e-13
2.52344e-13
5.67034e-09
5.17752e-13
-2.52841e-13
1.14123e-08
2.53399e-13
7.33454e-13
1.37319e-08
2.63087e-13
-2.65342e-13
1.47023e-08
-4.23535e-14
-1.98197e-13
1.51131e-08
5.03799e-14
6.75359e-14
1.51132e-08
-1.38196e-13
-9.20411e-15
1.47023e-08
-3.02749e-13
4.86122e-13
1.3732e-08
-1.17554e-14
-7.80813e-13
1.14124e-08
7.44502e-14
5.67035e-09
7.97554e-14
1.35879e-13
4.57183e-09
8.98393e-13
-7.78042e-13
9.93143e-09
5.69311e-13
8.35529e-13
1.25268e-08
2.40153e-13
5.05596e-14
1.36862e-08
1.32773e-13
1.84704e-13
1.4163e-08
-1.3299e-13
3.56224e-13
1.4163e-08
-5.99383e-13
4.1355e-13
1.36862e-08
-9.80277e-13
5.4337e-13
1.25268e-08
-7.88538e-14
-1.44694e-12
9.93151e-09
-2.35525e-13
4.57191e-09
4.01297e-13
-3.26122e-13
2.82277e-09
6.76063e-13
-6.8687e-13
7.10614e-09
5.0838e-13
8.38842e-13
9.96813e-09
1.4992e-13
1.66518e-13
1.1523e-08
1.07947e-13
4.28872e-13
1.21892e-08
-6.82589e-14
5.74161e-13
1.21892e-08
-3.57051e-13
4.4717e-13
1.15231e-08
-4.92853e-13
6.42546e-13
9.96816e-09
-7.82294e-13
-1.41591e-12
7.10614e-09
-6.10914e-13
2.82274e-09
1.2868e-13
-6.59279e-13
1.16364e-09
-9.34762e-13
-1.41807e-13
3.62403e-09
-4.90424e-13
5.85617e-13
6.03575e-09
-1.94873e-13
3.8342e-15
7.80567e-09
2.40879e-13
1.20313e-13
8.6985e-09
5.05194e-13
1.22656e-13
8.6984e-09
1.1451e-12
5.85772e-14
7.80563e-09
1.47012e-12
3.4549e-13
6.03568e-09
2.72607e-13
-2.79196e-13
3.62387e-09
-5.65061e-13
1.16363e-09
-4.73571e-13
2.029e-10
-7.73151e-13
8.61364e-10
-1.08697e-13
1.83643e-09
-1.68804e-13
2.77599e-09
-9.06853e-14
3.34292e-09
2.77647e-13
3.3429e-09
1.94413e-13
2.77599e-09
6.44994e-13
1.83637e-09
3.14116e-13
8.61325e-10
2.02889e-10
-1.6376e-13
2.18989e-13
2.02894e-10
6.11897e-13
-9.44049e-13
8.61361e-10
7.7746e-13
2.04944e-13
1.83654e-09
2.88904e-13
2.30423e-13
2.77614e-09
3.07227e-13
-1.31392e-13
3.34308e-09
5.98528e-14
-5.15114e-14
3.34306e-09
-1.54704e-13
5.72149e-13
2.77614e-09
-7.41956e-13
2.8885e-13
1.83651e-09
1.71206e-13
-8.33401e-13
8.61335e-10
-1.1228e-13
2.02885e-10
-4.21553e-13
3.4286e-13
1.16364e-09
-4.57874e-13
-5.51943e-13
3.62375e-09
-2.92947e-13
-5.06372e-13
6.03572e-09
1.59373e-13
6.10291e-14
7.80579e-09
2.14653e-13
-2.6258e-13
8.69866e-09
-5.92101e-14
-1.3714e-13
8.69868e-09
-2.32534e-13
1.63639e-13
7.80578e-09
2.06965e-13
-1.25561e-13
6.0358e-09
3.54119e-14
-6.42417e-13
3.62376e-09
-4.808e-14
1.16353e-09
6.54859e-14
3.70823e-13
2.8228e-09
-5.78982e-13
8.7159e-14
7.10613e-09
-4.53124e-13
-5.60886e-13
9.96798e-09
-1.44751e-13
-5.42558e-13
1.1523e-08
-7.65949e-14
-1.20784e-13
1.21892e-08
-3.1089e-13
-1.67695e-13
1.21892e-08
2.47714e-13
-1.36893e-13
1.1523e-08
7.67948e-13
-3.9555e-13
9.96804e-09
3.58691e-13
-2.78286e-14
7.10612e-09
3.09945e-13
2.82275e-09
3.18755e-13
4.59442e-13
4.57179e-09
5.95875e-13
-2.48898e-14
9.93155e-09
1.90376e-13
-1.47701e-13
1.25267e-08
7.70235e-14
-2.1869e-13
1.36863e-08
-3.08535e-13
-7.07173e-14
1.4163e-08
-3.4832e-13
-2.33207e-14
1.4163e-08
-3.44124e-13
-1.30685e-13
1.36862e-08
-3.57548e-13
-1.5052e-13
1.25266e-08
-4.39155e-14
-1.62924e-13
9.9315e-09
3.18477e-13
4.57185e-09
2.43559e-13
3.30075e-13
5.67043e-09
1.76759e-13
-4.22922e-13
1.14124e-08
1.58517e-13
1.39114e-13
1.37318e-08
-1.2919e-13
-2.85708e-13
1.47023e-08
5.07536e-14
1.17325e-14
1.51131e-08
1.19703e-13
1.72068e-14
1.51132e-08
7.48907e-15
-2.20803e-14
1.47024e-08
-2.52657e-13
2.896e-13
1.37318e-08
-1.07584e-13
-3.09659e-13
1.14124e-08
1.81136e-13
5.67034e-09
1.91891e-14
2.13156e-13
5.67039e-09
4.25238e-13
-6.74539e-13
1.14125e-08
1.3516e-13
3.21269e-13
1.37318e-08
-1.13364e-13
-1.95516e-13
1.47023e-08
8.2869e-14
-4.01984e-14
1.51131e-08
1.79917e-13
2.78824e-14
1.51132e-08
-1.05439e-13
-4.53088e-15
1.47023e-08
-3.59305e-13
4.9408e-13
1.37319e-08
-6.45196e-14
-4.94601e-13
1.14124e-08
2.96576e-13
5.67026e-09
3.96363e-13
2.92561e-14
4.5719e-09
8.51731e-13
-1.40159e-12
9.93157e-09
5.77962e-13
8.03168e-13
1.25267e-08
2.97798e-13
2.228e-13
1.36862e-08
1.66636e-13
1.48854e-13
1.4163e-08
-2.84097e-14
2.06819e-13
1.4163e-08
-5.23644e-13
1.48379e-13
1.36862e-08
-8.54955e-13
8.89488e-13
1.25268e-08
-4.16592e-13
-8.83819e-13
9.93151e-09
-6.35145e-14
4.57178e-09
3.79166e-13
-6.23046e-13
2.8228e-09
-1.29086e-13
-8.42153e-13
7.10604e-09
-3.26396e-13
1.02499e-12
9.96801e-09
1.26639e-13
2.84917e-13
1.15229e-08
-4.34167e-14
8.80621e-14
1.21892e-08
-1.91304e-13
5.9192e-14
1.21892e-08
2.10117e-13
1.41106e-13
1.1523e-08
2.26254e-13
1.33887e-12
9.96809e-09
-3.39204e-13
-4.7676e-13
7.10609e-09
-3.83917e-13
2.82279e-09
1.61267e-13
-2.17013e-13
1.16357e-09
-6.43744e-13
1.91398e-13
3.62358e-09
4.7483e-14
5.74826e-13
6.03564e-09
2.58984e-13
-1.35142e-13
7.80573e-09
1.17906e-13
-4.15565e-14
8.69869e-09
-1.41158e-13
2.00923e-14
8.69873e-09
3.00101e-13
-2.10848e-13
7.8058e-09
5.67687e-13
4.49124e-13
6.03578e-09
2.14878e-13
2.15511e-13
3.62374e-09
-2.94234e-13
1.16355e-09
-2.44032e-13
2.0288e-10
1.24016e-13
8.61327e-10
3.16019e-13
1.8365e-09
1.02048e-13
2.77615e-09
1.27716e-13
3.34307e-09
2.26152e-15
3.34303e-09
-1.59256e-13
2.77616e-09
1.25791e-13
1.83651e-09
2.54489e-13
8.61336e-10
2.02875e-10
-9.01602e-13
1.07637e-12
2.02895e-10
-6.15955e-13
-4.43781e-13
8.61312e-10
-6.27077e-13
6.40689e-13
1.83632e-09
-4.38509e-13
-1.58089e-13
2.77603e-09
5.83376e-14
-4.5665e-13
3.34289e-09
6.67295e-13
-4.02454e-13
3.34291e-09
5.36349e-13
1.56317e-13
2.77604e-09
-2.65612e-13
8.42426e-13
1.83635e-09
7.09987e-13
-7.74344e-13
8.61341e-10
2.23169e-13
2.02891e-10
-5.52969e-13
1.14875e-12
1.16356e-09
-9.40192e-13
-1.67905e-14
3.6239e-09
-1.1476e-12
8.52163e-13
6.03555e-09
-4.54792e-13
-7.30314e-13
7.80561e-09
2.02065e-13
-8.35756e-13
8.69844e-09
9.07492e-13
-7.11918e-13
8.69844e-09
1.38357e-12
-4.2451e-13
7.80557e-09
1.17216e-12
1.37185e-12
6.03544e-09
4.19124e-13
3.14722e-15
3.62393e-09
8.52216e-13
1.16372e-09
2.54267e-13
9.65713e-13
2.82273e-09
9.79716e-14
3.56435e-13
7.10622e-09
-1.11208e-14
8.00002e-13
9.9681e-09
1.82153e-13
-7.46029e-13
1.1523e-08
-7.26108e-14
-5.4152e-13
1.21893e-08
-5.95375e-13
-5.20565e-13
1.21892e-08
-1.79935e-13
-5.04085e-13
1.1523e-08
-1.35925e-13
1.29249e-12
9.96811e-09
-4.38168e-13
2.23155e-13
7.1062e-09
5.17031e-13
2.82282e-09
1.32415e-13
5.71058e-13
4.57198e-09
2.30985e-13
4.57132e-14
9.93145e-09
4.97383e-13
3.91985e-13
1.25269e-08
1.95319e-13
-3.06026e-13
1.36861e-08
-1.67633e-13
-2.01943e-13
1.4163e-08
-4.25577e-13
-1.21389e-13
1.4163e-08
-6.59619e-13
-2.65593e-13
1.36861e-08
-3.97462e-13
6.04395e-13
1.2527e-08
-6.62575e-14
-2.79902e-13
9.93149e-09
5.17082e-14
4.57195e-09
3.76625e-13
3.26884e-13
5.67046e-09
2.75046e-13
7.86319e-14
1.14123e-08
3.01175e-13
1.44235e-13
1.37321e-08
5.46921e-14
-1.68471e-13
1.47022e-08
-2.01732e-14
2.40099e-14
1.51131e-08
-1.41923e-13
-8.97182e-15
1.51131e-08
-2.02879e-13
-4.69475e-14
1.47023e-08
-2.38884e-13
3.18994e-13
1.37321e-08
-2.2954e-13
-1.64794e-13
1.14124e-08
-1.94833e-13
5.67041e-09
2.27349e-13
-1.14192e-13
5.67043e-09
3.23326e-13
2.21576e-13
1.14123e-08
1.89809e-13
2.09301e-13
1.3732e-08
1.31018e-13
-5.74572e-16
1.47023e-08
5.35234e-14
1.98331e-13
1.51131e-08
-9.8863e-14
-2.78324e-14
1.51132e-08
-2.31309e-13
6.20734e-14
1.47023e-08
-3.65193e-13
2.64567e-13
1.37321e-08
-1.95127e-13
-5.28544e-14
1.14124e-08
-6.24879e-13
5.67049e-09
5.17208e-14
-2.12309e-13
4.57188e-09
7.25015e-13
-2.05519e-13
9.93145e-09
6.83839e-13
-2.67041e-13
1.25269e-08
6.45143e-13
2.83419e-13
1.36862e-08
6.6649e-14
2.57399e-13
1.4163e-08
2.0176e-13
3.87991e-13
1.4163e-08
-3.53221e-13
4.7251e-13
1.36862e-08
-6.73517e-13
3.24063e-13
1.25269e-08
-1.24631e-13
-5.50733e-13
9.93147e-09
-1.19427e-12
4.57199e-09
4.04493e-13
-3.50613e-13
2.82272e-09
7.07965e-13
-5.8147e-13
7.10621e-09
6.68447e-13
-5.02918e-14
9.96814e-09
3.4116e-13
2.88942e-13
1.1523e-08
1.04137e-13
4.24085e-13
1.21892e-08
2.11151e-13
4.38959e-13
1.21892e-08
4.60543e-14
3.72632e-13
1.1523e-08
-3.42801e-13
5.51384e-13
9.96818e-09
-1.78544e-13
-6.53777e-13
7.10621e-09
-1.36966e-12
2.82273e-09
4.02037e-14
-2.37083e-13
1.16362e-09
-7.85465e-13
-2.65953e-13
3.62405e-09
-9.91819e-13
-1.05188e-13
6.03564e-09
-7.0542e-13
4.00823e-14
7.8056e-09
4.39043e-14
1.60558e-13
8.6984e-09
6.17624e-13
5.91288e-14
8.69843e-09
1.44495e-12
4.52204e-14
7.80556e-09
1.60105e-12
2.61257e-13
6.03564e-09
8.31438e-13
5.18189e-15
3.62403e-09
-5.76601e-13
1.16367e-09
-7.74963e-13
2.02886e-10
-7.14719e-13
8.61317e-10
-6.65495e-13
1.83632e-09
-4.16605e-13
2.77599e-09
-1.18562e-13
3.34289e-09
1.40425e-13
3.34292e-09
1.02834e-13
2.77598e-09
5.76404e-13
1.83638e-09
6.27376e-13
8.61356e-10
2.02898e-10
-8.32539e-13
3.40189e-14
2.02883e-10
6.02627e-13
-9.48845e-13
8.61369e-10
2.47423e-13
1.54767e-13
1.83648e-09
1.4645e-13
2.61873e-13
2.77611e-09
-1.09844e-14
-1.27066e-13
3.34301e-09
3.2929e-13
-1.11916e-13
3.34301e-09
-2.88397e-13
1.76928e-13
2.77607e-09
-6.16501e-13
1.26217e-13
1.83646e-09
9.85086e-14
-9.66262e-13
8.61367e-10
1.1525e-13
2.0289e-10
-5.20358e-13
3.6572e-13
1.16364e-09
-4.01068e-13
-4.73858e-13
3.62383e-09
-2.80249e-13
-4.09463e-13
6.03563e-09
-4.45916e-14
7.11778e-14
7.80571e-09
-2.8816e-13
-2.1656e-13
8.69866e-09
-3.13824e-13
-2.15201e-13
8.69865e-09
-3.4663e-13
2.06626e-13
7.80577e-09
-8.16636e-14
-4.17676e-14
6.03566e-09
-1.45985e-13
-5.94835e-13
3.62379e-09
5.1876e-14
1.16357e-09
1.67214e-13
2.26967e-13
2.82279e-09
-2.84935e-13
-8.98388e-14
7.1062e-09
5.18979e-14
-4.65895e-13
9.96806e-09
2.4239e-13
-3.75444e-13
1.1523e-08
-4.36912e-14
-1.13183e-13
1.21892e-08
2.84703e-14
5.22865e-14
1.21893e-08
3.17435e-13
-1.40145e-13
1.1523e-08
6.35003e-13
-3.92317e-13
9.96806e-09
1.38491e-13
-2.58098e-13
7.10618e-09
3.06627e-13
2.82281e-09
5.89944e-13
3.19566e-13
4.57176e-09
5.82984e-13
-3.50011e-13
9.93141e-09
4.67314e-13
-2.80576e-13
1.25269e-08
2.84681e-13
-2.13266e-13
1.36863e-08
-1.1138e-13
-3.40946e-14
1.4163e-08
-2.89431e-13
9.43523e-14
1.4163e-08
-2.39104e-13
-4.48091e-14
1.36863e-08
-1.93849e-13
-2.09059e-13
1.25268e-08
1.61055e-14
-2.89595e-13
9.93146e-09
9.71295e-14
4.57181e-09
-2.52675e-14
1.47852e-13
5.67033e-09
2.3785e-13
-4.39514e-13
1.14123e-08
7.85676e-14
4.26431e-14
1.37319e-08
-1.0589e-13
-9.93998e-14
1.47023e-08
7.71506e-15
2.16189e-13
1.51131e-08
-5.94948e-14
2.11166e-13
1.51131e-08
-1.10251e-13
-7.95307e-14
1.47023e-08
-2.33052e-13
8.73255e-14
1.3732e-08
-3.04377e-13
-3.13678e-13
1.14123e-08
2.99243e-13
5.67038e-09
6.12009e-14
1.13197e-13
5.67036e-09
2.41268e-13
-7.50827e-13
1.14124e-08
9.21847e-14
4.02934e-13
1.3732e-08
-5.5253e-14
1.93547e-13
1.47023e-08
-2.06519e-14
1.71825e-13
1.51132e-08
-2.11755e-13
1.70288e-13
1.51132e-08
-9.214e-14
2.95242e-13
1.47023e-08
-2.55344e-13
4.09648e-13
1.37319e-08
-4.52531e-14
-6.50414e-13
1.14124e-08
1.89643e-13
5.67039e-09
2.63674e-13
-2.73913e-14
4.57186e-09
5.5055e-13
-1.29006e-12
9.93151e-09
4.06011e-13
7.80499e-13
1.25268e-08
5.84951e-14
2.12873e-13
1.36862e-08
2.0473e-13
2.83407e-13
1.41631e-08
6.27036e-14
3.30438e-13
1.4163e-08
-3.0678e-13
5.6245e-13
1.36862e-08
-6.28365e-13
9.25009e-13
1.25268e-08
-3.19838e-13
-1.13801e-12
9.93141e-09
-1.47976e-13
4.57178e-09
2.45108e-13
-5.27814e-13
2.82282e-09
-2.79176e-13
-5.90673e-13
7.10608e-09
-4.55222e-13
9.21237e-13
9.96798e-09
2.48065e-13
2.71217e-13
1.15229e-08
1.3322e-13
1.86243e-13
1.21892e-08
1.71755e-13
1.91094e-13
1.21893e-08
4.40483e-13
2.59537e-13
1.1523e-08
2.61781e-13
1.04529e-12
9.96798e-09
-2.58553e-13
-4.90938e-13
7.10608e-09
-3.34576e-13
2.82275e-09
-5.86442e-14
-3.13019e-13
1.1636e-09
-6.6244e-13
3.52e-13
3.6237e-09
-1.15638e-13
6.05236e-13
6.0356e-09
-2.34309e-15
-2.75015e-13
7.80571e-09
-1.84318e-13
2.95958e-14
8.69867e-09
-3.02791e-13
3.66745e-14
8.69867e-09
-1.39683e-14
-1.27556e-13
7.80578e-09
7.75043e-13
5.24582e-13
6.03566e-09
8.77018e-14
2.41517e-13
3.62374e-09
-1.5682e-13
1.16356e-09
-5.54417e-13
2.0288e-10
-4.11097e-14
8.6136e-10
4.34138e-13
1.83651e-09
2.73573e-13
2.77618e-09
-5.36551e-14
3.34304e-09
-2.24503e-13
3.34303e-09
-3.32871e-13
2.77617e-09
8.39725e-14
1.83651e-09
1.00907e-14
8.61364e-10
2.02894e-10
-9.66358e-13
9.30816e-13
2.02885e-10
-4.58216e-13
-4.03363e-13
8.61317e-10
-6.2475e-13
2.54608e-13
1.83639e-09
-4.62514e-13
3.94245e-14
2.77599e-09
-1.84794e-13
-1.76044e-13
3.34296e-09
-5.64589e-14
-2.25929e-13
3.34293e-09
-1.59832e-14
1.73494e-13
2.77605e-09
-9.56849e-14
1.54345e-13
1.83641e-09
3.85395e-13
-8.90003e-13
8.613e-10
1.56373e-13
2.0288e-10
-8.5753e-13
1.34701e-12
1.16361e-09
-1.23566e-12
1.71349e-13
3.62386e-09
-1.13819e-12
-4.01831e-13
6.03573e-09
-4.2925e-13
-1.56878e-13
7.80559e-09
1.07222e-13
-5.24274e-13
8.69848e-09
4.7636e-13
-6.73596e-13
8.69844e-09
1.02804e-12
-1.26344e-13
7.80559e-09
1.02065e-12
-4.6968e-14
6.03576e-09
3.96018e-13
1.98622e-13
3.62388e-09
3.15384e-13
1.16359e-09
1.61577e-15
1.02002e-12
2.82279e-09
1.49821e-13
4.93544e-13
7.10608e-09
4.1122e-13
-4.49092e-13
9.96807e-09
3.62822e-13
-3.47884e-13
1.15231e-08
2.17528e-13
-2.80203e-13
1.21892e-08
-1.67441e-13
-4.15458e-13
1.21892e-08
-1.56043e-13
-3.35853e-13
1.1523e-08
1.52361e-13
-3.01625e-13
9.96802e-09
1.11482e-13
4.58218e-13
7.10607e-09
5.12273e-13
2.82274e-09
4.11428e-13
8.03046e-13
4.57202e-09
7.18032e-13
2.34115e-13
9.93159e-09
5.25882e-13
-2.2578e-13
1.25267e-08
7.53063e-14
-3.77917e-13
1.36862e-08
-4.15479e-14
-1.95457e-13
1.41629e-08
-3.78975e-13
-2.39022e-13
1.41629e-08
-5.09339e-13
-2.60045e-13
1.36862e-08
-3.47562e-13
-2.40216e-13
1.25266e-08
4.6019e-14
-1.29807e-13
9.93154e-09
4.71732e-13
4.57191e-09
3.57449e-13
3.74569e-13
5.67045e-09
4.67866e-13
-2.08618e-13
1.14125e-08
2.35427e-13
3.43479e-14
1.37319e-08
-2.55791e-14
-2.01998e-13
1.47023e-08
5.5974e-15
1.80792e-16
1.51131e-08
-3.45231e-14
2.40766e-14
1.51131e-08
-1.16948e-13
-1.33218e-13
1.47024e-08
-2.4063e-13
9.95341e-14
1.37319e-08
-1.03232e-13
-2.38175e-13
1.14124e-08
1.53069e-13
5.6704e-09
1.46356e-13
1.10163e-13
5.67041e-09
3.61205e-13
-6.75066e-13
1.14125e-08
2.35214e-13
2.80295e-13
1.37319e-08
8.98609e-14
-9.49941e-14
1.47023e-08
3.21799e-14
9.65316e-16
1.51131e-08
-1.01144e-13
4.45789e-14
1.51131e-08
-3.03681e-13
1.71223e-14
1.47024e-08
-3.17304e-13
2.54338e-13
1.37319e-08
-1.67179e-13
-8.21157e-13
1.14125e-08
1.38917e-13
5.67034e-09
-1.03954e-14
-7.23925e-14
4.57189e-09
3.76463e-13
-1.39013e-12
9.93153e-09
4.11048e-13
5.12859e-13
1.25268e-08
2.9367e-13
2.43143e-13
1.36863e-08
-6.30907e-14
1.78085e-13
1.4163e-08
-4.06326e-13
2.79375e-13
1.41629e-08
-9.01135e-13
4.36877e-13
1.36862e-08
-1.04249e-12
7.06281e-13
1.25268e-08
-2.35329e-13
-1.34723e-12
9.93165e-09
-8.10168e-14
4.5719e-09
2.82892e-13
-4.24319e-13
2.82277e-09
3.18424e-13
-1.26011e-12
7.10605e-09
1.08877e-13
4.61165e-13
9.96814e-09
8.79231e-14
3.75886e-13
1.1523e-08
-1.29694e-13
3.18416e-13
1.21892e-08
-3.69895e-13
4.66633e-13
1.21892e-08
-4.34523e-13
5.14431e-13
1.1523e-08
-5.23222e-13
8.69094e-13
9.96822e-09
-7.22019e-13
-1.25671e-12
7.10623e-09
-7.83743e-13
2.82284e-09
1.44891e-13
-4.79867e-13
1.16363e-09
-8.42207e-13
-3.90857e-13
3.62389e-09
-9.36849e-13
5.12485e-14
6.03574e-09
-4.20283e-13
1.02002e-13
7.80562e-09
-7.9253e-14
5.7869e-14
8.69845e-09
3.16417e-13
1.29285e-13
8.69843e-09
1.19898e-12
9.83748e-14
7.80558e-09
1.68555e-12
3.28684e-13
6.03574e-09
4.09029e-13
-8.15034e-14
3.62395e-09
-3.6258e-13
1.16371e-09
-3.79412e-13
2.02912e-10
-8.06498e-13
8.61342e-10
-4.17879e-13
1.83639e-09
-2.41525e-13
2.77598e-09
-1.28951e-13
3.34292e-09
9.30272e-14
3.34294e-09
2.98105e-13
2.77602e-09
8.44228e-13
1.83643e-09
5.73823e-13
8.61343e-10
2.02899e-10
-3.42246e-13
3.18592e-13
2.02883e-10
4.16192e-13
-8.32408e-13
8.61334e-10
5.1532e-13
6.59791e-13
1.83647e-09
-8.41918e-14
1.23507e-13
2.77609e-09
1.10103e-13
-2.12938e-13
3.34297e-09
5.65929e-13
-1.84038e-13
3.34299e-09
2.5981e-13
1.41546e-13
2.77606e-09
-3.59744e-13
6.8958e-13
1.83643e-09
1.92867e-13
-7.98462e-13
8.61323e-10
1.8362e-13
2.02873e-10
-1.60851e-13
6.17354e-13
1.16361e-09
-3.94046e-13
-7.11746e-13
3.62377e-09
-4.5466e-13
6.40692e-13
6.03569e-09
-3.61047e-13
-3.87304e-13
7.80577e-09
-1.26467e-13
-4.59982e-13
8.69861e-09
8.09911e-14
-3.74641e-13
8.69862e-09
3.45479e-13
-3.18554e-13
7.80567e-09
2.12764e-13
7.67099e-13
6.03565e-09
-2.1337e-13
-5.6098e-13
3.62385e-09
5.66122e-13
1.16361e-09
2.10726e-13
1.4674e-13
2.82274e-09
-3.13194e-13
-2.75093e-13
7.10619e-09
-3.26121e-13
5.17889e-13
9.96804e-09
3.01864e-13
-6.73663e-13
1.15229e-08
3.46913e-13
-3.47653e-13
1.21892e-08
2.75367e-14
-2.25101e-13
1.21892e-08
2.94818e-13
-5.40179e-13
1.1523e-08
4.2305e-13
1.01652e-12
9.9681e-09
-1.304e-13
-1.33034e-13
7.10622e-09
1.9593e-14
2.82277e-09
2.56134e-13
-6.22408e-14
4.57179e-09
2.53503e-13
-2.60288e-13
9.93151e-09
4.28227e-13
3.87781e-13
1.25269e-08
1.31191e-13
-3.46724e-13
1.36862e-08
1.56277e-14
-8.51894e-14
1.4163e-08
-3.40117e-13
1.64419e-13
1.41629e-08
-6.25847e-13
-2.38704e-13
1.36862e-08
-4.0861e-13
7.21708e-13
1.25268e-08
-2.84747e-13
-2.51138e-13
9.93142e-09
-7.50697e-14
4.57176e-09
1.69282e-13
1.81986e-13
5.67034e-09
9.01168e-14
1.12476e-13
1.14123e-08
1.16185e-13
1.65263e-13
1.37319e-08
4.78039e-14
-4.55971e-14
1.47022e-08
5.26189e-14
1.41916e-13
1.51131e-08
-2.88009e-13
-2.01516e-14
1.5113e-08
-3.09439e-13
-1.51497e-13
1.47023e-08
-4.07972e-13
3.02652e-13
1.37319e-08
-1.93261e-13
-1.00747e-13
1.14123e-08
-2.26572e-13
5.67033e-09
1.03691e-13
-7.7267e-14
5.67037e-09
1.13904e-13
4.3874e-13
1.14123e-08
1.67058e-13
3.52758e-13
1.37319e-08
4.41939e-14
7.64956e-14
1.47022e-08
-1.54406e-13
1.27112e-13
1.51131e-08
-1.72592e-13
1.23594e-13
1.51131e-08
-3.28544e-13
1.05727e-13
1.47023e-08
-3.94399e-13
4.69507e-13
1.37319e-08
-3.67318e-13
-1.67317e-13
1.14123e-08
-5.9795e-13
5.67034e-09
1.44328e-13
-2.97642e-13
4.57187e-09
4.39323e-13
-5.75149e-14
9.93148e-09
4.70972e-13
3.7107e-13
1.25268e-08
1.22508e-13
2.77494e-13
1.36862e-08
8.91216e-14
2.66495e-13
1.4163e-08
-8.8875e-14
1.67762e-13
1.4163e-08
-4.38253e-13
3.52408e-13
1.36862e-08
-5.42353e-13
7.42578e-13
1.25268e-08
-3.52272e-13
-1.08436e-13
9.93134e-09
-8.41716e-13
4.57178e-09
2.35659e-13
-3.44144e-13
2.82283e-09
-2.01815e-13
1.49928e-13
7.10613e-09
-1.92779e-13
6.44541e-13
9.96805e-09
3.11555e-14
4.64519e-14
1.15229e-08
6.99608e-15
6.59131e-14
1.21892e-08
1.31422e-13
1.57462e-13
1.21893e-08
2.98404e-13
1.33879e-13
1.1523e-08
3.20179e-13
9.65512e-13
9.96806e-09
2.81142e-14
1.25951e-13
7.10606e-09
-8.72263e-13
2.8227e-09
-5.52876e-14
-1.95479e-13
1.16359e-09
-4.13365e-13
5.03345e-13
3.62368e-09
5.09283e-14
3.86991e-13
6.03562e-09
3.112e-13
-6.63017e-14
7.8058e-09
8.7261e-14
-2.06055e-15
8.69871e-09
-3.46171e-13
-3.28651e-14
8.69874e-09
-3.70116e-14
-6.39697e-14
7.80589e-09
4.12711e-13
4.87816e-13
6.03573e-09
2.67329e-13
5.1868e-13
3.62376e-09
-3.02407e-13
1.16356e-09
-2.29249e-13
2.02881e-10
-4.45107e-14
8.61354e-10
6.50584e-13
1.83652e-09
1.98542e-13
2.77618e-09
6.88503e-14
3.34305e-09
-1.88324e-13
3.34308e-09
-5.26631e-13
2.77616e-09
7.06833e-15
1.83651e-09
5.49758e-13
8.61371e-10
2.02893e-10
-7.38962e-13
9.56236e-13
2.02889e-10
-5.59369e-14
-7.04149e-13
8.61342e-10
-5.2302e-13
4.99916e-13
1.8364e-09
-4.19694e-13
-5.31976e-14
2.77609e-09
-1.00791e-13
-3.98008e-13
3.34296e-09
4.28462e-13
-1.65816e-13
3.34295e-09
3.62918e-14
1.90645e-13
2.77604e-09
-5.56169e-13
7.05335e-13
1.83635e-09
3.07138e-13
-7.31668e-13
8.61318e-10
5.28379e-13
2.02884e-10
-6.88719e-13
1.32004e-12
1.16362e-09
-1.12385e-12
-1.82171e-13
3.62392e-09
-1.35992e-12
6.26238e-13
6.03551e-09
-7.07012e-13
-7.60634e-13
7.80562e-09
-6.54841e-15
-7.55528e-13
8.69856e-09
5.54762e-13
-6.15206e-13
8.6985e-09
1.12378e-12
-3.89453e-13
7.80564e-09
6.86101e-13
1.0652e-12
6.03549e-09
1.80063e-13
-3.69049e-13
3.62385e-09
4.82907e-13
1.16363e-09
2.66183e-13
1.14402e-12
2.82282e-09
-3.49191e-13
1.00899e-13
7.10628e-09
-2.94591e-13
7.62696e-13
9.96805e-09
-1.47037e-13
-8.90202e-13
1.15229e-08
-3.18377e-13
-5.94755e-13
1.21892e-08
-4.79204e-13
-4.00044e-13
1.21892e-08
-2.65567e-13
-7.61742e-13
1.15229e-08
-2.90637e-13
9.42406e-13
9.96814e-09
-3.72911e-13
-9.84047e-14
7.10627e-09
8.24684e-15
2.82281e-09
4.56945e-13
7.13365e-13
4.57189e-09
4.95041e-13
-4.07671e-14
9.93148e-09
5.47136e-13
4.99405e-13
1.2527e-08
2.95218e-13
-5.07689e-13
1.36862e-08
-3.33884e-14
-3.40598e-13
1.41629e-08
-4.20015e-13
-4.5804e-14
1.4163e-08
-6.08695e-13
-1.32364e-13
1.36861e-08
-2.26254e-13
7.5154e-13
1.2527e-08
5.21653e-14
-5.2855e-14
9.93151e-09
1.55123e-13
4.57196e-09
4.21047e-13
2.81221e-13
5.67041e-09
3.71845e-13
9.35825e-14
1.14123e-08
1.68268e-13
3.45226e-13
1.37321e-08
8.13652e-14
-1.45686e-13
1.47022e-08
2.05884e-14
-9.98955e-14
1.51131e-08
-9.13466e-14
6.36491e-15
1.51131e-08
-1.62025e-13
-1.13306e-13
1.47022e-08
-3.46781e-14
5.01944e-13
1.37321e-08
-1.51584e-13
-9.79892e-14
1.14123e-08
-2.87089e-13
5.67041e-09
3.56351e-13
-2.51477e-13
5.67037e-09
2.61753e-13
-3.55568e-14
1.14122e-08
2.95379e-13
2.40967e-13
1.3732e-08
2.03716e-13
5.45896e-14
1.47022e-08
2.96079e-14
1.34591e-13
1.51131e-08
-1.63892e-13
1.72929e-13
1.51131e-08
-1.90395e-13
-2.5962e-15
1.47022e-08
-3.85823e-13
1.59648e-13
1.3732e-08
-3.62694e-13
-2.8142e-13
1.14122e-08
-9.1954e-13
5.67048e-09
-3.7727e-14
-1.87179e-13
4.57182e-09
5.07284e-13
-2.05494e-13
9.93133e-09
6.0693e-13
2.77865e-14
1.25268e-08
4.79619e-13
1.65359e-13
1.36861e-08
1.95116e-13
3.32323e-13
1.4163e-08
2.43204e-14
5.11899e-13
1.4163e-08
-4.86034e-13
3.73251e-13
1.36861e-08
-7.30002e-13
2.92148e-13
1.25269e-08
-1.06972e-13
-4.28583e-13
9.93143e-09
-1.00899e-12
4.57194e-09
2.45547e-13
-4.38336e-13
2.82269e-09
5.71124e-13
-3.65468e-13
7.10616e-09
3.4865e-13
1.82778e-13
9.96802e-09
2.98052e-13
2.06598e-13
1.1523e-08
2.66048e-13
3.02271e-13
1.21892e-08
2.35213e-13
4.96912e-13
1.21891e-08
1.33539e-14
3.61717e-13
1.15229e-08
-1.02621e-13
5.07286e-13
9.96805e-09
-1.94967e-13
-7.30884e-13
7.10614e-09
-1.30149e-12
2.82274e-09
2.67718e-13
-2.47035e-13
1.16362e-09
-4.684e-13
2.2945e-14
3.62389e-09
-5.6256e-13
2.40505e-13
6.03557e-09
-3.06412e-13
1.76692e-14
7.80566e-09
3.40968e-13
2.19278e-13
8.69853e-09
5.09145e-13
7.79877e-14
8.6985e-09
1.13258e-12
-6.16523e-14
7.80564e-09
1.37138e-12
2.84796e-13
6.03554e-09
6.80965e-13
2.09239e-13
3.62385e-09
-5.17641e-13
1.16359e-09
-3.90538e-13
2.02883e-10
-5.45518e-13
8.61326e-10
-4.12976e-13
1.83636e-09
-6.80031e-14
2.77603e-09
-1.77842e-14
3.34295e-09
1.20871e-13
3.34293e-09
3.10085e-13
2.77604e-09
6.00897e-13
1.83637e-09
6.85226e-13
8.61312e-10
2.02872e-10
-7.29804e-13
7.52269e-13
2.02894e-10
-1.78375e-15
-7.89711e-13
8.61335e-10
-2.11122e-13
1.19111e-13
1.83642e-09
-3.35983e-13
4.68289e-14
2.77608e-09
-4.05469e-14
-3.30369e-13
3.34294e-09
1.34696e-13
-1.78033e-13
3.34293e-09
-1.0123e-13
3.15563e-13
2.77606e-09
-5.58011e-13
2.40799e-13
1.83642e-09
4.00467e-13
-7.20126e-13
8.61365e-10
2.42748e-13
2.02899e-10
-5.50626e-13
1.30076e-12
1.1636e-09
-1.02044e-12
-1.12672e-13
3.62384e-09
-5.41856e-13
-3.62515e-13
6.03565e-09
-7.89343e-14
-4.76524e-13
7.80568e-09
2.43538e-13
-5.67868e-13
8.69856e-09
4.40631e-13
-4.33346e-13
8.69851e-09
8.04168e-13
9.07891e-14
7.80565e-09
9.4878e-13
8.92584e-14
6.03561e-09
1.12507e-13
-5.51642e-14
3.62385e-09
4.76468e-13
1.16361e-09
1.95917e-13
1.17497e-12
2.82279e-09
-2.94459e-13
2.73827e-13
7.10616e-09
-1.01302e-13
-5.208e-13
9.96813e-09
-9.75957e-14
-4.36862e-13
1.1523e-08
-3.88292e-13
-4.32529e-13
1.21892e-08
-3.95428e-13
-8.54976e-14
1.21891e-08
-2.60161e-13
-1.82291e-13
1.1523e-08
2.14168e-13
-7.41044e-14
9.9681e-09
-1.13663e-13
2.83982e-13
7.10616e-09
5.41018e-13
2.82279e-09
4.50604e-13
6.8045e-13
4.57189e-09
5.01743e-13
-1.55167e-13
9.9315e-09
5.96816e-13
-2.43594e-13
1.25269e-08
5.0305e-14
-3.82422e-13
1.36861e-08
1.13438e-13
4.54225e-14
1.4163e-08
-4.52442e-13
-8.63199e-14
1.4163e-08
-4.8394e-13
-1.3505e-13
1.36862e-08
-5.99868e-13
-1.55892e-13
1.25269e-08
-1.18293e-13
-2.59315e-13
9.93147e-09
3.41905e-13
4.57191e-09
3.04069e-13
3.59065e-13
5.67044e-09
3.62693e-13
-2.35344e-13
1.14124e-08
1.41605e-13
1.36374e-13
1.3732e-08
-3.59123e-14
-2.28662e-13
1.47023e-08
-1.64572e-13
7.61882e-14
1.51131e-08
-6.0015e-14
4.52782e-14
1.51131e-08
-1.77956e-13
1.68977e-15
1.47023e-08
-5.09211e-13
1.21861e-13
1.37319e-08
-2.54477e-13
-2.30492e-13
1.14124e-08
1.54121e-13
5.67046e-09
2.36811e-13
-3.74848e-14
5.67039e-09
4.71928e-13
-5.82225e-13
1.14124e-08
5.61276e-14
2.02451e-13
1.3732e-08
2.30613e-13
1.61747e-13
1.47023e-08
-1.32507e-13
2.54009e-13
1.51132e-08
-3.8126e-14
2.32953e-13
1.51132e-08
-2.14029e-13
1.05887e-13
1.47023e-08
-2.77256e-13
6.02582e-13
1.3732e-08
-1.25782e-13
-6.41156e-13
1.14124e-08
-1.33297e-13
5.67046e-09
-1.29073e-13
1.56715e-13
4.57187e-09
3.68493e-13
-1.085e-12
9.93145e-09
4.36094e-13
4.59282e-13
1.25268e-08
7.74217e-14
2.4414e-13
1.36862e-08
-1.22882e-13
2.91113e-13
1.4163e-08
-2.5921e-13
4.5831e-13
1.41629e-08
-3.70659e-13
5.42706e-13
1.36862e-08
-8.54826e-13
6.96799e-13
1.25269e-08
-2.81229e-13
-1.30482e-12
9.93146e-09
-2.01142e-13
4.57195e-09
7.29586e-14
-5.67726e-14
2.82277e-09
9.9004e-14
-9.48521e-13
7.10609e-09
2.62477e-13
4.92358e-13
9.96805e-09
6.62596e-14
1.4593e-13
1.15229e-08
1.0482e-13
2.89377e-13
1.21892e-08
-8.82626e-14
4.042e-13
1.21892e-08
1.06238e-13
5.68548e-13
1.1523e-08
-1.17955e-13
9.26096e-13
9.96806e-09
-4.47873e-13
-9.9669e-13
7.10611e-09
-6.33133e-13
2.82278e-09
1.05517e-13
-3.52529e-13
1.16358e-09
-6.27584e-13
3.13916e-15
3.62381e-09
-4.84354e-13
4.39081e-13
6.03563e-09
-2.01227e-13
-8.74529e-15
7.80568e-09
2.09785e-13
1.33517e-13
8.69854e-09
4.67883e-13
1.02148e-13
8.69849e-09
8.83411e-13
-8.77075e-14
7.80564e-09
1.35729e-12
4.32993e-13
6.03562e-09
2.74757e-13
3.77225e-13
3.62381e-09
-6.13298e-13
1.16362e-09
-2.86003e-13
2.02886e-10
-5.71874e-13
8.61354e-10
-3.73415e-13
1.83648e-09
-3.96392e-13
2.77609e-09
-2.40073e-13
3.34297e-09
-8.99909e-14
3.34294e-09
-3.25461e-13
2.77609e-09
3.12128e-13
1.83643e-09
3.50403e-13
8.61329e-10
2.02886e-10
-7.6824e-13
6.43985e-13
2.0288e-10
-2.43951e-13
-6.51137e-13
8.61337e-10
-3.91834e-13
1.1836e-13
1.83638e-09
-3.71629e-13
9.8391e-14
2.77604e-09
-1.75857e-13
-2.3166e-13
3.34293e-09
1.48884e-13
-1.44251e-13
3.34298e-09
-2.20379e-13
3.643e-13
2.77606e-09
-4.07832e-13
1.65577e-13
1.83642e-09
3.20547e-13
-8.96578e-13
8.61319e-10
2.60426e-13
2.02879e-10
-6.37375e-13
1.28939e-12
1.16362e-09
-1.06808e-12
2.92078e-14
3.62392e-09
-7.15578e-13
-3.10124e-13
6.03563e-09
-1.22576e-13
-3.30913e-13
7.80559e-09
-7.8886e-14
-6.8058e-13
8.69845e-09
3.93159e-13
-3.17741e-13
8.69848e-09
6.55896e-13
1.60174e-13
7.80562e-09
7.31571e-13
1.99542e-13
6.03566e-09
6.99859e-14
-1.98075e-13
3.62392e-09
2.93488e-13
1.16363e-09
3.72107e-13
1.03927e-12
2.82277e-09
6.47343e-15
3.49299e-13
7.10611e-09
-2.74651e-14
-2.47629e-13
9.96806e-09
1.36348e-13
-2.89898e-13
1.1523e-08
-1.96751e-13
-3.07506e-13
1.21892e-08
-4.25459e-13
-1.00502e-13
1.21892e-08
-1.24406e-13
-1.2931e-13
1.1523e-08
1.58191e-13
-6.99959e-14
9.96802e-09
-1.23585e-13
1.51582e-13
7.1061e-09
4.17103e-13
2.82277e-09
4.00868e-13
6.75543e-13
4.572e-09
5.59972e-13
-5.55067e-14
9.93153e-09
1.29336e-13
-7.63532e-14
1.25268e-08
1.28067e-13
-5.49406e-14
1.36862e-08
3.69411e-14
1.96891e-13
1.4163e-08
-2.77827e-13
1.56633e-13
1.4163e-08
-2.76356e-13
-1.45008e-14
1.36862e-08
-2.85373e-13
-1.35104e-13
1.25267e-08
2.45827e-13
-2.80859e-13
9.93147e-09
3.56363e-13
4.57193e-09
2.36169e-13
1.65853e-13
5.67039e-09
4.99582e-13
-1.82083e-13
1.14124e-08
2.8853e-13
2.80505e-13
1.3732e-08
1.35486e-13
-8.54501e-14
1.47023e-08
4.56767e-14
1.2844e-13
1.51132e-08
4.67903e-14
1.77123e-13
1.51132e-08
9.46657e-14
-7.33843e-14
1.47023e-08
-2.20268e-13
1.64043e-14
1.37319e-08
-1.53655e-13
-1.63329e-13
1.14124e-08
3.74123e-13
5.67038e-09
1.56058e-13
1.0411e-13
5.67043e-09
3.69418e-13
-2.79211e-13
1.14124e-08
2.52258e-13
5.50323e-13
1.3732e-08
7.49586e-14
3.77349e-14
1.47023e-08
-3.47403e-14
7.88822e-14
1.51132e-08
-1.57995e-13
5.95904e-14
1.51131e-08
-1.91095e-13
-3.09138e-14
1.47023e-08
-1.82386e-13
3.66016e-13
1.3732e-08
-7.33863e-14
-6.10262e-13
1.14123e-08
1.69377e-13
5.67035e-09
1.1777e-13
7.52e-14
4.57189e-09
4.56017e-13
-1.12643e-12
9.93144e-09
5.04463e-13
6.434e-13
1.25269e-08
5.50268e-14
2.11427e-13
1.36862e-08
-8.00884e-14
2.97403e-13
1.4163e-08
-2.66381e-13
3.63624e-13
1.4163e-08
-5.26547e-13
5.02257e-13
1.36862e-08
-9.89894e-13
6.13488e-13
1.25268e-08
-3.06773e-13
-1.19036e-12
9.9315e-09
1.61845e-13
4.57188e-09
5.13058e-13
-2.86082e-13
2.82271e-09
4.47977e-13
-1.16637e-12
7.10616e-09
2.1886e-13
5.73714e-13
9.9682e-09
-1.22425e-14
3.42304e-13
1.15231e-08
-1.27569e-13
3.10584e-13
1.21892e-08
-1.14496e-13
3.6897e-13
1.21892e-08
-2.91893e-13
4.50073e-13
1.1523e-08
-6.61954e-13
7.92247e-13
9.96813e-09
-6.91877e-13
-1.0872e-12
7.10609e-09
-5.03249e-13
2.82268e-09
-6.31512e-14
-3.17261e-13
1.16361e-09
-9.14958e-13
-7.83081e-14
3.624e-09
-7.36685e-13
4.89775e-13
6.03578e-09
-5.95517e-13
8.56915e-14
7.80565e-09
-2.73905e-14
2.01474e-13
8.69843e-09
4.55459e-13
-1.11641e-14
8.69843e-09
8.83954e-13
1.52032e-14
7.8056e-09
1.03903e-12
4.83011e-13
6.03566e-09
1.92849e-13
-1.16565e-13
3.62392e-09
-5.49678e-13
1.1636e-09
-5.714e-13
2.02879e-10
-1.0239e-12
8.61317e-10
-4.07388e-13
1.83637e-09
-2.80896e-13
2.776e-09
-1.00272e-13
3.34291e-09
1.18516e-13
3.34292e-09
-6.74921e-14
2.77597e-09
4.19266e-13
1.83638e-09
6.68185e-13
8.61326e-10
2.02888e-10
-1.04487e-13
1.81311e-13
2.02883e-10
4.89902e-13
-1.07089e-12
8.61336e-10
6.45964e-13
2.76125e-13
1.83654e-09
-3.452e-14
3.98483e-13
2.77609e-09
1.13227e-13
-1.29172e-13
3.343e-09
1.53255e-13
-1.20472e-13
3.343e-09
-3.63752e-13
3.00856e-13
2.77607e-09
-6.71091e-13
3.63118e-13
1.83648e-09
-2.48647e-15
-6.64507e-13
8.61349e-10
2.28621e-13
2.02895e-10
7.9412e-14
6.80737e-13
1.16357e-09
-3.93659e-13
-6.37812e-13
3.62376e-09
-1.52032e-13
-3.77878e-13
6.03577e-09
9.74443e-14
2.0397e-13
7.80576e-09
-2.11165e-13
-2.95045e-13
8.69865e-09
-3.80436e-13
-2.55942e-13
8.69868e-09
-2.63375e-13
9.26038e-14
7.80577e-09
-3.94929e-14
-2.55214e-13
6.03577e-09
-8.61305e-14
-4.31569e-13
3.62371e-09
1.39048e-13
1.16354e-09
2.40651e-13
3.63948e-13
2.82278e-09
-3.5386e-13
-1.09597e-13
7.10609e-09
-1.05125e-13
-5.76129e-13
9.968e-09
4.01966e-13
-2.09812e-13
1.1523e-08
-1.02893e-13
-1.68584e-13
1.21892e-08
-1.87155e-13
5.70904e-14
1.21893e-08
1.73943e-13
-1.85097e-13
1.1523e-08
5.51722e-13
-4.37153e-13
9.96804e-09
5.06187e-14
1.03169e-13
7.10603e-09
2.54722e-13
2.82272e-09
3.87319e-13
2.9577e-13
4.57181e-09
4.84182e-13
-3.04129e-13
9.93149e-09
4.67743e-13
-1.65118e-13
1.25266e-08
2.43184e-13
-1.73845e-13
1.36863e-08
5.92334e-14
1.35539e-13
1.4163e-08
-2.42794e-13
2.4547e-14
1.4163e-08
-4.55825e-13
-2.17697e-13
1.36862e-08
-3.30118e-13
-1.07364e-13
1.25267e-08
-3.73674e-13
-2.5094e-13
9.93147e-09
3.57271e-13
4.57181e-09
-7.83374e-14
6.51738e-14
5.67039e-09
2.32447e-13
-2.97825e-13
1.14124e-08
2.42517e-13
1.97728e-13
1.37318e-08
-2.14512e-13
-2.66622e-13
1.47022e-08
-1.74952e-13
1.81038e-13
1.51131e-08
-8.11853e-16
1.99235e-13
1.51131e-08
-7.98963e-15
-1.34157e-13
1.47023e-08
-2.51698e-13
1.77013e-14
1.37318e-08
-1.34354e-13
-2.17128e-13
1.14124e-08
1.08568e-13
5.67044e-09
5.62895e-14
7.02893e-14
5.67042e-09
2.84129e-13
-7.78601e-13
1.14125e-08
2.29411e-13
4.32382e-13
1.37319e-08
7.98799e-14
-6.30283e-14
1.47022e-08
-1.58095e-13
-3.96303e-14
1.51131e-08
-1.72173e-13
1.43847e-13
1.51131e-08
-3.39949e-13
1.68517e-13
1.47023e-08
-3.67028e-13
4.66179e-13
1.37318e-08
-1.62637e-13
-5.08792e-13
1.14124e-08
9.21526e-14
5.67034e-09
1.93238e-13
-1.58585e-13
4.57191e-09
7.8596e-13
-1.45065e-12
9.93157e-09
4.58224e-13
7.90535e-13
1.25267e-08
4.93984e-14
3.53428e-13
1.36862e-08
2.2229e-13
2.95208e-13
1.4163e-08
1.36228e-13
1.56355e-13
1.41629e-08
-3.58912e-13
3.77532e-13
1.36861e-08
-8.5743e-13
1.02681e-12
1.25267e-08
-3.66065e-13
-9.10249e-13
9.9315e-09
-1.98909e-13
4.57182e-09
5.71317e-14
-5.72638e-13
2.82288e-09
-1.30765e-13
-8.23044e-13
7.10615e-09
-2.27542e-13
9.2426e-13
9.96798e-09
-1.55058e-13
7.4876e-14
1.15228e-08
6.96234e-14
1.28785e-13
1.21891e-08
3.3931e-13
2.24523e-13
1.21891e-08
5.59323e-13
3.6862e-13
1.15229e-08
4.34766e-13
1.28508e-12
9.96801e-09
-1.852e-13
-3.6526e-13
7.10605e-09
-5.18445e-13
2.82282e-09
-4.07322e-13
-4.65746e-13
1.1636e-09
-1.03007e-12
2.19603e-13
3.62363e-09
-2.80052e-13
7.74738e-13
6.03557e-09
-2.08605e-14
-1.33859e-13
7.80565e-09
-1.39231e-13
-1.1966e-14
8.6986e-09
-5.36089e-14
1.04366e-14
8.69862e-09
2.92091e-13
-3.5364e-14
7.80573e-09
9.44059e-13
6.09201e-13
6.03572e-09
1.31895e-13
1.44435e-13
3.6237e-09
-2.65397e-13
1.16358e-09
-4.03841e-13
2.02872e-10
1.02484e-13
8.61341e-10
2.72342e-13
1.8365e-09
9.31079e-15
2.77612e-09
-1.70779e-13
3.34301e-09
-4.73462e-14
3.343e-09
-2.63068e-13
2.77613e-09
1.87007e-13
1.83649e-09
3.04048e-13
8.61341e-10
2.02878e-10
-6.0907e-13
6.04679e-13
2.02878e-10
-3.50654e-13
-6.78199e-13
8.61322e-10
-6.15761e-13
5.06387e-13
1.83633e-09
-5.54451e-13
-2.75668e-13
2.77603e-09
1.6322e-13
-3.82416e-13
3.34296e-09
2.22349e-13
-2.395e-13
3.34291e-09
3.00195e-13
7.5323e-14
2.77603e-09
-5.97335e-14
7.15797e-13
1.83633e-09
2.49351e-13
-7.50772e-13
8.61302e-10
5.94915e-13
2.02874e-10
-4.49852e-13
1.33444e-12
1.16361e-09
-1.05763e-12
-2.94992e-13
3.62394e-09
-8.21132e-13
8.5432e-13
6.03555e-09
-2.22404e-13
-7.33508e-13
7.80559e-09
5.74691e-13
-8.04208e-13
8.69845e-09
9.69971e-13
-7.15368e-13
8.69843e-09
1.69902e-12
-3.75036e-13
7.80557e-09
1.2936e-12
1.25804e-12
6.03547e-09
5.63087e-13
1.96347e-13
3.62394e-09
8.75375e-13
1.16364e-09
4.07564e-13
7.31184e-13
2.82274e-09
3.65672e-13
-9.46633e-14
7.10616e-09
2.42323e-13
6.62815e-13
9.96818e-09
1.75823e-13
-8.049e-13
1.1523e-08
-1.85229e-13
-4.49738e-13
1.21892e-08
-2.83213e-13
-3.50405e-13
1.21892e-08
-2.38113e-13
-6.69182e-13
1.15229e-08
-1.74273e-13
1.16334e-12
9.96807e-09
-3.61436e-13
8.48467e-14
7.10616e-09
3.81945e-13
2.82277e-09
5.01864e-13
4.05862e-13
4.57189e-09
5.74927e-13
-2.47344e-13
9.93138e-09
6.84168e-13
4.28046e-13
1.25269e-08
3.82278e-13
-2.57765e-13
1.36861e-08
1.04033e-14
7.93986e-14
1.4163e-08
-4.22295e-13
-2.427e-14
1.41629e-08
-6.70537e-13
-2.58543e-13
1.36861e-08
-5.26029e-13
5.22125e-13
1.25269e-08
-1.16179e-13
-3.11683e-13
9.93145e-09
-1.32724e-14
4.57195e-09
3.11692e-13
3.05718e-14
5.67041e-09
3.26503e-13
-1.62522e-14
1.14123e-08
1.51607e-13
2.42669e-13
1.3732e-08
1.08616e-13
-9.21514e-14
1.47023e-08
-6.18084e-14
2.85496e-14
1.51131e-08
-1.9013e-14
1.83101e-13
1.51131e-08
-1.66089e-13
-6.47995e-14
1.47022e-08
-2.29381e-13
2.61292e-13
1.37321e-08
-1.76965e-13
-2.57433e-13
1.14124e-08
-4.06444e-13
5.67039e-09
2.88102e-13
-1.7272e-13
5.67036e-09
2.01658e-13
1.55264e-13
1.14123e-08
1.43754e-14
1.76868e-13
1.3732e-08
3.96558e-14
2.03129e-14
1.47022e-08
3.41592e-14
2.01461e-13
1.51131e-08
-2.14604e-13
1.85693e-13
1.51131e-08
-2.81995e-13
6.30127e-14
1.47022e-08
-3.70547e-13
7.33976e-14
1.37321e-08
-3.38182e-13
-1.87014e-13
1.14123e-08
-7.00329e-13
5.67048e-09
1.55518e-14
-1.4467e-13
4.57179e-09
4.47386e-13
-9.53378e-14
9.93138e-09
6.42444e-13
1.00281e-13
1.25268e-08
4.87809e-13
9.73732e-14
1.36862e-08
2.04476e-13
2.89297e-13
1.41629e-08
-1.20838e-13
3.99949e-13
1.41629e-08
-4.27159e-13
4.9699e-13
1.36861e-08
-4.53956e-13
2.21719e-13
1.25269e-08
-1.13994e-13
-7.5668e-13
9.93143e-09
-1.30781e-12
4.57196e-09
4.55036e-13
-4.2614e-13
2.82263e-09
7.72917e-13
-3.92993e-13
7.10609e-09
5.23899e-13
-7.67846e-14
9.96811e-09
4.00041e-13
-1.46362e-13
1.1523e-08
8.42122e-14
3.94051e-13
1.21892e-08
1.4908e-13
6.49886e-13
1.21892e-08
8.98818e-14
4.41566e-13
1.1523e-08
-2.82654e-13
1.99103e-13
9.96804e-09
-3.03805e-13
-8.31989e-13
7.10619e-09
-1.5227e-12
2.82278e-09
2.14954e-13
-4.31053e-13
1.16359e-09
-6.10849e-13
1.93165e-14
3.62402e-09
-6.1269e-13
-2.59318e-14
6.03568e-09
-3.02274e-13
-1.22733e-13
7.80562e-09
5.85781e-14
1.42205e-13
8.69842e-09
7.74041e-13
2.01661e-13
8.69842e-09
1.30494e-12
9.57632e-15
7.80556e-09
1.87348e-12
2.46805e-13
6.03558e-09
7.27064e-13
-9.41099e-14
3.62395e-09
-6.23862e-13
1.16364e-09
-1.24022e-14
2.02891e-10
-5.72241e-13
8.61332e-10
-1.84185e-13
1.83633e-09
-1.87887e-13
2.77599e-09
-8.43186e-14
3.34292e-09
2.08414e-13
3.34293e-09
6.83049e-14
2.77602e-09
8.11867e-13
1.83637e-09
6.12265e-13
8.61311e-10
2.02885e-10
-2.65432e-13
6.04607e-13
2.02881e-10
5.76589e-13
-8.10132e-13
8.61338e-10
1.4435e-13
-1.16669e-13
1.83644e-09
1.85926e-13
4.13828e-13
2.77609e-09
9.32137e-14
-2.67754e-13
3.34298e-09
5.69847e-14
-2.16767e-13
3.34296e-09
-2.61484e-13
4.11483e-13
2.77607e-09
-4.35375e-13
2.83779e-13
1.83644e-09
-2.53723e-14
-7.10293e-13
8.6136e-10
1.64101e-13
2.02888e-10
-1.29962e-13
8.30032e-13
1.16361e-09
-5.90024e-13
-4.56518e-13
3.62376e-09
-3.17151e-13
-3.53394e-13
6.03559e-09
-4.37322e-14
6.93593e-14
7.80573e-09
-1.65014e-13
-4.12766e-13
8.69858e-09
9.71923e-14
-2.65217e-13
8.69852e-09
-6.06423e-14
-1.81693e-13
7.80564e-09
3.56646e-13
-1.0802e-13
6.03559e-09
-1.27354e-13
-3.2393e-13
3.62382e-09
3.16342e-13
1.16363e-09
2.20105e-13
3.48661e-13
2.82273e-09
-3.36058e-13
5.89668e-14
7.10614e-09
-1.38998e-13
-4.45976e-13
9.968e-09
3.392e-13
-3.41529e-13
1.15229e-08
3.01038e-13
-1.97579e-13
1.21892e-08
1.14486e-13
-1.00264e-13
1.21891e-08
4.40669e-13
-2.38227e-13
1.15229e-08
5.52744e-13
-2.67188e-13
9.96799e-09
2.33892e-13
2.24278e-13
7.10618e-09
3.71247e-13
2.82289e-09
1.29911e-13
4.337e-13
4.5718e-09
4.50972e-13
-9.29556e-14
9.93146e-09
3.45732e-13
1.38219e-14
1.25268e-08
3.13095e-14
-2.00911e-13
1.36862e-08
-1.17669e-13
-3.32843e-14
1.41629e-08
-3.35595e-13
2.66662e-14
1.41629e-08
-5.7384e-13
-1.34829e-13
1.36861e-08
-6.41972e-13
5.62671e-14
1.25268e-08
-2.63253e-13
4.29531e-14
9.93148e-09
3.53709e-13
4.57184e-09
3.71996e-14
2.17161e-13
5.67037e-09
2.55774e-13
-9.06618e-14
1.14123e-08
-1.17213e-13
1.40753e-13
1.37319e-08
-3.30023e-13
-3.81962e-13
1.47022e-08
-2.11783e-13
-3.62381e-14
1.51131e-08
-8.397e-14
1.10984e-13
1.51131e-08
-1.11548e-13
-1.35175e-13
1.47022e-08
-2.75003e-13
1.60441e-13
1.37319e-08
-2.47354e-13
-3.59301e-13
1.14123e-08
7.32173e-14
5.67039e-09
4.46966e-14
9.43945e-14
5.67034e-09
2.22577e-13
-4.18309e-13
1.14123e-08
6.74677e-15
4.38735e-13
1.37319e-08
1.4197e-14
8.35196e-14
1.47023e-08
-1.39397e-13
4.0827e-14
1.5113e-08
-7.42054e-14
5.05798e-14
1.51131e-08
-1.4781e-13
-1.39337e-14
1.47023e-08
-2.82001e-13
4.63413e-13
1.37319e-08
-9.04648e-14
-4.53047e-13
1.14123e-08
1.85583e-13
5.6704e-09
2.93524e-13
1.0059e-13
4.57187e-09
7.07755e-13
-9.43306e-13
9.93147e-09
5.92254e-13
1.03169e-12
1.25268e-08
3.31618e-13
4.39807e-13
1.36861e-08
-7.5747e-15
7.25333e-14
1.41629e-08
-2.78124e-13
9.87395e-14
1.4163e-08
-5.95735e-13
2.87997e-13
1.36862e-08
-8.59022e-13
8.00365e-13
1.25268e-08
-3.60925e-13
-7.73517e-13
9.93143e-09
1.94984e-13
4.57185e-09
2.26497e-13
-3.70646e-13
2.82283e-09
-8.509e-14
-5.60304e-13
7.10615e-09
-3.04454e-13
9.45819e-13
9.96798e-09
2.5098e-14
1.62824e-13
1.15229e-08
1.40466e-13
2.03559e-13
1.21893e-08
-1.03103e-13
2.10808e-13
1.21892e-08
5.52875e-14
2.6555e-13
1.15229e-08
5.70976e-14
1.00087e-12
9.96804e-09
-3.57583e-13
-3.52921e-13
7.10613e-09
-1.52903e-13
2.82277e-09
-1.69789e-13
-3.81145e-13
1.16359e-09
-8.17657e-13
1.62993e-13
3.62369e-09
-3.30383e-13
6.30627e-13
6.03558e-09
1.80182e-13
6.11264e-15
7.80571e-09
-3.0013e-14
5.95675e-14
8.69859e-09
-1.43138e-13
5.37985e-15
8.69862e-09
-5.16676e-14
-1.72092e-13
7.80581e-09
5.47596e-13
3.07095e-13
6.03571e-09
1.61541e-14
1.37591e-13
3.62378e-09
-1.9908e-13
1.16357e-09
-3.16202e-13
2.02879e-10
6.54334e-14
8.61327e-10
4.54253e-13
1.83649e-09
2.49028e-13
2.77611e-09
-1.29669e-13
3.34299e-09
1.82629e-13
3.34301e-09
-3.91678e-13
2.77613e-09
-1.14653e-13
1.83649e-09
2.47748e-13
8.61358e-10
2.02878e-10
-8.922e-13
1.04157e-12
2.02877e-10
-2.1077e-13
-5.8308e-13
8.61287e-10
-7.59363e-13
2.54658e-14
1.8364e-09
-5.51872e-13
1.87357e-13
2.776e-09
-2.15682e-13
-2.64691e-13
3.34293e-09
1.27157e-13
-2.90002e-13
3.34294e-09
-2.37875e-13
4.4547e-13
2.77603e-09
-7.76095e-13
4.05525e-13
1.83648e-09
1.47771e-13
-7.69426e-13
8.61352e-10
2.32142e-13
2.02902e-10
-6.69202e-13
1.29837e-12
1.16354e-09
-1.32885e-12
1.65667e-13
3.62387e-09
-8.39393e-13
-2.1295e-13
6.03577e-09
-5.85017e-13
-3.06371e-13
7.8055e-09
-2.71354e-13
-6.37789e-13
8.69847e-09
2.14441e-13
-5.08685e-13
8.69851e-09
4.7626e-13
8.24178e-14
7.80567e-09
3.52518e-13
5.62692e-14
6.03579e-09
-1.14929e-13
-2.05985e-13
3.62385e-09
3.09775e-13
1.16359e-09
3.90605e-13
1.21602e-12
2.82284e-09
1.28059e-13
5.96241e-13
7.10611e-09
8.36373e-14
-3.67557e-13
9.96802e-09
1.9739e-13
-3.87688e-13
1.1523e-08
-1.48302e-13
-2.91124e-13
1.21892e-08
-3.34149e-13
-1.53883e-13
1.21892e-08
-2.33295e-13
-3.70529e-14
1.15231e-08
4.44289e-15
-3.18165e-13
9.96809e-09
-2.44029e-17
1.1069e-15
7.10599e-09
2.94029e-13
2.82264e-09
4.4279e-13
4.69357e-13
4.57193e-09
6.86785e-13
-6.99732e-15
9.93148e-09
4.15643e-13
-1.51755e-13
1.25266e-08
2.49816e-13
-2.22896e-13
1.36863e-08
1.18363e-13
6.28129e-15
1.4163e-08
-1.89243e-13
-2.40418e-14
1.41629e-08
-2.28158e-13
-4.5097e-14
1.36862e-08
-2.31486e-13
-2.82738e-13
1.25266e-08
2.00135e-13
-3.62598e-13
9.93148e-09
1.3127e-13
4.57185e-09
3.29931e-13
7.57227e-14
5.6704e-09
3.75684e-13
-9.26141e-14
1.14125e-08
2.31156e-13
1.70355e-13
1.37319e-08
-8.98588e-14
-3.58802e-13
1.47023e-08
9.85944e-14
6.78671e-14
1.51131e-08
-9.06049e-15
7.85382e-14
1.51132e-08
-6.10646e-15
5.85471e-14
1.47023e-08
-2.01658e-13
2.11505e-14
1.37318e-08
-2.52706e-13
-3.77786e-13
1.14124e-08
2.6714e-13
5.67038e-09
2.45949e-13
9.12065e-14
5.67043e-09
1.5121e-13
-6.35572e-13
1.14125e-08
1.2312e-13
4.27422e-13
1.37319e-08
4.22188e-14
-1.04115e-13
1.47023e-08
1.24954e-13
6.39047e-14
1.51131e-08
1.07753e-14
-1.04697e-14
1.51131e-08
-2.77642e-13
3.57561e-14
1.47023e-08
-3.20287e-13
2.65504e-13
1.37318e-08
-8.12349e-14
-7.82715e-13
1.14124e-08
1.36329e-13
5.67026e-09
9.85224e-14
1.51872e-13
4.57192e-09
5.91015e-13
-1.07392e-12
9.93154e-09
4.52302e-13
5.76904e-13
1.25267e-08
2.36827e-13
1.03807e-13
1.36861e-08
-1.19724e-13
2.48443e-13
1.41629e-08
-1.54112e-13
3.16742e-13
1.4163e-08
-6.17374e-13
2.97728e-13
1.36862e-08
-7.25316e-13
4.3491e-13
1.25267e-08
-2.26345e-13
-1.5389e-12
9.93149e-09
2.01094e-14
4.57185e-09
3.00723e-13
-2.86706e-13
2.82274e-09
3.69945e-13
-1.18213e-12
7.10608e-09
1.65161e-13
5.86911e-13
9.96808e-09
3.75605e-13
3.76062e-13
1.1523e-08
-2.90418e-14
4.60647e-13
1.21892e-08
2.33474e-14
4.94745e-13
1.21892e-08
-2.80921e-13
4.19531e-13
1.1523e-08
-3.25977e-13
6.59613e-13
9.96815e-09
-7.15941e-13
-1.33433e-12
7.1061e-09
-9.22834e-13
2.82273e-09
-4.71742e-14
-5.31089e-13
1.16359e-09
-8.03392e-13
-4.11948e-13
3.6239e-09
-8.09634e-13
1.03351e-13
6.0357e-09
-2.81603e-13
-2.33218e-14
7.80562e-09
1.32597e-13
1.50754e-13
8.69843e-09
6.0103e-13
1.2419e-13
8.69844e-09
1.10967e-12
-1.0369e-13
7.80553e-09
1.46243e-12
1.21203e-13
6.03568e-09
2.05679e-13
-2.29291e-13
3.62381e-09
-6.38321e-13
1.16363e-09
-5.49902e-13
2.02882e-10
-9.44012e-13
8.61315e-10
-7.15522e-13
1.83636e-09
-4.61731e-13
2.77599e-09
-1.09815e-13
3.3429e-09
3.21799e-13
3.34286e-09
2.80312e-13
2.77593e-09
4.92704e-13
1.83637e-09
5.70866e-13
8.61299e-10
2.02882e-10
-2.92823e-13
1.75454e-13
2.02892e-10
6.9093e-13
-8.05681e-13
8.61382e-10
2.00203e-13
6.7225e-13
1.83641e-09
-2.84661e-14
-1.04389e-13
2.77609e-09
2.84421e-13
-2.24341e-13
3.34291e-09
4.39969e-13
-1.13092e-13
3.34293e-09
4.06982e-13
1.52821e-13
2.77611e-09
-3.69611e-13
5.79089e-13
1.83642e-09
4.6461e-13
-8.12909e-13
8.61363e-10
1.02524e-13
2.02866e-10
1.26802e-13
6.40939e-13
1.16369e-09
-6.68971e-13
-7.84887e-13
3.62376e-09
-8.5466e-13
9.10515e-13
6.03563e-09
-3.32976e-13
-3.12282e-13
7.80574e-09
-1.84402e-13
-4.39821e-13
8.69862e-09
-9.55964e-15
-3.82238e-13
8.69863e-09
2.87687e-13
-3.36055e-13
7.80571e-09
2.61607e-13
9.20091e-13
6.03565e-09
2.59455e-13
-5.09151e-13
3.62376e-09
3.53674e-13
1.16363e-09
8.34501e-14
3.19436e-15
2.82274e-09
-4.38923e-13
-4.29183e-13
7.10611e-09
-3.20383e-13
9.69907e-13
9.96819e-09
1.69367e-13
-6.39111e-13
1.1523e-08
-1.4372e-13
-3.23999e-13
1.21892e-08
-1.7602e-13
-2.65067e-13
1.21893e-08
1.51579e-13
-6.47996e-13
1.1523e-08
2.61975e-13
7.81077e-13
9.96822e-09
-2.42134e-13
-3.05539e-13
7.10607e-09
1.74983e-13
2.82272e-09
2.52729e-13
1.80627e-13
4.57191e-09
4.61153e-13
-6.01673e-14
9.93137e-09
4.67852e-13
6.01035e-13
1.25268e-08
3.70859e-13
-4.27959e-13
1.36862e-08
-2.71414e-13
-1.47104e-13
1.4163e-08
-5.04695e-13
1.6957e-13
1.41631e-08
-6.8885e-13
-2.75747e-13
1.36863e-08
-6.16294e-13
4.1549e-13
1.25268e-08
-3.08969e-13
-3.03025e-13
9.93138e-09
-3.10207e-14
4.57185e-09
1.44195e-13
7.05474e-14
5.67041e-09
4.83964e-15
9.54705e-14
1.14123e-08
1.47283e-13
3.45883e-13
1.37319e-08
9.96339e-14
-1.93031e-13
1.47023e-08
-6.55818e-15
-6.60187e-14
1.51131e-08
-1.52712e-13
9.47893e-14
1.51132e-08
-1.76871e-13
-4.40256e-14
1.47024e-08
-1.70802e-13
2.30616e-13
1.3732e-08
-7.36456e-14
-3.54181e-13
1.14124e-08
-3.63478e-13
5.67035e-09
9.54783e-14
-4.81255e-14
5.67045e-09
-7.56456e-15
3.05077e-13
1.14124e-08
1.87817e-14
2.53623e-13
1.37319e-08
3.55217e-14
-1.91665e-13
1.47022e-08
-9.71346e-14
-3.87546e-15
1.51131e-08
-1.66056e-13
1.14659e-13
1.51131e-08
-2.75155e-13
5.18388e-14
1.47022e-08
-2.84487e-13
2.2446e-13
1.37319e-08
-2.8952e-13
-3.82439e-13
1.14123e-08
-5.77996e-13
5.67041e-09
3.91574e-13
-3.45689e-13
4.57182e-09
6.8878e-13
-6.47618e-14
9.93143e-09
5.29456e-13
2.81248e-13
1.25268e-08
2.28885e-13
8.31559e-14
1.36863e-08
-1.07241e-13
3.16189e-13
1.4163e-08
-1.4163e-13
2.17315e-13
1.4163e-08
-3.21216e-13
2.94492e-13
1.36863e-08
-5.73789e-13
4.29221e-13
1.25268e-08
-2.92845e-13
-2.98212e-13
9.93142e-09
-1.00508e-12
4.57179e-09
1.93852e-13
-4.43834e-13
2.82273e-09
1.1877e-13
3.89021e-13
7.10629e-09
-3.31177e-13
5.5455e-13
9.96813e-09
1.88029e-13
7.87573e-14
1.1523e-08
-1.40904e-13
2.63737e-14
1.21892e-08
2.19895e-13
6.7161e-14
1.21892e-08
6.53989e-13
3.14977e-13
1.1523e-08
3.33462e-13
6.80335e-13
9.96811e-09
-1.34308e-13
-1.30626e-13
7.1062e-09
-1.00938e-12
2.82268e-09
-2.24701e-13
-8.76774e-14
1.16363e-09
-6.26681e-13
5.20285e-13
3.62382e-09
-1.23499e-13
3.23457e-13
6.03563e-09
4.19687e-14
-2.12471e-13
7.80561e-09
-7.70444e-14
-2.20593e-13
8.69854e-09
5.47281e-13
6.30848e-14
8.69856e-09
5.30986e-13
-2.51224e-13
7.80568e-09
8.04153e-13
3.83402e-13
6.03567e-09
5.1402e-13
3.23053e-13
3.62385e-09
-4.51377e-13
1.16358e-09
5.99462e-14
2.02885e-10
1.60971e-13
8.6132e-10
7.26974e-13
1.83643e-09
1.16638e-13
2.77601e-09
1.12603e-13
3.34291e-09
4.43126e-14
3.34296e-09
-7.78741e-14
2.77604e-09
3.42449e-14
1.83643e-09
2.69512e-13
8.61332e-10
2.02889e-10
-2.7071e-13
-2.50391e-13
2.02883e-10
3.1622e-13
1.26769e-13
8.61299e-10
2.57944e-13
-5.90815e-14
1.83648e-09
3.75e-13
1.70073e-13
2.77612e-09
-4.756e-14
1.21487e-13
3.34315e-09
-2.00617e-13
1.9417e-14
3.34311e-09
-6.16529e-14
-8.79928e-14
2.77607e-09
-2.41385e-13
-2.03088e-14
1.83641e-09
-3.61999e-13
2.05109e-13
8.61283e-10
-3.67994e-13
2.02888e-10
8.08111e-14
-2.76939e-13
1.16354e-09
1.97737e-13
3.63159e-13
3.62382e-09
-3.19534e-13
7.66151e-14
6.0356e-09
-3.46473e-13
-1.44148e-13
7.80581e-09
-3.31316e-14
-2.48738e-13
8.69866e-09
2.79593e-13
-2.59522e-13
8.69865e-09
6.05163e-13
-3.52191e-13
7.80577e-09
1.80053e-13
3.71078e-13
6.0356e-09
9.98713e-14
4.00237e-13
3.62383e-09
-2.91864e-13
1.16355e-09
-1.70973e-13
8.65888e-14
2.82278e-09
-5.06251e-13
-5.05135e-14
7.10618e-09
-9.25256e-14
2.72698e-13
9.96787e-09
-2.87035e-13
-2.60945e-13
1.15229e-08
8.27339e-14
-8.67141e-14
1.21892e-08
-1.81471e-13
-3.27194e-13
1.21892e-08
2.02485e-13
-3.58512e-13
1.15229e-08
2.83793e-13
3.04683e-13
9.96794e-09
3.06656e-13
1.04932e-13
7.10625e-09
1.45841e-13
2.8228e-09
-3.53466e-15
2.77254e-13
4.57172e-09
-2.39474e-13
-9.0186e-14
9.93149e-09
1.15047e-13
3.73168e-13
1.25268e-08
5.34716e-15
-6.03872e-14
1.36861e-08
-5.23813e-14
-1.06532e-13
1.41629e-08
-2.03695e-13
-1.75088e-13
1.41629e-08
-2.02996e-13
-2.35509e-14
1.36862e-08
-8.23179e-14
3.93303e-13
1.25268e-08
9.10285e-15
-7.89024e-14
9.93162e-09
1.03579e-13
4.57185e-09
8.5281e-14
3.60352e-13
5.6703e-09
1.4915e-13
6.65441e-14
1.14123e-08
2.25924e-13
2.00366e-13
1.37319e-08
6.48638e-15
2.91756e-14
1.47022e-08
7.53752e-14
1.20031e-13
1.51131e-08
-5.92563e-14
-5.40978e-14
1.51131e-08
-1.31882e-13
-4.48176e-14
1.47022e-08
-2.34503e-13
-9.03893e-14
1.37318e-08
-2.1301e-13
-2.76627e-13
1.14123e-08
-3.32506e-14
5.67036e-09
-7.69716e-15
4.3937e-13
5.67026e-09
-1.35894e-13
-2.40226e-14
1.14123e-08
6.15949e-14
1.0146e-13
1.37319e-08
-2.67699e-14
7.22969e-14
1.47022e-08
-6.23581e-14
-1.26522e-13
1.51131e-08
-7.11964e-14
1.09462e-13
1.5113e-08
-3.33678e-13
7.23159e-14
1.47022e-08
-3.26851e-13
3.35712e-13
1.37319e-08
-2.84766e-13
1.23622e-13
1.14123e-08
-9.87759e-14
5.67033e-09
-3.09475e-14
5.51159e-13
4.5719e-09
-4.53704e-13
3.12302e-13
9.93151e-09
-3.7858e-13
4.59521e-13
1.25268e-08
-2.35737e-13
1.07951e-13
1.3686e-08
-9.77935e-14
-2.52096e-13
1.41629e-08
-1.04312e-13
-9.59401e-15
1.41629e-08
2.36476e-13
3.05189e-13
1.36861e-08
-1.33034e-13
3.37161e-13
1.25268e-08
-4.5753e-13
1.46386e-14
9.93151e-09
-7.09675e-13
4.57187e-09
-1.07318e-13
5.19494e-13
2.82287e-09
-5.49583e-13
8.08666e-13
7.10608e-09
-2.87881e-13
5.41444e-13
9.96794e-09
1.51295e-13
-2.15861e-13
1.15229e-08
9.37411e-14
-3.31041e-13
1.21892e-08
1.16473e-13
-7.9252e-14
1.21892e-08
5.68939e-13
-1.22262e-13
1.15229e-08
8.52846e-13
3.982e-13
9.968e-09
2.12219e-13
4.97341e-13
7.10608e-09
-4.18907e-13
2.82289e-09
4.0077e-14
2.57322e-13
1.16357e-09
2.71793e-13
7.89354e-13
3.6237e-09
1.42129e-13
6.44572e-14
6.03557e-09
3.65213e-13
-3.61638e-13
7.80575e-09
3.17438e-13
-2.58766e-13
8.69862e-09
-8.70986e-14
-3.08549e-13
8.69861e-09
2.70164e-13
-2.97016e-13
7.8058e-09
5.86577e-13
-1.2956e-14
6.03568e-09
3.48707e-13
7.9681e-13
3.62381e-09
7.75952e-14
1.1636e-09
4.79168e-13
2.02879e-10
1.27714e-12
8.61351e-10
9.01156e-13
1.83647e-09
7.73231e-13
2.77619e-09
1.35728e-13
3.34306e-09
-4.56759e-13
3.34307e-09
-1.03918e-12
2.77615e-09
-8.25288e-13
1.83646e-09
-2.00799e-13
8.61365e-10
2.02888e-10
-8.54178e-13
6.61783e-13
2.0289e-10
-1.42406e-13
-2.31057e-13
8.61354e-10
-7.71669e-13
7.68362e-13
1.83638e-09
-6.73266e-13
-1.38032e-13
2.77608e-09
-2.92631e-13
-3.07915e-13
3.34294e-09
1.06764e-13
-2.77084e-13
3.34297e-09
1.03401e-14
1.09213e-15
2.77609e-09
-3.95448e-13
6.49696e-13
1.83638e-09
1.8721e-13
-9.66876e-13
8.61322e-10
2.53711e-13
2.02873e-10
-2.80108e-13
1.14167e-12
1.1636e-09
-1.14623e-12
-1.58403e-13
3.62385e-09
-1.31139e-12
9.74758e-13
6.03552e-09
-6.96563e-13
-7.4406e-13
7.80567e-09
-1.44119e-13
-5.99337e-13
8.69856e-09
4.70188e-13
-6.8095e-13
8.69854e-09
9.55131e-13
-4.54028e-13
7.80566e-09
6.68581e-13
1.19198e-12
6.03544e-09
2.1076e-13
-2.15786e-13
3.62386e-09
4.6357e-13
1.16361e-09
1.66852e-13
7.83403e-13
2.82273e-09
5.62522e-14
6.83927e-14
7.10617e-09
-1.01421e-13
1.02332e-12
9.96806e-09
1.1944e-14
-6.41321e-13
1.15229e-08
-6.47724e-14
-4.4076e-13
1.21891e-08
4.45109e-14
-5.08262e-13
1.21891e-08
-3.59432e-14
-7.39939e-13
1.15228e-08
-1.06704e-13
1.1151e-12
9.96808e-09
-2.32354e-13
1.08159e-13
7.10625e-09
1.05759e-13
2.82279e-09
3.44133e-13
5.67273e-13
4.57184e-09
5.74743e-13
-1.05789e-13
9.93136e-09
6.20421e-13
5.98569e-13
1.25269e-08
4.45067e-13
-2.76848e-13
1.36861e-08
9.88263e-14
-1.32368e-13
1.4163e-08
-3.75373e-13
-5.88799e-14
1.4163e-08
-6.47052e-13
-5.11873e-13
1.36861e-08
-4.84309e-13
3.55545e-13
1.2527e-08
-2.75961e-13
-5.14842e-13
9.93139e-09
5.41387e-14
4.57184e-09
3.21334e-13
-2.27637e-14
5.67029e-09
1.814e-13
2.99982e-14
1.14122e-08
2.27319e-13
2.7312e-13
1.3732e-08
1.7133e-13
-1.13033e-13
1.47022e-08
1.12321e-13
2.91162e-14
1.51132e-08
-2.22151e-13
1.267e-13
1.51131e-08
-1.07177e-13
-1.88537e-14
1.47022e-08
-2.28251e-13
2.45099e-13
1.3732e-08
-1.76871e-13
-1.07051e-13
1.14123e-08
-2.72075e-13
5.67032e-09
2.66662e-13
-2.13566e-13
5.67036e-09
6.52453e-14
7.75999e-14
1.14122e-08
1.07036e-13
1.01437e-13
1.3732e-08
1.03216e-13
-1.25709e-13
1.47022e-08
7.01296e-14
1.58954e-13
1.51131e-08
-8.35834e-14
1.66646e-13
1.51132e-08
-1.67457e-13
5.86922e-14
1.47022e-08
-1.86991e-13
2.54267e-13
1.3732e-08
-3.39841e-13
2.33597e-14
1.14122e-08
-8.0258e-13
5.67042e-09
-9.33616e-14
-8.65269e-14
4.57184e-09
3.7845e-13
-1.38876e-13
9.93141e-09
4.53381e-13
-9.24542e-14
1.25269e-08
2.60894e-13
8.58008e-14
1.36861e-08
-4.40861e-14
2.90548e-13
1.41629e-08
-2.53446e-13
4.35713e-13
1.4163e-08
-7.03783e-13
3.07813e-13
1.36861e-08
-8.09261e-13
1.76725e-13
1.25268e-08
-5.07542e-13
-5.84707e-13
9.93131e-09
-1.01906e-12
4.57188e-09
3.70663e-13
-3.34082e-13
2.82269e-09
6.13765e-13
-4.65709e-13
7.10615e-09
3.58803e-13
1.13845e-13
9.96804e-09
1.3864e-13
1.01524e-13
1.15229e-08
7.64207e-14
3.50167e-13
1.21892e-08
1.76235e-13
4.78174e-13
1.21892e-08
-6.29561e-14
1.54361e-13
1.15229e-08
-2.86634e-13
5.0685e-13
9.96798e-09
-3.23744e-13
-5.45393e-13
7.1061e-09
-1.30706e-12
2.82272e-09
3.3132e-13
-5.49984e-13
1.16359e-09
-6.00705e-13
-3.08112e-13
3.62383e-09
-6.35666e-13
1.30159e-13
6.03557e-09
-3.51992e-13
-5.57891e-14
7.80572e-09
1.78876e-13
1.54486e-13
8.69857e-09
5.55691e-13
1.49794e-13
8.69855e-09
1.09088e-12
-2.37332e-13
7.80572e-09
1.54621e-12
3.21437e-13
6.03559e-09
5.68526e-13
2.68273e-13
3.62388e-09
-4.05103e-13
1.1636e-09
-2.85139e-13
2.02869e-10
-6.52468e-13
8.61311e-10
-4.72757e-13
1.8364e-09
-2.76881e-13
2.7761e-09
7.91556e-15
3.343e-09
-1.67774e-13
3.34294e-09
-5.57541e-14
2.77609e-09
3.71453e-13
1.83642e-09
3.25828e-13
8.61348e-10
2.02885e-10
-9.12269e-13
7.46259e-13
2.02878e-10
-2.88965e-13
-3.70224e-13
8.61313e-10
-2.83978e-13
1.11199e-13
1.83641e-09
-1.95338e-13
1.2318e-13
2.77606e-09
-2.60877e-13
-3.09263e-13
3.34296e-09
1.05567e-13
-9.72582e-14
3.34297e-09
-2.27835e-13
1.84118e-13
2.77609e-09
-4.91025e-13
2.23506e-13
1.83641e-09
2.38034e-13
-8.2487e-13
8.61327e-10
1.85688e-13
2.02884e-10
-3.41554e-13
1.43946e-12
1.1636e-09
-1.1675e-12
3.14782e-13
3.62386e-09
-9.76427e-13
-3.37311e-13
6.03564e-09
-6.36197e-13
-3.94366e-13
7.80563e-09
2.20854e-14
-7.42385e-13
8.6985e-09
2.96572e-13
-5.69614e-13
8.69852e-09
6.92567e-13
1.10901e-13
7.80571e-09
7.97162e-13
3.67172e-13
6.03566e-09
-9.90624e-15
-1.62116e-13
3.62382e-09
2.89913e-13
1.1636e-09
5.05433e-13
1.02797e-12
2.82277e-09
1.6264e-13
3.77122e-13
7.10613e-09
3.0695e-13
-3.55253e-13
9.96808e-09
1.86984e-13
-4.67534e-13
1.15229e-08
-4.34545e-14
-3.68004e-13
1.21892e-08
-2.91165e-13
-3.45233e-13
1.21892e-08
-2.56449e-14
-2.54961e-13
1.1523e-08
2.29149e-13
1.83322e-14
9.96804e-09
-4.25156e-14
1.06283e-13
7.10613e-09
4.61362e-13
2.82276e-09
3.15518e-13
4.77525e-13
4.57182e-09
1.02125e-12
4.03368e-14
9.93151e-09
6.26424e-13
-1.32657e-13
1.25269e-08
1.76394e-13
-3.63487e-13
1.36861e-08
-1.77726e-13
-1.91625e-13
1.41629e-08
-1.99117e-13
2.49842e-15
1.41629e-08
-2.66259e-13
-1.08975e-13
1.36861e-08
-3.18776e-13
-1.58376e-13
1.25268e-08
1.34667e-13
-3.0651e-13
9.93146e-09
2.1908e-13
4.57184e-09
3.63671e-13
2.69028e-13
5.67041e-09
3.68132e-13
-3.05949e-13
1.14123e-08
2.80942e-13
2.62289e-13
1.3732e-08
2.07782e-13
-4.25483e-14
1.47023e-08
1.04871e-13
-4.57319e-14
1.51131e-08
5.32373e-14
1.27394e-13
1.51131e-08
-2.18134e-13
-1.51129e-13
1.47022e-08
-6.05079e-14
3.66022e-13
1.3732e-08
-2.36992e-13
-3.57587e-13
1.14124e-08
2.86513e-13
5.67043e-09
2.13471e-13
-1.14548e-13
5.67038e-09
3.88392e-13
-5.96985e-13
1.14123e-08
4.16265e-13
3.83518e-13
1.3732e-08
1.5555e-13
1.1398e-14
1.47022e-08
9.73884e-14
6.56869e-14
1.51131e-08
-1.77092e-13
8.52714e-14
1.51131e-08
-2.31641e-13
-8.54579e-14
1.47023e-08
-4.7722e-13
3.62503e-13
1.37319e-08
-1.43535e-13
-7.18763e-13
1.14123e-08
1.91979e-13
5.67038e-09
2.76383e-14
-1.39356e-13
4.57185e-09
7.22105e-13
-9.13853e-13
9.93142e-09
6.84017e-13
4.28653e-13
1.25268e-08
1.68835e-13
2.52945e-13
1.36861e-08
5.93487e-14
2.29532e-13
1.41629e-08
-2.86353e-13
2.74014e-13
1.4163e-08
-6.60846e-13
3.44647e-13
1.36862e-08
-9.55635e-13
5.9313e-13
1.25269e-08
-1.68257e-13
-1.33352e-12
9.93146e-09
-1.10379e-13
4.57185e-09
3.53108e-13
-4.05153e-13
2.82272e-09
1.76513e-13
-9.73227e-13
7.1061e-09
4.17324e-13
7.31585e-13
9.96811e-09
-9.12737e-14
2.40252e-13
1.1523e-08
-4.72096e-14
4.94277e-13
1.21892e-08
-2.76146e-15
4.66721e-13
1.21892e-08
-3.09601e-13
4.37587e-13
1.1523e-08
-3.36877e-13
9.45018e-13
9.96808e-09
-5.12995e-13
-1.17098e-12
7.10608e-09
-4.94485e-13
2.82273e-09
1.93006e-13
-5.05094e-13
1.16359e-09
-6.84154e-13
-2.97396e-14
3.62387e-09
-5.95075e-13
3.34504e-13
6.03564e-09
-3.30174e-13
5.04745e-14
7.80566e-09
-3.32343e-15
1.61686e-13
8.69852e-09
5.27105e-13
1.90628e-13
8.69852e-09
1.16579e-12
-3.5803e-14
7.80571e-09
1.23526e-12
2.33445e-13
6.03562e-09
3.05249e-13
-6.3205e-14
3.62379e-09
-5.65272e-13
1.16356e-09
-1.34474e-13
2.02887e-10
-6.78093e-13
8.61335e-10
-2.4086e-13
1.83642e-09
-2.04478e-13
2.77605e-09
-1.78338e-13
3.34294e-09
1.10584e-13
3.34295e-09
-4.03617e-14
2.77607e-09
3.92447e-13
1.8364e-09
5.43429e-13
8.61315e-10
2.02872e-10
-1.04458e-12
4.80686e-13
2.02874e-10
-2.83749e-13
-3.33847e-13
8.61314e-10
-4.36965e-13
1.76627e-13
1.83637e-09
-1.49047e-13
4.11089e-14
2.77597e-09
3.97433e-14
-2.51452e-13
3.34286e-09
3.04359e-13
-7.53869e-14
3.34287e-09
4.83073e-14
3.03158e-13
2.77595e-09
-4.04672e-13
2.87963e-13
1.83636e-09
7.00094e-13
-4.07089e-13
8.61322e-10
3.39561e-13
2.0288e-10
-4.70786e-13
1.86959e-12
1.16364e-09
-1.43363e-12
1.47299e-13
3.62394e-09
-8.91102e-13
-5.14883e-13
6.0356e-09
-8.73769e-14
-4.37465e-13
7.80551e-09
3.86175e-13
-5.0889e-13
8.69838e-09
5.73998e-13
-5.3096e-13
8.69837e-09
1.12778e-12
-3.69524e-14
7.8054e-09
1.34066e-12
1.90206e-13
6.03554e-09
2.9484e-13
5.5148e-13
3.62392e-09
7.39261e-13
1.16366e-09
1.90739e-13
1.12298e-12
2.82278e-09
-1.00285e-13
3.31794e-13
7.10613e-09
8.51174e-14
-6.63961e-13
9.96807e-09
2.02589e-13
-7.49161e-13
1.15229e-08
6.38536e-14
-3.55004e-13
1.21891e-08
-1.29566e-13
-3.45627e-13
1.21892e-08
2.69358e-13
-2.13281e-13
1.15229e-08
4.00484e-13
-8.20429e-14
9.96805e-09
-1.81507e-13
5.46425e-13
7.10617e-09
7.38502e-13
2.82281e-09
5.01646e-13
8.5143e-13
4.57197e-09
6.77043e-13
-1.54969e-13
9.9315e-09
5.00915e-13
-2.41307e-13
1.25268e-08
3.12434e-13
-1.99026e-13
1.36861e-08
-4.42258e-14
1.01223e-14
1.41629e-08
-4.16959e-13
-1.98928e-13
1.41629e-08
-5.24754e-13
-1.87286e-13
1.36862e-08
-4.80984e-13
5.22653e-14
1.25268e-08
-1.34169e-13
-2.69741e-14
9.93158e-09
4.4928e-13
4.57196e-09
3.09061e-13
2.29301e-13
5.67036e-09
5.34106e-13
-3.0508e-13
1.14124e-08
3.27453e-13
1.55075e-13
1.3732e-08
6.14382e-14
-3.2725e-13
1.47023e-08
7.98642e-14
8.15403e-14
1.51131e-08
-2.0303e-14
-9.99895e-14
1.51131e-08
-1.76491e-13
-2.99967e-13
1.47024e-08
-2.59271e-13
1.10441e-13
1.3732e-08
-2.6516e-13
-3.68997e-13
1.14124e-08
1.7779e-13
5.6704e-09
2.11097e-13
-8.81745e-14
5.67037e-09
6.00811e-13
-5.66223e-13
1.14124e-08
2.2066e-13
3.97118e-13
1.3732e-08
1.35702e-13
-1.2572e-13
1.47024e-08
9.34136e-14
1.17957e-13
1.51132e-08
1.63778e-13
2.35978e-13
1.51131e-08
-3.16582e-14
1.56605e-13
1.47023e-08
-1.62e-13
5.14288e-13
1.3732e-08
-7.92083e-14
-5.14573e-13
1.14124e-08
1.37771e-13
5.67045e-09
1.70235e-13
-1.53283e-13
4.57187e-09
7.35862e-13
-1.2117e-12
9.93146e-09
5.24793e-13
5.62781e-13
1.25268e-08
1.11243e-13
1.93197e-13
1.36862e-08
1.09906e-13
2.33747e-13
1.4163e-08
-6.80508e-14
2.61956e-13
1.4163e-08
-6.19329e-13
4.08377e-13
1.36861e-08
-7.88414e-13
6.69627e-13
1.25268e-08
-3.15487e-13
-1.43495e-12
9.93151e-09
-9.09274e-14
4.57197e-09
2.24536e-13
-4.69216e-13
2.82275e-09
2.75692e-13
-1.05365e-12
7.10611e-09
2.99329e-14
3.84262e-13
9.96814e-09
-1.29754e-13
2.27529e-13
1.1523e-08
-9.86472e-14
4.43502e-13
1.21892e-08
2.79717e-14
3.60875e-13
1.21892e-08
-2.27296e-13
4.20978e-13
1.1523e-08
-5.28417e-13
8.14407e-13
9.96808e-09
-6.40128e-13
-1.25343e-12
7.10614e-09
-8.20675e-13
2.82275e-09
-1.06513e-14
-4.76044e-13
1.16366e-09
-1.03484e-12
5.34684e-14
3.62399e-09
-6.52206e-13
4.1744e-13
6.03574e-09
-4.61429e-13
-5.65749e-14
7.80561e-09
-1.84664e-13
4.62597e-14
8.69841e-09
5.43527e-13
4.4213e-14
8.69842e-09
8.55684e-13
-1.15332e-13
7.80549e-09
1.48514e-12
5.40105e-13
6.03559e-09
4.73425e-13
4.36121e-14
3.62388e-09
-5.00924e-13
1.16363e-09
-3.92125e-13
2.02896e-10
-7.62695e-13
8.61329e-10
-2.40309e-13
1.83636e-09
-4.45495e-13
2.77595e-09
-2.93183e-13
3.34289e-09
-1.31644e-14
3.34289e-09
-2.36988e-13
2.77596e-09
5.64157e-13
1.83638e-09
4.1599e-13
8.61316e-10
2.02889e-10
-1.87594e-13
3.18843e-15
2.02885e-10
1.03817e-12
-9.14258e-13
8.61347e-10
4.58633e-13
1.95003e-13
1.83652e-09
1.56382e-13
1.98508e-13
2.77609e-09
2.0075e-13
-1.31149e-13
3.343e-09
6.60941e-14
-9.96657e-14
3.34305e-09
-3.54522e-13
4.10682e-13
2.77612e-09
-9.26194e-13
2.94397e-13
1.83655e-09
1.78113e-13
-1.04157e-12
8.61365e-10
1.39711e-13
2.02892e-10
-3.29902e-13
5.42424e-13
1.16361e-09
-6.39857e-13
-5.56646e-13
3.62371e-09
-1.33918e-13
-3.91063e-13
6.03574e-09
2.20055e-14
-1.97182e-13
7.80569e-09
-2.18498e-13
-3.73291e-13
8.69865e-09
-5.36361e-13
-1.06967e-13
8.69871e-09
-4.91081e-13
7.01354e-14
7.80583e-09
-2.2046e-13
-3.00512e-13
6.03586e-09
-3.49637e-13
-9.87172e-13
3.62377e-09
-8.59396e-14
1.16352e-09
-1.65464e-13
3.7749e-13
2.82273e-09
-5.02959e-13
1.22808e-13
7.10608e-09
-2.87003e-13
-5.12652e-13
9.968e-09
-1.9057e-13
-4.44397e-13
1.1523e-08
-1.94838e-13
-2.68711e-13
1.21892e-08
-5.42797e-13
-7.76752e-14
1.21892e-08
-1.3687e-14
-1.84594e-13
1.15231e-08
4.0596e-13
-6.00515e-13
9.968e-09
3.05709e-14
-5.78068e-13
7.10601e-09
1.46667e-13
2.8227e-09
3.84701e-13
4.17255e-13
4.57181e-09
6.03532e-13
-4.25446e-14
9.93153e-09
3.69492e-13
-2.14076e-13
1.25267e-08
8.58528e-14
-9.80277e-14
1.36863e-08
-4.58244e-14
2.35625e-13
1.41631e-08
-3.62357e-13
-3.88863e-14
1.4163e-08
-5.02564e-13
-2.19463e-13
1.36863e-08
-3.32098e-13
-3.28588e-13
1.25267e-08
-1.60753e-13
-6.23113e-13
9.9314e-09
4.75005e-14
4.57178e-09
1.70874e-13
3.08707e-13
5.67039e-09
1.03993e-13
-2.88554e-13
1.14125e-08
1.28708e-13
1.94462e-13
1.37319e-08
1.79378e-13
-4.26718e-14
1.47024e-08
-9.05785e-15
8.376e-14
1.51131e-08
6.91644e-14
4.25075e-14
1.51131e-08
-1.21315e-13
-1.31336e-13
1.47023e-08
-2.40367e-13
1.92845e-13
1.37318e-08
-1.46883e-13
-3.26413e-13
1.14124e-08
1.47453e-13
5.67035e-09
-6.68165e-14
1.77172e-13
5.67036e-09
2.01005e-13
-6.06941e-13
1.14125e-08
5.25334e-14
3.5361e-13
1.37319e-08
9.87458e-14
1.17157e-13
1.47022e-08
4.58392e-15
2.23506e-13
1.51131e-08
5.13536e-14
1.38861e-13
1.51132e-08
-1.51039e-13
-8.40801e-14
1.47023e-08
-2.34472e-13
4.25093e-13
1.37318e-08
-6.3999e-14
-5.53221e-13
1.14123e-08
2.94798e-13
5.67025e-09
3.90753e-13
-7.63136e-15
4.57184e-09
6.58301e-13
-1.17727e-12
9.93156e-09
3.82937e-13
7.1072e-13
1.25268e-08
1.09994e-13
2.77096e-13
1.36862e-08
-5.25797e-14
2.46097e-13
1.41629e-08
-2.10748e-13
1.34623e-13
1.4163e-08
-4.06928e-13
3.87191e-13
1.36862e-08
-6.99796e-13
1.00063e-12
1.25267e-08
-4.10765e-13
-1.02526e-12
9.93145e-09
3.01434e-14
4.57176e-09
3.39618e-13
-4.23459e-13
2.82283e-09
-1.14861e-13
-6.97329e-13
7.10603e-09
-3.59288e-13
8.75653e-13
9.968e-09
5.38639e-14
1.91506e-13
1.15229e-08
4.89379e-15
1.64562e-13
1.21892e-08
1.76707e-13
9.42152e-14
1.21892e-08
3.2164e-13
1.61535e-13
1.1523e-08
-5.28587e-14
1.09304e-12
9.96813e-09
-4.40124e-13
-4.56841e-13
7.1061e-09
-5.3585e-13
2.8228e-09
-1.68618e-13
-5.8502e-13
1.16358e-09
-5.18117e-13
1.72579e-13
3.62363e-09
-1.78878e-13
5.66092e-13
6.03564e-09
2.25923e-13
-1.10748e-13
7.80571e-09
8.89723e-14
-6.18865e-14
8.69866e-09
-1.06646e-13
-1.42697e-13
8.69866e-09
1.6082e-13
-8.1553e-14
7.8058e-09
6.05527e-13
4.6688e-13
6.03577e-09
5.00381e-14
2.83536e-13
3.6238e-09
-2.33754e-13
1.16362e-09
-1.39671e-13
2.02871e-10
1.27573e-13
8.61306e-10
4.63274e-13
1.83647e-09
2.41374e-13
2.77612e-09
8.89291e-14
3.343e-09
1.44641e-13
3.34305e-09
-3.0464e-13
2.77617e-09
1.09631e-13
1.83653e-09
3.73976e-13
8.61392e-10
2.0289e-10
-5.35038e-13
7.46769e-13
2.02887e-10
5.20491e-14
-5.66733e-13
8.61312e-10
-9.28867e-13
6.20923e-13
1.83628e-09
-4.44334e-13
-5.06949e-14
2.77603e-09
2.54446e-13
-2.71591e-13
3.3429e-09
3.35818e-13
-2.25835e-13
3.34288e-09
6.82403e-13
1.31938e-13
2.77603e-09
3.73794e-14
7.13336e-13
1.83629e-09
6.48107e-13
-5.96699e-13
8.61283e-10
7.10685e-13
2.02873e-10
-5.87651e-13
9.16616e-13
1.16361e-09
-1.01885e-12
8.41502e-14
3.62399e-09
-1.24109e-12
1.00085e-12
6.03553e-09
-3.78415e-13
-4.91021e-13
7.80556e-09
4.58232e-13
-7.28449e-13
8.69843e-09
1.0185e-12
-6.85071e-13
8.69838e-09
1.81612e-12
-6.81378e-13
7.80552e-09
1.54714e-12
1.07257e-12
6.03541e-09
6.57273e-13
3.52787e-13
3.62393e-09
1.12821e-12
1.16368e-09
3.47516e-13
7.49181e-13
2.82277e-09
-1.91203e-13
-1.34761e-13
7.10618e-09
1.48526e-13
1.11868e-12
9.9681e-09
2.53303e-14
-6.51283e-13
1.15229e-08
1.06241e-13
-4.71842e-13
1.21891e-08
-1.50325e-13
-4.89367e-13
1.21891e-08
1.29261e-14
-7.50186e-13
1.15229e-08
-1.23507e-14
1.31689e-12
9.9681e-09
-4.65598e-13
5.21207e-13
7.10628e-09
7.45271e-13
2.82283e-09
3.42053e-13
4.07051e-13
4.57196e-09
5.32588e-13
-4.88365e-14
9.93144e-09
5.66698e-13
6.55219e-13
1.25269e-08
1.52651e-13
-1.58235e-13
1.36861e-08
-5.85356e-14
-1.43109e-13
1.41629e-08
-4.66055e-13
-1.35586e-13
1.41629e-08
-8.31592e-13
-3.60728e-13
1.36861e-08
-5.74222e-13
6.1717e-13
1.2527e-08
-2.96484e-13
-2.33719e-13
9.93153e-09
1.33616e-13
4.57192e-09
3.95181e-13
6.03114e-15
5.67041e-09
1.84362e-13
1.84031e-14
1.14123e-08
3.17572e-13
4.97267e-13
1.3732e-08
8.85656e-14
-8.52099e-14
1.47022e-08
6.80219e-15
2.24978e-14
1.51131e-08
-1.98697e-13
1.52194e-13
1.51132e-08
-2.68862e-13
-2.15702e-13
1.47023e-08
-2.83978e-13
1.49584e-13
1.37321e-08
-1.99204e-13
-1.55576e-13
1.14123e-08
-2.22183e-13
5.67044e-09
3.13632e-13
-3.14914e-13
5.67038e-09
3.08428e-13
1.70309e-13
1.14122e-08
5.47312e-14
2.35725e-13
1.37321e-08
7.36103e-14
3.62563e-14
1.47023e-08
2.20982e-14
7.44673e-14
1.51131e-08
-2.32893e-13
2.28762e-13
1.51131e-08
-2.70957e-13
-1.12662e-13
1.47023e-08
-3.57328e-13
-1.53954e-13
1.37321e-08
-2.13085e-13
-1.53269e-13
1.14124e-08
-6.72816e-13
5.67048e-09
7.79599e-14
-2.18401e-13
4.57186e-09
4.23042e-13
-1.43945e-13
9.93132e-09
5.79832e-13
2.9321e-13
1.25268e-08
3.34076e-13
2.32698e-13
1.36862e-08
2.79283e-13
3.12142e-13
1.4163e-08
-1.41835e-13
4.49696e-13
1.4163e-08
-4.79213e-13
1.91466e-13
1.36862e-08
-5.55994e-13
-4.82219e-14
1.25269e-08
-2.83099e-13
-8.71618e-13
9.93142e-09
-1.12239e-12
4.57196e-09
3.28679e-13
-3.91629e-13
2.82265e-09
4.95321e-13
-3.99889e-13
7.10621e-09
4.06911e-13
5.56729e-13
9.96817e-09
2.88013e-13
3.03299e-13
1.15231e-08
2.31461e-13
3.66757e-13
1.21893e-08
-1.20389e-13
4.90696e-13
1.21892e-08
2.19307e-14
4.71858e-13
1.1523e-08
-4.70998e-13
4.27692e-14
9.96811e-09
-3.32225e-13
-8.2054e-13
7.10615e-09
-1.21379e-12
2.8227e-09
-2.27294e-13
-4.59592e-13
1.16359e-09
-3.90899e-13
9.84066e-14
3.62404e-09
-7.41095e-13
3.12066e-13
6.03571e-09
-1.82636e-13
2.88845e-14
7.80568e-09
3.20593e-13
1.40576e-13
8.69848e-09
8.05999e-13
2.3271e-13
8.69843e-09
1.25906e-12
-3.58509e-14
7.80556e-09
1.85753e-12
6.30433e-14
6.03556e-09
7.09879e-13
-2.39486e-13
3.6239e-09
-7.92816e-13
1.16359e-09
-1.30657e-13
2.02895e-10
-5.38668e-13
8.61349e-10
-2.94541e-13
1.83637e-09
-2.04357e-14
2.776e-09
3.11206e-13
3.34296e-09
3.83335e-13
3.34289e-09
3.27762e-13
2.77599e-09
8.23262e-13
1.83631e-09
6.80743e-13
8.6129e-10
2.02876e-10
-4.97023e-14
6.44234e-14
2.02888e-10
9.8514e-13
-1.02411e-12
8.61343e-10
6.96929e-13
1.52977e-13
1.83648e-09
1.86693e-13
3.33206e-13
2.77612e-09
1.33119e-13
-1.51097e-13
3.34305e-09
3.78098e-13
-3.37224e-14
3.34301e-09
-3.26201e-13
3.67235e-13
2.7761e-09
-7.00039e-13
2.68997e-13
1.83648e-09
9.01699e-14
-6.88982e-13
8.61388e-10
1.51181e-13
2.02902e-10
7.74813e-14
5.04429e-13
1.16359e-09
-7.03859e-13
-8.69323e-13
3.62374e-09
-1.12574e-13
-2.46506e-13
6.03567e-09
-7.98002e-14
3.76296e-14
7.8058e-09
-2.30991e-13
-2.08701e-13
8.69867e-09
-4.46937e-13
-3.16384e-13
8.6986e-09
-6.84338e-13
5.49482e-14
7.80575e-09
-1.29637e-13
-1.50277e-13
6.03566e-09
-1.62124e-13
-6.03071e-13
3.6238e-09
2.27997e-13
1.16362e-09
4.03759e-14
5.52132e-13
2.82272e-09
-4.54545e-13
5.42943e-14
7.10618e-09
-4.03175e-13
-4.76165e-13
9.96805e-09
-5.84747e-14
-3.45004e-13
1.15229e-08
-2.90677e-13
-7.69427e-14
1.21892e-08
-3.43792e-13
7.11389e-14
1.21892e-08
-1.19329e-13
-1.69648e-13
1.1523e-08
4.05131e-13
-3.55384e-13
9.96806e-09
7.85653e-14
-2.10522e-13
7.10618e-09
2.66201e-13
2.82284e-09
2.74846e-13
9.82922e-14
4.57176e-09
6.00471e-13
-3.53894e-13
9.9315e-09
4.70985e-13
-2.20486e-13
1.25269e-08
2.5447e-14
-2.90834e-13
1.36862e-08
-1.6359e-14
1.82021e-13
1.41631e-08
-1.58354e-13
7.57878e-14
1.41631e-08
-4.09641e-13
-1.35756e-13
1.36861e-08
-4.07403e-13
-2.2695e-13
1.25268e-08
-2.37047e-13
-4.92239e-13
9.93145e-09
3.60637e-13
4.57185e-09
1.05347e-13
2.19749e-13
5.6704e-09
2.2077e-13
-4.26422e-13
1.14124e-08
8.38447e-14
3.02535e-13
1.3732e-08
-5.91249e-14
7.1819e-14
1.47023e-08
-1.44075e-13
8.6892e-14
1.51131e-08
5.68617e-14
7.93211e-14
1.51131e-08
-1.00878e-13
-1.78032e-13
1.47023e-08
-3.93317e-13
8.62527e-14
1.37319e-08
-3.51084e-14
-3.7164e-13
1.14123e-08
8.42803e-14
5.67029e-09
-1.04396e-13
-1.93573e-14
5.67037e-09
3.92737e-13
-7.09195e-13
1.14124e-08
1.21106e-13
2.61504e-13
1.37319e-08
9.24383e-15
1.08345e-13
1.47022e-08
-1.55786e-14
1.50885e-13
1.51131e-08
-7.73421e-14
-2.89504e-14
1.51131e-08
-1.59926e-14
6.72234e-14
1.47023e-08
-2.70601e-13
4.51316e-13
1.37319e-08
-4.3235e-14
-6.09293e-13
1.14123e-08
1.53846e-13
5.67035e-09
2.40395e-13
-9.46156e-14
4.57189e-09
5.19625e-13
-1.25059e-12
9.93154e-09
4.81713e-13
7.27667e-13
1.25268e-08
5.47148e-14
3.05515e-13
1.36861e-08
-6.94504e-14
2.71354e-13
1.4163e-08
-1.11281e-13
7.98547e-14
1.4163e-08
-2.33725e-13
3.38963e-13
1.36861e-08
-6.78128e-13
8.66633e-13
1.25267e-08
-3.62843e-13
-1.05054e-12
9.93137e-09
-2.52616e-14
4.57177e-09
2.34922e-13
-4.00645e-13
2.8228e-09
-3.82737e-13
-7.29626e-13
7.10612e-09
-3.04408e-13
8.17648e-13
9.96798e-09
4.82542e-14
1.61628e-13
1.15229e-08
-3.47761e-14
3.98489e-14
1.21892e-08
1.50847e-13
1.10309e-13
1.21892e-08
3.7794e-13
1.23854e-13
1.1523e-08
1.68141e-13
1.21265e-12
9.96802e-09
-2.18955e-13
-3.15997e-13
7.10606e-09
-3.49867e-13
2.82275e-09
-3.61407e-13
-3.65009e-13
1.16362e-09
-9.09135e-13
2.12194e-13
3.62368e-09
-3.23012e-13
5.03947e-13
6.03555e-09
1.90512e-14
-1.091e-13
7.80573e-09
-7.06142e-14
1.98317e-14
8.69861e-09
-2.5312e-13
-1.96467e-14
8.69866e-09
-1.66615e-14
-1.86743e-13
7.80577e-09
3.2004e-13
5.15332e-13
6.03569e-09
-1.52862e-13
2.63305e-13
3.62375e-09
-1.83636e-13
1.16354e-09
-5.21194e-13
2.02877e-10
1.83496e-14
8.61332e-10
4.14082e-13
1.83648e-09
3.39289e-13
2.77614e-09
1.82788e-13
3.34297e-09
1.09609e-15
3.34301e-09
-3.62004e-13
2.7761e-09
1.60596e-13
1.83649e-09
1.9441e-13
8.61352e-10
2.02884e-10
-8.15095e-13
8.74241e-13
2.02889e-10
-4.58504e-13
-3.46607e-13
8.6134e-10
-4.98657e-13
8.06959e-14
1.83644e-09
-3.3942e-13
-4.5882e-15
2.77602e-09
-2.29165e-13
-2.27666e-13
3.34295e-09
-1.55743e-14
-2.68269e-13
3.34295e-09
4.42803e-14
4.19901e-13
2.77602e-09
-4.90758e-13
4.20499e-13
1.83641e-09
1.41492e-13
-7.02072e-13
8.61307e-10
2.64186e-13
2.02881e-10
-6.09942e-13
1.35162e-12
1.1636e-09
-1.12575e-12
2.21937e-13
3.62389e-09
-1.08596e-12
-4.9436e-13
6.03576e-09
-3.40126e-13
-3.63416e-13
7.80562e-09
-1.78762e-13
-5.57501e-13
8.69852e-09
4.61595e-13
-3.71966e-13
8.69853e-09
7.3602e-13
1.75994e-13
7.80561e-09
6.93302e-13
2.4519e-13
6.03575e-09
1.70254e-13
2.67294e-14
3.62383e-09
3.63908e-13
1.16358e-09
3.06952e-13
1.11007e-12
2.82278e-09
-6.29282e-14
4.04211e-13
7.10611e-09
6.63009e-14
-4.55719e-13
9.9681e-09
6.47432e-14
-3.9047e-13
1.1523e-08
-1.26732e-13
-1.89949e-13
1.21892e-08
-3.53228e-13
-1.55566e-13
1.21892e-08
-2.59669e-13
-1.12116e-13
1.1523e-08
7.73052e-14
-2.15267e-13
9.96799e-09
-3.9229e-14
2.52827e-13
7.10601e-09
3.31517e-13
2.82266e-09
3.08019e-13
6.77307e-13
4.57197e-09
6.51842e-13
5.73075e-14
9.93151e-09
4.7348e-13
3.57017e-14
1.25267e-08
2.76843e-13
-2.30618e-13
1.36862e-08
1.00674e-13
-2.49409e-14
1.41629e-08
-2.28568e-13
-2.84149e-14
1.41629e-08
-5.18409e-13
-4.37283e-14
1.36862e-08
-3.83407e-13
-1.87948e-13
1.25266e-08
-1.19224e-13
-5.00424e-13
9.93147e-09
1.53434e-13
4.57185e-09
3.87882e-13
7.41362e-14
5.67033e-09
4.25651e-13
-3.09946e-13
1.14124e-08
1.97051e-13
4.11979e-13
1.37318e-08
4.34956e-14
-2.11606e-13
1.47023e-08
-7.94681e-15
3.33324e-14
1.51131e-08
-6.28341e-14
-2.78581e-15
1.51131e-08
-1.10298e-13
-4.92824e-14
1.47023e-08
-3.74591e-13
2.20093e-13
1.37318e-08
-1.57231e-13
-3.88723e-13
1.14125e-08
2.19134e-13
5.67037e-09
3.12211e-13
-4.79261e-15
5.67041e-09
4.22369e-13
-5.1722e-13
1.14125e-08
1.71474e-13
7.12653e-13
1.37319e-08
1.82248e-13
-8.70945e-14
1.47024e-08
5.30428e-14
-2.73985e-14
1.51131e-08
5.33879e-14
1.10634e-13
1.51131e-08
-4.1857e-14
1.56296e-13
1.47023e-08
-2.50019e-13
4.06567e-13
1.37318e-08
-5.19642e-14
-8.97097e-13
1.14124e-08
-5.75071e-14
5.67029e-09
4.74468e-14
-1.42924e-13
4.57192e-09
4.82362e-13
-1.12883e-12
9.93155e-09
5.21281e-13
8.62424e-13
1.25267e-08
3.16874e-13
2.69103e-13
1.36863e-08
1.84106e-13
2.5066e-13
1.4163e-08
-1.49399e-13
4.03732e-13
1.41629e-08
-5.78704e-13
6.16738e-13
1.36862e-08
-6.97919e-13
8.90184e-13
1.25267e-08
-1.29634e-13
-1.47265e-12
9.9316e-09
-1.93789e-13
4.57195e-09
3.54621e-13
-4.85031e-13
2.82279e-09
3.06988e-13
-1.12186e-12
7.10608e-09
3.12581e-13
5.92315e-13
9.96817e-09
2.62111e-14
1.79675e-13
1.1523e-08
1.73716e-13
4.46976e-13
1.21892e-08
-1.80894e-14
5.37265e-13
1.21892e-08
-5.34834e-16
5.65812e-13
1.15229e-08
-3.37681e-13
9.33399e-13
9.96815e-09
-5.65524e-13
-1.34066e-12
7.10615e-09
-9.30618e-13
2.82284e-09
4.27693e-14
-6.36296e-13
1.16361e-09
-1.07943e-12
-4.10747e-13
3.62391e-09
-8.47753e-13
2.54006e-13
6.03579e-09
-5.11406e-13
-3.63345e-14
7.8056e-09
2.01537e-13
2.06712e-13
8.69847e-09
5.29295e-13
1.77296e-13
8.69842e-09
1.55782e-12
1.75994e-13
7.80556e-09
1.8848e-12
3.03103e-13
6.03572e-09
5.10788e-13
-2.50743e-13
3.62391e-09
-6.10317e-13
1.16371e-09
-5.71176e-13
2.02895e-10
-6.4778e-13
8.61335e-10
-4.55335e-13
1.83637e-09
-3.81334e-13
2.77598e-09
6.86922e-14
3.34294e-09
2.08851e-13
3.34293e-09
4.64218e-13
2.77601e-09
9.53956e-13
1.83641e-09
5.28276e-13
8.61323e-10
2.02892e-10
-3.96962e-13
8.7214e-14
2.02884e-10
6.26054e-13
-9.63004e-13
8.61328e-10
-2.09638e-13
6.08334e-13
1.83647e-09
-1.1976e-13
1.33603e-13
2.77608e-09
4.48785e-14
-3.46128e-13
3.34296e-09
4.2419e-13
-3.03379e-13
3.34298e-09
1.06047e-13
1.91312e-13
2.77606e-09
-8.35699e-13
6.25665e-13
1.83645e-09
3.59787e-13
-9.00262e-13
8.6133e-10
6.30898e-14
2.02874e-10
-7.93191e-14
4.30513e-13
1.16362e-09
-2.78721e-13
-5.36935e-13
3.62383e-09
-8.30877e-13
9.06822e-13
6.0357e-09
-5.39304e-13
-3.13728e-13
7.80576e-09
-2.20615e-13
-4.88557e-13
8.69864e-09
1.33856e-13
-3.65719e-13
8.69859e-09
2.34338e-13
-4.43263e-13
7.80573e-09
-1.31356e-13
7.35681e-13
6.03562e-09
9.97165e-14
-4.94365e-13
3.62374e-09
4.43606e-13
1.16355e-09
2.35417e-13
1.44262e-13
2.82278e-09
-1.71224e-13
-3.33186e-13
7.10623e-09
-4.39017e-13
9.46404e-13
9.9681e-09
-5.04849e-14
-5.78603e-13
1.1523e-08
-6.20945e-15
-2.83833e-13
1.21892e-08
-1.79937e-13
-3.96935e-13
1.21892e-08
2.12403e-13
-7.37446e-13
1.15229e-08
4.18378e-13
7.28819e-13
9.968e-09
-1.05797e-13
-2.74542e-13
7.10613e-09
1.62126e-13
2.82276e-09
3.28611e-13
-1.06652e-13
4.57176e-09
7.15359e-13
-3.47392e-13
9.93149e-09
5.9093e-13
5.57118e-13
1.25268e-08
3.64948e-13
-2.59269e-13
1.36862e-08
1.50396e-13
6.01655e-14
1.4163e-08
-2.18391e-13
-4.31057e-14
1.4163e-08
-4.10378e-13
-2.95384e-13
1.36862e-08
-3.35994e-13
3.78938e-13
1.25268e-08
-2.22588e-13
-2.69749e-13
9.9314e-09
-1.64507e-14
4.57182e-09
1.37894e-13
1.1497e-14
5.67034e-09
2.64559e-15
-1.79606e-13
1.14123e-08
2.67979e-13
5.9442e-13
1.37319e-08
9.47794e-14
-4.75129e-15
1.47023e-08
2.20904e-14
1.33459e-13
1.51131e-08
7.50221e-14
1.12734e-13
1.51132e-08
-1.42276e-13
-2.31331e-13
1.47023e-08
-5.02944e-14
2.04462e-13
1.37319e-08
-2.11589e-13
-8.525e-14
1.14123e-08
-6.42014e-14
5.67038e-09
8.43251e-14
8.229e-14
5.67035e-09
1.43414e-13
9.01753e-14
1.14123e-08
2.01569e-13
3.78393e-13
1.37319e-08
1.79519e-13
3.55531e-14
1.47022e-08
8.91485e-14
1.08114e-13
1.51131e-08
-1.69054e-13
1.08009e-13
1.51131e-08
-7.84733e-14
-6.8178e-14
1.47023e-08
-2.55724e-13
2.88719e-13
1.37319e-08
-2.38697e-13
9.63914e-14
1.14123e-08
-4.6659e-13
5.67029e-09
2.71724e-13
9.26513e-15
4.57184e-09
5.61103e-13
3.39239e-14
9.93145e-09
4.95545e-13
4.82208e-13
1.25268e-08
2.72103e-15
1.11158e-13
1.36862e-08
-2.05921e-14
7.64227e-14
1.41629e-08
-1.40741e-13
3.10556e-13
1.4163e-08
-4.6716e-13
1.09597e-13
1.36862e-08
-7.8656e-13
2.60572e-13
1.25268e-08
-4.37623e-13
-1.34995e-13
9.93139e-09
-7.57058e-13
4.57174e-09
3.10339e-13
-3.49751e-13
2.82282e-09
-1.21372e-13
2.60993e-13
7.10616e-09
-2.85824e-13
7.1846e-13
9.96803e-09
-9.22735e-14
-6.08618e-14
1.15229e-08
3.65324e-14
-9.82735e-14
1.21892e-08
-1.30464e-14
8.0438e-14
1.21892e-08
2.35335e-13
-4.16042e-14
1.1523e-08
-1.30357e-14
5.61012e-13
9.96805e-09
-1.80934e-13
-3.10522e-14
7.10611e-09
-7.40406e-13
2.8227e-09
-2.60537e-13
-2.18588e-13
1.1636e-09
-2.45876e-13
5.22085e-13
3.62371e-09
1.10748e-13
3.50964e-13
6.03558e-09
1.99164e-13
-2.41527e-13
7.80572e-09
4.22465e-14
-4.38015e-14
8.6987e-09
-1.68432e-13
8.17717e-14
8.69868e-09
6.3886e-14
-1.37046e-13
7.80582e-09
2.37682e-13
1.88099e-13
6.03569e-09
3.1387e-13
3.1186e-13
3.62375e-09
-3.58876e-13
1.16351e-09
-2.06163e-13
2.02879e-10
3.89909e-13
8.61327e-10
7.85319e-13
1.83648e-09
4.50421e-13
2.77615e-09
1.28712e-13
3.34301e-09
1.24391e-13
3.34299e-09
-3.428e-13
2.77613e-09
1.00155e-13
1.83645e-09
3.56907e-13
8.61337e-10
2.02882e-10
-9.50614e-13
7.77544e-13
2.02883e-10
6.39504e-14
-4.28263e-13
8.61328e-10
-7.63003e-13
5.96433e-13
1.83638e-09
-3.57649e-13
-4.95422e-14
2.77606e-09
-1.02138e-13
-1.70328e-13
3.34293e-09
1.88507e-13
-4.09378e-13
3.34293e-09
4.35777e-13
1.26654e-14
2.77608e-09
-1.20358e-13
5.71435e-13
1.83635e-09
5.38018e-13
-7.13167e-13
8.61339e-10
4.71714e-13
2.02887e-10
-3.75712e-13
1.47036e-12
1.1636e-09
-8.25434e-13
-1.11751e-14
3.6239e-09
-1.35475e-12
9.24216e-13
6.03553e-09
-4.61662e-13
-5.48646e-13
7.80568e-09
-1.55724e-13
-6.7137e-13
8.69848e-09
7.5437e-13
-6.44283e-13
8.69846e-09
1.57345e-12
-6.34411e-13
7.80559e-09
1.13834e-12
1.11291e-12
6.03549e-09
3.93377e-13
7.86357e-14
3.62392e-09
7.78206e-13
1.1637e-09
1.68861e-13
9.98654e-13
2.82278e-09
1.39581e-13
4.87437e-14
7.10621e-09
1.29835e-13
9.82064e-13
9.96809e-09
3.20008e-13
-7.17228e-13
1.1523e-08
-2.17494e-15
-5.83083e-13
1.21891e-08
-2.21266e-13
-4.55318e-13
1.21892e-08
3.64161e-14
-7.40061e-13
1.15229e-08
-1.51738e-13
1.08273e-12
9.96815e-09
-4.9405e-13
1.66571e-13
7.10632e-09
3.78836e-13
2.82295e-09
3.93584e-13
5.68919e-13
4.57186e-09
7.28968e-13
-8.09695e-14
9.93141e-09
8.38688e-13
5.95735e-13
1.2527e-08
3.14281e-13
-4.00291e-13
1.36861e-08
9.69655e-14
-1.02097e-13
1.4163e-08
-3.98712e-13
1.10539e-14
1.4163e-08
-9.39821e-13
-3.75284e-13
1.36861e-08
-5.53026e-13
6.83364e-13
1.2527e-08
-5.41393e-14
-1.10505e-13
9.93152e-09
1.50498e-13
4.57202e-09
4.18282e-13
-5.03408e-14
5.67039e-09
1.68685e-13
-1.69925e-13
1.14123e-08
3.41424e-13
3.03765e-13
1.37321e-08
9.23412e-14
-2.45381e-13
1.47022e-08
5.36901e-14
1.47878e-13
1.51131e-08
-3.14131e-13
4.65996e-14
1.51131e-08
-2.77627e-13
-1.09053e-13
1.47022e-08
-1.90635e-13
3.96404e-13
1.37321e-08
-3.53016e-13
-4.30539e-13
1.14123e-08
-4.33169e-13
5.67039e-09
2.33313e-13
-2.05559e-13
5.67041e-09
1.07677e-13
1.21523e-13
1.14122e-08
1.66212e-13
1.91947e-13
1.3732e-08
1.71619e-13
-3.85372e-14
1.47022e-08
-3.92176e-14
2.10732e-13
1.51131e-08
-7.83058e-14
3.15136e-13
1.51131e-08
-2.30415e-13
5.32011e-14
1.47022e-08
-4.56543e-13
2.58768e-13
1.37321e-08
-3.90613e-13
-3.12279e-13
1.14123e-08
-9.39269e-13
5.67053e-09
-5.75911e-14
-2.2918e-13
4.57184e-09
3.52599e-13
-1.66416e-13
9.93136e-09
5.14579e-13
7.53734e-14
1.25269e-08
8.26976e-14
4.22792e-14
1.36862e-08
9.9808e-16
3.08104e-13
1.4163e-08
-2.54204e-13
4.87195e-13
1.4163e-08
-6.06476e-13
4.29733e-13
1.36861e-08
-7.35685e-13
3.9643e-13
1.25269e-08
-3.75402e-13
-7.94538e-13
9.93145e-09
-1.29631e-12
4.57191e-09
2.37651e-13
-4.04164e-13
2.8227e-09
4.73327e-13
-3.57599e-13
7.10614e-09
3.43712e-13
1.78547e-13
9.96808e-09
4.51288e-14
1.47164e-13
1.1523e-08
2.63696e-13
4.68854e-13
1.21892e-08
2.35057e-13
5.08596e-13
1.21892e-08
2.44329e-13
4.45957e-13
1.1523e-08
9.23304e-14
5.5809e-13
9.96801e-09
1.54414e-13
-7.10235e-13
7.10614e-09
-1.51277e-12
2.82274e-09
6.70602e-14
-5.30652e-13
1.16361e-09
-5.44907e-13
8.31457e-14
3.62389e-09
-7.22812e-13
2.10057e-13
6.03561e-09
-3.83944e-13
-1.72543e-14
7.80572e-09
3.64401e-14
5.43394e-14
8.69849e-09
7.40855e-13
1.59256e-13
8.69852e-09
1.37703e-12
8.68215e-14
7.80566e-09
1.67177e-12
3.48018e-13
6.03557e-09
8.1198e-13
1.20502e-13
3.62383e-09
-5.42687e-13
1.16358e-09
-3.89015e-13
2.02887e-10
-5.89061e-13
8.61343e-10
-2.23804e-13
1.83643e-09
-9.34617e-14
2.77609e-09
-6.94354e-14
3.34295e-09
2.88373e-13
3.34295e-09
2.13343e-13
2.77607e-09
5.68294e-13
1.83641e-09
7.50103e-13
8.61329e-10
2.02882e-10
-9.15182e-13
6.18386e-13
2.02898e-10
-9.18083e-14
-6.48655e-13
8.6136e-10
-2.03008e-13
-1.49893e-14
1.83643e-09
-2.15026e-13
2.31264e-14
2.77609e-09
-8.23591e-15
-2.04475e-13
3.34295e-09
-3.72221e-14
-1.8129e-13
3.34296e-09
-3.86485e-13
1.97149e-13
2.77607e-09
-4.36025e-13
3.78162e-13
1.83644e-09
-1.02591e-13
-1.12942e-12
8.61346e-10
1.09042e-13
2.02901e-10
-7.90481e-13
1.21807e-12
1.16363e-09
-1.1589e-12
-1.49514e-13
3.62388e-09
-6.55814e-13
-4.35234e-13
6.03565e-09
-1.6405e-13
-2.81088e-13
7.80565e-09
9.50675e-14
-4.12208e-13
8.69852e-09
1.01421e-13
-3.19209e-13
8.69856e-09
4.60335e-13
6.99177e-14
7.80567e-09
2.20084e-13
3.49226e-13
6.03561e-09
-1.77863e-13
-2.61137e-13
3.62387e-09
1.58566e-13
1.1636e-09
1.83699e-13
1.07861e-12
2.82275e-09
5.45667e-14
2.09974e-13
7.10615e-09
3.12475e-13
-3.85413e-13
9.96805e-09
1.93803e-13
-6.89297e-13
1.15229e-08
-4.82572e-14
-3.13056e-13
1.21892e-08
-3.03619e-13
-2.36e-14
1.21892e-08
-9.65987e-14
-1.1527e-14
1.15231e-08
-1.0744e-13
2.54338e-14
9.96814e-09
-1.14737e-13
-2.33512e-14
7.10612e-09
-1.94948e-14
2.82269e-09
4.82118e-13
6.5766e-13
4.57183e-09
8.88335e-13
-8.65698e-15
9.93142e-09
3.28073e-13
-2.61186e-13
1.25268e-08
9.90283e-14
-3.16914e-13
1.36862e-08
-1.10886e-13
3.16075e-14
1.4163e-08
-3.74845e-13
1.72022e-13
1.4163e-08
-5.80027e-13
-5.00808e-14
1.36861e-08
-3.34666e-13
-2.20517e-14
1.25268e-08
-2.80508e-14
-3.49708e-13
9.93143e-09
5.84126e-14
4.5718e-09
3.61948e-13
2.34024e-13
5.67034e-09
1.83564e-13
-3.07939e-13
1.14123e-08
1.19945e-13
1.35944e-13
1.3732e-08
1.67439e-13
-2.02108e-13
1.47023e-08
-1.14944e-13
-4.96165e-14
1.51131e-08
-1.71138e-13
8.00484e-14
1.51132e-08
5.20828e-14
7.44512e-14
1.47023e-08
-1.241e-13
2.33049e-13
1.3732e-08
-2.26077e-13
-3.69029e-13
1.14123e-08
-3.46861e-14
5.67036e-09
2.50625e-13
-1.24657e-13
5.6704e-09
3.15084e-13
-6.44619e-13
1.14123e-08
1.77276e-13
2.82276e-13
1.3732e-08
2.30827e-13
-7.60604e-14
1.47023e-08
1.07347e-13
9.11963e-14
1.51131e-08
1.58488e-14
1.36737e-13
1.51131e-08
-3.3951e-14
1.16614e-13
1.47023e-08
-3.29216e-13
4.9303e-13
1.3732e-08
-1.36305e-13
-5.32711e-13
1.14123e-08
-5.62566e-14
5.67038e-09
7.50199e-14
1.87168e-13
4.57188e-09
5.75093e-13
-1.18882e-12
9.93148e-09
6.32302e-13
5.5221e-13
1.25269e-08
3.00856e-13
7.68869e-14
1.36862e-08
2.03946e-13
2.52043e-13
1.41629e-08
-9.73726e-14
3.46607e-13
1.4163e-08
-4.92503e-13
4.95711e-13
1.36862e-08
-6.33229e-13
8.09352e-13
1.25268e-08
-1.29847e-13
-8.83913e-13
9.93147e-09
-1.14243e-14
4.57192e-09
1.20359e-13
-4.4646e-13
2.82274e-09
4.67562e-13
-1.15677e-12
7.10615e-09
1.18846e-13
4.66599e-13
9.96806e-09
3.42109e-14
3.11102e-13
1.1523e-08
3.3101e-14
3.5604e-13
1.21892e-08
-1.20919e-13
3.57737e-13
1.21892e-08
-2.8831e-13
4.52964e-13
1.1523e-08
-3.02147e-13
1.04086e-12
9.96807e-09
-5.78036e-13
-6.79726e-13
7.10615e-09
-6.41624e-13
2.8228e-09
6.54478e-14
-3.10499e-13
1.16359e-09
-5.66646e-13
-2.36949e-13
3.62384e-09
-6.6196e-13
2.75963e-13
6.03564e-09
-4.46779e-13
7.0724e-14
7.80565e-09
4.84775e-14
1.32037e-13
8.69855e-09
4.43593e-13
1.18956e-13
8.69854e-09
8.54725e-13
-9.83522e-15
7.80567e-09
1.17285e-12
5.25965e-13
6.03565e-09
6.76935e-14
2.17259e-13
3.62388e-09
-4.74024e-13
1.16363e-09
-4.61252e-13
2.02889e-10
-5.90243e-13
8.61346e-10
-3.34686e-13
1.83644e-09
-2.30723e-13
2.7761e-09
-6.25441e-14
3.343e-09
7.07233e-15
3.34299e-09
-9.4432e-14
2.77609e-09
5.38846e-13
1.83643e-09
6.03583e-13
8.6135e-10
2.02886e-10
-3.51204e-13
4.16422e-13
2.02891e-10
-2.30215e-13
-6.50739e-13
8.61347e-10
-1.53786e-13
4.41177e-13
1.8364e-09
-3.23903e-13
9.32953e-14
2.77603e-09
3.21293e-14
-2.22319e-13
3.34297e-09
1.0575e-13
-1.99486e-13
3.34295e-09
-1.15551e-14
1.41242e-13
2.77605e-09
-3.12266e-13
3.02827e-13
1.83644e-09
2.68965e-13
-7.22614e-13
8.61349e-10
1.87096e-13
2.02888e-10
-7.87871e-13
1.30886e-12
1.16359e-09
-1.23428e-12
1.59405e-13
3.62388e-09
-1.09131e-12
-3.10566e-13
6.03561e-09
-2.4293e-13
-5.40315e-13
7.80562e-09
1.55502e-13
-6.84783e-13
8.69847e-09
4.69695e-13
-4.10772e-13
8.69846e-09
8.77254e-13
-1.21847e-13
7.80561e-09
8.43373e-13
1.95124e-13
6.0357e-09
3.19981e-14
1.93276e-13
3.62396e-09
3.95669e-13
1.16365e-09
1.62388e-13
1.17207e-12
2.82278e-09
-4.5298e-14
3.41099e-13
7.10613e-09
-1.68228e-13
-5.65984e-13
9.96811e-09
2.13666e-13
-5.04647e-13
1.15231e-08
-1.16765e-13
-3.70928e-13
1.21892e-08
-2.61862e-13
-1.08835e-13
1.21892e-08
-1.01632e-13
-3.75717e-13
1.1523e-08
2.80897e-13
-2.45798e-13
9.96812e-09
1.06149e-13
4.56639e-13
7.10618e-09
4.80455e-13
2.82281e-09
2.59589e-13
6.25483e-13
4.57196e-09
5.86288e-13
3.72044e-14
9.93149e-09
4.22893e-13
-1.41982e-13
1.25268e-08
1.39401e-13
-3.24488e-13
1.36862e-08
5.26308e-14
-3.33815e-14
1.41629e-08
-2.46764e-13
6.70072e-14
1.4163e-08
-4.88408e-13
-1.90963e-13
1.36862e-08
-3.47648e-13
-2.03073e-13
1.25268e-08
1.01545e-13
-2.33939e-13
9.93152e-09
3.86508e-13
4.57191e-09
3.06735e-13
3.13394e-13
5.67043e-09
4.27965e-13
-2.31155e-13
1.14124e-08
1.94421e-13
1.43186e-13
1.3732e-08
-3.76087e-14
-1.7418e-13
1.47023e-08
1.57583e-13
-1.73668e-14
1.51132e-08
1.41763e-14
-8.22981e-14
1.51131e-08
-8.58939e-14
-1.67304e-13
1.47023e-08
-2.38349e-13
1.9931e-13
1.3732e-08
-1.97511e-13
-3.59424e-13
1.14124e-08
8.72235e-14
5.67037e-09
2.10782e-13
-1.31032e-14
5.67041e-09
5.34941e-13
-5.19412e-13
1.14124e-08
2.17778e-13
3.49501e-13
1.3732e-08
-1.45115e-13
-1.51695e-13
1.47023e-08
-4.97884e-14
1.63235e-13
1.51131e-08
9.46355e-14
1.12882e-13
1.51131e-08
-4.07424e-14
-6.32642e-14
1.47023e-08
-3.10965e-13
3.84859e-13
1.3732e-08
-1.20668e-13
-7.15969e-13
1.14124e-08
8.63252e-15
5.67038e-09
1.84689e-14
-2.18648e-13
4.5719e-09
7.74967e-13
-1.22299e-12
9.9315e-09
4.96583e-13
3.00772e-13
1.25268e-08
1.27483e-13
4.50726e-14
1.36862e-08
2.3678e-14
3.98306e-13
1.41629e-08
-3.35044e-13
2.40896e-13
1.41629e-08
-6.53484e-13
2.90564e-13
1.36861e-08
-8.50313e-13
6.45056e-13
1.25268e-08
-3.26707e-13
-1.49363e-12
9.93148e-09
-8.73338e-14
4.57196e-09
3.30709e-13
-2.57816e-13
2.82274e-09
3.66416e-13
-9.87426e-13
7.10613e-09
3.51178e-13
5.65323e-13
9.96818e-09
3.31044e-13
8.1098e-14
1.1523e-08
1.78588e-14
3.42137e-13
1.21891e-08
-1.62437e-13
4.18511e-13
1.21892e-08
-2.1966e-13
4.42791e-13
1.1523e-08
-3.92783e-13
8.4618e-13
9.96806e-09
-5.96732e-13
-1.34987e-12
7.10611e-09
-7.47008e-13
2.82277e-09
9.54624e-14
-2.32335e-13
1.16362e-09
-7.36314e-13
-1.04883e-13
3.62398e-09
-7.93073e-13
2.28226e-13
6.03576e-09
-2.37792e-13
-8.17042e-14
7.80563e-09
-5.23261e-14
1.48698e-13
8.69839e-09
5.11252e-13
1.65526e-13
8.69844e-09
1.06735e-12
-4.96432e-14
7.80557e-09
1.4861e-12
5.47866e-13
6.03562e-09
2.91197e-13
-1.88507e-13
3.62389e-09
-5.13096e-13
1.16364e-09
-2.52616e-13
2.02896e-10
-9.92916e-13
8.61354e-10
-3.07739e-13
1.83639e-09
-1.91468e-13
2.77599e-09
-2.83977e-13
3.34293e-09
-8.35441e-14
3.34292e-09
4.01219e-14
2.77603e-09
5.1163e-13
1.83638e-09
6.39417e-13
8.61329e-10
2.02891e-10
-3.41139e-13
2.14766e-13
2.02888e-10
8.27843e-13
-9.65327e-13
8.6133e-10
2.91229e-13
-4.44772e-14
1.83652e-09
1.72403e-13
2.35956e-13
2.77614e-09
1.37373e-13
-1.79201e-13
3.34305e-09
2.51627e-13
-8.59891e-14
3.34305e-09
-1.5671e-13
3.80215e-13
2.7761e-09
-7.83385e-13
4.10039e-13
1.8365e-09
2.12161e-13
-5.70685e-13
8.61336e-10
6.49336e-14
2.02886e-10
-2.85045e-13
3.65532e-13
1.16362e-09
-5.29557e-13
-4.50395e-13
3.62379e-09
-1.0037e-13
-3.80038e-13
6.03577e-09
-2.38289e-13
5.94929e-15
7.80575e-09
-1.64414e-13
1.6865e-14
8.69866e-09
-2.89323e-13
-2.16349e-13
8.69871e-09
-2.22053e-13
9.83016e-14
7.80579e-09
-9.64363e-14
-2.35668e-13
6.03577e-09
-2.35889e-13
-4.89939e-13
3.62376e-09
1.73264e-13
1.16355e-09
1.79375e-13
1.08135e-13
2.82277e-09
-3.20381e-13
7.15345e-14
7.10613e-09
-1.93821e-13
-4.94658e-13
9.96801e-09
1.57974e-13
-3.89155e-13
1.15229e-08
-1.91461e-13
-1.29215e-13
1.21892e-08
-1.87075e-13
1.1126e-13
1.21893e-08
1.36116e-13
-2.97712e-13
1.1523e-08
6.5323e-13
-4.99075e-13
9.96799e-09
1.95589e-13
-9.96281e-14
7.10607e-09
1.91642e-13
2.82273e-09
3.06137e-13
1.50912e-13
4.5718e-09
6.0989e-13
-1.94925e-13
9.93147e-09
3.10706e-13
-1.1866e-13
1.25266e-08
4.37437e-14
-2.49633e-13
1.36862e-08
1.92922e-13
1.46429e-13
1.4163e-08
-2.59229e-13
8.74204e-16
1.41629e-08
-2.64858e-13
-1.60484e-13
1.36862e-08
-2.38937e-13
-2.37058e-13
1.25266e-08
-1.06124e-13
-3.7909e-13
9.93144e-09
2.54413e-13
4.57182e-09
1.86912e-13
2.73861e-13
5.67036e-09
2.20919e-13
-3.32233e-13
1.14124e-08
5.98841e-14
1.13283e-13
1.37318e-08
-2.72982e-14
-3.18759e-13
1.47023e-08
7.7867e-14
-2.33057e-14
1.51131e-08
1.18157e-13
3.6985e-14
1.51131e-08
-1.00714e-14
-1.20963e-13
1.47023e-08
-3.33235e-13
8.62348e-14
1.37318e-08
-1.64903e-13
-3.49324e-13
1.14124e-08
1.47663e-13
5.67039e-09
-3.43368e-14
9.14984e-14
5.67035e-09
1.83295e-13
-6.60421e-13
1.14124e-08
7.83568e-14
4.49961e-13
1.37319e-08
7.85217e-14
-4.136e-14
1.47023e-08
9.90706e-14
4.4149e-14
1.51132e-08
1.6125e-13
-1.00806e-13
1.51131e-08
-4.34243e-14
-4.17409e-14
1.47024e-08
-3.52819e-13
4.59198e-13
1.37318e-08
-1.28749e-13
-5.33717e-13
1.14124e-08
3.31197e-13
5.67031e-09
1.15266e-13
-2.28824e-13
4.57188e-09
6.75655e-13
-1.18013e-12
9.93162e-09
3.76992e-13
8.18193e-13
1.25268e-08
1.47379e-13
1.70051e-13
1.36862e-08
-1.52133e-13
7.72533e-14
1.41629e-08
-1.55726e-13
-5.71418e-14
1.41629e-08
-3.31292e-13
3.09268e-13
1.36862e-08
-5.72729e-13
8.82968e-13
1.25267e-08
-2.83161e-13
-1.03352e-12
9.93147e-09
1.83714e-13
4.57174e-09
4.33112e-13
-5.62542e-13
2.82286e-09
1.5017e-13
-6.40563e-13
7.10614e-09
-3.60989e-13
1.04205e-12
9.96799e-09
1.45678e-13
2.66483e-13
1.15229e-08
-2.12293e-13
9.44905e-14
1.21892e-08
1.26426e-14
2.45218e-13
1.21892e-08
1.90652e-13
5.15912e-14
1.15229e-08
-7.94025e-14
1.01337e-12
9.96811e-09
-5.93723e-13
-5.47731e-13
7.1061e-09
-3.32533e-13
2.82278e-09
-1.95922e-13
-3.66619e-13
1.16362e-09
-7.57833e-13
2.92278e-13
3.62364e-09
-1.72087e-13
5.95964e-13
6.0356e-09
9.38391e-14
-1.83683e-13
7.80569e-09
1.16843e-13
7.32178e-14
8.6986e-09
-2.33233e-13
3.44703e-14
8.69857e-09
8.95168e-14
-2.64779e-13
7.80578e-09
5.37233e-13
4.51777e-13
6.0357e-09
-2.18209e-14
1.80134e-13
3.62373e-09
-3.15998e-13
1.16357e-09
-4.12176e-13
2.02872e-10
-2.38455e-13
8.61307e-10
4.76476e-13
1.83649e-09
1.84204e-13
2.77612e-09
9.45146e-14
3.34298e-09
7.75703e-14
3.34299e-09
-9.37481e-14
2.77608e-09
2.5909e-13
1.83647e-09
2.54398e-13
8.61317e-10
2.02877e-10
-9.59198e-13
7.49562e-13
2.02872e-10
-1.23834e-13
-2.69068e-13
8.61322e-10
-8.37583e-13
7.33925e-13
1.83629e-09
-5.78348e-13
-1.51681e-13
2.77599e-09
1.27749e-13
-4.19976e-13
3.34288e-09
6.43816e-13
-3.34937e-13
3.34288e-09
6.77096e-13
8.6515e-14
2.77602e-09
9.8503e-14
7.94534e-13
1.83632e-09
5.30316e-13
-2.39001e-13
8.61314e-10
5.53908e-13
2.02881e-10
-3.91791e-13
1.39752e-12
1.16358e-09
-1.16669e-12
3.235e-14
3.62394e-09
-1.29139e-12
1.04397e-12
6.03548e-09
-4.09153e-13
-6.61946e-13
7.80561e-09
6.42344e-14
-8.96515e-13
8.69842e-09
6.44205e-13
-7.31761e-13
8.69845e-09
1.20431e-12
-5.07286e-13
7.80554e-09
1.1536e-12
1.43333e-12
6.03549e-09
6.35351e-14
2.50971e-13
3.62392e-09
7.31197e-13
1.16363e-09
4.43967e-13
9.83794e-13
2.82272e-09
4.33052e-13
1.22857e-13
7.10614e-09
1.59904e-13
8.58875e-13
9.96811e-09
3.59061e-13
-7.35432e-13
1.1523e-08
5.95625e-14
-5.31794e-13
1.21892e-08
-2.81229e-13
-4.90571e-13
1.21892e-08
-2.63175e-13
-6.79813e-13
1.1523e-08
-4.52543e-13
1.14314e-12
9.96811e-09
-4.47597e-13
1.81319e-13
7.10622e-09
7.09456e-14
2.82273e-09
2.79895e-13
1.8474e-13
4.57191e-09
6.15456e-13
-1.78849e-13
9.93136e-09
7.103e-13
5.27455e-13
1.25269e-08
3.75354e-13
-2.80123e-13
1.36862e-08
-1.20953e-14
-1.47852e-13
1.4163e-08
-3.92299e-13
-3.77356e-14
1.4163e-08
-7.96419e-13
-2.63622e-13
1.36862e-08
-5.15658e-13
6.34984e-13
1.25269e-08
-7.04116e-14
-4.09247e-13
9.93144e-09
-2.89795e-13
4.57191e-09
3.52202e-13
4.57246e-14
5.67037e-09
2.73764e-13
-1.26372e-13
1.14123e-08
3.23041e-13
3.30758e-13
1.37321e-08
2.43372e-13
-7.50608e-14
1.47023e-08
1.89881e-13
7.05272e-15
1.51131e-08
-1.19862e-14
2.3014e-14
1.51132e-08
-2.11051e-13
-1.58368e-13
1.47023e-08
-3.12197e-13
2.63436e-13
1.37321e-08
-1.65737e-13
-3.01371e-13
1.14123e-08
-3.69145e-13
5.67033e-09
1.41774e-13
-1.0711e-13
5.67037e-09
3.66619e-13
2.31475e-13
1.14123e-08
2.16362e-13
1.72574e-13
1.3732e-08
1.39254e-13
-3.1153e-14
1.47022e-08
-3.54219e-14
-3.51215e-14
1.51132e-08
9.56498e-14
2.11506e-13
1.51131e-08
-5.74094e-14
1.3707e-13
1.47022e-08
-2.31374e-13
1.94489e-13
1.3732e-08
-2.71485e-13
-3.20742e-13
1.14124e-08
-7.30033e-13
5.67048e-09
-1.21091e-13
-2.81796e-13
4.57186e-09
5.87911e-13
-2.90744e-13
9.93142e-09
5.49177e-13
-1.70724e-13
1.25268e-08
1.704e-13
1.64132e-13
1.36862e-08
1.22876e-13
3.51706e-13
1.4163e-08
-2.58131e-14
3.05259e-13
1.41629e-08
-4.51787e-13
5.24165e-13
1.36861e-08
-5.07593e-13
2.70783e-13
1.25269e-08
-1.11524e-13
-6.24876e-13
9.93141e-09
-9.88025e-13
4.57194e-09
4.19294e-13
-2.80716e-13
2.82267e-09
6.98665e-13
-5.11706e-13
7.10619e-09
6.21268e-13
-1.06759e-13
9.96809e-09
3.18622e-13
1.29383e-13
1.1523e-08
4.86645e-14
4.02034e-13
1.21892e-08
1.58467e-13
5.53136e-13
1.21892e-08
-5.68907e-14
5.68707e-13
1.1523e-08
-1.50361e-13
3.99894e-13
9.96811e-09
-2.6163e-13
-5.92296e-13
7.10612e-09
-1.28349e-12
2.82272e-09
-3.34089e-14
-4.68525e-13
1.16358e-09
-6.39816e-13
-2.8216e-13
3.62401e-09
-6.56265e-13
-7.30736e-14
6.03567e-09
-2.71695e-13
-3.04208e-14
7.80562e-09
6.32254e-14
1.15022e-13
8.69851e-09
8.11414e-13
2.57153e-13
8.69849e-09
1.10121e-12
-7.64354e-15
7.80556e-09
1.70348e-12
1.42358e-13
6.03557e-09
6.14814e-13
1.43152e-13
3.62391e-09
-5.55172e-13
1.16362e-09
-4.7698e-13
2.02887e-10
-7.42364e-13
8.61321e-10
-4.90212e-13
1.83636e-09
-7.21048e-13
2.776e-09
-1.34197e-13
3.34293e-09
1.30083e-13
3.34291e-09
1.22027e-13
2.776e-09
5.61457e-13
1.83636e-09
4.92104e-13
8.61329e-10
2.0289e-10
-2.00913e-13
-9.17543e-15
2.0288e-10
7.52927e-13
-9.41174e-13
8.61338e-10
7.20925e-13
-3.21045e-14
1.83646e-09
3.44025e-13
1.84337e-13
2.77609e-09
1.0255e-13
-2.25303e-13
3.34299e-09
3.18589e-13
8.64468e-15
3.34302e-09
-1.27599e-13
2.94491e-13
2.77604e-09
-5.43463e-13
4.2374e-13
1.83642e-09
2.02591e-13
-6.54775e-13
8.61345e-10
3.12335e-13
2.02891e-10
1.96649e-13
5.97544e-13
1.16361e-09
-7.75741e-13
-4.45271e-13
3.62372e-09
-1.76479e-13
-3.2989e-13
6.03559e-09
-1.67183e-13
-2.38754e-13
7.80573e-09
-6.74822e-16
-3.843e-13
8.6986e-09
-2.31253e-13
-3.21039e-13
8.69858e-09
1.17731e-13
6.38481e-14
7.8057e-09
2.26102e-13
-8.87666e-14
6.03555e-09
-5.7884e-14
-4.03629e-13
3.62376e-09
2.06938e-13
1.1636e-09
2.56543e-14
3.93283e-13
2.82277e-09
-5.52792e-13
3.20507e-13
7.10613e-09
-5.49513e-13
-2.36866e-13
9.96798e-09
-1.21496e-13
-3.48978e-13
1.15229e-08
-1.40907e-13
-1.83104e-13
1.21892e-08
-3.46754e-13
-1.40356e-13
1.21892e-08
1.36352e-13
-1.56336e-13
1.15229e-08
4.53742e-13
-2.08605e-13
9.96802e-09
7.05665e-14
1.45854e-13
7.10615e-09
2.99543e-13
2.82278e-09
3.41566e-13
3.19373e-13
4.57175e-09
5.67503e-13
-8.0569e-14
9.93147e-09
1.65842e-13
-6.59663e-14
1.25268e-08
1.07227e-13
-1.12134e-13
1.36862e-08
-1.66462e-13
-8.35515e-15
1.4163e-08
-4.50352e-13
-5.12298e-16
1.4163e-08
-6.21605e-13
-6.78177e-14
1.36862e-08
-5.66459e-13
1.77675e-13
1.25268e-08
-2.78241e-13
-8.99445e-14
9.93145e-09
2.81423e-13
4.57182e-09
5.94837e-14
3.28319e-13
5.67043e-09
1.82033e-13
-2.48231e-13
1.14124e-08
3.16972e-15
1.59526e-13
1.37319e-08
-2.73209e-14
-8.13939e-14
1.47023e-08
-6.68096e-14
1.59132e-13
1.51131e-08
-4.81991e-15
1.07247e-13
1.51131e-08
-1.08969e-13
-7.00544e-14
1.47023e-08
-3.40402e-13
2.69374e-13
1.3732e-08
-1.13219e-13
-2.33665e-13
1.14124e-08
-6.10826e-15
5.67037e-09
8.78403e-15
3.53717e-13
5.6704e-09
2.89467e-13
-4.75815e-13
1.14123e-08
1.43309e-13
4.20335e-13
1.37319e-08
1.29158e-13
1.72422e-13
1.47023e-08
2.47124e-14
2.46525e-13
1.51131e-08
2.99822e-14
9.73221e-14
1.51131e-08
-2.13914e-13
4.03847e-14
1.47023e-08
-3.28078e-13
6.01866e-13
1.3732e-08
-1.55778e-13
-5.84271e-13
1.14124e-08
1.23365e-13
5.67044e-09
1.72102e-13
-5.89043e-14
4.57185e-09
5.97385e-13
-9.62493e-13
9.93146e-09
6.02696e-13
7.13703e-13
1.25268e-08
2.75993e-13
2.03559e-13
1.36861e-08
5.58458e-14
1.30581e-13
1.4163e-08
7.00386e-14
1.96556e-13
1.4163e-08
-2.3057e-13
4.40935e-13
1.36862e-08
-6.2126e-13
1.13648e-12
1.25268e-08
-2.37485e-13
-1.0128e-12
9.93147e-09
-1.91583e-13
4.57185e-09
4.60602e-13
-5.65462e-13
2.82282e-09
-1.28552e-13
-5.65887e-13
7.10617e-09
-2.07695e-13
8.41264e-13
9.96802e-09
-3.01614e-15
1.48611e-13
1.15229e-08
9.2891e-14
1.04321e-13
1.21892e-08
2.49428e-13
1.06129e-13
1.21892e-08
3.69532e-13
2.16926e-13
1.15229e-08
9.16997e-14
1.16384e-12
9.96805e-09
-2.01848e-13
-4.60625e-13
7.10613e-09
-4.78159e-13
2.82279e-09
-2.44717e-13
-1.19136e-13
1.16359e-09
-7.62936e-13
3.83601e-13
3.62373e-09
-1.25094e-13
5.3413e-13
6.03559e-09
-5.59037e-14
-1.4985e-13
7.8057e-09
1.65584e-15
-6.28855e-14
8.69856e-09
5.88556e-14
-6.46025e-14
8.69862e-09
2.40484e-13
-1.70842e-13
7.8058e-09
9.38387e-13
7.53771e-13
6.03571e-09
3.27106e-13
2.78171e-13
3.62378e-09
-9.69483e-14
1.16357e-09
1.06842e-13
2.02877e-10
1.60128e-13
8.61329e-10
6.51023e-13
1.83646e-09
1.66936e-13
2.77614e-09
-1.13685e-13
3.34302e-09
-2.29513e-13
3.34302e-09
-3.1539e-13
2.77614e-09
8.39325e-14
1.83649e-09
3.24524e-13
8.6136e-10
2.02879e-10
-9.65227e-13
8.19974e-13
2.02885e-10
2.98428e-14
-5.71006e-13
8.61317e-10
-3.1316e-13
9.73986e-14
1.83641e-09
-4.34551e-13
2.75076e-14
2.77603e-09
6.36766e-14
-1.99793e-13
3.34296e-09
-6.7021e-14
-3.21509e-13
3.34292e-09
6.99607e-14
2.45064e-13
2.77607e-09
-4.87436e-13
2.75582e-13
1.83643e-09
2.86106e-13
-6.26182e-13
8.61306e-10
-7.15449e-14
2.0287e-10
-4.17896e-13
1.52162e-12
1.16358e-09
-1.13986e-12
-2.07274e-14
3.62386e-09
-8.82309e-13
-4.42728e-13
6.03571e-09
-4.16786e-13
-3.13561e-13
7.80561e-09
-4.23305e-14
-2.86199e-13
8.69854e-09
1.58065e-13
-4.86623e-13
8.69852e-09
7.15684e-13
-1.25957e-13
7.80561e-09
8.25727e-13
5.93355e-14
6.03571e-09
-1.33682e-13
-5.05273e-14
3.62382e-09
5.6165e-14
1.16358e-09
1.63793e-13
7.12586e-13
2.82275e-09
8.03824e-14
1.14664e-13
7.10605e-09
1.96314e-13
-4.65342e-13
9.96801e-09
2.78781e-13
-2.75588e-13
1.1523e-08
-2.7322e-13
-1.61377e-13
1.21892e-08
-4.49018e-13
-1.06112e-13
1.21892e-08
-2.21978e-13
-3.13556e-13
1.1523e-08
2.30411e-13
-9.97065e-14
9.96798e-09
2.48888e-14
4.41085e-13
7.10604e-09
4.24729e-13
2.82269e-09
2.96183e-13
6.0582e-13
4.57197e-09
6.27188e-13
-1.79958e-13
9.9315e-09
2.95872e-13
-9.73141e-14
1.25266e-08
1.92806e-13
8.14857e-14
1.36863e-08
1.80264e-14
4.19833e-14
1.41629e-08
-4.43823e-13
-1.78645e-14
1.41629e-08
-4.71274e-13
6.77078e-14
1.36862e-08
-4.83688e-13
3.07942e-14
1.25266e-08
9.1262e-14
2.92686e-15
9.93155e-09
4.50491e-13
4.57185e-09
3.9452e-13
2.76264e-13
5.67036e-09
4.46969e-13
-2.6964e-13
1.14124e-08
1.76072e-13
1.48513e-13
1.37318e-08
-9.20592e-14
-2.42636e-13
1.47023e-08
9.1136e-14
7.17161e-15
1.51131e-08
1.35026e-13
1.78737e-13
1.51131e-08
-1.40895e-13
-3.95242e-14
1.47023e-08
-2.68937e-13
2.2992e-13
1.37318e-08
-1.10984e-13
-2.62241e-13
1.14124e-08
1.28192e-13
5.67034e-09
1.87393e-13
6.50631e-14
5.67038e-09
3.05903e-13
-5.65219e-13
1.14125e-08
1.18502e-13
4.52589e-13
1.37318e-08
7.61235e-14
-1.55415e-13
1.47023e-08
2.91454e-13
2.10918e-14
1.51131e-08
5.73822e-14
-7.07281e-15
1.5113e-08
-1.3586e-13
-1.05176e-13
1.47022e-08
-2.05572e-13
4.89271e-13
1.37318e-08
-6.7236e-14
-8.43131e-13
1.14124e-08
1.2026e-13
5.67026e-09
7.89613e-14
-2.78561e-14
4.57188e-09
6.20015e-13
-1.10335e-12
9.93151e-09
4.81369e-13
5.00913e-13
1.25267e-08
2.51693e-13
-8.12036e-15
1.36861e-08
2.73577e-13
5.64907e-14
1.41629e-08
-1.27857e-13
1.70488e-13
1.41628e-08
-4.44474e-13
3.65696e-13
1.36861e-08
-6.71373e-13
7.27337e-13
1.25267e-08
-9.328e-14
-1.43512e-12
9.93153e-09
-1.06057e-13
4.57187e-09
4.26717e-13
-5.75832e-13
2.82276e-09
4.49331e-13
-1.21068e-12
7.10604e-09
5.15937e-13
4.88082e-13
9.96812e-09
3.92242e-13
2.20157e-13
1.1523e-08
2.55359e-13
2.87212e-13
1.21892e-08
-6.50828e-14
2.64825e-13
1.21891e-08
-1.08022e-13
3.58097e-13
1.15229e-08
-3.04238e-13
8.78845e-13
9.96812e-09
-5.55422e-13
-1.22974e-12
7.10611e-09
-7.31756e-13
2.82279e-09
1.96324e-13
-4.74376e-13
1.16363e-09
-8.11225e-13
-4.32092e-13
3.6239e-09
-6.1189e-13
1.12088e-13
6.03574e-09
-3.40533e-13
-1.08588e-13
7.80557e-09
-1.78576e-13
1.29606e-13
8.69845e-09
3.0294e-13
1.54094e-13
8.69847e-09
9.99256e-13
-1.40452e-13
7.80551e-09
1.29915e-12
2.86742e-13
6.03565e-09
1.02568e-13
-1.02162e-13
3.62386e-09
-5.39326e-13
1.16366e-09
-4.13561e-13
2.02899e-10
-8.24544e-13
8.61332e-10
-4.66453e-13
1.83639e-09
-4.25847e-13
2.77599e-09
-2.62538e-13
3.34286e-09
2.17243e-13
3.34292e-09
2.65438e-13
2.77601e-09
5.43868e-13
1.83638e-09
4.39566e-13
8.61313e-10
2.02893e-10
-2.19035e-13
1.5764e-13
2.02885e-10
4.05441e-13
-6.06096e-13
8.61338e-10
1.79836e-13
6.74996e-13
1.83647e-09
-1.59317e-14
8.86055e-15
2.77608e-09
3.55895e-13
-1.89002e-13
3.343e-09
4.30751e-13
-1.91855e-13
3.34301e-09
3.46394e-13
9.59864e-14
2.77608e-09
-4.93898e-13
7.75444e-13
1.83643e-09
2.37517e-13
-6.93868e-13
8.6132e-10
3.20844e-13
2.0288e-10
-7.86291e-14
2.09057e-13
1.16362e-09
-6.29934e-13
-5.04273e-13
3.62378e-09
-7.38298e-13
7.67944e-13
6.03565e-09
-5.77406e-13
-5.95936e-13
7.80568e-09
-8.49489e-14
-6.12395e-13
8.69854e-09
8.49673e-14
-6.05902e-13
8.69855e-09
6.74326e-13
-2.74975e-13
7.80571e-09
3.26528e-13
8.63132e-13
6.03561e-09
2.17847e-14
-5.51344e-13
3.62381e-09
6.02782e-13
1.16359e-09
2.96297e-13
3.69394e-13
2.8228e-09
-4.85413e-13
-4.44527e-14
7.10621e-09
-2.29792e-13
1.0041e-12
9.96809e-09
-3.59826e-14
-7.47979e-13
1.15229e-08
-7.02611e-14
-3.713e-13
1.21892e-08
-2.37723e-14
-3.96029e-13
1.21891e-08
1.73603e-13
-5.35196e-13
1.15229e-08
4.43328e-13
8.4294e-13
9.96801e-09
-2.42677e-13
-2.37295e-13
7.10616e-09
1.88729e-13
2.82283e-09
2.162e-13
1.4913e-13
4.57181e-09
4.63621e-13
-8.51163e-14
9.93155e-09
5.69794e-13
5.79199e-13
1.25268e-08
2.76563e-13
-3.69996e-13
1.36862e-08
-9.83559e-14
-4.96518e-15
1.4163e-08
-2.78777e-13
-9.43094e-14
1.4163e-08
-6.53637e-13
-3.31268e-13
1.36862e-08
-3.48552e-13
4.36009e-13
1.25268e-08
-3.1047e-13
-2.79527e-13
9.93146e-09
4.92734e-14
4.57183e-09
1.44099e-13
1.40221e-13
5.67043e-09
7.49003e-14
-1.25319e-14
1.14124e-08
1.16377e-13
2.18213e-13
1.3732e-08
8.86242e-14
-2.45189e-13
1.47024e-08
-1.46893e-13
3.10484e-14
1.51132e-08
5.27159e-14
1.37761e-13
1.51132e-08
-2.35041e-13
-2.28367e-13
1.47023e-08
-2.69234e-13
1.09188e-13
1.37319e-08
-1.29267e-13
-2.03514e-13
1.14123e-08
-1.85189e-13
5.67037e-09
9.50123e-14
-1.59922e-13
5.67039e-09
8.15869e-14
-6.38053e-15
1.14124e-08
1.34404e-13
2.1456e-13
1.37319e-08
1.3048e-13
-4.79596e-14
1.47024e-08
1.09669e-13
1.98205e-14
1.51132e-08
-1.64132e-13
-5.29308e-14
1.51132e-08
-2.51611e-13
4.01061e-14
1.47023e-08
-3.92542e-13
2.11561e-13
1.37319e-08
-2.40778e-13
-7.99225e-14
1.14123e-08
-4.35194e-13
5.67038e-09
2.78751e-13
-4.64986e-13
4.57185e-09
7.19214e-13
-3.22796e-13
9.9315e-09
4.76173e-13
1.68124e-13
1.25268e-08
1.53239e-13
1.62497e-13
1.36862e-08
9.36819e-14
2.75504e-13
1.41631e-08
6.52068e-15
8.63839e-14
1.41631e-08
-3.05084e-13
3.82364e-13
1.36863e-08
-6.05521e-13
6.67458e-13
1.25269e-08
-4.43139e-13
-6.99755e-14
9.93146e-09
-6.28453e-13
4.57181e-09
3.24248e-13
-4.86714e-13
2.82278e-09
-1.26767e-13
4.31187e-14
7.10614e-09
-3.26748e-13
6.54586e-13
9.968e-09
-1.84279e-13
-6.58774e-16
1.15229e-08
-1.90589e-13
1.22809e-13
1.21892e-08
1.90844e-13
7.40523e-14
1.21893e-08
3.85957e-13
1.56096e-13
1.1523e-08
3.02607e-13
9.65409e-13
9.96804e-09
2.11984e-14
1.69968e-13
7.10612e-09
-7.95064e-13
2.82271e-09
-1.71272e-13
-2.79653e-13
1.16358e-09
-6.92924e-13
2.75665e-13
3.62365e-09
-2.6629e-13
4.85772e-13
6.03553e-09
-8.22202e-14
-1.35457e-13
7.80571e-09
-9.9587e-14
7.32599e-14
8.69866e-09
-1.13704e-13
-1.5561e-13
8.69866e-09
5.97441e-14
-1.26576e-13
7.80579e-09
4.66519e-13
4.09001e-13
6.03568e-09
3.75884e-13
4.75001e-13
3.62375e-09
-9.71897e-14
1.16353e-09
-3.47047e-13
2.02866e-10
2.88673e-13
8.61301e-10
4.26108e-13
1.83644e-09
1.93822e-13
2.77607e-09
1.2763e-13
3.34302e-09
9.05779e-14
3.34302e-09
-4.19855e-13
2.7761e-09
1.44149e-14
1.83646e-09
2.60366e-13
8.61334e-10
2.02876e-10
-5.86522e-13
4.68926e-13
2.02887e-10
4.65723e-14
-5.54744e-13
8.61334e-10
-4.6163e-13
5.75691e-13
1.83638e-09
-4.80747e-13
-3.46318e-13
2.77607e-09
1.80545e-13
-3.32499e-13
3.34299e-09
3.24604e-13
-3.47565e-13
3.34296e-09
3.99756e-13
1.06562e-13
2.77608e-09
-5.43865e-13
5.99339e-13
1.83637e-09
4.78748e-13
-7.94772e-13
8.61338e-10
4.70308e-13
2.02895e-10
-1.20132e-13
9.29391e-13
1.1636e-09
-7.23966e-13
-3.27168e-13
3.62387e-09
-8.36107e-13
1.05352e-12
6.03551e-09
-2.00317e-13
-6.76315e-13
7.8057e-09
7.88324e-14
-6.85617e-13
8.69854e-09
3.54562e-13
-6.38032e-13
8.69859e-09
8.23984e-13
-2.62514e-13
7.80576e-09
6.20293e-13
1.2357e-12
6.03553e-09
8.97987e-14
-4.5561e-13
3.62386e-09
5.95705e-13
1.16363e-09
3.2372e-13
8.0812e-13
2.82276e-09
2.27109e-13
-2.19882e-14
7.10621e-09
3.40265e-14
1.02004e-12
9.96809e-09
1.70063e-13
-7.54987e-13
1.15229e-08
-1.96416e-13
-3.86e-13
1.21892e-08
-3.68497e-13
-3.31062e-13
1.21892e-08
-2.38276e-13
-4.78111e-13
1.15229e-08
-3.72503e-13
1.07301e-12
9.96812e-09
-5.63829e-13
-2.73683e-13
7.10621e-09
1.35562e-13
2.8228e-09
3.01883e-13
3.26632e-13
4.5718e-09
3.7769e-13
-2.63134e-13
9.93134e-09
4.2503e-13
7.09386e-13
1.25269e-08
2.69643e-13
-3.69767e-13
1.36861e-08
-3.3901e-13
-1.77646e-13
1.41629e-08
-4.10755e-13
-1.22884e-14
1.4163e-08
-4.98011e-13
-8.5532e-14
1.3686e-08
-2.74298e-13
3.8857e-13
1.25269e-08
3.90733e-14
-4.67645e-13
9.93141e-09
-5.78604e-14
4.57188e-09
3.53816e-13
6.14726e-14
5.67037e-09
1.49411e-13
-9.51435e-14
1.14122e-08
1.92453e-13
1.53322e-13
1.37321e-08
1.1801e-13
-1.6255e-13
1.47021e-08
-5.54206e-15
4.58367e-14
1.51131e-08
-1.1504e-13
9.45405e-14
1.51131e-08
-2.53372e-13
-1.23057e-13
1.47022e-08
2.78277e-14
2.56718e-13
1.37321e-08
-7.26705e-14
-2.19065e-14
1.14123e-08
-1.62793e-13
5.6704e-09
2.81264e-13
-2.94e-13
5.67036e-09
2.14868e-13
2.01801e-13
1.14122e-08
4.84226e-13
2.95676e-13
1.3732e-08
1.5436e-13
-1.5376e-13
1.47022e-08
9.53668e-14
1.87198e-13
1.51131e-08
-2.29089e-13
1.16398e-13
1.51131e-08
-4.14857e-13
-2.33674e-14
1.47022e-08
-1.81578e-13
2.19499e-13
1.3732e-08
-3.67757e-13
-8.19357e-14
1.14122e-08
-8.03314e-13
5.67044e-09
4.52386e-14
-1.48436e-13
4.57183e-09
5.03255e-13
6.76936e-14
9.93138e-09
5.5024e-13
1.77546e-13
1.25269e-08
6.63142e-13
2.87467e-13
1.36861e-08
1.28515e-13
2.42127e-13
1.4163e-08
-2.58178e-13
3.16009e-13
1.41629e-08
-5.76945e-13
4.17716e-13
1.36861e-08
-6.14637e-13
2.49367e-13
1.25268e-08
-3.62745e-13
-6.03083e-13
9.93127e-09
-1.24871e-12
4.5719e-09
1.41206e-13
-2.10619e-13
2.82275e-09
3.6781e-13
-1.10802e-13
7.10615e-09
3.60843e-13
3.30611e-13
9.96803e-09
4.48876e-13
3.0367e-13
1.1523e-08
1.85415e-13
3.46077e-13
1.21892e-08
1.04216e-13
4.85951e-13
1.21892e-08
-2.15384e-14
6.03223e-13
1.15229e-08
-2.69733e-13
4.48899e-13
9.96796e-09
-1.57422e-13
-4.93373e-13
7.10614e-09
-1.19491e-12
2.82274e-09
-7.61654e-14
-3.96022e-13
1.16357e-09
-5.26254e-13
1.35133e-13
3.62381e-09
-4.49133e-13
1.89925e-13
6.03558e-09
-1.00915e-13
-3.2681e-14
7.80574e-09
1.84406e-13
3.83434e-14
8.69858e-09
5.61465e-13
1.68669e-13
8.69856e-09
1.07613e-12
9.83704e-14
7.8057e-09
1.51075e-12
2.02702e-13
6.03555e-09
6.47416e-13
-4.45999e-15
3.62385e-09
-6.70634e-13
1.16357e-09
-2.9489e-13
2.0289e-10
-3.87049e-13
8.61344e-10
-1.51497e-13
1.83644e-09
-1.12857e-13
2.77614e-09
1.74802e-13
3.34299e-09
2.1732e-13
3.34299e-09
2.07135e-13
2.77609e-09
6.54648e-13
1.83638e-09
5.71452e-13
8.61324e-10
2.02874e-10
-8.06227e-13
7.32183e-13
2.02891e-10
-6.00185e-14
-7.41186e-13
8.61376e-10
-4.10935e-13
1.97495e-13
1.83644e-09
-2.44422e-13
9.48703e-14
2.77612e-09
-7.12103e-14
-3.58799e-13
3.34297e-09
1.6641e-13
-1.73822e-13
3.34296e-09
-8.48115e-14
3.63865e-13
2.77605e-09
-5.07295e-13
4.32389e-13
1.8364e-09
5.19822e-13
-7.91766e-13
8.61335e-10
3.62113e-13
2.02884e-10
-5.70281e-13
9.08282e-13
1.16361e-09
-7.68011e-13
-3.16716e-13
3.62391e-09
-5.98866e-13
-3.37682e-13
6.03572e-09
-3.91751e-13
-2.3436e-13
7.80577e-09
-1.98876e-14
-6.77325e-13
8.69857e-09
1.72228e-13
-5.75355e-13
8.69854e-09
6.1332e-13
6.35166e-14
7.80569e-09
6.70923e-13
2.96199e-14
6.03563e-09
1.04183e-13
-2.19516e-13
3.62386e-09
2.27789e-13
1.16362e-09
3.4911e-13
8.20088e-13
2.82275e-09
1.34714e-13
4.45117e-14
7.10612e-09
3.18497e-13
-4.76556e-13
9.96814e-09
3.5499e-13
-3.24564e-13
1.1523e-08
-6.54621e-14
-3.3364e-13
1.21893e-08
-3.35719e-13
-1.78787e-13
1.21893e-08
-3.37132e-13
-1.09186e-13
1.1523e-08
2.96761e-13
-1.51685e-13
9.96809e-09
-1.038e-13
-1.46938e-14
7.10619e-09
2.81517e-13
2.82283e-09
2.06649e-13
5.72592e-13
4.57185e-09
4.48757e-13
-1.55269e-13
9.93143e-09
5.21314e-13
-9.82327e-14
1.25268e-08
4.7484e-14
-1.49865e-13
1.36862e-08
-3.55152e-13
-7.80878e-14
1.4163e-08
-5.65162e-13
-3.80084e-14
1.4163e-08
-6.81546e-13
-1.25971e-13
1.36861e-08
-4.74617e-13
-1.0083e-13
1.25269e-08
-4.54437e-14
-3.33367e-13
9.93144e-09
2.77326e-13
4.57188e-09
3.19194e-13
1.45337e-13
5.67031e-09
3.49701e-13
-2.90913e-13
1.14123e-08
1.5471e-13
1.15247e-13
1.3732e-08
-6.73031e-14
-2.90425e-13
1.47022e-08
-1.53122e-13
-9.96362e-14
1.51132e-08
2.30787e-14
1.19266e-13
1.51132e-08
9.83338e-14
-7.14925e-14
1.47023e-08
-1.56292e-13
1.61519e-13
1.3732e-08
-2.27692e-13
-4.66059e-13
1.14123e-08
1.38613e-13
5.67037e-09
2.76674e-13
9.35224e-14
5.67033e-09
2.57139e-13
-4.4657e-13
1.14123e-08
9.46655e-15
4.29996e-13
1.3732e-08
-3.00349e-14
-1.61327e-13
1.47023e-08
3.10284e-14
1.16919e-13
1.51131e-08
-2.05403e-13
-1.69254e-13
1.51132e-08
-1.08923e-13
-1.30076e-13
1.47023e-08
-3.14002e-13
4.7164e-13
1.3732e-08
-9.88188e-14
-7.59144e-13
1.14123e-08
9.01986e-14
5.67035e-09
1.35478e-13
3.75914e-14
4.57184e-09
6.69744e-13
-1.12608e-12
9.93145e-09
5.58921e-13
3.73219e-13
1.25268e-08
4.60942e-13
1.59259e-13
1.36861e-08
-1.01232e-13
1.48694e-13
1.41629e-08
-3.05134e-13
1.88543e-13
1.4163e-08
-5.70716e-13
3.82903e-13
1.36862e-08
-8.79738e-13
6.79738e-13
1.25268e-08
-1.55744e-13
-1.27091e-12
9.93149e-09
-1.18821e-13
4.57185e-09
2.66904e-13
-3.47603e-13
2.82281e-09
4.55667e-13
-1.26623e-12
7.10612e-09
4.04902e-13
3.2896e-13
9.9681e-09
2.45094e-13
2.3065e-13
1.1523e-08
4.45639e-14
4.64275e-13
1.21893e-08
-3.83688e-14
5.34205e-13
1.21892e-08
-4.56401e-13
3.06878e-13
1.15229e-08
-4.10229e-13
8.45034e-13
9.9681e-09
-6.84929e-13
-1.1916e-12
7.10609e-09
-7.0279e-13
2.82274e-09
-1.92355e-14
-3.78913e-13
1.16366e-09
-7.059e-13
-8.44336e-14
3.62392e-09
-6.57737e-13
1.62999e-13
6.03566e-09
-3.4168e-13
1.94499e-14
7.80568e-09
2.1819e-13
2.82586e-13
8.69852e-09
4.32516e-13
1.82047e-13
8.69851e-09
8.98442e-13
-1.54613e-13
7.80568e-09
1.31752e-12
3.31082e-13
6.03568e-09
5.38897e-14
-6.28029e-14
3.62387e-09
-5.79518e-13
1.16361e-09
-4.95223e-13
2.02892e-10
-5.38331e-13
8.61367e-10
-3.085e-13
1.83645e-09
-2.58398e-13
2.77607e-09
-4.9093e-14
3.34298e-09
-6.70634e-14
3.34294e-09
-7.41012e-14
2.77607e-09
4.83785e-13
1.83644e-09
4.75747e-13
8.61338e-10
2.02882e-10
-1.13149e-12
7.43737e-13
2.02889e-10
-3.30011e-13
-4.20193e-13
8.6131e-10
-3.76024e-13
3.14373e-13
1.83637e-09
-4.96486e-13
3.32046e-14
2.77603e-09
-1.16613e-13
-2.78706e-13
3.34293e-09
2.21394e-14
-2.77239e-13
3.34291e-09
-1.37664e-13
3.19851e-13
2.77603e-09
-4.21542e-13
2.45181e-13
1.8364e-09
4.73906e-13
-7.13932e-13
8.61337e-10
3.31127e-13
2.0289e-10
-4.53036e-13
1.81829e-12
1.16363e-09
-1.25813e-12
4.72114e-13
3.62393e-09
-8.79907e-13
-1.88242e-13
6.03559e-09
-2.64586e-13
-4.59198e-13
7.80556e-09
-8.36073e-14
-6.5691e-13
8.69848e-09
1.71585e-13
-4.84399e-13
8.69853e-09
5.16404e-13
-7.8251e-14
7.80556e-09
9.48348e-13
1.41977e-13
6.03565e-09
1.06842e-13
-1.27609e-13
3.62392e-09
4.22393e-13
1.16365e-09
2.74259e-13
1.36076e-12
2.82285e-09
-2.53204e-13
4.83573e-13
7.10614e-09
8.20732e-14
-3.22733e-13
9.96807e-09
3.64785e-13
-4.76444e-13
1.1523e-08
4.33214e-14
-3.56027e-13
1.21892e-08
-2.55425e-13
-1.42622e-13
1.21892e-08
-8.22083e-14
-1.80837e-13
1.1523e-08
1.45075e-13
-1.73113e-13
9.96813e-09
-1.91864e-13
3.03395e-14
7.10611e-09
4.49767e-13
2.82273e-09
3.62976e-13
6.12339e-13
4.572e-09
7.57192e-13
-9.06163e-17
9.93157e-09
5.81319e-13
-9.71819e-14
1.25268e-08
2.47419e-13
-3.37406e-13
1.36862e-08
-3.62824e-14
-4.746e-14
1.4163e-08
-4.03168e-13
3.35505e-14
1.41629e-08
-4.0729e-13
9.60847e-14
1.36863e-08
-6.08881e-13
3.99539e-15
1.25268e-08
5.56416e-14
-2.48458e-13
9.9315e-09
2.25972e-13
4.57193e-09
4.41566e-13
1.80298e-13
5.67042e-09
5.43867e-13
-3.66909e-13
1.14124e-08
1.5752e-13
2.20626e-13
1.3732e-08
1.63489e-13
-1.96709e-13
1.47023e-08
-1.34708e-13
-1.05081e-13
1.51131e-08
5.71793e-14
-2.31561e-14
1.51131e-08
-1.70488e-13
-1.75225e-13
1.47023e-08
-5.02261e-13
2.62698e-14
1.37319e-08
-3.25178e-13
-5.1725e-13
1.14124e-08
1.00133e-13
5.6704e-09
2.77911e-13
1.57544e-14
5.67046e-09
3.95696e-13
-6.25325e-13
1.14124e-08
5.61011e-14
3.91489e-13
1.3732e-08
-2.35804e-14
1.71765e-13
1.47023e-08
-1.50636e-13
1.18469e-13
1.51131e-08
-3.14827e-14
1.64864e-13
1.51131e-08
-2.14924e-13
-1.00044e-13
1.47024e-08
-3.15682e-13
4.18818e-13
1.3732e-08
-3.06973e-14
-6.74488e-13
1.14124e-08
-8.51459e-15
5.67046e-09
1.10777e-14
-1.54698e-13
4.57191e-09
3.95697e-13
-1.39019e-12
9.93146e-09
3.50368e-13
5.23383e-13
1.25268e-08
-6.23711e-14
2.91305e-13
1.36861e-08
5.09131e-14
4.61321e-13
1.4163e-08
-3.87337e-13
2.5104e-13
1.41629e-08
-5.1614e-13
2.94959e-13
1.36862e-08
-6.23648e-13
6.08611e-13
1.25269e-08
-2.17399e-13
-1.5812e-12
9.93151e-09
-3.28463e-13
4.572e-09
2.1622e-13
-2.40794e-13
2.82274e-09
3.02265e-14
-1.21677e-12
7.10615e-09
3.59327e-14
4.97865e-13
9.96811e-09
6.53412e-14
4.56439e-13
1.1523e-08
-1.3923e-13
4.53943e-13
1.21892e-08
-2.33536e-13
4.25751e-13
1.21892e-08
-1.5682e-13
3.4376e-13
1.1523e-08
-3.74908e-13
7.31629e-13
9.96814e-09
-6.73353e-13
-1.26211e-12
7.10615e-09
-8.39347e-13
2.82281e-09
-1.66436e-13
-6.51332e-13
1.16363e-09
-9.92098e-13
-3.18638e-13
3.62399e-09
-6.64628e-13
2.97147e-13
6.0357e-09
-4.72216e-13
9.33588e-15
7.80565e-09
-3.24856e-13
2.1541e-13
8.69846e-09
2.51827e-13
2.42681e-13
8.69845e-09
9.27246e-13
-8.7152e-14
7.80556e-09
1.43308e-12
3.78371e-13
6.03562e-09
1.92228e-13
-3.84748e-14
3.6239e-09
-8.37771e-13
1.16366e-09
-3.60422e-13
2.02895e-10
-6.50028e-13
8.61337e-10
-6.08932e-13
1.83637e-09
-2.37888e-13
2.77598e-09
-8.60366e-14
3.34286e-09
2.6308e-13
3.3429e-09
2.27917e-13
2.77601e-09
6.93121e-13
1.83639e-09
5.37576e-13
8.61336e-10
2.02896e-10
-1.08767e-13
3.49314e-13
2.02892e-10
9.73686e-13
-1.13597e-12
8.61365e-10
4.31183e-13
-5.47466e-14
1.83651e-09
2.69473e-13
3.56932e-13
2.77608e-09
2.23483e-13
-4.76287e-14
3.34305e-09
2.95813e-13
-1.81087e-14
3.34303e-09
-2.9653e-13
3.84982e-13
2.77608e-09
-7.0832e-13
4.39082e-13
1.8365e-09
1.94397e-13
-6.57063e-13
8.61349e-10
1.3481e-13
2.02887e-10
-3.68128e-13
5.61417e-13
1.16358e-09
-4.00278e-13
-7.72287e-13
3.62374e-09
-1.90546e-14
-4.96312e-13
6.03577e-09
-1.11578e-13
2.2095e-13
7.80576e-09
-1.02402e-13
-2.68371e-13
8.69869e-09
-2.51915e-13
-2.6528e-13
8.69862e-09
-1.24864e-13
2.47588e-13
7.80579e-09
1.23384e-13
7.20793e-14
6.03584e-09
-1.11667e-13
-4.21797e-13
3.62377e-09
-3.9543e-14
1.16353e-09
1.46008e-13
2.36646e-13
2.82271e-09
-3.23411e-13
-1.90059e-13
7.10611e-09
7.19379e-14
-5.55607e-13
9.96809e-09
2.32607e-13
-1.92518e-13
1.1523e-08
1.71723e-13
-7.11603e-14
1.21892e-08
8.08841e-14
-1.42606e-13
1.21892e-08
3.77172e-13
-6.68939e-14
1.1523e-08
6.88014e-13
-3.20775e-13
9.96806e-09
2.69192e-13
2.28197e-13
7.10605e-09
3.32273e-13
2.82274e-09
3.08435e-13
1.28151e-14
4.57176e-09
4.92478e-13
-4.34944e-13
9.93151e-09
4.38076e-13
-1.39062e-13
1.25267e-08
1.80464e-13
-1.82416e-13
1.36863e-08
-1.83821e-13
4.30416e-16
1.4163e-08
-3.18305e-13
-6.58157e-14
1.41631e-08
-5.10039e-13
-9.88716e-14
1.36862e-08
-3.54868e-13
-3.34652e-14
1.25266e-08
-9.91881e-14
-7.46711e-14
9.93144e-09
2.9892e-13
4.57174e-09
2.64564e-14
1.63196e-13
5.67037e-09
1.50724e-13
-4.47832e-13
1.14124e-08
-7.09538e-14
1.12864e-13
1.37319e-08
-1.14339e-13
-9.0957e-14
1.47023e-08
-2.31635e-14
7.46447e-14
1.51132e-08
-1.09092e-13
-2.50176e-13
1.51131e-08
-1.27391e-13
-3.98602e-14
1.47023e-08
-3.64561e-13
9.40943e-14
1.37318e-08
-1.44046e-13
-2.45581e-13
1.14123e-08
2.24991e-13
5.67035e-09
1.55177e-14
2.76711e-13
5.67036e-09
1.68875e-13
-6.83795e-13
1.14125e-08
2.08404e-13
6.17719e-13
1.37318e-08
5.59137e-14
7.908e-14
1.47023e-08
4.50479e-15
7.39027e-14
1.51132e-08
1.54166e-13
-1.2643e-13
1.51132e-08
-4.8993e-14
-3.88652e-14
1.47023e-08
-2.65066e-13
3.24472e-13
1.37318e-08
-1.50785e-15
-6.80256e-13
1.14124e-08
5.36601e-14
5.6703e-09
1.13649e-13
3.80827e-14
4.57188e-09
8.02651e-13
-8.99488e-13
9.93157e-09
5.13207e-13
7.45195e-13
1.25267e-08
2.37358e-13
1.98032e-13
1.36861e-08
1.76968e-13
7.8983e-14
1.4163e-08
2.19389e-13
-7.32106e-14
1.4163e-08
-1.91527e-13
1.99448e-13
1.36863e-08
-7.0875e-13
8.02668e-13
1.25267e-08
-1.37235e-13
-8.91379e-13
9.93152e-09
2.68846e-13
4.57182e-09
3.63669e-13
-1.49695e-13
2.82279e-09
-2.20721e-13
-3.54151e-13
7.10606e-09
-1.66353e-13
9.54956e-13
9.96803e-09
9.77921e-14
7.4014e-14
1.15229e-08
3.42715e-15
-2.67578e-14
1.21892e-08
3.93416e-14
-4.41096e-14
1.21893e-08
3.37307e-13
2.82825e-13
1.1523e-08
4.46243e-14
1.24214e-12
9.96803e-09
-2.04436e-13
-2.83944e-13
7.1061e-09
-2.31771e-13
2.82281e-09
-1.34906e-14
-1.25484e-13
1.16357e-09
-6.63218e-13
2.73043e-13
3.62363e-09
1.32574e-14
3.51281e-13
6.03566e-09
7.39763e-14
-2.86798e-13
7.80571e-09
-1.75257e-13
-1.2155e-13
8.69868e-09
-3.62603e-13
-2.11636e-13
8.6987e-09
-1.52692e-13
-7.60041e-14
7.80577e-09
2.84211e-13
6.10423e-13
6.03574e-09
-2.54019e-13
3.03833e-13
3.62373e-09
-1.46441e-13
1.16359e-09
-1.9354e-14
2.02885e-10
3.01793e-13
8.6133e-10
9.15567e-13
1.83648e-09
3.63467e-13
2.77612e-09
-4.13003e-14
3.34303e-09
-1.29181e-13
3.34307e-09
-6.3642e-13
2.7761e-09
-3.05196e-14
1.8365e-09
-1.29201e-14
8.61354e-10
2.02895e-10
-7.93512e-13
4.10752e-13
2.02883e-10
1.04391e-13
-6.0922e-13
8.6133e-10
-4.37056e-13
4.41882e-13
1.83636e-09
-2.12379e-13
-1.05655e-13
2.77606e-09
3.21524e-13
-2.58418e-13
3.34291e-09
5.18012e-13
-2.58136e-13
3.34291e-09
4.31252e-13
5.04645e-14
2.77604e-09
1.25976e-13
8.63326e-13
1.83634e-09
4.1503e-13
-2.11576e-13
8.61313e-10
6.42856e-13
2.02882e-10
-5.37233e-13
1.2912e-12
1.16359e-09
-1.04085e-12
-1.20444e-13
3.6239e-09
-9.89104e-13
9.17743e-13
6.03552e-09
-2.19908e-13
-6.1906e-13
7.80563e-09
5.05834e-13
-8.09542e-13
8.69847e-09
9.69593e-13
-7.15221e-13
8.69847e-09
1.75787e-12
-4.14405e-13
7.80555e-09
1.51816e-12
1.34253e-12
6.03545e-09
3.37912e-13
2.6508e-13
3.62389e-09
8.25757e-13
1.16369e-09
3.36528e-13
9.27164e-13
2.82279e-09
1.03693e-13
-1.49058e-13
7.10618e-09
-7.20673e-14
7.19025e-13
9.96809e-09
2.977e-13
-8.10702e-13
1.15229e-08
1.05063e-13
-5.25352e-13
1.21892e-08
-3.8779e-14
-4.36187e-13
1.21892e-08
4.219e-14
-7.23358e-13
1.1523e-08
-6.07381e-14
1.19667e-12
9.96811e-09
-3.62074e-13
4.62792e-13
7.10628e-09
3.6953e-13
2.82281e-09
2.76892e-13
4.6467e-13
4.57194e-09
4.91225e-13
-3.11792e-13
9.93144e-09
5.1922e-13
4.15797e-13
1.2527e-08
1.67045e-13
-4.83541e-13
1.36862e-08
-1.45772e-13
-1.10977e-13
1.4163e-08
-6.10979e-13
-1.19969e-13
1.4163e-08
-8.51267e-13
-2.71271e-13
1.36862e-08
-5.60153e-13
8.19302e-13
1.2527e-08
-4.10785e-14
1.58195e-13
9.93153e-09
3.12976e-13
4.57196e-09
2.49547e-13
-1.23375e-15
5.67036e-09
3.47361e-13
-2.89316e-14
1.14122e-08
1.16523e-13
2.78911e-13
1.37321e-08
1.67223e-13
-6.26536e-14
1.47023e-08
-1.57406e-13
6.74926e-15
1.51131e-08
-3.49132e-13
8.94087e-14
1.51131e-08
-3.89195e-13
-3.00395e-13
1.47023e-08
-3.46959e-13
3.41183e-13
1.37321e-08
-2.81492e-13
-9.59231e-14
1.14124e-08
-2.26206e-13
5.67043e-09
4.40862e-13
-4.39342e-13
5.67038e-09
2.40023e-13
-1.08553e-13
1.14122e-08
2.83027e-13
3.55485e-13
1.3732e-08
1.1636e-13
-1.54921e-14
1.47023e-08
2.32644e-14
1.26385e-13
1.51132e-08
-2.70942e-13
1.54887e-13
1.51132e-08
-2.34258e-13
-6.36217e-14
1.47024e-08
-3.36745e-13
1.21508e-13
1.37321e-08
-3.17412e-13
-2.84881e-13
1.14123e-08
-7.21721e-13
5.6705e-09
1.05266e-13
-5.73444e-13
4.57183e-09
5.90497e-13
-3.46881e-13
9.93134e-09
4.23438e-13
-3.06216e-14
1.25268e-08
3.11053e-13
2.57506e-13
1.36862e-08
6.17413e-14
3.91653e-13
1.4163e-08
-2.2805e-13
4.3366e-13
1.41629e-08
-7.76068e-13
1.11121e-13
1.36862e-08
-8.21682e-13
1.63777e-13
1.2527e-08
-2.61747e-13
-7.07447e-13
9.93148e-09
-1.11542e-12
4.572e-09
1.85581e-13
-5.21792e-13
2.8227e-09
4.52873e-13
-3.38121e-13
7.10618e-09
1.46583e-13
1.65123e-13
9.96812e-09
-3.43037e-15
1.91714e-13
1.15231e-08
2.17088e-14
3.76259e-13
1.21892e-08
-9.30348e-14
4.6636e-13
1.21892e-08
-1.91454e-13
2.52301e-13
1.1523e-08
-5.67053e-13
3.19019e-13
9.96815e-09
-4.19371e-13
-8.62027e-13
7.10621e-09
-1.49948e-12
2.82275e-09
-1.55846e-13
-3.81417e-13
1.16361e-09
-7.51146e-13
8.53627e-14
3.62399e-09
-7.73512e-13
2.04793e-13
6.03565e-09
-3.24457e-13
-8.92544e-14
7.80561e-09
2.26795e-13
1.11056e-13
8.69843e-09
6.5146e-13
1.02667e-13
8.69841e-09
1.38592e-12
-1.35581e-13
7.80554e-09
1.66787e-12
1.37205e-13
6.03553e-09
7.51812e-13
-1.41714e-13
3.62396e-09
-6.98368e-13
1.16363e-09
-6.10169e-13
2.02888e-10
-7.11047e-13
8.61334e-10
-3.31276e-13
1.83635e-09
-1.14392e-13
2.77596e-09
1.53105e-13
3.3429e-09
2.3366e-13
3.34285e-09
2.74077e-13
2.77599e-09
6.7298e-13
1.83634e-09
7.82953e-13
8.61325e-10
2.02894e-10
-4.1677e-13
-7.24406e-14
2.02886e-10
6.50273e-13
-1.10953e-12
8.61343e-10
3.68149e-13
2.4795e-13
1.83647e-09
2.27699e-13
3.91111e-13
2.77609e-09
1.52715e-13
-4.68215e-14
3.34299e-09
-1.76961e-14
-6.47862e-14
3.34298e-09
-3.09901e-13
1.95454e-13
2.77605e-09
-8.27924e-13
2.4665e-13
1.83643e-09
1.38828e-13
-6.50088e-13
8.61352e-10
1.58269e-13
2.02894e-10
-1.44371e-13
4.10468e-13
1.16365e-09
-4.4853e-13
-5.29604e-13
3.62384e-09
-3.81629e-13
-9.91533e-14
6.03566e-09
-3.54559e-13
1.14434e-13
7.80571e-09
-3.29318e-13
-2.41623e-13
8.69858e-09
-3.74529e-13
-3.36232e-13
8.69853e-09
-4.88589e-14
2.06907e-13
7.80572e-09
1.04265e-13
-1.55214e-13
6.03566e-09
-1.35975e-13
-5.28151e-13
3.62382e-09
5.01936e-14
1.16359e-09
1.98246e-13
3.53183e-13
2.82275e-09
-2.66506e-13
1.13719e-14
7.10617e-09
-1.49691e-13
-1.38586e-13
9.9681e-09
3.96373e-14
-1.09394e-13
1.1523e-08
-1.30082e-13
-1.52037e-13
1.21892e-08
-1.21225e-13
-1.84939e-13
1.21892e-08
2.90641e-13
-2.38359e-13
1.15229e-08
7.95753e-13
-3.76834e-13
9.96804e-09
2.24404e-13
1.03221e-13
7.10625e-09
3.02838e-13
2.82282e-09
2.93766e-13
3.16635e-14
4.57179e-09
6.15453e-13
-3.5142e-13
9.93137e-09
5.78782e-13
-5.62229e-14
1.25268e-08
3.49219e-13
-3.63448e-15
1.36862e-08
4.35904e-14
-5.39882e-14
1.4163e-08
-3.21554e-13
-2.36545e-14
1.4163e-08
-4.99369e-13
-2.59894e-13
1.36862e-08
-3.06925e-13
-5.19466e-14
1.25269e-08
-2.03814e-13
-2.12948e-13
9.93152e-09
3.22853e-13
4.57189e-09
3.11704e-14
2.42783e-13
5.67042e-09
2.01901e-13
-2.46564e-13
1.14123e-08
2.24354e-14
2.637e-13
1.37319e-08
1.72574e-14
-2.19796e-14
1.47023e-08
2.33975e-13
-5.57682e-14
1.51132e-08
-3.9485e-16
-7.24636e-15
1.51131e-08
-1.13943e-15
5.15032e-14
1.47023e-08
-3.15963e-13
1.60783e-13
1.37319e-08
-1.78688e-13
-3.45555e-13
1.14123e-08
9.6108e-14
5.67038e-09
2.27548e-14
1.41469e-13
5.67042e-09
1.30193e-13
-5.34345e-13
1.14123e-08
1.60467e-13
5.95405e-13
1.3732e-08
-1.21756e-13
1.10379e-14
1.47023e-08
7.80139e-14
2.27814e-14
1.51131e-08
1.2055e-13
-2.44585e-14
1.51131e-08
-1.74987e-13
-2.50219e-16
1.47023e-08
-2.64263e-13
5.87729e-13
1.3732e-08
9.29314e-15
-4.00708e-13
1.14123e-08
2.18284e-13
5.67044e-09
2.61351e-13
-1.32751e-13
4.5719e-09
6.04904e-13
-1.04564e-12
9.93149e-09
4.21689e-13
8.8696e-13
1.25268e-08
9.89795e-14
3.39953e-13
1.36862e-08
-4.46601e-14
2.08846e-13
1.4163e-08
-6.22928e-14
1.61996e-13
1.4163e-08
-4.52053e-13
2.74873e-13
1.36862e-08
-7.62053e-13
9.91035e-13
1.25268e-08
-3.81268e-13
-9.24907e-13
9.93145e-09
-7.73392e-14
4.57188e-09
3.33345e-13
-4.45669e-13
2.82283e-09
-8.08608e-14
-5.04033e-13
7.10617e-09
-2.03378e-13
1.01074e-12
9.96806e-09
-1.0643e-13
8.21484e-14
1.15229e-08
-1.36779e-14
-1.7284e-14
1.21892e-08
1.70951e-13
-2.01368e-14
1.21892e-08
2.00931e-13
1.00525e-13
1.1523e-08
-4.47506e-14
1.17921e-12
9.96802e-09
-4.36717e-13
-3.86274e-13
7.10608e-09
-2.74047e-13
2.82277e-09
-3.85735e-13
-1.17032e-13
1.16358e-09
-7.77826e-13
5.53956e-13
3.62371e-09
4.48768e-14
8.06953e-13
6.03559e-09
1.68665e-13
-2.85012e-13
7.80572e-09
1.74374e-13
-8.64481e-14
8.69862e-09
-6.11697e-14
-2.21979e-13
8.69867e-09
6.98283e-14
-1.52087e-13
7.80583e-09
4.54416e-13
5.86287e-13
6.03573e-09
6.96263e-14
2.01663e-13
3.62377e-09
-2.73489e-13
1.16354e-09
-3.29106e-13
2.02876e-10
3.5621e-13
8.61319e-10
6.34985e-13
1.83646e-09
6.83832e-13
2.77615e-09
7.57061e-14
3.34303e-09
-1.37093e-13
3.34307e-09
-3.64667e-13
2.77617e-09
8.71885e-14
1.83651e-09
4.72766e-13
8.61367e-10
2.02889e-10
-8.76527e-13
7.3542e-13
2.02894e-10
-1.52126e-13
-4.37947e-13
8.61346e-10
-4.44743e-13
-6.62811e-17
1.83646e-09
-3.60761e-13
1.15047e-13
2.77602e-09
-1.9667e-13
-2.4321e-13
3.34297e-09
-5.81235e-14
-1.63997e-13
3.34297e-09
-3.91984e-13
2.83581e-13
2.77609e-09
-5.14553e-13
3.98274e-13
1.83651e-09
1.62673e-13
-5.6475e-13
8.61362e-10
8.66854e-14
2.02898e-10
-3.82905e-13
1.36067e-12
1.16359e-09
-1.36785e-12
1.63164e-13
3.62381e-09
-7.75813e-13
-2.78784e-13
6.03577e-09
-4.39937e-13
-2.66731e-13
7.80564e-09
-1.20632e-13
-4.08524e-13
8.69854e-09
1.43938e-13
-5.20535e-13
8.69855e-09
7.65159e-13
-1.79872e-13
7.80563e-09
9.02435e-13
-1.82709e-13
6.03578e-09
6.82593e-14
4.92413e-14
3.62388e-09
2.87924e-13
1.16363e-09
2.79624e-13
1.16841e-12
2.82279e-09
9.19233e-14
4.48378e-13
7.10606e-09
3.26279e-13
-3.69052e-13
9.96813e-09
5.50267e-13
-2.92362e-13
1.15231e-08
-2.22264e-14
-2.80729e-13
1.21892e-08
-1.56676e-13
-1.28552e-13
1.21893e-08
-7.55005e-15
-2.82153e-13
1.15231e-08
4.27554e-13
-1.86552e-13
9.96807e-09
4.55658e-14
2.82913e-13
7.10604e-09
4.89854e-13
2.82276e-09
2.50088e-13
5.41343e-13
4.57198e-09
7.56612e-13
4.10178e-14
9.93154e-09
5.75372e-13
-2.06822e-13
1.25266e-08
5.80261e-14
-3.14433e-13
1.36863e-08
-1.24907e-13
-1.83153e-14
1.4163e-08
-3.51346e-13
2.03448e-13
1.4163e-08
-4.09957e-13
-2.32835e-13
1.36863e-08
-5.356e-13
-3.2163e-13
1.25266e-08
-8.72262e-14
-1.86602e-13
9.93154e-09
4.06593e-13
4.57193e-09
3.55328e-13
3.78949e-13
5.67041e-09
4.89654e-13
-1.4681e-13
1.14124e-08
2.99309e-13
2.59925e-13
1.37319e-08
2.9437e-14
-2.15314e-13
1.47023e-08
2.57194e-13
8.61032e-14
1.51131e-08
-1.16438e-13
1.81505e-13
1.51132e-08
-1.72728e-13
-1.09944e-13
1.47024e-08
-2.90223e-13
2.55812e-13
1.37318e-08
-2.61902e-13
-2.96828e-13
1.14125e-08
3.25599e-13
5.67045e-09
2.34949e-13
-8.10656e-14
5.67036e-09
3.26609e-13
-7.15682e-13
1.14124e-08
1.05304e-13
2.29633e-13
1.37319e-08
2.09546e-13
-2.80753e-14
1.47024e-08
2.5032e-14
-5.04838e-15
1.51131e-08
-2.43122e-13
1.62478e-13
1.51131e-08
-3.05489e-13
6.22313e-14
1.47023e-08
-3.83951e-13
3.99412e-13
1.37319e-08
-9.6822e-14
-9.40547e-13
1.14125e-08
1.11899e-13
5.67033e-09
3.12883e-14
1.87404e-13
4.57189e-09
5.26627e-13
-1.06011e-12
9.93149e-09
6.01842e-13
4.87246e-13
1.25267e-08
1.68845e-13
1.39204e-13
1.36862e-08
1.04026e-13
2.97618e-13
1.4163e-08
-2.58218e-13
4.3827e-13
1.4163e-08
-7.74984e-13
3.7046e-13
1.36863e-08
-6.92839e-13
8.35889e-13
1.25269e-08
-2.75911e-13
-1.70112e-12
9.93158e-09
-1.48403e-13
4.57188e-09
4.19545e-13
-2.39573e-13
2.82279e-09
1.96444e-13
-9.5705e-13
7.10608e-09
3.09033e-13
4.95848e-13
9.96808e-09
1.91135e-13
1.40435e-13
1.1523e-08
1.63605e-13
3.82722e-13
1.21893e-08
-9.54021e-14
4.55445e-13
1.21892e-08
4.63255e-14
4.51002e-13
1.15231e-08
-4.64091e-13
7.04811e-13
9.96824e-09
-7.37163e-13
-1.66361e-12
7.10619e-09
-8.94879e-13
2.82277e-09
4.58211e-13
-7.04651e-14
1.16362e-09
-9.28824e-13
-4.0765e-13
3.62393e-09
-7.29893e-13
2.95818e-13
6.03581e-09
-3.35096e-13
-1.16602e-13
7.80562e-09
4.65325e-14
1.18108e-15
8.69848e-09
4.6037e-13
2.10842e-13
8.69849e-09
1.56213e-12
-3.81698e-15
7.80558e-09
1.73249e-12
2.70187e-13
6.03572e-09
5.38947e-13
-3.56825e-13
3.62392e-09
-5.75563e-13
1.16371e-09
-5.70401e-13
2.02901e-10
-5.50934e-13
8.61356e-10
-1.70306e-13
1.83643e-09
-1.48407e-13
2.77602e-09
1.68516e-13
3.34291e-09
4.21585e-13
3.34291e-09
6.79687e-13
2.77599e-09
1.04357e-12
1.8364e-09
7.96923e-13
8.61329e-10
2.02893e-10
-9.06727e-14
2.58589e-13
2.02883e-10
5.88471e-13
-8.77905e-13
8.61398e-10
-1.29457e-13
5.46799e-13
1.83642e-09
-5.7849e-14
-6.80132e-14
2.77609e-09
2.4652e-13
-2.17713e-13
3.34289e-09
4.23686e-13
-1.43475e-13
3.34288e-09
3.33214e-13
-2.01997e-14
2.77608e-09
-2.52882e-13
7.825e-13
1.8364e-09
4.23959e-13
-7.24986e-13
8.61358e-10
4.5317e-13
2.02887e-10
-3.49356e-13
3.40601e-13
1.16362e-09
-4.66263e-13
-4.75056e-13
3.62385e-09
-6.76321e-13
9.4757e-13
6.03563e-09
-4.26319e-13
-4.9287e-13
7.80568e-09
-6.07164e-14
-3.96408e-13
8.69861e-09
-1.66228e-13
-4.68055e-13
8.69856e-09
2.71476e-13
-3.4335e-13
7.80566e-09
8.84623e-14
1.07147e-12
6.03565e-09
2.12787e-13
-4.57209e-13
3.62379e-09
4.26217e-13
1.16365e-09
2.33857e-13
1.74226e-13
2.82271e-09
-1.94726e-13
5.5575e-14
7.1061e-09
-2.22636e-13
8.93678e-13
9.96827e-09
-1.07425e-13
-8.61783e-13
1.1523e-08
-1.1388e-13
-2.44323e-13
1.21892e-08
-3.69597e-14
-2.64692e-13
1.21892e-08
1.0115e-13
-6.82884e-13
1.1523e-08
-1.01909e-13
7.38864e-13
9.96828e-09
-2.35874e-13
-8.60319e-14
7.10614e-09
1.68192e-13
2.82279e-09
1.90973e-13
9.48935e-14
4.57187e-09
4.2121e-13
-2.94178e-13
9.93139e-09
4.89043e-13
5.41881e-13
1.25269e-08
1.8146e-13
-5.64293e-13
1.36862e-08
-1.28513e-13
-4.07847e-14
1.4163e-08
-4.29099e-13
-8.17e-14
1.41631e-08
-6.90325e-13
-4.20221e-13
1.36862e-08
-3.57079e-13
4.54785e-13
1.25269e-08
-1.39369e-13
-9.14713e-14
9.93146e-09
3.55938e-14
4.57191e-09
9.70433e-14
-9.33611e-14
5.67041e-09
1.73455e-13
-1.82365e-13
1.14124e-08
1.63398e-13
2.21385e-13
1.3732e-08
2.40816e-13
-1.80624e-13
1.47022e-08
6.78965e-14
-3.56365e-14
1.51131e-08
-1.76123e-13
-1.26678e-13
1.51131e-08
-2.16119e-13
-1.89745e-13
1.47023e-08
-1.18266e-13
1.87596e-13
1.3732e-08
-1.1514e-13
-2.16636e-14
1.14124e-08
-7.73107e-14
5.67044e-09
1.10946e-13
-1.26053e-13
5.67043e-09
1.26785e-13
-8.4285e-14
1.14124e-08
3.4574e-13
2.60187e-13
1.3732e-08
1.9737e-13
8.9289e-14
1.47022e-08
7.96864e-14
4.95732e-14
1.51131e-08
4.20439e-15
1.20546e-14
1.51131e-08
-1.29878e-13
1.31184e-13
1.47023e-08
-2.19271e-13
2.63099e-13
1.3732e-08
-2.82088e-13
-2.43272e-13
1.14124e-08
-6.91663e-13
5.67044e-09
2.24518e-13
-3.1283e-13
4.57186e-09
6.16855e-13
-3.66665e-13
9.93144e-09
5.27164e-13
2.6727e-13
1.25267e-08
8.06656e-14
8.20179e-14
1.36862e-08
-5.48579e-14
1.77689e-13
1.4163e-08
-1.74439e-13
2.18723e-13
1.4163e-08
-5.0062e-13
2.38989e-13
1.36863e-08
-6.11693e-13
5.17226e-13
1.25268e-08
-4.25821e-13
-3.23014e-13
9.93148e-09
-9.35136e-13
4.57187e-09
3.41378e-13
-6.47458e-13
2.82267e-09
4.01057e-14
-5.79724e-14
7.10619e-09
-4.08509e-13
6.06115e-13
9.96808e-09
6.61452e-14
3.66027e-14
1.1523e-08
1.65988e-13
1.48364e-15
1.21891e-08
2.2819e-13
1.02614e-13
1.21892e-08
4.74071e-13
1.46988e-13
1.1523e-08
3.58539e-13
8.4174e-13
9.96817e-09
-9.84106e-14
-5.58853e-14
7.10631e-09
-8.01639e-13
2.82278e-09
-1.77485e-13
-4.85104e-14
1.16361e-09
-6.79959e-13
5.19536e-13
3.62382e-09
-3.39161e-13
3.48587e-13
6.03561e-09
-2.16977e-13
-2.63362e-13
7.80563e-09
4.3663e-14
-9.39208e-14
8.69848e-09
-2.42417e-15
-8.96508e-14
8.69849e-09
3.28239e-13
-1.62978e-13
7.80569e-09
8.74905e-13
2.7722e-13
6.03572e-09
5.46275e-13
1.92689e-13
3.6239e-09
-4.58914e-13
1.16363e-09
-3.68891e-13
2.0288e-10
3.76222e-14
8.61336e-10
6.23567e-13
1.83645e-09
2.04687e-13
2.77603e-09
1.41614e-13
3.34287e-09
-1.32087e-13
3.34291e-09
-3.18837e-13
2.77606e-09
1.08585e-13
1.83648e-09
4.08451e-13
8.6136e-10
2.02898e-10
4.08769e-13
1.20797e-13
2.02904e-10
-6.22027e-13
2.35898e-13
8.61321e-10
-2.25142e-13
-2.26557e-13
1.83652e-09
-1.38214e-13
-1.17893e-13
2.77613e-09
-4.09799e-13
7.87869e-14
3.34312e-09
-2.34678e-13
1.10441e-13
3.34314e-09
-5.83303e-13
-2.38772e-13
2.77609e-09
-4.20727e-13
-2.14042e-13
1.83647e-09
6.34719e-16
6.71693e-14
8.61298e-10
-4.85106e-14
2.02885e-10
1.17753e-13
2.67194e-13
1.1636e-09
-6.14745e-13
5.36769e-13
3.62384e-09
-5.77344e-13
4.13742e-13
6.03563e-09
-5.53817e-13
-3.697e-13
7.80579e-09
-7.77398e-14
-3.66757e-13
8.69867e-09
3.16703e-13
-3.11879e-13
8.69869e-09
4.73187e-13
-3.5751e-13
7.80581e-09
-1.10638e-13
-6.54157e-14
6.0356e-09
-1.18001e-13
4.05386e-14
3.62379e-09
-9.17276e-14
1.16353e-09
-2.93346e-13
3.02531e-13
2.82281e-09
-1.57076e-13
3.30343e-13
7.10628e-09
-1.77518e-13
2.41576e-13
9.9679e-09
-1.55293e-13
-6.53849e-13
1.1523e-08
1.80073e-14
-4.06647e-13
1.21892e-08
1.16167e-13
-2.10746e-13
1.21893e-08
1.56431e-13
-3.09286e-13
1.15229e-08
2.45924e-13
2.97861e-13
9.96788e-09
3.66344e-13
5.94826e-14
7.10625e-09
1.24492e-13
2.82285e-09
-6.75243e-14
3.87212e-13
4.57178e-09
-1.50252e-13
1.49971e-13
9.93159e-09
-4.48184e-14
2.56255e-13
1.25268e-08
-9.68496e-16
-3.03649e-13
1.36862e-08
2.11186e-14
-4.09896e-13
1.4163e-08
-3.67006e-14
-2.11319e-13
1.41629e-08
-4.04916e-14
-2.15455e-13
1.36861e-08
-4.33604e-14
1.03579e-13
1.25268e-08
1.11847e-14
-1.47629e-13
9.93156e-09
2.89575e-13
4.57182e-09
8.51234e-14
2.70096e-13
5.67032e-09
1.95215e-13
-5.478e-15
1.14123e-08
2.75614e-13
2.35379e-13
1.37319e-08
1.28838e-13
-2.66294e-13
1.47023e-08
2.07146e-13
-1.75478e-13
1.51132e-08
1.23345e-13
-1.61049e-13
1.51132e-08
-1.12578e-13
-2.22667e-13
1.47023e-08
-1.76407e-13
6.36558e-14
1.37319e-08
-2.1882e-13
-1.61412e-14
1.14124e-08
1.44178e-13
5.6704e-09
3.47657e-15
3.03899e-13
5.67035e-09
1.99463e-13
2.89752e-14
1.14124e-08
3.21955e-13
2.50141e-13
1.37319e-08
2.41115e-13
-2.46881e-13
1.47023e-08
1.23242e-13
-6.1122e-14
1.51132e-08
6.45392e-14
-1.99639e-14
1.51132e-08
-1.14835e-13
2.54386e-13
1.47024e-08
-2.8462e-13
3.92537e-13
1.37319e-08
-3.98667e-13
-1.45344e-13
1.14124e-08
-1.70385e-13
5.67034e-09
2.18274e-13
7.73869e-14
4.57187e-09
7.7858e-14
8.96007e-14
9.93153e-09
-5.34652e-14
2.92188e-13
1.25269e-08
2.59484e-13
-1.99515e-14
1.36862e-08
1.13294e-13
-3.07227e-13
1.4163e-08
3.55873e-13
7.95025e-15
1.4163e-08
2.50152e-13
2.77881e-13
1.36862e-08
-2.55721e-13
4.68151e-13
1.25268e-08
-3.1673e-13
2.04212e-13
9.93145e-09
-5.54227e-13
4.5718e-09
1.20593e-13
2.32597e-13
2.82289e-09
-4.66059e-13
4.97687e-13
7.1061e-09
-4.30237e-13
1.4303e-13
9.96807e-09
-1.26469e-13
-2.82861e-13
1.15229e-08
2.10788e-13
-2.57298e-13
1.21893e-08
3.75077e-14
-2.84119e-13
1.21892e-08
4.68524e-13
-1.33559e-13
1.15229e-08
8.01758e-13
3.10953e-13
9.96797e-09
4.24212e-13
6.18763e-13
7.10605e-09
1.4658e-13
2.82282e-09
-3.4903e-14
4.0204e-13
1.16358e-09
-2.69625e-13
7.01589e-13
3.62371e-09
1.55244e-13
1.13924e-13
6.03557e-09
-2.83846e-14
-3.24513e-13
7.80576e-09
-8.66712e-14
-4.14394e-13
8.6987e-09
-2.41268e-13
-2.53653e-13
8.69878e-09
-2.75681e-13
-4.42802e-13
7.80585e-09
2.79216e-13
-1.50401e-14
6.03566e-09
4.66178e-13
8.42159e-13
3.62376e-09
2.76208e-13
1.16357e-09
5.45823e-13
2.0289e-10
1.169e-12
8.61332e-10
1.04115e-12
1.83643e-09
3.49971e-13
2.77618e-09
2.11526e-13
3.34314e-09
-3.09248e-13
3.34314e-09
-8.99315e-13
2.77618e-09
-8.92409e-13
1.83648e-09
-2.90102e-13
8.61343e-10
2.02881e-10
-3.58316e-13
7.85488e-13
2.02887e-10
-1.77106e-13
-8.26564e-13
8.61346e-10
-6.07083e-13
4.16637e-13
1.83636e-09
-3.39534e-13
-2.66526e-13
2.77607e-09
-5.00974e-15
-3.42271e-13
3.34297e-09
4.01834e-13
-1.9579e-13
3.34295e-09
4.09348e-13
7.24196e-14
2.77606e-09
-3.54877e-13
6.06738e-13
1.83638e-09
2.22967e-13
-7.65474e-13
8.61363e-10
4.61063e-13
2.02901e-10
-8.05635e-13
1.41681e-12
1.16363e-09
-1.09376e-12
-7.05998e-14
3.62392e-09
-1.36562e-12
8.222e-13
6.03556e-09
-6.09353e-13
-7.60875e-13
7.80569e-09
7.9834e-14
-8.07754e-13
8.69851e-09
7.22796e-13
-6.93015e-13
8.69851e-09
1.27168e-12
-4.34517e-13
7.80563e-09
8.90882e-13
1.2486e-12
6.03554e-09
3.67224e-13
-1.4816e-13
3.62395e-09
5.34688e-13
1.16367e-09
1.6387e-13
1.23687e-12
2.8228e-09
-1.27674e-13
8.22833e-14
7.10627e-09
-1.93177e-13
6.63116e-13
9.96814e-09
1.92285e-14
-8.83387e-13
1.15229e-08
-1.60571e-13
-6.24794e-13
1.21892e-08
-2.77244e-13
-5.15806e-13
1.21891e-08
-1.9429e-13
-5.6701e-13
1.15229e-08
-3.02148e-13
1.30766e-12
9.96812e-09
-4.29558e-13
2.54834e-14
7.1063e-09
1.25381e-13
2.82286e-09
1.94563e-13
8.24466e-13
4.57193e-09
4.59879e-13
-3.76417e-15
9.93152e-09
4.69454e-13
7.54767e-14
1.2527e-08
1.54915e-13
-3.55419e-13
1.36862e-08
-1.47352e-13
-7.77085e-14
1.4163e-08
-5.92492e-13
-2.11302e-13
1.4163e-08
-7.08107e-13
-1.61902e-13
1.36862e-08
-6.52821e-13
6.4041e-13
1.2527e-08
-9.1075e-14
-2.5643e-13
9.9315e-09
-1.20836e-13
4.57198e-09
3.93595e-13
4.06905e-13
5.67044e-09
3.64492e-13
3.96565e-14
1.14123e-08
3.57182e-13
6.68941e-14
1.37321e-08
2.17715e-13
-2.927e-13
1.47023e-08
1.80055e-14
8.03308e-14
1.51132e-08
-8.63954e-14
4.19411e-14
1.51132e-08
-4.99424e-14
-1.29715e-13
1.47023e-08
4.29224e-14
2.74679e-13
1.37321e-08
-1.93426e-13
-1.60328e-13
1.14123e-08
-3.53529e-13
5.67043e-09
3.26873e-13
-2.21401e-13
5.67045e-09
2.87558e-13
2.94495e-13
1.14123e-08
2.32799e-13
8.27727e-14
1.3732e-08
2.93275e-13
-2.28388e-13
1.47023e-08
1.83361e-13
7.51092e-14
1.51131e-08
-1.26896e-13
1.1048e-13
1.51131e-08
-1.886e-13
1.04057e-13
1.47023e-08
-2.43223e-13
1.70757e-14
1.37321e-08
-3.85816e-13
-1.81237e-13
1.14123e-08
-9.33741e-13
5.67048e-09
1.48006e-13
-9.40045e-14
4.5719e-09
5.28746e-13
-5.65257e-14
9.93145e-09
4.28955e-13
1.12847e-14
1.2527e-08
2.45732e-13
3.31117e-14
1.36863e-08
1.29092e-13
4.1068e-13
1.41631e-08
-2.13352e-13
3.16585e-13
1.41631e-08
-7.87019e-13
2.38e-13
1.36862e-08
-6.45949e-13
2.33772e-13
1.25269e-08
-2.63623e-13
-6.16695e-13
9.93141e-09
-1.07511e-12
4.57195e-09
2.29068e-13
-7.19792e-13
2.82276e-09
4.42342e-13
-4.17216e-13
7.10627e-09
3.4567e-13
2.72618e-13
9.9681e-09
2.60617e-13
1.9549e-13
1.1523e-08
-5.33345e-14
2.54257e-13
1.21893e-08
1.62484e-13
4.55495e-13
1.21892e-08
2.4927e-13
4.3727e-13
1.1523e-08
2.78103e-14
3.74575e-13
9.96802e-09
-9.01609e-14
-5.68094e-13
7.10616e-09
-1.33282e-12
2.82274e-09
1.79826e-13
-2.52731e-13
1.16364e-09
-5.32323e-13
-3.50226e-14
3.62393e-09
-4.95505e-13
1.18958e-13
6.03565e-09
-6.61032e-13
-2.32623e-13
7.80566e-09
9.59084e-14
1.42536e-13
8.69858e-09
7.40668e-13
1.3182e-13
8.69858e-09
1.54721e-12
-7.00518e-14
7.80573e-09
1.5906e-12
8.42368e-14
6.03556e-09
6.1994e-13
1.53362e-13
3.62385e-09
-6.45778e-13
1.16358e-09
-6.33098e-13
2.02892e-10
-6.36948e-13
8.61348e-10
-3.64888e-13
1.83644e-09
-1.79999e-13
2.77609e-09
1.4216e-14
3.34301e-09
1.66301e-13
3.34299e-09
3.24889e-13
2.77608e-09
3.61786e-13
1.83641e-09
3.88156e-13
8.61339e-10
2.02882e-10
-7.53268e-13
8.6505e-13
2.02895e-10
-1.40413e-13
-7.21664e-13
8.61338e-10
-3.58377e-13
2.13484e-13
1.83641e-09
-3.40934e-13
4.59375e-14
2.77602e-09
5.15427e-14
-3.03365e-13
3.34292e-09
1.13819e-13
-1.13281e-13
3.34293e-09
-3.91219e-13
4.45657e-13
2.77609e-09
-5.98522e-13
5.48143e-13
1.83642e-09
2.949e-13
-5.75802e-13
8.61322e-10
1.4988e-13
2.02883e-10
-1.08431e-12
1.28481e-12
1.16365e-09
-1.08077e-12
1.01631e-13
3.62389e-09
-1.21775e-12
-4.49239e-13
6.03561e-09
-5.86969e-13
-3.09907e-13
7.80566e-09
-3.85837e-13
-6.68552e-13
8.69851e-09
-9.54498e-14
-3.77723e-13
8.69849e-09
3.56839e-13
5.92076e-14
7.80561e-09
4.99821e-13
1.01482e-13
6.03559e-09
-3.21808e-13
-4.43495e-13
3.62381e-09
2.45358e-13
1.16358e-09
2.6241e-13
1.09986e-12
2.82281e-09
-1.49011e-13
2.36724e-13
7.10624e-09
2.08104e-14
-4.02052e-13
9.96807e-09
3.28336e-13
-3.50209e-13
1.1523e-08
-2.29308e-13
-3.43179e-13
1.21891e-08
-4.49735e-13
-1.9431e-13
1.21892e-08
-5.10859e-14
-1.9753e-13
1.15229e-08
9.34684e-14
-9.98366e-14
9.96802e-09
4.11403e-14
1.1491e-13
7.10615e-09
3.22498e-13
2.82275e-09
2.62331e-13
7.83538e-13
4.57192e-09
7.7253e-13
-3.6815e-14
9.93156e-09
5.97239e-13
-2.13396e-13
1.25269e-08
1.30269e-13
-3.37593e-13
1.36862e-08
-2.83092e-13
-4.85769e-14
1.4163e-08
-3.47156e-13
9.83599e-14
1.4163e-08
-4.38681e-13
-1.85903e-13
1.36862e-08
-4.62745e-13
-1.21608e-13
1.25268e-08
3.63362e-14
-3.48235e-13
9.93148e-09
2.43697e-13
4.57189e-09
3.72164e-13
3.68283e-13
5.67042e-09
4.73987e-13
-2.87944e-13
1.14124e-08
1.59189e-13
1.69796e-13
1.3732e-08
3.52834e-14
-1.45129e-13
1.47023e-08
-6.46708e-16
-3.35417e-14
1.51131e-08
3.36772e-14
1.52965e-13
1.51131e-08
-1.34462e-14
-1.17556e-13
1.47023e-08
-2.42488e-13
1.64712e-13
1.3732e-08
-1.65324e-13
-3.93992e-13
1.14124e-08
1.06418e-13
5.67045e-09
4.35191e-13
7.78804e-15
5.67046e-09
5.47159e-13
-6.08339e-13
1.14124e-08
2.43823e-13
5.32845e-13
1.3732e-08
2.39777e-13
-2.24799e-14
1.47023e-08
2.26621e-13
8.87404e-14
1.51131e-08
2.27367e-13
1.93315e-13
1.51131e-08
4.58166e-14
-7.28191e-14
1.47022e-08
-1.20957e-13
5.67839e-13
1.37319e-08
1.01424e-13
-4.78589e-13
1.14124e-08
8.84825e-14
5.67042e-09
1.74481e-13
-7.3852e-14
4.57201e-09
5.97404e-13
-1.0422e-12
9.93148e-09
4.63511e-13
7.27336e-13
1.25269e-08
2.84794e-13
1.85867e-13
1.36861e-08
1.85506e-13
2.5627e-13
1.41629e-08
-1.47216e-14
2.67399e-13
1.4163e-08
-3.5452e-13
3.62632e-13
1.36861e-08
-5.19123e-13
6.40724e-13
1.25268e-08
-1.5134e-13
-1.25745e-12
9.93145e-09
-9.5834e-14
4.57188e-09
1.57769e-13
-4.93422e-13
2.82284e-09
-4.99701e-14
-1.02848e-12
7.10615e-09
1.37595e-13
8.5169e-13
9.96804e-09
1.1321e-13
7.26457e-14
1.1523e-08
-1.59137e-13
3.13204e-13
1.21892e-08
3.05779e-14
5.91882e-13
1.21892e-08
-2.51509e-13
4.0702e-13
1.1523e-08
-4.19574e-13
7.74586e-13
9.96809e-09
-5.73212e-13
-1.00013e-12
7.10615e-09
-4.36336e-13
2.82276e-09
-1.26158e-13
-5.07811e-13
1.16364e-09
-6.32981e-13
-5.3828e-14
3.62385e-09
-7.10413e-13
3.25229e-13
6.03558e-09
3.94205e-14
-6.77945e-14
7.80572e-09
-7.38477e-14
7.04521e-14
8.69854e-09
3.1152e-13
1.38856e-13
8.69853e-09
7.62764e-13
-4.35393e-14
7.80567e-09
9.74359e-13
3.76069e-13
6.03565e-09
2.74898e-13
-7.34239e-14
3.62382e-09
-5.21508e-13
1.1636e-09
-2.26594e-13
2.02888e-10
-5.58195e-13
8.61346e-10
-3.60221e-13
1.83646e-09
-1.27439e-13
2.77612e-09
-2.86819e-13
3.34296e-09
-1.20027e-13
3.343e-09
-1.75416e-13
2.77608e-09
6.97714e-14
1.83643e-09
6.19377e-13
8.61322e-10
2.02886e-10
-5.94719e-13
5.43489e-13
2.0288e-10
-3.09226e-13
-7.71444e-13
8.61307e-10
-4.52595e-13
2.88568e-13
1.83635e-09
-2.50463e-13
8.83037e-14
2.776e-09
-2.1337e-13
-1.61885e-13
3.34292e-09
3.22241e-14
-1.38797e-13
3.34293e-09
9.17567e-14
7.14429e-14
2.77601e-09
-3.8035e-13
1.55595e-13
1.83637e-09
3.17504e-13
-5.59818e-13
8.61312e-10
4.51037e-13
2.02892e-10
-8.82213e-13
1.17016e-12
1.16361e-09
-1.35018e-12
2.14471e-13
3.62394e-09
-9.54376e-13
-1.41807e-13
6.03561e-09
-3.07992e-13
-3.81212e-13
7.80556e-09
3.93988e-14
-5.64038e-13
8.69841e-09
3.89214e-13
-3.95568e-13
8.69841e-09
1.04806e-12
-1.45414e-13
7.80557e-09
1.03264e-12
7.22339e-14
6.03557e-09
4.65586e-14
1.10651e-13
3.62391e-09
3.85964e-13
1.16365e-09
3.12225e-13
1.08591e-12
2.82284e-09
1.03033e-14
3.8218e-13
7.10612e-09
3.05155e-13
-2.52137e-13
9.96807e-09
3.65227e-13
-5.3596e-13
1.1523e-08
2.38206e-13
-1.80628e-13
1.21893e-08
-2.79724e-13
-3.06364e-13
1.21892e-08
-1.44737e-13
-3.54082e-13
1.15229e-08
2.16087e-13
1.24243e-13
9.9681e-09
-1.99479e-13
3.24557e-13
7.10619e-09
3.23141e-13
2.82277e-09
4.7083e-13
7.12112e-13
4.57197e-09
8.58648e-13
1.52805e-13
9.93151e-09
4.34854e-13
-1.36254e-13
1.25268e-08
1.23615e-13
-2.32875e-13
1.36862e-08
-1.74767e-13
4.18705e-14
1.4163e-08
-2.30544e-13
-3.3812e-14
1.4163e-08
-3.75317e-13
-1.92055e-13
1.36862e-08
-4.38085e-13
-6.33003e-14
1.25268e-08
-5.37381e-14
-3.4673e-13
9.93153e-09
3.07146e-13
4.57191e-09
5.19755e-13
4.9297e-13
5.67044e-09
4.8097e-13
-6.99545e-14
1.14125e-08
2.92046e-13
2.27498e-13
1.37321e-08
7.25513e-14
-2.28263e-13
1.47024e-08
1.48444e-14
-4.52757e-14
1.51132e-08
1.79109e-13
9.00051e-15
1.51132e-08
-7.19816e-14
-2.55536e-13
1.47023e-08
-2.45566e-13
8.66946e-14
1.3732e-08
-1.90261e-13
-4.5232e-13
1.14124e-08
8.17604e-14
5.67039e-09
1.48888e-13
1.70664e-13
5.67044e-09
4.91845e-13
-4.67589e-13
1.14124e-08
2.55258e-13
3.64737e-13
1.3732e-08
1.46444e-13
-2.36632e-13
1.47023e-08
1.59045e-13
8.92732e-14
1.51132e-08
3.56249e-14
-4.53121e-14
1.51132e-08
-6.41974e-14
-2.01125e-14
1.47023e-08
-2.71011e-13
2.04094e-13
1.3732e-08
-9.79425e-14
-6.75503e-13
1.14124e-08
6.25251e-14
5.67039e-09
-2.25648e-14
2.41514e-14
4.57188e-09
9.35222e-13
-8.62678e-13
9.93152e-09
5.64067e-13
3.073e-13
1.25268e-08
3.93949e-13
6.7908e-14
1.36862e-08
1.35492e-13
2.72374e-13
1.4163e-08
-2.37821e-13
2.08809e-13
1.4163e-08
-7.1193e-13
2.91744e-13
1.36862e-08
-7.08925e-13
5.79961e-13
1.25268e-08
-3.38396e-13
-1.43695e-12
9.93145e-09
-9.69962e-14
4.57189e-09
6.61156e-13
-2.01135e-13
2.82271e-09
4.26409e-13
-9.4563e-13
7.10612e-09
3.78843e-13
3.20584e-13
9.96822e-09
1.90524e-13
1.21193e-13
1.15231e-08
4.65217e-14
3.31169e-13
1.21892e-08
-6.40574e-14
3.75043e-13
1.21892e-08
-2.02562e-13
3.60063e-13
1.1523e-08
-3.35622e-13
7.63623e-13
9.96809e-09
-5.95942e-13
-1.28391e-12
7.10611e-09
-6.88935e-13
2.82278e-09
2.5395e-13
-3.3773e-13
1.16362e-09
-8.75684e-13
-2.2316e-13
3.62395e-09
-5.6034e-13
2.94825e-13
6.0357e-09
-3.28167e-13
-1.13324e-13
7.80562e-09
9.45761e-14
1.82041e-13
8.69846e-09
5.15431e-13
1.33885e-13
8.69842e-09
1.04841e-12
-2.10568e-14
7.80554e-09
1.3446e-12
3.13181e-13
6.03564e-09
2.80268e-13
-8.83524e-14
3.62394e-09
-5.39752e-13
1.16366e-09
-2.80826e-13
2.02893e-10
-4.02043e-13
8.61337e-10
-3.41455e-13
1.83637e-09
-2.54707e-13
2.776e-09
4.86929e-14
3.34292e-09
2.1819e-13
3.3429e-09
4.63795e-14
2.77601e-09
3.86092e-13
1.83638e-09
2.96424e-13
8.61338e-10
2.02893e-10
-5.40014e-13
8.96044e-14
2.02884e-10
1.08304e-12
-9.00606e-13
8.61359e-10
4.38472e-13
3.77705e-13
1.83653e-09
2.37824e-13
3.6121e-13
2.77612e-09
1.1985e-13
-9.09583e-14
3.34301e-09
1.59234e-15
-1.21705e-13
3.34301e-09
-4.20258e-13
3.4248e-13
2.77608e-09
-9.10837e-13
2.0252e-13
1.83654e-09
2.79998e-14
-9.05599e-13
8.61376e-10
-5.59139e-14
2.02893e-10
-1.47868e-13
4.09654e-13
1.16358e-09
-1.21879e-13
-6.16772e-13
3.62372e-09
-4.62441e-14
-3.1215e-13
6.03579e-09
9.03048e-14
1.93976e-13
7.8058e-09
-3.41546e-13
-8.14767e-14
8.6987e-09
-6.03171e-13
-1.45138e-13
8.69865e-09
-5.8679e-13
2.02507e-13
7.80576e-09
-5.27036e-14
2.42792e-14
6.03578e-09
-2.58265e-13
-6.41079e-13
3.62376e-09
-5.95938e-14
1.16353e-09
-1.95352e-13
1.68682e-13
2.82274e-09
-5.45577e-13
2.99667e-14
7.1062e-09
-3.08932e-13
-4.78587e-13
9.9681e-09
1.55104e-13
-2.46085e-13
1.1523e-08
-2.66698e-14
-3.42499e-15
1.21892e-08
-1.98172e-13
-9.28413e-14
1.21892e-08
2.37871e-13
-2.72998e-13
1.1523e-08
3.59794e-13
-4.37704e-13
9.96796e-09
2.16386e-13
-1.86795e-14
7.10604e-09
2.92421e-13
2.82274e-09
1.56301e-13
4.13847e-13
4.57183e-09
2.83686e-13
-2.33188e-13
9.93155e-09
2.71424e-13
-1.46793e-13
1.25266e-08
-1.10345e-14
-1.58519e-13
1.36862e-08
-3.13987e-14
8.49386e-14
1.4163e-08
-1.74812e-13
-5.78355e-14
1.41629e-08
-3.29712e-13
-3.64655e-13
1.36862e-08
-3.38903e-13
-2.15352e-13
1.25266e-08
-1.33241e-13
-3.99282e-13
9.93143e-09
4.50471e-14
4.57179e-09
1.64615e-13
3.10418e-13
5.67034e-09
2.31054e-13
-5.56727e-13
1.14124e-08
2.05626e-13
1.32574e-14
1.37318e-08
-8.43987e-14
-2.10719e-13
1.47023e-08
-7.78239e-15
4.84713e-14
1.51132e-08
-1.92027e-14
7.92998e-14
1.51131e-08
-9.06224e-15
-1.13403e-13
1.47023e-08
-1.332e-13
3.03157e-13
1.37318e-08
-1.35078e-13
-2.83731e-13
1.14123e-08
1.8494e-13
5.67039e-09
8.15679e-14
3.08425e-13
5.67039e-09
2.8701e-13
-7.76225e-13
1.14125e-08
1.03303e-13
3.85988e-13
1.37319e-08
-8.66666e-14
5.88709e-14
1.47024e-08
1.61861e-14
4.5785e-14
1.51132e-08
4.37887e-14
4.86347e-14
1.51132e-08
-6.51271e-14
6.25176e-14
1.47023e-08
-7.69154e-14
5.39888e-13
1.37318e-08
4.52049e-14
-5.90957e-13
1.14123e-08
2.19701e-13
5.6703e-09
2.67169e-13
9.82929e-14
4.57194e-09
5.65596e-13
-1.21016e-12
9.9316e-09
3.69395e-13
8.80361e-13
1.25268e-08
1.4923e-13
2.69007e-13
1.36863e-08
1.75185e-13
1.12563e-13
1.41631e-08
2.11345e-13
1.66939e-13
1.4163e-08
-2.3372e-13
2.515e-13
1.36862e-08
-4.28541e-13
1.10274e-12
1.25268e-08
-1.80982e-13
-8.16132e-13
9.93151e-09
2.0748e-13
4.57181e-09
1.91066e-13
-3.338e-13
2.82291e-09
-2.39287e-13
-5.82993e-13
7.10613e-09
-1.76028e-13
9.20654e-13
9.968e-09
3.41073e-13
4.72233e-14
1.15229e-08
3.01017e-13
1.88325e-14
1.21892e-08
1.6608e-13
6.98292e-14
1.21892e-08
3.86544e-13
3.36583e-13
1.15229e-08
-4.53434e-14
1.37392e-12
9.96807e-09
-3.66108e-13
-3.5651e-13
7.10617e-09
-4.84179e-13
2.82283e-09
-6.80879e-14
-2.85813e-13
1.1636e-09
-8.58382e-13
1.21046e-13
3.62368e-09
-3.24013e-14
7.64086e-13
6.0357e-09
-6.94389e-15
-2.63766e-13
7.80575e-09
-2.19492e-13
-8.15021e-14
8.69867e-09
-2.34278e-13
9.63736e-14
8.69866e-09
-8.64811e-14
-1.75807e-13
7.80578e-09
1.7871e-13
4.90601e-13
6.03574e-09
-6.87006e-14
2.86621e-13
3.62375e-09
-3.20441e-13
1.16362e-09
-1.06497e-13
2.02888e-10
2.25986e-13
8.61345e-10
4.99734e-13
1.83653e-09
3.27052e-13
2.77612e-09
5.22562e-14
3.34303e-09
-8.58246e-14
3.34303e-09
-3.37297e-13
2.77612e-09
4.95602e-14
1.8365e-09
4.25804e-13
8.61349e-10
2.0289e-10
-2.44154e-13
7.27723e-13
2.02896e-10
-3.12354e-13
-6.78401e-13
8.61324e-10
-8.3298e-13
7.26928e-13
1.8363e-09
-4.01343e-13
1.21167e-13
2.77602e-09
-1.29707e-13
-1.82458e-13
3.3429e-09
3.1192e-13
-3.22217e-13
3.34294e-09
2.85836e-13
2.64248e-14
2.77604e-09
-2.62212e-13
6.97616e-13
1.83631e-09
2.9598e-13
-6.65399e-13
8.6129e-10
4.87063e-13
2.0288e-10
-7.71638e-13
1.22116e-12
1.16363e-09
-1.23805e-12
-2.02197e-13
3.62397e-09
-1.23895e-12
8.75311e-13
6.0355e-09
-4.81185e-13
-6.30785e-13
7.80551e-09
-7.79946e-14
-6.41139e-13
8.69839e-09
8.34682e-13
-4.15676e-13
8.6985e-09
1.46945e-12
-4.31749e-13
7.80564e-09
1.00446e-12
1.30788e-12
6.03551e-09
4.32842e-13
-1.92734e-14
3.6239e-09
5.1788e-13
1.16365e-09
2.49241e-13
1.10775e-12
2.82278e-09
2.31468e-14
-1.86974e-13
7.10621e-09
8.32509e-14
7.53049e-13
9.96814e-09
3.89182e-13
-5.22462e-13
1.1523e-08
-3.66057e-14
-3.95319e-13
1.21892e-08
-1.2433e-13
-2.96986e-13
1.21892e-08
7.6413e-14
-6.64542e-13
1.1523e-08
-2.48282e-13
1.28013e-12
9.96815e-09
-3.39509e-13
2.77164e-13
7.10626e-09
2.14888e-13
2.82277e-09
1.78654e-13
7.10266e-13
4.572e-09
4.06318e-13
-2.68506e-13
9.93152e-09
5.72855e-13
4.02658e-13
1.2527e-08
1.58451e-13
-2.15715e-13
1.36861e-08
-2.06989e-13
-1.03241e-13
1.41629e-08
-3.8396e-13
3.98814e-14
1.4163e-08
-5.61692e-13
-1.2779e-13
1.36862e-08
-3.59068e-13
8.44492e-13
1.2527e-08
1.93295e-14
-9.63426e-14
9.93149e-09
4.52761e-14
4.57197e-09
2.77105e-13
2.68004e-13
5.67046e-09
3.56427e-13
-2.03823e-13
1.14123e-08
2.11649e-13
-4.81597e-14
1.37321e-08
4.39099e-14
-2.14302e-13
1.47023e-08
1.46713e-13
1.18186e-14
1.51131e-08
-1.12294e-13
-7.09079e-14
1.51132e-08
-1.54407e-13
-8.89725e-14
1.47023e-08
-1.73565e-13
3.74798e-13
1.37322e-08
-7.00327e-14
-4.12801e-15
1.14124e-08
-2.6152e-13
5.67044e-09
2.74785e-13
-7.95386e-14
5.67046e-09
2.00837e-13
-1.40459e-13
1.14123e-08
3.54746e-13
3.93469e-15
1.37321e-08
1.07727e-13
-9.58786e-14
1.47023e-08
1.38564e-13
1.08988e-13
1.51132e-08
3.25117e-14
6.73025e-14
1.51132e-08
-1.01558e-13
1.67058e-14
1.47023e-08
-1.2275e-13
1.34462e-13
1.37321e-08
-1.86379e-13
-2.40081e-13
1.14123e-08
-7.59742e-13
5.67049e-09
9.21284e-14
-2.01558e-13
4.57189e-09
4.38479e-13
-3.93556e-13
9.93143e-09
4.47652e-13
-9.66802e-14
1.2527e-08
4.3168e-13
1.85534e-13
1.36863e-08
9.09633e-14
1.70823e-13
1.4163e-08
-4.5676e-14
3.86503e-13
1.4163e-08
-6.10331e-13
1.42009e-13
1.36861e-08
-6.90254e-13
1.59949e-13
1.25269e-08
-1.5373e-13
-3.69126e-13
9.93144e-09
-8.72606e-13
4.57199e-09
3.81803e-13
-3.3569e-13
2.82267e-09
5.9765e-13
-4.75161e-13
7.10616e-09
2.58841e-13
-1.35247e-13
9.96814e-09
2.41672e-13
2.09395e-13
1.15231e-08
1.72721e-13
3.60549e-13
1.21892e-08
-6.95459e-14
4.64999e-13
1.21892e-08
-7.95532e-14
4.56397e-13
1.15231e-08
-3.37287e-13
3.61035e-13
9.96814e-09
-3.70286e-13
-6.56384e-13
7.10612e-09
-1.38956e-12
2.82272e-09
6.27073e-14
-5.7778e-13
1.16364e-09
-7.85284e-13
-1.99606e-13
3.62404e-09
-8.30335e-13
-8.34137e-14
6.03565e-09
-5.2812e-13
-8.35908e-14
7.80563e-09
-1.39124e-13
2.13924e-13
8.69848e-09
4.6522e-13
2.00208e-13
8.69846e-09
1.23984e-12
-6.232e-14
7.80555e-09
1.56272e-12
2.23883e-13
6.03552e-09
5.74293e-13
1.51383e-13
3.62395e-09
-8.03832e-13
1.16361e-09
-4.55092e-13
2.029e-10
-4.26453e-13
8.61363e-10
-3.53885e-13
1.83636e-09
-1.80289e-13
2.77603e-09
-3.67392e-14
3.3429e-09
2.47198e-13
3.34291e-09
4.25383e-13
2.77603e-09
5.61695e-13
1.83637e-09
7.98866e-13
8.61346e-10
2.02893e-10
5.703e-14
7.37117e-14
2.02877e-10
9.42781e-13
-1.30049e-12
8.61337e-10
9.7728e-13
4.97872e-14
1.83651e-09
1.59091e-13
2.57505e-13
2.77611e-09
4.56537e-13
1.5327e-14
3.34303e-09
2.06322e-13
6.73962e-14
3.34301e-09
-1.61666e-13
5.6889e-13
2.77614e-09
-7.9743e-13
3.93986e-13
1.83648e-09
1.88217e-13
-7.45156e-13
8.61366e-10
2.47834e-13
2.029e-10
1.16193e-13
1.03001e-13
1.16358e-09
-1.33352e-13
-8.69522e-13
3.62379e-09
2.39655e-13
-5.05003e-13
6.03565e-09
-1.12832e-13
-3.19491e-14
7.80575e-09
4.46099e-14
-4.28836e-14
8.6987e-09
-1.2267e-13
-9.38032e-14
8.69865e-09
-6.23454e-14
1.91419e-13
7.80574e-09
-7.11212e-15
-1.0133e-13
6.0357e-09
-5.76278e-14
-4.15948e-13
3.6239e-09
2.66782e-13
1.16362e-09
5.388e-14
3.2799e-13
2.82269e-09
-4.69601e-13
-1.41312e-13
7.10609e-09
-4.44767e-13
-8.01506e-13
9.96801e-09
-5.86446e-14
-5.76718e-13
1.15229e-08
5.80696e-14
-1.00132e-13
1.21892e-08
1.93197e-13
-5.29365e-14
1.21892e-08
4.91009e-13
-2.42159e-13
1.15229e-08
6.869e-13
-3.03541e-13
9.96808e-09
2.15796e-13
-6.16256e-14
7.10626e-09
3.00697e-13
2.82286e-09
2.25754e-13
3.26022e-13
4.57174e-09
2.95384e-13
-3.90048e-13
9.93142e-09
2.03622e-13
-2.37706e-13
1.25268e-08
6.90676e-14
-2.83738e-13
1.36862e-08
-7.27666e-14
2.31467e-14
1.4163e-08
-1.32899e-13
-4.40058e-14
1.4163e-08
-1.52272e-13
-1.42092e-13
1.36862e-08
-3.53136e-13
1.48421e-14
1.25268e-08
-9.05287e-14
-1.6814e-13
9.93151e-09
2.80336e-13
4.57186e-09
-8.15989e-15
2.49018e-13
5.67037e-09
9.91576e-14
-5.21134e-13
1.14123e-08
-8.25886e-14
5.86901e-14
1.37319e-08
-1.16271e-13
-2.66266e-13
1.47022e-08
-1.16996e-14
7.49402e-14
1.51131e-08
8.48874e-14
1.61935e-13
1.51131e-08
4.49772e-14
5.8067e-14
1.47022e-08
-2.0004e-13
2.06603e-13
1.37319e-08
-1.23838e-13
-3.00823e-13
1.14124e-08
2.68796e-13
5.6704e-09
1.4742e-14
3.41117e-13
5.6704e-09
3.04304e-13
-6.036e-13
1.14123e-08
5.75361e-14
6.96856e-13
1.37319e-08
-1.70541e-14
1.3882e-13
1.47023e-08
-7.0845e-14
8.66435e-14
1.51131e-08
1.7544e-13
7.12948e-14
1.51131e-08
-1.19316e-13
2.6134e-14
1.47022e-08
-2.32666e-13
5.34614e-13
1.37319e-08
5.9312e-14
-3.48914e-13
1.14123e-08
3.17276e-13
5.67036e-09
3.67366e-13
3.80576e-14
4.57187e-09
6.84137e-13
-1.29396e-12
9.93146e-09
4.4956e-13
9.0753e-13
1.25268e-08
1.32332e-13
3.54208e-13
1.36862e-08
-9.7417e-14
1.43937e-13
1.4163e-08
-2.49536e-13
6.20961e-14
1.4163e-08
-3.66988e-13
3.94638e-13
1.36862e-08
-9.08646e-13
8.57752e-13
1.25267e-08
-3.2609e-13
-6.71895e-13
9.93138e-09
3.34664e-13
4.57179e-09
4.13139e-13
-2.5444e-13
2.82279e-09
-6.42646e-14
-4.51193e-13
7.10611e-09
-1.84337e-13
1.29055e-12
9.96803e-09
-3.91547e-14
3.03003e-13
1.1523e-08
-1.73896e-13
-5.70894e-15
1.21892e-08
-6.81801e-14
2.62772e-14
1.21892e-08
-1.56001e-14
9.53776e-14
1.1523e-08
-2.2776e-13
1.0438e-12
9.96806e-09
-4.08671e-13
-8.43457e-14
7.10609e-09
-4.44791e-14
2.82278e-09
-2.72738e-13
-5.73329e-14
1.16363e-09
-7.89775e-13
4.45269e-13
3.62371e-09
-1.49335e-13
7.45936e-13
6.03558e-09
9.04409e-14
-7.64304e-14
7.80575e-09
8.08708e-14
-3.69326e-14
8.6986e-09
-1.92891e-13
-1.35546e-13
8.69862e-09
-1.34125e-13
-2.59728e-13
7.80579e-09
6.14523e-13
5.7634e-13
6.03575e-09
-2.35626e-13
2.37444e-13
3.6238e-09
2.62209e-14
1.16359e-09
-8.7249e-15
2.02886e-10
2.2937e-13
8.61331e-10
8.15092e-13
1.83649e-09
4.45425e-13
2.77612e-09
1.61589e-13
3.34301e-09
-1.51087e-13
3.34302e-09
-4.18388e-13
2.77614e-09
1.49458e-13
1.83649e-09
2.14524e-13
8.61344e-10
2.02883e-10
-6.89312e-13
8.6494e-13
2.02885e-10
-2.72216e-13
-5.00456e-13
8.61343e-10
-5.93121e-13
1.89728e-13
1.83643e-09
-3.25345e-13
-1.73549e-13
2.77604e-09
1.42175e-14
-2.78862e-13
3.34301e-09
9.97513e-14
-6.56507e-14
3.34299e-09
-1.90418e-13
3.71803e-13
2.77604e-09
-6.45068e-13
4.56808e-13
1.83647e-09
5.95466e-13
-6.72082e-13
8.61338e-10
1.95879e-13
2.02886e-10
-4.77758e-13
1.35643e-12
1.16357e-09
-1.21027e-12
1.62837e-14
3.62383e-09
-1.30092e-12
-3.29299e-13
6.03577e-09
-4.18963e-13
-2.53286e-13
7.80575e-09
-1.4643e-14
-5.57546e-13
8.69859e-09
1.95927e-13
-4.57417e-13
8.69854e-09
5.26931e-13
2.03892e-14
7.80563e-09
6.7467e-13
1.04169e-14
6.03573e-09
4.90457e-14
-3.38961e-13
3.62381e-09
2.22397e-13
1.16356e-09
1.80362e-13
1.24887e-12
2.82279e-09
9.69183e-14
5.34678e-13
7.10609e-09
4.53614e-14
-4.54408e-13
9.96804e-09
1.33845e-13
-4.2163e-13
1.15231e-08
-1.73438e-13
-2.62008e-13
1.21893e-08
-6.07798e-13
-3.40393e-13
1.21893e-08
-3.52744e-13
-2.80746e-14
1.15231e-08
9.72117e-15
-1.51538e-13
9.96802e-09
-1.22793e-13
1.42981e-13
7.10595e-09
1.80217e-13
2.82266e-09
1.64919e-13
6.75557e-13
4.5719e-09
4.52211e-13
1.36655e-13
9.93155e-09
3.36307e-13
-7.91929e-14
1.25266e-08
9.74591e-14
-2.1764e-13
1.36863e-08
-3.97623e-13
3.98675e-15
1.4163e-08
-4.44551e-13
-3.46357e-15
1.4163e-08
-6.56834e-13
-1.69563e-13
1.36863e-08
-5.09582e-13
-2.61213e-13
1.25266e-08
-1.3722e-13
-3.02231e-13
9.93151e-09
3.77113e-13
4.57183e-09
1.77381e-13
2.44311e-13
5.67038e-09
4.2055e-13
-1.83301e-13
1.14125e-08
1.38468e-13
1.50223e-13
1.37318e-08
-2.81642e-14
-3.19287e-13
1.47023e-08
-1.60836e-13
9.61907e-15
1.51131e-08
-2.13199e-14
6.75906e-14
1.51132e-08
-3.42963e-14
-1.76373e-13
1.47024e-08
-5.85246e-14
1.52191e-13
1.37319e-08
-1.40516e-13
-4.34548e-13
1.14125e-08
1.1532e-13
5.67038e-09
1.19078e-13
1.05954e-13
5.67033e-09
3.35071e-13
-6.06619e-13
1.14125e-08
1.12817e-13
4.6403e-13
1.37319e-08
-4.39005e-14
-5.27529e-14
1.47024e-08
-1.27973e-13
1.23296e-13
1.51132e-08
-1.95187e-13
1.3293e-13
1.51132e-08
1.77832e-14
2.63746e-14
1.47024e-08
-2.71139e-13
2.66939e-13
1.37318e-08
-1.47667e-13
-8.88076e-13
1.14125e-08
1.76746e-13
5.67029e-09
7.78599e-14
-4.6362e-15
4.5719e-09
6.31899e-13
-1.28117e-12
9.93156e-09
5.10407e-13
5.11091e-13
1.25268e-08
2.58011e-13
2.67017e-13
1.36862e-08
-3.02682e-14
2.87414e-13
1.4163e-08
-1.71941e-13
3.8923e-13
1.4163e-08
-5.23864e-13
2.87328e-13
1.36863e-08
-7.81309e-13
6.264e-13
1.25268e-08
-2.29939e-13
-1.54302e-12
9.93152e-09
-1.39808e-13
4.57185e-09
2.64829e-13
-2.94164e-13
2.82274e-09
2.06243e-13
-1.063e-12
7.10607e-09
3.35609e-13
6.33008e-13
9.96811e-09
8.25819e-14
2.6906e-13
1.1523e-08
-6.51715e-14
4.47921e-13
1.21892e-08
-3.09137e-13
4.08208e-13
1.21892e-08
-4.12297e-13
3.72204e-13
1.1523e-08
-5.30669e-13
9.50442e-13
9.9682e-09
-6.88864e-13
-1.33111e-12
7.10613e-09
-7.91035e-13
2.82275e-09
2.02428e-13
-4.72224e-13
1.1636e-09
-1.17546e-12
-4.15214e-13
3.62387e-09
-8.0871e-13
2.90863e-13
6.03573e-09
-4.33852e-13
-1.02583e-13
7.80556e-09
-1.0247e-13
3.39486e-15
8.69842e-09
3.9235e-13
1.11571e-13
8.69841e-09
1.30834e-12
7.51044e-14
7.80554e-09
1.60148e-12
3.99916e-13
6.03569e-09
4.20065e-13
-2.51918e-13
3.62387e-09
-6.32266e-13
1.16366e-09
-3.70377e-13
2.02896e-10
-8.57806e-13
8.61332e-10
-4.26306e-13
1.83637e-09
-3.81056e-13
2.77597e-09
2.32929e-14
3.34289e-09
3.35384e-13
3.34292e-09
4.24497e-13
2.77598e-09
8.16519e-13
1.83641e-09
7.79804e-13
8.61341e-10
2.02893e-10
-8.73934e-14
6.26662e-13
2.02895e-10
3.07232e-13
-6.25885e-13
8.61332e-10
-5.31973e-14
5.05044e-13
1.83643e-09
-1.78847e-13
-8.38407e-14
2.77609e-09
6.48964e-14
-3.51184e-13
3.343e-09
4.22631e-13
-1.77236e-13
3.34299e-09
3.3784e-13
1.45728e-13
2.77609e-09
-8.45659e-13
5.40441e-13
1.83643e-09
2.57942e-13
-7.76411e-13
8.61344e-10
2.99254e-13
2.02884e-10
-2.85652e-13
5.28725e-13
1.16366e-09
-8.34236e-13
-4.47912e-13
3.62383e-09
-7.32448e-13
9.5167e-13
6.03557e-09
-4.06889e-13
-5.88993e-13
7.80567e-09
-1.93631e-13
-5.87213e-13
8.69865e-09
-3.69855e-13
-3.84995e-13
8.69866e-09
2.99375e-13
-1.75418e-13
7.80575e-09
6.5097e-14
1.12559e-12
6.0356e-09
9.85818e-14
-5.64276e-13
3.62377e-09
3.33436e-13
1.16358e-09
1.69202e-13
3.10539e-13
2.82281e-09
-3.58223e-13
-7.8512e-15
7.10628e-09
-4.0104e-13
8.53703e-13
9.96805e-09
-1.70191e-13
-8.03473e-13
1.15229e-08
-6.18828e-15
-4.88281e-13
1.21892e-08
-1.12474e-13
-3.22881e-13
1.21892e-08
2.57846e-13
-5.73628e-13
1.15229e-08
1.4302e-13
9.15174e-13
9.96802e-09
-2.09172e-13
-3.78043e-13
7.10612e-09
4.61801e-14
2.82274e-09
2.37813e-13
1.28696e-13
4.57184e-09
3.0517e-13
3.40702e-14
9.93153e-09
5.26359e-13
7.00702e-13
1.25269e-08
3.34954e-14
-4.57987e-13
1.36863e-08
-1.32917e-13
-1.83406e-13
1.41631e-08
-2.78166e-13
-1.0781e-14
1.4163e-08
-7.45793e-13
-3.11815e-13
1.36861e-08
-4.33041e-13
6.89666e-13
1.25268e-08
-2.05558e-13
-2.84582e-13
9.93142e-09
-6.81299e-14
4.57177e-09
7.18308e-14
-4.53937e-14
5.67037e-09
2.00624e-13
7.96103e-14
1.14124e-08
2.0778e-13
3.62246e-13
1.37319e-08
2.65806e-14
-1.40247e-13
1.47023e-08
-1.26304e-13
1.11143e-13
1.51131e-08
-7.1396e-14
1.51333e-13
1.51131e-08
-2.79387e-13
-1.01203e-13
1.47023e-08
-2.09399e-15
2.7713e-13
1.37319e-08
-8.76683e-14
-2.70596e-13
1.14123e-08
-2.77577e-13
5.67036e-09
1.6799e-13
-5.36235e-14
5.67043e-09
2.24958e-13
1.31146e-13
1.14124e-08
2.89191e-13
2.83105e-13
1.37319e-08
4.61586e-14
9.82863e-14
1.47023e-08
-8.48233e-14
1.06664e-13
1.51131e-08
6.49235e-14
1.85697e-13
1.51131e-08
-1.13668e-13
-4.41571e-14
1.47023e-08
-3.25261e-13
1.48599e-13
1.37319e-08
-1.96712e-13
-1.36432e-14
1.14123e-08
-7.22975e-13
5.67037e-09
2.18234e-13
-2.17939e-13
4.57195e-09
4.81572e-13
-8.53113e-14
9.93159e-09
4.32693e-13
3.99714e-13
1.25268e-08
2.84829e-14
3.35424e-13
1.36862e-08
-2.55818e-14
1.91562e-13
1.4163e-08
-2.07834e-13
2.29568e-13
1.4163e-08
-4.35061e-13
1.31844e-13
1.36862e-08
-7.26581e-13
3.55616e-13
1.25268e-08
-4.15732e-13
-3.2531e-13
9.93142e-09
-1.17047e-12
4.57183e-09
1.55593e-13
-1.81623e-13
2.82285e-09
-3.06956e-13
1.73589e-13
7.10619e-09
-3.6431e-13
6.34109e-13
9.96804e-09
-1.56712e-13
2.13973e-13
1.15228e-08
1.36112e-13
1.53156e-13
1.21892e-08
3.01602e-14
-7.97435e-14
1.21892e-08
4.87198e-13
7.84264e-14
1.15229e-08
2.20727e-13
8.45509e-13
9.968e-09
4.84097e-14
2.34746e-13
7.10611e-09
-1.00654e-12
2.82277e-09
-3.8672e-13
8.87727e-15
1.16359e-09
-2.46551e-13
7.93157e-13
3.62371e-09
2.00426e-13
3.86278e-13
6.03564e-09
2.47107e-13
-9.41778e-14
7.80577e-09
2.62356e-13
-8.54976e-14
8.69864e-09
2.89927e-13
-1.13538e-13
8.69866e-09
4.54398e-13
-2.26135e-13
7.80579e-09
7.50144e-13
5.10586e-13
6.03568e-09
3.69504e-13
5.2168e-13
3.62374e-09
-5.11186e-13
1.16354e-09
-1.45938e-13
2.02877e-10
5.27348e-13
8.6131e-10
1.03262e-12
1.8365e-09
4.18518e-13
2.77621e-09
2.52716e-13
3.34307e-09
-2.02917e-15
3.34305e-09
-4.11421e-13
2.77614e-09
6.43504e-15
1.83646e-09
6.88195e-13
8.61332e-10
2.02882e-10
-3.58757e-13
6.80236e-13
2.02884e-10
-4.23552e-14
-6.63104e-13
8.61332e-10
-9.98448e-14
7.14535e-13
1.83641e-09
-2.96635e-13
-4.48949e-14
2.77612e-09
1.11095e-13
-3.93438e-13
3.343e-09
2.26151e-13
-2.70836e-13
3.34297e-09
3.7983e-13
1.86912e-13
2.7761e-09
-4.69165e-13
6.64272e-13
1.83637e-09
5.90553e-13
-7.53786e-13
8.61337e-10
4.33149e-13
2.02887e-10
-4.81169e-13
1.00131e-12
1.16362e-09
-7.54503e-13
-4.63834e-13
3.62389e-09
-7.08833e-13
9.30066e-13
6.03559e-09
-3.61744e-13
-5.71051e-13
7.80571e-09
2.69827e-13
-7.38379e-13
8.69855e-09
6.93499e-13
-7.07138e-13
8.69848e-09
1.22421e-12
-3.53868e-13
7.80568e-09
9.98323e-13
1.13368e-12
6.03549e-09
4.71369e-13
-3.65551e-13
3.62389e-09
3.2912e-13
1.16368e-09
-9.70854e-14
1.04853e-12
2.82278e-09
-4.39242e-13
-1.63437e-13
7.10619e-09
-8.1755e-14
8.47484e-13
9.96811e-09
-2.46541e-14
-7.98403e-13
1.15228e-08
-1.20896e-13
-6.32849e-13
1.21891e-08
-5.36411e-14
-4.47771e-13
1.21891e-08
1.08128e-13
-5.82058e-13
1.15229e-08
1.29302e-13
1.22098e-12
9.96809e-09
-3.56883e-13
-2.24376e-13
7.10633e-09
1.19444e-13
2.82294e-09
5.93505e-14
7.27331e-13
4.57184e-09
4.24644e-13
-1.19e-14
9.93134e-09
7.12869e-13
4.38351e-13
1.25269e-08
3.83951e-13
-6.08672e-13
1.36861e-08
-6.01685e-14
-3.83806e-13
1.41629e-08
-1.73708e-13
-1.80352e-13
1.41629e-08
-3.5732e-13
-9.77173e-14
1.36861e-08
-2.70557e-13
7.49218e-13
1.2527e-08
1.15058e-13
-2.75587e-13
9.93152e-09
-2.7544e-14
4.57199e-09
4.27738e-13
4.78865e-13
5.67036e-09
4.57594e-13
1.10039e-13
1.14122e-08
3.88758e-13
1.0439e-13
1.3732e-08
2.77615e-13
-3.08163e-13
1.47021e-08
9.60057e-14
-1.65958e-13
1.5113e-08
2.40365e-14
5.71845e-14
1.51131e-08
-3.63569e-14
-1.13559e-13
1.47023e-08
-8.9867e-14
2.38861e-13
1.37321e-08
-1.79081e-13
-2.78527e-13
1.14123e-08
-2.01173e-13
5.67046e-09
3.55771e-13
2.35889e-13
5.67037e-09
1.32451e-13
2.09551e-13
1.14121e-08
2.43503e-13
2.39895e-13
1.3732e-08
1.70449e-13
-6.21275e-14
1.47021e-08
7.26835e-14
6.98421e-14
1.5113e-08
-1.60967e-13
8.942e-14
1.51131e-08
-2.02311e-13
3.87793e-14
1.47023e-08
-2.47985e-13
1.95185e-13
1.37322e-08
-3.11429e-13
-2.60235e-13
1.14123e-08
-7.09846e-13
5.67051e-09
1.84122e-13
-9.34039e-14
4.57181e-09
4.4273e-13
-1.76408e-13
9.93132e-09
4.45613e-13
5.18627e-14
1.25268e-08
2.50818e-13
1.66685e-13
1.3686e-08
-2.67718e-14
3.47209e-13
1.41629e-08
-2.06708e-13
3.91781e-13
1.41629e-08
-6.93313e-13
2.77365e-13
1.36861e-08
-6.977e-13
3.54464e-13
1.25269e-08
-2.93223e-13
-5.1256e-13
9.93147e-09
-1.08958e-12
4.57193e-09
5.12164e-13
-2.52038e-13
2.82269e-09
8.43358e-13
-3.22985e-13
7.1061e-09
3.21854e-13
4.25733e-14
9.96802e-09
4.42718e-13
3.51805e-13
1.15229e-08
2.38283e-13
4.55666e-13
1.21891e-08
-1.37453e-18
4.62364e-13
1.21891e-08
3.7563e-14
5.10878e-13
1.1523e-08
-1.79823e-13
6.36221e-13
9.96803e-09
-2.59478e-13
-8.21864e-13
7.10621e-09
-1.39574e-12
2.82277e-09
2.02729e-14
-3.7375e-13
1.1636e-09
-4.50718e-13
-5.44268e-14
3.62389e-09
-2.6486e-13
1.73188e-13
6.03554e-09
1.80852e-13
1.26713e-13
7.80564e-09
2.80508e-13
7.32088e-14
8.69855e-09
6.89011e-13
3.74988e-14
8.69855e-09
1.30968e-12
-8.05232e-14
7.80568e-09
1.63581e-12
2.82015e-13
6.03556e-09
7.58978e-13
-5.85292e-14
3.62387e-09
-6.4163e-13
1.1636e-09
-5.50132e-13
2.02881e-10
-2.61868e-13
8.61356e-10
-5.28026e-14
1.8364e-09
-1.39508e-13
2.7761e-09
8.1033e-14
3.34299e-09
2.02878e-13
3.34299e-09
2.44731e-13
2.77609e-09
5.14596e-13
1.83642e-09
9.39412e-13
8.61337e-10
2.02884e-10
-5.05519e-13
4.99488e-13
2.02886e-10
4.64374e-14
-6.33887e-13
8.61354e-10
-3.55375e-13
3.85823e-13
1.83642e-09
-1.56838e-13
2.1174e-13
2.77604e-09
1.87429e-13
-4.53208e-13
3.34293e-09
3.95553e-13
-2.78686e-13
3.34294e-09
3.10259e-13
5.69977e-13
2.77605e-09
-4.21745e-13
5.08074e-13
1.83644e-09
1.30869e-13
-7.19927e-13
8.61349e-10
-2.01933e-14
2.02889e-10
-6.42887e-13
1.32341e-12
1.16359e-09
-9.67072e-13
9.26531e-14
3.62383e-09
-8.72031e-13
-2.67981e-13
6.03561e-09
-2.78945e-13
-2.94019e-13
7.80568e-09
4.25895e-14
-6.52501e-13
8.69856e-09
2.89554e-13
-2.79535e-13
8.69856e-09
5.3436e-13
1.50625e-13
7.80568e-09
5.49236e-13
3.12913e-13
6.03564e-09
-1.3282e-14
4.12466e-14
3.62389e-09
1.75066e-13
1.1636e-09
1.17165e-13
1.24171e-12
2.82268e-09
-4.61127e-14
2.72015e-13
7.10614e-09
1.03031e-13
-4.66177e-13
9.96802e-09
3.31421e-13
-4.43446e-13
1.1523e-08
8.30732e-14
-3.22751e-13
1.21892e-08
-4.93116e-13
-2.08879e-13
1.21892e-08
-1.92367e-13
7.40242e-14
1.1523e-08
1.98177e-13
8.99962e-14
9.96814e-09
7.45279e-14
1.81524e-13
7.10625e-09
6.30953e-14
2.82279e-09
2.24422e-13
8.56559e-13
4.57181e-09
7.0221e-13
-3.98257e-14
9.93142e-09
4.22387e-13
-2.96612e-13
1.25268e-08
2.47412e-13
-3.22345e-13
1.36862e-08
-2.93869e-14
-1.08613e-13
1.41631e-08
-3.11116e-13
6.87392e-14
1.4163e-08
-4.95927e-13
1.29421e-13
1.36862e-08
-3.2145e-13
7.07782e-14
1.25268e-08
1.58326e-13
-3.45844e-13
9.93161e-09
2.58655e-13
4.57194e-09
3.10374e-13
5.41924e-13
5.6704e-09
4.59657e-13
-2.69028e-13
1.14123e-08
1.69934e-13
6.40506e-14
1.3732e-08
2.36574e-13
-2.13733e-13
1.47023e-08
3.76377e-13
-8.71761e-14
1.51132e-08
3.06501e-13
8.84077e-15
1.51131e-08
1.12867e-13
-1.28202e-13
1.47024e-08
-2.21686e-13
2.25459e-13
1.37321e-08
4.20892e-14
-2.74567e-13
1.14125e-08
1.6492e-13
5.67044e-09
3.13762e-13
1.24474e-13
5.67039e-09
5.69274e-13
-7.29415e-13
1.14123e-08
2.88779e-13
3.13815e-13
1.3732e-08
1.87305e-13
-1.89165e-13
1.47023e-08
2.92331e-13
-6.94941e-14
1.51132e-08
5.8493e-15
-1.74212e-13
1.51131e-08
-1.97942e-14
-9.16071e-14
1.47024e-08
-1.16288e-13
5.12468e-13
1.3732e-08
2.83931e-14
-5.37063e-13
1.14124e-08
2.48247e-13
5.67043e-09
2.82826e-13
1.24494e-13
4.57184e-09
8.23772e-13
-1.33356e-12
9.93139e-09
6.33516e-13
4.75434e-13
1.25268e-08
2.73838e-13
6.9059e-14
1.36861e-08
4.69856e-15
2.48012e-13
1.41629e-08
-2.39297e-13
3.58055e-13
1.4163e-08
-5.47313e-13
2.50534e-13
1.36862e-08
-8.25297e-13
3.9694e-13
1.25268e-08
-3.07713e-13
-1.24556e-12
9.93144e-09
2.19129e-13
4.57193e-09
2.39569e-13
-3.30882e-13
2.82277e-09
2.05001e-13
-1.18871e-12
7.10607e-09
2.05721e-13
3.64313e-13
9.96803e-09
8.854e-14
1.1129e-13
1.1523e-08
1.29077e-13
4.46968e-13
1.21892e-08
-2.55228e-13
4.79104e-13
1.21892e-08
-3.35951e-13
2.30004e-13
1.1523e-08
-4.09996e-13
6.48491e-13
9.96809e-09
-7.29151e-13
-1.06753e-12
7.10613e-09
-4.57473e-13
2.82275e-09
1.59437e-13
-4.23946e-13
1.16357e-09
-9.59971e-13
-3.35042e-13
3.62376e-09
-6.40738e-13
2.76735e-13
6.03563e-09
-4.04075e-13
-8.44908e-14
7.80563e-09
9.50025e-14
1.65003e-13
8.69847e-09
3.27494e-13
1.37196e-13
8.69845e-09
8.78104e-13
-1.62282e-13
7.8057e-09
1.2123e-12
4.79058e-13
6.03563e-09
-2.10423e-15
4.36526e-14
3.62379e-09
-3.4046e-13
1.16358e-09
-3.79964e-13
2.02879e-10
-7.86384e-13
8.61309e-10
-2.55963e-13
1.83641e-09
-4.82751e-13
2.77601e-09
-1.45556e-13
3.34293e-09
1.50549e-13
3.34292e-09
3.13237e-13
2.77602e-09
4.24375e-13
1.83639e-09
2.46863e-13
8.61323e-10
2.02875e-10
-7.05457e-13
7.21812e-13
2.02889e-10
-8.42223e-14
-5.81634e-13
8.61303e-10
-2.10631e-13
1.75681e-13
1.83638e-09
-1.85537e-13
-6.39691e-14
2.77601e-09
-1.25445e-13
-1.39148e-13
3.34292e-09
1.20342e-14
3.70022e-14
3.34298e-09
-1.6472e-13
4.30906e-13
2.77608e-09
-6.02215e-13
1.88051e-13
1.83635e-09
1.13332e-13
-8.69075e-13
8.61295e-10
2.09023e-13
2.0288e-10
-6.04287e-13
1.32135e-12
1.16359e-09
-1.03893e-12
7.24931e-14
3.62389e-09
-8.25487e-13
-3.7385e-13
6.03562e-09
-3.50847e-14
-3.57853e-13
7.8056e-09
7.41489e-14
-5.40642e-13
8.69845e-09
3.26512e-13
-4.11643e-13
8.6985e-09
7.26166e-13
2.34374e-13
7.80564e-09
9.14378e-13
3.70999e-14
6.03552e-09
4.05277e-13
-6.80586e-14
3.62383e-09
2.76694e-13
1.16362e-09
4.27814e-13
8.04074e-13
2.82271e-09
2.1613e-13
1.39311e-13
7.10593e-09
4.66352e-13
-4.67598e-13
9.96816e-09
3.67511e-13
-3.60599e-13
1.15231e-08
-5.91594e-14
-1.37496e-13
1.21894e-08
-2.51861e-13
1.20633e-14
1.21893e-08
-3.20933e-13
-4.27284e-14
1.1523e-08
6.78532e-14
-1.61031e-13
9.96792e-09
-5.52073e-14
1.96213e-13
7.10607e-09
3.5496e-13
2.82271e-09
2.85561e-13
7.48315e-13
4.57188e-09
6.94338e-13
7.1568e-14
9.93122e-09
6.67151e-13
-3.22001e-13
1.25267e-08
1.6559e-13
-3.55277e-13
1.36862e-08
-3.63773e-14
-3.9113e-14
1.41631e-08
-2.71946e-13
1.17243e-13
1.41631e-08
-4.1244e-13
2.63405e-13
1.36864e-08
-3.56918e-13
-1.4616e-13
1.25268e-08
3.36363e-14
-2.77919e-13
9.93161e-09
1.99141e-13
4.57202e-09
1.18103e-13
2.8494e-13
5.67025e-09
3.1626e-13
-3.76997e-14
1.14121e-08
2.11601e-13
-7.79784e-14
1.37319e-08
6.94021e-14
-2.55151e-13
1.47019e-08
2.00268e-13
-1.03085e-13
1.51132e-08
2.21061e-13
-1.47488e-13
1.51132e-08
2.03385e-13
-5.29419e-14
1.47024e-08
-7.63162e-14
1.28513e-13
1.37319e-08
-1.67351e-13
-4.58483e-13
1.14125e-08
5.93367e-14
5.67047e-09
2.45269e-13
2.39262e-13
5.67034e-09
6.45203e-13
-3.5695e-13
1.14123e-08
3.93496e-13
5.82168e-14
1.37317e-08
2.32504e-13
-2.20691e-13
1.47023e-08
1.56495e-13
-1.497e-13
1.51132e-08
2.78164e-13
-1.51772e-13
1.51131e-08
-3.75062e-14
-2.76297e-14
1.47024e-08
9.02444e-15
6.34374e-13
1.37317e-08
4.94283e-14
-7.64297e-13
1.14125e-08
6.31031e-14
5.67045e-09
2.45247e-13
1.42202e-13
4.57177e-09
1.03262e-12
-8.54593e-13
9.93122e-09
8.04246e-13
6.12032e-13
1.25267e-08
3.63709e-13
2.14208e-13
1.36861e-08
3.58347e-13
3.07631e-13
1.41626e-08
1.76785e-13
2.34459e-13
1.41626e-08
-3.47551e-13
3.11918e-13
1.36862e-08
-6.29103e-13
8.6838e-13
1.25267e-08
-6.57267e-14
-1.32035e-12
9.93159e-09
-9.42298e-14
4.57193e-09
5.25277e-13
-4.2423e-13
2.82274e-09
6.20945e-13
-8.72665e-13
7.10614e-09
4.07522e-13
6.11654e-13
9.96813e-09
1.10154e-13
1.68794e-13
1.15231e-08
8.26747e-14
4.76677e-13
1.21893e-08
-3.19999e-13
5.2386e-13
1.21893e-08
-2.08197e-13
4.87893e-13
1.15232e-08
-4.02307e-13
8.33842e-13
9.96821e-09
-5.95573e-13
-1.4328e-12
7.1063e-09
-7.17907e-13
2.82279e-09
6.81321e-14
-6.91211e-13
1.16361e-09
-9.56341e-13
-4.23544e-13
3.62381e-09
-8.34531e-13
2.04988e-13
6.0356e-09
-5.58064e-14
3.95733e-14
7.80557e-09
7.61945e-14
1.92843e-13
8.69846e-09
2.48779e-13
1.22044e-13
8.69843e-09
1.08135e-12
-6.94685e-14
7.80561e-09
1.43749e-12
4.34582e-13
6.03571e-09
4.95893e-13
-2.63986e-14
3.62399e-09
-5.10353e-13
1.16367e-09
-6.64476e-13
2.02887e-10
-5.20404e-13
8.61318e-10
-4.00374e-13
1.83637e-09
-3.27543e-13
2.77596e-09
-6.58762e-14
3.34289e-09
1.38985e-13
3.34282e-09
1.20775e-13
2.77599e-09
6.0354e-13
1.83641e-09
5.2114e-13
8.61348e-10
2.02905e-10
2.25227e-13
-1.82356e-13
1.42532e-12
-1.22607e-12
6.49522e-13
3.78191e-13
3.94934e-13
3.91932e-13
5.61357e-13
1.2366e-13
2.87407e-13
-1.03584e-13
-3.04369e-13
3.73424e-13
-8.14316e-13
-4.59535e-14
-3.17992e-13
-7.65302e-13
2.1484e-13
3.93337e-14
-4.29144e-13
4.09762e-13
-1.33161e-12
3.55952e-13
-1.37454e-13
3.34189e-13
-1.6182e-14
1.19736e-14
-6.86981e-16
-4.24287e-13
-2.30401e-13
-8.01604e-13
1.68203e-13
-1.0395e-13
-4.92083e-13
-8.00631e-14
-6.3344e-13
-1.40148e-13
1.18223e-13
-1.73915e-13
3.4062e-13
-4.69044e-13
3.87919e-13
-5.40375e-13
4.79187e-13
-5.63988e-13
7.23581e-14
-6.432e-14
-5.41516e-13
7.80439e-14
-1.56077e-13
1.18625e-13
6.72707e-13
-4.84018e-13
3.04981e-13
-2.01291e-13
8.37361e-14
4.49293e-13
5.85021e-13
1.35028e-12
1.78884e-13
1.12114e-12
-5.7106e-13
5.86029e-13
-6.98652e-13
2.07161e-13
-1.11072e-13
-2.14811e-13
2.92756e-14
-3.60984e-13
-7.00635e-14
-1.11583e-13
-5.2323e-13
1.04998e-13
-4.00987e-13
5.33288e-14
-1.2377e-13
4.28961e-13
1.86109e-14
-1.47268e-13
-3.85177e-13
-4.29528e-13
4.43805e-13
-9.28919e-15
6.43809e-13
-2.60776e-13
2.59467e-13
-4.06189e-13
2.06238e-13
-2.42661e-14
8.224e-14
-3.36138e-13
-2.20304e-14
-5.30755e-13
-1.39768e-13
-3.59663e-13
3.47623e-13
-1.20931e-13
-5.56611e-13
4.3666e-13
7.68386e-13
4.85897e-13
1.67273e-13
6.47028e-15
-4.09708e-13
-1.80369e-13
-3.88079e-13
-4.40295e-13
-1.31877e-13
3.8622e-13
8.2556e-13
4.21243e-13
-5.92847e-13
1.01425e-13
2.90124e-13
7.6099e-13
1.38723e-12
-5.17783e-13
4.84366e-13
1.24947e-12
-5.43575e-13
1.71603e-13
3.8957e-13
3.65241e-13
1.16095e-12
4.29322e-13
3.06356e-13
2.04771e-13
-3.56987e-13
1.42536e-12
-3.6784e-13
-7.31539e-13
2.96434e-13
4.5893e-13
9.87776e-14
1.65511e-13
-2.56404e-13
-9.52349e-14
1.08725e-12
3.77695e-13
2.92624e-13
3.11702e-13
2.56229e-13
3.81032e-13
7.90759e-14
3.27571e-13
2.57038e-15
2.94317e-13
1.34434e-12
-3.89522e-13
-4.49169e-13
-1.85237e-13
2.18987e-13
8.42675e-14
1.67965e-13
5.77083e-13
1.09679e-12
7.18483e-13
5.66107e-13
-2.6588e-13
5.16263e-13
-1.30083e-13
2.91148e-13
-4.74399e-13
2.55014e-13
-4.46426e-13
6.27603e-13
6.35977e-13
1.30621e-13
2.66418e-13
-1.63339e-13
1.97938e-13
2.39616e-13
1.05684e-12
2.77017e-13
8.88447e-14
2.81989e-14
-1.62766e-13
5.33268e-14
2.86993e-13
)
;

boundaryField
{
    inlet
    {
        type            calculated;
        value           nonuniform List<scalar> 
100
(
-2.03053e-09
-4.41144e-09
-6.49985e-09
-8.04785e-09
-8.871e-09
-8.871e-09
-8.04785e-09
-6.49985e-09
-4.41144e-09
-2.03053e-09
-3.4531e-09
-5.68729e-09
-7.65096e-09
-9.10857e-09
-9.8843e-09
-9.8843e-09
-9.10857e-09
-7.65096e-09
-5.68729e-09
-3.4531e-09
-4.58775e-09
-6.70539e-09
-8.5701e-09
-9.95606e-09
-1.06942e-08
-1.06942e-08
-9.95606e-09
-8.5701e-09
-6.70539e-09
-4.58775e-09
-5.3775e-09
-7.41426e-09
-9.21039e-09
-1.05467e-08
-1.12589e-08
-1.12589e-08
-1.05467e-08
-9.21039e-09
-7.41426e-09
-5.3775e-09
-5.78257e-09
-7.77795e-09
-9.53899e-09
-1.08499e-08
-1.15488e-08
-1.15488e-08
-1.08499e-08
-9.53899e-09
-7.77795e-09
-5.78257e-09
-5.78257e-09
-7.77795e-09
-9.53899e-09
-1.08499e-08
-1.15488e-08
-1.15488e-08
-1.08499e-08
-9.53899e-09
-7.77795e-09
-5.78257e-09
-5.3775e-09
-7.41426e-09
-9.21039e-09
-1.05467e-08
-1.12589e-08
-1.12589e-08
-1.05467e-08
-9.21039e-09
-7.41426e-09
-5.3775e-09
-4.58775e-09
-6.70539e-09
-8.5701e-09
-9.95606e-09
-1.06942e-08
-1.06942e-08
-9.95606e-09
-8.5701e-09
-6.70539e-09
-4.58775e-09
-3.4531e-09
-5.68729e-09
-7.65096e-09
-9.10857e-09
-9.8843e-09
-9.8843e-09
-9.10857e-09
-7.65096e-09
-5.68729e-09
-3.4531e-09
-2.03053e-09
-4.41144e-09
-6.49985e-09
-8.04785e-09
-8.871e-09
-8.871e-09
-8.04785e-09
-6.49985e-09
-4.41144e-09
-2.03053e-09
)
;
    }
    outlet
    {
        type            calculated;
        value           nonuniform List<scalar> 
100
(
2.02885e-10
1.16369e-09
2.82246e-09
4.57076e-09
5.67035e-09
5.67064e-09
4.57104e-09
2.82284e-09
1.16366e-09
2.02889e-10
8.61428e-10
3.62392e-09
7.10493e-09
9.92975e-09
1.14125e-08
1.14127e-08
9.93027e-09
7.10613e-09
3.62315e-09
8.61368e-10
1.83652e-09
6.03606e-09
9.96856e-09
1.2527e-08
1.37319e-08
1.373e-08
1.25269e-08
9.96836e-09
6.03575e-09
1.83667e-09
2.77612e-09
7.80604e-09
1.15239e-08
1.36866e-08
1.47005e-08
1.47023e-08
1.36868e-08
1.1523e-08
7.80578e-09
2.77628e-09
3.34282e-09
8.6987e-09
1.21898e-08
1.41635e-08
1.5113e-08
1.51135e-08
1.4161e-08
1.21896e-08
8.69892e-09
3.34303e-09
3.34314e-09
8.69888e-09
1.21894e-08
1.41636e-08
1.51141e-08
1.51135e-08
1.4161e-08
1.21897e-08
8.69901e-09
3.34251e-09
2.77621e-09
7.80584e-09
1.15231e-08
1.36865e-08
1.4703e-08
1.47026e-08
1.36869e-08
1.15234e-08
7.80591e-09
2.7761e-09
1.83662e-09
6.03572e-09
9.96687e-09
1.25266e-08
1.3732e-08
1.37299e-08
1.25269e-08
9.96853e-09
6.03588e-09
1.83657e-09
8.61389e-10
3.62369e-09
7.10606e-09
9.93178e-09
1.14128e-08
1.14125e-08
9.93191e-09
7.10648e-09
3.62377e-09
8.61332e-10
2.02861e-10
1.16359e-09
2.82283e-09
4.57215e-09
5.67077e-09
5.67059e-09
4.57132e-09
2.82292e-09
1.1637e-09
2.02844e-10
)
;
    }
    wall
    {
        type            calculated;
        value           uniform 0;
    }
}


// ************************************************************************* //
