/*--------------------------------*- C++ -*----------------------------------*\
| =========                 |                                                 |
| \\      /  F ield         | OpenFOAM: The Open Source CFD Toolbox           |
|  \\    /   O peration     | Version:  2312                                  |
|   \\  /    A nd           | Website:  www.openfoam.com                      |
|    \\/     M anipulation  |                                                 |
\*---------------------------------------------------------------------------*/
FoamFile
{
    version     2.0;
    format      ascii;
    arch        "LSB;label=32;scalar=64";
    class       volScalarField;
    location    "47";
    object      CourantNumberField;
}
// * * * * * * * * * * * * * * * * * * * * * * * * * * * * * * * * * * * * * //

dimensions      [0 0 0 0 0 0 0];

internalField   nonuniform List<scalar> 
20000
(
0.000250001
0.000319132
0.000325506
0.000310868
0.000283507
0.000283066
0.000309724
0.000323991
0.000318627
0.000249988
0.000295017
0.000437404
0.000454824
0.000427306
0.000381741
0.000381627
0.000426973
0.000454646
0.000437541
0.000295405
0.000301825
0.000440068
0.000443705
0.000411138
0.000369074
0.000369034
0.00041109
0.000443914
0.000440359
0.000302768
0.000293704
0.000412302
0.000405081
0.000370891
0.000334626
0.000334642
0.000370969
0.000405361
0.000412575
0.000294355
0.000274012
0.00037077
0.000362227
0.000332356
0.000303099
0.000303131
0.000332436
0.000362374
0.000370902
0.000274194
0.000274188
0.000370768
0.000362317
0.000332363
0.000303094
0.000303132
0.000332443
0.000362358
0.000371008
0.00027415
0.000294197
0.00041244
0.000405358
0.000370919
0.000334595
0.00033464
0.000371004
0.000405373
0.000412954
0.000294433
0.000302598
0.000440428
0.000444024
0.000411094
0.000369002
0.000368965
0.00041096
0.000443702
0.000440672
0.000302948
0.000295486
0.000437816
0.000454806
0.000427042
0.000381653
0.000381565
0.000426773
0.000454239
0.000437615
0.000295635
0.000249986
0.000318559
0.000323895
0.00030971
0.000282904
0.000282919
0.000309691
0.00032365
0.000318348
0.000250019
3.46694e-05
8.38537e-05
0.00012726
0.00015709
0.000169938
0.000169908
0.000156961
0.000127252
8.38237e-05
3.46524e-05
8.62757e-05
0.000195436
0.000262445
0.000295323
0.000302625
0.00030255
0.000295107
0.000262263
0.000195048
8.62868e-05
0.000134434
0.00026808
0.000323229
0.000336795
0.000333291
0.000333305
0.000336808
0.000323212
0.000267938
0.00013468
0.000168287
0.000302136
0.000337675
0.00033707
0.000328259
0.00032831
0.000337167
0.000337756
0.000302159
0.00016852
0.000183333
0.000308893
0.000333551
0.000327985
0.000318656
0.000318693
0.000328039
0.000333597
0.000308917
0.000183444
0.000183388
0.000308894
0.000333565
0.000328022
0.000318664
0.000318665
0.000328026
0.000333573
0.000308904
0.000183424
0.000168463
0.000302138
0.000337687
0.000337143
0.000328261
0.000328246
0.000337134
0.000337661
0.000302113
0.000168492
0.000134669
0.000267981
0.000323142
0.000336825
0.000333307
0.000333247
0.000336726
0.000322972
0.000267748
0.000134533
8.63249e-05
0.000195081
0.000262195
0.000295182
0.000302533
0.000302542
0.000295289
0.000262292
0.000195075
8.62139e-05
3.46083e-05
8.37341e-05
0.000127195
0.000157028
0.000169899
0.000169934
0.000157146
0.000127379
8.3874e-05
3.45746e-05
2.69139e-05
6.7313e-05
0.000105618
0.000135072
0.0001504
0.000150371
0.000135058
0.000105753
6.75341e-05
2.69383e-05
7.03674e-05
0.000170564
0.000237957
0.00027567
0.000289614
0.000289676
0.000275867
0.000238329
0.000170927
7.05867e-05
0.000113931
0.000244647
0.00030569
0.000326534
0.000329834
0.000329883
0.000326649
0.00030591
0.00024486
0.000113945
0.000147828
0.000284373
0.000327808
0.000334744
0.000332104
0.000332137
0.000334817
0.000327953
0.000284505
0.000147707
0.000165644
0.000298219
0.00033077
0.000331895
0.000327504
0.000327522
0.000331946
0.000330827
0.000298252
0.000165593
0.000165599
0.000298296
0.000330853
0.000331934
0.000327519
0.000327546
0.000331998
0.000330885
0.000298312
0.000165581
0.000147717
0.000284597
0.000328028
0.000334829
0.000332137
0.000332196
0.000334973
0.00032816
0.00028475
0.000147767
0.000113924
0.000244889
0.000305926
0.000326614
0.000329832
0.0003299
0.000326769
0.000306087
0.00024512
0.000113984
7.04916e-05
0.000170868
0.000238316
0.000275791
0.000289579
0.000289611
0.000275895
0.000238406
0.000170933
7.0476e-05
2.69161e-05
6.74926e-05
0.000105729
0.000134972
0.000150323
0.000150293
0.000134941
0.000105718
6.74537e-05
2.69364e-05
2.47732e-05
6.18855e-05
9.92616e-05
0.000127879
0.000143125
0.000143219
0.000128029
9.93024e-05
6.20678e-05
2.49213e-05
6.51678e-05
0.000157672
0.000224225
0.00026363
0.000280565
0.000280484
0.000263377
0.000223847
0.000157623
6.51066e-05
0.000107485
0.000231617
0.000292865
0.000316375
0.000323181
0.000323124
0.000316206
0.0002926
0.000231467
0.000107409
0.000140675
0.000273594
0.000318433
0.000328728
0.000329878
0.000329841
0.000328632
0.000318276
0.000273457
0.000140655
0.000158465
0.000290384
0.000325082
0.00033008
0.000329555
0.000329535
0.000330031
0.000325021
0.000290347
0.000158439
0.000158491
0.000290301
0.000324988
0.000330015
0.000329524
0.000329517
0.000329993
0.000324971
0.000290289
0.000158453
0.000140718
0.000273319
0.00031817
0.00032857
0.00032981
0.000329796
0.000328551
0.000318157
0.000273264
0.000140637
0.000107407
0.000231346
0.00029245
0.00031616
0.000323118
0.000323092
0.000316123
0.000292451
0.000231334
0.000107361
6.51737e-05
0.000157773
0.000223762
0.000263411
0.000280545
0.000280505
0.000263344
0.000223737
0.000157785
6.51736e-05
2.49189e-05
6.22721e-05
9.94017e-05
0.00012809
0.000143225
0.000143259
0.000128123
9.94157e-05
6.23344e-05
2.50036e-05
2.46232e-05
6.14397e-05
9.837e-05
0.000126692
0.000141879
0.000141958
0.000126856
9.8538e-05
6.15502e-05
2.46604e-05
6.49716e-05
0.000157808
0.000223766
0.000262627
0.000279422
0.000279436
0.00026266
0.000223808
0.000157827
6.50124e-05
0.000106627
0.000230903
0.000291746
0.00031526
0.000322407
0.000322401
0.000315259
0.000291737
0.000230853
0.000106669
0.00013938
0.000272253
0.000317104
0.00032795
0.000329861
0.000329838
0.000327908
0.000317052
0.000272177
0.000139399
0.000156976
0.000288992
0.000324067
0.000329937
0.000330332
0.000330313
0.000329906
0.000324039
0.000288975
0.000157003
0.000156985
0.000288997
0.000324065
0.000329929
0.000330314
0.000330287
0.000329886
0.00032402
0.000289008
0.000157043
0.000139382
0.000272277
0.000317103
0.00032793
0.00032982
0.000329782
0.000327835
0.000316975
0.000272239
0.00013945
0.000106618
0.000230976
0.000291766
0.000315244
0.000322381
0.000322347
0.000315134
0.000291588
0.000230899
0.000106688
6.50142e-05
0.000157996
0.000223841
0.000262638
0.000279408
0.000279391
0.000262548
0.000223617
0.00015784
6.50271e-05
2.46842e-05
6.15982e-05
9.84313e-05
0.000126736
0.000141922
0.000141998
0.000126889
9.84514e-05
6.15092e-05
2.46373e-05
2.44377e-05
6.1036e-05
9.79033e-05
0.000126298
0.000141491
0.000141515
0.000126335
9.79405e-05
6.10628e-05
2.44425e-05
6.45034e-05
0.000156756
0.00022258
0.000261654
0.000278759
0.000278792
0.000261703
0.000222597
0.00015675
6.45075e-05
0.000106132
0.00022984
0.000290657
0.000314408
0.000321841
0.000321839
0.000314404
0.000290653
0.000229866
0.000106157
0.000138966
0.000271518
0.000316392
0.000327477
0.000329668
0.000329649
0.000327443
0.000316357
0.00027152
0.000138983
0.000156564
0.000288451
0.000323619
0.00032981
0.00033053
0.000330516
0.000329787
0.000323599
0.000288439
0.000156563
0.00015659
0.000288482
0.000323625
0.000329799
0.000330518
0.000330503
0.000329773
0.000323594
0.000288442
0.000156569
0.00013904
0.000271606
0.000316393
0.000327445
0.00032964
0.000329627
0.000327417
0.000316352
0.000271536
0.000138988
0.000106196
0.000229893
0.000290617
0.000314346
0.000321809
0.000321821
0.000314376
0.000290637
0.000229884
0.00010617
6.45437e-05
0.000156793
0.000222607
0.000261634
0.000278734
0.000278758
0.00026167
0.000222576
0.000156747
6.45236e-05
2.44343e-05
6.1019e-05
9.79237e-05
0.000126293
0.000141477
0.000141501
0.000126344
9.79544e-05
6.10497e-05
2.44567e-05
2.44759e-05
6.10426e-05
9.79271e-05
0.000126273
0.000141428
0.000141414
0.000126245
9.78974e-05
6.10534e-05
2.45277e-05
6.46108e-05
0.000156732
0.000222564
0.000261533
0.000278606
0.000278632
0.000261582
0.000222559
0.000156761
6.46268e-05
0.000106263
0.000229817
0.000290574
0.000314236
0.000321688
0.000321686
0.000314229
0.00029053
0.00022983
0.000106253
0.000138974
0.000271388
0.000316229
0.000327322
0.000329587
0.000329596
0.000327332
0.000316216
0.000271409
0.00013898
0.000156518
0.000288327
0.000323504
0.000329761
0.000330579
0.000330578
0.000329759
0.000323491
0.000288317
0.000156503
0.000156498
0.000288337
0.000323508
0.000329771
0.000330582
0.00033058
0.000329766
0.000323496
0.000288327
0.000156491
0.000138951
0.00027142
0.000316238
0.000327345
0.0003296
0.000329601
0.000327348
0.000316229
0.000271416
0.000138941
0.000106207
0.000229788
0.000290521
0.00031423
0.000321688
0.000321691
0.000314236
0.000290515
0.00022979
0.000106191
6.46076e-05
0.000156711
0.00022251
0.000261526
0.000278595
0.000278607
0.000261545
0.000222499
0.0001567
6.45844e-05
2.45799e-05
6.10776e-05
9.7916e-05
0.000126254
0.000141397
0.000141404
0.000126271
9.79193e-05
6.10554e-05
2.45237e-05
2.44627e-05
6.10385e-05
9.79403e-05
0.000126292
0.000141426
0.0001414
0.000126224
9.79026e-05
6.10345e-05
2.45044e-05
6.4559e-05
0.000156725
0.000222555
0.000261537
0.000278562
0.000278586
0.000261535
0.000222542
0.000156706
6.45392e-05
0.000106197
0.000229799
0.000290572
0.000314267
0.000321666
0.000321665
0.000314224
0.000290533
0.000229811
0.000106172
0.000138923
0.00027134
0.000316205
0.000327352
0.000329601
0.000329589
0.000327316
0.000316178
0.000271358
0.000138913
0.000156472
0.000288282
0.000323457
0.000329755
0.000330604
0.00033061
0.000329765
0.000323459
0.000288279
0.000156471
0.000156472
0.000288308
0.000323481
0.000329754
0.000330605
0.000330617
0.000329773
0.000323465
0.000288293
0.000156462
0.000138941
0.000271411
0.000316238
0.000327315
0.000329604
0.000329612
0.000327344
0.000316204
0.000271389
0.000138916
0.000106203
0.000229825
0.000290559
0.000314198
0.000321669
0.000321675
0.000314223
0.000290501
0.000229793
0.000106174
6.45726e-05
0.00015678
0.00022256
0.000261519
0.000278586
0.000278589
0.000261538
0.0002225
0.000156723
6.45425e-05
2.44189e-05
6.10968e-05
9.79875e-05
0.000126297
0.000141427
0.000141399
0.000126248
9.79202e-05
6.10661e-05
2.44333e-05
2.44489e-05
6.10615e-05
9.79527e-05
0.000126288
0.000141419
0.000141383
0.000126217
9.78896e-05
6.10259e-05
2.44283e-05
6.45638e-05
0.000156744
0.000222506
0.000261511
0.000278565
0.00027858
0.000261538
0.000222531
0.000156736
6.45728e-05
0.000106179
0.000229804
0.000290541
0.000314242
0.000321653
0.000321657
0.000314237
0.000290524
0.00022979
0.000106202
0.000138914
0.000271346
0.000316197
0.000327351
0.000329612
0.000329598
0.000327326
0.000316176
0.000271355
0.000138935
0.00015645
0.000288255
0.00032344
0.000329753
0.000330617
0.000330625
0.000329768
0.000323441
0.000288272
0.000156475
0.000156457
0.000288271
0.000323454
0.000329744
0.000330612
0.000330624
0.000329773
0.000323451
0.000288277
0.000156446
0.000138921
0.000271365
0.000316216
0.000327318
0.000329604
0.000329606
0.000327344
0.000316191
0.000271368
0.000138872
0.000106175
0.000229783
0.000290553
0.000314208
0.00032165
0.00032166
0.000314223
0.000290494
0.000229766
0.000106115
6.45438e-05
0.000156706
0.000222553
0.000261517
0.000278568
0.000278574
0.000261521
0.000222492
0.000156662
6.44961e-05
2.44318e-05
6.10208e-05
9.79502e-05
0.000126273
0.000141406
0.000141383
0.000126234
9.79138e-05
6.10128e-05
2.44344e-05
2.45362e-05
6.1049e-05
9.78835e-05
0.000126212
0.000141351
0.000141355
0.000126224
9.78832e-05
6.10413e-05
2.45283e-05
6.45887e-05
0.000156709
0.000222508
0.000261508
0.000278536
0.000278548
0.000261536
0.000222522
0.000156715
6.45789e-05
0.000106218
0.000229804
0.000290527
0.00031423
0.000321654
0.000321649
0.000314224
0.000290528
0.000229815
0.00010621
0.000138943
0.000271369
0.000316189
0.000327334
0.000329604
0.000329605
0.000327327
0.000316184
0.000271372
0.000138938
0.000156463
0.00028826
0.00032344
0.000329754
0.000330615
0.000330622
0.000329769
0.000323453
0.000288268
0.000156465
0.000156445
0.000288263
0.000323445
0.000329749
0.000330608
0.000330619
0.000329765
0.000323449
0.000288267
0.000156446
0.00013891
0.00027137
0.000316188
0.000327316
0.000329589
0.000329597
0.000327322
0.000316184
0.000271358
0.000138896
0.000106184
0.000229778
0.000290516
0.000314216
0.000321638
0.000321644
0.000314221
0.000290511
0.000229777
0.000106173
6.45909e-05
0.000156684
0.000222485
0.000261492
0.000278541
0.000278553
0.000261516
0.000222483
0.000156672
6.45538e-05
2.45516e-05
6.1058e-05
9.78945e-05
0.000126209
0.000141352
0.000141354
0.00012621
9.78772e-05
6.10435e-05
2.45217e-05
2.44358e-05
6.10356e-05
9.78936e-05
0.000126228
0.000141358
0.000141347
0.0001262
9.78802e-05
6.10134e-05
2.44321e-05
6.45113e-05
0.000156697
0.000222471
0.000261503
0.000278543
0.000278534
0.000261485
0.000222474
0.000156674
6.45118e-05
0.00010614
0.000229782
0.000290488
0.000314198
0.000321633
0.000321636
0.000314189
0.000290483
0.000229769
0.00010615
0.000138887
0.000271358
0.000316174
0.000327315
0.000329588
0.000329588
0.000327315
0.000316186
0.00027135
0.000138891
0.000156423
0.00028824
0.000323427
0.000329748
0.000330612
0.000330614
0.000329752
0.000323436
0.000288246
0.000156436
0.000156432
0.000288246
0.000323435
0.00032975
0.000330612
0.000330613
0.000329757
0.000323435
0.000288251
0.000156431
0.000138888
0.000271355
0.000316194
0.000327326
0.000329597
0.000329597
0.00032733
0.000316187
0.000271365
0.000138877
0.000106142
0.000229784
0.000290526
0.000314203
0.000321642
0.000321646
0.000314216
0.000290512
0.000229787
0.000106134
6.45036e-05
0.000156684
0.00022251
0.000261515
0.000278552
0.000278544
0.000261507
0.000222502
0.000156674
6.44921e-05
2.44362e-05
6.10064e-05
9.78863e-05
0.00012622
0.000141353
0.000141352
0.000126229
9.78958e-05
6.09939e-05
2.4425e-05
2.44492e-05
6.10616e-05
9.79195e-05
0.000126232
0.000141362
0.000141352
0.000126207
9.78899e-05
6.10286e-05
2.44322e-05
6.44987e-05
0.000156703
0.000222493
0.000261519
0.000278552
0.000278539
0.000261494
0.000222487
0.000156693
6.4532e-05
0.000106115
0.000229788
0.000290488
0.000314198
0.000321636
0.000321636
0.000314195
0.000290486
0.00022975
0.000106147
0.000138875
0.000271359
0.000316179
0.000327315
0.000329591
0.000329592
0.000327318
0.000316182
0.000271337
0.000138892
0.000156422
0.000288234
0.000323434
0.000329751
0.00033061
0.000330607
0.000329751
0.000323434
0.000288242
0.00015643
0.000156424
0.000288237
0.000323439
0.000329755
0.000330609
0.000330608
0.000329757
0.000323433
0.000288252
0.000156422
0.000138874
0.000271372
0.000316203
0.000327324
0.000329592
0.000329597
0.000327335
0.000316179
0.000271358
0.000138864
0.000106115
0.000229786
0.000290518
0.000314211
0.000321646
0.000321646
0.000314219
0.000290508
0.000229786
0.000106119
6.4495e-05
0.000156683
0.000222517
0.000261516
0.000278555
0.000278546
0.000261505
0.0002225
0.00015668
6.44923e-05
2.44249e-05
6.1006e-05
9.79178e-05
0.000126239
0.000141366
0.000141355
0.000126219
9.79068e-05
6.10146e-05
2.44271e-05
2.45269e-05
6.10518e-05
9.78996e-05
0.000126234
0.000141365
0.000141361
0.000126219
9.78879e-05
6.10546e-05
2.45273e-05
6.45612e-05
0.000156674
0.000222472
0.000261496
0.000278552
0.000278567
0.000261515
0.000222482
0.000156678
6.45481e-05
0.000106161
0.000229753
0.000290496
0.000314207
0.000321648
0.000321646
0.000314204
0.000290488
0.000229756
0.000106158
0.000138895
0.000271344
0.000316187
0.000327327
0.000329596
0.000329598
0.000327327
0.000316187
0.000271344
0.000138897
0.000156427
0.000288234
0.000323428
0.000329747
0.000330611
0.000330608
0.000329755
0.000323436
0.000288235
0.000156431
0.000156418
0.000288232
0.000323431
0.000329743
0.000330609
0.000330608
0.000329753
0.000323433
0.000288237
0.000156426
0.000138878
0.000271344
0.000316192
0.000327317
0.00032959
0.000329591
0.000327321
0.000316178
0.000271346
0.000138889
0.000106146
0.000229757
0.000290492
0.0003142
0.000321638
0.000321637
0.000314205
0.000290499
0.00022976
0.00010615
6.4545e-05
0.000156678
0.000222474
0.000261504
0.000278545
0.000278543
0.0002615
0.000222492
0.00015669
6.45569e-05
2.45288e-05
6.10493e-05
9.78791e-05
0.000126219
0.000141358
0.000141349
0.000126211
9.79049e-05
6.10719e-05
2.45318e-05
2.45565e-05
6.1083e-05
9.79048e-05
0.000126223
0.000141367
0.000141361
0.000126227
9.79039e-05
6.10536e-05
2.45132e-05
6.45717e-05
0.000156673
0.000222479
0.00026149
0.000278547
0.000278555
0.00026151
0.00022249
0.000156689
6.45758e-05
0.000106174
0.000229757
0.000290498
0.000314203
0.000321647
0.000321647
0.000314197
0.00029049
0.000229758
0.000106171
0.000138905
0.000271357
0.000316194
0.000327326
0.000329598
0.000329599
0.000327329
0.000316198
0.000271353
0.000138899
0.000156432
0.000288241
0.000323435
0.000329746
0.000330609
0.000330612
0.000329753
0.000323437
0.00028824
0.000156429
0.000156421
0.000288235
0.00032343
0.000329743
0.000330606
0.000330609
0.00032975
0.000323436
0.00028824
0.000156423
0.000138877
0.000271343
0.000316186
0.000327324
0.000329591
0.00032959
0.000327322
0.000316184
0.000271342
0.000138879
0.000106145
0.000229754
0.000290489
0.000314195
0.000321632
0.000321637
0.000314206
0.000290496
0.000229764
0.000106146
6.45405e-05
0.000156664
0.000222462
0.000261488
0.000278537
0.000278534
0.000261492
0.000222475
0.000156679
6.45396e-05
2.45116e-05
6.10506e-05
9.78936e-05
0.000126218
0.000141355
0.000141348
0.000126205
9.78807e-05
6.10489e-05
2.45365e-05
2.44262e-05
6.10041e-05
9.78695e-05
0.000126214
0.000141357
0.000141357
0.000126229
9.79095e-05
6.10298e-05
2.44234e-05
6.45054e-05
0.000156703
0.000222508
0.000261523
0.000278543
0.000278551
0.000261538
0.000222544
0.000156742
6.45394e-05
0.000106115
0.000229768
0.000290498
0.000314208
0.000321645
0.000321652
0.000314224
0.00029052
0.000229788
0.000106142
0.000138865
0.000271344
0.00031619
0.000327322
0.000329594
0.000329596
0.000327324
0.000316205
0.000271368
0.000138875
0.000156415
0.000288228
0.000323429
0.000329744
0.000330606
0.000330604
0.000329743
0.000323442
0.000288244
0.000156418
0.000156414
0.000288229
0.000323428
0.000329744
0.000330602
0.000330604
0.000329744
0.000323434
0.000288234
0.000156421
0.000138863
0.000271362
0.000316194
0.000327323
0.000329595
0.000329598
0.000327329
0.000316196
0.000271352
0.000138874
0.000106119
0.000229796
0.000290486
0.000314194
0.000321643
0.000321649
0.0003142
0.000290488
0.000229794
0.000106138
6.45178e-05
0.000156742
0.000222494
0.000261502
0.000278537
0.000278544
0.000261514
0.000222505
0.00015674
6.45143e-05
2.44905e-05
6.10842e-05
9.79138e-05
0.000126232
0.000141354
0.000141354
0.000126224
9.79034e-05
6.106e-05
2.44529e-05
2.45255e-05
6.10587e-05
9.79169e-05
0.000126245
0.000141369
0.000141356
0.000126218
9.79046e-05
6.10667e-05
2.45414e-05
6.45525e-05
0.000156672
0.000222489
0.000261506
0.00027855
0.000278559
0.000261519
0.000222516
0.0001567
6.45854e-05
0.000106145
0.000229743
0.000290485
0.000314203
0.000321655
0.000321658
0.000314211
0.000290498
0.00022975
0.000106167
0.000138886
0.000271346
0.000316183
0.000327324
0.000329601
0.000329601
0.000327331
0.000316192
0.00027135
0.000138897
0.000156423
0.00028823
0.000323429
0.000329743
0.000330607
0.000330605
0.000329743
0.000323432
0.000288237
0.000156426
0.000156419
0.00028823
0.000323431
0.00032974
0.000330603
0.000330604
0.000329743
0.000323431
0.000288236
0.00015642
0.000138876
0.00027134
0.000316179
0.000327317
0.000329589
0.000329593
0.000327316
0.000316182
0.000271342
0.00013888
0.000106135
0.00022975
0.00029049
0.0003142
0.000321639
0.000321643
0.000314198
0.000290484
0.000229747
0.000106137
6.45415e-05
0.000156657
0.000222465
0.00026149
0.000278539
0.000278541
0.000261493
0.000222479
0.00015668
6.45408e-05
2.45214e-05
6.10519e-05
9.7903e-05
0.00012623
0.000141368
0.000141359
0.000126211
9.78843e-05
6.10488e-05
2.45271e-05
2.45333e-05
6.10442e-05
9.79144e-05
0.000126241
0.000141369
0.000141356
0.000126213
9.78921e-05
6.10352e-05
2.45056e-05
6.45694e-05
0.000156686
0.000222492
0.000261508
0.00027855
0.000278549
0.000261514
0.000222508
0.000156698
6.45656e-05
0.000106159
0.000229762
0.000290484
0.000314201
0.00032165
0.000321654
0.000314215
0.000290499
0.000229767
0.000106169
0.000138893
0.000271361
0.000316193
0.000327331
0.000329597
0.000329598
0.00032733
0.000316191
0.000271356
0.000138901
0.000156422
0.000288233
0.000323433
0.000329749
0.000330608
0.000330609
0.000329749
0.000323433
0.000288239
0.000156432
0.00015642
0.000288234
0.000323437
0.000329747
0.000330607
0.000330606
0.000329748
0.00032343
0.000288237
0.000156425
0.000138884
0.000271345
0.000316194
0.000327322
0.000329593
0.000329594
0.000327321
0.000316186
0.000271345
0.000138887
0.000106147
0.000229752
0.00029049
0.000314201
0.000321641
0.00032164
0.000314197
0.00029049
0.000229754
0.000106153
6.45482e-05
0.000156666
0.00022246
0.000261494
0.00027854
0.000278545
0.000261503
0.000222488
0.000156685
6.45504e-05
2.45468e-05
6.10555e-05
9.78917e-05
0.00012623
0.000141369
0.000141359
0.000126208
9.78903e-05
6.10684e-05
2.45428e-05
2.44608e-05
6.10643e-05
9.78886e-05
0.000126212
0.000141345
0.000141345
0.00012621
9.78824e-05
6.10479e-05
2.44629e-05
6.45158e-05
0.000156766
0.000222521
0.000261526
0.000278539
0.000278533
0.000261492
0.000222479
0.000156716
6.4515e-05
0.00010612
0.000229813
0.000290498
0.000314209
0.000321639
0.000321639
0.000314196
0.000290488
0.000229791
0.00010614
0.000138867
0.000271369
0.000316184
0.000327323
0.00032959
0.000329587
0.00032732
0.000316185
0.000271354
0.000138887
0.000156415
0.000288243
0.000323431
0.000329748
0.000330604
0.000330602
0.000329741
0.000323427
0.000288233
0.00015644
0.000156414
0.000288233
0.000323434
0.00032975
0.000330603
0.000330603
0.000329742
0.000323427
0.000288228
0.000156439
0.000138866
0.000271344
0.000316188
0.000327321
0.000329593
0.000329594
0.000327318
0.000316183
0.00027134
0.000138896
0.000106137
0.000229779
0.000290489
0.000314197
0.000321649
0.000321646
0.0003142
0.000290503
0.000229791
0.000106165
6.45227e-05
0.000156726
0.000222507
0.000261515
0.000278548
0.000278538
0.000261501
0.000222502
0.00015672
6.45307e-05
2.44321e-05
6.10469e-05
9.79143e-05
0.000126232
0.000141356
0.000141346
0.000126209
9.78835e-05
6.10296e-05
2.44425e-05
2.45217e-05
6.10621e-05
9.79017e-05
0.00012622
0.00014136
0.000141359
0.000126224
9.79081e-05
6.10726e-05
2.45309e-05
6.45564e-05
0.000156675
0.000222479
0.000261495
0.000278548
0.000278563
0.000261516
0.000222497
0.000156683
6.456e-05
0.000106152
0.000229739
0.00029049
0.000314206
0.000321648
0.000321651
0.000314202
0.000290484
0.000229737
0.000106154
0.000138895
0.000271348
0.000316189
0.000327326
0.000329603
0.0003296
0.000327324
0.000316185
0.000271339
0.000138889
0.000156424
0.000288233
0.000323432
0.000329749
0.000330608
0.000330604
0.000329746
0.000323429
0.000288231
0.000156427
0.000156421
0.000288236
0.000323433
0.000329745
0.000330605
0.000330606
0.000329748
0.00032343
0.000288233
0.000156418
0.000138885
0.000271344
0.000316183
0.000327316
0.000329593
0.000329597
0.00032733
0.000316189
0.000271349
0.000138873
0.000106149
0.000229753
0.000290501
0.000314204
0.000321645
0.000321643
0.000314203
0.000290486
0.00022975
0.000106142
6.45482e-05
0.000156675
0.000222472
0.000261491
0.000278541
0.000278544
0.000261504
0.000222486
0.000156684
6.45546e-05
2.45086e-05
6.10643e-05
9.78983e-05
0.000126229
0.000141369
0.000141355
0.000126204
9.78922e-05
6.10635e-05
2.45342e-05
2.45278e-05
6.10538e-05
9.78966e-05
0.000126226
0.000141361
0.000141355
0.000126217
9.78855e-05
6.10379e-05
2.44993e-05
6.45458e-05
0.000156673
0.00022248
0.000261497
0.000278547
0.000278548
0.00026151
0.000222493
0.000156684
6.45469e-05
0.000106158
0.000229751
0.000290494
0.000314206
0.000321649
0.00032165
0.000314211
0.000290499
0.000229761
0.000106158
0.000138889
0.000271344
0.000316189
0.000327328
0.000329598
0.000329599
0.000327329
0.000316188
0.000271346
0.000138892
0.000156421
0.000288233
0.000323434
0.000329746
0.000330605
0.000330607
0.000329751
0.000323433
0.000288234
0.000156426
0.000156419
0.000288235
0.000323436
0.000329744
0.000330604
0.000330608
0.000329751
0.000323433
0.000288232
0.000156424
0.000138884
0.000271346
0.000316189
0.000327318
0.000329591
0.000329595
0.000327325
0.000316185
0.00027134
0.000138884
0.000106147
0.00022976
0.000290494
0.000314195
0.000321642
0.000321645
0.000314203
0.000290495
0.000229757
0.000106147
6.45283e-05
0.000156669
0.00022246
0.000261485
0.000278534
0.000278535
0.000261489
0.000222482
0.00015668
6.45378e-05
2.45226e-05
6.10638e-05
9.78889e-05
0.000126226
0.000141367
0.000141357
0.000126206
9.78861e-05
6.10356e-05
2.45082e-05
2.44783e-05
6.10389e-05
9.78718e-05
0.000126201
0.000141345
0.000141345
0.000126202
9.787e-05
6.10281e-05
2.44704e-05
6.45121e-05
0.000156724
0.000222495
0.000261497
0.000278529
0.000278535
0.000261494
0.000222478
0.0001567
6.45138e-05
0.000106115
0.000229794
0.000290492
0.000314198
0.000321637
0.000321639
0.000314201
0.000290489
0.000229792
0.000106132
0.000138858
0.000271361
0.000316184
0.000327316
0.000329589
0.000329592
0.000327324
0.000316186
0.000271355
0.000138874
0.000156414
0.000288241
0.000323427
0.00032974
0.000330606
0.000330603
0.00032974
0.000323429
0.000288233
0.000156429
0.000156413
0.000288231
0.000323429
0.000329744
0.000330602
0.000330602
0.000329739
0.00032343
0.000288229
0.000156437
0.000138864
0.000271342
0.000316186
0.000327323
0.000329591
0.000329592
0.00032732
0.000316192
0.000271339
0.000138901
0.000106118
0.000229757
0.000290482
0.000314196
0.000321641
0.000321651
0.000314215
0.000290514
0.000229793
0.000106174
6.45075e-05
0.000156688
0.00022248
0.000261496
0.000278534
0.00027854
0.000261507
0.000222501
0.000156702
6.45307e-05
2.44617e-05
6.10296e-05
9.78815e-05
0.000126214
0.00014135
0.000141343
0.0001262
9.78741e-05
6.10189e-05
2.44576e-05
2.45235e-05
6.10477e-05
9.79089e-05
0.000126236
0.000141367
0.000141361
0.000126218
9.78955e-05
6.10627e-05
2.45307e-05
6.45512e-05
0.000156672
0.000222488
0.000261504
0.000278551
0.000278555
0.000261518
0.000222497
0.000156684
6.45594e-05
0.000106156
0.000229748
0.000290485
0.000314202
0.000321651
0.000321651
0.000314205
0.000290487
0.000229756
0.000106164
0.000138897
0.000271343
0.000316189
0.000327326
0.000329597
0.000329597
0.000327324
0.000316186
0.000271346
0.000138898
0.000156428
0.000288231
0.000323432
0.000329745
0.000330603
0.000330604
0.000329747
0.000323436
0.000288236
0.000156433
0.00015642
0.000288232
0.000323427
0.00032974
0.000330602
0.000330601
0.000329746
0.000323429
0.000288231
0.000156423
0.000138877
0.000271353
0.000316185
0.000327325
0.000329599
0.00032959
0.000327316
0.000316178
0.000271344
0.000138873
0.000106134
0.000229762
0.000290483
0.000314201
0.000321644
0.000321642
0.000314205
0.00029049
0.000229759
0.000106133
6.45387e-05
0.000156672
0.000222463
0.000261499
0.000278535
0.00027854
0.000261497
0.000222474
0.00015667
6.45293e-05
2.4538e-05
6.10572e-05
9.78871e-05
0.000126232
0.000141361
0.000141353
0.000126207
9.78881e-05
6.10505e-05
2.45168e-05
2.44983e-05
6.10521e-05
9.79025e-05
0.000126219
0.000141363
0.000141357
0.000126214
9.78915e-05
6.10432e-05
2.4519e-05
6.45345e-05
0.000156665
0.000222465
0.000261487
0.00027855
0.000278551
0.000261504
0.000222498
0.000156684
6.45554e-05
0.000106139
0.000229746
0.000290483
0.000314202
0.000321649
0.000321646
0.000314194
0.000290489
0.000229749
0.000106157
0.00013888
0.000271356
0.000316192
0.000327331
0.000329597
0.000329595
0.000327327
0.00031619
0.000271347
0.000138894
0.000156416
0.000288235
0.000323428
0.000329745
0.000330604
0.000330604
0.000329744
0.000323429
0.000288231
0.000156429
0.000156416
0.00028823
0.000323431
0.000329742
0.000330602
0.000330602
0.000329745
0.000323434
0.000288234
0.000156426
0.000138876
0.000271349
0.000316193
0.000327325
0.000329596
0.000329591
0.000327318
0.000316185
0.000271344
0.000138892
0.000106143
0.000229756
0.000290481
0.000314198
0.000321643
0.000321651
0.000314207
0.000290499
0.000229756
0.00010615
6.4531e-05
0.00015667
0.000222465
0.000261494
0.000278536
0.000278537
0.000261492
0.000222484
0.000156693
6.45487e-05
2.45183e-05
6.1054e-05
9.78919e-05
0.000126227
0.00014137
0.000141361
0.000126215
9.78953e-05
6.10553e-05
2.45129e-05
2.45249e-05
6.10537e-05
9.79175e-05
0.000126242
0.000141369
0.000141359
0.000126221
9.78866e-05
6.10582e-05
2.45082e-05
6.45601e-05
0.000156671
0.000222476
0.000261502
0.000278548
0.000278551
0.000261516
0.000222485
0.000156695
6.45382e-05
0.000106165
0.000229745
0.000290481
0.000314205
0.000321648
0.000321651
0.000314214
0.000290503
0.000229789
0.000106156
0.000138891
0.000271338
0.000316186
0.000327325
0.000329595
0.000329591
0.000327318
0.00031618
0.000271349
0.000138882
0.000156431
0.00028824
0.000323437
0.000329749
0.000330605
0.000330604
0.000329748
0.000323436
0.000288238
0.000156434
0.000156422
0.000288239
0.000323435
0.00032975
0.000330602
0.000330601
0.000329744
0.000323431
0.00028823
0.000156435
0.000138876
0.000271349
0.000316181
0.000327324
0.000329591
0.000329591
0.000327316
0.000316177
0.000271333
0.000138884
0.00010615
0.000229764
0.000290494
0.000314206
0.000321641
0.000321648
0.000314215
0.000290512
0.00022979
0.000106155
6.45255e-05
0.000156665
0.000222482
0.000261502
0.000278539
0.000278543
0.000261497
0.000222471
0.000156664
6.4507e-05
2.44909e-05
6.10534e-05
9.78999e-05
0.000126225
0.000141353
0.000141352
0.000126225
9.79121e-05
6.10546e-05
2.4482e-05
2.45112e-05
6.10603e-05
9.79116e-05
0.000126235
0.000141368
0.000141357
0.00012621
9.78726e-05
6.10275e-05
2.4521e-05
6.45385e-05
0.000156664
0.000222478
0.000261499
0.000278554
0.000278553
0.000261504
0.000222479
0.000156665
6.45457e-05
0.000106145
0.000229741
0.000290487
0.000314213
0.000321661
0.00032165
0.000314199
0.000290482
0.000229739
0.000106141
0.00013889
0.000271349
0.000316192
0.000327328
0.000329599
0.000329601
0.000327326
0.000316188
0.000271345
0.000138885
0.000156424
0.000288232
0.000323431
0.000329748
0.000330607
0.000330606
0.000329744
0.000323431
0.000288233
0.000156422
0.000156418
0.000288235
0.000323432
0.000329744
0.000330606
0.000330603
0.000329745
0.000323433
0.000288229
0.000156415
0.00013888
0.000271351
0.000316186
0.000327323
0.000329596
0.000329594
0.000327317
0.00031618
0.000271342
0.000138868
0.000106135
0.000229762
0.000290492
0.000314197
0.000321639
0.00032164
0.000314199
0.000290487
0.000229764
0.000106123
6.45374e-05
0.000156676
0.000222463
0.000261493
0.000278543
0.000278538
0.000261494
0.000222467
0.000156688
6.45164e-05
2.45061e-05
6.10468e-05
9.78872e-05
0.000126223
0.000141362
0.00014135
0.000126209
9.78889e-05
6.10538e-05
2.44763e-05
2.45199e-05
6.10579e-05
9.79301e-05
0.000126251
0.00014138
0.000141358
0.000126217
9.78943e-05
6.10569e-05
2.45155e-05
6.45495e-05
0.000156669
0.000222494
0.000261505
0.000278553
0.000278555
0.000261508
0.000222487
0.000156681
6.45472e-05
0.000106158
0.000229747
0.000290485
0.000314208
0.000321656
0.000321651
0.000314201
0.000290484
0.000229741
0.00010615
0.000138889
0.00027135
0.000316198
0.000327335
0.000329604
0.000329599
0.000327326
0.00031619
0.000271343
0.000138891
0.000156422
0.000288234
0.000323435
0.000329746
0.000330602
0.000330604
0.000329742
0.000323432
0.000288238
0.000156423
0.000156418
0.000288231
0.000323433
0.000329745
0.000330603
0.000330602
0.000329743
0.000323434
0.000288234
0.000156415
0.000138876
0.000271344
0.00031619
0.000327325
0.000329595
0.000329593
0.00032732
0.000316183
0.000271336
0.000138877
0.000106145
0.00022975
0.000290485
0.000314193
0.000321639
0.000321646
0.000314204
0.000290495
0.00022975
0.000106144
6.4547e-05
0.000156661
0.000222463
0.000261486
0.000278536
0.00027854
0.000261487
0.000222471
0.000156672
6.45389e-05
2.45454e-05
6.10554e-05
9.78952e-05
0.000126229
0.000141367
0.000141356
0.000126201
9.78819e-05
6.10467e-05
2.45084e-05
2.45062e-05
6.10512e-05
9.79035e-05
0.000126225
0.000141365
0.000141354
0.0001262
9.78692e-05
6.10288e-05
2.44827e-05
6.45461e-05
0.000156668
0.000222476
0.000261496
0.000278549
0.000278555
0.000261507
0.000222491
0.000156683
6.45309e-05
0.000106146
0.000229744
0.000290483
0.000314203
0.000321649
0.000321649
0.000314203
0.000290488
0.000229751
0.000106149
0.000138888
0.00027135
0.000316193
0.000327332
0.0003296
0.000329599
0.000327326
0.000316191
0.000271347
0.000138891
0.000156422
0.000288231
0.000323432
0.000329745
0.000330606
0.000330604
0.000329741
0.000323432
0.000288235
0.000156425
0.000156416
0.000288231
0.000323435
0.000329745
0.000330606
0.000330603
0.00032974
0.000323433
0.000288234
0.000156421
0.000138877
0.000271342
0.000316187
0.00032732
0.000329595
0.000329593
0.000327317
0.000316186
0.000271342
0.000138877
0.00010614
0.000229757
0.000290483
0.00031419
0.000321638
0.000321641
0.000314196
0.000290495
0.000229764
0.000106142
6.45367e-05
0.000156674
0.000222462
0.000261494
0.000278539
0.000278537
0.000261489
0.000222475
0.000156687
6.45463e-05
2.45139e-05
6.10313e-05
9.78662e-05
0.000126218
0.000141358
0.000141347
0.000126208
9.78822e-05
6.10589e-05
2.45418e-05
2.45153e-05
6.10489e-05
9.79183e-05
0.000126227
0.000141363
0.000141357
0.000126216
9.79012e-05
6.10595e-05
2.45362e-05
6.45539e-05
0.000156666
0.000222483
0.000261495
0.000278549
0.000278559
0.000261516
0.000222503
0.000156681
6.45556e-05
0.000106151
0.000229743
0.000290483
0.000314203
0.00032165
0.000321649
0.000314203
0.000290487
0.000229747
0.00010616
0.000138885
0.00027135
0.000316196
0.000327332
0.000329596
0.000329594
0.000327326
0.000316188
0.000271347
0.000138893
0.000156416
0.00028823
0.000323434
0.000329744
0.000330603
0.000330602
0.000329744
0.000323434
0.000288232
0.000156426
0.000156413
0.000288229
0.000323432
0.000329745
0.000330605
0.000330604
0.000329743
0.000323435
0.000288234
0.000156424
0.000138875
0.000271346
0.000316188
0.000327324
0.000329596
0.000329592
0.000327316
0.000316186
0.00027134
0.000138882
0.000106134
0.000229755
0.000290485
0.0003142
0.00032164
0.000321641
0.000314203
0.000290493
0.000229757
0.000106147
6.45155e-05
0.000156673
0.000222467
0.0002615
0.000278533
0.000278538
0.000261498
0.000222468
0.000156678
6.45369e-05
2.45094e-05
6.10564e-05
9.78784e-05
0.000126225
0.000141361
0.00014135
0.000126202
9.78819e-05
6.10595e-05
2.45085e-05
2.44934e-05
6.10957e-05
9.79484e-05
0.000126269
0.000141366
0.000141369
0.000126267
9.79693e-05
6.1127e-05
2.45117e-05
6.45297e-05
0.000156729
0.000222504
0.0002615
0.000278544
0.000278551
0.000261501
0.000222495
0.000156711
6.45173e-05
0.000106147
0.000229784
0.000290538
0.000314209
0.00032164
0.000321643
0.000314211
0.000290539
0.000229783
0.000106132
0.000138887
0.000271336
0.000316201
0.00032732
0.000329589
0.000329589
0.000327318
0.000316201
0.000271338
0.000138879
0.000156429
0.000288241
0.000323443
0.000329744
0.000330604
0.000330603
0.000329743
0.000323445
0.000288243
0.000156431
0.000156418
0.000288242
0.000323433
0.000329742
0.000330605
0.000330605
0.000329742
0.000323436
0.00028824
0.000156423
0.000138867
0.000271344
0.000316186
0.000327317
0.000329591
0.000329593
0.000327321
0.000316199
0.000271337
0.000138864
0.000106117
0.000229764
0.000290525
0.000314214
0.000321639
0.000321639
0.000314209
0.000290523
0.00022977
0.000106129
6.45177e-05
0.000156705
0.000222497
0.000261511
0.000278539
0.000278545
0.000261519
0.000222489
0.000156694
6.45315e-05
2.44725e-05
6.10833e-05
9.79412e-05
0.000126252
0.000141353
0.000141361
0.000126261
9.79517e-05
6.11116e-05
2.45219e-05
2.45215e-05
6.10559e-05
9.79047e-05
0.00012623
0.000141366
0.000141358
0.000126211
9.78963e-05
6.10641e-05
2.45202e-05
6.45428e-05
0.000156655
0.000222468
0.000261498
0.000278545
0.000278558
0.000261516
0.000222494
0.000156684
6.45501e-05
0.000106149
0.00022974
0.00029049
0.000314207
0.000321641
0.000321647
0.000314205
0.000290489
0.000229746
0.000106154
0.000138892
0.000271348
0.000316188
0.000327328
0.000329594
0.000329597
0.000327328
0.000316189
0.000271344
0.000138896
0.000156424
0.000288237
0.000323427
0.000329743
0.000330602
0.000330605
0.000329747
0.000323431
0.000288233
0.000156426
0.000156418
0.000288231
0.000323428
0.000329743
0.000330602
0.000330606
0.000329746
0.000323428
0.000288231
0.000156418
0.000138874
0.000271344
0.000316179
0.000327316
0.000329591
0.000329591
0.000327318
0.000316176
0.000271336
0.000138874
0.000106131
0.00022976
0.000290492
0.000314197
0.000321639
0.000321638
0.000314198
0.000290485
0.000229754
0.000106124
6.45202e-05
0.000156666
0.000222469
0.000261492
0.00027854
0.000278544
0.000261497
0.000222463
0.000156677
6.45209e-05
2.44982e-05
6.10381e-05
9.78763e-05
0.00012621
0.000141353
0.000141348
0.000126204
9.78722e-05
6.10389e-05
2.44978e-05
2.45326e-05
6.1054e-05
9.79035e-05
0.000126238
0.000141372
0.000141357
0.000126206
9.78771e-05
6.10397e-05
2.44953e-05
6.45388e-05
0.000156667
0.000222473
0.000261489
0.000278543
0.000278552
0.000261506
0.000222483
0.000156675
6.45358e-05
0.000106144
0.000229743
0.000290483
0.000314206
0.000321651
0.000321652
0.000314205
0.000290488
0.000229751
0.00010615
0.000138891
0.000271349
0.000316188
0.000327332
0.000329598
0.0003296
0.000327329
0.000316185
0.000271345
0.000138892
0.000156419
0.000288227
0.000323427
0.000329745
0.000330604
0.000330605
0.000329741
0.000323429
0.000288235
0.000156426
0.000156413
0.000288227
0.000323426
0.000329739
0.000330601
0.000330604
0.000329743
0.000323429
0.000288232
0.000156421
0.000138872
0.000271345
0.000316185
0.00032732
0.000329593
0.00032959
0.000327318
0.000316181
0.000271338
0.000138872
0.000106136
0.000229763
0.000290487
0.000314193
0.000321637
0.000321634
0.000314199
0.000290487
0.000229756
0.000106134
6.45218e-05
0.000156678
0.000222477
0.000261495
0.000278539
0.000278534
0.000261493
0.000222465
0.000156672
6.45245e-05
2.45083e-05
6.10474e-05
9.78754e-05
0.000126212
0.000141356
0.00014135
0.000126213
9.7878e-05
6.10368e-05
2.4493e-05
2.45054e-05
6.10416e-05
9.78978e-05
0.000126233
0.000141368
0.000141358
0.000126209
9.78844e-05
6.10412e-05
2.4517e-05
6.45344e-05
0.00015667
0.000222474
0.000261494
0.000278551
0.000278557
0.000261504
0.00022249
0.000156675
6.45452e-05
0.000106138
0.000229747
0.000290484
0.000314201
0.000321647
0.000321651
0.000314202
0.000290487
0.000229744
0.000106151
0.00013888
0.000271345
0.000316189
0.000327325
0.000329593
0.000329597
0.000327326
0.000316189
0.000271345
0.000138891
0.000156418
0.00028823
0.000323427
0.00032974
0.000330604
0.000330606
0.000329744
0.000323428
0.000288232
0.000156424
0.000156415
0.000288226
0.000323426
0.00032974
0.000330603
0.000330605
0.000329748
0.000323431
0.000288234
0.000156421
0.000138876
0.000271343
0.000316181
0.000327314
0.000329592
0.000329591
0.000327322
0.00031618
0.000271338
0.000138881
0.000106136
0.000229765
0.00029049
0.000314196
0.000321641
0.000321639
0.000314199
0.000290486
0.000229749
0.000106135
6.45201e-05
0.000156687
0.000222483
0.000261509
0.000278545
0.000278546
0.000261502
0.000222471
0.000156669
6.45363e-05
2.44874e-05
6.10447e-05
9.78778e-05
0.000126221
0.000141358
0.000141356
0.000126206
9.78784e-05
6.1049e-05
2.45225e-05
2.45274e-05
6.10555e-05
9.79146e-05
0.000126234
0.000141371
0.000141358
0.000126206
9.78687e-05
6.10335e-05
2.45031e-05
6.45424e-05
0.000156666
0.000222476
0.000261491
0.000278545
0.00027855
0.000261496
0.000222475
0.000156672
6.45284e-05
0.000106145
0.000229739
0.000290478
0.000314198
0.000321646
0.000321649
0.000314198
0.000290483
0.000229747
0.00010615
0.000138892
0.000271347
0.000316188
0.000327328
0.000329594
0.000329595
0.000327324
0.000316189
0.000271345
0.000138895
0.000156422
0.000288237
0.000323429
0.000329742
0.000330605
0.000330608
0.000329744
0.00032343
0.000288236
0.000156425
0.000156415
0.00028823
0.000323429
0.000329741
0.000330603
0.000330604
0.000329746
0.000323432
0.000288238
0.000156421
0.00013888
0.00027134
0.000316184
0.000327314
0.000329592
0.000329595
0.00032732
0.000316182
0.000271341
0.000138884
0.00010614
0.000229756
0.000290492
0.000314199
0.000321641
0.000321641
0.000314196
0.000290493
0.000229756
0.00010614
6.45453e-05
0.000156675
0.000222464
0.000261498
0.000278534
0.00027854
0.0002615
0.000222478
0.000156676
6.45311e-05
2.45114e-05
6.10468e-05
9.78856e-05
0.000126228
0.000141364
0.000141351
0.000126204
9.78767e-05
6.10369e-05
2.44983e-05
2.4532e-05
6.1059e-05
9.7904e-05
0.000126227
0.000141364
0.00014135
0.000126207
9.78704e-05
6.10354e-05
2.45199e-05
6.45325e-05
0.000156651
0.000222466
0.000261487
0.000278549
0.000278561
0.000261515
0.000222492
0.000156682
6.45521e-05
0.000106145
0.000229739
0.000290481
0.000314198
0.000321648
0.00032165
0.000314204
0.000290488
0.000229748
0.000106158
0.000138883
0.000271345
0.000316185
0.000327325
0.000329594
0.000329601
0.000327331
0.00031619
0.000271342
0.00013889
0.000156418
0.000288233
0.000323425
0.000329741
0.000330604
0.000330607
0.000329749
0.000323431
0.000288231
0.000156427
0.000156415
0.000288232
0.000323429
0.00032974
0.000330602
0.000330606
0.000329747
0.000323434
0.000288232
0.000156421
0.000138878
0.000271342
0.000316188
0.000327315
0.000329587
0.000329591
0.00032732
0.000316189
0.000271344
0.000138883
0.000106149
0.000229748
0.000290487
0.000314193
0.000321635
0.000321641
0.000314196
0.000290493
0.000229751
0.00010615
6.45351e-05
0.000156656
0.000222461
0.000261489
0.000278533
0.000278539
0.000261492
0.000222476
0.000156669
6.45484e-05
2.45034e-05
6.1049e-05
9.78965e-05
0.000126231
0.000141368
0.000141356
0.000126205
9.78727e-05
6.10371e-05
2.4526e-05
2.44772e-05
6.10811e-05
9.79201e-05
0.00012625
0.000141359
0.000141358
0.000126252
9.79428e-05
6.11018e-05
2.44863e-05
6.45324e-05
0.000156728
0.000222494
0.000261511
0.000278543
0.000278536
0.000261493
0.000222481
0.000156711
6.4517e-05
0.000106132
0.00022976
0.000290504
0.000314206
0.000321641
0.000321645
0.000314214
0.000290511
0.000229763
0.000106113
0.000138877
0.000271339
0.000316181
0.000327318
0.000329586
0.000329591
0.000327322
0.000316182
0.000271341
0.000138867
0.000156416
0.000288235
0.000323428
0.000329742
0.000330603
0.000330604
0.000329745
0.000323429
0.000288236
0.000156416
0.00015642
0.00028824
0.000323427
0.00032974
0.000330603
0.0003306
0.000329741
0.000323426
0.000288245
0.000156416
0.000138865
0.000271364
0.000316188
0.000327322
0.00032959
0.000329588
0.00032732
0.000316178
0.000271369
0.000138865
0.000106118
0.000229803
0.000290503
0.000314214
0.000321636
0.00032164
0.000314214
0.000290482
0.000229801
0.000106136
6.45292e-05
0.000156721
0.000222471
0.000261515
0.000278537
0.000278545
0.00026153
0.000222484
0.00015673
6.4542e-05
2.45121e-05
6.11309e-05
9.79614e-05
0.000126264
0.000141357
0.000141362
0.000126276
9.79866e-05
6.11802e-05
2.45641e-05
2.45232e-05
6.10633e-05
9.7905e-05
0.000126237
0.000141368
0.000141355
0.000126212
9.78909e-05
6.10479e-05
2.45076e-05
6.45516e-05
0.000156677
0.000222476
0.00026149
0.000278541
0.000278547
0.000261507
0.000222488
0.000156671
6.4546e-05
0.000106154
0.000229744
0.000290488
0.000314201
0.000321647
0.000321651
0.00031421
0.000290494
0.000229745
0.000106151
0.000138893
0.000271345
0.000316192
0.000327325
0.000329594
0.000329598
0.000327331
0.00031619
0.000271346
0.000138892
0.000156425
0.000288232
0.00032343
0.000329743
0.000330606
0.000330608
0.000329748
0.00032343
0.000288231
0.000156421
0.000156417
0.000288228
0.00032343
0.000329742
0.000330603
0.000330603
0.000329743
0.000323426
0.000288228
0.000156415
0.000138881
0.000271342
0.000316182
0.00032732
0.000329592
0.000329592
0.00032732
0.000316173
0.000271334
0.000138875
0.000106137
0.000229749
0.000290479
0.000314196
0.000321643
0.00032165
0.000314215
0.000290494
0.000229756
0.000106132
6.45358e-05
0.000156669
0.000222461
0.00026149
0.000278534
0.000278543
0.0002615
0.00022247
0.000156674
6.45348e-05
2.45222e-05
6.10563e-05
9.78983e-05
0.000126239
0.000141375
0.000141357
0.000126209
9.78868e-05
6.10475e-05
2.45092e-05
2.45237e-05
6.10518e-05
9.78957e-05
0.000126221
0.000141353
0.000141352
0.000126213
9.78843e-05
6.1037e-05
2.44901e-05
6.45457e-05
0.000156673
0.000222471
0.000261493
0.000278542
0.000278545
0.000261492
0.000222479
0.000156676
6.45285e-05
0.000106149
0.000229748
0.00029049
0.000314203
0.000321644
0.000321646
0.000314201
0.000290484
0.000229745
0.000106145
0.00013889
0.000271338
0.000316179
0.00032732
0.000329599
0.000329603
0.000327333
0.000316187
0.000271341
0.000138889
0.000156428
0.000288234
0.000323429
0.000329745
0.000330606
0.000330606
0.000329748
0.00032343
0.000288233
0.000156423
0.000156419
0.00028823
0.000323431
0.000329741
0.000330605
0.000330603
0.000329743
0.000323429
0.000288237
0.000156421
0.000138874
0.000271343
0.000316185
0.000327318
0.000329593
0.00032959
0.000327317
0.00031618
0.000271339
0.000138884
0.000106132
0.000229756
0.000290482
0.0003142
0.000321645
0.000321644
0.000314204
0.000290493
0.000229754
0.000106143
6.45253e-05
0.000156668
0.000222467
0.000261492
0.000278537
0.000278543
0.000261498
0.000222481
0.000156685
6.45448e-05
2.45066e-05
6.10274e-05
9.78861e-05
0.00012623
0.000141368
0.00014136
0.000126205
9.78822e-05
6.10486e-05
2.4514e-05
2.45276e-05
6.10662e-05
9.79113e-05
0.000126234
0.000141368
0.00014136
0.000126213
9.78836e-05
6.10351e-05
2.45163e-05
6.45442e-05
0.000156666
0.000222468
0.000261485
0.000278544
0.000278552
0.000261504
0.000222478
0.00015667
6.45501e-05
0.000106155
0.000229747
0.000290482
0.000314201
0.000321648
0.000321648
0.000314198
0.000290478
0.000229739
0.000106143
0.000138893
0.000271354
0.000316192
0.000327327
0.000329598
0.000329597
0.000327328
0.000316191
0.000271347
0.000138885
0.000156423
0.000288231
0.000323431
0.000329743
0.000330603
0.000330603
0.000329746
0.000323433
0.000288233
0.000156421
0.000156418
0.000288231
0.00032343
0.000329739
0.000330602
0.000330602
0.000329742
0.000323432
0.000288232
0.000156415
0.000138876
0.000271344
0.000316187
0.000327316
0.000329593
0.00032959
0.000327316
0.00031618
0.000271339
0.00013887
0.000106142
0.000229757
0.000290492
0.000314193
0.000321635
0.00032164
0.000314197
0.000290484
0.000229762
0.000106131
6.45283e-05
0.00015667
0.00022247
0.000261497
0.000278539
0.00027854
0.000261492
0.000222464
0.000156674
6.45169e-05
2.45036e-05
6.10532e-05
9.78877e-05
0.000126222
0.000141357
0.000141354
0.000126214
9.78838e-05
6.10303e-05
2.44687e-05
2.45062e-05
6.10492e-05
9.78906e-05
0.00012622
0.000141357
0.000141352
0.000126209
9.78861e-05
6.10512e-05
2.45044e-05
6.45285e-05
0.000156663
0.000222459
0.000261487
0.000278542
0.00027854
0.000261494
0.000222474
0.000156675
6.45443e-05
0.000106142
0.000229753
0.000290479
0.000314202
0.000321651
0.000321646
0.000314198
0.000290484
0.000229745
0.000106148
0.000138882
0.000271352
0.00031619
0.000327326
0.000329595
0.000329597
0.000327332
0.000316191
0.000271343
0.000138883
0.00015642
0.000288233
0.000323427
0.000329741
0.000330604
0.000330606
0.000329748
0.000323434
0.000288232
0.00015642
0.000156417
0.000288228
0.000323426
0.00032974
0.0003306
0.000330601
0.000329742
0.000323435
0.000288229
0.000156419
0.000138873
0.000271336
0.000316177
0.000327321
0.000329592
0.00032959
0.000327313
0.00031618
0.000271335
0.000138876
0.00010614
0.000229757
0.000290478
0.000314203
0.000321638
0.000321636
0.000314193
0.000290489
0.000229758
0.000106136
6.45351e-05
0.000156683
0.00022248
0.000261511
0.000278544
0.000278538
0.000261492
0.000222477
0.000156679
6.45283e-05
2.45137e-05
6.10566e-05
9.79e-05
0.000126239
0.000141373
0.000141362
0.000126215
9.78833e-05
6.10382e-05
2.44978e-05
2.45414e-05
6.10802e-05
9.79242e-05
0.000126238
0.000141371
0.000141358
0.00012622
9.79033e-05
6.10616e-05
2.45393e-05
6.45472e-05
0.000156661
0.000222471
0.000261493
0.000278558
0.000278569
0.000261536
0.000222513
0.000156697
6.45639e-05
0.000106158
0.000229742
0.000290482
0.000314205
0.000321658
0.000321655
0.000314211
0.00029049
0.000229762
0.000106171
0.000138891
0.000271348
0.000316192
0.000327332
0.000329599
0.000329601
0.000327331
0.00031619
0.000271358
0.000138899
0.000156423
0.000288232
0.000323427
0.000329744
0.000330605
0.00033061
0.000329752
0.000323435
0.000288239
0.000156429
0.000156419
0.00028824
0.000323434
0.000329748
0.000330605
0.000330605
0.000329745
0.000323433
0.000288237
0.000156418
0.00013888
0.000271352
0.000316188
0.000327324
0.000329595
0.000329592
0.000327318
0.000316182
0.000271343
0.000138875
0.000106144
0.000229753
0.000290484
0.000314194
0.00032164
0.00032164
0.0003142
0.000290494
0.000229753
0.000106139
6.45355e-05
0.000156654
0.000222465
0.000261489
0.000278537
0.000278542
0.000261501
0.000222484
0.00015667
6.45334e-05
2.4521e-05
6.10428e-05
9.78973e-05
0.000126228
0.000141363
0.000141349
0.000126196
9.78761e-05
6.10424e-05
2.4506e-05
2.44911e-05
6.11011e-05
9.79362e-05
0.00012625
0.000141354
0.000141358
0.000126258
9.79453e-05
6.10975e-05
2.44806e-05
6.45112e-05
0.000156719
0.000222488
0.0002615
0.000278536
0.000278536
0.000261502
0.00022248
0.000156707
6.45158e-05
0.000106119
0.000229778
0.000290508
0.000314202
0.000321642
0.000321646
0.000314211
0.00029051
0.000229772
0.000106115
0.000138872
0.000271344
0.000316185
0.000327319
0.000329592
0.000329594
0.000327319
0.000316182
0.000271341
0.00013887
0.000156414
0.000288229
0.000323426
0.000329742
0.000330602
0.000330602
0.000329743
0.000323428
0.00028823
0.000156412
0.000156416
0.000288236
0.000323425
0.000329744
0.000330605
0.000330601
0.000329745
0.000323427
0.000288246
0.00015641
0.00013887
0.000271355
0.00031618
0.00032732
0.000329591
0.000329588
0.000327326
0.000316181
0.000271373
0.000138865
0.00010612
0.000229797
0.000290502
0.00031422
0.000321644
0.000321642
0.000314221
0.000290489
0.000229806
0.000106138
6.45181e-05
0.000156725
0.000222468
0.000261512
0.000278536
0.000278544
0.000261529
0.000222471
0.000156723
6.45468e-05
2.45049e-05
6.11182e-05
9.79538e-05
0.000126261
0.000141357
0.000141368
0.000126288
9.79802e-05
6.11582e-05
2.45565e-05
2.44916e-05
6.1039e-05
9.79205e-05
0.000126249
0.000141378
0.000141361
0.000126219
9.78915e-05
6.10447e-05
2.45192e-05
6.45448e-05
0.000156666
0.000222477
0.000261499
0.00027855
0.000278562
0.000261525
0.000222492
0.000156679
6.45568e-05
0.000106145
0.000229747
0.00029048
0.000314203
0.000321652
0.000321647
0.000314202
0.000290485
0.00022975
0.000106153
0.000138891
0.000271345
0.000316183
0.000327325
0.0003296
0.000329601
0.000327328
0.000316191
0.000271353
0.000138895
0.000156422
0.000288232
0.000323429
0.000329746
0.000330603
0.000330603
0.000329746
0.000323431
0.000288229
0.000156419
0.000156414
0.000288231
0.000323427
0.000329746
0.000330602
0.000330603
0.000329746
0.000323429
0.000288229
0.000156415
0.000138876
0.000271353
0.000316186
0.000327327
0.000329595
0.000329591
0.000327315
0.000316176
0.000271335
0.000138874
0.000106127
0.000229763
0.000290485
0.000314202
0.000321642
0.000321645
0.000314207
0.000290489
0.000229752
0.000106131
6.45294e-05
0.000156692
0.00022247
0.000261503
0.000278539
0.000278546
0.000261507
0.000222479
0.000156684
6.45324e-05
2.45003e-05
6.10419e-05
9.7874e-05
0.000126223
0.000141362
0.00014136
0.000126214
9.78889e-05
6.10453e-05
2.45022e-05
2.45347e-05
6.10642e-05
9.79068e-05
0.000126244
0.00014138
0.000141361
0.00012621
9.78735e-05
6.10411e-05
2.45271e-05
6.45308e-05
0.000156665
0.000222469
0.000261489
0.000278549
0.000278554
0.000261502
0.000222481
0.000156675
6.45397e-05
0.000106143
0.000229743
0.000290483
0.000314204
0.000321651
0.000321651
0.000314208
0.000290489
0.000229749
0.000106144
0.000138885
0.00027134
0.000316187
0.000327327
0.000329598
0.000329596
0.000327332
0.000316192
0.000271349
0.000138888
0.000156423
0.00028823
0.000323428
0.000329744
0.000330605
0.000330605
0.000329748
0.000323429
0.000288234
0.000156423
0.00015642
0.000288231
0.000323428
0.000329745
0.000330603
0.000330603
0.000329743
0.000323426
0.000288233
0.000156415
0.000138877
0.000271347
0.00031619
0.000327328
0.000329597
0.00032959
0.000327315
0.000316175
0.000271336
0.000138868
0.000106136
0.000229756
0.000290482
0.0003142
0.000321642
0.00032164
0.000314201
0.00029049
0.000229761
0.000106133
6.45322e-05
0.000156675
0.000222465
0.000261499
0.000278533
0.000278534
0.000261492
0.000222476
0.000156674
6.45181e-05
2.45096e-05
6.10583e-05
9.78855e-05
0.000126225
0.000141365
0.000141358
0.000126209
9.78835e-05
6.10386e-05
2.44934e-05
2.45088e-05
6.10622e-05
9.79061e-05
0.000126226
0.000141367
0.000141356
0.000126215
9.78973e-05
6.10554e-05
2.45193e-05
6.45479e-05
0.000156681
0.000222473
0.000261491
0.000278549
0.000278552
0.000261517
0.000222499
0.000156682
6.45544e-05
0.000106146
0.000229745
0.000290488
0.0003142
0.000321651
0.000321655
0.000314216
0.000290498
0.000229751
0.000106154
0.000138891
0.00027134
0.00031619
0.000327327
0.0003296
0.0003296
0.00032733
0.000316187
0.000271348
0.000138894
0.000156423
0.00028823
0.000323431
0.000329745
0.000330604
0.000330604
0.000329751
0.000323436
0.000288237
0.000156426
0.000156416
0.000288233
0.000323426
0.000329745
0.0003306
0.000330602
0.00032975
0.000323437
0.000288237
0.000156421
0.000138876
0.000271349
0.000316188
0.000327325
0.000329591
0.000329594
0.000327324
0.000316187
0.000271347
0.000138879
0.000106135
0.000229754
0.000290479
0.000314199
0.000321644
0.000321645
0.000314199
0.000290495
0.000229762
0.000106137
6.45198e-05
0.000156667
0.000222462
0.000261491
0.000278542
0.000278541
0.000261496
0.000222481
0.000156682
6.4532e-05
2.45101e-05
6.10547e-05
9.78895e-05
0.000126226
0.000141374
0.000141364
0.000126213
9.78845e-05
6.10439e-05
2.4503e-05
2.44903e-05
6.1046e-05
9.7882e-05
0.00012622
0.00014136
0.000141354
0.000126215
9.78885e-05
6.10424e-05
2.44903e-05
6.45231e-05
0.000156673
0.000222471
0.000261489
0.00027855
0.000278552
0.000261503
0.000222482
0.000156679
6.45433e-05
0.000106145
0.000229754
0.000290485
0.000314198
0.000321645
0.000321644
0.000314199
0.000290486
0.000229746
0.000106145
0.000138886
0.000271348
0.000316189
0.000327328
0.000329594
0.000329598
0.000327329
0.000316192
0.000271346
0.000138891
0.000156425
0.000288232
0.000323428
0.000329745
0.000330605
0.000330607
0.000329748
0.000323433
0.000288232
0.000156426
0.000156418
0.000288234
0.000323433
0.000329746
0.000330605
0.000330605
0.000329744
0.000323429
0.000288233
0.00015642
0.000138873
0.000271355
0.000316191
0.000327322
0.000329594
0.000329592
0.000327321
0.000316183
0.000271348
0.000138871
0.000106133
0.000229767
0.000290483
0.000314196
0.000321642
0.000321638
0.000314195
0.000290492
0.000229769
0.000106136
6.45293e-05
0.000156687
0.000222479
0.000261502
0.000278545
0.000278543
0.00026149
0.000222475
0.000156686
6.45289e-05
2.45329e-05
6.10558e-05
9.7886e-05
0.000126229
0.000141369
0.00014136
0.000126215
9.78886e-05
6.10395e-05
2.44879e-05
2.45391e-05
6.10601e-05
9.79124e-05
0.000126233
0.000141357
0.000141355
0.000126218
9.78894e-05
6.10428e-05
2.45129e-05
6.45622e-05
0.000156688
0.000222494
0.000261511
0.000278548
0.000278549
0.000261507
0.000222488
0.000156681
6.45517e-05
0.000106159
0.00022976
0.000290488
0.000314204
0.000321652
0.000321651
0.000314201
0.00029048
0.000229744
0.00010615
0.000138898
0.000271358
0.000316188
0.000327325
0.000329598
0.000329602
0.000327332
0.000316196
0.000271354
0.000138888
0.000156431
0.000288239
0.000323431
0.000329744
0.000330603
0.000330607
0.000329749
0.000323437
0.000288234
0.000156419
0.000156422
0.000288232
0.000323433
0.000329747
0.000330602
0.000330602
0.000329744
0.000323434
0.000288234
0.000156419
0.000138878
0.000271344
0.000316192
0.000327328
0.000329597
0.000329593
0.00032732
0.000316188
0.000271344
0.000138882
0.000106142
0.000229754
0.000290483
0.000314197
0.00032164
0.00032164
0.000314199
0.000290491
0.000229753
0.000106147
6.45342e-05
0.000156671
0.000222461
0.000261492
0.00027854
0.000278544
0.000261501
0.000222488
0.000156685
6.45499e-05
2.45202e-05
6.10607e-05
9.78995e-05
0.000126238
0.000141371
0.00014136
0.000126208
9.78853e-05
6.10554e-05
2.45241e-05
2.45265e-05
6.10824e-05
9.79166e-05
0.00012624
0.000141353
0.000141346
0.000126222
9.79162e-05
6.10509e-05
2.44496e-05
6.45166e-05
0.000156681
0.000222499
0.00026151
0.000278545
0.000278535
0.000261491
0.000222488
0.000156684
6.45135e-05
0.000106121
0.00022977
0.000290516
0.000314194
0.000321641
0.000321645
0.000314207
0.000290509
0.000229748
0.000106134
0.000138867
0.000271354
0.000316206
0.000327317
0.000329592
0.000329588
0.000327314
0.000316197
0.000271336
0.000138885
0.000156414
0.000288236
0.000323435
0.000329741
0.000330604
0.000330601
0.000329742
0.000323439
0.000288242
0.000156433
0.000156411
0.00028824
0.000323437
0.000329742
0.000330602
0.000330601
0.000329738
0.000323434
0.000288242
0.000156421
0.000138874
0.000271361
0.000316203
0.000327318
0.000329591
0.000329592
0.000327316
0.000316192
0.000271336
0.000138861
0.000106128
0.000229756
0.000290512
0.000314195
0.000321638
0.000321639
0.000314204
0.000290511
0.00022975
0.000106124
6.45106e-05
0.000156667
0.000222498
0.000261483
0.000278531
0.000278531
0.000261497
0.000222489
0.000156666
6.45086e-05
2.44352e-05
6.0999e-05
9.78939e-05
0.000126212
0.000141342
0.000141342
0.000126223
9.7895e-05
6.10217e-05
2.44451e-05
2.45476e-05
6.10725e-05
9.79274e-05
0.000126237
0.000141374
0.000141355
0.000126202
9.78845e-05
6.10417e-05
2.45178e-05
6.45801e-05
0.000156693
0.000222495
0.000261502
0.00027855
0.000278549
0.000261506
0.000222489
0.00015667
6.4546e-05
0.000106167
0.000229755
0.000290483
0.000314209
0.000321649
0.000321651
0.000314209
0.000290487
0.000229743
0.000106147
0.000138898
0.000271357
0.000316193
0.000327334
0.000329597
0.0003296
0.000327328
0.000316186
0.000271343
0.00013889
0.000156421
0.000288232
0.000323429
0.000329746
0.000330607
0.000330606
0.000329745
0.000323429
0.000288234
0.000156424
0.000156414
0.000288234
0.000323427
0.000329742
0.000330602
0.000330601
0.000329743
0.000323429
0.000288237
0.000156419
0.000138878
0.000271347
0.000316185
0.000327321
0.000329591
0.000329589
0.000327316
0.000316177
0.000271339
0.000138873
0.000106148
0.000229747
0.000290483
0.000314197
0.00032164
0.000321641
0.000314205
0.000290492
0.000229747
0.000106131
6.45421e-05
0.00015666
0.000222461
0.000261489
0.000278536
0.000278543
0.000261499
0.000222471
0.000156662
6.45281e-05
2.45273e-05
6.10555e-05
9.79002e-05
0.000126234
0.000141373
0.000141358
0.000126211
9.78875e-05
6.10497e-05
2.45156e-05
2.44904e-05
6.10309e-05
9.78856e-05
0.000126214
0.000141357
0.000141349
0.000126208
9.78887e-05
6.10509e-05
2.4519e-05
6.45265e-05
0.000156665
0.000222467
0.000261485
0.000278543
0.000278547
0.000261506
0.000222487
0.000156681
6.45552e-05
0.000106139
0.000229755
0.000290485
0.000314197
0.000321648
0.000321652
0.000314199
0.000290481
0.000229745
0.000106154
0.000138883
0.00027135
0.00031619
0.000327327
0.000329597
0.000329602
0.000327332
0.000316195
0.000271348
0.000138893
0.000156422
0.000288234
0.000323429
0.000329742
0.000330606
0.000330612
0.00032975
0.000323433
0.000288232
0.000156422
0.000156417
0.000288234
0.00032343
0.000329742
0.000330604
0.000330603
0.000329745
0.000323434
0.000288237
0.00015642
0.00013888
0.000271343
0.000316183
0.000327319
0.000329595
0.000329592
0.00032732
0.000316185
0.000271344
0.00013888
0.000106141
0.000229749
0.000290479
0.000314198
0.000321643
0.000321643
0.000314199
0.0002905
0.000229769
0.000106146
6.45343e-05
0.000156666
0.000222467
0.000261506
0.000278541
0.000278537
0.000261495
0.000222487
0.000156685
6.4538e-05
2.45281e-05
6.10577e-05
9.78929e-05
0.000126226
0.00014137
0.000141361
0.000126211
9.78873e-05
6.10467e-05
2.45215e-05
2.45012e-05
6.10449e-05
9.7894e-05
0.000126215
0.000141352
0.000141353
0.000126216
9.78914e-05
6.10545e-05
2.45191e-05
6.45319e-05
0.000156677
0.000222477
0.000261489
0.000278546
0.000278546
0.000261505
0.000222492
0.00015668
6.45541e-05
0.000106151
0.000229755
0.000290491
0.000314202
0.000321652
0.000321651
0.000314205
0.000290491
0.000229743
0.000106153
0.000138885
0.000271342
0.00031619
0.000327327
0.000329598
0.000329599
0.000327333
0.000316192
0.000271345
0.000138894
0.000156424
0.00028823
0.000323428
0.000329741
0.000330603
0.000330605
0.000329747
0.000323431
0.000288235
0.000156429
0.000156419
0.000288234
0.000323432
0.000329742
0.000330603
0.000330602
0.000329744
0.000323431
0.000288233
0.000156419
0.000138879
0.00027135
0.000316188
0.000327323
0.000329598
0.000329593
0.000327321
0.000316187
0.000271344
0.000138875
0.000106142
0.000229753
0.000290479
0.000314198
0.000321645
0.000321642
0.000314194
0.000290486
0.000229764
0.000106138
6.45325e-05
0.000156662
0.000222457
0.000261491
0.000278539
0.000278541
0.000261489
0.000222469
0.000156683
6.45226e-05
2.45203e-05
6.1042e-05
9.78809e-05
0.000126229
0.000141373
0.000141363
0.000126219
9.7895e-05
6.10525e-05
2.44871e-05
2.44826e-05
6.1033e-05
9.78954e-05
0.000126227
0.000141358
0.000141349
0.000126206
9.78722e-05
6.10402e-05
2.4507e-05
6.45367e-05
0.000156661
0.000222477
0.000261502
0.000278543
0.000278543
0.000261499
0.000222479
0.000156678
6.45482e-05
0.000106153
0.000229744
0.000290488
0.000314207
0.000321648
0.000321647
0.000314198
0.000290485
0.000229745
0.000106151
0.000138888
0.000271342
0.000316191
0.000327331
0.000329598
0.000329603
0.00032733
0.000316193
0.000271345
0.000138892
0.000156424
0.00028823
0.000323432
0.00032975
0.000330604
0.000330606
0.000329743
0.000323427
0.00028823
0.000156426
0.000156416
0.00028823
0.00032343
0.000329746
0.000330604
0.000330602
0.000329741
0.00032343
0.000288232
0.000156419
0.000138878
0.000271352
0.000316186
0.000327322
0.000329595
0.000329591
0.000327316
0.000316184
0.000271338
0.000138871
0.000106148
0.000229752
0.000290478
0.0003142
0.000321644
0.000321641
0.000314196
0.000290491
0.000229764
0.000106144
6.45394e-05
0.000156661
0.000222461
0.000261491
0.000278536
0.000278537
0.000261488
0.00022247
0.000156673
6.45372e-05
2.45184e-05
6.10506e-05
9.7897e-05
0.000126232
0.000141369
0.000141361
0.000126208
9.78881e-05
6.10582e-05
2.45299e-05
2.45191e-05
6.10611e-05
9.79092e-05
0.000126225
0.000141359
0.000141358
0.00012622
9.78922e-05
6.10407e-05
2.45002e-05
6.45671e-05
0.000156685
0.000222477
0.000261501
0.000278548
0.000278549
0.000261503
0.00022248
0.00015666
6.45311e-05
0.000106163
0.000229743
0.000290483
0.000314205
0.000321653
0.000321654
0.000314205
0.000290483
0.000229739
0.000106142
0.0001389
0.000271346
0.000316193
0.000327332
0.000329603
0.000329601
0.000327331
0.00031619
0.000271345
0.000138889
0.000156429
0.000288233
0.000323433
0.000329748
0.000330606
0.000330605
0.000329744
0.00032343
0.000288233
0.000156427
0.00015642
0.000288232
0.000323432
0.000329745
0.000330605
0.000330603
0.000329746
0.000323434
0.000288239
0.000156419
0.00013887
0.000271347
0.000316189
0.000327324
0.000329596
0.000329594
0.000327321
0.000316186
0.00027135
0.000138874
0.000106129
0.000229755
0.000290475
0.000314199
0.000321645
0.000321646
0.000314198
0.000290494
0.000229765
0.000106137
6.45293e-05
0.000156681
0.000222466
0.000261499
0.000278542
0.000278543
0.000261492
0.000222478
0.000156684
6.45372e-05
2.45084e-05
6.10385e-05
9.78763e-05
0.000126227
0.00014137
0.000141357
0.000126213
9.78887e-05
6.10553e-05
2.4529e-05
2.45e-05
6.10473e-05
9.79009e-05
0.000126224
0.000141358
0.000141354
0.000126215
9.78967e-05
6.106e-05
2.45185e-05
6.45478e-05
0.000156666
0.000222474
0.000261493
0.000278539
0.000278549
0.000261511
0.000222499
0.000156694
6.45582e-05
0.000106154
0.000229745
0.000290479
0.000314204
0.000321651
0.000321651
0.000314209
0.00029049
0.000229752
0.000106158
0.00013889
0.000271347
0.000316186
0.00032733
0.000329602
0.000329599
0.000327328
0.000316189
0.000271353
0.000138901
0.000156425
0.000288232
0.00032343
0.000329746
0.000330607
0.000330606
0.000329749
0.000323435
0.000288238
0.000156432
0.000156418
0.000288229
0.000323428
0.000329741
0.000330604
0.000330607
0.000329751
0.000323437
0.000288236
0.000156422
0.000138873
0.000271345
0.000316191
0.00032732
0.000329594
0.000329593
0.000327323
0.000316187
0.000271343
0.00013888
0.00010614
0.000229757
0.000290486
0.000314198
0.000321642
0.000321639
0.000314198
0.000290486
0.00022976
0.000106138
6.45311e-05
0.000156673
0.000222463
0.000261497
0.000278537
0.000278535
0.000261494
0.000222468
0.000156682
6.4525e-05
2.45124e-05
6.10538e-05
9.7882e-05
0.000126229
0.000141368
0.00014136
0.00012622
9.78859e-05
6.10438e-05
2.44918e-05
2.44948e-05
6.10401e-05
9.78993e-05
0.000126228
0.000141368
0.000141354
0.000126206
9.78763e-05
6.10395e-05
2.45166e-05
6.45424e-05
0.000156669
0.000222479
0.000261498
0.000278547
0.000278547
0.000261499
0.000222493
0.000156691
6.45578e-05
0.000106148
0.00022974
0.000290481
0.000314199
0.000321646
0.000321653
0.000314205
0.000290486
0.000229751
0.000106163
0.000138887
0.000271339
0.00031619
0.00032733
0.000329597
0.000329601
0.000327331
0.000316191
0.000271353
0.000138899
0.000156423
0.000288228
0.00032343
0.000329747
0.000330607
0.000330607
0.000329744
0.000323432
0.000288237
0.000156429
0.000156415
0.000288227
0.000323432
0.000329747
0.000330607
0.000330604
0.000329744
0.000323432
0.000288235
0.000156422
0.000138876
0.00027134
0.000316187
0.000327325
0.000329597
0.000329592
0.000327318
0.000316186
0.000271344
0.000138873
0.00010614
0.00022975
0.000290482
0.0003142
0.000321642
0.00032164
0.000314198
0.000290497
0.000229768
0.000106133
6.45285e-05
0.000156668
0.000222465
0.000261497
0.000278536
0.000278532
0.000261495
0.000222478
0.000156682
6.45213e-05
2.45074e-05
6.10601e-05
9.78996e-05
0.000126236
0.000141372
0.00014136
0.000126223
9.7898e-05
6.10546e-05
2.44973e-05
2.45441e-05
6.10638e-05
9.79067e-05
0.000126239
0.000141373
0.000141353
0.000126203
9.78742e-05
6.1033e-05
2.44947e-05
6.45485e-05
0.000156669
0.000222469
0.000261494
0.000278559
0.000278557
0.000261507
0.00022249
0.000156675
6.45441e-05
0.000106154
0.000229741
0.000290482
0.000314198
0.00032165
0.000321648
0.0003142
0.000290497
0.000229748
0.000106155
0.000138895
0.000271345
0.00031619
0.000327328
0.0003296
0.000329602
0.000327332
0.000316195
0.000271344
0.000138896
0.000156425
0.000288231
0.000323428
0.000329744
0.000330608
0.000330606
0.000329745
0.000323433
0.000288235
0.000156431
0.000156419
0.000288233
0.00032343
0.000329744
0.000330605
0.000330603
0.000329743
0.000323429
0.000288232
0.000156423
0.000138877
0.000271346
0.000316184
0.000327321
0.000329595
0.000329594
0.000327321
0.000316185
0.000271343
0.00013888
0.000106133
0.000229754
0.000290483
0.000314195
0.000321642
0.000321637
0.000314193
0.000290486
0.000229758
0.000106142
6.45153e-05
0.000156665
0.000222467
0.000261497
0.000278544
0.000278541
0.000261505
0.000222487
0.000156688
6.45359e-05
2.44773e-05
6.10385e-05
9.78783e-05
0.000126214
0.000141359
0.000141349
0.000126204
9.78783e-05
6.10458e-05
2.45128e-05
2.45074e-05
6.10566e-05
9.79075e-05
0.000126229
0.000141361
0.000141354
0.000126209
9.78772e-05
6.10511e-05
2.45135e-05
6.45397e-05
0.000156668
0.000222481
0.000261499
0.000278549
0.000278551
0.000261508
0.000222484
0.000156688
6.45494e-05
0.000106154
0.000229743
0.000290485
0.000314201
0.000321646
0.000321645
0.000314201
0.000290486
0.000229744
0.000106151
0.000138891
0.000271346
0.000316195
0.000327329
0.000329593
0.000329601
0.000327336
0.000316196
0.000271344
0.000138891
0.000156426
0.00028823
0.00032343
0.000329746
0.000330604
0.000330604
0.000329744
0.00032343
0.000288235
0.000156426
0.00015642
0.000288233
0.000323429
0.000329746
0.000330604
0.000330602
0.000329744
0.000323431
0.000288237
0.00015642
0.000138874
0.000271356
0.000316191
0.000327331
0.000329597
0.000329593
0.00032732
0.000316183
0.000271348
0.000138875
0.000106141
0.000229767
0.000290482
0.000314204
0.000321643
0.000321643
0.0003142
0.000290489
0.000229758
0.000106133
6.45292e-05
0.000156674
0.000222468
0.000261498
0.00027853
0.000278533
0.000261489
0.000222468
0.000156676
6.45297e-05
2.45284e-05
6.10746e-05
9.79018e-05
0.00012623
0.000141367
0.000141354
0.000126203
9.78737e-05
6.10315e-05
2.44961e-05
2.452e-05
6.10404e-05
9.79227e-05
0.000126246
0.00014137
0.000141356
0.000126206
9.79089e-05
6.10567e-05
2.45429e-05
6.45267e-05
0.000156666
0.000222517
0.000261496
0.000278539
0.000278536
0.000261495
0.0002225
0.000156667
6.45465e-05
0.000106132
0.000229763
0.000290514
0.000314202
0.00032164
0.000321638
0.000314199
0.000290508
0.000229784
0.000106147
0.000138865
0.000271358
0.000316191
0.000327324
0.000329593
0.000329589
0.000327315
0.000316185
0.000271348
0.000138863
0.000156417
0.000288244
0.000323431
0.000329745
0.000330605
0.000330604
0.000329742
0.000323435
0.000288242
0.000156418
0.000156413
0.00028824
0.000323432
0.000329744
0.000330602
0.000330603
0.000329742
0.000323432
0.000288236
0.000156415
0.000138858
0.000271347
0.00031619
0.000327322
0.000329593
0.000329593
0.000327325
0.000316192
0.000271341
0.00013886
0.000106128
0.000229779
0.000290499
0.000314205
0.000321648
0.000321646
0.0003142
0.000290494
0.000229778
0.00010613
6.45214e-05
0.000156709
0.000222497
0.000261499
0.000278543
0.000278544
0.00026151
0.000222504
0.000156724
6.45274e-05
2.45116e-05
6.10714e-05
9.79136e-05
0.00012624
0.000141366
0.000141355
0.000126221
9.78806e-05
6.1051e-05
2.45035e-05
2.4531e-05
6.10541e-05
9.79003e-05
0.000126239
0.000141373
0.000141361
0.000126218
9.78893e-05
6.10431e-05
2.45124e-05
6.45447e-05
0.000156665
0.00022247
0.000261489
0.000278549
0.000278553
0.000261503
0.000222483
0.000156671
6.45501e-05
0.000106149
0.000229746
0.000290481
0.000314196
0.000321645
0.000321646
0.000314203
0.00029048
0.000229742
0.000106152
0.000138894
0.000271353
0.000316189
0.000327323
0.000329593
0.000329595
0.000327328
0.000316188
0.000271347
0.000138889
0.000156426
0.000288232
0.000323427
0.000329742
0.000330603
0.000330603
0.000329744
0.000323427
0.000288234
0.000156419
0.00015642
0.000288228
0.000323427
0.000329739
0.000330602
0.000330603
0.000329744
0.000323429
0.000288232
0.000156415
0.000138881
0.000271348
0.000316187
0.00032732
0.000329589
0.000329589
0.000327322
0.000316184
0.000271341
0.000138877
0.000106147
0.000229759
0.000290486
0.0003142
0.000321643
0.000321641
0.000314201
0.000290488
0.000229751
0.000106139
6.4535e-05
0.000156663
0.000222466
0.000261493
0.000278539
0.000278543
0.000261508
0.000222484
0.000156683
6.45376e-05
2.45263e-05
6.10636e-05
9.79002e-05
0.000126239
0.000141375
0.00014136
0.000126215
9.78793e-05
6.10431e-05
2.45013e-05
2.45109e-05
6.1041e-05
9.78882e-05
0.000126224
0.00014136
0.000141354
0.000126209
9.78723e-05
6.10469e-05
2.45118e-05
6.45379e-05
0.000156662
0.000222471
0.000261498
0.000278555
0.00027856
0.000261508
0.000222485
0.000156692
6.45528e-05
0.00010615
0.000229751
0.000290493
0.000314206
0.000321646
0.000321647
0.000314197
0.000290477
0.000229744
0.000106152
0.000138889
0.000271337
0.000316185
0.000327327
0.000329597
0.000329599
0.00032733
0.00031619
0.000271349
0.000138888
0.00015643
0.000288225
0.000323429
0.000329743
0.000330604
0.000330606
0.000329745
0.000323427
0.000288231
0.000156418
0.000156422
0.000288227
0.000323426
0.000329742
0.000330601
0.000330602
0.000329745
0.000323432
0.000288231
0.000156416
0.000138874
0.000271345
0.000316182
0.000327319
0.00032959
0.000329591
0.00032732
0.000316184
0.000271341
0.000138876
0.000106133
0.000229762
0.00029048
0.0003142
0.000321643
0.000321642
0.0003142
0.000290492
0.000229756
0.00010614
6.45334e-05
0.000156685
0.00022247
0.000261504
0.000278538
0.000278539
0.000261493
0.000222475
0.000156677
6.45374e-05
2.45251e-05
6.10632e-05
9.78855e-05
0.000126218
0.00014136
0.000141355
0.000126208
9.78827e-05
6.10474e-05
2.45217e-05
2.4527e-05
6.10505e-05
9.79093e-05
0.000126239
0.000141375
0.000141359
0.000126215
9.78855e-05
6.10451e-05
2.4507e-05
6.45352e-05
0.000156656
0.000222478
0.000261495
0.000278547
0.000278548
0.000261503
0.000222479
0.000156668
6.45359e-05
0.000106147
0.000229741
0.000290484
0.000314206
0.000321654
0.00032165
0.000314198
0.000290481
0.000229744
0.000106149
0.00013889
0.000271344
0.000316188
0.000327329
0.000329598
0.000329596
0.000327323
0.000316184
0.000271344
0.000138889
0.000156424
0.000288228
0.000323429
0.000329742
0.0003306
0.000330603
0.000329742
0.000323428
0.000288234
0.000156425
0.000156421
0.000288232
0.00032343
0.000329741
0.000330602
0.000330605
0.000329745
0.000323434
0.000288236
0.00015642
0.00013888
0.000271349
0.000316187
0.000327319
0.000329592
0.000329591
0.000327319
0.000316189
0.00027134
0.000138878
0.00010614
0.000229756
0.000290486
0.000314196
0.000321643
0.00032164
0.000314197
0.000290497
0.000229756
0.00010614
6.45336e-05
0.000156666
0.000222466
0.000261497
0.000278543
0.000278542
0.000261491
0.000222477
0.000156676
6.45302e-05
2.45146e-05
6.10463e-05
9.78844e-05
0.000126221
0.000141363
0.000141353
0.000126202
9.78803e-05
6.10536e-05
2.45099e-05
2.45382e-05
6.10636e-05
9.79113e-05
0.000126238
0.000141372
0.000141357
0.000126203
9.78769e-05
6.10387e-05
2.45042e-05
6.45555e-05
0.000156673
0.000222488
0.000261508
0.000278549
0.000278547
0.000261491
0.000222477
0.000156685
6.45404e-05
0.000106159
0.000229748
0.000290487
0.000314206
0.000321651
0.000321652
0.0003142
0.000290485
0.00022975
0.000106143
0.000138898
0.000271349
0.000316191
0.000327327
0.000329596
0.0003296
0.000327328
0.000316187
0.000271342
0.000138885
0.000156431
0.000288232
0.000323433
0.000329745
0.000330605
0.000330606
0.000329743
0.000323426
0.00028823
0.00015642
0.000156421
0.000288228
0.000323432
0.000329742
0.000330601
0.000330602
0.000329742
0.000323427
0.000288231
0.000156418
0.000138875
0.00027135
0.000316194
0.000327326
0.000329598
0.000329593
0.000327315
0.000316185
0.000271347
0.000138885
0.000106138
0.000229753
0.000290485
0.000314197
0.000321643
0.000321645
0.000314197
0.000290487
0.000229751
0.000106146
6.45413e-05
0.000156678
0.00022248
0.000261501
0.000278538
0.000278543
0.000261492
0.000222476
0.000156679
6.45381e-05
2.45158e-05
6.10439e-05
9.78768e-05
0.000126213
0.00014136
0.000141359
0.000126214
9.78838e-05
6.105e-05
2.4516e-05
2.45448e-05
6.10519e-05
9.79051e-05
0.000126236
0.000141373
0.000141356
0.000126203
9.78741e-05
6.10439e-05
2.45091e-05
6.45413e-05
0.000156663
0.000222471
0.000261492
0.000278552
0.000278547
0.000261494
0.000222467
0.000156668
6.45405e-05
0.000106146
0.000229749
0.000290479
0.000314199
0.000321652
0.000321653
0.000314206
0.000290484
0.000229746
0.000106155
0.000138887
0.000271345
0.000316185
0.000327322
0.000329597
0.000329604
0.000327335
0.000316195
0.000271351
0.000138891
0.000156425
0.000288232
0.000323426
0.000329741
0.000330604
0.000330606
0.000329747
0.000323432
0.000288236
0.000156421
0.000156424
0.000288232
0.000323429
0.000329742
0.000330605
0.000330606
0.000329744
0.000323434
0.000288233
0.000156419
0.00013888
0.000271345
0.000316184
0.000327321
0.000329596
0.000329593
0.000327317
0.000316188
0.000271344
0.000138878
0.000106139
0.000229756
0.000290482
0.000314198
0.000321646
0.000321644
0.000314197
0.000290494
0.000229761
0.000106139
6.45315e-05
0.000156664
0.000222461
0.000261497
0.000278537
0.00027854
0.000261487
0.000222475
0.000156679
6.45312e-05
2.45045e-05
6.10429e-05
9.7893e-05
0.000126238
0.000141371
0.000141366
0.000126216
9.78865e-05
6.10508e-05
2.4517e-05
2.45138e-05
6.10512e-05
9.7895e-05
0.000126232
0.000141373
0.000141364
0.000126221
9.78905e-05
6.10327e-05
2.4507e-05
6.45398e-05
0.000156668
0.000222471
0.000261492
0.00027855
0.000278553
0.000261505
0.000222488
0.000156674
6.4552e-05
0.000106158
0.000229744
0.000290484
0.000314204
0.000321652
0.00032165
0.000314205
0.000290487
0.000229745
0.000106158
0.000138894
0.000271343
0.000316188
0.000327325
0.000329597
0.000329602
0.000327331
0.000316194
0.000271351
0.000138896
0.000156431
0.000288229
0.000323427
0.000329743
0.000330604
0.000330604
0.000329745
0.000323433
0.000288234
0.000156426
0.000156423
0.000288229
0.00032343
0.00032974
0.000330604
0.000330603
0.000329742
0.000323432
0.000288233
0.000156417
0.000138877
0.000271344
0.000316187
0.000327322
0.000329597
0.000329594
0.000327314
0.000316183
0.000271339
0.000138878
0.000106131
0.000229756
0.000290478
0.000314197
0.000321641
0.000321645
0.000314195
0.000290486
0.000229752
0.000106144
6.45186e-05
0.000156673
0.000222469
0.000261501
0.000278537
0.000278542
0.000261492
0.000222475
0.000156677
6.45282e-05
2.4499e-05
6.10444e-05
9.78771e-05
0.000126221
0.000141366
0.000141359
0.000126216
9.78867e-05
6.10388e-05
2.45032e-05
2.44857e-05
6.10445e-05
9.78876e-05
0.000126226
0.000141358
0.000141352
0.000126216
9.78923e-05
6.10541e-05
2.45203e-05
6.45254e-05
0.000156668
0.000222468
0.000261491
0.000278551
0.000278566
0.000261517
0.000222499
0.000156685
6.45578e-05
0.000106147
0.000229752
0.000290494
0.000314203
0.000321649
0.000321655
0.000314202
0.000290482
0.000229741
0.000106156
0.00013889
0.000271346
0.000316195
0.00032733
0.000329599
0.000329605
0.000327329
0.000316191
0.00027135
0.000138894
0.000156429
0.00028823
0.000323431
0.000329744
0.000330603
0.000330607
0.000329748
0.000323439
0.000288236
0.000156425
0.000156423
0.00028823
0.000323428
0.000329742
0.000330602
0.000330603
0.000329742
0.000323435
0.000288235
0.000156422
0.000138876
0.000271345
0.000316182
0.00032732
0.000329595
0.000329592
0.000327313
0.000316187
0.000271341
0.000138878
0.000106137
0.000229754
0.000290477
0.000314195
0.000321642
0.000321643
0.0003142
0.000290502
0.000229763
0.000106135
6.45315e-05
0.000156671
0.000222462
0.000261488
0.000278535
0.000278532
0.000261488
0.000222477
0.000156679
6.45243e-05
2.4521e-05
6.10524e-05
9.78924e-05
0.000126236
0.000141377
0.000141362
0.000126219
9.78927e-05
6.10426e-05
2.44912e-05
2.45315e-05
6.10675e-05
9.78996e-05
0.000126224
0.000141362
0.000141355
0.000126209
9.78748e-05
6.10433e-05
2.45097e-05
6.45447e-05
0.00015668
0.000222486
0.000261492
0.000278545
0.000278554
0.000261505
0.000222473
0.000156668
6.45312e-05
0.000106155
0.000229748
0.00029049
0.000314197
0.00032165
0.000321655
0.000314203
0.000290479
0.000229743
0.000106141
0.000138897
0.000271344
0.000316191
0.000327329
0.000329601
0.000329599
0.000327328
0.00031619
0.000271348
0.000138887
0.000156425
0.000288226
0.000323425
0.000329743
0.000330603
0.000330603
0.000329744
0.000323433
0.000288237
0.000156424
0.000156419
0.000288229
0.000323428
0.000329745
0.000330603
0.000330601
0.000329743
0.000323429
0.000288234
0.000156418
0.000138877
0.000271346
0.000316188
0.000327326
0.000329596
0.000329592
0.000327316
0.000316183
0.000271345
0.000138876
0.000106138
0.000229753
0.000290479
0.000314196
0.000321635
0.00032164
0.000314192
0.00029049
0.000229762
0.000106136
6.45326e-05
0.000156666
0.000222466
0.0002615
0.000278532
0.000278536
0.000261485
0.000222477
0.000156682
6.45205e-05
2.45084e-05
6.10514e-05
9.78879e-05
0.000126228
0.000141367
0.000141367
0.000126223
9.78873e-05
6.10405e-05
2.44909e-05
2.44931e-05
6.10411e-05
9.78977e-05
0.000126228
0.000141363
0.000141352
0.00012621
9.78872e-05
6.10507e-05
2.45136e-05
6.4525e-05
0.000156653
0.000222464
0.000261488
0.000278551
0.000278558
0.000261517
0.000222496
0.000156683
6.45494e-05
0.000106142
0.000229741
0.000290479
0.000314198
0.000321647
0.00032165
0.000314204
0.000290484
0.000229749
0.000106158
0.000138886
0.000271346
0.000316187
0.00032733
0.000329599
0.0003296
0.000327331
0.000316194
0.000271352
0.000138895
0.000156426
0.000288233
0.000323429
0.000329748
0.000330609
0.000330606
0.000329749
0.000323436
0.000288236
0.000156427
0.000156416
0.000288228
0.00032343
0.000329747
0.000330604
0.000330605
0.000329745
0.000323433
0.000288231
0.000156419
0.000138875
0.000271344
0.000316191
0.000327325
0.000329593
0.00032959
0.000327316
0.000316183
0.00027134
0.000138878
0.000106144
0.000229754
0.000290486
0.000314197
0.000321642
0.000321644
0.000314205
0.000290504
0.00022976
0.000106138
6.45404e-05
0.000156668
0.000222462
0.000261493
0.000278536
0.000278536
0.00026149
0.00022248
0.000156683
6.45343e-05
2.45175e-05
6.1045e-05
9.78895e-05
0.000126228
0.000141366
0.000141359
0.00012621
9.78878e-05
6.10491e-05
2.45121e-05
2.4551e-05
6.10504e-05
9.79026e-05
0.000126237
0.000141363
0.000141355
0.000126207
9.7877e-05
6.10421e-05
2.45157e-05
6.4556e-05
0.000156666
0.000222478
0.000261498
0.000278546
0.000278545
0.000261499
0.000222483
0.000156675
6.45454e-05
0.000106156
0.00022975
0.000290487
0.0003142
0.000321645
0.000321647
0.0003142
0.000290488
0.000229746
0.000106149
0.000138896
0.000271347
0.000316182
0.000327325
0.000329596
0.000329599
0.00032733
0.000316196
0.000271347
0.000138884
0.000156432
0.000288235
0.000323427
0.000329744
0.000330604
0.000330602
0.000329745
0.00032343
0.000288233
0.000156419
0.000156417
0.000288229
0.000323427
0.000329742
0.000330603
0.000330604
0.000329744
0.000323431
0.000288237
0.000156416
0.000138877
0.000271346
0.000316185
0.000327324
0.000329597
0.000329595
0.000327318
0.000316182
0.000271345
0.000138875
0.00010614
0.000229751
0.000290483
0.000314192
0.00032164
0.000321641
0.000314198
0.000290491
0.00022976
0.000106133
6.45314e-05
0.000156668
0.000222464
0.000261489
0.000278542
0.000278539
0.000261488
0.000222459
0.000156672
6.45153e-05
2.45124e-05
6.10455e-05
9.78787e-05
0.000126221
0.000141364
0.000141349
0.000126207
9.78748e-05
6.10403e-05
2.44969e-05
2.45415e-05
6.10645e-05
9.79139e-05
0.000126233
0.000141363
0.000141351
0.000126216
9.7897e-05
6.10455e-05
2.4508e-05
6.45402e-05
0.000156659
0.000222479
0.000261498
0.000278549
0.000278561
0.000261518
0.000222493
0.000156675
6.45472e-05
0.000106151
0.000229741
0.000290485
0.0003142
0.000321645
0.000321651
0.000314206
0.000290488
0.000229745
0.000106153
0.000138889
0.000271344
0.000316192
0.00032733
0.000329599
0.000329597
0.000327326
0.000316191
0.000271344
0.000138892
0.000156425
0.000288228
0.00032343
0.000329743
0.000330606
0.000330604
0.000329742
0.000323431
0.00028823
0.000156424
0.00015642
0.000288231
0.000323428
0.000329741
0.000330603
0.000330602
0.000329743
0.000323432
0.000288235
0.000156422
0.000138883
0.00027135
0.00031619
0.000327325
0.000329595
0.000329592
0.000327319
0.000316182
0.000271338
0.000138882
0.000106153
0.000229753
0.000290483
0.000314194
0.00032164
0.000321645
0.000314202
0.000290493
0.000229755
0.000106146
6.45573e-05
0.000156686
0.000222472
0.000261499
0.000278536
0.00027854
0.0002615
0.000222484
0.000156683
6.45461e-05
2.45373e-05
6.10618e-05
9.78889e-05
0.000126229
0.000141357
0.000141348
0.000126198
9.78806e-05
6.10542e-05
2.4528e-05
2.44931e-05
6.10481e-05
9.79183e-05
0.000126234
0.00014136
0.000141358
0.000126229
9.7907e-05
6.10124e-05
2.44644e-05
6.4545e-05
0.000156712
0.000222543
0.000261508
0.000278534
0.000278534
0.000261513
0.000222542
0.000156713
6.45375e-05
0.000106154
0.000229794
0.000290524
0.000314198
0.000321634
0.000321638
0.000314208
0.000290513
0.000229779
0.000106142
0.000138874
0.000271352
0.000316194
0.00032732
0.000329587
0.00032959
0.000327332
0.000316211
0.000271373
0.000138876
0.00015642
0.000288227
0.000323426
0.000329744
0.000330602
0.000330601
0.000329741
0.000323433
0.00028824
0.000156417
0.000156414
0.000288227
0.000323428
0.000329742
0.000330603
0.000330602
0.000329742
0.000323429
0.000288237
0.000156423
0.000138874
0.000271344
0.000316185
0.000327315
0.000329589
0.000329589
0.000327323
0.000316191
0.000271356
0.000138875
0.000106163
0.000229798
0.000290509
0.000314209
0.000321639
0.000321637
0.000314196
0.000290484
0.000229776
0.000106119
6.45567e-05
0.000156736
0.000222488
0.000261495
0.000278534
0.000278531
0.000261484
0.000222464
0.000156707
6.45005e-05
2.44803e-05
6.10797e-05
9.79083e-05
0.000126231
0.000141357
0.00014135
0.00012622
9.79103e-05
6.10769e-05
2.44429e-05
2.44976e-05
6.10479e-05
9.79013e-05
0.000126239
0.000141376
0.000141365
0.000126222
9.78929e-05
6.1057e-05
2.44379e-05
6.45598e-05
0.000156689
0.000222485
0.000261488
0.000278536
0.000278532
0.000261485
0.00022247
0.000156682
6.44955e-05
0.000106162
0.000229754
0.000290495
0.000314204
0.000321647
0.00032164
0.000314199
0.000290502
0.000229761
0.000106128
0.000138898
0.000271363
0.000316198
0.000327325
0.000329591
0.00032959
0.000327328
0.000316194
0.000271343
0.000138877
0.000156418
0.000288234
0.000323434
0.000329747
0.000330603
0.000330601
0.000329745
0.000323431
0.000288234
0.00015642
0.000156416
0.000288245
0.000323434
0.000329741
0.0003306
0.0003306
0.000329743
0.000323431
0.000288234
0.000156414
0.000138886
0.000271381
0.000316204
0.000327322
0.000329591
0.000329589
0.000327323
0.000316199
0.000271365
0.000138865
0.000106146
0.000229784
0.000290506
0.0003142
0.000321638
0.000321636
0.000314197
0.000290501
0.000229774
0.000106126
6.45383e-05
0.00015671
0.000222501
0.000261489
0.000278535
0.000278538
0.000261491
0.000222498
0.000156675
6.45035e-05
2.45092e-05
6.10729e-05
9.79214e-05
0.000126241
0.000141377
0.000141362
0.000126208
9.78912e-05
6.10215e-05
2.44595e-05
2.44504e-05
6.10466e-05
9.78945e-05
0.000126213
0.000141356
0.000141359
0.000126218
9.78927e-05
6.10441e-05
2.44878e-05
6.44962e-05
0.000156685
0.000222472
0.000261493
0.000278539
0.000278538
0.000261499
0.00022249
0.00015668
6.45351e-05
0.00010611
0.000229759
0.000290479
0.000314199
0.000321643
0.000321643
0.000314203
0.000290482
0.000229743
0.000106151
0.000138858
0.000271342
0.000316178
0.000327322
0.000329592
0.000329595
0.000327327
0.000316182
0.000271341
0.000138885
0.000156415
0.00028823
0.000323428
0.000329742
0.000330601
0.000330603
0.000329746
0.000323427
0.00028823
0.000156419
0.000156421
0.000288229
0.000323427
0.000329744
0.000330602
0.0003306
0.000329742
0.000323427
0.000288228
0.000156411
0.000138871
0.000271343
0.000316181
0.000327325
0.000329593
0.000329588
0.000327315
0.000316181
0.000271338
0.000138861
0.000106135
0.000229788
0.000290485
0.000314203
0.00032164
0.000321641
0.000314199
0.00029049
0.000229768
0.00010613
6.45046e-05
0.000156695
0.000222462
0.000261494
0.000278532
0.000278534
0.000261498
0.000222475
0.000156691
6.45188e-05
2.44822e-05
6.10462e-05
9.78854e-05
0.000126216
0.000141343
0.000141342
0.000126212
9.78837e-05
6.10514e-05
2.44849e-05
2.44614e-05
6.10356e-05
9.79064e-05
0.000126225
0.000141365
0.00014136
0.000126216
9.78972e-05
6.10438e-05
2.4485e-05
6.45308e-05
0.000156684
0.000222493
0.000261498
0.000278548
0.000278555
0.000261516
0.000222508
0.000156681
6.45189e-05
0.000106146
0.000229765
0.000290511
0.000314211
0.000321649
0.00032165
0.000314213
0.000290515
0.000229751
0.000106128
0.000138887
0.000271345
0.000316193
0.000327328
0.000329596
0.000329601
0.000327334
0.000316201
0.00027134
0.000138872
0.000156419
0.000288231
0.00032343
0.000329743
0.000330603
0.000330603
0.000329747
0.000323435
0.00028823
0.000156419
0.000156423
0.000288235
0.000323431
0.000329742
0.000330605
0.000330605
0.000329744
0.000323432
0.000288233
0.000156429
0.000138895
0.000271355
0.000316185
0.00032732
0.000329595
0.000329597
0.000327319
0.000316188
0.000271349
0.000138892
0.000106166
0.000229776
0.000290501
0.000314202
0.000321643
0.000321644
0.0003142
0.000290499
0.000229756
0.000106154
6.45528e-05
0.000156684
0.000222485
0.000261492
0.00027854
0.000278536
0.000261496
0.000222497
0.00015668
6.45482e-05
2.44985e-05
6.10458e-05
9.79014e-05
0.000126224
0.000141364
0.000141349
0.000126205
9.78837e-05
6.10295e-05
2.4489e-05
2.45265e-05
6.10539e-05
9.79037e-05
0.000126226
0.000141358
0.000141351
0.000126205
9.78804e-05
6.10546e-05
2.45282e-05
6.45372e-05
0.000156662
0.000222485
0.000261516
0.000278557
0.000278559
0.000261529
0.000222507
0.000156691
6.45544e-05
0.000106148
0.000229762
0.000290501
0.000314212
0.000321656
0.000321654
0.000314204
0.000290483
0.000229753
0.000106152
0.000138873
0.000271335
0.00031619
0.00032733
0.0003296
0.000329599
0.000327331
0.000316192
0.00027134
0.000138886
0.000156423
0.000288231
0.000323429
0.000329743
0.000330604
0.000330607
0.000329748
0.000323434
0.000288233
0.00015643
0.000156422
0.000288233
0.000323425
0.000329741
0.000330602
0.000330605
0.000329748
0.000323435
0.000288232
0.000156421
0.000138871
0.000271346
0.000316184
0.000327325
0.000329592
0.000329593
0.000327323
0.000316185
0.000271335
0.000138872
0.000106132
0.00022979
0.00029051
0.000314213
0.000321648
0.000321646
0.000314192
0.000290485
0.00022976
0.00010615
6.45047e-05
0.000156686
0.000222475
0.000261503
0.00027854
0.000278543
0.000261503
0.000222498
0.000156685
6.45328e-05
2.44589e-05
6.10218e-05
9.78704e-05
0.000126219
0.00014136
0.00014135
0.000126201
9.78855e-05
6.10507e-05
2.45034e-05
2.44887e-05
6.10599e-05
9.7886e-05
0.000126218
0.000141362
0.000141349
0.000126207
9.78832e-05
6.1043e-05
2.44429e-05
6.45373e-05
0.000156696
0.000222483
0.000261488
0.000278543
0.000278541
0.000261494
0.000222476
0.000156674
6.44964e-05
0.000106166
0.000229775
0.000290511
0.000314209
0.000321648
0.000321649
0.000314198
0.000290494
0.000229754
0.000106127
0.000138895
0.00027135
0.000316191
0.000327323
0.000329592
0.000329594
0.000327323
0.000316192
0.000271341
0.000138883
0.000156426
0.000288236
0.000323433
0.000329742
0.0003306
0.000330603
0.000329742
0.000323431
0.000288231
0.000156424
0.000156422
0.000288241
0.000323434
0.000329742
0.0003306
0.000330603
0.000329743
0.000323432
0.000288234
0.000156416
0.000138888
0.000271377
0.000316204
0.000327324
0.000329595
0.000329592
0.00032732
0.000316199
0.000271365
0.00013887
0.000106151
0.00022979
0.000290517
0.000314201
0.000321642
0.000321643
0.000314199
0.000290504
0.000229773
0.000106124
6.45495e-05
0.000156708
0.000222501
0.000261489
0.00027854
0.000278537
0.000261489
0.000222503
0.000156683
6.45059e-05
2.44944e-05
6.1041e-05
9.78979e-05
0.000126222
0.00014136
0.000141349
0.000126203
9.78874e-05
6.10273e-05
2.44725e-05
2.44695e-05
6.10264e-05
9.78725e-05
0.000126203
0.000141355
0.000141363
0.000126221
9.78923e-05
6.10413e-05
2.45001e-05
6.45025e-05
0.000156667
0.000222488
0.00026151
0.000278555
0.000278545
0.000261494
0.000222473
0.000156656
6.45326e-05
0.000106126
0.000229762
0.000290485
0.0003142
0.000321651
0.000321649
0.000314199
0.000290477
0.000229739
0.000106149
0.00013886
0.000271345
0.000316184
0.000327325
0.000329595
0.000329597
0.000327329
0.000316182
0.000271337
0.000138883
0.000156411
0.00028823
0.000323426
0.000329742
0.000330604
0.000330601
0.000329741
0.000323425
0.000288227
0.000156424
0.000156417
0.000288231
0.000323426
0.000329743
0.000330603
0.000330602
0.000329743
0.00032343
0.000288228
0.000156417
0.000138873
0.000271347
0.000316182
0.000327321
0.000329592
0.00032959
0.000327317
0.000316184
0.00027134
0.000138866
0.000106128
0.000229781
0.000290482
0.000314198
0.000321641
0.000321638
0.000314198
0.000290488
0.000229765
0.000106126
6.4494e-05
0.000156692
0.000222464
0.000261491
0.000278528
0.000278527
0.000261491
0.000222471
0.000156681
6.4514e-05
2.44647e-05
6.10563e-05
9.79062e-05
0.00012623
0.000141348
0.000141344
0.000126207
9.78842e-05
6.10496e-05
2.45012e-05
2.44767e-05
6.10346e-05
9.79015e-05
0.000126225
0.000141364
0.00014136
0.000126222
9.78985e-05
6.10273e-05
2.44691e-05
6.45415e-05
0.00015667
0.000222485
0.000261501
0.000278553
0.000278559
0.000261515
0.000222502
0.00015667
6.45274e-05
0.000106168
0.00022977
0.000290517
0.000314228
0.000321658
0.000321653
0.00031421
0.000290497
0.000229742
0.000106136
0.000138895
0.00027135
0.000316197
0.000327336
0.000329602
0.000329598
0.000327336
0.000316203
0.000271345
0.000138875
0.000156425
0.000288236
0.000323438
0.00032975
0.000330606
0.000330603
0.000329747
0.000323438
0.000288235
0.000156419
0.000156419
0.000288231
0.000323431
0.000329744
0.000330602
0.000330604
0.000329747
0.000323438
0.00028824
0.00015643
0.000138885
0.000271347
0.000316192
0.000327322
0.000329591
0.000329591
0.000327322
0.000316194
0.000271356
0.000138896
0.000106147
0.000229752
0.000290494
0.000314195
0.000321641
0.000321643
0.000314206
0.000290505
0.00022976
0.000106154
6.45452e-05
0.00015667
0.000222478
0.000261494
0.000278539
0.000278535
0.000261493
0.0002225
0.000156677
6.45377e-05
2.44993e-05
6.10292e-05
9.78918e-05
0.000126227
0.000141362
0.000141351
0.000126203
9.78949e-05
6.10353e-05
2.44801e-05
2.45212e-05
6.10523e-05
9.7897e-05
0.000126223
0.000141359
0.000141357
0.000126215
9.78845e-05
6.10497e-05
2.45075e-05
6.4533e-05
0.000156671
0.000222493
0.000261515
0.000278554
0.000278553
0.000261513
0.000222499
0.000156695
6.45531e-05
0.000106142
0.000229757
0.000290493
0.000314204
0.000321653
0.000321656
0.000314209
0.000290493
0.00022976
0.000106163
0.000138877
0.00027134
0.000316191
0.000327326
0.000329596
0.000329601
0.00032733
0.00031619
0.000271337
0.000138877
0.000156426
0.000288231
0.000323432
0.000329742
0.000330602
0.000330603
0.000329741
0.00032343
0.000288233
0.000156422
0.000156418
0.000288228
0.000323428
0.000329745
0.000330605
0.000330602
0.000329743
0.00032343
0.000288231
0.00015642
0.000138867
0.000271341
0.000316185
0.000327329
0.0003296
0.000329592
0.000327317
0.00031618
0.000271336
0.000138865
0.000106125
0.000229782
0.000290509
0.000314209
0.000321648
0.000321643
0.000314192
0.000290481
0.00022976
0.000106135
6.45084e-05
0.000156678
0.000222474
0.000261494
0.000278542
0.00027855
0.000261514
0.000222486
0.000156684
6.45232e-05
2.44794e-05
6.10287e-05
9.78818e-05
0.000126218
0.000141357
0.00014135
0.000126204
9.78706e-05
6.10401e-05
2.44884e-05
2.45358e-05
6.10551e-05
9.78809e-05
0.000126223
0.000141368
0.000141348
0.000126208
9.788e-05
6.10415e-05
2.44472e-05
6.457e-05
0.000156684
0.000222488
0.000261488
0.000278543
0.000278537
0.000261488
0.000222467
0.000156667
6.44944e-05
0.000106177
0.000229765
0.00029051
0.000314207
0.000321649
0.00032165
0.000314198
0.000290499
0.000229754
0.000106129
0.000138905
0.000271361
0.000316201
0.000327325
0.000329591
0.00032959
0.000327322
0.000316198
0.00027134
0.000138877
0.000156426
0.000288237
0.000323436
0.000329745
0.000330602
0.000330601
0.000329743
0.000323436
0.000288234
0.000156423
0.000156419
0.000288244
0.000323436
0.000329744
0.000330601
0.000330601
0.000329742
0.000323434
0.000288241
0.000156418
0.000138887
0.000271377
0.000316206
0.000327325
0.000329589
0.00032959
0.000327323
0.000316202
0.000271371
0.000138869
0.000106152
0.000229784
0.000290515
0.000314203
0.00032164
0.000321644
0.000314203
0.000290507
0.00022978
0.000106124
6.45568e-05
0.000156714
0.000222513
0.00026149
0.000278538
0.000278544
0.000261499
0.000222508
0.000156694
6.45183e-05
2.45261e-05
6.10721e-05
9.79121e-05
0.000126215
0.000141354
0.00014135
0.000126205
9.78966e-05
6.10346e-05
2.44755e-05
2.44645e-05
6.10533e-05
9.7891e-05
0.000126217
0.000141365
0.000141369
0.000126224
9.78866e-05
6.1042e-05
2.44964e-05
6.44981e-05
0.000156676
0.000222473
0.000261497
0.000278545
0.000278538
0.00026149
0.000222468
0.000156667
6.45284e-05
0.000106118
0.000229765
0.000290482
0.000314197
0.000321642
0.00032164
0.000314197
0.00029048
0.000229746
0.000106138
0.000138859
0.000271346
0.00031618
0.000327321
0.000329595
0.000329596
0.000327324
0.000316183
0.000271341
0.000138872
0.000156414
0.000288236
0.000323426
0.000329742
0.000330603
0.000330603
0.000329743
0.000323427
0.000288231
0.000156418
0.000156417
0.000288231
0.000323429
0.000329744
0.000330604
0.000330602
0.00032974
0.00032343
0.000288231
0.000156415
0.00013887
0.000271345
0.000316187
0.000327323
0.000329596
0.000329592
0.000327314
0.000316181
0.000271338
0.000138864
0.000106131
0.000229775
0.000290483
0.0003142
0.000321643
0.00032164
0.000314201
0.000290491
0.000229775
0.00010613
6.45095e-05
0.000156684
0.000222471
0.000261493
0.00027853
0.000278527
0.000261493
0.000222471
0.000156698
6.45169e-05
2.4476e-05
6.10339e-05
9.78967e-05
0.000126224
0.000141349
0.000141344
0.000126218
9.78905e-05
6.10483e-05
2.44807e-05
2.44881e-05
6.10384e-05
9.79227e-05
0.000126247
0.000141374
0.000141354
0.0001262
9.78905e-05
6.10455e-05
2.44686e-05
6.45413e-05
0.000156672
0.000222504
0.000261508
0.000278544
0.000278548
0.000261503
0.000222491
0.00015668
6.45172e-05
0.000106151
0.000229754
0.000290512
0.000314214
0.00032165
0.00032165
0.000314211
0.000290499
0.000229747
0.000106126
0.000138892
0.000271348
0.000316206
0.000327338
0.000329599
0.000329602
0.000327342
0.000316201
0.000271345
0.000138874
0.000156423
0.000288235
0.000323443
0.000329751
0.000330604
0.000330604
0.00032975
0.000323436
0.000288238
0.00015642
0.000156424
0.000288235
0.000323435
0.000329747
0.000330602
0.000330601
0.000329743
0.000323434
0.000288238
0.00015643
0.000138893
0.000271356
0.000316199
0.000327326
0.000329592
0.000329591
0.000327321
0.000316196
0.00027135
0.000138896
0.000106157
0.000229768
0.000290503
0.000314203
0.000321637
0.000321642
0.000314203
0.000290513
0.000229759
0.000106156
6.45429e-05
0.00015668
0.00022248
0.000261491
0.000278539
0.000278537
0.000261495
0.000222504
0.000156682
6.45436e-05
2.44728e-05
6.10256e-05
9.78912e-05
0.000126215
0.000141357
0.000141351
0.000126202
9.7886e-05
6.10346e-05
2.44875e-05
2.45282e-05
6.10449e-05
9.7891e-05
0.000126227
0.000141357
0.000141353
0.000126214
9.78794e-05
6.10407e-05
2.4507e-05
6.45377e-05
0.000156676
0.000222502
0.000261522
0.000278555
0.000278564
0.000261536
0.000222514
0.000156692
6.4551e-05
0.000106145
0.000229753
0.000290496
0.000314208
0.000321651
0.000321651
0.000314202
0.000290485
0.000229741
0.000106154
0.000138879
0.000271339
0.000316196
0.00032733
0.0003296
0.000329601
0.00032733
0.000316194
0.000271337
0.000138883
0.000156424
0.00028823
0.000323432
0.000329743
0.000330604
0.000330607
0.000329746
0.000323433
0.000288233
0.000156426
0.00015642
0.000288232
0.000323431
0.000329742
0.000330605
0.000330604
0.000329742
0.000323432
0.000288231
0.000156423
0.000138863
0.00027134
0.000316185
0.000327326
0.000329594
0.000329592
0.000327321
0.000316186
0.000271335
0.000138871
0.000106128
0.000229778
0.000290498
0.000314214
0.000321643
0.000321642
0.000314193
0.000290478
0.00022975
0.000106143
6.45076e-05
0.000156669
0.000222464
0.000261494
0.000278531
0.000278546
0.000261514
0.000222506
0.000156697
6.45515e-05
2.44861e-05
6.10319e-05
9.78831e-05
0.000126217
0.000141353
0.000141348
0.000126199
9.7886e-05
6.10588e-05
2.45337e-05
2.45289e-05
6.10481e-05
9.79322e-05
0.000126246
0.000141372
0.000141353
0.00012621
9.79113e-05
6.10601e-05
2.45355e-05
6.45296e-05
0.000156677
0.000222518
0.000261487
0.000278533
0.000278526
0.00026149
0.000222498
0.000156668
6.45346e-05
0.000106137
0.000229775
0.000290518
0.000314199
0.000321639
0.000321636
0.0003142
0.000290503
0.00022978
0.000106137
0.000138866
0.000271351
0.000316191
0.000327315
0.000329589
0.000329588
0.000327316
0.00031618
0.000271358
0.000138871
0.000156412
0.00028824
0.000323431
0.000329739
0.000330604
0.000330603
0.000329743
0.000323436
0.00028825
0.000156421
0.000156415
0.000288234
0.000323433
0.000329742
0.000330605
0.000330605
0.000329746
0.000323435
0.00028824
0.000156418
0.000138862
0.000271341
0.000316191
0.000327319
0.000329592
0.000329593
0.000327326
0.000316191
0.000271348
0.000138869
0.000106125
0.00022977
0.000290501
0.000314208
0.000321654
0.000321655
0.000314207
0.000290493
0.000229779
0.000106129
6.45294e-05
0.000156705
0.000222486
0.000261489
0.000278543
0.000278545
0.00026151
0.000222503
0.000156724
6.4521e-05
2.45173e-05
6.10777e-05
9.79147e-05
0.000126236
0.000141375
0.000141359
0.000126213
9.78756e-05
6.1055e-05
2.45187e-05
2.45133e-05
6.10505e-05
9.79174e-05
0.000126242
0.000141379
0.000141362
0.000126208
9.78858e-05
6.10555e-05
2.45257e-05
6.45501e-05
0.000156661
0.000222471
0.000261491
0.000278546
0.000278543
0.000261491
0.000222479
0.000156678
6.45491e-05
0.000106152
0.000229737
0.000290479
0.000314202
0.000321646
0.000321649
0.0003142
0.000290487
0.000229751
0.000106148
0.00013889
0.000271347
0.000316188
0.000327329
0.000329596
0.000329596
0.000327324
0.000316192
0.000271354
0.000138891
0.000156421
0.000288232
0.000323427
0.000329746
0.000330607
0.000330607
0.000329744
0.000323431
0.000288236
0.000156422
0.000156416
0.000288231
0.000323425
0.000329743
0.000330604
0.000330604
0.000329741
0.000323428
0.000288234
0.000156419
0.000138873
0.000271351
0.000316181
0.000327323
0.000329594
0.000329589
0.000327313
0.000316178
0.000271342
0.000138877
0.000106127
0.000229758
0.000290479
0.0003142
0.000321639
0.00032164
0.000314196
0.000290486
0.000229755
0.000106134
6.4521e-05
0.000156669
0.000222463
0.000261498
0.000278533
0.000278537
0.000261497
0.000222474
0.000156678
6.45304e-05
2.45163e-05
6.10441e-05
9.7881e-05
0.000126226
0.000141361
0.000141354
0.000126207
9.7874e-05
6.10444e-05
2.45065e-05
2.45162e-05
6.1059e-05
9.79039e-05
0.000126224
0.000141367
0.000141357
0.000126205
9.78758e-05
6.10507e-05
2.45025e-05
6.45412e-05
0.000156669
0.000222476
0.000261492
0.000278542
0.00027855
0.000261504
0.000222488
0.000156694
6.45397e-05
0.000106148
0.000229744
0.000290478
0.000314196
0.000321648
0.000321653
0.000314202
0.000290483
0.000229746
0.000106144
0.000138888
0.00027135
0.000316189
0.000327327
0.000329599
0.000329599
0.00032733
0.000316191
0.000271343
0.000138887
0.000156421
0.000288232
0.000323427
0.000329742
0.000330604
0.000330604
0.000329747
0.00032343
0.000288231
0.000156421
0.000156413
0.000288228
0.000323425
0.000329739
0.000330602
0.000330601
0.000329745
0.00032343
0.000288233
0.000156421
0.00013887
0.000271339
0.00031618
0.000327318
0.000329591
0.00032959
0.000327314
0.00031618
0.00027134
0.00013888
0.000106133
0.000229752
0.000290479
0.000314196
0.000321639
0.000321641
0.0003142
0.000290495
0.000229762
0.000106143
6.45285e-05
0.000156662
0.000222459
0.000261491
0.000278534
0.000278536
0.000261491
0.000222466
0.00015668
6.4537e-05
2.45069e-05
6.10356e-05
9.78825e-05
0.000126221
0.000141366
0.000141357
0.000126208
9.78818e-05
6.10514e-05
2.45112e-05
2.45328e-05
6.10655e-05
9.7909e-05
0.000126232
0.000141373
0.000141364
0.000126222
9.78946e-05
6.10488e-05
2.4515e-05
6.45432e-05
0.000156666
0.000222478
0.000261489
0.00027855
0.000278558
0.000261508
0.00022249
0.000156673
6.45449e-05
0.000106157
0.000229745
0.000290479
0.000314195
0.000321649
0.000321658
0.000314201
0.000290477
0.00022974
0.000106153
0.000138888
0.000271342
0.000316186
0.000327325
0.000329599
0.000329602
0.000327327
0.000316188
0.000271345
0.000138895
0.000156422
0.000288226
0.000323427
0.000329746
0.000330607
0.000330609
0.000329745
0.000323429
0.00028823
0.000156429
0.00015642
0.000288232
0.000323431
0.000329742
0.000330603
0.000330605
0.000329745
0.00032343
0.000288231
0.00015642
0.000138877
0.000271345
0.000316187
0.00032732
0.000329593
0.000329592
0.000327318
0.000316182
0.000271343
0.000138874
0.000106139
0.000229754
0.000290478
0.000314195
0.000321638
0.000321643
0.000314203
0.000290496
0.000229761
0.000106131
6.45379e-05
0.00015667
0.000222467
0.000261497
0.000278532
0.000278537
0.000261489
0.00022247
0.000156676
6.45241e-05
2.45267e-05
6.10576e-05
9.7896e-05
0.000126229
0.000141366
0.000141358
0.000126212
9.78812e-05
6.10394e-05
2.45017e-05
2.45235e-05
6.10435e-05
9.78865e-05
0.000126219
0.000141359
0.000141352
0.000126203
9.78852e-05
6.10442e-05
2.45096e-05
6.45562e-05
0.000156678
0.000222466
0.000261485
0.000278539
0.000278546
0.000261496
0.000222481
0.000156669
6.4538e-05
0.000106141
0.000229745
0.000290482
0.000314198
0.000321646
0.000321647
0.0003142
0.000290483
0.000229743
0.000106144
0.000138888
0.00027135
0.000316192
0.000327327
0.000329596
0.000329596
0.000327328
0.000316188
0.000271343
0.000138888
0.000156424
0.000288232
0.000323429
0.000329744
0.000330603
0.000330603
0.000329743
0.000323428
0.00028823
0.000156423
0.00015642
0.000288232
0.000323429
0.000329745
0.000330605
0.000330604
0.000329744
0.000323431
0.000288231
0.000156417
0.000138878
0.000271345
0.000316187
0.000327325
0.000329595
0.000329593
0.000327317
0.000316182
0.000271338
0.000138876
0.00010614
0.000229752
0.000290478
0.000314201
0.000321638
0.000321641
0.000314196
0.000290488
0.000229758
0.000106138
6.45273e-05
0.00015667
0.000222467
0.000261501
0.000278536
0.000278542
0.000261487
0.000222468
0.000156676
6.45234e-05
2.45062e-05
6.1053e-05
9.78929e-05
0.00012623
0.000141365
0.000141361
0.000126211
9.78751e-05
6.10398e-05
2.45007e-05
2.45105e-05
6.10611e-05
9.79093e-05
0.000126235
0.000141359
0.000141352
0.000126207
9.78822e-05
6.10596e-05
2.45149e-05
6.45338e-05
0.000156664
0.000222469
0.000261492
0.000278544
0.000278551
0.000261499
0.000222479
0.000156678
6.45367e-05
0.000106151
0.00022974
0.000290476
0.0003142
0.000321648
0.000321653
0.0003142
0.000290477
0.00022974
0.000106146
0.00013889
0.000271343
0.000316184
0.000327325
0.000329596
0.000329599
0.000327327
0.000316182
0.000271336
0.000138886
0.000156423
0.000288228
0.000323424
0.00032974
0.000330603
0.000330606
0.000329741
0.000323427
0.000288229
0.000156425
0.000156416
0.00028823
0.000323428
0.000329746
0.000330602
0.000330602
0.000329741
0.000323429
0.00028823
0.000156418
0.000138873
0.000271341
0.000316181
0.000327326
0.000329591
0.000329588
0.000327314
0.000316181
0.000271343
0.000138874
0.000106138
0.000229758
0.00029048
0.0003142
0.00032164
0.000321641
0.000314199
0.000290496
0.000229764
0.000106131
6.45252e-05
0.000156665
0.000222465
0.000261496
0.000278533
0.000278533
0.000261488
0.000222469
0.000156682
6.45252e-05
2.4509e-05
6.10473e-05
9.78894e-05
0.000126226
0.00014137
0.000141365
0.000126223
9.78869e-05
6.10442e-05
2.44876e-05
2.44945e-05
6.10298e-05
9.78831e-05
0.000126219
0.000141362
0.000141355
0.000126211
9.78878e-05
6.10523e-05
2.45114e-05
6.45359e-05
0.000156666
0.00022246
0.000261485
0.000278544
0.000278554
0.000261507
0.000222481
0.000156672
6.45452e-05
0.00010614
0.000229751
0.000290482
0.000314194
0.000321645
0.000321649
0.000314199
0.00029048
0.000229739
0.000106149
0.000138885
0.000271343
0.000316187
0.000327324
0.000329594
0.000329595
0.000327324
0.000316185
0.00027134
0.000138888
0.000156423
0.00028823
0.000323429
0.00032974
0.000330602
0.000330604
0.000329743
0.000323428
0.000288227
0.000156421
0.000156416
0.000288228
0.000323428
0.000329739
0.000330601
0.000330604
0.000329744
0.000323427
0.000288231
0.000156415
0.00013887
0.000271344
0.000316185
0.000327319
0.000329589
0.000329591
0.000327318
0.00031618
0.000271346
0.000138873
0.000106138
0.000229757
0.000290479
0.000314199
0.000321641
0.000321639
0.000314197
0.000290481
0.000229758
0.000106133
6.4532e-05
0.000156674
0.00022247
0.000261502
0.000278536
0.000278532
0.000261487
0.000222465
0.000156682
6.45196e-05
2.45042e-05
6.10377e-05
9.787e-05
0.000126211
0.000141359
0.000141351
0.000126208
9.78808e-05
6.10444e-05
2.44986e-05
2.4552e-05
6.1049e-05
9.78781e-05
0.000126219
0.000141361
0.000141355
0.000126209
9.78876e-05
6.10632e-05
2.4519e-05
6.45401e-05
0.000156661
0.000222465
0.000261486
0.000278544
0.000278547
0.000261497
0.00022248
0.00015668
6.45364e-05
0.000106145
0.00022974
0.000290481
0.000314197
0.000321648
0.000321646
0.000314199
0.000290488
0.000229748
0.000106148
0.000138887
0.000271342
0.000316188
0.000327324
0.000329596
0.000329597
0.000327325
0.000316187
0.00027134
0.000138887
0.000156419
0.000288227
0.000323427
0.000329744
0.000330602
0.000330602
0.000329745
0.000323429
0.000288231
0.000156425
0.000156415
0.00028823
0.000323428
0.000329743
0.000330602
0.000330602
0.000329742
0.00032343
0.000288233
0.000156419
0.000138874
0.000271344
0.000316181
0.000327319
0.000329596
0.000329593
0.000327316
0.000316181
0.000271341
0.000138871
0.000106138
0.000229755
0.000290479
0.0003142
0.000321646
0.000321643
0.000314197
0.000290489
0.000229762
0.000106131
6.45269e-05
0.000156666
0.000222468
0.000261499
0.000278538
0.000278536
0.00026149
0.000222474
0.000156679
6.45206e-05
2.45096e-05
6.10509e-05
9.7892e-05
0.000126226
0.000141364
0.000141354
0.000126203
9.78776e-05
6.10396e-05
2.44945e-05
2.45361e-05
6.10667e-05
9.79112e-05
0.000126231
0.000141371
0.000141359
0.000126205
9.78708e-05
6.10406e-05
2.45079e-05
6.45368e-05
0.000156662
0.000222466
0.000261486
0.000278542
0.000278549
0.000261501
0.000222477
0.000156674
6.4545e-05
0.000106142
0.000229743
0.00029048
0.0003142
0.000321647
0.000321646
0.000314197
0.000290481
0.000229742
0.00010615
0.000138886
0.000271338
0.000316185
0.000327327
0.000329597
0.000329594
0.000327327
0.000316191
0.000271345
0.000138892
0.000156422
0.000288228
0.000323427
0.000329745
0.000330604
0.000330602
0.000329745
0.000323432
0.00028823
0.000156423
0.000156417
0.000288231
0.00032343
0.000329743
0.000330602
0.000330605
0.000329748
0.000323431
0.000288232
0.000156417
0.000138874
0.000271345
0.000316184
0.00032732
0.000329592
0.000329595
0.000327324
0.000316185
0.000271341
0.000138876
0.000106138
0.000229759
0.000290484
0.000314195
0.000321638
0.000321638
0.000314198
0.000290488
0.000229752
0.000106134
6.45228e-05
0.000156666
0.000222468
0.000261497
0.00027854
0.000278546
0.0002615
0.000222473
0.000156674
6.4523e-05
2.45147e-05
6.10416e-05
9.78761e-05
0.000126223
0.00014136
0.000141348
0.000126208
9.78818e-05
6.10397e-05
2.45012e-05
2.45356e-05
6.106e-05
9.79222e-05
0.000126243
0.000141372
0.000141357
0.000126209
9.78761e-05
6.10313e-05
2.45118e-05
6.45601e-05
0.000156669
0.000222487
0.000261504
0.000278546
0.000278544
0.000261501
0.000222481
0.000156669
6.4548e-05
0.000106158
0.000229743
0.000290484
0.000314212
0.000321656
0.000321647
0.000314203
0.000290486
0.000229741
0.000106153
0.000138891
0.000271346
0.000316189
0.000327333
0.000329599
0.000329597
0.00032733
0.00031619
0.000271344
0.000138894
0.000156425
0.000288229
0.000323424
0.000329745
0.000330605
0.000330605
0.000329746
0.000323429
0.000288233
0.000156422
0.000156419
0.000288228
0.000323425
0.000329742
0.000330605
0.000330606
0.000329749
0.000323429
0.000288233
0.000156417
0.000138875
0.000271343
0.000316183
0.000327319
0.00032959
0.00032959
0.000327323
0.000316186
0.000271345
0.000138873
0.00010614
0.000229758
0.000290477
0.000314198
0.000321635
0.000321635
0.000314198
0.000290485
0.000229759
0.000106136
6.45201e-05
0.000156674
0.000222467
0.000261494
0.000278532
0.00027853
0.000261488
0.000222462
0.000156675
6.45281e-05
2.44991e-05
6.10471e-05
9.78746e-05
0.000126211
0.000141358
0.000141351
0.000126209
9.78768e-05
6.10358e-05
2.44958e-05
2.45274e-05
6.10628e-05
9.79069e-05
0.000126229
0.000141368
0.00014136
0.000126218
9.78887e-05
6.10426e-05
2.45171e-05
6.45424e-05
0.00015666
0.000222477
0.000261492
0.000278546
0.000278557
0.000261512
0.000222487
0.000156674
6.45455e-05
0.000106156
0.000229746
0.00029049
0.000314205
0.000321649
0.000321648
0.000314204
0.000290481
0.000229744
0.000106151
0.000138897
0.00027135
0.000316193
0.00032733
0.000329597
0.0003296
0.000327332
0.000316189
0.000271349
0.000138894
0.000156423
0.00028823
0.000323429
0.000329746
0.000330605
0.000330606
0.000329746
0.00032343
0.000288235
0.000156425
0.000156417
0.00028823
0.000323431
0.000329742
0.000330602
0.000330605
0.000329744
0.000323432
0.000288237
0.000156422
0.000138879
0.000271343
0.000316186
0.000327318
0.000329592
0.000329593
0.000327319
0.000316189
0.000271349
0.000138875
0.000106141
0.000229758
0.000290484
0.000314195
0.00032164
0.000321643
0.0003142
0.000290491
0.000229764
0.000106133
6.45292e-05
0.000156669
0.000222465
0.000261494
0.000278537
0.000278538
0.000261489
0.000222462
0.00015668
6.45218e-05
2.45158e-05
6.10612e-05
9.78904e-05
0.000126223
0.000141362
0.00014135
0.000126207
9.78761e-05
6.10391e-05
2.44926e-05
2.4534e-05
6.10729e-05
9.79174e-05
0.000126239
0.000141366
0.00014135
0.000126206
9.78874e-05
6.10645e-05
2.45145e-05
6.45476e-05
0.000156676
0.000222486
0.000261502
0.000278551
0.000278553
0.000261502
0.000222484
0.000156682
6.45489e-05
0.000106158
0.000229743
0.000290476
0.000314199
0.000321647
0.000321646
0.000314198
0.000290484
0.000229741
0.000106155
0.000138892
0.000271349
0.000316194
0.000327332
0.000329597
0.000329599
0.000327328
0.000316193
0.000271343
0.000138897
0.000156422
0.00028823
0.00032343
0.000329743
0.000330602
0.000330603
0.000329742
0.00032343
0.000288229
0.000156427
0.000156418
0.000288232
0.000323428
0.000329741
0.000330603
0.000330602
0.000329745
0.000323429
0.000288231
0.000156421
0.000138875
0.000271349
0.000316189
0.000327321
0.000329592
0.000329592
0.000327326
0.000316181
0.000271342
0.000138877
0.000106139
0.00022976
0.000290483
0.000314196
0.000321637
0.000321634
0.000314201
0.000290485
0.000229761
0.00010614
6.45326e-05
0.000156681
0.000222468
0.000261504
0.000278538
0.000278539
0.000261501
0.00022247
0.00015668
6.45316e-05
2.45012e-05
6.10453e-05
9.78756e-05
0.000126217
0.000141354
0.000141346
0.000126208
9.78779e-05
6.10393e-05
2.45018e-05
2.44719e-05
6.10301e-05
9.79189e-05
0.000126244
0.000141366
0.000141363
0.000126233
9.79141e-05
6.1018e-05
2.44555e-05
6.45427e-05
0.000156711
0.000222539
0.000261513
0.000278538
0.000278536
0.000261512
0.000222548
0.000156721
6.45321e-05
0.000106147
0.000229793
0.000290527
0.000314207
0.000321643
0.000321645
0.000314214
0.000290516
0.000229779
0.000106136
0.000138878
0.00027136
0.000316198
0.000327324
0.000329594
0.000329594
0.000327326
0.000316204
0.000271366
0.000138872
0.000156431
0.000288228
0.000323429
0.000329743
0.000330602
0.000330602
0.00032974
0.000323433
0.000288236
0.000156414
0.000156428
0.000288227
0.000323431
0.000329745
0.000330603
0.000330602
0.00032974
0.000323429
0.000288232
0.000156419
0.000138881
0.000271343
0.000316185
0.00032732
0.000329591
0.000329592
0.000327325
0.000316188
0.000271348
0.000138876
0.000106167
0.000229791
0.000290507
0.000314214
0.000321643
0.000321639
0.000314199
0.000290485
0.000229764
0.000106123
6.4557e-05
0.000156736
0.000222489
0.000261503
0.000278535
0.000278534
0.000261492
0.000222472
0.00015671
6.44988e-05
2.44818e-05
6.10784e-05
9.78955e-05
0.000126222
0.000141353
0.000141356
0.000126227
9.79082e-05
6.10701e-05
2.44284e-05
2.44989e-05
6.10385e-05
9.78863e-05
0.000126225
0.000141367
0.000141355
0.000126213
9.78848e-05
6.10576e-05
2.44753e-05
6.45382e-05
0.000156672
0.000222483
0.000261494
0.000278541
0.000278537
0.000261486
0.000222466
0.000156667
6.44943e-05
0.000106149
0.000229749
0.000290501
0.000314199
0.000321645
0.000321645
0.000314197
0.000290493
0.000229751
0.000106122
0.000138888
0.000271345
0.000316192
0.000327319
0.00032959
0.000329589
0.000327321
0.000316193
0.000271342
0.000138871
0.000156419
0.000288237
0.000323432
0.000329743
0.000330607
0.000330606
0.000329743
0.000323431
0.000288233
0.000156417
0.000156416
0.000288247
0.000323432
0.00032974
0.000330606
0.000330606
0.000329743
0.000323433
0.000288237
0.000156412
0.000138883
0.000271381
0.000316198
0.000327321
0.000329595
0.000329595
0.000327326
0.000316203
0.000271369
0.000138865
0.000106145
0.000229789
0.000290512
0.000314209
0.00032165
0.000321649
0.000314209
0.000290511
0.000229776
0.000106127
6.45467e-05
0.000156716
0.000222514
0.000261506
0.000278543
0.000278535
0.000261494
0.000222515
0.000156688
6.45174e-05
2.44886e-05
6.10564e-05
9.79231e-05
0.000126237
0.000141365
0.000141353
0.000126204
9.79006e-05
6.104e-05
2.44865e-05
2.44465e-05
6.1027e-05
9.78716e-05
0.000126208
0.000141351
0.000141356
0.000126211
9.78871e-05
6.10386e-05
2.44867e-05
6.44994e-05
0.000156678
0.000222484
0.000261501
0.000278538
0.000278537
0.000261493
0.00022248
0.000156671
6.45371e-05
0.000106125
0.000229752
0.000290485
0.000314204
0.000321644
0.000321645
0.000314196
0.000290477
0.000229739
0.000106142
0.000138866
0.000271337
0.00031618
0.000327324
0.000329594
0.000329601
0.000327327
0.000316182
0.000271339
0.00013888
0.000156419
0.000288228
0.000323425
0.000329746
0.000330606
0.000330604
0.000329742
0.000323425
0.00028823
0.000156419
0.000156424
0.000288229
0.000323425
0.000329744
0.000330606
0.000330604
0.000329741
0.000323428
0.000288229
0.000156414
0.000138874
0.000271346
0.000316181
0.000327323
0.000329592
0.000329593
0.000327319
0.000316183
0.000271335
0.00013887
0.000106128
0.000229784
0.000290488
0.000314205
0.000321638
0.000321641
0.000314197
0.000290486
0.000229759
0.000106135
6.44934e-05
0.000156696
0.000222467
0.000261495
0.00027853
0.000278534
0.000261493
0.000222468
0.000156678
6.45158e-05
2.44445e-05
6.10419e-05
9.78941e-05
0.000126226
0.00014135
0.000141348
0.000126216
9.78804e-05
6.10435e-05
2.44921e-05
2.44722e-05
6.10266e-05
9.79018e-05
0.000126228
0.000141361
0.000141354
0.000126202
9.78937e-05
6.10506e-05
2.44396e-05
6.4545e-05
0.000156687
0.000222498
0.000261497
0.000278546
0.00027855
0.000261504
0.000222494
0.000156675
6.44914e-05
0.000106158
0.000229766
0.000290517
0.000314214
0.000321653
0.000321652
0.000314208
0.000290505
0.000229753
0.000106118
0.000138897
0.000271352
0.000316201
0.00032733
0.000329598
0.000329597
0.000327333
0.000316201
0.000271344
0.000138866
0.000156428
0.000288236
0.000323441
0.000329746
0.000330603
0.000330602
0.000329746
0.000323434
0.000288235
0.000156417
0.000156425
0.00028823
0.000323435
0.000329742
0.000330603
0.000330604
0.000329744
0.000323436
0.000288239
0.000156432
0.000138888
0.000271343
0.000316194
0.00032732
0.000329595
0.000329597
0.000327327
0.000316196
0.00027136
0.000138903
0.000106151
0.00022976
0.000290509
0.000314202
0.000321644
0.000321648
0.000314208
0.000290506
0.000229769
0.000106166
6.45409e-05
0.000156667
0.000222487
0.000261492
0.000278543
0.000278549
0.000261507
0.000222508
0.000156697
6.45548e-05
2.44874e-05
6.10316e-05
9.78949e-05
0.000126215
0.000141353
0.000141347
0.000126205
9.78852e-05
6.10302e-05
2.44762e-05
2.45289e-05
6.10436e-05
9.7878e-05
0.000126211
0.000141349
0.000141345
0.000126205
9.78791e-05
6.1053e-05
2.45402e-05
6.45455e-05
0.000156668
0.000222475
0.000261499
0.000278547
0.000278565
0.000261541
0.000222522
0.000156704
6.45676e-05
0.000106153
0.000229767
0.00029049
0.000314201
0.000321647
0.000321649
0.0003142
0.000290476
0.000229748
0.000106162
0.000138873
0.000271343
0.000316185
0.000327325
0.000329597
0.000329596
0.000327329
0.000316188
0.000271343
0.000138888
0.000156423
0.000288233
0.000323427
0.000329742
0.000330606
0.000330602
0.000329741
0.000323429
0.000288232
0.000156429
0.000156417
0.000288232
0.000323427
0.00032974
0.000330602
0.000330602
0.000329741
0.000323431
0.000288228
0.000156422
0.000138863
0.000271339
0.000316183
0.000327321
0.000329592
0.000329592
0.000327318
0.000316182
0.000271328
0.000138865
0.000106127
0.000229786
0.000290504
0.000314207
0.000321645
0.000321644
0.00031419
0.000290482
0.000229755
0.000106139
6.45091e-05
0.000156685
0.000222475
0.000261498
0.000278539
0.000278549
0.000261504
0.000222485
0.000156677
6.45249e-05
2.44725e-05
6.10287e-05
9.7875e-05
0.000126212
0.000141349
0.000141345
0.000126205
9.78725e-05
6.10363e-05
2.44948e-05
2.45017e-05
6.10326e-05
9.78892e-05
0.000126228
0.000141362
0.000141347
0.00012621
9.78916e-05
6.10508e-05
2.44418e-05
6.45435e-05
0.000156678
0.00022249
0.000261496
0.000278546
0.000278536
0.000261481
0.000222464
0.000156678
6.44918e-05
0.000106168
0.000229764
0.00029051
0.000314206
0.000321645
0.000321647
0.000314198
0.000290491
0.000229754
0.000106122
0.000138902
0.000271353
0.000316198
0.00032733
0.00032959
0.000329592
0.000327322
0.000316195
0.000271344
0.000138874
0.000156424
0.000288234
0.000323432
0.000329747
0.000330601
0.0003306
0.000329741
0.000323437
0.000288241
0.00015642
0.000156422
0.000288246
0.000323436
0.000329745
0.000330602
0.000330603
0.000329743
0.000323437
0.000288245
0.000156413
0.000138892
0.000271381
0.000316202
0.000327323
0.000329591
0.000329593
0.000327323
0.000316198
0.000271372
0.000138869
0.000106155
0.000229795
0.000290521
0.00031421
0.000321643
0.000321641
0.000314202
0.000290511
0.000229783
0.000106123
6.45524e-05
0.000156715
0.000222513
0.000261493
0.000278533
0.000278532
0.000261488
0.000222504
0.00015669
6.4513e-05
2.45023e-05
6.10582e-05
9.79127e-05
0.000126222
0.000141356
0.000141347
0.000126195
9.78854e-05
6.10098e-05
2.44365e-05
2.44547e-05
6.10224e-05
9.78703e-05
0.000126204
0.000141349
0.000141351
0.000126207
9.78804e-05
6.10267e-05
2.44678e-05
6.45073e-05
0.000156672
0.00022248
0.000261502
0.000278541
0.000278538
0.000261493
0.000222482
0.00015667
6.45286e-05
0.000106124
0.000229751
0.00029048
0.000314199
0.000321641
0.000321644
0.000314195
0.00029048
0.000229741
0.00010614
0.00013886
0.000271344
0.000316183
0.000327327
0.000329595
0.000329596
0.000327329
0.000316187
0.000271341
0.000138878
0.000156412
0.000288229
0.000323426
0.000329746
0.000330601
0.0003306
0.000329744
0.000323427
0.00028823
0.000156423
0.000156416
0.00028823
0.000323426
0.000329743
0.0003306
0.0003306
0.000329742
0.000323431
0.000288228
0.000156414
0.000138864
0.000271335
0.000316176
0.000327315
0.000329588
0.000329589
0.000327317
0.000316186
0.000271339
0.000138865
0.000106125
0.000229763
0.000290475
0.000314188
0.000321637
0.000321637
0.000314196
0.000290489
0.000229764
0.000106125
6.44986e-05
0.000156678
0.000222458
0.000261492
0.000278531
0.000278528
0.000261493
0.000222471
0.000156688
6.45059e-05
2.44585e-05
6.10325e-05
9.78801e-05
0.000126213
0.000141341
0.000141342
0.000126216
9.78913e-05
6.10521e-05
2.44729e-05
2.4531e-05
6.10456e-05
9.78944e-05
0.000126232
0.000141358
0.000141347
0.000126205
9.78888e-05
6.10466e-05
2.44883e-05
6.45617e-05
0.000156697
0.000222515
0.000261522
0.000278551
0.000278556
0.000261532
0.000222528
0.000156693
6.45309e-05
0.000106149
0.000229745
0.000290496
0.000314209
0.000321648
0.000321648
0.000314209
0.000290503
0.000229751
0.000106139
0.00013888
0.000271343
0.000316197
0.000327332
0.000329596
0.000329597
0.000327332
0.000316202
0.000271336
0.000138864
0.000156418
0.000288234
0.000323436
0.000329746
0.000330605
0.000330604
0.000329744
0.000323437
0.000288234
0.00015642
0.000156417
0.000288227
0.000323431
0.000329739
0.000330604
0.000330604
0.000329743
0.000323436
0.000288236
0.000156428
0.000138865
0.000271333
0.000316187
0.000327319
0.000329596
0.000329598
0.000327327
0.000316193
0.00027135
0.000138889
0.000106121
0.000229759
0.00029049
0.0003142
0.000321648
0.000321644
0.0003142
0.000290481
0.000229766
0.00010616
6.4493e-05
0.000156673
0.000222483
0.000261504
0.000278545
0.000278548
0.00026153
0.000222531
0.000156721
6.45484e-05
2.44623e-05
6.10316e-05
9.78854e-05
0.000126215
0.000141353
0.00014135
0.000126209
9.78856e-05
6.10242e-05
2.44728e-05
2.44247e-05
6.10556e-05
9.79042e-05
0.00012622
0.000141349
0.00014135
0.00012621
9.78926e-05
6.10428e-05
2.44311e-05
6.44867e-05
0.000156683
0.00022246
0.000261492
0.000278533
0.000278535
0.000261498
0.000222467
0.000156675
6.4488e-05
0.000106109
0.000229757
0.000290488
0.000314196
0.000321635
0.000321633
0.000314197
0.000290493
0.000229761
0.000106112
0.00013886
0.000271339
0.000316187
0.000327318
0.000329589
0.000329591
0.000327319
0.000316187
0.000271335
0.000138866
0.000156413
0.00028823
0.000323429
0.000329741
0.000330603
0.000330606
0.000329744
0.000323431
0.000288231
0.000156419
0.000156415
0.000288233
0.000323433
0.000329742
0.000330602
0.000330604
0.000329739
0.000323434
0.000288234
0.000156416
0.000138861
0.000271355
0.0003162
0.000327318
0.000329587
0.000329589
0.000327318
0.000316201
0.000271351
0.000138866
0.000106113
0.000229768
0.000290509
0.000314195
0.000321632
0.000321635
0.000314195
0.000290506
0.000229755
0.00010612
6.44917e-05
0.000156675
0.000222499
0.000261491
0.00027853
0.000278532
0.000261494
0.000222495
0.000156657
6.44921e-05
2.44297e-05
6.10123e-05
9.78977e-05
0.000126223
0.000141346
0.000141343
0.000126216
9.78904e-05
6.10136e-05
2.44413e-05
2.45034e-05
6.10405e-05
9.78796e-05
0.000126211
0.000141348
0.000141339
0.000126208
9.78926e-05
6.10422e-05
2.44346e-05
6.45562e-05
0.0001567
0.000222507
0.000261507
0.000278542
0.000278538
0.000261509
0.000222499
0.000156695
6.44987e-05
0.000106155
0.000229744
0.000290487
0.000314204
0.000321647
0.000321645
0.0003142
0.000290482
0.000229747
0.000106117
0.000138889
0.000271342
0.000316191
0.000327325
0.000329595
0.000329589
0.000327315
0.000316178
0.000271334
0.000138863
0.000156425
0.000288233
0.00032343
0.000329742
0.000330602
0.000330602
0.000329739
0.000323429
0.000288238
0.000156416
0.000156418
0.000288239
0.000323434
0.000329743
0.000330602
0.000330602
0.000329739
0.000323433
0.000288239
0.000156412
0.000138861
0.00027136
0.000316199
0.000327324
0.000329591
0.000329592
0.000327322
0.000316197
0.000271364
0.000138859
0.000106116
0.000229782
0.000290498
0.000314202
0.000321642
0.000321644
0.000314199
0.000290497
0.000229793
0.000106131
6.44936e-05
0.00015669
0.000222492
0.000261497
0.00027853
0.000278546
0.000261521
0.000222536
0.000156715
6.45226e-05
2.44576e-05
6.10367e-05
9.78927e-05
0.000126219
0.000141354
0.000141353
0.000126204
9.78979e-05
6.1033e-05
2.44735e-05
2.44492e-05
6.10563e-05
9.78927e-05
0.000126215
0.000141349
0.000141345
0.000126211
9.78977e-05
6.10509e-05
2.44357e-05
6.4495e-05
0.000156672
0.000222469
0.000261488
0.000278532
0.000278535
0.000261509
0.000222482
0.00015668
6.44895e-05
0.00010612
0.000229752
0.000290502
0.000314204
0.000321638
0.000321638
0.000314201
0.000290488
0.000229752
0.000106106
0.000138867
0.000271333
0.00031618
0.000327319
0.000329592
0.000329596
0.000327322
0.000316183
0.000271338
0.000138861
0.000156417
0.000288231
0.000323428
0.000329741
0.0003306
0.000330603
0.000329738
0.000323429
0.000288231
0.000156415
0.000156415
0.000288238
0.000323431
0.000329741
0.000330603
0.000330602
0.00032974
0.000323434
0.000288236
0.000156414
0.000138863
0.000271363
0.000316197
0.000327317
0.00032959
0.000329588
0.000327318
0.000316197
0.000271354
0.000138862
0.000106117
0.00022977
0.000290504
0.000314194
0.000321636
0.000321635
0.000314192
0.000290507
0.000229761
0.000106118
6.45001e-05
0.000156683
0.000222505
0.000261488
0.000278527
0.000278532
0.000261489
0.000222494
0.000156663
6.44893e-05
2.44318e-05
6.1003e-05
9.78931e-05
0.000126216
0.000141345
0.000141345
0.000126214
9.78867e-05
6.10161e-05
2.44508e-05
2.45179e-05
6.10419e-05
9.79035e-05
0.000126225
0.000141357
0.000141353
0.000126217
9.78932e-05
6.10443e-05
2.45015e-05
6.45604e-05
0.0001567
0.000222536
0.00026153
0.000278562
0.000278561
0.000261532
0.000222547
0.000156699
6.45395e-05
0.000106159
0.00022975
0.00029051
0.000314216
0.000321652
0.000321648
0.000314205
0.000290508
0.000229741
0.000106131
0.000138879
0.000271334
0.0003162
0.000327336
0.000329597
0.000329598
0.000327332
0.000316203
0.000271338
0.000138861
0.000156424
0.000288234
0.000323439
0.000329749
0.000330605
0.000330602
0.000329744
0.000323438
0.000288237
0.000156418
0.000156419
0.000288235
0.000323429
0.000329741
0.000330601
0.0003306
0.000329743
0.000323434
0.000288238
0.000156429
0.000138857
0.000271334
0.000316186
0.000327319
0.000329593
0.000329591
0.000327322
0.000316188
0.000271351
0.000138885
0.000106115
0.000229758
0.000290498
0.000314199
0.000321647
0.000321648
0.000314207
0.000290492
0.00022977
0.000106156
6.44936e-05
0.000156667
0.000222486
0.000261501
0.000278542
0.000278555
0.000261539
0.000222544
0.000156731
6.45677e-05
2.44564e-05
6.10258e-05
9.78891e-05
0.000126217
0.000141353
0.00014135
0.000126213
9.7896e-05
6.10485e-05
2.45195e-05
2.44284e-05
6.10634e-05
9.79013e-05
0.000126225
0.000141351
0.000141349
0.000126212
9.78924e-05
6.10417e-05
2.44257e-05
6.44953e-05
0.000156694
0.000222467
0.000261488
0.000278533
0.000278537
0.000261499
0.000222465
0.000156673
6.44878e-05
0.000106115
0.000229754
0.000290486
0.000314196
0.000321639
0.000321632
0.000314193
0.000290491
0.00022976
0.000106114
0.000138861
0.000271337
0.000316186
0.00032732
0.000329591
0.000329588
0.000327314
0.000316184
0.000271335
0.000138866
0.000156416
0.000288227
0.000323427
0.000329743
0.000330601
0.0003306
0.00032974
0.000323431
0.000288234
0.00015642
0.000156415
0.000288233
0.000323436
0.000329741
0.000330599
0.0003306
0.000329741
0.00032344
0.000288237
0.000156417
0.000138859
0.000271354
0.000316202
0.000327316
0.000329586
0.00032959
0.000327323
0.000316208
0.000271359
0.000138864
0.000106115
0.000229763
0.000290511
0.000314192
0.000321634
0.000321637
0.000314203
0.000290514
0.000229764
0.000106119
6.44935e-05
0.000156671
0.0002225
0.000261491
0.000278534
0.000278533
0.000261491
0.000222497
0.000156664
6.44928e-05
2.44364e-05
6.10261e-05
9.79072e-05
0.000126226
0.000141351
0.000141347
0.000126213
9.78952e-05
6.10128e-05
2.44371e-05
2.44983e-05
6.10426e-05
9.78929e-05
0.00012622
0.000141359
0.000141347
0.000126199
9.78791e-05
6.10317e-05
2.44501e-05
6.45546e-05
0.000156697
0.000222507
0.000261516
0.000278547
0.00027854
0.000261499
0.000222497
0.000156674
6.44938e-05
0.000106158
0.000229752
0.00029048
0.0003142
0.000321644
0.000321647
0.000314202
0.000290487
0.000229744
0.000106116
0.000138885
0.000271343
0.000316187
0.000327323
0.00032959
0.000329589
0.000327317
0.00031618
0.000271338
0.000138866
0.000156426
0.000288233
0.000323432
0.000329743
0.000330603
0.000330603
0.000329741
0.000323429
0.000288232
0.00015642
0.000156418
0.000288239
0.000323439
0.000329746
0.000330604
0.000330601
0.000329739
0.000323438
0.000288241
0.000156416
0.000138858
0.000271355
0.000316194
0.000327321
0.000329593
0.000329593
0.000327326
0.000316202
0.000271372
0.000138866
0.000106116
0.000229779
0.000290487
0.000314194
0.000321645
0.000321643
0.0003142
0.000290494
0.000229798
0.000106138
6.45e-05
0.000156697
0.000222501
0.000261512
0.00027855
0.000278548
0.000261514
0.000222521
0.000156718
6.45256e-05
2.44854e-05
6.10589e-05
9.79159e-05
0.000126235
0.000141361
0.000141346
0.000126199
9.78879e-05
6.1039e-05
2.44835e-05
2.44273e-05
6.1035e-05
9.78865e-05
0.000126206
0.000141344
0.000141344
0.000126213
9.79011e-05
6.10576e-05
2.44303e-05
6.44961e-05
0.00015668
0.000222477
0.000261489
0.000278535
0.000278539
0.000261497
0.00022247
0.000156675
6.44845e-05
0.000106111
0.000229748
0.00029049
0.0003142
0.000321638
0.000321634
0.000314197
0.000290494
0.000229762
0.000106115
0.000138866
0.000271343
0.000316191
0.000327327
0.000329589
0.000329589
0.000327323
0.000316189
0.000271344
0.000138864
0.000156414
0.000288231
0.000323434
0.000329747
0.000330603
0.000330603
0.000329741
0.00032343
0.000288236
0.000156417
0.000156411
0.000288238
0.000323438
0.000329744
0.000330604
0.000330604
0.000329743
0.000323434
0.000288238
0.000156414
0.000138859
0.000271361
0.000316203
0.000327321
0.000329589
0.000329589
0.000327324
0.000316206
0.000271361
0.00013886
0.000106115
0.000229769
0.000290514
0.000314198
0.000321631
0.000321637
0.000314199
0.000290509
0.000229765
0.000106115
6.44885e-05
0.000156674
0.0002225
0.000261488
0.00027853
0.000278531
0.000261489
0.000222501
0.000156664
6.44902e-05
2.44304e-05
6.10223e-05
9.79006e-05
0.000126224
0.00014135
0.000141341
0.000126208
9.78858e-05
6.10091e-05
2.44475e-05
2.44895e-05
6.10349e-05
9.7895e-05
0.000126222
0.000141356
0.000141352
0.000126206
9.7892e-05
6.10288e-05
2.44724e-05
6.45316e-05
0.000156685
0.000222531
0.000261524
0.000278549
0.000278555
0.000261525
0.000222536
0.000156693
6.45367e-05
0.000106143
0.000229743
0.000290507
0.000314208
0.000321647
0.000321652
0.000314213
0.000290512
0.000229745
0.000106134
0.000138877
0.00027134
0.000316207
0.000327334
0.000329596
0.000329597
0.000327332
0.000316203
0.000271333
0.000138859
0.00015642
0.000288232
0.000323437
0.000329749
0.000330603
0.000330602
0.00032974
0.000323433
0.000288233
0.000156416
0.000156419
0.000288234
0.000323434
0.000329748
0.000330605
0.000330604
0.00032974
0.000323432
0.000288235
0.000156425
0.000138863
0.000271335
0.000316185
0.000327322
0.000329594
0.000329596
0.000327323
0.00031619
0.00027135
0.000138884
0.000106111
0.000229753
0.00029049
0.000314197
0.000321646
0.000321651
0.000314206
0.000290482
0.000229764
0.000106158
6.44944e-05
0.00015667
0.000222476
0.000261494
0.000278539
0.000278554
0.00026153
0.000222526
0.000156716
6.45577e-05
2.44402e-05
6.10289e-05
9.78939e-05
0.00012622
0.000141355
0.000141347
0.000126206
9.789e-05
6.10322e-05
2.44915e-05
2.44543e-05
6.10472e-05
9.78813e-05
0.000126211
0.000141346
0.000141347
0.000126218
9.79038e-05
6.10585e-05
2.44307e-05
6.45094e-05
0.000156683
0.000222476
0.000261494
0.000278536
0.000278537
0.000261503
0.000222478
0.000156685
6.44881e-05
0.000106127
0.000229752
0.000290493
0.000314198
0.000321634
0.000321632
0.000314197
0.000290497
0.000229763
0.000106111
0.000138867
0.000271338
0.000316191
0.000327325
0.00032959
0.000329587
0.000327317
0.000316185
0.000271338
0.000138858
0.000156413
0.000288232
0.000323431
0.000329745
0.000330604
0.0003306
0.00032974
0.000323432
0.000288239
0.000156414
0.000156411
0.00028824
0.000323438
0.000329743
0.000330604
0.000330601
0.00032974
0.000323437
0.000288242
0.000156412
0.00013886
0.00027136
0.000316204
0.000327322
0.000329595
0.00032959
0.00032732
0.0003162
0.000271362
0.000138865
0.000106119
0.000229772
0.000290513
0.0003142
0.000321642
0.000321641
0.0003142
0.00029051
0.00022977
0.000106116
6.45059e-05
0.000156687
0.000222514
0.000261492
0.000278531
0.000278531
0.000261488
0.000222493
0.000156667
6.44922e-05
2.44554e-05
6.10124e-05
9.78914e-05
0.000126216
0.000141349
0.000141343
0.000126205
9.78816e-05
6.10128e-05
2.44481e-05
2.44955e-05
6.10317e-05
9.78824e-05
0.000126214
0.00014135
0.000141349
0.000126208
9.78865e-05
6.10442e-05
2.44574e-05
6.4559e-05
0.000156701
0.000222512
0.000261511
0.000278543
0.000278548
0.000261514
0.00022251
0.000156687
6.45089e-05
0.000106155
0.000229754
0.000290493
0.000314207
0.000321646
0.000321644
0.000314198
0.000290483
0.000229744
0.000106125
0.000138888
0.000271344
0.00031619
0.000327326
0.000329591
0.000329594
0.000327323
0.000316181
0.000271339
0.000138865
0.000156428
0.000288237
0.000323436
0.000329746
0.000330603
0.000330602
0.00032974
0.00032343
0.000288235
0.000156418
0.000156418
0.000288244
0.000323437
0.000329742
0.000330602
0.000330602
0.000329741
0.000323436
0.000288243
0.000156412
0.000138859
0.000271359
0.000316195
0.000327321
0.000329594
0.000329593
0.000327325
0.000316203
0.00027137
0.00013886
0.000106125
0.000229783
0.000290502
0.000314205
0.000321647
0.000321645
0.0003142
0.000290501
0.000229794
0.000106131
6.45067e-05
0.000156694
0.000222501
0.000261502
0.000278537
0.000278545
0.00026152
0.000222533
0.000156717
6.45256e-05
2.44762e-05
6.1043e-05
9.78916e-05
0.000126212
0.000141352
0.00014135
0.000126205
9.79017e-05
6.10413e-05
2.44834e-05
2.44415e-05
6.10733e-05
9.79025e-05
0.000126223
0.000141354
0.000141344
0.00012621
9.78999e-05
6.10472e-05
2.44297e-05
6.45034e-05
0.000156694
0.000222474
0.00026149
0.000278532
0.000278531
0.000261503
0.000222477
0.000156683
6.44906e-05
0.00010612
0.000229757
0.000290503
0.000314197
0.000321633
0.000321636
0.000314199
0.000290485
0.00022975
0.000106103
0.000138864
0.000271337
0.000316186
0.000327315
0.000329588
0.000329592
0.000327322
0.000316187
0.000271341
0.000138858
0.000156415
0.000288231
0.000323427
0.00032974
0.000330601
0.0003306
0.000329737
0.000323427
0.000288238
0.000156413
0.000156417
0.000288243
0.00032343
0.000329741
0.000330601
0.0003306
0.000329741
0.000323432
0.000288245
0.000156412
0.000138864
0.000271368
0.000316198
0.000327322
0.000329589
0.000329589
0.000327325
0.0003162
0.000271363
0.000138858
0.000106124
0.000229776
0.000290499
0.000314192
0.000321634
0.000321636
0.000314204
0.000290505
0.000229775
0.000106128
6.45102e-05
0.00015669
0.000222503
0.000261492
0.000278527
0.00027853
0.000261492
0.000222504
0.000156685
6.4515e-05
2.44504e-05
6.10102e-05
9.78817e-05
0.000126208
0.00014134
0.000141337
0.000126196
9.78804e-05
6.10261e-05
2.44746e-05
2.44206e-05
6.0999e-05
9.78705e-05
0.000126202
0.000141346
0.000141351
0.000126207
9.78741e-05
6.10059e-05
2.44277e-05
6.44849e-05
0.000156665
0.000222484
0.000261509
0.000278537
0.000278536
0.000261496
0.000222473
0.00015666
6.44808e-05
0.000106117
0.000229759
0.000290499
0.00031421
0.000321642
0.000321636
0.000314192
0.000290482
0.000229748
0.000106109
0.000138864
0.00027133
0.000316179
0.000327319
0.000329591
0.00032959
0.000327315
0.000316174
0.000271328
0.000138856
0.00015642
0.000288228
0.000323432
0.000329742
0.000330604
0.000330603
0.000329742
0.000323429
0.000288231
0.000156413
0.000156421
0.000288227
0.000323432
0.000329738
0.000330603
0.000330601
0.000329741
0.000323434
0.000288233
0.000156415
0.000138869
0.000271336
0.00031618
0.000327314
0.000329595
0.000329591
0.000327324
0.000316185
0.000271331
0.000138865
0.000106122
0.00022976
0.000290487
0.000314197
0.000321647
0.000321643
0.000314208
0.000290512
0.000229769
0.000106122
6.44993e-05
0.000156678
0.000222463
0.000261495
0.000278536
0.000278534
0.000261489
0.000222478
0.000156691
6.4496e-05
2.44606e-05
6.10844e-05
9.79276e-05
0.000126239
0.000141353
0.00014136
0.000126246
9.7929e-05
6.10671e-05
2.44426e-05
2.45036e-05
6.10318e-05
9.78876e-05
0.000126222
0.000141358
0.000141349
0.000126208
9.78907e-05
6.10398e-05
2.44744e-05
6.45437e-05
0.000156688
0.000222524
0.000261522
0.000278548
0.000278546
0.000261519
0.000222524
0.000156696
6.45225e-05
0.000106154
0.00022975
0.000290503
0.00031421
0.000321649
0.000321649
0.000314205
0.000290507
0.000229755
0.000106135
0.000138881
0.00027134
0.000316202
0.000327333
0.000329595
0.000329597
0.000327331
0.000316203
0.000271338
0.000138863
0.000156422
0.000288233
0.00032344
0.000329753
0.000330605
0.000330602
0.000329744
0.000323434
0.000288235
0.000156416
0.000156416
0.000288231
0.000323432
0.000329752
0.000330605
0.000330606
0.00032974
0.000323432
0.000288237
0.000156429
0.000138861
0.000271339
0.000316189
0.000327327
0.000329597
0.000329597
0.000327323
0.000316191
0.000271348
0.000138887
0.000106123
0.000229767
0.000290497
0.000314202
0.000321651
0.000321655
0.000314207
0.000290484
0.000229762
0.000106151
6.45013e-05
0.000156674
0.000222484
0.000261501
0.000278541
0.000278553
0.000261527
0.000222524
0.000156718
6.45437e-05
2.44699e-05
6.10347e-05
9.78915e-05
0.000126228
0.000141361
0.000141351
0.000126208
9.78879e-05
6.1035e-05
2.44787e-05
2.44277e-05
6.10918e-05
9.79191e-05
0.000126228
0.000141353
0.000141348
0.000126217
9.78952e-05
6.10566e-05
2.44345e-05
6.44852e-05
0.000156697
0.000222463
0.000261491
0.00027853
0.000278542
0.000261504
0.000222467
0.000156672
6.44819e-05
0.000106106
0.000229762
0.000290494
0.000314198
0.000321636
0.000321638
0.000314196
0.000290492
0.000229753
0.000106117
0.00013886
0.000271334
0.000316185
0.000327319
0.000329589
0.000329589
0.000327319
0.000316193
0.000271336
0.000138867
0.000156414
0.000288229
0.00032343
0.000329745
0.000330603
0.000330604
0.00032974
0.000323432
0.000288231
0.000156417
0.000156416
0.000288233
0.000323437
0.000329743
0.000330603
0.000330604
0.000329739
0.000323436
0.000288236
0.000156417
0.000138863
0.000271355
0.000316204
0.000327321
0.00032959
0.000329591
0.00032732
0.000316206
0.000271359
0.000138863
0.000106116
0.000229763
0.000290498
0.000314192
0.000321636
0.000321638
0.000314198
0.000290508
0.000229763
0.000106114
6.44862e-05
0.000156671
0.000222491
0.000261487
0.000278529
0.000278531
0.000261489
0.000222497
0.000156667
6.44899e-05
2.44388e-05
6.10265e-05
9.79022e-05
0.000126222
0.000141346
0.000141344
0.000126211
9.78871e-05
6.09992e-05
2.44314e-05
2.45328e-05
6.10511e-05
9.7889e-05
0.000126214
0.000141359
0.000141349
0.000126207
9.78902e-05
6.10378e-05
2.44453e-05
6.45762e-05
0.000156713
0.000222517
0.000261519
0.000278553
0.000278542
0.000261503
0.000222491
0.000156674
6.44964e-05
0.000106165
0.000229756
0.000290481
0.000314199
0.000321644
0.000321645
0.000314194
0.000290477
0.000229739
0.000106115
0.000138895
0.000271353
0.000316188
0.000327323
0.000329591
0.000329592
0.000327321
0.000316184
0.000271337
0.000138869
0.00015643
0.000288237
0.00032343
0.00032974
0.000330601
0.000330601
0.000329738
0.000323428
0.000288235
0.000156418
0.000156415
0.000288231
0.000323432
0.000329744
0.000330605
0.0003306
0.000329738
0.000323433
0.000288242
0.00015641
0.000138856
0.000271349
0.00031619
0.000327322
0.000329591
0.000329591
0.000327325
0.000316202
0.000271369
0.000138863
0.000106111
0.000229774
0.000290493
0.000314204
0.000321644
0.000321642
0.000314202
0.0002905
0.000229795
0.000106139
6.44854e-05
0.000156681
0.000222488
0.000261505
0.000278545
0.000278543
0.00026152
0.000222533
0.000156719
6.45324e-05
2.44597e-05
6.10403e-05
9.78911e-05
0.000126217
0.000141361
0.000141347
0.0001262
9.78922e-05
6.10307e-05
2.44777e-05
2.44175e-05
6.10438e-05
9.78917e-05
0.000126216
0.00014135
0.000141349
0.000126216
9.78936e-05
6.10387e-05
2.44226e-05
6.44923e-05
0.000156678
0.000222472
0.00026149
0.00027854
0.000278538
0.000261498
0.000222471
0.000156671
6.44866e-05
0.000106121
0.00022975
0.000290492
0.000314196
0.000321637
0.000321635
0.000314199
0.000290498
0.000229757
0.000106113
0.000138865
0.000271338
0.000316189
0.000327323
0.000329588
0.000329591
0.000327324
0.000316189
0.000271336
0.000138861
0.000156414
0.000288229
0.000323428
0.000329742
0.000330601
0.0003306
0.00032974
0.000323427
0.000288234
0.000156414
0.000156416
0.000288235
0.000323429
0.000329739
0.000330599
0.0003306
0.000329741
0.000323432
0.000288241
0.000156414
0.000138861
0.000271359
0.000316196
0.000327321
0.000329588
0.000329586
0.000327318
0.000316199
0.00027136
0.000138862
0.000106116
0.000229767
0.000290506
0.000314198
0.000321633
0.000321633
0.000314196
0.000290508
0.000229771
0.000106114
6.44964e-05
0.000156672
0.000222498
0.000261491
0.000278529
0.000278529
0.000261488
0.000222494
0.000156669
6.44942e-05
2.44394e-05
6.10197e-05
9.79058e-05
0.000126228
0.000141352
0.000141344
0.000126207
9.78858e-05
6.1002e-05
2.44364e-05
2.45303e-05
6.10383e-05
9.79025e-05
0.000126225
0.000141357
0.000141352
0.000126214
9.78901e-05
6.10283e-05
2.44632e-05
6.45649e-05
0.00015669
0.000222528
0.000261526
0.000278558
0.00027856
0.000261536
0.00022255
0.000156714
6.45397e-05
0.000106157
0.000229744
0.000290502
0.000314208
0.000321652
0.00032165
0.000314205
0.000290511
0.000229757
0.000106142
0.000138886
0.000271333
0.000316201
0.00032733
0.000329595
0.000329599
0.000327338
0.000316214
0.000271343
0.000138867
0.000156429
0.000288231
0.000323438
0.000329745
0.000330602
0.000330602
0.000329742
0.000323434
0.000288228
0.000156414
0.000156416
0.00028823
0.000323432
0.000329744
0.000330602
0.000330603
0.00032974
0.000323432
0.00028823
0.000156422
0.000138856
0.000271339
0.000316185
0.000327321
0.000329593
0.000329595
0.000327322
0.000316191
0.000271343
0.000138883
0.000106118
0.000229767
0.000290493
0.000314199
0.000321647
0.000321647
0.000314199
0.000290488
0.000229764
0.000106158
6.45037e-05
0.000156683
0.000222486
0.000261508
0.000278548
0.000278549
0.000261515
0.000222514
0.000156699
6.45491e-05
2.44701e-05
6.10443e-05
9.78997e-05
0.000126228
0.00014136
0.000141349
0.000126205
9.7887e-05
6.10298e-05
2.44982e-05
2.44364e-05
6.10639e-05
9.78968e-05
0.000126211
0.000141345
0.000141349
0.000126209
9.78838e-05
6.10473e-05
2.44327e-05
6.44965e-05
0.000156684
0.000222464
0.000261484
0.000278532
0.000278532
0.000261494
0.000222466
0.000156679
6.44885e-05
0.000106117
0.000229751
0.000290497
0.000314198
0.000321639
0.000321636
0.000314194
0.000290494
0.000229762
0.000106112
0.000138863
0.000271331
0.000316191
0.000327322
0.000329592
0.000329595
0.000327324
0.000316197
0.000271347
0.000138864
0.000156418
0.000288226
0.000323429
0.000329742
0.000330602
0.000330601
0.000329739
0.000323434
0.00028824
0.000156415
0.00015642
0.000288232
0.000323432
0.000329742
0.000330603
0.000330601
0.00032974
0.000323433
0.000288239
0.000156411
0.000138867
0.00027136
0.000316206
0.000327322
0.000329591
0.000329589
0.00032732
0.000316197
0.000271352
0.00013886
0.000106122
0.000229764
0.000290504
0.000314193
0.000321634
0.000321636
0.000314201
0.000290509
0.000229764
0.000106116
6.45109e-05
0.000156685
0.000222504
0.000261492
0.000278528
0.00027853
0.000261488
0.000222495
0.000156663
6.44962e-05
2.44443e-05
6.10265e-05
9.78986e-05
0.000126216
0.000141339
0.000141339
0.000126203
9.78814e-05
6.10015e-05
2.44473e-05
2.44451e-05
6.10146e-05
9.78812e-05
0.00012621
0.000141346
0.000141343
0.000126207
9.78837e-05
6.1039e-05
2.4447e-05
6.45435e-05
0.000156709
0.000222519
0.000261514
0.000278543
0.000278536
0.000261502
0.000222493
0.000156684
6.44997e-05
0.000106146
0.000229753
0.000290491
0.000314199
0.000321647
0.000321645
0.000314198
0.000290484
0.000229743
0.000106114
0.000138885
0.000271341
0.000316189
0.000327325
0.000329594
0.000329593
0.000327326
0.000316192
0.000271338
0.000138859
0.000156429
0.000288235
0.000323434
0.000329743
0.000330602
0.0003306
0.000329739
0.000323434
0.000288238
0.000156413
0.000156417
0.00028823
0.000323435
0.000329741
0.0003306
0.0003306
0.000329737
0.000323433
0.000288241
0.000156412
0.00013886
0.000271349
0.000316195
0.000327318
0.000329588
0.000329591
0.000327323
0.000316198
0.00027136
0.000138858
0.000106124
0.000229788
0.000290507
0.000314207
0.000321646
0.000321641
0.000314198
0.000290501
0.000229782
0.000106124
6.4507e-05
0.0001567
0.000222503
0.000261502
0.000278535
0.000278539
0.000261511
0.000222521
0.000156699
6.45136e-05
2.44565e-05
6.10404e-05
9.78927e-05
0.000126213
0.000141355
0.00014135
0.000126203
9.78821e-05
6.10122e-05
2.44621e-05
2.44173e-05
6.10626e-05
9.79197e-05
0.000126227
0.000141347
0.000141347
0.000126209
9.78893e-05
6.10443e-05
2.44356e-05
6.44987e-05
0.000156696
0.00022248
0.000261495
0.000278541
0.000278552
0.000261509
0.000222482
0.000156683
6.44865e-05
0.000106109
0.000229753
0.000290485
0.000314195
0.000321635
0.000321637
0.000314196
0.000290496
0.000229762
0.000106109
0.000138865
0.000271341
0.000316183
0.000327323
0.00032959
0.000329589
0.000327318
0.000316185
0.000271342
0.000138859
0.000156412
0.000288229
0.000323424
0.000329742
0.000330599
0.000330601
0.000329739
0.000323428
0.000288242
0.000156414
0.000156411
0.000288234
0.00032343
0.000329744
0.000330601
0.0003306
0.000329739
0.00032343
0.000288243
0.000156409
0.000138861
0.000271352
0.000316195
0.000327319
0.000329587
0.000329588
0.000327318
0.000316193
0.000271355
0.000138857
0.000106112
0.000229756
0.000290499
0.000314196
0.000321638
0.000321642
0.000314208
0.000290516
0.00022977
0.000106118
6.44849e-05
0.000156661
0.000222476
0.000261493
0.000278534
0.000278531
0.000261493
0.000222507
0.000156675
6.44994e-05
2.44232e-05
6.10262e-05
9.78965e-05
0.000126221
0.000141345
0.000141344
0.000126207
9.78886e-05
6.09998e-05
2.44291e-05
2.45144e-05
6.10372e-05
9.79112e-05
0.000126233
0.000141359
0.000141352
0.000126208
9.78907e-05
6.10302e-05
2.44628e-05
6.45699e-05
0.000156701
0.000222543
0.000261537
0.000278552
0.000278549
0.000261519
0.000222536
0.000156686
6.45181e-05
0.000106161
0.000229743
0.0002905
0.000314213
0.000321655
0.000321649
0.000314206
0.000290515
0.000229744
0.000106128
0.000138893
0.00027134
0.000316205
0.000327333
0.000329598
0.000329597
0.000327332
0.000316205
0.000271336
0.00013886
0.000156433
0.000288234
0.000323441
0.000329745
0.000330603
0.000330602
0.000329745
0.000323438
0.000288234
0.00015642
0.000156419
0.000288229
0.000323429
0.000329738
0.000330601
0.0003306
0.000329741
0.000323432
0.000288238
0.000156431
0.00013886
0.000271339
0.000316185
0.000327323
0.000329594
0.000329594
0.000327323
0.000316186
0.000271351
0.00013889
0.000106121
0.000229762
0.000290486
0.000314201
0.000321646
0.000321648
0.000314205
0.000290485
0.000229766
0.000106157
6.45083e-05
0.000156681
0.000222485
0.000261505
0.000278543
0.00027855
0.000261523
0.000222522
0.000156718
6.45555e-05
2.44677e-05
6.10455e-05
9.78971e-05
0.000126217
0.000141354
0.000141349
0.000126204
9.78893e-05
6.10403e-05
2.44874e-05
2.44326e-05
6.10621e-05
9.78944e-05
0.000126219
0.000141354
0.000141353
0.000126217
9.78974e-05
6.10444e-05
2.44268e-05
6.44867e-05
0.00015669
0.000222467
0.000261488
0.00027853
0.00027853
0.000261495
0.000222464
0.000156675
6.44889e-05
0.00010612
0.00022976
0.000290497
0.000314197
0.000321637
0.000321638
0.000314196
0.00029049
0.000229765
0.000106111
0.000138865
0.000271336
0.00031619
0.000327321
0.000329589
0.00032959
0.000327319
0.000316188
0.000271342
0.000138859
0.000156414
0.00028823
0.000323429
0.00032974
0.000330601
0.000330601
0.000329736
0.000323429
0.000288233
0.000156412
0.000156415
0.000288237
0.000323434
0.000329741
0.000330602
0.000330602
0.000329738
0.00032343
0.000288236
0.000156416
0.000138861
0.000271357
0.0003162
0.000327318
0.000329588
0.000329589
0.000327318
0.000316199
0.000271357
0.000138864
0.000106115
0.000229765
0.000290508
0.000314195
0.000321636
0.000321636
0.000314196
0.000290504
0.000229756
0.00010611
6.44947e-05
0.000156681
0.000222505
0.000261491
0.000278528
0.000278532
0.000261488
0.000222486
0.000156661
6.4483e-05
2.44303e-05
6.10207e-05
9.79009e-05
0.00012622
0.000141346
0.000141348
0.000126219
9.78929e-05
6.10109e-05
2.44206e-05
2.45144e-05
6.10503e-05
9.78923e-05
0.000126216
0.000141353
0.00014135
0.000126213
9.78876e-05
6.10315e-05
2.44526e-05
6.45604e-05
0.000156708
0.000222513
0.000261512
0.000278544
0.000278547
0.000261512
0.000222503
0.000156683
6.45074e-05
0.000106155
0.000229754
0.000290485
0.000314202
0.000321643
0.000321642
0.000314196
0.000290479
0.000229738
0.00010612
0.000138887
0.000271344
0.000316191
0.000327326
0.000329593
0.000329598
0.000327325
0.000316186
0.000271339
0.000138865
0.000156427
0.000288235
0.000323436
0.000329747
0.000330603
0.000330601
0.000329738
0.000323427
0.000288235
0.000156418
0.000156416
0.00028824
0.000323436
0.000329745
0.000330604
0.000330603
0.000329737
0.000323431
0.000288239
0.000156413
0.000138857
0.00027136
0.000316192
0.000327322
0.000329593
0.000329593
0.000327321
0.000316196
0.00027136
0.000138857
0.000106116
0.000229783
0.00029049
0.000314194
0.000321641
0.000321643
0.000314203
0.000290501
0.000229787
0.000106129
6.44937e-05
0.000156702
0.000222505
0.00026151
0.000278544
0.000278544
0.000261519
0.000222531
0.000156704
6.45227e-05
2.44567e-05
6.10519e-05
9.79072e-05
0.000126228
0.000141361
0.000141348
0.000126202
9.78956e-05
6.10307e-05
2.44886e-05
2.44531e-05
6.10551e-05
9.79015e-05
0.000126219
0.000141348
0.000141351
0.000126214
9.78979e-05
6.10488e-05
2.44335e-05
6.45193e-05
0.000156687
0.000222485
0.000261497
0.000278543
0.000278549
0.000261502
0.000222471
0.000156681
6.44946e-05
0.000106127
0.000229751
0.000290497
0.0003142
0.000321639
0.000321639
0.000314197
0.000290494
0.000229764
0.000106117
0.000138873
0.000271339
0.000316186
0.000327326
0.000329592
0.000329591
0.000327323
0.000316185
0.000271341
0.000138863
0.000156417
0.000288232
0.000323429
0.000329743
0.000330602
0.000330602
0.000329746
0.000323428
0.000288241
0.000156417
0.000156415
0.00028824
0.000323436
0.00032974
0.000330601
0.000330602
0.000329741
0.000323429
0.000288239
0.000156412
0.000138861
0.000271365
0.000316202
0.000327321
0.000329588
0.000329587
0.000327317
0.000316199
0.000271361
0.000138862
0.000106115
0.000229772
0.000290505
0.000314194
0.000321636
0.000321637
0.000314193
0.000290508
0.000229768
0.000106119
6.4496e-05
0.000156676
0.000222496
0.000261489
0.000278534
0.000278528
0.000261488
0.000222504
0.000156674
6.44996e-05
2.44333e-05
6.10031e-05
9.78901e-05
0.000126216
0.000141344
0.000141343
0.000126207
9.78852e-05
6.10129e-05
2.44443e-05
2.45162e-05
6.10494e-05
9.79102e-05
0.000126232
0.000141357
0.00014135
0.000126204
9.78872e-05
6.10481e-05
2.44706e-05
6.45606e-05
0.000156702
0.000222544
0.000261532
0.000278558
0.000278553
0.00026152
0.000222533
0.000156695
6.45205e-05
0.000106154
0.000229742
0.00029051
0.000314206
0.000321649
0.00032165
0.000314206
0.000290514
0.000229749
0.000106132
0.000138885
0.000271337
0.00031621
0.000327335
0.000329597
0.000329597
0.000327333
0.000316209
0.000271335
0.000138861
0.000156427
0.000288233
0.000323443
0.000329749
0.000330604
0.000330602
0.000329746
0.00032344
0.000288234
0.000156419
0.000156417
0.000288231
0.000323433
0.000329744
0.000330604
0.000330601
0.000329741
0.000323435
0.000288237
0.00015643
0.000138859
0.000271334
0.000316186
0.000327325
0.0003296
0.000329598
0.000327324
0.000316192
0.000271351
0.00013889
0.000106118
0.000229755
0.000290493
0.000314206
0.000321655
0.000321653
0.000314207
0.00029049
0.000229767
0.000106158
6.44949e-05
0.000156658
0.000222479
0.000261497
0.000278545
0.000278559
0.00026153
0.000222535
0.000156725
6.4565e-05
2.44714e-05
6.10297e-05
9.78858e-05
0.000126211
0.000141348
0.000141347
0.000126206
9.78914e-05
6.10328e-05
2.4498e-05
2.44284e-05
6.10429e-05
9.78935e-05
0.000126216
0.000141347
0.000141345
0.000126208
9.78865e-05
6.10382e-05
2.44197e-05
6.45046e-05
0.000156682
0.000222479
0.000261495
0.00027854
0.000278539
0.000261504
0.000222473
0.000156678
6.44888e-05
0.000106124
0.000229749
0.000290486
0.000314194
0.000321638
0.000321635
0.000314196
0.000290492
0.000229758
0.000106114
0.000138867
0.000271338
0.000316185
0.00032732
0.000329589
0.000329589
0.000327319
0.000316183
0.000271335
0.000138867
0.000156416
0.000288228
0.000323429
0.000329744
0.000330602
0.000330601
0.000329742
0.00032343
0.000288236
0.000156419
0.000156418
0.000288241
0.00032344
0.000329744
0.000330604
0.000330601
0.000329741
0.000323432
0.000288234
0.000156417
0.00013887
0.000271369
0.000316204
0.00032732
0.000329592
0.000329596
0.000327323
0.000316201
0.00027136
0.000138865
0.000106123
0.000229775
0.000290515
0.000314201
0.000321637
0.000321639
0.000314198
0.000290504
0.000229765
0.000106114
6.45133e-05
0.000156685
0.000222515
0.000261497
0.000278531
0.000278529
0.000261488
0.000222495
0.000156669
6.44846e-05
2.44586e-05
6.10061e-05
9.78931e-05
0.000126222
0.000141346
0.000141344
0.000126217
9.78956e-05
6.10223e-05
2.44417e-05
2.45056e-05
6.10446e-05
9.78882e-05
0.000126211
0.00014135
0.000141347
0.000126213
9.78818e-05
6.10298e-05
2.44545e-05
6.45594e-05
0.0001567
0.000222513
0.000261509
0.000278543
0.000278539
0.000261507
0.000222497
0.000156683
6.45086e-05
0.000106157
0.000229746
0.000290489
0.000314202
0.000321646
0.000321641
0.000314195
0.000290484
0.000229748
0.000106127
0.000138885
0.000271346
0.000316193
0.000327326
0.000329593
0.000329592
0.000327322
0.000316186
0.000271338
0.00013887
0.000156426
0.000288235
0.000323433
0.000329745
0.000330603
0.000330601
0.000329737
0.000323431
0.000288236
0.000156419
0.000156418
0.000288239
0.000323437
0.000329742
0.000330603
0.000330603
0.00032974
0.000323433
0.00028824
0.000156413
0.000138857
0.000271356
0.000316196
0.000327321
0.000329593
0.000329596
0.000327322
0.000316196
0.000271369
0.000138862
0.000106118
0.000229778
0.000290498
0.000314201
0.000321648
0.000321647
0.000314204
0.000290504
0.000229801
0.000106143
6.45056e-05
0.000156693
0.000222505
0.000261504
0.000278541
0.000278544
0.000261526
0.000222541
0.000156731
6.45401e-05
2.44705e-05
6.10407e-05
9.78982e-05
0.000126207
0.000141344
0.000141344
0.000126208
9.79069e-05
6.10649e-05
2.44993e-05
2.44412e-05
6.10589e-05
9.78989e-05
0.000126218
0.000141358
0.000141359
0.000126217
9.78942e-05
6.10406e-05
2.44195e-05
6.45e-05
0.000156695
0.000222474
0.000261484
0.000278533
0.000278536
0.000261497
0.000222475
0.000156673
6.44799e-05
0.000106113
0.000229756
0.00029049
0.000314196
0.000321635
0.000321636
0.000314198
0.000290497
0.00022976
0.000106115
0.000138861
0.000271339
0.000316184
0.000327323
0.00032959
0.000329589
0.000327322
0.000316186
0.000271337
0.000138868
0.00015641
0.000288231
0.000323425
0.000329739
0.000330601
0.000330602
0.00032974
0.000323428
0.000288235
0.00015642
0.000156411
0.000288237
0.000323432
0.00032974
0.000330601
0.000330602
0.000329738
0.000323432
0.000288237
0.000156414
0.000138863
0.000271359
0.000316197
0.000327319
0.000329588
0.000329587
0.000327318
0.0003162
0.000271355
0.000138861
0.00010612
0.000229768
0.000290507
0.000314196
0.000321637
0.000321632
0.000314201
0.000290517
0.000229756
0.000106116
6.44974e-05
0.000156683
0.000222503
0.000261486
0.000278533
0.000278533
0.00026149
0.000222498
0.000156658
6.44961e-05
2.44355e-05
6.10213e-05
9.79008e-05
0.00012622
0.000141345
0.00014134
0.000126205
9.78882e-05
6.10069e-05
2.44372e-05
2.45294e-05
6.10471e-05
9.79079e-05
0.000126239
0.000141359
0.000141352
0.000126213
9.78923e-05
6.10295e-05
2.44739e-05
6.45746e-05
0.000156707
0.000222531
0.000261538
0.000278556
0.000278553
0.000261518
0.000222531
0.000156687
6.45266e-05
0.00010616
0.000229755
0.000290503
0.000314215
0.00032165
0.00032165
0.000314208
0.000290515
0.000229747
0.000106131
0.000138883
0.000271343
0.000316204
0.000327337
0.000329597
0.000329602
0.000327335
0.000316212
0.000271341
0.000138861
0.000156422
0.000288233
0.000323438
0.000329751
0.000330602
0.000330603
0.000329744
0.000323437
0.000288229
0.000156417
0.000156419
0.000288232
0.000323431
0.000329744
0.000330602
0.000330602
0.000329742
0.000323431
0.00028823
0.000156424
0.000138864
0.000271339
0.00031619
0.000327326
0.000329595
0.000329595
0.000327324
0.000316187
0.000271345
0.000138883
0.000106127
0.000229766
0.000290498
0.000314201
0.000321648
0.00032165
0.000314199
0.000290484
0.000229761
0.000106151
6.45037e-05
0.000156674
0.000222488
0.000261505
0.000278544
0.000278548
0.000261521
0.000222523
0.000156707
6.45504e-05
2.44799e-05
6.10402e-05
9.79023e-05
0.000126235
0.000141366
0.000141351
0.0001262
9.78871e-05
6.10431e-05
2.45059e-05
2.44161e-05
6.10524e-05
9.78988e-05
0.000126216
0.00014135
0.000141351
0.000126212
9.78867e-05
6.10461e-05
2.44417e-05
6.44968e-05
0.000156686
0.000222472
0.00026149
0.000278539
0.000278541
0.000261499
0.000222468
0.000156677
6.44865e-05
0.000106127
0.000229752
0.000290486
0.000314194
0.000321638
0.000321636
0.000314196
0.000290493
0.000229759
0.000106112
0.000138866
0.000271337
0.000316186
0.00032732
0.000329591
0.00032959
0.000327317
0.000316188
0.00027134
0.000138864
0.000156414
0.000288227
0.00032343
0.000329742
0.000330601
0.000330602
0.00032974
0.000323432
0.000288236
0.000156416
0.000156415
0.000288234
0.000323438
0.000329744
0.000330604
0.000330605
0.000329739
0.000323435
0.000288237
0.000156416
0.000138862
0.000271356
0.0003162
0.00032732
0.00032959
0.000329592
0.000327318
0.000316198
0.000271354
0.000138862
0.000106112
0.000229766
0.000290501
0.000314194
0.000321641
0.00032164
0.000314211
0.000290517
0.000229763
0.000106112
6.44813e-05
0.000156676
0.000222492
0.000261487
0.000278533
0.000278533
0.000261493
0.000222486
0.000156664
6.44855e-05
2.44247e-05
6.10226e-05
9.79033e-05
0.00012623
0.000141348
0.000141342
0.000126209
9.78832e-05
6.1016e-05
2.4432e-05
2.44985e-05
6.10404e-05
9.78847e-05
0.000126215
0.000141352
0.000141344
0.000126209
9.78861e-05
6.10383e-05
2.44416e-05
6.45472e-05
0.000156693
0.000222507
0.000261508
0.000278541
0.000278539
0.000261502
0.000222495
0.000156694
6.45121e-05
0.000106154
0.000229753
0.000290484
0.0003142
0.000321646
0.000321641
0.000314192
0.000290484
0.000229747
0.000106126
0.000138884
0.000271346
0.000316189
0.000327327
0.000329594
0.000329592
0.000327324
0.00031619
0.000271335
0.000138871
0.000156425
0.000288233
0.000323435
0.000329747
0.000330602
0.0003306
0.000329739
0.000323429
0.000288233
0.000156422
0.000156415
0.000288238
0.000323438
0.000329742
0.000330601
0.000330601
0.000329739
0.000323435
0.00028824
0.000156414
0.000138854
0.000271352
0.000316197
0.000327321
0.000329589
0.000329591
0.000327324
0.000316202
0.000271364
0.00013886
0.000106123
0.00022978
0.000290501
0.000314198
0.000321639
0.000321643
0.000314208
0.000290509
0.000229794
0.000106132
6.45133e-05
0.000156696
0.000222509
0.000261505
0.000278544
0.000278544
0.000261509
0.000222522
0.00015671
6.45272e-05
2.44871e-05
6.10452e-05
9.78995e-05
0.00012621
0.000141345
0.000141349
0.000126207
9.78964e-05
6.10396e-05
2.44838e-05
2.4434e-05
6.10659e-05
9.79033e-05
0.000126219
0.000141349
0.000141346
0.000126205
9.78908e-05
6.10395e-05
2.44243e-05
6.44906e-05
0.000156691
0.000222467
0.000261486
0.000278535
0.000278542
0.000261496
0.000222471
0.000156675
6.44886e-05
0.000106111
0.000229755
0.000290495
0.000314195
0.000321633
0.000321636
0.000314197
0.000290494
0.000229755
0.000106111
0.000138863
0.000271338
0.000316186
0.00032732
0.000329587
0.000329587
0.00032732
0.000316181
0.000271333
0.000138863
0.000156411
0.000288233
0.000323428
0.000329741
0.000330602
0.000330599
0.000329743
0.000323428
0.000288235
0.000156417
0.000156409
0.000288239
0.000323432
0.000329738
0.000330602
0.0003306
0.000329739
0.000323428
0.000288235
0.000156414
0.000138859
0.000271357
0.0003162
0.000327317
0.000329589
0.000329589
0.000327319
0.000316198
0.000271359
0.000138864
0.000106121
0.000229765
0.000290521
0.000314203
0.00032164
0.000321637
0.000314198
0.000290505
0.000229767
0.000106118
6.45148e-05
0.000156683
0.000222517
0.000261491
0.000278534
0.000278531
0.000261491
0.000222498
0.000156664
6.44938e-05
2.4462e-05
6.10201e-05
9.79044e-05
0.000126223
0.00014135
0.000141345
0.000126207
9.7887e-05
6.10129e-05
2.44564e-05
2.44999e-05
6.1045e-05
9.79324e-05
0.000126236
0.000141365
0.000141353
0.000126208
9.78924e-05
6.10365e-05
2.44722e-05
6.45551e-05
0.000156686
0.000222549
0.000261537
0.000278558
0.000278553
0.000261526
0.00022254
0.000156686
6.45175e-05
0.00010616
0.000229749
0.000290509
0.000314212
0.000321652
0.000321654
0.000314207
0.000290509
0.000229743
0.000106128
0.000138876
0.000271338
0.000316202
0.000327331
0.000329597
0.000329597
0.000327332
0.000316203
0.000271333
0.000138861
0.000156418
0.00028823
0.000323439
0.000329745
0.000330604
0.0003306
0.000329746
0.000323439
0.000288232
0.000156418
0.000156416
0.000288228
0.000323432
0.000329739
0.000330604
0.000330603
0.000329741
0.000323431
0.000288236
0.000156426
0.000138864
0.000271337
0.000316181
0.000327319
0.000329596
0.000329596
0.000327322
0.000316184
0.000271352
0.000138885
0.000106119
0.000229758
0.00029049
0.0003142
0.000321645
0.000321648
0.000314206
0.000290485
0.000229765
0.000106154
6.4495e-05
0.000156668
0.000222485
0.0002615
0.000278542
0.000278555
0.000261534
0.000222538
0.000156723
6.45547e-05
2.44572e-05
6.10344e-05
9.78928e-05
0.000126209
0.000141346
0.000141349
0.000126217
9.79054e-05
6.10487e-05
2.45045e-05
2.444e-05
6.10723e-05
9.79097e-05
0.000126231
0.000141357
0.000141349
0.000126212
9.78835e-05
6.10317e-05
2.44175e-05
6.45016e-05
0.000156699
0.00022247
0.000261489
0.000278531
0.000278533
0.0002615
0.000222465
0.000156681
6.44894e-05
0.000106111
0.000229759
0.000290497
0.000314196
0.000321635
0.000321635
0.000314195
0.000290493
0.000229763
0.000106113
0.000138858
0.000271336
0.000316185
0.000327316
0.000329589
0.00032959
0.00032732
0.00031619
0.000271341
0.000138866
0.000156414
0.000288227
0.000323426
0.000329739
0.000330601
0.0003306
0.00032974
0.000323431
0.000288235
0.000156415
0.000156415
0.000288231
0.000323431
0.000329738
0.000330602
0.000330604
0.000329741
0.000323433
0.00028824
0.000156412
0.000138859
0.000271353
0.000316198
0.00032732
0.000329592
0.000329588
0.000327319
0.000316201
0.000271363
0.000138863
0.000106116
0.000229764
0.000290507
0.000314197
0.000321635
0.000321635
0.000314201
0.00029051
0.000229769
0.000106121
6.45059e-05
0.000156679
0.000222496
0.000261488
0.000278533
0.000278532
0.000261492
0.000222503
0.000156688
6.45116e-05
2.4461e-05
6.10225e-05
9.78941e-05
0.000126218
0.000141345
0.000141343
0.000126208
9.78874e-05
6.10121e-05
2.44484e-05
2.4492e-05
6.10442e-05
9.78799e-05
0.000126217
0.000141354
0.000141348
0.000126204
9.78844e-05
6.10261e-05
2.4436e-05
6.45355e-05
0.000156693
0.00022251
0.000261512
0.000278547
0.000278542
0.000261503
0.000222497
0.000156675
6.44951e-05
0.00010615
0.000229744
0.000290484
0.000314198
0.000321643
0.000321642
0.000314196
0.000290481
0.000229745
0.00010612
0.000138879
0.000271345
0.000316192
0.000327327
0.000329594
0.000329594
0.000327327
0.000316186
0.000271338
0.000138865
0.000156423
0.000288232
0.000323429
0.000329744
0.0003306
0.000330602
0.000329742
0.00032343
0.000288237
0.000156417
0.000156417
0.00028824
0.000323432
0.000329742
0.000330599
0.0003306
0.000329738
0.000323433
0.000288243
0.000156412
0.000138859
0.000271366
0.000316194
0.000327323
0.000329593
0.000329591
0.000327325
0.000316203
0.00027137
0.000138863
0.000106118
0.000229797
0.000290499
0.000314201
0.000321643
0.000321644
0.000314203
0.000290507
0.000229798
0.000106134
6.45076e-05
0.0001567
0.000222491
0.000261503
0.000278541
0.000278541
0.000261509
0.000222522
0.000156712
6.45295e-05
2.44738e-05
6.10498e-05
9.7899e-05
0.000126219
0.000141356
0.000141345
0.000126198
9.78943e-05
6.10387e-05
2.44918e-05
2.44438e-05
6.1046e-05
9.78904e-05
0.000126203
0.000141349
0.000141355
0.000126218
9.79036e-05
6.10482e-05
2.44553e-05
6.45039e-05
0.000156685
0.000222493
0.000261504
0.000278542
0.000278536
0.00026149
0.000222494
0.000156674
6.44981e-05
0.000106115
0.000229752
0.000290508
0.000314213
0.000321646
0.000321645
0.000314198
0.000290505
0.000229756
0.000106115
0.000138858
0.000271328
0.00031619
0.000327327
0.000329596
0.000329597
0.00032733
0.000316198
0.000271344
0.00013886
0.000156409
0.000288225
0.000323435
0.000329742
0.0003306
0.000330601
0.000329744
0.00032343
0.000288235
0.000156419
0.000156409
0.000288227
0.000323428
0.000329739
0.000330598
0.000330599
0.000329739
0.000323427
0.000288232
0.000156424
0.000138864
0.000271337
0.000316187
0.000327319
0.000329588
0.000329589
0.000327317
0.000316187
0.000271335
0.000138878
0.000106123
0.000229742
0.000290494
0.000314194
0.000321634
0.000321641
0.000314202
0.000290502
0.000229742
0.00010613
6.4501e-05
0.000156671
0.000222489
0.000261486
0.000278527
0.000278529
0.000261484
0.000222485
0.00015667
6.45135e-05
2.44349e-05
6.10199e-05
9.78938e-05
0.000126214
0.000141338
0.000141336
0.000126202
9.7877e-05
6.10141e-05
2.44444e-05
2.44381e-05
6.10059e-05
9.7872e-05
0.000126206
0.000141353
0.000141349
0.000126206
9.78775e-05
6.10192e-05
2.44454e-05
6.44988e-05
0.00015667
0.000222482
0.000261502
0.000278533
0.000278534
0.000261492
0.000222472
0.000156653
6.45059e-05
0.000106119
0.000229759
0.000290494
0.000314195
0.000321638
0.000321643
0.000314191
0.000290491
0.000229741
0.000106118
0.000138863
0.000271327
0.000316183
0.000327317
0.000329595
0.000329591
0.000327313
0.000316182
0.000271327
0.000138857
0.000156421
0.000288225
0.000323433
0.000329743
0.000330603
0.000330599
0.000329739
0.000323431
0.000288229
0.000156411
0.000156419
0.000288224
0.00032343
0.000329739
0.0003306
0.0003306
0.000329741
0.000323434
0.000288229
0.000156412
0.000138864
0.000271327
0.000316177
0.000327311
0.000329589
0.000329588
0.000327317
0.000316183
0.000271332
0.000138866
0.000106113
0.000229748
0.000290489
0.000314195
0.000321638
0.000321636
0.000314202
0.000290508
0.000229765
0.000106121
6.4489e-05
0.000156654
0.000222455
0.000261492
0.000278537
0.000278537
0.000261499
0.000222481
0.000156692
6.45006e-05
2.44547e-05
6.1056e-05
9.79093e-05
0.000126234
0.000141354
0.000141359
0.000126241
9.79192e-05
6.10649e-05
2.4443e-05
2.4483e-05
6.10364e-05
9.78919e-05
0.000126212
0.000141357
0.000141355
0.000126218
9.78933e-05
6.10247e-05
2.44581e-05
6.45357e-05
0.000156688
0.000222514
0.000261515
0.000278549
0.000278548
0.000261515
0.00022253
0.000156687
6.45214e-05
0.000106141
0.000229743
0.000290497
0.00031421
0.000321649
0.000321652
0.000314208
0.000290513
0.000229752
0.000106137
0.000138878
0.000271335
0.0003162
0.000327332
0.000329595
0.000329594
0.000327332
0.000316207
0.000271338
0.00013886
0.000156426
0.000288229
0.000323434
0.000329745
0.000330602
0.000330599
0.000329741
0.000323433
0.000288229
0.000156416
0.00015642
0.000288231
0.00032343
0.000329742
0.000330601
0.000330599
0.000329737
0.000323429
0.000288228
0.000156427
0.000138864
0.000271336
0.000316187
0.000327321
0.000329592
0.00032959
0.000327317
0.000316186
0.000271337
0.000138882
0.000106118
0.000229746
0.000290484
0.000314192
0.000321639
0.000321645
0.000314197
0.000290484
0.000229748
0.00010615
6.44987e-05
0.000156658
0.00022248
0.000261494
0.000278537
0.000278549
0.000261524
0.000222525
0.000156706
6.45465e-05
2.44693e-05
6.10251e-05
9.78871e-05
0.000126211
0.000141351
0.000141347
0.000126209
9.78953e-05
6.10432e-05
2.44843e-05
2.44863e-05
6.10283e-05
9.78812e-05
0.000126221
0.000141357
0.000141347
0.000126213
9.78927e-05
6.10534e-05
2.44237e-05
6.4542e-05
0.000156689
0.000222497
0.000261503
0.000278543
0.00027854
0.000261499
0.000222475
0.000156676
6.44823e-05
0.000106149
0.000229742
0.000290486
0.000314201
0.000321646
0.000321646
0.000314199
0.000290481
0.000229741
0.000106109
0.000138879
0.000271335
0.000316192
0.000327323
0.00032959
0.000329594
0.000327325
0.000316189
0.000271334
0.000138856
0.000156426
0.000288231
0.000323432
0.000329743
0.0003306
0.000330601
0.000329742
0.000323431
0.000288237
0.000156413
0.00015642
0.000288238
0.000323433
0.000329742
0.000330602
0.000330601
0.000329737
0.000323434
0.00028824
0.00015641
0.00013886
0.00027136
0.000316198
0.000327323
0.000329594
0.000329593
0.000327321
0.000316198
0.000271361
0.000138855
0.000106113
0.000229776
0.000290491
0.000314192
0.000321637
0.00032164
0.0003142
0.000290502
0.000229788
0.000106124
6.44983e-05
0.000156687
0.000222493
0.000261497
0.000278531
0.000278542
0.000261516
0.000222526
0.000156705
6.45109e-05
2.4449e-05
6.10221e-05
9.78908e-05
0.000126215
0.000141351
0.000141347
0.000126197
9.78838e-05
6.10199e-05
2.4455e-05
2.45285e-05
6.10421e-05
9.7879e-05
0.000126216
0.000141353
0.000141347
0.000126208
9.7888e-05
6.10325e-05
2.44382e-05
6.45541e-05
0.000156687
0.000222498
0.000261501
0.000278543
0.000278546
0.000261514
0.000222509
0.000156684
6.44985e-05
0.000106148
0.000229744
0.000290486
0.000314197
0.000321648
0.000321643
0.000314198
0.000290479
0.000229747
0.00010612
0.000138882
0.000271343
0.000316191
0.000327324
0.000329594
0.000329595
0.000327328
0.000316184
0.000271341
0.000138868
0.000156427
0.000288234
0.000323432
0.000329741
0.000330601
0.000330599
0.000329744
0.000323433
0.000288234
0.000156418
0.000156421
0.000288235
0.000323434
0.000329743
0.000330603
0.000330601
0.000329739
0.000323435
0.00028824
0.000156411
0.000138862
0.000271351
0.000316194
0.000327322
0.000329591
0.000329594
0.000327324
0.000316204
0.000271365
0.000138858
0.000106118
0.000229778
0.000290497
0.000314201
0.000321641
0.000321643
0.000314205
0.000290507
0.000229787
0.00010613
6.44975e-05
0.000156688
0.000222494
0.000261498
0.000278536
0.000278539
0.000261514
0.000222528
0.000156703
6.45249e-05
2.44566e-05
6.10207e-05
9.7881e-05
0.000126203
0.000141344
0.00014134
0.000126196
9.7887e-05
6.10296e-05
2.4485e-05
2.44654e-05
6.10349e-05
9.78755e-05
0.000126207
0.000141344
0.000141339
0.000126205
9.78888e-05
6.10422e-05
2.44374e-05
6.45307e-05
0.000156689
0.000222487
0.000261492
0.000278539
0.000278542
0.000261499
0.000222477
0.000156669
6.4484e-05
0.000106139
0.000229751
0.000290498
0.000314194
0.000321633
0.000321634
0.000314197
0.000290494
0.000229751
0.000106115
0.000138874
0.000271335
0.000316188
0.00032732
0.000329588
0.000329592
0.000327325
0.000316185
0.000271335
0.000138865
0.000156422
0.000288234
0.000323433
0.000329745
0.000330602
0.000330601
0.000329742
0.000323429
0.000288237
0.000156417
0.00015642
0.000288245
0.000323435
0.000329741
0.000330598
0.0003306
0.000329742
0.000323434
0.000288243
0.00015641
0.000138867
0.000271376
0.000316205
0.000327324
0.000329586
0.000329589
0.000327322
0.000316204
0.000271364
0.00013886
0.000106123
0.000229775
0.000290512
0.000314199
0.000321633
0.000321637
0.000314196
0.000290507
0.000229766
0.000106118
6.45075e-05
0.000156687
0.00022252
0.000261494
0.000278528
0.000278532
0.000261491
0.000222501
0.000156668
6.45035e-05
2.44282e-05
6.09977e-05
9.78954e-05
0.000126214
0.000141344
0.000141341
0.000126204
9.78898e-05
6.10137e-05
2.44561e-05
2.45202e-05
6.10518e-05
9.79008e-05
0.000126229
0.000141361
0.000141351
0.000126214
9.78992e-05
6.1028e-05
2.44831e-05
6.45411e-05
0.000156686
0.000222531
0.000261524
0.000278551
0.000278551
0.000261522
0.000222538
0.00015669
6.45387e-05
0.000106157
0.000229741
0.000290493
0.000314205
0.000321645
0.000321651
0.000314206
0.00029051
0.00022975
0.000106138
0.000138886
0.000271335
0.000316196
0.000327333
0.000329593
0.000329594
0.000327328
0.000316201
0.000271334
0.00013886
0.000156427
0.000288232
0.000323436
0.000329748
0.000330601
0.000330598
0.000329741
0.000323431
0.000288226
0.000156413
0.000156416
0.000288234
0.000323429
0.000329742
0.0003306
0.000330601
0.000329739
0.000323427
0.000288229
0.000156423
0.000138856
0.000271336
0.000316181
0.000327321
0.000329591
0.000329592
0.000327319
0.000316186
0.000271348
0.000138885
0.000106117
0.000229757
0.000290483
0.000314196
0.00032164
0.000321643
0.000314201
0.000290483
0.000229767
0.000106153
6.4498e-05
0.000156662
0.000222476
0.000261498
0.000278537
0.000278544
0.000261524
0.000222524
0.000156715
6.45528e-05
2.44699e-05
6.10317e-05
9.78862e-05
0.000126204
0.000141343
0.000141342
0.000126206
9.78966e-05
6.10325e-05
2.44916e-05
2.44298e-05
6.10575e-05
9.78873e-05
0.000126207
0.000141345
0.000141336
0.000126218
9.79018e-05
6.10555e-05
2.44214e-05
6.44957e-05
0.000156686
0.000222473
0.000261492
0.000278538
0.000278538
0.000261508
0.000222471
0.000156687
6.44832e-05
0.000106122
0.000229754
0.000290496
0.000314199
0.000321637
0.000321635
0.000314196
0.000290494
0.000229767
0.000106115
0.000138865
0.000271333
0.000316188
0.00032732
0.000329589
0.000329589
0.000327314
0.000316186
0.000271339
0.000138868
0.00015642
0.00028823
0.00032343
0.00032974
0.000330597
0.000330601
0.000329739
0.00032343
0.000288234
0.00015642
0.000156419
0.000288237
0.000323434
0.000329741
0.000330598
0.000330601
0.000329739
0.000323432
0.000288232
0.000156415
0.000138863
0.000271371
0.000316201
0.000327321
0.000329588
0.00032959
0.000327323
0.000316202
0.000271357
0.000138864
0.000106116
0.000229778
0.0002905
0.000314197
0.000321633
0.000321634
0.000314193
0.000290498
0.000229763
0.000106119
6.44982e-05
0.000156678
0.000222493
0.000261488
0.000278526
0.000278528
0.000261487
0.00022249
0.000156665
6.4492e-05
2.44331e-05
6.09965e-05
9.78876e-05
0.000126216
0.000141341
0.000141343
0.000126209
9.78805e-05
6.10066e-05
2.44451e-05
2.45005e-05
6.10361e-05
9.78811e-05
0.00012622
0.000141359
0.000141348
0.000126213
9.7905e-05
6.10414e-05
2.44426e-05
6.45449e-05
0.000156689
0.000222504
0.000261502
0.00027854
0.000278539
0.000261502
0.000222491
0.000156672
6.44968e-05
0.000106148
0.000229745
0.000290487
0.000314198
0.00032164
0.000321641
0.000314199
0.000290481
0.000229737
0.000106114
0.00013888
0.000271343
0.000316187
0.000327323
0.000329587
0.00032959
0.000327325
0.000316185
0.000271333
0.000138857
0.00015642
0.000288235
0.00032343
0.000329742
0.000330599
0.0003306
0.000329741
0.000323429
0.000288236
0.000156415
0.000156411
0.000288236
0.000323434
0.000329739
0.000330599
0.0003306
0.000329739
0.000323431
0.000288238
0.000156409
0.000138853
0.00027135
0.000316193
0.000327318
0.00032959
0.000329593
0.000327321
0.000316191
0.000271363
0.000138856
0.00010611
0.000229774
0.0002905
0.000314196
0.000321641
0.000321643
0.000314202
0.000290499
0.000229795
0.000106132
6.44946e-05
0.000156681
0.000222496
0.000261498
0.000278539
0.00027855
0.000261519
0.000222529
0.000156714
6.45301e-05
2.44367e-05
6.10132e-05
9.78918e-05
0.000126212
0.000141346
0.000141346
0.000126203
9.78963e-05
6.10348e-05
2.44812e-05
2.44256e-05
6.10589e-05
9.79063e-05
0.000126208
0.000141349
0.000141345
0.000126199
9.78942e-05
6.10427e-05
2.44292e-05
6.44956e-05
0.000156679
0.000222497
0.000261494
0.00027854
0.000278537
0.000261492
0.000222489
0.000156672
6.44877e-05
0.000106117
0.000229753
0.000290519
0.000314215
0.000321651
0.000321642
0.000314204
0.0002905
0.00022975
0.00010611
0.000138861
0.000271332
0.000316193
0.000327327
0.000329593
0.000329596
0.000327331
0.000316189
0.000271333
0.000138855
0.000156412
0.000288226
0.000323432
0.000329746
0.000330602
0.000330604
0.000329745
0.00032343
0.000288229
0.000156414
0.000156412
0.000288226
0.000323429
0.000329741
0.0003306
0.000330605
0.000329742
0.000323429
0.000288233
0.000156422
0.000138861
0.000271333
0.000316182
0.000327316
0.000329589
0.000329591
0.000327319
0.000316185
0.000271346
0.000138879
0.000106119
0.00022974
0.000290488
0.000314196
0.000321636
0.000321637
0.000314192
0.000290492
0.000229748
0.000106137
6.4495e-05
0.000156662
0.000222478
0.000261485
0.000278532
0.000278534
0.000261489
0.000222485
0.000156669
6.45274e-05
2.44348e-05
6.10325e-05
9.79033e-05
0.000126228
0.000141357
0.00014135
0.000126211
9.7879e-05
6.1016e-05
2.44545e-05
2.44914e-05
6.10397e-05
9.78965e-05
0.000126225
0.000141359
0.000141357
0.000126219
9.7895e-05
6.10181e-05
2.44716e-05
6.45345e-05
0.000156685
0.000222513
0.000261518
0.00027856
0.000278566
0.000261529
0.000222538
0.000156678
6.45211e-05
0.000106143
0.000229744
0.000290495
0.000314215
0.000321655
0.000321651
0.000314203
0.000290515
0.000229748
0.000106134
0.000138874
0.000271332
0.000316194
0.000327334
0.000329598
0.000329601
0.000327334
0.000316213
0.000271334
0.00013886
0.000156422
0.000288229
0.000323434
0.000329745
0.000330602
0.000330602
0.000329743
0.000323442
0.000288227
0.000156415
0.000156417
0.000288234
0.000323432
0.000329742
0.000330601
0.000330599
0.000329738
0.000323437
0.00028823
0.000156425
0.000138855
0.000271338
0.000316189
0.000327324
0.000329593
0.000329592
0.000327319
0.000316188
0.000271339
0.000138883
0.000106111
0.000229753
0.000290489
0.000314198
0.000321639
0.00032164
0.000314191
0.000290486
0.000229756
0.000106154
6.44918e-05
0.000156648
0.000222465
0.000261488
0.000278536
0.000278543
0.000261513
0.000222506
0.000156696
6.4555e-05
2.44643e-05
6.10195e-05
9.78743e-05
0.000126198
0.000141341
0.000141341
0.000126206
9.78727e-05
6.10262e-05
2.4497e-05
2.44934e-05
6.10357e-05
9.78759e-05
0.000126219
0.000141353
0.000141345
0.000126208
9.78872e-05
6.10378e-05
2.44326e-05
6.45372e-05
0.000156692
0.000222494
0.000261505
0.000278543
0.000278539
0.000261499
0.000222487
0.000156674
6.44898e-05
0.000106154
0.000229753
0.000290483
0.000314203
0.000321647
0.000321644
0.000314193
0.000290482
0.000229747
0.000106119
0.000138887
0.000271345
0.000316185
0.000327322
0.000329593
0.000329594
0.000327322
0.000316183
0.000271335
0.000138869
0.000156426
0.000288234
0.000323433
0.000329741
0.000330601
0.0003306
0.000329739
0.00032343
0.000288229
0.000156421
0.000156418
0.000288233
0.000323439
0.00032974
0.000330599
0.000330601
0.000329741
0.000323437
0.000288236
0.000156419
0.000138855
0.000271351
0.0003162
0.000327319
0.00032959
0.000329593
0.000327325
0.000316203
0.000271364
0.000138865
0.000106115
0.000229774
0.000290494
0.000314194
0.000321643
0.000321645
0.000314204
0.000290506
0.000229791
0.000106128
6.44992e-05
0.00015669
0.000222499
0.000261499
0.000278541
0.000278538
0.00026151
0.000222518
0.000156702
6.45156e-05
2.44484e-05
6.10256e-05
9.78905e-05
0.000126205
0.000141347
0.000141345
0.000126209
9.78847e-05
6.1014e-05
2.44587e-05
2.45003e-05
6.1048e-05
9.78682e-05
0.000126203
0.00014135
0.000141349
0.000126213
9.78907e-05
6.10422e-05
2.44411e-05
6.45378e-05
0.000156687
0.000222494
0.000261495
0.000278543
0.00027855
0.000261518
0.000222506
0.000156682
6.44982e-05
0.000106151
0.000229746
0.000290493
0.000314209
0.000321648
0.000321648
0.000314201
0.000290486
0.000229741
0.000106114
0.000138886
0.00027134
0.000316189
0.000327324
0.00032959
0.000329591
0.000327319
0.000316185
0.000271342
0.000138866
0.000156427
0.000288231
0.000323433
0.000329744
0.000330601
0.000330601
0.000329738
0.000323431
0.000288236
0.000156415
0.00015642
0.000288233
0.000323443
0.000329745
0.000330602
0.000330601
0.000329739
0.000323434
0.000288238
0.000156411
0.000138861
0.000271347
0.000316206
0.000327325
0.000329591
0.000329592
0.000327324
0.000316196
0.000271363
0.000138856
0.000106122
0.000229776
0.000290514
0.000314202
0.00032164
0.000321644
0.000314205
0.000290504
0.000229794
0.000106128
6.4503e-05
0.00015668
0.000222508
0.000261498
0.000278536
0.000278547
0.000261516
0.000222519
0.0001567
6.45164e-05
2.44762e-05
6.10348e-05
9.78944e-05
0.000126199
0.000141342
0.000141346
0.000126201
9.78869e-05
6.10162e-05
2.44566e-05
2.44231e-05
6.10683e-05
9.7911e-05
0.000126225
0.000141355
0.000141351
0.000126212
9.79008e-05
6.10502e-05
2.44239e-05
6.44976e-05
0.000156688
0.000222472
0.000261488
0.000278532
0.000278532
0.000261496
0.000222471
0.000156671
6.44839e-05
0.000106115
0.000229751
0.000290497
0.000314199
0.000321634
0.000321638
0.000314199
0.000290494
0.000229758
0.000106111
0.000138867
0.000271336
0.000316183
0.000327321
0.000329589
0.000329594
0.00032732
0.00031618
0.00027133
0.000138859
0.000156417
0.00028823
0.000323428
0.000329743
0.0003306
0.0003306
0.00032974
0.000323426
0.00028823
0.000156413
0.000156412
0.000288238
0.000323429
0.000329739
0.000330599
0.0003306
0.000329739
0.000323434
0.000288237
0.000156409
0.000138861
0.000271371
0.000316201
0.000327323
0.000329588
0.000329586
0.000327317
0.000316203
0.000271362
0.000138863
0.000106124
0.000229774
0.000290498
0.000314193
0.000321633
0.000321635
0.000314196
0.000290509
0.00022976
0.000106116
6.45077e-05
0.000156676
0.000222498
0.000261487
0.000278534
0.000278531
0.000261489
0.000222507
0.000156668
6.44953e-05
2.44565e-05
6.10075e-05
9.78887e-05
0.000126209
0.000141342
0.000141341
0.000126211
9.78895e-05
6.10019e-05
2.4437e-05
2.44998e-05
6.10413e-05
9.79085e-05
0.000126233
0.000141361
0.000141363
0.00012623
9.7906e-05
6.1031e-05
2.44778e-05
6.45574e-05
0.000156689
0.000222522
0.000261524
0.000278555
0.00027856
0.000261525
0.000222547
0.000156695
6.4535e-05
0.000106157
0.000229744
0.000290496
0.000314208
0.00032165
0.000321652
0.000314207
0.00029052
0.000229747
0.000106134
0.000138881
0.000271334
0.000316198
0.000327333
0.000329594
0.000329598
0.000327329
0.000316206
0.000271339
0.000138861
0.000156425
0.000288232
0.000323437
0.000329746
0.000330601
0.000330601
0.000329742
0.000323434
0.000288231
0.000156414
0.000156414
0.000288234
0.000323432
0.000329741
0.000330601
0.000330603
0.000329742
0.000323432
0.000288232
0.000156424
0.000138857
0.000271341
0.000316188
0.000327324
0.000329597
0.000329595
0.000327318
0.000316186
0.000271342
0.00013888
0.000106118
0.000229761
0.000290495
0.000314202
0.000321645
0.000321644
0.000314198
0.000290487
0.00022976
0.00010615
6.45083e-05
0.000156675
0.000222491
0.000261509
0.000278541
0.000278543
0.00026152
0.000222526
0.000156708
6.45491e-05
2.4479e-05
6.10433e-05
9.78968e-05
0.000126218
0.000141354
0.000141345
0.000126199
9.78808e-05
6.10293e-05
2.44874e-05
2.44675e-05
6.10635e-05
9.78838e-05
0.00012621
0.000141342
0.000141336
0.00012621
9.78989e-05
6.10443e-05
2.4412e-05
6.45081e-05
0.000156685
0.000222467
0.000261492
0.000278536
0.000278534
0.000261502
0.000222465
0.000156681
6.44873e-05
0.000106121
0.000229746
0.000290483
0.000314196
0.000321639
0.000321633
0.00031419
0.000290484
0.000229761
0.000106107
0.000138867
0.000271341
0.000316193
0.000327319
0.000329588
0.000329586
0.000327315
0.000316184
0.000271334
0.000138862
0.000156414
0.000288232
0.000323431
0.000329741
0.000330603
0.000330602
0.000329739
0.00032343
0.00028823
0.000156415
0.000156413
0.00028824
0.000323432
0.000329739
0.000330603
0.000330603
0.000329739
0.000323431
0.000288237
0.000156412
0.00013886
0.000271362
0.000316196
0.00032732
0.00032959
0.00032959
0.000327319
0.000316198
0.000271364
0.000138862
0.000106115
0.000229771
0.0002905
0.000314193
0.000321635
0.00032164
0.000314204
0.000290512
0.000229762
0.000106109
6.44963e-05
0.000156674
0.000222492
0.000261483
0.000278525
0.000278532
0.000261492
0.000222499
0.000156671
6.44945e-05
2.44468e-05
6.10167e-05
9.78952e-05
0.000126213
0.000141339
0.000141342
0.00012621
9.78861e-05
6.10078e-05
2.44429e-05
2.44985e-05
6.10455e-05
9.78928e-05
0.000126219
0.000141354
0.00014135
0.000126203
9.78793e-05
6.10299e-05
2.4443e-05
6.45484e-05
0.00015669
0.000222506
0.000261507
0.000278542
0.000278543
0.000261504
0.000222494
0.000156685
6.45006e-05
0.000106155
0.000229751
0.000290492
0.000314205
0.000321647
0.000321651
0.000314197
0.000290478
0.000229746
0.000106115
0.000138887
0.000271346
0.000316192
0.000327326
0.000329591
0.000329593
0.000327325
0.000316182
0.000271337
0.000138868
0.000156426
0.000288235
0.000323431
0.000329742
0.000330598
0.000330602
0.000329742
0.000323426
0.00028823
0.000156419
0.000156413
0.000288242
0.000323432
0.000329741
0.000330599
0.000330602
0.000329739
0.000323432
0.000288241
0.000156414
0.000138853
0.00027136
0.000316189
0.000327317
0.000329589
0.00032959
0.000327325
0.000316199
0.000271368
0.000138859
0.000106114
0.000229779
0.000290488
0.000314194
0.000321639
0.000321641
0.000314206
0.000290505
0.000229797
0.000106131
6.45047e-05
0.000156704
0.0002225
0.000261508
0.000278538
0.00027854
0.000261513
0.000222525
0.000156712
6.45225e-05
2.44697e-05
6.10606e-05
9.79091e-05
0.000126219
0.000141346
0.000141344
0.000126204
9.78929e-05
6.10338e-05
2.44738e-05
2.44328e-05
6.10527e-05
9.78918e-05
0.000126205
0.000141352
0.000141358
0.000126217
9.79004e-05
6.10396e-05
2.44564e-05
6.44946e-05
0.000156693
0.000222491
0.000261497
0.00027854
0.00027854
0.000261492
0.000222493
0.00015667
6.44975e-05
0.000106116
0.000229758
0.000290495
0.000314207
0.000321646
0.000321643
0.000314208
0.000290507
0.000229754
0.000106116
0.000138863
0.000271341
0.000316187
0.00032733
0.000329592
0.000329589
0.00032733
0.000316195
0.000271343
0.00013886
0.000156409
0.000288226
0.000323426
0.00032974
0.000330599
0.000330598
0.000329747
0.000323438
0.000288234
0.000156415
0.000156409
0.00028823
0.000323428
0.000329738
0.000330601
0.0003306
0.000329742
0.000323439
0.000288236
0.000156423
0.000138858
0.000271339
0.000316187
0.000327317
0.000329588
0.000329587
0.000327318
0.000316194
0.000271338
0.00013888
0.000106116
0.000229741
0.000290494
0.000314195
0.000321635
0.000321636
0.000314202
0.000290509
0.000229743
0.000106135
6.44932e-05
0.000156659
0.000222479
0.000261489
0.00027853
0.000278529
0.000261488
0.000222493
0.000156668
6.45213e-05
2.44364e-05
6.10229e-05
9.78956e-05
0.000126217
0.000141341
0.000141342
0.000126211
9.78879e-05
6.10224e-05
2.44731e-05
2.45304e-05
6.1046e-05
9.78852e-05
0.000126214
0.000141353
0.00014135
0.000126209
9.78955e-05
6.10404e-05
2.44555e-05
6.45581e-05
0.000156696
0.000222521
0.000261519
0.000278553
0.000278549
0.000261517
0.000222522
0.000156677
6.45089e-05
0.000106151
0.000229746
0.000290502
0.000314207
0.00032165
0.000321651
0.000314207
0.000290514
0.000229751
0.000106124
0.000138884
0.000271339
0.000316206
0.000327334
0.000329596
0.000329592
0.000327327
0.000316205
0.000271329
0.000138855
0.000156424
0.000288228
0.00032344
0.000329745
0.000330604
0.000330599
0.00032974
0.000323437
0.000288227
0.000156415
0.000156417
0.000288229
0.000323439
0.000329742
0.000330604
0.000330603
0.000329742
0.000323435
0.000288232
0.00015643
0.000138857
0.00027133
0.000316188
0.000327322
0.000329599
0.000329596
0.00032732
0.000316188
0.000271343
0.000138887
0.000106114
0.00022975
0.000290483
0.000314197
0.000321644
0.000321644
0.000314199
0.000290485
0.000229753
0.000106146
6.44999e-05
0.000156664
0.000222479
0.000261501
0.000278542
0.000278546
0.00026152
0.000222524
0.000156707
6.45462e-05
2.44518e-05
6.10144e-05
9.78806e-05
0.000126209
0.000141346
0.00014134
0.000126205
9.78961e-05
6.10347e-05
2.44705e-05
2.45318e-05
6.10459e-05
9.78759e-05
0.000126207
0.000141351
0.000141348
0.00012621
9.78848e-05
6.10502e-05
2.44381e-05
6.4559e-05
0.000156696
0.000222502
0.000261498
0.000278541
0.000278541
0.0002615
0.000222482
0.000156676
6.44895e-05
0.000106158
0.000229749
0.000290489
0.0003142
0.000321646
0.000321649
0.000314202
0.000290484
0.000229744
0.000106115
0.000138892
0.000271343
0.000316199
0.000327326
0.000329592
0.000329593
0.000327321
0.000316188
0.000271341
0.000138867
0.00015643
0.000288235
0.000323434
0.000329743
0.0003306
0.0003306
0.000329738
0.000323431
0.000288237
0.000156418
0.000156416
0.000288241
0.000323433
0.000329739
0.000330602
0.0003306
0.000329738
0.000323437
0.000288241
0.000156414
0.000138855
0.000271356
0.000316189
0.000327317
0.000329593
0.000329594
0.000327325
0.000316199
0.00027136
0.000138861
0.000106111
0.000229773
0.000290488
0.000314197
0.000321642
0.000321642
0.000314202
0.000290496
0.00022978
0.000106129
6.44936e-05
0.000156684
0.000222484
0.000261493
0.000278534
0.000278544
0.000261514
0.000222524
0.000156703
6.45114e-05
2.44494e-05
6.10352e-05
9.78892e-05
0.00012621
0.000141352
0.000141348
0.000126202
9.78861e-05
6.10114e-05
2.44514e-05
2.45151e-05
6.10571e-05
9.78757e-05
0.000126206
0.00014135
0.000141341
0.000126207
9.78869e-05
6.10325e-05
2.44357e-05
6.45444e-05
0.00015669
0.000222496
0.000261499
0.000278542
0.000278537
0.000261499
0.000222484
0.000156672
6.44956e-05
0.000106151
0.000229743
0.000290485
0.000314198
0.000321644
0.000321642
0.000314195
0.000290482
0.00022974
0.000106114
0.000138883
0.000271341
0.000316188
0.00032732
0.000329589
0.000329588
0.000327316
0.000316181
0.000271335
0.00013887
0.000156424
0.000288234
0.000323437
0.000329742
0.000330601
0.000330601
0.000329738
0.000323427
0.000288231
0.000156422
0.000156415
0.000288237
0.000323438
0.00032974
0.000330602
0.000330601
0.000329739
0.000323431
0.000288235
0.000156416
0.000138855
0.000271352
0.000316194
0.000327317
0.00032959
0.000329591
0.000327325
0.000316198
0.000271366
0.000138862
0.000106119
0.000229783
0.000290499
0.000314197
0.000321639
0.000321642
0.000314206
0.000290506
0.000229796
0.000106127
6.4502e-05
0.000156689
0.000222501
0.000261504
0.000278538
0.000278536
0.000261505
0.000222515
0.000156698
6.45112e-05
2.44576e-05
6.10295e-05
9.78907e-05
0.000126202
0.000141343
0.000141339
0.000126195
9.78871e-05
6.10306e-05
2.44779e-05
2.44417e-05
6.10578e-05
9.78972e-05
0.000126215
0.000141343
0.000141343
0.000126208
9.78935e-05
6.1036e-05
2.44171e-05
6.45027e-05
0.000156688
0.000222476
0.000261489
0.000278533
0.000278538
0.000261497
0.000222469
0.00015667
6.44854e-05
0.000106125
0.000229751
0.000290492
0.000314197
0.000321637
0.000321634
0.000314197
0.000290492
0.000229752
0.00010611
0.00013887
0.000271342
0.000316189
0.000327325
0.000329589
0.000329587
0.000327319
0.000316183
0.000271333
0.000138866
0.000156414
0.000288235
0.000323429
0.000329742
0.000330601
0.000330603
0.00032974
0.000323426
0.000288228
0.000156418
0.000156412
0.000288243
0.000323431
0.000329739
0.0003306
0.000330602
0.000329738
0.000323433
0.000288234
0.000156413
0.000138862
0.000271367
0.000316198
0.000327319
0.000329593
0.000329592
0.000327317
0.000316198
0.000271359
0.000138864
0.000106123
0.000229779
0.000290511
0.000314199
0.000321636
0.000321641
0.000314208
0.00029052
0.000229762
0.00010612
6.45119e-05
0.000156696
0.000222515
0.000261493
0.000278526
0.000278528
0.000261493
0.000222512
0.000156676
6.45087e-05
2.44467e-05
6.10191e-05
9.78999e-05
0.000126212
0.000141341
0.00014134
0.000126209
9.78898e-05
6.10056e-05
2.44378e-05
2.45023e-05
6.1048e-05
9.78995e-05
0.00012622
0.000141356
0.000141352
0.000126212
9.78918e-05
6.10328e-05
2.44839e-05
6.45472e-05
0.000156691
0.000222516
0.000261516
0.000278555
0.000278563
0.000261534
0.000222552
0.000156696
6.45243e-05
0.000106154
0.000229749
0.000290501
0.000314214
0.000321649
0.000321649
0.000314204
0.00029051
0.000229745
0.000106133
0.00013888
0.00027134
0.000316195
0.00032733
0.000329593
0.000329597
0.000327331
0.000316208
0.000271339
0.000138864
0.000156418
0.000288232
0.000323431
0.00032974
0.000330599
0.000330603
0.000329741
0.000323439
0.000288233
0.000156416
0.000156416
0.000288231
0.000323428
0.000329737
0.000330601
0.000330603
0.00032974
0.000323434
0.000288233
0.000156426
0.000138857
0.000271332
0.000316189
0.000327323
0.000329594
0.000329593
0.000327319
0.000316182
0.000271347
0.000138889
0.000106114
0.000229752
0.000290494
0.0003142
0.000321646
0.000321647
0.0003142
0.000290478
0.000229764
0.000106159
6.45009e-05
0.00015666
0.000222478
0.000261497
0.000278538
0.000278548
0.000261525
0.000222523
0.000156714
6.45563e-05
2.446e-05
6.10099e-05
9.78782e-05
0.000126213
0.000141347
0.000141348
0.00012621
9.78894e-05
6.10348e-05
2.44927e-05
2.4431e-05
6.10404e-05
9.78813e-05
0.000126207
0.000141345
0.000141348
0.000126218
9.78948e-05
6.10398e-05
2.44214e-05
6.45039e-05
0.000156685
0.000222475
0.00026149
0.000278532
0.00027853
0.000261486
0.000222461
0.000156669
6.44837e-05
0.000106125
0.000229751
0.000290484
0.000314199
0.000321645
0.000321637
0.000314194
0.00029049
0.000229757
0.000106119
0.000138864
0.000271331
0.000316183
0.000327316
0.000329588
0.000329589
0.000327322
0.000316187
0.000271337
0.000138868
0.000156417
0.000288224
0.000323428
0.000329742
0.000330601
0.000330601
0.000329739
0.000323431
0.000288232
0.000156417
0.000156413
0.000288229
0.000323434
0.00032974
0.000330601
0.000330601
0.000329738
0.000323436
0.000288234
0.000156413
0.000138858
0.000271357
0.000316205
0.000327322
0.00032959
0.000329589
0.000327321
0.000316203
0.000271355
0.000138862
0.000106113
0.000229762
0.000290505
0.0003142
0.000321637
0.000321636
0.000314197
0.000290501
0.000229762
0.000106118
6.45034e-05
0.000156678
0.0002225
0.000261494
0.000278532
0.00027853
0.00026149
0.000222492
0.000156667
6.44931e-05
2.44469e-05
6.10144e-05
9.78942e-05
0.000126217
0.000141346
0.00014134
0.000126204
9.78811e-05
6.10087e-05
2.44412e-05
2.45259e-05
6.10479e-05
9.78962e-05
0.000126224
0.000141357
0.00014135
0.000126213
9.78949e-05
6.10491e-05
2.44335e-05
6.45638e-05
0.000156695
0.00022251
0.000261513
0.000278549
0.00027854
0.000261499
0.000222484
0.00015668
6.44881e-05
0.000106154
0.000229749
0.000290483
0.000314199
0.000321646
0.000321645
0.000314199
0.000290481
0.000229741
0.00010611
0.000138887
0.00027135
0.000316188
0.000327327
0.000329591
0.000329589
0.000327315
0.000316179
0.000271335
0.000138863
0.000156426
0.000288236
0.000323431
0.000329742
0.000330599
0.000330599
0.000329739
0.000323427
0.000288238
0.000156418
0.000156413
0.000288235
0.000323432
0.00032974
0.000330599
0.000330597
0.000329739
0.000323429
0.000288242
0.000156411
0.000138856
0.000271357
0.000316193
0.00032732
0.000329589
0.000329591
0.000327323
0.000316195
0.000271371
0.000138861
0.000106117
0.00022978
0.000290496
0.0003142
0.000321641
0.000321641
0.000314198
0.0002905
0.000229801
0.000106138
6.4496e-05
0.000156695
0.000222499
0.000261503
0.000278539
0.000278546
0.000261519
0.000222524
0.000156718
6.45271e-05
2.4461e-05
6.10478e-05
9.78973e-05
0.000126217
0.000141354
0.000141347
0.000126212
9.78921e-05
6.10397e-05
2.44813e-05
2.44375e-05
6.10544e-05
9.78993e-05
0.000126205
0.000141344
0.00014135
0.000126216
9.79024e-05
6.10431e-05
2.44443e-05
6.44989e-05
0.000156691
0.000222505
0.000261503
0.000278547
0.000278536
0.000261492
0.000222495
0.000156675
6.45059e-05
0.000106121
0.000229753
0.000290511
0.000314207
0.000321643
0.000321638
0.000314205
0.000290504
0.000229744
0.000106117
0.000138865
0.000271333
0.000316194
0.000327332
0.000329594
0.000329593
0.000327336
0.000316198
0.000271342
0.000138861
0.000156411
0.000288228
0.000323434
0.000329743
0.000330601
0.000330601
0.000329745
0.000323429
0.000288236
0.000156413
0.00015641
0.000288231
0.00032343
0.00032974
0.000330599
0.000330603
0.000329744
0.000323429
0.000288238
0.000156421
0.000138859
0.000271341
0.00031619
0.000327321
0.000329589
0.000329592
0.000327322
0.000316188
0.000271346
0.000138881
0.000106117
0.000229741
0.000290489
0.000314192
0.000321632
0.000321638
0.000314202
0.000290499
0.000229748
0.000106141
6.45054e-05
0.000156667
0.000222482
0.000261483
0.000278526
0.000278532
0.000261494
0.000222501
0.00015668
6.45363e-05
2.44467e-05
6.10104e-05
9.7882e-05
0.000126214
0.000141342
0.000141337
0.000126195
9.78727e-05
6.10148e-05
2.4466e-05
2.44279e-05
6.10175e-05
9.78984e-05
0.000126215
0.000141349
0.000141349
0.00012621
9.78678e-05
6.10084e-05
2.44362e-05
6.4491e-05
0.000156644
0.000222466
0.00026149
0.000278535
0.000278536
0.0002615
0.000222476
0.000156659
6.44848e-05
0.000106114
0.000229747
0.000290488
0.000314197
0.000321639
0.000321642
0.000314197
0.000290485
0.000229749
0.000106116
0.00013886
0.000271325
0.000316178
0.000327314
0.000329589
0.000329592
0.000327318
0.000316179
0.000271329
0.000138858
0.000156417
0.000288221
0.000323427
0.00032974
0.000330601
0.000330602
0.000329739
0.000323428
0.000288228
0.000156413
0.000156419
0.000288222
0.000323427
0.000329736
0.0003306
0.000330602
0.000329739
0.000323431
0.000288232
0.000156415
0.000138868
0.000271333
0.000316187
0.000327318
0.00032959
0.000329586
0.000327316
0.000316181
0.000271333
0.000138869
0.000106123
0.000229762
0.000290496
0.000314194
0.000321638
0.000321634
0.000314201
0.000290504
0.000229761
0.000106128
6.44963e-05
0.000156675
0.000222471
0.000261499
0.000278543
0.00027854
0.000261499
0.000222481
0.000156689
6.45071e-05
2.44478e-05
6.10761e-05
9.79329e-05
0.000126249
0.000141354
0.000141351
0.000126231
9.79081e-05
6.1044e-05
2.44275e-05
2.44989e-05
6.10364e-05
9.79108e-05
0.000126235
0.000141364
0.00014135
0.0001262
9.78985e-05
6.10517e-05
2.44482e-05
6.45383e-05
0.000156685
0.000222529
0.000261524
0.000278549
0.000278546
0.000261517
0.000222518
0.000156691
6.45071e-05
0.000106144
0.000229746
0.000290504
0.000314201
0.000321644
0.000321646
0.000314201
0.000290502
0.000229749
0.000106121
0.000138876
0.000271337
0.000316209
0.000327332
0.000329596
0.000329595
0.000327335
0.000316206
0.000271339
0.000138857
0.000156417
0.000288227
0.000323439
0.000329745
0.000330602
0.0003306
0.000329743
0.000323435
0.00028823
0.000156414
0.000156414
0.000288227
0.00032343
0.000329741
0.000330601
0.000330602
0.000329741
0.000323433
0.000288229
0.000156426
0.000138858
0.000271333
0.000316182
0.000327317
0.00032959
0.000329595
0.000327324
0.000316192
0.000271343
0.000138884
0.000106114
0.000229754
0.000290484
0.000314193
0.000321642
0.000321645
0.000314194
0.000290487
0.000229755
0.00010615
6.45013e-05
0.000156662
0.000222477
0.000261499
0.000278539
0.000278545
0.000261521
0.000222514
0.000156699
6.45454e-05
2.44638e-05
6.10254e-05
9.78936e-05
0.000126219
0.000141354
0.000141346
0.000126209
9.78797e-05
6.10227e-05
2.44752e-05
2.45124e-05
6.10419e-05
9.78734e-05
0.000126214
0.000141352
0.000141343
0.000126213
9.78973e-05
6.10465e-05
2.44264e-05
6.45496e-05
0.000156692
0.00022251
0.000261515
0.000278545
0.000278541
0.000261504
0.000222488
0.00015668
6.44886e-05
0.000106157
0.000229747
0.00029049
0.000314205
0.000321647
0.000321646
0.000314192
0.000290481
0.000229749
0.000106119
0.00013888
0.000271345
0.000316197
0.000327325
0.000329593
0.000329593
0.00032732
0.000316183
0.000271334
0.000138866
0.000156423
0.000288233
0.000323436
0.000329743
0.000330603
0.0003306
0.000329737
0.000323431
0.000288229
0.000156418
0.000156418
0.000288238
0.000323439
0.000329743
0.0003306
0.000330601
0.000329741
0.000323441
0.000288237
0.000156417
0.000138861
0.000271355
0.000316197
0.00032732
0.000329591
0.000329593
0.000327322
0.000316204
0.000271362
0.00013886
0.000106118
0.000229777
0.000290497
0.000314198
0.00032164
0.000321642
0.000314199
0.000290499
0.000229788
0.000106121
6.44969e-05
0.000156682
0.000222494
0.000261498
0.000278536
0.000278543
0.000261513
0.000222519
0.000156698
6.45092e-05
2.44671e-05
6.10319e-05
9.7892e-05
0.000126205
0.000141348
0.000141346
0.000126203
9.7885e-05
6.10143e-05
2.44664e-05
2.45127e-05
6.10395e-05
9.78704e-05
0.000126204
0.000141345
0.000141343
0.000126207
9.78689e-05
6.10216e-05
2.4459e-05
6.45509e-05
0.000156692
0.000222506
0.000261498
0.000278536
0.000278543
0.000261511
0.000222511
0.000156701
6.45174e-05
0.000106155
0.000229741
0.00029049
0.0003142
0.000321642
0.000321641
0.000314193
0.000290482
0.000229756
0.00010613
0.00013889
0.000271345
0.000316197
0.000327325
0.000329591
0.000329593
0.000327323
0.000316183
0.000271342
0.000138876
0.000156427
0.000288239
0.000323435
0.000329743
0.000330601
0.000330599
0.000329743
0.000323431
0.000288231
0.000156423
0.000156415
0.000288244
0.000323438
0.000329743
0.000330603
0.000330601
0.000329739
0.000323435
0.000288235
0.000156416
0.000138857
0.000271358
0.000316197
0.000327321
0.000329589
0.000329591
0.000327322
0.000316203
0.000271364
0.000138863
0.000106113
0.000229773
0.000290496
0.000314194
0.000321639
0.000321642
0.000314201
0.000290503
0.00022979
0.000106133
6.45103e-05
0.000156695
0.000222511
0.000261509
0.000278537
0.000278535
0.00026151
0.000222529
0.000156711
6.45267e-05
2.44798e-05
6.10445e-05
9.79034e-05
0.000126217
0.000141354
0.000141346
0.000126202
9.78913e-05
6.10244e-05
2.44753e-05
2.44257e-05
6.10641e-05
9.79182e-05
0.000126217
0.000141345
0.000141348
0.000126215
9.79145e-05
6.1069e-05
2.4423e-05
6.44983e-05
0.000156688
0.000222482
0.000261488
0.000278535
0.000278537
0.000261498
0.00022249
0.000156702
6.44865e-05
0.000106126
0.000229753
0.0002905
0.000314202
0.000321641
0.000321641
0.000314198
0.000290488
0.000229759
0.000106106
0.000138871
0.00027134
0.000316189
0.000327322
0.000329589
0.000329591
0.000327326
0.000316189
0.000271346
0.000138858
0.000156419
0.000288234
0.000323428
0.00032974
0.000330601
0.0003306
0.000329742
0.000323429
0.000288236
0.000156413
0.000156415
0.000288238
0.000323432
0.000329738
0.000330603
0.000330601
0.00032974
0.000323432
0.000288236
0.00015641
0.000138863
0.000271364
0.000316195
0.000327317
0.000329589
0.000329586
0.000327319
0.000316203
0.00027136
0.000138862
0.000106119
0.000229769
0.000290501
0.000314195
0.000321634
0.000321634
0.000314199
0.000290506
0.000229761
0.000106118
6.4506e-05
0.000156674
0.000222498
0.000261486
0.00027853
0.00027853
0.000261488
0.000222495
0.000156664
6.44922e-05
2.44557e-05
6.10049e-05
9.7889e-05
0.000126216
0.000141346
0.000141341
0.000126208
9.7889e-05
6.10086e-05
2.4441e-05
2.45045e-05
6.10386e-05
9.79028e-05
0.000126225
0.000141358
0.000141355
0.000126217
9.79011e-05
6.10379e-05
2.44945e-05
6.45589e-05
0.000156695
0.000222532
0.000261514
0.00027855
0.00027856
0.000261537
0.000222559
0.000156711
6.45492e-05
0.000106147
0.00022974
0.000290506
0.000314202
0.000321648
0.000321648
0.000314205
0.000290511
0.000229756
0.000106143
0.000138877
0.000271335
0.000316203
0.000327328
0.000329594
0.000329598
0.000327337
0.00031621
0.000271342
0.000138864
0.00015642
0.000288229
0.000323437
0.000329743
0.000330602
0.000330603
0.000329746
0.000323436
0.000288232
0.000156416
0.000156414
0.000288231
0.000323435
0.000329739
0.0003306
0.000330602
0.000329745
0.000323431
0.000288236
0.000156424
0.000138856
0.000271331
0.00031619
0.000327323
0.000329593
0.000329594
0.000327322
0.000316189
0.00027135
0.000138884
0.000106119
0.000229752
0.000290496
0.000314199
0.000321642
0.000321645
0.000314197
0.000290486
0.000229772
0.000106159
6.45082e-05
0.000156664
0.000222494
0.0002615
0.000278539
0.000278549
0.000261524
0.000222524
0.000156719
6.45681e-05
2.44783e-05
6.10227e-05
9.78851e-05
0.000126203
0.000141344
0.00014135
0.000126225
9.79139e-05
6.10542e-05
2.45216e-05
2.44426e-05
6.10678e-05
9.79102e-05
0.000126218
0.000141343
0.000141349
0.000126209
9.78805e-05
6.10441e-05
2.44408e-05
6.45058e-05
0.000156699
0.000222475
0.000261492
0.000278537
0.000278539
0.000261498
0.000222467
0.000156675
6.44957e-05
0.000106118
0.000229755
0.000290497
0.0003142
0.000321638
0.000321638
0.000314194
0.000290489
0.000229755
0.000106115
0.000138867
0.000271339
0.000316194
0.000327322
0.000329586
0.000329588
0.000327323
0.00031619
0.000271338
0.000138863
0.000156413
0.000288232
0.00032343
0.000329742
0.000330603
0.000330599
0.00032974
0.000323431
0.000288238
0.000156414
0.00015641
0.000288236
0.000323434
0.000329739
0.000330599
0.000330598
0.000329738
0.000323432
0.000288237
0.000156412
0.000138859
0.00027136
0.000316194
0.000327318
0.000329588
0.000329587
0.000327317
0.000316199
0.000271358
0.000138861
0.000106118
0.000229772
0.000290506
0.000314201
0.000321635
0.000321634
0.0003142
0.000290514
0.000229764
0.000106112
6.45058e-05
0.000156681
0.000222501
0.00026149
0.000278526
0.00027853
0.000261489
0.000222492
0.000156662
6.44936e-05
2.44469e-05
6.1013e-05
9.78897e-05
0.000126211
0.000141344
0.000141343
0.000126207
9.78827e-05
6.10095e-05
2.44548e-05
2.45119e-05
6.10437e-05
9.78932e-05
0.000126214
0.000141362
0.000141349
0.00012621
9.78954e-05
6.10497e-05
2.44388e-05
6.45516e-05
0.000156684
0.000222507
0.000261506
0.000278548
0.000278539
0.000261504
0.000222493
0.000156675
6.44875e-05
0.000106154
0.000229748
0.000290485
0.000314199
0.000321645
0.000321646
0.000314199
0.00029048
0.00022974
0.000106116
0.000138882
0.000271343
0.000316187
0.000327324
0.000329591
0.000329591
0.000327319
0.000316181
0.000271335
0.000138863
0.000156425
0.000288235
0.000323435
0.000329744
0.000330599
0.000330598
0.000329739
0.000323428
0.000288236
0.000156415
0.000156417
0.000288237
0.000323443
0.000329741
0.000330599
0.000330599
0.000329739
0.000323432
0.000288244
0.000156409
0.000138857
0.00027135
0.000316202
0.00032732
0.000329592
0.000329589
0.000327323
0.000316198
0.000271373
0.000138859
0.000106115
0.000229772
0.000290501
0.000314196
0.000321642
0.000321642
0.000314205
0.000290505
0.000229803
0.000106141
6.45034e-05
0.000156688
0.000222503
0.000261502
0.000278539
0.000278544
0.000261528
0.000222543
0.000156734
6.45379e-05
2.44733e-05
6.10301e-05
9.78851e-05
0.000126208
0.000141349
0.000141349
0.000126221
9.79172e-05
6.10592e-05
2.44857e-05
2.4457e-05
6.10485e-05
9.78854e-05
0.000126202
0.00014135
0.000141348
0.000126207
9.78948e-05
6.10382e-05
2.44251e-05
6.45051e-05
0.000156681
0.000222502
0.000261499
0.000278546
0.000278542
0.000261494
0.000222489
0.000156675
6.44874e-05
0.000106124
0.000229751
0.000290506
0.000314202
0.000321645
0.000321646
0.000314206
0.0002905
0.000229755
0.000106111
0.000138861
0.000271343
0.000316206
0.000327333
0.000329593
0.000329592
0.000327331
0.000316194
0.000271339
0.000138857
0.000156409
0.000288229
0.000323434
0.000329743
0.000330599
0.0003306
0.000329741
0.000323426
0.000288229
0.000156413
0.000156411
0.000288227
0.00032343
0.000329741
0.0003306
0.000330601
0.000329741
0.000323427
0.000288233
0.000156419
0.00013886
0.000271335
0.000316189
0.000327318
0.000329587
0.000329589
0.000327321
0.000316192
0.000271341
0.000138876
0.000106119
0.000229742
0.000290496
0.000314197
0.000321634
0.000321637
0.000314194
0.000290494
0.000229734
0.000106135
6.45015e-05
0.000156663
0.000222486
0.000261491
0.000278531
0.000278529
0.000261484
0.000222481
0.000156655
6.45218e-05
2.44518e-05
6.10341e-05
9.79016e-05
0.000126223
0.000141351
0.000141343
0.000126207
9.78782e-05
6.10054e-05
2.44479e-05
2.44863e-05
6.10336e-05
9.78999e-05
0.000126225
0.000141354
0.000141349
0.000126204
9.78883e-05
6.10366e-05
2.44824e-05
6.45492e-05
0.000156694
0.000222531
0.000261525
0.000278551
0.000278553
0.000261524
0.00022253
0.000156682
6.45253e-05
0.000106149
0.000229739
0.000290503
0.00031421
0.00032165
0.000321651
0.000314207
0.000290508
0.000229744
0.00010613
0.000138879
0.000271339
0.000316211
0.000327337
0.000329595
0.000329595
0.000327336
0.00031621
0.000271336
0.000138858
0.000156421
0.00028823
0.00032344
0.000329745
0.000330601
0.000330602
0.000329747
0.00032344
0.000288234
0.000156419
0.000156415
0.000288226
0.000323431
0.000329738
0.000330602
0.000330604
0.000329741
0.000323437
0.000288236
0.000156433
0.000138857
0.000271331
0.000316185
0.000327319
0.000329595
0.000329597
0.000327324
0.000316195
0.000271352
0.000138895
0.000106116
0.000229753
0.000290487
0.000314194
0.000321645
0.00032165
0.000314205
0.00029049
0.000229763
0.000106162
6.45045e-05
0.000156663
0.000222486
0.000261501
0.000278541
0.00027855
0.000261524
0.000222527
0.000156713
6.45645e-05
2.44868e-05
6.10335e-05
9.78922e-05
0.00012621
0.000141347
0.000141348
0.000126205
9.78914e-05
6.10444e-05
2.45093e-05
2.44749e-05
6.10306e-05
9.78663e-05
0.000126201
0.000141344
0.000141341
0.000126208
9.78937e-05
6.10577e-05
2.44429e-05
6.45381e-05
0.000156697
0.000222496
0.000261501
0.000278535
0.000278534
0.000261493
0.000222472
0.000156678
6.4496e-05
0.000106147
0.000229744
0.000290489
0.000314204
0.000321641
0.000321638
0.000314195
0.000290483
0.000229746
0.000106113
0.000138886
0.00027134
0.000316194
0.000327324
0.00032959
0.000329591
0.000327319
0.000316184
0.000271333
0.000138858
0.000156427
0.000288229
0.000323433
0.000329742
0.0003306
0.0003306
0.000329736
0.000323428
0.000288232
0.000156411
0.000156417
0.000288234
0.000323435
0.000329739
0.000330603
0.000330601
0.00032974
0.000323436
0.000288235
0.000156414
0.000138853
0.000271352
0.000316193
0.00032732
0.000329594
0.000329592
0.000327323
0.000316203
0.000271352
0.000138858
0.000106114
0.000229776
0.000290491
0.000314199
0.000321642
0.000321644
0.000314205
0.000290505
0.000229779
0.000106124
6.45092e-05
0.000156684
0.000222492
0.0002615
0.000278534
0.000278539
0.000261508
0.000222514
0.000156689
6.45065e-05
2.44668e-05
6.10218e-05
9.78928e-05
0.000126208
0.000141346
0.000141345
0.0001262
9.78851e-05
6.10202e-05
2.44681e-05
2.44992e-05
6.10427e-05
9.7877e-05
0.000126209
0.000141349
0.000141341
0.000126206
9.78838e-05
6.10299e-05
2.44389e-05
6.45452e-05
0.000156691
0.000222502
0.000261504
0.000278543
0.000278542
0.000261502
0.000222492
0.000156682
6.4496e-05
0.00010615
0.000229743
0.000290484
0.000314206
0.000321647
0.000321644
0.000314199
0.000290484
0.000229749
0.000106117
0.000138885
0.000271341
0.000316188
0.000327327
0.000329593
0.00032959
0.000327324
0.000316185
0.000271337
0.000138866
0.000156426
0.000288232
0.00032343
0.000329743
0.000330599
0.000330598
0.000329739
0.00032343
0.000288233
0.000156418
0.000156416
0.000288236
0.000323434
0.000329742
0.000330599
0.000330599
0.000329738
0.000323432
0.000288238
0.000156412
0.000138855
0.000271352
0.000316197
0.000327319
0.00032959
0.000329592
0.000327323
0.000316202
0.00027137
0.000138858
0.000106116
0.000229777
0.000290498
0.000314197
0.000321643
0.000321644
0.000314204
0.000290503
0.000229791
0.000106125
6.45017e-05
0.000156692
0.000222502
0.000261502
0.000278537
0.00027854
0.000261512
0.000222529
0.000156712
6.45182e-05
2.44676e-05
6.10447e-05
9.79031e-05
0.000126214
0.000141347
0.000141341
0.0001262
9.79007e-05
6.10347e-05
2.44711e-05
2.44654e-05
6.10586e-05
9.78959e-05
0.000126218
0.000141351
0.000141348
0.000126209
9.78987e-05
6.10421e-05
2.44238e-05
6.45191e-05
0.000156693
0.000222476
0.000261485
0.000278528
0.00027854
0.000261503
0.000222469
0.000156666
6.44807e-05
0.000106115
0.000229747
0.000290491
0.000314197
0.000321636
0.000321639
0.000314198
0.000290486
0.000229756
0.000106116
0.00013886
0.000271336
0.000316184
0.00032732
0.000329589
0.000329588
0.000327317
0.00031618
0.000271333
0.000138864
0.000156411
0.000288231
0.000323427
0.000329742
0.000330601
0.000330599
0.00032974
0.000323429
0.000288234
0.000156416
0.000156411
0.000288236
0.000323434
0.000329741
0.0003306
0.0003306
0.000329738
0.000323432
0.000288237
0.000156414
0.00013886
0.00027136
0.000316198
0.000327317
0.000329589
0.000329588
0.000327317
0.000316196
0.000271358
0.000138862
0.000106122
0.000229768
0.000290505
0.000314196
0.000321632
0.000321634
0.000314193
0.0002905
0.000229766
0.000106118
6.45105e-05
0.000156684
0.000222509
0.00026149
0.000278525
0.000278528
0.000261486
0.000222486
0.000156659
6.45001e-05
2.44546e-05
6.10071e-05
9.78907e-05
0.000126213
0.000141347
0.000141348
0.000126207
9.78719e-05
6.10039e-05
2.44635e-05
2.45222e-05
6.10515e-05
9.79019e-05
0.000126221
0.000141357
0.00014136
0.000126226
9.79062e-05
6.10152e-05
2.44793e-05
6.45415e-05
0.000156679
0.000222532
0.000261523
0.000278555
0.000278552
0.000261522
0.000222539
0.000156677
6.45188e-05
0.000106159
0.000229752
0.000290511
0.000314215
0.000321655
0.000321651
0.000314211
0.000290519
0.000229757
0.000106126
0.000138878
0.000271339
0.000316205
0.000327333
0.000329595
0.000329595
0.000327335
0.00031621
0.000271341
0.000138857
0.000156419
0.000288231
0.000323439
0.000329746
0.000330601
0.0003306
0.000329743
0.000323439
0.000288232
0.000156413
0.000156415
0.000288227
0.000323429
0.000329742
0.000330602
0.000330601
0.000329738
0.000323433
0.000288235
0.000156427
0.000138861
0.000271334
0.000316185
0.000327322
0.000329593
0.000329591
0.000327322
0.000316188
0.000271348
0.00013888
0.000106119
0.000229763
0.000290491
0.000314204
0.000321649
0.000321644
0.000314202
0.000290487
0.000229764
0.000106143
6.44986e-05
0.000156666
0.00022248
0.0002615
0.000278541
0.000278548
0.000261516
0.000222506
0.000156701
6.45371e-05
2.4452e-05
6.10277e-05
9.78973e-05
0.000126225
0.000141358
0.000141347
0.000126197
9.78706e-05
6.10167e-05
2.44626e-05
2.44348e-05
6.10615e-05
9.78969e-05
0.000126221
0.000141348
0.000141348
0.000126214
9.78888e-05
6.10408e-05
2.44308e-05
6.44976e-05
0.000156686
0.000222472
0.000261494
0.000278534
0.000278529
0.000261487
0.000222466
0.000156673
6.44834e-05
0.00010612
0.000229754
0.000290494
0.000314199
0.000321639
0.000321637
0.000314196
0.000290486
0.000229752
0.000106112
0.000138869
0.000271334
0.000316182
0.000327319
0.000329589
0.000329591
0.000327323
0.000316189
0.000271337
0.000138866
0.000156415
0.000288224
0.000323426
0.000329736
0.000330599
0.0003306
0.000329738
0.000323431
0.00028823
0.000156412
0.000156412
0.000288234
0.000323434
0.000329738
0.000330601
0.000330598
0.000329738
0.00032344
0.000288235
0.000156413
0.000138861
0.000271359
0.000316198
0.00032732
0.000329593
0.00032959
0.000327319
0.000316203
0.000271352
0.000138862
0.000106118
0.00022977
0.000290502
0.000314198
0.000321636
0.000321634
0.000314204
0.000290518
0.000229762
0.000106116
6.45078e-05
0.000156681
0.000222501
0.000261491
0.000278528
0.000278526
0.000261493
0.000222508
0.000156679
6.44939e-05
2.44583e-05
6.10159e-05
9.78896e-05
0.000126214
0.000141346
0.000141345
0.000126218
9.78942e-05
6.10162e-05
2.44328e-05
2.44931e-05
6.10327e-05
9.78766e-05
0.000126213
0.000141352
0.000141344
0.000126202
9.78869e-05
6.10338e-05
2.44256e-05
6.45477e-05
0.000156689
0.000222503
0.000261503
0.000278542
0.000278542
0.000261502
0.000222493
0.000156667
6.44822e-05
0.000106146
0.000229742
0.00029049
0.000314201
0.000321644
0.000321647
0.000314201
0.000290482
0.000229741
0.000106115
0.000138877
0.000271342
0.000316188
0.000327322
0.000329589
0.000329592
0.000327324
0.000316183
0.000271336
0.000138865
0.000156423
0.000288234
0.000323427
0.000329738
0.000330598
0.000330598
0.000329739
0.000323426
0.000288233
0.000156416
0.000156416
0.000288236
0.000323432
0.00032974
0.000330598
0.000330598
0.000329737
0.000323432
0.000288243
0.00015641
0.000138855
0.000271355
0.000316195
0.00032732
0.000329589
0.000329588
0.00032732
0.000316198
0.000271366
0.000138855
0.000106118
0.000229784
0.000290503
0.000314203
0.00032164
0.000321637
0.000314196
0.000290502
0.000229788
0.000106122
6.45011e-05
0.000156681
0.000222491
0.000261502
0.000278542
0.000278541
0.000261504
0.000222525
0.000156707
6.45127e-05
2.44633e-05
6.10406e-05
9.79121e-05
0.000126229
0.000141359
0.000141351
0.000126201
9.78919e-05
6.10329e-05
2.44736e-05
2.44614e-05
6.10515e-05
9.79e-05
0.000126197
0.000141348
0.000141359
0.000126217
9.78976e-05
6.10349e-05
2.44602e-05
6.45183e-05
0.00015669
0.000222509
0.000261505
0.000278544
0.000278541
0.000261497
0.000222501
0.000156672
6.45069e-05
0.000106119
0.000229748
0.000290505
0.000314209
0.000321643
0.000321642
0.000314202
0.000290505
0.000229746
0.000106123
0.000138863
0.000271336
0.000316194
0.000327335
0.000329596
0.000329594
0.000327329
0.000316196
0.000271335
0.000138863
0.000156412
0.000288224
0.000323431
0.000329746
0.000330601
0.0003306
0.000329746
0.000323431
0.00028823
0.000156414
0.000156411
0.000288226
0.000323429
0.000329742
0.000330599
0.000330598
0.000329742
0.00032343
0.000288233
0.00015642
0.000138864
0.000271342
0.000316185
0.000327319
0.00032959
0.000329586
0.000327317
0.000316189
0.000271345
0.00013888
0.000106125
0.000229744
0.000290487
0.000314193
0.000321637
0.000321635
0.000314195
0.000290497
0.000229743
0.000106137
6.45129e-05
0.000156661
0.000222482
0.000261483
0.000278531
0.00027853
0.000261486
0.000222487
0.000156671
6.45264e-05
2.44394e-05
6.10007e-05
9.78821e-05
0.000126211
0.000141343
0.000141341
0.000126211
9.78863e-05
6.10171e-05
2.44611e-05
2.44847e-05
6.10313e-05
9.79057e-05
0.000126231
0.000141357
0.000141355
0.00012621
9.78864e-05
6.10456e-05
2.44522e-05
6.45279e-05
0.00015668
0.000222519
0.000261519
0.000278548
0.000278547
0.000261506
0.000222507
0.000156681
6.45012e-05
0.000106137
0.000229751
0.000290503
0.000314209
0.000321649
0.000321649
0.000314205
0.000290515
0.000229761
0.000106126
0.000138869
0.00027134
0.000316203
0.000327332
0.000329594
0.000329596
0.000327326
0.000316201
0.000271336
0.000138856
0.000156418
0.000288231
0.00032344
0.000329748
0.000330604
0.0003306
0.00032974
0.000323431
0.000288229
0.000156415
0.000156418
0.000288232
0.000323435
0.000329743
0.000330605
0.000330603
0.000329741
0.000323432
0.000288233
0.000156428
0.000138859
0.000271331
0.000316188
0.000327323
0.000329598
0.000329596
0.000327324
0.000316191
0.000271344
0.000138885
0.000106113
0.000229743
0.000290484
0.0003142
0.000321647
0.000321646
0.000314202
0.000290488
0.00022976
0.00010615
6.44962e-05
0.000156655
0.000222477
0.0002615
0.000278542
0.000278548
0.000261519
0.000222516
0.000156701
6.4544e-05
2.44487e-05
6.10026e-05
9.78688e-05
0.000126203
0.000141345
0.000141346
0.000126206
9.78854e-05
6.10295e-05
2.44805e-05
2.44987e-05
6.10345e-05
9.78799e-05
0.000126218
0.000141354
0.000141348
0.000126207
9.78888e-05
6.10437e-05
2.44495e-05
6.45575e-05
0.000156694
0.000222492
0.000261509
0.000278546
0.00027854
0.000261502
0.000222482
0.000156668
6.44963e-05
0.000106141
0.000229742
0.000290492
0.000314205
0.000321649
0.000321644
0.0003142
0.000290483
0.000229743
0.00010612
0.000138879
0.000271338
0.000316191
0.000327322
0.000329595
0.000329597
0.000327321
0.000316188
0.000271335
0.000138865
0.000156423
0.000288234
0.000323436
0.000329741
0.000330599
0.000330599
0.000329737
0.000323429
0.000288232
0.000156414
0.000156417
0.000288233
0.000323434
0.000329742
0.000330599
0.000330601
0.00032974
0.000323437
0.00028824
0.000156411
0.000138856
0.000271352
0.000316196
0.000327324
0.000329593
0.000329592
0.000327325
0.000316204
0.000271365
0.000138858
0.000106118
0.000229786
0.000290496
0.000314202
0.000321647
0.00032164
0.0003142
0.000290507
0.000229789
0.000106124
6.45004e-05
0.00015669
0.00022249
0.0002615
0.000278541
0.000278543
0.000261513
0.000222523
0.000156698
6.45102e-05
2.44625e-05
6.1038e-05
9.78987e-05
0.000126214
0.000141351
0.000141348
0.000126204
9.78901e-05
6.10279e-05
2.44739e-05
2.45176e-05
6.10516e-05
9.78945e-05
0.000126229
0.000141362
0.000141348
0.000126209
9.78882e-05
6.10382e-05
2.44484e-05
6.45546e-05
0.000156704
0.000222502
0.000261502
0.000278541
0.000278538
0.000261496
0.000222489
0.000156679
6.44944e-05
0.00010616
0.000229752
0.000290482
0.000314202
0.000321648
0.000321646
0.000314192
0.000290481
0.000229742
0.000106116
0.000138892
0.000271346
0.000316193
0.000327328
0.000329592
0.000329591
0.000327321
0.000316186
0.000271334
0.000138865
0.000156426
0.000288238
0.000323435
0.000329742
0.000330602
0.000330601
0.000329738
0.00032343
0.000288236
0.000156417
0.000156415
0.000288242
0.000323436
0.000329739
0.000330601
0.000330601
0.000329738
0.000323436
0.000288239
0.000156411
0.000138857
0.000271358
0.000316193
0.000327319
0.000329593
0.000329592
0.000327321
0.000316199
0.000271364
0.000138859
0.000106118
0.000229784
0.000290492
0.000314198
0.000321644
0.000321644
0.000314198
0.000290501
0.000229788
0.000106129
6.45035e-05
0.000156702
0.0002225
0.000261508
0.000278546
0.000278542
0.000261504
0.000222517
0.000156706
6.45274e-05
2.44548e-05
6.10359e-05
9.78979e-05
0.000126211
0.000141347
0.000141347
0.000126205
9.78908e-05
6.10312e-05
2.44762e-05
2.44351e-05
6.10559e-05
9.78941e-05
0.000126218
0.000141349
0.000141353
0.000126215
9.79033e-05
6.10398e-05
2.44164e-05
6.45109e-05
0.000156695
0.00022247
0.000261486
0.000278534
0.000278536
0.000261491
0.000222469
0.000156668
6.44851e-05
0.000106123
0.000229755
0.000290489
0.000314197
0.000321643
0.00032164
0.000314199
0.000290493
0.000229757
0.000106115
0.000138861
0.000271346
0.000316188
0.00032732
0.000329589
0.000329591
0.000327321
0.000316183
0.000271332
0.000138864
0.000156411
0.000288237
0.000323428
0.000329741
0.000330603
0.000330602
0.000329741
0.000323429
0.000288231
0.000156417
0.000156413
0.000288242
0.000323435
0.000329741
0.000330603
0.000330601
0.000329738
0.000323432
0.000288237
0.000156413
0.000138865
0.00027136
0.000316203
0.000327322
0.000329592
0.000329589
0.000327316
0.000316197
0.000271358
0.000138861
0.000106118
0.00022976
0.000290502
0.000314192
0.000321634
0.000321637
0.000314197
0.000290507
0.000229756
0.000106118
6.44934e-05
0.000156675
0.000222499
0.000261487
0.000278526
0.000278531
0.000261491
0.000222504
0.000156664
6.44944e-05
2.44312e-05
6.10177e-05
9.7896e-05
0.000126218
0.000141347
0.00014135
0.000126215
9.78933e-05
6.10102e-05
2.44397e-05
2.45017e-05
6.10273e-05
9.7889e-05
0.000126216
0.000141355
0.000141356
0.000126223
9.78944e-05
6.10194e-05
2.44708e-05
6.4539e-05
0.000156689
0.000222523
0.000261511
0.000278552
0.000278563
0.000261533
0.000222549
0.000156699
6.45307e-05
0.000106143
0.000229745
0.000290499
0.000314207
0.000321651
0.000321647
0.000314205
0.000290516
0.000229751
0.000106131
0.000138878
0.000271336
0.000316199
0.000327331
0.000329593
0.000329598
0.000327334
0.000316211
0.000271338
0.000138863
0.00015642
0.000288234
0.000323438
0.000329745
0.000330602
0.000330604
0.000329749
0.000323442
0.00028823
0.000156417
0.000156418
0.000288231
0.000323434
0.000329743
0.000330603
0.000330603
0.000329745
0.000323436
0.000288235
0.000156426
0.000138868
0.000271332
0.000316185
0.000327322
0.000329594
0.000329595
0.000327323
0.000316194
0.000271356
0.00013889
0.000106125
0.000229752
0.000290479
0.000314194
0.000321642
0.000321643
0.000314197
0.000290489
0.000229773
0.000106159
6.45074e-05
0.000156676
0.000222493
0.000261506
0.00027854
0.000278545
0.000261521
0.000222524
0.000156716
6.45622e-05
2.44648e-05
6.10289e-05
9.78893e-05
0.000126205
0.000141346
0.000141348
0.000126211
9.78952e-05
6.10463e-05
2.45155e-05
2.4438e-05
6.10636e-05
9.79e-05
0.000126217
0.000141342
0.00014134
0.000126215
9.7895e-05
6.10435e-05
2.44215e-05
6.45004e-05
0.000156696
0.000222477
0.0002615
0.000278539
0.000278536
0.000261492
0.00022246
0.000156671
6.44854e-05
0.000106118
0.00022975
0.000290482
0.000314189
0.000321634
0.000321639
0.000314199
0.000290499
0.00022976
0.000106116
0.000138864
0.000271335
0.000316189
0.00032732
0.000329591
0.000329591
0.000327321
0.000316188
0.000271333
0.000138864
0.000156414
0.000288225
0.00032343
0.000329736
0.000330599
0.000330601
0.000329742
0.00032343
0.000288235
0.000156415
0.000156411
0.000288232
0.000323436
0.000329738
0.0003306
0.000330601
0.00032974
0.000323434
0.000288235
0.000156414
0.000138857
0.000271359
0.000316203
0.000327317
0.000329588
0.000329588
0.00032732
0.000316205
0.00027136
0.000138865
0.000106113
0.000229764
0.000290509
0.0003142
0.000321635
0.000321634
0.000314199
0.000290512
0.000229763
0.00010611
6.44997e-05
0.000156685
0.000222506
0.00026149
0.000278529
0.00027853
0.000261487
0.000222497
0.000156666
6.44818e-05
2.44335e-05
6.10206e-05
9.79016e-05
0.000126225
0.00014135
0.000141346
0.000126217
9.78929e-05
6.1005e-05
2.44226e-05
2.44964e-05
6.10421e-05
9.7891e-05
0.00012622
0.000141358
0.000141345
0.000126206
9.78851e-05
6.10311e-05
2.44338e-05
6.4559e-05
0.000156696
0.000222507
0.000261507
0.000278546
0.000278538
0.000261497
0.000222486
0.000156683
6.44999e-05
0.000106154
0.000229743
0.000290489
0.000314204
0.000321648
0.000321641
0.000314193
0.00029048
0.000229749
0.000106118
0.000138882
0.00027134
0.000316189
0.000327325
0.000329591
0.000329592
0.000327325
0.000316183
0.000271337
0.000138866
0.000156426
0.000288233
0.000323433
0.000329744
0.000330602
0.000330604
0.00032974
0.00032343
0.000288236
0.00015642
0.000156416
0.00028824
0.000323433
0.000329743
0.000330602
0.000330604
0.00032974
0.000323438
0.000288246
0.000156416
0.000138857
0.000271358
0.000316193
0.00032732
0.000329592
0.000329595
0.000327326
0.000316201
0.000271374
0.00013886
0.000106113
0.000229776
0.000290495
0.000314194
0.000321641
0.000321643
0.000314202
0.0002905
0.000229804
0.000106133
6.44937e-05
0.000156686
0.000222508
0.000261506
0.000278538
0.000278546
0.000261523
0.000222537
0.000156732
6.45205e-05
2.44584e-05
6.10261e-05
9.78988e-05
0.000126206
0.00014134
0.000141348
0.00012622
9.79191e-05
6.10568e-05
2.44725e-05
2.44513e-05
6.10546e-05
9.78997e-05
0.000126209
0.00014135
0.000141354
0.000126215
9.7898e-05
6.10364e-05
2.44561e-05
6.45055e-05
0.000156684
0.000222511
0.000261511
0.00027855
0.000278541
0.000261493
0.000222493
0.000156672
6.45022e-05
0.000106125
0.00022975
0.000290509
0.000314214
0.000321642
0.000321642
0.000314209
0.000290502
0.000229746
0.000106115
0.000138864
0.000271335
0.000316197
0.000327332
0.000329591
0.000329597
0.000327334
0.000316193
0.000271335
0.000138859
0.000156412
0.000288229
0.000323437
0.000329747
0.000330599
0.000330601
0.000329746
0.000323433
0.000288231
0.000156413
0.00015641
0.000288227
0.000323433
0.000329744
0.000330601
0.000330599
0.000329741
0.000323433
0.000288234
0.000156419
0.000138861
0.000271335
0.000316184
0.000327319
0.000329589
0.000329591
0.000327323
0.000316194
0.000271345
0.00013888
0.000106125
0.000229747
0.000290489
0.000314196
0.000321633
0.000321634
0.000314201
0.000290504
0.000229744
0.000106137
6.45144e-05
0.000156678
0.000222493
0.000261491
0.000278529
0.000278529
0.000261491
0.000222508
0.000156686
6.45273e-05
2.44339e-05
6.10092e-05
9.78897e-05
0.000126211
0.000141342
0.000141339
0.000126203
9.78818e-05
6.10095e-05
2.44385e-05
2.44359e-05
6.10184e-05
9.78791e-05
0.000126204
0.00014135
0.000141362
0.000126221
9.78858e-05
6.10098e-05
2.44454e-05
6.44882e-05
0.00015667
0.000222481
0.000261506
0.000278543
0.000278538
0.000261498
0.000222467
0.000156643
6.44842e-05
0.000106113
0.000229756
0.000290486
0.000314203
0.000321644
0.00032164
0.000314199
0.000290484
0.000229747
0.000106115
0.000138862
0.000271333
0.00031618
0.000327324
0.000329597
0.000329595
0.000327322
0.000316177
0.000271327
0.000138861
0.000156418
0.000288227
0.000323432
0.000329745
0.000330607
0.000330605
0.000329745
0.000323429
0.000288228
0.000156416
0.000156418
0.000288224
0.000323433
0.000329744
0.000330605
0.000330603
0.000329743
0.000323434
0.000288236
0.000156417
0.000138865
0.000271328
0.000316177
0.000327314
0.000329589
0.000329588
0.000327318
0.000316183
0.000271332
0.000138867
0.00010612
0.000229759
0.000290494
0.000314197
0.000321637
0.000321634
0.000314202
0.000290507
0.000229764
0.00010612
6.45012e-05
0.000156671
0.00022246
0.000261491
0.000278537
0.000278539
0.000261497
0.000222471
0.00015668
6.44935e-05
2.44624e-05
6.10671e-05
9.79178e-05
0.000126244
0.000141361
0.000141355
0.000126236
9.79096e-05
6.10585e-05
2.44546e-05
2.45073e-05
6.10385e-05
9.78921e-05
0.00012621
0.00014135
0.000141352
0.00012621
9.78927e-05
6.10392e-05
2.44595e-05
6.45545e-05
0.000156693
0.000222522
0.000261525
0.000278552
0.000278551
0.000261523
0.000222529
0.000156683
6.45043e-05
0.000106154
0.000229747
0.000290497
0.000314209
0.00032165
0.00032165
0.000314202
0.000290513
0.000229755
0.000106126
0.000138887
0.000271338
0.000316192
0.00032733
0.000329598
0.000329601
0.000327335
0.000316214
0.000271341
0.000138858
0.00015643
0.000288231
0.000323434
0.000329747
0.000330602
0.000330603
0.000329746
0.000323433
0.000288231
0.000156417
0.000156421
0.000288231
0.00032343
0.000329745
0.000330601
0.000330603
0.000329743
0.000323432
0.000288233
0.000156431
0.000138862
0.000271335
0.000316187
0.000327319
0.00032959
0.000329594
0.000327325
0.000316193
0.00027135
0.00013889
0.000106122
0.000229753
0.000290486
0.00031419
0.000321642
0.000321646
0.0003142
0.00029048
0.000229755
0.000106153
6.45086e-05
0.000156663
0.000222481
0.0002615
0.000278542
0.000278547
0.000261522
0.000222518
0.000156707
6.45411e-05
2.44887e-05
6.10343e-05
9.78971e-05
0.000126215
0.000141349
0.000141349
0.000126208
9.78836e-05
6.10276e-05
2.44677e-05
2.44778e-05
6.10459e-05
9.78777e-05
0.000126208
0.000141354
0.000141348
0.000126216
9.7898e-05
6.10487e-05
2.44381e-05
6.45477e-05
0.0001567
0.000222499
0.000261514
0.000278553
0.000278537
0.00026149
0.000222474
0.000156674
6.44944e-05
0.000106151
0.000229748
0.000290484
0.000314201
0.000321648
0.000321642
0.000314195
0.00029048
0.000229743
0.000106113
0.000138888
0.000271343
0.000316192
0.000327324
0.000329593
0.000329594
0.000327324
0.000316183
0.000271336
0.000138865
0.000156432
0.000288236
0.000323434
0.00032974
0.0003306
0.000330601
0.000329738
0.000323429
0.000288236
0.000156416
0.000156421
0.000288239
0.00032344
0.000329741
0.0003306
0.000330603
0.00032974
0.000323433
0.000288234
0.00015641
0.000138858
0.000271356
0.000316199
0.00032732
0.000329593
0.000329594
0.000327318
0.000316199
0.000271353
0.000138857
0.000106121
0.000229774
0.000290491
0.000314193
0.000321638
0.000321645
0.000314198
0.000290504
0.000229782
0.000106125
6.45078e-05
0.000156686
0.000222493
0.000261493
0.000278531
0.000278536
0.000261502
0.000222516
0.000156688
6.45094e-05
2.44516e-05
6.10267e-05
9.78997e-05
0.000126212
0.000141354
0.000141353
0.000126204
9.78858e-05
6.10179e-05
2.44657e-05
2.45255e-05
6.10427e-05
9.78895e-05
0.000126216
0.000141354
0.000141344
0.000126205
9.78853e-05
6.10402e-05
2.44418e-05
6.45636e-05
0.000156701
0.000222508
0.000261508
0.000278542
0.000278538
0.000261499
0.000222498
0.000156682
6.44942e-05
0.000106159
0.000229748
0.000290482
0.000314206
0.000321646
0.000321644
0.000314194
0.00029048
0.000229743
0.000106116
0.000138894
0.000271351
0.000316193
0.000327326
0.000329588
0.00032959
0.000327326
0.000316185
0.00027134
0.000138859
0.000156431
0.000288238
0.000323435
0.000329745
0.000330602
0.000330602
0.000329743
0.000323428
0.000288237
0.000156414
0.00015642
0.000288237
0.000323439
0.000329743
0.000330601
0.000330602
0.000329742
0.000323432
0.000288243
0.000156414
0.000138862
0.000271353
0.000316195
0.000327324
0.000329593
0.000329592
0.000327326
0.000316201
0.000271371
0.000138862
0.000106117
0.00022978
0.000290501
0.000314197
0.000321641
0.000321639
0.000314199
0.000290499
0.00022979
0.000106127
6.45008e-05
0.000156681
0.000222496
0.000261506
0.00027854
0.000278537
0.000261507
0.000222522
0.000156708
6.45138e-05
2.44572e-05
6.10232e-05
9.78937e-05
0.000126214
0.000141348
0.000141341
0.0001262
9.78838e-05
6.10194e-05
2.44616e-05
2.44348e-05
6.10399e-05
9.78854e-05
0.000126206
0.000141343
0.000141347
0.000126214
9.79011e-05
6.10469e-05
2.44249e-05
6.45059e-05
0.000156687
0.000222478
0.000261485
0.000278535
0.000278539
0.000261498
0.000222476
0.000156677
6.44887e-05
0.000106123
0.000229754
0.000290497
0.000314196
0.000321635
0.000321636
0.000314195
0.000290491
0.000229761
0.000106111
0.00013887
0.000271337
0.000316186
0.000327318
0.00032959
0.000329589
0.000327321
0.000316181
0.000271336
0.000138858
0.000156422
0.000288234
0.000323433
0.000329742
0.000330604
0.000330602
0.000329743
0.000323428
0.000288233
0.000156413
0.000156419
0.000288243
0.000323435
0.00032974
0.000330602
0.000330602
0.000329741
0.000323435
0.000288236
0.000156413
0.000138863
0.000271362
0.000316199
0.000327321
0.000329589
0.000329589
0.000327316
0.000316195
0.00027135
0.000138863
0.000106118
0.000229769
0.00029051
0.000314199
0.000321638
0.000321639
0.000314197
0.00029051
0.000229759
0.000106118
6.45017e-05
0.000156675
0.000222507
0.00026149
0.000278529
0.000278537
0.000261495
0.000222498
0.000156659
6.44963e-05
2.44435e-05
6.10029e-05
9.78932e-05
0.000126216
0.000141343
0.000141345
0.000126212
9.78865e-05
6.10088e-05
2.44501e-05
2.45263e-05
6.10582e-05
9.78966e-05
0.000126227
0.00014136
0.000141353
0.000126202
9.78871e-05
6.10352e-05
2.44718e-05
6.4558e-05
0.000156696
0.000222523
0.000261518
0.000278545
0.000278548
0.000261522
0.000222541
0.000156686
6.45216e-05
0.000106157
0.000229745
0.000290502
0.000314207
0.00032165
0.000321644
0.000314202
0.000290515
0.000229749
0.00010613
0.000138888
0.000271337
0.000316196
0.000327327
0.000329595
0.000329594
0.000327331
0.00031621
0.000271337
0.00013886
0.000156427
0.000288235
0.000323433
0.000329743
0.000330603
0.000330601
0.000329744
0.00032344
0.000288229
0.000156415
0.000156421
0.000288236
0.00032343
0.000329741
0.000330602
0.0003306
0.000329741
0.000323431
0.000288233
0.000156426
0.000138864
0.000271342
0.000316187
0.000327323
0.000329592
0.000329593
0.000327323
0.000316186
0.000271349
0.000138884
0.000106125
0.000229767
0.000290489
0.000314199
0.000321642
0.000321642
0.0003142
0.00029049
0.000229773
0.000106155
6.45025e-05
0.000156672
0.000222488
0.00026151
0.000278543
0.000278541
0.000261516
0.000222513
0.0001567
6.45444e-05
2.44628e-05
6.1033e-05
9.78958e-05
0.000126212
0.000141347
0.000141345
0.000126203
9.78819e-05
6.10402e-05
2.44994e-05
2.44198e-05
6.10723e-05
9.79151e-05
0.000126233
0.000141355
0.000141349
0.000126223
9.78995e-05
6.10564e-05
2.44285e-05
6.44872e-05
0.000156688
0.000222467
0.000261492
0.000278529
0.000278528
0.0002615
0.000222465
0.000156679
6.44866e-05
0.000106111
0.000229762
0.0002905
0.000314196
0.000321631
0.000321631
0.000314195
0.000290495
0.000229762
0.000106115
0.000138864
0.000271339
0.000316188
0.000327319
0.000329586
0.000329586
0.000327314
0.000316182
0.000271334
0.000138866
0.000156417
0.000288234
0.000323429
0.000329743
0.000330601
0.0003306
0.000329739
0.000323429
0.000288228
0.000156418
0.000156418
0.000288241
0.000323435
0.000329742
0.000330603
0.000330601
0.000329738
0.000323435
0.000288229
0.000156419
0.000138865
0.000271363
0.000316207
0.000327322
0.000329588
0.000329588
0.000327319
0.000316202
0.000271353
0.000138868
0.000106117
0.000229768
0.000290514
0.000314203
0.000321635
0.000321634
0.000314193
0.000290503
0.000229759
0.000106119
6.45002e-05
0.000156679
0.000222506
0.00026149
0.000278526
0.000278528
0.000261484
0.000222487
0.000156665
6.44956e-05
2.44505e-05
6.10199e-05
9.79015e-05
0.000126223
0.000141348
0.000141344
0.00012621
9.78826e-05
6.10076e-05
2.44485e-05
2.44948e-05
6.10361e-05
9.78829e-05
0.000126217
0.000141352
0.000141343
0.000126208
9.78924e-05
6.1049e-05
2.44497e-05
6.4535e-05
0.000156686
0.0002225
0.000261506
0.000278548
0.000278539
0.000261497
0.000222488
0.000156677
6.44979e-05
0.000106151
0.000229745
0.000290482
0.000314198
0.000321648
0.000321648
0.000314202
0.000290483
0.000229742
0.000106119
0.000138883
0.000271339
0.000316184
0.000327322
0.000329592
0.000329597
0.000327326
0.000316182
0.000271339
0.000138864
0.000156425
0.000288234
0.00032343
0.000329743
0.000330598
0.0003306
0.00032974
0.000323426
0.000288236
0.000156417
0.000156416
0.000288243
0.000323434
0.000329744
0.0003306
0.0003306
0.000329742
0.000323433
0.000288242
0.000156411
0.000138859
0.000271362
0.000316197
0.000327323
0.000329592
0.000329591
0.000327321
0.000316196
0.000271368
0.000138859
0.000106122
0.000229789
0.000290498
0.000314198
0.000321644
0.000321644
0.000314203
0.000290506
0.000229803
0.000106136
6.45071e-05
0.000156705
0.00022251
0.000261506
0.000278542
0.000278543
0.000261511
0.000222525
0.000156718
6.45306e-05
2.44788e-05
6.10623e-05
9.79161e-05
0.000126215
0.000141348
0.000141348
0.000126209
9.79056e-05
6.10485e-05
2.44817e-05
2.4446e-05
6.10544e-05
9.78933e-05
0.0001262
0.000141351
0.000141355
0.000126214
9.78973e-05
6.10516e-05
2.4452e-05
6.45033e-05
0.000156687
0.000222509
0.000261512
0.000278552
0.000278544
0.000261495
0.000222492
0.000156674
6.44985e-05
0.000106123
0.000229752
0.000290506
0.000314211
0.000321646
0.000321642
0.000314202
0.000290509
0.000229751
0.000106114
0.000138861
0.000271335
0.000316196
0.000327331
0.000329596
0.000329596
0.000327332
0.000316204
0.000271339
0.000138857
0.000156409
0.000288226
0.000323438
0.000329746
0.000330602
0.000330604
0.000329745
0.000323435
0.000288228
0.000156414
0.000156409
0.000288227
0.000323433
0.000329742
0.000330602
0.000330604
0.000329739
0.000323431
0.000288229
0.000156422
0.000138862
0.000271338
0.000316189
0.00032732
0.000329591
0.00032959
0.00032732
0.000316193
0.000271343
0.000138885
0.000106121
0.000229748
0.000290503
0.000314201
0.000321637
0.000321635
0.000314199
0.000290499
0.000229743
0.000106144
6.44956e-05
0.000156667
0.000222485
0.00026149
0.000278535
0.000278535
0.00026149
0.000222493
0.000156671
6.45241e-05
2.44273e-05
6.10401e-05
9.79195e-05
0.000126232
0.000141355
0.00014135
0.000126212
9.78877e-05
6.10175e-05
2.44505e-05
2.44811e-05
6.10421e-05
9.78974e-05
0.000126213
0.000141355
0.000141354
0.000126216
9.78946e-05
6.10293e-05
2.44672e-05
6.45326e-05
0.000156685
0.000222514
0.000261516
0.000278556
0.000278559
0.000261525
0.000222529
0.000156679
6.45153e-05
0.000106143
0.000229748
0.000290504
0.000314212
0.000321653
0.000321646
0.0003142
0.000290512
0.000229746
0.000106127
0.000138883
0.000271332
0.000316201
0.000327338
0.000329603
0.000329594
0.000327327
0.000316206
0.000271334
0.000138855
0.000156429
0.000288229
0.00032344
0.000329751
0.000330607
0.000330602
0.000329743
0.000323435
0.000288232
0.000156416
0.000156421
0.000288229
0.000323432
0.000329742
0.000330601
0.000330601
0.000329741
0.000323434
0.000288231
0.000156427
0.000138859
0.000271335
0.000316185
0.00032732
0.00032959
0.00032959
0.000327324
0.000316194
0.000271347
0.000138886
0.000106116
0.000229759
0.000290493
0.000314202
0.000321645
0.000321643
0.0003142
0.000290488
0.000229765
0.000106156
6.44947e-05
0.000156657
0.000222471
0.000261491
0.00027854
0.00027855
0.000261523
0.000222525
0.00015671
6.45544e-05
2.44545e-05
6.10154e-05
9.78806e-05
0.000126208
0.000141348
0.000141346
0.000126209
9.7893e-05
6.10304e-05
2.44857e-05
2.44926e-05
6.104e-05
9.78758e-05
0.000126213
0.000141354
0.000141358
0.000126223
9.78919e-05
6.10389e-05
2.44433e-05
6.45469e-05
0.000156686
0.000222486
0.000261497
0.000278546
0.000278537
0.000261504
0.000222485
0.000156665
6.44909e-05
0.000106152
0.000229743
0.000290487
0.000314202
0.000321648
0.000321641
0.000314201
0.000290489
0.000229745
0.000106113
0.000138886
0.000271338
0.000316197
0.000327328
0.000329594
0.00032959
0.000327319
0.000316187
0.000271337
0.000138863
0.000156432
0.000288234
0.000323436
0.000329746
0.000330605
0.000330604
0.000329742
0.000323431
0.000288232
0.000156417
0.000156422
0.000288243
0.000323438
0.000329747
0.000330605
0.000330604
0.00032974
0.000323435
0.000288237
0.00015642
0.000138856
0.00027136
0.000316197
0.000327323
0.00032959
0.00032959
0.000327324
0.000316202
0.000271361
0.000138863
0.000106111
0.00022978
0.000290492
0.000314197
0.000321641
0.00032164
0.000314201
0.000290503
0.000229789
0.000106122
6.45011e-05
0.000156691
0.00022249
0.000261498
0.000278538
0.000278543
0.000261511
0.000222509
0.000156697
6.45024e-05
2.44618e-05
6.10365e-05
9.78977e-05
0.000126217
0.000141353
0.000141348
0.000126206
9.78807e-05
6.10143e-05
2.44514e-05
2.44882e-05
6.10406e-05
9.78838e-05
0.000126207
0.000141349
0.000141341
0.000126214
9.78936e-05
6.1049e-05
2.44393e-05
6.45433e-05
0.000156687
0.000222501
0.0002615
0.00027854
0.00027854
0.000261504
0.000222487
0.000156686
6.45015e-05
0.00010615
0.000229746
0.000290498
0.000314214
0.000321649
0.000321643
0.000314201
0.000290483
0.00022974
0.00010612
0.000138879
0.000271337
0.000316194
0.000327331
0.000329595
0.000329593
0.000327324
0.000316189
0.000271343
0.000138868
0.000156424
0.000288227
0.000323435
0.000329743
0.000330606
0.000330606
0.000329745
0.000323429
0.000288237
0.000156415
0.000156421
0.000288233
0.000323433
0.00032975
0.000330608
0.000330606
0.000329742
0.000323431
0.000288239
0.000156413
0.000138862
0.000271354
0.000316201
0.000327326
0.000329592
0.000329592
0.000327322
0.000316198
0.00027136
0.000138858
0.000106122
0.000229785
0.000290504
0.000314203
0.000321645
0.000321642
0.000314207
0.000290512
0.000229797
0.000106132
6.45037e-05
0.000156693
0.000222497
0.000261495
0.000278537
0.000278539
0.000261514
0.000222531
0.000156714
6.4518e-05
2.44746e-05
6.104e-05
9.78873e-05
0.000126206
0.000141349
0.000141343
0.000126203
9.78918e-05
6.10336e-05
2.44712e-05
2.44591e-05
6.11235e-05
9.79324e-05
0.000126233
0.000141358
0.000141362
0.000126226
9.79038e-05
6.10548e-05
2.44242e-05
6.44947e-05
0.000156711
0.00022248
0.000261502
0.000278533
0.000278546
0.000261517
0.000222486
0.000156683
6.44897e-05
0.000106108
0.000229748
0.000290503
0.000314222
0.000321646
0.000321645
0.000314207
0.00029048
0.000229759
0.000106112
0.000138851
0.000271331
0.000316218
0.000327354
0.000329606
0.0003296
0.000327325
0.000316181
0.000271337
0.000138865
0.000156419
0.000288224
0.000323438
0.000329729
0.000330617
0.000330629
0.000329756
0.000323433
0.000288243
0.00015642
0.000156429
0.00028824
0.000323418
0.000329749
0.000330615
0.000330616
0.000329751
0.000323414
0.000288249
0.000156421
0.000138863
0.000271339
0.000316219
0.000327331
0.000329574
0.000329585
0.000327338
0.000316205
0.000271359
0.000138859
0.000106131
0.000229756
0.000290522
0.000314202
0.000321652
0.000321652
0.000314208
0.000290529
0.000229773
0.000106125
6.44867e-05
0.000156653
0.000222513
0.00026151
0.000278552
0.000278548
0.000261495
0.000222511
0.000156672
6.44935e-05
2.44213e-05
6.1033e-05
9.79186e-05
0.00012623
0.00014135
0.000141337
0.00012621
9.78876e-05
6.09961e-05
2.44246e-05
)
;

boundaryField
{
    inlet
    {
        type            zeroGradient;
    }
    outlet
    {
        type            zeroGradient;
    }
    wall
    {
        type            zeroGradient;
    }
}


// ************************************************************************* //
