/*--------------------------------*- C++ -*----------------------------------*\
| =========                 |                                                 |
| \\      /  F ield         | OpenFOAM: The Open Source CFD Toolbox           |
|  \\    /   O peration     | Version:  2312                                  |
|   \\  /    A nd           | Website:  www.openfoam.com                      |
|    \\/     M anipulation  |                                                 |
\*---------------------------------------------------------------------------*/
FoamFile
{
    version     2.0;
    format      ascii;
    arch        "LSB;label=32;scalar=64";
    class       volScalarField;
    location    "47000";
    object      CourantNumberField;
}
// * * * * * * * * * * * * * * * * * * * * * * * * * * * * * * * * * * * * * //

dimensions      [0 0 0 0 0 0 0];

internalField   nonuniform List<scalar> 
20000
(
0.142835
0.197035
0.167114
0.160932
0.157152
0.157155
0.160942
0.167123
0.197037
0.142835
0.174586
0.386888
0.410516
0.377663
0.324299
0.324298
0.37766
0.410521
0.386883
0.174584
0.15473
0.390745
0.458352
0.429742
0.36732
0.367319
0.429738
0.458341
0.390733
0.154728
0.155569
0.366778
0.424644
0.389007
0.328064
0.328063
0.389005
0.424647
0.366786
0.155569
0.155356
0.325931
0.365226
0.326953
0.271554
0.271554
0.326953
0.365228
0.32593
0.155358
0.155357
0.325928
0.365227
0.326953
0.271557
0.271555
0.326952
0.365228
0.325933
0.155364
0.155573
0.366794
0.424652
0.389005
0.328066
0.328064
0.389001
0.424641
0.366778
0.155568
0.154727
0.39073
0.458338
0.429727
0.367322
0.367322
0.429728
0.458354
0.390745
0.154726
0.174583
0.386885
0.410521
0.377654
0.324316
0.324313
0.37764
0.410516
0.386883
0.174583
0.142835
0.197038
0.167122
0.160938
0.157157
0.157164
0.160937
0.167125
0.19704
0.142835
0.00390769
0.0125609
0.0234043
0.0305243
0.033289
0.033287
0.0305239
0.0234033
0.0125607
0.00390761
0.01254
0.062744
0.125073
0.167903
0.182625
0.182627
0.16791
0.125072
0.0627465
0.0125419
0.0240723
0.13039
0.255058
0.324019
0.333669
0.333672
0.324024
0.255065
0.13039
0.0240726
0.0324336
0.179885
0.331772
0.388524
0.37615
0.37615
0.388526
0.331774
0.179876
0.0324334
0.0364115
0.198797
0.345013
0.378941
0.352176
0.352177
0.378942
0.345015
0.198794
0.0364106
0.036409
0.198793
0.345013
0.378942
0.352178
0.352176
0.378941
0.345015
0.198803
0.0364095
0.0324349
0.179882
0.331777
0.388528
0.37615
0.376149
0.38852
0.331767
0.179887
0.0324316
0.0240736
0.130388
0.255063
0.324025
0.333671
0.333669
0.324015
0.255055
0.130389
0.0240726
0.0125423
0.0627471
0.12507
0.1679
0.182622
0.182626
0.167901
0.125074
0.062741
0.0125407
0.00390772
0.0125603
0.0234024
0.030523
0.0332889
0.0332905
0.030522
0.0234032
0.01256
0.00390769
0.00278889
0.00794463
0.0139323
0.0187047
0.0210489
0.0210481
0.0186998
0.0139262
0.00794213
0.00278912
0.00798999
0.0324231
0.0703148
0.105325
0.124006
0.124005
0.105319
0.0703066
0.0324234
0.00799143
0.0141196
0.0740131
0.174098
0.257235
0.293562
0.293564
0.257236
0.174104
0.07403
0.0141242
0.0191596
0.114917
0.267074
0.369392
0.394718
0.394719
0.369397
0.267078
0.114922
0.0191585
0.0218039
0.137195
0.307959
0.398136
0.405948
0.405947
0.398137
0.307961
0.137195
0.0218042
0.0218029
0.137195
0.307961
0.398136
0.405948
0.405948
0.398136
0.30796
0.137197
0.0218056
0.01916
0.114915
0.267081
0.369397
0.394717
0.394717
0.369395
0.267079
0.114917
0.0191591
0.0141179
0.0740202
0.174112
0.257231
0.293563
0.293562
0.257229
0.174104
0.074022
0.0141198
0.0079906
0.0324285
0.07031
0.105319
0.124007
0.12401
0.105324
0.0703102
0.0324267
0.00799044
0.00278911
0.00794377
0.0139282
0.0187043
0.0210475
0.0210472
0.018705
0.0139325
0.00794517
0.00278913
0.00232319
0.00674906
0.0119128
0.0163546
0.0187177
0.0187172
0.0163558
0.0119136
0.00675106
0.00232259
0.00691768
0.0260161
0.0543693
0.0833775
0.100872
0.100869
0.0833799
0.0543688
0.0260152
0.00691831
0.0122987
0.0575863
0.13767
0.21681
0.261656
0.261658
0.216817
0.137671
0.0575856
0.012301
0.0170811
0.0922673
0.22767
0.347063
0.397182
0.397184
0.347065
0.227669
0.0922669
0.0170826
0.0196829
0.113485
0.279686
0.403189
0.439099
0.439099
0.40319
0.279686
0.113485
0.019683
0.019681
0.113483
0.279687
0.40319
0.4391
0.439099
0.403188
0.279685
0.113482
0.0196832
0.0170822
0.092271
0.227674
0.347065
0.397184
0.397183
0.347062
0.227668
0.0922604
0.0170793
0.012299
0.0575876
0.13767
0.21681
0.261658
0.261659
0.216813
0.137674
0.0575866
0.0122987
0.00691776
0.0260161
0.0543686
0.0833762
0.100873
0.100873
0.0833794
0.0543705
0.0260154
0.00691826
0.00232303
0.00674956
0.0119132
0.0163554
0.0187187
0.0187181
0.0163553
0.0119135
0.00674956
0.002323
0.00235793
0.00678636
0.0118444
0.0160332
0.0183403
0.0183398
0.0160315
0.0118429
0.00679019
0.00235837
0.00694943
0.0250977
0.0506496
0.0767957
0.0931038
0.0931021
0.0767923
0.0506482
0.025099
0.00695014
0.0122343
0.0536025
0.124745
0.198341
0.243689
0.243689
0.198343
0.124748
0.0536015
0.012236
0.0167553
0.0851692
0.209231
0.332273
0.395977
0.395978
0.332274
0.209229
0.0851702
0.0167551
0.0193029
0.105187
0.263426
0.404403
0.460346
0.460347
0.404405
0.263429
0.105195
0.0193035
0.0193032
0.105187
0.263427
0.404404
0.460345
0.460347
0.404405
0.263429
0.105193
0.0193042
0.016755
0.0851754
0.209234
0.332277
0.395981
0.395978
0.332272
0.209225
0.0851678
0.0167583
0.0122289
0.0536043
0.124745
0.198341
0.243691
0.24369
0.19834
0.124745
0.0536022
0.0122385
0.00694939
0.0250989
0.0506491
0.0767947
0.0931056
0.0931066
0.0767972
0.0506484
0.0250963
0.00694957
0.00235802
0.00678551
0.0118427
0.0160313
0.018339
0.0183388
0.016031
0.011842
0.00678692
0.00235819
0.00241242
0.00686626
0.0119286
0.0161709
0.0185029
0.0185016
0.0161673
0.0119294
0.00686639
0.00241247
0.00702965
0.0251219
0.0492501
0.0739518
0.0896329
0.0896359
0.073952
0.04925
0.0251222
0.00702987
0.0123328
0.0521622
0.118793
0.188686
0.233041
0.233041
0.188688
0.118795
0.0521601
0.0123322
0.0169422
0.0821553
0.199541
0.322293
0.393524
0.393524
0.322293
0.199538
0.082153
0.0169408
0.0195496
0.101593
0.253657
0.403975
0.474536
0.474537
0.403977
0.253658
0.101595
0.019549
0.0195492
0.101597
0.253658
0.403976
0.474536
0.474537
0.403976
0.253658
0.101595
0.0195495
0.016942
0.0821558
0.199541
0.322295
0.393524
0.393524
0.322292
0.199537
0.0821539
0.0169418
0.0123357
0.0521623
0.118795
0.18869
0.23304
0.233039
0.188689
0.118794
0.0521659
0.012335
0.00703052
0.025122
0.0492484
0.0739495
0.0896269
0.0896261
0.0739491
0.0492502
0.0251208
0.00702665
0.0024125
0.00686543
0.0119271
0.0161717
0.0185019
0.018502
0.0161729
0.0119312
0.00686683
0.00241245
0.00247231
0.00697131
0.0120691
0.0163667
0.0187597
0.0187595
0.0163661
0.0120699
0.00696879
0.00247196
0.00714583
0.0252832
0.0489306
0.0725016
0.0877978
0.0877992
0.0725033
0.0489319
0.0252826
0.00714718
0.0124982
0.0517607
0.115829
0.182895
0.226212
0.226213
0.182896
0.115829
0.0517597
0.0124972
0.0171783
0.0805869
0.193659
0.314951
0.390338
0.390338
0.314951
0.193657
0.0805863
0.0171788
0.0198525
0.099619
0.247109
0.402268
0.483831
0.483832
0.402269
0.247109
0.0996192
0.0198525
0.019853
0.0996185
0.247109
0.402269
0.483832
0.483833
0.40227
0.247109
0.0996193
0.0198524
0.0171801
0.0805887
0.193658
0.314952
0.390338
0.390338
0.314952
0.193659
0.080589
0.0171793
0.0124973
0.0517632
0.115831
0.182896
0.226213
0.226213
0.182896
0.11583
0.0517628
0.012498
0.00714463
0.0252827
0.0489321
0.0725061
0.087802
0.0877986
0.0725034
0.0489315
0.025284
0.00714677
0.0024719
0.00697277
0.0120688
0.0163651
0.0187594
0.0187594
0.0163664
0.0120691
0.00697188
0.00247208
0.00253427
0.00710014
0.0122504
0.0166074
0.0190502
0.0190496
0.0166053
0.0122507
0.00710058
0.00253412
0.00728567
0.0255305
0.0489315
0.0721009
0.0868508
0.0868522
0.0721019
0.0489319
0.0255296
0.00728304
0.0127018
0.0516862
0.113993
0.179446
0.221709
0.221709
0.179447
0.113993
0.0516869
0.0127017
0.0174515
0.0800937
0.19013
0.30947
0.387056
0.387057
0.309472
0.19013
0.0800922
0.0174512
0.0201831
0.0985542
0.242582
0.399949
0.489719
0.489719
0.399951
0.242583
0.0985542
0.0201831
0.0201833
0.0985567
0.242582
0.399951
0.489719
0.489719
0.399951
0.242582
0.0985552
0.0201832
0.0174516
0.0800961
0.190132
0.309472
0.387058
0.387058
0.309471
0.190131
0.0800958
0.0174517
0.0127028
0.0516859
0.113992
0.179447
0.221711
0.221711
0.179448
0.113992
0.0516859
0.0127017
0.00728467
0.0255299
0.0489339
0.0721051
0.0868527
0.0868544
0.0721053
0.0489318
0.0255299
0.00728567
0.0025341
0.00709867
0.0122509
0.016607
0.0190497
0.0190498
0.0166069
0.0122507
0.00709838
0.00253433
0.00259755
0.00723689
0.0124548
0.0168716
0.0193591
0.0193594
0.0168708
0.0124538
0.0072365
0.00259761
0.00743485
0.0258238
0.0491135
0.0720713
0.0866704
0.0866705
0.0720706
0.0491135
0.0258229
0.00743412
0.0129265
0.0518216
0.113164
0.177347
0.218844
0.218844
0.177348
0.113166
0.0518237
0.0129284
0.0177428
0.0799721
0.187921
0.305304
0.383917
0.383918
0.305306
0.187921
0.0799683
0.0177428
0.0205303
0.0983267
0.239656
0.397388
0.493223
0.493223
0.397388
0.239657
0.0983254
0.0205304
0.0205301
0.0983264
0.239655
0.397388
0.493224
0.493223
0.397388
0.239657
0.0983262
0.0205304
0.0177427
0.0799728
0.187922
0.305305
0.383918
0.383919
0.305304
0.187921
0.079972
0.017743
0.0129259
0.051822
0.113163
0.177348
0.218844
0.218843
0.177349
0.113163
0.0518226
0.0129274
0.00743531
0.025824
0.0491152
0.0720719
0.0866683
0.086668
0.0720719
0.0491144
0.0258243
0.00743487
0.00259749
0.00723634
0.0124549
0.016871
0.0193591
0.0193595
0.0168714
0.0124554
0.00723636
0.00259751
0.00266116
0.00738141
0.0126734
0.0171497
0.0196782
0.0196787
0.0171511
0.0126735
0.00738186
0.00266091
0.00759055
0.0261461
0.0493705
0.072222
0.0867335
0.086734
0.0722238
0.0493716
0.0261462
0.00759124
0.0131648
0.0520539
0.112612
0.176187
0.216859
0.216859
0.176188
0.112614
0.0520544
0.0131651
0.0180473
0.0800077
0.18671
0.302597
0.380976
0.380977
0.302597
0.186709
0.0800056
0.0180472
0.0208857
0.0983161
0.237475
0.394776
0.495028
0.495029
0.394776
0.237476
0.0983165
0.0208853
0.0208856
0.0983168
0.237476
0.394778
0.49503
0.495028
0.394777
0.237476
0.0983174
0.0208854
0.0180466
0.0800101
0.186711
0.302597
0.380977
0.380976
0.302597
0.186711
0.0800097
0.0180471
0.0131647
0.0520546
0.11261
0.176188
0.216859
0.216859
0.176189
0.112612
0.0520549
0.0131657
0.00759157
0.0261478
0.049372
0.0722245
0.086734
0.0867334
0.0722256
0.0493727
0.0261474
0.00759149
0.00266149
0.00738279
0.0126747
0.0171508
0.0196787
0.0196786
0.0171507
0.0126741
0.00738217
0.00266125
0.00272449
0.00753332
0.0129015
0.0174351
0.020002
0.0200021
0.0174355
0.0129016
0.00753378
0.0027245
0.00775151
0.0264865
0.0496778
0.0724469
0.0868874
0.0868853
0.0724434
0.049677
0.0264856
0.00775047
0.0134088
0.0523463
0.112216
0.175339
0.215628
0.215628
0.17534
0.112219
0.0523462
0.0134085
0.0183561
0.0801856
0.185825
0.300483
0.378642
0.378643
0.300484
0.185826
0.0801846
0.0183574
0.0212437
0.0984663
0.236242
0.392579
0.495595
0.495596
0.392579
0.236242
0.0984654
0.0212438
0.0212436
0.0984645
0.236242
0.39258
0.495594
0.495595
0.392579
0.236242
0.0984642
0.0212437
0.0183565
0.0801826
0.185825
0.300483
0.378642
0.378642
0.300484
0.185826
0.0801832
0.0183575
0.013409
0.0523461
0.112218
0.175339
0.215628
0.215628
0.175341
0.112219
0.0523472
0.0134097
0.0077521
0.0264869
0.0496771
0.0724437
0.0868865
0.0868856
0.0724446
0.0496774
0.0264857
0.00775059
0.00272433
0.00753294
0.0129012
0.0174359
0.0200021
0.0200025
0.0174374
0.0129027
0.00753409
0.00272439
0.00278726
0.00768595
0.0131319
0.0177238
0.0203255
0.0203258
0.0177242
0.013132
0.00768633
0.00278712
0.00790951
0.0268312
0.05001
0.0727005
0.0870799
0.0870802
0.0727
0.0500099
0.0268311
0.00790904
0.0136539
0.0526759
0.111938
0.174614
0.214625
0.214625
0.174614
0.111939
0.0526764
0.0136528
0.0186688
0.0804191
0.185073
0.298937
0.376501
0.376503
0.298938
0.185074
0.0804213
0.0186687
0.0216011
0.0986744
0.235193
0.390566
0.495246
0.495246
0.390568
0.235194
0.0986758
0.0216008
0.0216011
0.0986749
0.235193
0.390568
0.495247
0.495246
0.390568
0.235194
0.0986748
0.0216013
0.0186697
0.0804202
0.185074
0.298938
0.376504
0.376503
0.298938
0.185074
0.0804191
0.0186697
0.0136548
0.0526778
0.11194
0.174614
0.214626
0.214626
0.174614
0.11194
0.0526773
0.0136543
0.00790928
0.0268313
0.0500118
0.0727024
0.087082
0.0870819
0.0727022
0.0500121
0.0268314
0.00790948
0.00278703
0.007686
0.0131324
0.0177239
0.0203255
0.0203256
0.0177241
0.0131321
0.00768613
0.00278714
0.00284887
0.00783708
0.0133615
0.0180099
0.0206458
0.020646
0.0180111
0.0133614
0.00783636
0.00284881
0.00806525
0.0271775
0.0503628
0.0729855
0.0873097
0.0873078
0.0729858
0.0503629
0.0271781
0.00806549
0.0138982
0.0530308
0.111743
0.17398
0.213725
0.213725
0.173981
0.111741
0.0530306
0.0138982
0.0189807
0.0806926
0.184413
0.297478
0.374521
0.374522
0.297479
0.184414
0.0806929
0.018981
0.0219544
0.0989194
0.234228
0.388698
0.494606
0.494606
0.388698
0.234228
0.0989182
0.0219546
0.0219546
0.098918
0.234228
0.388698
0.494607
0.494606
0.388698
0.234228
0.0989175
0.0219543
0.0189816
0.0806914
0.184413
0.297478
0.374522
0.374522
0.297479
0.184414
0.0806913
0.0189805
0.0138987
0.0530298
0.111743
0.173981
0.213725
0.213725
0.173982
0.111744
0.0530302
0.0138982
0.00806625
0.027177
0.0503632
0.0729869
0.087309
0.0873086
0.0729857
0.050363
0.0271777
0.00806594
0.00284894
0.00783626
0.0133612
0.0180096
0.0206459
0.0206456
0.0180093
0.0133608
0.00783641
0.00284885
0.00290947
0.00798435
0.0135876
0.0182933
0.0209623
0.0209623
0.0182934
0.0135885
0.00798451
0.0029096
0.00822202
0.0275235
0.0507244
0.0732854
0.0875555
0.0875536
0.0732847
0.050725
0.0275232
0.00822129
0.0141416
0.0533961
0.111611
0.173423
0.21291
0.21291
0.173425
0.111612
0.0533975
0.0141411
0.0192892
0.0809827
0.183827
0.296106
0.372665
0.372666
0.296107
0.183828
0.0809826
0.0192879
0.022303
0.099178
0.233338
0.386807
0.493571
0.493571
0.386808
0.233339
0.0991785
0.0223028
0.0223029
0.0991775
0.233338
0.386808
0.493571
0.493572
0.386808
0.233338
0.0991772
0.0223031
0.0192887
0.0809826
0.183828
0.296107
0.372667
0.372668
0.296107
0.183828
0.0809817
0.0192887
0.0141413
0.0533963
0.111612
0.173424
0.21291
0.21291
0.173424
0.111611
0.0533957
0.014141
0.00822142
0.027523
0.0507249
0.0732858
0.0875545
0.0875545
0.0732861
0.0507249
0.0275235
0.00822172
0.00290957
0.00798444
0.0135879
0.0182933
0.0209624
0.0209621
0.0182928
0.013587
0.00798434
0.00290955
0.00296911
0.00812933
0.0138111
0.0185731
0.0212728
0.0212729
0.0185728
0.0138107
0.0081286
0.00296902
0.00837458
0.0278656
0.0510924
0.0735973
0.0878141
0.0878142
0.073597
0.0510919
0.0278653
0.00837591
0.0143804
0.0537717
0.111531
0.172928
0.212168
0.212168
0.172928
0.11153
0.0537694
0.0143807
0.0195926
0.0812899
0.183297
0.294815
0.370811
0.370811
0.294814
0.183295
0.0812879
0.0195931
0.0226453
0.0994476
0.232509
0.384877
0.492061
0.492061
0.384877
0.232509
0.0994475
0.0226452
0.0226454
0.099448
0.232509
0.384877
0.492061
0.492062
0.384877
0.232509
0.0994484
0.0226449
0.019593
0.0812903
0.183297
0.294815
0.370811
0.370811
0.294814
0.183296
0.0812902
0.0195924
0.0143799
0.0537711
0.111529
0.172927
0.212168
0.212168
0.172928
0.11153
0.0537715
0.014381
0.00837366
0.0278647
0.0510915
0.0735964
0.0878144
0.0878148
0.0735967
0.0510917
0.027866
0.00837506
0.0029694
0.00812985
0.0138112
0.0185728
0.0212731
0.0212733
0.0185726
0.0138109
0.00812958
0.00296896
0.00302734
0.00827224
0.0140327
0.0188502
0.0215787
0.0215789
0.0188508
0.0140338
0.00827266
0.00302716
0.0085254
0.0282034
0.0514619
0.0739153
0.0880835
0.0880851
0.0739164
0.0514624
0.0282032
0.00852447
0.0146174
0.0541488
0.11149
0.172481
0.211486
0.211486
0.172481
0.11149
0.0541497
0.0146169
0.0198926
0.0816019
0.182809
0.29359
0.368974
0.368974
0.29359
0.18281
0.0816024
0.0198924
0.0229811
0.0997201
0.231729
0.382939
0.490197
0.490199
0.38294
0.231729
0.0997194
0.0229809
0.0229809
0.0997197
0.231729
0.382939
0.490199
0.490199
0.38294
0.23173
0.0997195
0.0229811
0.0198924
0.0816015
0.182809
0.293591
0.368975
0.368975
0.293591
0.182809
0.0816018
0.0198929
0.0146171
0.0541489
0.11149
0.172481
0.211486
0.211486
0.172481
0.11149
0.0541491
0.0146175
0.00852512
0.0282036
0.0514622
0.0739164
0.0880838
0.0880833
0.0739156
0.0514625
0.0282032
0.00852483
0.00302712
0.00827172
0.0140322
0.01885
0.0215784
0.0215787
0.0188499
0.0140322
0.00827212
0.00302727
0.00308479
0.00841216
0.0142506
0.0191224
0.0218787
0.0218787
0.019121
0.0142489
0.00841251
0.00308448
0.00867175
0.028536
0.0518337
0.0742395
0.0883586
0.0883577
0.0742378
0.0518327
0.0285367
0.00867138
0.0148488
0.0545295
0.111484
0.172076
0.210855
0.210855
0.172075
0.111482
0.0545291
0.0148482
0.0201866
0.0819193
0.182356
0.292425
0.367171
0.36717
0.292425
0.182355
0.0819191
0.020186
0.0233101
0.0999938
0.230992
0.381021
0.488081
0.488082
0.381021
0.230992
0.0999943
0.0233099
0.0233104
0.0999935
0.230992
0.381021
0.488082
0.488081
0.381021
0.230992
0.0999943
0.0233102
0.0201863
0.0819183
0.182356
0.292425
0.36717
0.36717
0.292425
0.182355
0.0819192
0.0201858
0.014849
0.0545287
0.111483
0.172075
0.210854
0.210854
0.172074
0.111483
0.0545286
0.0148482
0.00867244
0.0285362
0.0518335
0.0742398
0.0883592
0.088358
0.0742386
0.0518331
0.0285358
0.00867163
0.0030846
0.00841212
0.0142514
0.0191233
0.0218791
0.0218793
0.0191234
0.0142512
0.00841249
0.00308476
0.00314091
0.0085494
0.0144635
0.0193901
0.022174
0.022174
0.0193909
0.014465
0.00854921
0.00314079
0.00881724
0.0288638
0.052203
0.0745659
0.0886387
0.0886386
0.0745659
0.0522036
0.0288638
0.00881731
0.0150778
0.0549074
0.111502
0.171702
0.210264
0.210264
0.171702
0.111502
0.0549075
0.0150783
0.020476
0.0822375
0.18193
0.291307
0.365403
0.365404
0.291308
0.18193
0.0822374
0.0204766
0.023633
0.100267
0.230291
0.379132
0.485781
0.485781
0.379132
0.230291
0.100267
0.0236332
0.0236329
0.100268
0.230292
0.379132
0.485781
0.48578
0.379131
0.230291
0.100268
0.0236332
0.020476
0.0822385
0.181929
0.291307
0.365403
0.365403
0.291306
0.181929
0.0822378
0.0204763
0.0150771
0.0549077
0.1115
0.171701
0.210263
0.210263
0.1717
0.111501
0.0549079
0.0150782
0.00881599
0.0288645
0.0522026
0.0745645
0.0886369
0.0886376
0.0745657
0.0522033
0.0288641
0.00881755
0.0031407
0.00855033
0.0144632
0.0193892
0.0221732
0.0221738
0.0193903
0.0144631
0.00854944
0.00314086
0.00319603
0.00868408
0.0146731
0.0196532
0.0224632
0.0224635
0.019654
0.0146739
0.00868348
0.00319609
0.00896012
0.0291878
0.0525724
0.0748931
0.0889196
0.08892
0.0748933
0.052572
0.0291876
0.00896119
0.0153025
0.0552859
0.111542
0.171355
0.209708
0.209708
0.171356
0.111542
0.0552849
0.0153029
0.0207606
0.0825578
0.181526
0.29023
0.363679
0.363678
0.29023
0.181526
0.0825568
0.0207601
0.02395
0.100541
0.229623
0.37728
0.48335
0.48335
0.37728
0.229622
0.100539
0.0239499
0.0239499
0.100541
0.229622
0.37728
0.48335
0.483349
0.37728
0.229622
0.10054
0.0239498
0.0207607
0.0825584
0.181526
0.29023
0.363678
0.363678
0.29023
0.181526
0.0825583
0.0207601
0.0153022
0.0552859
0.111543
0.171356
0.209709
0.209709
0.171357
0.111543
0.0552856
0.0153018
0.00896007
0.0291877
0.0525722
0.0748936
0.0889202
0.0889201
0.0748935
0.0525723
0.0291881
0.00895952
0.00319589
0.00868405
0.0146744
0.019654
0.0224635
0.0224635
0.0196533
0.0146736
0.00868442
0.00319588
0.00325011
0.00881686
0.01488
0.0199116
0.0227475
0.0227473
0.019911
0.0148791
0.00881689
0.0032501
0.00909977
0.0295057
0.0529385
0.075221
0.0892022
0.0892022
0.0752203
0.0529377
0.0295057
0.00909891
0.0155232
0.0556617
0.111601
0.171031
0.20918
0.20918
0.171031
0.111601
0.0556612
0.0155222
0.0210397
0.0828779
0.181141
0.289185
0.361994
0.361994
0.289185
0.181142
0.0828784
0.0210392
0.0242607
0.100812
0.22898
0.375468
0.480829
0.480829
0.375469
0.22898
0.100813
0.0242607
0.024261
0.100812
0.22898
0.375469
0.480829
0.480828
0.375468
0.22898
0.100812
0.0242608
0.0210399
0.0828778
0.181142
0.289184
0.361994
0.361994
0.289184
0.181141
0.0828784
0.0210396
0.0155239
0.0556614
0.111601
0.171031
0.20918
0.209181
0.171032
0.111601
0.0556613
0.0155231
0.00909993
0.0295055
0.0529372
0.0752202
0.0892023
0.0892027
0.0752209
0.0529376
0.0295056
0.00909951
0.00325021
0.00881729
0.0148796
0.019911
0.022747
0.0227475
0.0199117
0.0148798
0.00881719
0.00325025
0.00330352
0.00894724
0.0150819
0.0201647
0.0230264
0.023027
0.0201657
0.0150826
0.00894702
0.0033036
0.00923811
0.0298192
0.0533006
0.075548
0.0894861
0.0894866
0.0755485
0.0533013
0.029819
0.00923841
0.0157418
0.0560341
0.111676
0.170728
0.208676
0.208677
0.170728
0.111677
0.0560345
0.015742
0.0213153
0.0831986
0.180775
0.288168
0.360351
0.360352
0.288168
0.180775
0.0831983
0.0213156
0.0245667
0.101083
0.228361
0.3737
0.47825
0.47825
0.3737
0.228361
0.101082
0.0245667
0.0245666
0.101083
0.228361
0.3737
0.47825
0.47825
0.3737
0.228361
0.101083
0.0245665
0.0213156
0.0831987
0.180776
0.288169
0.360352
0.360352
0.288169
0.180776
0.0831983
0.0213154
0.0157414
0.0560349
0.111678
0.170729
0.208678
0.208677
0.170728
0.111677
0.0560342
0.015742
0.00923778
0.0298196
0.0533018
0.0755488
0.0894868
0.0894864
0.0755479
0.0533005
0.0298192
0.00923807
0.00330336
0.00894711
0.015082
0.020165
0.023027
0.0230263
0.0201643
0.0150818
0.00894714
0.00330339
0.00335591
0.00907572
0.0152821
0.0204155
0.023302
0.0233018
0.020415
0.0152815
0.00907464
0.00335583
0.00937344
0.0301284
0.0536624
0.0758756
0.0897706
0.0897711
0.0758763
0.0536627
0.0301286
0.00937473
0.0159557
0.0564062
0.111767
0.170442
0.208193
0.208193
0.170442
0.111767
0.0564055
0.0159563
0.0215857
0.0835179
0.180424
0.287174
0.358748
0.358749
0.287175
0.180424
0.0835174
0.0215862
0.0248671
0.101351
0.227761
0.371973
0.475637
0.475638
0.371974
0.227762
0.101352
0.0248673
0.0248671
0.101352
0.227762
0.371974
0.475637
0.475638
0.371974
0.227762
0.101352
0.024867
0.0215856
0.0835185
0.180424
0.287175
0.358748
0.358749
0.287174
0.180424
0.0835183
0.0215856
0.0159557
0.0564057
0.111766
0.170441
0.208193
0.208193
0.170441
0.111767
0.0564057
0.0159556
0.0093738
0.0301282
0.0536614
0.0758749
0.0897699
0.0897708
0.0758758
0.0536625
0.0301283
0.00937345
0.00335596
0.00907587
0.015282
0.0204149
0.0233013
0.0233022
0.0204156
0.0152824
0.00907541
0.00335591
0.00340746
0.0092015
0.0154773
0.0206592
0.0235712
0.0235712
0.0206596
0.0154776
0.00920206
0.00340734
0.00950786
0.0304337
0.0540196
0.076201
0.090054
0.0900538
0.076201
0.0540196
0.0304334
0.00950754
0.0161682
0.0567736
0.111868
0.170169
0.207725
0.207725
0.170169
0.111869
0.0567743
0.0161674
0.0218533
0.0838363
0.180085
0.2862
0.357183
0.357182
0.2862
0.180087
0.0838374
0.0218525
0.0251634
0.101619
0.22718
0.370288
0.473011
0.473011
0.370288
0.22718
0.10162
0.0251631
0.0251632
0.101619
0.22718
0.370288
0.473011
0.473011
0.370288
0.22718
0.10162
0.0251634
0.0218528
0.0838362
0.180086
0.286201
0.357183
0.357183
0.286201
0.180086
0.0838366
0.0218531
0.0161681
0.0567735
0.111868
0.170169
0.207725
0.207726
0.170169
0.111868
0.0567737
0.0161682
0.00950801
0.0304335
0.0540202
0.0762016
0.090054
0.0900538
0.0762014
0.0540201
0.0304333
0.00950801
0.00340743
0.00920113
0.0154773
0.0206595
0.0235712
0.0235709
0.0206591
0.0154764
0.00920122
0.00340754
0.00345875
0.00932645
0.0156722
0.0209034
0.023839
0.0238381
0.020902
0.0156714
0.00932662
0.00345823
0.00963976
0.0307343
0.0543756
0.0765267
0.0903378
0.0903376
0.0765264
0.0543753
0.0307349
0.00964042
0.0163762
0.0571399
0.111982
0.169911
0.207272
0.207272
0.169911
0.111982
0.0571396
0.0163769
0.0221159
0.0841547
0.17976
0.285243
0.355653
0.355653
0.285243
0.179761
0.0841547
0.0221164
0.0254548
0.101886
0.226613
0.368643
0.470384
0.470383
0.368643
0.226614
0.101886
0.025455
0.0254552
0.101885
0.226613
0.368642
0.470384
0.470385
0.368644
0.226613
0.101886
0.0254549
0.0221168
0.0841543
0.17976
0.285243
0.355653
0.355654
0.285243
0.17976
0.0841548
0.0221163
0.016377
0.0571396
0.111982
0.169912
0.207273
0.207272
0.169911
0.111982
0.0571395
0.0163765
0.00964008
0.0307341
0.0543758
0.0765265
0.090338
0.0903374
0.0765263
0.0543751
0.0307343
0.00963955
0.00345869
0.00932584
0.0156723
0.0209034
0.023839
0.0238387
0.0209036
0.0156727
0.00932695
0.00345871
0.00350897
0.00944959
0.0158626
0.0211412
0.0241011
0.0241012
0.0211418
0.0158634
0.00945037
0.00350896
0.00977088
0.0310322
0.0547272
0.0768491
0.09062
0.0906202
0.0768491
0.0547275
0.0310322
0.00977045
0.0165841
0.0575024
0.112103
0.169663
0.206829
0.20683
0.169664
0.112104
0.0575029
0.0165832
0.0223769
0.0844712
0.179446
0.284297
0.354154
0.354155
0.284298
0.179446
0.0844719
0.0223764
0.0257431
0.102151
0.226059
0.367032
0.467767
0.467768
0.367033
0.226059
0.102151
0.0257431
0.025743
0.102151
0.226059
0.367033
0.467768
0.467768
0.367033
0.226059
0.102151
0.0257431
0.0223767
0.0844716
0.179446
0.284297
0.354155
0.354155
0.284297
0.179446
0.0844716
0.0223769
0.0165837
0.0575025
0.112104
0.169665
0.20683
0.20683
0.169664
0.112104
0.0575025
0.0165839
0.00977094
0.0310321
0.0547275
0.07685
0.0906209
0.0906204
0.0768498
0.0547276
0.0310318
0.00977116
0.0035092
0.00944965
0.0158632
0.0211418
0.0241014
0.0241016
0.0211418
0.0158626
0.00944955
0.00350903
0.00355871
0.00957119
0.0160515
0.0213777
0.0243611
0.0243608
0.0213776
0.0160515
0.00957076
0.00355848
0.00989976
0.0313263
0.0550784
0.0771731
0.0909026
0.0909026
0.0771728
0.0550784
0.0313268
0.00990003
0.0167877
0.057864
0.112237
0.16943
0.206399
0.206399
0.169429
0.112236
0.0578638
0.0167879
0.0226333
0.0847883
0.179143
0.283364
0.352688
0.352688
0.283364
0.179142
0.084788
0.022634
0.0260273
0.102416
0.225516
0.365459
0.465172
0.465172
0.365459
0.225515
0.102415
0.0260274
0.0260276
0.102416
0.225516
0.365459
0.465173
0.465172
0.365459
0.225516
0.102415
0.0260275
0.0226342
0.0847881
0.179143
0.283364
0.352688
0.352688
0.283364
0.179143
0.0847879
0.0226338
0.016788
0.0578637
0.112237
0.169429
0.206399
0.206399
0.169429
0.112237
0.0578643
0.0167879
0.00990032
0.031327
0.0550786
0.077173
0.0909028
0.0909026
0.0771728
0.0550786
0.0313266
0.0098998
0.0035588
0.00957033
0.0160513
0.0213775
0.0243608
0.0243605
0.0213768
0.0160509
0.0095708
0.00355863
0.00360799
0.00969154
0.0162384
0.0216116
0.024618
0.0246181
0.0216116
0.016239
0.00969151
0.00360797
0.0100275
0.0316178
0.0554261
0.0774947
0.0911844
0.0911845
0.0774947
0.0554272
0.0316181
0.0100276
0.01699
0.0582228
0.112377
0.169205
0.205977
0.205977
0.169205
0.112378
0.0582231
0.0169901
0.0228886
0.0851043
0.17885
0.28244
0.351249
0.351249
0.28244
0.178851
0.085104
0.0228885
0.0263088
0.10268
0.224982
0.363917
0.462603
0.462603
0.363917
0.224983
0.10268
0.0263089
0.0263089
0.10268
0.224983
0.363917
0.462603
0.462602
0.363917
0.224983
0.10268
0.0263088
0.0228884
0.0851048
0.178851
0.282441
0.351249
0.351249
0.282441
0.178851
0.0851041
0.0228884
0.0169901
0.0582231
0.112377
0.169205
0.205977
0.205978
0.169206
0.112377
0.0582227
0.0169904
0.0100268
0.0316174
0.0554259
0.0774938
0.091184
0.0911851
0.0774949
0.0554265
0.0316178
0.0100273
0.00360795
0.00969223
0.0162387
0.0216107
0.0246175
0.0246192
0.0216125
0.0162396
0.00969175
0.00360791
0.00365674
0.00981065
0.0164234
0.0218425
0.0248722
0.0248722
0.0218428
0.0164236
0.00981061
0.00365663
0.0101541
0.0319067
0.0557725
0.077816
0.0914666
0.0914664
0.0778163
0.0557725
0.0319068
0.0101547
0.0171903
0.0585796
0.112526
0.168992
0.205564
0.205564
0.168991
0.112525
0.0585795
0.0171903
0.0231405
0.0854197
0.178569
0.281526
0.349836
0.349836
0.281525
0.178568
0.0854196
0.0231409
0.0265873
0.102943
0.224458
0.362404
0.460066
0.460065
0.362404
0.224458
0.102943
0.0265873
0.0265871
0.102943
0.224459
0.362405
0.460066
0.460065
0.362405
0.224459
0.102943
0.0265873
0.0231408
0.0854197
0.178568
0.281526
0.349836
0.349836
0.281526
0.178568
0.0854194
0.0231408
0.0171907
0.0585801
0.112526
0.168991
0.205564
0.205564
0.168991
0.112525
0.0585792
0.0171904
0.0101541
0.0319065
0.0557731
0.0778159
0.0914664
0.091466
0.0778151
0.0557718
0.0319061
0.0101543
0.00365703
0.00981045
0.0164237
0.0218428
0.0248725
0.0248716
0.0218414
0.0164229
0.0098103
0.00365674
0.00370519
0.00992932
0.0166075
0.0220721
0.0251246
0.0251244
0.0220721
0.0166074
0.00992883
0.00370508
0.0102795
0.0321928
0.0561164
0.0781357
0.0917481
0.0917481
0.0781361
0.0561167
0.032193
0.0102799
0.017389
0.0589345
0.112681
0.168787
0.205159
0.205159
0.168787
0.112681
0.058935
0.0173892
0.0233907
0.0857347
0.178295
0.280618
0.348446
0.348446
0.280618
0.178296
0.085735
0.0233904
0.026863
0.103206
0.223942
0.360919
0.457564
0.457564
0.36092
0.223942
0.103206
0.0268629
0.026863
0.103206
0.223942
0.36092
0.457564
0.457564
0.36092
0.223942
0.103206
0.0268631
0.0233904
0.0857347
0.178295
0.280618
0.348446
0.348447
0.280618
0.178296
0.085735
0.0233908
0.0173889
0.0589342
0.11268
0.168786
0.205159
0.205159
0.168787
0.112681
0.0589349
0.0173894
0.0102797
0.0321922
0.0561164
0.0781357
0.0917477
0.0917479
0.0781361
0.056117
0.0321925
0.0102793
0.00370505
0.00992897
0.0166073
0.0220719
0.0251243
0.0251246
0.0220727
0.0166081
0.00992914
0.0037052
0.00375307
0.0100462
0.0167894
0.0222992
0.0253739
0.0253747
0.0223001
0.0167901
0.0100464
0.00375322
0.0104041
0.0324764
0.0564586
0.0784557
0.0920293
0.0920295
0.0784557
0.0564592
0.0324762
0.0104037
0.0175863
0.0592882
0.112844
0.168592
0.20476
0.204761
0.168592
0.112844
0.0592889
0.0175866
0.0236386
0.0860505
0.178033
0.279716
0.347078
0.347078
0.279717
0.178034
0.0860504
0.0236389
0.0271367
0.103469
0.223433
0.359458
0.455099
0.4551
0.359459
0.223433
0.103469
0.0271367
0.0271367
0.103469
0.223433
0.359459
0.4551
0.4551
0.359459
0.223432
0.103469
0.0271365
0.0236388
0.0860503
0.178034
0.279717
0.347078
0.347078
0.279716
0.178033
0.0860499
0.0236389
0.0175863
0.0592887
0.112844
0.168593
0.204761
0.204761
0.168592
0.112844
0.0592882
0.0175868
0.0104039
0.0324766
0.0564594
0.078456
0.0920296
0.09203
0.0784562
0.0564588
0.0324758
0.0104039
0.00375312
0.0100461
0.0167901
0.0223001
0.0253744
0.0253747
0.0223001
0.0167895
0.010046
0.00375313
0.0038007
0.0101623
0.0169701
0.0225254
0.0256225
0.0256218
0.0225245
0.0169693
0.0101618
0.00380073
0.0105272
0.0327586
0.0568008
0.0787762
0.0923117
0.0923113
0.0787761
0.0568004
0.0327582
0.0105276
0.0177824
0.059641
0.113014
0.168408
0.20437
0.204369
0.168407
0.113013
0.05964
0.017782
0.0238854
0.0863661
0.177781
0.278822
0.345728
0.345728
0.278821
0.177781
0.0863656
0.0238847
0.0274086
0.103733
0.222931
0.35802
0.452675
0.452675
0.35802
0.222931
0.103733
0.0274082
0.0274081
0.103732
0.22293
0.35802
0.452675
0.452674
0.35802
0.22293
0.103732
0.027408
0.0238851
0.0863656
0.177781
0.278821
0.345728
0.345728
0.278821
0.17778
0.0863656
0.0238847
0.0177822
0.0596403
0.113013
0.168408
0.20437
0.204369
0.168407
0.113013
0.0596408
0.017782
0.0105276
0.0327581
0.0568003
0.0787761
0.092312
0.0923117
0.078776
0.0568008
0.0327587
0.0105276
0.0038009
0.0101619
0.0169699
0.0225253
0.0256225
0.0256222
0.0225246
0.0169695
0.0101622
0.00380057
0.0038481
0.0102782
0.0171498
0.0227493
0.0258689
0.0258691
0.0227501
0.0171504
0.0102784
0.0038482
0.0106505
0.0330383
0.0571402
0.0790954
0.0925941
0.0925941
0.0790954
0.0571404
0.0330381
0.0106499
0.0179767
0.0599918
0.113189
0.168231
0.203985
0.203986
0.168232
0.11319
0.0599926
0.0179769
0.0241296
0.0866819
0.177538
0.277931
0.344395
0.344396
0.277932
0.177539
0.0866823
0.02413
0.0276778
0.103996
0.222434
0.356602
0.450289
0.45029
0.356602
0.222435
0.103997
0.027678
0.0276785
0.103997
0.222435
0.356602
0.45029
0.45029
0.356602
0.222436
0.103997
0.027678
0.02413
0.086682
0.177539
0.277932
0.344396
0.344396
0.277932
0.177539
0.0866821
0.0241299
0.0179768
0.0599919
0.113189
0.168232
0.203986
0.203986
0.168233
0.11319
0.059992
0.0179769
0.01065
0.033038
0.0571401
0.0790956
0.0925942
0.0925945
0.0790959
0.0571407
0.033039
0.0106505
0.0038481
0.0102782
0.0171492
0.0227485
0.0258683
0.025869
0.0227495
0.01715
0.0102783
0.00384817
0.00389535
0.0103933
0.0173288
0.0229727
0.0261139
0.0261138
0.0229726
0.0173281
0.0103927
0.00389516
0.0107726
0.0333174
0.0574802
0.0794162
0.0928777
0.0928777
0.079416
0.0574797
0.0333174
0.0107726
0.0181703
0.0603426
0.113373
0.168067
0.203608
0.203608
0.168066
0.113372
0.0603426
0.0181702
0.0243732
0.0869991
0.177307
0.277047
0.343079
0.343079
0.277047
0.177306
0.0869987
0.0243732
0.0279463
0.104262
0.221946
0.355201
0.447945
0.447945
0.355201
0.221946
0.104262
0.0279463
0.0279461
0.104261
0.221946
0.355201
0.447945
0.447945
0.355202
0.221946
0.104261
0.0279459
0.024373
0.0869981
0.177306
0.277048
0.343079
0.343079
0.277047
0.177305
0.0869981
0.0243725
0.0181703
0.0603427
0.113373
0.168067
0.203609
0.203608
0.168066
0.113371
0.0603423
0.0181702
0.0107727
0.0333169
0.0574799
0.079416
0.0928779
0.0928774
0.0794155
0.0574793
0.0333171
0.0107728
0.00389514
0.0103927
0.0173288
0.0229729
0.0261143
0.0261132
0.0229712
0.0173274
0.0103928
0.00389517
0.00394198
0.0105069
0.017505
0.0231932
0.0263568
0.0263575
0.0231934
0.0175055
0.0105072
0.00394209
0.0108942
0.0335943
0.0578182
0.0797363
0.0931614
0.0931618
0.0797363
0.0578181
0.0335938
0.0108935
0.0183625
0.0606919
0.11356
0.16791
0.203239
0.203238
0.16791
0.11356
0.060692
0.0183629
0.0246147
0.0873157
0.177083
0.276168
0.341776
0.341776
0.276168
0.177083
0.0873159
0.0246152
0.028213
0.104528
0.221463
0.353817
0.44564
0.44564
0.353816
0.221463
0.104527
0.0282131
0.0282133
0.104527
0.221463
0.353817
0.44564
0.44564
0.353817
0.221463
0.104528
0.0282136
0.0246154
0.0873159
0.177083
0.276168
0.341775
0.341775
0.276168
0.177084
0.0873164
0.0246158
0.0183629
0.0606918
0.11356
0.16791
0.203239
0.203239
0.167911
0.113561
0.0606923
0.018363
0.0108936
0.0335937
0.0578175
0.0797361
0.093162
0.0931624
0.0797366
0.0578184
0.0335941
0.0108936
0.00394195
0.0105073
0.0175056
0.0231941
0.0263579
0.0263584
0.0231948
0.0175064
0.0105076
0.00394209
0.00398866
0.0106215
0.0176836
0.023416
0.0266007
0.0266009
0.0234164
0.0176838
0.0106211
0.00398884
0.0110151
0.0338699
0.0581566
0.0800584
0.0934477
0.0934475
0.0800577
0.0581562
0.0338699
0.0110152
0.0185549
0.0610413
0.113757
0.167764
0.202875
0.202875
0.167764
0.113756
0.0610416
0.018555
0.0248569
0.0876349
0.176872
0.275293
0.340483
0.340484
0.275293
0.176871
0.0876346
0.0248567
0.0284791
0.104795
0.220987
0.352445
0.443374
0.443374
0.352446
0.220986
0.104794
0.028479
0.0284796
0.104795
0.220987
0.352446
0.443374
0.443374
0.352446
0.220987
0.104795
0.0284792
0.0248575
0.0876348
0.176871
0.275293
0.340484
0.340484
0.275293
0.176871
0.0876347
0.024857
0.018555
0.0610413
0.113756
0.167764
0.202876
0.202875
0.167763
0.113756
0.0610415
0.0185548
0.011015
0.0338699
0.0581565
0.0800577
0.0934475
0.0934474
0.0800576
0.0581562
0.0338701
0.0110149
0.00398872
0.0106213
0.0176834
0.0234155
0.0266002
0.0266006
0.0234155
0.0176831
0.0106214
0.00398875
0.00403527
0.010735
0.0178598
0.0236363
0.0268427
0.0268424
0.0236354
0.0178592
0.0107348
0.00403508
0.0111359
0.0341453
0.058494
0.0803796
0.0937341
0.0937341
0.0803798
0.0584939
0.0341452
0.0111356
0.0187465
0.0613902
0.113956
0.167626
0.202519
0.202519
0.167626
0.113957
0.0613905
0.0187458
0.0250975
0.0879543
0.176668
0.274422
0.339202
0.339202
0.274423
0.176669
0.0879545
0.0250971
0.0287441
0.105064
0.220516
0.351086
0.441146
0.441145
0.351087
0.220516
0.105064
0.0287439
0.0287438
0.105063
0.220516
0.351087
0.441146
0.441146
0.351086
0.220516
0.105064
0.0287435
0.0250969
0.0879544
0.176668
0.274423
0.339202
0.339202
0.274422
0.176669
0.0879542
0.0250964
0.0187458
0.0613904
0.113957
0.167626
0.20252
0.202519
0.167626
0.113957
0.0613902
0.0187455
0.0111359
0.0341451
0.0584941
0.0803799
0.0937343
0.093734
0.0803798
0.0584938
0.0341452
0.0111356
0.00403529
0.0107343
0.0178588
0.0236356
0.0268427
0.0268418
0.0236346
0.0178586
0.0107345
0.00403523
0.0040816
0.0108475
0.0180346
0.0238544
0.0270831
0.0270838
0.0238553
0.0180356
0.0108483
0.00408173
0.011256
0.0344196
0.0588318
0.0807028
0.0940225
0.0940229
0.0807032
0.0588314
0.0344192
0.0112561
0.0189365
0.0617397
0.114163
0.167498
0.20217
0.20217
0.167499
0.114164
0.0617396
0.0189372
0.025336
0.0882756
0.176477
0.273558
0.337929
0.337929
0.273558
0.176477
0.088276
0.0253374
0.0290076
0.105334
0.220053
0.349738
0.438953
0.438954
0.349738
0.220053
0.105334
0.0290082
0.0290077
0.105334
0.220053
0.349738
0.438953
0.438953
0.349738
0.220053
0.105334
0.0290084
0.0253367
0.0882757
0.176476
0.273558
0.33793
0.33793
0.273558
0.176477
0.0882762
0.0253378
0.0189364
0.0617394
0.114164
0.167499
0.202171
0.202171
0.167499
0.114165
0.06174
0.0189371
0.0112561
0.0344196
0.0588317
0.0807033
0.0940229
0.0940229
0.0807034
0.0588322
0.0344196
0.0112561
0.00408144
0.010848
0.018035
0.023855
0.0270838
0.0270841
0.0238561
0.0180359
0.0108483
0.00408166
0.00412796
0.0109612
0.0182113
0.0240755
0.0273253
0.0273248
0.0240747
0.0182106
0.0109607
0.00412766
0.0113761
0.0346937
0.0591702
0.0810283
0.0943137
0.0943135
0.0810278
0.0591695
0.0346935
0.0113763
0.0191273
0.0620895
0.114378
0.167382
0.20183
0.20183
0.167381
0.114377
0.0620888
0.0191267
0.025577
0.0885994
0.176296
0.272698
0.336665
0.336664
0.272698
0.176295
0.0885987
0.0255758
0.0292721
0.105607
0.219596
0.348399
0.436795
0.436795
0.348399
0.219596
0.105607
0.0292712
0.0292717
0.105607
0.219595
0.348399
0.436795
0.436795
0.348398
0.219596
0.105607
0.0292714
0.0255765
0.088599
0.176295
0.272698
0.336665
0.336664
0.272698
0.176295
0.0885985
0.025576
0.0191271
0.0620886
0.114377
0.167381
0.201829
0.201829
0.16738
0.114376
0.0620889
0.0191267
0.0113762
0.034693
0.0591694
0.0810276
0.0943133
0.094313
0.081027
0.0591692
0.0346937
0.0113762
0.00412798
0.0109612
0.0182114
0.0240752
0.027325
0.0273247
0.0240745
0.0182108
0.0109613
0.00412789
0.00417414
0.0110738
0.0183858
0.0242932
0.0275648
0.027565
0.024293
0.0183856
0.0110742
0.00417423
0.0114959
0.034967
0.0595073
0.0813532
0.0946057
0.0946058
0.0813532
0.0595069
0.0349664
0.0114958
0.0193167
0.0624381
0.114595
0.167272
0.201496
0.201496
0.167272
0.114595
0.0624385
0.0193167
0.0258148
0.0889235
0.176123
0.271842
0.335406
0.335406
0.271843
0.176124
0.088924
0.0258152
0.0295345
0.105882
0.219145
0.347066
0.434669
0.43467
0.347067
0.219146
0.105882
0.0295349
0.029535
0.105882
0.219145
0.347066
0.43467
0.43467
0.347066
0.219145
0.105882
0.0295345
0.0258154
0.0889236
0.176123
0.271842
0.335406
0.335406
0.271843
0.176123
0.0889237
0.0258148
0.0193168
0.0624384
0.114595
0.167272
0.201496
0.201496
0.167273
0.114596
0.0624385
0.0193166
0.0114957
0.0349669
0.0595075
0.0813533
0.0946055
0.0946057
0.0813536
0.0595074
0.0349665
0.011496
0.00417424
0.011074
0.0183858
0.0242931
0.0275649
0.0275649
0.0242931
0.0183858
0.0110739
0.00417397
0.00422035
0.0111865
0.0185612
0.0245122
0.0278053
0.0278052
0.0245123
0.0185615
0.0111867
0.00422051
0.0116158
0.03524
0.0598465
0.0816813
0.0949005
0.0949003
0.081681
0.0598464
0.0352398
0.0116158
0.0195065
0.0627887
0.114821
0.167175
0.201171
0.20117
0.167174
0.114821
0.0627884
0.0195071
0.0260537
0.0892506
0.175963
0.270994
0.334154
0.334154
0.270994
0.175963
0.0892508
0.0260544
0.0297977
0.106159
0.218702
0.345741
0.432574
0.432574
0.345741
0.218702
0.10616
0.0297981
0.0297978
0.10616
0.218703
0.345741
0.432574
0.432574
0.345741
0.218703
0.10616
0.0297984
0.0260537
0.0892506
0.175963
0.270993
0.334154
0.334154
0.270994
0.175963
0.0892506
0.0260545
0.0195064
0.062789
0.114821
0.167174
0.20117
0.201171
0.167175
0.114821
0.0627885
0.0195071
0.0116158
0.0352401
0.0598469
0.0816817
0.0949007
0.0949007
0.0816812
0.0598463
0.03524
0.0116159
0.00422029
0.0111862
0.0185609
0.0245124
0.0278056
0.0278054
0.0245123
0.0185613
0.0111866
0.00422032
0.00426641
0.0112992
0.0187363
0.0247312
0.0280458
0.0280458
0.0247314
0.0187365
0.0112992
0.00426648
0.0117353
0.0355128
0.0601851
0.0820104
0.0951977
0.0951978
0.0820105
0.060185
0.0355126
0.0117354
0.0196963
0.063139
0.115051
0.167085
0.200853
0.200853
0.167086
0.115051
0.0631392
0.0196961
0.0262927
0.0895796
0.175812
0.27015
0.332905
0.332905
0.27015
0.175812
0.0895794
0.0262921
0.0300608
0.10644
0.218267
0.34442
0.430506
0.430506
0.34442
0.218267
0.10644
0.0300603
0.0300605
0.10644
0.218267
0.34442
0.430506
0.430506
0.34442
0.218267
0.10644
0.0300607
0.0262924
0.0895792
0.175813
0.27015
0.332905
0.332906
0.27015
0.175813
0.0895796
0.0262925
0.0196964
0.0631391
0.115051
0.167086
0.200853
0.200853
0.167086
0.115051
0.0631392
0.0196964
0.0117354
0.0355127
0.0601852
0.0820105
0.0951975
0.0951977
0.0820102
0.0601848
0.0355123
0.0117353
0.00426634
0.0112991
0.0187364
0.0247315
0.0280458
0.0280457
0.0247311
0.0187362
0.0112992
0.00426649
0.00431254
0.0114116
0.0189111
0.0249497
0.0282857
0.0282857
0.0249496
0.0189115
0.0114122
0.00431255
0.011855
0.0357854
0.0605251
0.0823417
0.0954972
0.0954969
0.0823411
0.0605247
0.0357853
0.0118547
0.0198857
0.0634906
0.115287
0.167006
0.200544
0.200544
0.167006
0.115287
0.063491
0.019886
0.026531
0.0899106
0.175672
0.269312
0.331661
0.331661
0.269312
0.175673
0.0899111
0.0265317
0.0303233
0.106723
0.217838
0.343103
0.428462
0.428463
0.343103
0.217839
0.106723
0.0303239
0.030324
0.106723
0.217838
0.343103
0.428463
0.428463
0.343104
0.217839
0.106723
0.0303235
0.0265317
0.0899108
0.175672
0.269312
0.331661
0.331662
0.269313
0.175672
0.0899105
0.0265312
0.0198859
0.0634908
0.115287
0.167006
0.200544
0.200544
0.167007
0.115287
0.0634906
0.0198858
0.0118546
0.0357853
0.0605248
0.0823415
0.095497
0.0954972
0.0823416
0.0605251
0.0357857
0.0118551
0.00431263
0.0114122
0.0189111
0.0249492
0.0282856
0.0282863
0.0249502
0.0189117
0.011412
0.00431271
0.0043588
0.0115241
0.0190862
0.0251688
0.0285263
0.028526
0.0251682
0.0190859
0.0115242
0.00435895
0.0119749
0.0360583
0.060866
0.0826753
0.0957996
0.0957994
0.0826751
0.0608657
0.0360582
0.011975
0.0200761
0.0638432
0.115529
0.166938
0.200244
0.200243
0.166937
0.115529
0.0638426
0.0200761
0.0267705
0.0902443
0.175543
0.268481
0.33042
0.33042
0.268481
0.175543
0.0902439
0.0267704
0.0305867
0.107009
0.217419
0.34179
0.426443
0.426442
0.341789
0.217418
0.107009
0.0305866
0.0305866
0.107009
0.217419
0.341789
0.426442
0.426443
0.341789
0.217418
0.107008
0.0305867
0.0267703
0.0902441
0.175542
0.268481
0.33042
0.33042
0.268481
0.175542
0.0902442
0.0267705
0.0200759
0.0638433
0.115529
0.166938
0.200244
0.200243
0.166937
0.115529
0.0638428
0.0200759
0.011975
0.0360587
0.0608658
0.0826749
0.0958
0.0958
0.0826751
0.0608654
0.0360584
0.0119748
0.00435878
0.0115243
0.019086
0.0251683
0.0285262
0.0285258
0.0251678
0.0190858
0.011524
0.00435868
0.00440491
0.0116368
0.019261
0.0253868
0.0287664
0.0287672
0.0253877
0.0192615
0.0116369
0.00440499
0.0120945
0.0363314
0.0612073
0.0830101
0.0961047
0.096105
0.0830105
0.0612077
0.0363314
0.0120947
0.0202658
0.0641965
0.115776
0.166878
0.199952
0.199952
0.166878
0.115777
0.0641968
0.0202658
0.0270095
0.0905803
0.175423
0.267656
0.329181
0.329182
0.267657
0.175424
0.0905804
0.0270094
0.0308502
0.107298
0.217006
0.340478
0.424442
0.424442
0.340478
0.217007
0.107298
0.0308501
0.0308502
0.107298
0.217006
0.340478
0.424442
0.424442
0.340478
0.217007
0.107298
0.03085
0.0270096
0.0905803
0.175423
0.267656
0.329182
0.329181
0.267657
0.175424
0.0905806
0.0270092
0.0202659
0.0641962
0.115776
0.166878
0.199952
0.199952
0.166878
0.115776
0.0641966
0.020266
0.0120947
0.0363312
0.0612072
0.0830103
0.0961047
0.0961048
0.0830103
0.0612072
0.0363311
0.0120945
0.004405
0.0116367
0.0192614
0.0253876
0.0287669
0.0287666
0.0253871
0.019261
0.0116368
0.00440498
0.00445121
0.0117505
0.0194374
0.0256075
0.0290082
0.0290075
0.0256068
0.0194371
0.0117505
0.00445116
0.0122143
0.0366046
0.0615501
0.0833481
0.0964131
0.0964127
0.0833476
0.0615496
0.0366045
0.012214
0.020456
0.0645511
0.11603
0.166828
0.199669
0.199668
0.166827
0.116029
0.0645511
0.0204563
0.0272489
0.0909192
0.175315
0.26684
0.327946
0.327946
0.266839
0.175315
0.0909194
0.0272496
0.031114
0.10759
0.216603
0.339169
0.422459
0.422459
0.33917
0.216603
0.107591
0.0311142
0.0311142
0.107591
0.216603
0.339169
0.422459
0.422459
0.33917
0.216603
0.107591
0.0311138
0.0272492
0.0909196
0.175316
0.266839
0.327945
0.327946
0.26684
0.175315
0.0909195
0.027249
0.0204561
0.0645512
0.11603
0.166828
0.199669
0.199669
0.166828
0.11603
0.064551
0.0204558
0.0122141
0.0366041
0.0615493
0.0833478
0.0964128
0.0964133
0.0833482
0.06155
0.0366044
0.0122143
0.0044511
0.0117504
0.019437
0.0256068
0.0290078
0.0290084
0.0256073
0.0194372
0.0117502
0.00445118
0.00449733
0.0118629
0.0196126
0.0258267
0.0292493
0.0292492
0.0258267
0.0196125
0.0118624
0.00449738
0.0123344
0.036878
0.0618936
0.0836881
0.0967244
0.0967245
0.0836882
0.0618937
0.0368776
0.0123348
0.0206464
0.0649067
0.116288
0.166788
0.199395
0.199395
0.166788
0.116288
0.0649062
0.0206467
0.0274888
0.0912609
0.175217
0.26603
0.326712
0.326711
0.26603
0.175216
0.0912604
0.0274888
0.0313782
0.107887
0.216208
0.337861
0.420491
0.420491
0.337861
0.216208
0.107886
0.0313779
0.0313781
0.107886
0.216208
0.337861
0.420491
0.420491
0.337861
0.216208
0.107886
0.0313785
0.0274886
0.0912605
0.175217
0.26603
0.326711
0.326711
0.26603
0.175217
0.0912607
0.0274895
0.0206464
0.0649067
0.116288
0.166788
0.199396
0.199395
0.166788
0.116288
0.0649066
0.0206468
0.0123346
0.0368783
0.0618939
0.0836879
0.0967241
0.096724
0.0836878
0.0618935
0.036878
0.0123346
0.00449736
0.0118626
0.0196124
0.0258264
0.029249
0.0292488
0.0258259
0.019612
0.0118625
0.00449736
0.00454379
0.0119757
0.0197875
0.0260454
0.0294902
0.0294912
0.0260467
0.0197881
0.0119753
0.00454382
0.0124548
0.0371519
0.0622384
0.08403
0.0970382
0.0970387
0.0840307
0.062239
0.0371526
0.0124551
0.0208375
0.0652636
0.116552
0.166758
0.199131
0.199131
0.166758
0.116552
0.0652635
0.0208371
0.0277296
0.0916051
0.175129
0.265228
0.325479
0.325479
0.265228
0.175129
0.0916047
0.0277293
0.0316432
0.108186
0.215822
0.336554
0.418535
0.418535
0.336554
0.215822
0.108186
0.031643
0.0316431
0.108186
0.215822
0.336554
0.418534
0.418534
0.336554
0.215822
0.108186
0.031643
0.0277297
0.0916047
0.175129
0.265228
0.325478
0.325478
0.265228
0.175129
0.0916049
0.0277292
0.0208373
0.0652632
0.116552
0.166757
0.199131
0.199131
0.166757
0.116552
0.0652637
0.0208375
0.0124551
0.0371522
0.0622387
0.0840302
0.0970382
0.0970381
0.0840299
0.0622383
0.0371518
0.0124546
0.0045439
0.0119756
0.0197882
0.0260468
0.0294911
0.0294903
0.0260458
0.0197878
0.0119755
0.00454377
0.00459027
0.0120893
0.0199651
0.0262677
0.0297337
0.0297325
0.026266
0.019964
0.0120887
0.00459027
0.012575
0.0374263
0.0625851
0.0843749
0.0973559
0.0973555
0.0843745
0.0625839
0.0374255
0.0125754
0.0210287
0.0656221
0.116822
0.166737
0.198876
0.198875
0.166736
0.116821
0.0656223
0.0210293
0.0279705
0.0919522
0.175052
0.264434
0.324247
0.324247
0.264434
0.175052
0.0919523
0.0279707
0.0319085
0.108489
0.215445
0.335247
0.416588
0.416588
0.335247
0.215445
0.108489
0.0319088
0.0319084
0.108489
0.215445
0.335247
0.416588
0.416588
0.335247
0.215445
0.108489
0.0319085
0.0279705
0.0919525
0.175052
0.264434
0.324247
0.324247
0.264434
0.175052
0.0919521
0.0279703
0.0210294
0.0656222
0.116821
0.166736
0.198875
0.198876
0.166737
0.116822
0.0656224
0.0210285
0.0125755
0.0374257
0.0625842
0.0843744
0.0973555
0.0973559
0.0843751
0.0625853
0.0374265
0.0125749
0.0045901
0.0120888
0.0199645
0.0262668
0.029733
0.0297335
0.0262676
0.0199651
0.0120895
0.00459031
0.00463684
0.0122031
0.0201416
0.0264886
0.0299764
0.0299765
0.0264888
0.0201423
0.0122031
0.00463683
0.0126956
0.0377011
0.062932
0.0847216
0.0976762
0.0976766
0.0847225
0.0629326
0.0377013
0.0126957
0.0212201
0.0659815
0.117096
0.166725
0.19863
0.19863
0.166726
0.117097
0.0659815
0.02122
0.0282118
0.0923021
0.174985
0.263649
0.323017
0.323017
0.26365
0.174985
0.0923019
0.0282119
0.0321746
0.108796
0.215077
0.33394
0.414649
0.414648
0.33394
0.215077
0.108796
0.0321745
0.0321745
0.108796
0.215077
0.33394
0.414649
0.414648
0.33394
0.215077
0.108796
0.0321749
0.0282117
0.0923018
0.174985
0.263649
0.323017
0.323017
0.263649
0.174985
0.092302
0.0282124
0.0212202
0.0659818
0.117097
0.166725
0.19863
0.19863
0.166725
0.117096
0.0659818
0.0212205
0.0126958
0.0377016
0.0629327
0.0847224
0.0976761
0.0976761
0.0847224
0.0629327
0.0377015
0.0126959
0.00463684
0.0122028
0.0201414
0.0264882
0.029976
0.029976
0.0264881
0.0201412
0.0122028
0.00463689
0.00468342
0.0123166
0.0203183
0.0267094
0.0302195
0.0302201
0.02671
0.0203181
0.0123158
0.00468371
0.0128168
0.0379771
0.0632816
0.085072
0.0980001
0.0980007
0.0850724
0.063282
0.0379775
0.0128173
0.0214126
0.0663428
0.117376
0.166723
0.198393
0.198394
0.166723
0.117376
0.0663427
0.0214121
0.0284546
0.0926545
0.174928
0.262873
0.321788
0.321788
0.262873
0.174928
0.0926546
0.028454
0.0324416
0.109106
0.214718
0.332633
0.412714
0.412714
0.332633
0.214719
0.109106
0.0324412
0.0324415
0.109106
0.214718
0.332634
0.412714
0.412715
0.332634
0.214719
0.109106
0.0324414
0.0284545
0.0926547
0.174928
0.262873
0.321788
0.321788
0.262873
0.174928
0.0926548
0.028454
0.0214123
0.0663426
0.117376
0.166723
0.198393
0.198393
0.166723
0.117376
0.0663425
0.0214127
0.0128168
0.0379772
0.0632817
0.0850721
0.098
0.0979997
0.0850719
0.0632809
0.0379764
0.0128168
0.00468338
0.0123164
0.0203186
0.0267102
0.0302201
0.0302193
0.0267091
0.020318
0.0123165
0.00468351
0.0047303
0.0124305
0.0204958
0.0269322
0.0304643
0.0304631
0.0269311
0.0204953
0.0124292
0.00473004
0.0129379
0.0382526
0.0636314
0.0854241
0.098327
0.0983264
0.0854232
0.0636306
0.0382512
0.0129388
0.0216051
0.0667052
0.117661
0.16673
0.198166
0.198166
0.166729
0.11766
0.0667056
0.0216062
0.0286968
0.0930101
0.174881
0.262106
0.320561
0.320561
0.262106
0.174881
0.0930107
0.0286972
0.0327091
0.10942
0.21437
0.331327
0.410783
0.410782
0.331327
0.21437
0.10942
0.0327091
0.0327092
0.10942
0.21437
0.331327
0.410783
0.410783
0.331328
0.21437
0.10942
0.0327088
0.0286969
0.0930104
0.174881
0.262105
0.320561
0.320561
0.262106
0.174881
0.0930101
0.0286966
0.0216056
0.0667054
0.11766
0.16673
0.198166
0.198167
0.16673
0.117661
0.0667056
0.0216047
0.0129385
0.0382515
0.0636306
0.0854236
0.0983269
0.098327
0.085424
0.0636319
0.038253
0.0129378
0.00473019
0.0124296
0.0204958
0.026932
0.030464
0.0304644
0.0269326
0.0204965
0.0124307
0.00473035
0.00477726
0.0125455
0.0206749
0.0271558
0.0307095
0.0307096
0.0271565
0.0206757
0.0125457
0.00477718
0.0130592
0.0385294
0.0639832
0.0857786
0.0986572
0.0986575
0.0857793
0.0639839
0.0385301
0.0130592
0.021798
0.0670695
0.117951
0.166746
0.197949
0.19795
0.166747
0.117952
0.0670694
0.0217975
0.0289405
0.0933687
0.174844
0.261348
0.319335
0.319335
0.261349
0.174845
0.0933688
0.0289411
0.0329773
0.109738
0.21403
0.330021
0.408851
0.408852
0.330021
0.21403
0.109738
0.0329779
0.0329774
0.109738
0.21403
0.330021
0.408852
0.408852
0.330021
0.21403
0.109738
0.0329777
0.0289405
0.0933689
0.174845
0.261349
0.319336
0.319335
0.261348
0.174844
0.0933685
0.0289411
0.0217976
0.0670699
0.117952
0.166747
0.19795
0.197949
0.166747
0.117951
0.0670699
0.0217984
0.0130593
0.0385302
0.0639838
0.0857793
0.0986573
0.0986575
0.0857796
0.0639838
0.03853
0.0130592
0.00477735
0.0125455
0.0206747
0.0271557
0.0307093
0.0307097
0.0271561
0.0206747
0.0125452
0.00477729
0.00482416
0.0126598
0.0208527
0.0273788
0.030955
0.0309553
0.0273793
0.0208529
0.0126596
0.00482401
0.0131811
0.038807
0.0643364
0.0861362
0.0989908
0.098991
0.0861364
0.0643367
0.0388075
0.0131815
0.0219917
0.0674349
0.118245
0.166771
0.197741
0.197741
0.166771
0.118245
0.0674345
0.0219914
0.0291851
0.0937297
0.174816
0.2606
0.318111
0.318111
0.260599
0.174816
0.0937292
0.0291846
0.0332468
0.110059
0.2137
0.328714
0.406919
0.406919
0.328714
0.213699
0.110059
0.0332466
0.033247
0.110059
0.2137
0.328714
0.406919
0.406919
0.328714
0.213699
0.110059
0.0332469
0.0291852
0.0937297
0.174816
0.2606
0.318111
0.318111
0.260599
0.174816
0.0937299
0.0291848
0.0219914
0.0674347
0.118245
0.166771
0.197741
0.197741
0.166771
0.118245
0.0674348
0.021992
0.0131811
0.0388072
0.0643363
0.086136
0.0989903
0.0989905
0.0861359
0.0643359
0.0388065
0.0131815
0.00482418
0.0126601
0.020853
0.0273791
0.0309549
0.0309545
0.0273781
0.0208522
0.0126595
0.00482414
0.00487131
0.0127742
0.0210316
0.0276024
0.0312011
0.0312009
0.0276024
0.0210321
0.0127733
0.00487141
0.0133034
0.0390839
0.0646905
0.0864956
0.0993273
0.0993269
0.0864953
0.0646898
0.0390826
0.0133044
0.022186
0.0678017
0.118544
0.166805
0.197543
0.197543
0.166804
0.118543
0.0678016
0.0221868
0.0294297
0.0940933
0.174797
0.259862
0.316889
0.316889
0.259861
0.174797
0.0940934
0.0294297
0.0335168
0.110383
0.213379
0.327408
0.404984
0.404983
0.327408
0.213379
0.110384
0.0335169
0.0335166
0.110383
0.213379
0.327408
0.404983
0.404983
0.327408
0.213379
0.110383
0.0335167
0.0294295
0.0940933
0.174797
0.259861
0.316889
0.316889
0.259862
0.174798
0.0940934
0.0294297
0.0221864
0.0678011
0.118543
0.166804
0.197543
0.197543
0.166804
0.118544
0.0678016
0.0221859
0.0133041
0.0390829
0.06469
0.0864956
0.099327
0.0993271
0.0864956
0.0646904
0.0390841
0.0133034
0.00487143
0.0127734
0.0210321
0.0276027
0.0312009
0.031201
0.0276026
0.0210313
0.0127742
0.00487142
0.00491867
0.0128897
0.0212114
0.027828
0.0314486
0.0314486
0.0278281
0.0212116
0.0128901
0.00491863
0.013426
0.0393639
0.0650468
0.0868575
0.0996665
0.0996666
0.0868576
0.0650469
0.0393643
0.0134256
0.0223804
0.06817
0.118848
0.166847
0.197354
0.197354
0.166846
0.118848
0.0681698
0.0223796
0.0296759
0.0944599
0.174788
0.259133
0.315669
0.31567
0.259134
0.174788
0.0944596
0.0296757
0.0337881
0.110712
0.213068
0.326102
0.403044
0.403043
0.326102
0.213069
0.110712
0.0337882
0.0337878
0.110711
0.213068
0.326102
0.403043
0.403043
0.326102
0.213068
0.110712
0.0337879
0.0296754
0.0944593
0.174788
0.259133
0.315669
0.315669
0.259133
0.174788
0.0944598
0.0296757
0.0223796
0.0681696
0.118848
0.166847
0.197354
0.197354
0.166847
0.118848
0.0681699
0.0223801
0.0134257
0.0393639
0.0650469
0.0868577
0.0996668
0.0996667
0.0868578
0.0650468
0.0393638
0.0134258
0.00491859
0.0128898
0.0212114
0.0278279
0.0314488
0.0314486
0.027828
0.0212111
0.0128896
0.00491856
0.00496604
0.0130052
0.0213912
0.0280532
0.0316962
0.0316965
0.0280535
0.0213912
0.0130053
0.00496598
0.0135487
0.0396432
0.0654035
0.0872211
0.100009
0.100009
0.0872214
0.0654033
0.039643
0.0135485
0.0225755
0.0685392
0.119155
0.166896
0.197174
0.197174
0.166896
0.119155
0.068539
0.0225754
0.0299223
0.0948283
0.174788
0.258415
0.314452
0.314452
0.258414
0.174787
0.0948282
0.029922
0.0340599
0.111043
0.212767
0.324797
0.401097
0.401097
0.324797
0.212766
0.111043
0.0340596
0.0340599
0.111043
0.212767
0.324797
0.401097
0.401097
0.324797
0.212767
0.111043
0.0340601
0.0299226
0.0948287
0.174788
0.258415
0.314452
0.314452
0.258415
0.174788
0.0948285
0.0299225
0.0225755
0.0685392
0.119155
0.166896
0.197174
0.197174
0.166896
0.119155
0.0685392
0.0225755
0.0135483
0.0396429
0.0654034
0.0872213
0.100009
0.100008
0.0872211
0.0654032
0.0396428
0.0135486
0.00496584
0.0130055
0.0213914
0.0280535
0.0316964
0.0316965
0.0280535
0.0213914
0.0130053
0.00496609
0.00501352
0.0131207
0.0215711
0.028279
0.0319448
0.031945
0.0282791
0.0215714
0.0131206
0.00501354
0.0136717
0.0399223
0.0657613
0.0875875
0.100354
0.100354
0.0875875
0.065761
0.0399221
0.0136721
0.0227713
0.0689099
0.119466
0.166953
0.197002
0.197002
0.166953
0.119466
0.0689099
0.0227713
0.0301691
0.0951993
0.174795
0.257706
0.313237
0.313237
0.257706
0.174795
0.0951998
0.0301691
0.0343321
0.111377
0.212474
0.323492
0.399144
0.399144
0.323492
0.212474
0.111378
0.0343322
0.0343325
0.111378
0.212474
0.323492
0.399144
0.399145
0.323493
0.212474
0.111378
0.0343325
0.0301693
0.0951997
0.174795
0.257706
0.313237
0.313237
0.257706
0.174796
0.0952001
0.0301696
0.0227717
0.0689097
0.119466
0.166953
0.197002
0.197002
0.166953
0.119467
0.0689101
0.0227714
0.0136722
0.0399219
0.0657608
0.0875871
0.100354
0.100354
0.0875875
0.0657613
0.0399224
0.0136718
0.00501364
0.0131203
0.0215711
0.0282787
0.0319446
0.0319452
0.0282796
0.0215716
0.0131209
0.0050136
0.00506121
0.0132368
0.0217523
0.0285061
0.0321944
0.0321945
0.0285061
0.0217524
0.0132373
0.00506122
0.0137952
0.0402025
0.0661205
0.0879559
0.100702
0.100701
0.0879553
0.0661204
0.0402031
0.0137949
0.0229672
0.0692818
0.119782
0.167018
0.19684
0.19684
0.167018
0.119782
0.0692816
0.0229672
0.0304171
0.0955734
0.174811
0.257007
0.312025
0.312026
0.257008
0.174812
0.0955731
0.0304173
0.0346058
0.111715
0.212191
0.32219
0.397183
0.397183
0.32219
0.212191
0.111715
0.034606
0.0346059
0.111716
0.212192
0.32219
0.397183
0.397184
0.32219
0.212191
0.111715
0.0346058
0.0304171
0.095573
0.174811
0.257008
0.312026
0.312026
0.257008
0.174811
0.0955728
0.0304169
0.0229672
0.0692817
0.119782
0.167018
0.19684
0.19684
0.167018
0.119781
0.0692815
0.0229671
0.0137951
0.0402032
0.0661208
0.0879556
0.100702
0.100702
0.0879554
0.0661203
0.040203
0.0137952
0.00506128
0.013237
0.0217524
0.0285061
0.0321944
0.0321941
0.0285058
0.0217522
0.0132369
0.00506113
0.00510893
0.0133532
0.0219336
0.0287331
0.0324445
0.0324445
0.0287333
0.0219334
0.013353
0.00510888
0.0139188
0.0404838
0.0664806
0.0883255
0.101052
0.101052
0.0883253
0.0664804
0.0404835
0.013919
0.0231637
0.0696544
0.1201
0.167091
0.196686
0.196686
0.16709
0.1201
0.0696544
0.0231641
0.0306654
0.0959487
0.174836
0.25632
0.310817
0.310817
0.256319
0.174835
0.0959487
0.0306655
0.0348801
0.112056
0.211917
0.320889
0.395213
0.395213
0.320889
0.211917
0.112056
0.0348799
0.0348801
0.112056
0.211917
0.320889
0.395214
0.395214
0.320889
0.211917
0.112056
0.0348799
0.0306657
0.0959485
0.174835
0.25632
0.310818
0.310818
0.25632
0.174835
0.0959485
0.0306656
0.0231636
0.0696543
0.1201
0.16709
0.196686
0.196686
0.16709
0.1201
0.0696545
0.0231638
0.0139186
0.0404839
0.0664806
0.0883256
0.101052
0.101052
0.0883255
0.0664805
0.0404836
0.0139187
0.00510881
0.0133534
0.0219337
0.0287334
0.0324444
0.0324443
0.0287331
0.0219335
0.0133532
0.005109
0.00515677
0.0134701
0.0221158
0.0289617
0.0326954
0.0326951
0.0289614
0.0221159
0.0134705
0.00515682
0.0140426
0.0407658
0.0668424
0.0886976
0.101405
0.101405
0.0886973
0.0668421
0.0407656
0.0140423
0.0233605
0.0700281
0.120423
0.16717
0.196541
0.196541
0.16717
0.120423
0.0700282
0.0233603
0.0309147
0.0963257
0.174867
0.255642
0.309614
0.309614
0.255642
0.174867
0.0963261
0.0309147
0.035155
0.112399
0.211652
0.31959
0.393235
0.393235
0.31959
0.211652
0.112399
0.0351549
0.0351549
0.112399
0.211652
0.31959
0.393235
0.393235
0.31959
0.211652
0.112399
0.035155
0.0309147
0.096326
0.174866
0.255641
0.309614
0.309614
0.255642
0.174867
0.0963258
0.0309148
0.0233607
0.070028
0.120422
0.167169
0.19654
0.19654
0.167169
0.120422
0.070028
0.0233606
0.0140426
0.0407652
0.0668417
0.088697
0.101404
0.101405
0.0886972
0.0668416
0.0407651
0.0140425
0.00515699
0.0134699
0.0221154
0.028961
0.0326948
0.0326952
0.0289613
0.0221155
0.0134697
0.00515682
0.00520476
0.0135864
0.0222975
0.0291896
0.0329461
0.0329463
0.0291894
0.0222972
0.0135863
0.00520484
0.0141668
0.0410466
0.0672035
0.0890703
0.101759
0.101759
0.0890702
0.0672031
0.0410463
0.0141669
0.0235584
0.0704026
0.120747
0.167254
0.196403
0.196403
0.167254
0.120746
0.0704024
0.0235583
0.0311644
0.096705
0.174904
0.254973
0.308414
0.308414
0.254974
0.174905
0.096705
0.0311644
0.0354304
0.112745
0.211395
0.318294
0.391247
0.391247
0.318294
0.211395
0.112745
0.0354304
0.0354306
0.112745
0.211395
0.318294
0.391247
0.391246
0.318294
0.211395
0.112745
0.0354305
0.0311644
0.096705
0.174905
0.254973
0.308414
0.308414
0.254974
0.174905
0.096705
0.0311645
0.0235584
0.0704025
0.120746
0.167254
0.196403
0.196403
0.167254
0.120747
0.0704026
0.0235582
0.0141669
0.0410464
0.0672034
0.0890702
0.101759
0.101759
0.0890703
0.0672038
0.0410468
0.0141669
0.00520459
0.0135863
0.0222974
0.0291892
0.0329459
0.0329461
0.0291895
0.0222977
0.0135866
0.0052048
0.00525276
0.0137032
0.0224794
0.0294177
0.0331976
0.0331981
0.0294182
0.02248
0.013703
0.00525291
0.0142913
0.0413276
0.0675653
0.0894448
0.102116
0.102116
0.0894447
0.0675655
0.0413277
0.0142913
0.023756
0.0707772
0.121074
0.167345
0.196273
0.196273
0.167345
0.121073
0.0707771
0.023756
0.0314143
0.0970857
0.174949
0.254315
0.30722
0.30722
0.254315
0.174949
0.0970853
0.0314142
0.0357064
0.113093
0.211147
0.317001
0.38925
0.38925
0.317001
0.211147
0.113093
0.0357065
0.0357065
0.113093
0.211147
0.317001
0.38925
0.38925
0.317001
0.211147
0.113093
0.0357067
0.0314143
0.0970852
0.174949
0.254315
0.307219
0.30722
0.254315
0.17495
0.0970856
0.0314145
0.023756
0.0707774
0.121074
0.167345
0.196273
0.196273
0.167345
0.121074
0.0707774
0.0237559
0.0142914
0.0413282
0.067566
0.0894448
0.102116
0.102116
0.0894449
0.067566
0.0413285
0.0142913
0.0052529
0.0137034
0.0224798
0.0294179
0.0331978
0.0331976
0.029418
0.0224797
0.0137034
0.00525287
0.00530091
0.0138208
0.0226627
0.0296478
0.0334503
0.0334502
0.0296477
0.0226629
0.0138216
0.00530099
0.0144157
0.0416115
0.0679296
0.0898212
0.102475
0.102475
0.0898211
0.0679298
0.0416118
0.0144151
0.0239536
0.0711531
0.121404
0.167443
0.196151
0.196151
0.167443
0.121404
0.0711531
0.0239533
0.0316655
0.0974674
0.175001
0.253668
0.30603
0.30603
0.253667
0.175001
0.0974671
0.0316651
0.0359837
0.113443
0.210907
0.315712
0.387244
0.387244
0.315712
0.210907
0.113443
0.0359833
0.0359833
0.113443
0.210907
0.315712
0.387243
0.387243
0.315712
0.210907
0.113443
0.0359834
0.031665
0.0974671
0.175001
0.253667
0.30603
0.30603
0.253667
0.175001
0.0974674
0.0316652
0.0239534
0.0711526
0.121404
0.167443
0.196151
0.196151
0.167442
0.121404
0.071153
0.023954
0.0144152
0.0416111
0.0679292
0.0898208
0.102474
0.102474
0.0898205
0.0679289
0.0416108
0.0144157
0.00530112
0.0138211
0.0226628
0.0296476
0.03345
0.0334496
0.0296468
0.0226621
0.0138206
0.00530106
0.00534918
0.0139378
0.0228451
0.0298765
0.0337022
0.0337025
0.0298768
0.0228452
0.0139377
0.00534905
0.0145403
0.0418926
0.0682916
0.0901969
0.102834
0.102834
0.0901969
0.0682917
0.0418925
0.0145405
0.0241521
0.0715285
0.121735
0.167544
0.196035
0.196035
0.167544
0.121735
0.0715289
0.0241525
0.0319155
0.0978499
0.175057
0.253028
0.304846
0.304846
0.253029
0.175057
0.0978503
0.031916
0.0362602
0.113795
0.210674
0.314427
0.385228
0.385228
0.314427
0.210674
0.113795
0.0362603
0.0362606
0.113795
0.210674
0.314427
0.385228
0.385229
0.314427
0.210674
0.113795
0.0362602
0.0319162
0.0978499
0.175057
0.253029
0.304847
0.304846
0.253029
0.175057
0.0978504
0.0319159
0.0241525
0.0715286
0.121735
0.167544
0.196035
0.196035
0.167544
0.121735
0.0715288
0.0241524
0.0145404
0.0418926
0.0682917
0.0901968
0.102834
0.102834
0.090197
0.0682919
0.0418925
0.0145402
0.00534914
0.0139377
0.0228452
0.0298767
0.0337024
0.0337025
0.0298766
0.022845
0.0139379
0.00534922
0.00539742
0.0140552
0.0230282
0.030106
0.0339552
0.0339551
0.0301063
0.0230285
0.0140551
0.00539749
0.014665
0.0421744
0.068655
0.0905739
0.103195
0.103195
0.0905739
0.0686549
0.042174
0.0146652
0.0243507
0.0719045
0.122068
0.16765
0.195926
0.195926
0.167651
0.122068
0.0719046
0.0243512
0.0321668
0.0982336
0.175119
0.252399
0.303669
0.303669
0.252399
0.17512
0.0982342
0.0321673
0.0365375
0.114148
0.210449
0.313147
0.383206
0.383205
0.313147
0.210449
0.114148
0.0365379
0.0365377
0.114148
0.210449
0.313147
0.383205
0.383205
0.313147
0.210449
0.114148
0.0365376
0.0321671
0.0982339
0.175119
0.252399
0.303668
0.303669
0.2524
0.17512
0.0982342
0.032167
0.0243511
0.0719047
0.122068
0.16765
0.195926
0.195926
0.167651
0.122069
0.0719048
0.0243507
0.0146651
0.0421742
0.0686551
0.0905741
0.103195
0.103195
0.0905744
0.0686553
0.0421746
0.014665
0.00539743
0.014055
0.0230282
0.030106
0.0339551
0.0339552
0.0301064
0.0230284
0.0140552
0.00539746
0.00544576
0.0141732
0.0232121
0.0303368
0.0342084
0.0342081
0.0303361
0.0232115
0.014173
0.00544563
0.0147898
0.0424575
0.0690191
0.0909521
0.103557
0.103558
0.0909523
0.0690191
0.0424574
0.0147897
0.0245491
0.0722806
0.122403
0.167762
0.195824
0.195824
0.167762
0.122403
0.0722803
0.0245489
0.0324192
0.0986183
0.175187
0.25178
0.302498
0.302498
0.25178
0.175187
0.0986179
0.0324187
0.0368159
0.114503
0.210231
0.311872
0.381176
0.381175
0.311872
0.210231
0.114502
0.0368157
0.0368153
0.114502
0.210231
0.311872
0.381175
0.381175
0.311872
0.210231
0.114502
0.0368156
0.0324185
0.0986182
0.175187
0.25178
0.302498
0.302497
0.25178
0.175187
0.0986181
0.0324185
0.024549
0.0722806
0.122403
0.167763
0.195825
0.195824
0.167762
0.122403
0.0722805
0.0245491
0.0147897
0.0424575
0.0690189
0.0909522
0.103558
0.103558
0.0909523
0.0690189
0.0424573
0.0147898
0.00544593
0.0141732
0.0232115
0.0303361
0.0342082
0.034208
0.030336
0.0232115
0.0141728
0.00544573
0.00549403
0.0142904
0.0233947
0.0305656
0.034461
0.0344614
0.0305661
0.023395
0.0142903
0.00549405
0.0149148
0.0427387
0.0693819
0.09133
0.10392
0.103921
0.0913302
0.0693818
0.0427386
0.0149147
0.0247482
0.072656
0.122738
0.167877
0.195728
0.195728
0.167878
0.122738
0.072656
0.0247481
0.03267
0.0990026
0.175258
0.25117
0.301334
0.301334
0.25117
0.175258
0.0990027
0.0326701
0.0370934
0.114858
0.21002
0.310603
0.379139
0.379139
0.310603
0.21002
0.114858
0.0370934
0.0370938
0.114858
0.21002
0.310604
0.379139
0.379139
0.310603
0.21002
0.114858
0.0370935
0.0326705
0.0990029
0.175259
0.25117
0.301334
0.301334
0.25117
0.175258
0.0990027
0.0326704
0.0247481
0.0726562
0.122739
0.167878
0.195728
0.195728
0.167878
0.122739
0.0726563
0.0247481
0.0149146
0.0427391
0.0693822
0.0913303
0.103921
0.103921
0.0913305
0.0693822
0.0427388
0.0149148
0.00549421
0.0142906
0.0233949
0.0305662
0.0344614
0.0344612
0.030566
0.0233948
0.0142903
0.00549413
0.0055425
0.014408
0.0235778
0.0307957
0.0347142
0.0347143
0.0307956
0.0235777
0.0144079
0.00554239
0.0150395
0.0430201
0.0697447
0.0917083
0.104284
0.104284
0.0917082
0.0697448
0.0430205
0.0150395
0.0249468
0.073031
0.123075
0.167996
0.195638
0.195638
0.167996
0.123075
0.0730311
0.0249466
0.0329219
0.0993875
0.175334
0.250568
0.300177
0.300177
0.250568
0.175334
0.0993873
0.0329218
0.0373714
0.115214
0.209815
0.309341
0.377098
0.377098
0.309341
0.209815
0.115214
0.0373714
0.0373714
0.115214
0.209815
0.309341
0.377098
0.377098
0.309341
0.209815
0.115214
0.0373713
0.0329217
0.0993875
0.175334
0.250568
0.300177
0.300177
0.250568
0.175334
0.0993873
0.0329217
0.0249465
0.0730314
0.123075
0.167996
0.195637
0.195637
0.167996
0.123075
0.0730315
0.0249468
0.0150395
0.0430204
0.0697446
0.091708
0.104284
0.104284
0.0917082
0.0697449
0.0430205
0.0150395
0.00554247
0.0144079
0.0235777
0.0307958
0.0347143
0.0347141
0.0307957
0.0235778
0.014408
0.00554243
0.00559071
0.0145256
0.0237615
0.0310264
0.0349676
0.0349669
0.0310252
0.0237608
0.0145255
0.00559098
0.0151642
0.0433019
0.0701074
0.0920862
0.104647
0.104647
0.0920861
0.0701073
0.0433018
0.0151644
0.0251453
0.0734057
0.123412
0.168118
0.195552
0.195552
0.168118
0.123412
0.073406
0.0251452
0.0331739
0.0997721
0.175414
0.249976
0.299028
0.299028
0.249975
0.175413
0.0997718
0.0331734
0.0376497
0.115571
0.209617
0.308086
0.375053
0.375052
0.308085
0.209617
0.115571
0.0376495
0.0376493
0.115571
0.209617
0.308085
0.375052
0.375052
0.308085
0.209617
0.115571
0.0376494
0.0331732
0.0997719
0.175413
0.249975
0.299028
0.299028
0.249975
0.175413
0.0997719
0.0331732
0.0251452
0.0734061
0.123412
0.168118
0.195552
0.195552
0.168118
0.123412
0.0734062
0.0251452
0.0151643
0.0433017
0.070107
0.092086
0.104647
0.104647
0.0920859
0.0701073
0.0433017
0.0151642
0.00559079
0.0145256
0.0237611
0.0310256
0.0349673
0.0349673
0.0310255
0.0237609
0.0145254
0.0055908
0.00563911
0.0146428
0.0239439
0.0312552
0.0352201
0.0352201
0.0312552
0.0239442
0.0146428
0.0056392
0.0152889
0.0435813
0.0704682
0.0924633
0.105011
0.105011
0.0924633
0.0704681
0.0435812
0.015289
0.0253439
0.0737795
0.123748
0.168242
0.195471
0.195471
0.168242
0.123748
0.0737797
0.0253441
0.0334244
0.100156
0.175496
0.249391
0.297887
0.297887
0.249391
0.175496
0.100156
0.0334246
0.0379268
0.115927
0.209424
0.306837
0.373004
0.373004
0.306837
0.209424
0.115928
0.0379271
0.0379271
0.115927
0.209424
0.306837
0.373004
0.373005
0.306837
0.209424
0.115928
0.0379273
0.0334246
0.100156
0.175496
0.249391
0.297887
0.297887
0.249391
0.175496
0.100156
0.0334247
0.0253437
0.0737799
0.123748
0.168243
0.195472
0.195471
0.168243
0.123748
0.0737798
0.0253437
0.015289
0.043582
0.0704687
0.0924635
0.105011
0.105011
0.0924636
0.0704687
0.0435823
0.0152888
0.00563906
0.0146428
0.0239439
0.031255
0.0352198
0.0352201
0.0312554
0.0239442
0.014643
0.00563909
0.00568737
0.0147602
0.0241267
0.0314845
0.0354727
0.0354727
0.0314847
0.024127
0.0147604
0.0056874
0.0154134
0.0438618
0.0708293
0.0928406
0.105374
0.105374
0.0928402
0.0708294
0.0438624
0.0154134
0.0255418
0.0741527
0.124085
0.16837
0.195396
0.195396
0.16837
0.124085
0.0741525
0.0255417
0.0336759
0.10054
0.175582
0.248815
0.296755
0.296755
0.248815
0.175582
0.100539
0.0336759
0.0382048
0.116284
0.209237
0.305597
0.370956
0.370956
0.305597
0.209237
0.116284
0.0382048
0.0382047
0.116284
0.209237
0.305597
0.370956
0.370956
0.305597
0.209237
0.116284
0.0382046
0.0336756
0.100539
0.175581
0.248815
0.296755
0.296755
0.248815
0.175581
0.100539
0.0336756
0.0255418
0.0741527
0.124085
0.168369
0.195396
0.195396
0.16837
0.124085
0.0741527
0.0255418
0.0154135
0.0438622
0.0708293
0.0928401
0.105374
0.105374
0.0928403
0.0708293
0.043862
0.0154134
0.0056874
0.0147602
0.0241266
0.0314845
0.0354726
0.0354726
0.0314845
0.0241267
0.0147602
0.0056873
0.00573562
0.0148773
0.0243093
0.0317141
0.0357253
0.0357248
0.0317133
0.0243094
0.0148775
0.00573576
0.0155378
0.0441415
0.0711888
0.0932162
0.105737
0.105737
0.0932163
0.071189
0.0441412
0.0155378
0.0257397
0.074524
0.124421
0.168499
0.195324
0.195323
0.168498
0.124421
0.0745243
0.0257396
0.0339269
0.100921
0.175669
0.248248
0.295632
0.295632
0.248247
0.175669
0.100921
0.0339261
0.0384822
0.11664
0.209055
0.304366
0.368909
0.368909
0.304366
0.209054
0.11664
0.0384817
0.0384817
0.11664
0.209054
0.304366
0.368909
0.368909
0.304366
0.209055
0.11664
0.0384817
0.0339261
0.100921
0.175669
0.248248
0.295632
0.295632
0.248248
0.175669
0.100921
0.0339262
0.0257396
0.0745241
0.124421
0.168498
0.195324
0.195324
0.168498
0.124421
0.0745243
0.0257396
0.0155378
0.0441412
0.0711887
0.093216
0.105737
0.105737
0.093216
0.0711887
0.0441411
0.0155377
0.00573553
0.0148772
0.0243093
0.0317136
0.0357247
0.0357247
0.0317134
0.024309
0.0148772
0.00573552
0.00578372
0.0149941
0.0244914
0.0319418
0.0359762
0.0359764
0.031942
0.0244917
0.0149941
0.00578369
0.0156618
0.0444182
0.0715464
0.09359
0.106098
0.106098
0.0935903
0.0715464
0.0444179
0.0156617
0.0259375
0.074894
0.124754
0.168628
0.195255
0.195255
0.168628
0.124755
0.0748943
0.0259375
0.0341763
0.101302
0.175758
0.247687
0.294518
0.294518
0.247688
0.175759
0.101302
0.0341761
0.038758
0.116995
0.208877
0.303144
0.366863
0.366864
0.303144
0.208877
0.116995
0.0387583
0.0387585
0.116995
0.208877
0.303144
0.366863
0.366864
0.303144
0.208877
0.116995
0.0387586
0.0341767
0.101302
0.175759
0.247688
0.294518
0.294518
0.247688
0.175759
0.101302
0.0341765
0.0259371
0.0748941
0.124755
0.168629
0.195255
0.195255
0.168629
0.124756
0.0748944
0.0259372
0.0156619
0.0444189
0.0715469
0.0935907
0.106098
0.106098
0.0935906
0.0715471
0.0444194
0.0156619
0.00578388
0.0149942
0.0244912
0.0319419
0.0359762
0.0359763
0.031942
0.0244911
0.0149943
0.00578374
0.00583173
0.0151108
0.0246729
0.0321699
0.0362273
0.0362274
0.03217
0.024673
0.015111
0.0058317
0.0157856
0.0446962
0.0719036
0.0939637
0.106459
0.106459
0.0939637
0.0719038
0.0446968
0.0157857
0.0261341
0.0752626
0.125089
0.16876
0.195191
0.195191
0.16876
0.125089
0.075263
0.0261339
0.0344262
0.101682
0.17585
0.247136
0.293414
0.293414
0.247136
0.17585
0.101682
0.0344262
0.0390344
0.117349
0.208704
0.301932
0.364822
0.364822
0.301931
0.208703
0.117349
0.0390344
0.0390345
0.117349
0.208704
0.301931
0.364822
0.364822
0.301931
0.208703
0.117349
0.0390343
0.0344262
0.101682
0.17585
0.247136
0.293414
0.293414
0.247136
0.17585
0.101682
0.0344259
0.026134
0.075263
0.125089
0.16876
0.19519
0.19519
0.16876
0.125089
0.0752628
0.026134
0.0157857
0.0446966
0.0719038
0.0939636
0.106459
0.106459
0.0939635
0.0719036
0.0446965
0.0157857
0.00583169
0.0151109
0.0246728
0.0321698
0.0362274
0.0362274
0.0321698
0.0246727
0.0151108
0.00583174
0.00587974
0.0152273
0.0248542
0.0323977
0.0364779
0.0364775
0.0323971
0.024854
0.015227
0.00587968
0.015909
0.0449726
0.0722587
0.0943349
0.106818
0.106818
0.0943351
0.0722587
0.0449723
0.0159091
0.0263305
0.0756294
0.125421
0.168892
0.195129
0.195129
0.168892
0.125421
0.0756295
0.0263304
0.0346755
0.10206
0.175942
0.246591
0.29232
0.29232
0.246591
0.175942
0.102059
0.0346749
0.0393099
0.117702
0.208534
0.300729
0.362787
0.362786
0.300729
0.208534
0.117701
0.0393094
0.0393096
0.117701
0.208534
0.300729
0.362787
0.362787
0.300729
0.208534
0.117702
0.0393095
0.0346749
0.102059
0.175942
0.246591
0.29232
0.29232
0.246591
0.175942
0.102059
0.0346749
0.0263305
0.0756296
0.125421
0.168892
0.195129
0.195129
0.168892
0.125421
0.0756292
0.0263303
0.0159091
0.0449723
0.0722586
0.0943349
0.106818
0.106818
0.0943347
0.0722583
0.0449721
0.0159091
0.00587972
0.015227
0.0248538
0.032397
0.0364776
0.0364776
0.0323971
0.0248539
0.0152271
0.00587971
0.00592754
0.0153429
0.0250342
0.0326234
0.036727
0.0367272
0.0326238
0.0250345
0.0153429
0.0059275
0.0160321
0.0452461
0.0726109
0.094704
0.107175
0.107175
0.0947041
0.072611
0.0452458
0.0160319
0.0265263
0.0759938
0.12575
0.169024
0.195069
0.195069
0.169024
0.125751
0.075994
0.0265262
0.0349227
0.102435
0.176035
0.246053
0.291236
0.291236
0.246053
0.176035
0.102435
0.0349226
0.0395837
0.118052
0.208369
0.299537
0.360759
0.360759
0.299537
0.208369
0.118053
0.0395839
0.0395842
0.118053
0.208369
0.299537
0.360759
0.360759
0.299538
0.208369
0.118053
0.0395841
0.0349232
0.102435
0.176035
0.246054
0.291236
0.291236
0.246054
0.176035
0.102435
0.0349232
0.0265261
0.0759938
0.125751
0.169025
0.19507
0.19507
0.169025
0.125751
0.0759941
0.0265262
0.0160321
0.0452468
0.0726114
0.0947043
0.107175
0.107175
0.0947043
0.0726115
0.0452469
0.0160321
0.00592752
0.0153429
0.0250342
0.0326234
0.0367269
0.036727
0.0326236
0.0250343
0.0153429
0.00592746
0.00597506
0.0154583
0.0252137
0.0328489
0.0369755
0.0369758
0.0328493
0.0252142
0.0154589
0.00597521
0.0161548
0.0455199
0.0729622
0.0950714
0.107531
0.107531
0.0950716
0.0729626
0.0455206
0.0161545
0.0267211
0.0763562
0.126079
0.169157
0.195013
0.195013
0.169157
0.126079
0.0763565
0.0267206
0.0351701
0.102808
0.176129
0.245524
0.290164
0.290164
0.245524
0.176129
0.102808
0.03517
0.0398572
0.118401
0.208207
0.298357
0.358741
0.358741
0.298357
0.208207
0.118402
0.0398574
0.0398573
0.118402
0.208207
0.298357
0.358742
0.358742
0.298357
0.208207
0.118402
0.0398572
0.03517
0.102808
0.176129
0.245523
0.290163
0.290164
0.245523
0.176129
0.102808
0.03517
0.026721
0.0763565
0.126079
0.169157
0.195013
0.195013
0.169157
0.126079
0.0763564
0.0267211
0.0161547
0.0455202
0.0729624
0.0950716
0.107531
0.107531
0.0950717
0.0729622
0.04552
0.0161547
0.0059751
0.0154584
0.0252139
0.0328492
0.0369756
0.0369755
0.0328491
0.025214
0.0154585
0.00597516
0.00602257
0.0155735
0.0253931
0.0330741
0.0372232
0.0372227
0.0330735
0.025393
0.0155735
0.00602259
0.0162768
0.0457919
0.0733109
0.0954363
0.107884
0.107884
0.0954365
0.073311
0.0457913
0.0162767
0.026915
0.0767163
0.126405
0.16929
0.194959
0.194958
0.16929
0.126405
0.076716
0.0269151
0.0354163
0.103179
0.176223
0.245001
0.289102
0.289102
0.245
0.176223
0.103179
0.0354162
0.0401297
0.118748
0.208048
0.297188
0.356735
0.356735
0.297188
0.208048
0.118748
0.0401295
0.0401292
0.118748
0.208048
0.297188
0.356734
0.356734
0.297187
0.208048
0.118748
0.0401293
0.0354159
0.103179
0.176222
0.245
0.289102
0.289101
0.245
0.176222
0.103179
0.0354158
0.0269153
0.0767166
0.126404
0.169289
0.194959
0.194958
0.169289
0.126404
0.0767162
0.0269151
0.0162766
0.0457912
0.0733106
0.0954361
0.107884
0.107884
0.0954362
0.0733106
0.0457912
0.0162768
0.00602256
0.0155733
0.0253929
0.0330737
0.037223
0.0372228
0.0330736
0.025393
0.0155734
0.00602253
0.00606985
0.0156879
0.025571
0.0332971
0.0374691
0.0374689
0.033297
0.0255712
0.0156878
0.00606986
0.0163983
0.0460609
0.0736565
0.0957982
0.108234
0.108234
0.0957982
0.0736568
0.0460603
0.0163982
0.0271084
0.0770734
0.126727
0.169421
0.194905
0.194905
0.169421
0.126727
0.0770735
0.0271086
0.0356606
0.103546
0.176316
0.244484
0.288051
0.288051
0.244483
0.176316
0.103546
0.0356607
0.0404002
0.119092
0.207892
0.296031
0.354741
0.354741
0.29603
0.207892
0.119092
0.0404001
0.0404003
0.119093
0.207892
0.296031
0.354741
0.354741
0.29603
0.207892
0.119093
0.0404003
0.0356609
0.103547
0.176316
0.244484
0.288051
0.288051
0.244484
0.176316
0.103547
0.0356609
0.0271084
0.0770737
0.126727
0.169421
0.194906
0.194906
0.169421
0.126727
0.0770736
0.0271084
0.0163982
0.046061
0.0736569
0.0957985
0.108235
0.108235
0.0957985
0.073657
0.0460614
0.0163982
0.00606985
0.0156878
0.0255712
0.0332971
0.0374691
0.0374691
0.0332972
0.0255709
0.0156879
0.00606993
0.00611684
0.0158016
0.0257483
0.0335196
0.0377139
0.0377141
0.0335195
0.0257482
0.0158018
0.00611682
0.016519
0.0463292
0.0740005
0.0961578
0.108582
0.108582
0.0961577
0.0740005
0.0463296
0.0165191
0.0273005
0.0774282
0.127047
0.169552
0.194854
0.194854
0.169552
0.127047
0.077428
0.0273003
0.0359044
0.103911
0.176409
0.243974
0.287013
0.287013
0.243974
0.176409
0.103911
0.0359044
0.0406698
0.119434
0.207739
0.294886
0.352762
0.352762
0.294886
0.207739
0.119434
0.0406697
0.0406699
0.119434
0.207739
0.294886
0.352762
0.352762
0.294886
0.207739
0.119434
0.0406698
0.0359046
0.103911
0.176409
0.243974
0.287013
0.287013
0.243974
0.176409
0.103911
0.0359045
0.0273004
0.0774281
0.127047
0.169552
0.194854
0.194854
0.169552
0.127047
0.0774279
0.0273005
0.0165191
0.0463296
0.0740004
0.0961575
0.108582
0.108582
0.0961575
0.0740002
0.046329
0.0165189
0.00611687
0.0158017
0.025748
0.0335194
0.037714
0.0377138
0.0335194
0.025748
0.0158016
0.00611684
0.00616358
0.0159148
0.0259243
0.0337405
0.0379571
0.0379574
0.0337404
0.0259242
0.0159148
0.00616368
0.0166394
0.0465954
0.0743408
0.0965137
0.108927
0.108928
0.096514
0.074341
0.0465952
0.0166393
0.0274915
0.0777795
0.127364
0.169682
0.194804
0.194804
0.169682
0.127364
0.0777793
0.0274916
0.0361467
0.104272
0.176501
0.243471
0.285986
0.285986
0.24347
0.176501
0.104272
0.0361467
0.0409379
0.119772
0.207588
0.293754
0.350799
0.350799
0.293754
0.207588
0.119772
0.0409377
0.0409376
0.119772
0.207588
0.293754
0.350799
0.350799
0.293754
0.207588
0.119772
0.0409376
0.0361465
0.104273
0.176501
0.24347
0.285986
0.285986
0.24347
0.176501
0.104273
0.0361465
0.0274918
0.0777797
0.127364
0.169682
0.194804
0.194804
0.169682
0.127364
0.0777794
0.0274916
0.0166393
0.0465948
0.0743409
0.0965139
0.108928
0.108928
0.0965139
0.0743408
0.0465949
0.0166393
0.00616352
0.0159148
0.0259244
0.0337404
0.0379574
0.0379574
0.0337404
0.0259241
0.0159147
0.0061637
0.0062102
0.0160272
0.026099
0.0339598
0.0381991
0.0381991
0.0339598
0.0260994
0.0160273
0.0062102
0.0167587
0.0468589
0.0746782
0.0968667
0.109269
0.109269
0.0968669
0.0746782
0.0468581
0.0167587
0.0276813
0.0781277
0.127677
0.16981
0.194755
0.194755
0.16981
0.127677
0.0781277
0.0276815
0.0363868
0.10463
0.176592
0.242974
0.284972
0.284972
0.242974
0.176592
0.104631
0.036387
0.0412039
0.120107
0.207439
0.292636
0.348854
0.348854
0.292636
0.207439
0.120108
0.0412039
0.041204
0.120108
0.207439
0.292636
0.348854
0.348854
0.292636
0.207439
0.120108
0.0412039
0.0363871
0.104631
0.176593
0.242974
0.284972
0.284972
0.242974
0.176593
0.104631
0.0363872
0.0276814
0.0781277
0.127677
0.16981
0.194755
0.194755
0.16981
0.127677
0.0781278
0.0276814
0.0167586
0.0468585
0.0746783
0.0968668
0.10927
0.10927
0.0968669
0.0746785
0.0468591
0.0167588
0.00621014
0.0160272
0.0260991
0.0339596
0.0381991
0.0381992
0.0339599
0.026099
0.0160273
0.00621017
0.00625643
0.016139
0.0262728
0.034178
0.0384394
0.0384394
0.0341781
0.0262729
0.0161392
0.0062565
0.0168775
0.047121
0.075013
0.0972164
0.109608
0.109608
0.0972162
0.0750128
0.0471208
0.0168774
0.0278698
0.0784729
0.127987
0.169937
0.194707
0.194707
0.169937
0.127986
0.0784726
0.0278699
0.0366261
0.104985
0.176682
0.242483
0.28397
0.283971
0.242483
0.176682
0.104985
0.0366264
0.0414685
0.120439
0.207292
0.291531
0.346929
0.346929
0.291531
0.207292
0.120439
0.0414685
0.0414687
0.120439
0.207292
0.291531
0.346929
0.346929
0.291531
0.207292
0.120439
0.0414686
0.0366265
0.104985
0.176682
0.242483
0.283971
0.283971
0.242484
0.176682
0.104985
0.0366265
0.0278699
0.0784727
0.127986
0.169937
0.194707
0.194707
0.169937
0.127986
0.0784725
0.02787
0.0168773
0.0471211
0.075013
0.0972162
0.109608
0.109608
0.0972161
0.0750128
0.0471208
0.0168775
0.00625644
0.0161392
0.0262728
0.034178
0.0384395
0.0384395
0.034178
0.0262729
0.0161391
0.00625648
0.00630239
0.0162502
0.0264458
0.0343948
0.038678
0.038678
0.0343943
0.0264455
0.0162501
0.0063024
0.0169954
0.0473806
0.075344
0.097562
0.109943
0.109943
0.0975617
0.0753436
0.0473799
0.0169953
0.0280573
0.0788144
0.128292
0.170062
0.194659
0.194659
0.170061
0.128291
0.0788139
0.0280574
0.0368634
0.105335
0.17677
0.241999
0.282982
0.282981
0.241999
0.176771
0.105335
0.0368637
0.0417311
0.120767
0.207147
0.29044
0.345024
0.345024
0.29044
0.207147
0.120767
0.0417311
0.0417311
0.120767
0.207147
0.29044
0.345024
0.345024
0.29044
0.207147
0.120767
0.0417312
0.0368637
0.105335
0.17677
0.241999
0.282982
0.282982
0.241999
0.176771
0.105335
0.0368637
0.0280574
0.0788139
0.128291
0.170061
0.194659
0.194659
0.170061
0.128292
0.0788139
0.0280574
0.0169953
0.04738
0.0753436
0.0975616
0.109943
0.109943
0.0975619
0.0753436
0.0473799
0.0169954
0.00630246
0.0162502
0.0264456
0.0343945
0.0386778
0.0386779
0.0343945
0.0264456
0.0162501
0.00630232
0.00634797
0.0163602
0.0266169
0.0346091
0.0389143
0.0389148
0.0346095
0.026617
0.0163603
0.00634803
0.0171123
0.0476366
0.0756711
0.0979037
0.110275
0.110275
0.0979036
0.075671
0.0476363
0.0171122
0.028243
0.0791518
0.128593
0.170184
0.194613
0.194612
0.170184
0.128593
0.0791515
0.0282432
0.0370988
0.105682
0.176857
0.241521
0.282006
0.282006
0.241521
0.176857
0.105682
0.0370991
0.0419917
0.121092
0.207004
0.289363
0.343141
0.343141
0.289363
0.207004
0.121092
0.0419918
0.0419918
0.121092
0.207004
0.289363
0.343141
0.343141
0.289363
0.207004
0.121092
0.0419917
0.0370991
0.105682
0.176857
0.241521
0.282006
0.282006
0.241521
0.176857
0.105682
0.037099
0.0282432
0.0791515
0.128593
0.170184
0.194612
0.194612
0.170184
0.128593
0.0791518
0.0282432
0.0171122
0.0476361
0.0756711
0.0979041
0.110275
0.110274
0.0979039
0.0756713
0.0476366
0.0171124
0.00634788
0.0163602
0.0266171
0.0346094
0.0389145
0.0389146
0.0346094
0.0266168
0.0163603
0.00634802
0.00639327
0.0164695
0.0267865
0.034822
0.0391491
0.0391494
0.0348226
0.0267868
0.0164698
0.00639321
0.0172284
0.0478916
0.0759954
0.0982415
0.110602
0.110602
0.0982417
0.0759955
0.0478919
0.0172282
0.0284273
0.0794858
0.128891
0.170305
0.194566
0.194566
0.170305
0.128891
0.0794858
0.0284271
0.0373325
0.106024
0.176942
0.241049
0.281044
0.281043
0.241049
0.176942
0.106024
0.0373327
0.0422503
0.121412
0.206862
0.288301
0.341282
0.341282
0.2883
0.206862
0.121412
0.0422504
0.0422503
0.121412
0.206862
0.288301
0.341282
0.341282
0.2883
0.206862
0.121412
0.0422504
0.0373325
0.106024
0.176942
0.241049
0.281043
0.281043
0.241049
0.176942
0.106024
0.0373328
0.0284271
0.0794857
0.128891
0.170305
0.194566
0.194566
0.170305
0.128891
0.0794856
0.0284273
0.0172283
0.0478917
0.0759955
0.0982417
0.110602
0.110602
0.0982415
0.0759951
0.0478913
0.0172284
0.0063933
0.0164697
0.0267866
0.0348224
0.0391493
0.0391492
0.0348224
0.0267865
0.0164695
0.00639327
0.00643814
0.0165779
0.026955
0.0350337
0.039382
0.0393819
0.0350334
0.0269551
0.0165779
0.00643831
0.0173435
0.0481433
0.0763152
0.0985748
0.110926
0.110926
0.0985745
0.0763152
0.0481428
0.0173435
0.0286102
0.079816
0.129184
0.170423
0.194519
0.194519
0.170422
0.129183
0.0798156
0.0286104
0.0375643
0.106362
0.177025
0.240583
0.280095
0.280094
0.240583
0.177025
0.106362
0.0375645
0.0425068
0.121728
0.206721
0.287253
0.339448
0.339448
0.287253
0.206721
0.121728
0.0425066
0.0425068
0.121728
0.206721
0.287253
0.339447
0.339447
0.287253
0.206721
0.121728
0.0425067
0.0375644
0.106362
0.177025
0.240583
0.280094
0.280094
0.240582
0.177025
0.106362
0.0375643
0.0286102
0.0798157
0.129183
0.170423
0.194519
0.194519
0.170423
0.129183
0.0798155
0.0286101
0.0173435
0.0481434
0.0763152
0.0985746
0.110926
0.110926
0.0985747
0.0763152
0.0481428
0.0173435
0.0064382
0.0165779
0.0269549
0.0350335
0.0393821
0.039382
0.0350335
0.0269551
0.0165779
0.00643819
0.00648284
0.0166852
0.027122
0.0352426
0.0396124
0.0396127
0.0352428
0.0271221
0.0166852
0.00648279
0.0174576
0.0483913
0.0766308
0.098903
0.111246
0.111246
0.0989034
0.0766309
0.048391
0.0174575
0.0287914
0.0801415
0.129471
0.170538
0.194473
0.194472
0.170538
0.129471
0.0801413
0.0287916
0.0377934
0.106695
0.177105
0.240122
0.279159
0.279159
0.240122
0.177105
0.106695
0.0377937
0.0427604
0.122039
0.206582
0.286221
0.337638
0.337638
0.286221
0.206582
0.12204
0.0427605
0.0427607
0.12204
0.206582
0.286221
0.337638
0.337638
0.286221
0.206582
0.12204
0.0427607
0.0377937
0.106695
0.177106
0.240122
0.279159
0.279159
0.240122
0.177106
0.106695
0.0377937
0.0287916
0.0801413
0.129471
0.170538
0.194472
0.194472
0.170538
0.129471
0.0801414
0.0287913
0.0174575
0.0483913
0.0766309
0.0989032
0.111246
0.111246
0.0989034
0.0766311
0.0483918
0.0174576
0.00648281
0.0166854
0.027122
0.0352426
0.0396125
0.0396127
0.0352427
0.0271218
0.0166853
0.00648277
0.00652684
0.0167917
0.0272871
0.0354499
0.0398412
0.0398413
0.0354499
0.0272868
0.0167917
0.00652695
0.0175706
0.0486382
0.0769435
0.099228
0.111562
0.111563
0.0992282
0.0769438
0.048639
0.0175707
0.0289707
0.0804633
0.129756
0.170651
0.194426
0.194426
0.170651
0.129756
0.0804634
0.0289706
0.0380211
0.107023
0.177184
0.239669
0.278238
0.278238
0.239669
0.177185
0.107023
0.0380213
0.0430123
0.122347
0.206444
0.285204
0.335856
0.335856
0.285204
0.206444
0.122347
0.0430123
0.0430122
0.122347
0.206444
0.285204
0.335856
0.335856
0.285204
0.206444
0.122347
0.0430121
0.0380211
0.107023
0.177184
0.239669
0.278237
0.278237
0.239669
0.177184
0.107023
0.038021
0.0289707
0.0804633
0.129755
0.170651
0.194426
0.194426
0.170651
0.129755
0.0804633
0.0289707
0.0175705
0.048638
0.0769434
0.099228
0.111562
0.111562
0.099228
0.0769435
0.048638
0.0175706
0.00652697
0.0167916
0.027287
0.0354501
0.0398413
0.0398411
0.0354499
0.0272871
0.0167917
0.00652683
0.00657075
0.016897
0.0274507
0.0356554
0.0400676
0.0400672
0.035655
0.0274506
0.0168969
0.00657058
0.0176826
0.048882
0.0772517
0.0995479
0.111874
0.111874
0.0995481
0.0772518
0.0488816
0.0176826
0.0291485
0.080781
0.130035
0.170761
0.19438
0.194379
0.170761
0.130035
0.0807808
0.0291483
0.0382465
0.107347
0.177261
0.239221
0.27733
0.27733
0.23922
0.17726
0.107347
0.0382464
0.0432617
0.12265
0.206307
0.284202
0.334101
0.334101
0.284202
0.206306
0.122649
0.0432615
0.0432613
0.122649
0.206307
0.284202
0.334101
0.334101
0.284202
0.206307
0.122649
0.0432613
0.038246
0.107347
0.17726
0.23922
0.27733
0.27733
0.23922
0.17726
0.107347
0.0382462
0.0291482
0.0807807
0.130034
0.170761
0.194379
0.194379
0.170761
0.130034
0.0807808
0.0291485
0.0176827
0.0488818
0.0772514
0.0995478
0.111874
0.111874
0.0995479
0.0772515
0.0488814
0.0176827
0.0065706
0.016897
0.0274505
0.0356552
0.0400675
0.0400672
0.0356548
0.0274505
0.016897
0.00657062
0.00661398
0.0170014
0.0276128
0.035858
0.0402908
0.0402909
0.0358577
0.0276125
0.0170013
0.00661406
0.0177933
0.0491211
0.0775549
0.099863
0.11218
0.11218
0.099863
0.0775551
0.0491208
0.0177933
0.0293243
0.0810937
0.130308
0.170868
0.194332
0.194332
0.170868
0.130308
0.0810938
0.0293244
0.0384685
0.107666
0.177334
0.238778
0.276436
0.276436
0.238778
0.177334
0.107666
0.0384686
0.0435076
0.122947
0.20617
0.283216
0.332374
0.332374
0.283216
0.206171
0.122947
0.0435076
0.0435079
0.122947
0.20617
0.283216
0.332374
0.332374
0.283216
0.206171
0.122947
0.0435079
0.0384689
0.107666
0.177334
0.238778
0.276436
0.276437
0.238778
0.177334
0.107666
0.0384689
0.0293244
0.0810938
0.130309
0.170868
0.194332
0.194332
0.170868
0.130308
0.0810939
0.0293242
0.0177934
0.0491213
0.0775554
0.0998632
0.112181
0.112181
0.0998632
0.0775554
0.0491216
0.0177933
0.00661403
0.0170012
0.0276125
0.035858
0.040291
0.0402911
0.035858
0.0276125
0.0170013
0.00661397
0.00665685
0.0171044
0.0277727
0.0360587
0.0405123
0.0405124
0.0360589
0.0277727
0.0171045
0.0066568
0.0179031
0.0493586
0.0778547
0.100174
0.112483
0.112483
0.100174
0.0778548
0.0493589
0.017903
0.029498
0.0814023
0.130577
0.170972
0.194285
0.194285
0.170973
0.130578
0.0814023
0.0294979
0.038689
0.10798
0.177405
0.238342
0.275557
0.275557
0.238342
0.177405
0.10798
0.0386891
0.0437515
0.12324
0.206035
0.282246
0.330676
0.330676
0.282247
0.206035
0.12324
0.0437516
0.0437517
0.12324
0.206035
0.282246
0.330676
0.330676
0.282246
0.206035
0.12324
0.0437517
0.0386892
0.10798
0.177405
0.238342
0.275557
0.275557
0.238342
0.177405
0.10798
0.0386891
0.029498
0.0814023
0.130578
0.170973
0.194285
0.194285
0.170973
0.130578
0.0814024
0.029498
0.017903
0.0493589
0.0778548
0.100174
0.112483
0.112483
0.100174
0.0778548
0.0493588
0.0179031
0.00665695
0.0171044
0.0277727
0.0360588
0.0405124
0.0405123
0.0360587
0.0277728
0.0171046
0.00665687
0.00669943
0.0172066
0.0279313
0.0362578
0.0407317
0.0407313
0.0362573
0.0279309
0.0172067
0.00669924
0.0180116
0.0495936
0.0781504
0.10048
0.11278
0.11278
0.10048
0.0781505
0.0495941
0.0180114
0.0296699
0.0817065
0.130842
0.171074
0.194237
0.194237
0.171074
0.130842
0.0817064
0.0296695
0.0389073
0.108289
0.177474
0.237912
0.274692
0.274692
0.237912
0.177474
0.108289
0.0389071
0.0439931
0.123529
0.205901
0.281292
0.329007
0.329007
0.281293
0.205901
0.123529
0.043993
0.0439927
0.123529
0.205901
0.281292
0.329007
0.329007
0.281292
0.205901
0.123529
0.0439927
0.0389069
0.108289
0.177474
0.237912
0.274692
0.274692
0.237911
0.177474
0.108289
0.0389068
0.0296701
0.0817067
0.130842
0.171074
0.194237
0.194237
0.171074
0.130842
0.0817065
0.02967
0.0180115
0.0495933
0.0781502
0.100479
0.11278
0.11278
0.100479
0.07815
0.049593
0.0180115
0.00669936
0.0172064
0.0279308
0.0362573
0.0407314
0.0407311
0.0362571
0.0279309
0.0172065
0.00669933
0.00674137
0.0173074
0.0280876
0.0364533
0.0409473
0.0409472
0.036453
0.0280875
0.0173073
0.0067413
0.0181188
0.0498239
0.0784406
0.10078
0.113073
0.113073
0.10078
0.0784408
0.0498234
0.0181186
0.0298401
0.0820058
0.131101
0.171172
0.194188
0.194188
0.171172
0.131101
0.0820058
0.0298402
0.0391222
0.108593
0.17754
0.237487
0.273841
0.273841
0.237487
0.17754
0.108593
0.039122
0.0442309
0.123812
0.205768
0.280354
0.327368
0.327368
0.280355
0.205768
0.123812
0.0442307
0.0442309
0.123812
0.205768
0.280354
0.327368
0.327368
0.280355
0.205768
0.123812
0.0442309
0.0391221
0.108593
0.17754
0.237487
0.273842
0.273842
0.237487
0.17754
0.108593
0.0391221
0.02984
0.0820059
0.131101
0.171172
0.194189
0.194188
0.171172
0.131101
0.0820059
0.0298401
0.0181187
0.0498237
0.0784407
0.10078
0.113073
0.113073
0.10078
0.0784407
0.0498238
0.0181188
0.00674123
0.0173073
0.0280876
0.0364533
0.0409474
0.0409475
0.0364534
0.0280876
0.0173073
0.0067413
0.00678277
0.0174069
0.028242
0.0366467
0.0411608
0.041161
0.0366473
0.0282426
0.0174069
0.00678282
0.0182246
0.050051
0.0787267
0.101076
0.11336
0.11336
0.101076
0.0787268
0.0500508
0.0182246
0.0300079
0.0823004
0.131354
0.171267
0.19414
0.19414
0.171268
0.131355
0.0823006
0.030008
0.0393344
0.108891
0.177603
0.237068
0.273005
0.273005
0.237068
0.177603
0.108892
0.0393346
0.044466
0.12409
0.205635
0.279433
0.32576
0.32576
0.279433
0.205635
0.12409
0.0444661
0.0444663
0.12409
0.205635
0.279433
0.32576
0.32576
0.279433
0.205635
0.12409
0.0444663
0.0393349
0.108891
0.177603
0.237068
0.273005
0.273005
0.237069
0.177603
0.108891
0.0393349
0.0300079
0.0823006
0.131355
0.171268
0.19414
0.19414
0.171268
0.131355
0.0823005
0.0300079
0.0182247
0.0500516
0.0787272
0.101077
0.11336
0.11336
0.101076
0.0787271
0.0500516
0.0182247
0.00678293
0.017407
0.0282422
0.036647
0.0411608
0.041161
0.0366472
0.0282421
0.017407
0.00678276
0.0068239
0.0175055
0.0283947
0.0368382
0.0413717
0.0413717
0.0368383
0.0283944
0.0175054
0.00682387
0.0183293
0.0502763
0.0790091
0.101367
0.113643
0.113643
0.101368
0.0790093
0.0502769
0.0183294
0.0301736
0.0825906
0.131604
0.17136
0.19409
0.19409
0.171361
0.131604
0.0825908
0.0301734
0.0395447
0.109185
0.177664
0.236656
0.272184
0.272184
0.236656
0.177664
0.109185
0.0395448
0.0446986
0.124363
0.205504
0.278527
0.324182
0.324182
0.278528
0.205504
0.124363
0.0446986
0.0446986
0.124363
0.205503
0.278527
0.324182
0.324181
0.278527
0.205503
0.124363
0.0446986
0.0395448
0.109185
0.177664
0.236656
0.272184
0.272184
0.236656
0.177664
0.109185
0.0395447
0.0301738
0.0825908
0.131604
0.17136
0.19409
0.19409
0.17136
0.131604
0.0825907
0.0301738
0.0183294
0.0502764
0.0790091
0.101367
0.113643
0.113643
0.101367
0.0790089
0.0502761
0.0183293
0.00682395
0.0175055
0.0283948
0.0368384
0.0413718
0.0413718
0.0368384
0.0283947
0.0175055
0.00682383
0.00686431
0.0176026
0.0285457
0.0370273
0.0415799
0.0415797
0.037027
0.0285455
0.0176026
0.00686424
0.0184328
0.0504976
0.0792863
0.101653
0.113921
0.11392
0.101653
0.0792865
0.0504977
0.0184328
0.0303375
0.082876
0.131848
0.17145
0.19404
0.19404
0.17145
0.131848
0.0828759
0.0303376
0.0397522
0.109473
0.177722
0.23625
0.271377
0.271377
0.236249
0.177722
0.109473
0.0397521
0.0449282
0.124631
0.205373
0.277638
0.322635
0.322635
0.277638
0.205373
0.124631
0.0449281
0.0449278
0.124631
0.205372
0.277638
0.322634
0.322635
0.277638
0.205372
0.124631
0.0449279
0.0397518
0.109473
0.177722
0.236249
0.271377
0.271377
0.236249
0.177722
0.109473
0.0397518
0.0303376
0.082876
0.131847
0.171449
0.19404
0.19404
0.171449
0.131847
0.0828759
0.0303375
0.0184327
0.0504969
0.0792857
0.101653
0.11392
0.11392
0.101653
0.079286
0.0504971
0.0184327
0.00686433
0.0176025
0.0285457
0.037027
0.0415798
0.0415798
0.0370272
0.0285456
0.0176028
0.00686449
0.00690441
0.0176984
0.028694
0.037213
0.041785
0.041785
0.0372131
0.0286943
0.0176986
0.00690434
0.0185348
0.0507147
0.0795587
0.101934
0.114193
0.114193
0.101934
0.0795588
0.0507145
0.0185347
0.0304991
0.0831562
0.132086
0.171535
0.19399
0.19399
0.171535
0.132086
0.0831562
0.0304991
0.0399562
0.109756
0.177777
0.235849
0.270584
0.270584
0.235849
0.177777
0.109756
0.0399562
0.0451541
0.124894
0.205242
0.276766
0.321119
0.321118
0.276766
0.205243
0.124894
0.0451542
0.0451541
0.124894
0.205243
0.276766
0.321118
0.321119
0.276766
0.205243
0.124894
0.0451542
0.0399563
0.109756
0.177777
0.235849
0.270584
0.270584
0.235849
0.177777
0.109756
0.0399562
0.030499
0.0831562
0.132086
0.171536
0.19399
0.19399
0.171536
0.132086
0.0831562
0.0304988
0.0185346
0.0507147
0.0795585
0.101934
0.114193
0.114193
0.101934
0.0795587
0.0507149
0.0185347
0.0069043
0.0176986
0.0286942
0.0372132
0.041785
0.0417851
0.0372131
0.0286941
0.0176984
0.00690438
0.00694383
0.0177931
0.0288406
0.0373968
0.0419874
0.0419874
0.0373967
0.0288405
0.0177931
0.00694375
0.0186353
0.0509296
0.0798268
0.10221
0.11446
0.11446
0.10221
0.0798269
0.05093
0.0186353
0.0306581
0.083432
0.13232
0.171619
0.193939
0.193939
0.171619
0.13232
0.0834319
0.030658
0.0401579
0.110033
0.17783
0.235454
0.269806
0.269806
0.235454
0.17783
0.110033
0.0401579
0.0453773
0.125151
0.205113
0.275909
0.319634
0.319634
0.275909
0.205113
0.125151
0.0453774
0.0453773
0.125151
0.205113
0.275909
0.319634
0.319633
0.275909
0.205113
0.125151
0.0453775
0.040158
0.110033
0.17783
0.235454
0.269807
0.269806
0.235454
0.17783
0.110033
0.0401581
0.030658
0.0834319
0.13232
0.171619
0.193939
0.193939
0.171619
0.13232
0.083432
0.0306581
0.0186352
0.0509302
0.079827
0.10221
0.11446
0.11446
0.10221
0.0798269
0.0509298
0.0186354
0.00694393
0.0177933
0.0288405
0.0373969
0.0419875
0.0419875
0.0373969
0.0288407
0.0177931
0.00694389
0.00698291
0.0178864
0.0289851
0.0375779
0.0421871
0.0421868
0.0375776
0.0289849
0.0178863
0.00698272
0.0187345
0.0511407
0.0800902
0.10248
0.114723
0.114723
0.10248
0.0800902
0.0511407
0.0187344
0.0308153
0.0837029
0.132548
0.171699
0.193887
0.193887
0.171699
0.132548
0.0837028
0.0308152
0.0403568
0.110305
0.177881
0.235066
0.269043
0.269043
0.235066
0.177881
0.110305
0.0403568
0.0455973
0.125404
0.204985
0.275069
0.31818
0.31818
0.275069
0.204985
0.125404
0.0455973
0.0455975
0.125404
0.204985
0.275069
0.31818
0.31818
0.275069
0.204985
0.125404
0.0455973
0.0403569
0.110305
0.177881
0.235066
0.269043
0.269043
0.235066
0.177881
0.110305
0.0403569
0.0308151
0.0837028
0.132548
0.171699
0.193887
0.193887
0.171699
0.132548
0.0837028
0.0308154
0.0187346
0.0511411
0.0800902
0.10248
0.114723
0.114723
0.102481
0.0800904
0.0511408
0.0187346
0.00698295
0.0178864
0.028985
0.0375778
0.0421869
0.0421868
0.0375777
0.028985
0.0178863
0.00698278
0.00702134
0.0179783
0.0291278
0.037756
0.0423832
0.0423835
0.0377562
0.0291279
0.0179784
0.0070213
0.0188324
0.0513475
0.0803483
0.102746
0.11498
0.11498
0.102746
0.0803483
0.0513475
0.0188323
0.0309702
0.0839683
0.132771
0.171776
0.193835
0.193835
0.171776
0.132771
0.0839683
0.0309702
0.0405524
0.110572
0.177928
0.234683
0.268294
0.268294
0.234683
0.177928
0.110572
0.0405525
0.0458139
0.125651
0.204857
0.274245
0.316757
0.316757
0.274245
0.204857
0.125651
0.0458141
0.0458142
0.125651
0.204857
0.274245
0.316757
0.316757
0.274245
0.204858
0.125651
0.0458141
0.0405528
0.110572
0.177928
0.234683
0.268294
0.268294
0.234683
0.177928
0.110572
0.0405527
0.0309702
0.0839684
0.132771
0.171776
0.193835
0.193835
0.171776
0.132771
0.0839684
0.0309701
0.0188323
0.0513478
0.0803486
0.102746
0.11498
0.11498
0.102746
0.0803486
0.0513482
0.0188324
0.00702109
0.0179782
0.0291276
0.0377559
0.0423833
0.0423834
0.0377561
0.0291276
0.0179783
0.00702128
0.00705908
0.0180689
0.0292679
0.0379315
0.0425769
0.0425772
0.037932
0.029268
0.0180688
0.00705928
0.0189287
0.0515521
0.0806026
0.103006
0.115232
0.115232
0.103006
0.0806026
0.0515522
0.0189289
0.0311226
0.0842294
0.132989
0.171851
0.193783
0.193783
0.171851
0.132989
0.0842293
0.0311226
0.0407456
0.110834
0.177974
0.234307
0.26756
0.26756
0.234307
0.177974
0.110834
0.0407457
0.0460276
0.125893
0.204731
0.273438
0.315366
0.315366
0.273438
0.204731
0.125893
0.0460276
0.0460277
0.125893
0.204731
0.273438
0.315366
0.315366
0.273438
0.204731
0.125893
0.0460275
0.0407456
0.110834
0.177973
0.234306
0.26756
0.26756
0.234306
0.177973
0.110834
0.0407455
0.0311226
0.0842293
0.132989
0.17185
0.193783
0.193783
0.17185
0.132989
0.0842295
0.0311226
0.0189287
0.0515522
0.0806027
0.103006
0.115232
0.115232
0.103006
0.0806027
0.0515524
0.0189287
0.00705908
0.0180689
0.0292677
0.0379316
0.0425769
0.042577
0.0379317
0.0292679
0.018069
0.00705914
0.00709643
0.0181584
0.0294061
0.0381047
0.0427676
0.0427676
0.0381046
0.029406
0.0181583
0.00709639
0.0190237
0.0517534
0.0808521
0.103262
0.115479
0.115479
0.103261
0.0808522
0.0517538
0.0190239
0.031273
0.0844856
0.133203
0.171922
0.19373
0.19373
0.171922
0.133202
0.0844856
0.0312727
0.0409361
0.11109
0.178017
0.233936
0.26684
0.26684
0.233936
0.178016
0.11109
0.0409358
0.0462381
0.12613
0.204605
0.272647
0.314005
0.314005
0.272647
0.204605
0.12613
0.046238
0.0462378
0.12613
0.204605
0.272647
0.314005
0.314005
0.272647
0.204605
0.12613
0.0462378
0.0409355
0.11109
0.178016
0.233936
0.26684
0.26684
0.233936
0.178016
0.11109
0.0409355
0.0312727
0.0844855
0.133202
0.171922
0.19373
0.19373
0.171922
0.133202
0.0844854
0.0312728
0.0190237
0.0517532
0.0808519
0.103261
0.115479
0.115479
0.103261
0.0808519
0.0517529
0.0190238
0.00709662
0.0181582
0.029406
0.0381046
0.0427676
0.0427675
0.0381046
0.0294061
0.0181584
0.00709654
0.00713331
0.0182462
0.029542
0.0382747
0.0429551
0.042955
0.0382747
0.0295423
0.0182461
0.00713323
0.0191173
0.05195
0.0810961
0.103511
0.115721
0.115721
0.103511
0.0810962
0.0519494
0.0191172
0.031421
0.0847365
0.13341
0.17199
0.193676
0.193676
0.17199
0.13341
0.0847366
0.0314211
0.0411229
0.111341
0.178057
0.233572
0.266135
0.266135
0.233571
0.178057
0.111341
0.0411227
0.046445
0.126362
0.204481
0.271872
0.312676
0.312675
0.271872
0.204481
0.126362
0.0464448
0.0464449
0.126362
0.204481
0.271872
0.312675
0.312675
0.271872
0.204481
0.126362
0.046445
0.0411225
0.111341
0.178057
0.233571
0.266135
0.266135
0.233571
0.178057
0.111341
0.0411227
0.0314209
0.0847368
0.13341
0.17199
0.193676
0.193676
0.17199
0.13341
0.0847365
0.0314208
0.0191173
0.0519501
0.0810965
0.103511
0.115721
0.115721
0.103511
0.0810963
0.05195
0.0191173
0.0071333
0.0182462
0.0295421
0.0382748
0.0429552
0.042955
0.0382747
0.029542
0.0182461
0.00713328
0.00716946
0.0183327
0.0296758
0.0384422
0.0431396
0.0431397
0.0384423
0.029676
0.0183325
0.00716952
0.0192093
0.0521435
0.0813362
0.103756
0.115958
0.115957
0.103756
0.0813359
0.0521432
0.0192093
0.0315665
0.0849828
0.133613
0.172056
0.193622
0.193622
0.172056
0.133613
0.0849827
0.0315663
0.0413067
0.111586
0.178094
0.233213
0.265443
0.265443
0.233213
0.178095
0.111586
0.0413065
0.0466484
0.126588
0.204357
0.271113
0.311376
0.311376
0.271113
0.204357
0.126588
0.0466484
0.0466487
0.126589
0.204357
0.271112
0.311376
0.311376
0.271113
0.204357
0.126588
0.0466486
0.0413069
0.111586
0.178095
0.233213
0.265444
0.265444
0.233213
0.178095
0.111586
0.0413067
0.0315664
0.0849827
0.133613
0.172056
0.193623
0.193623
0.172056
0.133613
0.0849829
0.0315662
0.0192092
0.0521436
0.081336
0.103756
0.115957
0.115958
0.103756
0.0813363
0.0521438
0.0192093
0.00716962
0.0183327
0.0296758
0.0384422
0.0431395
0.0431397
0.0384422
0.0296759
0.0183325
0.00716947
0.00720511
0.0184179
0.0298073
0.0386067
0.0433212
0.0433213
0.038607
0.0298074
0.0184178
0.00720524
0.0192998
0.0523342
0.0815713
0.103996
0.116189
0.116189
0.103996
0.0815714
0.0523343
0.0192998
0.0317096
0.0852242
0.133811
0.172119
0.193568
0.193569
0.172119
0.133811
0.0852244
0.0317094
0.041488
0.111827
0.17813
0.232861
0.264767
0.264767
0.232861
0.178131
0.111827
0.0414879
0.046849
0.12681
0.204235
0.270369
0.310107
0.310107
0.270369
0.204234
0.12681
0.0468489
0.046849
0.12681
0.204234
0.270369
0.310107
0.310107
0.270369
0.204234
0.12681
0.0468489
0.0414879
0.111826
0.17813
0.232861
0.264767
0.264766
0.232861
0.17813
0.111826
0.0414879
0.0317094
0.0852242
0.133811
0.172119
0.193568
0.193568
0.172119
0.133811
0.0852243
0.0317094
0.0193
0.0523345
0.0815715
0.103996
0.116189
0.116189
0.103996
0.0815713
0.0523343
0.0192999
0.00720518
0.0184178
0.0298075
0.0386069
0.0433212
0.0433213
0.0386068
0.0298072
0.0184178
0.00720513
0.00724028
0.0185017
0.0299367
0.0387689
0.0434998
0.0434997
0.0387686
0.0299367
0.0185014
0.00724041
0.0193889
0.0525209
0.0818019
0.104231
0.116416
0.116416
0.104231
0.0818017
0.0525208
0.019389
0.0318504
0.0854608
0.134004
0.172179
0.193514
0.193514
0.172179
0.134004
0.0854609
0.0318504
0.0416662
0.112062
0.178164
0.232514
0.264103
0.264104
0.232514
0.178164
0.112062
0.041666
0.047046
0.127027
0.204113
0.269642
0.308868
0.308868
0.269642
0.204113
0.127026
0.0470459
0.0470458
0.127026
0.204113
0.269642
0.308868
0.308868
0.269642
0.204113
0.127027
0.0470459
0.0416659
0.112062
0.178164
0.232514
0.264104
0.264104
0.232514
0.178164
0.112062
0.0416659
0.0318504
0.0854609
0.134004
0.172179
0.193514
0.193514
0.172179
0.134004
0.0854606
0.0318504
0.019389
0.0525208
0.0818018
0.104231
0.116416
0.116416
0.104231
0.0818016
0.0525207
0.0193889
0.00724022
0.0185014
0.029937
0.0387689
0.0434998
0.0434996
0.0387688
0.0299367
0.0185015
0.00724023
0.00727473
0.018584
0.0300642
0.0389281
0.0436751
0.0436751
0.0389284
0.0300648
0.0185838
0.00727454
0.0194765
0.0527036
0.0820275
0.104461
0.116638
0.116638
0.104461
0.0820275
0.0527034
0.0194765
0.0319889
0.0856922
0.134192
0.172237
0.193459
0.193459
0.172237
0.134192
0.0856926
0.0319889
0.041841
0.112292
0.178195
0.232174
0.263455
0.263455
0.232174
0.178195
0.112291
0.0418408
0.0472394
0.127238
0.203992
0.26893
0.307658
0.307659
0.26893
0.203992
0.127238
0.0472395
0.0472396
0.127238
0.203992
0.26893
0.307658
0.307659
0.26893
0.203993
0.127238
0.0472395
0.0418409
0.112292
0.178195
0.232174
0.263455
0.263455
0.232174
0.178195
0.112291
0.0418408
0.031989
0.0856925
0.134192
0.172237
0.193459
0.19346
0.172237
0.134192
0.0856926
0.0319888
0.0194767
0.0527037
0.0820274
0.104461
0.116638
0.116638
0.104461
0.0820275
0.052704
0.0194766
0.00727476
0.018584
0.0300643
0.0389279
0.043675
0.0436751
0.0389279
0.0300642
0.0185839
0.00727477
0.00730875
0.0186649
0.0301891
0.0390844
0.0438474
0.0438475
0.0390847
0.0301895
0.0186649
0.00730879
0.0195626
0.0528836
0.0822489
0.104686
0.116855
0.116855
0.104686
0.0822489
0.0528838
0.0195629
0.0321251
0.0859192
0.134376
0.172292
0.193405
0.193405
0.172292
0.134376
0.0859194
0.0321249
0.0420131
0.112516
0.178224
0.23184
0.262819
0.262819
0.23184
0.178224
0.112516
0.0420129
0.0474299
0.127445
0.203873
0.268234
0.306478
0.306478
0.268234
0.203873
0.127445
0.0474298
0.0474299
0.127445
0.203873
0.268234
0.306478
0.306478
0.268234
0.203873
0.127445
0.0474297
0.0420131
0.112516
0.178225
0.23184
0.26282
0.26282
0.23184
0.178224
0.112516
0.0420129
0.0321249
0.0859197
0.134376
0.172292
0.193405
0.193405
0.172292
0.134376
0.0859198
0.032125
0.0195627
0.0528842
0.0822492
0.104686
0.116855
0.116854
0.104686
0.082249
0.052884
0.0195628
0.00730873
0.0186648
0.0301891
0.0390843
0.0438474
0.0438474
0.0390845
0.0301894
0.0186649
0.00730875
0.00734215
0.0187446
0.0303121
0.0392382
0.0440169
0.0440168
0.0392381
0.030312
0.0187443
0.00734225
0.0196473
0.0530603
0.0824657
0.104906
0.117067
0.117067
0.104906
0.0824661
0.0530607
0.0196474
0.0322588
0.0861418
0.134555
0.172345
0.19335
0.19335
0.172345
0.134555
0.086142
0.0322586
0.0421825
0.112736
0.178252
0.231512
0.262198
0.262198
0.231512
0.178252
0.112736
0.0421822
0.0476171
0.127647
0.203755
0.267553
0.305327
0.305327
0.267553
0.203755
0.127647
0.0476169
0.0476168
0.127647
0.203755
0.267553
0.305327
0.305327
0.267553
0.203755
0.127646
0.0476168
0.0421821
0.112736
0.178252
0.231512
0.262198
0.262198
0.231511
0.178251
0.112736
0.0421819
0.0322587
0.086142
0.134555
0.172345
0.19335
0.19335
0.172345
0.134555
0.0861419
0.0322587
0.0196475
0.0530605
0.0824658
0.104906
0.117067
0.117066
0.104906
0.0824658
0.0530603
0.0196475
0.00734226
0.0187445
0.0303121
0.0392383
0.0440168
0.0440167
0.0392381
0.0303122
0.0187444
0.00734216
0.00737494
0.0188227
0.0304328
0.0393891
0.0441833
0.0441829
0.0393888
0.0304331
0.0188225
0.00737494
0.0197304
0.053233
0.0826777
0.105121
0.117274
0.117274
0.105121
0.0826776
0.0532326
0.0197306
0.0323903
0.0863592
0.134729
0.172395
0.193294
0.193294
0.172395
0.134729
0.0863592
0.0323903
0.0423482
0.112951
0.178277
0.231189
0.26159
0.26159
0.231189
0.178277
0.112951
0.0423478
0.0478003
0.127844
0.203638
0.266887
0.304204
0.304204
0.266887
0.203638
0.127843
0.0478003
0.0478003
0.127844
0.203638
0.266887
0.304204
0.304204
0.266887
0.203638
0.127844
0.0478002
0.0423479
0.112951
0.178277
0.231189
0.26159
0.26159
0.231189
0.178277
0.112951
0.0423477
0.0323902
0.0863594
0.134729
0.172395
0.193295
0.193295
0.172395
0.134729
0.0863594
0.03239
0.0197305
0.0532326
0.0826775
0.105121
0.117274
0.117274
0.105121
0.0826778
0.053233
0.0197306
0.00737492
0.0188224
0.030433
0.039389
0.0441829
0.0441829
0.0393889
0.030433
0.0188227
0.007375
0.00740722
0.0188995
0.0305513
0.0395369
0.0443461
0.0443461
0.0395373
0.0305518
0.0188992
0.00740718
0.0198121
0.053402
0.0828854
0.105331
0.117476
0.117476
0.105331
0.082885
0.0534017
0.0198122
0.0325191
0.0865717
0.134898
0.172442
0.193239
0.193239
0.172443
0.134899
0.086572
0.032519
0.0425108
0.113161
0.1783
0.230872
0.260996
0.260996
0.230873
0.1783
0.113161
0.0425108
0.0479806
0.128036
0.203522
0.266236
0.303109
0.303109
0.266236
0.203523
0.128036
0.0479805
0.0479807
0.128036
0.203523
0.266236
0.303109
0.303109
0.266236
0.203523
0.128036
0.0479805
0.0425108
0.11316
0.1783
0.230873
0.260996
0.260996
0.230873
0.1783
0.113161
0.0425108
0.032519
0.0865721
0.134899
0.172442
0.193239
0.19324
0.172443
0.134899
0.0865722
0.0325189
0.0198121
0.0534022
0.0828851
0.105331
0.117476
0.117476
0.105331
0.0828853
0.0534022
0.0198122
0.00740728
0.0188995
0.0305513
0.0395369
0.0443461
0.0443462
0.0395373
0.0305515
0.0188992
0.0074072
0.00743889
0.0189747
0.0306674
0.0396824
0.0445063
0.0445064
0.0396826
0.0306676
0.0189745
0.00743888
0.0198923
0.0535686
0.0830885
0.105537
0.117674
0.117674
0.105537
0.0830886
0.0535688
0.0198926
0.0326457
0.0867803
0.135064
0.172488
0.193184
0.193184
0.172488
0.135064
0.0867804
0.0326454
0.042671
0.113366
0.178322
0.230563
0.260415
0.260415
0.230563
0.178322
0.113366
0.0426709
0.0481575
0.128223
0.203408
0.2656
0.302041
0.302041
0.2656
0.203408
0.128223
0.0481575
0.0481574
0.128223
0.203408
0.2656
0.302041
0.302041
0.2656
0.203408
0.128223
0.0481575
0.0426706
0.113365
0.178322
0.230563
0.260415
0.260415
0.230562
0.178322
0.113366
0.0426707
0.0326454
0.0867805
0.135064
0.172489
0.193184
0.193184
0.172489
0.135064
0.0867806
0.0326454
0.0198925
0.0535688
0.0830886
0.105537
0.117674
0.117674
0.105537
0.0830886
0.0535689
0.0198924
0.00743895
0.0189747
0.0306677
0.0396825
0.0445064
0.0445064
0.0396826
0.0306676
0.0189747
0.00743891
0.00746997
0.0190488
0.0307816
0.0398251
0.0446635
0.0446635
0.0398251
0.0307817
0.0190488
0.00747018
0.0199712
0.0537318
0.0832876
0.105738
0.117867
0.117867
0.105738
0.0832875
0.0537318
0.0199712
0.0327699
0.0869842
0.135225
0.172532
0.193129
0.193129
0.172532
0.135225
0.0869841
0.0327697
0.0428278
0.113566
0.178342
0.230258
0.259847
0.259847
0.230258
0.178341
0.113565
0.0428278
0.0483311
0.128406
0.203295
0.264978
0.301001
0.301001
0.264978
0.203295
0.128406
0.0483311
0.048331
0.128406
0.203295
0.264978
0.301001
0.301001
0.264978
0.203295
0.128406
0.048331
0.0428276
0.113565
0.178341
0.230258
0.259847
0.259847
0.230258
0.178342
0.113565
0.0428276
0.0327698
0.0869841
0.135225
0.172532
0.193129
0.193129
0.172532
0.135225
0.086984
0.0327696
0.0199712
0.0537315
0.0832873
0.105737
0.117867
0.117867
0.105738
0.0832872
0.0537315
0.0199711
0.00746999
0.0190487
0.0307819
0.0398253
0.0446635
0.0446635
0.0398252
0.0307817
0.0190487
0.00747004
0.00750049
0.0191212
0.0308938
0.0399649
0.0448175
0.0448175
0.039965
0.0308941
0.0191213
0.00750052
0.0200484
0.0538905
0.0834817
0.105934
0.118055
0.118055
0.105934
0.0834814
0.0538902
0.0200485
0.0328918
0.0871833
0.135382
0.172573
0.193074
0.193074
0.172573
0.135381
0.0871832
0.0328918
0.0429815
0.113761
0.17836
0.22996
0.259292
0.259292
0.229959
0.17836
0.113761
0.0429816
0.0485013
0.128585
0.203184
0.264371
0.299987
0.299987
0.264371
0.203183
0.128585
0.0485012
0.0485013
0.128585
0.203184
0.264371
0.299987
0.299987
0.264371
0.203184
0.128585
0.0485012
0.0429816
0.113761
0.17836
0.229959
0.259291
0.259292
0.22996
0.17836
0.113761
0.0429816
0.0328919
0.0871832
0.135381
0.172573
0.193074
0.193074
0.172573
0.135381
0.0871832
0.0328917
0.0200484
0.0538905
0.0834815
0.105934
0.118055
0.118055
0.105934
0.0834817
0.0538906
0.0200485
0.00750053
0.0191212
0.0308938
0.0399652
0.0448177
0.0448178
0.0399652
0.0308938
0.0191212
0.00750062
0.00753054
0.0191925
0.0310037
0.0401023
0.0449686
0.0449687
0.0401023
0.0310038
0.0191923
0.00753037
0.020124
0.0540462
0.0836717
0.106125
0.118239
0.118239
0.106125
0.0836716
0.0540463
0.0201242
0.0330112
0.0873776
0.135534
0.172612
0.193019
0.193019
0.172612
0.135534
0.0873779
0.0330112
0.0431325
0.113951
0.178376
0.229667
0.258749
0.258749
0.229667
0.178376
0.113951
0.0431325
0.0486681
0.128758
0.203073
0.263778
0.298999
0.298999
0.263778
0.203073
0.128758
0.0486682
0.0486682
0.128758
0.203073
0.263778
0.298999
0.298999
0.263778
0.203073
0.128758
0.0486682
0.0431327
0.113951
0.178376
0.229667
0.258749
0.258749
0.229667
0.178376
0.113951
0.0431326
0.0330113
0.0873779
0.135534
0.172612
0.193019
0.193019
0.172613
0.135534
0.087378
0.0330112
0.0201243
0.0540467
0.0836718
0.106126
0.118239
0.118239
0.106126
0.0836718
0.0540468
0.0201242
0.00753046
0.0191923
0.0310033
0.0401021
0.0449686
0.0449687
0.0401024
0.0310036
0.0191925
0.00753052
0.00755997
0.0192624
0.0311112
0.0402368
0.0451169
0.0451169
0.0402368
0.031111
0.0192624
0.00756
0.0201985
0.0541996
0.0838577
0.106313
0.118418
0.118418
0.106313
0.0838579
0.0542002
0.0201986
0.0331285
0.0875681
0.135682
0.17265
0.192965
0.192965
0.17265
0.135683
0.0875683
0.0331283
0.0432807
0.114137
0.178392
0.22938
0.258219
0.258219
0.22938
0.178392
0.114137
0.0432807
0.0488319
0.128928
0.202965
0.263199
0.298037
0.298037
0.263199
0.202965
0.128928
0.048832
0.0488319
0.128928
0.202965
0.263199
0.298037
0.298037
0.263199
0.202965
0.128928
0.048832
0.0432807
0.114138
0.178391
0.22938
0.258219
0.258219
0.22938
0.178391
0.114137
0.0432808
0.0331284
0.0875683
0.135682
0.17265
0.192965
0.192965
0.17265
0.135682
0.0875683
0.0331284
0.0201986
0.0542001
0.0838579
0.106313
0.118418
0.118418
0.106313
0.0838577
0.0541998
0.0201985
0.00755988
0.0192622
0.0311111
0.0402367
0.0451168
0.0451169
0.0402367
0.031111
0.0192622
0.00755991
0.00758886
0.0193308
0.0312169
0.0403687
0.045262
0.0452619
0.0403683
0.0312166
0.0193307
0.00758874
0.0202714
0.0543493
0.0840392
0.106495
0.118593
0.118593
0.106495
0.0840395
0.0543494
0.0202714
0.0332433
0.0877541
0.135826
0.172685
0.19291
0.19291
0.172685
0.135827
0.0877544
0.0332434
0.0434258
0.114319
0.178405
0.229099
0.257702
0.257702
0.229099
0.178405
0.114319
0.0434257
0.0489925
0.129093
0.202857
0.262634
0.2971
0.2971
0.262634
0.202857
0.129093
0.0489924
0.0489923
0.129093
0.202857
0.262634
0.2971
0.2971
0.262634
0.202857
0.129093
0.0489924
0.0434258
0.114319
0.178405
0.229099
0.257702
0.257702
0.229099
0.178405
0.114319
0.0434258
0.0332435
0.0877543
0.135826
0.172685
0.19291
0.19291
0.172685
0.135826
0.0877541
0.0332435
0.0202715
0.0543491
0.0840392
0.106495
0.118593
0.118593
0.106495
0.0840392
0.0543491
0.0202715
0.00758868
0.0193306
0.0312169
0.0403686
0.045262
0.045262
0.0403684
0.0312166
0.0193307
0.00758883
0.00761701
0.0193978
0.0313203
0.0404977
0.0454042
0.0454042
0.0404979
0.0313208
0.0193982
0.00761709
0.0203429
0.0544952
0.0842166
0.106673
0.118764
0.118764
0.106673
0.0842165
0.0544947
0.0203427
0.033356
0.0879358
0.135966
0.172719
0.192856
0.192856
0.172719
0.135966
0.0879355
0.033356
0.0435677
0.114496
0.178417
0.228823
0.257196
0.257196
0.228823
0.178417
0.114496
0.0435676
0.0491495
0.129254
0.202751
0.262082
0.296188
0.296188
0.262082
0.202751
0.129254
0.0491494
0.0491495
0.129254
0.202751
0.262082
0.296188
0.296188
0.262082
0.202751
0.129254
0.0491495
0.0435679
0.114496
0.178417
0.228823
0.257197
0.257196
0.228823
0.178417
0.114496
0.0435678
0.0333561
0.0879356
0.135966
0.172719
0.192856
0.192856
0.172719
0.135966
0.0879356
0.0333561
0.0203428
0.0544949
0.0842165
0.106673
0.118764
0.118764
0.106673
0.0842165
0.0544953
0.020343
0.00761713
0.0193979
0.0313202
0.0404976
0.0454041
0.0454043
0.0404978
0.0313201
0.0193979
0.0076171
0.0076448
0.0194635
0.0314215
0.0406242
0.0455436
0.0455437
0.0406245
0.0314219
0.0194636
0.00764487
0.0204129
0.0546381
0.0843899
0.106847
0.11893
0.11893
0.106847
0.0843899
0.054638
0.0204128
0.0334664
0.0881132
0.136103
0.172751
0.192802
0.192802
0.172751
0.136103
0.088113
0.0334663
0.0437071
0.114668
0.178428
0.228554
0.256703
0.256703
0.228554
0.178428
0.114669
0.043707
0.0493036
0.129411
0.202647
0.261544
0.295299
0.295299
0.261544
0.202647
0.129411
0.0493035
0.0493037
0.129411
0.202647
0.261544
0.2953
0.295299
0.261544
0.202647
0.129411
0.0493035
0.0437073
0.114669
0.178428
0.228554
0.256703
0.256703
0.228554
0.178428
0.114668
0.0437073
0.0334664
0.0881132
0.136103
0.172751
0.192802
0.192802
0.172751
0.136103
0.0881133
0.0334665
0.0204129
0.0546383
0.08439
0.106847
0.11893
0.11893
0.106847
0.08439
0.0546385
0.0204129
0.00764477
0.0194636
0.0314215
0.040624
0.0455434
0.0455436
0.0406243
0.0314215
0.0194637
0.00764478
0.00767199
0.0195281
0.0315206
0.0407482
0.0456801
0.0456802
0.0407486
0.0315209
0.0195282
0.00767198
0.0204816
0.0547789
0.0845595
0.107017
0.119093
0.119093
0.107017
0.0845597
0.054779
0.0204815
0.0335745
0.0882866
0.136236
0.172781
0.192749
0.192749
0.172782
0.136236
0.0882866
0.0335743
0.0438437
0.114837
0.178438
0.22829
0.256222
0.256222
0.22829
0.178438
0.114837
0.0438436
0.0494545
0.129564
0.202544
0.261019
0.294435
0.294435
0.261019
0.202544
0.129564
0.0494544
0.0494545
0.129564
0.202544
0.261019
0.294435
0.294435
0.261019
0.202544
0.129564
0.0494544
0.0438438
0.114837
0.178438
0.22829
0.256222
0.256222
0.22829
0.178438
0.114837
0.0438436
0.0335745
0.0882867
0.136236
0.172781
0.192749
0.192749
0.172781
0.136236
0.0882865
0.0335745
0.0204816
0.0547791
0.0845597
0.107017
0.119093
0.119093
0.107017
0.0845595
0.0547786
0.0204815
0.00767207
0.0195281
0.0315203
0.0407481
0.0456802
0.0456802
0.0407483
0.0315208
0.0195281
0.00767196
0.00769861
0.0195912
0.031618
0.0408694
0.0458136
0.0458139
0.0408696
0.031618
0.0195911
0.00769848
0.0205488
0.0549159
0.084725
0.107183
0.119251
0.119251
0.107183
0.0847249
0.0549156
0.0205487
0.0336802
0.0884558
0.136365
0.17281
0.192695
0.192695
0.17281
0.136364
0.0884557
0.0336804
0.0439772
0.115001
0.178447
0.228031
0.255752
0.255752
0.228031
0.178446
0.115001
0.0439771
0.0496022
0.129712
0.202443
0.260506
0.293593
0.293593
0.260506
0.202442
0.129712
0.0496021
0.0496021
0.129712
0.202442
0.260506
0.293593
0.293593
0.260506
0.202442
0.129712
0.049602
0.0439773
0.115001
0.178446
0.228031
0.255752
0.255752
0.228031
0.178446
0.115001
0.0439771
0.0336806
0.0884558
0.136365
0.17281
0.192695
0.192695
0.17281
0.136364
0.0884558
0.0336803
0.0205488
0.0549154
0.0847248
0.107182
0.119251
0.119251
0.107183
0.0847247
0.0549154
0.0205488
0.00769859
0.0195911
0.0316179
0.0408694
0.0458137
0.0458136
0.0408695
0.031618
0.0195913
0.0076986
0.00772472
0.019653
0.0317132
0.0409881
0.0459443
0.0459446
0.0409886
0.0317137
0.0196532
0.00772471
0.0206147
0.0550489
0.084886
0.107344
0.119405
0.119405
0.107344
0.0848859
0.0550485
0.0206143
0.0337841
0.0886207
0.136489
0.172837
0.192642
0.192642
0.172837
0.136489
0.0886205
0.033784
0.044108
0.115161
0.178454
0.227778
0.255293
0.255293
0.227778
0.178454
0.115161
0.0441078
0.0497467
0.129857
0.202342
0.260006
0.292774
0.292774
0.260006
0.202343
0.129857
0.0497466
0.0497466
0.129857
0.202343
0.260006
0.292774
0.292774
0.260006
0.202343
0.129857
0.0497466
0.044108
0.115161
0.178454
0.227778
0.255293
0.255293
0.227778
0.178454
0.115161
0.0441078
0.0337843
0.0886209
0.13649
0.172837
0.192642
0.192642
0.172837
0.13649
0.0886207
0.033784
0.0206144
0.0550491
0.0848862
0.107344
0.119405
0.119405
0.107344
0.0848862
0.0550489
0.0206145
0.00772459
0.0196531
0.0317132
0.0409881
0.0459444
0.0459445
0.0409884
0.0317131
0.0196528
0.0077247
0.00775025
0.0197133
0.0318063
0.0411044
0.0460724
0.0460726
0.0411047
0.0318065
0.0197133
0.0077502
0.020679
0.0551797
0.0850438
0.107501
0.119556
0.119556
0.107501
0.0850437
0.0551796
0.0206789
0.0338855
0.0887818
0.136611
0.172862
0.19259
0.19259
0.172863
0.136611
0.0887819
0.0338856
0.0442359
0.115316
0.17846
0.22753
0.254846
0.254846
0.227531
0.17846
0.115317
0.044236
0.0498882
0.129998
0.202244
0.259519
0.291977
0.291977
0.259519
0.202244
0.129998
0.0498882
0.0498882
0.129998
0.202244
0.259519
0.291977
0.291977
0.259519
0.202244
0.129998
0.0498882
0.0442361
0.115317
0.17846
0.22753
0.254846
0.254846
0.227531
0.17846
0.115317
0.044236
0.0338857
0.088782
0.136612
0.172863
0.19259
0.19259
0.172863
0.136612
0.0887821
0.0338856
0.020679
0.05518
0.085044
0.107502
0.119556
0.119556
0.107502
0.0850439
0.0551799
0.0206789
0.00775027
0.0197134
0.0318063
0.0411045
0.0460725
0.0460726
0.0411048
0.0318065
0.0197135
0.00775032
0.00777522
0.0197727
0.0318974
0.0412182
0.0461977
0.0461978
0.0412183
0.0318972
0.0197727
0.00777527
0.020742
0.0553083
0.085198
0.107655
0.119702
0.119702
0.107655
0.085198
0.0553085
0.020742
0.0339848
0.0889394
0.13673
0.172887
0.192538
0.192538
0.172887
0.13673
0.0889393
0.0339846
0.0443614
0.115468
0.178466
0.227288
0.25441
0.254409
0.227288
0.178465
0.115468
0.0443614
0.0500268
0.130135
0.202148
0.259043
0.291202
0.291202
0.259043
0.202147
0.130135
0.0500268
0.0500266
0.130135
0.202147
0.259043
0.291202
0.291202
0.259043
0.202147
0.130135
0.0500266
0.044361
0.115468
0.178465
0.227288
0.254409
0.254409
0.227288
0.178465
0.115468
0.0443611
0.0339846
0.0889395
0.13673
0.172887
0.192538
0.192538
0.172887
0.13673
0.0889393
0.0339847
0.020742
0.0553084
0.0851979
0.107655
0.119702
0.119702
0.107655
0.0851978
0.055308
0.020742
0.00777538
0.0197729
0.0318973
0.0412183
0.0461978
0.0461977
0.0412184
0.0318976
0.0197728
0.00777526
0.00779976
0.0198308
0.0319865
0.0413296
0.0463202
0.04632
0.0413292
0.0319864
0.0198308
0.00779982
0.0208038
0.0554333
0.0853482
0.107805
0.119845
0.119845
0.107805
0.0853479
0.0554331
0.0208039
0.0340821
0.089093
0.136845
0.17291
0.192487
0.192486
0.172909
0.136845
0.0890928
0.0340821
0.044484
0.115616
0.17847
0.227051
0.253984
0.253984
0.227051
0.17847
0.115616
0.0444841
0.0501622
0.130269
0.202052
0.25858
0.290448
0.290447
0.25858
0.202052
0.130269
0.0501623
0.050162
0.130269
0.202052
0.25858
0.290448
0.290447
0.25858
0.202052
0.130269
0.0501621
0.0444837
0.115616
0.17847
0.227051
0.253984
0.253983
0.227051
0.17847
0.115616
0.0444837
0.034082
0.089093
0.136845
0.172909
0.192486
0.192486
0.172909
0.136845
0.0890929
0.034082
0.0208037
0.0554327
0.085348
0.107805
0.119845
0.119845
0.107804
0.0853479
0.0554328
0.0208036
0.00779966
0.0198306
0.0319869
0.0413298
0.0463204
0.0463203
0.0413296
0.0319866
0.0198306
0.00779976
0.00782371
0.0198872
0.032074
0.0414385
0.04644
0.0464399
0.0414382
0.032074
0.0198874
0.00782387
0.020864
0.0555542
0.0854941
0.10795
0.119984
0.119984
0.10795
0.0854941
0.0555543
0.0208641
0.0341772
0.0892421
0.136956
0.172931
0.192435
0.192435
0.172931
0.136956
0.0892423
0.0341772
0.0446037
0.11576
0.178473
0.226819
0.253568
0.253568
0.226819
0.178473
0.115761
0.0446038
0.0502946
0.130399
0.201959
0.258128
0.289714
0.289714
0.258128
0.201959
0.130399
0.0502947
0.0502944
0.130399
0.201959
0.258128
0.289714
0.289714
0.258128
0.201959
0.130399
0.0502945
0.0446033
0.115761
0.178473
0.22682
0.253569
0.253569
0.22682
0.178473
0.115761
0.0446035
0.034177
0.0892423
0.136956
0.172931
0.192436
0.192436
0.172931
0.136956
0.0892426
0.0341771
0.0208638
0.0555541
0.0854946
0.107951
0.119984
0.119984
0.10795
0.0854944
0.0555547
0.020864
0.00782364
0.0198875
0.0320743
0.0414387
0.0464402
0.0464401
0.0414383
0.0320738
0.0198875
0.00782375
0.0078472
0.0199428
0.0321592
0.0415448
0.0465571
0.0465572
0.0415449
0.0321592
0.0199428
0.0078471
0.020923
0.0556735
0.0856372
0.108093
0.120119
0.120119
0.108093
0.0856373
0.0556737
0.0209231
0.03427
0.0893883
0.137065
0.172951
0.192385
0.192385
0.172951
0.137065
0.0893884
0.0342701
0.0447209
0.115901
0.178476
0.226593
0.253164
0.253164
0.226593
0.178476
0.115901
0.044721
0.0504242
0.130525
0.201867
0.257688
0.289
0.289
0.257688
0.201867
0.130525
0.0504243
0.0504242
0.130526
0.201867
0.257688
0.289
0.289
0.257688
0.201867
0.130525
0.0504242
0.0447209
0.115901
0.178476
0.226593
0.253164
0.253164
0.226593
0.178476
0.115901
0.0447209
0.0342702
0.0893885
0.137065
0.172952
0.192385
0.192385
0.172952
0.137065
0.0893886
0.0342701
0.020923
0.0556738
0.0856375
0.108093
0.120119
0.120119
0.108093
0.0856375
0.055674
0.0209232
0.00784715
0.0199431
0.0321594
0.0415449
0.0465574
0.0465574
0.0415449
0.0321591
0.0199429
0.00784713
0.00787016
0.0199972
0.0322427
0.041649
0.0466717
0.0466719
0.0416488
0.0322422
0.0199971
0.00787009
0.0209808
0.0557904
0.0857767
0.108231
0.120251
0.120251
0.108231
0.0857769
0.055791
0.0209811
0.034361
0.0895309
0.13717
0.172971
0.192336
0.192336
0.172971
0.13717
0.0895308
0.0343609
0.0448358
0.116038
0.178478
0.226372
0.252769
0.252769
0.226372
0.178478
0.116038
0.0448359
0.0505511
0.130648
0.201776
0.257258
0.288306
0.288306
0.257259
0.201776
0.130648
0.0505511
0.0505509
0.130648
0.201777
0.257259
0.288306
0.288306
0.257259
0.201776
0.130648
0.0505509
0.0448355
0.116038
0.178478
0.226372
0.252769
0.252769
0.226372
0.178478
0.116038
0.0448355
0.0343609
0.089531
0.13717
0.172971
0.192335
0.192336
0.172971
0.13717
0.089531
0.034361
0.020981
0.0557906
0.0857767
0.108231
0.120251
0.120251
0.108231
0.0857768
0.0557908
0.020981
0.00787008
0.0199972
0.0322427
0.0416491
0.0466719
0.0466717
0.041649
0.0322427
0.0199972
0.00787011
0.0078926
0.0200501
0.0323242
0.0417506
0.0467837
0.0467837
0.0417507
0.0323241
0.0200502
0.00789265
0.0210375
0.0559043
0.0859127
0.108366
0.120379
0.120379
0.108366
0.0859127
0.0559045
0.0210376
0.0344499
0.0896699
0.137273
0.172989
0.192286
0.192286
0.172989
0.137273
0.0896698
0.0344499
0.0449478
0.116171
0.178479
0.226155
0.252385
0.252385
0.226155
0.178479
0.116171
0.0449479
0.0506749
0.130768
0.201688
0.256841
0.287631
0.287631
0.25684
0.201688
0.130768
0.0506749
0.0506747
0.130768
0.201688
0.25684
0.287631
0.287631
0.25684
0.201688
0.130768
0.0506747
0.0449475
0.116171
0.178479
0.226155
0.252385
0.252385
0.226155
0.178479
0.116171
0.0449477
0.0344499
0.08967
0.137273
0.172989
0.192286
0.192286
0.172989
0.137273
0.0896699
0.03445
0.0210375
0.055904
0.0859128
0.108366
0.120379
0.120379
0.108366
0.0859127
0.0559041
0.0210375
0.00789262
0.0200501
0.0323243
0.0417509
0.046784
0.0467836
0.0417505
0.032324
0.0200501
0.00789267
0.00791462
0.020102
0.0324043
0.0418502
0.0468931
0.046893
0.04185
0.0324042
0.0201022
0.00791459
0.0210927
0.0560148
0.0860455
0.108498
0.120504
0.120504
0.108498
0.0860453
0.0560149
0.0210928
0.034537
0.0898054
0.137372
0.173006
0.192238
0.192238
0.173005
0.137372
0.0898054
0.034537
0.0450572
0.1163
0.17848
0.225944
0.25201
0.25201
0.225944
0.178479
0.1163
0.0450573
0.0507957
0.130885
0.201601
0.256433
0.286974
0.286974
0.256433
0.2016
0.130885
0.0507958
0.0507957
0.130885
0.201601
0.256433
0.286974
0.286974
0.256433
0.201601
0.130885
0.0507959
0.045057
0.1163
0.17848
0.225944
0.25201
0.25201
0.225944
0.17848
0.1163
0.0450572
0.0345369
0.0898052
0.137372
0.173006
0.192238
0.192238
0.173006
0.137372
0.0898054
0.0345369
0.0210927
0.0560147
0.0860454
0.108498
0.120504
0.120504
0.108498
0.0860454
0.0560148
0.0210928
0.00791468
0.0201022
0.0324042
0.0418502
0.0468933
0.0468931
0.0418501
0.0324042
0.0201018
0.00791453
0.00793609
0.0201529
0.0324821
0.0419474
0.047
0.047
0.0419471
0.032482
0.0201527
0.00793609
0.0211468
0.0561231
0.0861747
0.108626
0.120626
0.120626
0.108626
0.0861745
0.0561228
0.0211467
0.0346218
0.0899372
0.137468
0.173021
0.19219
0.19219
0.173021
0.137468
0.089937
0.0346217
0.0451642
0.116427
0.178479
0.225737
0.251644
0.251645
0.225737
0.178479
0.116427
0.0451641
0.0509141
0.130998
0.201515
0.256036
0.286336
0.286336
0.256036
0.201515
0.130998
0.0509141
0.0509142
0.130998
0.201515
0.256036
0.286336
0.286336
0.256036
0.201515
0.130998
0.0509142
0.0451642
0.116427
0.17848
0.225737
0.251645
0.251645
0.225737
0.17848
0.116427
0.0451643
0.0346218
0.0899371
0.137468
0.173022
0.19219
0.19219
0.173022
0.137469
0.0899374
0.0346218
0.0211467
0.0561232
0.0861746
0.108626
0.120626
0.120626
0.108626
0.0861747
0.0561234
0.0211468
0.00793603
0.0201529
0.032482
0.0419472
0.0470001
0.0470001
0.0419474
0.0324819
0.0201528
0.00793604
0.00795708
0.0202023
0.0325582
0.0420424
0.0471046
0.0471045
0.0420422
0.0325579
0.0202024
0.00795704
0.0211996
0.056229
0.0863007
0.108751
0.120744
0.120744
0.108751
0.086301
0.0562296
0.0211996
0.0347047
0.0900658
0.137562
0.173037
0.192142
0.192142
0.173037
0.137563
0.0900661
0.0347046
0.045269
0.116549
0.178479
0.225536
0.251289
0.251288
0.225535
0.178479
0.11655
0.045269
0.0510298
0.131108
0.201431
0.255649
0.285715
0.285715
0.255649
0.201431
0.131108
0.0510298
0.0510298
0.131108
0.201431
0.255649
0.285715
0.285715
0.255649
0.201431
0.131108
0.0510299
0.0452691
0.11655
0.178479
0.225536
0.251289
0.251289
0.225535
0.178479
0.116549
0.0452692
0.0347047
0.0900658
0.137562
0.173037
0.192142
0.192142
0.173037
0.137563
0.090066
0.0347049
0.0211994
0.0562295
0.0863009
0.10875
0.120745
0.120745
0.108751
0.086301
0.0562293
0.0211996
0.00795721
0.0202024
0.0325579
0.0420423
0.0471048
0.0471046
0.0420421
0.0325579
0.0202023
0.00795713
0.00797762
0.0202507
0.0326326
0.0421352
0.0472069
0.0472067
0.0421349
0.0326324
0.0202508
0.00797771
0.0212511
0.0563325
0.0864237
0.108872
0.12086
0.12086
0.108872
0.0864238
0.0563328
0.0212511
0.0347859
0.0901916
0.137654
0.173051
0.192096
0.192096
0.173051
0.137654
0.0901914
0.0347858
0.0453713
0.116669
0.178478
0.225339
0.250942
0.250942
0.225339
0.178478
0.116669
0.0453714
0.0511427
0.131215
0.201349
0.255273
0.285112
0.285112
0.255273
0.201349
0.131215
0.0511428
0.0511427
0.131215
0.201348
0.255273
0.285112
0.285112
0.255273
0.201349
0.131215
0.0511427
0.0453713
0.116669
0.178478
0.225338
0.250942
0.250942
0.225338
0.178478
0.116669
0.0453713
0.034786
0.0901913
0.137653
0.173051
0.192096
0.192096
0.173051
0.137653
0.0901914
0.0347861
0.0212514
0.0563326
0.0864236
0.108872
0.12086
0.12086
0.108872
0.0864237
0.0563324
0.0212511
0.00797766
0.0202507
0.0326325
0.0421352
0.0472068
0.0472066
0.0421349
0.0326325
0.0202508
0.00797756
0.0079976
0.0202977
0.0327053
0.0422258
0.0473063
0.0473063
0.0422256
0.0327054
0.0202982
0.0079977
0.0213015
0.0564327
0.0865431
0.10899
0.120972
0.120972
0.10899
0.0865434
0.0564325
0.0213014
0.034865
0.0903137
0.137742
0.173064
0.19205
0.19205
0.173064
0.137741
0.0903134
0.0348652
0.0454708
0.116786
0.178476
0.225146
0.250604
0.250604
0.225146
0.178476
0.116785
0.0454709
0.0512529
0.131319
0.201268
0.254906
0.284525
0.284526
0.254906
0.201268
0.131319
0.0512529
0.051253
0.131319
0.201268
0.254906
0.284525
0.284526
0.254906
0.201268
0.131319
0.0512529
0.0454711
0.116785
0.178476
0.225146
0.250604
0.250604
0.225146
0.178476
0.116785
0.0454709
0.0348654
0.0903136
0.137742
0.173064
0.19205
0.19205
0.173064
0.137742
0.0903135
0.0348652
0.0213015
0.0564327
0.0865432
0.10899
0.120972
0.120972
0.10899
0.0865432
0.0564328
0.0213016
0.0079977
0.020298
0.0327051
0.0422255
0.0473062
0.0473062
0.0422254
0.0327052
0.020298
0.00799765
0.00801725
0.0203441
0.0327764
0.0423141
0.0474037
0.0474039
0.0423144
0.0327769
0.0203442
0.00801726
0.0213508
0.0565307
0.08666
0.109105
0.121081
0.121081
0.109105
0.0866601
0.05653
0.0213507
0.0349426
0.0904324
0.137827
0.173076
0.192005
0.192004
0.173076
0.137827
0.090432
0.0349426
0.0455684
0.116899
0.178474
0.224958
0.250275
0.250275
0.224958
0.178474
0.116899
0.0455684
0.0513605
0.131421
0.201189
0.254549
0.283955
0.283955
0.254549
0.201189
0.131421
0.0513605
0.0513608
0.131421
0.201189
0.254549
0.283955
0.283956
0.254549
0.201189
0.131421
0.0513606
0.0455687
0.116899
0.178474
0.224958
0.250275
0.250275
0.224958
0.178474
0.116899
0.0455684
0.0349427
0.0904324
0.137827
0.173076
0.192005
0.192004
0.173076
0.137827
0.0904326
0.0349426
0.0213508
0.0565308
0.0866599
0.109105
0.121081
0.121081
0.109105
0.0866601
0.0565309
0.0213507
0.00801719
0.0203442
0.032776
0.0423137
0.0474034
0.0474036
0.0423138
0.0327762
0.0203441
0.00801719
0.00803642
0.0203892
0.0328456
0.0424003
0.0474988
0.0474989
0.0424009
0.0328459
0.0203893
0.00803641
0.0213989
0.0566268
0.0867739
0.109218
0.121188
0.121188
0.109218
0.0867739
0.0566264
0.0213987
0.035018
0.0905488
0.137911
0.173088
0.19196
0.19196
0.173088
0.137911
0.0905486
0.0350181
0.0456633
0.117009
0.178471
0.224775
0.249954
0.249954
0.224775
0.178471
0.117009
0.0456634
0.0514657
0.131519
0.201111
0.254201
0.283401
0.283401
0.254201
0.201111
0.131519
0.0514657
0.0514661
0.131519
0.201111
0.254201
0.283401
0.283401
0.254201
0.201111
0.131519
0.0514658
0.0456641
0.117009
0.178471
0.224775
0.249954
0.249954
0.224775
0.178471
0.117009
0.0456638
0.0350181
0.0905484
0.137911
0.173088
0.19196
0.19196
0.173088
0.137911
0.0905487
0.0350182
0.0213989
0.0566269
0.0867738
0.109218
0.121187
0.121188
0.109218
0.086774
0.056627
0.0213988
0.00803631
0.0203892
0.0328451
0.0423999
0.0474985
0.0474986
0.0424003
0.0328453
0.0203893
0.00803633
0.00805511
0.0204332
0.0329132
0.0424851
0.0475916
0.0475916
0.042485
0.0329131
0.0204336
0.00805507
0.0214457
0.0567206
0.0868847
0.109327
0.121291
0.121291
0.109327
0.0868846
0.0567206
0.0214457
0.0350916
0.0906618
0.137992
0.173099
0.191916
0.191916
0.173099
0.137992
0.0906619
0.0350918
0.0457565
0.117116
0.178468
0.224596
0.249642
0.249642
0.224596
0.178468
0.117116
0.0457567
0.0515686
0.131615
0.201035
0.253862
0.282862
0.282862
0.253862
0.201035
0.131615
0.0515686
0.0515688
0.131615
0.201035
0.253862
0.282862
0.282862
0.253862
0.201035
0.131615
0.0515686
0.0457569
0.117116
0.178468
0.224596
0.249642
0.249642
0.224596
0.178468
0.117116
0.0457567
0.0350918
0.0906617
0.137992
0.173099
0.191916
0.191916
0.173099
0.137992
0.0906616
0.035092
0.0214458
0.0567207
0.0868847
0.109327
0.121291
0.121291
0.109327
0.0868846
0.0567202
0.0214458
0.00805515
0.0204333
0.0329128
0.0424845
0.0475914
0.0475914
0.0424847
0.0329131
0.0204333
0.00805498
0.00807332
0.0204764
0.0329795
0.0425673
0.0476821
0.0476822
0.0425674
0.0329794
0.0204767
0.00807341
0.0214917
0.0568115
0.0869926
0.109433
0.121391
0.121391
0.109433
0.0869925
0.0568113
0.0214916
0.0351638
0.090772
0.13807
0.173109
0.191873
0.191873
0.173109
0.13807
0.0907717
0.035164
0.0458473
0.11722
0.178464
0.224421
0.249338
0.249338
0.224421
0.178465
0.11722
0.0458472
0.0516688
0.131708
0.20096
0.253533
0.282339
0.282339
0.253532
0.20096
0.131708
0.0516686
0.0516689
0.131708
0.20096
0.253533
0.282339
0.282339
0.253532
0.20096
0.131708
0.0516688
0.0458475
0.11722
0.178465
0.224421
0.249338
0.249338
0.224421
0.178465
0.117221
0.0458474
0.0351641
0.0907716
0.13807
0.173109
0.191873
0.191873
0.173109
0.13807
0.0907717
0.035164
0.0214917
0.0568115
0.0869926
0.109433
0.121391
0.121391
0.109433
0.0869925
0.0568112
0.0214916
0.0080733
0.0204763
0.0329791
0.0425669
0.047682
0.0476822
0.0425672
0.0329794
0.0204764
0.00807335
0.00809124
0.0205183
0.0330437
0.0426471
0.0477702
0.0477705
0.0426475
0.0330443
0.0205187
0.00809114
0.0215366
0.0569001
0.0870977
0.109536
0.121489
0.121489
0.109536
0.0870976
0.0568992
0.0215361
0.0352343
0.090879
0.138146
0.173118
0.19183
0.19183
0.173118
0.138146
0.0908784
0.0352345
0.045936
0.117322
0.178461
0.224251
0.249042
0.249042
0.224251
0.178461
0.117322
0.0459359
0.0517665
0.131798
0.200887
0.253212
0.28183
0.28183
0.253212
0.200887
0.131799
0.0517665
0.0517667
0.131798
0.200887
0.253211
0.28183
0.28183
0.253212
0.200887
0.131799
0.0517668
0.0459361
0.117322
0.178461
0.224251
0.249042
0.249042
0.224251
0.178461
0.117322
0.045936
0.0352343
0.0908785
0.138146
0.173118
0.19183
0.19183
0.173119
0.138146
0.0908788
0.0352343
0.0215364
0.0568999
0.0870976
0.109536
0.121489
0.121489
0.109536
0.0870975
0.0568999
0.0215364
0.00809108
0.0205183
0.0330436
0.0426471
0.0477702
0.0477706
0.0426475
0.0330438
0.0205184
0.00809114
0.00810875
0.0205593
0.0331067
0.0427257
0.0478565
0.0478567
0.042726
0.033107
0.0205596
0.00810859
0.0215801
0.0569866
0.0872002
0.109637
0.121584
0.121584
0.109637
0.0872
0.0569861
0.02158
0.0353028
0.0909834
0.13822
0.173127
0.191788
0.191789
0.173127
0.13822
0.0909831
0.035303
0.0460223
0.117421
0.178457
0.224085
0.248754
0.248754
0.224085
0.178457
0.117421
0.0460222
0.0518619
0.131886
0.200816
0.252899
0.281335
0.281335
0.252899
0.200816
0.131886
0.051862
0.0518621
0.131886
0.200816
0.252899
0.281335
0.281335
0.252899
0.200816
0.131887
0.0518623
0.0460224
0.117421
0.178457
0.224085
0.248754
0.248754
0.224085
0.178457
0.117421
0.0460225
0.0353029
0.090983
0.13822
0.173127
0.191789
0.191789
0.173127
0.13822
0.0909831
0.035303
0.02158
0.0569865
0.0872001
0.109637
0.121584
0.121584
0.109637
0.0871999
0.0569866
0.02158
0.00810861
0.0205593
0.0331064
0.0427255
0.0478565
0.0478568
0.0427259
0.0331066
0.0205594
0.00810859
0.0081255
0.0205994
0.0331681
0.0428022
0.0479406
0.0479411
0.0428027
0.0331681
0.0205993
0.00812552
0.0216227
0.0570713
0.0873001
0.109735
0.121677
0.121677
0.109735
0.0872999
0.0570717
0.0216227
0.0353697
0.0910851
0.138292
0.173136
0.191748
0.191748
0.173136
0.138292
0.0910852
0.0353696
0.0461064
0.117517
0.178453
0.223923
0.248473
0.248473
0.223923
0.178453
0.117517
0.0461066
0.0519551
0.131972
0.200746
0.252595
0.280855
0.280855
0.252595
0.200746
0.131972
0.0519551
0.0519553
0.131972
0.200746
0.252595
0.280855
0.280855
0.252595
0.200746
0.131972
0.0519552
0.046107
0.117517
0.178452
0.223923
0.248473
0.248473
0.223923
0.178452
0.117517
0.0461068
0.0353698
0.0910849
0.138292
0.173136
0.191748
0.191747
0.173136
0.138292
0.0910851
0.03537
0.0216227
0.0570716
0.0872999
0.109735
0.121677
0.121677
0.109735
0.0872998
0.0570714
0.0216227
0.00812565
0.0205994
0.0331677
0.0428022
0.0479407
0.0479409
0.0428023
0.0331679
0.0205994
0.00812564
0.00814213
0.0206384
0.0332276
0.0428766
0.0480227
0.048023
0.0428772
0.0332279
0.0206387
0.00814221
0.0216644
0.0571539
0.0873973
0.10983
0.121767
0.121767
0.10983
0.0873971
0.0571539
0.0216643
0.0354353
0.0911845
0.138362
0.173144
0.191707
0.191707
0.173143
0.138362
0.0911842
0.0354351
0.0461891
0.11761
0.178448
0.223765
0.2482
0.2482
0.223764
0.178448
0.11761
0.046189
0.0520461
0.132055
0.200677
0.252299
0.280388
0.280388
0.252299
0.200677
0.132055
0.0520459
0.0520461
0.132055
0.200677
0.252299
0.280388
0.280388
0.252299
0.200677
0.132055
0.052046
0.0461891
0.11761
0.178448
0.223764
0.2482
0.2482
0.223764
0.178448
0.11761
0.0461889
0.0354352
0.0911842
0.138362
0.173143
0.191707
0.191707
0.173143
0.138362
0.0911843
0.0354351
0.0216643
0.057154
0.0873972
0.10983
0.121767
0.121767
0.10983
0.0873971
0.0571536
0.0216642
0.00814211
0.0206386
0.0332278
0.042877
0.048023
0.0480229
0.042877
0.0332279
0.0206385
0.00814216
0.00815841
0.0206765
0.0332862
0.0429495
0.0481028
0.0481029
0.0429496
0.0332862
0.0206765
0.00815833
0.0217049
0.0572337
0.0874916
0.109923
0.121855
0.121855
0.109923
0.0874914
0.0572336
0.0217049
0.035499
0.0912807
0.138429
0.173151
0.191668
0.191668
0.17315
0.138429
0.0912804
0.0354991
0.0462691
0.117701
0.178443
0.22361
0.247934
0.247934
0.22361
0.178443
0.117701
0.0462691
0.0521346
0.132136
0.20061
0.252011
0.279934
0.279934
0.252011
0.20061
0.132136
0.0521345
0.0521345
0.132136
0.20061
0.252011
0.279934
0.279934
0.252011
0.20061
0.132136
0.0521345
0.046269
0.117701
0.178443
0.22361
0.247934
0.247934
0.22361
0.178443
0.117701
0.0462691
0.035499
0.0912803
0.138429
0.17315
0.191667
0.191668
0.17315
0.138429
0.0912805
0.0354989
0.0217047
0.0572333
0.0874914
0.109923
0.121854
0.121854
0.109923
0.0874916
0.0572336
0.0217049
0.00815833
0.0206766
0.0332865
0.0429496
0.0481029
0.0481029
0.0429497
0.0332864
0.0206765
0.0081584
0.00817416
0.0207136
0.0333434
0.0430207
0.0481807
0.0481807
0.0430204
0.0333433
0.0207136
0.00817413
0.0217446
0.0573115
0.087584
0.110013
0.12194
0.12194
0.110013
0.0875835
0.0573111
0.0217444
0.0355613
0.091374
0.138495
0.173157
0.191629
0.191629
0.173157
0.138495
0.091374
0.0355614
0.0463474
0.117789
0.178438
0.22346
0.247675
0.247675
0.22346
0.178438
0.11779
0.0463475
0.052221
0.132214
0.200544
0.251731
0.279493
0.279493
0.251731
0.200545
0.132214
0.052221
0.0522209
0.132214
0.200544
0.251731
0.279493
0.279493
0.251731
0.200545
0.132214
0.0522209
0.0463473
0.117789
0.178438
0.22346
0.247675
0.247675
0.22346
0.178438
0.117789
0.0463473
0.0355612
0.091374
0.138495
0.173157
0.191629
0.191629
0.173157
0.138495
0.0913741
0.0355612
0.0217444
0.0573113
0.0875837
0.110013
0.12194
0.12194
0.110013
0.0875837
0.0573116
0.0217445
0.00817411
0.0207138
0.0333437
0.0430208
0.0481811
0.0481811
0.0430205
0.0333433
0.0207137
0.00817415
0.00818956
0.0207501
0.033399
0.0430897
0.0482569
0.0482571
0.0430897
0.0333988
0.0207498
0.0081895
0.021783
0.0573876
0.0876736
0.110101
0.122022
0.122023
0.110101
0.0876734
0.0573878
0.0217831
0.0356218
0.0914654
0.138558
0.173163
0.191591
0.191591
0.173163
0.138559
0.0914656
0.0356218
0.0464237
0.117875
0.178433
0.223313
0.247423
0.247423
0.223313
0.178433
0.117875
0.0464237
0.0523053
0.13229
0.20048
0.251458
0.279064
0.279064
0.251458
0.20048
0.13229
0.0523054
0.0523052
0.13229
0.20048
0.251458
0.279064
0.279064
0.251458
0.20048
0.13229
0.0523053
0.0464236
0.117875
0.178433
0.223313
0.247423
0.247423
0.223313
0.178433
0.117875
0.0464238
0.0356218
0.0914656
0.138559
0.173163
0.191591
0.191591
0.173163
0.138558
0.0914657
0.0356218
0.0217829
0.0573877
0.0876735
0.110101
0.122023
0.122022
0.110101
0.0876733
0.0573879
0.021783
0.00818952
0.0207503
0.0333993
0.0430901
0.0482572
0.0482572
0.04309
0.0333987
0.02075
0.00818972
0.0082046
0.0207853
0.0334532
0.0431574
0.0483314
0.0483311
0.0431569
0.033453
0.0207852
0.00820462
0.0218207
0.0574621
0.0877609
0.110186
0.122103
0.122103
0.110187
0.087761
0.0574626
0.0218208
0.0356808
0.0915544
0.13862
0.173169
0.191553
0.191553
0.173169
0.138621
0.0915545
0.0356808
0.0464984
0.117959
0.178428
0.22317
0.247178
0.247178
0.223171
0.178428
0.117959
0.0464986
0.0523877
0.132364
0.200418
0.251193
0.278648
0.278648
0.251193
0.200418
0.132365
0.0523878
0.0523874
0.132364
0.200418
0.251193
0.278648
0.278648
0.251193
0.200418
0.132365
0.0523874
0.0464981
0.117959
0.178427
0.223171
0.247178
0.247178
0.223171
0.178427
0.117959
0.0464981
0.0356809
0.0915548
0.138621
0.173169
0.191553
0.191553
0.173169
0.13862
0.0915546
0.0356808
0.0218208
0.0574621
0.0877608
0.110187
0.122103
0.122103
0.110186
0.0877606
0.0574623
0.0218208
0.00820464
0.0207854
0.0334534
0.0431579
0.0483317
0.0483314
0.0431572
0.0334529
0.0207852
0.0082046
0.00821925
0.0208198
0.033506
0.0432233
0.0484039
0.0484036
0.0432228
0.0335057
0.0208197
0.00821932
0.0218576
0.0575346
0.0878458
0.110269
0.122181
0.122181
0.11027
0.0878459
0.0575347
0.0218574
0.0357387
0.091641
0.13868
0.173174
0.191516
0.191516
0.173175
0.13868
0.0916409
0.0357384
0.0465712
0.11804
0.178422
0.223031
0.24694
0.24694
0.223031
0.178422
0.11804
0.0465715
0.052468
0.132436
0.200356
0.250935
0.278243
0.278244
0.250935
0.200356
0.132436
0.0524681
0.0524675
0.132436
0.200356
0.250935
0.278243
0.278244
0.250935
0.200356
0.132436
0.0524676
0.0465706
0.11804
0.178422
0.223031
0.246939
0.24694
0.223031
0.178422
0.11804
0.0465707
0.0357387
0.0916414
0.138681
0.173175
0.191517
0.191516
0.173174
0.13868
0.0916413
0.0357387
0.0218576
0.0575343
0.0878458
0.11027
0.122181
0.122181
0.110269
0.0878458
0.0575346
0.0218576
0.00821929
0.0208199
0.0335063
0.0432238
0.0484041
0.0484035
0.0432231
0.0335062
0.0208198
0.00821934
0.00823352
0.0208534
0.0335578
0.0432876
0.0484745
0.0484743
0.0432872
0.0335574
0.0208533
0.0082336
0.0218933
0.0576044
0.0879283
0.11035
0.122257
0.122257
0.11035
0.0879284
0.0576047
0.0218936
0.0357952
0.0917248
0.138738
0.173179
0.191481
0.19148
0.173179
0.138738
0.0917251
0.0357951
0.0466421
0.118119
0.178416
0.222895
0.246707
0.246707
0.222895
0.178416
0.118119
0.046642
0.052546
0.132506
0.200296
0.250684
0.27785
0.277851
0.250684
0.200296
0.132506
0.0525461
0.0525458
0.132506
0.200296
0.250684
0.27785
0.27785
0.250684
0.200296
0.132506
0.0525457
0.0466416
0.118119
0.178416
0.222895
0.246707
0.246707
0.222895
0.178416
0.118119
0.0466415
0.035795
0.0917249
0.138738
0.173179
0.19148
0.19148
0.173179
0.138739
0.0917255
0.0357949
0.0218933
0.0576042
0.0879282
0.11035
0.122257
0.122257
0.11035
0.0879286
0.0576046
0.0218933
0.0082336
0.0208535
0.0335581
0.0432879
0.0484746
0.0484743
0.0432872
0.0335576
0.0208533
0.00823347
0.00824756
0.0208864
0.0336082
0.0433501
0.0485434
0.048543
0.0433497
0.0336077
0.020886
0.00824765
0.0219283
0.0576725
0.088009
0.110429
0.122331
0.122331
0.110429
0.0880087
0.0576731
0.0219284
0.03585
0.0918063
0.138794
0.173184
0.191445
0.191445
0.173184
0.138795
0.0918068
0.0358499
0.0467108
0.118196
0.17841
0.222763
0.246482
0.246481
0.222763
0.17841
0.118195
0.0467108
0.052622
0.132574
0.200238
0.25044
0.277468
0.277469
0.250439
0.200238
0.132574
0.0526222
0.0526218
0.132574
0.200238
0.250439
0.277469
0.277469
0.25044
0.200238
0.132574
0.0526219
0.0467103
0.118196
0.17841
0.222763
0.246481
0.246482
0.222763
0.17841
0.118196
0.0467104
0.0358496
0.091807
0.138795
0.173184
0.191445
0.191445
0.173184
0.138795
0.0918073
0.0358498
0.021928
0.0576725
0.0880087
0.110429
0.122332
0.122332
0.110429
0.0880091
0.0576732
0.0219283
0.0082476
0.0208863
0.0336085
0.0433504
0.0485434
0.0485431
0.0433498
0.033608
0.0208862
0.00824758
0.00826111
0.0209182
0.0336571
0.0434111
0.0486102
0.04861
0.0434106
0.0336565
0.020918
0.00826108
0.0219622
0.0577393
0.0880874
0.110505
0.122403
0.122403
0.110505
0.0880871
0.05774
0.0219626
0.0359032
0.0918862
0.13885
0.173188
0.191411
0.191411
0.173188
0.13885
0.0918865
0.0359032
0.0467782
0.11827
0.178404
0.222634
0.246262
0.246262
0.222634
0.178405
0.11827
0.0467783
0.0526964
0.13264
0.20018
0.250202
0.277098
0.277098
0.250202
0.20018
0.13264
0.0526966
0.052696
0.13264
0.20018
0.250202
0.277098
0.277098
0.250202
0.20018
0.13264
0.0526962
0.0467776
0.118271
0.178405
0.222634
0.246262
0.246262
0.222634
0.178405
0.118271
0.0467776
0.0359032
0.091887
0.13885
0.173188
0.191411
0.191411
0.173188
0.13885
0.0918873
0.035903
0.0219623
0.0577397
0.0880869
0.110505
0.122403
0.122403
0.110505
0.0880873
0.0577404
0.0219624
0.00826109
0.0209181
0.0336573
0.0434114
0.0486104
0.0486099
0.0434107
0.0336567
0.020918
0.00826111
0.00827447
0.0209494
0.0337048
0.0434704
0.0486756
0.0486753
0.0434699
0.0337043
0.0209492
0.00827445
0.0219955
0.0578048
0.0881637
0.11058
0.122473
0.122473
0.11058
0.088164
0.0578057
0.0219955
0.0359555
0.0919641
0.138903
0.173192
0.191377
0.191377
0.173192
0.138903
0.0919645
0.0359552
0.0468438
0.118343
0.178399
0.222508
0.246048
0.246048
0.222509
0.178399
0.118343
0.0468439
0.0527688
0.132704
0.200124
0.249971
0.276737
0.276737
0.249971
0.200125
0.132704
0.052769
0.0527685
0.132704
0.200124
0.249971
0.276737
0.276737
0.249971
0.200125
0.132704
0.0527685
0.0468431
0.118343
0.178399
0.222508
0.246048
0.246048
0.222509
0.178399
0.118343
0.0468432
0.0359551
0.0919649
0.138903
0.173192
0.191377
0.191377
0.173192
0.138903
0.0919648
0.0359552
0.0219955
0.0578051
0.0881633
0.110579
0.122473
0.122473
0.11058
0.0881636
0.0578055
0.0219957
0.00827443
0.0209495
0.0337049
0.0434708
0.0486758
0.0486754
0.0434701
0.0337046
0.0209493
0.00827443
0.0082873
0.0209798
0.0337512
0.0435282
0.0487393
0.048739
0.0435279
0.0337508
0.0209793
0.00828737
0.0220281
0.0578683
0.0882379
0.110652
0.122541
0.122541
0.110652
0.0882379
0.0578686
0.022028
0.0360064
0.0920395
0.138955
0.173195
0.191344
0.191344
0.173196
0.138955
0.0920398
0.036006
0.0469079
0.118414
0.178393
0.222386
0.24584
0.24584
0.222386
0.178393
0.118414
0.0469079
0.0528393
0.132766
0.20007
0.249746
0.276387
0.276387
0.249746
0.20007
0.132766
0.0528395
0.052839
0.132767
0.20007
0.249746
0.276387
0.276387
0.249746
0.20007
0.132766
0.0528389
0.0469071
0.118414
0.178393
0.222386
0.24584
0.24584
0.222386
0.178393
0.118414
0.0469071
0.036006
0.0920404
0.138955
0.173195
0.191344
0.191344
0.173195
0.138955
0.0920404
0.0360059
0.0220279
0.0578683
0.0882374
0.110652
0.122541
0.122541
0.110652
0.0882377
0.0578685
0.0220279
0.00828731
0.0209794
0.0337513
0.0435286
0.0487394
0.048739
0.0435279
0.0337509
0.0209794
0.00828727
0.00829995
0.0210092
0.0337966
0.0435849
0.0488015
0.0488013
0.0435846
0.0337963
0.021009
0.00830002
0.0220595
0.0579294
0.0883102
0.110722
0.122607
0.122607
0.110722
0.0883097
0.0579298
0.0220595
0.0360559
0.0921127
0.139004
0.173198
0.191311
0.191311
0.173199
0.139005
0.0921133
0.0360556
0.0469699
0.118482
0.178387
0.222267
0.245638
0.245638
0.222267
0.178386
0.118482
0.0469697
0.0529079
0.132827
0.200016
0.249527
0.276047
0.276047
0.249527
0.200016
0.132827
0.0529078
0.0529077
0.132827
0.200016
0.249527
0.276047
0.276047
0.249527
0.200016
0.132827
0.0529075
0.0469694
0.118482
0.178387
0.222267
0.245638
0.245638
0.222267
0.178386
0.118482
0.0469693
0.0360556
0.0921132
0.139005
0.173198
0.191311
0.191311
0.173198
0.139004
0.0921137
0.0360555
0.0220595
0.0579296
0.0883095
0.110722
0.122607
0.122607
0.110722
0.0883099
0.0579301
0.0220594
0.00829993
0.0210091
0.0337967
0.0435849
0.0488014
0.0488011
0.0435846
0.0337964
0.021009
0.00829989
0.00831215
0.0210381
0.0338409
0.0436398
0.0488619
0.0488616
0.0436396
0.0338407
0.0210379
0.00831209
0.0220902
0.0579894
0.0883804
0.11079
0.122672
0.122671
0.11079
0.0883799
0.0579898
0.0220902
0.0361041
0.092184
0.139053
0.173201
0.191279
0.191279
0.173201
0.139053
0.0921847
0.0361037
0.0470304
0.118549
0.17838
0.222151
0.245441
0.245441
0.222151
0.17838
0.118549
0.0470301
0.0529747
0.132886
0.199964
0.249315
0.275716
0.275716
0.249315
0.199964
0.132886
0.0529748
0.0529745
0.132886
0.199964
0.249315
0.275716
0.275716
0.249315
0.199964
0.132886
0.0529745
0.0470299
0.118549
0.17838
0.222151
0.245441
0.245441
0.222151
0.178381
0.118549
0.04703
0.0361037
0.092185
0.139053
0.173201
0.191279
0.191279
0.173202
0.139053
0.0921853
0.0361037
0.02209
0.0579895
0.0883797
0.11079
0.122671
0.122672
0.11079
0.0883801
0.0579901
0.0220902
0.00831217
0.0210379
0.0338409
0.0436396
0.0488616
0.0488613
0.0436391
0.0338404
0.0210379
0.00831219
0.00832416
0.0210661
0.033884
0.0436934
0.0489208
0.0489203
0.0436927
0.0338834
0.0210659
0.00832417
0.0221198
0.0580475
0.0884487
0.110857
0.122734
0.122734
0.110857
0.0884485
0.0580484
0.0221201
0.0361509
0.0922536
0.1391
0.173204
0.191248
0.191248
0.173204
0.139101
0.0922544
0.0361506
0.0470894
0.118614
0.178374
0.222038
0.245249
0.24525
0.222038
0.178374
0.118613
0.0470892
0.0530399
0.132943
0.199913
0.249108
0.275395
0.275395
0.249108
0.199913
0.132943
0.0530399
0.0530398
0.132943
0.199914
0.249108
0.275395
0.275395
0.249108
0.199914
0.132943
0.0530397
0.047089
0.118614
0.178375
0.222038
0.24525
0.245249
0.222038
0.178375
0.118614
0.047089
0.0361505
0.0922548
0.139101
0.173204
0.191248
0.191248
0.173204
0.139101
0.0922547
0.0361504
0.02212
0.0580483
0.0884482
0.110857
0.122734
0.122734
0.110857
0.0884486
0.0580487
0.02212
0.00832423
0.0210659
0.0338837
0.0436931
0.0489203
0.0489201
0.0436928
0.0338835
0.021066
0.00832423
0.00833578
0.0210933
0.0339256
0.0437455
0.0489782
0.0489777
0.0437448
0.0339253
0.0210934
0.0083358
0.0221492
0.058105
0.0885152
0.110922
0.122795
0.122795
0.110922
0.0885156
0.0581061
0.0221492
0.0361965
0.0923216
0.139146
0.173207
0.191218
0.191218
0.173207
0.139147
0.0923223
0.0361961
0.0471472
0.118677
0.178369
0.221928
0.245063
0.245063
0.221928
0.178368
0.118677
0.0471468
0.0531033
0.132999
0.199864
0.248907
0.275083
0.275083
0.248907
0.199864
0.132998
0.0531034
0.0531032
0.132999
0.199864
0.248907
0.275083
0.275083
0.248907
0.199864
0.132998
0.0531033
0.0471464
0.118677
0.178369
0.221928
0.245063
0.245063
0.221928
0.178369
0.118677
0.0471467
0.0361961
0.0923226
0.139147
0.173207
0.191218
0.191218
0.173207
0.139146
0.0923223
0.0361962
0.0221493
0.058106
0.0885149
0.110921
0.122794
0.122794
0.110921
0.088515
0.0581059
0.0221493
0.00833575
0.0210932
0.0339251
0.0437451
0.0489776
0.0489774
0.0437448
0.0339252
0.0210933
0.00833586
0.0083472
0.0211201
0.0339663
0.0437959
0.0490337
0.0490332
0.0437954
0.0339659
0.0211201
0.00834724
0.0221777
0.0581606
0.0885799
0.110984
0.122854
0.122854
0.110985
0.08858
0.0581616
0.0221776
0.0362412
0.0923874
0.139191
0.173209
0.191188
0.191188
0.173209
0.139191
0.0923879
0.0362406
0.0472032
0.118738
0.178362
0.22182
0.244882
0.244882
0.22182
0.178362
0.118738
0.0472028
0.0531652
0.133052
0.199815
0.248711
0.27478
0.27478
0.248711
0.199815
0.133052
0.053165
0.0531648
0.133052
0.199815
0.248712
0.27478
0.27478
0.248711
0.199815
0.133052
0.053165
0.0472024
0.118738
0.178362
0.22182
0.244882
0.244882
0.22182
0.178362
0.118738
0.0472026
0.0362405
0.0923884
0.139191
0.173209
0.191188
0.191188
0.173209
0.139191
0.0923882
0.0362408
0.0221777
0.0581614
0.0885797
0.110984
0.122853
0.122853
0.110984
0.0885798
0.0581612
0.0221778
0.00834724
0.0211198
0.0339658
0.0437958
0.0490333
0.049033
0.0437953
0.0339659
0.0211199
0.00834717
0.0083583
0.0211459
0.0340061
0.0438453
0.0490879
0.0490876
0.0438451
0.034006
0.0211461
0.00835832
0.0222054
0.0582143
0.0886429
0.111045
0.122911
0.122911
0.111045
0.0886426
0.0582149
0.0222054
0.0362845
0.0924514
0.139234
0.173211
0.191159
0.191159
0.173211
0.139234
0.092452
0.0362842
0.0472574
0.118798
0.178356
0.221716
0.244706
0.244706
0.221716
0.178356
0.118797
0.047257
0.0532251
0.133105
0.199768
0.248521
0.274486
0.274486
0.248521
0.199768
0.133105
0.053225
0.0532249
0.133105
0.199768
0.248521
0.274486
0.274486
0.248521
0.199768
0.133105
0.0532251
0.0472569
0.118798
0.178356
0.221716
0.244706
0.244706
0.221716
0.178356
0.118798
0.047257
0.0362842
0.0924525
0.139234
0.173211
0.191159
0.191159
0.173211
0.139234
0.0924521
0.0362841
0.0222054
0.058215
0.0886426
0.111045
0.122911
0.122911
0.111045
0.0886424
0.0582147
0.0222053
0.00835824
0.021146
0.0340058
0.0438449
0.0490874
0.0490875
0.0438449
0.0340056
0.0211457
0.00835825
0.00836896
0.021171
0.0340446
0.0438933
0.0491404
0.0491404
0.0438936
0.0340449
0.0211711
0.008369
0.0222321
0.0582665
0.0887038
0.111105
0.122967
0.122967
0.111105
0.0887038
0.0582666
0.0222322
0.0363265
0.0925136
0.139275
0.173213
0.191131
0.191131
0.173213
0.139276
0.0925137
0.0363265
0.0473101
0.118855
0.17835
0.221614
0.244535
0.244535
0.221614
0.17835
0.118855
0.0473101
0.0532835
0.133156
0.199722
0.248336
0.2742
0.2742
0.248336
0.199722
0.133155
0.0532834
0.0532834
0.133156
0.199722
0.248336
0.2742
0.2742
0.248337
0.199722
0.133156
0.0532833
0.0473097
0.118855
0.17835
0.221614
0.244535
0.244535
0.221614
0.17835
0.118855
0.0473097
0.0363263
0.0925145
0.139276
0.173213
0.191131
0.191131
0.173213
0.139276
0.0925143
0.0363262
0.0222323
0.058267
0.0887031
0.111104
0.122966
0.122967
0.111105
0.0887035
0.0582671
0.0222323
0.00836898
0.0211709
0.0340446
0.0438936
0.0491407
0.0491403
0.0438932
0.0340444
0.0211709
0.00836913
0.00837964
0.0211956
0.0340823
0.0439405
0.049192
0.0491918
0.04394
0.0340822
0.0211955
0.00837966
0.0222584
0.0583174
0.088763
0.111162
0.12302
0.123021
0.111163
0.0887632
0.0583174
0.0222583
0.0363676
0.092574
0.139316
0.173214
0.191103
0.191103
0.173215
0.139316
0.0925741
0.0363673
0.0473617
0.118911
0.178344
0.221515
0.244368
0.244368
0.221515
0.178344
0.118911
0.0473616
0.0533401
0.133205
0.199677
0.248157
0.273922
0.273923
0.248157
0.199677
0.133205
0.0533402
0.0533403
0.133205
0.199677
0.248157
0.273923
0.273923
0.248157
0.199677
0.133205
0.0533402
0.0473616
0.118912
0.178344
0.221515
0.244368
0.244369
0.221516
0.178344
0.118911
0.0473614
0.0363674
0.0925746
0.139316
0.173214
0.191103
0.191103
0.173215
0.139317
0.0925747
0.0363672
0.0222585
0.0583175
0.088762
0.111162
0.12302
0.123021
0.111163
0.0887632
0.0583181
0.0222585
0.00837957
0.0211956
0.0340822
0.0439405
0.0491925
0.0491919
0.0439398
0.0340819
0.0211956
0.00837962
0.00838986
0.0212195
0.034119
0.0439858
0.0492421
0.0492417
0.043985
0.0341185
0.0212196
0.00839
0.0222841
0.0583672
0.0888203
0.111218
0.123073
0.123073
0.111219
0.0888212
0.0583678
0.022284
0.0364073
0.0926333
0.139356
0.173216
0.191076
0.191076
0.173216
0.139356
0.0926334
0.0364071
0.0474118
0.118966
0.178338
0.221419
0.244206
0.244206
0.221419
0.178338
0.118966
0.0474114
0.0533953
0.133253
0.199634
0.247982
0.273653
0.273653
0.247982
0.199633
0.133253
0.0533951
0.0533955
0.133253
0.199634
0.247982
0.273653
0.273653
0.247982
0.199634
0.133253
0.0533954
0.047412
0.118966
0.178339
0.221419
0.244206
0.244207
0.221419
0.178338
0.118966
0.0474116
0.0364072
0.0926335
0.139356
0.173216
0.191076
0.191076
0.173216
0.139356
0.0926334
0.0364069
0.022284
0.0583675
0.08882
0.111218
0.123073
0.123073
0.111219
0.0888212
0.058368
0.022284
0.00838972
0.0212192
0.0341188
0.0439857
0.0492418
0.0492415
0.0439851
0.0341185
0.0212194
0.00838977
0.00839996
0.0212427
0.0341543
0.0440297
0.0492904
0.0492901
0.0440293
0.0341539
0.0212427
0.00839999
0.022309
0.0584157
0.0888769
0.111273
0.123124
0.123124
0.111273
0.0888778
0.0584165
0.0223086
0.0364459
0.0926904
0.139394
0.173217
0.191049
0.191049
0.173218
0.139395
0.0926904
0.0364454
0.0474604
0.119019
0.178333
0.221325
0.244049
0.244049
0.221325
0.178333
0.119019
0.0474603
0.0534489
0.1333
0.199591
0.247812
0.273391
0.273391
0.247812
0.199591
0.1333
0.0534489
0.0534491
0.1333
0.199591
0.247812
0.273391
0.273391
0.247813
0.199591
0.1333
0.0534489
0.0474605
0.119019
0.178333
0.221326
0.244049
0.244049
0.221326
0.178333
0.119019
0.0474603
0.0364462
0.0926909
0.139395
0.173218
0.191049
0.191049
0.173218
0.139395
0.0926904
0.0364458
0.022309
0.0584153
0.0888768
0.111273
0.123124
0.123124
0.111273
0.0888775
0.0584161
0.022309
0.00839993
0.0212423
0.034154
0.0440294
0.0492902
0.0492899
0.0440291
0.034154
0.0212424
0.0083998
0.00840952
0.0212651
0.0341889
0.0440728
0.0493374
0.049337
0.044072
0.0341886
0.0212652
0.00840968
0.022333
0.0584628
0.0889315
0.111326
0.123174
0.123174
0.111326
0.0889323
0.058463
0.0223333
0.0364834
0.0927462
0.139432
0.173219
0.191023
0.191024
0.173219
0.139432
0.092746
0.0364834
0.0475075
0.119071
0.178327
0.221234
0.243896
0.243896
0.221234
0.178327
0.11907
0.0475074
0.0535008
0.133345
0.199549
0.247647
0.273137
0.273136
0.247647
0.19955
0.133345
0.0535007
0.0535006
0.133345
0.19955
0.247647
0.273136
0.273137
0.247647
0.199549
0.133345
0.0535007
0.0475074
0.119071
0.178327
0.221234
0.243896
0.243896
0.221234
0.178327
0.119071
0.0475074
0.0364841
0.0927467
0.139432
0.173219
0.191023
0.191024
0.173219
0.139432
0.0927463
0.0364837
0.0223332
0.0584622
0.0889311
0.111326
0.123174
0.123174
0.111326
0.0889318
0.0584625
0.0223331
0.00840949
0.021265
0.0341888
0.0440726
0.0493374
0.0493371
0.0440721
0.0341888
0.0212652
0.0084096
0.0084191
0.0212872
0.0342228
0.0441147
0.0493834
0.0493828
0.044114
0.0342223
0.021287
0.00841907
0.0223563
0.0585075
0.0889839
0.111377
0.123222
0.123222
0.111378
0.088985
0.058508
0.0223564
0.0365201
0.0928003
0.139468
0.17322
0.190998
0.190998
0.17322
0.139468
0.0928
0.03652
0.047553
0.119121
0.178321
0.221145
0.243747
0.243747
0.221145
0.178321
0.11912
0.047553
0.0535507
0.133389
0.199509
0.247487
0.272889
0.272889
0.247487
0.199509
0.133389
0.0535506
0.0535506
0.133389
0.199509
0.247487
0.272889
0.272889
0.247487
0.199509
0.133389
0.0535505
0.047553
0.119121
0.178321
0.221145
0.243747
0.243747
0.221146
0.178321
0.119121
0.0475529
0.0365206
0.0928007
0.139468
0.17322
0.190998
0.190998
0.17322
0.139468
0.0928003
0.0365204
0.0223563
0.058507
0.0889834
0.111376
0.123222
0.123222
0.111377
0.0889843
0.0585075
0.0223563
0.00841916
0.0212871
0.0342226
0.0441148
0.0493835
0.0493828
0.0441139
0.0342224
0.0212871
0.00841907
0.00842841
0.0213083
0.0342555
0.0441557
0.0494279
0.0494272
0.0441545
0.0342549
0.0213082
0.00842838
0.0223788
0.0585508
0.0890346
0.111426
0.123269
0.123269
0.111427
0.089036
0.0585514
0.0223789
0.0365554
0.0928526
0.139504
0.173221
0.190974
0.190974
0.173221
0.139503
0.0928524
0.0365553
0.0475969
0.119169
0.178316
0.221059
0.243602
0.243602
0.221059
0.178316
0.119169
0.0475968
0.0535987
0.133432
0.19947
0.247331
0.272649
0.272649
0.247331
0.19947
0.133432
0.0535988
0.0535987
0.133432
0.19947
0.247331
0.272649
0.272649
0.247331
0.19947
0.133432
0.0535987
0.0475967
0.119169
0.178316
0.221059
0.243602
0.243602
0.22106
0.178316
0.119169
0.0475967
0.0365555
0.0928531
0.139504
0.173221
0.190974
0.190974
0.173221
0.139504
0.0928529
0.0365554
0.0223791
0.0585513
0.0890349
0.111426
0.123269
0.123269
0.111427
0.0890355
0.0585513
0.0223789
0.00842821
0.021308
0.034255
0.0441554
0.049428
0.0494273
0.0441546
0.034255
0.0213082
0.0084284
0.00843728
0.0213287
0.0342863
0.0441946
0.0494708
0.0494701
0.0441936
0.0342858
0.0213287
0.00843742
0.0224011
0.0585943
0.0890855
0.111474
0.123314
0.123315
0.111476
0.0890863
0.0585949
0.0224011
0.036589
0.092903
0.139538
0.173222
0.19095
0.19095
0.173222
0.139538
0.0929036
0.0365889
0.0476387
0.119216
0.178311
0.220975
0.243461
0.243462
0.220976
0.178311
0.119216
0.0476388
0.0536448
0.133473
0.199432
0.247179
0.272416
0.272416
0.24718
0.199432
0.133473
0.0536448
0.0536447
0.133473
0.199432
0.24718
0.272416
0.272416
0.24718
0.199432
0.133473
0.0536446
0.0476388
0.119217
0.178311
0.220976
0.243462
0.243462
0.220976
0.178311
0.119217
0.0476386
0.0365888
0.0929032
0.139538
0.173223
0.19095
0.19095
0.173223
0.139539
0.0929038
0.036589
0.0224011
0.058595
0.0890856
0.111474
0.123314
0.123315
0.111476
0.0890863
0.0585945
0.0224011
0.00843743
0.0213286
0.0342858
0.0441943
0.0494705
0.0494698
0.0441936
0.0342862
0.0213287
0.00843745
0.00844622
0.0213487
0.0343162
0.0442315
0.0495114
0.0495107
0.0442308
0.0343157
0.0213487
0.00844627
0.0224224
0.0586376
0.0891361
0.111523
0.123359
0.123359
0.111523
0.0891359
0.0586375
0.0224222
0.0366205
0.0929518
0.139571
0.173223
0.190926
0.190927
0.173224
0.139572
0.0929526
0.0366208
0.0476791
0.119262
0.178305
0.220894
0.243325
0.243325
0.220894
0.178306
0.119262
0.047679
0.0536885
0.133514
0.199395
0.247033
0.27219
0.27219
0.247033
0.199395
0.133514
0.0536884
0.0536884
0.133514
0.199395
0.247033
0.27219
0.27219
0.247033
0.199395
0.133514
0.0536884
0.0476792
0.119262
0.178306
0.220894
0.243325
0.243325
0.220895
0.178306
0.119262
0.0476792
0.0366204
0.0929518
0.139572
0.173224
0.190927
0.190927
0.173224
0.139572
0.0929527
0.0366207
0.0224222
0.0586381
0.0891364
0.111523
0.123359
0.123359
0.111523
0.0891354
0.0586372
0.0224223
0.00844607
0.0213485
0.034316
0.0442314
0.0495113
0.0495108
0.0442311
0.0343163
0.0213486
0.00844631
0.00845498
0.0213676
0.0343445
0.0442666
0.0495502
0.0495501
0.0442664
0.0343448
0.0213678
0.00845494
0.0224427
0.0586783
0.0891853
0.11157
0.123403
0.123403
0.11157
0.0891849
0.0586785
0.0224429
0.0366512
0.0929995
0.139603
0.173225
0.190904
0.190904
0.173225
0.139604
0.0929998
0.0366513
0.0477166
0.119307
0.178301
0.220815
0.243192
0.243192
0.220815
0.178301
0.119307
0.0477168
0.05373
0.133553
0.199359
0.24689
0.27197
0.27197
0.24689
0.199359
0.133553
0.0537298
0.05373
0.133553
0.199359
0.24689
0.27197
0.27197
0.24689
0.19936
0.133553
0.05373
0.0477165
0.119307
0.178301
0.220815
0.243192
0.243192
0.220815
0.178301
0.119307
0.0477168
0.036651
0.0929993
0.139603
0.173225
0.190904
0.190904
0.173225
0.139604
0.0929997
0.0366513
0.0224429
0.0586785
0.0891857
0.111571
0.123403
0.123403
0.11157
0.0891849
0.0586785
0.0224428
0.00845482
0.0213676
0.0343448
0.0442667
0.0495502
0.0495501
0.0442666
0.0343449
0.0213677
0.00845497
0.00846334
0.021386
0.0343724
0.0443001
0.0495869
0.0495868
0.0442998
0.0343725
0.0213861
0.00846337
0.0224625
0.0587175
0.089233
0.111617
0.123446
0.123446
0.111617
0.0892332
0.0587176
0.0224623
0.0366809
0.0930467
0.139636
0.173225
0.190882
0.190883
0.173226
0.139636
0.0930466
0.0366808
0.0477523
0.119351
0.178297
0.220738
0.243063
0.243063
0.220738
0.178297
0.119351
0.0477521
0.0537686
0.133591
0.199325
0.246751
0.271756
0.271756
0.246751
0.199325
0.133591
0.0537684
0.0537685
0.133591
0.199325
0.246751
0.271756
0.271756
0.246751
0.199325
0.133591
0.0537684
0.047752
0.119351
0.178297
0.220738
0.243063
0.243063
0.220739
0.178297
0.119351
0.0477521
0.0366807
0.0930466
0.139636
0.173225
0.190882
0.190883
0.173227
0.139636
0.0930468
0.036681
0.0224628
0.0587175
0.089233
0.111617
0.123446
0.123446
0.111617
0.089233
0.0587176
0.0224626
0.00846362
0.021386
0.0343724
0.0443003
0.0495871
0.049587
0.0443
0.0343723
0.021386
0.00846348
0.00847283
0.0214045
0.0343991
0.0443314
0.0496218
0.0496216
0.0443313
0.0343989
0.0214046
0.00847265
0.0224813
0.0587553
0.0892784
0.111661
0.123488
0.123487
0.111661
0.0892784
0.0587552
0.0224812
0.0367087
0.0930924
0.139667
0.173226
0.190861
0.190861
0.173226
0.139667
0.0930924
0.0367086
0.0477852
0.119392
0.178293
0.220664
0.242938
0.242938
0.220664
0.178294
0.119392
0.0477853
0.0538045
0.133629
0.199292
0.246617
0.271549
0.271549
0.246617
0.199292
0.133629
0.0538044
0.0538044
0.133629
0.199292
0.246617
0.271549
0.271549
0.246617
0.199292
0.133629
0.0538044
0.0477851
0.119391
0.178293
0.220664
0.242938
0.242938
0.220664
0.178294
0.119392
0.0477853
0.0367087
0.0930925
0.139668
0.173226
0.190861
0.190862
0.173227
0.139667
0.0930925
0.0367088
0.0224814
0.0587552
0.0892783
0.111661
0.123488
0.123488
0.111662
0.0892784
0.0587553
0.0224815
0.0084732
0.0214047
0.0343991
0.0443319
0.0496219
0.0496217
0.0443316
0.0343992
0.0214046
0.00847295
0.0084823
0.0214234
0.0344253
0.044362
0.0496539
0.0496539
0.0443618
0.0344253
0.0214237
0.0084822
0.022499
0.0587914
0.0893227
0.111705
0.123528
0.123528
0.111705
0.089323
0.0587918
0.022499
0.0367346
0.0931368
0.1397
0.17323
0.190841
0.190841
0.17323
0.1397
0.0931368
0.0367345
0.0478159
0.119433
0.17829
0.220592
0.242816
0.242816
0.220592
0.17829
0.119433
0.047816
0.0538371
0.133665
0.19926
0.246486
0.271348
0.271348
0.246486
0.199261
0.133665
0.053837
0.053837
0.133665
0.199261
0.246486
0.271347
0.271348
0.246486
0.19926
0.133665
0.053837
0.0478158
0.119433
0.17829
0.220593
0.242816
0.242816
0.220593
0.17829
0.119434
0.047816
0.0367347
0.093137
0.1397
0.17323
0.190842
0.190841
0.17323
0.139699
0.0931367
0.0367347
0.0224992
0.0587916
0.0893231
0.111704
0.123528
0.123528
0.111705
0.0893229
0.0587915
0.0224992
0.00848289
0.0214238
0.0344255
0.0443622
0.0496545
0.0496544
0.0443619
0.0344252
0.0214235
0.00848302
0.00849236
0.0214423
0.0344508
0.0443905
0.0496848
0.0496843
0.0443901
0.0344506
0.0214424
0.00849211
0.0225159
0.0588265
0.0893665
0.111747
0.123567
0.123567
0.111747
0.0893667
0.0588269
0.0225159
0.0367582
0.0931796
0.13973
0.173233
0.190823
0.190823
0.173233
0.13973
0.0931794
0.0367582
0.0478435
0.119473
0.178286
0.220522
0.242698
0.242698
0.220522
0.178286
0.119473
0.0478434
0.0538662
0.133701
0.19923
0.246359
0.271152
0.271152
0.24636
0.199231
0.1337
0.053866
0.0538661
0.133701
0.199231
0.24636
0.271152
0.271152
0.24636
0.199231
0.1337
0.0538659
0.0478433
0.119473
0.178287
0.220522
0.242698
0.242698
0.220522
0.178286
0.119473
0.0478435
0.0367583
0.0931794
0.13973
0.173233
0.190823
0.190823
0.173234
0.13973
0.0931796
0.0367584
0.022516
0.0588268
0.0893661
0.111747
0.123567
0.123567
0.111747
0.0893664
0.0588265
0.022516
0.00849304
0.0214421
0.0344499
0.044391
0.0496846
0.0496845
0.0443905
0.0344501
0.0214423
0.00849303
0.00850311
0.0214607
0.0344762
0.0444176
0.0497131
0.0497127
0.0444174
0.0344766
0.021461
0.0085027
0.0225318
0.0588605
0.0894098
0.111788
0.123605
0.123605
0.111788
0.0894104
0.0588608
0.0225316
0.0367796
0.0932211
0.139761
0.173236
0.190804
0.190804
0.173236
0.139762
0.0932211
0.0367793
0.0478674
0.119512
0.178284
0.220454
0.242583
0.242583
0.220455
0.178285
0.119512
0.0478674
0.053891
0.133736
0.199202
0.246237
0.270962
0.270962
0.246237
0.199202
0.133735
0.0538909
0.0538909
0.133735
0.199202
0.246237
0.270963
0.270962
0.246237
0.199202
0.133735
0.0538908
0.0478672
0.119512
0.178285
0.220455
0.242584
0.242583
0.220455
0.178285
0.119512
0.0478673
0.0367794
0.0932208
0.139761
0.173236
0.190804
0.190805
0.173236
0.139761
0.0932209
0.0367795
0.022532
0.0588607
0.0894098
0.111789
0.123605
0.123605
0.111788
0.0894098
0.0588604
0.0225319
0.00850325
0.0214606
0.0344753
0.0444173
0.0497125
0.0497124
0.0444174
0.0344759
0.0214609
0.0085033
0.00851401
0.0214794
0.0345004
0.044442
0.0497384
0.0497379
0.044442
0.0345013
0.0214797
0.00851342
0.0225465
0.0588935
0.0894526
0.111829
0.123643
0.123643
0.111828
0.089453
0.0588941
0.0225463
0.036798
0.093261
0.139792
0.17324
0.190787
0.190787
0.17324
0.139793
0.0932611
0.0367976
0.0478872
0.11955
0.178284
0.22039
0.242472
0.242472
0.22039
0.178285
0.11955
0.0478872
0.053911
0.13377
0.199176
0.246119
0.270778
0.270778
0.246119
0.199176
0.133769
0.0539109
0.0539109
0.133769
0.199176
0.246119
0.270778
0.270778
0.246119
0.199176
0.133769
0.0539109
0.0478871
0.11955
0.178285
0.22039
0.242472
0.242473
0.22039
0.178284
0.119551
0.0478874
0.0367975
0.0932607
0.139792
0.17324
0.190787
0.190787
0.17324
0.139793
0.0932612
0.0367979
0.0225464
0.058893
0.0894526
0.111829
0.123643
0.123643
0.111829
0.0894529
0.0588932
0.0225464
0.00851391
0.0214786
0.0345005
0.0444423
0.0497379
0.0497378
0.0444424
0.0345012
0.0214792
0.00851401
0.00852504
0.0214978
0.0345231
0.0444642
0.0497599
0.0497598
0.0444646
0.0345246
0.021498
0.00852456
0.0225633
0.0589281
0.0894948
0.111868
0.12368
0.12368
0.111867
0.0894954
0.0589285
0.0225625
0.0368129
0.0932993
0.139824
0.173244
0.190771
0.190771
0.173244
0.139825
0.0932996
0.0368122
0.0479024
0.119587
0.178284
0.220328
0.242364
0.242364
0.220328
0.178285
0.119587
0.0479024
0.0539255
0.133803
0.199151
0.246004
0.270599
0.2706
0.246004
0.199152
0.133803
0.0539256
0.0539255
0.133803
0.199152
0.246004
0.2706
0.2706
0.246004
0.199151
0.133803
0.0539255
0.0479024
0.119587
0.178285
0.220328
0.242365
0.242365
0.220328
0.178285
0.119587
0.0479024
0.0368129
0.0932993
0.139824
0.173244
0.190771
0.190771
0.173245
0.139825
0.0932999
0.0368128
0.0225627
0.0589272
0.0894953
0.111868
0.12368
0.12368
0.111868
0.0894953
0.0589281
0.0225631
0.00852506
0.0214971
0.0345242
0.0444642
0.0497597
0.0497596
0.0444643
0.0345246
0.0214979
0.00852523
0.00853657
0.0215164
0.0345444
0.0444836
0.049778
0.0497784
0.0444848
0.034546
0.0215166
0.00853574
0.0225787
0.0589621
0.0895363
0.111907
0.123716
0.123716
0.111907
0.089537
0.0589628
0.0225778
0.036824
0.0933369
0.139857
0.173251
0.190756
0.190756
0.173251
0.139858
0.093337
0.0368234
0.0479124
0.119623
0.178286
0.220268
0.24226
0.24226
0.220268
0.178287
0.119623
0.0479123
0.053934
0.133836
0.199129
0.245894
0.270426
0.270426
0.245894
0.19913
0.133836
0.053934
0.053934
0.133836
0.199129
0.245894
0.270426
0.270426
0.245894
0.19913
0.133836
0.053934
0.0479123
0.119623
0.178287
0.220268
0.24226
0.24226
0.220268
0.178286
0.119623
0.0479125
0.0368237
0.0933365
0.139857
0.173251
0.190756
0.190756
0.173251
0.139857
0.0933373
0.036824
0.0225786
0.0589615
0.0895369
0.111907
0.123716
0.123716
0.111907
0.0895371
0.0589624
0.0225788
0.00853635
0.0215153
0.0345455
0.0444839
0.0497778
0.0497782
0.0444845
0.0345459
0.0215162
0.00853668
0.00854831
0.0215342
0.0345642
0.044501
0.0497927
0.0497929
0.0445021
0.0345659
0.0215351
0.00854724
0.022593
0.0589958
0.0895785
0.111948
0.123751
0.123751
0.111948
0.0895794
0.0589965
0.0225921
0.0368318
0.0933739
0.13989
0.17326
0.190743
0.190743
0.17326
0.139891
0.0933743
0.0368319
0.0479161
0.119658
0.17829
0.220211
0.242159
0.242159
0.220212
0.178291
0.119658
0.047916
0.0539353
0.133869
0.19911
0.245788
0.270258
0.270258
0.245788
0.199111
0.133868
0.0539352
0.0539355
0.133868
0.19911
0.245788
0.270258
0.270258
0.245788
0.19911
0.133869
0.0539353
0.0479163
0.119658
0.178291
0.220211
0.242159
0.242159
0.220212
0.17829
0.119658
0.0479163
0.0368319
0.0933737
0.13989
0.173259
0.190743
0.190743
0.17326
0.13989
0.0933742
0.036832
0.0225929
0.0589955
0.089579
0.111948
0.123752
0.123752
0.111948
0.0895791
0.0589957
0.022593
0.00854791
0.0215332
0.0345651
0.0445011
0.0497926
0.0497928
0.0445018
0.0345659
0.0215343
0.00854843
0.00856049
0.0215509
0.0345831
0.0445151
0.0498028
0.0498033
0.044516
0.0345846
0.021553
0.00855937
0.0226056
0.0590281
0.0896212
0.111986
0.123787
0.123787
0.111985
0.0896216
0.0590297
0.0226049
0.0368403
0.0934141
0.139925
0.173269
0.190731
0.19073
0.173268
0.139927
0.0934146
0.0368402
0.0479133
0.119692
0.178297
0.220158
0.242061
0.242061
0.220157
0.178298
0.119691
0.0479131
0.0539289
0.133901
0.199093
0.245686
0.270095
0.270095
0.245686
0.199094
0.1339
0.0539286
0.053929
0.133901
0.199093
0.245686
0.270095
0.270095
0.245685
0.199093
0.133901
0.0539287
0.0479134
0.119692
0.178296
0.220157
0.242061
0.242062
0.220158
0.178296
0.119693
0.0479136
0.0368408
0.0934138
0.139925
0.173269
0.19073
0.190731
0.17327
0.139925
0.0934143
0.0368407
0.0226058
0.059028
0.0896213
0.111986
0.123787
0.123787
0.111987
0.0896215
0.0590288
0.0226063
0.0085602
0.0215512
0.0345835
0.0445152
0.049803
0.0498031
0.0445159
0.0345849
0.0215525
0.00856106
0.0085732
0.0215682
0.034601
0.0445297
0.0498081
0.0498083
0.0445304
0.0346024
0.0215712
0.00857241
0.0226165
0.0590598
0.0896638
0.112025
0.123823
0.123823
0.112025
0.0896645
0.0590621
0.0226164
0.0368443
0.0934542
0.139965
0.173277
0.19072
0.19072
0.173277
0.139966
0.0934544
0.0368439
0.0479059
0.119728
0.178307
0.220106
0.241967
0.241966
0.220106
0.178308
0.119728
0.0479062
0.0539131
0.133933
0.19908
0.245587
0.269936
0.269936
0.245587
0.199081
0.133932
0.0539131
0.0539134
0.133932
0.19908
0.245588
0.269936
0.269936
0.245587
0.19908
0.133933
0.0539133
0.0479066
0.119728
0.178306
0.220106
0.241967
0.241967
0.220106
0.178306
0.119729
0.0479064
0.0368447
0.0934537
0.139963
0.173277
0.19072
0.190721
0.173279
0.139964
0.0934541
0.0368448
0.0226175
0.0590606
0.0896636
0.112026
0.123823
0.123823
0.112027
0.0896642
0.0590615
0.0226179
0.00857309
0.0215692
0.034601
0.0445294
0.0498082
0.0498084
0.0445307
0.0346023
0.0215707
0.00857406
0.00858676
0.0215855
0.0346168
0.0445432
0.0498127
0.0498131
0.0445439
0.0346179
0.0215887
0.00858623
0.0226262
0.0590913
0.089707
0.112067
0.123864
0.123864
0.112067
0.0897074
0.0590938
0.0226264
0.0368429
0.0934937
0.140006
0.173288
0.190711
0.190711
0.173287
0.140007
0.0934938
0.0368425
0.047894
0.119767
0.178319
0.220058
0.241875
0.241875
0.220058
0.17832
0.119767
0.0478942
0.0538946
0.133971
0.19907
0.245494
0.269783
0.269783
0.245494
0.199071
0.13397
0.0538947
0.0538952
0.133971
0.19907
0.245494
0.269783
0.269783
0.245494
0.19907
0.133971
0.0538949
0.0478951
0.119767
0.178318
0.220058
0.241875
0.241876
0.220058
0.178318
0.119768
0.0478947
0.0368439
0.0934931
0.140004
0.173288
0.190711
0.190712
0.173289
0.140005
0.0934938
0.0368437
0.0226275
0.0590922
0.0897066
0.112067
0.123863
0.123864
0.112068
0.0897072
0.0590931
0.0226276
0.00858682
0.021587
0.0346164
0.0445426
0.0498129
0.0498132
0.044544
0.034618
0.0215886
0.00858775
0.00860106
0.0216032
0.0346306
0.0445525
0.0498138
0.0498142
0.0445533
0.0346316
0.0216065
0.00860051
0.0226337
0.0591224
0.0897507
0.112109
0.123906
0.123906
0.112109
0.0897513
0.0591246
0.0226337
0.0368353
0.0935331
0.14005
0.173301
0.190704
0.190703
0.173301
0.140051
0.0935333
0.0368348
0.0478735
0.119807
0.178335
0.220015
0.241787
0.241787
0.220015
0.178335
0.119807
0.0478737
0.0538667
0.13401
0.199064
0.245405
0.269634
0.269634
0.245405
0.199065
0.13401
0.0538668
0.053867
0.13401
0.199064
0.245404
0.269634
0.269634
0.245405
0.199064
0.134011
0.0538669
0.0478747
0.119807
0.178334
0.220014
0.241788
0.241788
0.220015
0.178334
0.119808
0.0478742
0.0368366
0.0935323
0.140048
0.173301
0.190704
0.190705
0.173302
0.140049
0.0935337
0.0368362
0.0226351
0.0591233
0.08975
0.112109
0.123906
0.123906
0.11211
0.0897508
0.0591244
0.022635
0.00860132
0.0216049
0.0346299
0.0445517
0.0498138
0.0498144
0.0445536
0.0346317
0.0216069
0.00860184
0.00861571
0.0216206
0.0346416
0.0445574
0.0498093
0.0498098
0.0445584
0.0346429
0.0216241
0.00861496
0.0226384
0.0591558
0.0897983
0.112153
0.123949
0.123949
0.112153
0.089797
0.0591563
0.0226384
0.0368209
0.0935725
0.140097
0.173319
0.190699
0.190698
0.173318
0.140097
0.0935723
0.0368199
0.0478435
0.119847
0.178353
0.219976
0.241703
0.241702
0.219975
0.178354
0.119847
0.0478434
0.0538274
0.134051
0.199062
0.24532
0.269491
0.269491
0.24532
0.199063
0.13405
0.0538275
0.053828
0.134051
0.199062
0.24532
0.269491
0.269491
0.24532
0.199062
0.134052
0.0538279
0.0478448
0.119847
0.178352
0.219975
0.241703
0.241703
0.219976
0.178352
0.119848
0.0478445
0.0368223
0.093572
0.140095
0.173318
0.190698
0.190699
0.173319
0.140096
0.0935732
0.0368219
0.0226399
0.059156
0.0897964
0.112153
0.123949
0.123949
0.112154
0.0897973
0.0591575
0.0226397
0.00861581
0.0216225
0.0346413
0.0445571
0.0498095
0.04981
0.0445589
0.0346433
0.0216248
0.00861629
0.00863092
0.0216378
0.0346503
0.0445579
0.0497985
0.0497989
0.0445588
0.0346515
0.021642
0.00863024
0.0226406
0.0591915
0.0898505
0.112203
0.123993
0.123993
0.112203
0.0898498
0.0591921
0.0226409
0.0367992
0.0936132
0.140145
0.173339
0.190694
0.190694
0.173338
0.140146
0.093613
0.0367983
0.0478028
0.119888
0.178376
0.21994
0.241621
0.241621
0.219939
0.178377
0.119888
0.0478027
0.0537761
0.134092
0.199065
0.245241
0.269352
0.269351
0.245241
0.199066
0.134091
0.0537761
0.0537768
0.134092
0.199065
0.24524
0.269352
0.269352
0.245241
0.199065
0.134093
0.0537767
0.0478042
0.119888
0.178375
0.219939
0.241622
0.241622
0.219941
0.178375
0.119889
0.0478039
0.0368005
0.0936124
0.140144
0.173338
0.190695
0.190695
0.173339
0.140145
0.0936136
0.0367999
0.0226421
0.0591915
0.0898501
0.112203
0.123993
0.123994
0.112203
0.0898499
0.0591929
0.022642
0.00863095
0.0216403
0.0346501
0.0445574
0.0497987
0.0497993
0.0445594
0.0346519
0.0216422
0.0086315
0.00864684
0.0216553
0.0346564
0.0445537
0.0497813
0.0497816
0.044554
0.0346591
0.0216595
0.00864599
0.0226401
0.0592281
0.0899063
0.112256
0.124039
0.124039
0.112255
0.0899062
0.0592286
0.0226404
0.0367696
0.0936545
0.140196
0.173361
0.190695
0.190694
0.173359
0.140196
0.0936544
0.036769
0.0477508
0.11993
0.178404
0.219906
0.241542
0.241542
0.219905
0.178405
0.11993
0.0477506
0.0537118
0.134134
0.199073
0.245165
0.269216
0.269216
0.245166
0.199074
0.134134
0.053712
0.0537125
0.134134
0.199073
0.245165
0.269217
0.269217
0.245165
0.199073
0.134135
0.0537126
0.0477523
0.119929
0.178402
0.219905
0.241543
0.241544
0.219907
0.178402
0.119931
0.0477523
0.0367711
0.0936544
0.140196
0.173361
0.190695
0.190695
0.173362
0.140197
0.0936552
0.0367706
0.0226418
0.0592277
0.0899068
0.112256
0.124039
0.12404
0.112256
0.0899068
0.0592293
0.0226412
0.00864675
0.0216573
0.034658
0.0445529
0.0497813
0.0497818
0.0445547
0.0346597
0.0216597
0.00864717
0.00866289
0.0216717
0.0346636
0.0445441
0.049757
0.0497574
0.0445443
0.0346662
0.0216761
0.00866196
0.0226361
0.0592646
0.0899662
0.112311
0.124087
0.124087
0.11231
0.0899663
0.0592647
0.0226368
0.0367319
0.0937012
0.140255
0.173383
0.190699
0.190698
0.173382
0.140255
0.0937007
0.0367312
0.0476868
0.119975
0.17844
0.219875
0.241467
0.241466
0.219874
0.178441
0.119975
0.0476863
0.0536345
0.134178
0.199086
0.245096
0.269086
0.269086
0.245096
0.199087
0.134178
0.0536346
0.053635
0.134178
0.199085
0.245095
0.269086
0.269087
0.245095
0.199085
0.134179
0.0536353
0.0476884
0.119975
0.178438
0.219875
0.241468
0.241469
0.219876
0.178438
0.119976
0.0476885
0.0367337
0.0937005
0.140255
0.173384
0.190699
0.1907
0.173385
0.140256
0.0937019
0.0367333
0.0226383
0.0592635
0.089967
0.112311
0.124087
0.124088
0.112311
0.0899666
0.0592649
0.0226378
0.00866292
0.0216741
0.0346654
0.0445434
0.0497572
0.0497576
0.0445449
0.034667
0.0216761
0.00866306
0.0086791
0.0216875
0.0346678
0.0445287
0.0497255
0.0497258
0.0445286
0.0346702
0.021692
0.00867814
0.0226285
0.0593004
0.0900283
0.112374
0.124137
0.124137
0.112374
0.0900284
0.0593
0.0226292
0.0366856
0.0937479
0.140317
0.173414
0.190707
0.190706
0.173413
0.140317
0.0937472
0.0366847
0.0476101
0.120026
0.178486
0.219848
0.241395
0.241393
0.219847
0.178486
0.120026
0.0476097
0.0535432
0.134231
0.19911
0.245031
0.26896
0.26896
0.245031
0.199111
0.134231
0.0535435
0.0535438
0.13423
0.199109
0.24503
0.26896
0.26896
0.24503
0.199109
0.13423
0.0535441
0.0476122
0.120026
0.178483
0.219848
0.241396
0.241396
0.219849
0.178483
0.120027
0.0476123
0.0366875
0.0937467
0.140318
0.173415
0.190707
0.190708
0.173417
0.140318
0.0937481
0.0366872
0.022631
0.0592984
0.0900283
0.112374
0.124137
0.124137
0.112374
0.0900285
0.0592999
0.0226304
0.00867924
0.0216898
0.0346693
0.0445284
0.0497259
0.0497262
0.0445296
0.0346709
0.0216917
0.0086795
0.00869493
0.0217019
0.0346689
0.0445085
0.0496872
0.0496874
0.0445076
0.0346712
0.0217064
0.0086941
0.0226171
0.0593354
0.0900919
0.112442
0.124189
0.12419
0.112443
0.0900922
0.0593346
0.0226178
0.0366306
0.0937947
0.140383
0.17345
0.190718
0.190718
0.173448
0.140383
0.0937936
0.0366294
0.0475217
0.120079
0.178536
0.219825
0.241326
0.241324
0.219824
0.178536
0.120078
0.047521
0.0534385
0.134287
0.199141
0.24497
0.268838
0.268838
0.24497
0.199143
0.134287
0.0534389
0.0534392
0.134286
0.19914
0.244969
0.268838
0.268839
0.244969
0.19914
0.134286
0.0534395
0.0475236
0.120077
0.178533
0.219825
0.241327
0.241329
0.219826
0.178533
0.120079
0.047524
0.0366325
0.0937929
0.140384
0.173451
0.190719
0.19072
0.173453
0.140385
0.0937942
0.0366324
0.0226197
0.0593323
0.0900917
0.112442
0.12419
0.12419
0.112442
0.0900919
0.0593339
0.0226193
0.00869553
0.0217042
0.0346704
0.0445078
0.0496874
0.0496875
0.0445086
0.0346717
0.0217057
0.00869559
0.00871035
0.0217151
0.0346667
0.0444822
0.0496418
0.0496418
0.0444805
0.0346687
0.0217192
0.00870933
0.0226015
0.0593697
0.0901564
0.112512
0.124244
0.124244
0.112512
0.0901568
0.0593682
0.0226021
0.0365666
0.0938412
0.140452
0.173488
0.190733
0.190732
0.173486
0.140452
0.09384
0.0365654
0.0474212
0.120131
0.17859
0.219805
0.241261
0.24126
0.219802
0.17859
0.120131
0.0474206
0.0533208
0.134343
0.199177
0.244913
0.26872
0.268719
0.244911
0.199179
0.134344
0.0533213
0.0533213
0.134342
0.199175
0.244913
0.26872
0.26872
0.244912
0.199175
0.134342
0.053322
0.0474236
0.12013
0.178586
0.219806
0.241262
0.241263
0.219807
0.178586
0.12013
0.0474239
0.0365687
0.0938386
0.140453
0.173491
0.190733
0.190735
0.173492
0.140453
0.09384
0.0365687
0.0226044
0.0593656
0.090156
0.112512
0.124245
0.124245
0.112512
0.0901563
0.059367
0.0226039
0.00871135
0.0217173
0.0346679
0.0444815
0.0496423
0.0496421
0.0444816
0.0346692
0.0217179
0.0087107
0.00872471
0.0217271
0.0346616
0.0444506
0.0495903
0.0495899
0.0444476
0.0346626
0.02173
0.00872339
0.0225814
0.0594023
0.0902219
0.112583
0.124305
0.124306
0.112582
0.0902222
0.0594005
0.0225819
0.0364941
0.0938869
0.140523
0.173529
0.190755
0.190754
0.173527
0.140522
0.0938856
0.036493
0.0473099
0.120183
0.178647
0.219786
0.2412
0.2412
0.219783
0.178647
0.120183
0.0473093
0.053191
0.134399
0.199218
0.244859
0.268606
0.268605
0.244857
0.19922
0.1344
0.0531917
0.0531917
0.134398
0.199215
0.244861
0.268607
0.268607
0.24486
0.199214
0.134398
0.0531924
0.0473122
0.120181
0.178643
0.21979
0.241201
0.241202
0.219791
0.178642
0.120181
0.0473129
0.0364963
0.0938836
0.140525
0.173533
0.190755
0.190756
0.173534
0.140525
0.0938843
0.0364968
0.0225847
0.0593978
0.0902214
0.112582
0.124305
0.124305
0.112581
0.0902215
0.0593987
0.0225842
0.00872559
0.0217289
0.0346629
0.0444501
0.049591
0.0495901
0.0444486
0.034663
0.0217287
0.00872516
0.0087372
0.0217384
0.0346544
0.044413
0.0495331
0.0495323
0.0444095
0.0346531
0.0217385
0.00873578
0.0225574
0.059433
0.0902874
0.112653
0.124367
0.124367
0.112651
0.0902877
0.0594317
0.0225571
0.0364136
0.0939311
0.140596
0.173573
0.19078
0.190779
0.173569
0.140594
0.0939299
0.0364124
0.0471886
0.120235
0.178706
0.219771
0.241143
0.241142
0.219768
0.178705
0.120234
0.047188
0.0530511
0.134455
0.199262
0.244808
0.268496
0.268495
0.244807
0.199264
0.134455
0.0530518
0.0530516
0.134453
0.199258
0.24481
0.268496
0.268497
0.244811
0.199257
0.134453
0.0530525
0.0471912
0.120231
0.178701
0.219776
0.241143
0.241144
0.219778
0.178701
0.120232
0.0471921
0.0364164
0.093928
0.140598
0.173577
0.19078
0.190781
0.173578
0.140597
0.0939278
0.0364172
0.0225605
0.0594288
0.0902862
0.112651
0.124367
0.124366
0.11265
0.0902863
0.0594283
0.0225598
0.00873839
0.0217386
0.0346539
0.044413
0.0495337
0.0495326
0.0444105
0.0346528
0.0217367
0.00873788
0.0087481
0.0217485
0.0346443
0.0443709
0.0494709
0.0494696
0.0443659
0.03464
0.0217444
0.00874587
0.0225289
0.0594612
0.0903525
0.112721
0.124428
0.124428
0.112719
0.0903515
0.0594605
0.022528
0.0363254
0.0939727
0.14067
0.173619
0.190806
0.190804
0.173615
0.140667
0.0939728
0.0363253
0.0470589
0.120284
0.178765
0.21976
0.241089
0.241088
0.219757
0.178764
0.120284
0.0470586
0.0529031
0.134508
0.199307
0.244762
0.268389
0.268389
0.24476
0.199309
0.134508
0.0529039
0.0529038
0.134505
0.199303
0.244764
0.26839
0.26839
0.244764
0.199301
0.134505
0.052905
0.0470619
0.12028
0.178761
0.219765
0.24109
0.241091
0.219767
0.17876
0.120279
0.0470634
0.0363292
0.0939703
0.140671
0.173623
0.190807
0.190808
0.173624
0.14067
0.0939697
0.0363306
0.0225314
0.0594577
0.0903503
0.11272
0.124427
0.124427
0.112718
0.0903503
0.0594563
0.0225312
0.00874889
0.0217459
0.034642
0.0443716
0.0494719
0.04947
0.0443671
0.0346397
0.0217421
0.00874857
0.00875526
0.0217532
0.0346293
0.0443246
0.0494058
0.0494041
0.0443181
0.0346233
0.0217469
0.00875258
0.022495
0.0594868
0.0904147
0.112786
0.124486
0.124486
0.112783
0.0904132
0.0594866
0.0224939
0.0362323
0.0940125
0.140743
0.173667
0.190833
0.190831
0.173662
0.140739
0.0940135
0.0362325
0.0469236
0.12033
0.178824
0.219752
0.241038
0.241037
0.219748
0.178822
0.12033
0.0469235
0.0527507
0.134557
0.199353
0.244718
0.268286
0.268286
0.244716
0.199354
0.134558
0.0527517
0.0527513
0.134554
0.199348
0.244721
0.268287
0.268288
0.244721
0.199346
0.134553
0.0527527
0.0469272
0.120325
0.178819
0.219757
0.241039
0.24104
0.21976
0.178818
0.120324
0.0469288
0.0362365
0.0940092
0.140743
0.17367
0.190834
0.190834
0.173672
0.140742
0.0940084
0.0362384
0.0224977
0.0594832
0.0904113
0.112784
0.124486
0.124485
0.112782
0.0904116
0.0594809
0.0224978
0.0087559
0.0217502
0.0346267
0.0443257
0.0494067
0.0494045
0.0443194
0.0346226
0.0217443
0.00875573
0.00875775
0.0217509
0.0346085
0.0442759
0.0493393
0.0493366
0.0442668
0.0346037
0.0217461
0.00875535
0.0224557
0.0595102
0.0904703
0.112844
0.124541
0.124541
0.112841
0.0904703
0.0595088
0.0224555
0.0361362
0.0940511
0.140811
0.173715
0.19086
0.190858
0.173711
0.140807
0.0940516
0.0361362
0.0467865
0.12037
0.178874
0.219744
0.240989
0.240988
0.21974
0.178871
0.120371
0.0467864
0.0525979
0.1346
0.199394
0.244676
0.268186
0.268186
0.244674
0.199396
0.134602
0.0525989
0.0525988
0.134597
0.199389
0.244679
0.268188
0.268188
0.24468
0.199388
0.134597
0.0526002
0.0467905
0.120366
0.178875
0.219752
0.240991
0.240992
0.219755
0.178873
0.120365
0.0467927
0.0361398
0.094044
0.140813
0.173717
0.190861
0.190861
0.173719
0.140811
0.094043
0.0361423
0.0224594
0.059505
0.0904685
0.112843
0.12454
0.124539
0.112841
0.0904692
0.0595016
0.0224597
0.00875936
0.0217506
0.034608
0.0442769
0.0493405
0.0493374
0.0442685
0.0346021
0.0217422
0.00875897
0.00875759
0.021746
0.0345859
0.0442254
0.0492742
0.0492708
0.0442137
0.0345806
0.0217405
0.00875283
0.0224133
0.0595284
0.0905204
0.112893
0.124589
0.124588
0.11289
0.0905211
0.0595252
0.0224135
0.036039
0.0940846
0.140873
0.173762
0.190885
0.190883
0.173757
0.140869
0.0940841
0.0360396
0.0466523
0.120406
0.178918
0.219738
0.240942
0.240941
0.219735
0.178915
0.120407
0.0466524
0.0524516
0.134638
0.199431
0.244635
0.268088
0.268088
0.244634
0.199431
0.134639
0.0524524
0.0524525
0.134634
0.199426
0.244639
0.26809
0.268091
0.244639
0.199424
0.134633
0.0524539
0.0466569
0.120399
0.178921
0.219746
0.240944
0.240946
0.219749
0.17892
0.120398
0.0466594
0.0360429
0.0940745
0.140877
0.173764
0.190886
0.190886
0.173765
0.140876
0.0940728
0.0360456
0.0224172
0.0595207
0.0905187
0.112893
0.124588
0.124587
0.112891
0.0905202
0.0595164
0.0224176
0.00875888
0.0217457
0.0345854
0.0442264
0.0492755
0.0492717
0.044216
0.0345779
0.0217351
0.00875728
0.00875435
0.021738
0.0345625
0.0441741
0.0492139
0.04921
0.0441611
0.0345539
0.0217291
0.00874632
0.0223684
0.0595352
0.0905601
0.11293
0.124626
0.124625
0.112926
0.0905597
0.0595332
0.0223674
0.0359443
0.0941078
0.140926
0.173805
0.190905
0.190902
0.173799
0.14092
0.0941081
0.035945
0.0465276
0.120432
0.178949
0.219734
0.240895
0.240894
0.219732
0.178945
0.120433
0.0465281
0.0523195
0.134663
0.199451
0.244595
0.267993
0.267992
0.244594
0.199449
0.134663
0.05232
0.0523203
0.134656
0.199451
0.244597
0.267995
0.267995
0.244597
0.19945
0.134656
0.0523214
0.0465324
0.120421
0.178951
0.219739
0.240898
0.240899
0.219741
0.178951
0.12042
0.0465348
0.0359484
0.0940964
0.140928
0.173806
0.190906
0.190906
0.173807
0.140927
0.0940947
0.0359511
0.0223709
0.0595287
0.0905574
0.112929
0.124625
0.124625
0.112927
0.0905592
0.0595242
0.0223715
0.00875366
0.021736
0.0345609
0.0441763
0.0492151
0.049211
0.0441643
0.0345515
0.0217229
0.00874966
0.00874665
0.0217138
0.0345304
0.0441301
0.0491667
0.0491622
0.0441162
0.0345217
0.0217053
0.00873513
0.0223226
0.0595294
0.0905842
0.112949
0.124657
0.124656
0.112943
0.0905812
0.0595289
0.0223208
0.0358625
0.0941216
0.140967
0.173837
0.190922
0.190921
0.173833
0.140958
0.094122
0.0358632
0.0464261
0.120458
0.178973
0.219726
0.240846
0.240846
0.219725
0.178965
0.120458
0.0464266
0.0522164
0.134688
0.199467
0.24455
0.267898
0.267899
0.244551
0.199465
0.13469
0.0522163
0.0522172
0.134676
0.199469
0.244552
0.267901
0.267902
0.244554
0.199469
0.134677
0.0522175
0.0464314
0.120444
0.178981
0.219728
0.240851
0.240853
0.219732
0.178979
0.120442
0.0464329
0.0358672
0.0941144
0.140975
0.173839
0.190924
0.190926
0.173839
0.140972
0.0941109
0.0358693
0.0223252
0.0595247
0.0905803
0.112947
0.124657
0.124658
0.112945
0.0905821
0.0595204
0.0223255
0.00874342
0.0217164
0.0345309
0.0441333
0.0491681
0.0491637
0.0441211
0.0345224
0.0217041
0.00873821
0.00872833
0.0216876
0.0345064
0.0441029
0.0491399
0.0491356
0.0440884
0.0344892
0.0216736
0.00872011
0.0222936
0.0595103
0.0905984
0.112964
0.124684
0.124684
0.112963
0.0905913
0.0595052
0.0222918
0.0358144
0.09413
0.14102
0.173866
0.190934
0.190934
0.173867
0.141008
0.0941256
0.0358145
0.0463649
0.120472
0.179
0.219709
0.240795
0.240796
0.21971
0.178993
0.120473
0.0463656
0.0521519
0.134708
0.199482
0.244499
0.267805
0.267807
0.244501
0.199482
0.13471
0.0521518
0.052153
0.134695
0.199482
0.244501
0.267808
0.26781
0.244504
0.199485
0.134699
0.0521524
0.0463708
0.120454
0.179006
0.219713
0.2408
0.240803
0.219717
0.179006
0.120456
0.0463711
0.0358203
0.0941158
0.14103
0.173867
0.190937
0.19094
0.173873
0.141028
0.0941145
0.0358207
0.0222995
0.0594981
0.0906013
0.112965
0.124687
0.124687
0.112967
0.090598
0.059494
0.0222977
0.00873041
0.0216842
0.0345106
0.0441049
0.0491408
0.0491373
0.0440934
0.0344944
0.0216712
0.00872538
0.00873215
0.0216674
0.0344886
0.0440937
0.0491481
0.0491474
0.0440917
0.0344925
0.0216695
0.00872809
0.0223171
0.0595096
0.0906198
0.112995
0.124697
0.124696
0.112988
0.0906161
0.0595105
0.0223137
0.0358509
0.0941315
0.141006
0.173859
0.190907
0.190907
0.173855
0.141007
0.0941331
0.0358457
0.0463923
0.120477
0.178971
0.219656
0.240726
0.240728
0.219659
0.178975
0.12048
0.0463914
0.052159
0.134713
0.199457
0.24443
0.267718
0.267721
0.244436
0.199462
0.134716
0.0521565
0.0521607
0.134717
0.199453
0.244431
0.267721
0.267724
0.244439
0.199463
0.13472
0.0521578
0.0463969
0.12048
0.178965
0.21966
0.240731
0.240735
0.219666
0.178978
0.120484
0.046396
0.0358536
0.0941316
0.141003
0.173857
0.19091
0.190913
0.17386
0.141013
0.0941357
0.0358498
0.0223232
0.059513
0.090617
0.11299
0.124701
0.124699
0.112988
0.0906175
0.0595134
0.0223203
0.00873781
0.021677
0.0344945
0.0440921
0.0491481
0.0491472
0.044094
0.0344986
0.0216735
0.00873402
0.00872234
0.0216675
0.0344999
0.0440973
0.0491447
0.0491449
0.0440978
0.0345012
0.0216672
0.00871783
0.0223231
0.0595055
0.0905996
0.112965
0.124674
0.124672
0.112961
0.0906017
0.059508
0.0223224
0.0358477
0.0941075
0.140985
0.173828
0.19088
0.190878
0.173822
0.140977
0.0941033
0.035844
0.0463778
0.120446
0.17895
0.219619
0.240681
0.240682
0.21962
0.178951
0.120447
0.0463745
0.052151
0.134695
0.199432
0.244383
0.26766
0.267663
0.244389
0.199437
0.134696
0.0521462
0.0521508
0.134696
0.199433
0.244384
0.26766
0.267663
0.24439
0.199439
0.134699
0.0521461
0.0463762
0.120446
0.17895
0.21962
0.240682
0.240684
0.219625
0.178957
0.120451
0.0463731
0.0358465
0.0941034
0.140983
0.17383
0.190883
0.190883
0.173829
0.140985
0.0941026
0.0358424
0.0223229
0.059503
0.0905967
0.112964
0.124678
0.124677
0.112966
0.0906056
0.0595065
0.022321
0.00872335
0.0216695
0.0345002
0.0440953
0.049145
0.0491454
0.0440973
0.0345002
0.0216649
0.00871964
)
;

boundaryField
{
    inlet
    {
        type            zeroGradient;
    }
    outlet
    {
        type            zeroGradient;
    }
    wall
    {
        type            zeroGradient;
    }
}


// ************************************************************************* //
