/*--------------------------------*- C++ -*----------------------------------*\
| =========                 |                                                 |
| \\      /  F ield         | OpenFOAM: The Open Source CFD Toolbox           |
|  \\    /   O peration     | Version:  2312                                  |
|   \\  /    A nd           | Website:  www.openfoam.com                      |
|    \\/     M anipulation  |                                                 |
\*---------------------------------------------------------------------------*/
FoamFile
{
    version     2.0;
    format      ascii;
    arch        "LSB;label=32;scalar=64";
    class       volVectorField;
    location    "90.2";
    object      U;
}
// * * * * * * * * * * * * * * * * * * * * * * * * * * * * * * * * * * * * * //

dimensions      [0 1 -1 0 0 0 0];

internalField   nonuniform List<vector> 
20000
(
(2.14202e-06 2.77625e-06 1.33308e-05)
(4.65947e-06 6.99221e-06 3.06418e-05)
(5.17219e-06 1.0214e-05 4.58991e-05)
(3.89606e-06 1.21638e-05 5.60292e-05)
(1.36339e-06 1.34671e-05 6.0723e-05)
(-1.3927e-06 1.34768e-05 6.07284e-05)
(-3.95512e-06 1.22316e-05 5.60364e-05)
(-5.21397e-06 1.00793e-05 4.58865e-05)
(-4.53922e-06 7.05989e-06 3.068e-05)
(-2.14859e-06 2.76996e-06 1.33444e-05)
(5.4503e-06 6.26547e-06 3.21796e-05)
(1.30222e-05 1.55454e-05 6.51003e-05)
(1.2332e-05 2.17757e-05 8.54049e-05)
(8.80728e-06 2.46692e-05 9.66832e-05)
(2.96197e-06 2.56646e-05 0.000101335)
(-2.87211e-06 2.56646e-05 0.000101325)
(-8.65028e-06 2.47132e-05 9.66646e-05)
(-1.2175e-05 2.16165e-05 8.54137e-05)
(-1.27327e-05 1.57658e-05 6.51937e-05)
(-5.28109e-06 6.41822e-06 3.22394e-05)
(9.11024e-06 6.98104e-06 4.88593e-05)
(1.88772e-05 1.49932e-05 8.72762e-05)
(1.54607e-05 1.9092e-05 0.000105345)
(1.09277e-05 2.04277e-05 0.000112639)
(3.67269e-06 1.99391e-05 0.000114976)
(-3.65892e-06 1.99265e-05 0.000114971)
(-1.0906e-05 2.03929e-05 0.000112632)
(-1.55329e-05 1.8991e-05 0.000105349)
(-1.89052e-05 1.50862e-05 8.73293e-05)
(-9.02842e-06 7.14054e-06 4.88973e-05)
(1.19948e-05 5.53641e-06 6.00069e-05)
(2.32094e-05 1.13754e-05 9.92933e-05)
(1.77841e-05 1.3072e-05 0.000113231)
(1.18727e-05 1.33108e-05 0.000116636)
(3.86572e-06 1.28154e-05 0.000117041)
(-3.87759e-06 1.28145e-05 0.00011704)
(-1.18899e-05 1.33148e-05 0.000116636)
(-1.78498e-05 1.30252e-05 0.000113225)
(-2.3249e-05 1.13833e-05 9.9304e-05)
(-1.19462e-05 5.64922e-06 6.0025e-05)
(1.35171e-05 1.78229e-06 6.51376e-05)
(2.47567e-05 3.72871e-06 0.000103945)
(1.79704e-05 4.39027e-06 0.000115444)
(1.18223e-05 4.3992e-06 0.000116948)
(3.75435e-06 4.15637e-06 0.000116552)
(-3.75571e-06 4.15817e-06 0.000116552)
(-1.18275e-05 4.4095e-06 0.000116948)
(-1.7994e-05 4.36838e-06 0.000115443)
(-2.48194e-05 3.70701e-06 0.00010395)
(-1.35455e-05 1.85934e-06 6.51597e-05)
(1.35112e-05 -1.90276e-06 6.51399e-05)
(2.47722e-05 -3.73446e-06 0.000103944)
(1.79864e-05 -4.37343e-06 0.000115443)
(1.18307e-05 -4.39246e-06 0.000116947)
(3.76022e-06 -4.13364e-06 0.000116551)
(-3.75304e-06 -4.1306e-06 0.000116549)
(-1.18295e-05 -4.37799e-06 0.000116945)
(-1.79989e-05 -4.36763e-06 0.000115446)
(-2.48187e-05 -3.73237e-06 0.000103956)
(-1.35424e-05 -1.9004e-06 6.51642e-05)
(1.19432e-05 -5.65963e-06 6.00087e-05)
(2.32174e-05 -1.14032e-05 9.92967e-05)
(1.78222e-05 -1.30482e-05 0.000113224)
(1.1887e-05 -1.33001e-05 0.000116631)
(3.88011e-06 -1.27863e-05 0.000117033)
(-3.85846e-06 -1.27822e-05 0.000117029)
(-1.18648e-05 -1.32756e-05 0.000116623)
(-1.78189e-05 -1.30289e-05 0.000113226)
(-2.32105e-05 -1.14215e-05 9.93208e-05)
(-1.19277e-05 -5.68959e-06 6.00433e-05)
(9.03401e-06 -7.13173e-06 4.88983e-05)
(1.88968e-05 -1.50637e-05 8.73318e-05)
(1.5508e-05 -1.9035e-05 0.000105344)
(1.09033e-05 -2.03853e-05 0.00011262)
(3.66789e-06 -1.99177e-05 0.000114957)
(-3.6478e-06 -1.9917e-05 0.000114956)
(-1.08864e-05 -2.03511e-05 0.000112614)
(-1.55118e-05 -1.90038e-05 0.000105334)
(-1.88827e-05 -1.50952e-05 8.73357e-05)
(-9.01036e-06 -7.15676e-06 4.89289e-05)
(5.27725e-06 -6.41422e-06 3.22468e-05)
(1.27644e-05 -1.57557e-05 6.51882e-05)
(1.2208e-05 -2.16363e-05 8.54112e-05)
(8.67426e-06 -2.47083e-05 9.66483e-05)
(2.9107e-06 -2.56552e-05 0.000101317)
(-2.94018e-06 -2.5645e-05 0.00010132)
(-8.71186e-06 -2.46647e-05 9.66462e-05)
(-1.22341e-05 -2.15852e-05 8.54024e-05)
(-1.27444e-05 -1.58119e-05 6.51916e-05)
(-5.24688e-06 -6.46543e-06 3.22595e-05)
(2.13952e-06 -2.77705e-06 1.33501e-05)
(4.51059e-06 -7.09111e-06 3.06877e-05)
(5.18767e-06 -1.00866e-05 4.58934e-05)
(3.92391e-06 -1.22363e-05 5.60349e-05)
(1.37594e-06 -1.34662e-05 6.07299e-05)
(-1.37501e-06 -1.34563e-05 6.07343e-05)
(-3.90601e-06 -1.2225e-05 5.60408e-05)
(-5.12831e-06 -1.0078e-05 4.58974e-05)
(-4.40163e-06 -7.16014e-06 3.06932e-05)
(-2.07586e-06 -2.83035e-06 1.33537e-05)
(1.10486e-07 4.84649e-08 1.11505e-05)
(1.7449e-07 5.20166e-07 2.68274e-05)
(2.87934e-07 1.118e-06 4.17329e-05)
(3.22725e-07 1.80365e-06 5.24204e-05)
(1.12903e-07 2.18274e-06 5.78901e-05)
(-8.7751e-08 2.17338e-06 5.78757e-05)
(-2.67222e-07 1.79108e-06 5.23776e-05)
(-2.00384e-07 1.14563e-06 4.16197e-05)
(-9.95639e-08 5.76172e-07 2.67749e-05)
(-6.61401e-08 9.11804e-08 1.11177e-05)
(6.35603e-07 1.5612e-07 2.82156e-05)
(1.70704e-06 1.89951e-06 6.40196e-05)
(1.85788e-06 3.94235e-06 8.96962e-05)
(1.54829e-06 5.7383e-06 0.000105583)
(5.47555e-07 6.5398e-06 0.000112876)
(-5.83329e-07 6.5218e-06 0.000112863)
(-1.59708e-06 5.70536e-06 0.000105544)
(-1.91052e-06 3.96427e-06 8.96307e-05)
(-1.75272e-06 1.97377e-06 6.39912e-05)
(-6.80219e-07 1.43559e-07 2.81699e-05)
(1.3241e-06 4.30416e-07 4.47511e-05)
(3.89531e-06 2.55193e-06 9.23368e-05)
(3.90758e-06 4.54864e-06 0.00011982)
(2.98309e-06 5.99732e-06 0.000132409)
(1.02918e-06 6.43321e-06 0.000137002)
(-1.06274e-06 6.42505e-06 0.000137003)
(-3.03365e-06 5.98714e-06 0.000132417)
(-3.96935e-06 4.57993e-06 0.000119821)
(-3.92255e-06 2.61728e-06 9.23542e-05)
(-1.35529e-06 3.6478e-07 4.47129e-05)
(2.17496e-06 5.21464e-07 5.68146e-05)
(6.00447e-06 2.3334e-06 0.00010979)
(5.58764e-06 3.6087e-06 0.000133611)
(4.05001e-06 4.38986e-06 0.000140526)
(1.37326e-06 4.56474e-06 0.000141814)
(-1.38344e-06 4.56247e-06 0.000141818)
(-4.06632e-06 4.39101e-06 0.000140543)
(-5.6069e-06 3.63006e-06 0.000133627)
(-5.9854e-06 2.37345e-06 0.000109812)
(-2.15872e-06 4.98737e-07 5.68026e-05)
(2.6403e-06 1.62569e-07 6.31057e-05)
(6.99122e-06 8.56389e-07 0.000117475)
(6.23703e-06 1.29031e-06 0.00013814)
(4.43513e-06 1.53121e-06 0.000141739)
(1.4785e-06 1.56433e-06 0.00014147)
(-1.47935e-06 1.56279e-06 0.000141475)
(-4.43398e-06 1.5319e-06 0.000141752)
(-6.23682e-06 1.29995e-06 0.000138158)
(-6.98597e-06 8.73746e-07 0.000117498)
(-2.63395e-06 1.58903e-07 6.31281e-05)
(2.6279e-06 -1.77845e-07 6.30978e-05)
(6.97493e-06 -8.88585e-07 0.000117481)
(6.23176e-06 -1.3009e-06 0.000138147)
(4.43144e-06 -1.53196e-06 0.000141746)
(1.47705e-06 -1.55929e-06 0.000141474)
(-1.48015e-06 -1.56363e-06 0.000141477)
(-4.43216e-06 -1.53789e-06 0.000141755)
(-6.23321e-06 -1.29029e-06 0.000138162)
(-6.9818e-06 -8.66547e-07 0.000117502)
(-2.63158e-06 -1.74313e-07 6.31228e-05)
(2.14521e-06 -5.05859e-07 5.67744e-05)
(5.95276e-06 -2.3848e-06 0.00010979)
(5.57921e-06 -3.6411e-06 0.000133622)
(4.0524e-06 -4.39769e-06 0.00014054)
(1.37405e-06 -4.56264e-06 0.00014182)
(-1.38641e-06 -4.57118e-06 0.000141823)
(-4.0624e-06 -4.4108e-06 0.000140547)
(-5.60035e-06 -3.62317e-06 0.000133637)
(-5.97655e-06 -2.36109e-06 0.000109816)
(-2.15106e-06 -4.93685e-07 5.6797e-05)
(1.3526e-06 -3.61319e-07 4.46978e-05)
(3.90934e-06 -2.61322e-06 9.23336e-05)
(3.95406e-06 -4.59684e-06 0.00011981)
(3.02096e-06 -6.00402e-06 0.00013241)
(1.04651e-06 -6.43008e-06 0.000137002)
(-1.06131e-06 -6.44344e-06 0.000137006)
(-3.03399e-06 -6.02603e-06 0.00013242)
(-3.97332e-06 -4.57551e-06 0.000119821)
(-3.95183e-06 -2.57606e-06 9.23393e-05)
(-1.37568e-06 -3.57976e-07 4.47013e-05)
(6.97357e-07 -1.07988e-07 2.81707e-05)
(1.75306e-06 -1.96643e-06 6.39673e-05)
(1.90611e-06 -3.98766e-06 8.96159e-05)
(1.59071e-06 -5.72092e-06 0.000105525)
(5.65911e-07 -6.50859e-06 0.000112861)
(-5.82811e-07 -6.52081e-06 0.000112864)
(-1.61802e-06 -5.74167e-06 0.000105528)
(-1.94588e-06 -3.97051e-06 8.96118e-05)
(-1.78265e-06 -1.9315e-06 6.39666e-05)
(-6.83013e-07 -1.30613e-07 2.81605e-05)
(1.23502e-07 -4.47625e-08 1.11207e-05)
(1.45207e-07 -5.61661e-07 2.67757e-05)
(2.15069e-07 -1.15573e-06 4.16143e-05)
(2.65843e-07 -1.79589e-06 5.23647e-05)
(9.31928e-08 -2.15813e-06 5.78614e-05)
(-8.44361e-08 -2.16278e-06 5.78547e-05)
(-2.66704e-07 -1.80438e-06 5.23534e-05)
(-2.29307e-07 -1.15252e-06 4.16003e-05)
(-1.44514e-07 -5.56218e-07 2.67724e-05)
(-1.05447e-07 -5.82109e-08 1.11171e-05)
(8.21652e-08 -7.99042e-09 7.75454e-06)
(-1.83074e-07 4.05259e-07 1.95105e-05)
(-4.26911e-07 5.60371e-07 3.1416e-05)
(-2.59863e-07 5.09284e-07 4.05633e-05)
(-1.57849e-07 4.67288e-07 4.5464e-05)
(4.31064e-08 4.58761e-07 4.54624e-05)
(1.37803e-07 4.64079e-07 4.05597e-05)
(3.07818e-07 4.72542e-07 3.14103e-05)
(1.36725e-07 3.32195e-07 1.95045e-05)
(-4.34779e-08 1.32799e-08 7.74934e-06)
(3.61295e-07 -9.23437e-08 2.06503e-05)
(6.64512e-07 1.0503e-06 5.22171e-05)
(7.16966e-07 1.79979e-06 7.70614e-05)
(7.43839e-07 2.16835e-06 9.38789e-05)
(2.75684e-07 2.36578e-06 0.000102195)
(-2.55056e-07 2.35422e-06 0.000102192)
(-7.15348e-07 2.09661e-06 9.38708e-05)
(-7.02326e-07 1.67004e-06 7.70555e-05)
(-6.45976e-07 9.34489e-07 5.2205e-05)
(-2.99407e-07 -4.62254e-08 2.06309e-05)
(5.94455e-07 -2.40864e-07 3.40093e-05)
(1.59682e-06 1.21827e-06 8.01542e-05)
(1.79728e-06 2.17347e-06 0.000110024)
(1.54938e-06 2.75334e-06 0.000125757)
(5.67268e-07 3.00202e-06 0.000132128)
(-5.09289e-07 2.98717e-06 0.000132126)
(-1.49548e-06 2.69059e-06 0.000125755)
(-1.76672e-06 2.06378e-06 0.000110019)
(-1.58352e-06 1.11705e-06 8.01521e-05)
(-5.56503e-07 -1.86362e-07 3.39987e-05)
(6.5121e-07 -6.61256e-08 4.45241e-05)
(2.29032e-06 1.15524e-06 9.91382e-05)
(2.56223e-06 1.85718e-06 0.000127568)
(2.08233e-06 2.27103e-06 0.00013845)
(7.47037e-07 2.43239e-06 0.000141623)
(-7.0229e-07 2.42079e-06 0.000141624)
(-2.04091e-06 2.23138e-06 0.000138453)
(-2.53668e-06 1.77868e-06 0.00012757)
(-2.29172e-06 1.07898e-06 9.91398e-05)
(-6.41911e-07 -1.55845e-08 4.4522e-05)
(7.47711e-07 -8.09528e-08 5.03088e-05)
(2.76732e-06 4.37775e-07 0.000108268)
(2.97944e-06 6.95818e-07 0.000134275)
(2.35626e-06 8.45765e-07 0.000141923)
(8.30921e-07 8.94493e-07 0.000143422)
(-7.97449e-07 8.88784e-07 0.000143423)
(-2.32912e-06 8.25066e-07 0.000141928)
(-2.96844e-06 6.55319e-07 0.000134281)
(-2.78792e-06 3.95399e-07 0.000108272)
(-7.6355e-07 -5.90282e-08 5.03097e-05)
(7.40408e-07 -3.61055e-09 5.03111e-05)
(2.75767e-06 -3.80159e-07 0.000108268)
(2.95724e-06 -6.25521e-07 0.000134273)
(2.33889e-06 -7.88023e-07 0.000141922)
(8.22659e-07 -8.46626e-07 0.000143422)
(-7.96972e-07 -8.44979e-07 0.000143425)
(-2.32149e-06 -7.87813e-07 0.00014193)
(-2.95497e-06 -6.33513e-07 0.00013428)
(-2.77418e-06 -3.99169e-07 0.000108269)
(-7.54271e-07 1.07821e-08 5.03064e-05)
(6.12823e-07 -3.0199e-08 4.45267e-05)
(2.2548e-06 -1.06952e-06 9.91325e-05)
(2.50708e-06 -1.76505e-06 0.000127562)
(2.03052e-06 -2.21793e-06 0.000138449)
(7.22831e-07 -2.39603e-06 0.000141625)
(-6.9603e-07 -2.38663e-06 0.000141628)
(-2.0069e-06 -2.19892e-06 0.000138458)
(-2.48832e-06 -1.75314e-06 0.000127569)
(-2.23433e-06 -1.07973e-06 9.91317e-05)
(-6.02632e-07 -3.79729e-08 4.45189e-05)
(5.23369e-07 1.57195e-07 3.40006e-05)
(1.53162e-06 -1.10986e-06 8.01409e-05)
(1.7178e-06 -2.06607e-06 0.000110014)
(1.46851e-06 -2.70753e-06 0.000125757)
(5.2577e-07 -2.99718e-06 0.000132131)
(-4.97998e-07 -2.98554e-06 0.000132133)
(-1.43349e-06 -2.68898e-06 0.000125764)
(-1.67633e-06 -2.05142e-06 0.000110021)
(-1.47437e-06 -1.12198e-06 8.01423e-05)
(-5.07809e-07 1.9438e-07 3.39894e-05)
(2.92714e-07 4.88357e-08 2.06335e-05)
(6.40117e-07 -9.16449e-07 5.21993e-05)
(6.86991e-07 -1.6883e-06 7.70561e-05)
(6.94592e-07 -2.15201e-06 9.38773e-05)
(2.48653e-07 -2.41215e-06 0.000102199)
(-2.5697e-07 -2.39778e-06 0.000102198)
(-7.10389e-07 -2.11632e-06 9.38756e-05)
(-7.06618e-07 -1.6546e-06 7.70496e-05)
(-6.64804e-07 -9.03315e-07 5.21902e-05)
(-3.59199e-07 1.32264e-07 2.06265e-05)
(4.77893e-08 -8.36274e-09 7.74952e-06)
(-1.17008e-07 -3.20658e-07 1.95057e-05)
(-2.98741e-07 -4.83455e-07 3.14144e-05)
(-1.68648e-07 -5.00948e-07 4.05651e-05)
(-1.17525e-07 -5.01136e-07 4.54657e-05)
(3.74991e-08 -4.87496e-07 4.54599e-05)
(8.88434e-08 -4.63622e-07 4.05553e-05)
(2.38798e-07 -4.44764e-07 3.14057e-05)
(6.13755e-08 -2.97738e-07 1.95006e-05)
(-1.05714e-07 3.44039e-08 7.74821e-06)
(-3.2101e-08 1.58968e-08 8.20249e-06)
(1.26587e-07 -1.29152e-07 2.05553e-05)
(2.47988e-07 -9.01982e-08 3.29601e-05)
(1.69802e-07 9.10147e-08 4.24324e-05)
(6.02493e-08 1.991e-07 4.74897e-05)
(-5.46278e-08 1.97252e-07 4.75063e-05)
(-1.5239e-07 8.95343e-08 4.2472e-05)
(-2.07838e-07 -6.36538e-08 3.30209e-05)
(-1.2112e-07 -9.26794e-08 2.06095e-05)
(-1.17767e-08 -8.20555e-09 8.22677e-06)
(7.11578e-10 6.35307e-09 2.16714e-05)
(1.31208e-07 -2.1237e-07 5.45028e-05)
(1.32254e-07 -3.07481e-08 8.01832e-05)
(5.42067e-08 3.40414e-07 9.74862e-05)
(-5.05175e-09 5.23949e-07 0.000106022)
(-4.86621e-08 5.16759e-07 0.000106024)
(-1.15613e-07 3.20604e-07 9.75023e-05)
(-1.89283e-07 1.17399e-08 8.02306e-05)
(-1.96284e-07 -1.7652e-07 5.4579e-05)
(-6.50522e-08 -4.86735e-08 2.17202e-05)
(6.6781e-08 4.37525e-08 3.55047e-05)
(2.57135e-07 -1.17794e-07 8.32859e-05)
(2.66794e-07 1.45285e-07 0.000114147)
(2.0852e-07 4.88097e-07 0.000130517)
(6.57073e-08 6.49028e-07 0.000137186)
(-9.67254e-08 6.4734e-07 0.000137179)
(-2.59588e-07 4.7954e-07 0.000130503)
(-3.19085e-07 1.8476e-07 0.000114143)
(-2.96682e-07 -1.0371e-07 8.33164e-05)
(-1.13673e-07 -3.09952e-08 3.55472e-05)
(1.68125e-07 3.66952e-08 4.63264e-05)
(4.57403e-07 -4.05377e-08 0.00010279)
(5.10104e-07 1.87386e-07 0.000132345)
(4.28505e-07 4.3694e-07 0.000144016)
(1.52892e-07 5.57982e-07 0.000147571)
(-1.53273e-07 5.59687e-07 0.000147566)
(-4.35296e-07 4.3972e-07 0.000144)
(-5.17408e-07 2.03701e-07 0.000132323)
(-4.5498e-07 -3.32484e-08 0.000102783)
(-1.79304e-07 -1.77006e-08 4.63441e-05)
(2.38032e-07 2.15592e-08 5.22417e-05)
(5.95495e-07 -1.07229e-08 0.000112173)
(6.57659e-07 6.69043e-08 0.000139388)
(5.51278e-07 1.63548e-07 0.000147904)
(1.99256e-07 2.11162e-07 0.000149812)
(-1.87173e-07 2.13526e-07 0.000149807)
(-5.41579e-07 1.70752e-07 0.000147891)
(-6.53604e-07 8.19913e-08 0.000139371)
(-5.8779e-07 -6.92487e-09 0.00011216)
(-2.33655e-07 -1.14581e-08 5.22465e-05)
(2.37912e-07 3.00144e-09 5.22587e-05)
(5.92536e-07 -2.03457e-08 0.000112172)
(6.61148e-07 -1.03696e-07 0.00013938)
(5.56322e-07 -1.71964e-07 0.000147895)
(2.03475e-07 -2.01057e-07 0.000149804)
(-1.82906e-07 -1.96053e-07 0.0001498)
(-5.36397e-07 -1.57419e-07 0.000147885)
(-6.4819e-07 -8.0228e-08 0.000139368)
(-5.85307e-07 -1.55314e-08 0.000112163)
(-2.32311e-07 -2.27947e-08 5.22598e-05)
(1.7973e-07 3.2665e-10 4.63725e-05)
(4.55509e-07 -6.57187e-09 0.0001028)
(5.18788e-07 -2.41539e-07 0.000132328)
(4.42162e-07 -4.48447e-07 0.000143993)
(1.63514e-07 -5.49165e-07 0.000147551)
(-1.41974e-07 -5.42913e-07 0.000147546)
(-4.20984e-07 -4.2913e-07 0.000143982)
(-5.03641e-07 -1.99833e-07 0.000132315)
(-4.47585e-07 1.59239e-08 0.000102795)
(-1.72707e-07 -1.74806e-08 4.63792e-05)
(9.89327e-08 -2.8149e-09 3.558e-05)
(2.61327e-07 5.32419e-08 8.3338e-05)
(2.82644e-07 -2.25214e-07 0.000114147)
(2.39227e-07 -4.97398e-07 0.000130491)
(8.48339e-08 -6.39658e-07 0.000137157)
(-7.71986e-08 -6.32237e-07 0.000137152)
(-2.32012e-07 -4.75229e-07 0.00013048)
(-2.88662e-07 -1.73352e-07 0.000114133)
(-2.69865e-07 8.68989e-08 8.33414e-05)
(-9.39279e-08 -1.58144e-08 3.5601e-05)
(4.67793e-08 3.2069e-08 2.17443e-05)
(1.41576e-07 1.39317e-07 5.45987e-05)
(1.2087e-07 -7.90384e-08 8.02284e-05)
(6.58214e-08 -3.49829e-07 9.74893e-05)
(9.08901e-09 -5.06364e-07 0.000106005)
(-2.9544e-08 -5.00337e-07 0.000106007)
(-8.69591e-08 -3.23332e-07 9.74928e-05)
(-1.49512e-07 -1.50763e-08 8.02382e-05)
(-1.57197e-07 1.81137e-07 5.46169e-05)
(-3.94313e-08 2.13027e-08 2.17703e-05)
(8.06716e-09 8.50102e-09 8.23286e-06)
(1.09304e-07 8.61065e-08 2.06158e-05)
(1.64502e-07 1.83891e-08 3.30154e-05)
(1.00416e-07 -1.0593e-07 4.24656e-05)
(1.84117e-08 -1.88345e-07 4.75024e-05)
(-7.54842e-08 -1.84928e-07 4.7515e-05)
(-1.60596e-07 -8.79961e-08 4.24895e-05)
(-2.20001e-07 5.78008e-08 3.30473e-05)
(-1.27824e-07 1.09946e-07 2.0639e-05)
(5.90221e-09 -8.48089e-10 8.24569e-06)
(2.29146e-08 -1.73403e-08 7.90568e-06)
(1.23797e-08 1.79836e-08 1.9871e-05)
(-2.36324e-08 4.74769e-08 3.18612e-05)
(-1.32947e-08 1.02385e-08 4.10043e-05)
(-2.50164e-09 -3.47851e-09 4.58692e-05)
(1.59423e-09 3.6201e-10 4.58712e-05)
(1.11145e-08 1.58588e-08 4.10031e-05)
(1.29777e-08 4.01856e-08 3.18501e-05)
(-1.73214e-08 1.8371e-09 1.98536e-05)
(-3.1816e-09 -5.22864e-09 7.89487e-06)
(1.72842e-08 -1.16695e-08 2.09423e-05)
(1.13753e-08 9.64429e-08 5.3038e-05)
(2.84177e-08 1.44742e-07 7.81889e-05)
(5.58952e-08 1.35211e-07 9.52858e-05)
(2.03057e-08 1.52587e-07 0.000103783)
(-1.54908e-08 1.56883e-07 0.000103788)
(-3.96474e-08 1.44703e-07 9.53005e-05)
(-9.92915e-09 1.43379e-07 7.81956e-05)
(4.63004e-09 7.57054e-08 5.30264e-05)
(1.87551e-08 2.06042e-08 2.09204e-05)
(-1.40384e-08 1.83786e-08 3.42478e-05)
(2.85247e-08 1.26263e-07 8.12156e-05)
(6.98453e-08 1.59459e-07 0.000111869)
(8.27438e-08 1.97232e-07 0.000128429)
(2.47668e-08 2.44859e-07 0.000135268)
(-3.26441e-08 2.46535e-07 0.000135271)
(-9.10038e-08 2.00918e-07 0.000128436)
(-7.15814e-08 1.59754e-07 0.000111879)
(-3.85506e-08 1.08209e-07 8.12139e-05)
(1.73233e-08 3.97983e-08 3.4228e-05)
(-7.85806e-09 4.30167e-08 4.4671e-05)
(1.13717e-07 1.11346e-07 0.000100538)
(1.70383e-07 1.34088e-07 0.000130273)
(1.59714e-07 1.70913e-07 0.000142391)
(5.45928e-08 2.15068e-07 0.000146223)
(-5.70243e-08 2.17116e-07 0.000146222)
(-1.63342e-07 1.75199e-07 0.000142389)
(-1.71908e-07 1.34856e-07 0.000130274)
(-1.2183e-07 1.0402e-07 0.000100534)
(1.59909e-09 4.38355e-08 4.4655e-05)
(1.83594e-08 1.83377e-08 5.03667e-05)
(2.08518e-07 3.77884e-08 0.000109932)
(2.71817e-07 4.40502e-08 0.000137534)
(2.30371e-07 5.91483e-08 0.000146599)
(7.97172e-08 7.71465e-08 0.000148815)
(-8.03907e-08 7.80122e-08 0.000148813)
(-2.28206e-07 6.01616e-08 0.000146591)
(-2.66557e-07 4.38024e-08 0.000137525)
(-2.02739e-07 3.70432e-08 0.000109923)
(-1.61151e-08 2.19228e-08 5.03549e-05)
(2.06331e-08 -1.17815e-08 5.03682e-05)
(2.13702e-07 -4.47197e-08 0.000109937)
(2.74841e-07 -4.53716e-08 0.000137537)
(2.30826e-07 -6.7118e-08 0.000146598)
(8.07981e-08 -8.27671e-08 0.000148812)
(-8.09074e-08 -8.32993e-08 0.000148809)
(-2.29287e-07 -7.03863e-08 0.000146588)
(-2.68865e-07 -5.33238e-08 0.000137524)
(-2.04198e-07 -4.6264e-08 0.000109927)
(-1.71293e-08 -6.0462e-10 5.03624e-05)
(-3.88367e-09 -4.16128e-08 4.46715e-05)
(1.27297e-07 -1.15829e-07 0.000100551)
(1.83436e-07 -1.25772e-07 0.000130284)
(1.63147e-07 -1.76711e-07 0.00014239)
(5.47852e-08 -2.2176e-07 0.000146215)
(-6.09394e-08 -2.24819e-07 0.000146212)
(-1.67966e-07 -1.87693e-07 0.000142382)
(-1.83335e-07 -1.44758e-07 0.000130275)
(-1.27036e-07 -1.14795e-07 0.000100545)
(-1.67957e-09 -1.98915e-08 4.46683e-05)
(-1.36838e-08 -1.86983e-08 3.42413e-05)
(4.39058e-08 -1.28322e-07 8.12267e-05)
(9.16041e-08 -1.39281e-07 0.000111884)
(9.1303e-08 -1.96634e-07 0.000128427)
(2.65845e-08 -2.49269e-07 0.000135258)
(-4.27087e-08 -2.52037e-07 0.000135257)
(-1.10254e-07 -2.08802e-07 0.000128427)
(-1.15517e-07 -1.6203e-07 0.000111884)
(-6.53307e-08 -1.37718e-07 8.1227e-05)
(-5.51215e-10 2.31508e-10 3.42402e-05)
(8.27211e-09 1.37298e-09 2.09292e-05)
(9.16038e-09 -1.02113e-07 5.30265e-05)
(4.31278e-08 -1.09068e-07 7.81817e-05)
(5.88713e-08 -1.26652e-07 9.5279e-05)
(1.73322e-08 -1.53389e-07 0.00010377)
(-2.51582e-08 -1.54072e-07 0.000103774)
(-6.83487e-08 -1.38554e-07 9.52914e-05)
(-4.3565e-08 -1.4045e-07 7.82e-05)
(-1.76458e-08 -1.21396e-07 5.30385e-05)
(-2.59402e-08 1.32072e-08 2.09303e-05)
(1.89042e-08 1.26914e-08 7.89555e-06)
(-7.17343e-09 -2.6698e-08 1.98471e-05)
(-1.75159e-08 -2.114e-08 3.18312e-05)
(8.45894e-09 -2.10873e-09 4.09806e-05)
(2.98623e-09 4.88638e-09 4.58512e-05)
(1.66515e-08 3.13152e-09 4.58594e-05)
(1.70137e-08 -1.30334e-08 4.09952e-05)
(4.10389e-08 -4.56515e-08 3.18477e-05)
(6.5693e-09 -3.36648e-08 1.98577e-05)
(-2.78186e-08 1.74286e-08 7.89784e-06)
(2.49912e-09 -5.21952e-09 7.98314e-06)
(3.20133e-08 -3.51444e-08 2.00385e-05)
(4.75265e-08 -3.05329e-08 3.21242e-05)
(3.49935e-08 -1.24589e-09 4.13551e-05)
(2.34507e-08 1.93879e-08 4.6268e-05)
(6.89837e-09 2.25919e-08 4.62683e-05)
(-2.47605e-09 1.25617e-08 4.13557e-05)
(-1.80974e-08 -6.82811e-09 3.21251e-05)
(-2.07101e-08 -2.19057e-08 2.00416e-05)
(-1.21197e-08 -1.22121e-08 7.98522e-06)
(-6.39057e-09 -3.90603e-09 2.11298e-05)
(-1.25583e-08 -5.74132e-08 5.34057e-05)
(-1.96051e-08 -4.71644e-08 7.86991e-05)
(-1.71127e-08 -2.29119e-09 9.58595e-05)
(-5.38541e-09 2.59309e-08 0.000104357)
(7.26861e-09 3.03106e-08 0.000104358)
(1.84441e-08 1.60373e-08 9.58591e-05)
(2.33397e-08 -1.45832e-08 7.86966e-05)
(1.1862e-08 -3.42834e-08 5.34063e-05)
(-2.18381e-09 -1.01861e-08 2.11333e-05)
(-1.74005e-08 2.32496e-08 3.4566e-05)
(-2.90585e-08 -3.73046e-08 8.17611e-05)
(-2.33014e-08 -3.42564e-08 0.000112495)
(-1.51978e-08 5.13653e-09 0.000129059)
(-1.04559e-08 2.79234e-08 0.000135885)
(-1.65331e-09 3.34157e-08 0.000135885)
(2.31855e-09 1.91683e-08 0.000129059)
(1.34698e-08 -8.63814e-09 0.000112492)
(2.16867e-08 -1.84734e-08 8.17549e-05)
(8.26276e-09 1.35879e-08 3.45657e-05)
(9.64262e-09 2.67037e-08 4.5082e-05)
(2.14027e-08 -1.77976e-08 0.00010114)
(2.83092e-08 -2.00536e-08 0.000130912)
(2.35635e-08 7.58028e-09 0.000143055)
(4.58265e-09 2.48346e-08 0.000146903)
(-1.32747e-08 2.86179e-08 0.000146902)
(-3.0719e-08 1.71272e-08 0.000143053)
(-2.85225e-08 -1.40317e-09 0.000130909)
(-1.35974e-08 -5.13551e-09 0.000101135)
(-6.98608e-09 1.97173e-08 4.50788e-05)
(2.42189e-08 1.76481e-08 5.08138e-05)
(4.84906e-08 -3.43989e-09 0.000110526)
(5.97687e-08 -8.51829e-09 0.000138161)
(4.91115e-08 -1.65227e-10 0.000147287)
(1.43525e-08 6.07773e-09 0.000149546)
(-2.26579e-08 7.16016e-09 0.000149545)
(-5.50481e-08 2.7159e-09 0.000147284)
(-6.1497e-08 -1.38304e-09 0.000138155)
(-4.5268e-08 2.78501e-09 0.00011052)
(-2.18294e-08 1.7479e-08 5.08085e-05)
(2.707e-08 8.7906e-09 5.08137e-05)
(5.30693e-08 5.73702e-09 0.000110527)
(6.54001e-08 -2.67928e-09 0.000138161)
(5.25771e-08 -1.14889e-08 0.000147287)
(1.51805e-08 -1.72999e-08 0.000149545)
(-2.37916e-08 -1.79002e-08 0.000149544)
(-5.83307e-08 -1.23457e-08 0.000147284)
(-6.66515e-08 -2.57673e-09 0.000138156)
(-5.11579e-08 5.59179e-09 0.000110522)
(-2.54859e-08 2.99424e-09 5.08087e-05)
(2.0073e-08 7.65267e-10 4.5081e-05)
(3.5945e-08 1.66796e-08 0.000101142)
(4.30952e-08 5.71452e-09 0.000130911)
(3.35714e-08 -1.66202e-08 0.000143054)
(7.75755e-09 -3.44291e-08 0.000146901)
(-1.6378e-08 -3.82126e-08 0.000146901)
(-3.76382e-08 -2.44978e-08 0.000143053)
(-4.18046e-08 -5.15648e-10 0.000130911)
(-2.95776e-08 1.33803e-08 0.00010114)
(-1.57555e-08 -3.4981e-09 4.5075e-05)
(1.18204e-09 -3.32727e-09 3.45637e-05)
(-4.54258e-09 2.89302e-08 8.17595e-05)
(-2.32381e-09 2.25068e-08 0.000112492)
(-5.60933e-10 -9.13461e-09 0.000129057)
(-3.79898e-09 -3.2411e-08 0.000135884)
(-4.84305e-09 -3.87978e-08 0.000135885)
(-3.80486e-09 -2.23313e-08 0.000129061)
(1.33767e-09 1.23216e-08 0.000112495)
(7.76456e-09 2.48218e-08 8.17583e-05)
(1.91514e-09 -4.02916e-09 3.45566e-05)
(1.60441e-09 8.29274e-09 2.11267e-05)
(-6.12207e-09 4.23186e-08 5.34014e-05)
(-1.12411e-08 3.72171e-08 7.86959e-05)
(-6.29451e-09 2.71551e-09 9.58576e-05)
(-7.56639e-10 -2.26619e-08 0.000104356)
(6.16954e-09 -3.09268e-08 0.000104358)
(1.26829e-08 -1.3943e-08 9.58611e-05)
(1.81468e-08 2.55447e-08 7.86978e-05)
(1.1493e-08 3.87581e-08 5.33973e-05)
(2.10095e-10 8.28859e-09 2.11218e-05)
(5.95296e-09 6.45261e-09 7.98268e-06)
(2.14661e-08 2.40138e-08 2.00376e-05)
(3.23716e-08 2.04558e-08 3.21272e-05)
(2.61854e-08 -2.87408e-10 4.13566e-05)
(1.62957e-08 -1.63385e-08 4.62694e-05)
(4.77429e-09 -2.13868e-08 4.62685e-05)
(-1.09308e-08 -1.0104e-08 4.13539e-05)
(-2.57798e-08 1.48439e-08 3.2122e-05)
(-2.36397e-08 2.43965e-08 2.00339e-05)
(-8.82397e-09 8.3347e-09 7.9806e-06)
(-9.00852e-09 6.11849e-09 7.9691e-06)
(5.13739e-09 -5.75691e-09 2.00088e-05)
(1.91548e-08 -5.68302e-09 3.20687e-05)
(1.9367e-08 -1.59649e-09 4.12641e-05)
(1.38012e-08 4.83846e-09 4.61547e-05)
(8.37033e-10 5.56079e-09 4.61517e-05)
(-7.68091e-09 1.31841e-09 4.12577e-05)
(-1.08559e-08 -4.48211e-09 3.20585e-05)
(7.82092e-10 -5.34731e-09 1.99995e-05)
(1.42081e-08 8.66012e-09 7.96473e-06)
(-8.63274e-09 1.10143e-08 2.10944e-05)
(-1.74855e-09 -2.19815e-09 5.33352e-05)
(6.70637e-09 -4.4578e-09 7.85755e-05)
(9.47089e-09 4.85842e-09 9.5709e-05)
(8.75738e-09 1.90346e-08 0.000104201)
(1.10849e-08 2.07651e-08 0.000104201)
(1.39461e-08 1.13747e-08 9.57077e-05)
(1.72569e-08 2.14646e-09 7.85695e-05)
(2.41564e-08 1.0389e-08 5.33242e-05)
(2.17386e-08 2.34516e-08 2.10867e-05)
(-1.71961e-08 2.70522e-08 3.44946e-05)
(-2.19294e-08 1.59866e-08 8.16335e-05)
(-1.71222e-08 -4.75574e-09 0.00011234)
(-9.2846e-09 -2.14571e-09 0.00012892)
(-2.5233e-09 1.17905e-08 0.000135764)
(8.84383e-09 1.40197e-08 0.000135765)
(1.79403e-08 3.95607e-09 0.000128923)
(2.63183e-08 3.24535e-09 0.000112341)
(3.28223e-08 3.06014e-08 8.16291e-05)
(2.62268e-08 4.14372e-08 3.44878e-05)
(-7.6792e-09 3.13104e-08 4.49701e-05)
(1.2607e-09 1.69651e-08 0.000100996)
(3.03392e-09 -6.35971e-09 0.000130783)
(1.09652e-09 -8.2387e-09 0.00014297)
(-3.50122e-09 2.10174e-09 0.000146844)
(-3.99292e-09 3.53435e-09 0.000146845)
(-6.8304e-09 -3.25507e-09 0.000142971)
(-6.26441e-09 -1.73756e-10 0.000130784)
(-1.88683e-09 2.53641e-08 0.000100996)
(9.33063e-09 3.9873e-08 4.49682e-05)
(4.89285e-09 1.48759e-08 5.0683e-05)
(2.60187e-08 9.09045e-09 0.000110384)
(2.54441e-08 -2.27225e-09 0.000138055)
(1.58392e-08 -6.81836e-09 0.000147236)
(1.09601e-09 -4.08009e-09 0.000149526)
(-1.15778e-08 -3.80398e-09 0.000149526)
(-2.39734e-08 -5.5282e-09 0.000147236)
(-3.02041e-08 -8.03728e-10 0.000138055)
(-2.73101e-08 1.29535e-08 0.000110385)
(-4.47884e-09 2.07918e-08 5.06824e-05)
(6.10446e-09 -2.90671e-09 5.06803e-05)
(3.00772e-08 -8.32138e-10 0.000110385)
(2.93899e-08 2.82818e-09 0.000138056)
(1.68349e-08 -3.06045e-09 0.000147236)
(1.95994e-09 -7.59007e-09 0.000149526)
(-1.08983e-08 -8.7908e-09 0.000149526)
(-2.51777e-08 -6.39253e-09 0.000147237)
(-3.26327e-08 -1.27917e-09 0.000138056)
(-2.97616e-08 -1.00554e-09 0.000110385)
(-6.43126e-09 2.92187e-10 5.06802e-05)
(-3.22122e-09 -2.32447e-08 4.4964e-05)
(9.93389e-09 -9.75142e-09 0.000100997)
(9.50305e-09 9.03849e-09 0.000130786)
(4.56632e-09 7.49474e-10 0.000142972)
(-2.47773e-09 -1.09174e-08 0.000146845)
(-5.56152e-09 -1.46471e-08 0.000146846)
(-1.10258e-08 -7.969e-09 0.000142973)
(-1.25719e-08 -1.71563e-09 0.000130786)
(-9.55076e-09 -1.34963e-08 0.000100996)
(2.40234e-09 -1.763e-08 4.49634e-05)
(-1.42984e-08 -2.59831e-08 3.44857e-05)
(-1.31072e-08 -7.25343e-09 8.16317e-05)
(-1.28263e-08 1.11306e-08 0.000112342)
(-8.14906e-09 -9.03038e-10 0.000128923)
(-4.2629e-09 -1.78419e-08 0.000135766)
(1.56089e-09 -2.19236e-08 0.000135767)
(5.92261e-09 -1.3353e-08 0.000128925)
(1.17314e-08 -7.65171e-09 0.000112342)
(1.19911e-08 -1.64194e-08 8.16286e-05)
(1.01485e-08 -1.83759e-08 3.44832e-05)
(-1.28154e-08 -1.61538e-08 2.10855e-05)
(9.18607e-10 1.11183e-08 5.33256e-05)
(1.18719e-08 1.5125e-08 7.85706e-05)
(1.21046e-08 -4.22153e-09 9.57081e-05)
(8.26516e-09 -2.01724e-08 0.000104202)
(7.07928e-09 -2.36551e-08 0.000104201)
(3.53739e-09 -1.58615e-08 9.57062e-05)
(2.56535e-10 -5.11204e-09 7.85671e-05)
(1.64825e-09 -2.48458e-09 5.33223e-05)
(8.60927e-09 -1.2338e-08 2.10846e-05)
(-1.5693e-08 -1.02612e-08 7.96501e-06)
(4.49616e-09 9.24805e-09 1.99999e-05)
(2.48475e-08 1.21631e-08 3.20601e-05)
(2.29586e-08 2.38814e-09 4.12593e-05)
(1.55458e-08 -4.31246e-09 4.61527e-05)
(2.86208e-09 -6.25509e-09 4.61505e-05)
(-6.37004e-09 -1.96212e-09 4.12561e-05)
(-9.23495e-09 2.79406e-09 3.20567e-05)
(8.33078e-10 2.82771e-09 1.99983e-05)
(1.10885e-08 -8.1286e-09 7.96447e-06)
(1.89658e-09 -2.3348e-09 7.96389e-06)
(3.6823e-10 1.24599e-09 1.99994e-05)
(-1.45761e-09 3.81278e-09 3.20645e-05)
(1.84949e-09 6.85236e-10 4.12695e-05)
(5.56012e-09 -1.27008e-10 4.61657e-05)
(3.01176e-09 8.41746e-10 4.61644e-05)
(7.0427e-09 2.05548e-09 4.1267e-05)
(9.95209e-09 8.50932e-09 3.20613e-05)
(3.37534e-10 3.18674e-09 1.99977e-05)
(-7.38308e-09 -5.50818e-09 7.96384e-06)
(-1.05788e-09 6.64432e-10 2.10846e-05)
(-3.43861e-09 5.04474e-09 5.33262e-05)
(1.19206e-09 4.54241e-09 7.85813e-05)
(5.91196e-09 -3.73302e-10 9.57226e-05)
(6.26729e-09 3.76965e-09 0.000104213)
(3.16885e-09 4.34343e-09 0.000104212)
(3.09907e-09 2.38034e-09 9.57185e-05)
(6.211e-09 1.18911e-08 7.85757e-05)
(2.75708e-09 7.7735e-09 5.33226e-05)
(-3.72286e-09 -4.84257e-09 2.10849e-05)
(2.88469e-09 4.49851e-09 3.44907e-05)
(6.40623e-09 4.50532e-09 8.16391e-05)
(5.9392e-09 3.53057e-09 0.000112352)
(4.75002e-09 -1.21928e-09 0.000128931)
(1.70284e-09 2.78687e-09 0.000135771)
(2.36e-09 3.40838e-09 0.000135771)
(1.31025e-09 2.81463e-09 0.00012893)
(5.19224e-10 1.10198e-08 0.00011235)
(-6.5415e-10 8.35536e-09 8.16389e-05)
(-3.07777e-09 -3.9764e-11 3.44923e-05)
(5.01955e-09 1.86209e-09 4.49752e-05)
(7.53468e-09 5.49355e-09 0.000101005)
(5.45692e-09 4.19576e-09 0.00013079)
(2.92133e-09 -6.11282e-10 0.000142979)
(-1.87051e-09 -1.39454e-09 0.000146855)
(-1.88344e-09 -8.22307e-10 0.000146855)
(-4.75823e-09 1.37613e-09 0.000142979)
(-3.26528e-09 9.20334e-09 0.000130792)
(-1.27928e-09 1.01997e-08 0.000101008)
(-1.98273e-09 2.75369e-09 4.49775e-05)
(3.40489e-09 1.79075e-09 5.06906e-05)
(8.56498e-09 6.20575e-09 0.00011039)
(8.41807e-09 3.05877e-09 0.000138058)
(5.47059e-09 -2.13288e-09 0.000147245)
(-1.19978e-09 -3.38629e-09 0.000149541)
(-6.11696e-09 -3.9311e-09 0.000149541)
(-1.03856e-08 -2.21993e-09 0.000147247)
(-9.69873e-09 3.96136e-09 0.000138061)
(-6.72188e-09 9.35139e-09 0.000110393)
(-2.06894e-09 4.31318e-09 5.06927e-05)
(4.26882e-09 -2.36873e-09 5.06896e-05)
(1.07767e-08 5.12178e-09 0.000110389)
(7.92125e-09 4.08176e-09 0.000138058)
(4.41402e-09 -2.83205e-09 0.000147246)
(-1.29845e-09 -5.18113e-09 0.000149542)
(-6.17853e-09 -5.55138e-09 0.000149542)
(-1.04257e-08 -4.16487e-09 0.000147248)
(-1.12215e-08 2.03372e-09 0.000138061)
(-1.12532e-08 5.02557e-09 0.000110392)
(-4.1738e-09 6.70573e-10 5.06909e-05)
(4.25822e-09 -6.20796e-09 4.49734e-05)
(1.09655e-08 8.58961e-09 0.000101004)
(4.54178e-09 5.71124e-09 0.000130791)
(5.86478e-10 -4.16793e-09 0.00014298)
(-2.17801e-09 -6.88524e-09 0.000146856)
(-3.19984e-09 -8.48426e-09 0.000146857)
(-4.56071e-09 -8.22968e-09 0.000142981)
(-4.79106e-09 7.47699e-10 0.000130793)
(-8.67593e-09 5.32999e-09 0.000101005)
(-3.34824e-09 -4.56253e-09 4.49738e-05)
(-1.41683e-09 -9.37885e-09 3.44893e-05)
(9.07677e-09 1.45474e-08 8.16358e-05)
(7.53218e-09 8.85366e-09 0.000112351)
(3.29554e-09 -5.85944e-09 0.000128931)
(6.1602e-10 -1.08462e-08 0.000135773)
(3.16952e-10 -1.37227e-08 0.000135773)
(-1.01211e-09 -1.13127e-08 0.000128931)
(-4.40931e-09 3.33816e-09 0.000112351)
(-6.33423e-09 1.01191e-08 8.16353e-05)
(1.79105e-09 -8.16015e-09 3.44876e-05)
(-4.99657e-09 -3.741e-09 2.10835e-05)
(6.63292e-09 1.44337e-08 5.3323e-05)
(1.394e-08 5.67873e-09 7.8579e-05)
(1.33921e-08 -4.2582e-09 9.57222e-05)
(8.57383e-09 -8.16717e-09 0.000104215)
(1.47692e-09 -1.0825e-08 0.000104213)
(-4.45092e-09 -8.71843e-09 9.57184e-05)
(-9.38617e-09 4.58104e-09 7.85748e-05)
(-4.69767e-09 1.14299e-08 5.33195e-05)
(5.12848e-09 -4.50886e-09 2.10805e-05)
(-1.76038e-09 2.33232e-10 7.96436e-06)
(6.29392e-09 5.49518e-09 2.00002e-05)
(1.08768e-08 1.52475e-11 3.20646e-05)
(8.37879e-09 -1.1315e-09 4.12706e-05)
(5.488e-09 -1.06623e-09 4.61662e-05)
(1.03731e-09 -1.85289e-09 4.61637e-05)
(-4.24309e-09 -2.02881e-09 4.12655e-05)
(-9.33376e-09 1.78871e-09 3.2058e-05)
(-2.80688e-09 3.86461e-09 1.99952e-05)
(4.70421e-09 -2.61984e-09 7.96199e-06)
(3.87001e-09 -3.83853e-09 7.96066e-06)
(7.01517e-09 -4.3775e-09 1.99938e-05)
(6.2373e-09 -1.18961e-09 3.20556e-05)
(4.5665e-09 -9.10687e-10 4.12632e-05)
(5.03263e-09 -3.1873e-11 4.61623e-05)
(-8.50587e-10 2.29815e-11 4.61615e-05)
(1.47023e-09 3.24368e-10 4.12624e-05)
(-2.35685e-09 1.28122e-09 3.20553e-05)
(-4.13015e-09 -2.59226e-09 1.99943e-05)
(7.7183e-11 -1.76022e-09 7.96134e-06)
(-1.48829e-09 4.4631e-11 2.10758e-05)
(5.11735e-09 -8.01495e-09 5.33174e-05)
(6.41487e-09 -2.46904e-09 7.8574e-05)
(7.4604e-09 -2.46323e-09 9.57206e-05)
(6.97841e-09 3.03027e-09 0.000104216)
(1.4082e-09 3.42955e-09 0.000104215)
(-6.18815e-10 1.2746e-09 9.57191e-05)
(-3.50937e-09 2.25024e-09 7.85728e-05)
(-4.23239e-09 -5.37555e-09 5.33173e-05)
(1.85568e-09 5.11288e-10 2.10763e-05)
(1.89999e-09 1.51802e-09 3.44764e-05)
(8.00437e-09 -9.37706e-09 8.16314e-05)
(4.82275e-09 -2.20385e-09 0.000112354)
(3.51347e-09 -2.7788e-09 0.000128937)
(1.92745e-09 1.72501e-09 0.000135778)
(1.96659e-09 3.29873e-09 0.000135778)
(1.87109e-10 2.31466e-09 0.000128937)
(-1.97112e-09 3.51161e-09 0.000112353)
(-3.8419e-09 -4.48849e-09 8.16318e-05)
(9.1089e-10 4.55845e-09 3.44775e-05)
(4.24471e-09 -3.34831e-09 4.49636e-05)
(4.10232e-09 -4.09721e-09 0.000101001)
(2.86501e-10 1.36096e-09 0.000130795)
(1.24762e-10 -3.67644e-10 0.000142986)
(-2.3299e-09 -1.31696e-09 0.000146863)
(-1.07887e-09 -4.44922e-10 0.000146864)
(-2.77905e-09 1.65854e-09 0.000142986)
(4.21727e-10 5.26807e-09 0.000130795)
(-1.7731e-09 1.8921e-09 0.000101001)
(-3.173e-09 9.84967e-10 4.49652e-05)
(1.84996e-09 -1.35764e-09 5.0682e-05)
(1.42609e-09 1.07097e-09 0.000110385)
(-8.16395e-10 1.39131e-09 0.000138061)
(-3.5712e-10 -1.42771e-09 0.000147252)
(-2.74544e-09 -2.24456e-09 0.000149549)
(-3.49107e-09 -2.54819e-09 0.00014955)
(-4.09222e-09 -1.70688e-09 0.000147254)
(-1.09884e-09 3.42153e-09 0.000138063)
(-5.76945e-10 5.5415e-09 0.000110387)
(-1.02405e-09 3.67142e-09 5.06835e-05)
(2.31985e-09 -1.11066e-09 5.06815e-05)
(3.75748e-09 3.72038e-09 0.000110383)
(3.05596e-10 1.75239e-09 0.00013806)
(3.13843e-11 -3.21521e-09 0.000147253)
(-2.13178e-09 -3.65195e-09 0.00014955)
(-3.66565e-09 -4.0926e-09 0.00014955)
(-4.30925e-09 -4.57893e-09 0.000147254)
(-2.45184e-09 1.88346e-09 0.000138062)
(-2.77349e-09 7.63009e-09 0.000110386)
(-1.98552e-09 4.10068e-09 5.06833e-05)
(1.68922e-09 -2.79023e-09 4.49631e-05)
(4.63714e-09 8.18349e-09 0.000100997)
(1.9853e-09 4.34358e-09 0.000130793)
(1.70951e-10 -5.29811e-09 0.000142987)
(-1.89354e-09 -3.87196e-09 0.000146865)
(-3.02907e-09 -5.214e-09 0.000146865)
(-3.76577e-09 -8.84539e-09 0.000142987)
(-4.89216e-09 5.69588e-10 0.000130794)
(-7.241e-09 1.18924e-08 0.000100999)
(-3.5065e-09 6.13371e-09 4.49644e-05)
(-1.514e-09 -3.08547e-09 3.44758e-05)
(8.5978e-09 9.85027e-09 8.16288e-05)
(1.07626e-08 7.71972e-09 0.000112352)
(4.71877e-09 -3.55531e-09 0.000128938)
(1.55548e-09 -5.50199e-09 0.000135781)
(-1.18087e-09 -7.32694e-09 0.000135781)
(-4.06846e-09 -8.54922e-09 0.000128937)
(-1.17912e-08 3.77904e-09 0.000112351)
(-1.29633e-08 1.1795e-08 8.1628e-05)
(-4.6201e-09 6.98613e-09 3.44765e-05)
(-2.56255e-09 -8.96495e-10 2.10757e-05)
(2.80152e-09 2.64527e-09 5.33174e-05)
(1.16681e-08 7.1197e-09 7.85761e-05)
(9.50895e-09 -5.12846e-10 9.57233e-05)
(5.31626e-09 -3.98475e-09 0.000104219)
(9.18242e-10 -5.5547e-09 0.000104219)
(-4.22395e-09 -3.75936e-09 9.57213e-05)
(-1.09645e-08 7.27267e-09 7.85737e-05)
(-7.84719e-09 5.4169e-09 5.33153e-05)
(-2.89048e-09 3.76179e-09 2.10753e-05)
(7.32288e-10 1.1018e-09 7.96158e-06)
(-1.92559e-09 -2.49531e-09 1.99958e-05)
(4.03352e-09 2.53733e-09 3.20587e-05)
(4.37465e-09 -1.87798e-10 4.12659e-05)
(1.11732e-09 4.66718e-11 4.61654e-05)
(8.26774e-10 -4.28875e-10 4.61648e-05)
(-4.12278e-09 -7.92621e-11 4.1265e-05)
(-4.92676e-09 4.29872e-09 3.20582e-05)
(-1.84189e-09 7.40039e-10 1.99949e-05)
(-4.37042e-09 2.88146e-09 7.96142e-06)
(-1.32601e-08 1.01486e-08 7.96103e-06)
(-7.87111e-09 1.23598e-09 1.99934e-05)
(-5.88632e-09 3.00619e-09 3.20556e-05)
(-6.35053e-09 9.24312e-10 4.12632e-05)
(-1.65873e-10 -1.94411e-09 4.61624e-05)
(3.18353e-10 -1.49505e-09 4.61625e-05)
(5.49081e-09 3.65455e-10 4.12634e-05)
(4.86505e-09 1.70918e-09 3.20558e-05)
(8.1732e-09 6.80768e-10 1.99935e-05)
(1.22838e-08 8.77786e-09 7.96088e-06)
(-1.0723e-08 1.35809e-08 2.10753e-05)
(-7.57186e-09 3.04867e-09 5.33139e-05)
(-5.70662e-09 2.02322e-09 7.85709e-05)
(-2.83205e-09 -1.28996e-09 9.57194e-05)
(1.32574e-09 -4.30826e-09 0.000104216)
(4.27112e-09 -3.4198e-09 0.000104217)
(8.74332e-09 -7.79861e-10 9.57194e-05)
(1.09404e-08 1.99805e-09 7.8572e-05)
(1.04956e-08 4.93234e-09 5.33142e-05)
(1.14742e-08 1.45538e-08 2.10754e-05)
(-6.53168e-09 1.27503e-08 3.44768e-05)
(-6.82853e-09 6.54285e-09 8.16281e-05)
(-5.46339e-09 -6.56125e-10 0.00011235)
(-9.05087e-10 -5.01507e-09 0.000128937)
(6.4986e-10 -5.12224e-09 0.000135779)
(1.97309e-09 -4.46715e-09 0.000135779)
(3.76783e-09 -3.3701e-09 0.000128937)
(7.27386e-09 1.18198e-09 0.00011235)
(8.62854e-09 9.17557e-09 8.1628e-05)
(7.13112e-09 1.36929e-08 3.44763e-05)
(-3.09777e-10 1.03731e-08 4.49633e-05)
(1.42309e-09 6.01685e-09 0.000100999)
(2.92683e-10 5.06603e-10 0.000130794)
(5.43596e-10 -4.49831e-09 0.000142987)
(-2.04045e-09 -4.61812e-09 0.000146866)
(-2.44167e-09 -4.36162e-09 0.000146866)
(-3.726e-09 -3.68561e-09 0.000142988)
(-2.36676e-09 1.35886e-09 0.000130794)
(-2.63277e-09 5.80718e-09 0.000100999)
(-1.77908e-10 9.83497e-09 4.49637e-05)
(3.7847e-10 2.39976e-09 5.06818e-05)
(1.90722e-09 2.78056e-09 0.000110386)
(1.96607e-09 1.41815e-09 0.000138063)
(1.15651e-09 -3.09922e-09 0.000147255)
(-2.14667e-09 -2.82129e-09 0.000149552)
(-4.09273e-09 -3.0388e-09 0.000149553)
(-5.14356e-09 -3.15259e-09 0.000147256)
(-3.93138e-09 1.13128e-09 0.000138063)
(-3.68693e-09 3.24081e-09 0.000110387)
(-1.14865e-09 3.33656e-09 5.06828e-05)
(1.08157e-09 1.75231e-09 5.06816e-05)
(3.75666e-09 -1.25436e-09 0.000110385)
(3.30384e-09 -3.90589e-10 0.000138062)
(1.60729e-09 -2.31729e-09 0.000147255)
(-1.20622e-09 -2.9059e-09 0.000149552)
(-3.33842e-09 -2.13702e-09 0.000149553)
(-4.56379e-09 -3.57015e-09 0.000147256)
(-3.98033e-09 -1.30094e-09 0.000138063)
(-4.46243e-09 -1.17637e-10 0.000110386)
(-1.69434e-09 1.39694e-09 5.06824e-05)
(1.79131e-09 -5.5404e-09 4.49628e-05)
(3.48563e-09 -5.86735e-09 0.000100997)
(1.78622e-09 9.28861e-10 0.000130794)
(1.00846e-09 7.02237e-11 0.000142988)
(-8.64919e-10 2.30098e-12 0.000146866)
(-1.21696e-09 -6.73038e-10 0.000146867)
(-2.68678e-09 -2.73802e-09 0.000142989)
(-2.2846e-09 -1.61411e-09 0.000130794)
(-3.30261e-09 -4.84568e-09 0.000100998)
(-8.14939e-10 -6.26419e-09 4.49632e-05)
(-5.99568e-09 -1.25458e-08 3.44764e-05)
(-6.74681e-09 -4.68878e-09 8.16277e-05)
(-7.25984e-09 5.60696e-10 0.000112351)
(-1.76961e-09 4.79146e-10 0.000128937)
(2.25311e-10 -3.91369e-11 0.000135781)
(1.69282e-09 -8.85812e-10 0.000135781)
(3.37433e-09 -1.92985e-09 0.000128937)
(6.71125e-09 -2.56115e-09 0.00011235)
(5.85758e-09 -5.58334e-09 8.16272e-05)
(5.61385e-09 -1.30339e-08 3.44765e-05)
(-1.3252e-08 -1.75661e-08 2.10751e-05)
(-7.33456e-09 -1.12782e-09 5.33141e-05)
(-4.1556e-09 -7.38794e-11 7.85719e-05)
(-1.37404e-09 -8.01716e-10 9.57199e-05)
(7.01694e-10 -3.19178e-10 0.000104217)
(3.18657e-09 -5.82675e-10 0.000104217)
(5.82343e-09 -1.36114e-09 9.57192e-05)
(6.74049e-09 -5.57281e-11 7.85708e-05)
(6.05951e-09 -4.81858e-11 5.33139e-05)
(1.09882e-08 -1.57025e-08 2.10755e-05)
(-1.94667e-08 -1.47106e-08 7.96067e-06)
(-1.13251e-08 -2.68768e-09 1.99933e-05)
(-3.7667e-09 -1.68397e-09 3.20554e-05)
(-5.8253e-09 -1.12488e-09 4.12629e-05)
(-3.21184e-09 4.66938e-10 4.61624e-05)
(-1.72941e-09 2.1853e-10 4.61624e-05)
(1.85291e-09 -6.82286e-11 4.12629e-05)
(-2.55801e-10 1.21336e-09 3.20559e-05)
(5.41165e-09 1.19549e-09 1.99936e-05)
(1.54351e-08 -1.12634e-08 7.961e-06)
(4.90751e-09 -4.37073e-09 7.96075e-06)
(4.34818e-09 -3.00645e-09 1.99925e-05)
(2.00988e-09 1.15358e-09 3.20549e-05)
(1.49786e-10 5.44556e-10 4.12619e-05)
(2.78766e-09 -1.81077e-10 4.6161e-05)
(-5.26694e-10 -2.52089e-10 4.6161e-05)
(2.69417e-09 5.99913e-11 4.12619e-05)
(1.65525e-09 3.36811e-09 3.20546e-05)
(-1.81025e-09 -1.78073e-09 1.99923e-05)
(-2.55003e-09 -3.43147e-09 7.96042e-06)
(-4.59628e-09 2.79155e-09 2.10758e-05)
(-5.41122e-10 -4.66818e-09 5.33132e-05)
(7.95792e-10 7.43237e-10 7.85697e-05)
(1.27378e-09 -8.93223e-10 9.57179e-05)
(2.29227e-09 2.66704e-10 0.000104214)
(-9.85509e-10 -3.15779e-10 0.000104214)
(-1.0383e-10 -8.91922e-10 9.57173e-05)
(-6.55075e-10 2.7255e-09 7.85702e-05)
(-8.43105e-10 -3.58355e-09 5.33139e-05)
(3.01661e-09 5.782e-10 2.10763e-05)
(8.36056e-10 3.7754e-09 3.44787e-05)
(6.88815e-09 -7.83894e-09 8.16284e-05)
(3.64861e-09 -4.06358e-10 0.000112349)
(2.14248e-09 -2.76668e-09 0.000128936)
(-2.87669e-10 -1.00665e-09 0.000135778)
(9.12227e-10 -3.74326e-10 0.000135778)
(-1.07247e-10 -3.28983e-10 0.000128936)
(-1.00886e-09 1.13099e-09 0.000112349)
(-2.37498e-09 -5.0289e-09 8.16282e-05)
(9.27831e-10 5.10303e-09 3.44783e-05)
(3.76751e-09 -3.31225e-09 4.49661e-05)
(3.59613e-09 -5.71101e-09 0.000101)
(-7.06532e-10 8.62729e-10 0.000130794)
(-1.02488e-10 -4.28746e-10 0.000142988)
(-9.34065e-10 -1.17012e-09 0.000146865)
(7.81466e-10 -1.07258e-09 0.000146866)
(-1.08343e-09 1.0952e-10 0.000142988)
(5.88936e-10 3.09943e-09 0.000130795)
(-1.693e-09 -8.93104e-10 0.000101)
(-2.06329e-09 1.64365e-09 4.49639e-05)
(8.69045e-10 -2.7651e-09 5.06841e-05)
(-1.64283e-09 -1.02304e-09 0.000110389)
(-3.20577e-09 8.80643e-10 0.000138064)
(-1.4612e-09 -7.17755e-10 0.000147256)
(-1.91388e-09 -7.9093e-10 0.000149553)
(-1.7223e-09 -1.84478e-09 0.000149553)
(-1.08855e-09 -1.8401e-09 0.000147256)
(1.35923e-09 1.63806e-09 0.000138064)
(6.18352e-10 2.81906e-09 0.000110388)
(-4.91269e-10 2.40559e-09 5.06835e-05)
(1.38409e-09 -8.74547e-10 5.06843e-05)
(2.21022e-10 2.84425e-09 0.000110389)
(-2.99234e-09 1.65449e-09 0.000138064)
(-1.651e-09 -2.57467e-09 0.000147256)
(-1.38713e-09 -2.59274e-09 0.000149553)
(-1.87844e-09 -2.63746e-09 0.000149554)
(-8.99499e-10 -3.36356e-09 0.000147256)
(1.93326e-09 1.46281e-09 0.000138065)
(6.71145e-10 4.86632e-09 0.000110389)
(-9.7108e-10 3.10478e-09 5.06836e-05)
(5.56039e-10 -1.4109e-09 4.49657e-05)
(1.84336e-09 6.81302e-09 0.000101)
(-1.35503e-09 2.67988e-09 0.000130795)
(-1.99664e-09 -4.15277e-09 0.000142988)
(-1.67559e-09 -2.40174e-09 0.000146866)
(-1.86096e-09 -3.24879e-09 0.000146866)
(-8.64314e-10 -5.69432e-09 0.000142988)
(-1.06138e-09 1.9662e-09 0.000130795)
(-3.82377e-09 9.55153e-09 0.000101)
(-2.52716e-09 4.93274e-09 4.4965e-05)
(-7.91475e-10 -1.69537e-09 3.44784e-05)
(6.97221e-09 8.77762e-09 8.1627e-05)
(7.88713e-09 6.4143e-09 0.000112349)
(2.07922e-09 -3.39277e-09 0.000128935)
(2.6356e-11 -3.08414e-09 0.000135778)
(-1.18652e-09 -4.17739e-09 0.000135778)
(-2.29713e-09 -5.43308e-09 0.000128934)
(-8.29868e-09 3.51251e-09 0.000112348)
(-1.03266e-08 1.01622e-08 8.16265e-05)
(-4.0598e-09 6.18231e-09 3.44787e-05)
(-9.84377e-10 8.48819e-11 2.10756e-05)
(2.84945e-09 3.43789e-09 5.33117e-05)
(8.33294e-09 6.1236e-09 7.85684e-05)
(5.13421e-09 -6.93152e-10 9.57164e-05)
(2.37672e-09 -1.68198e-09 0.000104214)
(-1.00042e-09 -2.80648e-09 0.000104213)
(-5.11117e-09 -2.21939e-09 9.57157e-05)
(-9.92995e-09 6.13318e-09 7.85676e-05)
(-8.2115e-09 5.98496e-09 5.33115e-05)
(-2.63379e-09 2.58213e-09 2.10755e-05)
(4.09194e-09 3.12165e-09 7.96015e-06)
(-8.86297e-10 -8.90475e-10 1.9992e-05)
(5.40125e-10 1.17846e-09 3.20535e-05)
(1.81327e-09 -1.70453e-10 4.12606e-05)
(3.01087e-10 6.2807e-10 4.61594e-05)
(3.6037e-10 -4.53915e-10 4.61592e-05)
(-5.1498e-09 -2.06401e-10 4.12605e-05)
(-4.135e-09 3.79661e-09 3.20528e-05)
(-7.00419e-10 1.00939e-09 1.99918e-05)
(-1.17449e-09 2.79183e-10 7.96007e-06)
(4.19718e-09 -3.0913e-09 7.9611e-06)
(1.08342e-08 -5.78829e-09 1.99943e-05)
(5.07298e-09 2.05868e-09 3.20558e-05)
(1.91547e-10 3.14956e-10 4.12639e-05)
(1.97581e-09 -4.55791e-10 4.61632e-05)
(1.07987e-10 -1.78932e-10 4.61624e-05)
(3.21954e-09 8.97085e-10 4.1263e-05)
(5.58431e-11 2.446e-09 3.20555e-05)
(-2.64132e-09 -2.8954e-09 1.99936e-05)
(-5.44722e-10 -6.28984e-11 7.96059e-06)
(3.79969e-09 -5.37519e-09 2.10756e-05)
(6.21811e-09 -9.35595e-09 5.33154e-05)
(1.083e-09 4.55243e-09 7.85714e-05)
(2.12312e-09 1.12441e-09 9.57204e-05)
(2.9708e-09 3.22196e-10 0.000104217)
(6.8756e-10 -1.55023e-10 0.000104217)
(2.6815e-09 3.68278e-10 9.57191e-05)
(4.2264e-09 2.40296e-09 7.85701e-05)
(4.77965e-09 -2.34226e-09 5.33136e-05)
(6.10079e-09 4.7459e-09 2.10747e-05)
(1.16808e-09 -1.23282e-09 3.44755e-05)
(1.58806e-09 -8.87875e-09 8.16273e-05)
(-1.2196e-09 1.08663e-09 0.000112351)
(1.99924e-09 -5.87693e-10 0.000128938)
(1.51874e-09 -6.61299e-10 0.000135781)
(9.8467e-10 -7.53411e-10 0.000135781)
(-1.62482e-10 -1.44626e-09 0.000128937)
(1.09962e-09 8.32288e-10 0.00011235)
(4.46639e-10 -1.6197e-09 8.16255e-05)
(2.2679e-09 7.18601e-09 3.44747e-05)
(3.61504e-09 -2.401e-09 4.49614e-05)
(3.14295e-09 -6.56362e-09 0.000100996)
(1.41914e-09 1.10384e-09 0.000130794)
(2.79184e-09 -5.65206e-10 0.000142989)
(-4.3208e-11 -7.3773e-10 0.000146868)
(9.64627e-10 -9.611e-10 0.000146868)
(-9.45274e-10 -3.68458e-10 0.000142989)
(1.16141e-09 2.28804e-09 0.000130794)
(-5.67731e-10 2.98632e-10 0.000100996)
(-8.85427e-10 3.10387e-09 4.49615e-05)
(5.54899e-10 -2.58112e-09 5.06796e-05)
(-1.90851e-09 -1.91647e-09 0.000110384)
(-3.76738e-09 2.10665e-09 0.000138063)
(-1.57902e-09 -1.13902e-09 0.000147257)
(-1.1311e-09 2.78183e-11 0.000149554)
(-4.532e-10 -5.83535e-10 0.000149554)
(-8.01843e-10 -9.93712e-10 0.000147257)
(9.37175e-10 1.5941e-09 0.000138063)
(-1.37927e-10 3.06173e-09 0.000110385)
(-1.24909e-09 3.65141e-09 5.06804e-05)
(9.966e-10 3.86043e-09 5.06803e-05)
(-1.23492e-10 3.00534e-09 0.000110384)
(-3.18027e-09 2.43049e-09 0.000138062)
(-2.63616e-09 -3.19275e-09 0.000147257)
(-1.29425e-09 -2.67593e-09 0.000149554)
(-1.5904e-09 -2.3596e-09 0.000149555)
(-8.46729e-10 -3.51543e-09 0.000147257)
(1.1414e-09 2.17694e-09 0.000138063)
(-9.66432e-10 5.58105e-09 0.000110384)
(-1.51141e-09 2.41308e-09 5.06798e-05)
(3.72551e-09 2.5243e-09 4.4961e-05)
(6.44733e-09 7.83448e-09 0.000100995)
(3.30863e-09 6.36665e-09 0.000130793)
(1.01024e-09 -2.77672e-09 0.000142989)
(5.01578e-10 -2.415e-09 0.000146868)
(-8.01821e-10 -2.94332e-09 0.000146868)
(-8.35477e-10 -5.27822e-09 0.00014299)
(-4.95981e-11 2.62938e-09 0.000130793)
(-1.39116e-09 9.66886e-09 0.000100996)
(-5.76035e-10 2.81379e-09 4.49605e-05)
(-3.55192e-10 8.09343e-10 3.44735e-05)
(2.73017e-09 6.46305e-09 8.16257e-05)
(4.66094e-09 8.42312e-09 0.00011235)
(1.73601e-09 -2.51242e-09 0.000128938)
(5.61755e-10 -1.36959e-09 0.000135782)
(-1.21466e-09 -2.44867e-09 0.000135782)
(-1.69294e-09 -5.26132e-09 0.000128938)
(-6.0337e-09 4.93289e-09 0.00011235)
(-6.17219e-09 8.38753e-09 8.16264e-05)
(-1.03866e-09 3.26276e-09 3.44739e-05)
(6.9974e-10 1.50169e-09 2.10746e-05)
(2.13245e-09 3.18809e-09 5.33138e-05)
(6.67041e-09 7.83429e-09 7.85717e-05)
(3.62642e-09 -2.15173e-09 9.57202e-05)
(7.40972e-10 -1.801e-09 0.000104219)
(1.32165e-09 -2.91468e-09 0.000104218)
(-1.9673e-09 -3.35567e-09 9.57201e-05)
(-7.11173e-09 6.37128e-09 7.85713e-05)
(-5.405e-09 4.9453e-09 5.33136e-05)
(-2.29618e-09 2.33844e-09 2.10745e-05)
(-6.92552e-11 7.53964e-11 7.96079e-06)
(1.48344e-09 1.1859e-09 1.99936e-05)
(5.66092e-09 3.71565e-09 3.20569e-05)
(5.57533e-09 -6.67165e-11 4.12639e-05)
(1.09796e-09 -7.19724e-10 4.61639e-05)
(9.66112e-10 -1.15909e-09 4.61632e-05)
(-4.17284e-09 -5.13696e-10 4.12638e-05)
(-6.11229e-09 3.41147e-09 3.20565e-05)
(-3.67019e-09 2.22835e-09 1.99934e-05)
(-1.84297e-09 9.78827e-10 7.96067e-06)
(-1.38623e-08 1.06863e-08 7.96103e-06)
(-5.01339e-09 -4.95248e-10 1.99938e-05)
(-3.01267e-09 2.15462e-09 3.20558e-05)
(-6.53057e-09 1.17035e-09 4.12639e-05)
(-1.44425e-09 -2.11985e-09 4.61632e-05)
(-2.69457e-10 -2.03859e-09 4.6163e-05)
(4.20015e-09 1.61726e-10 4.12634e-05)
(7.41088e-10 1.70455e-10 3.20567e-05)
(3.68848e-09 -2.41418e-09 1.99944e-05)
(1.56064e-08 1.22346e-08 7.9615e-06)
(-6.82181e-09 1.02619e-08 2.10747e-05)
(-3.22097e-09 -4.64445e-10 5.33136e-05)
(-2.25858e-09 7.3941e-10 7.8571e-05)
(1.45491e-09 -3.93776e-10 9.57208e-05)
(3.11327e-09 -4.0459e-09 0.000104218)
(3.12015e-09 -4.23606e-09 0.000104218)
(6.69444e-09 3.02241e-10 9.57199e-05)
(5.99243e-09 1.16809e-09 7.85703e-05)
(3.65368e-09 -1.07929e-09 5.33136e-05)
(9.37002e-09 1.27224e-08 2.10748e-05)
(-3.53297e-09 7.68011e-09 3.44741e-05)
(-3.2112e-09 1.51259e-09 8.16252e-05)
(-2.85231e-09 -1.8009e-09 0.000112349)
(5.34192e-10 -3.31568e-09 0.000128938)
(3.12188e-10 -3.95111e-09 0.000135783)
(-3.71341e-10 -4.04044e-09 0.000135782)
(6.59346e-10 -2.66238e-09 0.000128937)
(2.89938e-09 3.73428e-10 0.000112349)
(9.3946e-10 1.37089e-09 8.16251e-05)
(2.9632e-09 8.77975e-09 3.44749e-05)
(6.75035e-10 6.9477e-09 4.49592e-05)
(1.9905e-09 1.8854e-09 0.000100994)
(9.39682e-10 -1.02236e-09 0.000130794)
(1.1711e-09 -2.65845e-09 0.00014299)
(-7.53843e-10 -2.93544e-09 0.000146869)
(-8.31506e-10 -2.7055e-09 0.000146869)
(-3.03448e-09 -2.44904e-09 0.000142989)
(-2.70003e-09 4.59833e-10 0.000130793)
(-3.68578e-09 1.54204e-11 0.000100995)
(-5.19172e-10 7.35886e-09 4.49619e-05)
(1.26022e-09 1.67528e-10 5.06785e-05)
(1.86383e-09 7.73018e-10 0.000110382)
(-2.53407e-10 4.96085e-10 0.000138062)
(-1.03658e-09 -8.19202e-10 0.000147257)
(-1.51547e-09 -1.04024e-09 0.000149555)
(-1.39145e-09 -1.32619e-09 0.000149556)
(-1.76197e-09 -9.06641e-10 0.000147257)
(-6.58163e-10 1.82517e-09 0.000138063)
(-2.39238e-09 1.10874e-10 0.000110384)
(-1.63435e-09 1.54848e-09 5.06805e-05)
(1.26954e-09 2.45271e-09 5.0679e-05)
(2.17528e-09 1.11155e-09 0.000110382)
(7.9714e-10 3.60828e-10 0.000138062)
(-5.46097e-10 -1.51926e-09 0.000147257)
(-1.13618e-09 -2.0316e-09 0.000149555)
(-6.18386e-10 -2.02788e-09 0.000149555)
(-1.36566e-09 -2.30653e-09 0.000147258)
(-8.59875e-10 4.27888e-10 0.000138063)
(-2.07916e-09 2.00516e-10 0.000110384)
(-1.56012e-09 9.82226e-10 5.06801e-05)
(1.48144e-09 -4.32854e-09 4.49603e-05)
(3.36633e-09 -2.03383e-10 0.000100995)
(2.68596e-09 2.45187e-09 0.000130793)
(3.17904e-09 3.92814e-10 0.00014299)
(8.50195e-10 -1.92108e-10 0.000146869)
(7.87419e-10 -1.63197e-10 0.000146869)
(-7.34258e-10 -1.16735e-09 0.00014299)
(-1.22357e-09 8.12324e-10 0.000130793)
(-2.73247e-09 -1.12977e-09 0.000100996)
(-1.28053e-09 -4.5946e-09 4.49607e-05)
(-1.47177e-09 -7.70762e-09 3.44743e-05)
(-7.34207e-10 6.899e-10 8.16262e-05)
(-2.93537e-09 5.19394e-10 0.000112349)
(1.29876e-09 1.11368e-11 0.000128938)
(1.10746e-09 4.46871e-10 0.000135783)
(1.21145e-09 2.69231e-10 0.000135784)
(1.65308e-09 -1.8812e-09 0.000128939)
(4.08725e-09 -9.45494e-10 0.000112349)
(9.39584e-10 -8.13144e-10 8.16264e-05)
(1.35957e-09 -7.62291e-09 3.4474e-05)
(-7.06843e-09 -1.11683e-08 2.10749e-05)
(-7.46616e-10 3.75749e-09 5.33143e-05)
(-1.21546e-09 -1.43709e-09 7.85718e-05)
(6.87225e-10 -1.96993e-09 9.57207e-05)
(1.45437e-09 9.56228e-10 0.000104219)
(2.08081e-09 -1.15225e-10 0.000104219)
(3.544e-09 -3.09331e-09 9.57208e-05)
(9.97277e-10 6.23676e-10 7.85713e-05)
(-2.46124e-10 4.62046e-09 5.33137e-05)
(9.78775e-09 -1.30172e-08 2.10745e-05)
(-1.72687e-08 -1.34208e-08 7.96133e-06)
(-4.79903e-09 1.29427e-09 1.99942e-05)
(-1.13159e-09 -1.41825e-09 3.20573e-05)
(-4.34124e-09 -1.01629e-09 4.12648e-05)
(-1.77278e-09 1.03681e-09 4.61646e-05)
(-9.98484e-10 4.6465e-10 4.61642e-05)
(4.68561e-10 -9.48755e-10 4.12641e-05)
(-3.22323e-09 1.59234e-09 3.2057e-05)
(4.09468e-09 2.61216e-09 1.99935e-05)
(1.60639e-08 -1.21799e-08 7.96096e-06)
(-1.57742e-08 1.26235e-08 7.96042e-06)
(-7.01471e-09 5.40213e-10 1.99922e-05)
(-4.27207e-09 2.39109e-09 3.20544e-05)
(-6.45243e-09 5.77025e-10 4.12617e-05)
(-1.04116e-09 -2.73564e-09 4.61611e-05)
(-7.33776e-11 -2.57895e-09 4.61609e-05)
(4.94466e-09 3.75265e-10 4.12616e-05)
(3.5426e-09 1.29656e-09 3.20539e-05)
(6.16791e-09 -7.83297e-10 1.99926e-05)
(1.54732e-08 1.21709e-08 7.96053e-06)
(-1.15005e-08 1.47592e-08 2.10759e-05)
(-7.69406e-09 2.18277e-09 5.33129e-05)
(-6.11333e-09 1.49038e-09 7.85678e-05)
(-1.85006e-09 -1.51867e-09 9.57166e-05)
(1.38342e-09 -5.48331e-09 0.000104215)
(3.45035e-09 -4.90565e-09 0.000104215)
(6.9956e-09 -1.11149e-09 9.5717e-05)
(1.05314e-08 2.27127e-09 7.85686e-05)
(1.02497e-08 4.03443e-09 5.33134e-05)
(1.17307e-08 1.59055e-08 2.10756e-05)
(-3.84284e-09 9.95084e-09 3.44779e-05)
(-3.16056e-09 2.74253e-09 8.16274e-05)
(-3.87383e-09 -3.62192e-10 0.000112348)
(-1.20879e-10 -4.07209e-09 0.000128935)
(-1.48297e-10 -4.76607e-09 0.000135779)
(2.34552e-10 -4.55515e-09 0.00013578)
(2.00405e-09 -3.7788e-09 0.000128936)
(6.00335e-09 1.65545e-09 0.000112349)
(5.46725e-09 8.07183e-09 8.16278e-05)
(5.47034e-09 1.27324e-08 3.44784e-05)
(3.57436e-10 7.06932e-09 4.49627e-05)
(3.54893e-09 1.97673e-09 0.000100997)
(2.28432e-09 -9.71427e-10 0.000130794)
(1.34758e-09 -2.62658e-09 0.000142989)
(-5.58131e-11 -3.36173e-09 0.000146868)
(-1.29315e-09 -3.66652e-09 0.000146868)
(-3.77409e-09 -2.64552e-09 0.00014299)
(-3.95134e-09 4.50648e-10 0.000130795)
(-4.12883e-09 3.95374e-09 0.000100998)
(-2.51213e-10 8.05544e-09 4.49641e-05)
(1.06998e-09 1.62495e-10 5.0681e-05)
(1.44871e-09 9.29433e-10 0.000110385)
(8.3998e-10 -1.14382e-10 0.000138063)
(5.01476e-10 -7.1877e-10 0.000147258)
(-9.023e-10 -1.58667e-09 0.000149555)
(-8.98969e-10 -1.57764e-09 0.000149556)
(-2.51489e-09 -7.08323e-10 0.000147258)
(-3.00255e-09 1.32523e-09 0.000138064)
(-3.2154e-09 1.5979e-09 0.000110386)
(-1.21844e-09 1.28663e-09 5.06822e-05)
(1.61958e-09 2.95174e-09 5.06812e-05)
(2.60684e-09 1.74194e-09 0.000110386)
(1.69943e-09 4.44273e-10 0.000138063)
(9.76841e-10 -1.87243e-09 0.000147258)
(-2.52763e-10 -2.53895e-09 0.000149555)
(-8.21837e-10 -1.96254e-09 0.000149556)
(-2.05006e-09 -1.49399e-09 0.000147258)
(-2.08971e-09 3.02488e-10 0.000138064)
(-2.69369e-09 1.27359e-10 0.000110386)
(-1.43338e-09 1.68385e-09 5.06823e-05)
(2.65661e-09 -2.36088e-09 4.49629e-05)
(3.81031e-09 -1.22947e-10 0.000100998)
(2.33471e-09 9.0444e-10 0.000130795)
(3.4166e-09 -2.40884e-10 0.00014299)
(6.858e-10 6.4386e-11 0.000146869)
(-2.24668e-10 1.40921e-10 0.000146869)
(-2.00388e-09 3.79277e-10 0.000142991)
(-1.77647e-09 1.202e-09 0.000130795)
(-3.6063e-09 -1.22775e-09 0.000100998)
(-2.10904e-09 -3.40283e-09 4.4963e-05)
(5.02105e-10 -3.83213e-09 3.44779e-05)
(-7.2797e-10 1.34214e-09 8.16276e-05)
(-3.92859e-09 -1.18033e-09 0.000112349)
(-2.00286e-10 -1.57328e-09 0.000128935)
(-6.07329e-10 6.47189e-11 0.00013578)
(1.56746e-09 6.62841e-10 0.00013578)
(1.7579e-09 -7.24984e-10 0.000128936)
(4.96448e-09 -7.6301e-10 0.000112349)
(6.05944e-10 3.1243e-10 8.1628e-05)
(1.32742e-10 -6.67242e-09 3.44773e-05)
(-5.73335e-09 -9.89425e-09 2.10758e-05)
(1.22903e-09 4.11677e-09 5.33134e-05)
(-4.17426e-10 -8.90981e-10 7.85684e-05)
(-1.04486e-09 -3.31213e-09 9.5716e-05)
(2.52104e-10 5.93565e-10 0.000104215)
(1.94784e-09 1.5201e-10 0.000104215)
(3.97826e-09 -2.15032e-09 9.57168e-05)
(3.2968e-09 1.95473e-09 7.85691e-05)
(1.04549e-09 4.60732e-09 5.33136e-05)
(7.94413e-09 -1.16604e-08 2.10754e-05)
(-1.36367e-08 -1.11279e-08 7.961e-06)
(-6.12054e-09 -1.10062e-10 1.99928e-05)
(-2.84159e-09 -9.95374e-10 3.20539e-05)
(-6.11302e-09 -1.27459e-09 4.12607e-05)
(-2.60239e-09 1.34988e-09 4.61602e-05)
(-3.12041e-09 7.88238e-10 4.61605e-05)
(5.21342e-10 -1.30027e-10 4.12605e-05)
(-2.53264e-09 2.73818e-09 3.20538e-05)
(4.57294e-09 2.22587e-09 1.99924e-05)
(1.49173e-08 -1.12294e-08 7.96072e-06)
(-8.45112e-09 7.39693e-09 7.96073e-06)
(2.69962e-10 -2.97432e-10 1.99928e-05)
(1.71692e-09 -1.44185e-09 3.20551e-05)
(-1.95922e-09 4.46415e-10 4.12625e-05)
(-3.62031e-09 -1.81558e-09 4.6162e-05)
(-5.13877e-10 -1.77462e-09 4.61621e-05)
(-3.39109e-09 -6.97541e-10 4.12626e-05)
(-5.31881e-09 -3.27687e-09 3.20546e-05)
(-1.25135e-09 -1.32413e-09 1.99924e-05)
(1.58695e-09 1.55452e-09 7.9603e-06)
(6.02086e-09 -3.39514e-09 2.10753e-05)
(1.10489e-08 -6.11093e-09 5.33126e-05)
(1.05325e-08 -4.32854e-09 7.85688e-05)
(6.72846e-09 2.99755e-09 9.57177e-05)
(1.20753e-09 -4.83201e-10 0.000104216)
(-3.40243e-09 2.0282e-10 0.000104217)
(-8.74214e-09 1.2851e-09 9.57181e-05)
(-1.34226e-08 -6.59465e-09 7.85686e-05)
(-1.5006e-08 -8.85901e-09 5.33115e-05)
(-9.11626e-09 -6.85538e-09 2.10745e-05)
(3.41964e-09 -7.09713e-09 3.44761e-05)
(5.39186e-09 -6.59032e-09 8.1626e-05)
(4.89093e-09 -4.10354e-09 0.000112348)
(3.03396e-09 4.05298e-09 0.000128936)
(1.24181e-09 4.0473e-09 0.000135781)
(-3.49058e-09 4.03655e-09 0.000135781)
(-6.59143e-09 2.24292e-09 0.000128936)
(-7.42582e-09 -6.2008e-09 0.000112348)
(-6.19648e-09 -9.6876e-09 8.16253e-05)
(-4.85513e-09 -1.03662e-08 3.44757e-05)
(-6.74407e-10 1.33997e-09 4.49623e-05)
(-2.15978e-09 -1.78916e-09 0.000100997)
(-2.33417e-09 -2.84018e-09 0.000130794)
(-1.20518e-09 1.72483e-09 0.000142989)
(-3.49662e-10 3.11235e-09 0.000146868)
(1.10588e-10 2.31286e-09 0.000146868)
(1.65893e-09 1.16739e-10 0.000142989)
(3.08662e-09 -5.2075e-09 0.000130794)
(3.99569e-09 -6.19442e-09 0.000100998)
(2.19906e-09 1.85062e-10 4.49628e-05)
(1.04219e-09 -1.91628e-09 5.06809e-05)
(-1.05434e-10 -4.07063e-10 0.000110385)
(-1.28102e-09 -1.64864e-09 0.000138063)
(-8.74727e-10 1.06159e-09 0.000147257)
(-1.02525e-09 1.07442e-09 0.000149555)
(8.57165e-10 1.07243e-09 0.000149555)
(1.62041e-09 9.94879e-10 0.000147258)
(1.67989e-09 -2.59591e-09 0.000138064)
(1.71354e-10 -2.44535e-09 0.000110387)
(-4.23652e-10 1.56165e-09 5.06816e-05)
(9.05691e-10 8.17695e-11 5.06812e-05)
(-4.44825e-10 1.95083e-09 0.000110385)
(-1.15624e-09 -1.26684e-10 0.000138063)
(-4.45499e-10 1.65834e-09 0.000147257)
(-1.05038e-09 1.2074e-10 0.000149555)
(1.19076e-09 5.82932e-10 0.000149556)
(1.64495e-09 1.44314e-09 0.000147258)
(1.85314e-09 -6.79128e-10 0.000138064)
(7.03292e-10 -7.05152e-10 0.000110386)
(-6.48189e-10 1.43155e-09 5.06817e-05)
(5.91862e-10 -1.06737e-09 4.49622e-05)
(-2.89959e-09 3.48414e-09 0.000100997)
(-5.2379e-09 -1.34953e-09 0.000130794)
(-8.94512e-10 3.19343e-09 0.00014299)
(-5.38809e-10 -6.52641e-10 0.000146869)
(2.69815e-09 -1.00753e-09 0.000146869)
(2.55311e-09 1.57648e-09 0.00014299)
(5.03753e-09 2.9481e-10 0.000130794)
(2.84027e-09 3.2147e-09 0.000100998)
(-1.65023e-09 3.55023e-09 4.49627e-05)
(4.50225e-09 2.98377e-09 3.44759e-05)
(5.41132e-09 1.00257e-08 8.16258e-05)
(-2.20433e-09 -2.2252e-09 0.000112349)
(7.82313e-11 2.40154e-10 0.000128937)
(-1.04554e-09 -2.78105e-09 0.000135781)
(-1.95295e-09 -2.9518e-09 0.000135781)
(-4.12486e-09 8.26664e-10 0.000128937)
(-4.22904e-09 2.04366e-09 0.000112349)
(-1.19643e-08 1.21457e-08 8.16264e-05)
(-8.2733e-09 6.91214e-09 3.44762e-05)
(1.63594e-11 -2.4914e-09 2.10749e-05)
(1.42035e-08 1.77367e-08 5.33132e-05)
(7.386e-09 2.36349e-09 7.85697e-05)
(3.60925e-09 -1.03007e-09 9.57183e-05)
(1.18124e-09 -1.72259e-09 0.000104216)
(-3.67681e-09 -1.96412e-09 0.000104216)
(-5.75672e-09 -2.90675e-10 9.57184e-05)
(-8.67272e-09 5.20253e-09 7.85698e-05)
(-1.34853e-08 1.57503e-08 5.33134e-05)
(6.7602e-10 -4.67808e-09 2.10753e-05)
(-9.46662e-09 -6.72215e-09 7.96065e-06)
(8.41137e-09 9.8524e-09 1.99929e-05)
(1.16478e-08 3.62365e-09 3.20551e-05)
(3.28289e-09 9.70765e-10 4.12623e-05)
(2.59363e-09 2.50016e-10 4.61617e-05)
(-1.07306e-09 1.086e-11 4.61622e-05)
(-1.48862e-09 2.54628e-10 4.12626e-05)
(-7.6696e-09 3.60934e-09 3.20553e-05)
(-1.33648e-09 6.04445e-09 1.99933e-05)
(1.53543e-08 -1.1655e-08 7.96084e-06)
(-1.7505e-08 1.45327e-08 7.96075e-06)
(-7.25015e-09 1.75628e-09 1.99936e-05)
(-5.01905e-09 1.50158e-09 3.20562e-05)
(-7.44362e-09 2.81683e-10 4.12637e-05)
(-1.25752e-09 -2.10904e-09 4.61635e-05)
(-4.21541e-11 -1.98156e-09 4.61638e-05)
(4.10849e-09 1.1514e-10 4.1264e-05)
(4.44806e-09 2.45467e-09 3.20569e-05)
(6.00271e-09 -4.28672e-10 1.99938e-05)
(1.27534e-08 1.04599e-08 7.96089e-06)
(-9.77503e-09 1.4327e-08 2.10739e-05)
(-5.47093e-09 1.79479e-09 5.33123e-05)
(-3.84094e-09 5.61988e-10 7.8572e-05)
(-1.09154e-09 -1.06915e-09 9.57214e-05)
(1.14064e-10 -4.23381e-09 0.00010422)
(2.10467e-09 -4.77547e-09 0.00010422)
(4.56597e-09 -2.25149e-09 9.57224e-05)
(8.00029e-09 1.51253e-09 7.8572e-05)
(7.72585e-09 2.29736e-09 5.33127e-05)
(9.16855e-09 1.31475e-08 2.1074e-05)
(-2.02201e-09 7.26186e-09 3.44732e-05)
(1.34621e-10 -1.39248e-10 8.16236e-05)
(-9.87759e-10 -7.79013e-10 0.000112349)
(2.11579e-09 -2.54226e-09 0.000128939)
(1.84226e-09 -2.99909e-09 0.000135784)
(1.72301e-09 -4.00642e-09 0.000135784)
(2.07026e-09 -3.13802e-09 0.000128939)
(4.24219e-09 1.19524e-10 0.000112349)
(3.51741e-09 4.20718e-09 8.1623e-05)
(4.40921e-09 1.01794e-08 3.44733e-05)
(1.31783e-09 4.52084e-09 4.49606e-05)
(3.67455e-09 -9.17147e-10 0.000100995)
(2.48122e-09 -1.26699e-09 0.000130792)
(2.38216e-09 -1.58312e-09 0.000142989)
(9.32523e-10 -1.10071e-09 0.000146869)
(-4.25322e-10 -1.74235e-09 0.000146869)
(-3.04437e-09 -1.79095e-09 0.000142989)
(-3.23094e-09 -3.72998e-10 0.000130792)
(-4.03629e-09 1.53921e-09 0.000100995)
(-8.46474e-10 6.12698e-09 4.49602e-05)
(1.40538e-09 -6.71596e-10 5.06806e-05)
(1.37367e-09 -5.45895e-10 0.000110385)
(2.95552e-10 -1.8645e-10 0.000138062)
(8.34864e-10 -2.4294e-10 0.000147256)
(-7.63695e-10 -1.14783e-10 0.000149555)
(-1.42647e-09 -2.52672e-10 0.000149555)
(-2.00805e-09 -7.4861e-10 0.000147257)
(-1.32582e-09 2.62365e-10 0.000138061)
(-2.29026e-09 1.3643e-09 0.000110384)
(-1.43062e-09 4.00979e-10 5.06799e-05)
(1.29192e-09 2.00575e-09 5.06805e-05)
(1.0103e-09 4.06091e-10 0.000110384)
(1.66544e-11 -1.95518e-11 0.000138062)
(4.73247e-10 -1.10075e-09 0.000147256)
(-1.43335e-10 -8.91984e-10 0.000149555)
(-2.4311e-10 -5.3727e-10 0.000149555)
(-1.15585e-09 -1.55126e-09 0.000147257)
(-8.07461e-10 -1.11875e-09 0.000138062)
(-1.87088e-09 8.96849e-10 0.000110384)
(-1.14218e-09 1.72346e-10 5.06801e-05)
(2.50457e-09 -2.87093e-09 4.49609e-05)
(2.34972e-09 -7.66858e-11 0.000100995)
(1.52695e-10 5.67477e-10 0.000130792)
(2.22428e-09 4.45102e-10 0.000142989)
(7.56925e-10 1.24549e-09 0.000146869)
(1.05826e-09 1.06623e-09 0.000146869)
(-2.16672e-10 -1.51176e-10 0.000142989)
(-1.53736e-10 4.59478e-10 0.000130792)
(-2.81579e-09 -1.2955e-10 0.000100995)
(-1.4815e-09 -4.98327e-09 4.49617e-05)
(8.64726e-10 -3.89793e-09 3.44734e-05)
(-4.95199e-10 1.91783e-09 8.16233e-05)
(-5.17311e-09 -1.78613e-09 0.000112348)
(-8.36267e-10 -5.93124e-10 0.000128938)
(-9.13198e-10 5.53177e-10 0.000135784)
(4.2062e-10 9.46595e-10 0.000135784)
(1.44792e-09 -1.20613e-09 0.000128939)
(4.10149e-09 -1.59822e-10 0.000112349)
(7.35049e-10 1.36015e-09 8.1624e-05)
(1.47969e-09 -6.59582e-09 3.44747e-05)
(-4.96163e-09 -8.94442e-09 2.10738e-05)
(9.57469e-10 4.13008e-09 5.33119e-05)
(-1.34719e-11 -7.59374e-10 7.85711e-05)
(6.83419e-10 -2.65232e-09 9.57219e-05)
(1.10653e-09 1.24737e-09 0.00010422)
(6.12475e-10 1.07438e-09 0.00010422)
(1.48332e-09 -2.217e-09 9.57217e-05)
(4.75582e-10 1.55521e-09 7.85716e-05)
(-5.51413e-10 5.22496e-09 5.33124e-05)
(7.83486e-09 -1.07069e-08 2.10746e-05)
(-1.6393e-08 -1.20718e-08 7.96067e-06)
(-3.61349e-09 1.62807e-09 1.99937e-05)
(2.14701e-10 9.32112e-11 3.20565e-05)
(-6.01525e-09 -1.82965e-09 4.12652e-05)
(-1.67471e-09 1.39746e-09 4.6165e-05)
(-2.57467e-09 9.52643e-10 4.61648e-05)
(-8.19855e-11 2.45446e-10 4.12656e-05)
(-3.47613e-09 2.48914e-09 3.20575e-05)
(2.12867e-09 2.79042e-09 1.99943e-05)
(1.27238e-08 -9.38721e-09 7.96102e-06)
(-1.69861e-08 1.43123e-08 7.96058e-06)
(-6.12649e-09 7.19825e-10 1.99919e-05)
(-5.19274e-09 1.60451e-09 3.20537e-05)
(-7.53234e-09 2.90792e-10 4.1261e-05)
(-1.13973e-09 -1.6312e-09 4.61605e-05)
(-1.6566e-09 -1.85429e-09 4.61605e-05)
(2.92021e-09 1.20498e-09 4.1261e-05)
(3.07414e-09 3.76658e-11 3.20542e-05)
(6.47297e-09 -9.31792e-10 1.99925e-05)
(1.39983e-08 1.14015e-08 7.9611e-06)
(-1.00924e-08 1.49212e-08 2.10762e-05)
(-6.55032e-09 2.09659e-09 5.33127e-05)
(-6.40947e-09 1.47376e-09 7.85685e-05)
(-2.54594e-09 -8.81106e-10 9.57161e-05)
(8.6957e-11 -4.28707e-09 0.000104214)
(1.60838e-09 -4.66733e-09 0.000104214)
(4.97696e-09 -1.51796e-09 9.57166e-05)
(7.93382e-09 5.62849e-11 7.85694e-05)
(7.30508e-09 1.86562e-09 5.3314e-05)
(9.66196e-09 1.41646e-08 2.10763e-05)
(-3.03649e-09 8.38068e-09 3.44777e-05)
(-1.86163e-09 2.54122e-09 8.16277e-05)
(-2.21148e-09 5.22868e-10 0.000112348)
(5.86968e-10 -2.72767e-09 0.000128936)
(9.24767e-10 -4.64817e-09 0.00013578)
(2.42066e-09 -4.86658e-09 0.00013578)
(3.05175e-09 -4.14049e-09 0.000128937)
(5.06363e-09 8.35388e-10 0.00011235)
(3.58089e-09 5.48265e-09 8.16276e-05)
(3.65868e-09 9.87994e-09 3.4478e-05)
(1.5818e-09 5.82976e-09 4.49632e-05)
(3.65175e-09 1.5075e-09 0.000100999)
(2.36844e-09 4.02996e-10 0.000130794)
(2.88049e-09 -2.85814e-09 0.00014299)
(6.43249e-10 -2.84765e-09 0.000146868)
(-4.92417e-10 -3.25232e-09 0.000146868)
(-2.78646e-09 -2.90575e-09 0.00014299)
(-3.26813e-09 1.89716e-10 0.000130794)
(-4.14961e-09 2.60392e-09 0.000100998)
(-6.0969e-10 7.19092e-09 4.49634e-05)
(1.52809e-09 4.59016e-11 5.06819e-05)
(1.50759e-09 -1.10735e-10 0.000110387)
(3.41137e-10 7.02113e-10 0.000138064)
(1.06573e-09 -9.96065e-10 0.000147258)
(-1.92365e-10 -3.54606e-10 0.000149555)
(-7.51737e-10 -1.37556e-09 0.000149555)
(-1.98158e-09 -1.28638e-09 0.000147258)
(-1.78958e-09 9.46062e-10 0.000138064)
(-2.8589e-09 1.22555e-09 0.000110386)
(-1.55021e-09 1.13043e-09 5.06822e-05)
(7.58079e-10 1.99327e-09 5.06818e-05)
(1.26442e-09 2.95753e-10 0.000110386)
(1.14244e-09 8.35465e-10 0.000138064)
(1.12412e-09 -1.68718e-09 0.000147258)
(5.13378e-11 -1.14375e-09 0.000149556)
(1.5795e-10 -1.73856e-09 0.000149556)
(-1.37701e-09 -2.4685e-09 0.000147258)
(-1.65603e-09 -4.89624e-10 0.000138064)
(-2.05534e-09 8.95408e-10 0.000110386)
(-1.31375e-09 1.87546e-09 5.06822e-05)
(2.10131e-09 -2.67542e-09 4.49634e-05)
(3.70369e-09 -1.09265e-09 0.000100998)
(2.66476e-09 1.19071e-09 0.000130795)
(3.2157e-09 -3.11719e-10 0.00014299)
(9.01458e-10 5.89728e-10 0.000146869)
(4.45465e-10 7.1336e-10 0.000146868)
(-1.6427e-09 -7.42677e-10 0.00014299)
(-2.21262e-09 -1.36906e-11 0.000130794)
(-3.26697e-09 -4.52121e-10 0.000100998)
(-1.43645e-09 -2.57046e-09 4.49634e-05)
(-4.25556e-11 -4.49227e-09 3.44779e-05)
(-1.77293e-09 -1.87074e-10 8.16277e-05)
(-3.9033e-09 -1.99574e-09 0.000112349)
(3.74116e-10 -2.10215e-09 0.000128936)
(-6.94619e-10 1.44916e-09 0.00013578)
(2.7498e-10 1.62555e-09 0.00013578)
(4.51166e-10 -2.98865e-10 0.000128936)
(3.89623e-09 -2.08127e-09 0.000112348)
(5.77968e-10 -7.52519e-10 8.16266e-05)
(6.15401e-10 -5.15567e-09 3.44774e-05)
(-7.01095e-09 -1.13074e-08 2.10756e-05)
(-1.24978e-09 2.27565e-09 5.33131e-05)
(-3.84511e-09 -2.96131e-09 7.85689e-05)
(-2.68206e-09 -3.19408e-09 9.57168e-05)
(-9.0398e-10 2.49524e-09 0.000104215)
(9.94897e-10 1.58515e-09 0.000104215)
(3.59017e-09 -1.43507e-09 9.57168e-05)
(2.92863e-09 1.72631e-10 7.8569e-05)
(9.97937e-10 3.07952e-09 5.3313e-05)
(6.91925e-09 -1.03045e-08 2.10751e-05)
(-1.91982e-08 -1.47919e-08 7.96074e-06)
(-8.89102e-09 -1.15106e-09 1.99928e-05)
(-4.66188e-09 -2.46455e-09 3.20539e-05)
(-7.02235e-09 -1.03463e-09 4.12612e-05)
(-3.33037e-09 1.81406e-09 4.61606e-05)
(-2.69727e-09 1.16696e-09 4.61606e-05)
(8.30122e-10 3.73409e-10 4.12612e-05)
(-5.14614e-10 1.62254e-09 3.20541e-05)
(4.47764e-09 1.86022e-09 1.99926e-05)
(1.27166e-08 -9.8385e-09 7.96061e-06)
(-7.16531e-09 6.21036e-09 7.96089e-06)
(7.32811e-09 -7.71191e-09 1.99934e-05)
(6.29631e-09 -1.46123e-09 3.20554e-05)
(8.44533e-10 -4.27186e-10 4.12629e-05)
(1.86358e-09 -2.13151e-10 4.61622e-05)
(-2.41115e-09 -4.48134e-10 4.61624e-05)
(-9.81962e-10 -3.86088e-10 4.12628e-05)
(-6.22616e-09 -2.88354e-09 3.20557e-05)
(-6.10359e-10 -4.39782e-09 1.99931e-05)
(1.27106e-08 9.15135e-09 7.961e-06)
(2.97788e-09 -2.45711e-09 2.10739e-05)
(1.81404e-08 -1.86272e-08 5.33126e-05)
(1.37725e-08 -1.64574e-09 7.85698e-05)
(6.14663e-09 2.36753e-09 9.57192e-05)
(1.87559e-09 1.96299e-09 0.000104217)
(-2.42714e-09 8.91203e-10 0.000104217)
(-3.79461e-09 2.84568e-10 9.57183e-05)
(-8.63462e-09 -4.85199e-09 7.85694e-05)
(-1.13913e-08 -1.35939e-08 5.33129e-05)
(3.42155e-09 5.70916e-09 2.10749e-05)
(4.327e-09 -5.84934e-09 3.44755e-05)
(8.46536e-09 -1.49822e-08 8.16258e-05)
(3.64068e-09 3.51978e-10 0.000112348)
(2.82002e-09 3.00222e-09 0.000128937)
(1.92634e-10 2.79588e-09 0.000135782)
(-1.27352e-09 1.71093e-09 0.000135781)
(-3.02437e-09 2.44669e-10 0.000128937)
(-2.97889e-09 -1.67238e-09 0.000112349)
(-7.67098e-09 -1.13773e-08 8.16258e-05)
(-2.82385e-09 1.35201e-10 3.4476e-05)
(8.61344e-10 6.36291e-10 4.49623e-05)
(-1.901e-09 -7.66631e-09 0.000100997)
(-3.57888e-09 -1.01746e-09 0.000130794)
(-6.25196e-10 1.43406e-09 0.000142989)
(-7.50982e-10 9.32865e-10 0.000146868)
(1.58221e-09 5.34271e-10 0.000146869)
(1.25073e-09 -3.07968e-10 0.00014299)
(3.39933e-09 -1.0421e-09 0.000130794)
(1.5904e-09 -5.13332e-09 0.000100997)
(3.59784e-10 3.78239e-09 4.49625e-05)
(1.69528e-09 -2.16003e-09 5.06811e-05)
(-4.56783e-10 -4.37768e-09 0.000110385)
(-2.26287e-09 -9.98675e-10 0.000138063)
(-9.49125e-10 1.50091e-09 0.000147258)
(-1.23924e-09 6.05372e-10 0.000149556)
(8.45726e-10 2.01728e-12 0.000149556)
(7.74037e-10 -8.71475e-10 0.000147258)
(1.86606e-09 -3.95402e-10 0.000138064)
(7.16583e-10 -1.67224e-09 0.000110386)
(-5.17299e-10 4.43924e-09 5.06814e-05)
(1.25747e-09 8.71826e-10 5.06812e-05)
(-1.63433e-09 -2.73039e-10 0.000110385)
(-2.7279e-09 5.67335e-10 0.000138064)
(-1.07004e-09 1.34714e-09 0.000147258)
(-9.91527e-10 -2.97472e-10 0.000149555)
(1.16162e-09 -1.2398e-09 0.000149556)
(7.82547e-10 -1.19954e-09 0.000147257)
(1.49437e-09 -3.40527e-10 0.000138063)
(6.97939e-10 4.74518e-10 0.000110386)
(-1.18145e-09 4.95958e-09 5.06815e-05)
(3.29038e-10 4.5086e-11 4.49625e-05)
(-3.29357e-09 2.19617e-09 0.000100998)
(-3.96484e-09 4.5402e-10 0.000130794)
(-6.24102e-10 1.24503e-09 0.00014299)
(-3.27412e-10 -2.0063e-09 0.000146869)
(1.48751e-09 -2.61159e-09 0.000146869)
(1.27531e-09 -7.95125e-10 0.00014299)
(2.66206e-09 2.72109e-10 0.000130794)
(1.39772e-09 3.11386e-09 0.000100998)
(-2.63328e-09 8.08818e-09 4.49626e-05)
(5.70275e-09 8.29669e-09 3.44758e-05)
(5.53902e-09 8.03675e-09 8.16263e-05)
(1.63191e-09 6.52074e-10 0.000112349)
(2.01319e-09 -1.95565e-09 0.000128937)
(1.47056e-10 -4.3014e-09 0.000135782)
(-1.32226e-09 -4.24422e-09 0.000135781)
(-3.94244e-09 -1.95183e-09 0.000128937)
(-5.18731e-09 1.20572e-09 0.000112349)
(-1.01814e-08 6.68775e-09 8.16257e-05)
(-8.78503e-09 1.06007e-08 3.44759e-05)
(7.51544e-09 5.60722e-09 2.10745e-05)
(1.52305e-08 1.35269e-08 5.33123e-05)
(1.11163e-08 4.4438e-09 7.85698e-05)
(7.71599e-09 -2.02419e-09 9.57185e-05)
(3.15518e-09 -2.83938e-09 0.000104217)
(-1.97554e-11 -3.03052e-09 0.000104216)
(-4.78245e-09 -1.77189e-09 9.57186e-05)
(-7.80927e-09 3.76858e-09 7.85696e-05)
(-1.32387e-08 1.08034e-08 5.33126e-05)
(-5.41445e-09 1.46161e-09 2.10751e-05)
(-5.25039e-09 -4.01542e-09 7.9606e-06)
(7.09207e-09 6.46982e-09 1.99926e-05)
(9.60924e-09 3.2989e-09 3.20547e-05)
(4.04671e-09 5.59929e-10 4.1262e-05)
(2.33921e-09 -3.90433e-11 4.61614e-05)
(-7.6731e-11 -1.77728e-10 4.61617e-05)
(-2.10768e-09 4.87858e-10 4.12624e-05)
(-7.9677e-09 3.78855e-09 3.20551e-05)
(-5.24018e-09 6.72068e-09 1.9993e-05)
(7.84732e-09 -5.83731e-09 7.961e-06)
(-1.40371e-08 1.10505e-08 7.96136e-06)
(-8.47009e-09 1.80033e-09 1.99942e-05)
(-6.91675e-09 2.60013e-09 3.20569e-05)
(-7.23427e-09 9.91156e-11 4.12651e-05)
(-6.12621e-10 -1.1541e-09 4.6164e-05)
(-9.97392e-10 -1.18453e-09 4.61642e-05)
(4.52708e-09 4.4603e-10 4.12651e-05)
(2.95474e-09 9.2289e-10 3.2057e-05)
(4.5632e-09 -1.03084e-09 1.99934e-05)
(1.40147e-08 1.07649e-08 7.96056e-06)
(-1.08592e-08 1.51011e-08 2.10733e-05)
(-9.33849e-09 3.91639e-09 5.33127e-05)
(-8.11034e-09 1.89423e-09 7.85724e-05)
(-2.49254e-09 -1.78459e-09 9.5723e-05)
(1.24222e-09 -3.78814e-09 0.00010422)
(3.3581e-09 -3.95578e-09 0.00010422)
(6.41555e-09 -4.53103e-10 9.57225e-05)
(9.35352e-09 2.0774e-09 7.85714e-05)
(9.01744e-09 3.19179e-09 5.3312e-05)
(9.28498e-09 1.27411e-08 2.10734e-05)
(-4.22019e-09 1.08814e-08 3.44734e-05)
(-2.46055e-09 3.52546e-09 8.16231e-05)
(-2.40387e-09 2.35662e-10 0.000112349)
(2.6195e-10 -3.8303e-09 0.000128939)
(-6.65263e-11 -4.79008e-09 0.000135784)
(4.91934e-10 -4.56712e-09 0.000135784)
(1.15984e-09 -3.21488e-09 0.000128939)
(4.15978e-09 8.44723e-10 0.000112349)
(4.50725e-09 4.21113e-09 8.16239e-05)
(5.37495e-09 1.08575e-08 3.44741e-05)
(1.84016e-09 6.48359e-09 4.49605e-05)
(5.82557e-09 7.41426e-10 0.000100994)
(3.90332e-09 3.13765e-10 0.000130793)
(2.74428e-09 -2.44186e-09 0.000142989)
(5.41509e-10 -3.14215e-09 0.000146869)
(-7.05365e-10 -3.23077e-09 0.000146869)
(-2.61092e-09 -2.74955e-09 0.000142989)
(-2.2075e-09 -8.01789e-10 0.000130793)
(-3.43004e-09 4.74823e-10 0.000100995)
(-3.3207e-10 7.19017e-09 4.49611e-05)
(8.60464e-10 -1.19368e-10 5.06804e-05)
(1.6049e-09 -4.71713e-10 0.000110384)
(1.04181e-09 1.32335e-09 0.000138062)
(9.5185e-10 1.90659e-10 0.000147257)
(-6.03231e-11 -4.00954e-10 0.000149556)
(3.33499e-11 -4.29522e-10 0.000149556)
(-1.06042e-09 -6.54611e-10 0.000147257)
(-9.02996e-10 9.30099e-10 0.000138062)
(-2.30759e-09 4.78822e-10 0.000110384)
(-1.36398e-09 1.88055e-09 5.06801e-05)
(1.58518e-09 1.39604e-09 5.06806e-05)
(1.62409e-09 -3.7217e-10 0.000110384)
(6.91591e-10 3.47702e-10 0.000138063)
(8.7974e-10 -1.43805e-09 0.000147257)
(5.02401e-10 -8.4839e-10 0.000149555)
(5.93795e-10 -4.15769e-10 0.000149556)
(-1.16712e-09 -1.99269e-09 0.000147257)
(-1.0019e-09 4.13162e-10 0.000138062)
(-2.25651e-09 1.40646e-09 0.000110384)
(-1.62495e-09 1.96411e-09 5.06801e-05)
(2.32206e-09 -4.36871e-09 4.49608e-05)
(3.18117e-09 -1.45905e-09 0.000100996)
(8.92297e-10 2.85653e-10 0.000130793)
(1.62864e-09 -1.32357e-10 0.000142989)
(2.03804e-10 6.90075e-10 0.000146869)
(-3.9625e-10 7.79364e-10 0.000146869)
(-2.83496e-09 -4.97245e-10 0.000142989)
(-2.45603e-09 1.75337e-09 0.000130793)
(-3.66193e-09 7.11663e-10 0.000100996)
(-1.8467e-09 -2.85794e-09 4.49612e-05)
(-1.21088e-09 -6.7893e-09 3.44731e-05)
(-2.07462e-09 1.8505e-10 8.16242e-05)
(-4.84987e-09 -4.56773e-10 0.000112349)
(-4.91935e-10 -6.50127e-10 0.000128939)
(-1.02993e-09 1.33572e-09 0.000135784)
(1.30386e-10 1.12718e-09 0.000135784)
(1.79817e-10 -4.14622e-10 0.000128939)
(3.04791e-09 -2.63595e-10 0.00011235)
(6.91293e-11 6.22784e-10 8.16244e-05)
(6.99141e-10 -6.0017e-09 3.44743e-05)
(-7.24444e-09 -1.12741e-08 2.10737e-05)
(-1.24626e-09 1.77692e-09 5.33115e-05)
(-2.61443e-09 -1.69404e-09 7.85712e-05)
(-1.18346e-09 -1.71853e-09 9.57218e-05)
(1.09603e-11 1.35834e-09 0.00010422)
(1.71298e-09 1.3856e-09 0.00010422)
(3.49658e-09 -1.49958e-09 9.57221e-05)
(1.93762e-09 2.2297e-09 7.8572e-05)
(8.20767e-10 3.64026e-09 5.33128e-05)
(7.13196e-09 -1.07779e-08 2.10749e-05)
(-1.62054e-08 -1.22068e-08 7.96068e-06)
(-9.06484e-09 -2.16245e-09 1.99932e-05)
(-4.16329e-09 -2.58849e-09 3.20561e-05)
(-6.55103e-09 -8.86543e-10 4.12643e-05)
(-3.518e-09 8.50243e-10 4.6164e-05)
(-2.71898e-09 1.42409e-09 4.6164e-05)
(8.03558e-11 5.41792e-10 4.12648e-05)
(-2.93353e-09 3.04971e-09 3.20571e-05)
(3.08612e-09 2.1902e-09 1.99938e-05)
(1.31421e-08 -9.8836e-09 7.9612e-06)
(-1.80563e-08 1.34698e-08 7.96086e-06)
(-8.12481e-09 1.25857e-09 1.99918e-05)
(-3.48328e-09 1.33711e-09 3.20538e-05)
(-6.11876e-09 3.27667e-10 4.12614e-05)
(-3.25992e-10 -2.22032e-09 4.61606e-05)
(2.40607e-10 -1.42792e-09 4.6161e-05)
(5.55248e-09 4.20454e-10 4.12618e-05)
(3.29992e-09 1.789e-09 3.20545e-05)
(5.75582e-09 -2.60419e-10 1.99921e-05)
(1.56231e-08 1.18681e-08 7.96065e-06)
(-8.35248e-09 1.22959e-08 2.10766e-05)
(-5.00393e-09 1.14254e-09 5.33123e-05)
(-4.07298e-09 2.61912e-10 7.85676e-05)
(-1.0807e-09 -1.42307e-09 9.57161e-05)
(1.63797e-09 -3.73162e-09 0.000104215)
(2.68379e-09 -3.37513e-09 0.000104215)
(6.33442e-09 -8.04058e-10 9.57174e-05)
(9.29577e-09 1.84175e-09 7.85698e-05)
(7.56961e-09 1.82929e-09 5.33136e-05)
(9.59749e-09 1.32033e-08 2.10758e-05)
(-3.17117e-09 8.78369e-09 3.44782e-05)
(-2.1932e-09 2.26105e-09 8.16282e-05)
(-3.15805e-09 -1.11742e-09 0.000112349)
(-5.57051e-10 -3.79195e-09 0.000128936)
(5.10456e-10 -4.67417e-09 0.00013578)
(1.0049e-09 -4.68073e-09 0.00013578)
(1.72699e-09 -3.25114e-09 0.000128936)
(5.35849e-09 5.87122e-10 0.000112349)
(3.86887e-09 3.79623e-09 8.16285e-05)
(3.79349e-09 1.06925e-08 3.44779e-05)
(1.37033e-09 7.37351e-09 4.49633e-05)
(4.64788e-09 9.76375e-10 0.000100998)
(2.94453e-09 -2.2922e-10 0.000130794)
(1.90921e-09 -3.46846e-09 0.00014299)
(-4.4263e-10 -3.62674e-09 0.000146869)
(-1.06441e-09 -3.19208e-09 0.000146869)
(-3.26132e-09 -2.82641e-09 0.00014299)
(-3.29343e-09 -1.76095e-10 0.000130795)
(-4.39516e-09 1.68757e-09 0.000100999)
(-8.64498e-10 7.60057e-09 4.49636e-05)
(1.19969e-09 5.22605e-10 5.06817e-05)
(2.0772e-09 -4.35142e-10 0.000110386)
(1.2772e-09 1.08465e-09 0.000138064)
(8.44895e-10 -1.1177e-09 0.000147258)
(-2.92173e-10 -7.09406e-11 0.000149556)
(-3.82118e-10 6.50998e-11 0.000149556)
(-2.28494e-09 -7.93785e-10 0.000147258)
(-1.52496e-09 1.22247e-09 0.000138064)
(-2.78831e-09 8.40601e-10 0.000110386)
(-1.94556e-09 1.39253e-09 5.0682e-05)
(1.62284e-09 1.35086e-09 5.06822e-05)
(1.91002e-09 -2.41995e-11 0.000110386)
(1.26035e-09 7.08372e-10 0.000138064)
(7.01774e-10 -9.16859e-10 0.000147258)
(-6.93958e-10 -5.69669e-10 0.000149556)
(-2.92961e-10 -1.05806e-09 0.000149556)
(-1.97616e-09 -2.09039e-09 0.000147258)
(-1.35199e-09 -2.80458e-10 0.000138064)
(-1.97321e-09 6.36459e-10 0.000110386)
(-1.40856e-09 1.26266e-09 5.06823e-05)
(1.79596e-09 -5.29609e-09 4.49638e-05)
(3.22161e-09 -9.23325e-10 0.000100998)
(1.89234e-09 1.88104e-09 0.000130795)
(2.17729e-09 1.2746e-09 0.00014299)
(-2.73539e-10 9.84792e-10 0.000146869)
(-3.45537e-10 5.10273e-10 0.000146868)
(-2.49226e-09 -1.22435e-09 0.00014299)
(-2.01593e-09 5.34882e-10 0.000130794)
(-3.39327e-09 -7.21613e-10 0.000100998)
(-1.68602e-09 -3.70027e-09 4.49634e-05)
(-1.61349e-09 -7.30692e-09 3.44783e-05)
(-2.44684e-09 9.65024e-10 8.16285e-05)
(-5.12214e-09 -1.56394e-10 0.00011235)
(-5.3606e-10 -7.17228e-10 0.000128936)
(4.63484e-11 8.27889e-10 0.00013578)
(2.613e-09 1.03259e-09 0.00013578)
(2.73254e-09 -1.42848e-09 0.000128936)
(4.83953e-09 -9.71853e-10 0.000112349)
(1.27258e-09 4.47779e-10 8.16271e-05)
(1.19071e-09 -5.8945e-09 3.44776e-05)
(-8.21172e-09 -1.22147e-08 2.10765e-05)
(-8.42208e-10 3.67835e-09 5.33143e-05)
(-1.23538e-09 -6.49109e-10 7.85691e-05)
(-7.06095e-10 -3.21062e-09 9.57169e-05)
(5.72887e-10 5.54824e-10 0.000104215)
(1.92482e-09 9.67726e-10 0.000104215)
(2.87631e-09 -1.88752e-09 9.57168e-05)
(1.38245e-09 1.74105e-09 7.85697e-05)
(2.81328e-12 3.93261e-09 5.33138e-05)
(6.57847e-09 -1.07511e-08 2.10749e-05)
(-1.78636e-08 -1.40228e-08 7.9612e-06)
(-7.48833e-09 -2.90724e-10 1.99935e-05)
(-2.9078e-09 -1.3238e-09 3.20548e-05)
(-5.75779e-09 -1.36683e-09 4.12615e-05)
(-2.11105e-09 5.23446e-10 4.61607e-05)
(-1.80435e-09 1.09664e-09 4.61607e-05)
(8.35944e-10 1.27571e-10 4.1261e-05)
(-2.2266e-09 2.13746e-09 3.2054e-05)
(4.63808e-09 7.5247e-10 1.99926e-05)
(1.49076e-08 -1.10308e-08 7.96052e-06)
(-9.26049e-09 7.92499e-09 7.96033e-06)
(5.45541e-09 -7.33332e-09 1.99929e-05)
(5.54326e-09 -2.00181e-09 3.20554e-05)
(-4.54209e-11 -1.00052e-09 4.12631e-05)
(1.78271e-09 4.72582e-11 4.61626e-05)
(-1.47633e-09 -5.61477e-10 4.61626e-05)
(1.50265e-09 5.92475e-10 4.12629e-05)
(-5.23677e-09 -1.10293e-09 3.20552e-05)
(-3.83805e-09 -7.03373e-09 1.99931e-05)
(1.33313e-08 9.35348e-09 7.96105e-06)
(6.88299e-10 1.55556e-09 2.10742e-05)
(1.57434e-08 -1.64169e-08 5.33123e-05)
(1.0603e-08 -1.99402e-09 7.85698e-05)
(4.62715e-09 7.44806e-10 9.5719e-05)
(1.84069e-09 5.88063e-10 0.000104218)
(-1.65323e-09 -3.55158e-12 0.000104217)
(-2.88591e-09 9.57029e-10 9.5719e-05)
(-6.93546e-09 -2.15528e-09 7.85697e-05)
(-1.19141e-08 -1.56402e-08 5.33132e-05)
(3.08024e-09 6.33504e-09 2.10749e-05)
(3.677e-09 -3.5033e-09 3.44759e-05)
(8.14993e-09 -1.29388e-08 8.16261e-05)
(3.902e-09 4.71108e-10 0.000112348)
(2.47181e-09 1.97083e-09 0.000128937)
(4.30959e-10 1.55822e-09 0.000135781)
(-9.02292e-10 1.2731e-09 0.000135782)
(-3.66947e-09 -1.03044e-10 0.000128938)
(-2.83698e-09 -1.65003e-10 0.000112349)
(-7.83385e-09 -1.18705e-08 8.16262e-05)
(-2.89997e-09 2.61778e-10 3.44761e-05)
(8.7806e-10 2.13332e-09 4.49626e-05)
(-2.79516e-10 -6.23059e-09 0.000100998)
(-1.93955e-09 -3.22133e-10 0.000130794)
(2.62383e-11 4.64045e-10 0.000142989)
(-6.67419e-10 5.70292e-10 0.000146869)
(1.35221e-09 4.22792e-10 0.000146869)
(1.61817e-09 -6.54236e-10 0.00014299)
(4.14867e-09 1.31645e-10 0.000130794)
(1.44464e-09 -5.10441e-09 0.000100998)
(-1.35606e-10 3.53798e-09 4.49628e-05)
(1.94494e-09 -1.25648e-09 5.06811e-05)
(1.31732e-10 -4.19596e-09 0.000110385)
(-1.97523e-09 -6.21032e-10 0.000138063)
(-1.04817e-09 3.32714e-10 0.000147258)
(-1.0931e-09 -4.40136e-10 0.000149556)
(8.94418e-10 -2.812e-10 0.000149556)
(4.75657e-10 -7.53183e-10 0.000147257)
(1.37589e-09 3.76673e-10 0.000138063)
(1.01852e-10 -1.92918e-09 0.000110386)
(-6.22648e-10 4.43474e-09 5.06814e-05)
(1.46934e-09 4.16126e-11 5.06813e-05)
(-5.77829e-10 -1.67553e-09 0.000110385)
(-1.52126e-09 2.0209e-10 0.000138063)
(-3.06391e-10 1.06862e-09 0.000147257)
(-4.47911e-10 -6.12332e-10 0.000149555)
(1.28025e-09 -1.43055e-09 0.000149556)
(6.92684e-10 -8.5909e-10 0.000147258)
(1.75492e-09 3.01242e-10 0.000138064)
(1.70565e-09 -3.19916e-10 0.000110385)
(-5.85347e-10 5.2302e-09 5.06815e-05)
(-3.79036e-10 -1.66885e-09 4.49628e-05)
(-3.82111e-09 -3.33382e-10 0.000100997)
(-3.47384e-09 6.52245e-10 0.000130794)
(-3.51154e-10 1.56507e-09 0.000142989)
(-5.21686e-10 -1.76684e-09 0.000146868)
(1.2481e-09 -2.43142e-09 0.000146868)
(1.09515e-09 -6.51964e-10 0.000142989)
(3.36309e-09 5.54771e-10 0.000130794)
(2.94876e-09 2.24077e-09 0.000100998)
(-2.33496e-09 9.5272e-09 4.49628e-05)
(4.9909e-09 6.10952e-09 3.44761e-05)
(4.16285e-09 3.25683e-09 8.16256e-05)
(1.03189e-09 3.0928e-10 0.000112348)
(7.76657e-10 -9.81617e-10 0.000128936)
(-8.28736e-10 -2.31216e-09 0.000135781)
(-2.74323e-09 -2.5828e-09 0.000135781)
(-6.86551e-09 -9.87019e-10 0.000128937)
(-6.32026e-09 1.43662e-09 0.000112349)
(-1.04955e-08 6.27674e-09 8.16259e-05)
(-1.01787e-08 1.22012e-08 3.44759e-05)
(4.88307e-09 2.57426e-09 2.10747e-05)
(1.07209e-08 9.16908e-09 5.33129e-05)
(6.61079e-09 2.80984e-09 7.85699e-05)
(4.51907e-09 -6.45156e-10 9.57187e-05)
(7.6813e-10 -7.05799e-10 0.000104217)
(-2.06777e-09 -9.95182e-10 0.000104217)
(-5.35778e-09 -9.6665e-10 9.57189e-05)
(-7.17379e-09 3.57826e-09 7.85701e-05)
(-1.16344e-08 8.7773e-09 5.33123e-05)
(-4.78984e-09 1.22064e-09 2.10745e-05)
(-5.67033e-09 -4.45559e-09 7.96096e-06)
(5.52069e-09 5.90438e-09 1.99932e-05)
(7.3534e-09 3.01273e-09 3.20556e-05)
(3.4185e-09 1.1392e-09 4.12632e-05)
(1.80519e-09 2.22873e-10 4.61623e-05)
(-6.89042e-10 3.08268e-10 4.61623e-05)
(-1.26098e-09 5.90012e-10 4.12627e-05)
(-5.03649e-09 2.58583e-09 3.2055e-05)
(-2.81017e-09 4.41622e-09 1.99929e-05)
(6.4624e-09 -5.32307e-09 7.96061e-06)
(-1.69909e-08 1.40478e-08 7.9608e-06)
(-1.01639e-08 3.58175e-09 1.99935e-05)
(-8.07789e-09 3.84803e-09 3.2056e-05)
(-8.42479e-09 2.5732e-10 4.12641e-05)
(-2.11949e-09 -1.35198e-09 4.61636e-05)
(-9.39036e-10 -1.09272e-09 4.61633e-05)
(4.34448e-09 9.10529e-10 4.12639e-05)
(1.93291e-09 4.41212e-10 3.20556e-05)
(4.29355e-09 -1.06754e-09 1.99939e-05)
(1.17454e-08 8.34939e-09 7.96129e-06)
(-1.02914e-08 1.4773e-08 2.10738e-05)
(-8.57887e-09 5.1125e-09 5.33131e-05)
(-8.45449e-09 4.33154e-09 7.85719e-05)
(-4.41202e-09 -1.14151e-09 9.57218e-05)
(-9.52624e-10 -4.87363e-09 0.000104219)
(1.41219e-09 -4.49523e-09 0.000104219)
(6.34325e-09 1.28219e-10 9.57213e-05)
(1.00511e-08 2.32337e-09 7.8571e-05)
(8.10263e-09 2.17534e-09 5.33127e-05)
(8.575e-09 1.16061e-08 2.10746e-05)
(-4.0001e-09 9.85739e-09 3.4474e-05)
(-1.6544e-09 3.54966e-09 8.16238e-05)
(-1.69781e-09 1.47176e-09 0.000112349)
(2.98207e-10 -2.58157e-09 0.000128938)
(5.23108e-10 -5.22202e-09 0.000135784)
(7.96649e-10 -5.36574e-09 0.000135783)
(1.1302e-09 -3.37136e-09 0.000128939)
(4.53957e-09 1.27691e-09 0.000112349)
(3.95811e-09 4.10156e-09 8.16239e-05)
(4.41621e-09 1.00827e-08 3.44743e-05)
(1.40071e-09 6.13603e-09 4.49612e-05)
(5.00087e-09 8.30434e-10 0.000100995)
(4.39086e-09 8.4446e-10 0.000130793)
(3.88324e-09 -2.01708e-09 0.000142989)
(7.88262e-10 -2.98143e-09 0.000146868)
(-5.32698e-10 -3.49602e-09 0.000146868)
(-3.43592e-09 -2.69647e-09 0.000142989)
(-3.5968e-09 -6.86927e-10 0.000130793)
(-3.95638e-09 1.3559e-09 0.000100995)
(-8.03928e-10 6.79271e-09 4.49614e-05)
(1.39132e-09 -3.59511e-10 5.0681e-05)
(1.93276e-09 -6.16328e-10 0.000110384)
(1.372e-09 1.30717e-09 0.000138063)
(1.87627e-09 9.66128e-11 0.000147257)
(-9.3493e-11 -9.21073e-10 0.000149555)
(-2.85636e-10 -8.33219e-10 0.000149555)
(-1.75162e-09 -4.99869e-10 0.000147256)
(-1.60095e-09 8.29861e-10 0.000138062)
(-2.21236e-09 7.84352e-10 0.000110385)
(-1.39128e-09 1.97419e-09 5.06802e-05)
(1.49743e-09 1.92116e-09 5.0681e-05)
(1.454e-09 2.21424e-10 0.000110385)
(1.08726e-09 5.31275e-10 0.000138063)
(1.42088e-09 -7.52979e-10 0.000147257)
(8.06014e-11 -8.16912e-10 0.000149555)
(3.36928e-10 -1.06471e-09 0.000149555)
(-2.28658e-10 -2.53004e-09 0.000147257)
(2.38141e-10 -1.48619e-09 0.000138063)
(-1.46232e-09 1.06605e-09 0.000110385)
(-1.4265e-09 1.96735e-09 5.06799e-05)
(2.39221e-09 -3.92754e-09 4.49614e-05)
(3.85644e-09 -7.27417e-10 0.000100996)
(2.43746e-09 1.53576e-09 0.000130793)
(3.83665e-09 6.94541e-10 0.000142989)
(1.53577e-09 3.6297e-10 0.000146869)
(7.1532e-10 -4.22185e-10 0.000146868)
(-1.21649e-09 -1.81369e-09 0.000142989)
(-4.67126e-10 1.18491e-10 0.000130793)
(-2.48159e-09 1.20897e-09 0.000100997)
(-2.0542e-09 -2.13914e-09 4.49612e-05)
(-1.01188e-09 -6.94375e-09 3.44734e-05)
(-3.30864e-10 7.11496e-10 8.16234e-05)
(-3.39386e-09 -6.19753e-11 0.000112348)
(6.57411e-10 3.00065e-10 0.000128938)
(1.18778e-10 7.96346e-10 0.000135783)
(1.23136e-09 7.07513e-10 0.000135783)
(7.23105e-10 -1.85241e-09 0.000128939)
(2.54795e-09 -5.2676e-10 0.00011235)
(-9.38608e-10 2.28822e-09 8.16247e-05)
(-3.58337e-10 -4.47437e-09 3.44741e-05)
(-7.04639e-09 -1.20108e-08 2.10731e-05)
(-6.69935e-10 3.1684e-09 5.33114e-05)
(-1.88248e-09 -4.33642e-10 7.85709e-05)
(-1.36423e-09 -2.10547e-09 9.57206e-05)
(-1.15488e-10 1.87205e-09 0.000104219)
(2.30329e-09 1.36799e-09 0.000104219)
(2.97691e-09 -2.65587e-09 9.57216e-05)
(1.02744e-09 4.32086e-10 7.8572e-05)
(-1.87877e-09 5.37167e-09 5.33124e-05)
(5.71698e-09 -1.00974e-08 2.10744e-05)
(-1.68128e-08 -1.25056e-08 7.96032e-06)
(-7.97451e-09 -3.60389e-10 1.99927e-05)
(-2.41006e-09 -9.58315e-10 3.20561e-05)
(-5.89782e-09 -1.86549e-09 4.12643e-05)
(-2.51193e-09 1.20805e-09 4.61637e-05)
(-1.91577e-09 9.49349e-10 4.61637e-05)
(6.33991e-10 -3.91417e-10 4.12643e-05)
(-3.43894e-09 2.01694e-09 3.20564e-05)
(1.69275e-09 3.40989e-09 1.99933e-05)
(1.44805e-08 -1.11093e-08 7.96089e-06)
(-1.66498e-08 1.305e-08 7.96089e-06)
(-6.5135e-09 7.52597e-10 1.99927e-05)
(-2.38098e-09 1.41579e-09 3.20552e-05)
(-5.43657e-09 -3.46835e-11 4.12625e-05)
(-5.0661e-10 -2.66936e-09 4.61621e-05)
(-1.09467e-09 -1.23191e-09 4.61619e-05)
(1.94798e-09 1.417e-10 4.12623e-05)
(-1.60401e-09 -1.52946e-09 3.20548e-05)
(2.65273e-09 -2.8508e-09 1.99929e-05)
(1.35686e-08 1.04327e-08 7.96106e-06)
(-6.65001e-09 1.04831e-08 2.10757e-05)
(-3.93481e-10 -2.13088e-09 5.33141e-05)
(7.79914e-11 -3.1664e-10 7.85703e-05)
(1.83982e-10 -7.72568e-10 9.57182e-05)
(9.24837e-10 -3.74644e-09 0.000104216)
(2.19696e-09 -2.7398e-09 0.000104215)
(4.79837e-09 8.30562e-10 9.57175e-05)
(5.39148e-09 -9.43346e-10 7.8571e-05)
(4.40295e-09 -1.73537e-09 5.33153e-05)
(8.45363e-09 1.15786e-08 2.10768e-05)
(-2.12176e-09 6.32221e-09 3.44764e-05)
(4.4756e-10 -2.33733e-09 8.16266e-05)
(-1.11296e-10 -2.48531e-09 0.000112349)
(1.7945e-09 -2.79538e-09 0.000128937)
(1.45741e-09 -2.84138e-09 0.000135781)
(6.79609e-10 -3.73085e-09 0.00013578)
(1.33893e-09 -2.23149e-09 0.000128936)
(4.6792e-09 -1.14288e-09 0.00011235)
(3.50189e-09 1.24923e-09 8.16285e-05)
(4.182e-09 9.28162e-09 3.44779e-05)
(1.44559e-09 5.87432e-09 4.49617e-05)
(4.6613e-09 -2.11856e-09 0.000100997)
(2.6839e-09 -2.43669e-09 0.000130793)
(2.34525e-09 -2.75807e-09 0.000142989)
(7.84364e-10 -1.93927e-09 0.000146868)
(-2.66063e-10 -2.58198e-09 0.000146868)
(-2.03629e-09 -3.3026e-09 0.00014299)
(-2.40678e-09 -1.98093e-09 0.000130795)
(-4.55419e-09 -1.07042e-09 0.000100998)
(-1.36634e-09 5.75453e-09 4.4963e-05)
(1.55784e-09 -3.1962e-11 5.06808e-05)
(1.47187e-09 -1.44705e-09 0.000110385)
(-8.93704e-11 -1.96537e-11 0.000138063)
(-2.11675e-11 -7.79236e-10 0.000147257)
(-1.5271e-10 -1.36616e-10 0.000149555)
(6.3065e-10 -7.10692e-10 0.000149555)
(-6.2255e-10 -1.15163e-09 0.000147257)
(-4.41047e-10 3.53256e-10 0.000138064)
(-2.7143e-09 -6.13239e-10 0.000110386)
(-1.9957e-09 5.74996e-10 5.06816e-05)
(1.7723e-09 2.66546e-09 5.06812e-05)
(1.44144e-09 8.23441e-10 0.000110385)
(-1.04182e-10 5.39781e-10 0.000138063)
(5.70656e-10 -1.88193e-09 0.000147257)
(9.61298e-12 -1.27283e-09 0.000149555)
(-1.09928e-10 -1.43257e-09 0.000149555)
(-3.63733e-10 -2.09117e-09 0.000147258)
(-1.37386e-10 3.66141e-11 0.000138064)
(-2.13412e-09 1.19009e-09 0.000110386)
(-1.54e-09 1.92315e-09 5.06815e-05)
(3.4193e-09 -2.10007e-09 4.49621e-05)
(5.30599e-09 1.27514e-09 0.000100996)
(2.83431e-09 1.99394e-09 0.000130794)
(3.52047e-09 1.79693e-10 0.000142989)
(1.99756e-09 6.84007e-10 0.000146868)
(1.49303e-09 6.45465e-10 0.000146868)
(-1.17725e-09 -2.78486e-10 0.00014299)
(-8.74048e-10 1.97337e-09 0.000130795)
(-2.90741e-09 1.89186e-09 0.000100997)
(-2.13083e-09 -2.51157e-09 4.49624e-05)
(9.98904e-11 -5.0903e-09 3.44765e-05)
(1.59473e-09 5.08732e-09 8.16257e-05)
(-1.88431e-09 7.11379e-10 0.000112349)
(1.48943e-09 -1.25331e-09 0.000128937)
(7.59755e-10 8.29446e-10 0.000135781)
(1.77142e-09 1.25353e-09 0.000135781)
(1.65652e-09 -3.56377e-10 0.000128937)
(4.46673e-09 1.27595e-09 0.000112349)
(1.37443e-10 3.80154e-09 8.1626e-05)
(3.39755e-12 -4.77941e-09 3.44764e-05)
(-5.81606e-09 -1.02435e-08 2.1075e-05)
(2.79659e-09 5.37831e-09 5.33137e-05)
(1.54876e-09 1.13728e-10 7.85707e-05)
(1.00385e-10 -3.80911e-09 9.57186e-05)
(-1.8548e-10 1.09915e-09 0.000104216)
(-4.00959e-10 9.85645e-10 0.000104216)
(3.79243e-10 -1.54679e-09 9.57188e-05)
(-5.52837e-10 2.81352e-09 7.8571e-05)
(-3.78658e-09 8.49763e-09 5.33136e-05)
(4.86247e-09 -9.18648e-09 2.10746e-05)
(-1.7177e-08 -1.28656e-08 7.96082e-06)
(-6.62172e-09 -7.49393e-10 1.99936e-05)
(3.43338e-10 5.31112e-11 3.20559e-05)
(-5.35411e-09 -1.60342e-09 4.12628e-05)
(-3.61809e-09 1.25993e-09 4.61622e-05)
(-3.43235e-09 8.81144e-10 4.6162e-05)
(-1.48852e-09 9.71597e-11 4.12626e-05)
(-6.79681e-09 3.46382e-09 3.20551e-05)
(-1.54776e-09 5.66266e-09 1.99933e-05)
(1.47208e-08 -1.11171e-08 7.96086e-06)
(-1.04433e-08 8.48889e-09 7.96095e-06)
(-8.84151e-09 3.47459e-09 1.99932e-05)
(-8.0981e-09 3.99858e-09 3.20557e-05)
(-8.50318e-09 -9.84579e-10 4.12632e-05)
(-2.02151e-09 -2.81569e-09 4.61628e-05)
(-2.17391e-09 -2.44395e-09 4.6163e-05)
(2.69659e-09 -1.0523e-09 4.12636e-05)
(-2.50919e-10 5.42562e-10 3.20559e-05)
(2.23175e-09 -1.76913e-09 1.99932e-05)
(1.35836e-08 1.04422e-08 7.9607e-06)
(-1.06898e-08 1.29917e-08 2.10748e-05)
(-3.88199e-09 4.0172e-10 5.33132e-05)
(-9.58139e-10 2.71158e-09 7.85707e-05)
(-1.27703e-09 -1.66406e-09 9.57196e-05)
(-1.59123e-09 -3.10949e-09 0.000104217)
(-4.25755e-09 -2.77596e-09 0.000104217)
(-6.22408e-09 -2.38964e-09 9.57196e-05)
(-8.33479e-09 -2.62609e-09 7.85708e-05)
(-6.86551e-09 -9.0463e-09 5.33132e-05)
(6.45053e-09 9.33317e-09 2.10748e-05)
(-1.77169e-09 8.69316e-09 3.44756e-05)
(1.15467e-09 -8.224e-10 8.16258e-05)
(-1.12141e-10 1.00018e-09 0.000112349)
(1.5859e-09 -1.89193e-09 0.000128938)
(-4.73189e-10 -1.20606e-09 0.000135782)
(-1.51058e-09 -1.18664e-09 0.000135782)
(-4.37883e-09 -2.08881e-09 0.000128937)
(-2.98397e-09 -1.74574e-09 0.000112349)
(-4.82174e-09 -7.82625e-09 8.16258e-05)
(-5.52162e-10 4.07468e-09 3.44759e-05)
(5.82607e-10 6.49492e-09 4.4962e-05)
(2.57153e-09 1.17359e-09 0.000100996)
(1.76239e-09 6.75358e-10 0.000130793)
(2.1941e-09 -1.67871e-09 0.00014299)
(2.50947e-10 -1.83543e-09 0.000146869)
(4.55254e-10 -1.91931e-09 0.000146869)
(-3.93209e-10 -2.18369e-09 0.00014299)
(2.04191e-09 -1.38765e-09 0.000130794)
(7.49758e-10 -2.00339e-09 0.000100997)
(3.24301e-10 5.24467e-09 4.49621e-05)
(1.8992e-09 1.67757e-09 5.06805e-05)
(3.8196e-09 -1.88366e-09 0.000110385)
(3.36646e-09 -3.1596e-10 0.000138063)
(2.44235e-09 1.24452e-11 0.000147258)
(-1.00845e-10 -6.70985e-10 0.000149555)
(1.52935e-10 -7.144e-10 0.000149556)
(-1.1544e-09 -7.75203e-10 0.000147258)
(-1.15318e-09 -1.03227e-09 0.000138064)
(-1.19022e-09 -1.22746e-09 0.000110386)
(-4.43651e-10 5.26852e-09 5.06812e-05)
(1.48545e-09 -1.65541e-10 5.06811e-05)
(3.06102e-09 -1.47926e-09 0.000110385)
(3.30631e-09 -1.72361e-10 0.000138063)
(2.11981e-09 7.70879e-10 0.000147258)
(-5.54618e-10 -3.8663e-10 0.000149556)
(9.25251e-11 -8.34719e-10 0.000149556)
(-5.24893e-10 2.49869e-10 0.000147258)
(-1.22964e-09 -9.87961e-10 0.000138063)
(-8.82424e-10 -7.78543e-10 0.000110385)
(-7.07862e-10 4.64491e-09 5.0681e-05)
(3.33017e-10 -4.50533e-09 4.49625e-05)
(1.30184e-09 -5.81032e-09 0.000100997)
(1.51777e-09 -4.49515e-10 0.000130794)
(1.89681e-09 3.87545e-09 0.00014299)
(1.45894e-10 5.56956e-10 0.000146869)
(8.18702e-11 -3.9531e-10 0.000146868)
(-1.04807e-09 1.05242e-09 0.000142989)
(-6.19732e-11 -9.63423e-10 0.000130794)
(-9.62589e-10 -1.46647e-09 0.000100997)
(-2.97563e-09 6.51085e-09 4.49619e-05)
(-6.83519e-10 -7.59836e-09 3.44765e-05)
(3.47861e-11 -6.61912e-09 8.16263e-05)
(-1.77571e-09 8.48414e-11 0.000112349)
(-4.49255e-10 3.30211e-09 0.000128937)
(-1.59149e-09 5.75652e-10 0.000135782)
(-2.20293e-09 1.57166e-10 0.000135781)
(-4.14354e-09 3.42528e-10 0.000128937)
(-4.88078e-09 2.7764e-10 0.000112348)
(-9.03222e-09 8.91044e-10 8.16248e-05)
(-7.06631e-09 5.79793e-09 3.44755e-05)
(-9.05944e-09 -1.29469e-08 2.10756e-05)
(-7.24535e-09 -5.33291e-09 5.33128e-05)
(-3.97651e-09 -2.08506e-10 7.85699e-05)
(-2.39555e-10 2.63734e-09 9.5719e-05)
(-7.47865e-10 1.84028e-09 0.000104217)
(-6.71452e-10 1.25322e-09 0.000104217)
(-2.8512e-09 1.65638e-09 9.57187e-05)
(-1.99964e-09 2.20629e-09 7.85695e-05)
(-1.34248e-09 -4.33838e-11 5.33122e-05)
(1.54396e-09 -5.23695e-09 2.10746e-05)
(-1.45808e-08 -1.08519e-08 7.96103e-06)
(-1.08066e-08 -4.32886e-09 1.99933e-05)
(-6.95918e-09 -2.8225e-09 3.20555e-05)
(-5.29839e-09 7.34083e-10 4.12627e-05)
(-2.36505e-09 1.10014e-09 4.61622e-05)
(-1.14127e-09 8.14001e-10 4.61623e-05)
(1.19749e-09 1.53389e-09 4.12627e-05)
(2.49069e-09 1.04637e-09 3.2055e-05)
(6.4979e-09 -2.173e-09 1.9993e-05)
(8.19291e-09 -7.07879e-09 7.96081e-06)
(-1.53802e-08 1.22752e-08 7.9611e-06)
(-4.88207e-09 2.52072e-10 1.99936e-05)
(-1.48614e-09 1.0086e-09 3.20551e-05)
(-5.37472e-09 3.61893e-10 4.12625e-05)
(-9.80313e-10 -2.27467e-09 4.6162e-05)
(4.02075e-10 -1.53734e-09 4.61622e-05)
(4.63032e-09 7.37649e-10 4.12634e-05)
(1.81412e-09 3.01279e-10 3.20555e-05)
(5.37195e-09 -3.45089e-10 1.99932e-05)
(1.41167e-08 1.12429e-08 7.96082e-06)
(-8.75966e-09 1.08787e-08 2.10746e-05)
(-4.07638e-09 -3.95441e-10 5.33123e-05)
(-2.12572e-09 6.89033e-11 7.85701e-05)
(-4.25913e-10 -1.08589e-09 9.57199e-05)
(1.53688e-09 -4.51699e-09 0.000104219)
(2.50508e-09 -4.05919e-09 0.000104219)
(5.53822e-09 -7.62114e-10 9.57211e-05)
(7.70565e-09 7.26742e-11 7.85701e-05)
(7.11169e-09 1.51968e-09 5.33112e-05)
(9.98731e-09 1.3991e-08 2.10738e-05)
(-3.8594e-09 8.35202e-09 3.44759e-05)
(-2.31939e-09 1.8123e-11 8.16253e-05)
(-1.72281e-09 -2.043e-09 0.000112349)
(1.18935e-09 -3.89316e-09 0.000128938)
(1.06773e-09 -3.89459e-09 0.000135783)
(1.12906e-09 -3.55976e-09 0.000135783)
(9.47408e-10 -3.13536e-09 0.000128938)
(3.14944e-09 -3.04178e-10 0.000112348)
(1.52608e-09 1.58679e-09 8.16234e-05)
(3.3092e-09 1.00573e-08 3.44741e-05)
(7.21904e-10 7.09673e-09 4.49628e-05)
(4.12233e-09 -1.69391e-10 0.000100997)
(2.85529e-09 -1.50602e-09 0.000130794)
(2.12712e-09 -3.30604e-09 0.00014299)
(6.94342e-10 -2.75991e-09 0.000146869)
(-6.09446e-10 -1.69426e-09 0.000146869)
(-3.10294e-09 -2.48783e-09 0.000142989)
(-3.69569e-09 -4.92771e-10 0.000130793)
(-5.35306e-09 3.59173e-10 0.000100995)
(-1.13882e-09 6.47327e-09 4.49609e-05)
(1.66978e-09 8.82143e-10 5.06816e-05)
(2.39465e-09 -5.52332e-10 0.000110386)
(1.65999e-09 5.48779e-11 0.000138064)
(1.11259e-09 -1.01122e-09 0.000147258)
(-1.28989e-10 -5.84132e-10 0.000149556)
(4.42039e-11 -4.59133e-11 0.000149556)
(-1.31741e-09 -4.28874e-10 0.000147258)
(-6.15499e-10 6.75739e-10 0.000138063)
(-2.36777e-09 4.09837e-10 0.000110384)
(-1.72534e-09 9.79556e-10 5.06804e-05)
(1.88493e-09 3.37039e-09 5.06817e-05)
(1.99709e-09 1.17452e-09 0.000110387)
(6.83624e-10 3.54434e-10 0.000138064)
(9.55768e-10 -1.43797e-09 0.000147258)
(-9.22392e-11 -1.16326e-09 0.000149556)
(2.48038e-10 -1.30812e-09 0.000149556)
(-5.60832e-10 -1.31796e-09 0.000147257)
(-8.80524e-10 5.25274e-10 0.000138063)
(-1.53983e-09 4.7617e-10 0.000110384)
(-1.05813e-09 1.38452e-09 5.068e-05)
(2.54265e-09 -3.07602e-09 4.49629e-05)
(3.26636e-09 6.36644e-10 0.000100998)
(8.38708e-10 1.73506e-09 0.000130794)
(2.12739e-09 4.06212e-10 0.000142989)
(7.72917e-10 6.38564e-10 0.000146869)
(3.82301e-10 3.55532e-11 0.000146869)
(-1.74951e-09 7.37771e-11 0.000142989)
(-7.29519e-10 1.8644e-09 0.000130793)
(-2.20988e-09 1.09661e-09 0.000100997)
(-2.04274e-09 -1.80361e-09 4.49614e-05)
(6.71673e-11 -4.29297e-09 3.44758e-05)
(1.07657e-09 5.20468e-09 8.1627e-05)
(-1.89429e-09 1.85819e-09 0.000112349)
(7.35229e-10 -1.03086e-09 0.000128937)
(-4.01287e-10 5.88653e-10 0.000135782)
(3.53171e-10 3.58617e-10 0.000135782)
(1.53918e-10 -6.70866e-10 0.000128937)
(2.99242e-09 1.58591e-10 0.000112348)
(-1.75682e-09 3.88188e-09 8.16251e-05)
(-1.27069e-09 -3.08469e-09 3.44748e-05)
(-3.33702e-09 -6.98124e-09 2.10756e-05)
(6.10061e-09 9.66073e-09 5.33124e-05)
(2.85272e-09 1.76327e-09 7.85688e-05)
(2.05396e-09 -2.62708e-09 9.57182e-05)
(2.26161e-09 8.61385e-10 0.000104217)
(1.53747e-09 4.32589e-10 0.000104218)
(1.44415e-09 -1.57478e-09 9.57191e-05)
(-9.79244e-10 2.40068e-09 7.85696e-05)
(-3.96259e-09 8.08334e-09 5.33121e-05)
(4.86043e-09 -8.81495e-09 2.1075e-05)
(-1.07303e-08 -8.38808e-09 7.96118e-06)
(2.199e-12 3.59879e-09 1.99931e-05)
(2.4052e-09 4.38459e-10 3.20548e-05)
(-3.89141e-09 -1.04298e-09 4.12626e-05)
(-1.84837e-09 1.30231e-09 4.61621e-05)
(-2.65855e-09 8.72766e-10 4.61622e-05)
(-8.87077e-10 7.34285e-10 4.12624e-05)
(-5.26103e-09 3.61142e-09 3.20554e-05)
(4.0606e-11 4.41879e-09 1.99929e-05)
(1.10569e-08 -8.64974e-09 7.96093e-06)
(-1.33503e-08 1.06534e-08 7.96103e-06)
(-7.09898e-09 3.83031e-10 1.9993e-05)
(-5.34104e-09 2.18296e-09 3.20553e-05)
(-7.4366e-09 1.30741e-09 4.12627e-05)
(-2.88392e-09 -1.43221e-09 4.61619e-05)
(-2.14381e-09 -8.00699e-10 4.61616e-05)
(1.68978e-09 -3.94209e-10 4.12623e-05)
(-8.79073e-10 -1.12619e-09 3.20547e-05)
(3.30805e-09 -3.09983e-09 1.99929e-05)
(1.45689e-08 1.06179e-08 7.96074e-06)
(-6.92617e-09 1.11103e-08 2.1075e-05)
(-3.95805e-09 1.16303e-09 5.33131e-05)
(-4.65187e-09 2.36543e-09 7.85704e-05)
(-1.5025e-09 1.02846e-10 9.57194e-05)
(5.59556e-10 -3.855e-09 0.000104217)
(1.53439e-09 -3.44564e-09 0.000104217)
(3.00482e-09 -1.43839e-09 9.5719e-05)
(3.22667e-09 -1.65523e-09 7.85694e-05)
(2.83161e-09 -1.58887e-09 5.33122e-05)
(8.42101e-09 1.23224e-08 2.10751e-05)
(-1.76355e-09 7.47486e-09 3.44763e-05)
(-5.51475e-10 1.6343e-09 8.16258e-05)
(-2.13924e-09 1.08721e-10 0.000112349)
(1.15725e-09 -3.5204e-09 0.000128937)
(8.47796e-10 -4.45694e-09 0.000135782)
(-2.24091e-10 -4.48466e-09 0.000135782)
(-5.09153e-10 -3.95312e-09 0.000128938)
(1.89879e-09 -1.57619e-09 0.000112349)
(9.88662e-10 1.76976e-09 8.16252e-05)
(2.92303e-09 9.46841e-09 3.44757e-05)
(8.14419e-10 5.3421e-09 4.49628e-05)
(4.46763e-09 2.84755e-10 0.000100997)
(3.82402e-09 3.73316e-11 0.000130794)
(3.53747e-09 -3.32705e-09 0.000142989)
(1.4631e-09 -2.66712e-09 0.000146869)
(9.83863e-11 -2.33459e-09 0.000146869)
(-2.32322e-09 -3.04699e-09 0.000142989)
(-3.54477e-09 -2.18969e-09 0.000130793)
(-5.08916e-09 -2.95602e-10 0.000100996)
(-1.15244e-09 6.53525e-09 4.4962e-05)
(1.28966e-09 -4.17112e-10 5.06818e-05)
(1.4821e-09 -1.4043e-10 0.000110385)
(7.61285e-10 1.32598e-09 0.000138063)
(1.26931e-09 -2.46801e-10 0.000147257)
(8.51745e-11 -2.08486e-10 0.000149556)
(-1.16891e-11 2.74355e-10 0.000149556)
(-1.19528e-09 -6.52319e-10 0.000147257)
(-1.46539e-09 8.65628e-11 0.000138063)
(-2.74704e-09 -5.18936e-10 0.000110385)
(-1.53539e-09 1.20773e-10 5.06809e-05)
(1.97976e-09 2.85153e-09 5.06816e-05)
(1.60652e-09 1.10995e-09 0.000110386)
(5.48738e-10 6.63041e-10 0.000138063)
(1.30991e-09 -1.4626e-09 0.000147258)
(4.46615e-10 -1.1457e-09 0.000149556)
(3.67976e-10 -1.4951e-09 0.000149556)
(-5.32443e-10 -2.23709e-09 0.000147257)
(-8.54533e-10 1.42592e-10 0.000138063)
(-2.65144e-09 1.81797e-10 0.000110385)
(-1.59447e-09 1.03697e-09 5.06808e-05)
(2.91996e-09 -3.04853e-09 4.49624e-05)
(3.9849e-09 5.66649e-10 0.000100997)
(1.91681e-09 1.76202e-09 0.000130794)
(3.74823e-09 -9.3661e-11 0.00014299)
(1.31332e-09 4.3157e-10 0.000146869)
(8.36416e-10 -4.57462e-11 0.000146869)
(-1.30453e-09 2.36042e-10 0.000142989)
(-1.00101e-09 2.4053e-09 0.000130794)
(-2.82866e-09 1.36765e-10 0.000100997)
(-2.23387e-09 -3.20199e-09 4.4962e-05)
(8.69899e-10 -5.03888e-09 3.44759e-05)
(1.70837e-09 3.96418e-09 8.16262e-05)
(-2.28139e-09 9.08642e-10 0.000112349)
(1.46907e-09 -1.14295e-09 0.000128937)
(1.01545e-09 9.60912e-10 0.000135781)
(1.63115e-09 1.2609e-09 0.000135782)
(6.48386e-10 2.70449e-10 0.000128937)
(3.45736e-09 5.98149e-10 0.000112349)
(-9.7088e-11 1.40041e-09 8.1626e-05)
(2.19325e-10 -5.81431e-09 3.44758e-05)
(-6.21e-09 -1.04442e-08 2.10754e-05)
(2.67022e-09 6.67961e-09 5.33134e-05)
(1.7216e-09 6.21327e-10 7.857e-05)
(7.50351e-10 -2.9827e-09 9.57184e-05)
(9.06243e-10 1.6925e-09 0.000104217)
(7.32356e-10 1.61215e-09 0.000104217)
(1.71975e-09 -1.14474e-09 9.57192e-05)
(3.40588e-10 2.53086e-09 7.85704e-05)
(-1.2056e-09 5.23613e-09 5.33129e-05)
(7.13721e-09 -1.11233e-08 2.1075e-05)
(-1.4547e-08 -1.12372e-08 7.96141e-06)
(-4.22785e-09 1.73052e-09 1.99934e-05)
(5.76502e-10 3.32288e-12 3.20556e-05)
(-5.30847e-09 -1.34283e-09 4.12631e-05)
(-3.01321e-09 1.25127e-09 4.61622e-05)
(-2.44235e-09 1.51084e-09 4.61627e-05)
(1.37387e-10 3.48515e-10 4.1263e-05)
(-3.22705e-09 3.02521e-09 3.20557e-05)
(3.80827e-09 2.29418e-09 1.99933e-05)
(1.59181e-08 -1.21883e-08 7.96102e-06)
(-1.52675e-08 1.08309e-08 7.96082e-06)
(-5.09713e-09 -8.99305e-10 1.99933e-05)
(-2.23228e-09 1.74234e-09 3.2056e-05)
(-6.32377e-09 1.25463e-09 4.12635e-05)
(-2.29005e-09 -1.21315e-09 4.61626e-05)
(-2.32528e-09 -1.58703e-09 4.61627e-05)
(1.57563e-09 -4.12885e-10 4.1263e-05)
(9.08e-10 -7.16589e-10 3.20555e-05)
(4.4034e-09 -1.31142e-09 1.99933e-05)
(1.18465e-08 9.21661e-09 7.96059e-06)
(-5.20049e-09 9.45797e-09 2.10746e-05)
(-3.03494e-11 -2.80274e-09 5.33127e-05)
(-1.42542e-09 9.03303e-10 7.85707e-05)
(2.73344e-10 -4.47796e-10 9.57202e-05)
(1.14049e-09 -3.85164e-09 0.000104218)
(2.10477e-09 -3.7373e-09 0.000104218)
(3.19337e-09 -7.26719e-10 9.572e-05)
(3.33817e-09 -5.22123e-10 7.85705e-05)
(3.39549e-09 -3.24379e-10 5.33123e-05)
(7.20702e-09 1.07845e-08 2.10744e-05)
(-2.8358e-09 7.14474e-09 3.44758e-05)
(-3.20224e-10 -6.93209e-10 8.16254e-05)
(-1.573e-09 -9.93675e-10 0.000112349)
(8.90177e-10 -3.76815e-09 0.000128937)
(1.15789e-09 -4.21468e-09 0.000135781)
(3.56506e-10 -4.18654e-09 0.000135782)
(-1.43103e-10 -2.9792e-09 0.000128937)
(1.60495e-09 -2.11387e-10 0.000112348)
(1.46095e-09 2.17034e-09 8.16248e-05)
(3.13733e-09 8.02451e-09 3.44754e-05)
(1.18177e-09 5.61822e-09 4.49622e-05)
(5.44206e-09 -4.72735e-10 0.000100997)
(3.76683e-09 -9.18054e-10 0.000130794)
(2.90946e-09 -2.8694e-09 0.000142989)
(1.18006e-09 -2.26497e-09 0.000146869)
(-5.32325e-10 -2.16821e-09 0.000146868)
(-2.2602e-09 -2.5554e-09 0.000142989)
(-2.91008e-09 -1.34831e-09 0.000130793)
(-4.34214e-09 2.58347e-10 0.000100996)
(-7.6666e-10 6.45023e-09 4.4962e-05)
(1.0161e-09 1.77593e-10 5.06813e-05)
(1.56943e-09 -8.11841e-10 0.000110385)
(1.15973e-09 6.74365e-11 0.000138063)
(1.10662e-09 -2.81237e-10 0.000147257)
(3.44431e-10 -5.99362e-10 0.000149555)
(1.65024e-10 -4.37405e-10 0.000149555)
(-1.33356e-09 -4.82358e-10 0.000147257)
(-1.54121e-09 7.16823e-10 0.000138063)
(-3.38238e-09 -2.32919e-10 0.000110385)
(-1.84451e-09 3.5966e-10 5.06811e-05)
(1.11111e-09 3.16824e-09 5.06812e-05)
(8.86455e-10 1.01359e-09 0.000110385)
(8.61056e-10 2.73677e-10 0.000138064)
(8.55737e-10 -1.04866e-09 0.000147257)
(-1.73827e-10 -9.08229e-10 0.000149556)
(-1.51326e-10 -1.34526e-09 0.000149555)
(-8.32183e-10 -2.09827e-09 0.000147257)
(-1.2818e-09 3.91266e-10 0.000138063)
(-3.19315e-09 2.64836e-10 0.000110385)
(-1.48911e-09 6.52804e-10 5.06814e-05)
(2.55331e-09 -1.63371e-09 4.49618e-05)
(3.70873e-09 -8.79829e-11 0.000100997)
(1.53902e-09 6.80379e-10 0.000130794)
(2.96837e-09 8.3584e-10 0.00014299)
(9.79067e-10 8.41372e-10 0.000146869)
(-7.18865e-11 1.16678e-09 0.000146869)
(-1.77647e-09 4.98471e-10 0.000142989)
(-8.5797e-10 2.85018e-09 0.000130794)
(-1.88665e-09 5.53051e-10 0.000100997)
(-1.05526e-09 -4.01204e-09 4.49625e-05)
(2.48661e-09 -2.04399e-09 3.44757e-05)
(2.89569e-09 3.4669e-09 8.16258e-05)
(-1.02265e-10 -1.47081e-11 0.000112349)
(3.25995e-09 -9.03945e-10 0.000128937)
(8.71295e-10 9.91857e-10 0.000135782)
(1.19284e-09 1.57316e-09 0.000135782)
(1.17798e-09 2.54887e-10 0.000128938)
(3.04151e-09 1.83203e-09 0.000112349)
(-8.347e-10 3.58351e-09 8.16259e-05)
(2.35039e-10 -5.22241e-09 3.44763e-05)
(-3.94851e-09 -6.91437e-09 2.10749e-05)
(4.02826e-09 5.98556e-09 5.33126e-05)
(1.61878e-09 5.41926e-10 7.85696e-05)
(1.42281e-10 -3.0807e-09 9.57191e-05)
(8.26461e-10 1.13353e-09 0.000104217)
(4.54865e-10 1.52996e-09 0.000104217)
(1.34073e-09 -1.51407e-09 9.57196e-05)
(-9.82291e-10 3.47015e-09 7.85706e-05)
(-2.71917e-09 7.29195e-09 5.33131e-05)
(6.09088e-09 -9.83678e-09 2.10749e-05)
(-1.35636e-08 -9.56964e-09 7.96085e-06)
(-6.08309e-09 -1.05674e-10 1.99927e-05)
(-2.34849e-09 -1.05041e-09 3.20553e-05)
(-6.60845e-09 -1.22239e-09 4.12628e-05)
(-2.64829e-09 8.93745e-10 4.61623e-05)
(-1.95882e-09 1.38332e-09 4.61626e-05)
(1.79575e-10 3.3677e-10 4.12631e-05)
(-4.09346e-09 3.34796e-09 3.20556e-05)
(2.09999e-09 2.76471e-09 1.99934e-05)
(1.41916e-08 -1.12075e-08 7.96112e-06)
(-1.65544e-08 1.31175e-08 7.9606e-06)
(-1.17471e-08 4.0751e-09 1.99929e-05)
(-8.94242e-09 3.61476e-09 3.2054e-05)
(-9.42268e-09 1.38887e-09 4.12612e-05)
(-2.55374e-09 -1.55608e-09 4.61607e-05)
(4.48248e-10 -1.79763e-09 4.6161e-05)
(5.00433e-09 5.80206e-10 4.12615e-05)
(3.85457e-09 1.40316e-09 3.20538e-05)
(7.23826e-09 1.13432e-09 1.99926e-05)
(1.54313e-08 1.21488e-08 7.96094e-06)
(-9.36498e-09 1.44224e-08 2.1075e-05)
(-7.68413e-09 4.8708e-09 5.33128e-05)
(-7.20898e-09 3.60439e-09 7.85692e-05)
(-1.96261e-09 -1.26112e-09 9.5718e-05)
(4.9137e-10 -4.84527e-09 0.000104216)
(3.13405e-09 -4.62433e-09 0.000104216)
(7.14644e-09 -6.28946e-10 9.57185e-05)
(9.56354e-09 2.69787e-09 7.85708e-05)
(8.00027e-09 3.76161e-09 5.3314e-05)
(9.39938e-09 1.35029e-08 2.10749e-05)
(-2.65266e-09 8.65107e-09 3.44762e-05)
(-7.14121e-10 3.38403e-09 8.16261e-05)
(-1.23028e-09 1.52305e-09 0.000112348)
(1.65907e-09 -3.84219e-09 0.000128937)
(1.24142e-09 -4.55925e-09 0.000135781)
(2.50255e-10 -4.64148e-09 0.000135781)
(3.75403e-10 -3.68129e-09 0.000128936)
(3.43207e-09 1.81668e-09 0.000112349)
(2.60106e-09 5.13277e-09 8.16263e-05)
(3.86543e-09 1.0315e-08 3.44768e-05)
(1.36577e-09 5.08983e-09 4.49612e-05)
(5.56137e-09 1.12044e-09 0.000100996)
(4.61357e-09 8.03672e-10 0.000130794)
(3.28125e-09 -2.08782e-09 0.000142989)
(6.78376e-10 -2.14893e-09 0.000146869)
(-1.13358e-09 -2.92709e-09 0.000146868)
(-3.15903e-09 -2.94132e-09 0.000142989)
(-4.52153e-09 4.5334e-10 0.000130794)
(-5.40165e-09 2.14936e-09 0.000100997)
(-3.49319e-10 7.64421e-09 4.49622e-05)
(1.69177e-09 -3.03097e-10 5.06801e-05)
(1.69783e-09 -2.38243e-11 0.000110385)
(7.36742e-10 1.96146e-09 0.000138064)
(8.12752e-10 -8.73144e-11 0.000147257)
(-3.13497e-10 -1.92979e-10 0.000149555)
(-5.88474e-10 -5.84812e-10 0.000149555)
(-1.4462e-09 -5.56593e-10 0.000147257)
(-2.3777e-09 1.5335e-09 0.000138064)
(-4.01326e-09 9.69568e-10 0.000110385)
(-1.186e-09 1.27416e-09 5.06814e-05)
(9.14909e-10 2.46175e-09 5.06803e-05)
(8.60423e-10 1.3301e-09 0.000110384)
(-4.50297e-10 1.10355e-09 0.000138064)
(2.09634e-10 -1.0043e-09 0.000147257)
(6.57843e-10 -6.98624e-10 0.000149556)
(-2.54917e-10 -1.42529e-09 0.000149556)
(-1.07611e-09 -1.89927e-09 0.000147258)
(-1.73989e-09 9.27378e-10 0.000138064)
(-3.60256e-09 7.47112e-10 0.000110385)
(-1.5586e-09 9.31337e-10 5.06818e-05)
(3.00064e-09 -1.14879e-09 4.49611e-05)
(3.35172e-09 1.74089e-09 0.000100996)
(6.37714e-10 1.46944e-09 0.000130795)
(2.27825e-09 5.48748e-10 0.00014299)
(3.6866e-10 1.27877e-09 0.000146869)
(-2.24289e-10 8.11269e-10 0.000146869)
(-2.38478e-09 5.60973e-10 0.00014299)
(-2.71373e-09 1.73501e-09 0.000130795)
(-4.03357e-09 -9.01943e-10 0.000100997)
(-1.99624e-09 -3.25164e-09 4.4963e-05)
(6.64162e-10 -2.62563e-09 3.4476e-05)
(7.75149e-10 5.40602e-09 8.16264e-05)
(-3.07362e-09 1.00657e-09 0.00011235)
(-1.35572e-11 -7.43107e-10 0.000128937)
(-1.91178e-10 1.17672e-09 0.000135782)
(1.14314e-09 1.86698e-09 0.000135782)
(5.18023e-10 2.43534e-10 0.000128937)
(3.39464e-09 -8.84767e-10 0.00011235)
(7.96126e-10 -5.19822e-10 8.16268e-05)
(8.17748e-10 -5.89667e-09 3.44775e-05)
(-4.62719e-09 -8.49738e-09 2.10747e-05)
(4.59813e-09 7.79888e-09 5.33133e-05)
(2.4627e-09 1.23477e-09 7.85699e-05)
(1.28472e-09 -3.01928e-09 9.57192e-05)
(1.63093e-09 1.13329e-09 0.000104216)
(2.18712e-09 1.48223e-09 0.000104216)
(3.1182e-09 -1.53e-09 9.57188e-05)
(1.93958e-09 1.19697e-09 7.85696e-05)
(-3.36398e-10 3.92301e-09 5.33129e-05)
(5.80328e-09 -9.79837e-09 2.10748e-05)
(-1.42427e-08 -1.09744e-08 7.96063e-06)
(-3.13143e-09 1.65327e-09 1.99926e-05)
(1.32516e-09 4.20277e-10 3.20534e-05)
(-4.87227e-09 -1.78874e-09 4.12612e-05)
(-1.93062e-09 9.78028e-10 4.61609e-05)
(-2.19556e-09 1.04135e-09 4.61606e-05)
(-7.40656e-10 3.55555e-10 4.12611e-05)
(-2.63389e-09 2.60697e-09 3.2053e-05)
(4.01657e-09 1.85855e-09 1.99921e-05)
(1.38563e-08 -1.01575e-08 7.96062e-06)
(6.62081e-09 -6.01392e-09 7.96083e-06)
(1.5013e-08 -1.0441e-08 1.99926e-05)
(1.34697e-08 -2.62071e-09 3.20546e-05)
(4.95703e-09 3.50272e-09 4.1262e-05)
(1.39273e-10 2.29885e-09 4.61616e-05)
(-1.92116e-09 2.10849e-09 4.61614e-05)
(-6.58095e-09 3.1992e-09 4.12623e-05)
(-1.47097e-08 -2.43602e-09 3.20547e-05)
(-1.59683e-08 -1.08239e-08 1.99927e-05)
(-6.77458e-09 -7.28255e-09 7.96048e-06)
(-4.04479e-09 -5.0382e-11 2.10749e-05)
(-7.26795e-09 -6.35827e-09 5.33127e-05)
(-2.93403e-09 -3.68467e-09 7.85695e-05)
(-9.77155e-10 5.61267e-09 9.57177e-05)
(-1.38838e-09 3.93873e-09 0.000104216)
(-2.61183e-09 4.18302e-09 0.000104216)
(-2.38153e-09 4.2213e-09 9.57179e-05)
(-7.42491e-10 -5.90794e-09 7.85698e-05)
(2.39766e-09 -9.59457e-09 5.33127e-05)
(1.17747e-09 -3.5877e-09 2.10744e-05)
(-6.82098e-09 1.27366e-08 3.44758e-05)
(-7.63922e-09 1.48744e-09 8.16264e-05)
(-6.32362e-09 -8.10629e-09 0.000112349)
(-2.74366e-09 -2.17911e-09 0.000128937)
(6.98231e-10 8.24121e-10 0.000135781)
(-4.64916e-10 4.30943e-10 0.000135781)
(1.31576e-09 -3.1334e-09 0.000128937)
(4.30211e-09 -1.00098e-08 0.000112349)
(5.33473e-09 -1.01445e-09 8.1626e-05)
(4.388e-09 9.16572e-09 3.44755e-05)
(-1.2027e-09 8.35071e-09 4.49618e-05)
(2.52088e-09 4.91112e-10 0.000100997)
(1.41569e-09 -6.02386e-09 0.000130793)
(3.81202e-10 -2.97145e-09 0.000142989)
(6.16249e-10 -4.62167e-10 0.000146869)
(3.5791e-11 -4.83227e-10 0.000146869)
(5.8379e-10 -3.10444e-09 0.00014299)
(-1.54326e-09 -6.74208e-09 0.000130794)
(-2.25503e-09 -9.2125e-10 0.000100997)
(1.2341e-09 5.95631e-09 4.4962e-05)
(8.4176e-10 3.51892e-09 5.0681e-05)
(4.12643e-09 -5.08642e-10 0.000110385)
(3.37227e-09 -2.33196e-09 0.000138063)
(7.44099e-10 -1.22681e-09 0.000147257)
(2.9424e-11 9.85828e-11 0.000149556)
(-4.15738e-10 3.55623e-10 0.000149556)
(-1.5647e-10 -9.84623e-10 0.000147257)
(-2.64203e-09 -2.83863e-09 0.000138063)
(-4.34058e-09 -1.20237e-09 0.000110385)
(-4.35608e-10 3.88974e-09 5.06809e-05)
(5.71791e-10 3.53966e-10 5.0681e-05)
(3.80577e-09 -2.22599e-09 0.000110385)
(3.23967e-09 -1.1258e-10 0.000138063)
(6.72596e-10 -6.29395e-10 0.000147257)
(9.7563e-10 4.60595e-10 0.000149556)
(4.95634e-10 -2.57532e-10 0.000149556)
(6.05915e-10 -2.19823e-10 0.000147258)
(-1.85188e-09 2.73352e-10 0.000138063)
(-2.70319e-09 -2.31902e-09 0.000110385)
(-1.76632e-10 1.43923e-09 5.06812e-05)
(3.13959e-10 -1.72408e-09 4.4962e-05)
(4.9745e-10 -4.96008e-09 0.000100996)
(-6.27333e-10 2.26717e-09 0.000130794)
(-8.04799e-10 7.54698e-10 0.000142989)
(3.07111e-10 1.30371e-09 0.000146869)
(1.13451e-09 1.3566e-09 0.000146869)
(2.24127e-09 1.64659e-09 0.00014299)
(2.70797e-09 4.85242e-09 0.000130795)
(1.44545e-09 -1.88689e-09 0.000100998)
(-7.7733e-10 2.18997e-09 4.49627e-05)
(-1.12663e-09 -6.00057e-09 3.44751e-05)
(-5.3163e-09 -3.74206e-09 8.16253e-05)
(-6.56495e-09 6.03647e-09 0.000112349)
(-4.2216e-09 -1.07306e-09 0.000128937)
(-1.75174e-09 -5.95906e-10 0.000135782)
(-2.29403e-10 -7.11622e-10 0.000135781)
(2.14085e-09 -8.74944e-10 0.000128937)
(5.20095e-09 7.78106e-09 0.00011235)
(3.67912e-09 1.87082e-09 8.16267e-05)
(-1.88058e-09 2.51057e-09 3.44763e-05)
(4.0798e-10 4.82278e-09 2.10743e-05)
(-4.60847e-09 4.98799e-09 5.3313e-05)
(-2.25866e-09 3.13863e-09 7.85705e-05)
(-9.74453e-10 -6.42945e-09 9.57189e-05)
(-1.10585e-09 -3.80128e-09 0.000104217)
(-1.42313e-09 -4.31358e-09 0.000104216)
(-3.0289e-09 -7.82459e-09 9.57186e-05)
(-1.95273e-09 4.25802e-09 7.85704e-05)
(-2.92838e-09 1.00656e-08 5.33133e-05)
(-8.52621e-09 1.27808e-08 2.10753e-05)
(1.29515e-08 1.09559e-08 7.96062e-06)
(1.353e-08 7.94984e-09 1.99932e-05)
(1.09044e-08 1.37195e-09 3.20557e-05)
(4.65036e-09 -3.51712e-09 4.12627e-05)
(-3.51755e-10 -1.59984e-09 4.6162e-05)
(-1.59278e-09 -1.5896e-09 4.61618e-05)
(-8.05589e-09 -3.73836e-09 4.12626e-05)
(-1.73065e-08 4.02555e-09 3.20551e-05)
(-2.04643e-08 1.17983e-08 1.9993e-05)
(-1.58826e-08 1.34211e-08 7.96071e-06)
(-1.42383e-08 1.0579e-08 7.96083e-06)
(-7.3267e-09 9.51275e-10 1.9993e-05)
(-4.63416e-09 3.49184e-09 3.20568e-05)
(-6.97909e-09 1.42106e-09 4.12642e-05)
(-2.62487e-09 -1.04453e-09 4.6164e-05)
(-1.5737e-09 -1.18897e-09 4.6164e-05)
(2.31276e-09 5.88173e-11 4.12646e-05)
(1.53504e-09 2.51496e-10 3.20571e-05)
(6.53531e-09 -4.49363e-10 1.99934e-05)
(1.67044e-08 1.28192e-08 7.96048e-06)
(-8.59115e-09 1.18258e-08 2.1075e-05)
(-4.68001e-09 8.08742e-10 5.33124e-05)
(-4.6916e-09 2.88284e-09 7.857e-05)
(-9.94875e-10 -1.05099e-10 9.57199e-05)
(1.52954e-09 -3.59437e-09 0.000104218)
(2.85463e-09 -3.37602e-09 0.000104219)
(5.79034e-09 -6.54123e-10 9.57206e-05)
(8.41809e-09 1.07642e-09 7.85704e-05)
(7.60283e-09 1.31047e-09 5.33113e-05)
(1.00651e-08 1.38239e-08 2.10739e-05)
(-3.55024e-09 8.72814e-09 3.44753e-05)
(-1.821e-09 6.86731e-10 8.16254e-05)
(-2.41239e-09 -1.46458e-09 0.000112348)
(5.69481e-10 -3.60346e-09 0.000128938)
(1.30185e-09 -4.08825e-09 0.000135782)
(1.98497e-10 -4.24266e-09 0.000135783)
(7.09516e-10 -3.99388e-09 0.000128938)
(3.68992e-09 -6.52307e-10 0.000112348)
(2.92472e-09 3.62279e-09 8.16244e-05)
(4.9225e-09 1.1243e-08 3.44741e-05)
(1.87376e-09 4.96021e-09 4.49627e-05)
(5.3591e-09 -4.58038e-10 0.000100997)
(3.55762e-09 -1.3273e-09 0.000130793)
(2.74192e-09 -2.37974e-09 0.000142989)
(8.73494e-10 -1.84095e-09 0.000146869)
(-8.128e-10 -2.21623e-09 0.000146869)
(-3.13463e-09 -3.42996e-09 0.000142989)
(-4.26063e-09 -1.89471e-09 0.000130792)
(-5.13453e-09 9.13823e-10 0.000100996)
(-4.50847e-10 7.74045e-09 4.49618e-05)
(1.57436e-09 -9.63752e-11 5.0682e-05)
(2.81412e-09 -5.02905e-10 0.000110386)
(1.70516e-09 3.9296e-10 0.000138063)
(9.7021e-10 -3.88786e-10 0.000147258)
(2.93367e-11 -1.5743e-10 0.000149555)
(-3.9978e-10 -3.924e-10 0.000149555)
(-1.18633e-09 -1.05511e-09 0.000147257)
(-2.10513e-09 5.98703e-11 0.000138062)
(-3.84122e-09 -3.86857e-10 0.000110385)
(-1.51173e-09 1.46729e-09 5.06806e-05)
(1.55455e-09 1.81577e-09 5.06821e-05)
(2.67446e-09 2.88862e-11 0.000110386)
(1.76003e-09 7.72923e-11 0.000138063)
(1.1323e-09 -1.12306e-09 0.000147258)
(5.48099e-10 -1.09757e-09 0.000149555)
(6.48426e-11 -1.19549e-09 0.000149555)
(-4.84783e-10 -1.95519e-09 0.000147257)
(-1.63196e-09 -5.78654e-10 0.000138062)
(-3.16038e-09 -5.4944e-10 0.000110385)
(-1.17514e-09 1.17507e-09 5.06806e-05)
(2.76269e-09 -4.04082e-09 4.4963e-05)
(4.98659e-09 -1.18542e-09 0.000100997)
(2.27351e-09 8.83952e-10 0.000130792)
(2.63388e-09 9.47279e-10 0.000142989)
(1.36207e-09 1.17597e-09 0.000146868)
(4.07251e-10 1.218e-09 0.000146868)
(-7.34222e-10 5.60743e-10 0.000142989)
(-1.09434e-09 6.98148e-10 0.000130792)
(-3.46849e-09 -1.42967e-09 0.000100996)
(-1.47757e-09 -3.36693e-09 4.49619e-05)
(-1.11093e-09 -8.37282e-09 3.4475e-05)
(-1.47796e-09 -3.37356e-10 8.16252e-05)
(-5.19377e-09 -1.77845e-10 0.000112348)
(-1.71638e-09 1.48285e-10 0.000128936)
(-1.57422e-09 1.31596e-09 0.000135781)
(1.45765e-10 1.54922e-09 0.000135781)
(4.28197e-10 -5.75199e-11 0.000128937)
(3.94201e-09 -6.20233e-10 0.000112348)
(8.1842e-10 -1.36069e-09 8.16249e-05)
(4.44018e-10 -6.25898e-09 3.44747e-05)
(-8.64091e-09 -1.37313e-08 2.10748e-05)
(-1.14061e-09 2.76177e-09 5.33119e-05)
(-1.25656e-09 -3.9509e-10 7.85688e-05)
(-1.88428e-10 -1.99277e-09 9.57182e-05)
(5.40388e-10 1.26812e-09 0.000104217)
(1.41113e-09 8.88245e-10 0.000104217)
(2.89588e-09 -2.67747e-09 9.57193e-05)
(3.43236e-09 -2.11343e-10 7.85707e-05)
(1.74641e-09 2.154e-09 5.33136e-05)
(6.73776e-09 -1.09171e-08 2.10754e-05)
(-1.94277e-08 -1.4847e-08 7.96053e-06)
(-7.29954e-09 6.12712e-11 1.9993e-05)
(-2.14847e-09 -1.37048e-09 3.20569e-05)
(-5.01142e-09 -1.16231e-09 4.12638e-05)
(-1.70437e-09 1.30232e-09 4.61632e-05)
(-1.24511e-09 9.09971e-10 4.61633e-05)
(1.0422e-09 -4.96362e-10 4.1264e-05)
(-3.97319e-10 4.41768e-10 3.20575e-05)
(4.87135e-09 7.37494e-10 1.99944e-05)
(1.47309e-08 -1.14987e-08 7.96133e-06)
(-1.60471e-08 1.18113e-08 7.96067e-06)
(-4.82745e-09 -7.03296e-10 1.99931e-05)
(-2.55448e-09 1.68313e-09 3.20551e-05)
(-7.36516e-09 1.12967e-09 4.12622e-05)
(-2.17726e-09 -1.57721e-09 4.61619e-05)
(-2.4797e-09 -1.39767e-09 4.6162e-05)
(6.72272e-10 -4.07368e-10 4.12622e-05)
(-2.72261e-09 -2.2895e-09 3.2055e-05)
(2.97407e-09 -3.53683e-09 1.99928e-05)
(1.5121e-08 1.07386e-08 7.96068e-06)
(-5.59598e-09 9.13383e-09 2.10753e-05)
(-1.85042e-09 -1.33213e-09 5.33131e-05)
(-1.21535e-09 -2.54028e-10 7.85697e-05)
(1.08374e-09 -3.60209e-11 9.57189e-05)
(2.11322e-09 -3.1353e-09 0.000104216)
(2.92841e-09 -3.44854e-09 0.000104216)
(4.52153e-09 -6.37364e-10 9.57185e-05)
(5.26507e-09 -1.44034e-09 7.85702e-05)
(4.70752e-09 -2.05239e-09 5.33133e-05)
(9.63828e-09 1.32693e-08 2.10756e-05)
(-1.52739e-09 7.06864e-09 3.44758e-05)
(4.83409e-10 -9.73924e-10 8.16258e-05)
(-2.29797e-10 -2.53794e-09 0.000112349)
(2.75571e-09 -3.18469e-09 0.000128937)
(2.26087e-09 -2.44046e-09 0.000135781)
(1.8583e-09 -3.55654e-09 0.000135781)
(1.91857e-09 -2.91991e-09 0.000128937)
(2.9304e-09 -5.17358e-10 0.000112349)
(1.43825e-09 1.67984e-09 8.16261e-05)
(4.18732e-09 1.11133e-08 3.44763e-05)
(1.13368e-09 6.53267e-09 4.49622e-05)
(4.97882e-09 -4.98423e-10 0.000100997)
(3.68576e-09 -1.85692e-09 0.000130794)
(2.72823e-09 -2.29103e-09 0.00014299)
(2.72604e-10 -1.08622e-09 0.000146868)
(-1.17247e-09 -1.56416e-09 0.000146868)
(-3.18055e-09 -2.52196e-09 0.000142989)
(-4.43425e-09 -6.57466e-10 0.000130793)
(-6.14986e-09 -2.19767e-11 0.000100997)
(-1.43233e-09 7.15371e-09 4.49619e-05)
(1.54948e-09 1.20348e-10 5.0681e-05)
(1.82417e-09 -7.31779e-10 0.000110385)
(1.50877e-10 3.29249e-10 0.000138063)
(-3.60081e-10 2.78317e-10 0.000147258)
(-1.07833e-09 4.8625e-10 0.000149555)
(-5.89672e-10 4.91193e-10 0.000149555)
(-1.41021e-09 -6.01332e-10 0.000147257)
(-1.03254e-09 1.45599e-09 0.000138063)
(-2.82948e-09 -1.66819e-11 0.000110385)
(-1.77006e-09 1.24551e-09 5.06809e-05)
(1.20849e-09 2.63894e-09 5.06815e-05)
(1.86485e-09 1.13953e-09 0.000110385)
(9.61914e-10 1.50344e-09 0.000138063)
(7.35504e-11 -3.90537e-10 0.000147258)
(-1.0253e-10 -1.11181e-09 0.000149555)
(-4.17129e-10 -1.28862e-09 0.000149555)
(-1.6875e-09 -2.09921e-09 0.000147257)
(-1.36091e-09 4.8161e-10 0.000138063)
(-2.7213e-09 9.79209e-10 0.000110385)
(-1.6072e-09 2.13448e-09 5.06808e-05)
(2.60511e-09 -3.05152e-09 4.49625e-05)
(4.19631e-09 1.89517e-09 0.000100997)
(2.25857e-09 3.31932e-09 0.000130793)
(2.21913e-09 5.70841e-10 0.000142989)
(-2.04971e-10 7.70869e-10 0.000146868)
(-2.98801e-10 5.78087e-10 0.000146868)
(-2.15137e-09 2.73646e-10 0.000142989)
(-1.07534e-09 2.4398e-09 0.000130793)
(-2.91456e-09 5.83092e-10 0.000100997)
(-2.34567e-09 -2.3877e-09 4.4962e-05)
(1.43106e-09 -3.88638e-09 3.4476e-05)
(2.32658e-09 5.73676e-09 8.16261e-05)
(-1.51402e-09 2.62066e-09 0.000112349)
(6.43481e-10 -6.65201e-10 0.000128937)
(-9.02589e-10 4.42961e-10 0.000135781)
(3.04438e-10 1.076e-09 0.000135781)
(-2.71393e-10 -1.28598e-09 0.000128937)
(2.48251e-09 1.62673e-09 0.000112349)
(-1.22476e-09 3.90038e-09 8.1626e-05)
(-1.48653e-09 -2.68718e-09 3.44755e-05)
(-4.80986e-09 -7.84442e-09 2.10754e-05)
(3.98823e-09 8.13389e-09 5.33126e-05)
(2.98839e-09 2.05623e-09 7.85691e-05)
(1.85917e-09 -2.05321e-09 9.57177e-05)
(1.72299e-09 6.63106e-10 0.000104216)
(7.16582e-10 5.74842e-10 0.000104216)
(9.93992e-10 -2.85695e-09 9.57182e-05)
(-2.23396e-09 3.76527e-09 7.85698e-05)
(-4.38987e-09 7.88721e-09 5.33127e-05)
(5.43158e-09 -8.97664e-09 2.10745e-05)
(-1.21715e-08 -9.02046e-09 7.96079e-06)
(-3.1062e-10 3.31639e-09 1.99925e-05)
(2.02905e-09 1.88596e-10 3.20546e-05)
(-3.09659e-09 -7.59449e-10 4.12618e-05)
(5.0966e-10 1.61293e-09 4.61616e-05)
(-6.81497e-10 1.14817e-09 4.61615e-05)
(1.17718e-09 3.27336e-10 4.1262e-05)
(-2.77972e-09 3.18111e-09 3.20548e-05)
(3.66241e-09 1.80452e-09 1.99926e-05)
(1.38517e-08 -1.07775e-08 7.96047e-06)
(-9.57473e-09 7.17605e-09 7.96062e-06)
(-3.36821e-09 -9.59418e-10 1.99932e-05)
(-3.13355e-09 2.16248e-09 3.20554e-05)
(-6.36806e-09 1.00946e-09 4.12631e-05)
(-2.25906e-09 -2.50151e-09 4.61625e-05)
(-1.37639e-09 -2.60497e-09 4.61623e-05)
(3.35665e-09 1.76266e-10 4.12626e-05)
(5.26744e-10 1.50182e-10 3.20553e-05)
(4.60884e-09 -1.01996e-09 1.99931e-05)
(1.52448e-08 1.17496e-08 7.96061e-06)
(-5.27061e-09 8.69572e-09 2.10744e-05)
(-1.14044e-09 -1.56834e-09 5.33126e-05)
(-1.12639e-09 1.42997e-09 7.85705e-05)
(1.27049e-09 -5.89134e-10 9.57193e-05)
(1.19627e-09 -4.00146e-09 0.000104217)
(4.4245e-10 -4.66849e-09 0.000104217)
(2.57447e-09 -3.80864e-10 9.57189e-05)
(4.06715e-09 -1.79315e-11 7.85701e-05)
(3.20702e-09 -1.43766e-09 5.33128e-05)
(7.6441e-09 1.0955e-08 2.1075e-05)
(-2.08895e-09 7.04099e-09 3.44753e-05)
(-1.07357e-10 -8.14575e-10 8.1625e-05)
(-1.10405e-09 -1.98382e-09 0.000112349)
(1.65689e-09 -3.32358e-09 0.000128937)
(1.00466e-09 -2.78245e-09 0.000135782)
(3.61093e-10 -3.89447e-09 0.000135782)
(7.32428e-10 -3.58618e-09 0.000128937)
(2.32346e-09 -9.23137e-10 0.000112348)
(1.0193e-09 7.88698e-10 8.16251e-05)
(3.00119e-09 8.42563e-09 3.44757e-05)
(7.57505e-10 5.24439e-09 4.49612e-05)
(3.72765e-09 -1.07483e-09 0.000100996)
(2.88327e-09 -1.64021e-09 0.000130793)
(1.70512e-09 -2.09284e-09 0.00014299)
(-2.91433e-10 -1.5315e-09 0.000146869)
(-1.12496e-09 -2.28816e-09 0.000146869)
(-2.76226e-09 -3.2451e-09 0.000142989)
(-2.73202e-09 -7.99272e-10 0.000130793)
(-4.2478e-09 6.21678e-11 0.000100996)
(-5.76998e-10 7.05556e-09 4.49615e-05)
(1.28607e-09 -5.01838e-10 5.06806e-05)
(1.758e-09 -1.01218e-09 0.000110385)
(-5.16514e-11 7.47871e-10 0.000138062)
(-3.32047e-10 4.10509e-11 0.000147257)
(-3.98004e-10 5.31452e-10 0.000149555)
(-2.45383e-10 -1.57605e-10 0.000149555)
(-1.60334e-09 -3.94716e-10 0.000147257)
(-1.95817e-09 7.70404e-10 0.000138063)
(-3.54147e-09 9.75874e-11 0.000110385)
(-1.76072e-09 1.12767e-09 5.06808e-05)
(1.52068e-09 2.42139e-09 5.06803e-05)
(1.66407e-09 1.35332e-09 0.000110384)
(4.96528e-10 6.96229e-10 0.000138062)
(2.59872e-10 -9.10688e-10 0.000147257)
(-7.54745e-10 -1.09772e-09 0.000149555)
(-3.30227e-10 -1.49465e-09 0.000149555)
(-1.6906e-09 -2.27146e-09 0.000147257)
(-1.91708e-09 -3.92931e-10 0.000138063)
(-2.84819e-09 5.573e-11 0.000110385)
(-1.83491e-09 1.86494e-09 5.06807e-05)
(2.1792e-09 -3.44945e-09 4.49619e-05)
(2.53764e-09 8.02514e-10 0.000100996)
(2.8466e-11 2.43434e-09 0.000130793)
(1.21955e-09 6.83999e-10 0.000142989)
(-2.35078e-10 1.59701e-10 0.000146869)
(-3.94656e-10 5.68251e-10 0.000146869)
(-2.33826e-09 3.14774e-10 0.000142989)
(-1.59391e-09 1.91547e-09 0.000130793)
(-3.07308e-09 -7.85973e-10 0.000100997)
(-1.78853e-09 -3.4316e-09 4.49615e-05)
(5.58625e-10 -3.19258e-09 3.44758e-05)
(-7.01561e-10 3.19876e-09 8.16255e-05)
(-3.95838e-09 1.07448e-09 0.000112349)
(4.64096e-10 2.12184e-10 0.000128937)
(-2.17717e-10 6.00863e-10 0.000135781)
(3.44756e-10 8.48909e-10 0.000135781)
(-5.7854e-10 -5.7402e-10 0.000128937)
(2.58244e-09 -5.8502e-11 0.000112349)
(1.29818e-10 7.85046e-10 8.16256e-05)
(-5.65244e-11 -4.8409e-09 3.44753e-05)
(-4.32987e-09 -7.95178e-09 2.10747e-05)
(3.43163e-09 6.3193e-09 5.33125e-05)
(2.61468e-09 8.9897e-10 7.85697e-05)
(2.68639e-09 -1.51489e-09 9.57183e-05)
(2.56517e-09 2.17892e-09 0.000104217)
(1.60564e-09 9.00527e-10 0.000104217)
(2.04359e-09 -2.48301e-09 9.57189e-05)
(4.93104e-10 1.46082e-09 7.85698e-05)
(-7.06243e-10 4.71737e-09 5.33122e-05)
(7.52758e-09 -1.12142e-08 2.1074e-05)
(-1.64373e-08 -1.22599e-08 7.96051e-06)
(-2.15364e-09 2.60705e-09 1.99925e-05)
(1.5988e-09 1.04306e-10 3.20546e-05)
(-4.18873e-09 -1.06047e-09 4.12623e-05)
(-4.64563e-10 2.02272e-09 4.61619e-05)
(-4.61963e-10 1.32617e-09 4.61618e-05)
(1.27827e-09 6.47618e-11 4.12627e-05)
(-2.42141e-09 2.30578e-09 3.2055e-05)
(5.12462e-09 1.42457e-09 1.99921e-05)
(1.6547e-08 -1.28031e-08 7.96007e-06)
(-1.38395e-08 1.05527e-08 7.96028e-06)
(-5.94138e-09 4.08444e-10 1.99923e-05)
(-4.5219e-09 2.75207e-09 3.20545e-05)
(-7.57283e-09 1.11502e-09 4.12625e-05)
(-2.54444e-09 -2.24857e-09 4.61624e-05)
(-1.57066e-09 -2.21045e-09 4.61626e-05)
(3.41717e-09 1.28046e-10 4.12633e-05)
(1.13993e-09 -2.4579e-10 3.20558e-05)
(4.73943e-09 -1.67487e-09 1.99934e-05)
(1.54374e-08 1.23221e-08 7.96087e-06)
(-5.91955e-09 1.05223e-08 2.10743e-05)
(-2.18783e-09 -1.13822e-10 5.33121e-05)
(-2.57625e-09 2.10569e-09 7.85701e-05)
(-6.7973e-10 2.9619e-10 9.57194e-05)
(9.9212e-10 -3.8561e-09 0.000104218)
(1.55168e-09 -4.19914e-09 0.000104218)
(3.85974e-09 -1.6041e-10 9.57198e-05)
(6.56627e-09 4.45221e-10 7.85702e-05)
(5.42035e-09 -4.43349e-10 5.33124e-05)
(9.55464e-09 1.33187e-08 2.10741e-05)
(-1.91982e-09 7.11421e-09 3.44755e-05)
(-3.68614e-10 3.34983e-10 8.16253e-05)
(-9.24262e-10 -5.38185e-10 0.000112348)
(1.77075e-09 -2.8177e-09 0.000128937)
(1.32575e-09 -3.4569e-09 0.000135782)
(4.00807e-10 -4.03451e-09 0.000135782)
(6.4406e-10 -3.24158e-09 0.000128937)
(3.44123e-09 -1.67686e-10 0.000112348)
(2.41349e-09 2.17907e-09 8.16247e-05)
(4.03822e-09 9.51017e-09 3.44752e-05)
(1.22216e-09 5.55026e-09 4.49612e-05)
(3.89692e-09 7.58813e-10 0.000100996)
(2.56229e-09 -1.73043e-10 0.000130793)
(1.6355e-09 -2.06739e-09 0.00014299)
(4.45105e-11 -2.58167e-09 0.000146869)
(-4.46472e-10 -2.84649e-09 0.000146869)
(-2.66058e-09 -2.96355e-09 0.000142989)
(-3.76528e-09 -1.45437e-09 0.000130793)
(-5.11438e-09 2.37142e-10 0.000100996)
(-8.06048e-10 7.14425e-09 4.49618e-05)
(1.42613e-09 -6.86156e-10 5.06806e-05)
(1.39205e-09 -5.84578e-10 0.000110385)
(8.64111e-10 1.1565e-09 0.000138062)
(3.10373e-10 7.08224e-11 0.000147257)
(-7.74689e-10 7.80563e-12 0.000149555)
(8.8717e-11 -8.8462e-10 0.000149555)
(-1.56986e-09 -7.30967e-10 0.000147257)
(-2.04323e-09 6.57179e-10 0.000138063)
(-3.43932e-09 4.40018e-10 0.000110385)
(-1.58064e-09 1.42356e-09 5.06808e-05)
(1.37903e-09 1.94385e-09 5.06804e-05)
(1.38158e-09 1.60107e-10 0.000110384)
(2.82771e-10 5.55138e-10 0.000138063)
(9.8419e-11 -6.98609e-10 0.000147257)
(-4.74933e-10 -9.59013e-10 0.000149555)
(-4.20432e-10 -1.71954e-09 0.000149555)
(-1.5132e-09 -2.09e-09 0.000147257)
(-1.58122e-09 5.14458e-11 0.000138063)
(-3.15365e-09 1.15465e-09 0.000110385)
(-1.84069e-09 1.54354e-09 5.06806e-05)
(1.98938e-09 -3.13875e-09 4.49619e-05)
(2.54782e-09 -1.38093e-10 0.000100996)
(5.73313e-10 2.11242e-09 0.000130793)
(1.67848e-09 1.2045e-09 0.000142989)
(-2.81496e-10 3.73936e-10 0.000146868)
(-4.50639e-10 1.56686e-10 0.000146868)
(-1.95134e-09 1.94227e-10 0.000142989)
(-4.28314e-10 2.14829e-09 0.000130793)
(-2.42164e-09 4.38832e-10 0.000100996)
(-2.11121e-09 -3.69709e-09 4.49615e-05)
(3.65714e-10 -3.28491e-09 3.44761e-05)
(-1.72605e-10 3.14985e-09 8.16259e-05)
(-3.04759e-09 9.34667e-10 0.000112349)
(1.02427e-09 1.87205e-10 0.000128937)
(5.38009e-10 6.91598e-10 0.000135781)
(1.10305e-09 2.65896e-10 0.000135781)
(1.42948e-09 -1.46355e-09 0.000128936)
(4.14815e-09 6.62733e-10 0.000112348)
(-2.68266e-10 3.11287e-09 8.16253e-05)
(-2.03408e-10 -4.93255e-09 3.44757e-05)
(-3.58083e-09 -6.28624e-09 2.10744e-05)
(3.36165e-09 5.5496e-09 5.33125e-05)
(2.09913e-09 3.11755e-10 7.85701e-05)
(1.94744e-09 -1.91663e-09 9.57188e-05)
(1.61828e-09 5.51424e-10 0.000104217)
(1.54804e-09 -4.3877e-10 0.000104217)
(2.40575e-09 -2.49173e-09 9.5719e-05)
(-4.85658e-10 3.16709e-09 7.85696e-05)
(-2.64522e-09 8.20836e-09 5.33126e-05)
(5.53659e-09 -8.62275e-09 2.10746e-05)
(-1.19893e-08 -8.78323e-09 7.96044e-06)
(-1.31308e-09 1.35063e-09 1.99927e-05)
(1.78398e-09 -2.16575e-11 3.20545e-05)
(-4.11198e-09 -1.08787e-09 4.12626e-05)
(-2.75556e-09 5.3482e-10 4.61619e-05)
(-3.04458e-09 5.55036e-10 4.61621e-05)
(-1.21297e-09 7.1767e-10 4.12628e-05)
(-6.45913e-09 4.35112e-09 3.20555e-05)
(4.86187e-10 4.31929e-09 1.99931e-05)
(1.41129e-08 -1.03788e-08 7.96076e-06)
(-1.43228e-08 1.18045e-08 7.96083e-06)
(-6.48271e-09 -2.64097e-10 1.99925e-05)
(-5.22241e-09 3.24708e-09 3.20534e-05)
(-6.86236e-09 1.82919e-09 4.12608e-05)
(-2.02104e-09 -1.13697e-09 4.61602e-05)
(-1.0463e-09 -1.76245e-09 4.61601e-05)
(3.98338e-09 6.59556e-11 4.1261e-05)
(4.7572e-09 1.26827e-09 3.20537e-05)
(9.65814e-09 1.59282e-09 1.99927e-05)
(1.55502e-08 1.15302e-08 7.96078e-06)
(-1.03222e-08 1.47079e-08 2.10746e-05)
(-4.2391e-09 6.4279e-10 5.3313e-05)
(-3.7399e-09 1.58185e-09 7.85704e-05)
(-1.74008e-09 1.68623e-10 9.57185e-05)
(5.51752e-10 -3.98784e-09 0.000104216)
(3.07485e-09 -4.38956e-09 0.000104216)
(6.70286e-09 -2.65987e-10 9.57182e-05)
(8.66534e-09 1.73401e-09 7.85704e-05)
(6.15228e-09 1.30603e-09 5.33141e-05)
(8.044e-09 1.23638e-08 2.1075e-05)
(-2.41836e-09 9.04647e-09 3.44766e-05)
(-1.09935e-09 1.05354e-09 8.16261e-05)
(-1.94062e-09 -1.96003e-09 0.000112349)
(6.09545e-10 -3.6014e-09 0.000128937)
(1.15336e-09 -4.74221e-09 0.000135781)
(9.82073e-10 -5.18744e-09 0.000135781)
(7.41355e-10 -3.17696e-09 0.000128937)
(2.89934e-09 4.75712e-10 0.000112349)
(1.54848e-09 3.28479e-09 8.16267e-05)
(3.97015e-09 1.00523e-08 3.44765e-05)
(1.65933e-09 5.75408e-09 4.49616e-05)
(5.53986e-09 -6.88484e-10 0.000100997)
(3.66449e-09 -1.74416e-09 0.000130794)
(2.81544e-09 -3.21958e-09 0.000142989)
(7.35588e-10 -2.65339e-09 0.000146868)
(-9.20577e-10 -3.02014e-09 0.000146868)
(-3.03671e-09 -2.61277e-09 0.00014299)
(-3.74975e-09 -6.51648e-10 0.000130794)
(-4.77198e-09 2.20686e-09 0.000100998)
(-5.76783e-10 7.70897e-09 4.49623e-05)
(1.62318e-09 1.29071e-10 5.06808e-05)
(1.88819e-09 -4.51744e-10 0.000110385)
(6.99304e-10 2.73083e-10 0.000138063)
(8.04648e-10 -5.4905e-10 0.000147257)
(-6.18752e-10 8.4091e-12 0.000149555)
(-1.06575e-09 -4.83385e-10 0.000149555)
(-2.05902e-09 -4.05943e-10 0.000147257)
(-8.29919e-10 9.04213e-10 0.000138064)
(-2.21661e-09 6.15162e-10 0.000110386)
(-1.48125e-09 1.37592e-09 5.06822e-05)
(1.33875e-09 1.41255e-09 5.0681e-05)
(1.95634e-09 2.22789e-10 0.000110386)
(9.41894e-10 6.18271e-10 0.000138063)
(7.83218e-10 -4.50805e-10 0.000147257)
(-2.58836e-10 -7.00518e-10 0.000149555)
(-3.34293e-10 -9.49742e-10 0.000149555)
(-1.20846e-09 -1.94563e-09 0.000147257)
(-1.03352e-09 -7.18328e-10 0.000138064)
(-2.49049e-09 4.18051e-10 0.000110387)
(-1.72789e-09 6.92233e-10 5.06814e-05)
(2.74076e-09 -3.44624e-09 4.49619e-05)
(4.1437e-09 -7.84077e-10 0.000100997)
(1.66537e-09 1.90753e-09 0.000130794)
(2.03498e-09 1.96789e-09 0.000142989)
(1.72322e-10 1.03853e-09 0.000146868)
(-2.57668e-10 1.31936e-09 0.000146868)
(-2.26684e-09 -3.96745e-10 0.000142989)
(-1.55235e-09 -4.05212e-10 0.000130795)
(-3.83533e-09 -1.10132e-09 0.000100998)
(-2.2906e-09 -3.551e-09 4.49628e-05)
(-5.76147e-10 -5.77133e-09 3.44773e-05)
(-4.2932e-10 6.63228e-10 8.16256e-05)
(-2.7084e-09 1.37485e-09 0.000112348)
(1.15136e-09 1.65023e-09 0.000128936)
(1.0666e-09 1.76605e-09 0.00013578)
(1.63652e-09 1.81047e-09 0.00013578)
(1.50101e-09 -6.13585e-10 0.000128936)
(4.92281e-09 -2.47459e-09 0.000112348)
(1.48001e-09 -1.27463e-09 8.16251e-05)
(9.39582e-10 -6.52652e-09 3.44771e-05)
(-8.07643e-09 -1.13143e-08 2.10746e-05)
(-2.5398e-10 3.11369e-09 5.33114e-05)
(9.88532e-10 1.38114e-10 7.8569e-05)
(9.42422e-10 -1.43571e-09 9.57175e-05)
(1.63304e-09 1.34034e-09 0.000104215)
(2.71394e-09 1.85853e-09 0.000104216)
(3.8625e-09 -1.00676e-09 9.57176e-05)
(2.22639e-09 -3.20988e-10 7.85684e-05)
(3.02533e-10 3.44126e-09 5.33103e-05)
(8.04036e-09 -1.16382e-08 2.10742e-05)
(-1.54349e-08 -1.17341e-08 7.96038e-06)
(-6.60593e-09 -6.74025e-10 1.99921e-05)
(-6.53826e-10 -1.05036e-09 3.2053e-05)
(-4.25524e-09 -1.421e-09 4.1261e-05)
(-2.48605e-09 7.67204e-10 4.61601e-05)
(-1.74274e-09 1.18228e-09 4.61604e-05)
(1.43778e-09 1.24877e-10 4.12604e-05)
(-8.40917e-10 8.66425e-10 3.20526e-05)
(4.73201e-09 1.01426e-09 1.99916e-05)
(1.52268e-08 -1.15999e-08 7.96015e-06)
(1.03485e-08 -9.08826e-09 7.96088e-06)
(1.4809e-08 -9.19237e-09 1.99932e-05)
(1.30079e-08 -2.19085e-09 3.20556e-05)
(3.99225e-09 3.78111e-09 4.12627e-05)
(-2.10074e-10 1.5768e-09 4.61614e-05)
(-2.28563e-09 1.16652e-09 4.61613e-05)
(-6.79142e-09 3.03098e-09 4.12617e-05)
(-1.49998e-08 -2.42778e-09 3.20549e-05)
(-1.84999e-08 -1.08307e-08 1.9993e-05)
(-1.38216e-08 -1.14659e-08 7.96069e-06)
(-2.52817e-09 -1.51838e-09 2.10748e-05)
(-4.6915e-09 -6.716e-09 5.33133e-05)
(-2.21922e-09 -1.67518e-09 7.85707e-05)
(-1.96898e-09 6.21537e-09 9.57185e-05)
(-1.35861e-09 3.24893e-09 0.000104216)
(-1.68899e-09 3.09711e-09 0.000104216)
(-2.07466e-09 5.02302e-09 9.57182e-05)
(-1.66722e-09 -3.98583e-09 7.85702e-05)
(-8.33553e-10 -1.13818e-08 5.33135e-05)
(-1.25519e-09 -6.12459e-09 2.1075e-05)
(-2.51309e-09 8.005e-09 3.44762e-05)
(-2.51973e-09 -1.17463e-09 8.16256e-05)
(-4.57071e-09 -3.53084e-09 0.000112349)
(-1.49199e-09 -1.24205e-09 0.000128936)
(1.45081e-09 4.18577e-10 0.000135781)
(1.51383e-09 7.80255e-10 0.000135781)
(3.70701e-09 -4.15684e-10 0.000128937)
(5.37281e-09 -5.05263e-09 0.000112349)
(2.27468e-09 -3.97088e-09 8.16265e-05)
(7.31612e-10 3.03325e-09 3.44762e-05)
(1.75189e-09 9.36965e-10 4.49621e-05)
(2.24222e-09 -8.7761e-10 0.000100996)
(-4.90927e-10 -1.23155e-09 0.000130793)
(-4.20031e-10 -1.78012e-09 0.000142989)
(-9.48483e-10 -3.53534e-10 0.000146868)
(-2.30664e-10 -1.54088e-10 0.000146868)
(-5.75523e-10 -9.23423e-10 0.000142989)
(3.96749e-10 -1.11991e-09 0.000130793)
(-1.77382e-09 -9.72101e-10 0.000100997)
(-2.27817e-09 -1.70152e-09 4.49621e-05)
(1.43432e-09 7.49362e-10 5.06808e-05)
(1.21551e-09 3.9543e-10 0.000110385)
(-2.25988e-10 -4.69793e-10 0.000138063)
(-2.32504e-10 -2.94226e-10 0.000147257)
(-1.36755e-09 9.48908e-10 0.000149555)
(-8.11013e-10 6.2664e-10 0.000149555)
(-1.12884e-09 1.19172e-10 0.000147257)
(-2.68544e-10 -2.2238e-10 0.000138063)
(-5.40692e-10 1.21956e-09 0.000110385)
(-9.05834e-10 2.35345e-10 5.06811e-05)
(1.37587e-09 -1.46503e-09 5.06805e-05)
(1.05946e-09 3.1909e-09 0.000110385)
(-1.07625e-09 5.05602e-10 0.000138063)
(-5.03397e-10 -5.91114e-10 0.000147257)
(-6.15177e-10 5.0663e-10 0.000149555)
(1.69076e-10 5.36825e-10 0.000149555)
(-4.81034e-11 -5.87102e-10 0.000147257)
(1.4883e-09 -2.24824e-10 0.000138063)
(-1.46917e-10 4.01314e-09 0.000110385)
(-1.45385e-09 2.39256e-10 5.06809e-05)
(9.17049e-10 -6.79277e-10 4.49618e-05)
(4.61933e-10 7.30294e-09 0.000100997)
(-2.33883e-09 2.41256e-09 0.000130793)
(-1.05721e-09 -3.01834e-10 0.000142989)
(-6.72079e-10 1.44457e-09 0.000146868)
(-3.52065e-10 7.16162e-10 0.000146868)
(1.23788e-10 -1.54501e-09 0.000142989)
(2.96217e-09 6.87291e-10 0.000130794)
(-3.86587e-10 9.26331e-09 0.000100997)
(-1.25563e-09 1.39572e-09 4.49623e-05)
(-6.02777e-10 -2.8895e-09 3.44752e-05)
(1.16949e-09 1.01057e-08 8.1625e-05)
(-2.06557e-09 4.28463e-09 0.000112348)
(-1.0656e-09 -2.88254e-09 0.000128937)
(1.8324e-10 9.93533e-11 0.000135781)
(4.53693e-10 -7.8934e-10 0.000135781)
(2.54931e-09 -4.34872e-09 0.000128937)
(2.19111e-09 2.85448e-09 0.000112349)
(-2.38935e-09 1.38336e-08 8.16261e-05)
(-1.3565e-09 2.95495e-09 3.44756e-05)
(5.27725e-10 4.90536e-09 2.10747e-05)
(4.07524e-09 1.35686e-08 5.33124e-05)
(2.9529e-09 1.78348e-09 7.8569e-05)
(5.07734e-10 -7.72488e-09 9.57181e-05)
(6.18027e-10 -3.89368e-09 0.000104217)
(-6.73735e-10 -3.8214e-09 0.000104217)
(-1.51051e-09 -8.13631e-09 9.57184e-05)
(-6.00754e-09 2.7785e-09 7.85697e-05)
(-9.68702e-09 1.7589e-08 5.33128e-05)
(-7.03902e-09 1.3024e-08 2.10745e-05)
(9.99643e-09 9.13601e-09 7.96063e-06)
(1.88638e-08 1.18479e-08 1.99931e-05)
(1.6365e-08 2.53404e-09 3.20556e-05)
(6.1923e-09 -3.38145e-09 4.1263e-05)
(9.32243e-10 -1.92841e-09 4.61621e-05)
(-1.80595e-09 -1.98248e-09 4.6162e-05)
(-8.10329e-09 -2.59753e-09 4.12624e-05)
(-1.81447e-08 4.24668e-09 3.20548e-05)
(-2.15353e-08 1.24577e-08 1.99927e-05)
(-1.46712e-08 1.20874e-08 7.96051e-06)
(-1.26891e-08 9.18043e-09 7.95993e-06)
(-7.54688e-09 1.04567e-09 1.99927e-05)
(-6.42278e-09 4.15898e-09 3.20559e-05)
(-8.7723e-09 1.31893e-09 4.12635e-05)
(-3.58085e-09 -1.90886e-09 4.6163e-05)
(-1.72877e-09 -1.77853e-09 4.6163e-05)
(2.26969e-09 6.15173e-10 4.12635e-05)
(2.37694e-09 1.50049e-09 3.2056e-05)
(3.47701e-09 -1.08471e-09 1.99928e-05)
(7.94394e-09 6.32204e-09 7.96032e-06)
(-8.586e-09 1.26299e-08 2.10743e-05)
(-5.76096e-09 2.68482e-09 5.33114e-05)
(-6.71821e-09 4.21267e-09 7.85687e-05)
(-2.90412e-09 -1.01621e-10 9.57188e-05)
(-1.80843e-10 -3.92858e-09 0.000104217)
(2.71289e-10 -3.94422e-09 0.000104217)
(3.2775e-09 -1.0232e-09 9.5719e-05)
(6.75397e-09 2.00921e-09 7.85692e-05)
(4.7244e-09 5.36781e-10 5.33112e-05)
(7.08416e-09 1.04955e-08 2.10743e-05)
(-3.43084e-09 1.00669e-08 3.44742e-05)
(-1.23562e-09 2.86803e-09 8.16244e-05)
(-1.57423e-09 -3.30228e-10 0.000112348)
(4.9599e-10 -3.01365e-09 0.000128937)
(5.04567e-10 -4.38957e-09 0.000135781)
(9.77791e-10 -4.55923e-09 0.000135781)
(7.98771e-10 -3.52485e-09 0.000128937)
(2.5173e-09 4.63328e-10 0.000112348)
(1.0641e-09 3.07217e-09 8.16246e-05)
(2.6603e-09 8.55081e-09 3.44749e-05)
(1.63459e-09 4.73331e-09 4.49622e-05)
(4.96901e-09 1.35835e-09 0.000100996)
(3.93714e-09 4.30444e-11 0.000130792)
(3.17133e-09 -1.77821e-09 0.000142989)
(7.86169e-10 -2.86427e-09 0.000146869)
(-5.70546e-10 -3.05214e-09 0.000146869)
(-3.39973e-09 -2.49622e-09 0.000142989)
(-3.98403e-09 2.85274e-10 0.000130792)
(-5.42301e-09 1.2645e-09 0.000100995)
(-2.19162e-09 4.17732e-09 4.49616e-05)
(1.1056e-09 2.57786e-10 5.06809e-05)
(1.46289e-09 7.11406e-10 0.000110384)
(6.81206e-10 7.0922e-10 0.000138062)
(1.04518e-09 1.92216e-10 0.000147257)
(6.84744e-11 1.98114e-10 0.000149555)
(-1.00316e-09 -1.21991e-10 0.000149556)
(-2.15634e-09 -7.30345e-10 0.000147257)
(-1.36445e-09 8.35542e-10 0.000138062)
(-1.90898e-09 -3.02714e-10 0.000110383)
(-9.02563e-10 -7.98443e-10 5.06791e-05)
(1.14902e-09 1.72785e-09 5.06806e-05)
(2.14861e-09 2.2992e-10 0.000110384)
(1.53652e-09 -1.13359e-10 0.000138062)
(1.22749e-09 -1.14118e-09 0.000147257)
(-8.23121e-11 -6.64005e-10 0.000149555)
(-6.44028e-10 -8.99092e-10 0.000149555)
(-1.68219e-09 -1.837e-09 0.000147257)
(-1.10428e-09 -1.03419e-09 0.000138062)
(-1.4891e-09 -7.6622e-10 0.000110383)
(-9.68729e-10 -2.0436e-10 5.06794e-05)
(2.80205e-09 -3.69344e-09 4.49617e-05)
(4.57482e-09 -1.60696e-09 0.000100996)
(2.35015e-09 7.69645e-10 0.000130792)
(2.93226e-09 6.21293e-10 0.000142989)
(1.34623e-09 2.02904e-09 0.000146868)
(5.46187e-10 1.73216e-09 0.000146868)
(-1.92894e-09 -3.46614e-10 0.000142989)
(-8.55129e-10 2.2205e-10 0.000130792)
(-2.83572e-09 -1.67788e-09 0.000100995)
(-2.07132e-09 -4.64966e-09 4.49609e-05)
(-2.80371e-09 -8.26837e-09 3.44736e-05)
(-3.31657e-09 -2.05943e-09 8.16251e-05)
(-5.1495e-09 -1.98694e-09 0.000112348)
(-4.94719e-10 -7.77685e-10 0.000128937)
(8.66708e-10 3.03141e-09 0.000135782)
(2.68856e-09 2.83105e-09 0.000135782)
(3.11185e-09 -4.63007e-10 0.000128938)
(5.24572e-09 -1.42696e-09 0.000112349)
(2.51914e-09 -1.48176e-09 8.16254e-05)
(2.19042e-09 -7.88915e-09 3.44736e-05)
(-8.38565e-09 -1.17601e-08 2.10742e-05)
(-3.56164e-09 7.50027e-10 5.33132e-05)
(-4.41938e-09 -3.67458e-09 7.85701e-05)
(-3.04712e-09 -3.75984e-09 9.57193e-05)
(-1.07136e-09 7.10696e-10 0.000104218)
(1.61773e-09 1.11104e-09 0.000104218)
(4.22416e-09 -2.12366e-09 9.572e-05)
(3.53126e-09 -2.04128e-11 7.85712e-05)
(2.67215e-09 2.52036e-09 5.33143e-05)
(7.87938e-09 -1.10419e-08 2.10746e-05)
(-1.33584e-08 -1.02094e-08 7.9606e-06)
(-6.41119e-09 -6.40864e-10 1.99934e-05)
(-3.06398e-09 -2.15605e-09 3.2057e-05)
(-7.80162e-09 -2.24389e-09 4.12644e-05)
(-4.38357e-09 2.44755e-10 4.61635e-05)
(-2.0524e-09 6.1383e-10 4.61637e-05)
(4.28548e-10 -8.46511e-11 4.12647e-05)
(-1.55677e-09 1.48446e-09 3.20577e-05)
(4.99975e-09 9.69251e-10 1.99938e-05)
(1.3502e-08 -9.87661e-09 7.96079e-06)
(-1.72775e-08 1.37866e-08 7.96019e-06)
(-3.86953e-09 -1.57895e-09 1.99921e-05)
(-1.14833e-09 7.96516e-10 3.20541e-05)
(-5.33936e-09 9.4941e-10 4.12618e-05)
(-9.27464e-10 -2.07863e-09 4.61616e-05)
(-1.33963e-09 -2.05886e-09 4.61614e-05)
(3.25826e-09 1.60635e-10 4.12618e-05)
(1.32026e-09 6.60189e-10 3.20541e-05)
(2.86476e-09 -2.0218e-09 1.99919e-05)
(8.75058e-09 6.38361e-09 7.96011e-06)
(-7.2244e-09 1.13944e-08 2.10744e-05)
(-2.21489e-09 -2.15114e-09 5.33124e-05)
(-1.32461e-09 -6.77868e-10 7.85691e-05)
(-1.52665e-09 8.46736e-11 9.57184e-05)
(-1.17739e-09 -3.65699e-09 0.000104217)
(6.1574e-11 -4.12454e-09 0.000104217)
(4.55928e-10 -1.55808e-09 9.57179e-05)
(3.13398e-10 -7.63599e-10 7.8569e-05)
(7.07258e-11 -3.03417e-09 5.33118e-05)
(6.72181e-09 9.53038e-09 2.10742e-05)
(-2.05746e-09 7.76238e-09 3.44752e-05)
(-7.24082e-10 1.76645e-10 8.1626e-05)
(-2.09295e-09 -2.09248e-09 0.000112349)
(1.25509e-10 -2.80854e-09 0.000128937)
(-2.23451e-10 -2.98886e-09 0.000135781)
(-8.49913e-10 -3.74819e-09 0.000135781)
(-2.04231e-09 -3.72628e-09 0.000128937)
(-1.64542e-10 -9.36001e-10 0.000112348)
(-5.99574e-10 -8.79919e-10 8.1625e-05)
(2.41334e-09 7.31034e-09 3.44748e-05)
(1.29301e-09 6.01587e-09 4.49622e-05)
(4.57083e-09 -1.86074e-10 0.000100997)
(2.16744e-09 -9.58968e-10 0.000130793)
(1.73402e-09 -2.54804e-09 0.000142989)
(3.47091e-10 -2.21511e-09 0.000146868)
(-1.48031e-09 -1.96649e-09 0.000146868)
(-3.23524e-09 -2.48263e-09 0.000142989)
(-2.79935e-09 -7.93477e-10 0.000130793)
(-4.27478e-09 -1.49218e-09 0.000100996)
(-1.25848e-09 4.86189e-09 4.49615e-05)
(1.26324e-09 -2.74507e-11 5.06812e-05)
(1.42776e-09 4.21529e-10 0.000110385)
(3.69292e-10 1.02035e-09 0.000138063)
(3.7919e-10 -4.34695e-10 0.000147257)
(8.14476e-11 -1.4607e-10 0.000149555)
(-2.863e-10 -3.6909e-11 0.000149555)
(-2.1013e-09 -4.0077e-10 0.000147257)
(-9.63926e-10 7.29311e-10 0.000138063)
(-2.19167e-09 -1.34901e-09 0.000110384)
(-1.60117e-09 -7.45071e-11 5.06801e-05)
(1.26306e-09 3.0411e-09 5.06811e-05)
(1.29528e-09 1.99359e-09 0.000110385)
(5.68756e-10 1.03872e-09 0.000138063)
(9.39699e-10 -1.15466e-09 0.000147257)
(1.55123e-10 -7.71898e-10 0.000149555)
(-2.04243e-10 -9.42429e-10 0.000149555)
(-1.27105e-09 -1.41628e-09 0.000147257)
(-9.37968e-10 4.08776e-10 0.000138063)
(-1.91606e-09 -1.02127e-09 0.000110384)
(-1.41505e-09 8.36419e-10 5.06808e-05)
(2.24213e-09 -2.43296e-09 4.49622e-05)
(2.918e-09 1.28526e-09 0.000100997)
(1.21964e-09 2.29189e-09 0.000130794)
(2.4381e-09 -3.55569e-10 0.000142989)
(7.22079e-10 6.07404e-10 0.000146868)
(8.14749e-10 9.45418e-10 0.000146868)
(-1.11576e-09 3.17492e-10 0.000142989)
(-8.58851e-10 1.39671e-09 0.000130793)
(-2.94435e-09 -7.68487e-10 0.000100997)
(-1.95356e-09 -3.7828e-09 4.49624e-05)
(1.21205e-09 -3.29575e-09 3.44754e-05)
(1.70936e-09 5.32848e-09 8.16261e-05)
(-2.38993e-09 1.09369e-09 0.000112348)
(1.87321e-09 -1.35563e-09 0.000128936)
(1.70195e-09 1.81102e-09 0.000135781)
(2.66862e-09 1.63958e-09 0.00013578)
(2.55047e-09 -3.95071e-10 0.000128937)
(4.87319e-09 -2.94561e-11 0.000112348)
(6.34578e-10 1.78219e-09 8.16263e-05)
(-8.50795e-11 -5.09922e-09 3.4476e-05)
(-3.81988e-09 -6.53317e-09 2.1074e-05)
(4.47613e-09 8.91803e-09 5.3312e-05)
(2.01209e-09 5.41175e-10 7.85691e-05)
(1.12598e-09 -3.99806e-09 9.57172e-05)
(1.11027e-09 1.26169e-09 0.000104215)
(1.3712e-09 1.2517e-09 0.000104215)
(2.83203e-09 -1.29446e-09 9.57175e-05)
(7.02496e-10 2.73493e-09 7.85693e-05)
(-1.36509e-09 6.89365e-09 5.33125e-05)
(5.90945e-09 -8.62618e-09 2.10747e-05)
(-1.20923e-08 -8.88825e-09 7.95983e-06)
(-7.87691e-10 3.01144e-09 1.99916e-05)
(3.22718e-09 6.06027e-10 3.20538e-05)
(-5.50533e-09 -2.49556e-09 4.12612e-05)
(-3.55141e-09 6.79632e-10 4.61608e-05)
(-3.25212e-09 1.2186e-09 4.61608e-05)
(-1.80498e-09 1.11459e-09 4.12616e-05)
(-6.10722e-09 3.58055e-09 3.20544e-05)
(-6.9819e-10 4.7217e-09 1.99919e-05)
(1.00074e-08 -7.26674e-09 7.9603e-06)
(-1.32293e-08 9.62106e-09 7.96032e-06)
(-5.48546e-09 -3.78329e-10 1.99923e-05)
(-4.34925e-09 3.12685e-09 3.20547e-05)
(-8.31857e-09 1.64524e-09 4.12627e-05)
(-2.49588e-09 -1.88149e-09 4.61616e-05)
(-1.48431e-09 -1.77825e-09 4.61616e-05)
(3.42802e-09 -4.54414e-11 4.12621e-05)
(2.46281e-09 3.61444e-10 3.20548e-05)
(5.38832e-09 4.62764e-11 1.99926e-05)
(1.26541e-08 9.56295e-09 7.96032e-06)
(-5.63149e-09 9.50659e-09 2.10741e-05)
(-3.05197e-09 -1.09531e-09 5.33124e-05)
(-3.88914e-09 2.33176e-09 7.85701e-05)
(-7.10968e-10 5.66323e-10 9.57188e-05)
(4.85316e-10 -4.32246e-09 0.000104217)
(1.24081e-09 -4.93335e-09 0.000104217)
(4.56254e-09 -1.43938e-09 9.57188e-05)
(7.31093e-09 7.46235e-10 7.85695e-05)
(8.13468e-09 2.1998e-09 5.33125e-05)
(1.01635e-08 1.25905e-08 2.10743e-05)
(-2.1521e-09 7.60881e-09 3.44753e-05)
(-2.41989e-10 1.81811e-10 8.16251e-05)
(-1.46512e-09 -4.06057e-10 0.000112348)
(9.91586e-10 -2.63639e-09 0.000128937)
(1.06927e-09 -5.07278e-09 0.000135781)
(5.42506e-10 -5.33194e-09 0.000135781)
(-1.06206e-10 -4.01707e-09 0.000128936)
(2.03282e-09 -6.4931e-10 0.000112348)
(2.00752e-09 2.1273e-09 8.16246e-05)
(4.28691e-09 9.3834e-09 3.44745e-05)
(1.5223e-09 5.49699e-09 4.49616e-05)
(4.84181e-09 2.70919e-10 0.000100996)
(3.22746e-09 -2.48642e-10 0.000130793)
(3.10968e-09 -2.4209e-09 0.000142989)
(1.62059e-09 -3.54081e-09 0.000146868)
(-1.65601e-10 -2.97042e-09 0.000146868)
(-2.91824e-09 -2.50054e-09 0.000142989)
(-3.63373e-09 -1.10248e-09 0.000130793)
(-5.27254e-09 -6.03754e-11 0.000100996)
(-1.2988e-09 5.92391e-09 4.49611e-05)
(1.24228e-09 -1.53023e-10 5.06808e-05)
(1.414e-09 -6.22937e-10 0.000110385)
(8.2409e-10 8.59705e-10 0.000138063)
(1.25883e-09 -3.68823e-10 0.000147257)
(3.39823e-10 -2.34996e-10 0.000149555)
(-4.78774e-10 -3.37317e-10 0.000149555)
(-1.47817e-09 -1.44274e-10 0.000147256)
(-9.17647e-10 8.70372e-10 0.000138063)
(-2.92029e-09 1.54893e-10 0.000110385)
(-1.59999e-09 7.86878e-10 5.06806e-05)
(9.54359e-10 3.02991e-09 5.06806e-05)
(1.30849e-09 9.42449e-10 0.000110385)
(1.29896e-09 4.52355e-10 0.000138063)
(1.39456e-09 -6.02176e-10 0.000147257)
(1.67419e-10 -6.6241e-10 0.000149555)
(-3.75353e-10 -1.2016e-09 0.000149555)
(-1.5637e-09 -1.77762e-09 0.000147257)
(-1.88933e-09 -5.88929e-10 0.000138063)
(-2.803e-09 7.32081e-10 0.000110385)
(-1.43844e-09 1.93506e-09 5.06811e-05)
(3.306e-09 -2.34185e-09 4.49615e-05)
(4.63621e-09 3.74095e-10 0.000100996)
(2.02739e-09 1.26871e-09 0.000130793)
(3.10713e-09 1.40912e-09 0.000142989)
(9.89064e-10 1.34565e-09 0.000146868)
(7.20461e-10 1.14513e-09 0.000146868)
(-1.68799e-09 1.58119e-10 0.000142989)
(-7.24379e-10 1.48002e-09 0.000130793)
(-2.26984e-09 5.34759e-10 0.000100997)
(-1.93727e-09 -3.12181e-09 4.49623e-05)
(7.74742e-10 -4.66886e-09 3.4475e-05)
(1.87127e-09 3.61071e-09 8.16253e-05)
(-2.55186e-09 1.41073e-09 0.000112348)
(2.22542e-10 -6.47463e-12 0.000128936)
(-2.57803e-10 1.84327e-09 0.00013578)
(1.5516e-10 1.42646e-09 0.000135781)
(-2.32769e-10 -9.03011e-10 0.000128937)
(2.52714e-09 -1.2536e-10 0.000112349)
(-1.61905e-09 1.81284e-09 8.1626e-05)
(-1.16683e-09 -4.37944e-09 3.44759e-05)
(-6.01732e-09 -9.80763e-09 2.1074e-05)
(3.01679e-09 6.46143e-09 5.33122e-05)
(1.13515e-09 1.00448e-09 7.85694e-05)
(1.1524e-09 -2.22266e-09 9.57176e-05)
(1.80212e-09 1.4933e-09 0.000104216)
(1.05175e-09 1.06529e-09 0.000104216)
(1.92557e-09 -2.29896e-09 9.5718e-05)
(-3.53778e-10 1.72935e-09 7.85697e-05)
(-2.16259e-09 5.59479e-09 5.33128e-05)
(5.29702e-09 -8.6443e-09 2.10748e-05)
(-1.64123e-08 -1.21956e-08 7.96003e-06)
(-4.13783e-09 1.12902e-09 1.99926e-05)
(1.05183e-09 -5.07398e-10 3.20542e-05)
(-4.67055e-09 -1.34732e-09 4.12618e-05)
(-2.08825e-09 1.1943e-09 4.61615e-05)
(-2.34521e-09 1.23492e-09 4.61614e-05)
(-5.75537e-10 2.08247e-10 4.12621e-05)
(-4.95092e-09 3.16072e-09 3.20548e-05)
(1.86583e-09 3.45429e-09 1.99925e-05)
(1.49993e-08 -1.08952e-08 7.96053e-06)
(-1.45445e-08 1.09715e-08 7.9598e-06)
(-4.34851e-09 -1.10029e-09 1.99922e-05)
(-1.37057e-09 1.3918e-09 3.20549e-05)
(-4.6144e-09 4.2751e-12 4.12626e-05)
(-8.25619e-10 -1.45872e-09 4.61618e-05)
(-1.74253e-09 -1.50343e-09 4.61615e-05)
(1.44845e-09 -2.04488e-10 4.12625e-05)
(-4.81535e-10 -5.43506e-10 3.20548e-05)
(3.90294e-09 -5.7511e-10 1.99927e-05)
(1.31012e-08 1.07852e-08 7.96049e-06)
(-7.6942e-09 1.07803e-08 2.10741e-05)
(-2.14408e-09 -1.20192e-09 5.33119e-05)
(-1.65081e-09 8.76679e-10 7.85698e-05)
(-1.20076e-09 -4.42918e-10 9.57194e-05)
(-6.64389e-10 -2.98921e-09 0.000104217)
(-3.26312e-10 -3.08207e-09 0.000104217)
(4.26574e-10 -1.48496e-09 9.57185e-05)
(2.77926e-09 -5.61837e-10 7.85694e-05)
(3.3829e-09 -1.9051e-09 5.33125e-05)
(7.36792e-09 1.059e-08 2.10744e-05)
(-2.82994e-09 8.11875e-09 3.44749e-05)
(-4.97743e-10 -1.25658e-10 8.16249e-05)
(-1.56274e-09 -1.168e-09 0.000112348)
(7.8714e-10 -2.53698e-09 0.000128937)
(1.29522e-09 -2.9917e-09 0.000135781)
(1.01775e-09 -3.50889e-09 0.000135781)
(5.12681e-10 -3.98287e-09 0.000128936)
(2.34757e-09 -1.61576e-09 0.000112348)
(1.213e-09 -2.37016e-10 8.16246e-05)
(3.32283e-09 8.31893e-09 3.44752e-05)
(1.47587e-09 6.38976e-09 4.49612e-05)
(4.39951e-09 -8.0007e-11 0.000100996)
(2.99143e-09 -6.87791e-10 0.000130793)
(2.45059e-09 -2.70681e-09 0.000142989)
(4.40268e-10 -2.14575e-09 0.000146868)
(-6.37532e-10 -1.99454e-09 0.000146868)
(-2.95305e-09 -3.38409e-09 0.000142989)
(-2.83576e-09 -2.52349e-09 0.000130793)
(-3.9918e-09 -8.2603e-10 0.000100996)
(-5.31467e-10 7.0425e-09 4.49613e-05)
(1.60058e-09 -3.79474e-10 5.06803e-05)
(1.95449e-09 -5.28785e-10 0.000110385)
(9.55828e-10 8.38516e-10 0.000138063)
(5.79897e-10 -4.95227e-10 0.000147257)
(-3.51167e-10 -3.83267e-10 0.000149555)
(-6.12906e-10 -6.83831e-11 0.000149555)
(-9.52141e-10 -9.82323e-10 0.000147256)
(-1.02656e-09 2.79612e-10 0.000138062)
(-3.82942e-09 -3.5566e-10 0.000110384)
(-1.87302e-09 1.05403e-09 5.06807e-05)
(9.41594e-10 2.84484e-09 5.06803e-05)
(1.19866e-09 4.98139e-10 0.000110385)
(1.22239e-09 5.12246e-10 0.000138063)
(1.19806e-09 -8.37951e-10 0.000147256)
(2.68774e-10 -4.00415e-10 0.000149555)
(4.95163e-10 -1.50696e-09 0.000149555)
(-1.53048e-10 -2.14606e-09 0.000147256)
(-5.19736e-10 5.33978e-10 0.000138062)
(-2.6992e-09 4.30483e-10 0.000110384)
(-1.89678e-09 1.10563e-09 5.06806e-05)
(2.5362e-09 -2.33508e-09 4.49614e-05)
(2.79169e-09 3.68837e-10 0.000100996)
(6.1795e-10 1.30115e-09 0.000130793)
(2.69956e-09 7.23319e-10 0.000142989)
(9.24496e-10 8.92176e-10 0.000146868)
(9.57612e-10 7.94897e-10 0.000146868)
(-7.45359e-10 4.41329e-10 0.000142989)
(-5.11259e-10 3.67002e-09 0.000130793)
(-2.51162e-09 3.73633e-10 0.000100996)
(-2.05423e-09 -3.61454e-09 4.49614e-05)
(3.02698e-10 -4.1088e-09 3.44755e-05)
(4.65322e-10 4.17529e-09 8.16252e-05)
(-2.824e-09 8.46552e-10 0.000112348)
(2.18983e-10 -8.826e-10 0.000128936)
(-1.40842e-10 2.73293e-10 0.000135781)
(7.05209e-10 4.83907e-10 0.000135781)
(-6.56083e-10 -6.24717e-10 0.000128937)
(3.10975e-09 2.43191e-09 0.000112348)
(-4.23907e-10 4.24255e-09 8.16248e-05)
(-7.95548e-10 -3.61885e-09 3.44749e-05)
(-4.94633e-09 -8.41245e-09 2.10744e-05)
(4.01024e-09 6.56819e-09 5.33125e-05)
(2.77517e-09 9.48269e-10 7.85695e-05)
(2.13888e-09 -3.37442e-09 9.57187e-05)
(1.89689e-09 5.18529e-10 0.000104217)
(5.32872e-10 -2.47251e-10 0.000104217)
(5.83488e-10 -2.31464e-09 9.57188e-05)
(-1.80859e-09 3.78669e-09 7.85699e-05)
(-4.44185e-09 9.3446e-09 5.3312e-05)
(4.3397e-09 -8.12363e-09 2.10742e-05)
(-1.34797e-08 -1.03949e-08 7.96009e-06)
(-2.62958e-09 1.19179e-09 1.99928e-05)
(2.29159e-09 2.12595e-10 3.20548e-05)
(-4.23266e-09 -1.66993e-09 4.12624e-05)
(-2.85958e-09 6.92851e-10 4.61621e-05)
(-3.05007e-09 7.67218e-10 4.61617e-05)
(-1.88998e-09 7.41825e-10 4.12622e-05)
(-7.34742e-09 4.41551e-09 3.20546e-05)
(-4.38616e-10 4.81356e-09 1.99927e-05)
(1.36753e-08 -1.05923e-08 7.96035e-06)
(-1.44359e-08 1.18456e-08 7.96003e-06)
(-7.2616e-09 1.35375e-09 1.99918e-05)
(-6.08651e-09 3.45275e-09 3.20533e-05)
(-8.04356e-09 1.8001e-09 4.12608e-05)
(-2.71853e-09 -1.39515e-09 4.61607e-05)
(-1.81415e-09 -1.44728e-09 4.61608e-05)
(2.61983e-09 -6.84481e-10 4.12615e-05)
(2.65451e-09 3.25717e-10 3.20533e-05)
(6.23886e-09 -5.81147e-10 1.99921e-05)
(1.35445e-08 1.02492e-08 7.96036e-06)
(-8.16999e-09 1.20135e-08 2.10741e-05)
(-5.56804e-09 2.15672e-09 5.3312e-05)
(-5.25588e-09 3.15443e-09 7.85695e-05)
(-1.32618e-09 -6.09518e-10 9.57184e-05)
(1.72037e-09 -4.79166e-09 0.000104216)
(3.91066e-09 -4.66273e-09 0.000104216)
(7.42616e-09 -1.38263e-09 9.57184e-05)
(9.53292e-09 2.01115e-09 7.857e-05)
(5.8306e-09 6.15339e-10 5.33127e-05)
(7.64925e-09 1.11423e-08 2.10741e-05)
(-3.48593e-09 8.72241e-09 3.4476e-05)
(-2.27233e-09 1.69651e-09 8.16253e-05)
(-1.97841e-09 -6.14245e-10 0.000112348)
(1.13138e-09 -4.23091e-09 0.000128936)
(1.46237e-09 -5.89882e-09 0.000135781)
(1.54819e-09 -5.82823e-09 0.000135781)
(2.12928e-09 -3.94894e-09 0.000128936)
(6.23888e-09 2.27063e-09 0.000112348)
(4.36035e-09 4.45631e-09 8.1625e-05)
(3.25732e-09 8.50188e-09 3.4476e-05)
(1.23897e-09 6.60524e-09 4.49613e-05)
(4.74378e-09 5.65438e-10 0.000100997)
(3.74104e-09 -1.04051e-09 0.000130794)
(3.14929e-09 -3.11101e-09 0.000142989)
(7.87861e-10 -3.69216e-09 0.000146868)
(-7.12285e-10 -3.53772e-09 0.000146868)
(-3.45983e-09 -3.85218e-09 0.000142989)
(-3.34638e-09 6.54865e-10 0.000130793)
(-4.45387e-09 3.23407e-09 0.000100996)
(-1.51313e-09 6.28986e-09 4.49616e-05)
(1.11509e-09 2.62954e-10 5.06808e-05)
(2.04007e-09 8.51129e-11 0.000110385)
(1.22156e-09 -3.15801e-10 0.000138063)
(1.1784e-09 -8.40932e-10 0.000147257)
(-8.47004e-11 -4.10935e-10 0.000149555)
(-7.46089e-10 -8.33463e-10 0.000149555)
(-1.8612e-09 -1.14745e-09 0.000147257)
(-2.36641e-09 1.89174e-09 0.000138063)
(-2.96343e-09 2.04085e-09 0.000110386)
(-1.11307e-09 9.206e-10 5.06812e-05)
(1.81669e-09 2.27015e-09 5.06808e-05)
(2.22318e-09 -3.44983e-10 0.000110386)
(1.45999e-09 -6.47444e-10 0.000138063)
(2.20685e-09 -9.20323e-10 0.000147257)
(9.1254e-10 -6.57063e-10 0.000149556)
(2.04752e-10 -1.45446e-09 0.000149555)
(-1.13846e-09 -2.07123e-09 0.000147257)
(-2.05275e-09 1.39345e-10 0.000138063)
(-2.8258e-09 -8.65512e-10 0.000110386)
(-1.31707e-09 8.66076e-10 5.06812e-05)
(2.54784e-09 -3.23997e-09 4.49615e-05)
(4.25752e-09 -2.95091e-09 0.000100996)
(2.98613e-09 -4.7797e-10 0.000130794)
(3.88022e-09 4.40462e-10 0.000142989)
(1.25952e-09 1.30768e-09 0.000146868)
(5.24123e-10 1.04312e-09 0.000146868)
(-2.14094e-09 -1.05677e-10 0.000142989)
(-1.68822e-09 1.66317e-09 0.000130794)
(-3.41969e-09 -2.0595e-09 0.000100997)
(-2.58798e-09 -3.8002e-09 4.49622e-05)
(-8.02649e-10 -7.29035e-09 3.44768e-05)
(-1.25793e-09 -1.52724e-09 8.16252e-05)
(-4.46134e-09 -1.93311e-09 0.000112348)
(9.25768e-10 -2.66299e-10 0.000128936)
(1.20915e-09 1.88384e-09 0.00013578)
(2.39377e-09 2.11079e-09 0.00013578)
(2.42983e-09 -3.90422e-10 0.000128935)
(5.81843e-09 -8.17349e-10 0.000112347)
(2.14278e-09 -1.60167e-09 8.16244e-05)
(9.99078e-10 -7.95547e-09 3.44764e-05)
(-7.81242e-09 -1.26376e-08 2.10742e-05)
(-1.09001e-09 1.94736e-09 5.33112e-05)
(-2.97321e-09 -2.46752e-09 7.85682e-05)
(-1.26403e-09 -2.17854e-09 9.57173e-05)
(5.43016e-10 1.61854e-09 0.000104215)
(2.79998e-09 1.32804e-09 0.000104215)
(5.09255e-09 -2.03845e-09 9.57169e-05)
(3.09441e-09 6.42624e-10 7.8568e-05)
(2.19702e-09 2.65213e-09 5.33101e-05)
(9.0048e-09 -1.27259e-08 2.10737e-05)
(-1.42376e-08 -1.12034e-08 7.96008e-06)
(-7.65372e-09 -1.04221e-09 1.99915e-05)
(-4.54576e-09 -2.73221e-09 3.20526e-05)
(-7.05924e-09 -1.79179e-09 4.12601e-05)
(-3.33403e-09 8.67015e-10 4.61597e-05)
(-2.64537e-09 5.64752e-10 4.61595e-05)
(-2.16196e-10 -6.74516e-11 4.12598e-05)
(-3.14357e-09 2.83311e-09 3.20516e-05)
(4.30607e-09 2.01654e-09 1.99911e-05)
(1.60792e-08 -1.20799e-08 7.95984e-06)
(8.20901e-09 -6.39224e-09 7.96081e-06)
(1.50969e-08 -1.04334e-08 1.99932e-05)
(1.19742e-08 -1.86036e-09 3.20548e-05)
(3.56076e-09 3.88643e-09 4.12617e-05)
(4.49367e-10 1.43371e-09 4.61612e-05)
(-4.89499e-10 1.52227e-09 4.61612e-05)
(-4.71165e-09 3.19081e-09 4.12618e-05)
(-1.22896e-08 -1.38617e-09 3.20545e-05)
(-1.56364e-08 -9.96988e-09 1.99925e-05)
(-9.48048e-09 -8.48582e-09 7.96025e-06)
(-2.70753e-09 -1.96747e-09 2.10749e-05)
(-3.43669e-09 -8.82094e-09 5.33132e-05)
(-1.1753e-09 -1.98206e-09 7.85698e-05)
(-3.05916e-10 6.10332e-09 9.57177e-05)
(5.61637e-10 3.0754e-09 0.000104216)
(-1.04943e-09 3.53653e-09 0.000104216)
(-1.82939e-09 4.16757e-09 9.57181e-05)
(-1.13149e-10 -2.09875e-09 7.85701e-05)
(2.53163e-10 -9.43682e-09 5.3313e-05)
(-4.05659e-10 -4.46951e-09 2.10745e-05)
(-2.26599e-10 4.31296e-09 3.44759e-05)
(-4.02025e-10 -3.47183e-09 8.16256e-05)
(-3.44296e-09 -3.83229e-09 0.000112348)
(-8.69626e-10 -7.09846e-10 0.000128936)
(1.70306e-09 1.3988e-09 0.000135781)
(1.3876e-09 1.18628e-09 0.000135781)
(3.34516e-09 -8.51481e-10 0.000128936)
(5.73364e-09 -3.60875e-09 0.000112349)
(2.3154e-09 -2.61123e-09 8.16258e-05)
(6.63562e-10 3.88146e-09 3.44756e-05)
(1.9847e-09 -6.28984e-10 4.49619e-05)
(2.19811e-09 -1.19433e-09 0.000100996)
(-1.02175e-10 -6.11135e-10 0.000130793)
(3.71802e-10 -7.59648e-10 0.000142989)
(-4.13184e-10 7.34117e-10 0.000146868)
(-2.30256e-10 5.08894e-10 0.000146868)
(-3.57477e-10 -4.46195e-10 0.000142989)
(7.86936e-10 -4.67096e-10 0.000130793)
(-1.60869e-09 -2.15625e-10 0.000100996)
(-2.19711e-09 -1.37228e-09 4.49617e-05)
(1.26872e-09 9.59395e-10 5.06808e-05)
(3.00366e-10 7.70236e-10 0.000110385)
(-6.74003e-10 1.86176e-11 0.000138063)
(-1.81108e-10 4.27896e-10 0.000147257)
(-1.12346e-09 8.00351e-10 0.000149555)
(-4.30166e-10 7.10129e-10 0.000149555)
(-1.15328e-09 -6.88587e-11 0.000147257)
(2.64321e-10 2.21807e-10 0.000138063)
(3.55737e-10 1.78238e-09 0.000110385)
(-7.21747e-10 8.6799e-10 5.06802e-05)
(1.57493e-09 -6.1639e-10 5.06808e-05)
(9.51005e-10 2.63757e-09 0.000110385)
(-4.90872e-10 2.42086e-10 0.000138063)
(2.08439e-10 -1.17577e-09 0.000147257)
(-7.03194e-10 2.64349e-10 0.000149555)
(2.31744e-10 -3.48142e-10 0.000149555)
(7.93449e-11 -1.26812e-09 0.000147257)
(1.00039e-09 -2.67228e-10 0.000138063)
(-6.03671e-10 4.95157e-09 0.000110385)
(-1.32279e-09 -2.27802e-10 5.06806e-05)
(1.43344e-09 -1.19541e-09 4.49616e-05)
(1.47492e-09 5.73145e-09 0.000100996)
(-2.16649e-09 9.59239e-10 0.000130793)
(-8.39127e-11 -6.87486e-10 0.000142989)
(3.25238e-10 1.25447e-09 0.000146868)
(3.71262e-10 7.54601e-10 0.000146868)
(1.10612e-09 -1.13755e-09 0.000142989)
(3.27932e-09 8.4964e-10 0.000130794)
(4.23546e-10 9.87435e-09 0.000100997)
(-5.51394e-10 7.27123e-10 4.49621e-05)
(-1.74885e-09 -5.0937e-09 3.44757e-05)
(-1.41257e-11 8.23823e-09 8.16258e-05)
(-3.18472e-09 3.17095e-09 0.000112348)
(-2.79164e-09 -2.23966e-09 0.000128936)
(-7.70737e-10 5.98107e-10 0.00013578)
(2.8645e-10 -5.33185e-10 0.000135781)
(2.34927e-09 -4.34353e-09 0.000128936)
(2.9173e-09 1.82539e-09 0.000112348)
(-8.41423e-10 1.21766e-08 8.16257e-05)
(-5.91784e-10 2.72814e-09 3.44758e-05)
(9.70413e-10 5.33833e-09 2.10745e-05)
(2.53933e-09 1.29038e-08 5.33122e-05)
(1.22258e-09 2.07386e-09 7.85684e-05)
(-3.30561e-10 -6.75806e-09 9.57169e-05)
(1.91712e-10 -3.30797e-09 0.000104215)
(2.97257e-10 -3.94902e-09 0.000104215)
(2.90159e-11 -8.32846e-09 9.57167e-05)
(-4.40788e-09 1.42573e-09 7.85686e-05)
(-7.86401e-09 1.49414e-08 5.33124e-05)
(-6.43075e-09 1.23235e-08 2.10748e-05)
(1.1603e-08 1.02973e-08 7.96029e-06)
(1.77366e-08 1.11043e-08 1.99919e-05)
(1.56616e-08 2.54082e-09 3.20534e-05)
(6.81055e-09 -2.46028e-09 4.1261e-05)
(1.68392e-09 -1.86566e-09 4.61606e-05)
(-5.99556e-10 -1.83022e-09 4.61609e-05)
(-6.18946e-09 -2.39972e-09 4.12614e-05)
(-1.68366e-08 3.90644e-09 3.20541e-05)
(-2.04434e-08 1.17292e-08 1.99921e-05)
(-1.36947e-08 1.17409e-08 7.96029e-06)
(-9.59897e-09 7.3271e-09 7.96045e-06)
(-7.13703e-09 1.07091e-09 1.99929e-05)
(-6.63724e-09 4.25149e-09 3.20563e-05)
(-6.46722e-09 1.24247e-09 4.12637e-05)
(-2.08987e-09 -1.39998e-09 4.61633e-05)
(-1.39077e-09 -7.55036e-10 4.6163e-05)
(2.19413e-09 1.75611e-10 4.12634e-05)
(1.13735e-09 2.03196e-10 3.2056e-05)
(3.36081e-09 -2.3345e-09 1.99926e-05)
(1.3526e-08 1.06718e-08 7.96024e-06)
(-7.61825e-09 1.09502e-08 2.10742e-05)
(-4.78837e-09 1.07341e-09 5.33121e-05)
(-4.39278e-09 3.15859e-09 7.8569e-05)
(-1.54694e-10 -6.18418e-10 9.57195e-05)
(1.92664e-09 -3.82414e-09 0.000104218)
(3.38614e-09 -3.08362e-09 0.000104218)
(5.99849e-09 -8.17248e-10 9.57195e-05)
(8.06277e-09 5.78042e-10 7.85692e-05)
(7.08631e-09 1.44016e-09 5.33109e-05)
(9.88131e-09 1.38607e-08 2.10739e-05)
(-3.19222e-09 8.19945e-09 3.44742e-05)
(-1.0891e-09 1.18865e-09 8.16248e-05)
(-3.84732e-10 -4.70431e-10 0.000112348)
(3.10391e-09 -4.13659e-09 0.000128937)
(2.42232e-09 -3.91087e-09 0.000135782)
(1.97e-09 -4.50501e-09 0.000135782)
(2.50832e-09 -3.22829e-09 0.000128937)
(3.88536e-09 3.01987e-10 0.000112348)
(1.95669e-09 5.04485e-09 8.16242e-05)
(3.47838e-09 1.06566e-08 3.44739e-05)
(1.72023e-09 4.85944e-09 4.49616e-05)
(5.1598e-09 1.33667e-09 0.000100995)
(2.96815e-09 7.32501e-11 0.000130792)
(1.58166e-09 -3.31666e-09 0.000142988)
(1.05619e-11 -2.76148e-09 0.000146868)
(-1.14227e-09 -2.48957e-09 0.000146868)
(-2.94381e-09 -2.64371e-09 0.000142988)
(-3.3738e-09 -7.24244e-10 0.000130792)
(-4.73254e-09 3.25825e-09 0.000100995)
(-1.35227e-09 5.61218e-09 4.49611e-05)
(1.00528e-09 7.42059e-10 5.068e-05)
(5.34368e-10 1.62257e-09 0.000110384)
(-2.07045e-10 1.03642e-09 0.000138062)
(2.49361e-10 -1.50403e-09 0.000147257)
(-4.91342e-10 -1.32142e-09 0.000149555)
(-7.70334e-10 -3.63497e-10 0.000149555)
(-2.23931e-09 -1.11228e-09 0.000147256)
(-1.69534e-09 3.61519e-10 0.000138062)
(-2.07224e-09 2.3991e-09 0.000110383)
(-9.23381e-10 4.51097e-10 5.06792e-05)
(1.5581e-09 2.13904e-09 5.06801e-05)
(1.46249e-09 2.34838e-09 0.000110384)
(-1.28356e-10 7.56361e-10 0.000138063)
(3.92186e-10 -2.7861e-09 0.000147257)
(-1.91763e-10 -1.13561e-09 0.000149555)
(-5.36626e-10 -8.27473e-10 0.000149555)
(-1.17124e-09 -2.08239e-09 0.000147256)
(-1.69008e-09 -5.76052e-10 0.000138062)
(-2.68257e-09 1.27587e-09 0.000110383)
(-1.08902e-09 6.52621e-10 5.06796e-05)
(3.37012e-09 -2.21399e-09 4.49613e-05)
(5.42648e-09 1.4911e-09 0.000100996)
(2.92193e-09 1.64327e-09 0.000130792)
(3.31513e-09 -1.1461e-09 0.000142989)
(1.36789e-09 7.48663e-10 0.000146868)
(8.06233e-10 1.48139e-09 0.000146868)
(-1.39179e-09 -3.6475e-10 0.000142989)
(-6.97388e-10 7.72261e-10 0.000130792)
(-1.77683e-09 -6.21937e-10 0.000100996)
(-1.29869e-09 -3.47298e-09 4.49612e-05)
(-1.21255e-09 -5.96969e-09 3.44738e-05)
(1.91771e-10 2.56128e-09 8.16251e-05)
(-8.47451e-10 2.35964e-10 0.000112349)
(1.97641e-09 -1.3492e-09 0.000128938)
(1.52244e-09 1.78778e-09 0.000135782)
(2.0179e-09 2.207e-09 0.000135782)
(1.74305e-09 -1.00916e-09 0.000128938)
(3.66363e-09 -1.02296e-09 0.000112349)
(3.51817e-10 7.0671e-10 8.1626e-05)
(1.03e-09 -5.57478e-09 3.44743e-05)
(-6.59637e-09 -1.08575e-08 2.10745e-05)
(9.81134e-10 4.96615e-09 5.33126e-05)
(-1.06847e-10 -1.77007e-09 7.85697e-05)
(-2.04361e-12 -4.05603e-09 9.57191e-05)
(6.12613e-10 7.04607e-10 0.000104217)
(2.55564e-09 1.19236e-09 0.000104218)
(3.03591e-09 -1.93843e-09 9.57199e-05)
(1.24475e-10 8.62792e-10 7.85711e-05)
(-1.75044e-09 5.62516e-09 5.33143e-05)
(6.08482e-09 -9.37287e-09 2.10752e-05)
(-1.56257e-08 -1.19314e-08 7.96044e-06)
(-5.34286e-09 4.98671e-10 1.99931e-05)
(-1.28393e-09 -1.99846e-09 3.20561e-05)
(-5.7336e-09 -2.53165e-09 4.12636e-05)
(-3.05817e-09 -2.26213e-10 4.61631e-05)
(-2.45969e-09 9.32728e-10 4.61635e-05)
(-8.88307e-10 6.28059e-10 4.12643e-05)
(-4.25075e-09 2.64759e-09 3.20574e-05)
(2.76518e-09 2.10133e-09 1.9994e-05)
(1.27527e-08 -9.33787e-09 7.96089e-06)
(-1.02546e-08 7.6514e-09 7.96016e-06)
(-1.6029e-09 -2.29956e-09 1.99919e-05)
(-2.40149e-09 2.50519e-09 3.20544e-05)
(-7.58704e-09 1.76877e-09 4.1262e-05)
(-2.35961e-09 -1.12903e-09 4.61614e-05)
(-2.4362e-09 -1.12352e-09 4.61615e-05)
(1.48853e-09 2.40961e-10 4.12621e-05)
(-8.46435e-10 -8.52342e-10 3.20545e-05)
(3.53306e-09 -2.38534e-09 1.99919e-05)
(1.35835e-08 1.00064e-08 7.96023e-06)
(-6.93213e-09 9.25908e-09 2.1074e-05)
(-3.63261e-09 -1.34446e-09 5.33121e-05)
(-3.24342e-09 1.57338e-09 7.85691e-05)
(-1.23596e-09 5.11144e-10 9.57186e-05)
(8.41054e-10 -3.76691e-09 0.000104216)
(2.48628e-09 -3.02871e-09 0.000104216)
(4.65697e-09 -2.54597e-10 9.57186e-05)
(5.90336e-09 -1.62242e-09 7.85697e-05)
(5.72245e-09 -1.53732e-09 5.33122e-05)
(9.3417e-09 1.22178e-08 2.10742e-05)
(-3.96435e-09 8.67682e-09 3.44744e-05)
(-2.7846e-09 3.29653e-10 8.16251e-05)
(-1.98491e-09 -1.59612e-09 0.000112348)
(2.17073e-09 -3.95616e-09 0.000128936)
(2.05655e-09 -4.37772e-09 0.000135781)
(7.09152e-10 -3.99677e-09 0.000135782)
(1.10524e-09 -3.0827e-09 0.000128937)
(4.0896e-09 -2.47053e-09 0.000112349)
(2.91548e-09 8.79615e-10 8.16252e-05)
(4.89433e-09 1.12562e-08 3.44749e-05)
(1.43636e-09 6.47952e-09 4.49615e-05)
(3.7762e-09 -3.15536e-11 0.000100996)
(1.34647e-09 -7.24031e-10 0.000130793)
(1.52693e-09 -3.65363e-09 0.000142989)
(-1.41524e-10 -2.87383e-09 0.000146868)
(-1.86324e-09 -2.51776e-09 0.000146868)
(-4.33772e-09 -2.7667e-09 0.000142989)
(-4.83583e-09 -2.78876e-09 0.000130793)
(-5.97891e-09 -1.65254e-09 0.000100996)
(-1.00511e-09 7.84322e-09 4.49618e-05)
(1.44152e-09 5.6253e-10 5.06806e-05)
(1.41842e-09 6.88506e-10 0.000110384)
(-2.40418e-10 9.10352e-10 0.000138063)
(-1.98659e-10 -1.12859e-09 0.000147257)
(-7.0662e-10 -1.15161e-09 0.000149555)
(-8.46594e-10 -7.05392e-10 0.000149555)
(-2.0429e-09 -9.51301e-10 0.000147256)
(-2.06861e-09 -1.71667e-10 0.000138063)
(-3.3925e-09 -1.16429e-09 0.000110385)
(-1.60552e-09 9.09269e-10 5.06807e-05)
(1.35043e-09 2.73618e-09 5.06804e-05)
(1.37136e-09 2.08244e-09 0.000110384)
(4.02984e-10 1.45158e-09 0.000138063)
(2.96627e-10 -2.03057e-09 0.000147257)
(-2.39245e-10 -1.66656e-09 0.000149555)
(-2.79402e-10 -1.47113e-09 0.000149555)
(-1.2852e-09 -1.60946e-09 0.000147257)
(-1.08483e-09 -8.79257e-10 0.000138062)
(-2.54935e-09 -3.62111e-10 0.000110385)
(-1.61719e-09 1.6068e-09 5.06807e-05)
(2.6946e-09 -2.28797e-09 4.49619e-05)
(4.17567e-09 1.95879e-09 0.000100997)
(2.38398e-09 3.29561e-09 0.000130793)
(3.17993e-09 2.92682e-10 0.000142989)
(1.56206e-09 8.00765e-11 0.000146868)
(1.17529e-09 5.70199e-10 0.000146868)
(-9.90985e-10 -1.42766e-10 0.000142989)
(-2.82594e-10 9.94759e-10 0.000130793)
(-2.64363e-09 4.25654e-11 0.000100997)
(-2.17219e-09 -2.84243e-09 4.49619e-05)
(1.16311e-09 -3.43397e-09 3.44751e-05)
(1.10636e-09 5.42806e-09 8.16257e-05)
(-1.88926e-09 2.75043e-09 0.000112349)
(2.00662e-09 -1.70095e-10 0.000128937)
(1.49929e-09 7.17421e-10 0.000135781)
(2.40184e-09 7.02327e-10 0.000135781)
(1.00422e-09 -1.10055e-09 0.000128937)
(3.67749e-09 -1.67339e-10 0.000112348)
(-7.13966e-10 3.57701e-09 8.1626e-05)
(-9.59298e-10 -3.51623e-09 3.44755e-05)
(-4.90101e-09 -7.4936e-09 2.10746e-05)
(3.13112e-09 7.33395e-09 5.33126e-05)
(3.45355e-09 2.41326e-09 7.85702e-05)
(2.73927e-09 -2.58055e-09 9.57185e-05)
(2.05689e-09 4.59287e-10 0.000104216)
(1.13971e-09 6.59055e-10 0.000104216)
(1.39375e-09 -1.85904e-09 9.57184e-05)
(-8.80136e-10 2.36653e-09 7.85696e-05)
(-3.8261e-09 8.08665e-09 5.33124e-05)
(4.10226e-09 -7.2375e-09 2.10744e-05)
(-1.05041e-08 -7.67969e-09 7.96062e-06)
(-2.38617e-09 1.51404e-09 1.9993e-05)
(3.10812e-09 8.09947e-10 3.20555e-05)
(-3.03484e-09 -1.23664e-09 4.12623e-05)
(-1.63659e-09 5.34807e-10 4.61614e-05)
(-2.25494e-09 1.00539e-09 4.61615e-05)
(-9.33979e-10 4.97435e-10 4.12618e-05)
(-5.55658e-09 3.62729e-09 3.20543e-05)
(1.8635e-10 4.31514e-09 1.99925e-05)
(1.21789e-08 -9.06586e-09 7.96016e-06)
(-1.59755e-08 1.16219e-08 7.96017e-06)
(-7.96408e-09 2.24954e-09 1.99922e-05)
(-3.86999e-09 2.58866e-09 3.20543e-05)
(-8.4419e-09 2.03377e-09 4.12619e-05)
(-3.1166e-09 -1.7326e-09 4.61616e-05)
(-2.77258e-09 -1.95504e-09 4.61619e-05)
(1.04781e-09 -4.07608e-10 4.12627e-05)
(-5.38683e-10 -4.06905e-10 3.20552e-05)
(4.32687e-09 -1.03657e-09 1.99926e-05)
(1.38392e-08 1.06464e-08 7.96032e-06)
(-8.10201e-09 1.19804e-08 2.10742e-05)
(-6.38511e-09 2.34027e-09 5.33115e-05)
(-5.16136e-09 1.56564e-09 7.85684e-05)
(-1.68941e-09 5.99347e-11 9.57183e-05)
(4.55824e-10 -4.31522e-09 0.000104216)
(7.51735e-10 -4.42477e-09 0.000104217)
(3.10599e-09 -1.46578e-09 9.57189e-05)
(5.51629e-09 -8.09975e-10 7.85698e-05)
(4.29598e-09 -1.15109e-09 5.33123e-05)
(7.31009e-09 1.05651e-08 2.10744e-05)
(-2.99389e-09 9.32503e-09 3.44751e-05)
(-6.35535e-10 1.24459e-09 8.1625e-05)
(-1.0506e-09 -1.01056e-09 0.000112348)
(1.33378e-09 -3.78407e-09 0.000128936)
(1.09335e-09 -5.08553e-09 0.000135781)
(1.19233e-09 -5.56684e-09 0.000135781)
(1.54242e-09 -3.37579e-09 0.000128937)
(3.17182e-09 -3.1645e-10 0.000112348)
(2.11859e-10 1.46843e-09 8.16253e-05)
(1.81996e-09 7.7128e-09 3.44754e-05)
(1.26975e-09 6.85557e-09 4.49623e-05)
(4.96298e-09 1.80368e-09 0.000100996)
(3.63223e-09 -1.09417e-10 0.000130793)
(3.11573e-09 -2.94918e-09 0.000142989)
(7.36039e-10 -3.38437e-09 0.000146868)
(-1.36931e-09 -3.68785e-09 0.000146868)
(-3.23592e-09 -2.77116e-09 0.000142989)
(-3.35276e-09 3.40134e-10 0.000130793)
(-4.95535e-09 9.74264e-10 0.000100996)
(-1.2666e-09 5.28369e-09 4.49618e-05)
(1.45806e-09 3.15518e-10 5.06812e-05)
(1.65644e-09 9.6091e-10 0.000110385)
(7.06466e-10 9.82704e-10 0.000138063)
(1.30405e-09 -1.06307e-09 0.000147257)
(3.17851e-10 -5.65984e-10 0.000149555)
(-4.56192e-10 -2.80865e-10 0.000149555)
(-1.90124e-09 -6.36776e-10 0.000147257)
(-1.18423e-09 1.8911e-09 0.000138063)
(-2.58216e-09 1.66182e-10 0.000110385)
(-1.7332e-09 -4.39468e-10 5.06807e-05)
(1.42788e-09 2.94996e-09 5.0681e-05)
(1.9088e-09 2.47427e-09 0.000110385)
(8.60626e-10 3.90712e-10 0.000138063)
(9.27277e-10 -2.83019e-09 0.000147257)
(1.28515e-10 -1.65345e-09 0.000149555)
(-6.9086e-10 -1.29648e-09 0.000149555)
(-1.29539e-09 -1.49839e-09 0.000147257)
(-1.09984e-09 3.14662e-10 0.000138063)
(-2.42959e-09 4.10982e-10 0.000110385)
(-1.275e-09 1.13135e-09 5.06808e-05)
(2.61557e-09 -2.38284e-09 4.49619e-05)
(4.31135e-09 1.30673e-09 0.000100997)
(2.88268e-09 1.58486e-09 0.000130793)
(3.41981e-09 -4.02739e-10 0.000142989)
(5.65213e-10 4.96459e-10 0.000146868)
(-1.66735e-10 5.37146e-10 0.000146868)
(-2.27195e-09 5.1455e-11 0.000142989)
(-2.01523e-09 1.63677e-09 0.000130793)
(-3.34621e-09 -6.27567e-10 0.000100997)
(-1.69969e-09 -3.50459e-09 4.49616e-05)
(3.87633e-10 -4.73714e-09 3.44752e-05)
(1.83146e-09 2.56423e-09 8.16253e-05)
(-8.85783e-10 7.10504e-10 0.000112348)
(2.16532e-09 -3.12445e-10 0.000128936)
(1.79392e-09 1.35871e-09 0.000135781)
(1.94937e-09 1.07591e-09 0.000135781)
(3.68872e-10 -5.8827e-10 0.000128937)
(3.00139e-09 -2.7861e-10 0.000112348)
(3.61265e-10 7.24009e-10 8.16248e-05)
(7.45715e-10 -5.84177e-09 3.4475e-05)
(-6.23211e-09 -9.6057e-09 2.10742e-05)
(2.11805e-09 4.58113e-09 5.33121e-05)
(1.73508e-09 1.364e-11 7.857e-05)
(1.0332e-09 -3.09739e-09 9.57185e-05)
(1.79488e-09 1.57871e-09 0.000104217)
(1.80048e-09 1.39204e-09 0.000104217)
(2.25907e-09 -1.05205e-09 9.57185e-05)
(1.19551e-09 1.8084e-09 7.85693e-05)
(-3.85022e-10 5.09262e-09 5.33114e-05)
(5.94091e-09 -9.07405e-09 2.10741e-05)
(-1.29143e-08 -1.01258e-08 7.96023e-06)
(-3.87578e-09 5.31959e-10 1.99927e-05)
(-1.03391e-09 -8.45286e-10 3.20554e-05)
(-6.80633e-09 -2.1475e-09 4.12626e-05)
(-3.45871e-09 1.2685e-09 4.6162e-05)
(-3.47929e-09 1.36214e-09 4.61617e-05)
(-7.82856e-10 8.80395e-10 4.12623e-05)
(-4.26105e-09 3.02496e-09 3.20546e-05)
(-3.67163e-10 3.75688e-09 1.99926e-05)
(9.66455e-09 -7.77563e-09 7.96038e-06)
(-1.10787e-08 7.75913e-09 7.95998e-06)
(-1.32369e-09 -2.33679e-09 1.99926e-05)
(-6.99447e-10 2.07057e-09 3.20548e-05)
(-6.41389e-09 1.27869e-09 4.12628e-05)
(-1.79906e-09 -2.20749e-09 4.61623e-05)
(-9.19529e-10 -1.88687e-09 4.61626e-05)
(3.15119e-09 1.66704e-10 4.1263e-05)
(-3.03417e-10 -1.39873e-09 3.20553e-05)
(2.95256e-09 -3.32114e-09 1.99931e-05)
(1.61148e-08 1.27083e-08 7.96054e-06)
(-1.82667e-09 5.42997e-09 2.10739e-05)
(1.25018e-09 -4.05756e-09 5.33115e-05)
(-1.43903e-09 1.78416e-09 7.85691e-05)
(-5.97905e-11 3.2658e-10 9.57189e-05)
(1.16206e-09 -4.24605e-09 0.000104218)
(1.97132e-09 -3.48117e-09 0.000104218)
(3.60101e-09 -1.58569e-10 9.57195e-05)
(4.42764e-09 -1.29259e-09 7.85699e-05)
(2.92426e-09 -1.88994e-09 5.33121e-05)
(8.32994e-09 1.32699e-08 2.10742e-05)
(-1.20474e-09 6.07145e-09 3.44746e-05)
(-9.75422e-11 -2.28275e-09 8.1625e-05)
(-1.50061e-09 -1.9613e-09 0.000112348)
(1.52158e-09 -3.2083e-09 0.000128937)
(9.26229e-10 -4.03852e-09 0.000135781)
(3.81392e-10 -3.89225e-09 0.000135781)
(2.55356e-10 -3.0986e-09 0.000128937)
(2.50996e-09 -1.49722e-09 0.000112348)
(1.05303e-09 1.47227e-09 8.16249e-05)
(2.94858e-09 9.54283e-09 3.44753e-05)
(1.65512e-09 5.19839e-09 4.49616e-05)
(5.12948e-09 -9.20413e-10 0.000100995)
(3.36806e-09 -9.39937e-10 0.000130793)
(2.41255e-09 -2.99531e-09 0.000142989)
(6.21943e-10 -2.86952e-09 0.000146868)
(-1.48678e-09 -2.60928e-09 0.000146868)
(-3.72026e-09 -3.41627e-09 0.000142989)
(-3.49474e-09 -2.1921e-09 0.000130793)
(-5.16841e-09 -2.55516e-10 0.000100996)
(-1.14623e-09 6.66679e-09 4.49614e-05)
(1.39621e-09 -1.18074e-09 5.06803e-05)
(1.54164e-09 -5.93938e-10 0.000110384)
(3.66773e-10 8.10915e-10 0.000138062)
(5.41835e-10 -8.66495e-10 0.000147257)
(-6.86883e-10 -6.50072e-10 0.000149555)
(-1.11281e-09 1.16643e-10 0.000149555)
(-1.40791e-09 -1.2016e-09 0.000147257)
(-1.1347e-09 -5.61462e-11 0.000138062)
(-3.00972e-09 2.26582e-10 0.000110384)
(-1.68021e-09 1.0569e-09 5.06803e-05)
(1.37392e-09 2.11013e-09 5.06806e-05)
(1.63273e-09 1.07276e-09 0.000110384)
(7.72529e-10 8.06776e-12 0.000138062)
(6.03755e-10 -2.53757e-09 0.000147257)
(-3.37022e-10 -1.77062e-09 0.000149555)
(-5.30298e-10 -1.08979e-09 0.000149555)
(-5.74509e-10 -1.65166e-09 0.000147256)
(-4.75167e-10 4.30599e-11 0.000138063)
(-2.70625e-09 2.01552e-09 0.000110385)
(-1.72818e-09 2.26496e-09 5.06804e-05)
(2.30542e-09 -2.22614e-09 4.49613e-05)
(3.65983e-09 9.5775e-10 0.000100996)
(2.3038e-09 1.66502e-09 0.000130793)
(2.81202e-09 -4.23392e-10 0.000142989)
(-4.87775e-11 2.40965e-10 0.000146868)
(-7.06505e-10 3.64623e-10 0.000146869)
(-2.54355e-09 -2.13408e-10 0.000142989)
(-1.61942e-09 2.34474e-09 0.000130793)
(-3.20397e-09 2.27765e-09 0.000100996)
(-2.13913e-09 -1.91912e-09 4.49616e-05)
(1.60804e-09 -3.42899e-09 3.44752e-05)
(2.25672e-09 3.06605e-09 8.16249e-05)
(-1.14188e-09 8.04348e-10 0.000112348)
(1.65554e-09 -4.76858e-10 0.000128937)
(8.68888e-10 1.45556e-09 0.000135781)
(1.79401e-09 1.17936e-09 0.000135782)
(1.03119e-09 -1.68304e-09 0.000128937)
(3.06748e-09 4.47642e-10 0.000112348)
(-8.74532e-10 4.02501e-09 8.16254e-05)
(-3.77187e-10 -3.63452e-09 3.44752e-05)
(-6.01026e-09 -9.856e-09 2.10744e-05)
(3.23948e-09 6.70302e-09 5.33123e-05)
(1.2417e-09 2.6211e-10 7.85698e-05)
(1.44811e-10 -3.08277e-09 9.5719e-05)
(8.81607e-10 1.80628e-09 0.000104217)
(1.71225e-09 1.30838e-09 0.000104217)
(2.10049e-09 -2.48895e-09 9.57194e-05)
(-5.42273e-10 1.90971e-09 7.85705e-05)
(-3.16611e-09 7.91294e-09 5.33125e-05)
(4.14878e-09 -7.04337e-09 2.10744e-05)
(-1.70177e-08 -1.30541e-08 7.96033e-06)
(-2.44575e-09 3.4904e-09 1.99926e-05)
(1.33856e-09 3.31309e-10 3.2055e-05)
(-4.66844e-09 -1.56232e-09 4.12625e-05)
(-2.62015e-09 1.03144e-09 4.61622e-05)
(-2.26888e-09 1.19576e-09 4.61623e-05)
(5.04586e-11 -2.04011e-11 4.12633e-05)
(-5.38932e-09 2.97074e-09 3.20555e-05)
(4.23984e-11 4.21041e-09 1.9993e-05)
(1.17818e-08 -8.52985e-09 7.96051e-06)
(-1.71385e-08 1.38105e-08 7.9601e-06)
(-1.20581e-08 3.22645e-09 1.9992e-05)
(-9.06194e-09 3.05103e-09 3.20532e-05)
(-8.6711e-09 4.48353e-10 4.12607e-05)
(-2.01077e-09 -1.52706e-09 4.616e-05)
(4.30332e-10 -1.37531e-09 4.61599e-05)
(5.15657e-09 6.23037e-10 4.12606e-05)
(4.91741e-09 9.25575e-10 3.20527e-05)
(8.50888e-09 5.78324e-10 1.99919e-05)
(1.32283e-08 1.00418e-08 7.96038e-06)
(-1.28351e-08 1.73053e-08 2.10752e-05)
(-1.12001e-08 5.39891e-09 5.33128e-05)
(-9.88118e-09 3.11872e-09 7.85678e-05)
(-5.22e-09 -1.77006e-09 9.57162e-05)
(-1.48423e-09 -5.47711e-09 0.000104214)
(1.63024e-09 -5.09103e-09 0.000104214)
(6.01395e-09 -1.21429e-09 9.57162e-05)
(1.16088e-08 2.66387e-09 7.85686e-05)
(1.21161e-08 4.91947e-09 5.3314e-05)
(1.25002e-08 1.60652e-08 2.10757e-05)
(-5.45298e-09 1.23373e-08 3.44767e-05)
(-4.86052e-09 6.64536e-09 8.16263e-05)
(-5.45971e-09 2.0917e-09 0.000112348)
(-2.20867e-09 -3.96355e-09 0.000128935)
(-1.08617e-09 -6.12134e-09 0.000135779)
(-1.10433e-09 -6.55514e-09 0.000135779)
(4.16434e-10 -4.2338e-09 0.000128935)
(3.93307e-09 1.58735e-09 0.000112349)
(2.84416e-09 5.74928e-09 8.16268e-05)
(5.14576e-09 1.26396e-08 3.44773e-05)
(3.72153e-10 8.01195e-09 4.49626e-05)
(3.46134e-09 4.15553e-09 0.000100996)
(2.09256e-09 1.195e-09 0.000130794)
(2.04376e-09 -3.19437e-09 0.000142989)
(2.2359e-10 -3.68147e-09 0.000146868)
(-2.17564e-09 -3.65158e-09 0.000146867)
(-4.30594e-09 -3.69461e-09 0.000142988)
(-4.57957e-09 -7.07437e-11 0.000130794)
(-5.99461e-09 2.66801e-09 0.000100996)
(-1.21256e-09 7.45616e-09 4.49621e-05)
(9.6635e-10 3.74443e-10 5.06812e-05)
(1.96287e-09 1.79986e-09 0.000110385)
(6.75167e-10 1.54104e-09 0.000138063)
(9.49035e-10 -1.08975e-09 0.000147257)
(3.97386e-10 -5.8679e-10 0.000149555)
(-1.06749e-09 -2.84376e-10 0.000149555)
(-2.20302e-09 -1.71664e-09 0.000147256)
(-2.88467e-09 6.53588e-10 0.000138063)
(-3.41043e-09 1.34751e-09 0.000110385)
(-8.47752e-10 1.01321e-09 5.06811e-05)
(1.19261e-09 2.35219e-09 5.06812e-05)
(2.57137e-09 2.22256e-09 0.000110384)
(1.51532e-09 -3.4284e-11 0.000138063)
(1.54718e-09 -1.52148e-09 0.000147257)
(6.70727e-10 -6.19453e-10 0.000149555)
(-1.12279e-09 -8.01771e-10 0.000149555)
(-1.59881e-09 -2.69697e-09 0.000147257)
(-2.09478e-09 -4.60516e-10 0.000138064)
(-2.93229e-09 -6.49413e-10 0.000110385)
(-7.5429e-10 6.91973e-10 5.06811e-05)
(1.97064e-09 -3.59934e-09 4.4962e-05)
(4.91003e-09 5.2206e-10 0.000100996)
(3.22157e-09 3.36378e-11 0.000130794)
(3.50485e-09 1.34771e-10 0.000142989)
(1.23123e-09 1.34758e-09 0.000146868)
(1.99346e-10 1.39231e-09 0.000146869)
(-1.47622e-09 -8.0961e-10 0.000142989)
(-1.91083e-09 9.30017e-10 0.000130795)
(-3.80704e-09 -2.02209e-09 0.000100996)
(-1.86654e-09 -4.07876e-09 4.49621e-05)
(-4.35101e-10 -6.82806e-09 3.44759e-05)
(7.85586e-10 1.33544e-09 8.1626e-05)
(-2.28374e-09 -1.08229e-09 0.000112349)
(9.22924e-10 -1.03411e-09 0.000128936)
(4.39996e-10 2.48364e-09 0.00013578)
(1.64876e-09 2.41724e-09 0.00013578)
(1.72798e-09 -9.3341e-10 0.000128936)
(4.65244e-09 -1.90277e-09 0.000112349)
(8.70597e-10 -9.87321e-10 8.16273e-05)
(1.09714e-09 -7.19226e-09 3.4477e-05)
(-8.48457e-09 -1.25162e-08 2.10747e-05)
(-1.56668e-09 2.0222e-09 5.3313e-05)
(-1.76382e-09 -1.589e-09 7.85687e-05)
(-1.12582e-09 -1.95786e-09 9.57179e-05)
(5.25591e-10 3.00603e-09 0.000104216)
(2.02415e-09 1.86761e-09 0.000104215)
(3.57106e-09 -1.49017e-09 9.57175e-05)
(3.19502e-09 7.26952e-10 7.85692e-05)
(1.68987e-09 3.2648e-09 5.33133e-05)
(8.77533e-09 -1.289e-08 2.1075e-05)
(-1.70101e-08 -1.30448e-08 7.96077e-06)
(-9.2933e-09 -2.14579e-09 1.99927e-05)
(-4.50607e-09 -2.31861e-09 3.20538e-05)
(-6.24442e-09 -7.1424e-10 4.12614e-05)
(-2.56841e-09 1.78644e-09 4.61608e-05)
(-1.4834e-09 1.13916e-09 4.61609e-05)
(8.93881e-10 1.95728e-10 4.12613e-05)
(-2.10221e-09 2.7507e-09 3.20534e-05)
(5.59578e-09 1.08679e-09 1.99922e-05)
(1.64649e-08 -1.25677e-08 7.96012e-06)
(1.29607e-08 -9.86727e-09 7.96021e-06)
(1.34352e-08 -7.34273e-09 1.99924e-05)
(9.72886e-09 -2.18566e-09 3.20545e-05)
(4.47348e-09 2.20494e-09 4.12617e-05)
(3.96949e-10 7.94519e-11 4.61614e-05)
(3.10886e-11 7.10543e-10 4.61614e-05)
(-3.88376e-09 2.21393e-09 4.1262e-05)
(-9.764e-09 -2.81308e-09 3.20547e-05)
(-8.9348e-09 -6.4343e-09 1.99924e-05)
(-2.93125e-09 -3.36947e-09 7.96011e-06)
(1.02072e-08 -1.31616e-08 2.10744e-05)
(1.0909e-08 -1.14185e-08 5.33128e-05)
(9.41002e-09 -4.58491e-09 7.85695e-05)
(7.12377e-09 4.08747e-09 9.57183e-05)
(4.03891e-09 1.85911e-09 0.000104216)
(2.2875e-10 2.78911e-09 0.000104215)
(-3.34633e-09 4.19162e-09 9.57174e-05)
(-5.47952e-09 -5.41431e-09 7.85687e-05)
(-2.15672e-09 -7.94306e-09 5.33121e-05)
(-6.06107e-10 -3.34122e-09 2.10744e-05)
(5.98239e-10 -4.3593e-09 3.44754e-05)
(-1.01115e-09 -6.34976e-09 8.16261e-05)
(1.96828e-09 -8.44225e-09 0.000112348)
(1.64944e-09 5.39654e-10 0.000128936)
(6.73616e-10 2.72759e-09 0.000135781)
(-2.28533e-09 2.59826e-09 0.00013578)
(-3.77803e-09 -7.74806e-10 0.000128936)
(-3.26199e-09 -9.08761e-09 0.000112348)
(9.51938e-12 -3.9281e-09 8.16254e-05)
(3.11104e-09 5.00065e-09 3.44757e-05)
(2.27484e-10 4.59672e-10 4.49621e-05)
(1.94595e-09 -4.00842e-09 0.000100997)
(1.45691e-09 -6.64761e-09 0.000130793)
(-1.01753e-09 -7.03903e-10 0.000142989)
(-4.25512e-10 1.90465e-09 0.000146868)
(-4.3632e-10 1.46161e-09 0.000146868)
(7.14648e-10 -1.64369e-09 0.000142989)
(-5.61992e-10 -7.1829e-09 0.000130793)
(-2.23399e-09 -3.81123e-09 0.000100997)
(9.76307e-10 4.424e-09 4.49621e-05)
(3.83596e-11 -1.10361e-09 5.06808e-05)
(8.14961e-10 -2.63537e-09 0.000110385)
(-6.1333e-10 -2.39206e-09 0.000138063)
(-2.37048e-09 7.85399e-11 0.000147257)
(-1.05302e-09 7.55888e-10 0.000149555)
(-4.08877e-10 4.44895e-10 0.000149555)
(9.79805e-10 -3.78187e-10 0.000147256)
(-7.87142e-10 -2.50153e-09 0.000138063)
(-3.3656e-09 -2.33e-09 0.000110385)
(-7.1596e-10 3.24056e-09 5.06808e-05)
(-3.37873e-10 2.1962e-09 5.06808e-05)
(1.62899e-09 -2.10138e-09 0.000110385)
(9.76465e-10 3.02677e-10 0.000138063)
(-2.06883e-09 4.37323e-10 0.000147257)
(-8.73897e-10 2.11084e-10 0.000149555)
(-5.31738e-10 -1.77045e-10 0.000149555)
(9.49119e-10 -3.17899e-10 0.000147257)
(-1.06923e-09 6.05655e-10 0.000138063)
(-3.1474e-09 -2.63985e-09 0.000110385)
(-7.23509e-10 1.06141e-09 5.06808e-05)
(2.40674e-09 -6.31749e-10 4.49619e-05)
(4.52835e-09 -3.63182e-09 0.000100997)
(1.97987e-09 6.1689e-09 0.000130794)
(1.07914e-10 2.33406e-09 0.000142989)
(7.70582e-10 3.15128e-10 0.000146868)
(2.99279e-10 -6.9705e-10 0.000146868)
(1.09596e-09 1.05064e-11 0.000142989)
(1.36911e-09 4.84988e-09 0.000130794)
(6.83883e-10 -2.18496e-09 0.000100997)
(-7.05406e-10 1.31632e-09 4.49619e-05)
(3.71113e-12 -4.39792e-09 3.44759e-05)
(-8.13376e-10 -2.0756e-09 8.1626e-05)
(1.15821e-09 9.88068e-09 0.000112348)
(2.76969e-09 1.33932e-09 0.000128936)
(1.29447e-09 8.22015e-10 0.00013578)
(-7.18109e-10 -3.68072e-10 0.000135781)
(-2.45994e-09 -1.56737e-09 0.000128936)
(-1.92682e-09 6.91618e-09 0.000112349)
(-1.66331e-09 1.03052e-10 8.16254e-05)
(-3.5589e-09 3.47111e-09 3.44756e-05)
(-1.64725e-09 -2.86168e-09 2.10746e-05)
(-2.60378e-09 1.35452e-09 5.33124e-05)
(2.16755e-10 7.66237e-09 7.85692e-05)
(-1.37219e-11 -1.19657e-09 9.57175e-05)
(-8.55306e-10 7.741e-10 0.000104216)
(1.46441e-10 -2.96213e-10 0.000104216)
(-2.47563e-09 -3.47449e-09 9.57175e-05)
(-3.69174e-09 6.08231e-09 7.85692e-05)
(-2.33461e-09 2.90999e-09 5.33121e-05)
(-2.84792e-09 1.85427e-09 2.10745e-05)
(-2.11247e-09 -1.414e-09 7.96031e-06)
(-1.43214e-09 4.78994e-10 1.99922e-05)
(3.66079e-09 3.76344e-09 3.20545e-05)
(1.99651e-09 -2.30284e-10 4.12618e-05)
(-9.16409e-10 3.59961e-10 4.61612e-05)
(7.08792e-10 -3.83209e-10 4.61612e-05)
(-2.46596e-09 -1.35249e-09 4.12613e-05)
(-5.40569e-09 3.44057e-09 3.20542e-05)
(-2.93309e-09 2.34752e-09 1.99921e-05)
(1.66256e-10 -6.02381e-10 7.96037e-06)
(-1.26285e-08 1.04486e-08 7.96049e-06)
(-9.6851e-09 2.48422e-09 1.99938e-05)
(-7.93286e-09 3.17605e-09 3.20574e-05)
(-7.21148e-09 9.0501e-10 4.1265e-05)
(-1.66159e-09 -1.81101e-09 4.61639e-05)
(5.92951e-10 -2.01066e-09 4.61639e-05)
(4.86978e-09 2.9464e-10 4.12643e-05)
(3.51724e-09 1.25054e-09 3.20571e-05)
(6.71651e-09 3.74544e-10 1.99936e-05)
(1.51986e-08 1.20317e-08 7.96057e-06)
(-9.83306e-09 1.43504e-08 2.10737e-05)
(-7.94746e-09 4.07666e-09 5.33124e-05)
(-6.12554e-09 2.44611e-09 7.85723e-05)
(-1.89631e-10 -2.09115e-09 9.57218e-05)
(2.305e-09 -4.22307e-09 0.00010422)
(3.6764e-09 -4.16394e-09 0.000104219)
(6.27806e-09 -8.17731e-10 9.57214e-05)
(9.76515e-09 4.09299e-09 7.85711e-05)
(8.38315e-09 4.06596e-09 5.33112e-05)
(9.53641e-09 1.3811e-08 2.10732e-05)
(-4.71108e-09 1.11611e-08 3.44734e-05)
(-3.3136e-09 4.94314e-09 8.16238e-05)
(-2.58596e-09 3.94565e-10 0.000112348)
(1.12676e-09 -4.8293e-09 0.000128939)
(9.93225e-10 -3.81062e-09 0.000135783)
(3.21871e-10 -3.66425e-09 0.000135783)
(4.01431e-10 -3.24122e-09 0.000128939)
(2.66458e-09 1.89628e-09 0.000112348)
(1.98487e-09 4.13716e-09 8.16235e-05)
(4.07058e-09 1.0002e-08 3.44732e-05)
(7.87662e-10 7.44771e-09 4.496e-05)
(4.26734e-09 2.64632e-09 0.000100995)
(3.55756e-09 -6.21761e-12 0.000130792)
(2.52844e-09 -2.80746e-09 0.000142989)
(2.64482e-10 -2.38887e-09 0.000146869)
(-1.31643e-09 -2.31243e-09 0.000146868)
(-3.20434e-09 -2.30997e-09 0.000142989)
(-4.07163e-09 -6.49906e-10 0.000130791)
(-5.22044e-09 3.01468e-10 0.000100995)
(-7.22911e-10 6.15354e-09 4.49608e-05)
(6.23852e-10 3.73789e-10 5.06794e-05)
(1.8229e-09 6.83582e-10 0.000110384)
(1.45093e-09 1.35869e-09 0.000138061)
(4.01956e-10 -3.47435e-10 0.000147257)
(-7.53124e-10 -3.98733e-11 0.000149555)
(-1.11456e-09 -5.32746e-10 0.000149555)
(-1.86671e-09 -3.28991e-10 0.000147257)
(-2.30397e-09 8.22395e-10 0.000138061)
(-3.15463e-09 -1.95493e-10 0.000110384)
(-1.12429e-09 8.16863e-10 5.06799e-05)
(6.29761e-10 2.07472e-09 5.06796e-05)
(1.57633e-09 4.66294e-10 0.000110385)
(7.39886e-10 1.67128e-10 0.000138061)
(1.68829e-10 -7.18969e-10 0.000147256)
(1.50574e-10 -8.10869e-10 0.000149555)
(-1.16592e-09 -1.15484e-09 0.000149555)
(-1.29418e-09 -1.11019e-09 0.000147256)
(-1.25968e-09 -6.42082e-10 0.000138061)
(-2.72294e-09 -1.06525e-09 0.000110384)
(-1.02829e-09 6.75328e-10 5.06798e-05)
(2.01975e-09 -3.32356e-09 4.49613e-05)
(3.14831e-09 -3.79881e-10 0.000100996)
(5.03558e-10 9.01576e-10 0.000130792)
(1.79898e-09 8.36049e-10 0.000142989)
(5.72321e-10 8.35701e-10 0.000146868)
(-4.28727e-10 1.06951e-09 0.000146868)
(-1.74542e-09 8.46712e-10 0.000142988)
(-1.34497e-09 9.64626e-10 0.000130791)
(-2.90529e-09 -1.5215e-09 0.000100995)
(-1.73008e-09 -3.09346e-09 4.4961e-05)
(5.69249e-10 -4.88162e-09 3.44748e-05)
(9.72283e-10 3.46838e-09 8.16244e-05)
(-3.00402e-09 1.76041e-10 0.000112347)
(1.26952e-09 -8.23529e-10 0.000128937)
(5.93981e-10 1.86315e-09 0.000135782)
(1.20634e-09 2.28139e-09 0.000135782)
(1.9161e-09 1.27065e-10 0.000128937)
(4.62157e-09 -1.06433e-09 0.000112348)
(1.18993e-09 -3.62697e-10 8.16232e-05)
(1.11186e-09 -6.32746e-09 3.44734e-05)
(-5.68549e-09 -9.68552e-09 2.10742e-05)
(1.9523e-09 6.41905e-09 5.33118e-05)
(3.50403e-10 -6.14547e-10 7.85699e-05)
(1.03899e-09 -3.96072e-09 9.57186e-05)
(1.46371e-09 1.52221e-09 0.000104217)
(2.51608e-09 1.26803e-09 0.000104218)
(2.95248e-09 -1.61026e-09 9.57199e-05)
(2.03428e-09 1.23172e-09 7.85703e-05)
(5.37073e-10 4.11025e-09 5.33114e-05)
(6.48653e-09 -9.91503e-09 2.10737e-05)
(-1.47448e-08 -1.13326e-08 7.95987e-06)
(-4.68291e-09 1.39281e-09 1.99925e-05)
(-4.26347e-10 -5.04999e-10 3.20557e-05)
(-5.80116e-09 -2.32493e-09 4.12631e-05)
(-3.45623e-09 8.67639e-10 4.61625e-05)
(-3.24826e-09 7.49537e-10 4.61626e-05)
(-9.77006e-10 1.56866e-10 4.12631e-05)
(-4.20853e-09 3.03026e-09 3.2056e-05)
(4.89392e-10 3.37587e-09 1.99924e-05)
(1.10143e-08 -8.4367e-09 7.96018e-06)
(-1.4453e-08 1.20543e-08 7.96115e-06)
(-2.56212e-09 -2.65402e-09 1.99931e-05)
(-1.47112e-09 1.36509e-09 3.20552e-05)
(-5.39907e-09 2.17937e-10 4.12627e-05)
(-7.25755e-10 -1.91735e-09 4.61617e-05)
(3.26806e-10 -2.00104e-09 4.61615e-05)
(3.87423e-09 -7.36834e-11 4.12619e-05)
(6.95839e-10 -1.08693e-10 3.20543e-05)
(3.54781e-09 -2.11889e-09 1.99924e-05)
(1.40323e-08 1.06191e-08 7.96043e-06)
(-7.13779e-09 1.09476e-08 2.10753e-05)
(1.1548e-09 -3.53353e-09 5.33124e-05)
(-1.73672e-10 7.62059e-10 7.85696e-05)
(-4.18291e-10 2.39587e-10 9.57183e-05)
(9.64949e-10 -4.22453e-09 0.000104217)
(2.01631e-09 -4.55354e-09 0.000104217)
(3.86078e-09 -1.7796e-10 9.5719e-05)
(4.99535e-09 1.11201e-09 7.85696e-05)
(4.51142e-09 -1.21851e-09 5.33125e-05)
(8.30865e-09 1.06864e-08 2.10746e-05)
(-6.23533e-10 4.77029e-09 3.44763e-05)
(8.11557e-10 -1.20637e-09 8.16258e-05)
(1.47061e-12 -1.03646e-09 0.000112348)
(1.84205e-09 -1.90919e-09 0.000128937)
(8.48986e-10 -4.60745e-09 0.000135781)
(-2.67097e-10 -5.22172e-09 0.000135781)
(-1.60376e-10 -3.26847e-09 0.000128937)
(3.48118e-09 1.99019e-10 0.000112348)
(2.6679e-09 1.40024e-09 8.16257e-05)
(3.59618e-09 8.79314e-09 3.44753e-05)
(1.62026e-09 4.02394e-09 4.4962e-05)
(3.82714e-09 -1.40623e-09 0.000100997)
(2.71592e-09 -1.26511e-09 0.000130793)
(2.74839e-09 -2.33744e-09 0.000142988)
(4.26646e-10 -2.64952e-09 0.000146868)
(-1.75535e-09 -3.45375e-09 0.000146868)
(-3.79306e-09 -2.90054e-09 0.000142989)
(-3.62148e-09 -1.71057e-09 0.000130793)
(-4.31617e-09 5.83849e-12 0.000100997)
(-5.25061e-10 6.78759e-09 4.49618e-05)
(1.21434e-09 -1.45443e-09 5.06808e-05)
(1.28257e-09 -1.52299e-09 0.000110385)
(9.99785e-10 -2.00818e-10 0.000138063)
(7.41565e-10 -9.37443e-11 0.000147257)
(-1.0846e-09 1.20786e-10 0.000149555)
(-1.04932e-09 6.27921e-11 0.000149555)
(-1.73977e-09 -4.6949e-10 0.000147257)
(-1.97669e-09 2.56347e-10 0.000138062)
(-3.4884e-09 4.87596e-10 0.000110385)
(-1.74459e-09 1.17193e-09 5.06806e-05)
(1.21739e-09 2.04666e-09 5.06809e-05)
(7.94845e-10 -5.00945e-10 0.000110385)
(8.23991e-11 -6.66217e-11 0.000138062)
(3.81543e-11 -3.58924e-10 0.000147257)
(-1.87278e-10 -3.32851e-10 0.000149555)
(-2.77861e-10 -7.75834e-10 0.000149555)
(-1.35896e-09 -1.40722e-09 0.000147257)
(-1.12202e-09 -5.13695e-10 0.000138063)
(-2.90228e-09 1.15756e-09 0.000110385)
(-1.83933e-09 2.06901e-09 5.06805e-05)
(2.21366e-09 -2.44831e-09 4.49618e-05)
(3.05846e-09 -1.15246e-09 0.000100996)
(2.47589e-10 6.90898e-10 0.000130793)
(1.82891e-09 1.78566e-09 0.000142989)
(9.29204e-10 1.9453e-09 0.000146868)
(2.49519e-10 1.45855e-09 0.000146868)
(-2.08085e-09 8.3981e-10 0.000142989)
(-1.08719e-09 1.11733e-09 0.000130793)
(-2.27059e-09 7.36484e-10 0.000100997)
(-2.14656e-09 -2.56428e-09 4.49617e-05)
(1.79902e-09 -3.75786e-09 3.44748e-05)
(1.88065e-09 1.90161e-09 8.1625e-05)
(-2.43352e-09 -4.94642e-10 0.000112348)
(1.19971e-09 3.30254e-10 0.000128937)
(7.18375e-10 2.63848e-09 0.000135781)
(1.53692e-09 2.88078e-09 0.000135781)
(1.10416e-09 -2.08296e-11 0.000128936)
(3.86095e-09 -7.22474e-10 0.000112348)
(4.19991e-11 2.41611e-09 8.1625e-05)
(-1.36302e-10 -4.17645e-09 3.44751e-05)
(-5.04099e-09 -1.00099e-08 2.1074e-05)
(3.12834e-09 4.98207e-09 5.33122e-05)
(4.90418e-10 -5.71154e-10 7.85692e-05)
(1.09435e-10 -2.17725e-09 9.57176e-05)
(8.20322e-10 1.70014e-09 0.000104216)
(1.50129e-09 1.74574e-09 0.000104216)
(1.91435e-09 -1.27478e-09 9.57179e-05)
(4.21541e-10 1.27898e-09 7.85687e-05)
(-2.45844e-09 6.67437e-09 5.33116e-05)
(4.58942e-09 -8.40204e-09 2.10741e-05)
(-1.52867e-08 -1.20926e-08 7.96029e-06)
(-6.12287e-09 2.27008e-10 1.99921e-05)
(-1.42179e-09 -6.15495e-10 3.20543e-05)
(-5.9798e-09 -1.03504e-09 4.12613e-05)
(-3.36925e-09 8.70332e-10 4.61608e-05)
(-2.87872e-09 1.14508e-09 4.6161e-05)
(2.52331e-10 3.81899e-10 4.12617e-05)
(-4.20903e-09 2.83439e-09 3.20538e-05)
(1.53588e-09 3.60269e-09 1.99919e-05)
(1.57581e-08 -1.18037e-08 7.95989e-06)
(-1.36805e-08 1.03542e-08 7.96098e-06)
(-5.90546e-09 1.11878e-09 1.9993e-05)
(-3.25555e-09 2.50221e-09 3.2055e-05)
(-5.17076e-09 -5.68698e-11 4.12626e-05)
(-1.1397e-09 -1.89564e-09 4.61624e-05)
(-4.59812e-10 -1.73105e-09 4.61618e-05)
(3.50694e-09 3.36627e-10 4.12625e-05)
(1.4332e-09 3.42453e-10 3.20549e-05)
(6.25463e-09 -4.29294e-10 1.99925e-05)
(1.38653e-08 1.0235e-08 7.96024e-06)
(-7.0687e-09 1.03606e-08 2.10746e-05)
(-4.40174e-09 1.66694e-09 5.33125e-05)
(-3.00807e-09 2.00392e-09 7.857e-05)
(-3.57728e-11 -1.20978e-09 9.57195e-05)
(3.07618e-10 -3.85555e-09 0.000104218)
(1.41095e-09 -3.26239e-09 0.000104218)
(4.45861e-09 -1.97148e-10 9.57191e-05)
(5.58667e-09 3.50072e-10 7.85695e-05)
(3.63819e-09 -8.45339e-10 5.33124e-05)
(7.60976e-09 1.16549e-08 2.10747e-05)
(-2.48647e-09 7.8401e-09 3.44752e-05)
(-5.80618e-10 1.46355e-09 8.16253e-05)
(-4.04606e-10 -8.68403e-10 0.000112349)
(2.01844e-09 -3.58088e-09 0.000128938)
(1.3516e-09 -4.26814e-09 0.000135782)
(1.88681e-09 -3.92696e-09 0.000135781)
(1.25421e-09 -1.98054e-09 0.000128937)
(3.02486e-09 1.13981e-10 0.000112348)
(2.08775e-09 2.33055e-09 8.1625e-05)
(3.16983e-09 9.31212e-09 3.44758e-05)
(1.54102e-09 5.43779e-09 4.49618e-05)
(4.3819e-09 2.99968e-10 0.000100996)
(2.80125e-09 -1.19355e-09 0.000130793)
(2.03801e-09 -2.20616e-09 0.000142989)
(-1.53296e-10 -2.29341e-09 0.000146869)
(-1.85165e-09 -2.60673e-09 0.000146868)
(-4.30472e-09 -1.71787e-09 0.000142989)
(-3.91334e-09 -6.17325e-10 0.000130793)
(-4.94076e-09 3.02696e-10 0.000100996)
(-1.18528e-09 6.7208e-09 4.49618e-05)
(1.30034e-09 -4.43693e-10 5.06805e-05)
(1.28602e-09 -2.58897e-10 0.000110384)
(5.97004e-10 3.66514e-10 0.000138063)
(7.90302e-10 7.36957e-10 0.000147257)
(-6.43494e-10 6.29408e-10 0.000149555)
(-8.63199e-10 4.75482e-10 0.000149555)
(-1.41438e-09 -1.77082e-10 0.000147257)
(-1.27845e-09 8.97045e-10 0.000138063)
(-3.22118e-09 1.79107e-10 0.000110385)
(-1.74112e-09 1.82475e-10 5.06806e-05)
(1.41565e-09 2.43117e-09 5.06808e-05)
(1.65659e-09 1.91488e-09 0.000110385)
(8.73825e-10 -4.11776e-10 0.000138063)
(4.3088e-10 -4.06364e-10 0.000147257)
(-5.18202e-10 3.46318e-11 0.000149555)
(-6.75664e-11 -1.06388e-09 0.000149555)
(-6.70026e-10 -1.45511e-09 0.000147257)
(-8.0071e-10 3.58948e-10 0.000138063)
(-2.80437e-09 1.50421e-09 0.000110385)
(-1.78669e-09 1.83764e-09 5.06805e-05)
(2.14764e-09 -2.8844e-09 4.49619e-05)
(3.5278e-09 7.39045e-10 0.000100996)
(6.83849e-10 7.32772e-10 0.000130793)
(2.28064e-09 1.28596e-09 0.000142989)
(9.94996e-10 2.42235e-09 0.000146868)
(2.66425e-10 7.15511e-10 0.000146868)
(-1.72598e-09 1.44093e-10 0.000142989)
(-9.31929e-10 1.83464e-09 0.000130793)
(-2.57341e-09 9.33094e-10 0.000100996)
(-1.99336e-09 -3.31191e-09 4.49614e-05)
(-6.23041e-10 -4.64114e-09 3.44755e-05)
(5.41086e-10 3.18431e-09 8.1626e-05)
(-2.58053e-09 9.76416e-10 0.000112348)
(7.70612e-10 4.66142e-11 0.000128937)
(9.34941e-10 1.76919e-09 0.000135781)
(1.40419e-09 1.52338e-09 0.00013578)
(3.0695e-10 -9.93139e-10 0.000128936)
(2.58169e-09 2.90106e-10 0.000112348)
(-6.01176e-10 2.19716e-09 8.16252e-05)
(6.44078e-12 -5.27082e-09 3.44752e-05)
(-5.83358e-09 -8.7313e-09 2.10746e-05)
(2.93684e-09 6.7283e-09 5.33128e-05)
(2.83286e-09 1.62656e-09 7.8569e-05)
(1.34386e-09 -2.44778e-09 9.57177e-05)
(1.24944e-09 1.17108e-09 0.000104216)
(1.55225e-09 6.08383e-10 0.000104216)
(1.2191e-09 -2.02781e-09 9.57183e-05)
(-1.4207e-09 1.70484e-09 7.85694e-05)
(-3.23795e-09 6.56431e-09 5.33125e-05)
(4.7745e-09 -7.9718e-09 2.10741e-05)
(-1.50681e-08 -1.06918e-08 7.96062e-06)
(-4.4729e-09 1.22333e-09 1.99925e-05)
(1.43488e-09 4.01556e-10 3.20544e-05)
(-4.28961e-09 -1.41452e-09 4.12615e-05)
(-2.55969e-09 1.19889e-09 4.61612e-05)
(-3.1287e-09 8.40547e-10 4.61613e-05)
(-1.03437e-09 6.45996e-10 4.1262e-05)
(-4.73608e-09 2.73701e-09 3.20544e-05)
(1.02242e-09 3.45266e-09 1.99924e-05)
(1.2241e-08 -9.18823e-09 7.96019e-06)
(-1.53822e-08 1.17645e-08 7.95993e-06)
(-7.09528e-09 1.06932e-10 1.99921e-05)
(-3.585e-09 1.43791e-09 3.20546e-05)
(-4.42369e-09 -1.14361e-10 4.12623e-05)
(4.6626e-11 -1.62843e-09 4.6162e-05)
(2.27212e-11 -1.24505e-09 4.61619e-05)
(4.14186e-09 8.59297e-10 4.12624e-05)
(1.59107e-10 -1.67562e-10 3.20553e-05)
(2.42771e-09 -1.90334e-09 1.9993e-05)
(1.39641e-08 1.10821e-08 7.96064e-06)
(-7.96599e-09 1.18312e-08 2.10739e-05)
(-2.53824e-09 -1.1639e-09 5.33119e-05)
(-2.45298e-09 -2.32336e-11 7.85693e-05)
(-9.81353e-10 -1.56987e-09 9.57187e-05)
(2.35773e-10 -4.09562e-09 0.000104217)
(1.85987e-09 -3.39577e-09 0.000104217)
(3.60532e-09 -5.10494e-11 9.57186e-05)
(3.38519e-09 -3.97091e-10 7.85695e-05)
(3.64021e-09 -6.59345e-10 5.33127e-05)
(9.08117e-09 1.21177e-08 2.1075e-05)
(-2.12896e-09 7.97504e-09 3.44751e-05)
(-2.99897e-10 5.93444e-10 8.16251e-05)
(-1.33466e-09 -2.28191e-09 0.000112348)
(1.25945e-09 -4.66798e-09 0.000128937)
(5.4466e-10 -4.82335e-09 0.000135781)
(8.60187e-11 -4.36469e-09 0.000135781)
(-2.01163e-10 -3.13709e-09 0.000128937)
(1.98983e-09 -1.6531e-10 0.000112348)
(1.04501e-09 1.66306e-09 8.16254e-05)
(2.77192e-09 8.40681e-09 3.44759e-05)
(1.34483e-09 5.43562e-09 4.49617e-05)
(4.88292e-09 -1.93871e-10 0.000100996)
(3.83354e-09 -1.70152e-09 0.000130794)
(3.09264e-09 -3.59543e-09 0.000142989)
(3.21042e-10 -3.00098e-09 0.000146869)
(-1.69769e-09 -2.62851e-09 0.000146868)
(-3.9648e-09 -2.96821e-09 0.000142989)
(-3.92737e-09 -1.17405e-09 0.000130793)
(-4.93258e-09 -2.03839e-10 0.000100996)
(-1.1756e-09 5.96612e-09 4.49619e-05)
(8.51222e-10 -9.6805e-10 5.06806e-05)
(1.36684e-09 -3.74935e-10 0.000110385)
(1.2077e-09 5.10894e-10 0.000138063)
(1.19274e-09 -7.28953e-10 0.000147257)
(-4.12556e-10 -4.49195e-10 0.000149555)
(-6.61878e-10 -4.29166e-10 0.000149555)
(-1.71801e-09 -1.01482e-09 0.000147257)
(-1.6735e-09 3.18441e-10 0.000138063)
(-2.92507e-09 -1.05747e-10 0.000110385)
(-1.63087e-09 1.58573e-10 5.06809e-05)
(1.16336e-09 2.68397e-09 5.06804e-05)
(1.41893e-09 1.50397e-09 0.000110384)
(1.31607e-09 -8.31934e-10 0.000138063)
(1.0023e-09 -2.13407e-09 0.000147257)
(2.76173e-11 -1.23305e-09 0.000149555)
(1.91331e-10 -1.66766e-09 0.000149555)
(-1.14546e-09 -1.59354e-09 0.000147257)
(-8.53724e-10 5.32874e-10 0.000138063)
(-2.46414e-09 6.98571e-10 0.000110385)
(-1.77451e-09 1.03718e-09 5.0681e-05)
(2.62159e-09 -2.11474e-09 4.49619e-05)
(3.50887e-09 7.08055e-10 0.000100996)
(1.02718e-09 4.56802e-11 0.000130793)
(3.03263e-09 5.25598e-11 0.000142989)
(1.06558e-09 9.78564e-10 0.000146868)
(4.99664e-10 9.91708e-10 0.000146868)
(-1.67057e-09 8.22928e-10 0.000142989)
(-8.97157e-10 2.59677e-09 0.000130794)
(-1.87191e-09 1.18682e-09 0.000100996)
(-1.6845e-09 -2.88543e-09 4.49621e-05)
(1.10497e-09 -3.62983e-09 3.44755e-05)
(1.59425e-09 3.52209e-09 8.1625e-05)
(-2.06803e-09 -9.33892e-10 0.000112348)
(1.67769e-09 -1.76069e-09 0.000128936)
(6.4115e-10 1.13625e-09 0.000135781)
(1.46062e-09 2.0032e-09 0.000135781)
(1.16461e-09 -3.64579e-10 0.000128936)
(3.98567e-09 3.35836e-10 0.000112348)
(6.44608e-11 3.8376e-09 8.1625e-05)
(-5.38925e-10 -3.30927e-09 3.44755e-05)
(-5.27933e-09 -7.83308e-09 2.10744e-05)
(3.8211e-09 6.80519e-09 5.33118e-05)
(2.20124e-09 -1.3491e-09 7.85686e-05)
(1.01724e-09 -4.51629e-09 9.57183e-05)
(1.13868e-09 9.68777e-10 0.000104217)
(1.25363e-09 1.23014e-09 0.000104217)
(1.66038e-09 -1.67122e-09 9.57192e-05)
(-3.69015e-10 2.03863e-09 7.85699e-05)
(-3.1496e-09 8.31769e-09 5.33127e-05)
(4.29754e-09 -7.02254e-09 2.10744e-05)
(-1.01681e-08 -7.54389e-09 7.96031e-06)
(-7.2648e-10 2.87707e-09 1.99926e-05)
(9.89632e-10 -8.68944e-10 3.20544e-05)
(-5.53128e-09 -1.90257e-09 4.12623e-05)
(-2.58048e-09 7.56418e-10 4.61618e-05)
(-3.6471e-09 1.18303e-09 4.61623e-05)
(-2.03459e-09 6.88436e-10 4.12627e-05)
(-6.47844e-09 3.38633e-09 3.20552e-05)
(-1.42286e-09 5.36457e-09 1.99926e-05)
(1.20105e-08 -8.84572e-09 7.96052e-06)
(-1.44146e-08 1.14874e-08 7.96038e-06)
(-7.42866e-09 1.77651e-09 1.99929e-05)
(-5.04296e-09 2.87671e-09 3.20554e-05)
(-6.22163e-09 -4.15547e-10 4.12629e-05)
(-1.09227e-09 -1.80741e-09 4.61623e-05)
(2.47582e-10 -1.54904e-09 4.61625e-05)
(4.61832e-09 2.31284e-10 4.12627e-05)
(1.38817e-09 1.00298e-09 3.20551e-05)
(3.03242e-09 -1.07707e-09 1.99928e-05)
(1.37513e-08 1.1009e-08 7.96079e-06)
(-8.07397e-09 1.23137e-08 2.10741e-05)
(-3.6111e-09 1.04277e-09 5.33127e-05)
(-4.79965e-09 2.60305e-09 7.85702e-05)
(-3.07961e-09 -2.09598e-09 9.57195e-05)
(-1.16489e-09 -5.53408e-09 0.000104218)
(8.47713e-10 -4.6948e-09 0.000104217)
(3.38009e-09 -8.52132e-10 9.57196e-05)
(4.05098e-09 9.96276e-10 7.85701e-05)
(2.15613e-09 -7.33257e-10 5.33124e-05)
(7.35839e-09 1.15161e-08 2.10744e-05)
(-3.7841e-09 9.00562e-09 3.44747e-05)
(-5.31992e-10 1.39758e-09 8.16248e-05)
(4.29876e-10 -3.60766e-10 0.000112348)
(2.0781e-09 -4.668e-09 0.000128937)
(8.01082e-10 -5.69088e-09 0.000135782)
(-2.3165e-10 -5.80629e-09 0.000135781)
(-1.26654e-09 -3.41508e-09 0.000128937)
(1.16803e-09 -1.28623e-10 0.000112349)
(1.19524e-09 1.75084e-09 8.16254e-05)
(2.78826e-09 7.78031e-09 3.44753e-05)
(1.13227e-09 6.17687e-09 4.49608e-05)
(4.25647e-09 1.08616e-09 0.000100996)
(3.05742e-09 -2.13736e-10 0.000130793)
(3.27828e-09 -3.78105e-09 0.000142989)
(1.09382e-09 -3.27808e-09 0.000146869)
(-7.91535e-10 -3.28498e-09 0.000146868)
(-3.45448e-09 -2.94693e-09 0.000142989)
(-3.32858e-09 -8.3694e-10 0.000130793)
(-3.62784e-09 6.89592e-11 0.000100996)
(-7.07289e-10 5.58527e-09 4.49617e-05)
(1.33638e-09 -4.5553e-11 5.06802e-05)
(1.81369e-09 4.11078e-10 0.000110384)
(7.80287e-10 1.1555e-09 0.000138063)
(6.42336e-10 -1.33567e-09 0.000147257)
(-3.77463e-10 -8.93479e-10 0.000149555)
(-5.67689e-10 -8.39909e-10 0.000149555)
(-1.96778e-09 -5.306e-10 0.000147257)
(-1.64481e-09 2.73441e-10 0.000138063)
(-3.25005e-09 -4.51868e-10 0.000110385)
(-2.05773e-09 3.91988e-10 5.06805e-05)
(1.22853e-09 3.12048e-09 5.06799e-05)
(1.54994e-09 2.10618e-09 0.000110384)
(7.4724e-10 9.1895e-10 0.000138063)
(6.32289e-10 -2.10767e-09 0.000147257)
(-4.98458e-10 -1.29118e-09 0.000149555)
(-8.68312e-10 -1.82556e-09 0.000149555)
(-1.29781e-09 -1.84566e-09 0.000147257)
(-4.24847e-10 -1.56213e-10 0.000138063)
(-1.91596e-09 1.25879e-09 0.000110385)
(-1.5138e-09 1.09041e-09 5.06806e-05)
(2.54848e-09 -1.83722e-09 4.49613e-05)
(3.99194e-09 1.57107e-09 0.000100995)
(2.25412e-09 2.11005e-09 0.000130793)
(3.09559e-09 1.36739e-10 0.000142989)
(9.9692e-10 6.68168e-10 0.000146868)
(5.4548e-10 8.56784e-10 0.000146868)
(-2.1068e-09 -5.58132e-10 0.000142989)
(-1.26882e-09 1.27403e-09 0.000130794)
(-2.816e-09 8.49792e-10 0.000100997)
(-2.0782e-09 -3.32774e-09 4.49622e-05)
(4.58021e-10 -3.83325e-09 3.44749e-05)
(1.11127e-09 3.54331e-09 8.16243e-05)
(-1.94331e-09 7.18784e-10 0.000112348)
(1.69125e-09 -6.90647e-10 0.000128936)
(1.0331e-09 1.24844e-09 0.000135781)
(1.21071e-09 1.83777e-09 0.000135781)
(9.29955e-11 -1.01924e-09 0.000128937)
(2.70248e-09 -9.58975e-10 0.000112349)
(-1.37917e-09 2.38655e-09 8.16256e-05)
(-8.81961e-10 -4.3359e-09 3.44755e-05)
(-5.60271e-09 -8.44194e-09 2.10741e-05)
(1.61777e-09 6.07014e-09 5.33116e-05)
(7.08282e-10 4.09197e-11 7.85688e-05)
(6.21994e-10 -2.67556e-09 9.57184e-05)
(1.32416e-09 1.56861e-09 0.000104216)
(1.94512e-09 1.31323e-09 0.000104217)
(2.25706e-09 -2.2543e-09 9.57189e-05)
(1.46959e-10 1.20012e-09 7.85703e-05)
(-1.84106e-09 6.01633e-09 5.3313e-05)
(5.5524e-09 -8.71024e-09 2.10746e-05)
(-1.25841e-08 -9.59411e-09 7.96028e-06)
(-2.61139e-09 1.77293e-09 1.99923e-05)
(1.47975e-09 -5.97195e-11 3.20542e-05)
(-4.08121e-09 -1.29061e-09 4.12623e-05)
(-1.43916e-09 1.41888e-09 4.61615e-05)
(-1.54659e-09 1.0882e-09 4.61619e-05)
(1.18126e-09 -1.893e-10 4.12626e-05)
(-3.03858e-09 2.0879e-09 3.20552e-05)
(1.87595e-09 2.94508e-09 1.99929e-05)
(1.39839e-08 -1.04069e-08 7.96083e-06)
(-1.58464e-08 1.23057e-08 7.96051e-06)
(-8.61209e-09 6.3423e-10 1.99926e-05)
(-4.84318e-09 9.27351e-10 3.20548e-05)
(-5.71813e-09 -1.86277e-10 4.12621e-05)
(-5.42444e-10 -1.96488e-09 4.61615e-05)
(6.45663e-11 -1.71524e-09 4.61615e-05)
(3.85371e-09 4.08702e-10 4.12623e-05)
(1.03e-09 4.4188e-10 3.20549e-05)
(3.85259e-09 -1.79395e-09 1.99928e-05)
(1.36042e-08 1.04991e-08 7.96065e-06)
(-8.76445e-09 1.34936e-08 2.10742e-05)
(-5.6528e-09 1.75102e-09 5.33122e-05)
(-4.98322e-09 -2.23928e-10 7.85695e-05)
(-2.17868e-09 -2.61615e-09 9.57187e-05)
(2.91544e-10 -5.10923e-09 0.000104216)
(1.63138e-09 -3.98711e-09 0.000104216)
(3.38517e-09 -1.04147e-09 9.5719e-05)
(5.89143e-09 5.55185e-10 7.85701e-05)
(5.76223e-09 -1.67722e-10 5.33131e-05)
(9.67157e-09 1.30879e-08 2.10748e-05)
(-3.09436e-09 9.41504e-09 3.44749e-05)
(-1.70366e-09 3.84544e-09 8.1625e-05)
(-2.29941e-09 -8.1079e-10 0.000112348)
(-2.27774e-10 -4.56546e-09 0.000128937)
(5.53907e-11 -5.50341e-09 0.000135782)
(8.31944e-11 -5.04355e-09 0.000135781)
(-1.59449e-10 -3.71102e-09 0.000128937)
(2.49646e-09 -4.32619e-10 0.000112349)
(1.67046e-09 1.65602e-09 8.1626e-05)
(3.51601e-09 9.58989e-09 3.44758e-05)
(5.99563e-10 6.95762e-09 4.49611e-05)
(4.30083e-09 3.08138e-09 0.000100996)
(3.46292e-09 3.84065e-11 0.000130793)
(3.08386e-09 -2.79888e-09 0.000142989)
(1.07036e-09 -3.65109e-09 0.000146868)
(-5.10865e-10 -3.40372e-09 0.000146868)
(-3.04758e-09 -2.96595e-09 0.000142989)
(-4.31596e-09 -1.44423e-09 0.000130793)
(-5.01512e-09 1.67489e-10 0.000100996)
(-7.02325e-10 6.97493e-09 4.49616e-05)
(1.07961e-09 1.12216e-10 5.06802e-05)
(2.21782e-09 1.52738e-09 0.000110384)
(2.07766e-09 1.55677e-09 0.000138062)
(1.56205e-09 -6.96147e-10 0.000147257)
(1.50492e-10 -1.01242e-09 0.000149555)
(-3.44842e-10 -6.7239e-10 0.000149555)
(-1.94838e-09 -1.12463e-09 0.000147257)
(-1.66917e-09 6.242e-10 0.000138063)
(-3.1555e-09 -2.74441e-10 0.000110384)
(-1.85313e-09 5.159e-10 5.06803e-05)
(1.4646e-09 3.04426e-09 5.06802e-05)
(2.17733e-09 2.55252e-09 0.000110384)
(9.92697e-10 1.63246e-09 0.000138062)
(8.15459e-10 -1.57454e-09 0.000147257)
(-1.01624e-10 -1.3341e-09 0.000149555)
(-1.09964e-09 -1.71846e-09 0.000149555)
(-1.59817e-09 -2.20396e-09 0.000147257)
(-1.64715e-09 2.88198e-10 0.000138063)
(-3.34039e-09 1.45701e-10 0.000110385)
(-1.58483e-09 6.59031e-10 5.06806e-05)
(2.79099e-09 -2.78383e-09 4.49613e-05)
(4.01179e-09 9.36326e-10 0.000100996)
(2.23324e-09 3.16005e-09 0.000130793)
(3.05327e-09 7.40049e-10 0.000142989)
(5.40116e-10 9.33281e-10 0.000146868)
(9.01194e-11 7.12573e-10 0.000146868)
(-2.31589e-09 -2.04867e-12 0.000142989)
(-1.65684e-09 2.06795e-09 0.000130794)
(-2.82327e-09 -2.00864e-10 0.000100996)
(-1.86059e-09 -3.77809e-09 4.49617e-05)
(-3.71182e-10 -5.62244e-09 3.44749e-05)
(8.64629e-10 2.52398e-09 8.16251e-05)
(-1.51262e-09 1.71656e-09 0.000112348)
(1.61586e-09 -7.19449e-10 0.000128936)
(5.43159e-10 9.40756e-10 0.000135781)
(1.51783e-09 1.31561e-09 0.000135781)
(1.06632e-09 -8.11589e-10 0.000128937)
(3.16244e-09 8.14123e-10 0.000112349)
(-1.64009e-10 1.73581e-09 8.16256e-05)
(2.59747e-10 -6.04477e-09 3.44752e-05)
(-6.22878e-09 -1.01044e-08 2.10744e-05)
(2.27455e-09 5.30562e-09 5.33124e-05)
(2.02092e-09 1.11935e-09 7.85694e-05)
(1.30625e-09 -2.6899e-09 9.57179e-05)
(1.53139e-09 7.8087e-10 0.000104216)
(2.15363e-09 3.35722e-10 0.000104216)
(2.82788e-09 -2.1222e-09 9.57187e-05)
(2.5814e-10 3.28033e-09 7.85703e-05)
(-1.52886e-09 6.28873e-09 5.3313e-05)
(6.41913e-09 -9.91666e-09 2.10745e-05)
(-1.51815e-08 -1.17694e-08 7.96045e-06)
(-5.82903e-09 3.23542e-10 1.99927e-05)
(9.4255e-11 2.36757e-10 3.20548e-05)
(-4.11109e-09 -9.27132e-10 4.12623e-05)
(-2.21881e-09 9.81241e-10 4.61616e-05)
(-2.47592e-09 7.3492e-10 4.61614e-05)
(-1.22497e-09 4.67761e-10 4.12624e-05)
(-5.38867e-09 4.01987e-09 3.20548e-05)
(2.20514e-09 3.26074e-09 1.99928e-05)
(1.60881e-08 -1.16732e-08 7.96048e-06)
(-1.46933e-08 1.1681e-08 7.96022e-06)
(-6.34146e-09 6.85039e-11 1.99923e-05)
(-4.02317e-09 1.73081e-09 3.20544e-05)
(-5.21282e-09 5.65751e-11 4.12617e-05)
(-3.24686e-10 -1.93339e-09 4.61612e-05)
(-6.4586e-10 -1.28405e-09 4.61614e-05)
(2.9471e-09 5.3492e-10 4.1262e-05)
(9.62692e-11 -3.00311e-10 3.20546e-05)
(4.57378e-09 -1.75263e-09 1.99925e-05)
(1.39817e-08 9.99363e-09 7.96027e-06)
(-7.27989e-09 1.18502e-08 2.10745e-05)
(-2.02294e-09 -4.68463e-10 5.33119e-05)
(-1.999e-09 4.2369e-10 7.8569e-05)
(-1.24904e-09 -1.08654e-09 9.57181e-05)
(-3.34053e-10 -4.32336e-09 0.000104216)
(9.87232e-10 -3.62773e-09 0.000104216)
(2.66776e-09 -2.91467e-10 9.57178e-05)
(4.30228e-09 -3.40292e-10 7.85693e-05)
(3.44929e-09 -8.66541e-10 5.33127e-05)
(6.88808e-09 1.10199e-08 2.10746e-05)
(-2.26547e-09 8.02488e-09 3.44757e-05)
(2.5229e-11 9.35014e-10 8.16254e-05)
(-8.40391e-10 -1.12873e-09 0.000112348)
(9.13795e-10 -3.60353e-09 0.000128936)
(2.4638e-10 -4.32649e-09 0.00013578)
(-7.23994e-10 -4.84753e-09 0.00013578)
(-1.45452e-09 -4.2594e-09 0.000128937)
(1.27321e-09 -1.32563e-09 0.000112349)
(1.26007e-09 1.69081e-09 8.16252e-05)
(3.29058e-09 9.08422e-09 3.44753e-05)
(9.04518e-10 5.97251e-09 4.49623e-05)
(3.57007e-09 5.56579e-10 0.000100997)
(2.06009e-09 -9.39111e-10 0.000130793)
(2.26237e-09 -3.85549e-09 0.000142989)
(2.71881e-10 -3.15507e-09 0.000146868)
(-1.54265e-09 -3.12614e-09 0.000146868)
(-3.17049e-09 -3.7153e-09 0.000142989)
(-3.72331e-09 -1.99239e-09 0.000130793)
(-4.63814e-09 5.93355e-10 0.000100996)
(-5.20083e-10 6.61428e-09 4.49617e-05)
(1.0327e-09 -5.75933e-10 5.0681e-05)
(1.92762e-09 -3.32576e-10 0.000110385)
(9.03392e-10 7.35929e-10 0.000138063)
(1.32776e-10 -1.46549e-09 0.000147257)
(-4.9657e-10 -7.69591e-10 0.000149555)
(-2.86049e-10 -7.03271e-10 0.000149555)
(-1.00199e-09 -9.78534e-10 0.000147257)
(-1.35148e-09 5.0115e-10 0.000138063)
(-3.26766e-09 5.09932e-10 0.000110385)
(-1.66682e-09 7.63194e-10 5.06807e-05)
(6.88744e-10 2.45492e-09 5.06813e-05)
(1.15733e-09 7.80877e-10 0.000110385)
(9.41408e-10 7.46997e-10 0.000138063)
(2.28647e-10 -1.45881e-09 0.000147257)
(-4.62467e-10 -1.69051e-09 0.000149555)
(-4.42987e-10 -2.09911e-09 0.000149555)
(-1.31151e-09 -2.60499e-09 0.000147257)
(-1.22949e-09 7.08509e-10 0.000138063)
(-2.53924e-09 8.30013e-10 0.000110385)
(-1.41828e-09 1.92387e-09 5.06811e-05)
(2.55732e-09 -2.1872e-09 4.49618e-05)
(2.57777e-09 -1.88099e-10 0.000100996)
(1.00859e-09 1.92349e-09 0.000130793)
(2.26797e-09 6.04604e-11 0.000142989)
(2.1866e-10 -2.26769e-13 0.000146868)
(5.58916e-10 2.50295e-10 0.000146868)
(-1.75199e-09 1.43428e-10 0.000142989)
(-9.47114e-10 2.8126e-09 0.000130794)
(-2.81999e-09 7.87085e-10 0.000100996)
(-2.44836e-09 -2.49713e-09 4.49621e-05)
(9.34354e-10 -4.51252e-09 3.44754e-05)
(1.24657e-09 2.9069e-09 8.1625e-05)
(-2.19515e-09 1.0526e-09 0.000112348)
(9.46913e-10 -1.23057e-09 0.000128937)
(3.34021e-10 4.57338e-10 0.000135781)
(1.04458e-09 6.9927e-10 0.000135781)
(-2.22874e-10 -3.24637e-10 0.000128937)
(2.42321e-09 1.37898e-09 0.000112349)
(-1.3873e-09 3.43306e-09 8.16255e-05)
(-9.69509e-10 -4.19547e-09 3.44758e-05)
(-6.33488e-09 -1.07134e-08 2.10739e-05)
(1.91236e-09 5.61594e-09 5.33116e-05)
(1.50939e-09 3.96736e-10 7.85694e-05)
(6.38604e-10 -3.37371e-09 9.57183e-05)
(3.33546e-11 1.28446e-09 0.000104216)
(-3.59073e-10 3.71492e-10 0.000104216)
(-5.96642e-11 -2.41378e-09 9.57187e-05)
(-1.17859e-09 3.19304e-09 7.85699e-05)
(-3.20153e-09 7.57292e-09 5.33128e-05)
(5.44052e-09 -9.53244e-09 2.10746e-05)
(-1.5085e-08 -1.20001e-08 7.96019e-06)
(-4.03034e-09 1.4042e-09 1.99922e-05)
(-5.38843e-10 -6.5123e-10 3.20549e-05)
(-5.6773e-09 -1.73643e-09 4.1262e-05)
(-2.91338e-09 1.80851e-09 4.61615e-05)
(-2.64698e-09 1.18216e-09 4.61614e-05)
(-9.19399e-10 -1.1836e-10 4.12622e-05)
(-5.47069e-09 3.38337e-09 3.20547e-05)
(1.70096e-09 3.03591e-09 1.99926e-05)
(1.55315e-08 -1.19793e-08 7.96038e-06)
(-1.58419e-08 1.28862e-08 7.96029e-06)
(-6.4295e-09 6.44446e-11 1.99926e-05)
(-3.00043e-09 9.87582e-10 3.20549e-05)
(-6.14158e-09 4.94323e-10 4.12623e-05)
(-8.58005e-10 -2.2167e-09 4.61617e-05)
(5.26776e-10 -1.33776e-09 4.61616e-05)
(3.82942e-09 4.17438e-10 4.12622e-05)
(1.01039e-09 -1.34103e-10 3.20547e-05)
(4.93628e-09 -7.37828e-10 1.99926e-05)
(1.45235e-08 1.14997e-08 7.96039e-06)
(-8.65661e-09 1.26601e-08 2.10746e-05)
(-3.98339e-09 -3.30359e-10 5.33122e-05)
(-2.21872e-09 -3.48822e-10 7.85698e-05)
(9.29914e-10 -1.9222e-09 9.57188e-05)
(2.02995e-09 -5.02902e-09 0.000104217)
(3.41847e-09 -3.51437e-09 0.000104216)
(5.65297e-09 8.03558e-10 9.57187e-05)
(6.18614e-09 9.99019e-10 7.85696e-05)
(5.245e-09 2.01169e-10 5.33119e-05)
(8.64749e-09 1.23387e-08 2.10737e-05)
(-2.04144e-09 7.76613e-09 3.44755e-05)
(2.07629e-10 9.1059e-10 8.16248e-05)
(-6.73103e-10 -1.62327e-09 0.000112348)
(1.25306e-09 -4.66899e-09 0.000128936)
(5.34326e-10 -4.2071e-09 0.00013578)
(-2.08237e-10 -3.97341e-09 0.000135781)
(-1.87128e-10 -2.58322e-09 0.000128937)
(2.83314e-09 1.02654e-10 0.000112348)
(2.56715e-09 2.43541e-09 8.16239e-05)
(4.33114e-09 9.40538e-09 3.44745e-05)
(1.53835e-09 5.43298e-09 4.49622e-05)
(5.16297e-09 4.64057e-10 0.000100996)
(3.74504e-09 -7.71586e-10 0.000130793)
(2.79188e-09 -3.53627e-09 0.000142989)
(8.48393e-10 -2.4006e-09 0.000146867)
(-9.44059e-10 -2.52867e-09 0.000146868)
(-3.92453e-09 -2.86732e-09 0.000142989)
(-4.09903e-09 -1.61484e-09 0.000130793)
(-5.14857e-09 -1.51147e-10 0.000100996)
(-1.2008e-09 6.73609e-09 4.49614e-05)
(9.4904e-10 -9.01094e-11 5.0681e-05)
(1.16215e-09 4.64053e-11 0.000110385)
(2.12812e-10 8.0895e-10 0.000138063)
(1.31e-10 -1.25518e-09 0.000147257)
(-6.21009e-10 -6.48745e-10 0.000149555)
(-1.01753e-09 -4.12253e-10 0.000149555)
(-1.49809e-09 6.48451e-11 0.000147257)
(-1.22981e-09 5.77971e-10 0.000138062)
(-3.17511e-09 -2.98658e-10 0.000110385)
(-1.51767e-09 5.04848e-10 5.06809e-05)
(9.81421e-10 3.60648e-09 5.06815e-05)
(1.06521e-09 1.47931e-09 0.000110385)
(6.0385e-10 -5.52996e-10 0.000138063)
(4.09208e-10 -1.93658e-09 0.000147257)
(-5.79493e-10 -2.02202e-09 0.000149554)
(-4.90557e-10 -1.22887e-09 0.000149554)
(-8.54554e-10 -1.47781e-09 0.000147257)
(-7.36919e-10 1.41989e-10 0.000138062)
(-2.4537e-09 9.84802e-10 0.000110385)
(-1.45172e-09 1.68979e-09 5.06808e-05)
(3.24822e-09 -1.75137e-09 4.4962e-05)
(4.79273e-09 8.00178e-10 0.000100996)
(2.87622e-09 5.05387e-10 0.000130793)
(2.66224e-09 2.18629e-10 0.000142989)
(1.89182e-10 9.2004e-11 0.000146868)
(-1.15214e-10 5.96772e-10 0.000146868)
(-2.56832e-09 2.07337e-10 0.000142989)
(-8.99061e-10 2.04263e-09 0.000130793)
(-2.76928e-09 6.52745e-10 0.000100996)
(-2.21236e-09 -2.52675e-09 4.49619e-05)
(5.55827e-10 -4.18169e-09 3.44757e-05)
(1.50104e-09 3.23313e-09 8.16248e-05)
(-1.55137e-09 6.93329e-10 0.000112348)
(2.19042e-09 4.07198e-10 0.000128936)
(9.20594e-10 9.71479e-10 0.000135781)
(1.13216e-09 4.34615e-10 0.000135781)
(8.50097e-10 -1.14282e-09 0.000128936)
(3.56492e-09 5.80635e-10 0.000112348)
(-3.4231e-10 3.21951e-09 8.16248e-05)
(-3.51563e-10 -4.01813e-09 3.44756e-05)
(-5.42236e-09 -8.89549e-09 2.10743e-05)
(1.65711e-09 5.19675e-09 5.33118e-05)
(5.67712e-10 -7.17522e-11 7.85694e-05)
(1.00856e-09 -1.75445e-09 9.57188e-05)
(9.2934e-10 1.12875e-09 0.000104217)
(1.35606e-09 4.33284e-11 0.000104217)
(1.69811e-09 -1.89196e-09 9.57191e-05)
(-1.04318e-09 3.13972e-09 7.85697e-05)
(-3.34952e-09 7.84711e-09 5.33119e-05)
(4.51438e-09 -7.72847e-09 2.10742e-05)
(-1.29098e-08 -9.91991e-09 7.96033e-06)
(-2.2054e-09 1.82386e-09 1.99925e-05)
(1.64426e-10 -9.59303e-10 3.20549e-05)
(-5.09796e-09 -1.09501e-09 4.12624e-05)
(-2.30994e-09 1.44698e-09 4.61618e-05)
(-2.96561e-09 1.05212e-09 4.61617e-05)
(-2.01019e-09 1.06618e-09 4.12623e-05)
(-6.11367e-09 4.03336e-09 3.20549e-05)
(8.11222e-10 3.22167e-09 1.99927e-05)
(1.12729e-08 -8.665e-09 7.96042e-06)
(-1.4483e-08 1.12432e-08 7.96043e-06)
(-7.96267e-09 2.13717e-09 1.99926e-05)
(-6.2371e-09 2.9936e-09 3.20544e-05)
(-7.029e-09 8.77202e-10 4.12611e-05)
(-1.39099e-09 -1.46481e-09 4.61597e-05)
(-3.04431e-11 -1.6712e-09 4.61596e-05)
(5.23037e-09 2.45895e-10 4.12613e-05)
(3.86242e-09 9.47372e-10 3.20547e-05)
(7.66084e-09 5.77671e-10 1.9993e-05)
(1.19107e-08 9.05016e-09 7.96043e-06)
(-5.80612e-09 9.6882e-09 2.10742e-05)
(-2.8196e-09 4.64191e-10 5.33132e-05)
(-3.59075e-09 2.51161e-09 7.85694e-05)
(-8.53847e-10 -7.91115e-10 9.57178e-05)
(2.3295e-10 -4.36078e-09 0.000104216)
(2.25011e-09 -3.99706e-09 0.000104215)
(4.85113e-09 -1.77799e-10 9.57179e-05)
(6.88253e-09 2.06737e-09 7.85701e-05)
(4.77094e-09 1.19035e-09 5.3314e-05)
(7.24292e-09 1.17918e-08 2.10741e-05)
(-1.61279e-09 6.32536e-09 3.44759e-05)
(3.57379e-10 4.1944e-10 8.16261e-05)
(-1.92503e-09 8.88041e-10 0.000112349)
(4.97953e-10 -2.974e-09 0.000128937)
(-1.86847e-10 -3.37416e-09 0.00013578)
(-1.01875e-09 -3.69529e-09 0.000135781)
(-1.8003e-09 -2.79287e-09 0.000128937)
(4.3871e-10 7.75646e-10 0.000112349)
(-6.729e-10 2.03278e-09 8.16251e-05)
(1.30193e-09 7.68257e-09 3.44751e-05)
(1.02448e-09 5.05767e-09 4.49615e-05)
(4.10157e-09 2.65976e-10 0.000100996)
(2.81101e-09 5.16662e-11 0.000130795)
(2.23618e-09 -2.20188e-09 0.00014299)
(8.71622e-11 -1.34541e-09 0.000146869)
(-1.91258e-09 -2.11245e-09 0.000146869)
(-4.52437e-09 -2.84711e-09 0.00014299)
(-4.52712e-09 -1.30151e-09 0.000130795)
(-5.24899e-09 9.34559e-10 0.000100995)
(-1.7825e-09 4.42937e-09 4.49612e-05)
(5.85796e-10 -8.68215e-12 5.06807e-05)
(8.4705e-10 4.00703e-10 0.000110384)
(3.99963e-10 1.12125e-09 0.000138063)
(7.00594e-10 -7.06873e-10 0.000147257)
(-1.97895e-10 -8.55344e-11 0.000149555)
(-4.70479e-10 -5.53821e-10 0.000149555)
(-1.26692e-09 -8.52665e-10 0.000147257)
(-1.22121e-09 -5.24537e-11 0.000138063)
(-2.60398e-09 8.26715e-10 0.000110384)
(-1.5228e-09 -7.39502e-10 5.06809e-05)
(8.37178e-10 3.56399e-09 5.06805e-05)
(1.29367e-09 2.59769e-09 0.000110384)
(4.91882e-10 6.68583e-10 0.000138063)
(2.02995e-10 -2.19918e-09 0.000147257)
(-1.95412e-10 -1.3626e-09 0.000149555)
(-7.57709e-10 -1.31082e-09 0.000149555)
(-1.1862e-09 -1.96985e-09 0.000147257)
(-1.40718e-09 -4.38576e-10 0.000138063)
(-2.9566e-09 1.78338e-09 0.000110384)
(-1.2057e-09 8.23262e-10 5.06808e-05)
(2.98473e-09 -7.65061e-10 4.49612e-05)
(4.50733e-09 1.85504e-09 0.000100996)
(2.54711e-09 1.19948e-09 0.000130794)
(3.43339e-09 -9.57065e-10 0.00014299)
(1.32981e-09 2.48627e-10 0.000146868)
(8.28059e-10 5.21656e-10 0.000146868)
(-1.89063e-09 6.09911e-11 0.000142989)
(-2.34858e-09 8.60333e-10 0.000130794)
(-3.78685e-09 1.42264e-09 0.000100996)
(-1.62281e-09 -3.42208e-09 4.49619e-05)
(1.42558e-09 -2.78836e-09 3.44756e-05)
(2.55446e-09 3.64751e-09 8.16258e-05)
(-6.55831e-10 -7.5266e-10 0.000112347)
(2.39602e-09 -1.60316e-09 0.000128936)
(1.05116e-09 7.8689e-10 0.000135779)
(2.69732e-09 1.7556e-09 0.00013578)
(2.24567e-09 -5.75971e-10 0.000128936)
(3.25574e-09 -9.01445e-10 0.000112349)
(-7.48566e-10 1.41605e-09 8.16266e-05)
(8.00957e-11 -5.41328e-09 3.44756e-05)
(-4.28648e-09 -8.88379e-09 2.10748e-05)
(3.01457e-09 4.80043e-09 5.33127e-05)
(1.31115e-09 -5.51226e-10 7.85683e-05)
(2.69705e-11 -3.44198e-09 9.57165e-05)
(2.47298e-10 1.16518e-09 0.000104214)
(1.20619e-09 1.16707e-09 0.000104214)
(3.33589e-09 -1.35045e-09 9.5717e-05)
(3.21659e-09 1.6828e-09 7.85688e-05)
(2.87938e-10 4.09624e-09 5.33134e-05)
(6.95856e-09 -1.10021e-08 2.10753e-05)
(-1.42148e-08 -1.1205e-08 7.96048e-06)
(-3.95874e-09 6.26287e-10 1.99925e-05)
(-1.42025e-10 -1.31937e-10 3.20541e-05)
(-6.06138e-09 -1.78194e-09 4.12601e-05)
(-2.49012e-09 1.01244e-09 4.61593e-05)
(-1.81545e-09 5.54455e-10 4.61595e-05)
(1.17718e-09 1.70233e-10 4.12604e-05)
(-1.61067e-09 2.55278e-09 3.20541e-05)
(5.0357e-09 1.38195e-09 1.99923e-05)
(1.40579e-08 -1.07051e-08 7.96055e-06)
(-1.65603e-08 1.18924e-08 7.96046e-06)
(-5.63296e-09 -2.25906e-09 1.99929e-05)
(9.41192e-09 -7.90541e-09 3.20548e-05)
(8.34529e-09 -1.05988e-09 4.12621e-05)
(3.55643e-09 1.37359e-09 4.61611e-05)
(2.49408e-10 6.17271e-10 4.61615e-05)
(-3.30116e-09 -1.86313e-09 4.12619e-05)
(-1.23772e-09 -4.83535e-09 3.20546e-05)
(9.88706e-09 1.90641e-09 1.9992e-05)
(1.28427e-08 1.0601e-08 7.96014e-06)
(-8.89764e-10 7.34768e-09 2.10742e-05)
(3.00219e-09 -4.37048e-09 5.33129e-05)
(3.47622e-09 -1.35021e-08 7.85703e-05)
(3.67373e-09 -1.15508e-09 9.57183e-05)
(2.24621e-10 2.58355e-09 0.000104216)
(9.70468e-10 1.51795e-09 0.000104216)
(-2.73028e-09 -2.3989e-09 9.57178e-05)
(-2.98202e-09 -9.80356e-09 7.85695e-05)
(8.0596e-10 1.55347e-09 5.33116e-05)
(3.92365e-09 1.0558e-08 2.10743e-05)
(4.93044e-09 -2.76635e-09 3.44749e-05)
(2.65664e-09 3.744e-09 8.1625e-05)
(-1.11897e-09 -6.91816e-09 0.000112349)
(-1.95185e-09 -1.97699e-09 0.000128937)
(-1.51299e-09 5.06562e-10 0.000135781)
(-1.41697e-10 9.86098e-11 0.00013578)
(-8.00348e-10 -2.21345e-09 0.000128936)
(-7.22791e-10 -5.41743e-09 0.000112348)
(-1.7984e-09 6.13597e-09 8.16244e-05)
(-3.19399e-09 -6.21995e-10 3.44751e-05)
(-2.21513e-09 1.56348e-09 4.49611e-05)
(-4.12294e-09 5.69706e-09 0.000100996)
(-2.43487e-09 -3.04194e-09 0.000130794)
(-3.15307e-09 -1.84546e-09 0.000142989)
(-1.58033e-09 -5.94097e-10 0.000146868)
(-5.12554e-10 -1.01265e-09 0.000146868)
(1.42621e-09 -2.48839e-09 0.000142989)
(6.74923e-10 -2.80865e-09 0.000130793)
(2.25591e-09 6.21847e-09 0.000100996)
(2.67217e-09 2.18477e-09 4.49615e-05)
(-1.19315e-10 9.99179e-10 5.068e-05)
(6.50501e-10 3.23398e-09 0.000110384)
(3.67249e-10 -1.55239e-09 0.000138062)
(-1.98171e-09 -9.26328e-10 0.000147257)
(-1.36987e-09 -3.67906e-10 0.000149555)
(4.67218e-12 -5.53675e-10 0.000149555)
(2.98406e-11 -3.93302e-10 0.000147257)
(-1.59539e-09 -6.59267e-10 0.000138062)
(-1.92729e-09 3.01853e-09 0.000110384)
(-1.88705e-11 2.18521e-09 5.06804e-05)
(1.68109e-10 7.19234e-10 5.06803e-05)
(8.01411e-10 3.5346e-09 0.000110384)
(-1.84844e-10 1.0079e-09 0.000138063)
(-1.05442e-09 -1.2109e-10 0.000147257)
(-7.46908e-10 -1.00119e-09 0.000149555)
(-1.1978e-10 -1.38876e-09 0.000149555)
(-1.22529e-11 8.63085e-11 0.000147257)
(-1.70166e-09 3.44416e-10 0.000138063)
(-2.82432e-09 1.92424e-09 0.000110385)
(-9.131e-10 7.10088e-10 5.06804e-05)
(1.96556e-10 1.20612e-09 4.49614e-05)
(-1.71659e-09 2.61256e-09 0.000100996)
(-2.19064e-09 1.45468e-09 0.000130793)
(2.34281e-10 1.55796e-09 0.000142989)
(-1.89869e-10 -1.52861e-09 0.000146868)
(1.14427e-09 -1.49315e-09 0.000146868)
(1.16968e-09 2.72539e-09 0.00014299)
(2.72038e-09 3.11032e-09 0.000130794)
(1.48268e-09 7.44634e-10 0.000100997)
(-7.38158e-10 -1.42231e-10 4.49617e-05)
(6.37723e-09 2.54123e-09 3.44751e-05)
(5.64424e-09 6.66915e-09 8.16255e-05)
(-5.32296e-10 2.29329e-09 0.000112349)
(1.58437e-09 1.11179e-09 0.000128937)
(-1.51717e-09 -2.39827e-09 0.000135781)
(-8.41567e-10 -2.20856e-09 0.000135781)
(-4.1005e-09 6.19406e-10 0.000128937)
(2.50849e-10 3.11958e-09 0.000112349)
(-4.96238e-09 8.40792e-09 8.16258e-05)
(-6.6678e-09 4.01779e-09 3.44749e-05)
(-2.28462e-09 -6.38449e-09 2.10742e-05)
(9.96556e-09 1.41887e-08 5.33127e-05)
(6.21119e-09 5.84221e-09 7.85703e-05)
(3.63243e-09 1.46924e-09 9.57186e-05)
(1.15733e-09 -2.72778e-09 0.000104216)
(-1.21645e-09 -3.065e-09 0.000104216)
(-6.05847e-09 7.461e-11 9.57183e-05)
(-1.08988e-08 4.8839e-09 7.85693e-05)
(-1.35204e-08 1.53197e-08 5.33126e-05)
(1.57899e-09 -5.44362e-09 2.10745e-05)
(-1.2752e-08 -9.29237e-09 7.96029e-06)
(4.63021e-09 7.9134e-09 1.99924e-05)
(1.03535e-08 4.22635e-09 3.20549e-05)
(5.81963e-09 2.55417e-09 4.12621e-05)
(4.96364e-09 -3.78898e-10 4.61613e-05)
(-2.40883e-09 -9.13344e-10 4.61614e-05)
(-1.91348e-09 2.10068e-09 4.12623e-05)
(-6.67568e-09 3.05597e-09 3.20548e-05)
(-2.14e-09 5.86917e-09 1.99928e-05)
(1.4236e-08 -1.07291e-08 7.96064e-06)
(-1.59285e-08 1.22413e-08 7.96038e-06)
(-7.90933e-09 1.02227e-09 1.99924e-05)
(-4.63342e-09 2.78384e-09 3.20546e-05)
(-6.86923e-09 1.61076e-09 4.12632e-05)
(-1.63011e-09 -1.25597e-09 4.61631e-05)
(8.88228e-10 -1.534e-09 4.61632e-05)
(4.6754e-09 3.44913e-10 4.12631e-05)
(1.87683e-09 2.51984e-10 3.2055e-05)
(6.43492e-09 4.69235e-10 1.99922e-05)
(1.57752e-08 1.18736e-08 7.96054e-06)
(-8.70331e-09 1.29343e-08 2.10749e-05)
(-6.4686e-09 -6.33216e-11 5.33116e-05)
(-5.73724e-09 -1.52161e-10 7.85697e-05)
(-1.16426e-09 -9.76514e-10 9.57189e-05)
(2.27475e-10 -2.64506e-09 0.000104218)
(1.31406e-09 -3.55012e-09 0.000104218)
(2.94161e-09 -2.98763e-10 9.57195e-05)
(3.99426e-09 2.43311e-10 7.85691e-05)
(1.45325e-09 -9.25283e-10 5.33101e-05)
(6.42913e-09 1.09524e-08 2.10741e-05)
(-3.67814e-09 9.85627e-09 3.4475e-05)
(-3.03444e-09 1.43678e-09 8.16241e-05)
(-4.27307e-09 -2.23462e-09 0.000112347)
(-4.66438e-10 -4.09889e-09 0.000128936)
(-7.75744e-10 -3.05409e-09 0.000135781)
(-1.11156e-09 -3.15711e-09 0.000135781)
(-1.0605e-09 -3.00701e-09 0.000128936)
(8.67766e-10 -3.52264e-10 0.000112347)
(-5.47339e-10 -1.81212e-10 8.16244e-05)
(1.82332e-09 6.64144e-09 3.44751e-05)
(6.66688e-10 7.43558e-09 4.49618e-05)
(3.69193e-09 1.70461e-09 0.000100996)
(1.85432e-09 -1.73486e-09 0.000130791)
(7.76865e-10 -3.08125e-09 0.000142988)
(-1.04719e-10 -2.72815e-09 0.000146867)
(-6.58321e-10 -2.29527e-09 0.000146867)
(-2.22596e-09 -3.3362e-09 0.000142987)
(-2.75733e-09 -1.13382e-09 0.000130791)
(-3.83566e-09 -5.80584e-10 0.000100996)
(-6.15581e-10 5.01678e-09 4.49614e-05)
(5.80904e-10 1.66426e-09 5.06801e-05)
(1.65896e-09 1.48655e-09 0.000110385)
(9.84795e-10 -2.93864e-10 0.000138062)
(-2.97361e-10 -1.01408e-09 0.000147256)
(-8.44761e-10 -4.72199e-10 0.000149555)
(-5.26181e-10 -7.12591e-10 0.000149554)
(-1.24618e-09 -1.16196e-09 0.000147256)
(-1.2537e-09 3.87465e-10 0.000138062)
(-2.34997e-09 -3.9352e-10 0.000110385)
(-1.20534e-09 8.65448e-10 5.06802e-05)
(7.01165e-10 3.61264e-09 5.06808e-05)
(1.75008e-09 1.69204e-09 0.000110385)
(4.34761e-10 -4.64729e-11 0.000138062)
(-4.68641e-10 -6.55525e-10 0.000147257)
(-4.90457e-10 -1.10629e-09 0.000149554)
(-4.23881e-10 -1.4201e-09 0.000149555)
(-3.52098e-10 -2.4853e-09 0.000147257)
(-7.34152e-10 -1.53664e-10 0.000138062)
(-2.13066e-09 5.23e-10 0.000110384)
(-1.19553e-09 1.46068e-09 5.068e-05)
(3.55459e-09 -1.25397e-09 4.49624e-05)
(4.89581e-09 6.58361e-10 0.000100997)
(1.98428e-09 4.53295e-10 0.000130792)
(2.52786e-09 5.86488e-10 0.000142988)
(5.24477e-10 1.45236e-10 0.000146868)
(7.58072e-10 1.53554e-10 0.000146868)
(-1.21323e-09 -3.04448e-10 0.000142989)
(-1.29831e-09 1.45927e-09 0.000130792)
(-2.987e-09 -6.42754e-11 0.000100995)
(-1.97398e-09 -2.88024e-09 4.49613e-05)
(2.54242e-10 -5.14917e-09 3.44754e-05)
(1.77597e-09 2.93145e-09 8.16254e-05)
(-1.67935e-09 -3.79819e-11 0.000112349)
(2.03907e-09 -6.90562e-10 0.000128937)
(1.30126e-09 4.75757e-10 0.000135782)
(2.22108e-09 1.44502e-09 0.000135783)
(1.58216e-09 -7.81888e-10 0.000128937)
(3.46176e-09 -4.55411e-10 0.000112348)
(-2.62552e-10 1.19318e-09 8.16239e-05)
(-3.85512e-11 -4.91629e-09 3.44745e-05)
(-7.80055e-09 -1.15818e-08 2.10749e-05)
(-5.82234e-10 3.53286e-09 5.33124e-05)
(-1.00942e-09 -6.64308e-10 7.85707e-05)
(-3.76254e-10 -3.08913e-09 9.57199e-05)
(1.02754e-09 2.74106e-10 0.000104219)
(2.31772e-09 6.6417e-10 0.000104219)
(3.71989e-09 -1.85774e-09 9.57211e-05)
(2.93615e-09 1.65692e-09 7.8571e-05)
(1.3793e-09 4.0275e-09 5.33112e-05)
(6.80069e-09 -9.69169e-09 2.10734e-05)
(-1.44366e-08 -1.12177e-08 7.96062e-06)
(-5.80444e-09 -4.30497e-10 1.99926e-05)
(-2.05361e-09 -1.43162e-09 3.20553e-05)
(-6.15219e-09 -1.95831e-09 4.12642e-05)
(-2.2827e-09 6.34395e-10 4.61641e-05)
(-3.33389e-09 4.02976e-10 4.6164e-05)
(-2.36215e-10 5.93802e-10 4.12643e-05)
(-2.41561e-09 2.67977e-09 3.20558e-05)
(4.06416e-09 1.75211e-09 1.99931e-05)
(1.35903e-08 -9.93027e-09 7.9603e-06)
(-1.15522e-08 8.79639e-09 7.96062e-06)
(-4.2874e-09 -3.41481e-10 1.99924e-05)
(-1.1175e-09 1.40146e-09 3.20548e-05)
(-4.31995e-09 1.00913e-09 4.12625e-05)
(-1.51214e-10 -2.08795e-09 4.61618e-05)
(3.32173e-10 -1.85769e-09 4.61614e-05)
(4.2311e-09 -7.88192e-10 4.12627e-05)
(3.39124e-09 2.717e-10 3.20551e-05)
(7.32742e-09 -4.52203e-10 1.99927e-05)
(1.43646e-08 1.06882e-08 7.96024e-06)
(-4.62717e-09 8.30865e-09 2.10749e-05)
(2.32227e-10 -2.86176e-09 5.3312e-05)
(7.77931e-10 -1.58831e-09 7.85697e-05)
(2.83863e-09 -6.64008e-10 9.57185e-05)
(3.57871e-09 -3.62179e-09 0.000104217)
(4.39193e-09 -4.07548e-09 0.000104217)
(6.71755e-09 -8.54608e-10 9.57198e-05)
(8.50087e-09 1.29376e-09 7.85704e-05)
(5.82309e-09 7.34947e-10 5.33125e-05)
(8.50357e-09 1.32602e-08 2.1074e-05)
(-1.45516e-09 5.84374e-09 3.44763e-05)
(-5.4015e-10 -1.12874e-09 8.16253e-05)
(-1.59032e-09 -2.89462e-09 0.000112348)
(1.41725e-09 -3.33721e-09 0.000128937)
(6.07763e-10 -3.51054e-09 0.000135781)
(-2.75038e-10 -4.44915e-09 0.000135781)
(-4.57003e-10 -3.22293e-09 0.000128937)
(1.89352e-09 8.82996e-10 0.000112348)
(6.42164e-10 3.13857e-09 8.16253e-05)
(2.883e-09 9.70817e-09 3.44752e-05)
(6.21329e-10 6.54383e-09 4.49628e-05)
(2.96799e-09 -4.36546e-10 0.000100997)
(2.31163e-09 -2.43833e-09 0.000130793)
(2.59949e-09 -2.91718e-09 0.000142989)
(7.08551e-10 -2.2651e-09 0.000146868)
(-1.24525e-09 -2.78658e-09 0.000146868)
(-3.93131e-09 -3.11901e-09 0.000142988)
(-4.4666e-09 -4.0913e-10 0.000130793)
(-5.84479e-09 1.10616e-09 0.000100996)
(-1.80661e-09 5.12394e-09 4.49616e-05)
(8.50272e-10 1.31601e-09 5.06811e-05)
(1.33899e-09 -8.48383e-10 0.000110385)
(5.67068e-10 -1.75914e-09 0.000138063)
(5.62379e-10 -9.81586e-10 0.000147257)
(-3.16188e-10 6.08026e-10 0.000149555)
(-6.68237e-10 -2.42296e-10 0.000149555)
(-2.06923e-09 -2.8141e-10 0.000147257)
(-2.33585e-09 1.10664e-09 0.000138062)
(-2.89809e-09 6.723e-10 0.000110385)
(-1.43208e-09 -6.52845e-10 5.06805e-05)
(9.34571e-10 4.67684e-09 5.06813e-05)
(1.20107e-09 1.06237e-09 0.000110385)
(2.74078e-10 -9.98253e-10 0.000138063)
(-8.91903e-11 -1.75193e-09 0.000147257)
(-7.92411e-10 -5.21645e-10 0.000149555)
(-1.15144e-09 -1.31619e-09 0.000149555)
(-1.81016e-09 -1.62809e-09 0.000147257)
(-1.59065e-09 4.22231e-10 0.000138062)
(-2.2e-09 -1.01577e-10 0.000110385)
(-1.17965e-09 5.22611e-10 5.06806e-05)
(3.48974e-09 -6.47287e-10 4.49625e-05)
(4.16519e-09 1.30518e-09 0.000100997)
(6.72391e-10 3.48822e-10 0.000130793)
(1.79986e-09 7.72607e-12 0.000142988)
(1.44496e-11 4.45122e-10 0.000146868)
(-3.81961e-10 4.29006e-10 0.000146868)
(-2.02145e-09 4.07436e-10 0.000142989)
(-1.59538e-09 1.997e-09 0.000130793)
(-2.95746e-09 -8.66422e-10 0.000100996)
(-1.64499e-09 -4.18781e-09 4.49617e-05)
(2.61171e-09 -2.28867e-09 3.44757e-05)
(3.6093e-09 5.10152e-09 8.16251e-05)
(-1.27377e-09 1.71588e-10 0.000112348)
(2.48615e-09 -1.49682e-09 0.000128936)
(1.89722e-09 2.9665e-10 0.00013578)
(2.59648e-09 1.16917e-09 0.000135781)
(1.73966e-09 -2.00761e-11 0.000128937)
(4.15408e-09 3.79799e-10 0.000112348)
(4.67465e-10 1.19005e-09 8.16251e-05)
(2.35856e-10 -5.8654e-09 3.44751e-05)
(-5.66056e-09 -9.93894e-09 2.10746e-05)
(5.11798e-09 7.85546e-09 5.33124e-05)
(3.83777e-09 9.61436e-10 7.8569e-05)
(1.92423e-09 -3.84382e-09 9.5718e-05)
(1.49682e-09 7.44721e-10 0.000104216)
(1.14474e-09 5.50259e-10 0.000104216)
(1.90288e-09 -1.25123e-09 9.5718e-05)
(2.07379e-10 2.93353e-09 7.85693e-05)
(-2.04783e-09 6.044e-09 5.33118e-05)
(6.30474e-09 -1.00892e-08 2.10741e-05)
(-1.94285e-08 -1.49806e-08 7.96029e-06)
(-2.71598e-09 2.43742e-09 1.99923e-05)
(2.33061e-09 3.89525e-10 3.20545e-05)
(-4.3636e-09 -1.28201e-09 4.12617e-05)
(-1.95922e-09 1.15457e-09 4.61613e-05)
(-2.30676e-09 8.72074e-10 4.61609e-05)
(-1.09226e-10 5.37399e-10 4.12615e-05)
(-3.70797e-09 3.19326e-09 3.20541e-05)
(2.36747e-09 2.88515e-09 1.99921e-05)
(1.29463e-08 -9.71885e-09 7.96017e-06)
(-1.79438e-08 1.40086e-08 7.96038e-06)
(-7.05712e-09 1.42978e-09 1.99924e-05)
(-2.53464e-09 2.29603e-09 3.20551e-05)
(-6.54249e-09 4.99083e-10 4.12629e-05)
(-2.43926e-09 -2.01064e-09 4.61625e-05)
(-1.72542e-09 -2.1074e-09 4.61623e-05)
(2.7085e-09 -5.26776e-10 4.12627e-05)
(8.32746e-10 -9.25441e-11 3.2055e-05)
(2.68057e-09 -2.61672e-09 1.99925e-05)
(1.44513e-08 1.11827e-08 7.96009e-06)
(-5.92602e-09 1.09225e-08 2.10739e-05)
(-7.03007e-10 -7.47356e-10 5.33115e-05)
(-1.5788e-09 1.27807e-09 7.85696e-05)
(2.96865e-10 -7.61013e-10 9.57188e-05)
(9.58346e-10 -4.11416e-09 0.000104217)
(2.07779e-09 -3.76902e-09 0.000104218)
(3.86163e-09 -9.98558e-10 9.57199e-05)
(4.18801e-09 6.17949e-12 7.85701e-05)
(3.68322e-09 -7.56307e-10 5.33124e-05)
(9.04809e-09 1.29728e-08 2.10743e-05)
(-9.60658e-10 5.24803e-09 3.44749e-05)
(4.40926e-10 -5.89261e-10 8.1625e-05)
(-1.23578e-09 -6.94427e-10 0.000112348)
(1.32836e-09 -2.76009e-09 0.000128937)
(4.45287e-10 -3.33185e-09 0.000135782)
(-4.9678e-10 -3.68384e-09 0.000135782)
(-5.1952e-10 -3.17584e-09 0.000128937)
(1.56441e-09 -3.78395e-11 0.000112348)
(8.70531e-10 1.73535e-09 8.1625e-05)
(3.28648e-09 9.36557e-09 3.44756e-05)
(7.63287e-10 5.17617e-09 4.49618e-05)
(3.01261e-09 3.40862e-10 0.000100996)
(2.1065e-09 -8.69704e-10 0.000130793)
(2.08785e-09 -2.56308e-09 0.000142989)
(5.11565e-10 -2.00257e-09 0.000146869)
(-4.21559e-10 -2.44206e-09 0.000146868)
(-2.77603e-09 -3.02786e-09 0.000142989)
(-3.19049e-09 -4.90859e-10 0.000130793)
(-4.21395e-09 -1.31343e-10 0.000100996)
(-7.65225e-10 6.55402e-09 4.49617e-05)
(5.39253e-10 4.19297e-10 5.06809e-05)
(1.02695e-09 -1.48981e-10 0.000110385)
(7.4216e-11 2.16396e-11 0.000138063)
(1.40207e-10 -9.57823e-10 0.000147257)
(-3.90465e-10 -3.54081e-10 0.000149555)
(-8.63399e-10 -1.06503e-10 0.000149555)
(-1.87169e-09 -7.93284e-10 0.000147257)
(-1.89625e-09 1.10295e-09 0.000138062)
(-3.01686e-09 9.35373e-11 0.000110384)
(-1.55126e-09 1.01893e-09 5.06806e-05)
(9.57946e-10 4.55143e-09 5.06809e-05)
(1.3406e-09 7.15832e-10 0.000110385)
(5.13611e-10 -1.6179e-10 0.000138063)
(-1.97698e-10 -1.41628e-09 0.000147257)
(-1.17012e-09 -9.92501e-10 0.000149555)
(-1.43427e-09 -9.4701e-10 0.000149555)
(-1.69427e-09 -1.9478e-09 0.000147257)
(-1.30212e-09 8.12976e-10 0.000138063)
(-2.69124e-09 1.21299e-09 0.000110385)
(-1.75367e-09 1.92715e-09 5.06806e-05)
(3.74955e-09 -1.28353e-10 4.49614e-05)
(5.16756e-09 -3.84632e-11 0.000100996)
(2.48413e-09 1.42949e-09 0.000130793)
(2.70086e-09 7.77695e-10 0.000142989)
(3.54433e-10 1.16824e-09 0.000146868)
(-3.10612e-10 1.03406e-09 0.000146868)
(-2.25313e-09 -1.17202e-10 0.000142989)
(-1.0517e-09 2.35099e-09 0.000130793)
(-2.84044e-09 1.38893e-09 0.000100996)
(-2.30783e-09 -1.99992e-09 4.49617e-05)
(2.41175e-09 -2.33244e-09 3.44744e-05)
(2.86459e-09 2.80779e-09 8.16241e-05)
(-1.54349e-09 5.76208e-10 0.000112348)
(2.43552e-09 1.15621e-10 0.000128937)
(1.663e-09 1.02291e-09 0.000135781)
(2.02089e-09 1.45219e-09 0.000135781)
(1.20765e-09 -1.45581e-09 0.000128937)
(3.35347e-09 1.27919e-09 0.000112349)
(-1.22535e-09 4.48575e-09 8.16253e-05)
(-1.16397e-09 -3.2522e-09 3.44752e-05)
(-3.94414e-09 -8.50586e-09 2.10734e-05)
(3.4079e-09 5.04986e-09 5.3312e-05)
(8.97158e-10 3.43022e-10 7.85696e-05)
(5.5316e-10 -2.27346e-09 9.57185e-05)
(1.187e-09 1.59808e-09 0.000104216)
(6.23676e-10 1.55298e-09 0.000104216)
(1.32409e-09 -2.67125e-09 9.57182e-05)
(-3.40184e-10 3.26758e-09 7.85694e-05)
(-3.51203e-09 8.90696e-09 5.33126e-05)
(4.78657e-09 -8.04251e-09 2.10743e-05)
(-1.49821e-08 -1.15194e-08 7.95992e-06)
(-5.43556e-09 1.93379e-10 1.99923e-05)
(-1.46765e-09 -1.38316e-10 3.20545e-05)
(-6.27086e-09 -1.41642e-09 4.12618e-05)
(-2.65029e-09 1.57985e-09 4.61612e-05)
(-1.78057e-09 1.75064e-09 4.61613e-05)
(-1.62306e-11 -1.38201e-10 4.12621e-05)
(-5.64138e-09 3.3006e-09 3.20547e-05)
(6.59399e-10 3.98284e-09 1.99925e-05)
(1.21971e-08 -9.24478e-09 7.96054e-06)
(-1.25352e-08 9.87194e-09 7.96044e-06)
(-2.30337e-09 -1.53055e-09 1.99927e-05)
(-1.61612e-09 2.55736e-09 3.20547e-05)
(-5.32597e-09 6.24559e-10 4.12624e-05)
(-2.0621e-10 -2.35601e-09 4.6162e-05)
(6.70858e-10 -1.78779e-09 4.61622e-05)
(5.32716e-09 2.83978e-10 4.12625e-05)
(3.36673e-09 1.68973e-09 3.20551e-05)
(4.8348e-09 -6.44141e-10 1.99927e-05)
(1.39726e-08 1.08321e-08 7.96059e-06)
(-6.84243e-09 9.40173e-09 2.1074e-05)
(-2.0521e-09 -2.67684e-09 5.33122e-05)
(-1.8305e-09 5.76848e-10 7.85696e-05)
(6.93196e-10 -1.42672e-09 9.57188e-05)
(1.8802e-09 -4.42574e-09 0.000104217)
(1.94165e-09 -4.07917e-09 0.000104217)
(4.55287e-09 -5.78766e-10 9.57192e-05)
(6.59437e-09 2.43557e-09 7.85697e-05)
(4.2304e-09 2.0935e-10 5.33124e-05)
(7.67131e-09 1.177e-08 2.10748e-05)
(-2.842e-09 7.86351e-09 3.44742e-05)
(-1.85669e-09 -9.10266e-10 8.1625e-05)
(-2.69024e-09 -2.27054e-09 0.000112348)
(1.54727e-10 -4.31012e-09 0.000128937)
(-1.28479e-10 -3.69203e-09 0.000135781)
(-1.07806e-09 -3.82841e-09 0.000135782)
(-1.57001e-09 -3.32773e-09 0.000128937)
(1.7388e-09 7.92922e-10 0.000112348)
(6.31873e-10 2.00527e-09 8.1625e-05)
(2.46574e-09 8.24405e-09 3.44757e-05)
(4.63543e-10 7.28224e-09 4.49609e-05)
(3.84064e-09 -8.3704e-10 0.000100996)
(2.29576e-09 -1.21626e-09 0.000130793)
(9.38945e-10 -3.18263e-09 0.000142988)
(-1.18787e-09 -2.2847e-09 0.000146868)
(-1.46083e-09 -2.97029e-09 0.000146868)
(-3.26275e-09 -3.21191e-09 0.000142989)
(-2.88493e-09 -3.19574e-10 0.000130794)
(-4.18071e-09 7.10842e-10 0.000100996)
(-1.76888e-09 4.01468e-09 4.4962e-05)
(9.62252e-10 1.0052e-09 5.06801e-05)
(1.22532e-09 -1.33337e-09 0.000110384)
(3.01899e-10 6.15994e-10 0.000138063)
(2.09505e-10 -6.6477e-10 0.000147257)
(-1.11028e-09 -4.53766e-10 0.000149555)
(-8.44791e-10 -1.34357e-09 0.000149555)
(-1.34697e-09 -9.07621e-10 0.000147257)
(-9.22706e-10 7.25059e-10 0.000138063)
(-2.05844e-09 1.76841e-10 0.000110385)
(-1.44546e-09 -9.39541e-10 5.06809e-05)
(8.96183e-10 3.99356e-09 5.068e-05)
(1.48659e-09 3.9207e-10 0.000110384)
(9.47988e-10 2.04494e-10 0.000138063)
(4.20271e-10 -1.67549e-09 0.000147257)
(-7.16303e-11 -1.28298e-09 0.000149555)
(-6.93062e-11 -1.67047e-09 0.000149555)
(-1.54097e-09 -2.07856e-09 0.000147257)
(-1.69999e-09 -4.86554e-10 0.000138063)
(-2.21671e-09 2.53072e-10 0.000110385)
(-1.25719e-09 9.37389e-10 5.06806e-05)
(3.63945e-09 -8.71161e-10 4.49609e-05)
(3.50282e-09 1.05993e-10 0.000100996)
(6.46703e-10 1.33673e-09 0.000130794)
(3.00734e-09 4.39081e-11 0.000142989)
(1.24301e-09 8.36096e-10 0.000146869)
(3.86116e-10 7.41464e-10 0.000146868)
(-2.30545e-09 1.84999e-11 0.000142989)
(-1.5011e-09 1.06849e-09 0.000130793)
(-3.02862e-09 -5.02196e-10 0.000100997)
(-2.35228e-09 -3.15022e-09 4.49617e-05)
(1.30791e-09 -3.01234e-09 3.44744e-05)
(1.15035e-09 3.89603e-09 8.16252e-05)
(-2.39796e-09 9.26403e-10 0.000112349)
(1.63698e-09 -1.20078e-09 0.000128937)
(1.21163e-09 9.83125e-10 0.000135781)
(2.38641e-09 1.1713e-09 0.000135781)
(1.70031e-09 -8.35079e-10 0.000128937)
(4.76843e-09 -3.21336e-10 0.000112348)
(6.41236e-10 1.22877e-09 8.16254e-05)
(-5.74174e-10 -4.97952e-09 3.44755e-05)
(-4.17604e-09 -7.91288e-09 2.10741e-05)
(3.82138e-09 7.19043e-09 5.33127e-05)
(1.87659e-09 6.86438e-10 7.85698e-05)
(1.32004e-09 -3.42935e-09 9.5718e-05)
(1.66457e-09 5.83797e-10 0.000104216)
(2.38697e-09 3.16661e-10 0.000104217)
(2.60246e-09 -1.89495e-09 9.57187e-05)
(9.49539e-10 2.32899e-09 7.85693e-05)
(-9.55554e-10 6.66181e-09 5.33125e-05)
(5.05447e-09 -7.68639e-09 2.10745e-05)
(-1.25133e-08 -1.02465e-08 7.96047e-06)
(-1.65614e-09 2.17128e-09 1.99928e-05)
(1.07933e-09 1.32701e-10 3.20546e-05)
(-4.45344e-09 -1.37709e-09 4.12621e-05)
(-2.13331e-09 6.273e-10 4.61617e-05)
(-2.96651e-09 6.45726e-10 4.61621e-05)
(-1.63812e-09 8.31192e-10 4.12625e-05)
(-6.26977e-09 3.50499e-09 3.20548e-05)
(-7.64351e-10 4.43514e-09 1.99924e-05)
(1.03305e-08 -7.16522e-09 7.96031e-06)
(-1.36906e-08 1.08227e-08 7.96028e-06)
(-5.07039e-09 -8.91205e-10 1.99924e-05)
(-2.43557e-09 7.67399e-10 3.20542e-05)
(-5.53247e-09 4.46852e-10 4.1262e-05)
(-5.90343e-10 -2.31799e-09 4.61616e-05)
(6.27197e-10 -1.31115e-09 4.61616e-05)
(4.63779e-09 7.57557e-10 4.1262e-05)
(5.18643e-10 3.02061e-10 3.20545e-05)
(3.57143e-09 -1.02436e-09 1.99924e-05)
(1.31545e-08 1.00008e-08 7.96055e-06)
(-8.70252e-09 1.20691e-08 2.10743e-05)
(-5.0329e-09 -2.50329e-10 5.33126e-05)
(-3.19806e-09 2.66341e-10 7.85691e-05)
(-7.56856e-10 -5.71615e-10 9.57184e-05)
(2.50339e-10 -5.16917e-09 0.000104217)
(1.16061e-09 -3.23829e-09 0.000104217)
(3.43904e-09 4.77231e-10 9.57184e-05)
(4.49754e-09 9.55455e-10 7.85697e-05)
(3.3106e-09 -2.39444e-10 5.33125e-05)
(7.58018e-09 1.12114e-08 2.10745e-05)
(-2.08795e-09 8.25824e-09 3.4475e-05)
(-8.38681e-10 1.05188e-09 8.16251e-05)
(-1.96615e-09 -1.08002e-09 0.000112348)
(4.7827e-10 -3.29624e-09 0.000128937)
(-1.77709e-10 -4.59369e-09 0.000135781)
(-9.9077e-10 -3.55058e-09 0.000135781)
(-1.52754e-09 -2.12394e-09 0.000128937)
(8.43803e-10 -4.25385e-10 0.000112348)
(5.84464e-10 1.06049e-09 8.16253e-05)
(3.56165e-09 8.89437e-09 3.4475e-05)
(1.12262e-09 6.44493e-09 4.49613e-05)
(3.8394e-09 1.23716e-09 0.000100996)
(2.03735e-09 -1.2243e-09 0.000130793)
(1.42485e-09 -2.61071e-09 0.000142988)
(-7.0183e-10 -2.20928e-09 0.000146868)
(-2.37792e-09 -2.00162e-09 0.000146868)
(-4.57128e-09 -2.20725e-09 0.000142989)
(-4.68365e-09 -1.13873e-09 0.000130793)
(-5.5637e-09 -9.64679e-10 0.000100996)
(-1.26999e-09 5.45329e-09 4.49616e-05)
(1.01557e-09 5.71712e-10 5.06803e-05)
(1.56839e-09 6.74897e-10 0.000110384)
(5.91412e-10 -9.30432e-11 0.000138063)
(4.39196e-10 -4.17216e-11 0.000147257)
(-9.97588e-10 -1.75653e-10 0.000149555)
(-1.22764e-09 -2.04992e-12 0.000149555)
(-1.62023e-09 -8.35121e-10 0.000147257)
(-1.62032e-09 9.7549e-10 0.000138063)
(-3.18337e-09 -1.29262e-09 0.000110384)
(-1.88087e-09 -2.22484e-10 5.06805e-05)
(8.91556e-10 3.12341e-09 5.06801e-05)
(2.19294e-09 2.54638e-10 0.000110384)
(1.4116e-09 -6.88354e-10 0.000138063)
(5.02498e-10 -6.93524e-10 0.000147257)
(1.76581e-10 -1.41194e-09 0.000149555)
(-1.55435e-10 -1.43947e-09 0.000149555)
(-6.24381e-10 -2.28554e-09 0.000147257)
(-9.36719e-10 5.59767e-10 0.000138063)
(-2.36208e-09 -2.81793e-10 0.000110385)
(-1.31184e-09 1.10969e-09 5.06806e-05)
(2.918e-09 -2.91772e-09 4.49616e-05)
(3.6827e-09 -9.36699e-10 0.000100996)
(1.07329e-09 1.22049e-10 0.000130793)
(2.60856e-09 1.26274e-09 0.000142989)
(1.20349e-09 8.36768e-10 0.000146868)
(1.28899e-09 4.43653e-10 0.000146868)
(-1.21335e-09 1.87465e-11 0.000142989)
(-8.25317e-10 2.63534e-09 0.000130793)
(-2.80433e-09 -1.12176e-10 0.000100996)
(-2.39262e-09 -3.46007e-09 4.49618e-05)
(8.54127e-10 -4.07451e-09 3.44754e-05)
(6.87999e-10 2.98668e-09 8.16253e-05)
(-2.22239e-09 -2.39331e-10 0.000112348)
(2.07676e-09 -1.09354e-09 0.000128936)
(1.46243e-09 -1.11258e-10 0.000135781)
(2.20281e-09 5.05112e-10 0.000135781)
(2.94002e-10 -2.81909e-10 0.000128937)
(2.40187e-09 1.54401e-09 0.000112348)
(-8.67491e-10 2.92962e-09 8.16249e-05)
(-5.73541e-11 -5.17607e-09 3.44752e-05)
(-4.23266e-09 -7.78171e-09 2.10747e-05)
(2.80285e-09 5.24021e-09 5.33125e-05)
(1.94512e-09 -5.62414e-10 7.85694e-05)
(1.46822e-09 -4.1034e-09 9.57179e-05)
(2.00007e-09 7.8379e-10 0.000104216)
(9.01451e-10 9.75841e-10 0.000104217)
(1.63515e-10 -6.74078e-10 9.57186e-05)
(-1.59991e-09 3.78536e-09 7.85693e-05)
(-3.25718e-09 6.83265e-09 5.3312e-05)
(6.17059e-09 -1.0155e-08 2.10743e-05)
(-1.34432e-08 -9.73703e-09 7.96084e-06)
(-4.85064e-09 -1.77472e-10 1.9993e-05)
(-6.54877e-10 -1.18007e-09 3.2055e-05)
(-6.29649e-09 -2.07248e-09 4.12623e-05)
(-3.87669e-09 1.87849e-09 4.6162e-05)
(-3.4137e-09 1.78564e-09 4.61619e-05)
(-9.29377e-10 1.16758e-09 4.12623e-05)
(-3.66489e-09 3.45804e-09 3.20548e-05)
(3.95329e-09 1.6004e-09 1.99924e-05)
(1.41541e-08 -1.07963e-08 7.96022e-06)
(-1.30685e-08 1.02202e-08 7.96008e-06)
(-2.70302e-09 -2.62375e-09 1.99921e-05)
(-1.18425e-09 9.67121e-10 3.20546e-05)
(-4.89943e-09 9.58534e-10 4.12623e-05)
(-9.5127e-10 -1.44003e-09 4.61621e-05)
(-7.94109e-10 -1.6611e-09 4.61619e-05)
(2.92472e-09 5.57918e-11 4.12622e-05)
(4.08003e-10 2.61918e-11 3.20544e-05)
(4.14645e-09 -1.00541e-09 1.99921e-05)
(1.26529e-08 9.38306e-09 7.96023e-06)
(-5.13843e-09 8.95668e-09 2.10741e-05)
(-1.3175e-09 -3.62758e-09 5.33118e-05)
(-1.88069e-09 4.05173e-10 7.85689e-05)
(2.10409e-10 4.59969e-10 9.57185e-05)
(7.3792e-10 -3.21588e-09 0.000104217)
(1.44082e-09 -3.94245e-09 0.000104217)
(3.06911e-09 -7.39848e-10 9.57189e-05)
(5.66555e-09 5.83745e-10 7.85696e-05)
(5.262e-09 6.89545e-10 5.33121e-05)
(7.01009e-09 1.04529e-08 2.1074e-05)
(-2.8926e-09 7.48918e-09 3.44754e-05)
(-1.29895e-09 -6.92902e-11 8.16253e-05)
(-1.63438e-09 -1.87621e-09 0.000112348)
(7.43336e-10 -2.92113e-09 0.000128937)
(1.00974e-09 -3.81039e-09 0.000135782)
(-1.9416e-10 -4.61469e-09 0.000135782)
(-5.10378e-10 -3.65372e-09 0.000128937)
(3.03928e-09 -3.69704e-10 0.000112348)
(2.17586e-09 3.26104e-09 8.16251e-05)
(3.57542e-09 9.52483e-09 3.44746e-05)
(1.35376e-09 6.58589e-09 4.49619e-05)
(4.25776e-09 7.0421e-10 0.000100996)
(2.78041e-09 -1.81599e-09 0.000130794)
(2.10235e-09 -2.30804e-09 0.000142989)
(-1.69176e-10 -2.21991e-09 0.000146868)
(-1.50273e-09 -2.5896e-09 0.000146868)
(-4.01493e-09 -3.33967e-09 0.000142989)
(-4.27098e-09 -1.40565e-09 0.000130793)
(-5.0397e-09 1.68884e-09 0.000100996)
(-1.3773e-09 5.8527e-09 4.49613e-05)
(1.28529e-09 9.08784e-10 5.06808e-05)
(2.11478e-09 -8.10919e-11 0.000110385)
(5.85907e-10 1.85203e-10 0.000138063)
(1.17973e-10 2.02002e-10 0.000147257)
(-2.35377e-10 -3.64434e-10 0.000149555)
(-2.96802e-10 -3.22901e-10 0.000149555)
(-1.38847e-09 -1.00429e-09 0.000147257)
(-1.93212e-09 3.40129e-10 0.000138063)
(-3.07067e-09 7.50258e-10 0.000110384)
(-1.45262e-09 -3.5625e-10 5.06804e-05)
(1.38033e-09 3.76018e-09 5.06806e-05)
(2.45786e-09 5.58035e-10 0.000110385)
(8.43752e-10 2.40984e-10 0.000138063)
(4.19633e-10 -1.64363e-09 0.000147257)
(2.13488e-10 -1.9435e-09 0.000149555)
(-3.3567e-10 -1.87724e-09 0.000149555)
(-8.63198e-10 -2.40429e-09 0.000147257)
(-1.19347e-09 -8.24399e-10 0.000138063)
(-2.26426e-09 2.2654e-10 0.000110385)
(-1.11418e-09 6.48435e-10 5.06807e-05)
(2.92447e-09 -2.03154e-09 4.49619e-05)
(3.92286e-09 -3.57934e-10 0.000100996)
(1.78351e-09 2.30588e-09 0.000130792)
(3.09537e-09 7.07459e-10 0.000142988)
(1.44989e-09 7.12747e-10 0.000146868)
(1.01271e-09 6.1651e-10 0.000146868)
(-1.38472e-09 -5.93281e-12 0.000142989)
(-1.30108e-09 1.18166e-09 0.000130793)
(-2.76356e-09 -9.89337e-10 0.000100996)
(-1.54924e-09 -4.43277e-09 4.4962e-05)
(2.81403e-10 -4.56771e-09 3.44752e-05)
(1.70031e-09 3.28918e-09 8.16246e-05)
(-1.09501e-09 1.72411e-09 0.000112348)
(2.05978e-09 -4.4631e-10 0.000128936)
(1.36704e-09 1.08383e-09 0.000135781)
(2.31249e-09 1.57387e-09 0.000135781)
(1.67828e-09 -5.27199e-10 0.000128937)
(3.81296e-09 -1.84274e-10 0.000112348)
(7.61256e-10 3.76575e-10 8.16251e-05)
(5.82502e-10 -5.85979e-09 3.44753e-05)
(-6.12687e-09 -8.94698e-09 2.10745e-05)
(1.91333e-09 5.55089e-09 5.33115e-05)
(2.1354e-09 1.08073e-09 7.85686e-05)
(9.68441e-10 -3.10882e-09 9.57178e-05)
(7.03095e-10 8.62324e-10 0.000104216)
(1.49935e-09 1.10094e-09 0.000104217)
(2.21367e-09 -1.74814e-09 9.57185e-05)
(8.09474e-10 1.88258e-09 7.85699e-05)
(-6.86961e-10 4.69967e-09 5.33122e-05)
(5.22148e-09 -8.67342e-09 2.10742e-05)
(-1.25178e-08 -9.6103e-09 7.9606e-06)
(-3.63468e-09 1.24031e-09 1.99924e-05)
(1.75592e-10 -4.87137e-11 3.20544e-05)
(-3.87862e-09 -1.2066e-09 4.12616e-05)
(-1.8582e-09 9.4644e-10 4.61611e-05)
(-3.03705e-09 1.12467e-09 4.6161e-05)
(-3.59019e-11 5.91276e-10 4.12618e-05)
(-2.65184e-09 2.647e-09 3.20546e-05)
(3.16287e-09 2.1652e-09 1.99925e-05)
(1.35836e-08 -9.968e-09 7.96024e-06)
(-1.6548e-08 1.29632e-08 7.9606e-06)
(-5.74781e-09 1.30152e-10 1.99929e-05)
(-3.60905e-09 2.29346e-09 3.20554e-05)
(-6.77646e-09 1.1126e-09 4.12627e-05)
(-1.67274e-09 -1.46087e-09 4.61621e-05)
(-1.59249e-09 -6.89353e-10 4.61618e-05)
(2.1001e-09 -3.52439e-10 4.12625e-05)
(-8.53452e-10 -1.17939e-09 3.20552e-05)
(4.17084e-10 -4.25681e-09 1.99929e-05)
(1.1189e-08 8.09986e-09 7.96057e-06)
(-7.69594e-09 1.17274e-08 2.10746e-05)
(-3.47525e-09 -6.48834e-10 5.33119e-05)
(-2.29371e-09 1.08284e-09 7.85694e-05)
(5.29166e-10 -2.50524e-10 9.57187e-05)
(1.77149e-09 -3.37923e-09 0.000104217)
(3.98295e-09 -2.53926e-09 0.000104217)
(5.30387e-09 -1.8619e-10 9.57189e-05)
(5.18673e-09 3.67276e-10 7.85694e-05)
(3.62768e-09 -2.29684e-09 5.33127e-05)
(7.08297e-09 9.02726e-09 2.10748e-05)
(-2.27355e-09 7.83207e-09 3.4475e-05)
(2.49043e-10 -7.71745e-10 8.16244e-05)
(-3.93184e-10 -2.22781e-09 0.000112348)
(1.80565e-09 -3.73333e-09 0.000128937)
(1.71079e-09 -4.80284e-09 0.000135781)
(2.58146e-09 -4.28668e-09 0.000135781)
(2.4744e-09 -2.3289e-09 0.000128937)
(4.13018e-09 5.96205e-10 0.000112348)
(2.32851e-09 1.07988e-09 8.16259e-05)
(3.00663e-09 7.8091e-09 3.44756e-05)
(1.51606e-09 5.76397e-09 4.49613e-05)
(3.98028e-09 -6.33767e-10 0.000100996)
(2.13383e-09 -2.60657e-09 0.000130793)
(2.04525e-09 -3.72044e-09 0.000142989)
(-1.87578e-10 -3.73598e-09 0.000146869)
(-1.83517e-09 -2.92781e-09 0.000146868)
(-3.52029e-09 -2.4601e-09 0.000142989)
(-3.03862e-09 -4.09794e-10 0.000130793)
(-4.37714e-09 -4.29523e-10 0.000100996)
(-8.93213e-10 6.91802e-09 4.4962e-05)
(7.95477e-10 -9.52702e-12 5.06805e-05)
(6.6674e-10 -5.91872e-10 0.000110384)
(-8.07924e-10 -5.14083e-10 0.000138062)
(-1.03326e-09 -1.34056e-09 0.000147256)
(-1.37721e-09 -6.63608e-10 0.000149555)
(-1.45398e-09 -4.58232e-10 0.000149555)
(-1.91163e-09 -2.43347e-10 0.000147257)
(-7.52359e-10 1.71492e-09 0.000138063)
(-2.70771e-09 -4.07295e-10 0.000110385)
(-1.76741e-09 1.42389e-09 5.06809e-05)
(1.05849e-09 3.71598e-09 5.06805e-05)
(1.5484e-09 1.12397e-09 0.000110384)
(7.53167e-10 -8.43258e-10 0.000138062)
(-3.52316e-11 -1.78685e-09 0.000147256)
(-1.53463e-10 -1.73247e-09 0.000149554)
(-1.51542e-11 -1.11726e-09 0.000149555)
(-8.14172e-10 -1.6888e-09 0.000147257)
(-6.18244e-10 1.32737e-09 0.000138063)
(-2.3408e-09 7.11654e-10 0.000110385)
(-1.45129e-09 1.73123e-09 5.06807e-05)
(3.08434e-09 -2.6959e-09 4.49618e-05)
(4.35655e-09 -8.46388e-11 0.000100996)
(1.68272e-09 6.0991e-10 0.000130792)
(2.8716e-09 6.02341e-10 0.000142988)
(1.07092e-09 4.07409e-10 0.000146867)
(2.91239e-10 6.66292e-10 0.000146868)
(-1.83549e-09 1.27789e-10 0.000142989)
(-7.76871e-10 3.18925e-09 0.000130793)
(-3.05322e-09 1.63352e-09 0.000100996)
(-2.2978e-09 -2.8128e-09 4.49619e-05)
(4.18077e-10 -4.73769e-09 3.44752e-05)
(8.31953e-10 1.98709e-09 8.16247e-05)
(-3.12065e-09 1.77894e-10 0.000112347)
(8.34492e-10 -2.59892e-10 0.000128936)
(2.42538e-10 1.09246e-09 0.00013578)
(1.18536e-09 1.04381e-09 0.00013578)
(4.48944e-10 -4.2116e-10 0.000128936)
(2.72704e-09 2.25334e-09 0.000112349)
(-7.68335e-10 4.14154e-09 8.16255e-05)
(-6.76553e-10 -4.0769e-09 3.44753e-05)
(-6.22713e-09 -9.06259e-09 2.10743e-05)
(4.33356e-10 3.9303e-09 5.33119e-05)
(-7.94778e-11 -3.25303e-10 7.85686e-05)
(-4.49008e-10 -2.55388e-09 9.57182e-05)
(-3.32516e-10 1.58527e-09 0.000104216)
(-3.57171e-10 1.29857e-09 0.000104216)
(4.62732e-10 -1.39123e-09 9.57179e-05)
(-1.50174e-09 4.13443e-09 7.85697e-05)
(-3.36845e-09 7.74183e-09 5.33126e-05)
(4.48342e-09 -8.20224e-09 2.10746e-05)
(-1.33212e-08 -1.0184e-08 7.96029e-06)
(-4.73967e-09 4.25386e-10 1.99923e-05)
(-1.70971e-09 -6.59768e-10 3.20544e-05)
(-7.22156e-09 -1.48834e-09 4.12618e-05)
(-4.17739e-09 1.3854e-09 4.61612e-05)
(-3.03763e-09 1.23729e-09 4.61611e-05)
(-8.25864e-10 4.84583e-10 4.12619e-05)
(-5.65841e-09 3.67755e-09 3.20547e-05)
(2.00417e-09 2.6085e-09 1.99928e-05)
(1.61074e-08 -1.23462e-08 7.96043e-06)
(-1.36768e-08 1.13322e-08 7.96064e-06)
(-6.9067e-09 6.65679e-10 1.99924e-05)
(-4.11748e-09 1.0863e-09 3.20546e-05)
(-6.19974e-09 4.86467e-10 4.12621e-05)
(-1.60811e-09 -1.9559e-09 4.61616e-05)
(-1.79319e-09 -1.3442e-09 4.61616e-05)
(1.82007e-09 -5.11015e-10 4.12624e-05)
(-7.44205e-10 -1.15885e-09 3.20552e-05)
(1.17878e-09 -3.5982e-09 1.99934e-05)
(1.23657e-08 9.4958e-09 7.9608e-06)
(-8.76373e-09 1.29406e-08 2.10748e-05)
(-4.13618e-09 1.93106e-10 5.33127e-05)
(-2.3368e-09 -9.77553e-11 7.85694e-05)
(-1.35209e-09 -1.11685e-09 9.57183e-05)
(-1.03365e-10 -4.29267e-09 0.000104216)
(2.5984e-09 -3.80829e-09 0.000104217)
(3.99014e-09 -3.86458e-10 9.5719e-05)
(4.97523e-09 1.4911e-10 7.85701e-05)
(3.96265e-09 -1.19587e-09 5.33132e-05)
(7.61622e-09 1.08123e-08 2.10747e-05)
(-3.54296e-09 9.79782e-09 3.44754e-05)
(-1.58354e-09 2.27492e-09 8.16253e-05)
(-1.64452e-09 -1.47615e-09 0.000112349)
(4.60681e-10 -3.62102e-09 0.000128937)
(-1.31696e-10 -4.81736e-09 0.000135781)
(-1.32053e-09 -5.03684e-09 0.000135781)
(-1.19918e-09 -3.43442e-09 0.000128937)
(1.63935e-09 -4.19094e-10 0.000112349)
(6.11209e-10 1.7919e-09 8.16255e-05)
(2.67068e-09 7.8841e-09 3.44752e-05)
(1.12267e-09 8.05414e-09 4.49613e-05)
(4.46808e-09 1.86876e-09 0.000100996)
(2.72442e-09 -1.65992e-09 0.000130793)
(1.90657e-09 -2.49133e-09 0.000142989)
(2.82163e-10 -3.38512e-09 0.000146868)
(-1.3245e-09 -3.34037e-09 0.000146868)
(-3.81019e-09 -2.93344e-09 0.000142989)
(-4.01517e-09 -2.44054e-09 0.000130793)
(-4.67388e-09 2.20249e-10 0.000100996)
(-1.03307e-09 5.33822e-09 4.49618e-05)
(6.65549e-10 1.28046e-09 5.06804e-05)
(1.544e-09 6.82075e-10 0.000110384)
(7.15123e-10 -4.64014e-10 0.000138063)
(4.99115e-10 -8.77269e-10 0.000147257)
(-4.89286e-10 -7.35434e-10 0.000149555)
(-1.18192e-09 -4.86759e-10 0.000149555)
(-1.88115e-09 -2.11514e-10 0.000147257)
(-1.50176e-09 1.14171e-10 0.000138063)
(-2.81723e-09 5.39473e-10 0.000110385)
(-1.69059e-09 4.42281e-10 5.06808e-05)
(1.24046e-09 4.23646e-09 5.06804e-05)
(2.34969e-09 1.06858e-09 0.000110385)
(1.4363e-09 -9.11616e-10 0.000138062)
(8.62455e-10 -2.67345e-09 0.000147257)
(8.71667e-11 -1.91233e-09 0.000149555)
(-2.55914e-10 -1.1181e-09 0.000149555)
(-5.07044e-10 -2.19726e-09 0.000147257)
(-1.19786e-09 -8.61912e-10 0.000138063)
(-3.06639e-09 8.43035e-10 0.000110384)
(-1.6635e-09 1.83764e-09 5.06803e-05)
(3.37621e-09 -1.68168e-09 4.4962e-05)
(4.49522e-09 -1.6458e-10 0.000100996)
(2.19375e-09 7.33118e-10 0.000130793)
(3.62424e-09 -9.31579e-10 0.000142988)
(1.76873e-09 -2.8486e-10 0.000146868)
(1.1216e-09 4.25461e-10 0.000146868)
(-1.14817e-09 5.49341e-11 0.000142989)
(-3.40121e-10 1.29636e-09 0.000130793)
(-2.80685e-09 9.4148e-10 0.000100996)
(-2.26475e-09 -2.44462e-09 4.49616e-05)
(1.4916e-09 -3.3338e-09 3.44759e-05)
(1.57966e-09 3.03364e-09 8.16251e-05)
(-1.5978e-09 1.61848e-10 0.000112347)
(1.62412e-09 -1.77265e-09 0.000128936)
(7.98778e-10 1.39144e-09 0.00013578)
(1.43158e-09 1.75607e-09 0.000135781)
(2.37326e-10 -7.30485e-10 0.000128937)
(3.03336e-09 1.56073e-10 0.000112349)
(-1.17645e-09 3.09348e-09 8.1626e-05)
(-7.43714e-10 -4.18341e-09 3.44752e-05)
(-3.33286e-09 -7.36689e-09 2.10739e-05)
(3.22985e-09 5.67342e-09 5.33117e-05)
(1.72444e-09 3.54386e-10 7.85686e-05)
(6.159e-10 -3.18788e-09 9.57184e-05)
(3.40049e-10 1.14086e-09 0.000104216)
(1.69967e-09 1.05112e-09 0.000104217)
(2.08275e-09 -1.43971e-09 9.57187e-05)
(-9.88145e-10 2.84079e-09 7.85702e-05)
(-3.06453e-09 7.01613e-09 5.33134e-05)
(5.19374e-09 -8.46794e-09 2.10751e-05)
(-1.12057e-08 -8.68347e-09 7.96006e-06)
(-2.91411e-09 1.34733e-09 1.99922e-05)
(8.1755e-10 3.46255e-10 3.20545e-05)
(-4.61529e-09 -1.36259e-09 4.12622e-05)
(-2.82753e-09 5.75331e-10 4.61616e-05)
(-4.17604e-09 5.43958e-10 4.61617e-05)
(-2.08046e-09 1.37699e-09 4.12625e-05)
(-4.77747e-09 3.61303e-09 3.20551e-05)
(1.69977e-09 2.83078e-09 1.9993e-05)
(1.12881e-08 -8.4082e-09 7.9606e-06)
(-1.82059e-08 1.38323e-08 7.96043e-06)
(-5.18485e-09 -2.09171e-10 1.99924e-05)
(-2.50139e-10 2.86155e-10 3.20546e-05)
(-5.36541e-09 1.38177e-09 4.12623e-05)
(-1.22831e-09 -1.01118e-09 4.61619e-05)
(-1.18475e-09 -1.79096e-09 4.61621e-05)
(3.46276e-09 -3.40937e-10 4.12626e-05)
(3.09033e-09 5.15004e-10 3.2055e-05)
(7.22822e-09 4.17196e-10 1.99928e-05)
(1.42893e-08 1.09374e-08 7.96071e-06)
(-5.10902e-09 9.82864e-09 2.10742e-05)
(-3.24246e-10 -2.90211e-09 5.33122e-05)
(-1.21098e-09 -3.61401e-10 7.85695e-05)
(4.29666e-10 9.69188e-11 9.57186e-05)
(1.52076e-09 -3.19895e-09 0.000104217)
(3.00578e-09 -4.31681e-09 0.000104217)
(4.88834e-09 -1.10814e-09 9.5719e-05)
(5.98374e-09 3.45819e-10 7.85703e-05)
(5.19356e-09 6.30327e-10 5.33126e-05)
(8.01546e-09 1.20744e-08 2.10748e-05)
(-2.93774e-09 7.13755e-09 3.44753e-05)
(-1.68708e-09 -1.05676e-09 8.16256e-05)
(-2.71864e-09 -1.63752e-09 0.000112349)
(6.47046e-10 -3.48449e-09 0.000128937)
(1.27178e-09 -4.16365e-09 0.000135781)
(8.74644e-10 -4.6682e-09 0.000135781)
(1.00429e-09 -3.0112e-09 0.000128936)
(3.74708e-09 4.4615e-10 0.000112348)
(3.52642e-09 3.56971e-09 8.16257e-05)
(4.58623e-09 1.04369e-08 3.4476e-05)
(8.39291e-10 6.71287e-09 4.49613e-05)
(3.25117e-09 8.18215e-10 0.000100996)
(2.35992e-09 -1.13675e-09 0.000130793)
(2.36001e-09 -3.48584e-09 0.000142989)
(2.67916e-10 -3.02324e-09 0.000146868)
(-1.25255e-09 -2.77662e-09 0.000146868)
(-3.68713e-09 -2.58774e-09 0.000142989)
(-3.63401e-09 -6.79571e-10 0.000130793)
(-4.49936e-09 1.46591e-09 0.000100997)
(-7.3765e-10 7.54166e-09 4.49623e-05)
(7.14922e-10 1.02566e-09 5.06801e-05)
(1.93199e-09 2.93753e-10 0.000110384)
(1.48525e-09 6.25696e-10 0.000138062)
(7.27825e-10 -1.34244e-09 0.000147257)
(-4.12065e-10 -9.58429e-10 0.000149555)
(-6.13937e-10 -8.28738e-10 0.000149555)
(-1.90508e-09 -8.00026e-10 0.000147257)
(-2.37757e-09 6.09773e-10 0.000138063)
(-3.46413e-09 5.64879e-11 0.000110385)
(-1.61314e-09 6.81622e-10 5.0681e-05)
(1.12463e-09 4.26249e-09 5.06802e-05)
(1.53461e-09 9.97824e-10 0.000110384)
(1.02592e-09 1.28881e-10 0.000138063)
(8.07805e-10 -2.06675e-09 0.000147257)
(1.07487e-10 -2.26565e-09 0.000149555)
(-9.21156e-11 -1.96144e-09 0.000149555)
(-1.30828e-09 -2.22743e-09 0.000147257)
(-1.48222e-09 -2.07069e-10 0.000138063)
(-2.56936e-09 -6.10361e-11 0.000110385)
(-1.45176e-09 1.05888e-09 5.06808e-05)
(3.46542e-09 -1.112e-10 4.49612e-05)
(4.23024e-09 2.5369e-10 0.000100996)
(2.27436e-09 1.47909e-09 0.000130793)
(3.60155e-09 -6.23945e-11 0.000142989)
(1.36238e-09 -5.79021e-10 0.000146868)
(8.3629e-10 2.1646e-10 0.000146868)
(-1.51807e-09 3.97577e-10 0.000142989)
(-1.18362e-09 2.18252e-09 0.000130794)
(-2.73072e-09 -1.05362e-10 0.000100996)
(-1.70132e-09 -3.56867e-09 4.49618e-05)
(2.17528e-09 -2.71958e-09 3.44748e-05)
(3.88301e-09 3.95324e-09 8.16248e-05)
(9.74938e-11 6.38781e-10 0.000112348)
(2.91687e-09 -1.3977e-09 0.000128936)
(1.18687e-09 1.56333e-10 0.000135781)
(1.38917e-09 1.29934e-09 0.000135781)
(1.15752e-09 7.22347e-12 0.000128936)
(3.64803e-09 1.67434e-09 0.000112348)
(-1.90197e-10 2.92929e-09 8.16254e-05)
(2.29528e-10 -4.93754e-09 3.44751e-05)
(-4.88617e-09 -8.98978e-09 2.10738e-05)
(2.78144e-09 5.28249e-09 5.33114e-05)
(1.56696e-09 6.66984e-10 7.85689e-05)
(7.97077e-11 -2.47212e-09 9.5718e-05)
(-7.07416e-10 4.43411e-10 0.000104216)
(-7.04841e-10 7.47984e-10 0.000104216)
(3.16885e-10 -1.54842e-09 9.57184e-05)
(-1.85402e-09 4.15641e-09 7.85695e-05)
(-3.20921e-09 8.15326e-09 5.33121e-05)
(6.49243e-09 -9.2964e-09 2.10743e-05)
(-1.51389e-08 -1.15117e-08 7.96043e-06)
(-6.60909e-09 -7.3789e-10 1.99925e-05)
(-1.17605e-09 -5.0548e-11 3.20546e-05)
(-5.14044e-09 -3.57888e-10 4.12621e-05)
(-2.80927e-09 1.06638e-09 4.61615e-05)
(-3.16257e-09 8.0849e-10 4.61615e-05)
(-1.78338e-09 6.08306e-10 4.1262e-05)
(-5.20615e-09 3.69952e-09 3.20545e-05)
(9.65779e-10 3.69124e-09 1.99922e-05)
(1.24944e-08 -9.735e-09 7.96012e-06)
(-1.25747e-08 9.37436e-09 7.96027e-06)
(-4.71569e-09 -1.1694e-09 1.99927e-05)
(-4.20358e-09 1.99001e-09 3.20553e-05)
(-7.14656e-09 6.56238e-10 4.1263e-05)
(-1.13567e-09 -2.27727e-09 4.61625e-05)
(-1.43417e-10 -1.64284e-09 4.61623e-05)
(4.37626e-09 8.68595e-10 4.12627e-05)
(6.78694e-10 3.41962e-10 3.20549e-05)
(3.45158e-09 -1.5829e-09 1.99925e-05)
(1.35482e-08 1.00317e-08 7.96022e-06)
(-5.16151e-09 8.983e-09 2.10735e-05)
(-3.08631e-09 -7.46079e-10 5.33116e-05)
(-4.05329e-09 2.33961e-09 7.85703e-05)
(-1.61409e-09 -5.40163e-10 9.572e-05)
(-1.09721e-09 -4.92898e-09 0.000104218)
(-2.32041e-10 -4.2894e-09 0.000104217)
(2.05398e-09 4.06027e-10 9.5719e-05)
(2.76723e-09 9.32263e-10 7.85695e-05)
(1.71237e-10 -3.20765e-09 5.33121e-05)
(5.06587e-09 8.13196e-09 2.10746e-05)
(-2.45221e-09 7.36741e-09 3.44749e-05)
(-1.1664e-09 9.64966e-10 8.16243e-05)
(-2.26548e-09 2.3281e-10 0.000112348)
(4.44647e-10 -3.21992e-09 0.000128937)
(4.69281e-10 -3.88904e-09 0.000135781)
(-8.89678e-10 -4.31633e-09 0.000135781)
(-1.36957e-09 -2.34548e-09 0.000128936)
(1.16529e-09 3.29068e-10 0.000112348)
(-7.18079e-10 -7.08911e-10 8.16259e-05)
(1.45187e-09 5.45411e-09 3.4476e-05)
(4.61195e-10 7.05145e-09 4.49614e-05)
(2.43701e-09 1.37567e-09 0.000100995)
(9.21009e-10 -6.69735e-10 0.000130793)
(8.59798e-10 -2.36507e-09 0.000142989)
(-1.00973e-09 -2.27432e-09 0.000146868)
(-2.19126e-09 -2.60285e-09 0.000146868)
(-4.23721e-09 -2.13902e-09 0.000142989)
(-3.95343e-09 -1.23711e-09 0.000130793)
(-5.08472e-09 -6.66715e-10 0.000100996)
(-2.21669e-09 3.05985e-09 4.4962e-05)
(8.9124e-10 1.16296e-09 5.06803e-05)
(1.44965e-09 8.4903e-10 0.000110384)
(3.03578e-10 1.3474e-09 0.000138063)
(4.05733e-10 -1.57749e-10 0.000147257)
(-4.11346e-10 -6.74583e-10 0.000149555)
(-8.22651e-10 -5.57966e-10 0.000149555)
(-1.47333e-09 -6.24358e-10 0.000147257)
(-8.7403e-10 1.18522e-10 0.000138063)
(-2.12422e-09 -5.12586e-10 0.000110385)
(-1.56799e-09 -1.14181e-09 5.06805e-05)
(1.21319e-09 3.93101e-09 5.06805e-05)
(1.49332e-09 2.02591e-09 0.000110384)
(5.98298e-11 -9.3682e-11 0.000138063)
(3.0929e-10 -1.816e-09 0.000147257)
(3.30016e-10 -1.4512e-09 0.000149555)
(1.39144e-10 -1.28565e-09 0.000149555)
(-3.87012e-10 -1.58776e-09 0.000147257)
(-5.78059e-10 -7.77327e-10 0.000138063)
(-2.12472e-09 5.97944e-10 0.000110384)
(-1.39542e-09 6.50747e-10 5.06805e-05)
(2.92757e-09 -1.56301e-09 4.49612e-05)
(4.26372e-09 9.07301e-10 0.000100995)
(1.95971e-09 5.06455e-10 0.000130793)
(2.86837e-09 -5.01403e-10 0.000142989)
(1.01593e-09 3.25787e-10 0.000146869)
(9.06045e-10 1.333e-10 0.000146869)
(-9.47238e-10 2.18559e-10 0.000142989)
(-1.10903e-09 1.34642e-09 0.000130793)
(-3.3591e-09 1.1111e-09 0.000100995)
(-1.70883e-09 -3.69531e-09 4.49615e-05)
(6.65959e-10 -4.20953e-09 3.44746e-05)
(1.89697e-09 3.41752e-09 8.1625e-05)
(-2.06166e-09 -2.28548e-10 0.000112348)
(8.49442e-10 -1.35115e-09 0.000128937)
(5.76508e-10 1.13563e-09 0.000135782)
(4.41852e-10 1.1237e-09 0.000135782)
(-3.09253e-10 -1.47023e-10 0.000128937)
(2.4578e-09 5.9787e-10 0.000112348)
(-1.35963e-09 3.43346e-09 8.16243e-05)
(-2.76644e-10 -4.33946e-09 3.44744e-05)
(-4.54825e-09 -8.99961e-09 2.10739e-05)
(4.29012e-09 6.43494e-09 5.33121e-05)
(2.33341e-09 2.19298e-10 7.85699e-05)
(4.85288e-10 -2.88233e-09 9.57194e-05)
(2.07529e-10 1.81071e-09 0.000104218)
(-7.48891e-10 1.76622e-09 0.000104218)
(1.63219e-11 -1.47631e-09 9.57194e-05)
(-1.17228e-09 2.34039e-09 7.85695e-05)
(-3.35403e-09 7.17899e-09 5.33114e-05)
(5.00603e-09 -8.54877e-09 2.10736e-05)
(-1.55062e-08 -1.18716e-08 7.96076e-06)
(-4.64314e-09 1.09053e-09 1.99931e-05)
(3.14772e-10 4.37788e-10 3.20552e-05)
(-5.63309e-09 -1.35602e-09 4.12628e-05)
(-3.03556e-09 1.5767e-09 4.61621e-05)
(-1.82366e-09 1.65097e-09 4.61621e-05)
(3.44381e-10 -1.98384e-10 4.12627e-05)
(-3.79714e-09 2.98728e-09 3.20551e-05)
(2.78791e-09 3.08459e-09 1.99925e-05)
(1.48827e-08 -1.10992e-08 7.9604e-06)
(-1.2013e-08 9.36028e-09 7.96025e-06)
(-7.07925e-09 1.32532e-09 1.99925e-05)
(-6.35047e-09 3.24774e-09 3.20538e-05)
(-8.30693e-09 1.71082e-09 4.12605e-05)
(-2.16263e-09 -1.50116e-09 4.61591e-05)
(-1.9236e-10 -1.34448e-09 4.61592e-05)
(4.09734e-09 2.2124e-10 4.12606e-05)
(2.52521e-09 5.06784e-10 3.20539e-05)
(4.98938e-09 -3.26235e-10 1.99924e-05)
(1.18382e-08 9.54288e-09 7.96e-06)
(-9.32903e-09 1.29911e-08 2.10736e-05)
(-7.84676e-09 3.34757e-09 5.33123e-05)
(-7.30652e-09 2.87948e-09 7.85689e-05)
(-3.46648e-09 -5.3025e-10 9.57183e-05)
(-1.2618e-09 -5.12275e-09 0.000104216)
(2.1254e-09 -4.71359e-09 0.000104215)
(5.85294e-09 -3.94214e-10 9.57186e-05)
(7.40672e-09 2.38013e-09 7.85696e-05)
(5.79473e-09 1.74885e-09 5.33132e-05)
(8.59711e-09 1.20022e-08 2.10735e-05)
(-3.64918e-09 9.71386e-09 3.44754e-05)
(-1.7259e-09 2.77566e-09 8.16254e-05)
(-2.28087e-09 4.67568e-10 0.000112348)
(5.59402e-10 -3.78578e-09 0.000128935)
(2.93411e-10 -4.55576e-09 0.00013578)
(-7.29906e-11 -5.04832e-09 0.00013578)
(3.09905e-10 -2.72234e-09 0.000128937)
(2.56557e-09 1.73154e-09 0.00011235)
(1.73628e-09 3.32017e-09 8.16262e-05)
(3.60819e-09 8.85487e-09 3.44753e-05)
(1.24071e-09 6.38225e-09 4.49616e-05)
(5.42057e-09 2.10361e-09 0.000100996)
(4.21854e-09 1.46138e-10 0.000130794)
(3.33848e-09 -2.89916e-09 0.000142989)
(1.15636e-09 -2.09462e-09 0.000146868)
(-6.08508e-10 -2.28032e-09 0.000146868)
(-2.68305e-09 -1.94195e-09 0.000142989)
(-2.99177e-09 -2.60591e-10 0.000130794)
(-3.72467e-09 5.11009e-10 0.000100996)
(-4.13018e-10 5.74788e-09 4.49624e-05)
(3.2099e-10 6.21064e-10 5.06812e-05)
(1.70402e-09 1.46857e-09 0.000110385)
(1.32436e-09 6.73705e-10 0.000138064)
(3.95155e-10 -7.64622e-10 0.000147257)
(-6.0026e-11 -5.62347e-10 0.000149555)
(-7.63654e-11 -3.3259e-10 0.000149556)
(-9.6776e-10 -2.7626e-10 0.000147257)
(-6.78695e-10 7.7573e-10 0.000138063)
(-2.30264e-09 -3.68418e-10 0.000110384)
(-1.43424e-09 2.15981e-10 5.06813e-05)
(5.17501e-10 2.28375e-09 5.06815e-05)
(2.00884e-09 5.8674e-10 0.000110385)
(1.48744e-09 1.70624e-10 0.000138064)
(6.17599e-10 -1.26725e-09 0.000147258)
(6.60108e-10 -1.21224e-09 0.000149555)
(-1.73456e-10 -7.84727e-10 0.000149555)
(-1.27468e-09 -9.74374e-10 0.000147257)
(-1.55011e-09 -4.42863e-10 0.000138063)
(-2.69749e-09 -5.66835e-10 0.000110385)
(-1.07217e-09 9.46312e-10 5.06815e-05)
(3.21402e-09 -2.4906e-09 4.49621e-05)
(5.04946e-09 -4.77297e-10 0.000100997)
(2.98055e-09 1.00923e-09 0.000130794)
(3.91917e-09 2.27946e-10 0.000142989)
(1.14101e-09 2.52052e-10 0.000146868)
(4.16323e-10 1.64023e-09 0.000146868)
(-1.69782e-09 5.76657e-10 0.000142989)
(-1.84986e-09 5.98063e-10 0.000130794)
(-3.25897e-09 -1.75263e-09 0.000100997)
(-1.44373e-09 -4.83175e-09 4.49627e-05)
(-7.8207e-10 -7.27815e-09 3.44773e-05)
(-3.0538e-10 2.29379e-10 8.16276e-05)
(-3.47675e-09 -8.69693e-11 0.000112348)
(4.22237e-10 -3.62256e-10 0.000128936)
(3.76487e-10 1.74378e-09 0.00013578)
(1.85238e-09 3.06923e-09 0.00013578)
(2.15591e-09 4.92963e-10 0.000128935)
(5.56399e-09 -1.72809e-09 0.000112348)
(2.06547e-09 -2.29013e-09 8.16261e-05)
(1.93547e-09 -8.72609e-09 3.44756e-05)
(-9.01034e-09 -1.36239e-08 2.10749e-05)
(-2.56089e-09 9.41338e-10 5.33125e-05)
(-1.90566e-09 5.04966e-10 7.85685e-05)
(-2.51222e-09 -1.86252e-09 9.57181e-05)
(-1.20869e-09 1.57329e-09 0.000104216)
(2.04008e-09 1.72857e-09 0.000104216)
(4.67507e-09 -5.83265e-10 9.57174e-05)
(5.58017e-09 3.61419e-10 7.85678e-05)
(4.41868e-09 6.70671e-10 5.33121e-05)
(9.13675e-09 -1.34559e-08 2.10743e-05)
(-1.577e-08 -1.20495e-08 7.96049e-06)
(-8.90136e-09 -1.66492e-09 1.99919e-05)
(-3.47739e-09 -4.62205e-10 3.2054e-05)
(-6.03106e-09 -1.07484e-09 4.12607e-05)
(-2.61715e-09 3.47259e-10 4.61603e-05)
(-2.46012e-09 3.80947e-10 4.61597e-05)
(1.93396e-09 -1.65925e-10 4.12602e-05)
(7.78371e-10 1.18624e-09 3.2053e-05)
(6.92821e-09 2.32404e-11 1.99914e-05)
(1.65507e-08 -1.25323e-08 7.96018e-06)
(-7.24873e-09 5.88097e-09 7.96072e-06)
(-1.7685e-09 -3.70659e-09 1.9993e-05)
(8.20377e-09 -5.85635e-09 3.20549e-05)
(8.02701e-09 6.84828e-10 4.12616e-05)
(1.81454e-09 3.34944e-09 4.61604e-05)
(-2.92962e-09 2.93887e-09 4.61602e-05)
(-7.76196e-09 6.26582e-10 4.12611e-05)
(-7.50229e-09 -6.17438e-09 3.20539e-05)
(1.96482e-09 -3.58886e-09 1.99921e-05)
(7.88959e-09 5.44123e-09 7.96051e-06)
(-8.00147e-09 1.19824e-08 2.10746e-05)
(-5.42216e-09 -1.74698e-09 5.33141e-05)
(-4.18092e-09 -1.00669e-08 7.857e-05)
(-1.97916e-09 -1.66197e-09 9.57177e-05)
(-1.32261e-09 2.13414e-09 0.000104214)
(8.87157e-10 1.98477e-09 0.000104214)
(2.33474e-09 -1.37599e-09 9.57173e-05)
(6.09969e-09 -9.50549e-09 7.85694e-05)
(7.49107e-09 6.07828e-10 5.33131e-05)
(4.79153e-09 8.7213e-09 2.10743e-05)
(4.2344e-09 2.81182e-09 3.44751e-05)
(9.25725e-09 1.71817e-09 8.16253e-05)
(5.7394e-09 -8.56955e-09 0.000112348)
(1.72273e-09 -3.97352e-09 0.000128936)
(-7.61539e-11 -1.83322e-09 0.00013578)
(6.61765e-10 -2.00146e-09 0.00013578)
(-5.57062e-10 -5.37076e-09 0.000128936)
(-8.34374e-10 -8.13135e-09 0.000112349)
(-4.17589e-10 7.39695e-09 8.16258e-05)
(-5.22617e-10 5.46448e-09 3.44757e-05)
(2.44472e-09 -5.50192e-09 4.49609e-05)
(4.62815e-09 -9.55228e-10 0.000100995)
(3.13741e-09 -2.39082e-09 0.000130793)
(2.62536e-10 6.85169e-10 0.000142989)
(-3.51536e-10 7.50954e-10 0.000146868)
(-1.65383e-09 3.29325e-10 0.000146868)
(-2.16383e-09 -1.94445e-09 0.000142989)
(-5.87813e-09 -4.34201e-09 0.000130794)
(-6.12984e-09 3.37044e-09 0.000100996)
(-1.21418e-09 8.89467e-10 4.49623e-05)
(7.23929e-11 -2.58298e-09 5.06798e-05)
(8.55739e-11 -1.96078e-10 0.000110384)
(-2.28115e-10 -2.6038e-10 0.000138062)
(-9.66368e-10 7.83655e-10 0.000147257)
(-1.66417e-10 5.31646e-10 0.000149555)
(-2.11912e-11 1.62606e-10 0.000149555)
(-2.71854e-11 1.29648e-10 0.000147257)
(-1.2631e-09 -4.48194e-10 0.000138063)
(-8.14644e-10 2.4388e-09 0.000110385)
(5.44994e-10 4.19327e-10 5.06812e-05)
(1.83781e-10 -2.12408e-09 5.06802e-05)
(-3.89062e-10 7.79775e-10 0.000110384)
(-1.09112e-09 3.96238e-10 0.000138063)
(-1.21403e-09 7.51773e-10 0.000147257)
(-8.86745e-10 -4.68e-10 0.000149555)
(-3.18394e-11 -1.07334e-09 0.000149555)
(4.61413e-10 -7.006e-11 0.000147257)
(-2.98235e-10 -5.47663e-10 0.000138063)
(-1.27135e-09 3.0512e-09 0.000110385)
(-2.5557e-10 2.73673e-09 5.06816e-05)
(1.86309e-09 -1.81125e-10 4.4961e-05)
(2.17365e-09 3.80285e-09 0.000100995)
(3.68694e-10 3.30221e-09 0.000130794)
(1.0152e-09 1.27601e-09 0.000142989)
(-1.10545e-09 -1.19178e-09 0.000146868)
(-1.02183e-09 -1.45549e-09 0.000146869)
(-2.54476e-09 1.51157e-09 0.000142989)
(-3.27031e-09 3.11699e-09 0.000130794)
(-5.75967e-09 4.1873e-09 0.000100996)
(-3.07206e-09 1.01379e-09 4.49625e-05)
(3.15175e-09 -5.23868e-09 3.44755e-05)
(1.00914e-08 9.52596e-09 8.16256e-05)
(5.67343e-09 4.41963e-09 0.000112349)
(5.62039e-09 3.66276e-09 0.000128936)
(1.03298e-09 1.1419e-09 0.000135781)
(3.84874e-10 -2.50008e-10 0.00013578)
(-3.29445e-09 1.6455e-09 0.000128937)
(-1.83445e-10 2.17453e-09 0.000112349)
(-3.76909e-09 7.07577e-09 8.16256e-05)
(-3.07284e-09 -1.71402e-09 3.44754e-05)
(-8.64299e-09 -9.75009e-09 2.10752e-05)
(2.48791e-09 1.38253e-08 5.33149e-05)
(-3.54599e-10 2.49231e-09 7.85699e-05)
(-5.29358e-10 1.55527e-09 9.57185e-05)
(4.30672e-10 -1.36049e-10 0.000104216)
(-1.50941e-11 -1.67158e-09 0.000104215)
(7.91212e-11 -1.39469e-09 9.57183e-05)
(-8.37715e-10 -4.52061e-10 7.85694e-05)
(-6.33975e-09 1.36944e-08 5.33142e-05)
(2.5998e-09 -3.57638e-09 2.10747e-05)
(-9.88524e-09 -6.43567e-09 7.96084e-06)
(5.41575e-09 8.941e-09 1.99931e-05)
(8.90002e-09 2.35319e-09 3.20547e-05)
(3.14588e-09 9.1043e-11 4.1262e-05)
(4.01691e-09 -1.29567e-09 4.61613e-05)
(-1.10069e-09 -1.74973e-09 4.61609e-05)
(-2.1834e-09 -4.93239e-10 4.12621e-05)
(-9.63519e-09 2.01195e-09 3.20541e-05)
(-8.44294e-09 9.10931e-09 1.99926e-05)
(6.25517e-09 -4.04291e-09 7.96038e-06)
(-8.56455e-09 5.96831e-09 7.96055e-06)
(-1.16068e-09 -3.50057e-09 1.99922e-05)
(-3.07714e-09 4.74295e-09 3.20557e-05)
(-6.26536e-09 1.72497e-09 4.12638e-05)
(-1.81432e-09 -4.91154e-10 4.61637e-05)
(-1.67983e-09 -7.81152e-10 4.61635e-05)
(2.00831e-09 6.88219e-10 4.12633e-05)
(-2.00047e-09 1.2025e-09 3.20552e-05)
(-2.53273e-09 -5.19392e-09 1.99927e-05)
(8.84579e-09 5.83509e-09 7.96067e-06)
(-8.44178e-09 1.13001e-08 2.10749e-05)
(-8.54334e-09 2.33564e-10 5.33117e-05)
(-6.44561e-09 1.74207e-09 7.85691e-05)
(-1.87144e-10 7.27693e-12 9.57184e-05)
(-8.67183e-10 -2.21569e-09 0.000104217)
(1.65798e-09 -2.15432e-09 0.000104217)
(-1.39348e-10 1.10626e-10 9.57186e-05)
(2.52972e-09 -2.67946e-10 7.85698e-05)
(1.65137e-10 -4.47647e-09 5.33119e-05)
(-1.11569e-09 1.60242e-09 2.1075e-05)
(-4.49728e-09 1.20047e-08 3.44761e-05)
(-5.91251e-09 6.68678e-09 8.16244e-05)
(-4.75846e-09 -4.08289e-09 0.000112347)
(7.87876e-11 -3.92243e-09 0.000128937)
(-1.33689e-10 -3.19406e-09 0.000135782)
(-3.63558e-10 -2.96594e-09 0.000135782)
(-9.76774e-10 -3.72558e-09 0.000128937)
(2.6778e-09 -4.14556e-09 0.000112347)
(3.17701e-09 1.75033e-09 8.16244e-05)
(1.26397e-09 4.12452e-09 3.4475e-05)
(6.0533e-10 6.13893e-09 4.49628e-05)
(5.63957e-09 3.53621e-09 0.000100997)
(4.4336e-09 -1.76679e-09 0.000130792)
(1.6259e-09 -2.55848e-09 0.000142988)
(5.47237e-10 -1.36597e-09 0.000146868)
(-1.61721e-09 -1.3273e-09 0.000146868)
(-2.74538e-09 -3.71334e-09 0.000142989)
(-3.86597e-09 -3.13936e-09 0.000130792)
(-3.25355e-09 1.09805e-10 0.000100996)
(7.31971e-10 4.89512e-09 4.49609e-05)
(1.97727e-10 5.63938e-10 5.06809e-05)
(3.16851e-09 6.45615e-10 0.000110385)
(3.25576e-09 2.77297e-10 0.000138062)
(8.2447e-10 -8.97087e-10 0.000147257)
(4.0459e-10 1.24278e-10 0.000149555)
(-3.03615e-10 1.77897e-10 0.000149555)
(-7.06738e-10 -1.40307e-09 0.000147256)
(-1.73026e-09 -4.58238e-10 0.000138062)
(-2.02172e-09 -9.60372e-10 0.000110385)
(1.30761e-10 3.92159e-10 5.06796e-05)
(-1.68848e-10 2.52201e-10 5.06808e-05)
(2.94075e-09 -2.88954e-09 0.000110385)
(3.35124e-09 -4.68169e-10 0.000138062)
(9.1113e-10 -1.12016e-09 0.000147257)
(4.2155e-10 -6.53005e-10 0.000149555)
(-2.25441e-10 -9.92217e-11 0.000149555)
(-4.67144e-10 -1.57495e-09 0.000147257)
(-2.71589e-09 -8.46318e-10 0.000138062)
(-2.2364e-09 -1.76788e-09 0.000110384)
(2.68084e-10 1.59819e-09 5.06799e-05)
(6.14958e-10 -5.25086e-09 4.49621e-05)
(4.9574e-09 -8.23592e-09 0.000100995)
(4.61899e-09 1.35096e-09 0.000130793)
(1.1334e-09 1.26362e-09 0.000142989)
(4.52874e-10 1.08244e-09 0.000146869)
(-5.4518e-10 1.20381e-09 0.000146869)
(-1.14895e-09 1.47894e-09 0.000142989)
(-4.22327e-09 1.96347e-09 0.000130793)
(-3.77257e-09 -6.18809e-09 0.000100996)
(9.00629e-11 -1.87074e-09 4.49612e-05)
(-4.24772e-09 -9.85009e-09 3.4474e-05)
(-7.28511e-09 -1.41764e-08 8.16224e-05)
(-3.74347e-09 5.25758e-09 0.000112348)
(-5.71385e-10 2.85146e-09 0.000128938)
(-9.74671e-11 1.65876e-09 0.000135782)
(1.02622e-09 1.63021e-09 0.000135783)
(1.54135e-09 3.31922e-09 0.000128938)
(3.14471e-09 4.70229e-09 0.000112349)
(4.49124e-09 -1.22958e-08 8.16242e-05)
(9.64291e-10 -5.30159e-09 3.44754e-05)
(-6.00549e-09 -1.02213e-08 2.10736e-05)
(-1.19475e-08 -9.0437e-09 5.33115e-05)
(-6.23029e-09 2.39806e-09 7.85698e-05)
(4.55945e-10 -2.98964e-10 9.57193e-05)
(-5.17076e-10 1.6237e-09 0.000104218)
(7.68701e-10 1.67162e-09 0.000104218)
(5.33075e-10 1.38416e-09 9.57204e-05)
(5.17433e-09 5.04773e-09 7.85719e-05)
(8.33663e-09 -6.62325e-09 5.33128e-05)
(4.68987e-09 -9.69218e-09 2.10748e-05)
(-8.74121e-09 -6.27305e-09 7.96042e-06)
(-1.06199e-08 -3.32238e-09 1.99927e-05)
(-7.41122e-09 -2.67716e-09 3.20554e-05)
(-5.92941e-09 -2.09057e-09 4.12637e-05)
(-3.48988e-09 9.43485e-10 4.6163e-05)
(-1.07073e-09 8.75656e-10 4.6163e-05)
(-3.33773e-10 4.83023e-10 4.12643e-05)
(2.81545e-09 1.67075e-09 3.20561e-05)
(9.4471e-09 -2.40585e-09 1.99936e-05)
(1.15591e-08 -9.29158e-09 7.96088e-06)
(-1.21104e-08 8.97165e-09 7.96074e-06)
(9.81248e-10 -3.49441e-09 1.99928e-05)
(5.16182e-09 -1.78083e-09 3.20558e-05)
(-2.01634e-10 6.6732e-10 4.12627e-05)
(1.69386e-09 -3.97952e-10 4.61627e-05)
(5.60273e-10 -2.31837e-10 4.61627e-05)
(3.61584e-09 1.20905e-09 4.12631e-05)
(-8.27044e-10 4.79264e-10 3.20561e-05)
(3.87268e-10 -2.23886e-09 1.99931e-05)
(8.50082e-09 6.34857e-09 7.96055e-06)
(-1.3594e-09 4.27168e-09 2.10747e-05)
(3.0381e-09 -5.98491e-09 5.33122e-05)
(-1.08086e-09 -1.153e-09 7.85706e-05)
(-1.62994e-09 8.67041e-10 9.57192e-05)
(-5.57953e-10 -8.61757e-10 0.000104217)
(-1.95131e-10 -1.71878e-09 0.000104218)
(1.85864e-09 2.722e-10 9.57201e-05)
(4.3468e-09 -2.19998e-10 7.8572e-05)
(3.12961e-09 -1.97368e-09 5.33123e-05)
(6.68641e-09 8.86622e-09 2.10741e-05)
(4.77573e-09 -2.24098e-09 3.44756e-05)
(5.8162e-09 -4.13957e-09 8.16246e-05)
(1.20084e-09 -4.11872e-10 0.000112348)
(2.25998e-09 -2.07778e-09 0.000128938)
(1.22716e-09 -2.2881e-09 0.000135782)
(1.03704e-09 -3.28703e-09 0.000135782)
(1.28323e-09 -2.33351e-09 0.000128937)
(3.67166e-09 -7.29925e-10 0.000112348)
(1.5359e-09 5.48969e-10 8.16242e-05)
(2.79341e-09 8.09874e-09 3.44745e-05)
(1.01867e-09 -1.36666e-09 4.49621e-05)
(2.84696e-09 -3.41507e-09 0.000100997)
(3.0583e-09 -6.51826e-10 0.000130792)
(2.04657e-09 -1.55418e-09 0.000142989)
(6.59753e-10 -8.47795e-10 0.000146868)
(-5.26605e-10 -1.5455e-09 0.000146868)
(-2.18182e-09 -2.47146e-09 0.000142989)
(-2.63169e-09 -7.28256e-10 0.000130791)
(-3.11314e-09 -1.47028e-10 0.000100996)
(1.13627e-10 5.57359e-09 4.49614e-05)
(2.65104e-10 -3.48016e-10 5.06808e-05)
(-5.97816e-10 -1.73642e-09 0.000110385)
(-7.91439e-10 -7.0266e-13 0.000138062)
(-6.38417e-11 -8.90647e-10 0.000147257)
(5.18154e-11 7.69867e-10 0.000149555)
(-2.86328e-10 1.81819e-11 0.000149555)
(-1.06061e-09 -1.16816e-09 0.000147257)
(-5.64583e-10 3.09636e-10 0.000138061)
(-1.83261e-09 -3.83133e-10 0.000110384)
(-1.34508e-09 1.38704e-09 5.06803e-05)
(7.43356e-10 2.10303e-09 5.06802e-05)
(2.60077e-10 2.00378e-09 0.000110385)
(-1.06739e-10 1.28944e-09 0.000138062)
(1.38078e-10 -1.74272e-09 0.000147257)
(7.81028e-12 -1.03483e-09 0.000149555)
(1.66584e-10 -1.13602e-09 0.000149555)
(1.17387e-11 -2.09321e-09 0.000147257)
(-5.17544e-10 6.63641e-10 0.000138062)
(-1.24561e-09 1.00752e-09 0.000110385)
(-9.01211e-10 1.95901e-09 5.06801e-05)
(2.13185e-09 3.27484e-09 4.49618e-05)
(2.78132e-09 4.76677e-09 0.000100997)
(2.01425e-09 2.41824e-09 0.000130793)
(2.60068e-09 -7.32496e-10 0.00014299)
(1.80845e-09 -4.84814e-10 0.000146869)
(7.59695e-10 -2.04442e-10 0.000146868)
(-6.8206e-10 -6.69074e-10 0.000142989)
(-1.31513e-09 2.08607e-09 0.000130793)
(-2.62165e-09 1.35783e-09 0.000100997)
(-1.36139e-09 -7.8485e-10 4.49616e-05)
(5.96276e-09 4.12245e-09 3.44752e-05)
(6.57954e-09 9.0748e-09 8.16252e-05)
(-6.69055e-10 -2.77437e-10 0.000112349)
(2.05205e-09 -2.26826e-09 0.000128937)
(9.54037e-10 3.08547e-11 0.000135782)
(9.45732e-10 6.06488e-10 0.000135782)
(3.04629e-10 -5.15655e-10 0.000128937)
(1.15437e-09 1.80078e-09 0.000112348)
(-3.80372e-09 6.49744e-09 8.16255e-05)
(-2.16647e-09 -1.67949e-09 3.44765e-05)
(1.58812e-09 -2.85271e-10 2.10743e-05)
(8.5722e-09 1.32137e-08 5.33124e-05)
(7.46765e-10 -3.78738e-10 7.857e-05)
(-9.37185e-10 -5.28954e-09 9.57186e-05)
(-9.66949e-10 -4.81685e-10 0.000104217)
(-6.05953e-10 -3.25276e-10 0.000104217)
(-7.34505e-10 -2.7157e-09 9.57187e-05)
(-2.76767e-09 3.19968e-09 7.85702e-05)
(-6.04462e-09 1.07994e-08 5.33124e-05)
(3.24187e-09 -5.71287e-09 2.10752e-05)
(-6.31428e-09 -3.88172e-09 7.96059e-06)
(5.08068e-09 6.90739e-09 1.99925e-05)
(7.72416e-09 1.87034e-09 3.20545e-05)
(9.43066e-10 -1.9496e-09 4.12619e-05)
(-2.22818e-10 -4.05399e-11 4.61617e-05)
(9.37756e-11 -2.26106e-10 4.61618e-05)
(-1.6188e-09 -5.26856e-10 4.12623e-05)
(-7.27886e-09 3.46944e-09 3.20549e-05)
(-1.39728e-09 4.45747e-09 1.99926e-05)
(9.87896e-09 -7.26155e-09 7.96079e-06)
(-1.28768e-08 8.58403e-09 7.96032e-06)
(-5.96592e-10 -3.49644e-09 1.99929e-05)
(-3.45433e-09 4.81862e-09 3.20555e-05)
(-8.92616e-09 1.04047e-09 4.12633e-05)
(2.85763e-10 -1.594e-09 4.61629e-05)
(-8.41256e-10 -1.37252e-09 4.61628e-05)
(6.56451e-09 1.34496e-09 4.12631e-05)
(4.59047e-10 3.63199e-09 3.2055e-05)
(-2.81006e-09 -5.89087e-09 1.99925e-05)
(1.30116e-08 9.30765e-09 7.96026e-06)
(-8.33008e-09 1.07963e-08 2.10742e-05)
(-6.11161e-09 -6.71403e-10 5.33114e-05)
(-7.06938e-09 5.94851e-09 7.85692e-05)
(-1.11954e-09 -2.28386e-09 9.57202e-05)
(1.07266e-09 -5.10635e-09 0.000104219)
(1.18609e-09 -4.35792e-09 0.000104219)
(4.32615e-09 -4.69639e-10 9.572e-05)
(7.05914e-09 7.96303e-09 7.85689e-05)
(1.98946e-10 -4.60136e-09 5.33111e-05)
(4.46684e-09 7.11095e-09 2.10742e-05)
(-4.46898e-09 1.12468e-08 3.44749e-05)
(-5.26973e-09 3.99212e-09 8.16248e-05)
(-5.51064e-09 4.06393e-09 0.000112348)
(1.03007e-09 -6.7454e-09 0.000128937)
(3.72339e-10 -5.35642e-09 0.000135782)
(-2.05186e-11 -5.48992e-09 0.000135782)
(-3.47081e-10 -4.97115e-09 0.000128937)
(5.39914e-09 8.20379e-09 0.000112348)
(1.38927e-09 1.5174e-09 8.16254e-05)
(-7.21765e-11 3.84641e-09 3.44757e-05)
(1.80057e-09 6.23905e-09 4.49609e-05)
(4.56084e-09 2.14937e-09 0.000100996)
(3.99504e-09 2.68098e-09 0.000130792)
(3.71784e-09 -3.91113e-09 0.000142989)
(-4.33235e-10 -2.54397e-09 0.000146869)
(-1.55812e-09 -3.40321e-09 0.000146869)
(-5.57515e-09 -3.36399e-09 0.000142989)
(-3.56635e-09 5.30399e-09 0.000130792)
(-3.8849e-09 -1.93657e-10 0.000100996)
(-2.27347e-09 1.77304e-09 4.49614e-05)
(1.54837e-09 -3.23888e-10 5.06803e-05)
(2.56607e-09 2.05406e-11 0.000110384)
(2.85331e-09 1.32826e-09 0.000138062)
(2.97204e-09 3.45656e-11 0.000147257)
(-7.5039e-11 5.73898e-10 0.000149555)
(-6.1483e-10 -3.30598e-10 0.000149555)
(-3.11741e-09 -8.87694e-10 0.000147257)
(-1.57115e-09 3.05564e-09 0.000138062)
(-1.40945e-09 -3.34536e-10 0.000110384)
(-1.79365e-09 -1.01243e-09 5.06804e-05)
(7.73456e-10 -1.47655e-09 5.06804e-05)
(2.42237e-09 -1.30818e-09 0.000110385)
(2.7322e-09 -9.91352e-11 0.000138063)
(2.12046e-09 -8.86902e-11 0.000147257)
(2.96309e-10 5.64545e-10 0.000149555)
(-2.78082e-10 -5.99605e-11 0.000149555)
(-1.84839e-09 -1.39596e-09 0.000147257)
(-1.33021e-09 6.89157e-10 0.000138062)
(-2.19109e-09 9.05482e-10 0.000110384)
(-1.46952e-09 -1.51628e-09 5.06804e-05)
(-1.26344e-11 -8.69117e-09 4.49621e-05)
(4.36499e-09 -4.79468e-09 0.000100996)
(3.12964e-09 -1.32892e-10 0.000130793)
(1.75854e-09 2.34316e-09 0.000142989)
(2.8895e-10 2.73061e-09 0.000146869)
(-3.6827e-10 2.01397e-09 0.000146868)
(-1.20207e-09 8.95384e-10 0.000142989)
(-2.92851e-09 9.27476e-10 0.000130793)
(-4.40745e-09 5.44413e-10 0.000100996)
(-7.27975e-10 -5.30131e-09 4.49612e-05)
(-8.09756e-09 -1.42551e-08 3.44763e-05)
(-8.14024e-09 -1.02839e-08 8.16255e-05)
(-5.47912e-09 3.39406e-09 0.000112348)
(-2.90573e-09 3.23712e-09 0.000128937)
(-4.44128e-10 2.91244e-09 0.000135781)
(6.82162e-10 2.56001e-09 0.000135781)
(2.26204e-09 1.99609e-09 0.000128937)
(2.46449e-09 3.85948e-09 0.000112349)
(2.27901e-09 -3.49838e-09 8.16255e-05)
(3.35504e-09 -8.30399e-09 3.44755e-05)
(-9.71781e-09 -1.21954e-08 2.10745e-05)
(-1.09656e-08 -6.23774e-09 5.33108e-05)
(-3.88726e-09 4.01664e-09 7.85689e-05)
(-7.52054e-10 1.27491e-09 9.57194e-05)
(-6.88315e-10 1.6092e-09 0.000104218)
(3.24761e-10 1.47128e-09 0.000104218)
(5.0943e-10 8.00618e-11 9.57205e-05)
(2.2595e-09 3.89704e-09 7.85708e-05)
(6.66027e-09 -1.80574e-09 5.33124e-05)
(6.94844e-09 -8.74069e-09 2.10742e-05)
(-7.52151e-09 -5.53086e-09 7.96048e-06)
(-8.01484e-09 -1.83153e-09 1.99929e-05)
(-3.34163e-09 -1.57805e-12 3.20555e-05)
(-2.79625e-09 -1.76382e-10 4.12632e-05)
(-1.48507e-09 6.87509e-10 4.61626e-05)
(-3.50702e-10 5.70039e-10 4.61627e-05)
(1.51525e-10 -2.78832e-10 4.12634e-05)
(-2.30131e-10 7.98799e-10 3.20559e-05)
(2.53256e-09 1.08967e-09 1.99932e-05)
(6.22688e-09 -4.8538e-09 7.96065e-06)
(-1.64304e-08 1.34258e-08 7.96031e-06)
(-8.06365e-09 9.23793e-10 1.99927e-05)
(-5.3082e-09 1.43824e-09 3.20541e-05)
(-6.31572e-09 8.96756e-10 4.12623e-05)
(-1.28671e-09 -2.05052e-10 4.61614e-05)
(-8.05386e-10 4.14337e-11 4.61618e-05)
(3.45033e-09 1.83481e-09 4.12624e-05)
(-1.6624e-09 -5.09181e-10 3.2054e-05)
(3.82716e-10 -3.73402e-09 1.99926e-05)
(9.50011e-09 7.35957e-09 7.96035e-06)
(-8.8314e-09 1.35611e-08 2.10748e-05)
(-5.57952e-09 1.75435e-09 5.3313e-05)
(-1.0192e-08 2.30978e-09 7.85686e-05)
(-8.14147e-09 -1.10224e-09 9.57183e-05)
(-2.01419e-09 -5.239e-09 0.000104216)
(2.58608e-09 -4.69547e-09 0.000104217)
(8.28372e-09 -2.6763e-10 9.57189e-05)
(1.20018e-08 2.74241e-09 7.85683e-05)
(7.71201e-09 1.99813e-09 5.33127e-05)
(7.50145e-09 1.10786e-08 2.10752e-05)
(5.75596e-10 5.35265e-09 3.44753e-05)
(5.2519e-09 1.79737e-10 8.16252e-05)
(3.01454e-09 1.12832e-09 0.000112348)
(2.7442e-09 -3.46408e-09 0.000128936)
(8.00457e-10 -6.88801e-09 0.000135781)
(-9.20288e-11 -6.81045e-09 0.000135782)
(-1.19573e-09 -3.8209e-09 0.000128937)
(1.04481e-09 1.95643e-09 0.000112349)
(3.78662e-11 4.53384e-09 8.16264e-05)
(1.62196e-09 7.93026e-09 3.44763e-05)
(5.08592e-10 3.50589e-09 4.4962e-05)
(3.26052e-09 -1.42316e-09 0.000100996)
(4.11158e-09 -3.29948e-10 0.000130794)
(4.31782e-09 -2.05191e-09 0.000142989)
(1.42704e-09 -3.15214e-09 0.000146868)
(-9.93414e-10 -2.86709e-09 0.000146869)
(-4.15684e-09 -1.99071e-09 0.000142989)
(-3.91653e-09 -1.02174e-10 0.000130795)
(-1.3028e-09 3.52654e-10 0.000100997)
(1.49569e-09 4.93666e-09 4.49627e-05)
(1.82414e-09 1.21518e-09 5.06808e-05)
(1.19445e-09 -3.9981e-10 0.000110385)
(2.66411e-11 1.37298e-10 0.000138063)
(1.40502e-09 -9.31963e-10 0.000147257)
(1.01088e-10 -1.06184e-09 0.000149555)
(-6.85742e-10 -7.41402e-10 0.000149555)
(-2.11502e-09 -9.15414e-10 0.000147257)
(-1.41058e-09 7.29055e-10 0.000138064)
(-2.26393e-09 3.52188e-10 0.000110385)
(-1.3207e-09 2.32728e-09 5.06812e-05)
(1.69258e-09 2.68957e-09 5.06814e-05)
(9.36404e-10 3.13045e-09 0.000110385)
(3.22446e-11 7.3617e-10 0.000138064)
(1.23311e-09 -9.77549e-10 0.000147257)
(4.58211e-10 -3.6577e-10 0.000149555)
(-3.83634e-11 -2.67402e-10 0.000149555)
(-9.32353e-10 -1.01118e-09 0.000147257)
(-9.74946e-10 6.64954e-10 0.000138064)
(-2.0521e-09 1.85349e-10 0.000110385)
(-1.29013e-09 4.622e-10 5.06813e-05)
(6.37974e-10 2.67896e-09 4.49627e-05)
(1.19534e-09 5.40215e-09 0.000100997)
(1.89222e-09 1.01535e-10 0.000130794)
(3.71266e-09 -1.50378e-09 0.000142989)
(2.17862e-09 -1.99931e-10 0.000146868)
(5.16413e-10 3.76136e-10 0.000146868)
(-9.0325e-10 -5.08371e-10 0.000142989)
(-1.86211e-09 1.0313e-09 0.000130794)
(-1.38537e-09 1.33881e-10 0.000100996)
(-1.40979e-10 -1.18994e-09 4.49623e-05)
(6.54043e-09 7.26777e-09 3.44759e-05)
(9.35152e-09 8.64518e-09 8.16259e-05)
(4.63633e-09 -3.52796e-09 0.000112347)
(4.65836e-09 -1.86183e-09 0.000128936)
(2.32862e-09 2.37051e-09 0.000135781)
(1.3693e-09 2.70528e-09 0.000135781)
(1.34656e-10 1.42585e-09 0.000128937)
(9.11265e-10 -1.04485e-09 0.000112349)
(-2.8161e-09 5.42654e-10 8.16257e-05)
(-1.23807e-09 -3.29055e-09 3.44751e-05)
(1.38098e-09 -1.92482e-09 2.10746e-05)
(8.52999e-09 7.40335e-09 5.3312e-05)
(-1.02655e-09 -3.84258e-09 7.8568e-05)
(-3.02873e-09 -3.04391e-09 9.57182e-05)
(-4.34763e-10 2.60141e-09 0.000104216)
(2.07046e-09 1.9714e-09 0.000104217)
(4.67124e-09 -4.77893e-10 9.57187e-05)
(5.974e-09 4.99545e-10 7.85698e-05)
(1.01882e-09 3.91998e-09 5.33132e-05)
(4.51727e-09 -8.57675e-09 2.10744e-05)
(-1.22648e-08 -9.53562e-09 7.96032e-06)
(-8.73195e-10 2.16961e-09 1.99925e-05)
(6.80279e-10 -5.74287e-11 3.20548e-05)
(-4.74349e-09 -1.90796e-09 4.12624e-05)
(-2.40221e-09 1.03629e-10 4.61617e-05)
(-1.39563e-09 -3.35694e-10 4.61615e-05)
(-9.9154e-10 -7.04279e-10 4.12623e-05)
(-4.50651e-09 2.9488e-09 3.20547e-05)
(1.81976e-09 3.14482e-09 1.9993e-05)
(1.1632e-08 -8.6396e-09 7.96065e-06)
(-1.15849e-08 9.12481e-09 7.96066e-06)
(-1.42448e-09 -3.27959e-09 1.99925e-05)
(-5.51857e-10 2.96641e-09 3.20544e-05)
(-5.45131e-09 1.49311e-09 4.1262e-05)
(-1.14153e-09 -1.40362e-09 4.61618e-05)
(-3.8894e-10 -1.40109e-09 4.61622e-05)
(2.42853e-09 1.0458e-09 4.12625e-05)
(-2.66927e-09 8.75089e-10 3.20551e-05)
(-5.28899e-09 -6.49652e-09 1.99928e-05)
(6.50058e-09 5.01806e-09 7.96076e-06)
(-8.63291e-09 1.25094e-08 2.10746e-05)
(-6.67352e-09 -1.06003e-09 5.33131e-05)
(-2.65148e-09 -5.48076e-10 7.85697e-05)
(2.8187e-09 -9.06762e-10 9.57176e-05)
(1.27452e-09 -4.02624e-09 0.000104216)
(2.75565e-09 -3.15292e-09 0.000104217)
(1.24951e-09 2.48859e-09 9.57184e-05)
(2.91246e-09 1.84757e-09 7.85699e-05)
(4.6149e-10 -3.81262e-09 5.33136e-05)
(-2.15487e-10 2.08921e-09 2.10752e-05)
(-4.75597e-09 1.18256e-08 3.44758e-05)
(-6.10942e-09 6.08127e-09 8.16253e-05)
(-4.20326e-09 -5.08971e-09 0.000112348)
(-3.12525e-12 -4.70891e-09 0.000128937)
(-6.33098e-10 -4.07494e-09 0.000135782)
(-1.76031e-09 -3.20925e-09 0.000135782)
(-2.16247e-09 -1.45916e-09 0.000128937)
(2.65643e-09 -1.93529e-09 0.000112349)
(5.08438e-09 3.6666e-09 8.16264e-05)
(2.29548e-09 3.55781e-09 3.44761e-05)
(3.96193e-10 7.75502e-09 4.49627e-05)
(4.42282e-09 4.16103e-09 0.000100996)
(3.3369e-09 -2.02339e-09 0.000130793)
(1.89143e-09 -3.32184e-09 0.000142989)
(5.00715e-10 -1.81363e-09 0.000146868)
(-9.39901e-10 -2.07341e-09 0.000146868)
(-2.21954e-09 -2.50491e-09 0.000142989)
(-3.33527e-09 -2.86087e-09 0.000130794)
(-3.409e-09 -1.12497e-10 0.000100997)
(-1.60874e-10 4.78454e-09 4.49633e-05)
(4.27182e-11 1.44252e-09 5.06813e-05)
(2.88633e-09 8.37567e-10 0.000110385)
(2.46487e-09 5.10569e-10 0.000138063)
(6.06473e-10 -5.53561e-10 0.000147257)
(-5.01101e-10 -1.67305e-10 0.000149555)
(-1.02931e-09 -4.76225e-10 0.000149555)
(-1.21429e-09 -5.12829e-10 0.000147257)
(-1.81848e-09 -2.17338e-11 0.000138064)
(-2.3412e-09 -1.16064e-09 0.000110386)
(-6.37092e-10 7.74768e-10 5.06814e-05)
(4.72065e-10 1.43677e-09 5.06811e-05)
(3.04293e-09 -1.98907e-09 0.000110385)
(3.05875e-09 1.25269e-10 0.000138063)
(8.8707e-10 -6.46816e-10 0.000147257)
(-2.22393e-11 -7.26701e-11 0.000149555)
(-4.47318e-10 -7.57236e-10 0.000149555)
(-7.88065e-10 -1.17099e-09 0.000147257)
(-2.13669e-09 -4.72079e-10 0.000138063)
(-1.6209e-09 -1.14396e-09 0.000110386)
(1.34271e-10 1.64264e-09 5.06813e-05)
(5.52067e-10 -5.29402e-09 4.49621e-05)
(4.7275e-09 -7.52268e-09 0.000100996)
(4.13087e-09 2.58454e-09 0.000130794)
(1.46594e-09 1.22056e-09 0.000142989)
(1.20076e-09 1.82536e-09 0.000146868)
(3.22512e-10 4.3463e-10 0.000146868)
(-2.22254e-10 7.52362e-10 0.000142989)
(-3.63222e-09 2.77383e-09 0.000130794)
(-3.72948e-09 -3.71317e-09 0.000100997)
(-8.19784e-10 -2.65259e-10 4.49625e-05)
(-4.86599e-09 -1.073e-08 3.44754e-05)
(-6.75862e-09 -1.23936e-08 8.16255e-05)
(-3.22261e-09 6.39954e-09 0.000112349)
(-6.40256e-10 2.23179e-09 0.000128937)
(-9.31585e-11 1.83091e-09 0.000135781)
(2.55917e-10 1.1173e-09 0.000135781)
(1.63014e-09 2.39998e-09 0.000128937)
(1.54191e-09 6.76445e-09 0.000112349)
(2.23505e-09 -8.83149e-09 8.16252e-05)
(1.34538e-10 -2.73992e-09 3.44755e-05)
(-8.17494e-09 -1.19918e-08 2.10747e-05)
(-1.06274e-08 -6.84829e-09 5.33138e-05)
(-3.15912e-09 4.91556e-09 7.85707e-05)
(8.40102e-10 1.44274e-10 9.57181e-05)
(-1.3056e-09 1.47439e-09 0.000104215)
(6.98222e-10 6.47499e-10 0.000104215)
(-4.4197e-11 -2.58872e-10 9.57172e-05)
(2.99468e-09 5.96889e-09 7.85698e-05)
(5.74964e-09 -3.28451e-09 5.33129e-05)
(1.94466e-09 -5.11191e-09 2.1075e-05)
(-9.94303e-09 -7.70364e-09 7.96077e-06)
(-8.24266e-09 -1.87665e-09 1.99931e-05)
(-4.5107e-09 -7.62343e-10 3.20547e-05)
(-4.37625e-09 -9.02681e-10 4.12617e-05)
(-3.1711e-09 9.11763e-10 4.6161e-05)
(-8.31331e-10 4.66058e-10 4.61608e-05)
(-1.74757e-09 -9.06755e-10 4.12614e-05)
(-1.3626e-09 2.13787e-09 3.20542e-05)
(3.43122e-09 9.8981e-10 1.99925e-05)
(5.52581e-09 -4.25105e-09 7.9606e-06)
(-5.73134e-09 4.59737e-09 7.96052e-06)
(4.47507e-09 -5.50326e-09 1.99927e-05)
(2.76634e-09 -1.58169e-10 3.20557e-05)
(-2.18491e-09 9.44646e-10 4.1263e-05)
(1.77601e-09 -6.20058e-10 4.61625e-05)
(1.42614e-09 -6.31129e-10 4.61626e-05)
(5.22256e-09 1.84349e-09 4.12626e-05)
(6.57882e-10 1.26435e-09 3.20561e-05)
(2.15439e-09 -9.18572e-10 1.99935e-05)
(1.12314e-08 8.9952e-09 7.9612e-06)
(2.54666e-10 1.94863e-09 2.10738e-05)
(3.14908e-09 -5.80197e-09 5.33116e-05)
(-4.58773e-09 2.81771e-09 7.85709e-05)
(-4.9624e-09 2.1908e-09 9.57195e-05)
(-3.12807e-09 -3.08629e-09 0.000104218)
(-1.3528e-09 -3.26454e-09 0.000104218)
(1.78943e-09 1.32311e-09 9.57192e-05)
(3.60047e-09 1.42587e-09 7.85716e-05)
(2.20129e-09 -1.84147e-09 5.33134e-05)
(5.8785e-09 8.34725e-09 2.10749e-05)
(4.49541e-09 -2.14679e-09 3.44752e-05)
(5.562e-09 -3.59735e-09 8.1624e-05)
(3.74868e-10 2.38818e-09 0.000112348)
(2.49298e-09 -4.75597e-10 0.000128938)
(8.4174e-10 -4.16936e-09 0.000135782)
(-2.59687e-10 -3.88646e-09 0.000135782)
(-7.08624e-10 -1.5724e-09 0.000128938)
(7.78308e-10 -7.04178e-11 0.000112349)
(-4.92874e-10 -6.55415e-10 8.16254e-05)
(1.21599e-09 6.0696e-09 3.44753e-05)
(1.23192e-09 -1.3172e-09 4.49619e-05)
(2.44109e-09 -3.28892e-09 0.000100996)
(2.96487e-09 6.89107e-10 0.000130792)
(3.32082e-09 -8.15243e-10 0.00014299)
(5.99637e-10 -1.48875e-09 0.000146869)
(-1.22033e-09 -1.14642e-09 0.000146869)
(-3.22928e-09 -1.26698e-09 0.00014299)
(-3.4459e-09 -6.57613e-10 0.000130792)
(-2.87771e-09 -8.29843e-10 0.000100996)
(7.12548e-11 4.54294e-09 4.49618e-05)
(6.34544e-10 -3.56682e-10 5.06812e-05)
(-5.52837e-10 -1.62541e-09 0.000110386)
(-1.04369e-09 1.27207e-09 0.000138062)
(-3.61628e-11 -1.52923e-11 0.000147257)
(-2.32929e-10 2.53806e-10 0.000149555)
(-2.2349e-11 2.33041e-10 0.000149555)
(-7.91078e-10 -3.8826e-10 0.000147257)
(-8.64381e-10 5.02875e-10 0.000138062)
(-1.87442e-09 -1.7292e-10 0.000110385)
(-1.23027e-09 1.06414e-09 5.06804e-05)
(5.04113e-10 2.5918e-09 5.06811e-05)
(-1.31634e-09 1.79096e-09 0.000110386)
(-1.12816e-09 8.99697e-10 0.000138063)
(1.06979e-11 -1.16443e-09 0.000147257)
(-2.5739e-10 -1.39318e-09 0.000149555)
(-2.75602e-10 -1.39298e-09 0.000149555)
(-2.08979e-10 -1.64485e-09 0.000147257)
(-6.49989e-10 1.34024e-09 0.000138062)
(-2.13761e-09 9.25701e-10 0.000110385)
(-1.24638e-09 1.23837e-09 5.06802e-05)
(1.91617e-09 4.44225e-09 4.49625e-05)
(1.97816e-09 3.74746e-09 0.000100997)
(2.08611e-09 1.37757e-09 0.000130792)
(3.08539e-09 -5.21e-10 0.000142989)
(1.44007e-09 -5.01163e-10 0.000146868)
(2.66913e-11 -2.84968e-10 0.000146868)
(-1.40156e-09 -5.39834e-11 0.000142989)
(-1.74216e-09 2.70336e-09 0.000130793)
(-2.18403e-09 8.74656e-10 0.000100997)
(-1.1864e-09 -1.19034e-09 4.49615e-05)
(6.77297e-09 4.8535e-09 3.44758e-05)
(7.70787e-09 8.11869e-09 8.16243e-05)
(2.7973e-10 -6.26536e-10 0.000112347)
(2.21594e-09 -1.52258e-09 0.000128936)
(1.07246e-09 3.6402e-10 0.000135781)
(6.12661e-10 1.2638e-09 0.000135781)
(1.25748e-10 4.5332e-11 0.000128937)
(2.09806e-09 1.13099e-09 0.000112348)
(-2.59823e-09 5.73005e-09 8.16251e-05)
(-1.76412e-09 -1.96177e-09 3.44753e-05)
(7.53684e-10 -1.91018e-09 2.10746e-05)
(9.1339e-09 1.19898e-08 5.33118e-05)
(1.95809e-09 3.0306e-10 7.85695e-05)
(3.43747e-10 -3.27628e-09 9.57178e-05)
(1.60257e-10 -2.51861e-10 0.000104216)
(1.99543e-10 2.64565e-10 0.000104216)
(9.72788e-11 -2.36934e-09 9.57183e-05)
(-7.60186e-10 1.92682e-09 7.85699e-05)
(-4.33888e-09 9.62275e-09 5.33118e-05)
(2.63257e-09 -4.61405e-09 2.10745e-05)
(-6.37373e-09 -4.48743e-09 7.96072e-06)
(4.52001e-09 6.23389e-09 1.99928e-05)
(7.47073e-09 2.0604e-09 3.2055e-05)
(1.2537e-09 -7.55817e-10 4.12623e-05)
(1.42086e-11 -8.02943e-11 4.61617e-05)
(-2.13124e-11 -2.95753e-11 4.61616e-05)
(-5.23281e-10 -1.0476e-09 4.12621e-05)
(-6.1839e-09 2.77871e-09 3.20548e-05)
(-2.00697e-09 4.3527e-09 1.99925e-05)
(7.69193e-09 -5.46175e-09 7.96044e-06)
(-9.40667e-09 6.65291e-09 7.96053e-06)
(2.66446e-09 -5.52198e-09 1.9993e-05)
(-1.84766e-09 5.41436e-09 3.20554e-05)
(-7.83559e-09 1.42143e-09 4.12632e-05)
(1.97531e-10 -1.90801e-09 4.61624e-05)
(-2.01239e-09 -1.91412e-09 4.61625e-05)
(4.92335e-09 -1.09989e-10 4.12629e-05)
(-5.2713e-11 2.55914e-09 3.20553e-05)
(-3.17923e-09 -5.98315e-09 1.99931e-05)
(1.07465e-08 7.19348e-09 7.96083e-06)
(-8.645e-09 9.78664e-09 2.10741e-05)
(-5.1983e-09 -2.5264e-09 5.33118e-05)
(-5.77042e-09 7.20581e-09 7.857e-05)
(-1.04123e-10 -1.76236e-09 9.57201e-05)
(1.51887e-09 -4.84712e-09 0.000104218)
(3.23821e-10 -3.99657e-09 0.000104218)
(2.00444e-09 -1.51371e-09 9.572e-05)
(5.43721e-09 6.20082e-09 7.85698e-05)
(-5.02179e-10 -4.31683e-09 5.33119e-05)
(1.52602e-09 3.93976e-09 2.10744e-05)
(-5.98291e-09 1.17457e-08 3.44751e-05)
(-8.43107e-09 5.2201e-09 8.16249e-05)
(-9.48877e-09 5.85526e-09 0.000112348)
(-3.43043e-09 -6.31387e-09 0.000128937)
(-2.33669e-09 -5.31753e-09 0.000135782)
(-1.49515e-09 -4.87901e-09 0.000135782)
(-2.30204e-09 -6.37464e-09 0.000128937)
(4.86459e-09 6.13492e-09 0.000112348)
(2.59439e-09 1.56309e-09 8.16256e-05)
(3.46117e-10 3.14135e-09 3.44757e-05)
(1.23291e-09 7.69309e-09 4.49605e-05)
(2.78798e-09 3.78211e-09 0.000100995)
(1.24376e-09 4.25441e-09 0.000130793)
(2.07415e-09 -4.32797e-09 0.000142989)
(-8.63875e-10 -3.86845e-09 0.000146869)
(-1.8648e-10 -3.52288e-09 0.000146869)
(-3.95084e-09 -5.00103e-09 0.000142989)
(-3.14006e-09 2.90479e-09 0.000130793)
(-3.10661e-09 -5.33788e-10 0.000100996)
(-1.92885e-09 1.80051e-09 4.49616e-05)
(1.32209e-09 1.12081e-09 5.06802e-05)
(1.89171e-09 1.12947e-09 0.000110384)
(1.70037e-09 2.40713e-09 0.000138062)
(1.82531e-09 -9.45535e-10 0.000147257)
(-2.77456e-10 -1.40746e-09 0.000149555)
(1.50117e-10 -5.39671e-10 0.000149555)
(-1.95206e-09 -6.79219e-10 0.000147257)
(-1.31625e-09 1.82586e-09 0.000138063)
(-2.07117e-09 -7.68878e-10 0.000110385)
(-1.94609e-09 -1.1252e-09 5.06807e-05)
(1.10362e-09 5.4961e-10 5.06805e-05)
(1.94758e-09 7.74291e-10 0.000110384)
(2.39953e-09 9.88063e-10 0.000138062)
(2.15471e-09 -4.36952e-10 0.000147257)
(-1.47394e-10 -7.85568e-10 0.000149555)
(-1.54707e-10 -2.91954e-10 0.000149555)
(-1.48714e-09 -7.62002e-10 0.000147257)
(-2.10391e-09 6.26177e-10 0.000138062)
(-2.981e-09 -6.45814e-10 0.000110384)
(-1.39216e-09 -2.26958e-09 5.06805e-05)
(8.67742e-10 -5.59131e-09 4.49617e-05)
(5.05102e-09 -1.87637e-09 0.000100996)
(4.16574e-09 6.33806e-10 0.000130792)
(3.02459e-09 2.19144e-09 0.000142988)
(1.35311e-09 1.81308e-09 0.000146868)
(8.25165e-10 2.0236e-09 0.000146869)
(-9.61247e-10 2.17322e-09 0.000142989)
(-3.10757e-09 1.33831e-09 0.000130793)
(-4.06286e-09 -1.74063e-09 0.000100995)
(-2.29689e-10 -7.41638e-09 4.49611e-05)
(-5.00944e-09 -1.0274e-08 3.4475e-05)
(-3.41555e-09 -6.47986e-09 8.16239e-05)
(-1.34432e-09 3.97485e-09 0.000112348)
(7.22303e-10 3.48767e-09 0.000128936)
(1.65917e-09 1.80825e-09 0.000135781)
(1.93691e-09 2.758e-09 0.000135781)
(3.19461e-09 3.36824e-09 0.000128937)
(4.03003e-09 4.02396e-09 0.000112348)
(4.30188e-09 -5.63071e-09 8.16248e-05)
(4.65323e-09 -1.05061e-08 3.44749e-05)
(-8.19282e-09 -1.14475e-08 2.10741e-05)
(-7.36252e-09 -3.93312e-09 5.33106e-05)
(-1.23169e-09 3.35076e-09 7.85691e-05)
(1.79628e-09 6.46778e-10 9.57192e-05)
(7.14333e-10 1.50737e-09 0.000104218)
(1.70432e-09 1.65622e-09 0.000104218)
(1.9614e-09 5.61503e-10 9.57199e-05)
(4.03193e-09 4.52715e-09 7.85701e-05)
(8.65153e-09 -2.32079e-09 5.33116e-05)
(8.82813e-09 -1.09816e-08 2.10739e-05)
(-1.22742e-08 -9.39273e-09 7.96008e-06)
(-8.0931e-09 -1.82414e-09 1.99924e-05)
(-4.52741e-09 -1.72946e-09 3.20556e-05)
(-4.77986e-09 -1.2738e-09 4.12633e-05)
(-2.95358e-09 1.17458e-09 4.61628e-05)
(-1.54433e-09 7.7751e-10 4.61624e-05)
(-5.46534e-10 -2.41517e-10 4.1263e-05)
(6.19216e-11 1.18677e-09 3.20552e-05)
(6.00502e-09 1.34548e-10 1.99925e-05)
(1.06071e-08 -7.69388e-09 7.96021e-06)
(-1.23838e-08 9.64781e-09 7.96029e-06)
(-5.96935e-09 -5.95375e-10 1.9992e-05)
(-3.84909e-09 1.21469e-09 3.20542e-05)
(-5.43168e-09 1.71504e-09 4.12621e-05)
(-8.53751e-11 -1.46266e-09 4.61615e-05)
(1.65204e-09 -1.01837e-09 4.61613e-05)
(7.36045e-09 2.79118e-09 4.1262e-05)
(3.73373e-09 2.44467e-09 3.20538e-05)
(3.45885e-09 -2.81124e-09 1.99922e-05)
(1.29423e-08 9.52212e-09 7.96044e-06)
(-6.88973e-09 1.15664e-08 2.10745e-05)
(-5.31834e-09 1.5128e-09 5.33125e-05)
(-1.04565e-08 2.50004e-09 7.85684e-05)
(-6.42772e-09 -1.48396e-09 9.57186e-05)
(-8.00043e-10 -5.95099e-09 0.000104216)
(2.05389e-09 -5.12795e-09 0.000104216)
(8.68133e-09 9.03491e-10 9.57186e-05)
(1.32821e-08 4.97207e-09 7.85686e-05)
(8.16706e-09 2.5574e-09 5.33124e-05)
(8.05515e-09 1.18311e-08 2.10746e-05)
(3.86219e-10 5.58705e-09 3.44757e-05)
(4.35513e-09 7.70877e-10 8.16255e-05)
(2.02532e-09 1.33677e-09 0.000112348)
(1.92663e-09 -3.90056e-09 0.000128936)
(-6.46514e-11 -5.63905e-09 0.000135781)
(-1.35428e-09 -6.06348e-09 0.000135781)
(-2.40241e-09 -3.6071e-09 0.000128937)
(8.93001e-11 2.72107e-09 0.000112349)
(-9.99599e-10 4.16371e-09 8.16264e-05)
(1.58765e-09 8.01176e-09 3.44764e-05)
(8.9277e-11 3.78423e-09 4.49619e-05)
(2.73913e-09 -9.35206e-11 0.000100996)
(3.89032e-09 1.19912e-09 0.000130794)
(3.51778e-09 -7.5555e-10 0.000142989)
(5.24084e-10 -2.06734e-09 0.000146868)
(-1.16285e-09 -2.78962e-09 0.000146868)
(-3.82012e-09 -1.66015e-09 0.000142989)
(-3.89879e-09 7.95945e-10 0.000130795)
(-2.79383e-09 -7.33565e-10 0.000100997)
(6.91011e-10 5.08632e-09 4.49627e-05)
(1.69201e-09 1.83122e-09 5.06806e-05)
(1.42258e-09 1.33662e-09 0.000110384)
(2.99601e-10 1.49177e-09 0.000138063)
(1.4051e-09 -2.31738e-10 0.000147257)
(6.22331e-10 -7.38839e-10 0.000149555)
(3.0747e-10 -6.29026e-10 0.000149555)
(-1.26403e-09 -2.10332e-10 0.000147257)
(-8.74528e-10 1.1985e-09 0.000138065)
(-2.78412e-09 -9.79068e-11 0.000110386)
(-2.11159e-09 1.88436e-09 5.06815e-05)
(1.20308e-09 2.94102e-09 5.0681e-05)
(4.67379e-10 2.99635e-09 0.000110384)
(1.83201e-10 1.76997e-09 0.000138063)
(1.08926e-09 -1.34887e-09 0.000147257)
(4.29614e-10 -1.63655e-09 0.000149555)
(3.78132e-11 -1.13749e-09 0.000149555)
(-5.2335e-10 -1.00673e-09 0.000147257)
(-6.17379e-10 1.54546e-09 0.000138064)
(-2.09932e-09 1.06476e-09 0.000110385)
(-1.02217e-09 -6.61948e-10 5.06818e-05)
(7.3752e-10 2.36849e-09 4.49623e-05)
(1.19022e-09 3.76974e-09 0.000100996)
(3.23219e-09 9.96747e-10 0.000130793)
(4.43521e-09 -1.99686e-09 0.000142989)
(2.68377e-09 -9.79084e-10 0.000146868)
(1.45518e-09 -8.47647e-11 0.000146868)
(-4.1672e-10 -7.33586e-11 0.000142989)
(-1.16445e-09 2.26104e-09 0.000130794)
(-5.18612e-10 1.22614e-09 0.000100996)
(9.55008e-10 -2.89122e-09 4.49625e-05)
(6.0525e-09 5.79462e-09 3.44751e-05)
(8.08863e-09 6.46551e-09 8.16255e-05)
(3.34879e-09 -3.02587e-09 0.000112348)
(4.12574e-09 -1.33408e-09 0.000128936)
(1.86323e-09 1.33695e-09 0.000135781)
(9.17729e-10 3.33503e-09 0.000135781)
(-5.46421e-10 1.7338e-09 0.000128936)
(3.62006e-10 8.52149e-11 0.000112348)
(-2.09059e-09 2.18819e-09 8.16253e-05)
(-4.22534e-10 -3.61038e-09 3.44754e-05)
(4.24782e-10 -4.15679e-09 2.10742e-05)
(5.61005e-09 4.92077e-09 5.33124e-05)
(-2.8946e-09 -3.17749e-09 7.8569e-05)
(-3.7342e-09 -2.63317e-09 9.57186e-05)
(-1.50338e-09 1.60514e-09 0.000104217)
(8.72163e-10 2.68764e-09 0.000104216)
(3.48738e-09 1.89748e-10 9.57186e-05)
(4.81809e-09 1.15581e-09 7.8569e-05)
(-4.59765e-10 5.85352e-09 5.33125e-05)
(3.9267e-09 -7.72877e-09 2.10745e-05)
(-1.30241e-08 -1.07761e-08 7.96051e-06)
(-4.61841e-09 -3.04299e-10 1.99925e-05)
(-1.92657e-09 -4.73946e-10 3.20546e-05)
(-5.59974e-09 -1.91933e-09 4.12623e-05)
(-3.86557e-09 3.21313e-10 4.61616e-05)
(-2.19901e-09 2.71243e-10 4.61617e-05)
(-5.93866e-10 -2.04816e-10 4.12622e-05)
(-4.23018e-09 2.6881e-09 3.20543e-05)
(9.64423e-10 3.7959e-09 1.99922e-05)
(1.07433e-08 -7.88971e-09 7.96037e-06)
(-1.02051e-08 7.24349e-09 7.96049e-06)
(8.11624e-10 -4.71782e-09 1.99923e-05)
(-5.23257e-10 3.54389e-09 3.20545e-05)
(-6.27381e-09 1.90157e-09 4.12621e-05)
(-1.5756e-09 -1.79201e-09 4.61617e-05)
(-1.96154e-09 -1.51666e-09 4.61614e-05)
(7.63744e-10 1.08483e-09 4.12618e-05)
(-4.20255e-09 9.68466e-10 3.2054e-05)
(-6.89473e-09 -7.30296e-09 1.99925e-05)
(2.64259e-09 1.14267e-09 7.96065e-06)
(-7.69546e-09 1.08373e-08 2.10744e-05)
(-5.44919e-09 -2.80238e-09 5.3313e-05)
(-2.55269e-09 -3.67604e-10 7.85695e-05)
(2.61681e-09 -3.75139e-10 9.57178e-05)
(8.57699e-10 -3.16848e-09 0.000104216)
(7.76346e-10 -2.165e-09 0.000104216)
(-1.1306e-09 1.64652e-09 9.57171e-05)
(2.13344e-09 7.17545e-10 7.85686e-05)
(1.027e-09 -5.36579e-09 5.33125e-05)
(-3.73703e-10 1.30239e-11 2.1075e-05)
(-6.49514e-09 1.32905e-08 3.44758e-05)
(-8.59926e-09 5.90911e-09 8.16256e-05)
(-5.27191e-09 -5.13522e-09 0.000112349)
(-6.81462e-10 -4.46524e-09 0.000128937)
(-1.66219e-09 -3.26981e-09 0.000135781)
(-2.48346e-09 -2.10453e-09 0.000135781)
(-3.02633e-09 -3.14488e-09 0.000128936)
(2.01747e-09 -3.48651e-09 0.000112348)
(4.48425e-09 1.90632e-09 8.16254e-05)
(1.75821e-09 2.867e-09 3.44755e-05)
(2.66602e-10 8.75035e-09 4.49626e-05)
(4.81564e-09 4.06129e-09 0.000100996)
(3.60167e-09 -2.56612e-09 0.000130793)
(1.51869e-09 -3.30898e-09 0.000142989)
(7.30591e-11 -2.19495e-09 0.000146868)
(-1.09092e-09 -1.4609e-09 0.000146868)
(-2.19811e-09 -3.05697e-09 0.000142989)
(-3.25304e-09 -3.84463e-09 0.000130794)
(-3.31462e-09 -8.78812e-10 0.000100997)
(-2.65223e-10 3.95271e-09 4.49627e-05)
(3.1553e-10 1.57028e-09 5.06812e-05)
(3.12931e-09 7.35354e-10 0.000110385)
(2.31428e-09 1.86345e-10 0.000138063)
(3.86435e-10 -5.35745e-10 0.000147257)
(-1.79121e-10 -7.22628e-11 0.000149555)
(-5.20991e-11 3.35866e-11 0.000149556)
(-1.7948e-11 -8.2722e-10 0.000147258)
(-1.38607e-09 -6.01152e-10 0.000138064)
(-2.59103e-09 -1.73773e-09 0.000110386)
(-5.96619e-10 5.16038e-10 5.06814e-05)
(3.70264e-10 1.65186e-09 5.06814e-05)
(3.12255e-09 -1.703e-09 0.000110385)
(3.11596e-09 3.74736e-10 0.000138063)
(8.22669e-10 -1.13542e-10 0.000147257)
(4.07855e-10 -6.43531e-10 0.000149555)
(-7.73675e-11 -6.61924e-10 0.000149555)
(2.41702e-10 -1.52809e-09 0.000147258)
(-1.47149e-09 1.15446e-09 0.000138064)
(-2.16414e-09 -2.29769e-09 0.000110386)
(-1.12515e-10 8.35464e-10 5.06815e-05)
(2.26485e-10 -4.68833e-09 4.49626e-05)
(4.72673e-09 -7.01407e-09 0.000100997)
(5.14945e-09 2.66097e-09 0.000130793)
(2.10147e-09 2.05521e-09 0.000142989)
(1.24379e-09 1.44333e-09 0.000146868)
(3.8357e-11 6.58305e-10 0.000146868)
(-6.65962e-10 8.44782e-10 0.000142989)
(-4.05289e-09 3.8877e-09 0.000130794)
(-4.3333e-09 -4.99825e-09 0.000100997)
(-1.24132e-09 -5.79019e-10 4.49625e-05)
(-4.86932e-09 -1.05303e-08 3.4476e-05)
(-6.78506e-09 -1.22017e-08 8.16264e-05)
(-3.09366e-09 6.41433e-09 0.000112349)
(-2.05234e-10 3.73608e-09 0.000128937)
(3.67238e-10 2.27127e-09 0.000135781)
(7.43597e-10 1.63424e-09 0.000135781)
(6.2606e-10 2.25816e-09 0.000128937)
(7.23709e-10 7.17233e-09 0.000112348)
(2.09441e-09 -9.45384e-09 8.16251e-05)
(-1.6492e-10 -3.71388e-09 3.44757e-05)
(-7.6802e-09 -1.11083e-08 2.10752e-05)
(-1.11468e-08 -6.71892e-09 5.33147e-05)
(-4.66617e-09 4.7284e-09 7.85711e-05)
(9.07888e-10 9.82468e-10 9.57181e-05)
(1.37535e-10 1.7551e-09 0.000104215)
(1.58943e-09 1.36222e-09 0.000104215)
(7.99024e-10 5.7708e-10 9.57176e-05)
(3.60436e-09 6.81584e-09 7.85698e-05)
(6.82534e-09 -4.19437e-09 5.33128e-05)
(3.58759e-09 -7.18312e-09 2.1075e-05)
(-1.01203e-08 -7.73515e-09 7.96111e-06)
(-8.13125e-09 -1.62165e-09 1.99931e-05)
(-3.41681e-09 8.01739e-11 3.20547e-05)
(-3.07554e-09 -1.03692e-09 4.12617e-05)
(-3.03577e-09 7.75001e-10 4.61608e-05)
(-5.86041e-10 8.65491e-10 4.61611e-05)
(-6.93783e-10 -1.49933e-10 4.12615e-05)
(-2.02238e-10 2.131e-09 3.20544e-05)
(4.48044e-09 -4.0757e-11 1.99925e-05)
(5.68599e-09 -4.36239e-09 7.96077e-06)
(-1.12621e-08 7.62444e-09 7.96099e-06)
(-3.99083e-10 -2.79443e-09 1.99931e-05)
(1.19274e-09 5.83109e-10 3.20557e-05)
(-1.97522e-09 1.34294e-10 4.12627e-05)
(1.66663e-09 -1.14705e-09 4.61626e-05)
(1.23199e-09 -7.37083e-10 4.61628e-05)
(4.84993e-09 1.11632e-09 4.12631e-05)
(8.57627e-10 7.16437e-10 3.20555e-05)
(2.68247e-09 -1.11262e-09 1.99927e-05)
(8.86313e-09 6.93434e-09 7.96049e-06)
(-2.9958e-09 5.45558e-09 2.10748e-05)
(-2.00937e-09 -1.52305e-09 5.33124e-05)
(-6.82225e-09 1.66154e-09 7.85706e-05)
(-5.28981e-09 9.87981e-11 9.57187e-05)
(-2.31838e-09 -3.08079e-09 0.000104218)
(-9.75185e-10 -2.9804e-09 0.000104217)
(6.76382e-10 -2.76974e-10 9.5719e-05)
(3.48315e-09 -3.8681e-11 7.85704e-05)
(2.96096e-09 -1.3842e-09 5.33117e-05)
(5.82324e-09 8.52065e-09 2.10742e-05)
(3.55243e-09 1.14908e-10 3.44759e-05)
(4.72713e-09 -1.42278e-09 8.16251e-05)
(3.62719e-10 3.21047e-10 0.000112349)
(2.02491e-09 -2.21035e-09 0.000128937)
(8.65831e-10 -3.64281e-09 0.000135781)
(-2.42895e-11 -3.67995e-09 0.000135781)
(-8.51537e-10 -2.47704e-09 0.000128936)
(4.41113e-10 -1.3169e-09 0.000112347)
(-5.38276e-10 -5.1341e-10 8.16238e-05)
(1.36519e-09 6.09709e-09 3.44745e-05)
(1.16445e-09 -7.32619e-10 4.49623e-05)
(2.94781e-09 -2.10782e-09 0.000100997)
(3.43886e-09 -4.70091e-10 0.000130793)
(2.84378e-09 -1.61509e-09 0.000142989)
(6.1052e-10 -1.87581e-09 0.000146868)
(-1.35313e-09 -1.41509e-09 0.000146868)
(-3.37579e-09 -1.64689e-09 0.000142989)
(-3.67152e-09 -1.2803e-09 0.000130792)
(-3.60823e-09 -1.64068e-09 0.000100996)
(-2.57465e-10 3.93842e-09 4.49618e-05)
(3.23595e-10 3.21518e-10 5.06814e-05)
(-7.31477e-10 -4.73345e-10 0.000110386)
(-6.51558e-10 4.20891e-10 0.000138062)
(3.02364e-10 -5.34086e-10 0.000147257)
(-9.19955e-11 -2.55624e-10 0.000149555)
(-2.64003e-10 -4.17164e-10 0.000149556)
(-3.50524e-10 -5.23289e-10 0.000147257)
(-3.88084e-10 -1.19447e-11 0.000138062)
(-1.76831e-09 -1.34272e-09 0.000110385)
(-9.243e-10 7.90483e-10 5.06808e-05)
(7.50661e-10 3.14831e-09 5.06814e-05)
(-5.35115e-10 1.94005e-09 0.000110386)
(-3.87261e-10 6.33985e-10 0.000138063)
(2.44203e-10 -2.0294e-09 0.000147257)
(2.38154e-10 -2.02881e-09 0.000149555)
(1.48148e-10 -2.20398e-09 0.000149556)
(1.36202e-10 -1.48886e-09 0.000147257)
(-2.09592e-11 1.61121e-09 0.000138062)
(-1.33948e-09 1.22631e-09 0.000110386)
(-6.87948e-10 1.19444e-09 5.06804e-05)
(2.51216e-09 5.13069e-09 4.49625e-05)
(2.53352e-09 3.92574e-09 0.000100997)
(2.22548e-09 1.17253e-09 0.000130793)
(3.13526e-09 -1.70765e-09 0.000142989)
(1.96436e-09 -1.31094e-09 0.000146868)
(5.22894e-10 -1.19939e-09 0.000146868)
(-6.55847e-10 -3.83419e-10 0.000142989)
(-8.89953e-10 3.22616e-09 0.000130793)
(-2.4026e-09 2.13087e-09 0.000100998)
(-1.32197e-09 -5.35175e-10 4.49616e-05)
(7.38165e-09 6.16895e-09 3.4476e-05)
(8.28896e-09 8.734e-09 8.16253e-05)
(7.93432e-10 -7.4044e-10 0.000112348)
(2.62984e-09 -2.01758e-09 0.000128936)
(1.83011e-09 -3.6655e-11 0.000135781)
(1.24389e-09 -2.40991e-10 0.000135781)
(-4.32454e-11 -2.17464e-10 0.000128937)
(9.0427e-10 2.53229e-09 0.000112349)
(-4.46098e-09 6.0885e-09 8.16256e-05)
(-2.38746e-09 -2.36242e-09 3.44758e-05)
(2.72842e-09 -1.12045e-10 2.10749e-05)
(1.15929e-08 1.3505e-08 5.33123e-05)
(3.36937e-09 3.25544e-10 7.85695e-05)
(1.11186e-09 -4.88881e-09 9.57179e-05)
(8.31486e-10 -5.353e-10 0.000104216)
(3.69942e-10 -2.4363e-10 0.000104216)
(-5.62256e-10 -1.54713e-09 9.57184e-05)
(-1.52344e-09 3.58218e-09 7.85704e-05)
(-4.19101e-09 9.20923e-09 5.33126e-05)
(4.12835e-09 -7.52767e-09 2.10751e-05)
(-9.75119e-09 -6.67854e-09 7.96069e-06)
(3.81275e-09 6.54878e-09 1.9993e-05)
(8.11413e-09 2.56075e-09 3.2055e-05)
(8.84981e-10 -2.38891e-09 4.12622e-05)
(-5.70023e-10 -3.48595e-10 4.61617e-05)
(-5.65483e-10 3.53469e-10 4.6162e-05)
(-1.67724e-09 -7.33111e-11 4.12623e-05)
(-7.08953e-09 3.28359e-09 3.20553e-05)
(-6.1091e-10 4.04889e-09 1.99928e-05)
(1.07324e-08 -8.05687e-09 7.96077e-06)
(-1.30369e-08 9.002e-09 7.961e-06)
(1.57266e-09 -4.22647e-09 1.99936e-05)
(-1.93559e-09 4.64169e-09 3.2056e-05)
(-9.19526e-09 9.30086e-10 4.12635e-05)
(-4.50391e-10 -1.83002e-09 4.61629e-05)
(-2.64613e-09 -1.6607e-09 4.61628e-05)
(3.64562e-09 7.48416e-10 4.12631e-05)
(-2.00027e-09 2.81112e-09 3.20549e-05)
(-5.16749e-09 -6.98366e-09 1.99925e-05)
(1.05505e-08 7.46541e-09 7.96032e-06)
(-5.86275e-09 8.6728e-09 2.10754e-05)
(-2.16175e-09 -2.09561e-09 5.33125e-05)
(-4.97853e-09 7.1929e-09 7.85698e-05)
(-1.12351e-09 -1.57211e-09 9.57202e-05)
(1.70639e-10 -4.98441e-09 0.000104219)
(-2.43165e-10 -4.12213e-09 0.000104219)
(1.79009e-09 -2.10394e-10 9.572e-05)
(3.73598e-09 5.8319e-09 7.85697e-05)
(-3.14218e-09 -7.08186e-09 5.33118e-05)
(1.67697e-09 4.40172e-09 2.10742e-05)
(-4.52785e-09 9.55492e-09 3.44761e-05)
(-5.31939e-09 3.25483e-09 8.16263e-05)
(-6.70118e-09 6.41177e-09 0.000112349)
(2.36724e-11 -6.01097e-09 0.000128937)
(4.48234e-11 -5.94427e-09 0.000135782)
(-5.05775e-10 -4.71756e-09 0.000135782)
(-9.81581e-10 -4.59191e-09 0.000128937)
(3.8331e-09 5.81537e-09 0.000112348)
(4.35523e-10 -1.29113e-09 8.16254e-05)
(-4.34207e-10 2.46691e-09 3.44757e-05)
(1.13596e-09 5.7769e-09 4.49616e-05)
(3.00397e-09 2.49879e-09 0.000100997)
(2.23236e-09 4.64657e-09 0.000130793)
(3.24858e-09 -5.07975e-09 0.00014299)
(-5.86874e-10 -3.89362e-09 0.000146869)
(-1.72012e-09 -2.69685e-09 0.000146869)
(-5.38626e-09 -3.62667e-09 0.000142989)
(-4.04983e-09 3.27717e-09 0.000130793)
(-4.0919e-09 -2.16339e-09 0.000100996)
(-2.42982e-09 6.53696e-10 4.49615e-05)
(1.25715e-09 2.13185e-10 5.06808e-05)
(1.71894e-09 6.48232e-10 0.000110385)
(1.305e-09 2.91763e-09 0.000138062)
(1.25745e-09 -1.38351e-09 0.000147257)
(-7.75054e-10 -2.4159e-10 0.000149555)
(-2.84733e-10 -7.72654e-11 0.000149555)
(-2.38794e-09 -9.53764e-10 0.000147257)
(-1.66293e-09 1.19988e-09 0.000138062)
(-1.87453e-09 -1.78516e-09 0.000110384)
(-1.72076e-09 -1.58345e-09 5.06809e-05)
(9.15336e-10 3.41402e-10 5.06807e-05)
(2.20298e-09 3.2752e-10 0.000110385)
(2.47457e-09 1.72541e-09 0.000138062)
(2.12543e-09 -1.01183e-09 0.000147257)
(2.26512e-10 -6.97377e-10 0.000149555)
(1.55865e-10 -3.56904e-10 0.000149556)
(-8.55692e-10 -9.06233e-10 0.000147257)
(-1.42549e-09 9.57652e-10 0.000138062)
(-2.68062e-09 -7.62054e-10 0.000110384)
(-1.53631e-09 -1.58253e-09 5.06804e-05)
(3.4369e-10 -5.83101e-09 4.49617e-05)
(4.16303e-09 -2.30332e-09 0.000100996)
(3.82275e-09 2.14743e-09 0.000130793)
(1.5516e-09 1.66461e-09 0.000142989)
(-1.56786e-10 1.25854e-09 0.000146869)
(-7.81073e-11 1.54705e-09 0.000146869)
(-1.888e-09 1.92416e-09 0.000142989)
(-3.79928e-09 2.37619e-09 0.000130793)
(-5.35448e-09 -1.10039e-09 0.000100996)
(-1.18718e-09 -6.76471e-09 4.49615e-05)
(-5.5041e-09 -1.1093e-08 3.44754e-05)
(-4.34701e-09 -7.00683e-09 8.16252e-05)
(-1.81318e-09 4.10824e-09 0.000112348)
(3.37306e-10 3.46661e-09 0.000128937)
(8.25657e-10 2.32456e-09 0.000135782)
(1.14002e-09 1.92109e-09 0.000135782)
(1.98218e-09 2.27402e-09 0.000128937)
(2.60289e-09 5.01924e-09 0.000112349)
(3.64028e-09 -4.73977e-09 8.1625e-05)
(4.50577e-09 -1.02919e-08 3.44755e-05)
(-8.11114e-09 -1.12178e-08 2.10741e-05)
(-9.27416e-09 -4.84185e-09 5.33111e-05)
(-2.77416e-09 3.21501e-09 7.85701e-05)
(7.64502e-10 8.63447e-10 9.572e-05)
(-5.15585e-11 1.38115e-09 0.000104218)
(1.29302e-09 9.6603e-10 0.000104219)
(1.04849e-09 -1.81672e-10 9.57208e-05)
(2.21966e-09 5.11417e-09 7.8571e-05)
(6.52588e-09 -1.19995e-09 5.33121e-05)
(7.37548e-09 -1.0135e-08 2.10744e-05)
(-9.63715e-09 -7.59679e-09 7.96063e-06)
(-8.84013e-09 -2.53915e-09 1.9993e-05)
(-6.00456e-09 -1.39251e-09 3.2056e-05)
(-5.02853e-09 -9.11314e-10 4.1264e-05)
(-3.01454e-09 7.70311e-10 4.61635e-05)
(-1.79519e-09 7.20911e-10 4.61634e-05)
(-7.35735e-10 -5.27391e-12 4.12641e-05)
(-1.05785e-09 1.33773e-09 3.20565e-05)
(3.84578e-09 1.16946e-09 1.99935e-05)
(1.09149e-08 -8.15978e-09 7.96077e-06)
(-1.0568e-08 8.63762e-09 7.96042e-06)
(-7.0393e-09 9.26587e-10 1.99935e-05)
(-6.01328e-09 2.34167e-09 3.20545e-05)
(-7.65842e-09 2.05163e-09 4.12616e-05)
(-1.34965e-09 -5.38732e-10 4.61598e-05)
(1.11926e-09 -3.64709e-10 4.61601e-05)
(6.45502e-09 1.91587e-09 4.12621e-05)
(2.68702e-09 1.82716e-09 3.20548e-05)
(2.57643e-09 -1.97972e-09 1.99936e-05)
(9.52929e-09 7.43649e-09 7.96075e-06)
(-6.46652e-09 1.16552e-08 2.10745e-05)
(-3.86091e-09 2.50406e-09 5.33119e-05)
(-9.09816e-09 3.89313e-09 7.85683e-05)
(-6.04627e-09 -1.98476e-10 9.57188e-05)
(-5.18176e-10 -5.68496e-09 0.000104216)
(3.14476e-09 -6.03403e-09 0.000104217)
(9.67144e-09 1.89733e-10 9.57195e-05)
(1.30203e-08 4.67274e-09 7.85708e-05)
(6.85872e-09 1.99173e-09 5.33146e-05)
(7.04384e-09 1.07888e-08 2.1075e-05)
(9.26535e-10 4.32675e-09 3.44759e-05)
(4.89685e-09 1.01176e-09 8.16258e-05)
(2.53374e-09 2.8104e-09 0.000112349)
(3.39135e-09 -3.09438e-09 0.000128937)
(1.23051e-09 -6.00025e-09 0.000135781)
(-2.41309e-11 -6.3542e-09 0.000135781)
(-1.11511e-09 -2.68844e-09 0.000128938)
(-8.83952e-10 2.96737e-09 0.000112351)
(-3.15237e-09 2.91423e-09 8.16263e-05)
(-1.10334e-10 6.35251e-09 3.44754e-05)
(-3.95454e-10 3.35792e-09 4.49628e-05)
(2.33192e-09 -4.83908e-10 0.000100997)
(3.82337e-09 7.51543e-10 0.000130796)
(3.19369e-09 -1.14704e-09 0.00014299)
(2.12454e-10 -1.94258e-09 0.000146869)
(-1.7612e-09 -2.16481e-09 0.000146869)
(-4.52102e-09 -1.18279e-09 0.00014299)
(-4.42981e-09 4.71279e-10 0.000130795)
(-2.61932e-09 -1.1106e-09 0.000100996)
(5.32607e-10 3.26313e-09 4.49614e-05)
(1.09839e-09 1.85872e-09 5.06816e-05)
(6.93117e-10 6.86836e-10 0.000110385)
(2.53152e-10 1.27689e-10 0.000138065)
(8.02097e-10 -4.10003e-10 0.000147257)
(-3.22346e-10 -4.91806e-10 0.000149556)
(-9.75045e-11 -1.22253e-09 0.000149556)
(-1.33791e-09 -9.59267e-10 0.000147257)
(-6.81896e-10 -2.35503e-10 0.000138063)
(-1.53806e-09 -7.65208e-10 0.000110384)
(-1.11693e-09 1.64577e-09 5.0681e-05)
(1.36449e-09 2.86971e-09 5.06817e-05)
(7.84448e-10 2.61475e-09 0.000110385)
(1.81924e-10 6.44591e-10 0.000138064)
(3.99009e-10 -1.38322e-09 0.000147257)
(5.96661e-11 -1.1697e-09 0.000149556)
(2.83193e-10 -7.14199e-10 0.000149556)
(-1.49142e-09 -1.58446e-09 0.000147257)
(-1.21305e-09 3.46668e-10 0.000138063)
(-2.19424e-09 -5.18158e-10 0.000110385)
(-1.65056e-09 2.01978e-10 5.06811e-05)
(1.58742e-09 2.91148e-09 4.49626e-05)
(2.37992e-09 3.39578e-09 0.000100998)
(3.34723e-09 -2.99328e-10 0.000130795)
(3.89756e-09 -1.94693e-09 0.00014299)
(1.9078e-09 -5.94281e-10 0.000146868)
(1.77476e-10 7.76964e-10 0.000146868)
(-2.96941e-09 -1.36928e-09 0.00014299)
(-3.56895e-09 2.30079e-10 0.000130794)
(-2.465e-09 -1.26007e-09 0.000100997)
(-5.9157e-10 -1.75735e-09 4.49624e-05)
(6.11389e-09 4.29037e-09 3.4476e-05)
(8.37282e-09 4.39354e-09 8.16272e-05)
(3.77394e-09 -3.39072e-09 0.000112347)
(4.56486e-09 -1.44631e-09 0.000128936)
(2.2205e-09 2.69974e-09 0.00013578)
(1.83706e-09 4.13503e-09 0.00013578)
(1.9376e-10 3.24197e-10 0.000128936)
(9.28658e-10 -2.39526e-09 0.000112348)
(-2.86107e-09 -2.45286e-09 8.16271e-05)
(-1.48743e-09 -5.34756e-09 3.44758e-05)
(-2.31204e-09 -6.6563e-09 2.10748e-05)
(3.26639e-09 2.35495e-09 5.33119e-05)
(-3.91757e-09 -2.81225e-09 7.85676e-05)
(-3.98334e-09 -2.63434e-09 9.57162e-05)
(-6.68628e-10 2.26453e-09 0.000104215)
(2.75972e-09 3.0301e-09 0.000104215)
(8.54589e-09 -1.51491e-09 9.57162e-05)
(1.05667e-08 -1.42136e-09 7.85688e-05)
(5.64775e-09 -2.80684e-10 5.33132e-05)
(8.24561e-09 -1.28798e-08 2.10754e-05)
(-1.16291e-08 -9.23605e-09 7.96073e-06)
(-6.08394e-09 -1.31572e-09 1.99923e-05)
(-2.43745e-09 -8.12494e-10 3.20543e-05)
(-5.87842e-09 -2.12806e-09 4.12601e-05)
(-3.06878e-09 -2.13903e-10 4.61596e-05)
(-9.61093e-10 -1.95054e-10 4.61596e-05)
(2.57206e-09 -1.60238e-09 4.12604e-05)
(-4.73722e-10 9.61538e-10 3.20547e-05)
(4.50331e-09 1.56467e-09 1.99925e-05)
(1.41196e-08 -1.08715e-08 7.96077e-06)
(-1.76939e-08 1.45206e-08 7.96052e-06)
(-4.9495e-09 -2.79933e-09 1.99925e-05)
(7.40378e-09 -7.73448e-09 3.20543e-05)
(7.97118e-09 -1.01529e-09 4.12615e-05)
(3.22936e-09 2.33424e-09 4.61606e-05)
(-8.76071e-10 1.46346e-09 4.61607e-05)
(-4.05081e-09 -1.74507e-09 4.1262e-05)
(-1.47613e-09 -5.55256e-09 3.2055e-05)
(1.14463e-08 1.2844e-09 1.99929e-05)
(1.86977e-08 1.45648e-08 7.96054e-06)
(-1.0075e-09 8.04145e-09 2.10745e-05)
(6.41176e-10 -1.4428e-09 5.33132e-05)
(1.06144e-09 -1.2478e-08 7.85703e-05)
(1.76163e-09 -2.01516e-09 9.57175e-05)
(-1.49411e-09 2.8328e-09 0.000104214)
(4.15507e-10 1.67149e-09 0.000104215)
(-2.55898e-09 -2.2146e-09 9.57179e-05)
(-3.08941e-09 -1.14622e-08 7.85707e-05)
(1.77092e-09 8.66494e-10 5.33133e-05)
(7.08299e-09 1.42678e-08 2.10745e-05)
(3.28997e-09 -1.57716e-09 3.44749e-05)
(6.30346e-10 8.40555e-09 8.16252e-05)
(-1.29376e-09 -5.18456e-09 0.000112349)
(-2.63767e-09 -2.68154e-09 0.000128937)
(-2.23809e-09 -1.83939e-10 0.000135781)
(-5.52188e-10 -2.75994e-10 0.000135781)
(1.94898e-10 -2.64419e-09 0.000128938)
(1.89474e-09 -5.57089e-09 0.00011235)
(6.18795e-10 7.80223e-09 8.16257e-05)
(-1.27594e-09 3.45009e-09 3.44749e-05)
(-2.42983e-09 1.69837e-09 4.49621e-05)
(-3.34179e-09 7.46112e-09 0.000100996)
(-7.02626e-10 -1.29676e-09 0.000130794)
(-1.21157e-09 -1.55378e-09 0.000142989)
(-1.82216e-10 -3.4202e-10 0.000146868)
(5.15453e-10 -5.23336e-10 0.000146868)
(1.83061e-09 -2.61294e-09 0.000142989)
(6.58499e-11 -2.19158e-09 0.000130794)
(1.53763e-09 7.45339e-09 0.000100997)
(2.42509e-09 4.27004e-09 4.49622e-05)
(-2.02207e-10 1.19878e-09 5.06802e-05)
(1.03482e-09 4.10038e-09 0.000110384)
(1.06689e-09 -4.92121e-10 0.000138063)
(-5.67936e-10 -8.59536e-10 0.000147257)
(-1.59676e-10 -4.29945e-10 0.000149555)
(8.11062e-10 -9.16863e-10 0.000149556)
(4.68913e-10 -6.24582e-10 0.000147257)
(-2.16471e-09 1.14946e-10 0.000138063)
(-2.53891e-09 4.3828e-09 0.000110385)
(-2.75295e-10 3.54614e-09 5.0681e-05)
(8.36264e-11 4.96551e-10 5.06802e-05)
(7.68667e-10 2.74524e-09 0.000110384)
(7.24486e-10 1.55746e-09 0.000138063)
(-1.18529e-10 5.27151e-10 0.000147257)
(-3.27418e-10 -1.01142e-09 0.000149555)
(7.34469e-10 -1.33634e-09 0.000149555)
(5.14328e-10 9.42166e-10 0.000147257)
(-1.49738e-09 1.84697e-09 0.000138063)
(-3.08598e-09 3.7792e-09 0.000110385)
(-1.33318e-09 1.14933e-09 5.06809e-05)
(-9.61604e-11 6.9921e-11 4.49613e-05)
(-2.62537e-09 1.20272e-09 0.000100996)
(-2.47409e-09 2.40445e-09 0.000130793)
(-1.07065e-10 1.29748e-09 0.000142989)
(-4.70793e-10 -1.88539e-09 0.000146869)
(1.08798e-09 -1.59621e-09 0.000146868)
(7.28774e-10 3.31445e-09 0.00014299)
(2.26038e-09 4.13558e-09 0.000130794)
(1.56878e-09 2.66355e-09 0.000100997)
(-1.72893e-10 -1.44037e-10 4.49625e-05)
(4.51794e-09 1.6784e-09 3.44744e-05)
(3.49534e-09 6.12715e-09 8.1626e-05)
(-2.29906e-09 2.23396e-09 0.000112349)
(-7.56529e-10 1.15328e-09 0.000128938)
(-2.85657e-09 -1.93445e-09 0.000135782)
(-1.63471e-09 -2.36465e-09 0.000135782)
(-4.60875e-09 1.26917e-09 0.000128938)
(1.63589e-11 3.57473e-09 0.000112349)
(-4.64702e-09 8.7887e-09 8.16266e-05)
(-5.57321e-09 3.38046e-09 3.44754e-05)
(-1.61098e-09 -5.45873e-09 2.10748e-05)
(1.16325e-08 1.64103e-08 5.33144e-05)
(6.85288e-09 6.35759e-09 7.85704e-05)
(3.6352e-09 1.30313e-09 9.57179e-05)
(3.398e-10 -3.4936e-09 0.000104216)
(-2.34244e-09 -2.81853e-09 0.000104215)
(-6.58077e-09 1.11088e-09 9.57174e-05)
(-1.13246e-08 6.50247e-09 7.85699e-05)
(-1.39121e-08 1.58728e-08 5.33135e-05)
(1.63746e-09 -5.74229e-09 2.10752e-05)
(-1.26515e-08 -9.17283e-09 7.96081e-06)
(6.93276e-09 9.77739e-09 1.9993e-05)
(1.27888e-08 5.00895e-09 3.20545e-05)
(7.17793e-09 1.73441e-09 4.12618e-05)
(4.73064e-09 -1.55426e-09 4.61614e-05)
(-2.57396e-09 -6.61034e-10 4.61616e-05)
(-2.78851e-09 2.54869e-09 4.1262e-05)
(-8.3038e-09 4.55369e-09 3.20554e-05)
(-1.70129e-09 6.36088e-09 1.99933e-05)
(1.50154e-08 -1.10245e-08 7.96091e-06)
(-9.83405e-09 7.56853e-09 7.96064e-06)
(-4.39699e-09 -6.10949e-10 1.99921e-05)
(-3.80969e-09 2.30213e-09 3.2055e-05)
(-7.39985e-09 1.10831e-09 4.12635e-05)
(-2.88901e-09 -1.85405e-09 4.61641e-05)
(-8.18815e-10 -1.50008e-09 4.61638e-05)
(2.45333e-09 -1.5912e-10 4.12634e-05)
(-1.25908e-10 -3.92861e-10 3.20553e-05)
(3.09418e-09 -1.94768e-09 1.99927e-05)
(1.17253e-08 8.75671e-09 7.96077e-06)
(-4.97197e-09 9.18211e-09 2.10743e-05)
(-2.46061e-09 -1.34615e-10 5.33114e-05)
(-3.5317e-09 2.37598e-09 7.85695e-05)
(-6.74458e-11 -7.22105e-10 9.5719e-05)
(-5.33728e-10 -3.89381e-09 0.000104218)
(-2.29153e-10 -3.72177e-09 0.000104218)
(1.07238e-09 -5.97829e-10 9.57192e-05)
(3.76437e-09 5.361e-10 7.8569e-05)
(1.53787e-09 -2.41776e-09 5.33107e-05)
(5.77766e-09 9.40595e-09 2.10746e-05)
(-1.53075e-09 6.87067e-09 3.44749e-05)
(1.19195e-10 1.12788e-09 8.16241e-05)
(-1.90168e-09 4.84667e-10 0.000112347)
(-2.99578e-11 -2.69808e-09 0.000128937)
(-1.09172e-09 -3.10357e-09 0.000135782)
(-2.20159e-09 -3.91958e-09 0.000135781)
(-2.02291e-09 -3.03559e-09 0.000128937)
(6.50499e-10 -1.19646e-09 0.000112347)
(-2.8746e-10 -1.06974e-09 8.1625e-05)
(2.53479e-09 6.58082e-09 3.44755e-05)
(1.40209e-09 4.61465e-09 4.49617e-05)
(4.87689e-09 3.44955e-10 0.000100996)
(3.20406e-09 -2.3035e-10 0.000130791)
(2.18241e-09 -2.33496e-09 0.000142988)
(1.05826e-09 -2.18576e-09 0.000146867)
(-4.80282e-10 -2.74446e-09 0.000146868)
(-3.12051e-09 -3.49665e-09 0.000142988)
(-3.61884e-09 -2.96224e-09 0.000130792)
(-3.80264e-09 -1.37994e-09 0.000100997)
(-5.74975e-10 5.28722e-09 4.49622e-05)
(8.17255e-10 -4.10877e-10 5.06804e-05)
(1.05805e-09 5.03563e-10 0.000110385)
(1.39628e-10 6.68104e-10 0.000138062)
(4.63353e-10 -1.30138e-09 0.000147256)
(3.8519e-10 -8.65027e-10 0.000149555)
(3.56912e-10 -1.09052e-09 0.000149555)
(-8.46628e-10 -9.21804e-10 0.000147257)
(-1.41928e-09 -5.05085e-10 0.000138062)
(-2.25056e-09 -9.51939e-10 0.000110385)
(-1.06422e-09 7.02153e-10 5.06809e-05)
(1.01172e-09 1.97952e-09 5.06805e-05)
(1.66035e-09 1.78922e-09 0.000110385)
(1.05852e-09 4.84705e-10 0.000138062)
(1.19398e-09 -2.13693e-09 0.000147257)
(6.46214e-10 -1.25421e-09 0.000149555)
(-3.09425e-11 -1.19241e-09 0.000149555)
(-8.58416e-10 -1.21887e-09 0.000147256)
(-1.4773e-09 -9.34342e-10 0.000138062)
(-2.57574e-09 -3.02859e-11 0.000110385)
(-1.15289e-09 1.31142e-09 5.06806e-05)
(2.54133e-09 -2.10442e-09 4.49621e-05)
(4.40026e-09 1.91812e-09 0.000100996)
(2.39801e-09 1.47858e-09 0.000130792)
(2.53617e-09 -8.86696e-10 0.000142988)
(3.86978e-10 -2.15264e-10 0.000146868)
(1.16963e-10 3.4588e-10 0.000146868)
(-1.62318e-09 4.95159e-10 0.000142989)
(-8.25786e-10 6.66617e-10 0.000130792)
(-2.59431e-09 -9.41513e-10 0.000100996)
(-1.9777e-09 -3.2153e-09 4.49619e-05)
(6.80649e-10 -3.78416e-09 3.44748e-05)
(1.36987e-09 3.09158e-09 8.16241e-05)
(-1.99497e-09 1.97463e-10 0.000112348)
(8.96757e-10 -1.6533e-09 0.000128938)
(1.84225e-10 6.19872e-10 0.000135783)
(1.09664e-09 9.96733e-10 0.000135783)
(9.96371e-10 -1.11308e-09 0.000128937)
(4.47239e-09 -1.60533e-09 0.000112348)
(1.07963e-09 -6.97854e-11 8.16247e-05)
(2.84822e-10 -5.00097e-09 3.44753e-05)
(-6.15403e-09 -9.55173e-09 2.10741e-05)
(1.85007e-10 4.08198e-09 5.33119e-05)
(-5.99426e-10 2.18086e-10 7.85705e-05)
(-9.45615e-10 -2.89646e-09 9.57199e-05)
(-2.27502e-10 8.70816e-10 0.000104218)
(6.93206e-10 1.06284e-09 0.000104219)
(2.60921e-09 -2.86975e-09 9.57206e-05)
(2.75568e-09 -6.47199e-11 7.85704e-05)
(7.02015e-10 3.03832e-09 5.33112e-05)
(5.80281e-09 -9.26231e-09 2.1074e-05)
(-1.29263e-08 -9.62613e-09 7.96032e-06)
(-4.75192e-09 5.85191e-10 1.9993e-05)
(-1.00732e-09 -5.26363e-10 3.20558e-05)
(-5.34349e-09 -1.27249e-09 4.12646e-05)
(-1.69041e-09 5.01604e-10 4.61643e-05)
(-1.25632e-09 7.16999e-10 4.61644e-05)
(1.87386e-09 -5.11524e-10 4.12644e-05)
(-1.72278e-09 1.70212e-09 3.20558e-05)
(2.49354e-09 1.9063e-09 1.99933e-05)
(1.32903e-08 -1.01824e-08 7.96057e-06)
(-1.58754e-08 1.22413e-08 7.96071e-06)
(-6.83946e-09 6.93866e-10 1.99931e-05)
(-3.0216e-09 1.45197e-09 3.20557e-05)
(-5.09127e-09 -6.04374e-11 4.12636e-05)
(-8.50821e-10 -1.61429e-09 4.61633e-05)
(-1.12705e-09 -1.55717e-09 4.61633e-05)
(2.32158e-09 -1.64029e-10 4.12635e-05)
(-8.45407e-10 -7.74115e-10 3.20557e-05)
(3.39178e-09 -1.46834e-09 1.99934e-05)
(1.3044e-08 9.99308e-09 7.96113e-06)
(-6.45688e-09 1.04154e-08 2.10742e-05)
(-2.51868e-09 -1.25367e-09 5.33127e-05)
(-3.09324e-09 4.76837e-10 7.85706e-05)
(-1.67502e-09 -1.06551e-09 9.57199e-05)
(-6.44108e-10 -3.682e-09 0.000104218)
(2.77138e-10 -3.87148e-09 0.000104218)
(1.54965e-09 -5.20161e-10 9.57198e-05)
(3.03623e-09 -7.2847e-11 7.85699e-05)
(2.1062e-09 -1.48857e-09 5.33125e-05)
(5.84177e-09 9.50621e-09 2.1075e-05)
(-3.13221e-09 8.52508e-09 3.44748e-05)
(-1.05864e-09 6.67357e-10 8.16246e-05)
(-1.78845e-09 -7.10874e-10 0.000112348)
(1.13855e-09 -3.16161e-09 0.000128937)
(2.0605e-10 -3.8421e-09 0.000135782)
(-6.87603e-10 -4.69149e-09 0.000135782)
(-1.00346e-09 -3.27333e-09 0.000128937)
(8.03318e-10 -7.47995e-10 0.000112348)
(3.36047e-10 8.75112e-10 8.16249e-05)
(2.10978e-09 7.00685e-09 3.44756e-05)
(1.10132e-09 5.7422e-09 4.49612e-05)
(4.83406e-09 2.38069e-10 0.000100996)
(3.64808e-09 -6.95089e-10 0.000130792)
(3.40411e-09 -2.50987e-09 0.000142989)
(9.07129e-10 -2.41569e-09 0.000146868)
(-7.14181e-10 -2.50629e-09 0.000146868)
(-2.69377e-09 -3.07298e-09 0.000142989)
(-3.01017e-09 -1.41379e-09 0.000130793)
(-3.64483e-09 2.09018e-10 0.000100996)
(-9.98978e-10 5.18776e-09 4.49619e-05)
(9.6195e-10 -4.22653e-10 5.06806e-05)
(2.01808e-09 -6.57035e-10 0.000110385)
(1.0679e-09 1.31658e-10 0.000138062)
(1.06139e-09 -3.15635e-10 0.000147257)
(3.55065e-10 -4.80304e-10 0.000149555)
(2.04785e-10 -2.19333e-10 0.000149555)
(-8.02593e-10 -3.62501e-10 0.000147257)
(-9.66877e-10 7.04933e-10 0.000138062)
(-1.88232e-09 2.66528e-10 0.000110385)
(-1.33139e-09 -1.67134e-10 5.06807e-05)
(8.99115e-10 3.91494e-09 5.06804e-05)
(7.02162e-10 5.76455e-10 0.000110384)
(5.24936e-10 -2.80317e-10 0.000138062)
(7.17659e-10 -1.10432e-09 0.000147257)
(-1.80303e-10 -1.47142e-09 0.000149555)
(-1.57294e-10 -1.4296e-09 0.000149555)
(-5.73546e-10 -1.7872e-09 0.000147257)
(-1.38531e-10 -2.21426e-10 0.000138063)
(-1.45743e-09 1.14975e-09 0.000110385)
(-1.20106e-09 1.88029e-09 5.06807e-05)
(2.97686e-09 -1.55997e-09 4.49617e-05)
(3.7646e-09 -5.78108e-10 0.000100996)
(1.59038e-09 5.27439e-10 0.000130793)
(2.45302e-09 2.70314e-10 0.000142988)
(4.97859e-10 3.12757e-10 0.000146868)
(2.33668e-10 5.97095e-10 0.000146868)
(-1.81637e-09 -1.14029e-10 0.000142989)
(-7.29118e-10 1.80052e-09 0.000130793)
(-2.42515e-09 1.42741e-09 0.000100997)
(-2.09343e-09 -2.27457e-09 4.49617e-05)
(1.63245e-09 -3.87368e-09 3.44752e-05)
(1.93925e-09 2.37036e-09 8.16256e-05)
(-2.19044e-09 -4.69022e-10 0.000112349)
(1.18594e-09 -9.24596e-10 0.000128937)
(4.67744e-10 1.15024e-09 0.000135782)
(1.35937e-09 1.06887e-09 0.000135781)
(4.51135e-10 -1.21751e-09 0.000128937)
(2.78349e-09 -3.10703e-10 0.000112348)
(-1.5674e-09 3.89167e-09 8.16258e-05)
(-1.48305e-09 -2.43962e-09 3.44755e-05)
(-5.11742e-09 -9.90802e-09 2.10746e-05)
(2.36034e-09 4.77847e-09 5.33127e-05)
(8.48168e-10 -4.7656e-10 7.85697e-05)
(4.33106e-10 -2.49194e-09 9.57181e-05)
(2.88279e-10 1.23607e-09 0.000104216)
(2.36144e-10 9.07494e-10 0.000104216)
(3.94164e-10 -2.02598e-09 9.57181e-05)
(-2.30503e-09 1.68391e-09 7.85691e-05)
(-5.11615e-09 8.34251e-09 5.33119e-05)
(4.47021e-09 -7.64182e-09 2.10739e-05)
(-1.59412e-08 -1.26313e-08 7.96052e-06)
(-5.02785e-09 1.86137e-10 1.99927e-05)
(-1.21152e-09 -8.83606e-10 3.20546e-05)
(-5.68519e-09 -1.1559e-09 4.12621e-05)
(-2.58091e-09 1.15753e-09 4.61615e-05)
(-2.40998e-09 1.23259e-09 4.61614e-05)
(-2.12042e-10 5.41236e-10 4.12618e-05)
(-4.86189e-09 2.76269e-09 3.2054e-05)
(2.93224e-10 3.62056e-09 1.99918e-05)
(1.34146e-08 -1.0616e-08 7.96006e-06)
(-1.69119e-08 1.26302e-08 7.96053e-06)
(-8.08127e-09 1.43285e-09 1.99928e-05)
(-5.54701e-09 3.51081e-09 3.20553e-05)
(-8.87512e-09 1.43886e-09 4.12631e-05)
(-3.43308e-09 -1.93877e-09 4.61623e-05)
(1.47722e-10 -2.47456e-09 4.61624e-05)
(5.70803e-09 2.61906e-10 4.12629e-05)
(3.09992e-09 1.03068e-09 3.20551e-05)
(5.73688e-09 -7.75021e-11 1.99926e-05)
(1.39437e-08 1.04658e-08 7.9604e-06)
(-7.94198e-09 1.24957e-08 2.1075e-05)
(-5.00105e-09 1.37721e-09 5.33126e-05)
(-5.75486e-09 2.69545e-09 7.857e-05)
(-2.06475e-09 -2.37048e-10 9.57192e-05)
(3.06472e-10 -5.48651e-09 0.000104217)
(1.91988e-09 -5.85321e-09 0.000104217)
(5.48628e-09 2.65951e-10 9.57194e-05)
(6.84305e-09 2.95404e-09 7.85698e-05)
(3.8732e-09 6.13481e-10 5.33119e-05)
(6.53002e-09 1.02687e-08 2.10741e-05)
(-3.15043e-09 9.65339e-09 3.44757e-05)
(-1.22947e-09 2.16982e-09 8.16251e-05)
(-2.0973e-09 2.21777e-10 0.000112348)
(3.84541e-10 -2.88108e-09 0.000128937)
(-4.53311e-10 -5.41146e-09 0.000135782)
(-1.47147e-09 -5.76531e-09 0.000135781)
(-1.39396e-09 -3.18896e-09 0.000128937)
(1.79461e-09 1.03372e-09 0.000112348)
(1.0987e-09 1.5508e-09 8.16247e-05)
(2.63916e-09 7.02746e-09 3.44754e-05)
(4.93917e-10 7.03504e-09 4.49618e-05)
(4.46327e-09 1.10622e-09 0.000100996)
(3.31164e-09 5.85726e-10 0.000130793)
(2.67634e-09 -1.7746e-09 0.000142989)
(7.27212e-10 -2.84142e-09 0.000146868)
(-6.63578e-10 -3.44976e-09 0.000146868)
(-2.94682e-09 -3.01232e-09 0.000142989)
(-3.12185e-09 -1.04421e-09 0.000130793)
(-4.04936e-09 -5.92354e-10 0.000100996)
(-1.15955e-09 5.42225e-09 4.49618e-05)
(8.19408e-10 5.53123e-10 5.06809e-05)
(1.60503e-09 -2.25945e-10 0.000110385)
(1.24301e-09 8.64855e-10 0.000138063)
(1.49979e-09 -2.30338e-10 0.000147257)
(8.61379e-10 -7.60876e-10 0.000149555)
(7.2509e-10 -1.20215e-09 0.000149555)
(-1.00401e-09 -3.17336e-10 0.000147257)
(-1.2235e-09 3.67461e-10 0.000138063)
(-2.21555e-09 -4.45488e-10 0.000110385)
(-1.45905e-09 5.00207e-10 5.06806e-05)
(1.04265e-09 3.63887e-09 5.06807e-05)
(1.34554e-09 -1.51599e-10 0.000110385)
(1.06213e-09 5.05519e-10 0.000138063)
(1.17948e-09 -1.73353e-09 0.000147257)
(2.13162e-10 -2.05993e-09 0.000149555)
(1.68664e-10 -1.70375e-09 0.000149555)
(-8.60916e-10 -1.76092e-09 0.000147257)
(-1.23238e-09 -5.6558e-10 0.000138063)
(-2.577e-09 6.5078e-10 0.000110385)
(-1.68557e-09 1.43176e-09 5.06804e-05)
(3.09038e-09 -2.3336e-09 4.49619e-05)
(3.77696e-09 -1.24076e-09 0.000100996)
(1.65422e-09 1.78118e-09 0.000130793)
(2.76701e-09 8.55543e-10 0.000142989)
(6.10127e-10 1.11397e-10 0.000146868)
(-5.86042e-11 8.64215e-10 0.000146868)
(-2.72019e-09 3.83108e-10 0.000142989)
(-1.67757e-09 1.52264e-09 0.000130793)
(-2.71028e-09 1.00536e-10 0.000100997)
(-1.90941e-09 -2.8999e-09 4.49615e-05)
(7.39681e-10 -4.80741e-09 3.44755e-05)
(4.20115e-10 1.57619e-09 8.16252e-05)
(-2.94534e-09 1.56671e-09 0.000112348)
(1.0727e-09 -2.23496e-10 0.000128937)
(7.71208e-10 9.03512e-10 0.000135782)
(1.38637e-09 1.61636e-09 0.000135782)
(7.15294e-10 -2.00128e-10 0.000128937)
(2.99204e-09 6.07818e-10 0.000112349)
(-1.06307e-09 2.42659e-09 8.16256e-05)
(-8.42769e-10 -4.07198e-09 3.44749e-05)
(-6.26875e-09 -1.04775e-08 2.10745e-05)
(1.31628e-09 4.78397e-09 5.33123e-05)
(9.26818e-10 1.96513e-09 7.85695e-05)
(-1.08447e-10 -2.49602e-09 9.57185e-05)
(-2.83908e-11 5.17628e-10 0.000104217)
(-5.04885e-11 1.04698e-09 0.000104217)
(1.17195e-09 -1.15407e-09 9.57188e-05)
(-6.48462e-10 3.02302e-09 7.85697e-05)
(-2.28853e-09 6.37919e-09 5.33124e-05)
(6.32986e-09 -9.03021e-09 2.1074e-05)
(-1.62365e-08 -1.28833e-08 7.96053e-06)
(-4.47888e-09 7.95048e-10 1.99926e-05)
(1.6294e-09 1.17265e-09 3.20549e-05)
(-3.35867e-09 -5.96135e-10 4.12627e-05)
(-1.93719e-09 6.72619e-10 4.61621e-05)
(-2.26842e-09 7.88015e-10 4.61619e-05)
(-4.99501e-10 4.29172e-10 4.12624e-05)
(-4.30735e-09 2.91698e-09 3.20549e-05)
(1.13839e-09 2.86943e-09 1.99929e-05)
(1.14515e-08 -8.61102e-09 7.96064e-06)
(-1.25739e-08 9.2829e-09 7.96081e-06)
(-5.01822e-09 -3.29044e-10 1.9993e-05)
(-3.7308e-09 2.45517e-09 3.20546e-05)
(-6.61847e-09 7.97506e-10 4.12618e-05)
(-2.48555e-09 -1.48803e-09 4.61607e-05)
(-1.52559e-09 -1.792e-09 4.61609e-05)
(2.63242e-09 -1.28112e-10 4.12619e-05)
(6.04441e-10 -1.98151e-10 3.20544e-05)
(5.18694e-09 -7.35005e-10 1.99923e-05)
(1.49695e-08 1.14435e-08 7.96022e-06)
(-6.49338e-09 1.01029e-08 2.10753e-05)
(-2.22488e-09 -8.09699e-10 5.33128e-05)
(-3.46744e-09 2.02144e-09 7.85695e-05)
(-2.08411e-09 1.16398e-10 9.57185e-05)
(-7.87324e-10 -3.87196e-09 0.000104216)
(1.13686e-09 -4.82184e-09 0.000104216)
(3.61586e-09 -8.35932e-10 9.57185e-05)
(5.53266e-09 6.1995e-10 7.85699e-05)
(3.75548e-09 -7.0662e-10 5.33126e-05)
(6.70601e-09 1.08627e-08 2.10743e-05)
(-2.7731e-09 7.83332e-09 3.4476e-05)
(-4.05487e-10 5.93726e-10 8.16256e-05)
(-1.28821e-09 -3.1908e-10 0.000112348)
(1.30868e-09 -2.2891e-09 0.000128937)
(7.30382e-10 -3.77506e-09 0.000135781)
(-9.73239e-10 -5.02469e-09 0.000135781)
(-1.44758e-09 -3.8626e-09 0.000128937)
(1.52978e-09 -7.64633e-10 0.000112349)
(9.49915e-10 1.46326e-09 8.16257e-05)
(2.80741e-09 8.4017e-09 3.44752e-05)
(1.52935e-09 5.76972e-09 4.49621e-05)
(5.11105e-09 1.83328e-10 0.000100996)
(3.13084e-09 -2.16658e-10 0.000130793)
(3.05075e-09 -2.17041e-09 0.000142989)
(1.241e-09 -1.74633e-09 0.000146868)
(-9.55578e-10 -2.19505e-09 0.000146868)
(-3.47588e-09 -3.06712e-09 0.000142989)
(-3.45649e-09 -1.50501e-09 0.000130794)
(-4.57034e-09 4.45716e-10 0.000100996)
(-1.72791e-09 5.01614e-09 4.49615e-05)
(9.23554e-10 3.8531e-11 5.0681e-05)
(1.56207e-09 -1.6911e-11 0.000110385)
(5.33e-10 1.43071e-09 0.000138063)
(5.64971e-10 -9.42177e-10 0.000147257)
(2.47289e-11 -1.16405e-10 0.000149555)
(9.72369e-11 -1.51897e-10 0.000149555)
(-7.63185e-10 -8.57963e-10 0.000147257)
(-7.2099e-10 1.09036e-09 0.000138063)
(-2.22705e-09 6.14538e-10 0.000110385)
(-1.59414e-09 -4.42251e-10 5.06806e-05)
(1.18876e-09 3.25285e-09 5.0681e-05)
(1.5157e-09 1.5304e-09 0.000110386)
(5.31373e-10 8.18263e-10 0.000138063)
(5.2708e-10 -2.45084e-09 0.000147257)
(5.41063e-11 -1.6443e-09 0.000149555)
(-6.21619e-11 -1.69645e-09 0.000149555)
(-8.30039e-10 -1.94751e-09 0.000147257)
(-7.51564e-10 9.51086e-10 0.000138063)
(-2.17911e-09 1.28332e-09 0.000110385)
(-1.64392e-09 1.26309e-09 5.06804e-05)
(2.21955e-09 -2.18806e-09 4.49623e-05)
(3.29397e-09 6.55683e-10 0.000100997)
(1.25128e-09 1.81019e-09 0.000130794)
(2.03341e-09 -4.73233e-10 0.000142989)
(4.15786e-10 3.34882e-10 0.000146869)
(3.44367e-10 6.44445e-10 0.000146869)
(-1.91075e-09 2.92621e-10 0.000142989)
(-1.47347e-09 2.55854e-09 0.000130793)
(-2.84865e-09 8.89187e-10 0.000100996)
(-1.94105e-09 -3.11549e-09 4.49616e-05)
(1.21626e-09 -3.31521e-09 3.44761e-05)
(1.59457e-09 3.50669e-09 8.16255e-05)
(-2.10915e-09 2.00934e-10 0.000112349)
(1.14392e-09 -2.20319e-09 0.000128937)
(6.96386e-10 1.35224e-10 0.000135781)
(1.80468e-09 1.36827e-09 0.000135782)
(9.75277e-10 -9.14032e-10 0.000128937)
(3.22902e-09 7.68341e-10 0.000112349)
(1.97451e-10 2.37925e-09 8.16257e-05)
(4.11488e-10 -5.19743e-09 3.44753e-05)
(-4.25907e-09 -8.42937e-09 2.10746e-05)
(3.06099e-09 6.26366e-09 5.33125e-05)
(1.89122e-09 2.64112e-10 7.85696e-05)
(8.77036e-10 -4.06869e-09 9.57185e-05)
(6.57319e-10 3.44376e-10 0.000104217)
(1.08459e-09 8.52593e-10 0.000104217)
(1.38896e-09 -2.39566e-09 9.57188e-05)
(-6.17093e-10 2.64845e-09 7.85696e-05)
(-2.32372e-09 6.62703e-09 5.33127e-05)
(5.79446e-09 -9.17184e-09 2.10747e-05)
(-1.5667e-08 -1.26804e-08 7.96073e-06)
(-4.0522e-09 1.19749e-09 1.99926e-05)
(8.81665e-10 6.44728e-10 3.20552e-05)
(-4.00286e-09 -1.24549e-09 4.12626e-05)
(-1.49443e-09 1.42211e-09 4.6162e-05)
(-1.45135e-09 9.53115e-10 4.6162e-05)
(1.52835e-10 -1.95053e-10 4.12623e-05)
(-4.48778e-09 2.86443e-09 3.2055e-05)
(1.6869e-09 2.71804e-09 1.99928e-05)
(1.22651e-08 -9.39422e-09 7.96077e-06)
(-1.77561e-08 1.33289e-08 7.96089e-06)
(-6.94152e-09 -7.76632e-10 1.99935e-05)
(-3.84943e-09 1.15872e-09 3.20555e-05)
(-6.27275e-09 -1.22206e-10 4.12625e-05)
(-2.2777e-09 -1.01304e-09 4.61619e-05)
(-2.07193e-09 -1.5921e-09 4.61621e-05)
(1.60415e-09 -1.32054e-09 4.12625e-05)
(-4.34849e-10 -9.81851e-10 3.20543e-05)
(3.19168e-09 -1.57415e-09 1.99923e-05)
(1.15745e-08 8.80706e-09 7.96036e-06)
(-8.81529e-09 1.34393e-08 2.10747e-05)
(-3.46158e-09 -1.02305e-09 5.33125e-05)
(-3.29951e-09 -7.37386e-10 7.85696e-05)
(-5.40404e-10 -1.79124e-09 9.57192e-05)
(4.70912e-10 -3.79055e-09 0.000104217)
(6.1101e-10 -4.11841e-09 0.000104217)
(1.73024e-09 -1.7259e-09 9.5719e-05)
(2.86455e-09 -2.52195e-10 7.85695e-05)
(2.5387e-09 -6.26552e-10 5.33121e-05)
(6.12621e-09 9.60412e-09 2.10745e-05)
(-2.47811e-09 9.23813e-09 3.44751e-05)
(-2.50127e-10 1.47253e-09 8.16252e-05)
(-1.11992e-09 -1.49031e-09 0.000112349)
(1.57094e-10 -3.44031e-09 0.000128938)
(-1.12191e-09 -4.24137e-09 0.000135782)
(-1.39889e-09 -4.88786e-09 0.000135781)
(-1.7696e-09 -3.98436e-09 0.000128937)
(1.49531e-09 -1.04175e-09 0.000112349)
(1.86352e-09 1.25778e-09 8.16257e-05)
(3.25132e-09 7.98607e-09 3.44751e-05)
(1.55312e-09 6.56925e-09 4.49618e-05)
(5.34246e-09 7.20049e-10 0.000100996)
(3.37179e-09 -5.23747e-10 0.000130793)
(2.33921e-09 -3.005e-09 0.00014299)
(5.09549e-10 -2.40981e-09 0.000146869)
(-5.91831e-10 -2.95155e-09 0.000146868)
(-2.84203e-09 -3.52271e-09 0.000142989)
(-3.16555e-09 -2.34072e-09 0.000130793)
(-3.92849e-09 -1.01271e-10 0.000100996)
(-5.60455e-10 6.56684e-09 4.49614e-05)
(1.29636e-09 4.25211e-11 5.0681e-05)
(1.50661e-09 1.2621e-10 0.000110385)
(5.36338e-10 4.48318e-10 0.000138063)
(1.24295e-09 -1.15597e-09 0.000147257)
(1.56476e-10 -4.01322e-10 0.000149555)
(9.50414e-11 -2.62638e-10 0.000149555)
(-5.11892e-10 -7.64739e-10 0.000147257)
(-7.31549e-10 4.48768e-10 0.000138063)
(-2.57814e-09 7.00058e-10 0.000110385)
(-1.61489e-09 1.36041e-09 5.06807e-05)
(1.37372e-09 3.09731e-09 5.06811e-05)
(1.88388e-09 1.55903e-09 0.000110385)
(6.66044e-10 1.04236e-10 0.000138063)
(4.49398e-10 -2.5048e-09 0.000147257)
(4.27754e-10 -1.71478e-09 0.000149555)
(7.12557e-10 -8.87187e-10 0.000149555)
(-4.87542e-11 -1.99578e-09 0.000147257)
(-4.10421e-10 6.36041e-11 0.000138063)
(-2.07378e-09 1.20011e-09 0.000110385)
(-1.33545e-09 1.88305e-09 5.06808e-05)
(2.67821e-09 -2.08534e-09 4.49622e-05)
(4.07403e-09 8.58643e-10 0.000100997)
(1.77202e-09 1.76544e-09 0.000130794)
(2.70536e-09 -2.09043e-10 0.000142989)
(1.2819e-09 -2.4953e-10 0.000146869)
(1.42524e-09 7.48145e-10 0.000146868)
(-1.29316e-09 4.50936e-10 0.000142989)
(-1.11814e-09 2.13069e-09 0.000130793)
(-2.5642e-09 9.22317e-10 0.000100996)
(-2.15361e-09 -2.28607e-09 4.4962e-05)
(1.15883e-09 -3.92681e-09 3.44758e-05)
(1.99713e-09 3.99147e-09 8.16258e-05)
(-1.98108e-09 1.24051e-09 0.000112349)
(1.31262e-09 -1.28526e-09 0.000128937)
(1.05968e-09 1.10752e-10 0.000135781)
(1.36925e-09 1.57635e-09 0.000135781)
(6.65014e-10 2.73056e-10 0.000128937)
(3.48605e-09 8.90807e-10 0.000112349)
(-1.07554e-09 3.70986e-09 8.16256e-05)
(-8.98971e-10 -3.65847e-09 3.44757e-05)
(-5.18821e-09 -9.06899e-09 2.10745e-05)
(3.01884e-09 7.70119e-09 5.33123e-05)
(1.61752e-09 1.76995e-09 7.85697e-05)
(4.5161e-10 -3.36773e-09 9.57182e-05)
(1.06923e-10 3.478e-10 0.000104217)
(-4.78446e-10 1.26906e-09 0.000104217)
(-1.53608e-10 -5.51617e-10 9.57186e-05)
(-1.6069e-09 3.068e-09 7.85698e-05)
(-4.08595e-09 8.74054e-09 5.33125e-05)
(5.43399e-09 -8.52825e-09 2.10748e-05)
(-1.52565e-08 -1.12119e-08 7.96052e-06)
(-4.10586e-09 2.24681e-09 1.99924e-05)
(1.29033e-09 1.07066e-09 3.20545e-05)
(-4.79423e-09 -9.60457e-10 4.12622e-05)
(-2.63717e-09 1.05837e-09 4.61618e-05)
(-3.52595e-09 9.59044e-10 4.61619e-05)
(-1.24562e-09 8.76922e-10 4.12623e-05)
(-5.10375e-09 2.97615e-09 3.2055e-05)
(-7.12645e-11 4.32953e-09 1.99924e-05)
(1.34416e-08 -1.01411e-08 7.96045e-06)
(-1.56249e-08 1.21479e-08 7.96047e-06)
(-6.58517e-09 7.26765e-10 1.9993e-05)
(-4.37205e-09 1.40372e-09 3.20554e-05)
(-6.61121e-09 -1.37081e-10 4.12631e-05)
(-1.9728e-09 -1.49329e-09 4.61626e-05)
(-1.7543e-09 -1.51317e-09 4.61628e-05)
(1.41277e-09 -5.92238e-10 4.1263e-05)
(-3.02506e-10 -7.14699e-10 3.20551e-05)
(2.8546e-09 -1.4722e-09 1.99928e-05)
(1.00968e-08 7.90765e-09 7.96051e-06)
(-7.55507e-09 1.17306e-08 2.1074e-05)
(-4.59451e-09 1.06069e-09 5.33124e-05)
(-3.23151e-09 2.85488e-10 7.85701e-05)
(-1.58271e-09 -1.63417e-09 9.57194e-05)
(-1.28844e-09 -3.62035e-09 0.000104217)
(8.28203e-10 -3.91282e-09 0.000104218)
(2.44294e-09 -1.02198e-09 9.57193e-05)
(3.66727e-09 -7.31067e-11 7.85696e-05)
(3.8926e-09 -5.01754e-10 5.33122e-05)
(7.40002e-09 9.84453e-09 2.10744e-05)
(-3.15378e-09 8.65553e-09 3.44748e-05)
(-1.76195e-09 2.25692e-09 8.16253e-05)
(-1.95128e-09 -1.35699e-09 0.000112348)
(2.46214e-10 -3.38425e-09 0.000128937)
(-3.54527e-10 -3.75897e-09 0.000135782)
(-1.40458e-09 -4.27481e-09 0.000135781)
(-1.46087e-09 -3.77515e-09 0.000128936)
(1.50316e-09 -1.28769e-09 0.000112348)
(8.60799e-10 1.45731e-09 8.16254e-05)
(2.54473e-09 7.06255e-09 3.44755e-05)
(8.44402e-10 7.29563e-09 4.49615e-05)
(4.08243e-09 1.06181e-09 0.000100996)
(3.21054e-09 -1.51624e-09 0.000130793)
(3.15873e-09 -2.65153e-09 0.000142989)
(7.89444e-10 -1.83877e-09 0.000146868)
(-5.89416e-10 -1.95686e-09 0.000146868)
(-2.94241e-09 -3.13795e-09 0.000142989)
(-3.09316e-09 -2.30737e-09 0.000130793)
(-4.15642e-09 5.13695e-10 0.000100996)
(-1.58744e-09 5.20834e-09 4.49616e-05)
(1.43703e-09 3.78181e-10 5.06806e-05)
(1.98005e-09 3.66046e-10 0.000110384)
(8.63417e-10 2.51914e-10 0.000138063)
(9.58979e-10 -5.24404e-10 0.000147257)
(2.72986e-10 1.61788e-10 0.000149555)
(8.85733e-12 2.97036e-10 0.000149555)
(-1.29339e-09 -1.997e-10 0.000147257)
(-1.26338e-09 5.51006e-10 0.000138063)
(-2.80181e-09 4.32006e-10 0.000110384)
(-1.76351e-09 -3.9731e-10 5.06806e-05)
(1.48223e-09 3.26693e-09 5.06807e-05)
(1.57735e-09 2.04352e-09 0.000110385)
(2.14448e-10 -3.92673e-10 0.000138063)
(4.59121e-10 -1.92512e-09 0.000147257)
(-2.97906e-10 -1.367e-09 0.000149555)
(-7.70661e-10 -1.05585e-09 0.000149555)
(-1.03006e-09 -1.77858e-09 0.000147257)
(-3.21859e-10 -8.81905e-10 0.000138063)
(-1.97277e-09 1.62653e-09 0.000110385)
(-1.48531e-09 1.19552e-09 5.06806e-05)
(3.10384e-09 -1.66681e-09 4.49618e-05)
(4.03459e-09 1.22877e-09 0.000100996)
(1.4461e-09 6.94878e-10 0.000130793)
(2.46232e-09 -1.09275e-10 0.000142989)
(8.43258e-10 5.46061e-10 0.000146868)
(6.06066e-10 8.15738e-10 0.000146868)
(-1.42295e-09 1.18812e-10 0.000142989)
(-5.1532e-10 1.09014e-09 0.000130793)
(-2.3812e-09 1.42636e-09 0.000100996)
(-1.74392e-09 -2.48562e-09 4.49621e-05)
(7.649e-10 -3.29943e-09 3.44757e-05)
(1.29833e-09 3.518e-09 8.16256e-05)
(-2.06929e-09 -3.89536e-10 0.000112348)
(7.00428e-10 -1.47936e-09 0.000128936)
(2.61154e-10 5.27368e-10 0.000135781)
(1.3955e-09 1.53787e-09 0.000135781)
(7.48665e-10 -7.83089e-10 0.000128936)
(3.36743e-09 3.31057e-10 0.000112348)
(-6.3197e-10 3.61259e-09 8.16255e-05)
(-1.00829e-09 -2.62005e-09 3.44753e-05)
(-5.55755e-09 -9.32468e-09 2.10745e-05)
(2.38625e-09 5.48535e-09 5.33121e-05)
(8.28734e-10 -2.96549e-10 7.85694e-05)
(-8.49518e-10 -3.46039e-09 9.57181e-05)
(-5.44229e-10 2.41189e-10 0.000104216)
(-3.46977e-10 8.3373e-10 0.000104216)
(1.51498e-10 -2.06922e-09 9.57184e-05)
(-1.12604e-09 1.84591e-09 7.85695e-05)
(-4.74113e-09 8.87074e-09 5.33126e-05)
(3.55728e-09 -6.50249e-09 2.10747e-05)
(-1.42419e-08 -1.13969e-08 7.96015e-06)
(-5.02335e-09 4.76863e-11 1.99924e-05)
(-5.28787e-11 1.61538e-10 3.20548e-05)
(-4.86773e-09 -1.1674e-09 4.12625e-05)
(-2.82056e-09 1.04176e-09 4.61621e-05)
(-2.82192e-09 7.73358e-10 4.61619e-05)
(-9.01698e-10 1.35676e-10 4.12625e-05)
(-4.76719e-09 2.12731e-09 3.20551e-05)
(-4.81594e-10 4.37386e-09 1.9993e-05)
(1.16024e-08 -8.63365e-09 7.96082e-06)
(-1.58878e-08 1.20941e-08 7.96021e-06)
(-8.2784e-09 1.1671e-09 1.99924e-05)
(-5.1052e-09 2.38607e-09 3.20547e-05)
(-6.72632e-09 3.41827e-10 4.12626e-05)
(-1.01366e-09 -2.08484e-09 4.6162e-05)
(4.16864e-10 -1.39266e-09 4.61618e-05)
(4.20848e-09 2.42898e-10 4.12624e-05)
(1.73537e-09 5.23435e-10 3.20554e-05)
(3.38391e-09 -1.40343e-09 1.99935e-05)
(1.00952e-08 7.70794e-09 7.96103e-06)
(-9.35534e-09 1.37744e-08 2.10741e-05)
(-5.5906e-09 1.02574e-09 5.33122e-05)
(-4.11581e-09 5.42185e-10 7.85698e-05)
(-1.14201e-09 -1.15049e-09 9.57187e-05)
(-3.52433e-10 -4.57607e-09 0.000104217)
(7.77571e-10 -3.29006e-09 0.000104216)
(2.59361e-09 2.96665e-11 9.57185e-05)
(4.12351e-09 1.27543e-09 7.857e-05)
(2.89385e-09 -8.70518e-10 5.3313e-05)
(5.66443e-09 8.76927e-09 2.10748e-05)
(-3.45526e-09 1.05655e-08 3.44752e-05)
(-1.37302e-09 2.50413e-09 8.16252e-05)
(-1.56752e-09 -7.96389e-10 0.000112348)
(6.0562e-10 -2.85763e-09 0.000128937)
(-3.26e-10 -4.8678e-09 0.000135781)
(-7.06286e-10 -4.11582e-09 0.000135781)
(-1.08991e-09 -2.23516e-09 0.000128936)
(1.16792e-09 -1.02284e-10 0.000112348)
(6.8918e-10 1.0018e-09 8.16255e-05)
(2.22135e-09 6.80933e-09 3.44757e-05)
(9.66056e-10 6.9543e-09 4.49618e-05)
(4.23416e-09 2.21791e-09 0.000100996)
(2.9494e-09 -8.25951e-11 0.000130793)
(2.5437e-09 -2.10364e-09 0.000142989)
(6.03734e-10 -2.88267e-09 0.000146868)
(-1.32362e-09 -2.58407e-09 0.000146868)
(-3.50504e-09 -1.69555e-09 0.000142989)
(-3.34085e-09 -1.34782e-09 0.000130793)
(-4.118e-09 -5.28646e-10 0.000100996)
(-9.77749e-10 4.94261e-09 4.49619e-05)
(9.75859e-10 5.66446e-10 5.06806e-05)
(1.47804e-09 9.78768e-10 0.000110385)
(7.53283e-10 5.60069e-10 0.000138063)
(1.45834e-09 -1.26358e-10 0.000147257)
(4.11894e-10 2.42417e-10 0.000149555)
(1.30808e-10 4.25172e-10 0.000149555)
(-5.94223e-10 1.66436e-10 0.000147257)
(-7.31748e-10 9.14818e-10 0.000138063)
(-2.14021e-09 -2.81069e-10 0.000110385)
(-1.39696e-09 1.4425e-10 5.06807e-05)
(1.20844e-09 3.3231e-09 5.06808e-05)
(1.22575e-09 2.19352e-09 0.000110385)
(2.81884e-10 -1.42743e-10 0.000138063)
(7.13888e-10 -1.84577e-09 0.000147257)
(3.67089e-10 -1.0944e-09 0.000149555)
(-2.13348e-10 -7.16297e-10 0.000149555)
(-1.10715e-09 -1.7812e-09 0.000147257)
(-1.08833e-09 3.23291e-10 0.000138063)
(-2.47069e-09 7.81538e-10 0.000110385)
(-1.30348e-09 1.21644e-09 5.06808e-05)
(2.68162e-09 -1.0558e-09 4.49615e-05)
(3.38659e-09 1.53985e-09 0.000100996)
(1.538e-09 1.28744e-09 0.000130793)
(2.23321e-09 -2.38049e-10 0.000142989)
(5.33134e-10 9.13066e-10 0.000146868)
(8.48301e-10 1.09015e-09 0.000146868)
(-1.9885e-09 6.84614e-10 0.000142989)
(-1.12683e-09 1.82426e-09 0.000130793)
(-2.30668e-09 1.96767e-11 0.000100997)
(-1.78713e-09 -3.50559e-09 4.49623e-05)
(1.13982e-09 -2.73062e-09 3.44757e-05)
(2.20565e-09 4.19183e-09 8.16257e-05)
(-1.48401e-09 4.90603e-10 0.000112349)
(1.63005e-09 -1.06188e-09 0.000128937)
(1.4503e-09 1.19507e-09 0.000135781)
(2.18613e-09 1.76686e-09 0.000135781)
(1.13457e-09 3.72729e-10 0.000128937)
(3.35901e-09 1.25819e-10 0.000112348)
(7.14196e-10 1.70837e-09 8.16259e-05)
(7.4709e-10 -4.74697e-09 3.44757e-05)
(-4.51213e-09 -8.77865e-09 2.10746e-05)
(4.43571e-09 6.2826e-09 5.33129e-05)
(2.28164e-09 3.99379e-10 7.857e-05)
(8.73785e-10 -2.95107e-09 9.57187e-05)
(8.71043e-10 1.28456e-09 0.000104217)
(5.83775e-10 1.5571e-09 0.000104216)
(1.53545e-09 -1.61105e-09 9.57185e-05)
(7.05285e-10 1.32473e-09 7.85696e-05)
(-8.586e-10 5.43137e-09 5.33127e-05)
(5.42479e-09 -7.56613e-09 2.10748e-05)
(-1.44097e-08 -1.14717e-08 7.96062e-06)
(-5.31106e-09 1.21825e-10 1.99927e-05)
(-1.72163e-10 2.51422e-10 3.20549e-05)
(-4.66034e-09 -1.01494e-09 4.12624e-05)
(-2.01465e-09 1.50729e-09 4.6162e-05)
(-1.694e-09 1.34074e-09 4.61619e-05)
(1.12297e-09 -3.16747e-10 4.12624e-05)
(-3.75457e-09 2.44644e-09 3.20551e-05)
(6.40968e-10 3.02376e-09 1.99929e-05)
(1.03666e-08 -7.52977e-09 7.96076e-06)
(-1.1826e-08 9.83089e-09 7.96077e-06)
(-6.15686e-09 1.04874e-09 1.99927e-05)
(-5.09138e-09 2.52607e-09 3.20547e-05)
(-7.44823e-09 4.97374e-10 4.12622e-05)
(-2.40061e-09 -2.24644e-09 4.61614e-05)
(-1.79893e-09 -1.7545e-09 4.61615e-05)
(1.37505e-09 -4.29523e-10 4.12624e-05)
(1.16937e-10 -8.69394e-10 3.20553e-05)
(4.12524e-09 -1.57453e-09 1.9993e-05)
(1.07265e-08 8.02729e-09 7.96089e-06)
(-5.90254e-09 1.01263e-08 2.10751e-05)
(-3.18334e-09 -3.85304e-10 5.33125e-05)
(-3.38465e-09 1.14973e-09 7.85691e-05)
(-2.39438e-10 -1.3524e-09 9.57182e-05)
(9.30375e-10 -4.63909e-09 0.000104217)
(1.54011e-09 -3.38281e-09 0.000104217)
(2.38246e-09 -4.28455e-10 9.57183e-05)
(3.42146e-09 8.99608e-11 7.85697e-05)
(2.97394e-09 -9.17973e-10 5.33126e-05)
(6.9723e-09 1.02727e-08 2.1075e-05)
(-2.95864e-09 7.44283e-09 3.44762e-05)
(-2.1387e-09 7.40628e-10 8.16261e-05)
(-2.62814e-09 -1.33408e-09 0.000112349)
(1.02759e-09 -3.87854e-09 0.000128937)
(7.92168e-10 -4.2502e-09 0.000135781)
(-3.25551e-10 -3.83914e-09 0.000135781)
(-5.9903e-10 -3.24409e-09 0.000128937)
(1.39921e-09 -6.84924e-11 0.000112348)
(1.95972e-10 1.36893e-09 8.16251e-05)
(2.35169e-09 7.56209e-09 3.44755e-05)
(1.2883e-09 6.03828e-09 4.49626e-05)
(3.88852e-09 6.09059e-10 0.000100997)
(2.62061e-09 -1.12402e-09 0.000130794)
(2.31136e-09 -2.87733e-09 0.000142989)
(-4.62747e-10 -2.00169e-09 0.000146868)
(-1.82136e-09 -2.43158e-09 0.000146868)
(-3.94292e-09 -2.8585e-09 0.000142989)
(-4.48647e-09 -8.41114e-10 0.000130793)
(-5.31982e-09 -8.89654e-11 0.000100996)
(-1.53741e-09 4.41434e-09 4.49619e-05)
(1.14475e-09 1.66336e-10 5.06814e-05)
(2.11208e-09 4.26741e-11 0.000110385)
(1.21731e-09 1.45981e-10 0.000138063)
(9.48728e-10 -5.87586e-10 0.000147258)
(5.80373e-11 1.54518e-10 0.000149555)
(-1.27345e-11 -3.83206e-10 0.000149555)
(-9.64685e-10 -3.04801e-10 0.000147257)
(-1.33938e-09 1.1502e-09 0.000138063)
(-2.23431e-09 1.99209e-10 0.000110385)
(-1.10962e-09 -8.35847e-10 5.0681e-05)
(1.61154e-09 2.98648e-09 5.06813e-05)
(2.13127e-09 1.68174e-09 0.000110385)
(6.95358e-10 -1.08983e-10 0.000138063)
(4.48509e-10 -1.77521e-09 0.000147257)
(-1.02683e-10 -1.40058e-09 0.000149555)
(-3.69116e-10 -1.47164e-09 0.000149555)
(-1.26472e-09 -1.05471e-09 0.000147257)
(-1.39574e-09 8.69929e-10 0.000138063)
(-2.8774e-09 2.66504e-10 0.000110385)
(-1.82682e-09 1.05735e-09 5.06812e-05)
(2.51789e-09 -2.62195e-09 4.4962e-05)
(3.86288e-09 6.34633e-10 0.000100997)
(1.43189e-09 1.89886e-09 0.000130794)
(1.90378e-09 6.37714e-10 0.000142989)
(1.92891e-10 5.47853e-10 0.000146869)
(-3.2703e-10 8.60503e-10 0.000146868)
(-2.88539e-09 9.8742e-10 0.000142989)
(-2.49287e-09 2.76496e-09 0.000130793)
(-3.57275e-09 1.91926e-10 0.000100997)
(-1.92161e-09 -4.01998e-09 4.49622e-05)
(-3.92308e-10 -4.72886e-09 3.44757e-05)
(5.91886e-10 3.43371e-09 8.16257e-05)
(-1.48162e-09 1.26196e-09 0.000112349)
(2.03801e-09 -5.29407e-10 0.000128937)
(1.1982e-09 1.12145e-09 0.000135781)
(1.24242e-09 1.61533e-09 0.000135782)
(1.76319e-10 -3.22162e-10 0.000128937)
(2.91048e-09 2.30829e-10 0.000112349)
(-4.2303e-10 2.87897e-09 8.16256e-05)
(3.03156e-10 -4.84193e-09 3.44757e-05)
(-5.54295e-09 -8.84311e-09 2.1075e-05)
(1.74447e-09 5.18734e-09 5.33132e-05)
(7.56984e-10 2.18105e-10 7.85701e-05)
(6.28179e-10 -3.00416e-09 9.57189e-05)
(1.31234e-09 1.34378e-09 0.000104217)
(1.32649e-09 1.25508e-09 0.000104217)
(1.47192e-09 -1.28686e-09 9.57192e-05)
(-1.16323e-09 2.64485e-09 7.85705e-05)
(-3.91301e-09 7.24906e-09 5.33131e-05)
(4.48883e-09 -8.13778e-09 2.10746e-05)
(-1.29339e-08 -9.76424e-09 7.96106e-06)
(-5.36824e-09 -9.17202e-11 1.99934e-05)
(-8.55241e-10 -7.0545e-10 3.20553e-05)
(-5.33108e-09 -1.33215e-09 4.12627e-05)
(-2.97055e-09 9.81899e-10 4.61622e-05)
(-3.22546e-09 1.02891e-09 4.6162e-05)
(-6.45916e-10 8.27146e-10 4.12627e-05)
(-3.93854e-09 2.98574e-09 3.20553e-05)
(1.57227e-09 3.08015e-09 1.99931e-05)
(1.44111e-08 -1.09826e-08 7.96055e-06)
(-1.21221e-08 9.52262e-09 7.96107e-06)
(-5.32658e-09 -5.1679e-11 1.9993e-05)
(-2.89853e-09 1.40268e-09 3.20549e-05)
(-7.07017e-09 1.36376e-09 4.12626e-05)
(-2.29734e-09 -1.72226e-09 4.61619e-05)
(-1.57453e-09 -2.02107e-09 4.61619e-05)
(2.53818e-09 -5.64546e-10 4.12626e-05)
(-4.98195e-10 -8.98364e-10 3.20552e-05)
(3.61462e-09 -2.10055e-09 1.99927e-05)
(1.63946e-08 1.22569e-08 7.96061e-06)
(-7.54836e-09 1.08775e-08 2.10751e-05)
(-2.46671e-09 -2.0239e-09 5.33134e-05)
(-1.44547e-09 4.91201e-10 7.85701e-05)
(2.427e-10 2.01927e-10 9.57192e-05)
(1.15604e-09 -3.66964e-09 0.000104217)
(2.78827e-09 -4.11965e-09 0.000104217)
(4.73094e-09 -4.80603e-10 9.57191e-05)
(5.1952e-09 4.38827e-12 7.85699e-05)
(3.15668e-09 -1.44867e-09 5.33128e-05)
(7.54219e-09 1.15464e-08 2.10751e-05)
(-2.34848e-09 7.57097e-09 3.44764e-05)
(2.46123e-10 -1.09787e-09 8.1626e-05)
(-1.1158e-09 -1.4003e-09 0.000112348)
(1.70873e-09 -3.38069e-09 0.000128937)
(1.81746e-09 -4.3596e-09 0.000135781)
(1.53082e-09 -4.53316e-09 0.000135781)
(1.23234e-09 -2.51975e-09 0.000128937)
(2.90894e-09 5.07263e-10 0.000112349)
(1.14997e-09 1.2262e-09 8.16256e-05)
(2.55418e-09 7.61749e-09 3.44756e-05)
(1.58913e-09 5.14929e-09 4.49625e-05)
(4.63994e-09 1.6994e-10 0.000100997)
(3.38787e-09 -1.16906e-09 0.000130794)
(2.85451e-09 -2.97466e-09 0.000142989)
(4.0845e-10 -2.84298e-09 0.000146868)
(-1.74325e-09 -2.64921e-09 0.000146868)
(-4.25335e-09 -2.35805e-09 0.000142989)
(-4.07914e-09 -7.70639e-10 0.000130793)
(-4.95354e-09 -6.71712e-10 0.000100996)
(-1.12456e-09 5.28671e-09 4.49618e-05)
(1.49421e-09 -4.08073e-10 5.06816e-05)
(1.72255e-09 -1.48535e-10 0.000110385)
(4.87174e-10 7.5551e-10 0.000138063)
(6.15365e-10 -5.60246e-10 0.000147258)
(-2.00156e-10 2.41489e-10 0.000149555)
(-3.83312e-10 -2.27852e-10 0.000149555)
(-1.73591e-09 -6.12602e-10 0.000147258)
(-1.15801e-09 2.24332e-10 0.000138063)
(-2.82963e-09 -8.72407e-10 0.000110385)
(-1.98339e-09 1.38078e-10 5.06807e-05)
(1.38128e-09 2.97543e-09 5.06814e-05)
(1.427e-09 1.56635e-09 0.000110385)
(3.20389e-10 5.17615e-11 0.000138063)
(1.64773e-11 -2.1979e-09 0.000147257)
(-4.66102e-10 -1.01758e-09 0.000149555)
(-2.18787e-10 -1.42595e-09 0.000149556)
(-1.03367e-09 -2.44196e-09 0.000147258)
(-9.47433e-10 -1.52892e-10 0.000138063)
(-2.66387e-09 4.95461e-10 0.000110385)
(-1.70536e-09 1.02671e-09 5.06807e-05)
(2.70026e-09 -1.70336e-09 4.49622e-05)
(3.72623e-09 1.13932e-09 0.000100996)
(1.33621e-09 1.48919e-09 0.000130793)
(2.00498e-09 2.77549e-10 0.000142989)
(2.51884e-10 9.33329e-10 0.000146869)
(-6.36545e-10 8.77416e-10 0.000146868)
(-3.29786e-09 -3.35332e-11 0.000142989)
(-2.55365e-09 2.01747e-09 0.000130794)
(-3.80164e-09 1.33993e-10 0.000100996)
(-1.95681e-09 -4.49666e-09 4.4962e-05)
(9.86801e-10 -3.31767e-09 3.44756e-05)
(1.79333e-09 3.94904e-09 8.16254e-05)
(-2.05639e-09 1.03749e-09 0.000112348)
(1.00272e-09 -4.50326e-10 0.000128937)
(4.84367e-10 1.17707e-09 0.000135782)
(9.29365e-10 1.79592e-09 0.000135781)
(5.03231e-10 3.22153e-10 0.000128937)
(2.86088e-09 5.97512e-10 0.000112349)
(-2.83121e-10 1.25984e-09 8.16252e-05)
(7.48487e-10 -6.69289e-09 3.44753e-05)
(-5.67813e-09 -8.94037e-09 2.10745e-05)
(3.06549e-09 6.3078e-09 5.33124e-05)
(2.14534e-09 1.15371e-09 7.85699e-05)
(5.5498e-10 -2.52253e-09 9.57189e-05)
(6.0413e-10 1.05769e-09 0.000104217)
(9.66656e-10 1.54735e-09 0.000104217)
(1.52993e-09 -9.93595e-10 9.57188e-05)
(2.81632e-10 2.71138e-09 7.85697e-05)
(6.83568e-10 4.54729e-09 5.33125e-05)
(7.94001e-09 -1.114e-08 2.10744e-05)
(-1.43246e-08 -1.09472e-08 7.9607e-06)
(-4.26315e-09 1.08256e-09 1.99932e-05)
(4.18536e-10 2.44243e-10 3.20554e-05)
(-3.99466e-09 -7.4012e-10 4.12629e-05)
(-1.61296e-09 1.13631e-09 4.61622e-05)
(-2.58881e-09 1.18347e-09 4.61621e-05)
(1.12594e-11 1.37233e-10 4.12625e-05)
(-3.4453e-09 2.85458e-09 3.20548e-05)
(2.46291e-09 2.25832e-09 1.99926e-05)
(1.32973e-08 -1.03088e-08 7.96055e-06)
(-1.48218e-08 1.07346e-08 7.9607e-06)
(-7.25677e-09 1.56835e-09 1.99928e-05)
(-3.67548e-09 2.82431e-09 3.20552e-05)
(-7.57743e-09 1.30623e-09 4.12629e-05)
(-2.45898e-09 -1.8958e-09 4.61626e-05)
(-6.33839e-10 -1.73389e-09 4.61621e-05)
(3.12984e-09 -1.94033e-10 4.12624e-05)
(9.54868e-11 -1.14604e-09 3.20548e-05)
(3.0407e-09 -2.19259e-09 1.99931e-05)
(1.3355e-08 1.06365e-08 7.96079e-06)
(-7.7323e-09 1.13278e-08 2.10747e-05)
(-4.85691e-09 1.64319e-09 5.33129e-05)
(-3.84243e-09 1.28183e-09 7.85701e-05)
(-1.22018e-09 -2.55596e-10 9.57196e-05)
(6.4584e-10 -4.2787e-09 0.000104218)
(1.99495e-09 -4.13463e-09 0.000104217)
(3.01165e-09 -5.33226e-10 9.57193e-05)
(3.23624e-09 -1.01581e-09 7.85699e-05)
(2.57864e-09 -9.61148e-10 5.33124e-05)
(7.84862e-09 1.20443e-08 2.10743e-05)
(-2.52401e-09 8.06895e-09 3.44757e-05)
(-9.76535e-10 1.22914e-09 8.16256e-05)
(-1.55369e-09 -2.01595e-09 0.000112348)
(1.39632e-09 -3.13198e-09 0.000128937)
(1.28308e-09 -4.35224e-09 0.000135781)
(2.22211e-10 -4.27302e-09 0.000135781)
(-3.04861e-10 -3.20066e-09 0.000128937)
(2.38456e-09 -6.49121e-10 0.000112349)
(2.01537e-09 2.2925e-09 8.16254e-05)
(3.4583e-09 8.73174e-09 3.44756e-05)
(1.71106e-09 5.19705e-09 4.49622e-05)
(4.88082e-09 -6.08135e-11 0.000100996)
(3.74305e-09 -1.46465e-09 0.000130794)
(3.06087e-09 -2.48761e-09 0.000142989)
(6.62419e-10 -2.73174e-09 0.000146868)
(-6.66796e-10 -1.93381e-09 0.000146868)
(-1.87616e-09 -2.77756e-09 0.00014299)
(-2.07709e-09 -7.4414e-10 0.000130794)
(-3.9986e-09 1.2923e-09 0.000100996)
(-7.53925e-10 6.59155e-09 4.4962e-05)
(9.46464e-10 -2.81684e-10 5.06813e-05)
(1.89441e-09 -2.57903e-10 0.000110385)
(6.49652e-10 -1.64878e-10 0.000138063)
(2.59507e-10 -1.70206e-10 0.000147257)
(-1.50922e-10 -2.05941e-10 0.000149555)
(-4.16376e-10 1.72726e-10 0.000149555)
(-9.30674e-10 -3.41868e-10 0.000147257)
(-5.4995e-10 1.57265e-09 0.000138063)
(-2.59292e-09 1.09342e-09 0.000110385)
(-1.82267e-09 3.02106e-10 5.06809e-05)
(1.25011e-09 2.56481e-09 5.06812e-05)
(1.67136e-09 1.08683e-09 0.000110385)
(8.09478e-10 -4.74906e-10 0.000138063)
(6.22991e-10 -6.2466e-10 0.000147257)
(-1.78027e-10 -9.70067e-10 0.000149555)
(-3.40951e-10 -1.84902e-09 0.000149555)
(-1.05603e-09 -1.94677e-09 0.000147257)
(-8.40287e-10 6.22625e-10 0.000138063)
(-2.26908e-09 2.29001e-09 0.000110385)
(-1.52642e-09 1.69129e-09 5.06807e-05)
(2.51272e-09 -2.39907e-09 4.4962e-05)
(3.7736e-09 -2.84709e-10 0.000100997)
(1.7727e-09 7.62727e-10 0.000130794)
(2.63227e-09 9.4326e-10 0.000142989)
(1.35869e-10 1.19191e-09 0.000146869)
(-1.76428e-10 7.0807e-10 0.000146869)
(-2.1764e-09 -2.02048e-11 0.000142989)
(-2.12038e-09 2.40457e-09 0.000130793)
(-3.61605e-09 2.1579e-09 0.000100997)
(-1.98019e-09 -3.21891e-09 4.49622e-05)
(9.20051e-11 -4.96471e-09 3.44756e-05)
(-3.00078e-10 1.25577e-09 8.16254e-05)
(-3.23213e-09 -3.65736e-10 0.000112349)
(1.42276e-09 -2.07409e-10 0.000128936)
(1.01757e-09 1.94417e-09 0.000135781)
(1.39234e-09 2.13241e-09 0.000135781)
(1.37219e-09 -4.95526e-10 0.000128936)
(3.50651e-09 1.07807e-09 0.000112349)
(-5.24106e-10 3.39024e-09 8.1626e-05)
(-8.56534e-11 -4.60125e-09 3.44755e-05)
(-4.97902e-09 -8.88173e-09 2.10742e-05)
(9.63372e-10 3.85274e-09 5.33122e-05)
(-4.66319e-10 -1.06902e-09 7.85697e-05)
(-3.48898e-10 -2.67252e-09 9.57189e-05)
(1.30157e-10 2.06423e-09 0.000104217)
(7.11879e-10 1.58272e-09 0.000104217)
(1.95085e-09 -2.44561e-09 9.57179e-05)
(-2.788e-10 3.04982e-09 7.85695e-05)
(-2.91847e-09 7.65307e-09 5.33125e-05)
(4.62695e-09 -8.18966e-09 2.10746e-05)
(-1.30215e-08 -9.93105e-09 7.96033e-06)
(-3.49407e-09 8.37263e-10 1.99926e-05)
(-2.04211e-10 -7.59672e-10 3.20551e-05)
(-5.40003e-09 -1.69387e-09 4.12626e-05)
(-2.4007e-09 1.45637e-09 4.61617e-05)
(-1.4723e-09 1.24714e-09 4.61617e-05)
(6.68883e-10 -4.90593e-10 4.12623e-05)
(-5.6656e-09 3.56854e-09 3.20548e-05)
(-4.50365e-10 4.32348e-09 1.99927e-05)
(1.24831e-08 -9.21759e-09 7.96064e-06)
(-1.2931e-08 9.29885e-09 7.96083e-06)
(-4.51559e-09 -7.54572e-10 1.99938e-05)
(-4.05089e-09 3.31928e-09 3.20555e-05)
(-8.05028e-09 2.02987e-09 4.12619e-05)
(-2.83921e-09 -1.13739e-09 4.61605e-05)
(-8.47966e-10 -1.32873e-09 4.61603e-05)
(3.49617e-09 4.44168e-10 4.12616e-05)
(1.15077e-09 -3.93871e-10 3.20548e-05)
(4.40767e-09 -1.75617e-09 1.99932e-05)
(1.30401e-08 9.87168e-09 7.96073e-06)
(-5.18488e-09 8.92591e-09 2.10739e-05)
(-2.10061e-09 -5.86505e-10 5.33128e-05)
(-3.72464e-09 1.78276e-09 7.85703e-05)
(-9.24615e-10 -6.75035e-10 9.57195e-05)
(1.27104e-09 -4.34489e-09 0.000104217)
(3.12586e-09 -3.94757e-09 0.000104216)
(5.42211e-09 -3.38623e-10 9.57194e-05)
(6.11856e-09 7.32305e-10 7.85704e-05)
(4.37945e-09 -4.60457e-10 5.33134e-05)
(7.8133e-09 1.13679e-08 2.1074e-05)
(-3.30831e-09 7.82133e-09 3.44757e-05)
(-1.46377e-09 5.14866e-10 8.16262e-05)
(-1.53712e-09 -6.7876e-10 0.000112349)
(1.43397e-09 -3.65062e-09 0.000128937)
(1.32042e-09 -4.18853e-09 0.000135781)
(8.82186e-10 -4.29226e-09 0.00013578)
(9.76615e-10 -2.32459e-09 0.000128936)
(3.17697e-09 8.8521e-10 0.000112349)
(1.22163e-09 1.37548e-09 8.1626e-05)
(3.23535e-09 9.05677e-09 3.44763e-05)
(1.35613e-09 5.53226e-09 4.49619e-05)
(5.24084e-09 2.03198e-10 0.000100996)
(3.5499e-09 5.88159e-11 0.000130794)
(2.90347e-09 -2.09321e-09 0.00014299)
(1.20225e-09 -1.81849e-09 0.000146868)
(-5.97465e-10 -2.59758e-09 0.000146868)
(-2.52983e-09 -1.98287e-09 0.00014299)
(-2.75022e-09 -8.52689e-10 0.000130794)
(-3.54529e-09 -2.03872e-10 0.000100996)
(-1.351e-11 6.52408e-09 4.49632e-05)
(1.061e-09 2.57412e-10 5.06818e-05)
(1.78042e-09 2.50021e-10 0.000110385)
(5.80345e-10 5.60105e-10 0.000138064)
(2.06257e-10 -1.385e-10 0.000147257)
(-4.90853e-10 4.79352e-11 0.000149555)
(-3.66212e-10 -5.96197e-10 0.000149555)
(-4.71133e-10 -4.00772e-10 0.000147257)
(-5.04787e-10 6.03965e-10 0.000138063)
(-2.57969e-09 -3.45583e-10 0.000110384)
(-1.40075e-09 2.03561e-10 5.06818e-05)
(7.46013e-10 2.01012e-09 5.06812e-05)
(1.20846e-09 1.68874e-09 0.000110385)
(5.44561e-10 8.39592e-10 0.000138064)
(-2.13327e-10 -9.40301e-10 0.000147257)
(-1.40016e-09 -8.94662e-10 0.000149555)
(-1.02143e-09 -1.82671e-09 0.000149555)
(-1.22052e-09 -1.84771e-09 0.000147257)
(-1.8024e-09 -3.10078e-10 0.000138063)
(-3.18325e-09 -9.62031e-11 0.000110385)
(-1.49228e-09 5.24324e-10 5.06816e-05)
(2.20977e-09 -2.40372e-09 4.4962e-05)
(3.77436e-09 1.65517e-09 0.000100997)
(1.04356e-09 2.13908e-09 0.000130795)
(1.543e-09 4.07336e-10 0.00014299)
(-1.07338e-10 4.51203e-10 0.000146868)
(-6.37277e-10 -1.83134e-10 0.000146868)
(-2.42559e-09 -2.55152e-10 0.000142989)
(-1.82594e-09 8.90339e-10 0.000130794)
(-2.90812e-09 -1.21472e-09 0.000100997)
(-1.55786e-09 -4.41678e-09 4.49627e-05)
(4.42555e-10 -4.62805e-09 3.44767e-05)
(6.68511e-10 4.33308e-09 8.16272e-05)
(-3.295e-09 1.26932e-09 0.000112348)
(1.26898e-09 -1.69533e-11 0.000128935)
(1.68392e-09 7.25037e-10 0.000135779)
(2.54443e-09 7.20306e-10 0.00013578)
(1.9273e-09 -6.78279e-10 0.000128936)
(4.21272e-09 -5.56696e-10 0.000112349)
(8.7944e-10 3.36901e-10 8.16267e-05)
(1.22789e-09 -6.52148e-09 3.44763e-05)
(-5.85938e-09 -1.02371e-08 2.10748e-05)
(2.64483e-09 5.81917e-09 5.33125e-05)
(2.12938e-09 1.24008e-09 7.85682e-05)
(2.15146e-09 -3.03527e-09 9.57175e-05)
(2.26969e-09 6.00283e-10 0.000104216)
(2.61923e-09 6.57381e-10 0.000104215)
(3.28921e-09 -2.5938e-09 9.57177e-05)
(1.13962e-09 2.32005e-09 7.85693e-05)
(-1.73981e-10 4.60847e-09 5.33132e-05)
(6.84699e-09 -1.03069e-08 2.10749e-05)
(-1.44847e-08 -1.14062e-08 7.96062e-06)
(-4.13679e-09 3.44252e-11 1.99923e-05)
(9.47818e-10 -1.19455e-10 3.20539e-05)
(-5.57401e-09 -2.50853e-09 4.12604e-05)
(-2.67588e-09 5.41356e-10 4.616e-05)
(-2.52427e-09 8.09295e-10 4.616e-05)
(-2.27355e-10 -2.51034e-10 4.12609e-05)
(-3.86957e-09 3.43279e-09 3.2054e-05)
(2.82841e-09 2.07325e-09 1.99925e-05)
(1.22337e-08 -9.41172e-09 7.96071e-06)
(-7.5782e-09 5.34495e-09 7.96083e-06)
(-5.76824e-09 -7.39705e-10 1.99931e-05)
(4.3234e-09 -4.82765e-09 3.20551e-05)
(5.56493e-09 9.75707e-10 4.12621e-05)
(1.6372e-09 3.10798e-09 4.6161e-05)
(-2.13168e-09 2.76635e-09 4.6161e-05)
(-6.46838e-09 4.3153e-10 4.12622e-05)
(-6.1796e-09 -5.56783e-09 3.20549e-05)
(3.23946e-09 -2.25916e-09 1.99924e-05)
(8.80781e-09 6.54367e-09 7.96036e-06)
(-7.3703e-09 1.15998e-08 2.10747e-05)
(-8.02703e-09 3.21201e-09 5.33138e-05)
(-6.23572e-09 -8.3125e-09 7.85707e-05)
(-2.83804e-09 -2.32533e-09 9.57181e-05)
(-7.66688e-10 1.66327e-09 0.000104215)
(1.75798e-09 1.83894e-09 0.000104215)
(3.35565e-09 -1.66145e-09 9.57181e-05)
(7.37099e-09 -8.52451e-09 7.85699e-05)
(9.55692e-09 2.52913e-09 5.33137e-05)
(7.77555e-09 1.08887e-08 2.10748e-05)
(3.76922e-09 3.1494e-09 3.44757e-05)
(7.83783e-09 5.57095e-09 8.16256e-05)
(5.86376e-09 -6.14962e-09 0.000112349)
(2.63928e-09 -4.5748e-09 0.000128937)
(8.30619e-10 -2.17636e-09 0.00013578)
(1.65169e-09 -1.80959e-09 0.00013578)
(5.09422e-10 -4.67456e-09 0.000128937)
(4.39875e-10 -7.11512e-09 0.000112349)
(4.98871e-10 8.58817e-09 8.16269e-05)
(-1.66994e-10 6.16189e-09 3.44767e-05)
(2.75008e-09 -5.94935e-09 4.49617e-05)
(4.55319e-09 2.23138e-09 0.000100996)
(3.7514e-09 -9.26849e-10 0.000130794)
(4.90962e-10 2.8256e-10 0.000142989)
(-6.23352e-10 2.06786e-10 0.000146868)
(-1.69858e-09 2.44185e-10 0.000146868)
(-2.53305e-09 -1.85146e-09 0.000142989)
(-5.75243e-09 -3.83524e-09 0.000130795)
(-5.66979e-09 3.9095e-09 0.000100997)
(-1.04233e-09 1.06732e-09 4.49631e-05)
(-5.24609e-11 -3.8948e-09 5.06807e-05)
(2.1275e-10 1.5862e-09 0.000110384)
(1.69608e-10 9.11577e-10 0.000138063)
(-9.22488e-10 9.42276e-10 0.000147257)
(-5.37349e-10 7.08825e-10 0.000149555)
(-5.12772e-11 3.85927e-10 0.000149556)
(6.34048e-10 -2.26892e-10 0.000147257)
(-7.87148e-10 -2.70653e-10 0.000138064)
(-1.08159e-09 2.11352e-09 0.000110385)
(2.81058e-10 2.23195e-10 5.06816e-05)
(-6.26887e-10 -3.94552e-09 5.06804e-05)
(-4.74419e-10 1.64716e-09 0.000110384)
(-1.19898e-09 1.45135e-09 0.000138063)
(-1.37352e-09 1.25695e-09 0.000147257)
(-1.12196e-09 3.35337e-10 0.000149555)
(-3.67716e-10 -2.12064e-10 0.000149556)
(5.29711e-10 -1.14037e-10 0.000147258)
(-7.45738e-10 -9.8783e-10 0.000138064)
(-9.49199e-10 1.89155e-09 0.000110385)
(2.58423e-10 2.6004e-09 5.06815e-05)
(4.44638e-10 -2.16814e-09 4.49611e-05)
(1.27701e-09 3.41314e-09 0.000100995)
(-2.64361e-10 2.9666e-09 0.000130794)
(2.01923e-10 1.3766e-09 0.000142989)
(-9.49279e-10 -7.08182e-10 0.000146869)
(-1.80099e-10 -9.56504e-10 0.000146869)
(-1.76455e-09 1.12427e-09 0.00014299)
(-3.03807e-09 1.79279e-09 0.000130794)
(-5.29563e-09 2.20697e-09 0.000100996)
(-2.82957e-09 1.53023e-09 4.49622e-05)
(2.11834e-09 -7.22883e-09 3.4475e-05)
(7.76835e-09 7.69043e-09 8.16252e-05)
(3.87264e-09 4.06902e-09 0.000112349)
(4.81031e-09 3.17996e-09 0.000128937)
(1.28451e-09 1.12902e-09 0.000135781)
(1.44627e-09 3.70541e-11 0.000135781)
(-1.67739e-09 2.12067e-09 0.000128937)
(1.61167e-09 1.93613e-09 0.000112349)
(-1.85219e-09 5.24482e-09 8.16251e-05)
(-2.20937e-09 -2.19162e-09 3.44757e-05)
(-9.90276e-09 -1.15618e-08 2.10746e-05)
(3.69261e-10 1.13805e-08 5.33141e-05)
(-2.28529e-09 1.56521e-09 7.85698e-05)
(-1.65376e-09 6.07619e-10 9.57188e-05)
(5.91211e-10 -4.51518e-10 0.000104216)
(7.07123e-10 -1.24013e-09 0.000104216)
(1.29181e-09 -5.08528e-10 9.5719e-05)
(2.24192e-09 -1.49026e-10 7.85698e-05)
(-3.01159e-09 1.18965e-08 5.33138e-05)
(1.02306e-09 -1.6479e-09 2.10748e-05)
(-8.98754e-09 -6.0095e-09 7.96066e-06)
(3.06183e-09 6.65054e-09 1.9993e-05)
(7.3795e-09 9.18756e-10 3.20545e-05)
(2.22963e-09 -3.0505e-10 4.12623e-05)
(2.2385e-09 -1.62979e-09 4.61617e-05)
(-2.17823e-09 -1.55972e-09 4.61616e-05)
(-2.28746e-09 -4.28185e-10 4.12626e-05)
(-9.11322e-09 1.6844e-09 3.20547e-05)
(-9.22e-09 9.03951e-09 1.99931e-05)
(3.1106e-09 -1.42886e-09 7.9608e-06)
(-1.11672e-08 7.06207e-09 7.96021e-06)
(1.05457e-09 -5.03676e-09 1.99918e-05)
(-1.2895e-09 4.65554e-09 3.20545e-05)
(-6.53292e-09 1.58082e-09 4.12632e-05)
(-1.83582e-09 -8.23678e-10 4.61634e-05)
(-2.31242e-09 -3.96203e-10 4.61635e-05)
(3.95369e-10 5.98974e-10 4.12637e-05)
(-4.43126e-09 4.07321e-10 3.20554e-05)
(-5.83119e-09 -6.71244e-09 1.99925e-05)
(6.21518e-09 4.73724e-09 7.96081e-06)
(-4.47104e-09 7.57455e-09 2.10746e-05)
(-1.7292e-09 -4.00522e-09 5.33111e-05)
(-1.25352e-09 1.42297e-09 7.85688e-05)
(3.14565e-09 4.80417e-10 9.5718e-05)
(1.20271e-09 -2.38784e-09 0.000104217)
(2.41707e-09 -9.48522e-10 0.000104217)
(-4.41316e-10 1.05697e-09 9.57189e-05)
(1.95822e-09 -4.39413e-10 7.85693e-05)
(-4.88025e-10 -5.72917e-09 5.33116e-05)
(2.01161e-10 2.8381e-09 2.10751e-05)
(-2.63855e-09 8.74945e-09 3.44757e-05)
(-3.03693e-09 2.24445e-09 8.16241e-05)
(-1.91506e-09 -4.55625e-09 0.000112347)
(2.17013e-09 -3.16348e-09 0.000128937)
(5.35795e-10 -1.85148e-09 0.000135782)
(-8.84301e-10 -7.63465e-10 0.000135782)
(-2.15821e-09 -2.05655e-09 0.000128937)
(1.01532e-09 -4.35102e-09 0.000112347)
(1.59842e-09 4.54653e-11 8.1625e-05)
(1.03361e-09 3.59171e-09 3.44756e-05)
(1.19994e-09 4.1653e-09 4.49622e-05)
(5.47198e-09 6.20385e-10 0.000100997)
(3.64002e-09 -2.17594e-09 0.000130793)
(1.53504e-09 -2.88419e-09 0.000142989)
(4.46388e-10 5.46681e-11 0.000146868)
(-1.19865e-09 2.4591e-10 0.000146869)
(-2.02082e-09 -1.61848e-09 0.000142989)
(-4.03798e-09 -4.70761e-09 0.000130793)
(-4.19565e-09 -1.99939e-09 0.000100997)
(-2.12003e-10 3.46379e-09 4.49613e-05)
(1.20214e-10 -7.7763e-10 5.06804e-05)
(2.47347e-09 -1.09195e-09 0.000110385)
(1.84089e-09 -1.70838e-10 0.000138062)
(6.67009e-11 -6.8873e-10 0.000147257)
(4.58835e-10 9.23135e-10 0.000149555)
(5.16221e-10 1.25984e-09 0.000149556)
(8.73398e-10 6.56039e-10 0.000147257)
(-1.53275e-09 -1.00341e-09 0.000138063)
(-2.66292e-09 -2.06488e-09 0.000110385)
(-1.80999e-10 -2.77296e-10 5.06802e-05)
(-3.98217e-10 -2.97061e-10 5.06815e-05)
(2.14984e-09 -3.1148e-09 0.000110385)
(2.15855e-09 -2.05692e-10 0.000138063)
(2.66693e-11 -1.43735e-09 0.000147257)
(6.15132e-10 -2.12494e-10 0.000149555)
(3.93975e-10 4.26887e-10 0.000149555)
(8.37065e-10 7.81959e-10 0.000147257)
(-2.09531e-09 1.07343e-09 0.000138063)
(-2.03826e-09 -2.64219e-09 0.000110385)
(6.79938e-10 1.27222e-09 5.06804e-05)
(6.74017e-10 -4.96579e-09 4.49626e-05)
(4.65853e-09 -7.51831e-09 0.000100996)
(4.2023e-09 1.86063e-09 0.000130793)
(1.10959e-09 4.09291e-10 0.000142989)
(2.09471e-10 1.09293e-09 0.000146868)
(-7.95583e-10 1.48169e-09 0.000146869)
(-1.47663e-09 2.65085e-09 0.000142989)
(-4.66922e-09 3.92803e-09 0.000130793)
(-3.62553e-09 -6.56729e-09 0.000100996)
(-4.40201e-10 -8.72296e-10 4.49613e-05)
(-4.53549e-09 -1.01809e-08 3.44751e-05)
(-8.21998e-09 -1.35868e-08 8.16234e-05)
(-4.4522e-09 4.86825e-09 0.000112349)
(-1.0318e-09 1.79528e-09 0.000128937)
(-5.68209e-10 2.43648e-09 0.000135783)
(5.24866e-10 2.74697e-09 0.000135782)
(1.90296e-10 4.11837e-09 0.000128937)
(9.90081e-10 6.81354e-09 0.000112348)
(2.38495e-09 -1.11082e-08 8.16241e-05)
(-5.96023e-10 -3.79723e-09 3.44754e-05)
(-5.65636e-09 -9.72131e-09 2.10743e-05)
(-1.02709e-08 -7.5062e-09 5.33116e-05)
(-5.00653e-09 2.6667e-09 7.85699e-05)
(-5.72325e-10 -1.51467e-09 9.57191e-05)
(-1.69572e-09 1.75866e-09 0.000104217)
(7.30166e-10 1.89391e-09 0.000104217)
(-3.50735e-11 1.67899e-09 9.57197e-05)
(5.41347e-09 5.57164e-09 7.85711e-05)
(8.9919e-09 -6.29084e-09 5.33122e-05)
(3.41221e-09 -7.86821e-09 2.10749e-05)
(-1.02549e-08 -7.64162e-09 7.96032e-06)
(-8.66723e-09 -2.03644e-09 1.99929e-05)
(-5.11198e-09 -1.58417e-09 3.20554e-05)
(-4.4214e-09 -2.01153e-09 4.12637e-05)
(-3.14744e-09 6.28686e-10 4.61632e-05)
(-1.0997e-09 8.00096e-10 4.61632e-05)
(-1.87439e-10 -1.8312e-10 4.1264e-05)
(2.98745e-09 3.83041e-10 3.20559e-05)
(7.74789e-09 -1.58387e-09 1.99932e-05)
(8.93372e-09 -7.10613e-09 7.96076e-06)
(-6.64052e-09 4.83301e-09 7.96048e-06)
(-1.45926e-09 -2.21143e-09 1.99927e-05)
(1.15968e-09 -3.77733e-10 3.20555e-05)
(-1.34566e-09 5.84643e-10 4.12626e-05)
(1.6152e-09 -1.93142e-10 4.61624e-05)
(5.46025e-10 -6.87075e-10 4.61624e-05)
(4.3639e-09 1.03697e-09 4.12626e-05)
(6.85503e-11 3.52739e-10 3.20553e-05)
(2.52676e-09 -1.88475e-09 1.99927e-05)
(1.22993e-08 8.97666e-09 7.96052e-06)
(-2.71322e-09 5.41826e-09 2.10737e-05)
(5.25813e-10 -3.40573e-09 5.33115e-05)
(-3.50691e-09 -7.96231e-10 7.85709e-05)
(-2.13251e-09 -7.21809e-11 9.57197e-05)
(-3.6357e-10 -1.58012e-09 0.000104218)
(9.38355e-10 -1.49437e-09 0.000104218)
(2.82921e-09 9.83597e-10 9.57196e-05)
(4.02067e-09 3.34099e-10 7.85713e-05)
(3.17109e-09 -6.50322e-10 5.33121e-05)
(5.52747e-09 9.0711e-09 2.1074e-05)
(2.88486e-09 8.21934e-10 3.44743e-05)
(4.25238e-09 -1.91797e-09 8.16233e-05)
(1.28145e-10 -5.43268e-10 0.000112348)
(6.16782e-10 -2.27084e-09 0.000128938)
(1.59938e-10 -3.03445e-09 0.000135783)
(1.24008e-09 -2.26602e-09 0.000135782)
(4.78952e-10 -1.83897e-09 0.000128938)
(2.14121e-09 -5.1887e-10 0.000112348)
(9.86139e-10 1.57042e-09 8.16241e-05)
(2.13165e-09 7.90221e-09 3.44743e-05)
(5.45833e-10 -2.22745e-10 4.49607e-05)
(2.1421e-09 -1.86304e-09 0.000100996)
(2.2051e-09 3.71378e-10 0.000130792)
(1.66234e-09 -1.02156e-09 0.000142989)
(2.41323e-10 -1.76873e-09 0.000146869)
(-1.17758e-09 -1.46246e-09 0.000146869)
(-2.65327e-09 -1.94022e-09 0.00014299)
(-3.32556e-09 -9.49414e-10 0.000130792)
(-3.5089e-09 5.79526e-12 0.000100996)
(-8.6426e-11 4.87311e-09 4.49612e-05)
(1.69185e-10 1.01018e-09 5.06795e-05)
(-8.81208e-10 -3.47283e-10 0.000110384)
(-3.13688e-10 1.1153e-09 0.000138062)
(2.99176e-10 -4.58317e-10 0.000147257)
(3.43029e-10 -1.02967e-10 0.000149556)
(1.08508e-10 -1.02313e-10 0.000149556)
(-3.94394e-10 -2.01653e-10 0.000147258)
(-5.02831e-10 3.07946e-10 0.000138062)
(-2.30549e-09 -7.92981e-10 0.000110385)
(-9.31461e-10 8.74813e-10 5.06803e-05)
(7.11389e-11 3.20834e-09 5.06808e-05)
(-7.68482e-10 2.19987e-09 0.000110386)
(-1.74965e-10 6.76929e-10 0.000138062)
(2.40825e-10 -2.29157e-09 0.000147257)
(7.49804e-11 -1.29687e-09 0.000149555)
(1.75721e-10 -8.53493e-10 0.000149555)
(7.15361e-11 -6.57071e-10 0.000147257)
(-9.75019e-10 1.48847e-09 0.000138062)
(-1.6331e-09 2.90931e-10 0.000110385)
(-5.74428e-10 4.94263e-10 5.06801e-05)
(1.84306e-09 4.80899e-09 4.49617e-05)
(1.75587e-09 3.29911e-09 0.000100997)
(1.70639e-09 6.53608e-10 0.000130793)
(2.13485e-09 -1.31091e-09 0.000142989)
(9.07188e-10 -4.96393e-10 0.000146869)
(2.36392e-11 3.57831e-10 0.000146869)
(-1.44039e-09 6.87834e-10 0.00014299)
(-1.62925e-09 2.43413e-09 0.000130793)
(-1.88425e-09 -1.94908e-10 0.000100997)
(-7.77035e-10 -1.43237e-09 4.49614e-05)
(6.97016e-09 5.47056e-09 3.44749e-05)
(7.54485e-09 7.04145e-09 8.16243e-05)
(3.34928e-10 -1.50188e-09 0.000112348)
(2.0853e-09 -1.50235e-09 0.000128937)
(1.63769e-09 4.54884e-10 0.000135782)
(1.50236e-09 1.17769e-09 0.000135782)
(2.61116e-10 1.29358e-09 0.000128937)
(1.94343e-09 1.16248e-09 0.000112349)
(-2.39957e-09 3.58483e-09 8.1625e-05)
(-1.60492e-09 -2.60298e-09 3.44754e-05)
(1.72631e-09 -1.79385e-09 2.10743e-05)
(8.6782e-09 1.08196e-08 5.33118e-05)
(1.21821e-09 -2.61358e-10 7.85695e-05)
(-1.72327e-10 -4.25788e-09 9.57181e-05)
(1.32503e-10 -4.2876e-10 0.000104217)
(9.15102e-10 3.94227e-10 0.000104217)
(3.6873e-10 -1.0659e-09 9.57189e-05)
(1.18842e-10 2.50399e-09 7.85705e-05)
(-2.97721e-09 7.91158e-09 5.33121e-05)
(3.453e-09 -6.28185e-09 2.10746e-05)
(-9.31398e-09 -7.18755e-09 7.96062e-06)
(4.31704e-09 5.93306e-09 1.99928e-05)
(7.33475e-09 2.49206e-09 3.20549e-05)
(6.5428e-10 -1.63881e-09 4.12622e-05)
(-2.114e-10 -9.00445e-11 4.61618e-05)
(-1.97202e-10 8.72803e-11 4.6162e-05)
(-4.51309e-10 -9.97347e-10 4.12625e-05)
(-5.58497e-09 2.57917e-09 3.20551e-05)
(-7.10804e-11 3.76074e-09 1.99924e-05)
(9.10192e-09 -6.51349e-09 7.96044e-06)
(-1.08161e-08 6.9867e-09 7.9609e-06)
(4.40341e-10 -3.85503e-09 1.99928e-05)
(-3.42121e-09 4.84874e-09 3.20556e-05)
(-9.80847e-09 1.88743e-09 4.12631e-05)
(-1.4167e-09 -8.43103e-10 4.61628e-05)
(-3.64614e-09 -1.47873e-09 4.61628e-05)
(3.25657e-09 7.3221e-10 4.12628e-05)
(-1.54774e-09 2.646e-09 3.20548e-05)
(-4.93816e-09 -6.83992e-09 1.99923e-05)
(8.86569e-09 6.34305e-09 7.96001e-06)
(-7.8954e-09 1.01274e-08 2.10745e-05)
(-5.53506e-09 -1.06951e-09 5.33113e-05)
(-7.33031e-09 5.94621e-09 7.85686e-05)
(-2.23868e-09 -1.56052e-09 9.57196e-05)
(2.88569e-10 -3.92145e-09 0.000104219)
(2.01871e-10 -3.71103e-09 0.000104219)
(2.16646e-09 -1.41917e-10 9.57199e-05)
(5.1057e-09 5.62492e-09 7.85693e-05)
(-5.31191e-10 -5.99504e-09 5.3311e-05)
(3.26505e-09 5.85462e-09 2.10733e-05)
(-4.68883e-09 1.15489e-08 3.44751e-05)
(-5.70861e-09 4.12223e-09 8.16252e-05)
(-7.84261e-09 5.01037e-09 0.000112348)
(-2.12452e-09 -6.3465e-09 0.000128937)
(-1.87478e-09 -5.22791e-09 0.000135782)
(-1.91924e-09 -4.28699e-09 0.000135782)
(-1.33516e-09 -5.16034e-09 0.000128937)
(4.70336e-09 4.86134e-09 0.000112347)
(1.56752e-09 -4.04408e-10 8.16248e-05)
(8.20613e-10 4.48946e-09 3.4475e-05)
(1.7173e-09 5.79192e-09 4.49608e-05)
(3.58366e-09 2.13906e-09 0.000100996)
(2.26827e-09 4.48318e-09 0.000130793)
(2.74147e-09 -4.18229e-09 0.000142989)
(-8.83903e-10 -2.92186e-09 0.000146868)
(-7.87964e-10 -2.60263e-09 0.000146869)
(-3.72369e-09 -3.93157e-09 0.000142989)
(-3.06464e-09 2.27307e-09 0.000130793)
(-4.16419e-09 -1.88201e-09 0.000100996)
(-2.29372e-09 2.1395e-09 4.49613e-05)
(1.39652e-09 2.80881e-10 5.06803e-05)
(1.23188e-09 6.58161e-10 0.000110385)
(1.88986e-09 3.06681e-09 0.000138062)
(2.95646e-09 -6.68552e-10 0.000147257)
(3.53843e-11 8.89434e-11 0.000149555)
(4.85127e-10 -2.93232e-10 0.000149555)
(-1.28377e-09 -7.28673e-10 0.000147257)
(-1.13137e-09 1.41701e-09 0.000138062)
(-1.96139e-09 -1.91105e-09 0.000110385)
(-1.78386e-09 -1.15504e-09 5.06806e-05)
(8.39264e-10 8.13636e-11 5.06808e-05)
(2.29976e-09 7.32614e-10 0.000110385)
(2.26206e-09 1.16935e-09 0.000138063)
(1.66006e-09 -3.46809e-10 0.000147257)
(2.35276e-10 6.26107e-10 0.000149555)
(1.81892e-10 -9.30123e-11 0.000149555)
(-1.46412e-09 -8.4393e-10 0.000147257)
(-2.24805e-09 6.20049e-10 0.000138062)
(-2.9472e-09 -1.80043e-09 0.000110384)
(-1.43608e-09 -2.42042e-09 5.06803e-05)
(1.39508e-10 -6.87013e-09 4.49618e-05)
(3.49413e-09 -2.20048e-09 0.000100996)
(2.02711e-09 1.26542e-09 0.000130793)
(7.6782e-10 2.40621e-09 0.000142989)
(-1.99952e-10 2.37134e-09 0.000146868)
(9.63412e-11 1.90329e-09 0.000146868)
(-1.14603e-09 2.02087e-09 0.000142989)
(-3.086e-09 1.40432e-09 0.000130793)
(-4.18566e-09 -2.30716e-09 0.000100996)
(-5.06836e-10 -7.15956e-09 4.49612e-05)
(-5.98628e-09 -1.07839e-08 3.44759e-05)
(-6.62508e-09 -6.96215e-09 8.16255e-05)
(-4.26757e-09 4.00735e-09 0.000112349)
(-1.53311e-09 2.96327e-09 0.000128936)
(1.37546e-10 1.6848e-09 0.000135781)
(1.13361e-09 2.12299e-09 0.000135781)
(2.96571e-09 2.65859e-09 0.000128937)
(4.51184e-09 3.62847e-09 0.000112348)
(4.96302e-09 -4.99088e-09 8.1625e-05)
(5.21291e-09 -1.0605e-08 3.44754e-05)
(-8.06558e-09 -1.09097e-08 2.10744e-05)
(-7.76701e-09 -3.8902e-09 5.33107e-05)
(-1.9658e-09 3.26893e-09 7.85688e-05)
(4.60153e-10 6.66586e-12 9.57186e-05)
(7.62722e-11 8.84304e-10 0.000104218)
(1.20242e-09 1.51166e-09 0.000104218)
(1.84738e-09 -1.56699e-10 9.572e-05)
(3.73921e-09 4.74937e-09 7.85701e-05)
(7.72526e-09 -1.57924e-09 5.33117e-05)
(8.1046e-09 -1.00477e-08 2.10741e-05)
(-1.0078e-08 -8.14116e-09 7.96028e-06)
(-6.3852e-09 -1.43123e-09 1.99924e-05)
(-3.39275e-09 -8.056e-10 3.20552e-05)
(-4.09218e-09 -7.36618e-10 4.12632e-05)
(-2.87673e-09 6.99677e-10 4.61626e-05)
(-1.4758e-09 1.08359e-09 4.61626e-05)
(-2.7415e-10 -6.56301e-10 4.12631e-05)
(-1.08999e-09 1.93214e-09 3.20555e-05)
(3.99687e-09 1.05372e-09 1.99928e-05)
(8.42921e-09 -5.9436e-09 7.9605e-06)
(-1.46902e-08 1.04508e-08 7.96056e-06)
(-3.98398e-09 -1.6652e-09 1.99926e-05)
(-3.70659e-09 2.3236e-09 3.20545e-05)
(-6.56111e-09 1.63305e-09 4.12623e-05)
(-7.33481e-10 -7.37592e-11 4.61613e-05)
(-1.00473e-09 -7.69805e-11 4.61615e-05)
(4.82514e-09 5.66899e-10 4.12622e-05)
(3.15302e-09 9.17395e-10 3.20543e-05)
(5.12963e-09 -1.71019e-09 1.99928e-05)
(1.38955e-08 1.03497e-08 7.96069e-06)
(-6.25233e-09 1.0189e-08 2.10755e-05)
(-4.43019e-09 4.26965e-10 5.33129e-05)
(-1.001e-08 3.3575e-09 7.85678e-05)
(-6.78397e-09 -1.87408e-09 9.5718e-05)
(-5.93606e-10 -4.95473e-09 0.000104216)
(4.33173e-09 -4.79868e-09 0.000104216)
(1.06096e-08 -1.10738e-09 9.57184e-05)
(1.44966e-08 3.52667e-09 7.85682e-05)
(9.827e-09 3.64032e-09 5.33124e-05)
(9.88053e-09 1.45308e-08 2.1075e-05)
(1.18323e-10 5.81876e-09 3.4476e-05)
(3.39828e-09 8.46859e-11 8.16265e-05)
(5.53557e-10 1.74398e-09 0.000112348)
(1.14706e-09 -4.53567e-09 0.000128936)
(-3.47303e-10 -6.6037e-09 0.000135781)
(-5.4494e-10 -6.48057e-09 0.000135781)
(-1.61437e-09 -4.18989e-09 0.000128936)
(2.85373e-10 2.96848e-09 0.000112348)
(-1.20046e-10 5.70608e-09 8.16261e-05)
(2.8591e-09 1.0512e-08 3.44764e-05)
(-1.29165e-10 4.35779e-09 4.49622e-05)
(2.87122e-09 -1.18245e-09 0.000100997)
(4.16642e-09 9.34231e-10 0.000130795)
(3.8073e-09 -1.16192e-09 0.000142989)
(6.00853e-10 -2.14063e-09 0.000146868)
(-1.21399e-09 -2.10445e-09 0.000146868)
(-3.51349e-09 -1.99738e-09 0.000142989)
(-3.6159e-09 5.65412e-10 0.000130795)
(-2.29692e-09 1.78581e-10 0.000100997)
(1.28461e-09 6.03982e-09 4.49627e-05)
(1.65625e-09 2.11656e-09 5.06811e-05)
(1.29531e-09 4.23617e-10 0.000110385)
(6.95198e-10 1.10122e-09 0.000138064)
(2.18878e-09 -4.19472e-10 0.000147257)
(9.48364e-10 -3.39587e-10 0.000149555)
(6.93759e-10 -6.95333e-10 0.000149555)
(-7.60419e-10 -7.87362e-10 0.000147257)
(-1.15875e-09 4.35659e-10 0.000138064)
(-2.73909e-09 -2.20984e-11 0.000110385)
(-1.51335e-09 2.47185e-09 5.06814e-05)
(1.22751e-09 3.10598e-09 5.06812e-05)
(1.96691e-10 3.37484e-09 0.000110384)
(-3.36023e-10 1.0484e-09 0.000138063)
(1.05859e-09 -1.80422e-09 0.000147257)
(6.13628e-10 -1.38118e-09 0.000149555)
(5.73199e-10 -7.07821e-10 0.000149555)
(-7.47851e-11 -1.21392e-09 0.000147257)
(-6.31172e-10 9.74845e-10 0.000138064)
(-2.01668e-09 4.83504e-10 0.000110385)
(-1.15348e-09 6.82328e-11 5.06814e-05)
(1.13007e-09 3.98298e-09 4.49621e-05)
(1.13446e-09 5.47045e-09 0.000100996)
(2.5975e-09 7.12601e-10 0.000130794)
(3.90001e-09 -2.75321e-09 0.000142989)
(1.91719e-09 -1.00769e-09 0.000146868)
(3.22768e-10 4.33558e-10 0.000146868)
(-2.20466e-09 -5.19783e-10 0.000142989)
(-1.94806e-09 1.58055e-09 0.000130794)
(-7.7722e-10 4.5438e-10 0.000100997)
(6.75405e-11 -1.45671e-09 4.49623e-05)
(7.68951e-09 8.19607e-09 3.44757e-05)
(1.15263e-08 9.64959e-09 8.16263e-05)
(5.74278e-09 -2.42606e-09 0.000112349)
(5.60292e-09 -2.58805e-09 0.000128937)
(3.61574e-09 1.90752e-09 0.000135781)
(1.10375e-09 3.29688e-09 0.000135781)
(-8.34711e-10 1.42302e-09 0.000128937)
(2.05314e-11 -1.25822e-09 0.000112348)
(-3.6498e-09 1.36278e-09 8.16257e-05)
(-1.28839e-09 -3.40768e-09 3.44755e-05)
(2.49273e-09 -1.62968e-09 2.10748e-05)
(9.40925e-09 7.97937e-09 5.33134e-05)
(-1.43843e-10 -2.47648e-09 7.85698e-05)
(-2.13375e-09 -3.77541e-09 9.57184e-05)
(1.15336e-10 1.63558e-09 0.000104216)
(1.71674e-09 2.79901e-09 0.000104217)
(3.91623e-09 -1.77728e-10 9.5719e-05)
(4.92424e-09 1.81761e-10 7.85694e-05)
(8.05563e-11 4.02807e-09 5.3313e-05)
(4.29106e-09 -7.87295e-09 2.10745e-05)
(-9.76387e-09 -7.99197e-09 7.96091e-06)
(-1.88686e-09 1.54199e-09 1.99929e-05)
(5.65725e-10 2.57546e-10 3.20547e-05)
(-4.07089e-09 -2.20238e-09 4.12624e-05)
(-2.80673e-09 -4.19965e-10 4.61618e-05)
(-1.76392e-09 -1.85241e-11 4.61616e-05)
(3.86235e-10 -1.03078e-09 4.12624e-05)
(-3.76992e-09 2.45367e-09 3.20545e-05)
(2.41181e-09 2.47044e-09 1.99926e-05)
(1.08118e-08 -7.49832e-09 7.96054e-06)
(-1.66904e-08 1.21929e-08 7.96043e-06)
(-3.40049e-09 -2.14232e-09 1.99925e-05)
(-3.07085e-09 3.79805e-09 3.20543e-05)
(-7.90433e-09 1.78172e-09 4.1262e-05)
(-2.43958e-09 -8.82853e-10 4.61609e-05)
(-3.23476e-09 -8.84142e-10 4.61611e-05)
(-8.58025e-10 -7.33878e-12 4.12616e-05)
(-4.98754e-09 9.14e-10 3.20548e-05)
(-8.36152e-09 -8.57568e-09 1.9993e-05)
(5.9458e-09 4.36338e-09 7.96097e-06)
(-8.62247e-09 1.2139e-08 2.10749e-05)
(-5.98555e-09 -1.71162e-09 5.33134e-05)
(-2.3514e-09 -4.6367e-10 7.857e-05)
(2.66273e-09 -5.42914e-10 9.57181e-05)
(4.42462e-10 -3.17607e-09 0.000104215)
(1.11361e-09 -1.66194e-09 0.000104215)
(-1.56169e-09 8.77388e-10 9.57169e-05)
(-4.28108e-10 3.0301e-10 7.85692e-05)
(-2.51262e-09 -7.4233e-09 5.33137e-05)
(-1.02561e-09 -4.25713e-11 2.10755e-05)
(-4.35274e-09 1.14408e-08 3.44758e-05)
(-4.37757e-09 4.41103e-09 8.16259e-05)
(-1.99299e-09 -5.19528e-09 0.000112349)
(1.74184e-09 -4.26596e-09 0.000128937)
(-1.18396e-10 -3.29521e-09 0.000135781)
(-1.98708e-09 -1.9003e-09 0.000135781)
(-3.33578e-09 -2.58846e-09 0.000128936)
(5.93381e-10 -3.9098e-09 0.000112349)
(2.23488e-09 -2.372e-10 8.16264e-05)
(6.33301e-10 1.55339e-09 3.44761e-05)
(3.11341e-10 7.47791e-09 4.49626e-05)
(4.64876e-09 2.87475e-09 0.000100997)
(3.92464e-09 -2.95183e-09 0.000130794)
(2.78736e-09 -3.67399e-09 0.000142989)
(1.06237e-09 -1.74547e-09 0.000146868)
(-8.20045e-10 -7.90108e-10 0.000146868)
(-2.10283e-09 -2.9651e-09 0.000142989)
(-3.815e-09 -4.36614e-09 0.000130794)
(-3.99262e-09 -2.37036e-09 0.000100997)
(-5.49635e-10 3.22434e-09 4.49627e-05)
(2.50427e-10 1.05088e-09 5.0681e-05)
(3.04985e-09 -4.77176e-10 0.000110385)
(2.70104e-09 -5.89401e-10 0.000138064)
(1.34032e-09 -1.99018e-09 0.000147257)
(5.78432e-10 -7.90168e-10 0.000149555)
(8.85631e-11 2.82188e-10 0.000149555)
(1.78786e-10 -1.0528e-09 0.000147257)
(-1.14682e-09 -1.09231e-09 0.000138063)
(-2.08378e-09 -2.52985e-09 0.000110385)
(-3.08389e-10 -1.49506e-10 5.06816e-05)
(3.0736e-10 3.90591e-10 5.0681e-05)
(4.2101e-09 -3.12487e-09 0.000110384)
(4.51402e-09 -1.79111e-10 0.000138063)
(1.67325e-09 -2.07558e-09 0.000147257)
(1.2305e-09 -4.51021e-10 0.000149555)
(4.81345e-10 -2.78883e-10 0.000149555)
(3.29739e-10 -1.22069e-09 0.000147257)
(-2.05115e-09 9.5892e-10 0.000138064)
(-2.52211e-09 -2.82485e-09 0.000110385)
(-1.4066e-10 4.11963e-10 5.06811e-05)
(9.05274e-11 -6.53074e-09 4.49619e-05)
(4.22492e-09 -9.83142e-09 0.000100996)
(4.16281e-09 2.42111e-09 0.000130794)
(9.27677e-10 1.1276e-09 0.00014299)
(4.15062e-10 1.81428e-09 0.000146868)
(-3.19862e-10 1.7357e-09 0.000146868)
(-1.10591e-09 1.59486e-09 0.000142989)
(-4.2813e-09 3.97875e-09 0.000130794)
(-3.43345e-09 -5.85644e-09 0.000100997)
(-5.08886e-10 -1.42917e-09 4.49625e-05)
(-5.20423e-09 -1.13543e-08 3.44751e-05)
(-8.31965e-09 -1.44937e-08 8.16254e-05)
(-4.39122e-09 6.43417e-09 0.00011235)
(-1.98932e-09 2.89634e-09 0.000128938)
(-8.91596e-10 2.23668e-09 0.000135781)
(-9.88864e-13 2.99152e-09 0.000135781)
(5.15481e-10 3.36672e-09 0.000128937)
(1.82344e-09 6.93436e-09 0.00011235)
(3.19356e-09 -1.00139e-08 8.1626e-05)
(3.49829e-10 -4.17759e-09 3.44758e-05)
(-8.37552e-09 -1.10666e-08 2.10746e-05)
(-1.30216e-08 -7.78267e-09 5.33146e-05)
(-5.13796e-09 4.29054e-09 7.85718e-05)
(-1.91633e-10 3.41698e-10 9.57189e-05)
(-1.58191e-09 1.50279e-09 0.000104216)
(7.45172e-10 2.29723e-09 0.000104216)
(-5.84774e-10 1.04333e-09 9.5718e-05)
(2.71538e-09 7.01972e-09 7.85706e-05)
(6.50973e-09 -3.80313e-09 5.33138e-05)
(3.36485e-09 -7.18356e-09 2.10751e-05)
(-8.11921e-09 -5.71604e-09 7.96109e-06)
(-9.17816e-09 -2.39655e-09 1.99933e-05)
(-4.96881e-09 -9.73272e-10 3.20548e-05)
(-3.71176e-09 -5.33376e-10 4.12618e-05)
(-3.48188e-09 7.75275e-10 4.61611e-05)
(-1.27191e-09 1.08089e-09 4.61609e-05)
(-1.05929e-09 -3.63247e-10 4.12617e-05)
(-1.89161e-10 1.81729e-09 3.20546e-05)
(4.99135e-09 6.12476e-11 1.99927e-05)
(7.87425e-09 -6.38716e-09 7.9605e-06)
(-1.13362e-08 8.89765e-09 7.96043e-06)
(-4.44228e-10 -2.69631e-09 1.99928e-05)
(6.27698e-10 1.72623e-11 3.20556e-05)
(-2.82682e-09 1.15412e-09 4.12628e-05)
(4.82236e-10 -1.91092e-10 4.61626e-05)
(-8.7471e-10 -8.24156e-10 4.61627e-05)
(2.3971e-09 7.07467e-10 4.12633e-05)
(2.45579e-10 2.94891e-10 3.2056e-05)
(2.63496e-09 -1.27582e-09 1.9993e-05)
(1.02265e-08 8.01769e-09 7.96068e-06)
(-3.29859e-09 6.51084e-09 2.10733e-05)
(-1.2801e-09 -1.45755e-09 5.33105e-05)
(-4.19294e-09 6.11535e-10 7.85706e-05)
(-2.38186e-09 -7.31757e-11 9.57202e-05)
(-7.58084e-10 -1.89151e-09 0.000104219)
(-2.23916e-10 -2.38817e-09 0.000104218)
(1.89766e-09 2.67597e-10 9.57205e-05)
(4.34341e-09 -3.27889e-10 7.85716e-05)
(3.64846e-09 -1.29098e-09 5.33123e-05)
(6.51094e-09 9.51662e-09 2.1074e-05)
(2.04959e-09 1.1026e-09 3.44755e-05)
(1.83987e-09 1.02449e-09 8.16247e-05)
(-1.41031e-09 7.15566e-10 0.000112348)
(6.84762e-11 -2.40114e-09 0.000128937)
(-2.41395e-10 -3.3161e-09 0.000135782)
(6.10733e-10 -3.88773e-09 0.000135782)
(6.2471e-10 -2.53461e-09 0.000128937)
(3.17208e-09 -8.40915e-10 0.000112348)
(1.93958e-09 1.39155e-09 8.16246e-05)
(2.14e-09 8.28712e-09 3.44748e-05)
(4.13023e-10 1.44531e-09 4.49618e-05)
(2.31147e-09 -2.83082e-10 0.000100997)
(2.72089e-09 1.94965e-10 0.000130792)
(2.12556e-09 -1.54387e-09 0.000142989)
(7.12769e-10 -1.77891e-09 0.000146868)
(-1.04152e-09 -2.33609e-09 0.000146868)
(-3.13158e-09 -2.63025e-09 0.000142989)
(-3.15763e-09 -1.02859e-09 0.000130792)
(-3.07729e-09 1.8014e-12 0.000100996)
(2.39094e-10 5.65787e-09 4.49608e-05)
(5.56802e-10 1.52402e-09 5.06813e-05)
(6.44068e-10 -5.85085e-10 0.000110386)
(5.37917e-10 -1.02311e-11 0.000138062)
(1.02386e-09 -1.64954e-09 0.000147257)
(8.49146e-10 -2.01724e-10 0.000149555)
(-2.82804e-10 -4.25256e-10 0.000149555)
(-9.20635e-10 -8.45783e-10 0.000147257)
(-1.27122e-09 -2.53136e-10 0.000138061)
(-2.799e-09 -1.18027e-09 0.000110384)
(-1.0691e-09 1.19569e-09 5.06804e-05)
(5.33367e-10 2.79022e-09 5.0682e-05)
(-3.63331e-10 1.89655e-09 0.000110386)
(-7.38912e-10 4.0271e-11 0.000138062)
(-4.7385e-10 -2.124e-09 0.000147257)
(-2.91657e-10 -1.05234e-09 0.000149555)
(-1.46922e-10 -1.24172e-09 0.000149555)
(-2.8691e-10 -1.20978e-09 0.000147257)
(-1.00216e-09 9.35623e-10 0.000138062)
(-1.66829e-09 9.45752e-11 0.000110384)
(-6.50085e-10 6.38819e-10 5.068e-05)
(1.97465e-09 4.69372e-09 4.49635e-05)
(1.94643e-09 3.05184e-09 0.000100998)
(1.50341e-09 6.93712e-10 0.000130793)
(1.44969e-09 -1.23082e-09 0.000142989)
(8.13355e-10 -6.37242e-10 0.000146868)
(4.44777e-10 -1.02952e-10 0.000146868)
(-1.55133e-09 -4.17892e-10 0.000142989)
(-1.72062e-09 1.91658e-09 0.000130793)
(-2.04089e-09 2.20013e-10 0.000100996)
(-1.04671e-09 -1.27749e-09 4.49612e-05)
(6.09413e-09 3.67761e-09 3.44773e-05)
(7.09828e-09 6.55646e-09 8.16246e-05)
(-4.78992e-10 -1.3561e-09 0.000112347)
(1.36483e-09 -1.32114e-09 0.000128935)
(1.41737e-09 1.52746e-10 0.000135781)
(1.15083e-09 7.06062e-10 0.000135781)
(-1.40428e-10 -2.99521e-10 0.000128936)
(2.38693e-09 5.42499e-11 0.000112348)
(-2.2718e-09 4.37122e-09 8.16252e-05)
(-1.84194e-09 -2.40739e-09 3.4476e-05)
(-2.44408e-10 -3.49879e-09 2.10742e-05)
(8.53664e-09 1.15424e-08 5.33094e-05)
(2.3356e-09 1.36566e-09 7.85681e-05)
(6.41063e-10 -3.64122e-09 9.57184e-05)
(2.87123e-10 -6.55837e-10 0.000104217)
(8.22598e-10 5.6725e-10 0.000104218)
(2.86199e-10 -2.62528e-09 9.57197e-05)
(-7.67948e-10 7.38011e-10 7.85707e-05)
(-4.69113e-09 9.43132e-09 5.33125e-05)
(2.77126e-09 -5.38603e-09 2.10747e-05)
(-1.03751e-08 -7.58116e-09 7.96003e-06)
(3.99273e-09 6.33576e-09 1.9992e-05)
(9.11262e-09 3.83856e-09 3.2055e-05)
(1.81237e-09 -1.7007e-09 4.12626e-05)
(2.2803e-10 -5.55087e-10 4.6162e-05)
(2.21386e-10 4.0272e-10 4.61624e-05)
(8.46729e-10 -1.43075e-09 4.12629e-05)
(-4.64816e-09 1.14494e-09 3.2056e-05)
(-1.61837e-09 4.46394e-09 1.99933e-05)
(8.7741e-09 -6.29455e-09 7.96086e-06)
(-1.10338e-08 8.29773e-09 7.9609e-06)
(6.25448e-10 -5.7036e-09 1.99927e-05)
(-2.47593e-09 3.11349e-09 3.20543e-05)
(-6.79706e-09 2.30525e-09 4.12616e-05)
(6.24065e-10 3.97004e-10 4.61613e-05)
(-2.05719e-09 1.13443e-10 4.61611e-05)
(5.52286e-09 2.06581e-09 4.12618e-05)
(5.08055e-10 3.25816e-09 3.20538e-05)
(-3.25989e-09 -6.14933e-09 1.99918e-05)
(8.65795e-09 5.99064e-09 7.96048e-06)
(-1.01358e-08 1.32019e-08 2.10748e-05)
(-7.42059e-09 -1.39845e-09 5.33139e-05)
(-1.29979e-08 5.86374e-09 7.85698e-05)
(-6.71647e-09 -1.71438e-09 9.57186e-05)
(-9.52096e-10 -4.29769e-09 0.000104216)
(2.50102e-09 -4.34134e-09 0.000104216)
(9.10724e-09 -6.99598e-10 9.57176e-05)
(1.45423e-08 8.92501e-09 7.85683e-05)
(7.72283e-09 5.52298e-10 5.33131e-05)
(6.83225e-09 9.05845e-09 2.10751e-05)
(-2.90054e-09 1.00542e-08 3.4476e-05)
(-1.10454e-09 3.31973e-09 8.16267e-05)
(-3.05056e-09 5.37584e-09 0.000112349)
(9.75358e-10 -7.3805e-09 0.000128937)
(-4.55909e-10 -6.57456e-09 0.000135781)
(-9.47219e-10 -6.52848e-09 0.000135781)
(-2.15589e-09 -5.96056e-09 0.000128936)
(2.81493e-09 8.55354e-09 0.000112348)
(1.18697e-10 5.2751e-09 8.16264e-05)
(-5.27238e-10 4.8631e-09 3.44766e-05)
(2.85404e-10 4.70937e-09 4.49613e-05)
(2.8576e-09 2.63021e-11 0.000100996)
(3.34999e-09 3.81195e-09 0.000130794)
(4.19204e-09 -4.03359e-09 0.000142989)
(5.73682e-10 -2.65291e-09 0.000146868)
(-1.01567e-09 -2.56173e-09 0.000146868)
(-4.9417e-09 -3.22754e-09 0.000142989)
(-3.84688e-09 4.66787e-09 0.000130794)
(-2.04822e-09 -8.62722e-11 0.000100997)
(-3.61615e-10 1.34643e-09 4.49629e-05)
(1.37884e-09 2.01139e-09 5.06803e-05)
(2.02577e-09 -1.56837e-10 0.000110384)
(1.89304e-09 1.25423e-09 0.000138063)
(2.7269e-09 -1.94011e-09 0.000147257)
(4.50365e-10 -5.8122e-10 0.000149556)
(2.00471e-10 -4.80876e-10 0.000149556)
(-1.9133e-09 -1.31672e-09 0.000147258)
(-2.00245e-09 9.9211e-10 0.000138063)
(-2.26678e-09 -1.04703e-09 0.000110385)
(-1.47247e-09 3.25424e-10 5.06817e-05)
(1.30486e-09 7.30733e-11 5.068e-05)
(1.94114e-09 1.23221e-09 0.000110384)
(1.65005e-09 6.97851e-10 0.000138063)
(1.79281e-09 -1.41253e-09 0.000147257)
(4.51608e-10 2.5454e-11 0.000149556)
(1.21822e-10 2.20577e-10 0.000149556)
(-1.53845e-09 -2.98791e-10 0.000147258)
(-2.47212e-09 8.22852e-10 0.000138064)
(-3.05946e-09 -1.51295e-09 0.000110385)
(-1.06633e-09 -3.5989e-09 5.06815e-05)
(-1.29818e-09 -1.96716e-09 4.49609e-05)
(1.80047e-09 4.80308e-10 0.000100995)
(4.12446e-09 -5.96427e-10 0.000130794)
(2.49472e-09 -3.36634e-10 0.00014299)
(9.42919e-10 1.13549e-09 0.000146869)
(-2.66281e-10 1.97836e-09 0.000146869)
(-2.47891e-09 1.72899e-09 0.00014299)
(-4.91468e-09 -6.78122e-11 0.000130794)
(-3.17603e-09 -3.45373e-09 0.000100996)
(1.5673e-09 -6.78452e-09 4.49622e-05)
(3.93588e-10 -1.43793e-09 3.44746e-05)
(2.7386e-09 -4.28263e-09 8.16245e-05)
(3.29745e-09 -6.62963e-10 0.000112349)
(2.18044e-09 1.46819e-09 0.000128938)
(1.74405e-09 3.89177e-09 0.000135782)
(7.8013e-10 4.90978e-09 0.000135781)
(1.1445e-10 4.31198e-09 0.000128937)
(4.98832e-10 6.28863e-10 0.000112348)
(1.93285e-09 -1.05853e-08 8.16247e-05)
(4.23018e-09 -1.18254e-08 3.44759e-05)
(-8.46422e-10 -4.61917e-09 2.10742e-05)
(-3.44668e-09 -4.43727e-09 5.3313e-05)
(-6.10802e-09 -9.39889e-10 7.85699e-05)
(-4.09672e-09 -1.21991e-09 9.5719e-05)
(-1.49517e-09 2.57519e-09 0.000104217)
(2.57215e-09 3.34386e-09 0.000104216)
(6.73163e-09 1.89171e-09 9.57187e-05)
(1.20425e-08 1.48779e-09 7.85693e-05)
(1.47219e-08 -8.80427e-09 5.33131e-05)
(1.09005e-08 -1.44236e-08 2.10743e-05)
(-6.69312e-09 -5.52597e-09 7.96022e-06)
(-6.25632e-09 -1.81347e-09 1.99925e-05)
(-3.94585e-09 -1.2142e-09 3.20543e-05)
(-4.25839e-09 -2.56348e-09 4.12622e-05)
(-3.14621e-09 -6.72171e-10 4.61614e-05)
(-7.27337e-11 -2.4653e-10 4.61615e-05)
(1.36441e-09 -6.1538e-10 4.12622e-05)
(3.02804e-09 4.08715e-10 3.20541e-05)
(8.01848e-09 -1.5668e-09 1.99924e-05)
(1.00816e-08 -7.80868e-09 7.96055e-06)
(-4.08743e-09 2.29283e-09 7.96115e-06)
(1.01003e-08 -1.06763e-08 1.99933e-05)
(7.27834e-09 3.96721e-11 3.20548e-05)
(7.52143e-10 1.72868e-09 4.12627e-05)
(2.38749e-09 -4.37333e-10 4.61619e-05)
(-1.86865e-10 -3.35184e-10 4.61619e-05)
(1.97933e-09 2.55433e-09 4.12624e-05)
(-5.75855e-09 1.75273e-09 3.20547e-05)
(-1.13352e-08 -9.03726e-09 1.99929e-05)
(-6.37202e-11 -5.87242e-10 7.96072e-06)
(-7.21899e-10 1.91687e-09 2.10756e-05)
(1.73303e-11 -7.36939e-09 5.33135e-05)
(-1.67984e-09 -9.03015e-10 7.85692e-05)
(1.28222e-09 1.04485e-09 9.57192e-05)
(-4.21929e-10 -6.99537e-10 0.000104216)
(-1.0883e-09 -1.45178e-10 0.000104216)
(-3.14701e-09 3.42374e-09 9.5718e-05)
(-9.68266e-10 1.19145e-09 7.8568e-05)
(-5.25819e-09 -8.89748e-09 5.33129e-05)
(-4.83444e-09 -3.72644e-09 2.10754e-05)
(7.95776e-10 3.00651e-09 3.44762e-05)
(-1.73766e-09 1.74309e-09 8.16262e-05)
(-3.75035e-09 -3.1299e-09 0.000112349)
(-1.53543e-10 -3.18159e-09 0.000128937)
(-8.98836e-10 -1.06696e-09 0.000135781)
(-9.79332e-10 -4.77312e-10 0.000135781)
(-9.23302e-10 -6.13457e-10 0.000128937)
(2.73406e-09 -2.87134e-09 0.000112349)
(2.69571e-09 -1.87976e-09 8.1627e-05)
(-2.88935e-10 -6.84915e-10 3.4477e-05)
(-1.64496e-10 1.07835e-09 4.4962e-05)
(2.75483e-09 -6.43555e-10 0.000100996)
(2.90412e-09 -1.71992e-09 0.000130794)
(1.39197e-09 -2.25298e-09 0.000142989)
(2.21588e-10 1.87355e-11 0.000146868)
(-1.24259e-09 -3.07534e-11 0.000146868)
(-1.19535e-09 -1.2174e-09 0.000142989)
(-2.0531e-09 -2.97401e-09 0.000130795)
(-1.33836e-09 -2.30805e-09 0.000100997)
(9.60971e-10 1.32616e-09 4.49628e-05)
(-2.03677e-10 1.43596e-09 5.06811e-05)
(1.32461e-09 -1.45749e-09 0.000110384)
(1.18142e-09 -5.31076e-10 0.000138064)
(5.37893e-10 -1.47977e-09 0.000147257)
(7.68876e-10 2.97934e-10 0.000149555)
(9.4037e-10 1.04594e-09 0.000149555)
(1.15361e-09 3.75255e-11 0.000147257)
(-5.54865e-10 -8.99706e-10 0.000138064)
(-1.31949e-09 -1.92056e-09 0.000110385)
(-1.50487e-11 5.44969e-10 5.06815e-05)
(-4.69094e-10 1.80783e-10 5.06806e-05)
(1.28976e-09 -1.90119e-09 0.000110384)
(1.49858e-09 1.21472e-09 0.000138064)
(-4.46678e-10 -1.40702e-09 0.000147257)
(2.99313e-10 -5.95027e-10 0.000149556)
(5.46686e-10 4.23589e-10 0.000149556)
(1.20056e-09 4.53171e-10 0.000147257)
(-1.25605e-09 2.16165e-09 0.000138064)
(-9.85143e-10 -1.55031e-09 0.000110385)
(8.37142e-10 1.03918e-09 5.06816e-05)
(-4.84827e-10 2.64543e-10 4.49614e-05)
(2.61032e-09 -4.51874e-09 0.000100996)
(3.77383e-09 3.53984e-09 0.000130794)
(-2.7593e-10 7.30969e-10 0.00014299)
(5.68188e-11 5.39926e-10 0.000146869)
(-6.84844e-10 6.19654e-10 0.000146869)
(-4.91379e-10 1.24139e-09 0.000142989)
(-3.66292e-09 4.22216e-09 0.000130794)
(-2.44077e-09 -3.29906e-09 0.000100996)
(-2.15725e-10 2.67049e-09 4.49623e-05)
(-6.03439e-11 -2.80019e-09 3.44745e-05)
(-3.42713e-09 -8.37305e-09 8.16255e-05)
(-3.81002e-09 5.46469e-09 0.000112349)
(-2.75683e-09 2.25866e-09 0.000128938)
(-1.4112e-09 7.30615e-10 0.000135782)
(-1.1276e-09 1.14329e-09 0.000135781)
(-1.00326e-09 3.02176e-09 0.000128937)
(-5.24075e-10 7.43263e-09 0.000112348)
(-1.33737e-09 -3.97929e-09 8.16249e-05)
(-3.652e-09 1.76917e-09 3.44754e-05)
(-1.58705e-09 -3.85778e-09 2.10742e-05)
(-4.8658e-09 1.85987e-10 5.33131e-05)
(-3.07398e-09 5.93936e-09 7.857e-05)
(9.82084e-11 -1.49812e-09 9.5719e-05)
(-2.18422e-09 -7.77277e-10 0.000104217)
(-1.25585e-09 -4.95995e-10 0.000104216)
(-4.71722e-09 2.11727e-10 9.57179e-05)
(-1.57878e-09 6.46873e-09 7.85687e-05)
(-8.85285e-10 3.0073e-09 5.33117e-05)
(-2.74361e-09 9.92462e-11 2.1074e-05)
(-4.47062e-10 -1.22069e-09 7.96052e-06)
(3.02209e-09 4.29505e-09 1.99927e-05)
(5.65424e-09 3.18273e-09 3.20549e-05)
(3.58106e-09 -1.70973e-09 4.12626e-05)
(-3.66753e-10 -4.52746e-10 4.6162e-05)
(4.56093e-10 -8.21602e-10 4.61617e-05)
(-2.49009e-09 -1.39478e-09 4.12621e-05)
(-3.58382e-09 1.22714e-09 3.2054e-05)
(-2.58317e-09 3.69379e-09 1.99922e-05)
(8.40029e-10 -5.12228e-10 7.96059e-06)
(-1.2681e-08 9.28537e-09 7.96098e-06)
(-5.45812e-09 -1.04335e-09 1.99933e-05)
(-3.1668e-09 3.02397e-09 3.20557e-05)
(-4.9423e-09 2.09884e-09 4.12629e-05)
(1.2311e-11 -6.36738e-11 4.61624e-05)
(-1.08871e-09 2.09332e-11 4.6162e-05)
(2.20194e-09 1.80334e-09 4.12626e-05)
(-2.06758e-09 2.11002e-09 3.20549e-05)
(-5.71516e-09 -7.19472e-09 1.99928e-05)
(3.59358e-09 2.27032e-09 7.96067e-06)
(-8.03765e-09 1.2261e-08 2.10747e-05)
(-1.08989e-08 2.7456e-09 5.33125e-05)
(-1.15797e-08 2.15024e-09 7.85705e-05)
(-3.48397e-09 -1.60087e-09 9.57195e-05)
(-1.16751e-09 -3.785e-09 0.000104217)
(2.31432e-09 -2.72626e-09 0.000104217)
(3.24327e-09 1.60841e-09 9.57194e-05)
(8.81141e-09 4.34446e-09 7.857e-05)
(3.81357e-09 -1.63957e-09 5.33128e-05)
(-2.10965e-10 2.1966e-09 2.10749e-05)
(-2.58081e-09 9.90288e-09 3.44755e-05)
(-1.35527e-09 6.1898e-09 8.16251e-05)
(-6.33135e-10 -3.46042e-09 0.000112348)
(1.40972e-09 -6.18978e-09 0.000128937)
(-4.42907e-10 -4.34497e-09 0.000135781)
(-1.80033e-09 -2.9397e-09 0.000135781)
(-3.12732e-09 -1.94397e-09 0.000128937)
(4.798e-10 2.04637e-10 0.000112348)
(2.20463e-09 4.31802e-09 8.16261e-05)
(7.98896e-10 2.82945e-09 3.4476e-05)
(-1.16881e-09 5.64346e-09 4.4962e-05)
(3.72888e-09 2.28354e-09 0.000100996)
(4.24403e-09 -1.94767e-09 0.000130793)
(2.03728e-09 -3.55025e-09 0.000142989)
(7.7198e-10 -1.10944e-09 0.000146868)
(-1.05719e-09 -6.23732e-11 0.000146868)
(-1.07561e-09 -4.94386e-10 0.000142989)
(-2.72188e-09 -1.50135e-09 0.000130794)
(-9.73875e-10 -8.5857e-10 0.000100997)
(2.20023e-09 2.92615e-09 4.49625e-05)
(2.27125e-10 2.15375e-09 5.0681e-05)
(3.64775e-09 -4.46998e-10 0.000110385)
(2.65683e-09 -1.98698e-10 0.000138063)
(6.95834e-10 -1.75169e-09 0.000147257)
(9.42985e-10 -3.65651e-10 0.000149555)
(1.97394e-10 7.69988e-10 0.000149555)
(1.10875e-09 2.12615e-10 0.000147257)
(-8.08952e-10 1.42141e-12 0.000138064)
(-2.29938e-09 -1.91229e-09 0.000110385)
(8.67232e-11 1.67372e-09 5.06811e-05)
(1.38027e-10 -1.49331e-10 5.0681e-05)
(3.40487e-09 -1.81021e-09 0.000110385)
(3.21054e-09 8.0153e-10 0.000138063)
(5.03025e-10 -1.09953e-09 0.000147258)
(1.34631e-09 2.77122e-10 0.000149555)
(-1.10578e-12 5.93032e-10 0.000149555)
(1.15745e-09 4.05239e-10 0.000147257)
(-1.15002e-09 1.9222e-09 0.000138063)
(-1.49977e-09 -3.02303e-09 0.000110385)
(1.26908e-09 -3.16656e-10 5.06808e-05)
(-2.57225e-09 -2.02752e-09 4.49623e-05)
(1.58586e-09 -5.43998e-09 0.000100997)
(5.56573e-09 2.38948e-09 0.000130794)
(1.78671e-09 2.01651e-10 0.000142989)
(2.03535e-09 1.34607e-09 0.000146869)
(-1.71744e-10 1.36519e-09 0.000146869)
(-8.64027e-10 1.52379e-09 0.00014299)
(-5.28798e-09 2.44546e-09 0.000130794)
(-2.07127e-09 -6.41203e-09 0.000100996)
(2.0653e-09 -2.39616e-10 4.49617e-05)
(1.83701e-10 -1.05283e-09 3.44756e-05)
(-1.50663e-09 -1.08541e-08 8.16256e-05)
(2.55809e-09 2.9997e-09 0.000112348)
(2.50166e-09 2.51611e-09 0.000128937)
(1.3423e-09 3.22119e-09 0.000135782)
(1.16844e-09 4.42292e-09 0.000135782)
(-5.24481e-11 5.2176e-09 0.000128938)
(-5.27943e-10 4.35106e-09 0.000112349)
(9.98911e-10 -1.33565e-08 8.16248e-05)
(-3.09527e-10 -4.19712e-09 3.4475e-05)
(-5.00428e-10 -4.34538e-09 2.10752e-05)
(-8.69856e-09 -8.84477e-09 5.33131e-05)
(-9.6219e-09 -3.24569e-10 7.85699e-05)
(-3.77832e-09 9.51717e-11 9.57186e-05)
(-2.82026e-09 2.40939e-09 0.000104217)
(2.46105e-09 2.92088e-09 0.000104217)
(4.61754e-09 2.52747e-09 9.57193e-05)
(1.26403e-08 2.9782e-09 7.85709e-05)
(1.33641e-08 -1.02532e-08 5.33126e-05)
(5.04064e-09 -9.89222e-09 2.10745e-05)
(-5.13578e-09 -4.4895e-09 7.96108e-06)
(-7.22547e-09 -2.81769e-09 1.99929e-05)
(-5.19233e-09 -1.51005e-09 3.20551e-05)
(-3.36759e-09 -1.62729e-09 4.12625e-05)
(-3.68105e-09 -9.5755e-11 4.6162e-05)
(5.1839e-10 -4.15517e-10 4.61619e-05)
(6.0581e-10 -1.20893e-09 4.12626e-05)
(3.97094e-09 1.62926e-10 3.20554e-05)
(9.23025e-09 -2.72674e-09 1.99932e-05)
(9.21594e-09 -7.06086e-09 7.96112e-06)
(-7.23907e-09 4.75778e-09 7.96081e-06)
(5.42974e-09 -7.62412e-09 1.9993e-05)
(5.10889e-09 -1.13289e-10 3.20559e-05)
(-2.04406e-10 1.09285e-09 4.12628e-05)
(2.41263e-09 -7.50337e-10 4.61625e-05)
(-2.03684e-10 -5.90885e-10 4.61622e-05)
(1.86578e-09 3.14092e-09 4.12629e-05)
(-5.66827e-09 1.96995e-09 3.20557e-05)
(-8.87523e-09 -8.31423e-09 1.99932e-05)
(3.18385e-09 1.62997e-09 7.96088e-06)
(-2.39613e-09 4.15561e-09 2.10749e-05)
(-1.60321e-09 -5.72496e-09 5.33125e-05)
(-2.60353e-09 -1.7639e-09 7.85709e-05)
(8.04828e-10 3.43694e-10 9.57193e-05)
(-1.16552e-09 -9.3023e-10 0.000104218)
(-1.63734e-09 -4.75101e-10 0.000104218)
(-4.08926e-09 3.51198e-09 9.57198e-05)
(-1.2376e-09 5.60077e-10 7.85711e-05)
(-4.66329e-09 -9.00567e-09 5.33124e-05)
(-3.00759e-09 -1.42066e-09 2.10741e-05)
(2.22978e-10 3.21396e-09 3.4476e-05)
(-1.6624e-09 1.49511e-09 8.16256e-05)
(-2.64022e-09 -4.72067e-09 0.000112349)
(-9.72352e-12 -3.50415e-09 0.000128938)
(-1.0453e-09 -9.54684e-10 0.000135782)
(-1.52519e-09 6.68514e-11 0.000135782)
(-2.28455e-09 -4.85896e-10 0.000128938)
(1.33433e-09 -4.14503e-09 0.000112348)
(1.66314e-09 -1.97936e-09 8.16247e-05)
(-5.22183e-10 6.99591e-10 3.44749e-05)
(2.82832e-10 6.56497e-10 4.49621e-05)
(3.57295e-09 -8.98803e-10 0.000100997)
(3.19292e-09 -2.43722e-09 0.000130793)
(6.89405e-10 -1.9733e-09 0.000142989)
(1.1939e-10 -8.84993e-11 0.000146868)
(-1.39547e-09 9.63391e-10 0.000146869)
(-1.84676e-09 -5.75791e-10 0.00014299)
(-2.84288e-09 -2.93853e-09 0.000130793)
(-2.56364e-09 -2.66996e-09 0.000100996)
(8.23103e-11 1.71662e-09 4.49619e-05)
(-8.52661e-11 7.39348e-10 5.06809e-05)
(1.84665e-09 -1.70347e-09 0.000110386)
(1.67195e-09 2.27695e-10 0.000138062)
(-1.30978e-11 -7.28068e-10 0.000147257)
(6.45072e-10 1.18183e-09 0.000149555)
(3.93886e-10 1.68661e-09 0.000149555)
(1.30409e-09 -1.00195e-10 0.000147257)
(-9.4659e-10 -2.86202e-10 0.000138062)
(-2.50907e-09 -2.85377e-09 0.000110385)
(2.66953e-11 4.86123e-10 5.06808e-05)
(-9.09666e-10 1.33596e-10 5.06812e-05)
(1.21176e-09 -2.12161e-09 0.000110386)
(2.21335e-09 1.60541e-09 0.000138062)
(2.44913e-10 -5.06669e-10 0.000147257)
(7.8831e-10 4.53296e-10 0.000149555)
(4.44211e-11 8.64623e-10 0.000149555)
(1.77303e-09 1.82455e-10 0.000147257)
(-1.15031e-09 2.92664e-09 0.000138062)
(-1.44703e-09 -2.3384e-09 0.000110385)
(8.68767e-10 1.91428e-10 5.06801e-05)
(-5.73926e-10 1.2991e-09 4.49627e-05)
(2.4758e-09 -4.66437e-09 0.000100997)
(5.06181e-09 4.25188e-09 0.000130793)
(7.71999e-10 1.34125e-09 0.000142989)
(6.95419e-10 1.09351e-09 0.000146869)
(-4.00366e-10 5.66965e-10 0.000146868)
(8.90234e-11 1.59968e-09 0.000142989)
(-3.74537e-09 5.5625e-09 0.000130793)
(-2.89433e-09 -4.2125e-09 0.000100996)
(-1.6246e-10 1.66944e-09 4.49613e-05)
(2.36313e-09 -3.12595e-10 3.44762e-05)
(-1.56676e-09 -7.92089e-09 8.16252e-05)
(-2.16317e-09 6.1262e-09 0.000112349)
(-5.36359e-10 2.93517e-09 0.000128937)
(3.37721e-10 1.33958e-09 0.000135781)
(-1.81593e-10 1.10804e-09 0.000135781)
(-2.43213e-10 3.35881e-09 0.000128937)
(6.06127e-10 8.72622e-09 0.000112349)
(2.41978e-10 -5.40699e-09 8.16251e-05)
(-2.19139e-09 -2.26738e-10 3.44754e-05)
(8.04887e-10 -2.30139e-09 2.10753e-05)
(-1.98375e-09 1.69011e-09 5.33124e-05)
(-1.0487e-09 6.16607e-09 7.85706e-05)
(2.01216e-09 -9.952e-10 9.57187e-05)
(-1.23356e-09 -1.10885e-09 0.000104217)
(1.42603e-10 -4.72198e-10 0.000104217)
(-3.68916e-09 -2.28881e-10 9.57192e-05)
(-3.8243e-10 7.90049e-09 7.85712e-05)
(9.86424e-10 2.15316e-09 5.33124e-05)
(-1.81418e-09 -1.129e-09 2.10748e-05)
(-3.61819e-09 -2.57741e-09 7.96093e-06)
(2.121e-09 4.75239e-09 1.99929e-05)
(5.44108e-09 3.03662e-09 3.20554e-05)
(4.0876e-09 -1.6266e-09 4.12627e-05)
(-8.73233e-11 -9.63373e-10 4.61619e-05)
(2.94811e-10 -7.18262e-10 4.61623e-05)
(-3.61481e-09 -1.49375e-09 4.12629e-05)
(-5.19764e-09 2.75587e-09 3.20559e-05)
(-1.74363e-09 3.89951e-09 1.99932e-05)
(1.08281e-09 -1.12113e-10 7.96076e-06)
(-1.31389e-08 9.7918e-09 7.96037e-06)
(-1.6256e-10 -4.41164e-09 1.99922e-05)
(-3.6546e-09 5.05298e-09 3.20544e-05)
(-8.80287e-09 2.06493e-09 4.12624e-05)
(1.23257e-10 -4.27077e-10 4.61617e-05)
(-8.95041e-10 -6.76163e-10 4.61617e-05)
(7.75144e-09 1.69862e-09 4.12624e-05)
(4.72298e-09 4.84759e-09 3.2055e-05)
(6.15758e-10 -4.07101e-09 1.9993e-05)
(1.09311e-08 7.76451e-09 7.96073e-06)
(-6.35192e-09 1.06519e-08 2.10745e-05)
(-4.58318e-09 -1.24871e-09 5.33127e-05)
(-1.30669e-08 9.19558e-09 7.85697e-05)
(-7.08493e-09 -2.00081e-09 9.5719e-05)
(-1.03516e-09 -5.59256e-09 0.000104217)
(3.80744e-09 -5.3872e-09 0.000104217)
(1.06121e-08 -1.42087e-09 9.57192e-05)
(1.79277e-08 1.10214e-08 7.85693e-05)
(1.00569e-08 3.99258e-09 5.33124e-05)
(6.86421e-09 1.05957e-08 2.10744e-05)
(-2.0349e-09 8.48496e-09 3.44757e-05)
(-1.50908e-09 3.33147e-09 8.16258e-05)
(-4.40913e-09 8.58369e-09 0.000112348)
(2.03459e-10 -6.72289e-09 0.000128937)
(-5.77555e-10 -6.50292e-09 0.000135782)
(-5.1299e-10 -6.56093e-09 0.000135782)
(-1.64855e-09 -6.42601e-09 0.000128937)
(3.79505e-09 1.06659e-08 0.000112348)
(5.13563e-10 7.8215e-09 8.16249e-05)
(8.72091e-11 6.66116e-09 3.44754e-05)
(-3.78538e-10 5.08238e-09 4.49622e-05)
(1.2922e-09 1.32561e-09 0.000100997)
(1.88771e-09 6.09951e-09 0.000130794)
(3.32065e-09 -3.49846e-09 0.000142989)
(4.52767e-11 -2.60806e-09 0.000146869)
(-1.45651e-09 -2.23365e-09 0.000146869)
(-4.80722e-09 -2.52404e-09 0.000142989)
(-4.07939e-09 6.73306e-09 0.000130793)
(-1.93857e-09 1.37332e-09 0.000100996)
(8.93433e-11 1.12025e-09 4.49622e-05)
(1.43488e-09 2.35425e-09 5.06811e-05)
(2.47965e-09 8.34872e-10 0.000110385)
(2.18727e-09 2.88137e-09 0.000138063)
(2.28906e-09 -1.74854e-09 0.000147257)
(-4.77504e-11 -6.27138e-10 0.000149555)
(-8.13795e-10 2.36088e-11 0.000149555)
(-2.03596e-09 -6.38835e-10 0.000147257)
(-1.91701e-09 2.31905e-09 0.000138063)
(-1.8213e-09 -8.61031e-10 0.000110385)
(-6.82827e-10 2.84291e-12 5.06812e-05)
(8.59937e-10 -3.12334e-10 5.0681e-05)
(2.2677e-09 1.25423e-09 0.000110385)
(2.22475e-09 1.83185e-09 0.000138063)
(1.43869e-09 -1.12817e-09 0.000147257)
(4.05337e-10 6.34043e-10 0.000149555)
(-4.80981e-10 4.64374e-10 0.000149555)
(-1.44855e-09 -5.66982e-10 0.000147257)
(-2.36673e-09 1.4002e-09 0.000138063)
(-2.81299e-09 -2.31464e-09 0.000110385)
(-5.79174e-10 -3.73175e-09 5.06808e-05)
(-1.83558e-09 -2.77627e-09 4.49621e-05)
(1.91981e-09 5.17896e-10 0.000100997)
(4.49159e-09 -5.21396e-10 0.000130793)
(1.95939e-09 -3.79489e-10 0.000142989)
(6.85171e-10 1.89145e-09 0.000146868)
(-1.04042e-09 1.9686e-09 0.000146868)
(-2.80176e-09 1.1624e-09 0.000142989)
(-5.16145e-09 5.34099e-11 0.000130793)
(-2.67144e-09 -4.29364e-09 0.000100996)
(2.33418e-09 -7.523e-09 4.49617e-05)
(-7.17437e-10 -1.65357e-09 3.44757e-05)
(1.48742e-09 -4.40561e-09 8.1625e-05)
(2.21923e-09 -1.38211e-09 0.000112348)
(1.57323e-09 1.74735e-09 0.000128937)
(1.59236e-09 4.28046e-09 0.000135781)
(1.05979e-09 4.99075e-09 0.000135781)
(1.05023e-09 4.80689e-09 0.000128937)
(7.58246e-10 4.8074e-10 0.000112348)
(2.85033e-09 -1.11756e-08 8.16248e-05)
(5.54467e-09 -1.24989e-08 3.44752e-05)
(-1.2971e-09 -4.82258e-09 2.10745e-05)
(-4.77506e-09 -5.09378e-09 5.33121e-05)
(-7.13922e-09 -1.58151e-09 7.857e-05)
(-3.7929e-09 -2.17998e-10 9.5719e-05)
(-9.8804e-10 2.76621e-09 0.000104217)
(4.68048e-09 3.01177e-09 0.000104217)
(9.08984e-09 1.68127e-09 9.5719e-05)
(1.6052e-08 -4.46867e-10 7.85701e-05)
(1.6185e-08 -9.48481e-09 5.33125e-05)
(9.55247e-09 -1.3609e-08 2.10746e-05)
(-7.29142e-09 -6.06341e-09 7.96072e-06)
(-5.73988e-09 -1.5018e-09 1.99928e-05)
(-4.56347e-09 -1.50144e-09 3.20553e-05)
(-3.45113e-09 -1.85992e-09 4.12628e-05)
(-1.78016e-09 -3.49302e-10 4.61618e-05)
(1.5086e-09 -6.65499e-10 4.61621e-05)
(2.27117e-09 -1.70729e-09 4.12627e-05)
(5.75411e-09 -1.09853e-09 3.20551e-05)
(9.47673e-09 -2.14033e-09 1.99927e-05)
(7.98704e-09 -6.31575e-09 7.96044e-06)
(-5.66486e-09 3.29427e-09 7.96028e-06)
(7.45529e-09 -8.59354e-09 1.99921e-05)
(6.75902e-09 1.02067e-10 3.20541e-05)
(-4.50788e-10 1.56475e-09 4.12621e-05)
(2.18556e-09 -5.13223e-10 4.61612e-05)
(-5.26117e-10 -3.96812e-10 4.61607e-05)
(1.93971e-09 1.95471e-09 4.12614e-05)
(-4.18077e-09 1.73145e-09 3.20534e-05)
(-8.10763e-09 -7.72783e-09 1.99918e-05)
(1.97208e-09 8.52598e-10 7.96032e-06)
(-2.41288e-10 2.32223e-09 2.10744e-05)
(6.26159e-10 -8.61666e-09 5.33126e-05)
(-3.00691e-09 -6.1753e-10 7.8569e-05)
(7.08129e-10 1.4143e-09 9.57182e-05)
(-7.05245e-10 -1.07515e-09 0.000104216)
(-1.17028e-09 -3.50527e-10 0.000104215)
(-2.91273e-09 2.60027e-09 9.57167e-05)
(-3.65376e-10 8.75618e-10 7.8567e-05)
(-2.49519e-09 -6.79066e-09 5.33123e-05)
(-1.49534e-09 -5.90434e-10 2.1075e-05)
(1.42818e-09 2.5406e-09 3.44757e-05)
(1.61826e-11 -7.10126e-10 8.16258e-05)
(-2.84376e-09 -2.79884e-09 0.000112349)
(3.52502e-10 -2.56711e-09 0.000128937)
(-1.76596e-10 -1.77982e-09 0.000135781)
(-5.09257e-10 -9.28213e-10 0.00013578)
(-8.65937e-10 -7.15812e-10 0.000128936)
(1.82349e-09 -2.34076e-09 0.000112349)
(1.23195e-09 -1.12572e-09 8.16276e-05)
(-7.90113e-10 -3.9321e-10 3.44765e-05)
(8.03365e-10 8.9836e-10 4.49626e-05)
(3.77632e-09 -9.0324e-10 0.000100997)
(3.19274e-09 -9.22549e-10 0.000130795)
(1.83835e-09 -1.48546e-09 0.000142989)
(7.12066e-10 -9.0851e-10 0.000146868)
(-1.13309e-09 -5.41771e-10 0.000146868)
(-1.63569e-09 -5.80744e-10 0.000142989)
(-3.07084e-09 -1.41736e-09 0.000130795)
(-3.19899e-09 -3.34169e-09 0.000100998)
(-3.63046e-10 -1.15615e-10 4.49631e-05)
(-4.15594e-12 1.2534e-09 5.06815e-05)
(1.35711e-09 -1.25093e-09 0.000110385)
(9.81755e-10 6.57923e-10 0.000138064)
(4.65475e-10 -9.92546e-10 0.000147257)
(6.4723e-10 -4.82257e-11 0.000149555)
(-1.13947e-10 -4.60055e-11 0.000149555)
(5.43837e-10 -1.24796e-10 0.000147257)
(-8.4063e-10 7.09813e-11 0.000138064)
(-1.57065e-09 -3.01615e-09 0.000110386)
(2.76768e-10 2.17221e-10 5.06819e-05)
(-5.26592e-10 1.51065e-10 5.06814e-05)
(1.30897e-09 -1.2917e-09 0.000110385)
(1.67079e-09 1.8475e-09 0.000138063)
(-3.44829e-10 -1.33453e-09 0.000147257)
(2.76451e-10 -4.42495e-10 0.000149555)
(-4.03437e-10 -9.60578e-11 0.000149555)
(7.92578e-10 1.79003e-10 0.000147258)
(-1.36013e-09 2.27867e-09 0.000138064)
(-1.14073e-09 -1.89971e-09 0.000110386)
(1.15802e-09 3.08856e-10 5.06819e-05)
(-2.92185e-10 1.33262e-09 4.49622e-05)
(2.29163e-09 -3.32409e-09 0.000100996)
(3.85481e-09 4.29132e-09 0.000130794)
(3.67853e-10 4.11146e-10 0.000142989)
(3.81176e-10 7.90535e-10 0.000146868)
(-8.29501e-10 5.47157e-10 0.000146868)
(-8.08553e-10 1.77041e-09 0.000142989)
(-4.55988e-09 4.7867e-09 0.000130794)
(-3.22891e-09 -3.88807e-09 0.000100997)
(3.21001e-11 7.7834e-10 4.49627e-05)
(8.12355e-10 -1.31362e-09 3.44755e-05)
(-1.19683e-09 -5.83224e-09 8.16254e-05)
(-1.24171e-09 7.69831e-09 0.000112348)
(-5.34653e-10 2.36721e-09 0.000128937)
(3.5539e-10 1.16073e-09 0.000135781)
(1.30127e-10 3.25498e-10 0.000135781)
(3.98314e-10 2.90938e-09 0.000128937)
(3.88108e-10 8.21513e-09 0.000112348)
(-1.18954e-11 -5.92295e-09 8.16253e-05)
(-2.1111e-09 -6.87357e-10 3.44753e-05)
(-3.56223e-10 -3.50203e-09 2.10747e-05)
(-2.57843e-09 1.40371e-09 5.33128e-05)
(-8.33193e-10 7.87357e-09 7.85694e-05)
(2.22814e-09 -6.8983e-10 9.57184e-05)
(-3.10861e-10 -6.28555e-10 0.000104216)
(8.88517e-10 -1.06755e-09 0.000104216)
(-2.54584e-09 -5.28714e-10 9.57184e-05)
(-3.10836e-10 7.65728e-09 7.85692e-05)
(1.33076e-09 1.2039e-09 5.33126e-05)
(-8.44754e-10 -2.0771e-09 2.10741e-05)
(-3.68643e-09 -2.59705e-09 7.96091e-06)
(-4.38941e-10 2.82304e-09 1.9993e-05)
(5.36442e-09 3.52539e-09 3.20547e-05)
(3.33272e-09 -1.48246e-09 4.12622e-05)
(-2.94176e-10 -6.14507e-10 4.61616e-05)
(1.29342e-09 -9.49274e-10 4.61613e-05)
(-3.32837e-09 -1.54872e-09 4.12621e-05)
(-4.31984e-09 2.7334e-09 3.20544e-05)
(-8.51097e-10 3.13476e-09 1.99924e-05)
(6.08601e-10 -6.84738e-10 7.96048e-06)
(-1.46073e-08 1.07628e-08 7.96064e-06)
(-4.35813e-09 -1.76856e-09 1.99929e-05)
(-3.70142e-09 3.43676e-09 3.20549e-05)
(-6.69137e-09 2.35032e-09 4.12622e-05)
(-1.62788e-09 5.77977e-10 4.61615e-05)
(-2.13807e-09 2.13543e-10 4.61614e-05)
(2.32808e-09 2.1769e-09 4.12621e-05)
(-3.05369e-09 1.40731e-09 3.20547e-05)
(-6.58393e-09 -7.90452e-09 1.99922e-05)
(4.38282e-09 3.11349e-09 7.96006e-06)
(-8.03617e-09 1.29258e-08 2.10754e-05)
(-9.75858e-09 2.87295e-09 5.33132e-05)
(-1.18767e-08 2.26611e-09 7.857e-05)
(-5.55438e-09 -7.52963e-10 9.57183e-05)
(-2.45631e-09 -3.32448e-09 0.000104216)
(2.21465e-09 -2.87209e-09 0.000104216)
(4.11414e-09 1.8553e-09 9.57181e-05)
(9.56523e-09 3.43336e-09 7.85696e-05)
(3.54706e-09 -2.0954e-09 5.33122e-05)
(1.20176e-10 3.68173e-09 2.1074e-05)
(-2.04856e-09 9.83629e-09 3.44758e-05)
(-1.29363e-09 6.54979e-09 8.16254e-05)
(-1.55722e-09 -7.90359e-10 0.000112348)
(6.65322e-10 -4.84979e-09 0.000128937)
(-8.4617e-10 -4.51276e-09 0.000135781)
(-1.43503e-09 -3.54653e-09 0.000135781)
(-3.06577e-09 -2.22416e-09 0.000128936)
(1.30441e-10 -9.44449e-10 0.000112348)
(2.20356e-09 4.85754e-09 8.16255e-05)
(9.03625e-10 3.24314e-09 3.44755e-05)
(-9.0074e-10 4.85268e-09 4.4962e-05)
(3.9523e-09 2.41982e-09 0.000100996)
(4.1373e-09 1.08072e-09 0.000130793)
(1.91086e-09 -1.99596e-09 0.000142989)
(1.04324e-09 -1.08732e-09 0.000146868)
(-1.47708e-09 -4.09528e-10 0.000146868)
(-2.45031e-09 -7.42685e-10 0.000142989)
(-4.1423e-09 -2.36481e-09 0.000130793)
(-1.64962e-09 -4.31862e-10 0.000100997)
(2.13315e-09 2.51556e-09 4.49623e-05)
(5.7793e-11 1.85063e-09 5.06808e-05)
(3.38597e-09 -2.57176e-10 0.000110385)
(3.27839e-09 1.14724e-09 0.000138063)
(1.5759e-09 -1.11317e-09 0.000147257)
(1.36733e-09 1.16641e-10 0.000149555)
(1.83985e-10 2.79586e-10 0.000149555)
(1.02327e-09 -1.23936e-10 0.000147257)
(-9.34833e-10 -5.77584e-10 0.000138063)
(-2.19561e-09 -1.824e-09 0.000110385)
(3.41342e-10 1.41793e-09 5.06814e-05)
(-4.64919e-10 4.20778e-10 5.06813e-05)
(2.36552e-09 -1.532e-09 0.000110385)
(2.79897e-09 1.38925e-09 0.000138063)
(8.46136e-10 -1.19495e-09 0.000147257)
(1.10101e-09 -9.08781e-11 0.000149555)
(-6.2177e-10 2.27712e-10 0.000149555)
(6.62028e-10 3.43559e-12 0.000147257)
(-2.51031e-09 1.57254e-09 0.000138063)
(-2.50361e-09 -3.63661e-09 0.000110385)
(1.13916e-09 -7.32455e-10 5.0681e-05)
(-2.18235e-09 -7.80215e-10 4.49624e-05)
(2.04971e-09 -4.85492e-09 0.000100996)
(5.92458e-09 2.37306e-09 0.000130793)
(1.70556e-09 -3.52927e-11 0.000142989)
(1.00667e-09 6.49355e-10 0.000146868)
(-1.2823e-09 1.12387e-09 0.000146868)
(-1.96495e-09 1.95408e-09 0.000142989)
(-6.17526e-09 2.3085e-09 0.000130793)
(-2.42675e-09 -7.77318e-09 0.000100996)
(2.08752e-09 -1.37584e-09 4.49623e-05)
(1.41e-09 -8.46783e-10 3.44755e-05)
(7.51046e-10 -9.89954e-09 8.16247e-05)
(2.19382e-09 2.81507e-09 0.000112348)
(1.60094e-09 2.52377e-09 0.000128937)
(3.03628e-10 3.33523e-09 0.000135781)
(5.48053e-11 4.35004e-09 0.000135781)
(-1.98647e-10 5.73082e-09 0.000128937)
(-4.16767e-10 4.23538e-09 0.000112348)
(1.92578e-09 -1.44603e-08 8.16247e-05)
(6.22817e-10 -5.39638e-09 3.44756e-05)
(-1.0488e-09 -5.84611e-09 2.1075e-05)
(-7.88897e-09 -7.97702e-09 5.33125e-05)
(-9.73956e-09 -5.35129e-10 7.857e-05)
(-4.19467e-09 2.12063e-11 9.57185e-05)
(-2.87789e-09 2.77706e-09 0.000104217)
(2.47636e-09 2.86293e-09 0.000104217)
(4.969e-09 2.8359e-09 9.57195e-05)
(1.34165e-08 3.19567e-09 7.85705e-05)
(1.34093e-08 -9.82252e-09 5.33125e-05)
(4.45742e-09 -9.47466e-09 2.10747e-05)
(-7.04059e-09 -5.70258e-09 7.96082e-06)
(-8.0871e-09 -2.25482e-09 1.99932e-05)
(-7.09017e-09 -2.25748e-09 3.20552e-05)
(-4.5396e-09 -1.97716e-09 4.12626e-05)
(-4.0263e-09 -9.07431e-12 4.61622e-05)
(-1.11249e-10 -6.09132e-10 4.61621e-05)
(-2.39926e-10 -1.05991e-09 4.12628e-05)
(4.19157e-09 2.50476e-10 3.20553e-05)
(9.1202e-09 -1.98825e-09 1.99928e-05)
(7.6767e-09 -5.7805e-09 7.96075e-06)
(-4.39104e-09 3.10728e-09 7.96058e-06)
(7.93672e-09 -8.36525e-09 1.9993e-05)
(5.23364e-09 1.41949e-09 3.2055e-05)
(-1.3763e-11 1.06836e-09 4.12622e-05)
(1.2813e-09 -4.13305e-10 4.61618e-05)
(-7.03611e-10 -3.9719e-10 4.61619e-05)
(1.53106e-09 1.92145e-09 4.12623e-05)
(-4.77938e-09 8.53296e-10 3.20555e-05)
(-8.67723e-09 -8.01574e-09 1.99931e-05)
(1.15743e-09 5.41197e-10 7.96052e-06)
(-8.9061e-10 3.21273e-09 2.10743e-05)
(7.48602e-10 -6.85101e-09 5.33121e-05)
(-2.11005e-09 3.37784e-10 7.85702e-05)
(1.23973e-09 1.49146e-09 9.57182e-05)
(-9.0811e-10 -3.94456e-10 0.000104217)
(-1.79018e-09 -2.04692e-10 0.000104217)
(-4.83085e-09 1.75745e-09 9.57187e-05)
(-8.10322e-10 4.7999e-10 7.85711e-05)
(-2.45863e-09 -7.40068e-09 5.33124e-05)
(-2.43027e-09 -1.53299e-09 2.1074e-05)
(1.27537e-09 2.35022e-09 3.44754e-05)
(-1.93059e-09 2.6254e-09 8.1625e-05)
(-2.87842e-09 -2.9875e-09 0.000112348)
(9.87138e-10 -2.27531e-09 0.000128937)
(-2.19368e-10 -6.4568e-10 0.000135781)
(-1.06066e-09 -6.39826e-10 0.000135781)
(-2.49858e-09 -1.55592e-09 0.000128937)
(3.75114e-10 -3.24438e-09 0.000112348)
(5.3255e-10 -1.65824e-09 8.16244e-05)
(-7.89392e-10 -5.10847e-11 3.44747e-05)
(6.08512e-10 9.0674e-10 4.49618e-05)
(4.19608e-09 3.93317e-10 0.000100997)
(4.16196e-09 -5.61905e-10 0.000130793)
(1.88842e-09 -1.41546e-09 0.000142989)
(7.20667e-10 1.43003e-10 0.000146869)
(-1.24915e-09 2.68329e-10 0.000146868)
(-2.03227e-09 -5.16871e-10 0.000142989)
(-3.27327e-09 -2.93951e-09 0.000130792)
(-2.83373e-09 -3.00465e-09 0.000100996)
(-1.84096e-10 4.76341e-10 4.49614e-05)
(-2.76126e-10 1.31176e-09 5.06807e-05)
(1.76713e-09 -8.69206e-10 0.000110385)
(1.94396e-09 1.24582e-09 0.000138062)
(6.08413e-10 -2.08551e-10 0.000147257)
(1.36677e-09 6.26749e-10 0.000149555)
(5.38969e-10 1.25672e-09 0.000149555)
(1.01414e-09 8.11926e-13 0.000147257)
(-3.26982e-10 -7.82209e-10 0.000138062)
(-1.27638e-09 -3.21991e-09 0.000110385)
(2.08411e-10 -8.88799e-11 5.06807e-05)
(-7.37237e-10 3.32366e-10 5.06813e-05)
(9.84554e-10 -2.02829e-09 0.000110386)
(1.8529e-09 1.67747e-09 0.000138063)
(-6.35097e-11 -9.52399e-10 0.000147257)
(6.83285e-10 -3.13283e-10 0.000149555)
(1.86495e-11 -6.92627e-11 0.000149555)
(9.93979e-10 -5.21742e-10 0.000147257)
(-1.4554e-09 2.05721e-09 0.000138062)
(-1.16711e-09 -2.42266e-09 0.000110385)
(9.50702e-10 5.79888e-10 5.06807e-05)
(-1.06491e-09 5.21346e-10 4.49624e-05)
(2.10874e-09 -5.70072e-09 0.000100997)
(4.22447e-09 3.42961e-09 0.000130793)
(-4.09777e-10 8.49675e-10 0.000142989)
(-6.30847e-10 -1.27702e-11 0.000146868)
(-2.10137e-09 6.49626e-11 0.000146868)
(-1.39301e-09 1.16325e-09 0.000142989)
(-4.78293e-09 4.71054e-09 0.000130793)
(-3.51003e-09 -3.52682e-09 0.000100996)
(-2.62494e-10 1.76779e-09 4.49617e-05)
(5.15492e-10 -2.53579e-09 3.44759e-05)
(-2.63252e-09 -9.54414e-09 8.16252e-05)
(-2.25086e-09 6.2547e-09 0.000112349)
(-1.12531e-09 2.87464e-09 0.000128937)
(-2.81967e-10 4.43004e-10 0.000135781)
(-2.56684e-10 7.10014e-10 0.000135781)
(-9.03935e-10 2.79731e-09 0.000128937)
(-1.11425e-09 7.88953e-09 0.000112349)
(-1.34325e-09 -4.72302e-09 8.16247e-05)
(-2.52154e-09 -1.68886e-10 3.44756e-05)
(-2.56559e-10 -4.27267e-09 2.10744e-05)
(-3.07921e-09 -6.74395e-10 5.33119e-05)
(-7.74462e-10 7.36169e-09 7.85708e-05)
(2.0563e-09 -4.06041e-10 9.57187e-05)
(-6.2787e-10 -4.01965e-10 0.000104217)
(5.76312e-10 -5.55344e-10 0.000104217)
(-3.96612e-09 -2.07573e-11 9.57188e-05)
(-1.28904e-09 7.54841e-09 7.85706e-05)
(8.91657e-10 9.81296e-10 5.3312e-05)
(-6.0896e-10 -3.00035e-09 2.1075e-05)
(-5.83412e-09 -4.43878e-09 7.96053e-06)
(-8.54888e-10 2.86396e-09 1.99929e-05)
(4.72089e-09 3.66197e-09 3.20554e-05)
(3.84563e-09 -9.94472e-10 4.12626e-05)
(-2.1349e-10 -2.29074e-10 4.61621e-05)
(1.55568e-09 -6.91025e-10 4.61621e-05)
(-2.19455e-09 -1.04797e-09 4.12626e-05)
(-2.57464e-09 2.34308e-09 3.20551e-05)
(2.18494e-09 8.82459e-10 1.99925e-05)
(4.26508e-09 -3.54556e-09 7.96061e-06)
(-1.08038e-08 7.40229e-09 7.96051e-06)
(-3.09961e-09 -1.55111e-09 1.99927e-05)
(-5.7254e-09 6.37589e-09 3.20549e-05)
(-9.1052e-09 1.54183e-09 4.12625e-05)
(-3.30781e-10 -2.75932e-10 4.6162e-05)
(-1.92615e-09 -1.96087e-10 4.61622e-05)
(5.67624e-09 1.19892e-09 4.12627e-05)
(3.729e-11 2.79644e-09 3.20552e-05)
(-4.47986e-09 -6.86258e-09 1.99932e-05)
(1.04333e-08 8.06877e-09 7.96093e-06)
(-1.01609e-08 1.29328e-08 2.10743e-05)
(-1.00224e-08 2.2761e-09 5.33119e-05)
(-1.51972e-08 9.43658e-09 7.85691e-05)
(-7.65994e-09 -2.57454e-09 9.5719e-05)
(-1.19512e-09 -5.09798e-09 0.000104217)
(2.57521e-09 -4.79308e-09 0.000104217)
(8.49957e-09 -9.37977e-10 9.5719e-05)
(1.39441e-08 9.19689e-09 7.85701e-05)
(5.21079e-09 -6.4431e-10 5.33127e-05)
(5.24436e-09 8.62452e-09 2.10751e-05)
(-2.21792e-09 1.07303e-08 3.44752e-05)
(-2.52298e-10 3.6815e-09 8.16248e-05)
(-3.39839e-09 7.55047e-09 0.000112348)
(8.06476e-10 -6.87795e-09 0.000128937)
(-8.93788e-10 -6.27951e-09 0.000135782)
(-1.25228e-09 -5.90823e-09 0.000135781)
(-2.57392e-09 -5.61712e-09 0.000128937)
(3.18003e-09 9.82184e-09 0.000112348)
(2.05501e-10 3.62315e-09 8.16248e-05)
(-3.35706e-10 4.01669e-09 3.44754e-05)
(-1.29379e-10 5.18314e-09 4.49615e-05)
(2.61845e-09 9.12653e-10 0.000100996)
(3.06849e-09 5.94731e-09 0.000130793)
(3.49349e-09 -3.15105e-09 0.000142989)
(2.69369e-10 -1.83948e-09 0.000146869)
(-6.07114e-10 -1.53349e-09 0.000146869)
(-3.77539e-09 -2.50931e-09 0.000142989)
(-3.15194e-09 5.59768e-09 0.000130793)
(-1.45333e-09 -1.25344e-09 0.000100996)
(2.53802e-10 4.57814e-10 4.49618e-05)
(1.38905e-09 1.81662e-09 5.06806e-05)
(2.17236e-09 2.14591e-11 0.000110385)
(1.73992e-09 2.26698e-09 0.000138063)
(2.34917e-09 -1.4213e-09 0.000147257)
(9.2703e-10 -5.19179e-10 0.000149555)
(8.03025e-10 8.86026e-11 0.000149555)
(-1.18356e-09 -4.65249e-10 0.000147257)
(-1.13552e-09 2.19825e-09 0.000138062)
(-1.33906e-09 -1.39011e-09 0.000110385)
(-1.11348e-09 -2.17275e-12 5.06804e-05)
(1.06404e-09 -7.37201e-10 5.06808e-05)
(2.63341e-09 4.11973e-10 0.000110385)
(2.17144e-09 1.4847e-09 0.000138063)
(1.74985e-09 -1.42552e-09 0.000147257)
(9.63951e-10 -3.47556e-10 0.000149555)
(-1.91509e-10 1.9182e-10 0.000149555)
(-1.1199e-09 -4.50775e-10 0.000147257)
(-2.10795e-09 2.10584e-09 0.000138063)
(-2.21087e-09 -1.86496e-09 0.000110385)
(-3.43917e-10 -3.18829e-09 5.06808e-05)
(-1.46894e-09 -2.32293e-09 4.4962e-05)
(2.52829e-09 6.6305e-10 0.000100996)
(4.86868e-09 3.1837e-10 0.000130793)
(2.81668e-09 -2.2693e-10 0.000142989)
(1.70825e-09 1.31078e-09 0.000146869)
(-8.61012e-10 2.01578e-09 0.000146869)
(-2.72524e-09 1.23884e-09 0.000142989)
(-5.67014e-09 1.71183e-10 0.000130793)
(-3.28095e-09 -3.70803e-09 0.000100996)
(2.0251e-09 -6.36672e-09 4.49614e-05)
(-1.23641e-10 -1.41175e-09 3.44756e-05)
(2.27354e-09 -2.93511e-09 8.16247e-05)
(2.92711e-09 -2.08565e-10 0.000112348)
(2.25929e-09 1.73411e-09 0.000128937)
(2.06418e-09 4.19963e-09 0.000135782)
(8.47155e-10 5.81011e-09 0.000135782)
(2.83548e-10 5.24335e-09 0.000128938)
(5.76675e-10 1.32813e-10 0.000112349)
(1.85218e-09 -1.04703e-08 8.16244e-05)
(4.50296e-09 -1.14784e-08 3.4475e-05)
(-7.86431e-10 -4.66298e-09 2.10743e-05)
(-4.57555e-09 -4.31365e-09 5.33115e-05)
(-7.94076e-09 -1.27736e-09 7.85697e-05)
(-4.33509e-09 -6.28159e-10 9.57191e-05)
(-1.68581e-09 3.24486e-09 0.000104217)
(3.09217e-09 4.44079e-09 0.000104217)
(6.97547e-09 2.51792e-09 9.57195e-05)
(1.44535e-08 -2.57235e-10 7.85704e-05)
(1.64917e-08 -9.82851e-09 5.33121e-05)
(1.06678e-08 -1.37621e-08 2.10743e-05)
(-7.03247e-09 -6.09633e-09 7.96053e-06)
(-7.28231e-09 -2.33893e-09 1.99924e-05)
(-6.3912e-09 -1.54062e-09 3.20549e-05)
(-5.12915e-09 -2.06257e-09 4.12627e-05)
(-3.14057e-09 -3.90812e-12 4.61621e-05)
(5.32207e-10 3.5718e-11 4.61621e-05)
(1.72134e-09 -9.6319e-10 4.12626e-05)
(5.01464e-09 -1.03313e-09 3.20549e-05)
(9.44839e-09 -3.02968e-09 1.99925e-05)
(8.12831e-09 -6.20487e-09 7.96039e-06)
(-3.93931e-09 2.84008e-09 7.96073e-06)
(9.74313e-09 -9.97793e-09 1.99923e-05)
(6.2956e-09 2.41112e-10 3.20542e-05)
(-6.44113e-10 1.67544e-09 4.12621e-05)
(2.34029e-09 -4.78739e-10 4.61615e-05)
(1.63958e-10 -4.55554e-10 4.61617e-05)
(2.85895e-09 2.17737e-09 4.12625e-05)
(-3.73078e-09 1.74592e-09 3.20541e-05)
(-7.76077e-09 -7.11932e-09 1.99923e-05)
(3.63185e-09 2.81381e-09 7.96061e-06)
(-1.00182e-09 2.40195e-09 2.10752e-05)
(2.56287e-10 -7.89345e-09 5.33126e-05)
(-1.38045e-09 -8.07764e-10 7.85681e-05)
(1.84983e-09 1.20554e-09 9.57179e-05)
(-6.66595e-10 -7.42136e-10 0.000104216)
(-1.34252e-09 -1.85034e-10 0.000104216)
(-3.61111e-09 2.63537e-09 9.57179e-05)
(-1.73124e-09 1.28643e-09 7.85681e-05)
(-5.38285e-09 -7.91619e-09 5.33121e-05)
(-3.22348e-09 -1.51916e-09 2.10749e-05)
(2.2499e-09 1.32731e-09 3.44758e-05)
(-5.11003e-10 6.85426e-10 8.16257e-05)
(-3.12997e-09 -2.87405e-09 0.000112348)
(2.55393e-10 -2.51716e-09 0.000128936)
(-3.18206e-10 -9.34606e-10 0.000135781)
(-7.00813e-10 -6.81878e-10 0.000135781)
(-1.4309e-09 -8.74472e-10 0.000128936)
(2.06713e-09 -1.81104e-09 0.000112349)
(1.7445e-09 -8.35415e-10 8.16261e-05)
(-7.8907e-10 -4.32417e-10 3.44764e-05)
(2.13801e-11 4.03982e-10 4.49619e-05)
(2.31832e-09 -8.27531e-10 0.000100996)
(2.13965e-09 -1.39487e-09 0.000130794)
(5.54899e-10 -1.69573e-09 0.000142989)
(-1.44292e-10 8.51311e-11 0.000146868)
(-1.34278e-09 1.52557e-11 0.000146868)
(-1.86173e-09 -6.45249e-10 0.000142989)
(-2.66223e-09 -1.98592e-09 0.000130795)
(-2.31139e-09 -2.22728e-09 0.000100997)
(3.40154e-11 9.66012e-10 4.49625e-05)
(-8.20769e-10 1.58904e-09 5.06809e-05)
(1.15129e-09 -1.18473e-09 0.000110384)
(1.30797e-09 2.08107e-10 0.000138064)
(-1.55497e-10 -7.87795e-10 0.000147257)
(5.91522e-10 1.13398e-09 0.000149555)
(3.033e-10 7.85162e-10 0.000149555)
(9.88114e-10 3.26186e-10 0.000147257)
(-5.70841e-10 2.83394e-10 0.000138064)
(-1.99519e-09 -2.32367e-09 0.000110384)
(-3.51381e-11 2.97829e-10 5.06808e-05)
(-6.14131e-10 3.84712e-10 5.06812e-05)
(1.30413e-09 -1.85465e-09 0.000110384)
(1.61796e-09 1.46227e-09 0.000138063)
(-1.71326e-10 -9.27305e-10 0.000147257)
(6.12751e-10 7.4572e-10 0.000149555)
(-4.01602e-10 -7.05017e-11 0.000149555)
(6.31807e-10 4.16149e-10 0.000147257)
(-1.90879e-09 2.8329e-09 0.000138063)
(-1.53353e-09 -1.61922e-09 0.000110384)
(1.12789e-09 8.68636e-10 5.06811e-05)
(-5.82779e-10 1.18429e-09 4.49619e-05)
(2.66617e-09 -4.66552e-09 0.000100996)
(3.96888e-09 2.92881e-09 0.000130794)
(6.89476e-11 4.24021e-10 0.000142989)
(6.451e-10 1.05496e-09 0.000146868)
(-1.02067e-09 6.5054e-10 0.000146868)
(-7.80042e-10 1.72753e-09 0.000142989)
(-4.05113e-09 4.10969e-09 0.000130794)
(-2.87814e-09 -3.97675e-09 0.000100996)
(4.46092e-12 1.11117e-09 4.49619e-05)
(1.00113e-09 -1.75499e-09 3.44754e-05)
(-2.03805e-09 -7.95737e-09 8.16251e-05)
(-2.10608e-09 5.35223e-09 0.000112348)
(-7.10192e-10 1.65836e-09 0.000128937)
(-4.49701e-11 1.4304e-09 0.000135781)
(-1.85201e-10 1.13158e-09 0.000135781)
(2.60138e-10 3.06825e-09 0.000128937)
(8.60184e-10 7.13489e-09 0.000112349)
(7.49169e-10 -5.78985e-09 8.16255e-05)
(-1.64906e-09 -5.28017e-10 3.44754e-05)
(-1.09618e-09 -3.41711e-09 2.10744e-05)
(-3.82649e-09 5.49998e-10 5.33127e-05)
(-1.67448e-09 5.93187e-09 7.85698e-05)
(1.41089e-09 -1.76937e-09 9.57184e-05)
(-1.06276e-09 1.97189e-10 0.000104216)
(4.6759e-10 -2.31959e-10 0.000104216)
(-2.58088e-09 -3.47334e-10 9.57183e-05)
(-1.32052e-10 6.36895e-09 7.85695e-05)
(1.30135e-09 9.70957e-10 5.33131e-05)
(-1.02215e-09 -1.52222e-09 2.10747e-05)
(-3.08238e-09 -2.44665e-09 7.96044e-06)
(5.34546e-10 3.39307e-09 1.99924e-05)
(4.99565e-09 2.99497e-09 3.20545e-05)
(2.57292e-09 -1.56826e-09 4.1262e-05)
(-9.93829e-10 -1.53356e-10 4.61612e-05)
(1.39952e-09 -5.07346e-10 4.61613e-05)
(-2.52573e-09 -1.62586e-09 4.1262e-05)
(-3.26921e-09 1.66591e-09 3.20549e-05)
(2.25638e-10 2.0214e-09 1.99929e-05)
(2.0433e-09 -1.27909e-09 7.9607e-06)
(-1.32842e-08 9.256e-09 7.96063e-06)
(-1.65565e-09 -2.65421e-09 1.99927e-05)
(-1.95223e-09 4.08401e-09 3.20549e-05)
(-6.54471e-09 2.61724e-09 4.12626e-05)
(-7.72098e-10 -2.93488e-10 4.6162e-05)
(-1.62917e-10 -3.01318e-10 4.61618e-05)
(4.13111e-09 1.98781e-09 4.12626e-05)
(-6.38965e-10 2.37728e-09 3.20549e-05)
(-2.76449e-09 -5.48475e-09 1.99928e-05)
(7.24819e-09 4.97695e-09 7.96053e-06)
(-6.79581e-09 1.09796e-08 2.10744e-05)
(-9.66367e-09 2.17456e-09 5.33123e-05)
(-1.10261e-08 2.8829e-09 7.85702e-05)
(-3.66223e-09 -7.41436e-10 9.57191e-05)
(-1.26267e-09 -4.47173e-09 0.000104218)
(3.15491e-09 -3.20434e-09 0.000104217)
(5.31728e-09 1.48746e-09 9.5719e-05)
(1.15407e-08 5.26295e-09 7.85696e-05)
(5.33304e-09 1.51658e-10 5.33123e-05)
(2.74521e-10 3.71926e-09 2.10743e-05)
(-2.60206e-09 9.63442e-09 3.44753e-05)
(-1.4882e-09 5.33117e-09 8.1625e-05)
(-5.91194e-10 -2.45887e-09 0.000112348)
(1.61128e-09 -4.57297e-09 0.000128937)
(-3.10895e-10 -4.5771e-09 0.000135781)
(-1.76166e-09 -3.28317e-09 0.000135781)
(-3.01623e-09 -1.76039e-09 0.000128937)
(1.32961e-10 9.18744e-10 0.000112349)
(1.82765e-09 6.14514e-09 8.16251e-05)
(1.22302e-09 3.31086e-09 3.44754e-05)
(-1.05436e-09 5.0128e-09 4.4962e-05)
(4.08842e-09 1.46459e-09 0.000100996)
(4.08767e-09 -9.03578e-10 0.000130793)
(1.70157e-09 -1.60604e-09 0.000142989)
(7.80123e-10 -3.88692e-10 0.000146868)
(-2.00809e-09 -1.38547e-10 0.000146868)
(-2.40885e-09 -7.17195e-10 0.000142989)
(-3.55811e-09 -1.0175e-09 0.000130794)
(-9.59549e-10 7.70057e-10 0.000100997)
(2.50606e-09 3.1365e-09 4.49622e-05)
(2.96503e-10 1.81641e-09 5.0681e-05)
(2.98855e-09 -6.87824e-10 0.000110385)
(1.97135e-09 3.22722e-10 0.000138063)
(3.87312e-10 -1.03579e-09 0.000147257)
(8.7061e-10 6.87341e-10 0.000149555)
(-5.11796e-10 3.51484e-10 0.000149555)
(4.70098e-10 -1.64257e-10 0.000147257)
(-1.54772e-09 5.02168e-10 0.000138063)
(-2.82308e-09 -1.26088e-09 0.000110385)
(4.66081e-10 1.32616e-09 5.06809e-05)
(8.88955e-11 4.75125e-10 5.06812e-05)
(2.93697e-09 -2.00824e-09 0.000110384)
(2.61145e-09 1.56742e-09 0.000138062)
(1.80241e-10 -1.3108e-09 0.000147257)
(1.00071e-09 5.15807e-10 0.000149555)
(-5.05582e-10 5.12746e-10 0.000149555)
(2.52905e-10 2.13681e-10 0.000147256)
(-2.25381e-09 1.96605e-09 0.000138062)
(-2.18635e-09 -3.67113e-09 0.000110385)
(8.77776e-10 -7.39979e-10 5.06811e-05)
(-1.70238e-09 -2.94241e-10 4.4962e-05)
(1.2632e-09 -4.69106e-09 0.000100996)
(4.56606e-09 2.50049e-09 0.000130793)
(1.12628e-09 -2.68828e-10 0.000142989)
(1.33936e-09 1.061e-09 0.000146868)
(-7.30937e-10 1.05754e-09 0.000146868)
(-9.85886e-10 8.12211e-10 0.000142989)
(-4.89977e-09 2.70528e-09 0.000130793)
(-2.06911e-09 -7.61628e-09 0.000100996)
(1.86984e-09 -1.65587e-09 4.49619e-05)
(1.30466e-09 3.36137e-11 3.44752e-05)
(5.72704e-10 -8.52843e-09 8.16241e-05)
(2.33725e-09 3.23624e-09 0.000112348)
(2.50824e-09 2.41784e-09 0.000128937)
(2.1328e-09 3.36996e-09 0.000135781)
(1.67305e-09 3.63687e-09 0.000135781)
(1.91424e-10 4.21922e-09 0.000128937)
(-4.28569e-10 4.52497e-09 0.000112348)
(1.24981e-09 -1.34578e-08 8.16248e-05)
(-1.1631e-11 -5.67382e-09 3.44751e-05)
(3.61759e-10 -4.4919e-09 2.10738e-05)
(-5.99475e-09 -6.85977e-09 5.33115e-05)
(-7.65307e-09 5.44461e-10 7.85701e-05)
(-2.66192e-09 -9.03824e-11 9.57193e-05)
(-2.13716e-09 2.60026e-09 0.000104217)
(2.70145e-09 2.78439e-09 0.000104217)
(3.77798e-09 1.75325e-09 9.57196e-05)
(1.12197e-08 3.26692e-09 7.85708e-05)
(1.28345e-08 -9.15897e-09 5.33128e-05)
(5.85374e-09 -1.0794e-08 2.10745e-05)
(-6.64256e-09 -6.02267e-09 7.96025e-06)
(-7.18467e-09 -3.00059e-09 1.99924e-05)
(-4.32974e-09 -8.52055e-10 3.20552e-05)
(-2.59583e-09 -1.80008e-09 4.12627e-05)
(-2.84362e-09 -1.48444e-11 4.61623e-05)
(9.92217e-10 -5.45526e-10 4.61621e-05)
(3.99656e-10 -1.301e-09 4.12631e-05)
(3.92216e-09 3.41895e-10 3.20557e-05)
(8.65406e-09 -1.97622e-09 1.99932e-05)
(7.94589e-09 -6.34142e-09 7.96082e-06)
(-6.40345e-09 4.35436e-09 7.96053e-06)
(6.85702e-09 -7.74565e-09 1.99934e-05)
(5.95552e-09 8.54729e-10 3.20548e-05)
(7.2623e-10 7.95307e-10 4.12617e-05)
(2.66539e-09 2.32484e-11 4.61606e-05)
(3.28517e-10 4.92931e-11 4.61606e-05)
(1.59928e-09 1.39315e-09 4.12616e-05)
(-3.79372e-09 1.90554e-09 3.20551e-05)
(-6.69755e-09 -6.25485e-09 1.99929e-05)
(3.3657e-09 2.23133e-09 7.96042e-06)
(-9.59753e-10 2.57657e-09 2.10746e-05)
(-3.24763e-11 -6.92375e-09 5.3313e-05)
(-2.25824e-09 -5.94561e-10 7.85716e-05)
(2.44594e-09 5.42037e-11 9.57185e-05)
(8.14146e-10 -9.24654e-11 0.000104216)
(-2.24681e-10 8.90165e-10 0.000104216)
(-2.35936e-09 2.93353e-09 9.57178e-05)
(-2.9129e-10 8.4882e-10 7.85705e-05)
(-2.85812e-09 -6.77718e-09 5.33124e-05)
(-1.42786e-09 -3.19639e-10 2.10741e-05)
(6.48495e-10 2.6815e-09 3.44752e-05)
(-1.16389e-09 9.72369e-10 8.16248e-05)
(-2.29169e-09 -4.35732e-09 0.00011235)
(5.66929e-11 -3.90691e-09 0.000128938)
(-6.1652e-10 -9.82434e-10 0.000135782)
(-7.9666e-10 -2.74997e-10 0.000135781)
(-1.53873e-09 -3.93059e-10 0.000128938)
(3.689e-10 -3.86584e-09 0.00011235)
(3.23742e-10 -1.37823e-09 8.16238e-05)
(-8.63917e-11 8.24673e-10 3.44741e-05)
(-7.77361e-11 8.91151e-10 4.49625e-05)
(2.67982e-09 -4.92985e-10 0.000100996)
(2.91516e-09 -2.50891e-09 0.000130793)
(7.19077e-10 -3.21342e-09 0.00014299)
(-1.26017e-10 -1.89755e-10 0.000146868)
(-2.22383e-09 -6.29539e-11 0.000146869)
(-2.3187e-09 -1.18697e-09 0.00014299)
(-3.58979e-09 -3.80057e-09 0.000130793)
(-3.94785e-09 -3.30807e-09 0.000100996)
(-2.88172e-10 1.12754e-09 4.49617e-05)
(-5.8758e-10 1.53156e-09 5.06812e-05)
(1.39493e-09 -1.5677e-09 0.000110386)
(1.56603e-09 -6.75829e-10 0.000138062)
(4.94704e-12 -1.42303e-09 0.000147257)
(5.63294e-10 7.03193e-10 0.000149555)
(-2.86127e-11 7.25365e-10 0.000149555)
(1.06716e-09 -5.07985e-11 0.000147257)
(-9.0097e-10 -1.33493e-09 0.000138063)
(-2.14884e-09 -3.31471e-09 0.000110386)
(2.11302e-10 -4.72783e-11 5.06809e-05)
(-8.84023e-10 2.70796e-10 5.06812e-05)
(1.23881e-09 -2.52749e-09 0.000110385)
(2.01672e-09 1.12469e-10 0.000138062)
(-2.206e-10 -1.33861e-09 0.000147257)
(7.66207e-10 -1.42617e-10 0.000149555)
(1.83794e-10 -5.61353e-10 0.000149555)
(7.62364e-10 -5.19206e-11 0.000147257)
(-2.16539e-09 1.63869e-09 0.000138062)
(-1.91781e-09 -2.43911e-09 0.000110386)
(7.20845e-10 2.95453e-10 5.06811e-05)
(3.70643e-11 -3.66707e-11 4.49619e-05)
(4.07263e-09 -5.29734e-09 0.000100996)
(5.63236e-09 2.4407e-09 0.000130792)
(1.42389e-09 -1.59971e-10 0.000142989)
(1.12098e-09 6.81168e-10 0.000146868)
(-5.01552e-10 8.72349e-10 0.000146868)
(-8.54542e-10 1.77255e-09 0.000142989)
(-5.00445e-09 4.12858e-09 0.000130793)
(-3.42062e-09 -4.83619e-09 0.000100997)
(-1.65571e-10 1.31342e-09 4.49618e-05)
(-4.51018e-11 -4.34994e-09 3.4475e-05)
(-2.26266e-09 -9.65263e-09 8.16246e-05)
(-2.317e-09 4.59207e-09 0.000112348)
(-9.39055e-10 1.52762e-09 0.000128937)
(-5.61375e-11 1.7519e-09 0.00013578)
(1.79067e-10 1.8452e-09 0.000135781)
(8.84758e-10 3.19889e-09 0.000128937)
(1.65594e-09 6.71682e-09 0.000112349)
(5.18336e-10 -6.85664e-09 8.16258e-05)
(-2.27208e-09 -6.84655e-10 3.44753e-05)
(-3.25643e-09 -6.50293e-09 2.10744e-05)
(-7.97969e-09 -2.84543e-09 5.33126e-05)
(-7.21659e-09 3.7184e-09 7.85702e-05)
(-1.85955e-09 -1.97812e-09 9.5717e-05)
(-2.58651e-09 -5.09801e-10 0.000104214)
(9.47193e-11 -1.87108e-10 0.000104214)
(-1.86227e-09 -3.36246e-10 9.57168e-05)
(2.12858e-09 5.66861e-09 7.85702e-05)
(3.76547e-09 -6.30718e-10 5.33129e-05)
(-3.01953e-10 -2.30402e-09 2.10748e-05)
(-3.35065e-09 -2.62901e-09 7.96053e-06)
(3.92192e-10 3.31391e-09 1.99921e-05)
(2.66489e-09 1.73147e-09 3.20542e-05)
(6.94331e-10 -2.18875e-09 4.12605e-05)
(-1.88447e-09 -1.15444e-09 4.61595e-05)
(4.06462e-10 -6.85906e-10 4.61594e-05)
(-2.00586e-09 -1.64761e-09 4.12605e-05)
(-2.6336e-09 1.31765e-09 3.20543e-05)
(1.11144e-09 1.5273e-09 1.99923e-05)
(1.75106e-09 -9.51593e-10 7.96054e-06)
(2.85115e-09 -2.00335e-09 7.96029e-06)
(-9.98642e-11 3.68763e-10 1.99928e-05)
(3.19569e-10 -3.47962e-10 3.20562e-05)
(1.19597e-09 5.77227e-10 4.12639e-05)
(1.64757e-10 1.05679e-09 4.61634e-05)
(-4.34611e-10 1.00813e-09 4.61632e-05)
(-2.24077e-09 -1.34367e-10 4.12635e-05)
(-1.40151e-09 -2.60043e-09 3.20561e-05)
(1.02018e-10 -9.1151e-11 1.99926e-05)
(-2.26541e-09 -2.18306e-09 7.96029e-06)
(1.49532e-09 -2.00849e-09 2.10742e-05)
(-1.85632e-09 3.03075e-09 5.33114e-05)
(-2.92754e-09 2.19158e-09 7.85712e-05)
(-1.68046e-09 -1.09333e-09 9.57208e-05)
(7.56214e-10 -5.07121e-10 0.000104219)
(1.63567e-09 -2.57393e-10 0.000104219)
(4.56483e-09 -7.87987e-10 9.57203e-05)
(4.6817e-09 3.06295e-10 7.85705e-05)
(4.16608e-09 3.56907e-09 5.33106e-05)
(1.66178e-09 9.1557e-10 2.10731e-05)
(-2.54097e-09 1.46714e-09 3.44752e-05)
(-5.82925e-09 4.62178e-09 8.16251e-05)
(-4.83578e-09 4.61757e-09 0.000112349)
(-3.06015e-09 -2.09242e-09 0.000128938)
(-1.80972e-09 -2.8649e-09 0.000135782)
(-7.55375e-10 -2.28649e-09 0.000135782)
(7.45447e-10 -2.82023e-09 0.000128937)
(2.67686e-09 3.35021e-09 0.000112347)
(4.53563e-09 3.9497e-09 8.16233e-05)
(3.74962e-09 3.69215e-09 3.44739e-05)
(-7.52327e-10 2.68195e-09 4.49611e-05)
(-1.15582e-09 1.93942e-09 0.000100996)
(-9.51256e-10 3.62511e-09 0.000130792)
(-4.94195e-10 -1.34995e-09 0.000142989)
(-1.28778e-09 -1.64372e-09 0.000146869)
(-9.67863e-10 -1.15008e-09 0.000146869)
(-1.35017e-09 -1.67826e-09 0.00014299)
(-1.17323e-09 1.47637e-09 0.000130791)
(-6.32412e-10 2.88969e-10 0.000100995)
(4.44091e-10 3.04403e-09 4.49604e-05)
(-3.60532e-10 2.3443e-09 5.06801e-05)
(8.75371e-11 1.63417e-09 0.000110385)
(1.16369e-09 2.68641e-09 0.000138061)
(5.65595e-10 -8.24114e-10 0.000147257)
(-1.61415e-10 -8.18802e-10 0.000149555)
(-3.24191e-10 -5.463e-10 0.000149555)
(-1.72249e-09 -7.72759e-10 0.000147257)
(-2.43875e-09 1.40626e-09 0.000138061)
(-2.10847e-09 -3.66979e-10 0.000110384)
(-6.41464e-10 1.16437e-09 5.06795e-05)
(7.2142e-11 2.68784e-09 5.06803e-05)
(-1.33666e-11 7.46587e-10 0.000110385)
(8.94357e-10 2.57716e-09 0.000138062)
(4.77116e-10 -3.38222e-11 0.000147257)
(4.70425e-10 9.14728e-11 0.000149555)
(1.98629e-10 5.35907e-10 0.000149555)
(-5.71697e-10 2.78341e-10 0.000147257)
(-1.913e-09 2.09364e-09 0.000138061)
(-1.85652e-09 -1.64394e-09 0.000110384)
(-2.91394e-10 3.22062e-10 5.0679e-05)
(1.48693e-09 3.92349e-09 4.49619e-05)
(6.44596e-10 1.52727e-09 0.000100997)
(2.65521e-12 2.15212e-09 0.000130792)
(1.12273e-10 1.56247e-10 0.000142989)
(6.0816e-10 -8.30245e-10 0.000146868)
(8.34553e-10 1.17133e-10 0.000146868)
(1.28445e-09 1.62548e-09 0.00014299)
(1.06709e-09 2.92028e-09 0.000130793)
(-9.51876e-10 -7.96633e-10 0.000100996)
(-7.41033e-10 -1.16582e-09 4.49603e-05)
(1.56009e-09 2.08774e-09 3.44761e-05)
(-1.04673e-10 1.8006e-09 8.16244e-05)
(-7.23663e-10 1.76906e-09 0.000112347)
(1.12062e-09 1.57491e-10 0.000128936)
(5.16684e-10 -8.51649e-10 0.000135781)
(4.94312e-10 -1.73625e-10 0.000135781)
(1.43378e-09 1.73418e-09 0.000128937)
(4.58994e-09 3.31497e-09 0.000112349)
(4.65743e-09 2.00938e-11 8.16243e-05)
(2.07031e-09 -3.35258e-09 3.44749e-05)
(4.00865e-09 5.25658e-09 2.1074e-05)
(2.57616e-09 5.88921e-09 5.33097e-05)
(6.41955e-10 5.64242e-10 7.85684e-05)
(1.38981e-09 -2.60058e-09 9.57183e-05)
(-7.96537e-10 -2.08126e-09 0.000104218)
(-3.63881e-10 -1.76349e-09 0.000104218)
(-2.00375e-09 -1.73341e-09 9.57202e-05)
(4.62515e-10 1.18403e-09 7.8571e-05)
(2.57868e-10 6.3767e-09 5.33113e-05)
(-1.4857e-09 2.81928e-09 2.10741e-05)
(4.2343e-09 3.93474e-09 7.96026e-06)
(9.10284e-09 5.60123e-09 1.99924e-05)
(8.11365e-09 9.37652e-10 3.20555e-05)
(4.41479e-09 -1.1113e-09 4.12632e-05)
(1.15592e-09 -1.63167e-09 4.61627e-05)
(-1.37266e-09 -1.57669e-09 4.61631e-05)
(-4.21921e-09 -1.47409e-09 4.12638e-05)
(-8.45965e-09 8.74358e-10 3.20564e-05)
(-9.47229e-09 7.0032e-09 1.99934e-05)
(-4.23186e-09 3.79563e-09 7.96061e-06)
(-1.03568e-08 8.55248e-09 7.96037e-06)
(1.40998e-09 -4.99228e-09 1.99914e-05)
(-3.12939e-09 3.87616e-09 3.20535e-05)
(-5.99049e-09 9.44651e-10 4.12614e-05)
(1.68905e-09 7.92853e-11 4.61615e-05)
(2.12196e-10 1.31108e-10 4.61612e-05)
(8.09759e-09 2.37476e-09 4.12613e-05)
(2.86391e-09 4.51106e-09 3.20531e-05)
(-2.34567e-09 -5.69234e-09 1.99913e-05)
(9.07048e-09 6.75264e-09 7.96021e-06)
(-8.6446e-09 1.16106e-08 2.10743e-05)
(-7.55499e-09 -1.92302e-11 5.33132e-05)
(-1.35399e-08 8.09212e-09 7.85678e-05)
(-6.78131e-09 -2.92812e-09 9.5717e-05)
(-9.60396e-10 -5.15215e-09 0.000104215)
(2.93035e-09 -4.76681e-09 0.000104215)
(9.86266e-09 -8.74394e-10 9.57172e-05)
(1.53726e-08 1.08175e-08 7.8567e-05)
(6.516e-09 9.03144e-10 5.33126e-05)
(5.43022e-09 7.83889e-09 2.10754e-05)
(-1.0837e-09 7.54e-09 3.44762e-05)
(-1.14183e-10 4.11521e-09 8.1627e-05)
(-3.14601e-09 7.05823e-09 0.000112347)
(7.71532e-10 -6.95988e-09 0.000128936)
(2.48871e-10 -6.8734e-09 0.00013578)
(-3.38797e-10 -6.63738e-09 0.00013578)
(-2.3258e-09 -5.66189e-09 0.000128935)
(1.79747e-09 9.89379e-09 0.000112346)
(-5.91122e-10 5.09052e-09 8.16269e-05)
(-1.03866e-09 3.28066e-09 3.44771e-05)
(-2.63852e-10 4.90633e-09 4.49622e-05)
(1.3432e-09 2.35034e-09 0.000100998)
(2.49348e-09 4.61239e-09 0.000130794)
(3.1343e-09 -3.91761e-09 0.000142988)
(-4.59952e-10 -2.43349e-09 0.000146867)
(-1.50119e-09 -2.40898e-09 0.000146868)
(-5.50729e-09 -2.3701e-09 0.000142988)
(-4.99368e-09 5.17808e-09 0.000130794)
(-1.64624e-09 -7.29502e-10 0.000100998)
(3.17813e-10 3.88407e-10 4.4963e-05)
(1.77862e-09 2.16916e-09 5.06808e-05)
(2.13322e-09 2.16164e-09 0.000110385)
(1.42239e-09 2.48556e-09 0.000138064)
(2.22847e-09 -1.77236e-09 0.000147257)
(3.85819e-10 -5.58967e-10 0.000149555)
(-4.20322e-10 -2.03474e-10 0.000149555)
(-2.94022e-09 -9.08332e-10 0.000147257)
(-2.6687e-09 1.08859e-09 0.000138063)
(-1.91374e-09 -1.70967e-09 0.000110385)
(-1.00128e-09 -4.58421e-10 5.06811e-05)
(1.31997e-09 -8.63705e-10 5.06803e-05)
(1.87287e-09 2.33873e-09 0.000110384)
(1.67336e-09 1.82545e-09 0.000138063)
(1.82312e-09 -1.88157e-09 0.000147257)
(9.27925e-10 -5.04881e-11 0.000149555)
(4.15039e-10 1.09828e-09 0.000149555)
(-9.94721e-10 6.80697e-11 0.000147257)
(-1.14539e-09 6.3834e-10 0.000138063)
(-1.96634e-09 -2.77275e-09 0.000110385)
(-6.48092e-10 -4.19145e-09 5.06811e-05)
(-1.91003e-09 -2.51861e-09 4.49624e-05)
(2.06508e-09 2.04329e-09 0.000100997)
(5.1374e-09 -1.75776e-10 0.000130794)
(3.17583e-09 -1.01991e-09 0.000142989)
(1.92436e-09 1.15436e-09 0.000146868)
(3.60579e-10 2.44618e-09 0.000146868)
(-1.37207e-09 1.54577e-09 0.000142989)
(-3.41676e-09 -4.20064e-10 0.000130794)
(-1.51954e-09 -3.99994e-09 0.000100997)
(2.23696e-09 -6.4711e-09 4.49624e-05)
(-6.79586e-10 -1.76714e-09 3.44761e-05)
(2.04165e-09 -4.06253e-09 8.16254e-05)
(3.20031e-09 -1.51017e-09 0.000112348)
(1.9314e-09 1.04948e-09 0.000128937)
(1.83605e-09 4.40426e-09 0.000135781)
(1.7642e-09 5.59676e-09 0.000135781)
(1.80477e-09 4.48413e-09 0.000128937)
(1.27033e-09 1.64789e-10 0.000112348)
(2.12857e-09 -9.92178e-09 8.16247e-05)
(3.59108e-09 -9.47707e-09 3.44759e-05)
(-2.1237e-09 -5.78345e-09 2.10745e-05)
(-5.14458e-09 -6.18281e-09 5.3313e-05)
(-7.57761e-09 -2.39959e-09 7.85697e-05)
(-5.01289e-09 -9.28783e-10 9.5719e-05)
(-2.04783e-09 2.75514e-09 0.000104217)
(3.52571e-09 3.49477e-09 0.000104217)
(8.06088e-09 1.47803e-09 9.5719e-05)
(1.38725e-08 -7.09511e-10 7.85694e-05)
(1.37367e-08 -8.21125e-09 5.33124e-05)
(7.67099e-09 -1.12343e-08 2.10745e-05)
(-6.57742e-09 -5.57419e-09 7.96044e-06)
(-7.39423e-09 -2.82385e-09 1.99926e-05)
(-6.15405e-09 -2.02426e-09 3.2055e-05)
(-4.78239e-09 -1.70092e-09 4.12631e-05)
(-2.98964e-09 -5.75089e-10 4.61625e-05)
(8.72254e-10 -5.97909e-10 4.61626e-05)
(3.03296e-09 -1.63388e-09 4.12632e-05)
(5.3075e-09 -1.51664e-09 3.20546e-05)
(7.28516e-09 -9.71988e-10 1.99923e-05)
(8.19426e-09 -6.53791e-09 7.9605e-06)
(-6.57424e-09 3.34892e-09 7.9606e-06)
(9.70417e-09 -1.10464e-08 1.99925e-05)
(8.70781e-09 -5.08913e-10 3.20543e-05)
(9.45057e-10 8.62602e-10 4.1262e-05)
(2.13154e-09 -3.28081e-10 4.61613e-05)
(6.30503e-10 -2.77855e-10 4.61611e-05)
(2.73903e-09 2.43684e-09 4.12616e-05)
(-4.04234e-09 2.33589e-09 3.20536e-05)
(-8.29624e-09 -7.61244e-09 1.99922e-05)
(2.33123e-09 1.71546e-09 7.96058e-06)
(4.74577e-10 1.17553e-09 2.10742e-05)
(3.47779e-09 -1.09259e-08 5.33132e-05)
(-1.15219e-09 -1.35038e-09 7.85688e-05)
(-2.74042e-10 2.5459e-09 9.57177e-05)
(-2.34441e-09 -7.26266e-10 0.000104216)
(-3.14489e-09 -6.9799e-10 0.000104216)
(-5.12103e-09 1.89866e-09 9.57174e-05)
(-2.47941e-09 4.3374e-10 7.85675e-05)
(-6.11645e-09 -1.00176e-08 5.33129e-05)
(-3.1606e-09 -1.37718e-09 2.10754e-05)
(2.00439e-09 8.00433e-10 3.44756e-05)
(-6.30108e-10 -8.6267e-10 8.1626e-05)
(-2.43759e-09 -3.98301e-09 0.000112348)
(1.16698e-09 -1.48168e-09 0.000128936)
(2.60201e-10 -8.88254e-10 0.00013578)
(-8.4224e-10 -1.14689e-09 0.00013578)
(-1.47715e-09 -1.56222e-09 0.000128936)
(2.20705e-09 -2.83361e-09 0.000112349)
(1.13324e-09 -2.39079e-09 8.16272e-05)
(-9.69708e-10 4.53041e-11 3.44768e-05)
(1.13766e-10 1.07271e-10 4.49619e-05)
(2.27006e-09 -1.26377e-09 0.000100996)
(2.16651e-09 -2.29427e-09 0.000130794)
(1.05058e-09 -1.65518e-09 0.000142988)
(4.14416e-10 3.21709e-10 0.000146868)
(-1.78601e-09 7.66339e-11 0.000146868)
(-2.558e-09 -1.05534e-09 0.000142989)
(-3.21929e-09 -1.8247e-09 0.000130795)
(-3.24761e-09 -2.55537e-09 0.000100998)
(-1.40318e-10 1.75617e-09 4.49627e-05)
(-5.98289e-10 1.06093e-09 5.06808e-05)
(8.79348e-10 -8.79062e-10 0.000110384)
(9.301e-10 5.44639e-10 0.000138064)
(-1.76387e-10 -2.07485e-10 0.000147257)
(4.73511e-10 5.74534e-10 0.000149555)
(-2.39491e-10 1.06779e-09 0.000149555)
(4.12384e-10 -4.96248e-10 0.000147257)
(-1.02425e-09 -2.07774e-12 0.000138064)
(-2.49903e-09 -2.53738e-09 0.000110385)
(-8.23593e-11 1.76717e-10 5.06811e-05)
(-7.52715e-10 2.23756e-10 5.06806e-05)
(1.29202e-09 -1.31668e-09 0.000110384)
(1.89828e-09 3.03292e-09 0.000138064)
(-4.89644e-10 -3.42553e-10 0.000147257)
(4.02237e-10 -2.07471e-10 0.000149555)
(-1.09031e-10 -4.31577e-11 0.000149555)
(8.381e-10 -2.37543e-10 0.000147257)
(-1.11929e-09 2.86766e-09 0.000138064)
(-1.24932e-09 -1.8725e-09 0.000110385)
(9.29024e-10 2.7855e-10 5.06818e-05)
(-2.06582e-10 2.07398e-09 4.49622e-05)
(2.46144e-09 -3.3128e-09 0.000100996)
(4.07876e-09 5.11484e-09 0.000130795)
(4.89258e-10 1.0219e-09 0.000142989)
(1.15599e-09 2.54417e-10 0.000146868)
(7.24125e-11 -2.21911e-10 0.000146868)
(2.40508e-10 8.838e-10 0.000142989)
(-3.52548e-09 4.70793e-09 0.000130794)
(-2.50657e-09 -3.34882e-09 0.000100996)
(2.96749e-10 1.68018e-09 4.49625e-05)
(1.65566e-09 -7.75989e-10 3.44754e-05)
(-6.19307e-10 -5.98512e-09 8.16255e-05)
(-3.63799e-10 6.12362e-09 0.000112349)
(7.08953e-10 1.81897e-09 0.000128937)
(8.40432e-10 8.41962e-10 0.000135781)
(-2.39597e-10 5.48776e-10 0.000135781)
(-3.66364e-10 2.26423e-09 0.000128937)
(4.23767e-10 7.83816e-09 0.000112349)
(8.29341e-11 -3.59061e-09 8.16255e-05)
(-1.77581e-09 3.85725e-10 3.44756e-05)
(8.6884e-10 -1.92133e-09 2.10748e-05)
(-1.76917e-09 1.28168e-09 5.33135e-05)
(3.70201e-11 5.51254e-09 7.85695e-05)
(3.41926e-09 -1.16147e-09 9.57181e-05)
(-3.6108e-10 1.01408e-10 0.000104216)
(6.28347e-11 -4.68093e-10 0.000104215)
(-3.30793e-09 -8.11575e-10 9.57179e-05)
(-1.01091e-09 6.49838e-09 7.85693e-05)
(1.72415e-10 2.97987e-09 5.33128e-05)
(-1.14475e-09 -1.01592e-09 2.10741e-05)
(-5.13477e-10 -1.53203e-10 7.96078e-06)
(2.63288e-09 3.67764e-09 1.99926e-05)
(5.37297e-09 2.1849e-09 3.20544e-05)
(3.30411e-09 -1.18335e-09 4.12619e-05)
(-4.46518e-10 2.43544e-10 4.6161e-05)
(1.55279e-09 -1.76042e-10 4.61608e-05)
(-2.33065e-09 -1.66332e-09 4.12617e-05)
(-4.73779e-09 1.8143e-09 3.2054e-05)
(-9.06262e-10 2.89333e-09 1.99922e-05)
(1.02301e-09 -4.39196e-10 7.96038e-06)
(-1.20365e-08 8.51642e-09 7.96031e-06)
(-5.67466e-09 -1.17745e-09 1.99929e-05)
(-4.71428e-09 3.40296e-09 3.2055e-05)
(-6.4995e-09 1.172e-09 4.12625e-05)
(-1.28986e-09 -3.18033e-10 4.61619e-05)
(-8.25088e-10 1.3095e-10 4.61617e-05)
(3.25268e-09 2.81165e-09 4.12624e-05)
(-1.46632e-09 2.16142e-09 3.20547e-05)
(-3.16051e-09 -5.4885e-09 1.99928e-05)
(6.27594e-09 4.25235e-09 7.96071e-06)
(-9.03395e-09 1.32944e-08 2.10745e-05)
(-1.33926e-08 5.41482e-09 5.33125e-05)
(-1.42969e-08 3.31511e-09 7.85696e-05)
(-6.73632e-09 -9.7638e-10 9.57188e-05)
(-3.83118e-09 -4.25365e-09 0.000104217)
(1.65397e-09 -4.05039e-09 0.000104217)
(4.27085e-09 1.30492e-09 9.57188e-05)
(9.7946e-09 3.44834e-09 7.85694e-05)
(4.75213e-09 -9.47672e-10 5.33125e-05)
(-4.1417e-10 2.22578e-09 2.10746e-05)
(-2.58889e-09 1.05934e-08 3.44752e-05)
(-1.55395e-09 7.8573e-09 8.16249e-05)
(-5.29068e-10 -1.43877e-09 0.000112348)
(2.13895e-09 -3.87203e-09 0.000128937)
(3.84922e-10 -4.8601e-09 0.000135782)
(-5.15394e-10 -4.61459e-09 0.000135781)
(-1.89949e-09 -2.75429e-09 0.000128937)
(1.38721e-09 -5.68927e-10 0.000112348)
(3.21845e-09 5.06582e-09 8.16251e-05)
(1.60154e-09 3.78909e-09 3.44757e-05)
(-1.00686e-09 5.12093e-09 4.49616e-05)
(3.55514e-09 3.42161e-09 0.000100996)
(4.66054e-09 -5.77826e-10 0.000130793)
(2.48578e-09 -1.89387e-09 0.000142989)
(1.40094e-09 -6.61117e-10 0.000146868)
(-1.20038e-09 -7.03088e-10 0.000146868)
(-2.26962e-09 -1.26946e-09 0.000142989)
(-3.40758e-09 -2.03546e-09 0.000130793)
(-1.4218e-09 -4.58831e-10 0.000100997)
(2.36659e-09 3.75921e-09 4.49619e-05)
(3.29391e-10 2.08538e-09 5.06806e-05)
(3.65837e-09 1.33672e-09 0.000110384)
(2.90278e-09 7.1818e-10 0.000138063)
(8.53541e-10 -6.11545e-10 0.000147257)
(1.25148e-09 2.3031e-10 0.000149555)
(3.52843e-11 1.41293e-10 0.000149555)
(9.3457e-10 -4.72726e-10 0.000147257)
(-9.06787e-10 -6.71133e-10 0.000138063)
(-2.65828e-09 -2.31604e-09 0.000110385)
(1.23897e-10 1.46561e-09 5.06806e-05)
(1.01345e-10 5.50697e-10 5.06807e-05)
(3.24821e-09 4.07469e-10 0.000110384)
(2.9259e-09 1.1888e-09 0.000138063)
(5.51775e-10 -4.00286e-10 0.000147257)
(1.71091e-09 1.77433e-10 0.000149555)
(2.86821e-10 -2.56134e-10 0.000149555)
(8.27169e-10 2.55127e-10 0.000147257)
(-2.03663e-09 2.01411e-09 0.000138063)
(-2.28243e-09 -3.4559e-09 0.000110384)
(9.6218e-10 -2.61644e-10 5.06809e-05)
(-2.13438e-09 -1.30824e-09 4.49617e-05)
(2.64563e-09 -3.06996e-09 0.000100996)
(5.70093e-09 2.67851e-09 0.000130794)
(1.69678e-09 9.20064e-10 0.000142989)
(1.78243e-09 8.34823e-10 0.000146868)
(-7.70943e-10 5.94784e-10 0.000146868)
(-1.2887e-09 8.50574e-10 0.000142989)
(-6.10111e-09 2.74e-09 0.000130793)
(-3.10085e-09 -7.12995e-09 0.000100996)
(1.51184e-09 -6.7632e-11 4.49616e-05)
(-1.05167e-10 -1.1106e-09 3.44748e-05)
(1.57465e-10 -9.09243e-09 8.16244e-05)
(3.11887e-09 4.37567e-09 0.000112348)
(2.38921e-09 3.26131e-09 0.000128937)
(1.41183e-09 3.07905e-09 0.000135781)
(3.5522e-10 4.16504e-09 0.000135782)
(1.08137e-10 4.63761e-09 0.000128937)
(2.12991e-11 4.70709e-09 0.000112348)
(1.75093e-09 -1.41567e-08 8.16239e-05)
(1.04701e-10 -4.88725e-09 3.44747e-05)
(6.07324e-10 -4.22986e-09 2.10743e-05)
(-6.06676e-09 -7.39165e-09 5.3312e-05)
(-7.39566e-09 2.66013e-09 7.85699e-05)
(-2.37783e-09 5.94236e-10 9.57187e-05)
(-1.10908e-09 2.36395e-09 0.000104217)
(3.18684e-09 3.17226e-09 0.000104217)
(5.02336e-09 1.44384e-09 9.57194e-05)
(1.3303e-08 2.85799e-09 7.85703e-05)
(1.42549e-08 -9.67382e-09 5.33121e-05)
(4.75455e-09 -9.42446e-09 2.10739e-05)
(-7.15222e-09 -5.68681e-09 7.96057e-06)
(-8.15119e-09 -3.08868e-09 1.99926e-05)
(-4.19346e-09 1.11042e-10 3.20546e-05)
(-2.17204e-09 -1.53536e-09 4.1262e-05)
(-2.62016e-09 -3.02557e-10 4.61615e-05)
(1.30416e-09 -4.96381e-11 4.61615e-05)
(6.28105e-10 -1.95151e-09 4.12621e-05)
(4.02455e-09 -4.45163e-10 3.20547e-05)
(8.12068e-09 -1.5876e-09 1.99926e-05)
(6.68881e-09 -5.34763e-09 7.96028e-06)
(-1.74405e-09 1.18708e-09 7.96055e-06)
(1.01453e-08 -9.93241e-09 1.9993e-05)
(7.30504e-09 9.21151e-11 3.20553e-05)
(8.01324e-10 7.03673e-10 4.12623e-05)
(2.18424e-09 -2.09196e-10 4.61619e-05)
(5.24855e-10 1.17684e-10 4.6162e-05)
(1.99878e-09 2.95159e-09 4.12625e-05)
(-5.43649e-09 1.86318e-09 3.20558e-05)
(-8.4261e-09 -7.25754e-09 1.99931e-05)
(3.33717e-10 -4.0408e-10 7.9607e-06)
(1.16853e-09 5.17213e-10 2.10746e-05)
(4.36078e-09 -1.05818e-08 5.33123e-05)
(6.0546e-10 -9.85706e-10 7.85708e-05)
(1.38391e-09 2.58902e-09 9.57188e-05)
(-1.38592e-09 -1.29178e-10 0.000104217)
(-1.42365e-09 -9.63578e-10 0.000104217)
(-4.13616e-09 3.01519e-09 9.57191e-05)
(-1.68859e-09 6.52774e-10 7.8571e-05)
(-4.787e-09 -7.90205e-09 5.33125e-05)
(-4.76922e-09 -3.7486e-09 2.1074e-05)
(1.85747e-09 8.82556e-11 3.44752e-05)
(-1.00405e-09 -1.10475e-09 8.16248e-05)
(-1.66832e-09 -4.12886e-09 0.000112348)
(2.00951e-09 -1.42634e-09 0.000128938)
(6.90358e-10 -2.61033e-10 0.000135782)
(4.30527e-11 -8.59856e-10 0.000135782)
(-1.34159e-09 -4.94911e-10 0.000128938)
(2.09853e-09 -2.96876e-09 0.000112349)
(2.20628e-09 -7.67031e-10 8.16245e-05)
(-7.74754e-10 -2.65986e-10 3.44749e-05)
(-5.42974e-11 -2.54802e-11 4.49619e-05)
(1.47632e-09 -1.00189e-09 0.000100997)
(1.64691e-09 -3.1953e-09 0.000130792)
(6.17768e-10 -2.53059e-09 0.000142989)
(3.44137e-10 8.59476e-12 0.000146868)
(-1.59399e-09 8.33809e-10 0.000146868)
(-1.6977e-09 -4.23012e-10 0.000142989)
(-2.869e-09 -2.53292e-09 0.000130792)
(-2.50564e-09 -2.45613e-09 0.000100996)
(6.07879e-10 1.46602e-09 4.49615e-05)
(-6.49236e-10 1.30663e-09 5.06807e-05)
(8.69853e-10 -1.29481e-09 0.000110385)
(6.84942e-10 -1.03808e-09 0.000138062)
(-6.45368e-10 -9.12484e-10 0.000147257)
(2.32654e-10 6.72322e-10 0.000149555)
(-7.19628e-10 4.10473e-10 0.000149555)
(6.39579e-10 -2.78214e-10 0.000147257)
(-7.39868e-10 -5.60515e-10 0.000138061)
(-1.91295e-09 -3.29994e-09 0.000110385)
(3.8171e-10 3.0366e-10 5.06807e-05)
(-1.18937e-09 -1.29562e-11 5.06813e-05)
(1.22915e-09 -1.78506e-09 0.000110386)
(1.88755e-09 1.31936e-09 0.000138062)
(-7.47586e-10 -8.81555e-10 0.000147257)
(5.0115e-10 3.03314e-10 0.000149555)
(-4.47165e-11 -5.58843e-10 0.000149555)
(1.59373e-09 -5.66024e-10 0.000147257)
(-1.35746e-09 2.41797e-09 0.000138062)
(-1.6212e-09 -2.6343e-09 0.000110385)
(9.78269e-10 1.77701e-10 5.06805e-05)
(-5.68512e-10 7.36669e-10 4.49623e-05)
(2.77799e-09 -4.26751e-09 0.000100997)
(4.5638e-09 4.62406e-09 0.000130792)
(8.01617e-10 9.6744e-10 0.000142989)
(1.22509e-09 6.05862e-10 0.000146868)
(-4.34482e-10 -2.44947e-10 0.000146868)
(1.93473e-10 6.85046e-10 0.000142989)
(-3.3401e-09 3.92055e-09 0.000130793)
(-2.4193e-09 -5.05108e-09 0.000100997)
(3.10257e-10 7.01635e-10 4.4962e-05)
(3.21998e-10 -2.07484e-09 3.44756e-05)
(-1.88116e-09 -7.6467e-09 8.16248e-05)
(-1.57141e-09 7.06226e-09 0.000112348)
(-5.34297e-10 2.9227e-09 0.000128936)
(7.354e-10 6.9521e-10 0.000135781)
(5.52854e-10 2.7608e-10 0.000135781)
(1.30132e-09 2.8958e-09 0.000128937)
(2.43772e-09 7.25958e-09 0.000112349)
(1.84396e-09 -6.86705e-09 8.16254e-05)
(-1.51523e-09 -1.14983e-09 3.44758e-05)
(-1.45338e-10 -3.42501e-09 2.10742e-05)
(-1.89698e-09 1.41851e-09 5.33118e-05)
(-1.62408e-10 7.67255e-09 7.85705e-05)
(2.99047e-09 -4.57021e-10 9.57187e-05)
(-1.74564e-10 -1.19665e-09 0.000104216)
(1.17302e-09 -6.27599e-10 0.000104217)
(-1.71734e-09 -5.52419e-10 9.57184e-05)
(1.37156e-09 6.84456e-09 7.85702e-05)
(3.39474e-09 2.67725e-10 5.33125e-05)
(5.46166e-10 -3.27619e-09 2.10751e-05)
(-5.84288e-09 -4.50953e-09 7.9602e-06)
(4.36135e-10 4.32833e-09 1.99925e-05)
(4.50234e-09 3.7374e-09 3.20553e-05)
(3.44991e-09 -1.1558e-09 4.12624e-05)
(-1.10804e-09 -7.28229e-10 4.61618e-05)
(1.77854e-10 -2.65131e-10 4.61617e-05)
(-2.90817e-09 -1.73886e-09 4.12621e-05)
(-3.75868e-09 2.37363e-09 3.20549e-05)
(1.53346e-10 2.54015e-09 1.99925e-05)
(1.33443e-09 -1.17755e-09 7.9606e-06)
(-1.36542e-08 1.04916e-08 7.96034e-06)
(-4.21105e-09 -2.431e-09 1.99922e-05)
(-6.70007e-09 4.94099e-09 3.20545e-05)
(-8.14946e-09 3.13618e-10 4.12623e-05)
(4.22449e-10 -3.24235e-10 4.61618e-05)
(-2.84855e-10 6.78732e-10 4.61618e-05)
(7.86793e-09 2.3936e-09 4.1262e-05)
(2.17269e-09 3.8338e-09 3.20547e-05)
(-3.27763e-09 -6.60225e-09 1.99925e-05)
(8.82438e-09 6.11454e-09 7.9604e-06)
(-1.18376e-08 1.58536e-08 2.10741e-05)
(-1.26301e-08 4.33761e-09 5.33122e-05)
(-1.66731e-08 9.07192e-09 7.85698e-05)
(-7.77702e-09 -4.41913e-09 9.5719e-05)
(-1.80215e-09 -6.51301e-09 0.000104217)
(2.93512e-09 -5.05911e-09 0.000104217)
(9.77521e-09 -5.71361e-10 9.57185e-05)
(1.63575e-08 9.95872e-09 7.85693e-05)
(7.85819e-09 6.4646e-10 5.33122e-05)
(6.04551e-09 9.04809e-09 2.10744e-05)
(-3.04198e-09 1.16016e-08 3.44755e-05)
(-1.55279e-09 6.93466e-09 8.16246e-05)
(-2.91968e-09 7.89681e-09 0.000112348)
(1.78033e-09 -7.49677e-09 0.000128937)
(7.01695e-11 -7.39278e-09 0.000135781)
(-1.99954e-10 -6.89647e-09 0.000135781)
(-1.53239e-09 -5.44593e-09 0.000128937)
(3.61596e-09 1.042e-08 0.000112348)
(7.55471e-10 5.63605e-09 8.16247e-05)
(6.05733e-10 5.72373e-09 3.44751e-05)
(-8.65011e-10 6.82881e-09 4.49619e-05)
(2.56312e-09 2.20282e-09 0.000100996)
(4.289e-09 5.09261e-09 0.000130793)
(3.96181e-09 -3.58274e-09 0.000142989)
(3.31322e-10 -2.26826e-09 0.000146868)
(-1.07924e-09 -2.21371e-09 0.000146868)
(-4.40321e-09 -2.24411e-09 0.000142989)
(-3.58545e-09 6.29391e-09 0.000130793)
(-1.70721e-09 1.0419e-10 0.000100997)
(4.98771e-10 1.16118e-09 4.4962e-05)
(1.07391e-09 3.71063e-09 5.06806e-05)
(2.2171e-09 6.96684e-10 0.000110385)
(2.2647e-09 2.19634e-09 0.000138063)
(2.10984e-09 -1.23409e-09 0.000147257)
(4.60701e-10 -5.48782e-10 0.000149555)
(6.36815e-10 -6.36151e-10 0.000149555)
(-8.40113e-10 -1.14938e-11 0.000147257)
(-1.17483e-09 2.08779e-09 0.000138063)
(-1.58895e-09 -8.80031e-10 0.000110385)
(-8.39735e-10 5.36628e-10 5.06812e-05)
(1.25967e-09 1.80311e-09 5.0681e-05)
(3.19644e-09 1.41869e-09 0.000110385)
(2.96375e-09 1.54039e-09 0.000138063)
(2.40397e-09 -1.08886e-09 0.000147257)
(1.47723e-09 3.18493e-10 0.000149555)
(1.80859e-10 4.26909e-11 0.000149555)
(-5.04036e-10 5.65738e-10 0.000147257)
(-1.4669e-09 1.79839e-09 0.000138063)
(-1.90519e-09 -1.29417e-09 0.000110385)
(-2.18813e-10 -2.9351e-09 5.06809e-05)
(-7.65325e-10 -6.73234e-10 4.4962e-05)
(3.2592e-09 5.58977e-10 0.000100996)
(5.75349e-09 -7.50627e-10 0.000130793)
(3.5402e-09 -2.40253e-10 0.000142989)
(1.87212e-09 1.46653e-09 0.000146868)
(-2.08357e-10 1.5153e-09 0.000146868)
(-1.5645e-09 1.92457e-09 0.000142989)
(-4.27342e-09 8.58215e-11 0.000130793)
(-2.34314e-09 -2.59883e-09 0.000100996)
(2.29668e-09 -5.74932e-09 4.49621e-05)
(4.19178e-10 -6.78784e-10 3.44752e-05)
(2.6803e-09 -4.13702e-09 8.16243e-05)
(3.77538e-09 -2.3971e-09 0.000112347)
(3.32516e-09 1.3031e-09 0.000128936)
(2.59157e-09 4.05837e-09 0.000135781)
(1.57319e-09 4.53754e-09 0.000135781)
(2.25535e-10 5.0584e-09 0.000128937)
(2.03132e-10 1.03802e-09 0.000112349)
(1.08962e-09 -8.05492e-09 8.16252e-05)
(3.05309e-09 -9.01408e-09 3.44756e-05)
(-5.6256e-10 -3.83666e-09 2.10743e-05)
(-4.85795e-09 -5.50727e-09 5.33119e-05)
(-8.12769e-09 -3.73431e-09 7.85692e-05)
(-4.13273e-09 -8.81822e-10 9.57187e-05)
(-1.65696e-09 3.3577e-09 0.000104217)
(2.8807e-09 3.02107e-09 0.000104217)
(5.92672e-09 1.41041e-09 9.57186e-05)
(1.1653e-08 8.9987e-10 7.85703e-05)
(1.13689e-08 -5.74669e-09 5.3313e-05)
(6.76758e-09 -1.03436e-08 2.10751e-05)
(-5.02352e-09 -4.3367e-09 7.96047e-06)
(-5.59902e-09 -1.92874e-09 1.99926e-05)
(-6.65434e-09 -2.85261e-09 3.20548e-05)
(-5.90602e-09 -1.8433e-09 4.12622e-05)
(-3.94591e-09 2.69093e-10 4.61615e-05)
(9.63937e-12 -2.45662e-10 4.61617e-05)
(8.37312e-10 -1.40239e-09 4.1262e-05)
(2.40044e-09 -2.35784e-10 3.20548e-05)
(6.3889e-09 -3.92207e-10 1.99928e-05)
(7.45622e-09 -5.39912e-09 7.96087e-06)
(-5.09285e-09 3.11163e-09 7.96029e-06)
(9.59541e-09 -1.03015e-08 1.99919e-05)
(7.30477e-09 -1.18178e-10 3.20537e-05)
(5.68652e-10 7.42419e-10 4.12617e-05)
(3.04786e-09 -2.68594e-10 4.61613e-05)
(4.12775e-10 3.67048e-10 4.61614e-05)
(1.01981e-09 2.53484e-09 4.12618e-05)
(-6.01412e-09 1.42702e-09 3.20535e-05)
(-9.10711e-09 -8.26492e-09 1.99921e-05)
(4.36602e-09 3.32787e-09 7.9602e-06)
(8.26217e-11 1.12503e-09 2.10741e-05)
(1.5752e-09 -9.71519e-09 5.33125e-05)
(-1.26448e-09 -5.66785e-10 7.85684e-05)
(6.98001e-10 1.3483e-09 9.57178e-05)
(-1.73842e-09 -1.13054e-09 0.000104216)
(-1.84075e-09 -3.56573e-10 0.000104216)
(-4.35017e-09 2.63191e-09 9.57176e-05)
(-1.86933e-09 -1.75671e-11 7.85677e-05)
(-5.5163e-09 -9.52062e-09 5.33124e-05)
(-3.51292e-09 -2.00049e-09 2.10747e-05)
(1.98101e-09 6.65993e-10 3.44757e-05)
(-3.02492e-10 -8.73837e-10 8.16258e-05)
(-1.69858e-09 -3.30959e-09 0.000112348)
(1.91016e-09 -2.16804e-09 0.000128936)
(4.48996e-10 -1.15254e-09 0.000135781)
(-4.81734e-10 -1.02548e-09 0.00013578)
(-1.38493e-09 -1.36986e-09 0.000128936)
(2.14186e-09 -3.25945e-09 0.000112348)
(1.14085e-09 -2.26524e-09 8.16263e-05)
(-1.32731e-09 -1.08255e-09 3.44761e-05)
(6.2613e-10 -2.74989e-10 4.4962e-05)
(2.34281e-09 -1.39219e-09 0.000100996)
(2.31312e-09 -2.43839e-09 0.000130794)
(1.43709e-09 -1.97985e-09 0.000142989)
(5.94822e-10 6.79596e-10 0.000146868)
(-1.03681e-09 5.66994e-10 0.000146868)
(-1.81745e-09 -7.53763e-10 0.000142988)
(-2.8528e-09 -2.69144e-09 0.000130794)
(-2.60609e-09 -3.43241e-09 0.000100997)
(1.19584e-10 6.3707e-10 4.49621e-05)
(-6.80024e-10 1.47653e-09 5.0681e-05)
(7.62326e-10 -1.39533e-09 0.000110385)
(7.56424e-10 -1.05858e-10 0.000138064)
(-5.81997e-10 -9.81501e-10 0.000147257)
(1.65382e-10 8.4002e-10 0.000149555)
(1.08003e-10 1.08576e-09 0.000149555)
(9.90049e-10 -3.12558e-10 0.000147257)
(-4.5395e-10 -7.23597e-10 0.000138064)
(-1.90964e-09 -3.53596e-09 0.000110385)
(-2.5681e-11 -3.36138e-11 5.0681e-05)
(-8.35894e-10 1.37105e-09 5.06808e-05)
(1.7905e-09 -2.10232e-09 0.000110385)
(2.54812e-09 2.26519e-09 0.000138064)
(-2.35755e-10 -7.46082e-10 0.000147257)
(2.19035e-10 -2.4501e-11 0.000149555)
(-2.74262e-10 1.75221e-10 0.000149555)
(1.15147e-09 -4.53251e-11 0.000147257)
(-1.61686e-09 2.7203e-09 0.000138064)
(-1.68362e-09 -2.29391e-09 0.000110384)
(9.33965e-10 -1.42217e-10 5.06809e-05)
(1.7789e-10 1.56399e-09 4.49616e-05)
(3.41599e-09 -4.64017e-09 0.000100996)
(4.48112e-09 4.54228e-09 0.000130794)
(5.72485e-10 1.33742e-09 0.000142989)
(8.52486e-10 3.49169e-10 0.000146869)
(-3.54748e-10 1.11963e-09 0.000146868)
(-1.40381e-10 2.03046e-09 0.000142989)
(-3.90955e-09 5.01797e-09 0.000130794)
(-3.06096e-09 -4.32605e-09 0.000100995)
(9.92292e-12 2.56475e-10 4.49614e-05)
(4.02133e-10 -2.23913e-09 3.44751e-05)
(-2.32625e-09 -8.74516e-09 8.16253e-05)
(-1.45634e-09 6.48477e-09 0.000112349)
(-5.14485e-10 2.89588e-09 0.000128937)
(8.09469e-12 9.76492e-10 0.000135781)
(-1.74848e-10 1.34885e-09 0.000135781)
(9.22039e-10 3.42711e-09 0.000128937)
(1.73916e-09 8.33282e-09 0.000112349)
(1.03511e-09 -5.21488e-09 8.16239e-05)
(-1.35312e-09 -5.97297e-10 3.44743e-05)
(-1.07005e-09 -3.61215e-09 2.10745e-05)
(-5.395e-09 -1.57039e-09 5.33129e-05)
(-2.23931e-09 6.53114e-09 7.85698e-05)
(1.1315e-09 -4.27507e-10 9.57189e-05)
(-1.69745e-09 -2.2211e-10 0.000104216)
(-1.49216e-10 -4.57361e-10 0.000104216)
(-3.30152e-09 -9.98487e-12 9.57187e-05)
(-1.15482e-09 8.51383e-09 7.85697e-05)
(1.08242e-09 2.30027e-09 5.33118e-05)
(-1.25604e-09 -8.85507e-10 2.10735e-05)
(-3.73538e-09 -2.30848e-09 7.96047e-06)
(-4.95545e-10 2.77915e-09 1.99928e-05)
(4.3071e-09 2.95869e-09 3.20547e-05)
(2.34042e-09 -1.2544e-09 4.12622e-05)
(-1.40278e-09 -3.92228e-10 4.61613e-05)
(2.84839e-10 -3.066e-10 4.61614e-05)
(-3.47207e-09 -1.18944e-09 4.12624e-05)
(-4.53444e-09 3.08675e-09 3.20548e-05)
(-8.91073e-10 3.26557e-09 1.99926e-05)
(-4.34395e-10 8.1727e-10 7.96039e-06)
(-1.25548e-08 9.0633e-09 7.96074e-06)
(-5.27828e-09 -1.36559e-09 1.9993e-05)
(-5.02624e-09 4.40282e-09 3.20551e-05)
(-6.76168e-09 1.95342e-09 4.12626e-05)
(-5.64582e-10 2.12858e-10 4.61619e-05)
(-3.73172e-10 3.58341e-10 4.61619e-05)
(3.58963e-09 2.3857e-09 4.12624e-05)
(-1.92297e-10 3.17309e-09 3.20545e-05)
(-4.73897e-09 -6.67969e-09 1.99925e-05)
(5.68957e-09 3.86305e-09 7.96046e-06)
(-9.95041e-09 1.43357e-08 2.10746e-05)
(-1.35785e-08 5.11797e-09 5.33128e-05)
(-1.45422e-08 3.9543e-09 7.85702e-05)
(-6.69149e-09 -3.78187e-10 9.57191e-05)
(-3.23059e-09 -4.3335e-09 0.000104217)
(1.62602e-09 -3.04926e-09 0.000104217)
(3.56587e-09 1.5293e-09 9.57193e-05)
(9.36639e-09 4.55588e-09 7.85697e-05)
(4.35674e-09 -1.38049e-09 5.33125e-05)
(4.21276e-10 2.71891e-09 2.10739e-05)
(-2.93395e-09 1.15723e-08 3.44751e-05)
(-1.35571e-09 7.47324e-09 8.16249e-05)
(-2.80396e-10 -1.17343e-09 0.000112348)
(2.45428e-09 -4.00217e-09 0.000128936)
(1.57148e-10 -4.75888e-09 0.000135781)
(-1.19806e-09 -3.18648e-09 0.000135781)
(-2.8822e-09 -2.0285e-09 0.000128937)
(7.60265e-10 7.25064e-10 0.000112348)
(1.99183e-09 5.45614e-09 8.16248e-05)
(2.46601e-10 2.78896e-09 3.44751e-05)
(-9.07768e-10 5.54617e-09 4.49618e-05)
(3.69262e-09 3.15884e-09 0.000100996)
(3.67739e-09 -2.24503e-11 0.000130793)
(1.34578e-09 -1.45171e-09 0.000142988)
(1.04497e-10 -5.76531e-11 0.000146868)
(-2.7231e-09 2.52822e-10 0.000146868)
(-3.0265e-09 -2.44663e-10 0.000142989)
(-3.96226e-09 -1.17465e-09 0.000130793)
(-1.75511e-09 -5.16578e-10 0.000100996)
(2.21443e-09 2.92075e-09 4.49611e-05)
(1.35935e-10 2.70318e-09 5.06804e-05)
(2.7204e-09 1.57572e-09 0.000110385)
(1.77965e-09 6.72928e-10 0.000138063)
(5.63561e-10 -2.7751e-10 0.000147257)
(3.33399e-10 3.6946e-10 0.000149555)
(-8.91026e-10 7.44025e-10 0.000149555)
(1.55318e-10 -2.84002e-10 0.000147257)
(-1.67213e-09 -3.90392e-10 0.000138062)
(-2.39506e-09 -1.99139e-09 0.000110384)
(2.13008e-10 1.12985e-09 5.06801e-05)
(-3.63263e-10 8.99184e-10 5.06806e-05)
(2.48123e-09 5.52013e-11 0.000110385)
(3.0386e-09 1.03194e-09 0.000138063)
(8.03976e-10 -2.98155e-10 0.000147257)
(1.18641e-09 3.23204e-10 0.000149555)
(1.32913e-11 7.30589e-10 0.000149555)
(8.15412e-10 6.06379e-11 0.000147257)
(-2.37257e-09 2.16247e-09 0.000138062)
(-2.22783e-09 -3.42195e-09 0.000110384)
(1.07333e-09 -8.24724e-10 5.06801e-05)
(-2.08641e-09 -4.81118e-10 4.49622e-05)
(2.67245e-09 -2.80059e-09 0.000100996)
(5.42617e-09 2.1416e-09 0.000130793)
(1.22866e-09 4.99173e-10 0.00014299)
(1.24796e-09 9.55696e-10 0.000146869)
(-9.75172e-10 1.3783e-09 0.000146868)
(-1.02069e-09 1.35059e-09 0.000142989)
(-5.62439e-09 2.94772e-09 0.000130793)
(-2.35668e-09 -7.97989e-09 0.000100995)
(1.84782e-09 -1.31591e-09 4.49611e-05)
(1.32837e-09 -2.73427e-10 3.44757e-05)
(1.64503e-09 -8.40106e-09 8.16254e-05)
(3.56224e-09 3.22036e-09 0.000112349)
(2.66611e-09 2.93562e-09 0.000128937)
(1.85563e-09 3.6461e-09 0.000135781)
(8.37222e-10 4.31611e-09 0.000135781)
(-4.0246e-10 4.83445e-09 0.000128937)
(-5.48697e-11 4.5014e-09 0.000112348)
(2.73511e-09 -1.52151e-08 8.16236e-05)
(6.99284e-10 -5.88886e-09 3.44748e-05)
(-9.97578e-10 -6.29741e-09 2.10747e-05)
(-6.07132e-09 -7.69201e-09 5.33124e-05)
(-7.11149e-09 7.07568e-10 7.85706e-05)
(-1.83789e-09 7.84041e-10 9.57194e-05)
(-8.47641e-10 2.90077e-09 0.000104217)
(4.10375e-09 3.49374e-09 0.000104217)
(6.05317e-09 1.94638e-09 9.57192e-05)
(1.41509e-08 2.28012e-09 7.85703e-05)
(1.53748e-08 -1.17043e-08 5.33116e-05)
(5.55281e-09 -1.02384e-08 2.10738e-05)
(-9.32716e-09 -8.05521e-09 7.96062e-06)
(-1.012e-08 -4.12179e-09 1.99929e-05)
(-6.64451e-09 -1.58726e-09 3.20556e-05)
(-4.14343e-09 -2.04209e-09 4.12631e-05)
(-3.47713e-09 -2.82306e-10 4.61622e-05)
(1.10074e-09 2.07724e-10 4.61621e-05)
(1.15478e-09 -1.48288e-09 4.1263e-05)
(4.96486e-09 -3.85457e-10 3.20551e-05)
(9.98313e-09 -2.87644e-09 1.99924e-05)
(8.15823e-09 -6.03276e-09 7.96007e-06)
(-4.08773e-09 2.53487e-09 7.96035e-06)
(8.12481e-09 -9.38833e-09 1.99926e-05)
(6.90914e-09 -4.03082e-10 3.20553e-05)
(-2.42026e-11 1.36465e-09 4.12625e-05)
(1.5357e-09 -2.94293e-10 4.61619e-05)
(-2.43203e-10 -1.6485e-10 4.61617e-05)
(6.87206e-10 1.80385e-09 4.12624e-05)
(-5.17072e-09 1.40312e-09 3.20552e-05)
(-7.94461e-09 -7.04094e-09 1.99927e-05)
(6.22629e-10 -3.75681e-10 7.9604e-06)
(-8.49186e-10 3.05656e-09 2.10748e-05)
(3.19987e-12 -7.17787e-09 5.33124e-05)
(-2.17728e-09 -6.04104e-10 7.85703e-05)
(-1.00472e-10 2.10324e-09 9.57184e-05)
(-3.1324e-09 -7.56819e-10 0.000104217)
(-1.85253e-09 -5.98932e-10 0.000104217)
(-4.22332e-09 2.00502e-09 9.57187e-05)
(-5.91314e-10 8.21258e-10 7.85705e-05)
(-2.37506e-09 -7.29485e-09 5.33121e-05)
(-3.14012e-09 -2.84003e-09 2.10737e-05)
(1.21271e-09 2.84562e-09 3.44758e-05)
(-6.1573e-10 1.72007e-09 8.16252e-05)
(-1.81455e-09 -3.15723e-09 0.000112348)
(1.78097e-09 -1.88143e-09 0.000128937)
(6.01165e-10 -9.06543e-10 0.000135781)
(-4.95117e-10 -7.9293e-10 0.000135782)
(-1.29749e-09 -1.28546e-09 0.000128937)
(2.7398e-09 -3.13617e-09 0.000112348)
(3.91175e-09 -3.83892e-10 8.16241e-05)
(1.02402e-09 1.58266e-09 3.44745e-05)
(4.95776e-10 6.28694e-10 4.49622e-05)
(3.25753e-09 -5.26134e-10 0.000100997)
(3.54645e-09 -2.61962e-09 0.000130792)
(2.04335e-09 -1.20902e-09 0.000142989)
(1.40917e-09 4.85393e-10 0.000146868)
(-5.32787e-10 4.65401e-10 0.000146868)
(-1.34731e-09 -1.21043e-09 0.000142989)
(-2.8314e-09 -3.38626e-09 0.000130792)
(-2.23383e-09 -2.26825e-09 0.000100996)
(7.25785e-10 2.47044e-09 4.49609e-05)
(-6.41511e-10 1.3735e-09 5.06805e-05)
(7.60977e-10 -9.88549e-10 0.000110385)
(1.19631e-09 -2.11203e-10 0.000138062)
(-3.96786e-10 -1.03853e-11 0.000147257)
(-1.49603e-10 2.44653e-10 0.000149555)
(-3.94653e-11 2.9698e-10 0.000149555)
(6.2368e-10 -4.69649e-10 0.000147257)
(-1.58049e-09 -1.15341e-09 0.000138061)
(-2.46257e-09 -3.05007e-09 0.000110384)
(3.36117e-11 6.69327e-10 5.06799e-05)
(-5.07706e-10 6.69894e-10 5.06806e-05)
(1.58412e-09 -1.52078e-09 0.000110385)
(1.99821e-09 1.6259e-09 0.000138062)
(-2.40326e-10 -1.63633e-11 0.000147257)
(4.17292e-10 -1.41448e-10 0.000149555)
(-5.2006e-10 -4.35523e-10 0.000149555)
(9.07447e-10 6.74815e-11 0.000147256)
(-1.53952e-09 1.05152e-09 0.000138061)
(-1.55583e-09 -2.98043e-09 0.000110384)
(8.3196e-10 -2.5211e-11 5.06795e-05)
(-3.08808e-10 1.20767e-09 4.4962e-05)
(3.2684e-09 -3.87061e-09 0.000100997)
(4.825e-09 3.81496e-09 0.000130793)
(7.37066e-10 1.93026e-09 0.00014299)
(1.25647e-09 9.64078e-10 0.000146869)
(-6.26544e-10 -9.89108e-11 0.000146868)
(-5.86271e-10 1.04655e-09 0.000142989)
(-4.32378e-09 3.02806e-09 0.000130792)
(-3.19087e-09 -4.98906e-09 0.000100996)
(8.88591e-11 1.164e-09 4.49612e-05)
(1.35147e-09 -1.04971e-09 3.44756e-05)
(-1.13409e-09 -7.72667e-09 8.1625e-05)
(-4.69209e-10 5.90846e-09 0.000112349)
(9.07768e-10 2.63451e-09 0.000128937)
(1.93173e-09 1.31184e-09 0.000135781)
(1.17978e-09 6.92308e-10 0.000135782)
(3.4519e-10 3.30284e-09 0.000128937)
(5.58975e-10 7.35833e-09 0.000112349)
(2.20276e-11 -6.13201e-09 8.16249e-05)
(-1.80704e-09 -1.20803e-09 3.44757e-05)
(3.84539e-10 -2.49353e-09 2.10744e-05)
(-3.35399e-09 3.49096e-10 5.33119e-05)
(-2.11582e-09 5.70619e-09 7.85702e-05)
(2.61064e-09 -1.04315e-09 9.57186e-05)
(2.1441e-10 -3.03753e-10 0.000104216)
(1.45343e-09 2.7147e-10 0.000104217)
(-2.30077e-09 3.82483e-10 9.57183e-05)
(1.26985e-09 6.57147e-09 7.85706e-05)
(3.46579e-09 7.51934e-10 5.33125e-05)
(3.74914e-10 -3.25813e-09 2.10749e-05)
(-4.51114e-09 -2.93236e-09 7.9605e-06)
(8.23402e-10 4.2429e-09 1.99926e-05)
(4.86771e-09 2.97685e-09 3.20548e-05)
(2.63465e-09 -1.48083e-09 4.12622e-05)
(-1.20374e-09 -5.7047e-10 4.61616e-05)
(1.02135e-09 -2.10798e-10 4.61617e-05)
(-2.40286e-09 -1.23533e-09 4.12623e-05)
(-3.15314e-09 1.75715e-09 3.20548e-05)
(-8.09158e-10 2.85263e-09 1.99925e-05)
(1.25674e-09 -1.47332e-09 7.96041e-06)
(-1.70278e-08 1.29558e-08 7.96053e-06)
(-3.59317e-09 -2.41424e-09 1.99924e-05)
(-5.22209e-09 5.0457e-09 3.20547e-05)
(-7.75068e-09 6.55303e-10 4.12626e-05)
(1.10875e-09 -4.26528e-10 4.61617e-05)
(-1.41645e-11 -1.63255e-10 4.61615e-05)
(7.82904e-09 2.09974e-09 4.12621e-05)
(2.72524e-09 4.80841e-09 3.20547e-05)
(-1.94954e-09 -4.44759e-09 1.99924e-05)
(8.36147e-09 6.03029e-09 7.96039e-06)
(-9.38453e-09 1.37902e-08 2.10742e-05)
(-7.79959e-09 6.16952e-10 5.33119e-05)
(-1.42202e-08 8.93274e-09 7.85698e-05)
(-7.51291e-09 -2.8875e-09 9.5719e-05)
(-1.56812e-09 -5.88625e-09 0.000104217)
(2.76971e-09 -4.99909e-09 0.000104216)
(8.78344e-09 -1.04556e-09 9.57183e-05)
(1.57595e-08 1.04229e-08 7.85691e-05)
(8.75702e-09 2.37214e-09 5.33123e-05)
(6.8148e-09 9.46109e-09 2.10743e-05)
(-1.54005e-09 9.33478e-09 3.44754e-05)
(-2.92843e-10 2.94122e-09 8.1625e-05)
(-2.93925e-09 7.55173e-09 0.000112348)
(2.14641e-09 -6.16237e-09 0.000128936)
(4.98482e-10 -6.78423e-09 0.000135781)
(1.01078e-10 -5.77955e-09 0.000135781)
(-1.54122e-09 -5.61633e-09 0.000128936)
(3.02283e-09 9.1683e-09 0.000112348)
(-1.44945e-10 5.03153e-09 8.1625e-05)
(-5.18959e-10 4.53853e-09 3.44754e-05)
(-5.09043e-10 5.7854e-09 4.49621e-05)
(1.60138e-09 1.28597e-11 0.000100996)
(3.22007e-09 4.65734e-09 0.000130793)
(3.58543e-09 -3.05131e-09 0.000142989)
(-1.469e-10 -2.10421e-09 0.000146868)
(-7.64815e-10 -1.25792e-09 0.000146868)
(-4.09709e-09 -2.18246e-09 0.000142988)
(-3.60417e-09 5.82413e-09 0.000130793)
(-1.23757e-09 4.70475e-11 0.000100997)
(9.52435e-10 1.04038e-09 4.49621e-05)
(1.39664e-09 3.61397e-09 5.06805e-05)
(2.00886e-09 1.78471e-10 0.000110384)
(1.81362e-09 1.92064e-09 0.000138063)
(2.47646e-09 -1.45309e-09 0.000147257)
(5.20881e-10 -3.58629e-10 0.000149555)
(-4.48618e-10 -3.15661e-10 0.000149555)
(-2.62452e-09 -5.85499e-10 0.000147257)
(-1.95595e-09 2.17255e-09 0.000138062)
(-1.33391e-09 -5.12278e-10 0.000110385)
(-6.77374e-10 4.9031e-10 5.06809e-05)
(1.20635e-09 1.14808e-09 5.06804e-05)
(2.55544e-09 1.32734e-09 0.000110384)
(2.28046e-09 1.47825e-09 0.000138062)
(1.84189e-09 -8.93047e-10 0.000147257)
(8.32072e-10 5.82812e-10 0.000149555)
(-1.3638e-10 4.55699e-10 0.000149555)
(-1.00363e-09 -2.03438e-10 0.000147257)
(-1.92485e-09 1.46208e-09 0.000138062)
(-2.37972e-09 -2.15261e-09 0.000110385)
(-5.27913e-10 -3.32583e-09 5.06803e-05)
(-1.49677e-09 -1.475e-09 4.49616e-05)
(2.54102e-09 1.31471e-09 0.000100996)
(4.47352e-09 -8.24373e-12 0.000130793)
(3.05563e-09 5.20675e-10 0.000142989)
(2.78028e-09 1.52823e-09 0.000146868)
(3.69811e-10 2.18033e-09 0.000146868)
(-7.87664e-10 1.1151e-09 0.000142989)
(-3.21374e-09 -5.0355e-10 0.000130793)
(-1.51692e-09 -3.70639e-09 0.000100996)
(2.35802e-09 -5.9548e-09 4.49619e-05)
(-5.49828e-10 -1.26382e-09 3.4475e-05)
(1.18051e-09 -3.61668e-09 8.16243e-05)
(1.64546e-09 -5.23286e-10 0.000112348)
(1.01189e-09 2.59586e-09 0.000128937)
(1.5535e-09 3.71525e-09 0.000135781)
(1.46545e-09 4.68116e-09 0.000135782)
(1.44924e-09 4.368e-09 0.000128937)
(1.15849e-09 6.41711e-11 0.000112348)
(1.67347e-09 -8.73181e-09 8.16251e-05)
(3.47798e-09 -9.0681e-09 3.44748e-05)
(1.41147e-10 -3.12296e-09 2.10738e-05)
(-3.12152e-09 -2.84784e-09 5.33117e-05)
(-6.26479e-09 -1.20797e-09 7.85698e-05)
(-2.99593e-09 -7.872e-11 9.57187e-05)
(-1.02613e-09 2.6801e-09 0.000104217)
(3.52712e-09 3.40955e-09 0.000104217)
(6.51642e-09 1.32072e-09 9.57188e-05)
(1.17511e-08 2.64614e-10 7.85704e-05)
(1.23656e-08 -6.71712e-09 5.33126e-05)
(7.20442e-09 -9.88039e-09 2.10742e-05)
(-5.48902e-09 -4.05886e-09 7.96018e-06)
(-3.94878e-09 3.15432e-10 1.99926e-05)
(-2.71241e-09 -7.03296e-10 3.20546e-05)
(-2.15342e-09 -1.801e-09 4.12624e-05)
(-2.18462e-09 -2.76112e-10 4.61619e-05)
(1.22215e-09 -5.57593e-11 4.61621e-05)
(1.87532e-09 -1.62053e-09 4.12627e-05)
(3.75288e-09 -7.8852e-10 3.20551e-05)
(6.93456e-09 -1.30819e-09 1.99929e-05)
(5.83151e-09 -4.33589e-09 7.96041e-06)
(-4.43551e-09 1.55885e-09 7.96047e-06)
(7.37279e-09 -9.01559e-09 1.99926e-05)
(6.30009e-09 6.70488e-10 3.2054e-05)
(2.34145e-10 1.18502e-09 4.12618e-05)
(2.55667e-09 -4.46994e-10 4.61611e-05)
(5.34398e-10 -4.10087e-11 4.61609e-05)
(2.85919e-09 2.50087e-09 4.12615e-05)
(-4.58194e-09 1.77228e-09 3.20539e-05)
(-8.31474e-09 -7.44579e-09 1.99922e-05)
(2.30698e-09 1.15347e-09 7.96049e-06)
(-2.47275e-10 1.25458e-09 2.10743e-05)
(1.77862e-09 -8.25152e-09 5.33126e-05)
(-4.84632e-10 -1.2946e-09 7.85688e-05)
(1.84714e-09 6.63878e-10 9.57182e-05)
(5.23592e-10 -1.37585e-09 0.000104216)
(-4.23485e-10 -5.21743e-10 0.000104215)
(-2.85379e-09 3.54965e-09 9.57173e-05)
(-7.11599e-10 1.59319e-09 7.85677e-05)
(-4.21206e-09 -7.57358e-09 5.33125e-05)
(-3.65372e-09 -2.19919e-09 2.10749e-05)
(1.61588e-09 2.78237e-09 3.44749e-05)
(-9.44457e-11 5.34343e-10 8.16257e-05)
(-1.99518e-09 -3.86238e-09 0.000112349)
(1.81465e-10 -2.82243e-09 0.000128936)
(-1.00802e-09 -1.71549e-09 0.000135781)
(-1.69737e-09 -7.07295e-10 0.000135781)
(-1.96411e-09 -5.65121e-10 0.000128936)
(2.18296e-09 -2.29456e-09 0.000112349)
(1.90082e-09 -1.00205e-09 8.16267e-05)
(-1.88387e-10 4.93134e-10 3.44762e-05)
(7.34896e-10 3.41398e-10 4.49617e-05)
(3.11197e-09 -7.22531e-10 0.000100996)
(3.00958e-09 -1.87619e-09 0.000130794)
(1.24886e-09 -1.94421e-09 0.000142989)
(5.49752e-10 -3.83694e-10 0.000146868)
(-1.38505e-09 8.64625e-11 0.000146868)
(-2.58914e-09 -9.92651e-10 0.000142988)
(-2.55685e-09 -2.2109e-09 0.000130794)
(-2.48054e-09 -2.02989e-09 0.000100997)
(-8.87929e-11 1.91429e-09 4.49626e-05)
(-8.97529e-10 1.40932e-09 5.06805e-05)
(8.68913e-10 -1.82065e-09 0.000110384)
(1.54345e-09 -4.24002e-10 0.000138063)
(1.8139e-10 -7.58953e-10 0.000147256)
(2.62052e-10 2.89493e-10 0.000149555)
(-4.67762e-11 3.9281e-10 0.000149555)
(5.15226e-10 -3.48195e-10 0.000147257)
(-1.01556e-09 -5.64675e-10 0.000138064)
(-1.91814e-09 -2.38005e-09 0.000110385)
(-2.78527e-11 2.75175e-10 5.06814e-05)
(-9.63945e-10 1.33564e-09 5.06804e-05)
(1.30572e-09 -2.68678e-09 0.000110383)
(2.17844e-09 7.12363e-10 0.000138063)
(-2.53423e-10 -7.20003e-10 0.000147256)
(4.10473e-10 2.88208e-10 0.000149555)
(-2.55786e-10 -6.32928e-11 0.000149555)
(-7.70614e-12 -6.41494e-10 0.000147257)
(-1.77699e-09 1.20918e-09 0.000138063)
(-9.84036e-10 -9.39949e-10 0.000110384)
(8.43156e-10 5.44707e-10 5.06813e-05)
(4.15705e-10 1.86542e-09 4.49618e-05)
(3.48963e-09 -4.99239e-09 0.000100995)
(4.5878e-09 2.66174e-09 0.000130793)
(1.17802e-09 9.64838e-10 0.000142989)
(1.76644e-09 1.55525e-09 0.000146868)
(-5.81329e-11 6.40917e-10 0.000146868)
(-6.7227e-10 8.51925e-10 0.000142989)
(-4.45529e-09 2.95211e-09 0.000130793)
(-3.80681e-09 -2.81531e-09 0.000100996)
(-4.17295e-10 1.26517e-09 4.4962e-05)
(6.59628e-10 -1.80786e-09 3.44752e-05)
(-2.17951e-09 -8.54062e-09 8.16251e-05)
(-1.54677e-09 6.00432e-09 0.000112349)
(3.81008e-11 2.7471e-09 0.000128937)
(1.04115e-09 2.57647e-09 0.000135781)
(2.59534e-10 1.86753e-09 0.000135781)
(2.84609e-10 2.13613e-09 0.000128937)
(4.52992e-10 6.30635e-09 0.000112348)
(-2.2212e-10 -4.20098e-09 8.16249e-05)
(-1.57412e-09 -1.3427e-10 3.44745e-05)
(-6.01751e-10 -3.32531e-09 2.10746e-05)
(-5.14209e-09 -1.52379e-09 5.33131e-05)
(-3.84127e-09 5.83564e-09 7.85699e-05)
(1.57318e-10 -9.44556e-10 9.57188e-05)
(-7.60609e-10 7.19593e-10 0.000104216)
(5.08554e-10 8.74935e-10 0.000104217)
(-2.36955e-09 -6.52683e-10 9.57186e-05)
(-4.58172e-10 5.94024e-09 7.85693e-05)
(1.02151e-09 1.20682e-09 5.33122e-05)
(-5.48473e-10 -1.49614e-09 2.10735e-05)
(-2.52096e-09 -2.05547e-09 7.96036e-06)
(-9.18383e-10 2.01991e-09 1.99927e-05)
(2.67699e-09 2.31353e-09 3.20548e-05)
(1.54124e-09 -1.77536e-09 4.12625e-05)
(-1.03954e-09 -2.90386e-10 4.61617e-05)
(1.77681e-09 -1.29338e-10 4.61617e-05)
(-1.59372e-09 -1.20592e-09 4.12621e-05)
(-1.86866e-09 1.4271e-09 3.20545e-05)
(1.43359e-09 7.76594e-10 1.99924e-05)
(-2.49554e-10 -6.01203e-11 7.96009e-06)
(-1.50772e-08 1.13864e-08 7.9602e-06)
(-4.23854e-09 -2.39601e-09 1.99921e-05)
(-3.2601e-09 3.45105e-09 3.20544e-05)
(-5.01919e-09 2.03708e-09 4.12622e-05)
(-5.24319e-11 5.68188e-11 4.61619e-05)
(-3.60931e-11 -8.08816e-11 4.61618e-05)
(4.37371e-09 1.93792e-09 4.12623e-05)
(-1.27009e-10 2.95528e-09 3.20542e-05)
(-4.10536e-09 -6.01592e-09 1.99921e-05)
(5.09902e-09 3.69845e-09 7.96035e-06)
(-1.05154e-08 1.54456e-08 2.10743e-05)
(-1.2583e-08 3.65617e-09 5.33122e-05)
(-1.27888e-08 2.30975e-09 7.85691e-05)
(-4.56718e-09 -1.15602e-09 9.57185e-05)
(-1.8438e-09 -3.80732e-09 0.000104217)
(2.38409e-09 -3.33393e-09 0.000104217)
(4.11381e-09 1.26925e-09 9.57184e-05)
(1.05621e-08 5.40522e-09 7.8569e-05)
(4.97816e-09 3.2347e-10 5.33121e-05)
(6.3543e-11 3.38194e-09 2.10746e-05)
(-3.30302e-09 1.20219e-08 3.44751e-05)
(-3.17031e-09 8.08496e-09 8.16254e-05)
(-1.88998e-09 -2.41657e-09 0.000112349)
(1.09636e-09 -5.42683e-09 0.000128937)
(-5.0846e-10 -4.7721e-09 0.000135781)
(-9.17398e-10 -3.4243e-09 0.000135781)
(-2.51116e-09 -2.16807e-09 0.000128936)
(1.16696e-09 1.2496e-09 0.000112347)
(3.20234e-09 6.1644e-09 8.16254e-05)
(1.17614e-09 3.21439e-09 3.44754e-05)
(-1.27612e-09 6.88427e-09 4.49615e-05)
(3.16568e-09 3.54228e-09 0.000100996)
(3.95004e-09 -7.49812e-10 0.000130793)
(1.885e-09 -2.66182e-09 0.000142989)
(5.61253e-10 -1.30846e-09 0.000146868)
(-1.93214e-09 -8.04902e-11 0.000146868)
(-2.54678e-09 -9.16438e-10 0.000142989)
(-3.21213e-09 -1.00294e-09 0.000130793)
(-8.968e-10 -9.638e-11 0.000100997)
(2.37919e-09 3.12012e-09 4.49619e-05)
(-7.88719e-12 3.26711e-09 5.06806e-05)
(3.39604e-09 9.52788e-10 0.000110384)
(3.10921e-09 2.21991e-10 0.000138063)
(1.32654e-09 -1.19234e-09 0.000147257)
(1.08914e-09 -3.0803e-11 0.000149555)
(-8.58704e-10 7.34241e-10 0.000149555)
(-6.63506e-10 -4.40393e-10 0.000147257)
(-2.04567e-09 -5.31391e-10 0.000138063)
(-2.91148e-09 -1.93663e-09 0.000110385)
(-1.0751e-10 1.36909e-09 5.06808e-05)
(-2.99629e-10 1.1253e-09 5.06807e-05)
(3.45823e-09 -1.08227e-09 0.000110384)
(3.97963e-09 8.08917e-10 0.000138063)
(1.4944e-09 -4.91299e-10 0.000147257)
(1.18555e-09 2.60812e-10 0.000149555)
(-6.47123e-10 8.51328e-10 0.000149555)
(-9.18343e-12 5.14347e-11 0.000147257)
(-2.77688e-09 1.21232e-09 0.000138063)
(-2.46067e-09 -3.49649e-09 0.000110384)
(6.12936e-10 -6.73769e-10 5.06806e-05)
(-2.10327e-09 -1.22919e-09 4.49619e-05)
(2.36073e-09 -5.84187e-09 0.000100996)
(5.89459e-09 1.42704e-09 0.000130793)
(2.12887e-09 4.68937e-10 0.000142989)
(1.91208e-09 1.61641e-09 0.000146868)
(-8.89985e-10 1.58432e-09 0.000146868)
(-1.09424e-09 1.96581e-09 0.000142989)
(-5.19921e-09 1.81755e-09 0.000130793)
(-1.80515e-09 -8.05329e-09 0.000100996)
(2.48217e-09 -1.6187e-09 4.49615e-05)
(6.30732e-11 -9.09168e-10 3.44754e-05)
(-9.38129e-10 -1.1825e-08 8.16243e-05)
(1.93245e-09 1.88394e-09 0.000112348)
(1.1431e-09 3.00434e-09 0.000128937)
(7.72017e-10 4.29403e-09 0.000135781)
(9.60815e-10 4.64058e-09 0.000135781)
(1.95258e-10 5.57971e-09 0.000128937)
(4.3685e-11 3.82199e-09 0.000112348)
(2.14124e-09 -1.50376e-08 8.16244e-05)
(6.7941e-10 -6.17912e-09 3.44752e-05)
(1.12611e-09 -3.62049e-09 2.10743e-05)
(-7.50879e-09 -9.96718e-09 5.33119e-05)
(-9.27285e-09 -2.81566e-10 7.85696e-05)
(-4.17128e-09 2.84957e-10 9.57189e-05)
(-2.76825e-09 2.93909e-09 0.000104217)
(3.38269e-09 4.0248e-09 0.000104217)
(6.32764e-09 2.11133e-09 9.57189e-05)
(1.36055e-08 1.6916e-09 7.85695e-05)
(1.451e-08 -1.1152e-08 5.33118e-05)
(5.72988e-09 -1.0356e-08 2.10743e-05)
(-4.91147e-09 -4.96366e-09 7.96014e-06)
(-8.62204e-09 -4.6401e-09 1.99921e-05)
(-6.27562e-09 -1.44017e-09 3.20547e-05)
(-3.94515e-09 -2.36149e-09 4.12621e-05)
(-3.71954e-09 -2.43686e-10 4.61614e-05)
(9.24836e-10 1.12097e-10 4.61614e-05)
(1.86707e-09 -1.60103e-09 4.1262e-05)
(5.49853e-09 -1.36545e-09 3.20544e-05)
(9.1143e-09 -2.63033e-09 1.9992e-05)
(7.28929e-09 -5.61895e-09 7.96018e-06)
(-6.60721e-09 3.47444e-09 7.96068e-06)
(8.19595e-09 -9.34974e-09 1.99926e-05)
(7.99154e-09 1.73383e-11 3.20552e-05)
(2.33336e-10 1.36018e-09 4.12624e-05)
(1.63376e-09 -3.84595e-10 4.61617e-05)
(2.17039e-10 -2.31613e-10 4.61616e-05)
(1.71703e-09 2.68871e-09 4.12619e-05)
(-4.65069e-09 2.4578e-09 3.20548e-05)
(-7.60442e-09 -7.15693e-09 1.99921e-05)
(2.63811e-09 1.40145e-09 7.96005e-06)
(1.17883e-09 1.05835e-09 2.10747e-05)
(2.45823e-09 -9.02804e-09 5.33123e-05)
(-1.15579e-09 -4.27189e-10 7.85704e-05)
(1.88491e-10 2.37835e-09 9.57182e-05)
(-2.39503e-09 -1.05649e-09 0.000104217)
(-1.72865e-09 -8.22401e-10 0.000104217)
(-4.34902e-09 3.34281e-09 9.57183e-05)
(-1.98641e-09 3.07127e-10 7.85703e-05)
(-4.90576e-09 -8.6615e-09 5.33121e-05)
(-4.2527e-09 -2.89331e-09 2.10738e-05)
(1.74876e-09 1.73284e-09 3.44757e-05)
(-3.72856e-10 3.67486e-11 8.16248e-05)
(-1.65256e-09 -3.36987e-09 0.000112348)
(2.01222e-09 -1.95077e-09 0.000128937)
(3.30653e-10 -1.44176e-09 0.000135781)
(-1.40134e-10 -7.28029e-10 0.000135781)
(-1.29943e-09 -4.9048e-10 0.000128937)
(1.30295e-09 -4.43512e-09 0.000112348)
(1.71513e-09 -1.86675e-09 8.16246e-05)
(-1.01969e-09 -5.23562e-10 3.44745e-05)
(8.16711e-10 2.77194e-10 4.4962e-05)
(2.79056e-09 -2.89503e-10 0.000100996)
(2.37216e-09 -2.01866e-09 0.000130792)
(1.49431e-09 -2.04615e-09 0.000142989)
(1.07896e-09 4.78755e-10 0.000146868)
(-1.2474e-09 1.43754e-10 0.000146868)
(-1.78488e-09 -3.82712e-10 0.000142989)
(-2.74533e-09 -3.32101e-09 0.000130792)
(-2.39777e-09 -2.79567e-09 0.000100996)
(3.77164e-10 1.33243e-09 4.49611e-05)
(-5.97902e-10 1.59728e-09 5.06807e-05)
(1.47352e-09 -7.17675e-10 0.000110385)
(1.06967e-09 3.50352e-10 0.000138062)
(-7.62991e-10 -9.01935e-10 0.000147257)
(-3.9104e-10 1.33256e-09 0.000149555)
(-7.01981e-10 3.18885e-10 0.000149555)
(8.86396e-10 -7.47561e-12 0.000147257)
(-7.04492e-10 -1.34653e-09 0.000138062)
(-1.9998e-09 -3.53367e-09 0.000110385)
(-1.96192e-10 6.28704e-11 5.06802e-05)
(-1.06784e-09 3.70435e-10 5.06807e-05)
(1.7163e-09 -1.42703e-09 0.000110385)
(1.95834e-09 2.33766e-09 0.000138062)
(-7.33542e-10 -1.13963e-09 0.000147257)
(5.25963e-10 -1.11221e-10 0.000149555)
(-2.48447e-10 -7.60321e-11 0.000149555)
(1.39246e-09 -2.73923e-10 0.000147257)
(-1.34947e-09 1.83973e-09 0.000138062)
(-9.9658e-10 -2.9892e-09 0.000110385)
(1.2012e-09 5.69537e-10 5.06801e-05)
(-6.92861e-10 1.54121e-09 4.49617e-05)
(2.43429e-09 -4.62371e-09 0.000100996)
(4.99101e-09 4.34753e-09 0.000130793)
(1.07042e-09 8.8866e-10 0.000142989)
(1.02694e-09 4.89228e-10 0.000146868)
(-4.8541e-10 1.68746e-10 0.000146868)
(-4.45943e-10 1.19775e-09 0.000142989)
(-4.11622e-09 4.6666e-09 0.000130793)
(-2.99889e-09 -4.25093e-09 0.000100996)
(-3.63296e-10 1.92435e-09 4.49614e-05)
(7.59489e-10 -1.32815e-09 3.44752e-05)
(-2.34303e-09 -8.56928e-09 8.16244e-05)
(-1.3694e-09 5.98244e-09 0.000112348)
(-2.84952e-10 2.5968e-09 0.000128936)
(1.241e-10 8.39647e-10 0.000135781)
(-1.25162e-10 7.25447e-10 0.000135781)
(2.63387e-10 2.54636e-09 0.000128936)
(1.38148e-09 7.35207e-09 0.000112348)
(5.86701e-10 -4.59496e-09 8.16248e-05)
(-2.1687e-09 7.5108e-10 3.44757e-05)
(-3.37027e-10 -3.07002e-09 2.10738e-05)
(-4.52097e-09 -9.66476e-10 5.33109e-05)
(-1.9914e-09 5.42943e-09 7.85697e-05)
(1.98537e-09 -1.08045e-09 9.57181e-05)
(-9.85143e-10 -5.52351e-10 0.000104216)
(5.90988e-10 -4.31886e-10 0.000104216)
(-2.80211e-09 -9.01786e-10 9.57182e-05)
(-3.03458e-11 6.67236e-09 7.85701e-05)
(4.76635e-10 2.38682e-09 5.33119e-05)
(-2.06674e-09 -3.84643e-10 2.10745e-05)
(-2.25579e-09 -1.78664e-09 7.96008e-06)
(1.6416e-09 3.07606e-09 1.99918e-05)
(4.61707e-09 2.3127e-09 3.20545e-05)
(3.10146e-09 -1.57759e-09 4.12617e-05)
(-8.22626e-10 -3.1297e-10 4.61613e-05)
(9.6918e-10 -4.63894e-10 4.61612e-05)
(-2.84412e-09 -1.75892e-09 4.1262e-05)
(-5.13486e-09 2.47953e-09 3.2055e-05)
(-1.09839e-09 2.46198e-09 1.99925e-05)
(2.20764e-09 -1.64753e-09 7.96031e-06)
(-1.31397e-08 9.21629e-09 7.96039e-06)
(-4.363e-09 -1.14136e-09 1.99929e-05)
(-5.42318e-09 5.20738e-09 3.20551e-05)
(-7.92e-09 1.1818e-09 4.12625e-05)
(1.87462e-10 -1.41967e-10 4.61614e-05)
(-6.73019e-10 -4.44381e-10 4.61612e-05)
(8.0969e-09 1.95303e-09 4.12617e-05)
(2.96099e-09 4.60656e-09 3.20547e-05)
(-2.49966e-09 -4.86907e-09 1.99924e-05)
(8.12696e-09 6.09874e-09 7.96032e-06)
(-1.06743e-08 1.35781e-08 2.10744e-05)
(-1.05151e-08 3.46027e-09 5.33123e-05)
(-1.50208e-08 9.09719e-09 7.857e-05)
(-7.79785e-09 -3.10451e-09 9.5719e-05)
(-1.92295e-09 -5.34184e-09 0.000104217)
(2.75015e-09 -5.39283e-09 0.000104216)
(9.06118e-09 -1.4763e-09 9.57184e-05)
(1.63535e-08 1.06585e-08 7.85695e-05)
(8.98368e-09 2.36963e-09 5.33122e-05)
(6.34231e-09 9.59441e-09 2.10742e-05)
(-3.25881e-09 1.04422e-08 3.4475e-05)
(-1.2239e-09 5.56982e-09 8.16241e-05)
(-2.50462e-09 8.26989e-09 0.000112347)
(1.82011e-09 -7.06474e-09 0.000128937)
(7.67009e-11 -6.58791e-09 0.000135781)
(-6.41816e-10 -6.26943e-09 0.000135781)
(-1.7409e-09 -6.2344e-09 0.000128937)
(3.40682e-09 9.75628e-09 0.000112347)
(1.92142e-10 5.60172e-09 8.16249e-05)
(2.52672e-10 6.27506e-09 3.44749e-05)
(-2.50806e-10 5.66705e-09 4.49615e-05)
(2.84307e-09 1.58931e-09 0.000100996)
(4.11292e-09 5.47674e-09 0.000130792)
(4.66594e-09 -3.03451e-09 0.000142989)
(1.07944e-09 -1.79508e-09 0.000146868)
(-1.09662e-09 -1.88883e-09 0.000146868)
(-4.42882e-09 -2.44698e-09 0.000142989)
(-3.91671e-09 5.69693e-09 0.000130793)
(-2.09345e-09 1.14698e-11 0.000100996)
(5.58714e-10 1.41322e-09 4.49614e-05)
(1.21159e-09 2.70441e-09 5.06802e-05)
(2.13935e-09 -1.00866e-10 0.000110384)
(2.38776e-09 2.09029e-09 0.000138062)
(2.88815e-09 -5.68137e-10 0.000147257)
(6.69884e-10 3.83449e-10 0.000149555)
(-7.26676e-11 1.40782e-10 0.000149555)
(-1.74344e-09 -2.98958e-10 0.000147257)
(-1.4985e-09 2.37075e-09 0.000138062)
(-1.50046e-09 -9.69324e-10 0.000110384)
(-8.96427e-10 1.93703e-10 5.06804e-05)
(7.27223e-10 7.61769e-10 5.06803e-05)
(2.00047e-09 3.65631e-10 0.000110384)
(2.23562e-09 1.11357e-09 0.000138062)
(1.88283e-09 2.70536e-10 0.000147256)
(8.41456e-10 8.49004e-10 0.000149554)
(-2.93967e-10 1.02726e-09 0.000149555)
(-1.49736e-09 -6.45869e-11 0.000147257)
(-2.30074e-09 1.97055e-09 0.000138062)
(-2.2714e-09 -2.01515e-09 0.000110384)
(-4.1651e-10 -3.33252e-09 5.06806e-05)
(-1.04474e-09 -7.69009e-10 4.49613e-05)
(2.1077e-09 6.45518e-10 0.000100995)
(4.34663e-09 -2.93783e-10 0.000130793)
(3.38189e-09 1.12375e-09 0.000142989)
(2.81431e-09 1.89109e-09 0.000146868)
(1.33715e-10 2.46695e-09 0.000146868)
(-1.50878e-09 9.75816e-10 0.000142989)
(-3.99416e-09 -7.04489e-10 0.000130794)
(-1.95452e-09 -3.79754e-09 0.000100996)
(2.41025e-09 -6.0224e-09 4.49615e-05)
(5.08408e-10 -7.68935e-10 3.44747e-05)
(2.6511e-09 -2.72745e-09 8.16243e-05)
(2.60118e-09 -3.10996e-10 0.000112348)
(2.70938e-09 1.9814e-09 0.000128937)
(2.99875e-09 4.36705e-09 0.000135781)
(2.29352e-09 5.10068e-09 0.000135781)
(1.00573e-09 4.6618e-09 0.000128937)
(3.16263e-10 5.34016e-10 0.000112349)
(1.5967e-09 -9.40103e-09 8.16252e-05)
(3.4781e-09 -9.94589e-09 3.44752e-05)
(-1.18259e-09 -3.97463e-09 2.10737e-05)
(-4.63252e-09 -4.8186e-09 5.33113e-05)
(-7.01405e-09 -1.58369e-09 7.85691e-05)
(-3.80858e-09 -3.81097e-10 9.57182e-05)
(-1.48537e-09 3.40295e-09 0.000104217)
(3.4839e-09 3.68618e-09 0.000104216)
(7.01082e-09 1.93003e-09 9.57189e-05)
(1.2903e-08 2.58839e-10 7.85706e-05)
(1.35821e-08 -7.45953e-09 5.33127e-05)
(8.3406e-09 -1.1707e-08 2.10743e-05)
(-5.78423e-09 -4.77758e-09 7.96032e-06)
(-6.34526e-09 -2.47082e-09 1.99922e-05)
(-4.74749e-09 -1.77006e-09 3.20545e-05)
(-3.40621e-09 -1.58163e-09 4.12621e-05)
(-2.76091e-09 2.00391e-11 4.61617e-05)
(6.16787e-10 6.4597e-11 4.61617e-05)
(1.72166e-09 -1.48014e-09 4.12623e-05)
(2.83869e-09 -1.16955e-09 3.20547e-05)
(6.35976e-09 -6.89658e-10 1.99928e-05)
(9.2536e-09 -6.98132e-09 7.9604e-06)
(-4.60177e-09 2.41058e-09 7.95999e-06)
(7.70643e-09 -8.86984e-09 1.9992e-05)
(6.51617e-09 -1.31671e-10 3.20537e-05)
(3.17967e-10 1.11916e-09 4.12617e-05)
(1.83618e-09 2.1642e-11 4.6161e-05)
(-5.33861e-10 2.20079e-10 4.61608e-05)
(1.31011e-09 2.47236e-09 4.12614e-05)
(-6.89365e-09 9.65575e-10 3.20534e-05)
(-9.80921e-09 -8.68755e-09 1.99919e-05)
(2.45481e-09 1.02586e-09 7.96031e-06)
(4.1396e-10 1.959e-09 2.10739e-05)
(1.21383e-09 -6.58678e-09 5.33118e-05)
(-1.62265e-09 -6.99158e-10 7.85679e-05)
(2.00931e-10 2.02823e-09 9.57179e-05)
(-1.43214e-09 -1.23333e-10 0.000104215)
(-1.30675e-09 1.31391e-10 0.000104215)
(-3.78787e-09 2.94827e-09 9.57169e-05)
(-1.62121e-09 3.36364e-10 7.85675e-05)
(-5.34558e-09 -9.99577e-09 5.33122e-05)
(-3.42354e-09 -2.57494e-09 2.1075e-05)
(2.2242e-09 9.60729e-10 3.44751e-05)
(-7.7804e-10 1.92244e-09 8.16255e-05)
(-2.80357e-09 -2.21325e-09 0.000112348)
(1.4583e-10 -1.77096e-09 0.000128936)
(-7.42779e-10 -1.14819e-09 0.00013578)
(-3.71484e-10 -6.18463e-10 0.00013578)
(-6.77109e-10 -9.3022e-10 0.000128936)
(2.7492e-09 -2.38115e-09 0.000112348)
(2.27427e-09 -2.32001e-09 8.16269e-05)
(-3.40331e-10 -1.8041e-10 3.44765e-05)
(4.70643e-11 -2.93094e-10 4.49618e-05)
(1.82103e-09 -5.73576e-10 0.000100996)
(2.06218e-09 -1.16379e-09 0.000130794)
(9.33366e-10 -1.75472e-09 0.000142988)
(6.58894e-10 -4.5148e-11 0.000146867)
(-1.15347e-09 5.63679e-10 0.000146868)
(-1.73877e-09 -9.23541e-10 0.000142988)
(-2.20338e-09 -2.37321e-09 0.000130795)
(-1.87201e-09 -2.66243e-09 0.000100997)
(4.8684e-10 9.88571e-10 4.49625e-05)
(-5.06785e-10 1.02615e-09 5.06808e-05)
(9.78571e-10 -1.31422e-09 0.000110385)
(1.25817e-09 1.29886e-10 0.000138064)
(-3.73718e-11 -7.68108e-10 0.000147256)
(1.59985e-10 1.1846e-09 0.000149555)
(-1.36084e-10 1.20366e-09 0.000149555)
(4.95728e-10 -3.7668e-10 0.000147257)
(-5.89093e-10 -4.33343e-10 0.000138063)
(-2.0599e-09 -2.72392e-09 0.000110385)
(-4.27254e-10 -4.82482e-11 5.06811e-05)
(-1.07374e-09 1.01282e-09 5.06811e-05)
(7.4571e-10 -2.69451e-09 0.000110384)
(1.90822e-09 1.38918e-09 0.000138063)
(2.35048e-10 -9.35168e-10 0.000147256)
(7.86495e-10 5.36863e-10 0.000149554)
(-9.02745e-11 6.02486e-10 0.000149555)
(9.56198e-10 -1.86476e-10 0.000147257)
(-1.2889e-09 2.2804e-09 0.000138063)
(-1.4232e-09 -2.11086e-09 0.000110385)
(8.15854e-10 3.14324e-11 5.06812e-05)
(-6.03832e-11 1.41452e-09 4.49616e-05)
(2.70953e-09 -5.37658e-09 0.000100995)
(3.91961e-09 3.37382e-09 0.000130793)
(5.17286e-10 1.26185e-09 0.000142989)
(8.54828e-10 1.24326e-09 0.000146868)
(-9.50463e-10 1.07246e-09 0.000146868)
(-1.80755e-10 7.16665e-10 0.000142989)
(-3.33125e-09 3.90892e-09 0.000130794)
(-2.72916e-09 -3.96892e-09 0.000100995)
(5.51568e-11 1.22168e-09 4.49618e-05)
(8.08181e-11 -3.33736e-09 3.44749e-05)
(-2.48035e-09 -9.39409e-09 8.1625e-05)
(-2.18909e-09 5.53613e-09 0.000112349)
(-8.66894e-10 3.03766e-09 0.000128937)
(1.69562e-10 1.76164e-09 0.000135781)
(2.24594e-11 1.08361e-09 0.000135781)
(8.23344e-10 1.91478e-09 0.000128937)
(1.07921e-09 7.9456e-09 0.000112349)
(5.54399e-10 -4.0317e-09 8.16245e-05)
(-1.99919e-09 6.07795e-10 3.44746e-05)
(-2.90233e-09 -5.56565e-09 2.10737e-05)
(-6.80838e-09 -2.26054e-09 5.33124e-05)
(-3.34794e-09 5.39962e-09 7.85696e-05)
(6.75402e-10 -9.74817e-11 9.57187e-05)
(-1.81266e-09 9.8351e-11 0.000104217)
(-1.61497e-10 -5.63457e-10 0.000104217)
(-3.63542e-09 -1.35302e-09 9.5719e-05)
(-2.40833e-09 8.16297e-09 7.85696e-05)
(-1.06686e-09 4.05487e-09 5.33119e-05)
(-2.15392e-09 -4.49247e-11 2.10737e-05)
(-3.52615e-09 -2.73312e-09 7.96029e-06)
(-1.68131e-10 2.99125e-09 1.99925e-05)
(2.16347e-09 2.06671e-09 3.20549e-05)
(1.5546e-09 -1.16917e-09 4.12625e-05)
(-1.54946e-09 -3.53693e-10 4.61617e-05)
(2.61676e-10 -4.9779e-10 4.61617e-05)
(-4.29951e-09 -1.85343e-09 4.12622e-05)
(-6.59247e-09 3.28106e-09 3.20545e-05)
(-1.28674e-09 3.39894e-09 1.99923e-05)
(2.54948e-09 -1.61817e-09 7.96009e-06)
(-1.26808e-08 9.50423e-09 7.96054e-06)
(-1.39534e-09 -3.55752e-09 1.99925e-05)
(-2.55024e-09 3.65471e-09 3.20545e-05)
(-5.58966e-09 1.5133e-09 4.12623e-05)
(8.3356e-11 -8.48657e-10 4.6162e-05)
(-1.17456e-10 1.33122e-10 4.61621e-05)
(3.4459e-09 2.25644e-09 4.12628e-05)
(-1.77363e-09 2.78258e-09 3.20547e-05)
(-4.34059e-09 -6.08759e-09 1.99924e-05)
(6.6122e-09 4.84021e-09 7.96013e-06)
(-8.58793e-09 1.24687e-08 2.10743e-05)
(-1.01798e-08 1.49708e-09 5.33119e-05)
(-1.17747e-08 3.26422e-09 7.85691e-05)
(-4.2737e-09 -5.00365e-10 9.57187e-05)
(-1.23723e-09 -4.7789e-09 0.000104217)
(2.54829e-09 -2.6414e-09 0.000104217)
(3.04137e-09 1.44614e-09 9.57186e-05)
(8.78625e-09 4.39162e-09 7.85693e-05)
(2.6507e-09 -1.16266e-09 5.33119e-05)
(-2.18234e-09 1.992e-09 2.10739e-05)
(-2.26102e-09 9.62398e-09 3.44754e-05)
(-1.96005e-09 5.26835e-09 8.16253e-05)
(-1.55805e-09 -1.88018e-09 0.000112348)
(1.1413e-09 -4.22506e-09 0.000128937)
(-3.85392e-10 -4.64422e-09 0.000135781)
(-1.17469e-09 -3.13949e-09 0.000135781)
(-3.41394e-09 -1.93977e-09 0.000128936)
(1.90454e-10 4.21197e-10 0.000112348)
(1.9732e-09 4.74586e-09 8.16247e-05)
(-7.0815e-11 1.93788e-09 3.44749e-05)
(-4.14466e-10 4.58783e-09 4.49621e-05)
(3.7085e-09 1.50103e-09 0.000100997)
(3.59106e-09 -9.62611e-10 0.000130793)
(1.40463e-09 -2.49352e-09 0.000142989)
(1.89834e-10 -9.48289e-10 0.000146868)
(-2.66177e-09 1.55423e-10 0.000146868)
(-3.09391e-09 -4.91061e-10 0.000142989)
(-3.58797e-09 -9.52925e-10 0.000130793)
(-1.58453e-09 -5.92503e-10 0.000100996)
(1.96591e-09 2.51964e-09 4.49613e-05)
(1.33021e-10 2.26402e-09 5.06809e-05)
(3.1715e-09 -7.01146e-10 0.000110385)
(2.62115e-09 5.55245e-11 0.000138063)
(6.50176e-10 -1.11346e-09 0.000147257)
(-4.73192e-11 3.26743e-10 0.000149555)
(-1.74095e-09 9.12305e-10 0.000149555)
(-1.27962e-09 -3.95861e-10 0.000147257)
(-1.46647e-09 -9.1559e-10 0.000138063)
(-1.83403e-09 -2.12739e-09 0.000110384)
(1.6593e-11 1.07881e-09 5.06804e-05)
(-1.5192e-11 3.34833e-10 5.06812e-05)
(2.84187e-09 -2.14816e-09 0.000110385)
(2.63782e-09 7.21679e-10 0.000138063)
(2.59836e-10 -7.45636e-10 0.000147257)
(6.58283e-10 7.58467e-10 0.000149555)
(-1.14492e-09 1.14033e-09 0.000149555)
(-6.22057e-10 -4.40343e-10 0.000147257)
(-2.39519e-09 1.90261e-11 0.000138062)
(-2.12073e-09 -3.34261e-09 0.000110384)
(6.14996e-10 -4.94775e-10 5.06803e-05)
(-2.03306e-09 -1.08333e-09 4.49621e-05)
(2.27262e-09 -4.85529e-09 0.000100996)
(5.48783e-09 2.02955e-09 0.000130794)
(1.64206e-09 3.51183e-10 0.000142989)
(1.69804e-09 1.31527e-09 0.000146868)
(-7.82131e-10 1.81383e-09 0.000146868)
(-5.97423e-10 6.04885e-10 0.000142989)
(-5.43175e-09 5.18374e-10 0.000130792)
(-2.73919e-09 -7.27498e-09 0.000100995)
(1.98968e-09 -1.78918e-10 4.49614e-05)
(4.16331e-10 -9.70081e-10 3.44756e-05)
(-1.20054e-11 -9.53581e-09 8.16249e-05)
(2.65303e-09 2.30819e-09 0.000112348)
(2.22775e-09 2.44047e-09 0.000128937)
(1.52789e-09 3.76743e-09 0.000135781)
(7.83989e-10 5.13048e-09 0.000135782)
(5.67405e-13 4.80575e-09 0.000128937)
(-1.13672e-09 3.32216e-09 0.000112348)
(5.79838e-10 -1.5073e-08 8.16234e-05)
(-3.7558e-11 -4.7854e-09 3.44745e-05)
(2.09704e-10 -4.19759e-09 2.10749e-05)
(-8.41272e-09 -8.55686e-09 5.33122e-05)
(-1.06594e-08 -5.79534e-10 7.85695e-05)
(-4.90999e-09 2.08137e-10 9.57188e-05)
(-2.94968e-09 2.82332e-09 0.000104217)
(3.59181e-09 3.75981e-09 0.000104217)
(6.40482e-09 2.03013e-09 9.57196e-05)
(1.48176e-08 1.38667e-09 7.85704e-05)
(1.45506e-08 -1.15252e-08 5.33117e-05)
(5.37726e-09 -1.11568e-08 2.10738e-05)
(-2.61395e-09 -3.04343e-09 7.96074e-06)
(-6.66573e-09 -3.26512e-09 1.99931e-05)
(-5.69048e-09 -1.7767e-09 3.2055e-05)
(-2.99832e-09 -1.62937e-09 4.12625e-05)
(-2.49779e-09 -4.48548e-10 4.61617e-05)
(1.71915e-09 -4.02423e-10 4.61619e-05)
(1.81926e-09 -1.50059e-09 4.12626e-05)
(5.40134e-09 -7.24603e-10 3.20552e-05)
(1.01142e-08 -2.66866e-09 1.99925e-05)
(1.00466e-08 -8.06411e-09 7.96024e-06)
(-2.9826e-09 1.8119e-09 7.96079e-06)
(1.00836e-08 -9.7546e-09 1.99928e-05)
(7.0519e-09 5.79789e-10 3.20552e-05)
(7.93956e-10 6.05672e-10 4.12622e-05)
(2.77585e-09 -5.34172e-10 4.61621e-05)
(1.90468e-09 -5.35286e-10 4.61624e-05)
(3.97216e-09 3.34388e-09 4.12628e-05)
(-2.63183e-09 3.14094e-09 3.20555e-05)
(-5.74246e-09 -6.04603e-09 1.99928e-05)
(3.59191e-09 2.05761e-09 7.96049e-06)
(1.43408e-09 8.28337e-10 2.10746e-05)
(2.27263e-09 -8.7378e-09 5.33128e-05)
(-8.44641e-10 1.71206e-10 7.8571e-05)
(2.20046e-09 8.03789e-10 9.57191e-05)
(-5.32526e-10 -1.59204e-09 0.000104217)
(-5.31091e-10 -7.70443e-10 0.000104218)
(-3.15734e-09 3.40067e-09 9.57192e-05)
(5.23022e-10 2.35839e-09 7.85707e-05)
(-1.85027e-09 -5.45692e-09 5.3312e-05)
(-2.5126e-09 -9.60837e-10 2.1074e-05)
(1.99434e-09 1.24093e-09 3.44755e-05)
(4.46154e-10 -6.3017e-10 8.16251e-05)
(-6.96424e-10 -3.22181e-09 0.000112349)
(2.54356e-09 -2.50431e-09 0.000128938)
(4.84854e-10 -1.2371e-09 0.000135782)
(-1.1136e-09 -4.32192e-10 0.000135782)
(-1.68071e-09 -6.95664e-10 0.000128937)
(2.8034e-09 -2.58991e-09 0.000112348)
(3.82553e-09 1.10559e-09 8.16244e-05)
(6.03237e-10 1.33433e-09 3.44747e-05)
(9.73529e-10 -5.77304e-10 4.49617e-05)
(3.433e-09 -1.76242e-09 0.000100996)
(2.74228e-09 -2.04852e-09 0.000130792)
(8.98448e-10 -1.81394e-09 0.00014299)
(-1.51719e-10 1.29887e-10 0.000146868)
(-1.65205e-09 4.71524e-10 0.000146868)
(-2.04829e-09 -7.73261e-10 0.000142989)
(-3.07287e-09 -1.47568e-09 0.000130792)
(-2.45358e-09 -6.27191e-10 0.000100996)
(3.77221e-10 2.54809e-09 4.49614e-05)
(-3.86729e-10 8.99475e-10 5.06806e-05)
(1.24388e-09 -1.85698e-09 0.000110385)
(6.49103e-10 -2.44689e-10 0.000138062)
(-1.17012e-09 -9.32024e-10 0.000147257)
(-6.7487e-10 4.68257e-10 0.000149555)
(-1.23335e-09 1.06747e-09 0.000149555)
(-5.20504e-10 -2.96053e-10 0.000147257)
(-1.98453e-09 3.8498e-10 0.000138062)
(-2.53569e-09 -1.90666e-09 0.000110385)
(-1.26576e-10 4.87476e-10 5.06804e-05)
(-6.55484e-10 1.97889e-10 5.06807e-05)
(1.73061e-09 -2.36277e-09 0.000110385)
(2.27553e-09 1.44819e-09 0.000138062)
(-3.31164e-10 -9.09864e-10 0.000147257)
(-3.12345e-10 2.83451e-10 0.000149555)
(-1.23384e-09 3.81139e-10 0.000149555)
(1.99817e-10 -1.84658e-10 0.000147257)
(-1.71998e-09 1.85701e-09 0.000138062)
(-1.1965e-09 -2.48172e-09 0.000110385)
(7.55614e-10 -7.71997e-11 5.068e-05)
(-4.35632e-10 8.16967e-10 4.49623e-05)
(2.86304e-09 -5.32045e-09 0.000100997)
(4.48374e-09 4.0193e-09 0.000130793)
(4.37069e-10 8.63636e-10 0.000142989)
(9.04658e-10 9.13421e-10 0.000146868)
(-9.68629e-10 3.18729e-10 0.000146868)
(-2.35762e-10 9.6298e-10 0.000142989)
(-4.03041e-09 3.50848e-09 0.000130793)
(-3.16552e-09 -5.00258e-09 0.000100996)
(1.13247e-10 8.50959e-10 4.49616e-05)
(6.72499e-10 -2.12904e-09 3.44756e-05)
(-2.23519e-09 -9.28097e-09 8.16244e-05)
(-1.65753e-09 6.04043e-09 0.000112348)
(-5.89784e-10 2.72988e-09 0.000128936)
(9.95172e-11 1.41542e-09 0.000135781)
(-1.28684e-11 9.14817e-10 0.000135781)
(2.13052e-10 2.65761e-09 0.000128937)
(4.99668e-10 6.85046e-09 0.000112349)
(3.95234e-12 -6.22396e-09 8.16249e-05)
(-2.0908e-09 -1.36669e-12 3.44753e-05)
(-1.51449e-09 -4.57899e-09 2.10747e-05)
(-4.49722e-09 -5.73502e-10 5.33115e-05)
(-1.28882e-09 6.67852e-09 7.85697e-05)
(2.02611e-09 5.39903e-11 9.57183e-05)
(-1.39521e-09 -1.20777e-10 0.000104216)
(3.35511e-10 1.56817e-10 0.000104216)
(-2.54585e-09 -2.10764e-10 9.5718e-05)
(-1.658e-10 6.60582e-09 7.85699e-05)
(1.54357e-09 1.59462e-10 5.33117e-05)
(-2.21851e-10 -2.67385e-09 2.10744e-05)
(-2.43695e-09 -2.12579e-09 7.96054e-06)
(-3.30599e-10 3.23461e-09 1.99927e-05)
(3.12509e-09 2.93266e-09 3.20546e-05)
(2.97823e-09 -8.57751e-10 4.12616e-05)
(-6.10498e-10 -5.35466e-10 4.61608e-05)
(1.56543e-09 -2.30756e-10 4.6161e-05)
(-1.92717e-09 -1.25374e-09 4.12614e-05)
(-2.92459e-09 2.12514e-09 3.20542e-05)
(1.13754e-09 1.55037e-09 1.99919e-05)
(2.73327e-09 -2.25825e-09 7.96024e-06)
(-1.12276e-08 7.08133e-09 7.96031e-06)
(-2.72306e-09 -2.80168e-09 1.99921e-05)
(-4.7526e-09 4.94341e-09 3.20544e-05)
(-7.82912e-09 1.41177e-09 4.12621e-05)
(6.18014e-10 -4.94773e-10 4.61616e-05)
(3.31986e-10 -1.56267e-10 4.61616e-05)
(8.32238e-09 2.89615e-09 4.12622e-05)
(3.22041e-09 5.33161e-09 3.20548e-05)
(-1.74036e-09 -4.87773e-09 1.99928e-05)
(8.59182e-09 5.88452e-09 7.96055e-06)
(-9.55471e-09 1.3345e-08 2.10741e-05)
(-9.74902e-09 3.11523e-09 5.33127e-05)
(-1.52252e-08 8.75856e-09 7.857e-05)
(-7.90399e-09 -3.48859e-09 9.57191e-05)
(-1.70598e-09 -5.68355e-09 0.000104217)
(2.45066e-09 -4.75244e-09 0.000104217)
(8.54224e-09 2.57142e-10 9.5719e-05)
(1.49433e-08 1.1408e-08 7.85698e-05)
(6.96487e-09 1.62942e-09 5.33128e-05)
(5.07366e-09 7.71228e-09 2.10749e-05)
(-3.03352e-09 1.16503e-08 3.44753e-05)
(-2.38059e-09 6.38938e-09 8.16248e-05)
(-3.83368e-09 7.20222e-09 0.000112348)
(1.28984e-09 -8.26206e-09 0.000128937)
(-6.54667e-10 -6.57622e-09 0.000135781)
(-1.06012e-09 -6.05793e-09 0.000135781)
(-2.26079e-09 -4.67553e-09 0.000128937)
(2.67742e-09 1.05215e-08 0.000112348)
(-2.94767e-10 5.51381e-09 8.16252e-05)
(-3.21075e-10 4.19828e-09 3.44755e-05)
(-6.77364e-10 5.75692e-09 4.49617e-05)
(1.67791e-09 2.76868e-09 0.000100996)
(3.15422e-09 5.10315e-09 0.000130793)
(3.62458e-09 -4.24543e-09 0.000142989)
(1.17622e-10 -2.20569e-09 0.000146868)
(-1.60961e-09 -2.27229e-09 0.000146869)
(-5.25387e-09 -1.72045e-09 0.000142989)
(-4.07999e-09 6.15613e-09 0.000130793)
(-1.75345e-09 -1.67513e-10 0.000100996)
(2.11184e-10 3.07222e-10 4.49618e-05)
(1.39831e-09 2.20753e-09 5.06804e-05)
(2.10093e-09 1.41052e-09 0.000110385)
(1.75574e-09 1.97392e-09 0.000138062)
(2.02386e-09 -1.65302e-09 0.000147257)
(1.44204e-10 -1.70024e-10 0.000149555)
(-6.41193e-10 -2.71417e-10 0.000149555)
(-2.98727e-09 -5.8822e-10 0.000147257)
(-2.15068e-09 1.27272e-09 0.000138063)
(-1.61778e-09 -1.13611e-09 0.000110385)
(-1.24823e-09 -3.40292e-10 5.06807e-05)
(1.11328e-09 -2.71344e-10 5.06806e-05)
(2.36789e-09 1.46691e-09 0.000110385)
(2.01866e-09 8.25305e-10 0.000138063)
(1.46296e-09 -1.11835e-09 0.000147257)
(1.23256e-10 4.93569e-10 0.000149555)
(-6.40037e-10 1.11499e-09 0.000149555)
(-1.7316e-09 -5.55921e-12 0.000147257)
(-2.0062e-09 7.35402e-11 0.000138062)
(-2.31324e-09 -6.90696e-10 0.000110385)
(-9.06764e-10 -3.21283e-09 5.06806e-05)
(-1.78064e-09 -2.05841e-09 4.4962e-05)
(2.8576e-09 1.87914e-09 0.000100996)
(5.10403e-09 -5.08664e-11 0.000130793)
(2.62602e-09 -1.95499e-10 0.000142989)
(1.89159e-09 1.36093e-09 0.000146868)
(-6.63269e-10 2.49662e-09 0.000146868)
(-2.15391e-09 1.18959e-09 0.000142988)
(-5.13553e-09 -1.0526e-09 0.000130793)
(-3.4622e-09 -1.76971e-09 0.000100996)
(2.21395e-09 -5.99473e-09 4.49616e-05)
(2.97217e-10 -1.64681e-09 3.44751e-05)
(4.15765e-09 -2.55325e-09 8.16247e-05)
(3.90456e-09 -1.05248e-10 0.000112348)
(2.49598e-09 1.32291e-09 0.000128936)
(2.39145e-09 3.74845e-09 0.00013578)
(1.81207e-09 4.62186e-09 0.00013578)
(1.21297e-09 5.34454e-09 0.000128936)
(-5.64587e-10 1.16901e-09 0.000112348)
(7.30499e-10 -8.17461e-09 8.16243e-05)
(4.42473e-09 -1.04714e-08 3.44748e-05)
(-2.48213e-09 -6.34341e-09 2.10739e-05)
(-5.31335e-09 -5.52886e-09 5.33114e-05)
(-6.58534e-09 -7.37936e-10 7.85693e-05)
(-3.7369e-09 -3.85737e-10 9.57181e-05)
(-1.87234e-09 2.65432e-09 0.000104216)
(2.7572e-09 2.93859e-09 0.000104216)
(6.26146e-09 2.98866e-09 9.57185e-05)
(1.21979e-08 1.01507e-09 7.85695e-05)
(1.28364e-08 -6.62518e-09 5.33119e-05)
(8.44428e-09 -1.13188e-08 2.1074e-05)
(-6.70833e-09 -6.05136e-09 7.95996e-06)
(-7.89691e-09 -3.53949e-09 1.99918e-05)
(-4.85274e-09 -1.20235e-09 3.20543e-05)
(-4.25322e-09 -1.90472e-09 4.12618e-05)
(-3.57273e-09 -3.05138e-10 4.61608e-05)
(-6.41008e-10 -4.24035e-10 4.61608e-05)
(1.55598e-10 -7.8998e-10 4.12614e-05)
(2.73353e-09 -4.1651e-10 3.20542e-05)
(5.84993e-09 -6.20245e-10 1.9992e-05)
(5.99547e-09 -4.73065e-09 7.96018e-06)
(-3.18179e-09 -1.48137e-10 7.95996e-06)
(1.13157e-08 -1.17066e-08 1.9992e-05)
(9.16e-09 1.34271e-09 3.20537e-05)
(1.44005e-09 1.78365e-09 4.12617e-05)
(2.59114e-09 7.3308e-11 4.61609e-05)
(6.97692e-10 -4.33056e-10 4.61607e-05)
(2.21962e-09 2.26615e-09 4.12614e-05)
(-4.56202e-09 1.16148e-09 3.20535e-05)
(-6.71729e-09 -6.786e-09 1.9992e-05)
(4.47263e-09 2.9729e-09 7.96012e-06)
(3.93669e-09 -2.3108e-09 2.10739e-05)
(4.95461e-09 -1.14587e-08 5.33118e-05)
(-1.17212e-09 1.79138e-09 7.8568e-05)
(8.44878e-10 3.34962e-09 9.57177e-05)
(-1.03744e-09 -5.69772e-10 0.000104216)
(-1.29217e-09 -1.67176e-09 0.000104216)
(-3.88424e-09 1.96179e-09 9.5717e-05)
(-8.41289e-10 1.02065e-09 7.85675e-05)
(-2.78532e-09 -6.009e-09 5.33118e-05)
(-2.40517e-09 -8.3735e-10 2.10744e-05)
(2.41386e-09 9.6781e-10 3.44749e-05)
(-6.44191e-10 -7.01502e-10 8.16251e-05)
(-3.42329e-09 -1.71477e-09 0.000112348)
(5.69107e-10 -9.51474e-10 0.000128936)
(-1.26235e-10 -1.17358e-09 0.00013578)
(-1.01145e-09 -1.7784e-09 0.000135781)
(-9.45861e-10 -1.79106e-09 0.000128936)
(2.89998e-09 -1.93433e-09 0.000112349)
(3.16302e-09 1.2268e-09 8.16263e-05)
(6.36651e-10 1.42389e-09 3.44759e-05)
(7.02979e-10 1.31853e-10 4.49616e-05)
(2.62452e-09 -5.96918e-10 0.000100996)
(2.50179e-09 -8.5484e-10 0.000130794)
(1.23275e-09 -1.48999e-09 0.000142989)
(3.57755e-10 -8.92212e-11 0.000146868)
(-1.22029e-09 -3.82559e-10 0.000146868)
(-1.7153e-09 -1.46994e-09 0.000142989)
(-2.10408e-09 -1.56605e-09 0.000130795)
(-1.40408e-09 -4.80709e-10 0.000100997)
(1.23849e-09 3.00821e-09 4.49625e-05)
(-2.22197e-10 1.48872e-09 5.06804e-05)
(6.73956e-10 -9.46472e-10 0.000110384)
(6.4342e-10 7.69322e-10 0.000138063)
(-5.52755e-10 -6.02569e-10 0.000147256)
(-1.18283e-10 9.14392e-10 0.000149555)
(-6.29611e-11 2.3778e-10 0.000149555)
(-2.03134e-10 -8.6604e-10 0.000147257)
(-1.37144e-09 -3.14487e-10 0.000138064)
(-1.86483e-09 -1.403e-09 0.000110385)
(2.33513e-10 1.50919e-09 5.06809e-05)
(-5.64608e-10 3.61258e-10 5.06803e-05)
(1.04083e-09 -1.63483e-09 0.000110384)
(1.62563e-09 2.18624e-09 0.000138063)
(-2.98763e-10 -9.36498e-10 0.000147256)
(3.42174e-10 6.10886e-10 0.000149555)
(-4.61038e-11 -6.54947e-12 0.000149555)
(4.76126e-10 -5.0856e-10 0.000147257)
(-1.74533e-09 1.30634e-09 0.000138064)
(-1.49476e-09 -1.95435e-09 0.000110385)
(7.59582e-10 9.52786e-10 5.06818e-05)
(-4.19304e-10 1.82823e-09 4.49616e-05)
(2.21681e-09 -3.36001e-09 0.000100996)
(3.94266e-09 3.96414e-09 0.000130793)
(4.34783e-10 1.06901e-09 0.000142989)
(6.59705e-10 9.47313e-10 0.000146868)
(-5.53507e-10 6.24317e-10 0.000146868)
(1.38159e-10 7.73705e-10 0.000142988)
(-3.46324e-09 2.97925e-09 0.000130793)
(-2.57606e-09 -4.35969e-09 0.000100996)
(3.0482e-10 1.64243e-09 4.4962e-05)
(1.47488e-09 -4.94549e-10 3.4475e-05)
(-1.15864e-09 -6.77737e-09 8.16258e-05)
(-1.35629e-09 5.17531e-09 0.000112349)
(3.0338e-10 2.72626e-09 0.000128936)
(8.15394e-10 6.62069e-10 0.00013578)
(5.67809e-10 1.08732e-09 0.00013578)
(1.53201e-09 2.52482e-09 0.000128936)
(1.45723e-09 6.55361e-09 0.000112348)
(2.26403e-10 -5.06211e-09 8.16246e-05)
(-2.17086e-09 3.92419e-10 3.44752e-05)
(-8.34729e-10 -3.38189e-09 2.10743e-05)
(-3.13143e-09 3.57584e-10 5.33131e-05)
(-1.42748e-09 6.15051e-09 7.85695e-05)
(1.0253e-09 -3.03304e-10 9.57178e-05)
(-1.51258e-09 -3.95119e-10 0.000104215)
(-8.01888e-10 -1.12233e-10 0.000104215)
(-3.87037e-09 -5.14849e-10 9.57177e-05)
(-5.54057e-10 5.97191e-09 7.85685e-05)
(8.26143e-10 1.20049e-09 5.33118e-05)
(-9.16429e-10 -2.27936e-09 2.1074e-05)
(-1.99472e-09 -1.90429e-09 7.96019e-06)
(1.2355e-09 3.22175e-09 1.99922e-05)
(5.36758e-09 3.7063e-09 3.20544e-05)
(3.76982e-09 -5.3448e-10 4.1262e-05)
(2.81146e-10 4.58081e-11 4.6161e-05)
(2.37284e-09 -3.70255e-10 4.61607e-05)
(-8.33857e-10 -1.90604e-09 4.12616e-05)
(-3.0355e-09 1.43839e-09 3.20539e-05)
(1.45287e-09 1.40833e-09 1.99921e-05)
(5.9927e-09 -4.57896e-09 7.96015e-06)
(-9.90557e-09 7.19547e-09 7.95989e-06)
(-3.78673e-09 -1.25149e-09 1.99922e-05)
(-4.25336e-09 4.24578e-09 3.20544e-05)
(-6.52583e-09 1.98972e-09 4.12617e-05)
(-8.1127e-10 -9.76395e-11 4.61612e-05)
(-8.85818e-10 2.32234e-10 4.61612e-05)
(3.55278e-09 2.73291e-09 4.12616e-05)
(-5.40315e-10 2.89499e-09 3.2054e-05)
(-4.13233e-09 -6.72531e-09 1.99919e-05)
(5.13768e-09 3.29538e-09 7.96008e-06)
(-1.23618e-08 1.54021e-08 2.10739e-05)
(-1.50768e-08 5.00538e-09 5.33116e-05)
(-1.40027e-08 2.48083e-09 7.85691e-05)
(-6.41379e-09 -7.51259e-10 9.57184e-05)
(-2.77037e-09 -3.68601e-09 0.000104216)
(2.48375e-09 -3.48481e-09 0.000104216)
(5.62847e-09 2.06721e-09 9.57177e-05)
(1.19935e-08 4.43487e-09 7.85688e-05)
(6.31851e-09 -1.04346e-09 5.33118e-05)
(9.69415e-10 3.58802e-09 2.10741e-05)
(-4.6063e-09 1.36345e-08 3.44745e-05)
(-3.37134e-09 7.48082e-09 8.16243e-05)
(-2.81302e-09 -2.18364e-09 0.000112348)
(-8.66171e-12 -4.79435e-09 0.000128936)
(-6.2139e-10 -4.69071e-09 0.00013578)
(-1.15844e-09 -4.69266e-09 0.000135781)
(-2.22506e-09 -2.9787e-09 0.000128936)
(1.05551e-09 -5.30004e-10 0.000112348)
(1.629e-09 5.21976e-09 8.16253e-05)
(2.12742e-10 3.36156e-09 3.44754e-05)
(-1.19924e-09 7.58562e-09 4.49607e-05)
(3.63037e-09 3.0661e-09 0.000100996)
(3.80227e-09 -4.09795e-10 0.000130793)
(1.49861e-09 -2.37259e-09 0.000142989)
(3.94828e-10 -1.55272e-09 0.000146868)
(-1.87737e-09 -8.70046e-10 0.000146868)
(-2.83204e-09 -1.74522e-09 0.000142989)
(-4.2609e-09 -1.22395e-09 0.000130793)
(-2.37546e-09 -1.25971e-10 0.000100997)
(1.50163e-09 2.26387e-09 4.49622e-05)
(4.04883e-10 3.18633e-09 5.06798e-05)
(3.52064e-09 7.49017e-10 0.000110384)
(2.84759e-09 1.03405e-09 0.000138063)
(8.86707e-10 -6.55127e-10 0.000147256)
(9.40322e-10 -8.31717e-11 0.000149554)
(-1.587e-10 7.39525e-11 0.000149554)
(-7.42734e-11 -8.8944e-10 0.000147256)
(-1.43034e-09 1.4681e-10 0.000138062)
(-2.47724e-09 -1.1909e-09 0.000110385)
(-6.98437e-11 1.32157e-09 5.06807e-05)
(-1.28658e-10 1.08368e-09 5.06798e-05)
(2.70864e-09 -1.1125e-09 0.000110384)
(2.90796e-09 1.74884e-09 0.000138063)
(3.68877e-10 -2.69826e-10 0.000147256)
(6.05372e-10 1.9893e-10 0.000149554)
(-4.75294e-10 -5.16632e-11 0.000149555)
(-2.38335e-10 -8.592e-10 0.000147257)
(-2.61759e-09 1.44019e-09 0.000138063)
(-1.72782e-09 -2.40932e-09 0.000110384)
(9.81857e-10 3.90223e-10 5.06809e-05)
(-1.61474e-09 -9.41387e-10 4.4961e-05)
(2.38301e-09 -4.47423e-09 0.000100995)
(5.43248e-09 2.3244e-09 0.000130793)
(2.01357e-09 1.05158e-10 0.000142988)
(1.75287e-09 4.10007e-10 0.000146868)
(-7.60041e-10 1.06377e-09 0.000146868)
(-1.2008e-09 5.01215e-10 0.000142989)
(-6.11624e-09 2.64856e-09 0.000130793)
(-2.9354e-09 -6.10916e-09 0.000100995)
(1.40672e-09 1.11886e-09 4.49615e-05)
(2.53384e-10 -1.29196e-09 3.44748e-05)
(2.31881e-10 -8.9969e-09 8.16245e-05)
(2.91769e-09 3.02443e-09 0.000112348)
(1.51797e-09 1.93003e-09 0.000128936)
(1.3159e-10 1.90551e-09 0.000135781)
(-2.64247e-10 3.41628e-09 0.000135781)
(-1.11639e-09 4.93343e-09 0.000128937)
(-1.9996e-09 5.61826e-09 0.000112349)
(-6.24728e-10 -1.20386e-08 8.16245e-05)
(-1.47151e-09 -2.20381e-09 3.44754e-05)
(5.22746e-10 -4.21824e-09 2.10741e-05)
(-6.44537e-09 -6.83569e-09 5.33119e-05)
(-7.76754e-09 6.6783e-10 7.85695e-05)
(-2.52373e-09 -3.44984e-10 9.57183e-05)
(-2.56936e-09 1.3119e-09 0.000104216)
(1.11776e-09 2.34317e-09 0.000104217)
(2.20292e-09 1.84479e-09 9.57188e-05)
(9.54164e-09 4.35819e-09 7.85704e-05)
(9.46317e-09 -7.41602e-09 5.33124e-05)
(2.10686e-09 -7.26598e-09 2.10745e-05)
(-7.07156e-09 -5.74392e-09 7.96033e-06)
(-7.96596e-09 -2.90032e-09 1.99921e-05)
(-4.56132e-09 -1.16569e-09 3.20543e-05)
(-2.39863e-09 -2.03431e-09 4.12619e-05)
(-3.12423e-09 -5.77019e-10 4.61612e-05)
(1.67445e-09 -3.00898e-10 4.61614e-05)
(5.92087e-10 -1.92137e-09 4.12623e-05)
(2.03107e-09 1.1275e-09 3.20551e-05)
(6.82378e-09 -1.07332e-09 1.99929e-05)
(6.66154e-09 -5.18986e-09 7.96052e-06)
(-1.08981e-09 6.40206e-10 7.96022e-06)
(1.06845e-08 -1.01002e-08 1.99924e-05)
(7.79818e-09 3.79956e-10 3.2055e-05)
(6.42777e-10 1.91006e-09 4.12619e-05)
(2.59857e-09 -3.27222e-10 4.61614e-05)
(5.0063e-11 4.19974e-10 4.61617e-05)
(7.72614e-10 2.52692e-09 4.1262e-05)
(-7.25658e-09 5.03648e-10 3.2055e-05)
(-8.28989e-09 -7.36368e-09 1.99923e-05)
(5.28545e-09 3.86892e-09 7.96013e-06)
(4.97284e-10 5.95251e-10 2.10744e-05)
(1.65084e-09 -9.6812e-09 5.33122e-05)
(-1.60996e-09 -1.03071e-10 7.85699e-05)
(4.77563e-10 2.72425e-09 9.57181e-05)
(-1.7372e-09 -5.34508e-10 0.000104216)
(-1.84286e-09 2.17316e-11 0.000104217)
(-4.78872e-09 2.70326e-09 9.57186e-05)
(-2.80863e-09 -4.18657e-10 7.85702e-05)
(-5.89034e-09 -9.52985e-09 5.33118e-05)
(-3.14072e-09 -1.41586e-09 2.10736e-05)
(2.06235e-09 8.01767e-10 3.44759e-05)
(-1.43948e-09 -1.01223e-09 8.1625e-05)
(-3.5784e-09 -3.35032e-09 0.000112348)
(3.06416e-10 -1.29716e-09 0.000128937)
(-4.40639e-10 -5.8996e-10 0.000135781)
(-7.25998e-10 -6.77805e-10 0.000135781)
(-1.14174e-09 -1.35937e-09 0.000128937)
(2.34258e-09 -3.54145e-09 0.000112347)
(1.87844e-09 -2.02674e-09 8.1624e-05)
(-4.2152e-10 -9.53507e-12 3.44745e-05)
(7.66029e-11 6.91446e-10 4.49619e-05)
(2.3047e-09 -1.12717e-09 0.000100997)
(2.20263e-09 -2.47591e-09 0.000130792)
(9.21504e-10 -1.46321e-09 0.000142989)
(9.59963e-10 3.53671e-10 0.000146868)
(-7.05129e-10 -2.14179e-10 0.000146868)
(-1.48203e-09 -1.18555e-09 0.000142989)
(-2.28796e-09 -3.19623e-09 0.000130791)
(-2.07915e-09 -2.16171e-09 0.000100995)
(4.35164e-10 2.51445e-09 4.49608e-05)
(-3.68758e-10 1.7238e-09 5.06802e-05)
(1.58884e-09 -1.10724e-09 0.000110385)
(8.22051e-10 -2.50628e-10 0.000138062)
(-4.85967e-10 -8.25069e-10 0.000147257)
(7.31419e-10 3.41956e-10 0.000149555)
(1.34434e-10 3.05799e-10 0.000149554)
(3.04607e-10 -1.16434e-10 0.000147257)
(-9.85937e-10 -1.29197e-09 0.000138061)
(-1.60172e-09 -2.6913e-09 0.000110384)
(-8.27318e-11 7.27907e-10 5.06798e-05)
(-9.47844e-10 3.85578e-10 5.06801e-05)
(1.36028e-09 -2.18092e-09 0.000110385)
(1.99629e-09 2.15852e-09 0.000138062)
(-5.19363e-10 -1.90259e-10 0.000147256)
(7.45135e-10 -2.41143e-10 0.000149554)
(-5.8987e-11 -1.47268e-10 0.000149555)
(-2.15697e-11 1.0411e-10 0.000147257)
(-2.12562e-09 2.46121e-10 0.000138061)
(-1.09334e-09 -2.16492e-09 0.000110384)
(1.01711e-09 5.97168e-10 5.06797e-05)
(-3.0544e-10 1.54264e-09 4.49613e-05)
(2.47694e-09 -5.11127e-09 0.000100996)
(3.95415e-09 4.74223e-09 0.000130792)
(1.33678e-10 1.68455e-09 0.000142989)
(5.20164e-10 6.26231e-10 0.000146868)
(-4.02928e-10 7.21949e-10 0.000146868)
(2.59423e-10 2.01927e-09 0.000142989)
(-4.43158e-09 2.40817e-09 0.000130792)
(-2.68547e-09 -5.39433e-09 0.000100995)
(6.9509e-10 1.63583e-09 4.4961e-05)
(9.30322e-10 -1.68409e-09 3.44749e-05)
(-2.23449e-09 -8.43937e-09 8.1624e-05)
(-2.21939e-09 7.39914e-09 0.000112348)
(-1.35488e-09 3.04313e-09 0.000128937)
(-1.91796e-10 5.36752e-10 0.000135781)
(-1.83625e-10 1.35874e-09 0.000135781)
(8.18474e-10 3.95327e-09 0.000128937)
(1.80763e-09 6.26671e-09 0.000112349)
(7.66958e-10 -7.00417e-09 8.16244e-05)
(-2.5202e-09 1.34404e-09 3.44751e-05)
(-8.15889e-10 -3.63949e-09 2.10738e-05)
(-4.7641e-09 1.47134e-10 5.33112e-05)
(-2.26026e-09 7.53101e-09 7.85702e-05)
(1.63373e-09 -3.57673e-10 9.57187e-05)
(-1.51155e-09 -1.26048e-09 0.000104216)
(-8.08569e-10 -3.59435e-10 0.000104217)
(-3.61096e-09 3.95195e-10 9.57186e-05)
(4.91842e-10 6.41197e-09 7.85704e-05)
(1.1019e-09 8.30036e-10 5.33118e-05)
(-2.54214e-09 -5.2649e-10 2.10747e-05)
(-2.96278e-09 -1.72415e-09 7.96013e-06)
(4.73151e-10 3.99584e-09 1.99923e-05)
(5.4628e-09 3.41622e-09 3.20546e-05)
(3.93393e-09 -1.05779e-09 4.12618e-05)
(-5.78893e-10 -8.06635e-10 4.61614e-05)
(2.00332e-10 -3.54871e-10 4.61617e-05)
(-3.01278e-09 -8.1695e-10 4.12623e-05)
(-2.97554e-09 2.20639e-09 3.20554e-05)
(-1.26216e-10 2.47946e-09 1.99929e-05)
(2.33539e-09 -1.81245e-09 7.96075e-06)
(-1.17734e-08 8.67973e-09 7.96039e-06)
(-4.175e-09 -1.26688e-09 1.99925e-05)
(-6.81846e-09 5.25083e-09 3.20548e-05)
(-8.75495e-09 1.16533e-09 4.12626e-05)
(2.48821e-10 -4.64761e-10 4.61618e-05)
(-8.49274e-10 3.55999e-10 4.61619e-05)
(7.28144e-09 2.48798e-09 4.12621e-05)
(1.79661e-09 3.48376e-09 3.20544e-05)
(-1.16343e-09 -5.5239e-09 1.99923e-05)
(1.3562e-08 1.01073e-08 7.96025e-06)
(-9.48917e-09 1.3319e-08 2.1074e-05)
(-8.36479e-09 2.57433e-09 5.33122e-05)
(-1.37396e-08 8.78552e-09 7.85701e-05)
(-7.24857e-09 -2.83725e-09 9.57191e-05)
(-1.578e-09 -5.49284e-09 0.000104216)
(2.52849e-09 -4.89325e-09 0.000104217)
(9.15747e-09 -8.27942e-10 9.5719e-05)
(1.59312e-08 9.3172e-09 7.85691e-05)
(7.91045e-09 1.20354e-09 5.33118e-05)
(7.15526e-09 1.09704e-08 2.10736e-05)
(-1.51876e-09 9.31788e-09 3.44749e-05)
(-6.49857e-11 4.55601e-09 8.16245e-05)
(-2.63385e-09 7.84199e-09 0.000112348)
(2.07192e-09 -6.4392e-09 0.000128937)
(2.74002e-10 -6.51387e-09 0.000135781)
(-3.66434e-10 -6.28175e-09 0.000135781)
(-1.85614e-09 -6.17754e-09 0.000128937)
(3.11131e-09 9.21859e-09 0.000112347)
(-2.10366e-10 5.5842e-09 8.16243e-05)
(-7.0845e-10 5.31877e-09 3.44749e-05)
(1.26811e-10 4.42328e-09 4.49618e-05)
(2.73842e-09 1.25943e-09 0.000100996)
(3.59022e-09 5.77653e-09 0.000130793)
(4.23465e-09 -2.48955e-09 0.000142989)
(6.17267e-10 -2.02807e-09 0.000146868)
(-3.25539e-10 -1.69774e-09 0.000146868)
(-3.85744e-09 -2.62801e-09 0.000142989)
(-3.54262e-09 5.45946e-09 0.000130793)
(-1.35268e-09 -2.65574e-10 0.000100996)
(3.94693e-10 1.10102e-09 4.49617e-05)
(1.26058e-09 1.64283e-09 5.06803e-05)
(2.30986e-09 3.1304e-10 0.000110384)
(2.18823e-09 2.5022e-09 0.000138062)
(2.39014e-09 -5.93453e-10 0.000147257)
(4.81183e-10 2.76424e-11 0.000149555)
(-7.9753e-11 -3.25973e-10 0.000149555)
(-2.28047e-09 -9.05832e-10 0.000147257)
(-1.55069e-09 1.77872e-09 0.000138062)
(-1.30296e-09 -1.08567e-09 0.000110384)
(-1.15165e-09 5.86608e-10 5.06802e-05)
(8.42998e-10 -1.83382e-10 5.06802e-05)
(2.19552e-09 1.31102e-09 0.000110384)
(1.91078e-09 2.01895e-09 0.000138062)
(1.52567e-09 -2.92844e-10 0.000147256)
(7.47041e-10 5.63228e-10 0.000149555)
(-2.92322e-10 4.35475e-10 0.000149555)
(-1.36214e-09 -4.88885e-10 0.000147257)
(-2.03638e-09 6.60886e-10 0.000138062)
(-2.14408e-09 -1.66274e-09 0.000110384)
(-4.78174e-10 -2.61942e-09 5.06804e-05)
(-1.56238e-09 -1.75047e-09 4.49615e-05)
(2.17663e-09 9.90873e-10 0.000100996)
(4.71054e-09 6.10798e-10 0.000130793)
(3.24193e-09 9.54084e-10 0.000142989)
(2.2383e-09 1.82162e-09 0.000146868)
(4.88567e-11 2.05172e-09 0.000146868)
(-9.82426e-10 1.46768e-09 0.000142988)
(-3.93267e-09 -4.47671e-10 0.000130792)
(-2.70174e-09 -3.41052e-09 0.000100996)
(1.69229e-09 -5.50528e-09 4.49615e-05)
(-6.65719e-11 -1.40947e-09 3.44751e-05)
(1.5666e-09 -3.33861e-09 8.16249e-05)
(1.84827e-09 -6.54623e-10 0.000112348)
(1.50937e-09 1.9501e-09 0.000128937)
(1.64033e-09 4.16192e-09 0.000135781)
(5.97722e-10 4.57585e-09 0.000135781)
(8.30719e-10 4.64826e-09 0.000128936)
(5.40065e-10 8.39523e-10 0.000112348)
(3.47819e-10 -9.22505e-09 8.16245e-05)
(3.23866e-09 -1.02911e-08 3.44746e-05)
(-2.42818e-11 -3.58277e-09 2.10739e-05)
(-4.04969e-09 -3.68666e-09 5.33117e-05)
(-7.64287e-09 -1.87093e-09 7.85696e-05)
(-4.32719e-09 -8.59854e-11 9.57184e-05)
(-1.23594e-09 2.9944e-09 0.000104216)
(3.67888e-09 2.86267e-09 0.000104216)
(6.97359e-09 9.19485e-10 9.57188e-05)
(1.29842e-08 -2.24185e-10 7.85691e-05)
(1.27131e-08 -7.20956e-09 5.33114e-05)
(8.62982e-09 -1.29484e-08 2.1074e-05)
(-8.20638e-09 -6.21192e-09 7.95986e-06)
(-7.54908e-09 -2.13561e-09 1.99921e-05)
(-5.57675e-09 -2.18939e-09 3.20543e-05)
(-3.51705e-09 -1.21768e-09 4.12618e-05)
(-2.15424e-09 -9.89625e-11 4.61615e-05)
(1.7562e-09 -2.78887e-10 4.61615e-05)
(3.14348e-09 -1.8328e-09 4.1262e-05)
(4.11928e-09 -9.69206e-10 3.20544e-05)
(9.00778e-09 -1.35656e-09 1.99922e-05)
(1.15001e-08 -8.44394e-09 7.96025e-06)
(-1.28261e-09 -2.97219e-10 7.96041e-06)
(8.77539e-09 -9.21703e-09 1.99922e-05)
(7.21768e-09 -1.10273e-10 3.2054e-05)
(2.63292e-10 1.08837e-09 4.12618e-05)
(2.56881e-09 -9.87697e-10 4.6161e-05)
(8.83446e-10 -7.52003e-11 4.61611e-05)
(2.04706e-09 3.26615e-09 4.12618e-05)
(-5.70703e-09 2.25943e-09 3.20538e-05)
(-1.05922e-08 -9.05949e-09 1.99924e-05)
(2.97174e-10 -5.56646e-10 7.96041e-06)
(2.01064e-10 1.50042e-09 2.1074e-05)
(2.58536e-09 -8.65041e-09 5.33125e-05)
(-3.64271e-10 -2.04939e-09 7.8569e-05)
(6.84944e-10 1.48107e-09 9.57183e-05)
(-9.25636e-10 -8.95469e-10 0.000104216)
(-1.84755e-09 -5.35888e-10 0.000104215)
(-4.20916e-09 3.30466e-09 9.57171e-05)
(-1.1263e-09 1.62622e-09 7.85674e-05)
(-3.7169e-09 -8.36321e-09 5.33125e-05)
(-3.06338e-09 -2.90496e-09 2.10749e-05)
(1.20617e-09 2.60143e-09 3.44751e-05)
(-7.45264e-10 -2.70801e-10 8.16258e-05)
(-2.34448e-09 -4.19705e-09 0.000112348)
(5.68811e-10 -1.85141e-09 0.000128936)
(-1.22752e-09 -4.34455e-10 0.000135781)
(-1.1059e-09 -8.82462e-10 0.00013578)
(-8.63293e-10 -1.23251e-09 0.000128936)
(2.6348e-09 -2.38664e-09 0.000112348)
(3.33052e-09 -5.69514e-10 8.1627e-05)
(6.0577e-10 9.61806e-10 3.44766e-05)
(8.98428e-11 8.15492e-10 4.49619e-05)
(1.88357e-09 -1.2216e-09 0.000100996)
(1.66382e-09 -1.97456e-09 0.000130794)
(6.86407e-10 -1.4925e-09 0.000142989)
(-1.8441e-10 3.30765e-10 0.000146868)
(-9.2176e-10 -1.25079e-10 0.000146868)
(-1.77342e-09 -1.08745e-09 0.000142989)
(-3.04362e-09 -1.78224e-09 0.000130795)
(-2.16168e-09 -2.6591e-09 0.000100998)
(4.73627e-10 1.47036e-09 4.49631e-05)
(-7.92333e-10 1.44972e-09 5.0681e-05)
(6.43621e-10 -1.68327e-09 0.000110384)
(8.59412e-10 -3.3473e-10 0.000138063)
(-4.64018e-10 -7.35453e-10 0.000147257)
(-1.08907e-10 1.04675e-09 0.000149555)
(3.73291e-10 3.34646e-10 0.000149555)
(2.4243e-10 -2.56715e-10 0.000147257)
(-1.44235e-09 1.35811e-11 0.000138064)
(-1.82568e-09 -3.26277e-09 0.000110385)
(-4.0902e-11 3.89273e-10 5.06814e-05)
(-7.93289e-10 5.36536e-11 5.06807e-05)
(1.37289e-09 -1.95637e-09 0.000110384)
(1.8762e-09 1.27599e-09 0.000138063)
(-6.8472e-10 -1.98434e-10 0.000147256)
(2.62619e-10 3.46168e-10 0.000149555)
(-3.03816e-11 1.25786e-10 0.000149555)
(-5.21344e-11 2.00249e-10 0.000147257)
(-2.32556e-09 1.42224e-09 0.000138064)
(-1.54776e-09 -3.07074e-09 0.000110385)
(8.25678e-10 6.04024e-10 5.06816e-05)
(-9.00379e-11 9.95167e-10 4.49613e-05)
(3.43713e-09 -4.36661e-09 0.000100996)
(4.78883e-09 4.06853e-09 0.000130793)
(9.9581e-10 1.61878e-09 0.000142989)
(1.37454e-09 7.87044e-10 0.000146868)
(-2.79408e-11 5.47657e-10 0.000146868)
(-2.20091e-11 1.63505e-09 0.000142989)
(-3.89862e-09 3.08985e-09 0.000130794)
(-3.52178e-09 -5.60011e-09 0.000100996)
(-7.01037e-10 1.36196e-09 4.49621e-05)
(3.73756e-10 -2.00281e-09 3.44753e-05)
(-1.65301e-09 -7.82629e-09 8.16255e-05)
(-8.77592e-10 7.01102e-09 0.000112349)
(-1.87999e-10 3.33391e-09 0.000128937)
(1.0156e-09 1.00968e-09 0.000135781)
(7.9208e-10 1.45166e-09 0.000135781)
(1.08507e-09 3.34581e-09 0.000128936)
(1.41471e-09 6.6538e-09 0.000112348)
(1.38101e-09 -7.87006e-09 8.16255e-05)
(-1.20629e-09 -1.33665e-09 3.44751e-05)
(-6.13429e-10 -3.09222e-09 2.10746e-05)
(-3.24797e-09 3.12033e-10 5.33132e-05)
(-4.11703e-10 7.66391e-09 7.85698e-05)
(3.0293e-09 3.31258e-10 9.57179e-05)
(7.27932e-10 -4.14217e-10 0.000104216)
(1.91884e-09 -1.41043e-10 0.000104216)
(-6.95486e-10 1.66525e-10 9.57182e-05)
(2.22717e-09 6.90711e-09 7.85688e-05)
(3.14289e-09 -7.75139e-10 5.3312e-05)
(-5.81716e-10 -3.25097e-09 2.10738e-05)
(-2.82061e-09 -1.79447e-09 7.96035e-06)
(1.59996e-10 3.12434e-09 1.99925e-05)
(5.00499e-09 3.56161e-09 3.20544e-05)
(4.19398e-09 -9.6057e-10 4.1262e-05)
(-1.84197e-11 -2.78292e-10 4.61615e-05)
(1.37475e-09 -7.01545e-10 4.61614e-05)
(-1.38312e-09 -1.45673e-09 4.1262e-05)
(-2.58211e-09 2.72464e-09 3.20544e-05)
(1.3244e-09 2.42806e-09 1.99923e-05)
(2.72669e-09 -1.90168e-09 7.96021e-06)
(-1.68656e-08 1.17933e-08 7.96041e-06)
(-3.12158e-09 -3.07553e-09 1.99927e-05)
(-7.26227e-10 3.03889e-09 3.20556e-05)
(-4.23068e-09 1.64543e-09 4.12628e-05)
(1.2935e-09 -3.46373e-10 4.61625e-05)
(1.12809e-10 2.10843e-10 4.61622e-05)
(4.02013e-09 2.93379e-09 4.12629e-05)
(-1.72935e-09 2.72604e-09 3.20559e-05)
(-5.57152e-09 -6.76464e-09 1.99931e-05)
(6.50712e-09 4.82554e-09 7.96062e-06)
(-8.38912e-09 1.27986e-08 2.10743e-05)
(-9.34148e-09 1.72551e-09 5.33123e-05)
(-1.08274e-08 1.91041e-09 7.85711e-05)
(-4.50562e-09 -6.57971e-10 9.57199e-05)
(-2.26679e-09 -3.88167e-09 0.000104218)
(1.64029e-09 -2.42396e-09 0.000104218)
(2.87613e-09 2.48697e-09 9.57188e-05)
(7.45785e-09 3.53827e-09 7.85705e-05)
(3.07859e-09 -1.29269e-09 5.33124e-05)
(4.74143e-10 3.6352e-09 2.10744e-05)
(-2.9428e-09 1.04247e-08 3.44751e-05)
(-1.64315e-09 5.83031e-09 8.16242e-05)
(6.05641e-11 -3.17511e-09 0.000112348)
(1.91294e-09 -3.89027e-09 0.000128937)
(-6.2269e-10 -4.49904e-09 0.000135782)
(-1.63449e-09 -2.95173e-09 0.000135782)
(-3.92067e-09 -1.40894e-09 0.000128937)
(-1.21951e-09 -9.7876e-10 0.000112348)
(1.39379e-09 4.30105e-09 8.16244e-05)
(5.4067e-10 3.1744e-09 3.44752e-05)
(-5.83883e-10 5.2247e-09 4.49616e-05)
(4.22109e-09 1.72345e-09 0.000100996)
(4.7261e-09 -1.40255e-09 0.000130792)
(1.66067e-09 -1.27196e-09 0.000142989)
(-2.71882e-10 -9.89571e-10 0.000146868)
(-2.40874e-09 -3.5598e-10 0.000146869)
(-3.65911e-09 -4.6142e-10 0.000142989)
(-4.7277e-09 -2.22661e-09 0.000130792)
(-1.96112e-09 -1.328e-09 0.000100996)
(1.6707e-09 2.85754e-09 4.49618e-05)
(3.89042e-10 2.95884e-09 5.06807e-05)
(3.5255e-09 -4.02018e-10 0.000110384)
(3.2148e-09 3.78257e-10 0.000138062)
(1.73205e-09 -3.75213e-10 0.000147257)
(1.05594e-09 9.43465e-11 0.000149555)
(-6.7797e-10 3.66875e-10 0.000149555)
(-1.47012e-10 -2.00309e-10 0.000147257)
(-1.71718e-09 -8.74315e-10 0.000138062)
(-2.72928e-09 -2.15178e-09 0.000110385)
(-1.78828e-10 1.57232e-09 5.06806e-05)
(-5.38008e-12 1.81424e-09 5.06806e-05)
(2.38821e-09 -2.58011e-09 0.000110385)
(2.67883e-09 1.18996e-09 0.000138062)
(5.95023e-10 -6.06703e-10 0.000147256)
(1.04524e-09 3.59309e-10 0.000149555)
(-4.17324e-10 6.87388e-10 0.000149555)
(-2.04663e-10 2.24287e-10 0.000147257)
(-2.75362e-09 2.06178e-09 0.000138062)
(-2.60621e-09 -3.39517e-09 0.000110385)
(3.07494e-10 -3.45667e-10 5.068e-05)
(-1.14622e-09 2.08703e-12 4.49618e-05)
(2.57523e-09 -6.81207e-09 0.000100996)
(5.69673e-09 1.62677e-09 0.000130792)
(2.58444e-09 -3.21646e-10 0.000142988)
(2.21615e-09 9.22177e-10 0.000146868)
(-8.21706e-10 1.97192e-09 0.000146868)
(-1.92259e-09 1.62973e-09 0.000142989)
(-6.04323e-09 3.35171e-09 0.000130793)
(-2.33847e-09 -6.99801e-09 0.000100996)
(1.34956e-09 -1.38552e-11 4.4961e-05)
(1.08434e-10 -2.55787e-09 3.44755e-05)
(-8.48562e-10 -1.24286e-08 8.16235e-05)
(2.43749e-09 2.98048e-09 0.000112347)
(1.76645e-09 2.12235e-09 0.000128936)
(3.48604e-10 3.33857e-09 0.000135781)
(-2.26812e-10 5.08646e-09 0.000135781)
(-9.89841e-10 5.72601e-09 0.000128937)
(-1.50956e-09 5.08367e-09 0.000112349)
(6.5768e-10 -1.26396e-08 8.16245e-05)
(-5.76517e-10 -2.90823e-09 3.4475e-05)
(-1.52935e-09 -6.501e-09 2.10746e-05)
(-9.82551e-09 -1.04821e-08 5.33112e-05)
(-1.06133e-08 5.92737e-11 7.85693e-05)
(-5.15282e-09 -2.22497e-10 9.57177e-05)
(-3.61426e-09 2.60385e-09 0.000104216)
(1.71544e-09 3.50029e-09 0.000104217)
(4.67049e-09 2.24352e-09 9.5719e-05)
(1.24172e-08 2.64853e-09 7.85705e-05)
(1.21791e-08 -9.50098e-09 5.33118e-05)
(3.10844e-09 -7.34964e-09 2.10743e-05)
(-5.20188e-09 -4.93122e-09 7.96074e-06)
(-9.7643e-09 -4.69014e-09 1.99928e-05)
(-7.21036e-09 -2.09068e-09 3.20554e-05)
(-4.46897e-09 -2.13175e-09 4.12622e-05)
(-4.3706e-09 -4.59678e-10 4.61619e-05)
(5.37926e-11 -2.79795e-10 4.61619e-05)
(6.6698e-10 -1.5958e-09 4.12623e-05)
(3.77659e-09 -2.67211e-10 3.2055e-05)
(8.23915e-09 -2.4656e-09 1.99925e-05)
(7.3945e-09 -5.55452e-09 7.96031e-06)
(-7.46083e-09 5.08173e-09 7.96058e-06)
(8.83727e-09 -9.66704e-09 1.99931e-05)
(3.53929e-09 1.73821e-09 3.20552e-05)
(-3.24786e-09 1.01886e-09 4.1262e-05)
(2.6099e-09 -4.24437e-10 4.6161e-05)
(-3.79142e-10 -2.32367e-10 4.61607e-05)
(5.51551e-09 1.7848e-09 4.12618e-05)
(-1.71016e-09 3.57966e-09 3.20551e-05)
(-6.18269e-09 -6.82052e-09 1.9993e-05)
(8.29714e-09 5.80954e-09 7.96065e-06)
(-2.01177e-09 3.02848e-09 2.1075e-05)
(6.91123e-10 -7.62934e-09 5.33127e-05)
(-6.73279e-09 5.27043e-09 7.85709e-05)
(-3.87996e-09 -5.6189e-10 9.57187e-05)
(-1.38398e-09 -3.12532e-09 0.000104217)
(-1.34756e-09 -2.55829e-09 0.000104217)
(2.40601e-10 1.75282e-10 9.57183e-05)
(2.9703e-09 6.3564e-09 7.85709e-05)
(-3.79889e-09 -7.74025e-09 5.33126e-05)
(1.39585e-09 3.49926e-09 2.10746e-05)
(1.51391e-09 1.61039e-09 3.44754e-05)
(4.17797e-10 -2.50449e-10 8.16241e-05)
(-4.52275e-09 5.66857e-09 0.000112349)
(-3.06079e-10 -4.58833e-09 0.000128938)
(-7.97729e-10 -3.91925e-09 0.000135782)
(-1.5022e-09 -3.3015e-09 0.000135782)
(-2.41994e-09 -3.67859e-09 0.000128937)
(2.59722e-09 6.15785e-09 0.000112349)
(-1.51934e-09 -2.38163e-09 8.1624e-05)
(-2.24195e-09 5.16499e-10 3.44749e-05)
(6.76385e-10 3.66116e-10 4.49624e-05)
(1.17086e-09 -3.95922e-10 0.000100996)
(2.24647e-09 4.27611e-09 0.000130792)
(3.09189e-09 -2.77301e-09 0.00014299)
(-5.00259e-10 -1.17696e-09 0.000146869)
(-1.82857e-09 -8.19589e-10 0.000146869)
(-4.90426e-09 -2.12515e-09 0.000142989)
(-3.17681e-09 3.80452e-09 0.000130792)
(-2.0537e-09 -2.45532e-09 0.000100995)
(-1.29873e-09 -1.3662e-09 4.49615e-05)
(3.36722e-10 1.32815e-09 5.06809e-05)
(-2.63345e-10 2.6827e-10 0.000110385)
(5.26086e-10 2.27725e-09 0.000138062)
(1.53632e-09 -6.66211e-10 0.000147257)
(-1.46469e-11 1.8007e-10 0.000149555)
(2.44432e-10 3.72989e-10 0.000149555)
(-1.67153e-09 -5.04456e-10 0.000147257)
(-9.11209e-10 1.27141e-09 0.000138061)
(-7.62827e-10 -2.1136e-09 0.000110385)
(-1.31298e-09 -1.13494e-09 5.06807e-05)
(1.02591e-10 -6.52311e-11 5.06807e-05)
(2.48896e-10 5.13879e-10 0.000110386)
(1.25763e-09 1.19897e-09 0.000138062)
(1.23432e-09 1.72518e-11 0.000147257)
(3.88367e-10 -2.21725e-10 0.000149555)
(4.2753e-10 4.35197e-10 0.000149555)
(-5.01217e-10 2.68643e-10 0.000147257)
(-1.10325e-09 1.22722e-09 0.000138062)
(-1.53269e-09 -4.63407e-10 0.000110385)
(-5.78399e-10 -2.97047e-09 5.06801e-05)
(3.69013e-10 5.1321e-10 4.49613e-05)
(2.85165e-09 7.8411e-10 0.000100996)
(3.70073e-09 7.80604e-10 0.000130792)
(2.13939e-09 1.12196e-09 0.000142989)
(1.31006e-09 7.37859e-10 0.000146868)
(1.34224e-10 1.65199e-09 0.000146868)
(-8.6671e-10 2.05613e-09 0.000142989)
(-3.27623e-09 1.77163e-09 0.000130792)
(-3.382e-09 -6.85341e-10 0.000100996)
(5.85898e-10 -5.31372e-09 4.49614e-05)
(1.09116e-09 -1.1681e-09 3.44748e-05)
(5.55149e-10 -1.48936e-09 8.16247e-05)
(-1.67978e-09 1.21426e-09 0.000112349)
(-1.34278e-11 1.4886e-09 0.000128937)
(1.27789e-09 1.59341e-09 0.00013578)
(5.79621e-10 1.87033e-09 0.00013578)
(1.83984e-09 3.10821e-09 0.000128937)
(1.76501e-09 5.11308e-09 0.000112349)
(9.25584e-10 -2.46986e-09 8.16259e-05)
(3.00537e-09 -7.52061e-09 3.44754e-05)
(4.56613e-10 -1.1258e-09 2.10741e-05)
(-4.97161e-10 3.2645e-09 5.33123e-05)
(-1.97827e-09 1.46634e-09 7.85703e-05)
(-3.41459e-11 -1.99173e-09 9.5717e-05)
(-9.61711e-10 2.4047e-11 0.000104214)
(1.15581e-10 5.68855e-11 0.000104214)
(-5.66783e-10 9.36503e-11 9.57168e-05)
(1.45403e-09 5.44192e-09 7.85697e-05)
(3.99213e-09 9.99198e-10 5.33127e-05)
(5.3066e-09 -7.99673e-09 2.10751e-05)
(-2.41216e-09 -1.25573e-09 7.96054e-06)
(2.82896e-09 4.16924e-09 1.99922e-05)
(3.56409e-09 4.99239e-10 3.20543e-05)
(1.21103e-09 -1.66626e-09 4.12603e-05)
(-4.28389e-10 -6.97338e-10 4.61591e-05)
(9.44112e-11 -3.45744e-10 4.61593e-05)
(-8.74056e-10 -1.0142e-09 4.12602e-05)
(-1.93272e-09 1.60638e-09 3.20539e-05)
(2.63788e-09 1.50949e-09 1.99921e-05)
(8.4026e-09 -6.48585e-09 7.96037e-06)
(-1.72923e-09 1.14273e-09 7.96051e-06)
(-4.49593e-09 3.94483e-09 1.99929e-05)
(-2.04107e-09 3.10655e-10 3.20555e-05)
(4.65906e-10 4.96288e-10 4.12629e-05)
(2.88527e-10 4.16521e-10 4.61623e-05)
(-8.82274e-10 1.10842e-09 4.61624e-05)
(-3.4928e-10 7.68406e-10 4.12628e-05)
(-1.2261e-09 -8.73651e-10 3.2055e-05)
(-2.44371e-09 -5.67772e-10 1.99925e-05)
(-3.987e-09 -3.0359e-09 7.96035e-06)
(-2.38142e-09 1.0565e-09 2.10746e-05)
(-6.6001e-09 6.76202e-09 5.33119e-05)
(-5.77542e-09 1.87278e-09 7.85702e-05)
(-5.36562e-09 -1.14416e-09 9.57201e-05)
(-1.803e-09 -1.73936e-09 0.000104218)
(-7.31714e-10 -6.48735e-10 0.000104218)
(2.07952e-09 -3.47472e-10 9.57199e-05)
(2.32785e-09 2.12259e-09 7.85699e-05)
(1.25609e-09 3.07684e-09 5.33111e-05)
(-9.02193e-10 -2.19314e-09 2.10736e-05)
(-2.89404e-09 2.4676e-09 3.4475e-05)
(-3.9949e-09 4.85313e-09 8.16253e-05)
(-2.45492e-09 3.71802e-09 0.000112348)
(-2.47982e-09 -2.37958e-09 0.000128937)
(-1.78921e-09 -3.36384e-09 0.000135782)
(-1.26711e-09 -2.66723e-09 0.000135782)
(-4.10145e-10 -1.64185e-09 0.000128937)
(7.01522e-10 4.35152e-09 0.000112348)
(1.77623e-09 2.45586e-09 8.16244e-05)
(1.05061e-09 -5.09627e-10 3.44751e-05)
(-4.86678e-11 3.04719e-09 4.49611e-05)
(4.94803e-11 8.59636e-10 0.000100996)
(3.80928e-10 3.30826e-09 0.000130793)
(7.07437e-10 -9.96233e-10 0.000142989)
(-5.30991e-10 -1.54078e-09 0.000146869)
(-1.91582e-10 -1.24931e-09 0.000146869)
(-1.77531e-09 -3.33715e-10 0.000142989)
(-3.677e-10 2.93285e-09 0.000130792)
(4.34251e-10 -3.07061e-10 0.000100995)
(-2.33291e-10 -1.83301e-10 4.49608e-05)
(4.65198e-10 2.77135e-09 5.06803e-05)
(7.80948e-10 7.53566e-10 0.000110384)
(1.57875e-09 2.76644e-09 0.000138062)
(1.72564e-09 -8.73056e-10 0.000147256)
(5.45617e-11 -5.69136e-10 0.000149555)
(5.81867e-11 -4.53692e-10 0.000149555)
(-2.04772e-09 2.52624e-11 0.000147256)
(-1.66104e-09 1.75077e-09 0.000138062)
(-4.51906e-10 6.02346e-11 0.000110384)
(-5.43755e-10 2.38061e-10 5.068e-05)
(6.3515e-10 2.18151e-09 5.06804e-05)
(1.24916e-10 4.85927e-11 0.000110385)
(1.09404e-09 2.50058e-09 0.000138062)
(1.83916e-09 -5.70112e-10 0.000147256)
(5.48919e-10 7.86932e-10 0.000149555)
(6.53286e-10 1.14798e-09 0.000149555)
(-3.22115e-10 1.3296e-09 0.000147256)
(-1.86714e-09 1.88317e-09 0.000138062)
(-2.062e-09 -1.56341e-09 0.000110384)
(-7.6673e-10 -5.60115e-10 5.06799e-05)
(1.4778e-09 3.17429e-09 4.49613e-05)
(-1.86194e-10 -4.18973e-11 0.000100996)
(-8.93702e-10 1.48322e-09 0.000130793)
(9.79567e-11 7.81448e-11 0.000142989)
(6.89529e-11 6.32023e-10 0.000146868)
(4.12001e-10 6.36877e-10 0.000146868)
(6.41457e-10 2.19733e-09 0.000142989)
(7.19346e-10 2.71568e-09 0.000130793)
(-9.15208e-10 -1.05864e-09 0.000100995)
(-1.01027e-09 -1.99164e-09 4.49611e-05)
(2.85838e-10 7.84828e-10 3.44752e-05)
(-2.78617e-09 -6.74234e-10 8.16244e-05)
(-3.03741e-09 5.60182e-10 0.000112347)
(-1.63463e-10 -3.48701e-10 0.000128936)
(2.7987e-10 -4.50756e-10 0.000135781)
(-3.08633e-12 3.60394e-10 0.000135781)
(1.37054e-09 2.11972e-09 0.000128937)
(5.12996e-09 2.53005e-09 0.000112348)
(5.38658e-09 -6.79773e-10 8.16248e-05)
(2.47354e-09 -3.86406e-09 3.44751e-05)
(2.41842e-09 2.65163e-09 2.10735e-05)
(1.97751e-09 5.13199e-09 5.33099e-05)
(2.22224e-10 2.99227e-10 7.85684e-05)
(4.06775e-10 -3.48388e-09 9.57187e-05)
(-7.79451e-10 -2.26515e-09 0.000104217)
(3.59585e-10 -1.4605e-09 0.000104217)
(2.36454e-10 -1.57751e-09 9.57193e-05)
(2.56212e-09 -9.63308e-11 7.85697e-05)
(1.19987e-09 5.41654e-09 5.33116e-05)
(-4.57498e-10 1.80679e-09 2.1074e-05)
(8.45403e-10 9.9843e-10 7.95996e-06)
(8.92637e-09 6.80828e-09 1.99919e-05)
(8.40371e-09 1.47018e-09 3.20545e-05)
(3.30585e-09 -1.79641e-09 4.12626e-05)
(5.03694e-10 -1.52168e-09 4.61619e-05)
(-1.87672e-09 -1.58561e-09 4.61622e-05)
(-4.57714e-09 -1.44484e-09 4.12629e-05)
(-7.51858e-09 2.68708e-10 3.20553e-05)
(-9.02115e-09 6.66241e-09 1.99927e-05)
(-3.81253e-09 3.33809e-09 7.96056e-06)
(-1.20903e-08 8.81317e-09 7.96006e-06)
(1.04025e-09 -4.84446e-09 1.99918e-05)
(-2.8443e-09 4.58611e-09 3.2054e-05)
(-7.69599e-09 1.90169e-09 4.12619e-05)
(5.67867e-10 -9.63436e-10 4.61618e-05)
(-2.61924e-10 -1.91246e-10 4.61616e-05)
(6.79879e-09 2.60774e-09 4.12615e-05)
(1.1811e-09 3.90805e-09 3.20529e-05)
(-4.81807e-09 -6.67246e-09 1.99912e-05)
(4.83999e-09 3.3734e-09 7.96014e-06)
(-9.71183e-09 1.20576e-08 2.10744e-05)
(-7.2111e-09 -7.31842e-10 5.33128e-05)
(-1.20752e-08 7.0764e-09 7.85677e-05)
(-6.11932e-09 -2.66478e-09 9.57185e-05)
(1.38944e-10 -6.20711e-09 0.000104216)
(9.7673e-10 -4.9021e-09 0.000104216)
(6.46419e-09 -7.61566e-10 9.57176e-05)
(1.25625e-08 9.2724e-09 7.85665e-05)
(4.84225e-09 -7.79399e-10 5.33114e-05)
(4.61809e-09 6.69503e-09 2.10739e-05)
(-3.21322e-09 9.75647e-09 3.44753e-05)
(-1.26648e-09 3.67299e-09 8.16264e-05)
(-3.32023e-09 5.94444e-09 0.000112347)
(1.99551e-10 -7.28656e-09 0.000128936)
(-3.1193e-10 -6.78072e-09 0.00013578)
(-1.41571e-09 -6.28207e-09 0.00013578)
(-1.73717e-09 -5.69541e-09 0.000128935)
(2.78949e-09 8.38602e-09 0.000112346)
(-8.68581e-10 3.83288e-09 8.16262e-05)
(-9.18438e-10 3.1518e-09 3.44758e-05)
(-7.86549e-10 6.6917e-09 4.49612e-05)
(1.68993e-09 1.50068e-09 0.000100996)
(3.49798e-09 3.8929e-09 0.000130793)
(4.00512e-09 -3.51951e-09 0.000142988)
(-3.69705e-12 -2.85733e-09 0.000146868)
(-4.27002e-10 -2.60061e-09 0.000146868)
(-3.85058e-09 -2.6471e-09 0.000142988)
(-3.53371e-09 4.77005e-09 0.000130794)
(-1.52865e-09 -9.47208e-10 0.000100997)
(-2.00994e-10 2.45108e-11 4.49616e-05)
(1.44629e-09 3.9036e-09 5.06803e-05)
(2.12497e-09 9.48015e-10 0.000110384)
(1.97734e-09 1.38686e-09 0.000138063)
(2.50698e-09 -1.17594e-09 0.000147256)
(5.15659e-13 -7.72789e-10 0.000149554)
(1.56944e-10 -4.56527e-10 0.000149554)
(-1.98824e-09 -1.17852e-09 0.000147256)
(-1.06866e-09 2.00177e-09 0.000138063)
(-7.77265e-10 -9.0333e-10 0.000110384)
(-1.26264e-09 1.69259e-10 5.06799e-05)
(1.30845e-09 1.70761e-09 5.06802e-05)
(1.88431e-09 1.86321e-09 0.000110384)
(1.24759e-09 1.23123e-09 0.000138063)
(1.63698e-09 -1.08741e-10 0.000147256)
(8.13494e-10 2.58054e-10 0.000149555)
(3.21101e-10 7.30875e-10 0.000149555)
(-7.48298e-10 1.40316e-10 0.000147257)
(-8.6829e-10 1.62035e-09 0.000138063)
(-1.76541e-09 -1.76413e-09 0.000110384)
(-8.28138e-10 -3.85123e-09 5.06803e-05)
(-5.58516e-10 -7.23911e-11 4.4962e-05)
(2.79408e-09 2.48176e-09 0.000100996)
(4.82732e-09 1.19117e-10 0.000130794)
(3.3771e-09 2.82959e-10 0.000142988)
(2.43544e-09 9.3808e-10 0.000146868)
(8.05818e-10 1.46095e-09 0.000146868)
(-9.48121e-10 1.52247e-09 0.000142988)
(-3.79977e-09 1.83005e-09 0.000130793)
(-2.96702e-09 -1.05624e-09 0.000100996)
(1.46205e-09 -5.65892e-09 4.49619e-05)
(4.41377e-10 -3.8757e-10 3.44755e-05)
(2.64461e-09 -3.02614e-09 8.16249e-05)
(3.85913e-09 6.24818e-10 0.000112347)
(2.49799e-09 1.85025e-09 0.000128936)
(2.1271e-09 3.40264e-09 0.000135781)
(1.51973e-09 3.90206e-09 0.000135781)
(1.22726e-09 4.26624e-09 0.000128936)
(2.93703e-10 3.15621e-09 0.000112348)
(6.02897e-10 -5.88305e-09 8.16244e-05)
(3.57227e-09 -9.53789e-09 3.44749e-05)
(-2.11325e-09 -5.12485e-09 2.10744e-05)
(-3.38745e-09 -4.57649e-09 5.33109e-05)
(-3.28553e-09 2.19199e-10 7.8568e-05)
(-1.61679e-09 7.54331e-10 9.57185e-05)
(-6.59834e-10 1.99028e-09 0.000104217)
(2.56028e-09 2.37409e-09 0.000104217)
(5.106e-09 9.61226e-10 9.57196e-05)
(9.9158e-09 2.60541e-09 7.85696e-05)
(1.14944e-08 -3.99438e-09 5.33122e-05)
(8.72914e-09 -1.10412e-08 2.10734e-05)
(-7.00278e-09 -5.64149e-09 7.96002e-06)
(-5.57944e-09 -1.33665e-09 1.99919e-05)
(-4.66248e-09 -1.2857e-09 3.20539e-05)
(-3.76892e-09 -1.14503e-09 4.12625e-05)
(-3.09915e-09 -6.85125e-10 4.61625e-05)
(-4.60424e-10 -3.87794e-10 4.61626e-05)
(2.78488e-10 -1.4934e-09 4.12633e-05)
(6.52628e-10 8.73765e-10 3.20549e-05)
(4.88739e-09 8.86672e-10 1.99923e-05)
(7.06661e-09 -4.88577e-09 7.95997e-06)
(-1.5414e-08 1.15819e-08 7.96008e-06)
(2.13856e-10 -4.63766e-09 1.99919e-05)
(-8.33207e-10 2.86787e-09 3.20543e-05)
(-6.15456e-09 2.49063e-09 4.12625e-05)
(-1.19024e-09 2.89461e-10 4.61612e-05)
(-2.64314e-09 3.11111e-10 4.61607e-05)
(2.62901e-11 1.81989e-09 4.12613e-05)
(-6.09272e-09 1.76302e-10 3.20535e-05)
(-7.46699e-09 -9.04871e-09 1.99916e-05)
(6.06212e-09 3.68339e-09 7.96015e-06)
(-7.3812e-09 1.06532e-08 2.10738e-05)
(-5.8482e-09 -1.0657e-09 5.33122e-05)
(-6.95695e-09 1.18928e-09 7.85684e-05)
(-2.68718e-09 -5.28296e-10 9.57189e-05)
(-9.945e-10 -4.10147e-09 0.000104216)
(1.25739e-09 -2.97241e-09 0.000104215)
(1.95941e-09 1.32341e-09 9.5717e-05)
(5.28584e-09 1.60019e-09 7.85669e-05)
(-9.20287e-10 -6.13586e-09 5.33119e-05)
(-2.61257e-09 -3.01953e-11 2.10744e-05)
(-1.49241e-09 6.98048e-09 3.44752e-05)
(-9.01927e-10 3.94519e-09 8.16257e-05)
(-1.05137e-10 -2.9933e-09 0.000112348)
(2.38776e-09 -4.909e-09 0.000128936)
(7.23072e-10 -4.5434e-09 0.00013578)
(-1.85139e-09 -3.33181e-09 0.00013578)
(-3.79572e-09 -2.49787e-09 0.000128936)
(-3.15068e-10 -1.18803e-09 0.000112348)
(-4.62614e-10 7.66148e-10 8.16262e-05)
(-1.37285e-09 5.49056e-10 3.44758e-05)
(-1.13993e-09 5.52626e-09 4.4962e-05)
(2.36479e-09 8.3272e-10 0.000100996)
(3.18566e-09 -2.43557e-09 0.000130794)
(1.77659e-09 -2.42141e-09 0.000142988)
(3.59309e-10 -2.37202e-10 0.000146867)
(-1.77163e-09 -3.93809e-10 0.000146867)
(-2.97789e-09 -1.81231e-09 0.000142988)
(-4.05315e-09 -1.89469e-09 0.000130794)
(-2.38102e-09 -3.71059e-09 0.000100996)
(1.14041e-09 1.04825e-09 4.49623e-05)
(2.21651e-10 3.6318e-09 5.06808e-05)
(2.80194e-09 -5.98348e-10 0.000110384)
(2.55572e-09 -9.24515e-10 0.000138063)
(1.09365e-09 -1.68491e-09 0.000147256)
(4.97484e-10 -1.67172e-10 0.000149554)
(1.22192e-10 -4.70501e-10 0.000149555)
(-3.52573e-10 -1.28321e-09 0.000147256)
(-1.19296e-09 -3.46726e-10 0.000138063)
(-2.09716e-09 -2.78628e-09 0.000110384)
(-7.24035e-10 1.00047e-09 5.06807e-05)
(2.80455e-10 1.99578e-09 5.06806e-05)
(2.86532e-09 -1.44461e-09 0.000110383)
(3.12486e-09 1.77398e-09 0.000138063)
(9.64158e-10 -7.81225e-10 0.000147256)
(1.37525e-09 -2.16876e-10 0.000149554)
(5.32057e-10 -4.77385e-11 0.000149555)
(-2.63755e-10 1.57508e-10 0.000147257)
(-2.17076e-09 1.33322e-09 0.000138063)
(-1.46175e-09 -3.62085e-09 0.000110384)
(6.17114e-10 -7.44311e-10 5.06815e-05)
(-1.02769e-09 3.94859e-10 4.49619e-05)
(2.42427e-09 -3.98177e-09 0.000100996)
(5.86179e-09 2.87677e-09 0.000130793)
(2.84691e-09 -1.67779e-10 0.000142988)
(2.43407e-09 1.58773e-10 0.000146868)
(5.2281e-11 6.67028e-10 0.000146868)
(-7.59267e-10 1.33161e-09 0.000142989)
(-4.74583e-09 3.04908e-09 0.000130793)
(-2.17541e-09 -5.85889e-09 0.000100996)
(1.13219e-09 3.07875e-10 4.49626e-05)
(8.58521e-10 2.06898e-10 3.44751e-05)
(-2.38574e-11 -8.65378e-09 8.16252e-05)
(3.01995e-09 4.01097e-09 0.000112348)
(2.43834e-09 2.69647e-09 0.000128936)
(1.6079e-09 2.748e-09 0.000135781)
(3.50704e-10 4.28055e-09 0.00013578)
(-8.04251e-10 4.98216e-09 0.000128936)
(-8.53003e-10 5.5939e-09 0.000112348)
(5.92931e-10 -1.12727e-08 8.16246e-05)
(-1.10432e-09 -2.34663e-09 3.4475e-05)
(1.04492e-09 -3.27812e-09 2.10743e-05)
(-3.86633e-09 -4.58754e-09 5.33124e-05)
(-4.58171e-09 2.3882e-09 7.8569e-05)
(-6.70658e-10 6.66991e-10 9.57184e-05)
(-1.54005e-09 2.0563e-09 0.000104216)
(1.48453e-09 2.93605e-09 0.000104216)
(1.92345e-09 1.92959e-09 9.57186e-05)
(7.25514e-09 5.33036e-09 7.85693e-05)
(7.20973e-09 -4.56187e-09 5.3312e-05)
(1.56772e-09 -6.00312e-09 2.10734e-05)
(-4.7083e-09 -4.35902e-09 7.96006e-06)
(-4.39635e-09 -2.32253e-10 1.99919e-05)
(-2.82896e-09 -3.41458e-10 3.20542e-05)
(-1.98484e-09 -2.03996e-09 4.12623e-05)
(-3.4564e-09 -4.98134e-10 4.61615e-05)
(-4.19136e-10 -5.09326e-10 4.61612e-05)
(-1.412e-09 -1.3151e-09 4.12622e-05)
(-6.94085e-10 1.92225e-09 3.20543e-05)
(3.21707e-09 1.91453e-09 1.9992e-05)
(6.56924e-09 -4.72064e-09 7.95966e-06)
(-1.2949e-08 9.5084e-09 7.96032e-06)
(-2.03058e-09 -2.43357e-09 1.99919e-05)
(-2.35481e-09 3.39617e-09 3.20536e-05)
(-6.75142e-09 2.02623e-09 4.12615e-05)
(-1.52897e-09 -6.07329e-11 4.61611e-05)
(-2.09782e-09 8.27111e-11 4.61614e-05)
(1.91775e-09 1.61139e-09 4.12617e-05)
(-3.48299e-09 1.17299e-09 3.20543e-05)
(-7.11115e-09 -8.20268e-09 1.99921e-05)
(5.55036e-09 4.03134e-09 7.96027e-06)
(-7.94898e-09 1.16421e-08 2.10742e-05)
(-1.00382e-08 2.39025e-09 5.33121e-05)
(-1.00808e-08 2.01066e-09 7.85688e-05)
(-3.03004e-09 -9.53203e-10 9.57179e-05)
(-1.08779e-09 -3.99441e-09 0.000104216)
(2.38006e-09 -3.23061e-09 0.000104216)
(4.08976e-09 7.38937e-10 9.57181e-05)
(8.85464e-09 3.54041e-09 7.85694e-05)
(2.91472e-09 -2.66255e-09 5.33123e-05)
(-4.04026e-10 2.19307e-09 2.10742e-05)
(-2.27964e-09 9.3141e-09 3.44752e-05)
(-2.36528e-09 5.31354e-09 8.16246e-05)
(-1.45398e-09 -2.91208e-09 0.000112348)
(1.94007e-09 -4.88869e-09 0.000128937)
(2.05732e-10 -4.90396e-09 0.000135781)
(-8.38647e-10 -3.78928e-09 0.000135781)
(-2.21218e-09 -2.98614e-09 0.000128937)
(1.13221e-09 6.71444e-10 0.000112348)
(2.3308e-09 4.31643e-09 8.16244e-05)
(8.28719e-10 2.76719e-09 3.44749e-05)
(-7.15373e-10 5.29381e-09 4.49622e-05)
(3.69522e-09 2.20796e-09 0.000100996)
(4.27488e-09 -1.88342e-09 0.000130793)
(1.84869e-09 -2.62562e-09 0.000142989)
(2.775e-10 -1.18606e-09 0.000146868)
(-2.25273e-09 -8.47567e-10 0.000146868)
(-3.27622e-09 -2.45246e-09 0.000142989)
(-3.91161e-09 -8.66924e-10 0.000130793)
(-1.57539e-09 -1.33166e-09 0.000100996)
(2.00009e-09 2.63851e-09 4.4962e-05)
(5.10983e-11 2.78315e-09 5.06809e-05)
(3.37215e-09 7.17661e-10 0.000110385)
(2.94506e-09 -6.96083e-10 0.000138063)
(7.2718e-10 -1.38221e-09 0.000147257)
(4.98964e-10 -6.42551e-10 0.000149555)
(-4.9693e-10 -1.15408e-09 0.000149555)
(-5.70421e-10 -1.82735e-09 0.000147257)
(-1.7412e-09 5.30325e-10 0.000138063)
(-2.50556e-09 -1.87367e-09 0.000110384)
(-3.52044e-10 1.84031e-09 5.06807e-05)
(-4.24954e-10 1.83745e-09 5.06807e-05)
(2.81352e-09 -1.37034e-09 0.000110384)
(3.3814e-09 2.92202e-10 0.000138063)
(8.99677e-10 -8.0065e-10 0.000147257)
(8.98741e-10 -5.21014e-10 0.000149555)
(-4.70476e-10 -2.56737e-10 0.000149555)
(-5.51619e-10 -8.12419e-10 0.000147256)
(-2.83807e-09 1.75679e-09 0.000138063)
(-1.82526e-09 -2.8237e-09 0.000110385)
(4.98991e-10 6.0148e-10 5.0681e-05)
(-1.08755e-09 3.81977e-11 4.49617e-05)
(2.94998e-09 -4.48281e-09 0.000100996)
(6.05065e-09 1.48085e-09 0.000130793)
(2.33551e-09 -2.39336e-10 0.000142989)
(1.3553e-09 4.83256e-10 0.000146868)
(-1.28219e-09 9.08836e-10 0.000146868)
(-2.06637e-09 4.3576e-10 0.000142989)
(-6.73911e-09 2.17749e-09 0.000130793)
(-3.57491e-09 -5.91352e-09 0.000100996)
(7.14199e-10 1.28653e-09 4.49623e-05)
(1.41797e-09 -7.91179e-10 3.4475e-05)
(1.37955e-09 -9.93152e-09 8.16246e-05)
(3.42227e-09 2.00302e-09 0.000112349)
(2.06915e-09 3.18562e-09 0.000128937)
(3.07294e-10 4.05182e-09 0.000135781)
(-1.13786e-10 3.76425e-09 0.000135781)
(-1.60563e-09 4.57689e-09 0.000128937)
(-2.83649e-09 4.12148e-09 0.000112348)
(-1.50552e-09 -1.20024e-08 8.16244e-05)
(-1.92243e-09 -2.36922e-09 3.44749e-05)
(-1.97643e-10 -4.94698e-09 2.10745e-05)
(-7.50151e-09 -8.96863e-09 5.33135e-05)
(-8.80411e-09 -2.04136e-10 7.85703e-05)
(-3.62333e-09 1.63336e-09 9.57184e-05)
(-2.99897e-09 3.61978e-09 0.000104215)
(2.10075e-09 2.90148e-09 0.000104215)
(3.22812e-09 2.06575e-09 9.57175e-05)
(1.025e-08 2.42817e-09 7.85695e-05)
(1.05011e-08 -8.48068e-09 5.33126e-05)
(4.00676e-09 -9.07914e-09 2.10743e-05)
(-5.64473e-09 -5.08819e-09 7.96052e-06)
(-8.17906e-09 -3.55243e-09 1.99923e-05)
(-6.42489e-09 -1.55611e-09 3.20541e-05)
(-3.5346e-09 -1.51792e-09 4.12617e-05)
(-2.63138e-09 -7.99575e-11 4.61608e-05)
(7.65632e-10 -3.55545e-10 4.61606e-05)
(8.80731e-10 -1.26514e-09 4.12611e-05)
(4.28479e-09 -7.06227e-10 3.2054e-05)
(7.33439e-09 -1.63288e-09 1.99919e-05)
(7.86855e-09 -6.55848e-09 7.96025e-06)
(-4.96404e-09 3.53449e-09 7.96068e-06)
(6.95239e-09 -8.45076e-09 1.99928e-05)
(4.69596e-09 9.79256e-10 3.2055e-05)
(-1.74535e-09 1.92936e-09 4.12619e-05)
(1.33216e-09 -4.13671e-10 4.61616e-05)
(-5.42663e-10 -5.79383e-10 4.61618e-05)
(1.96202e-09 1.87618e-09 4.12621e-05)
(-3.66447e-09 2.69933e-09 3.20546e-05)
(-7.90324e-09 -7.23401e-09 1.99923e-05)
(3.48857e-09 2.32337e-09 7.96023e-06)
(-1.69514e-09 3.5249e-09 2.10742e-05)
(-9.28377e-10 -6.48422e-09 5.33121e-05)
(-2.56487e-09 3.74316e-12 7.85701e-05)
(-2.59649e-10 2.66527e-09 9.57185e-05)
(-2.52579e-09 -1.32634e-09 0.000104217)
(-2.21634e-09 -1.84099e-09 0.000104217)
(-3.68388e-09 1.51586e-09 9.57193e-05)
(4.30728e-10 1.96336e-09 7.85708e-05)
(-2.59028e-09 -6.48448e-09 5.33118e-05)
(-2.27728e-09 -7.27021e-10 2.10734e-05)
(5.68994e-10 3.04878e-09 3.44751e-05)
(-2.17224e-09 2.11134e-09 8.16244e-05)
(-3.20864e-09 -2.73825e-09 0.000112348)
(4.13205e-10 -1.58354e-09 0.000128937)
(-9.22526e-10 -1.60368e-09 0.000135781)
(-1.19707e-09 -1.73973e-09 0.000135781)
(-1.04818e-09 -2.19872e-09 0.000128937)
(2.69461e-09 -2.84883e-09 0.000112347)
(3.13486e-09 -1.43387e-10 8.16237e-05)
(6.24067e-10 1.52542e-09 3.4474e-05)
(-6.46838e-10 2.30108e-09 4.49616e-05)
(1.78611e-09 -5.43923e-12 0.000100996)
(2.05045e-09 -2.23455e-09 0.000130792)
(8.14107e-10 -1.75532e-09 0.000142989)
(3.86627e-10 -3.62044e-10 0.000146868)
(-1.41361e-09 -4.35899e-10 0.000146868)
(-1.65469e-09 -2.37521e-09 0.000142989)
(-2.63653e-09 -2.42511e-09 0.000130792)
(-2.33827e-09 -1.52192e-09 0.000100995)
(4.8095e-10 2.10243e-09 4.49608e-05)
(-7.38517e-10 3.02586e-09 5.06804e-05)
(1.77208e-09 -1.05528e-09 0.000110385)
(2.03692e-09 -6.62679e-10 0.000138062)
(-2.72614e-11 -1.00496e-09 0.000147257)
(6.41931e-10 6.39056e-11 0.000149555)
(1.08199e-10 -2.86803e-10 0.000149555)
(4.31184e-10 -1.58198e-09 0.000147257)
(-1.20959e-09 -8.3771e-11 0.000138061)
(-1.86562e-09 -2.23672e-09 0.000110384)
(2.88086e-10 7.53529e-10 5.06798e-05)
(-1.07375e-09 1.87866e-09 5.06803e-05)
(1.61706e-09 -2.67861e-09 0.000110385)
(2.86804e-09 1.35372e-09 0.000138062)
(9.73679e-12 -9.70387e-10 0.000147257)
(4.42704e-10 -3.08975e-10 0.000149555)
(-3.10215e-10 -5.85273e-10 0.000149555)
(3.64563e-10 -3.38176e-10 0.000147257)
(-2.33875e-09 2.16959e-09 0.000138061)
(-1.81691e-09 -2.5305e-09 0.000110384)
(6.82065e-10 7.06694e-10 5.06797e-05)
(5.16785e-10 2.58615e-09 4.49613e-05)
(3.45977e-09 -5.65987e-09 0.000100996)
(4.67534e-09 3.7306e-09 0.000130793)
(7.71637e-10 1.00569e-09 0.000142989)
(5.68918e-10 6.46856e-10 0.000146868)
(-1.01733e-09 6.32013e-10 0.000146868)
(-7.42954e-10 1.46093e-09 0.000142989)
(-5.01013e-09 4.31824e-09 0.000130792)
(-4.10288e-09 -4.7095e-09 0.000100995)
(-5.81881e-10 1.01792e-09 4.49609e-05)
(1.2577e-09 -1.83802e-09 3.44749e-05)
(-1.28164e-09 -8.41e-09 8.16237e-05)
(-1.20833e-09 6.61581e-09 0.000112348)
(-3.08601e-10 3.10656e-09 0.000128937)
(-2.57383e-10 1.2156e-09 0.000135781)
(-2.37904e-10 1.243e-09 0.000135781)
(-4.48318e-10 3.585e-09 0.000128937)
(-1.10554e-10 7.82683e-09 0.000112349)
(6.05752e-10 -6.39e-09 8.16237e-05)
(-1.11753e-09 -1.71958e-09 3.44745e-05)
(-1.11955e-09 -3.45824e-09 2.10739e-05)
(-5.02032e-09 -9.23886e-10 5.33111e-05)
(-2.42339e-09 6.19242e-09 7.857e-05)
(1.86524e-09 -4.08797e-10 9.57186e-05)
(-6.74265e-10 1.19842e-10 0.000104216)
(7.73479e-10 -3.82509e-10 0.000104217)
(-2.40333e-09 3.90624e-10 9.57188e-05)
(8.31273e-10 7.98066e-09 7.8571e-05)
(3.04751e-09 -1.86524e-12 5.33121e-05)
(-2.18624e-10 -2.8953e-09 2.10742e-05)
(4.86821e-10 7.81868e-10 7.96039e-06)
(5.63216e-10 3.0959e-09 1.99925e-05)
(3.96258e-09 2.37377e-09 3.20547e-05)
(2.73308e-09 -1.47263e-09 4.12621e-05)
(-8.87407e-10 -2.0226e-10 4.61615e-05)
(9.84035e-10 -4.91612e-10 4.61614e-05)
(-2.14248e-09 -1.49567e-09 4.1262e-05)
(-3.70343e-09 3.00964e-09 3.2055e-05)
(3.112e-10 2.15478e-09 1.99924e-05)
(2.49275e-09 -1.56883e-09 7.96045e-06)
(-1.3721e-08 8.97364e-09 7.96053e-06)
(-3.51998e-09 -1.93636e-09 1.99925e-05)
(-4.14222e-09 5.09494e-09 3.20547e-05)
(-8.12798e-09 1.35071e-09 4.12618e-05)
(-1.86121e-10 -1.15587e-09 4.61609e-05)
(-5.02914e-10 -8.51569e-10 4.61609e-05)
(6.98743e-09 1.75438e-09 4.12616e-05)
(1.95494e-09 3.55917e-09 3.2054e-05)
(-9.92257e-11 -4.60186e-09 1.99921e-05)
(1.23109e-08 8.61177e-09 7.96044e-06)
(-9.98376e-09 1.30903e-08 2.10744e-05)
(-9.52721e-09 2.56109e-09 5.33129e-05)
(-1.3741e-08 7.83914e-09 7.85696e-05)
(-6.56313e-09 -3.12817e-09 9.57183e-05)
(-3.45412e-10 -5.35442e-09 0.000104216)
(2.31906e-09 -5.02098e-09 0.000104216)
(7.91238e-09 -1.49398e-09 9.57183e-05)
(1.51004e-08 9.07044e-09 7.85689e-05)
(8.59713e-09 2.2727e-09 5.33122e-05)
(6.67882e-09 9.80299e-09 2.10749e-05)
(-2.86052e-09 1.06457e-08 3.44753e-05)
(-1.66614e-09 4.8638e-09 8.16256e-05)
(-3.44556e-09 5.9262e-09 0.000112348)
(1.00266e-09 -7.77578e-09 0.000128936)
(-5.52629e-10 -5.99753e-09 0.000135781)
(-6.98779e-10 -5.63424e-09 0.000135781)
(-1.45512e-09 -5.77584e-09 0.000128936)
(3.85421e-09 8.88934e-09 0.000112348)
(1.59521e-09 6.49372e-09 8.16252e-05)
(7.15888e-10 6.10739e-09 3.44756e-05)
(-5.02097e-10 6.21144e-09 4.49619e-05)
(2.68912e-09 1.53616e-09 0.000100997)
(3.75848e-09 4.31941e-09 0.000130793)
(3.05128e-09 -3.88354e-09 0.000142989)
(-4.0636e-10 -2.8111e-09 0.000146868)
(-1.65412e-09 -2.17748e-09 0.000146868)
(-5.2204e-09 -2.50815e-09 0.000142989)
(-4.01544e-09 5.15335e-09 0.000130793)
(-1.09264e-09 9.07206e-10 0.000100997)
(9.47108e-10 1.9526e-09 4.4962e-05)
(1.3103e-09 2.91181e-09 5.0681e-05)
(2.38134e-09 8.12663e-10 0.000110385)
(2.71926e-09 1.91731e-09 0.000138063)
(2.63706e-09 -1.38188e-09 0.000147257)
(8.92191e-11 -7.05671e-10 0.000149555)
(-3.29833e-10 -2.54562e-10 0.000149555)
(-2.53331e-09 -9.34556e-10 0.000147257)
(-2.02196e-09 1.35204e-09 0.000138062)
(-1.96054e-09 -8.25321e-10 0.000110385)
(-1.41475e-09 4.80763e-10 5.0681e-05)
(1.23387e-09 1.26986e-09 5.06809e-05)
(3.17805e-09 1.34869e-09 0.000110384)
(2.61324e-09 1.06043e-09 0.000138062)
(2.26629e-09 -3.96702e-10 0.000147257)
(1.16936e-09 3.76859e-10 0.000149555)
(-7.64683e-10 6.99531e-10 0.000149555)
(-1.51106e-09 -4.64273e-10 0.000147257)
(-1.89824e-09 4.74999e-10 0.000138062)
(-2.25517e-09 -9.94269e-10 0.000110385)
(-5.04762e-10 -3.0186e-09 5.0681e-05)
(-9.57291e-10 -1.48608e-09 4.49617e-05)
(3.09186e-09 1.35186e-10 0.000100996)
(5.05495e-09 -8.06058e-10 0.000130793)
(3.03034e-09 2.20842e-10 0.000142989)
(1.92255e-09 2.04192e-09 0.000146868)
(3.09964e-11 2.2737e-09 0.000146868)
(-1.43362e-09 1.1259e-09 0.000142988)
(-5.11368e-09 -6.59053e-10 0.000130792)
(-3.47019e-09 -2.56558e-09 0.000100996)
(1.93869e-09 -5.8107e-09 4.49618e-05)
(-1.50226e-09 -2.91482e-09 3.44751e-05)
(5.88473e-10 -6.12526e-09 8.16246e-05)
(1.17496e-09 -1.42062e-09 0.000112348)
(1.92172e-10 2.28775e-09 0.000128937)
(3.06758e-10 4.31407e-09 0.000135781)
(-1.35301e-10 5.21782e-09 0.000135781)
(6.03288e-10 5.38802e-09 0.000128937)
(-5.85018e-11 1.323e-09 0.000112348)
(8.28132e-10 -9.25214e-09 8.16238e-05)
(3.84236e-09 -1.04866e-08 3.44751e-05)
(-2.25702e-09 -5.41311e-09 2.10744e-05)
(-7.12939e-09 -6.60457e-09 5.33115e-05)
(-9.66224e-09 -1.86687e-09 7.85693e-05)
(-5.51819e-09 7.12251e-10 9.57187e-05)
(-3.07698e-09 2.67627e-09 0.000104216)
(2.19156e-09 3.37983e-09 0.000104216)
(6.32971e-09 2.28568e-09 9.57188e-05)
(1.32313e-08 1.37177e-09 7.85706e-05)
(1.53573e-08 -8.10846e-09 5.3312e-05)
(9.83846e-09 -1.25908e-08 2.10742e-05)
(-6.21241e-09 -4.62479e-09 7.96036e-06)
(-7.04732e-09 -1.84043e-09 1.99924e-05)
(-5.79278e-09 -1.44511e-09 3.20547e-05)
(-3.81863e-09 -1.73491e-09 4.12619e-05)
(-2.75463e-09 -4.26059e-10 4.61616e-05)
(3.96738e-10 -3.24374e-10 4.61613e-05)
(1.24241e-09 -1.57361e-09 4.12622e-05)
(3.03924e-09 -6.2245e-12 3.20548e-05)
(7.27665e-09 -1.2073e-09 1.99925e-05)
(7.79271e-09 -5.90051e-09 7.96038e-06)
(-5.15399e-09 2.94594e-09 7.9599e-06)
(8.5255e-09 -9.0444e-09 1.99921e-05)
(7.29443e-09 5.59617e-10 3.20538e-05)
(4.99348e-10 9.3687e-10 4.12616e-05)
(2.32531e-09 -5.92632e-10 4.61609e-05)
(3.52952e-10 -4.1945e-10 4.61606e-05)
(2.98236e-09 2.65376e-09 4.12614e-05)
(-4.42884e-09 2.58278e-09 3.20537e-05)
(-9.68995e-09 -8.46108e-09 1.99919e-05)
(1.37667e-09 6.70102e-10 7.96032e-06)
(2.72242e-10 1.88368e-09 2.10742e-05)
(1.14359e-09 -8.09333e-09 5.33125e-05)
(-2.14701e-09 -1.92017e-10 7.8568e-05)
(-4.87241e-11 1.32618e-09 9.57174e-05)
(-2.10545e-09 -1.27816e-09 0.000104215)
(-2.10752e-09 -7.3691e-10 0.000104215)
(-4.33609e-09 2.79561e-09 9.57168e-05)
(-2.304e-09 1.47507e-09 7.8567e-05)
(-6.27609e-09 -9.1645e-09 5.33119e-05)
(-4.94889e-09 -3.66894e-09 2.10748e-05)
(9.64404e-10 2.4967e-09 3.44753e-05)
(-1.10587e-09 5.88195e-10 8.16259e-05)
(-2.90403e-09 -3.09365e-09 0.000112348)
(2.29328e-10 -2.22345e-09 0.000128936)
(-2.91875e-10 -1.41212e-09 0.00013578)
(-1.3447e-09 -1.0372e-09 0.00013578)
(-1.96608e-09 -1.08421e-09 0.000128935)
(2.4912e-09 -2.18726e-09 0.000112348)
(2.66931e-09 -1.307e-09 8.16266e-05)
(-3.60133e-10 -7.74094e-10 3.44764e-05)
(5.86437e-11 1.89471e-09 4.49617e-05)
(2.459e-09 -8.0638e-10 0.000100996)
(2.97876e-09 -2.46176e-09 0.000130794)
(1.62031e-09 -2.02033e-09 0.000142989)
(3.98075e-10 -1.58605e-10 0.000146868)
(-9.7575e-10 -4.22299e-10 0.000146868)
(-1.62959e-09 -1.16455e-09 0.000142988)
(-2.3656e-09 -2.04227e-09 0.000130794)
(-2.01585e-09 -2.45249e-09 0.000100997)
(6.63812e-10 1.77805e-09 4.49626e-05)
(-7.99553e-10 2.86069e-09 5.06808e-05)
(9.74263e-10 -1.3919e-09 0.000110384)
(1.48911e-09 -8.3577e-10 0.000138063)
(1.84184e-10 -8.98307e-10 0.000147257)
(3.65098e-10 6.0478e-10 0.000149555)
(-2.95921e-10 4.05906e-10 0.000149555)
(-4.73153e-10 -1.81825e-10 0.000147257)
(-1.04811e-09 -7.18934e-10 0.000138064)
(-1.54016e-09 -2.62337e-09 0.000110385)
(-1.49066e-10 6.04301e-10 5.06815e-05)
(-6.09341e-10 2.31424e-09 5.06806e-05)
(1.49674e-09 -2.36455e-09 0.000110384)
(1.86776e-09 9.62784e-10 0.000138063)
(-4.49422e-10 -5.19841e-10 0.000147257)
(1.14141e-10 -1.85095e-10 0.000149555)
(-6.4169e-10 -1.22452e-10 0.000149555)
(-7.04444e-11 -9.08172e-11 0.000147257)
(-1.7338e-09 1.52737e-09 0.000138063)
(-1.33581e-09 -1.27122e-09 0.000110385)
(5.38862e-10 9.82243e-10 5.06814e-05)
(4.22312e-10 2.81208e-09 4.49618e-05)
(3.72086e-09 -4.91318e-09 0.000100996)
(4.98353e-09 3.40044e-09 0.000130794)
(3.66001e-10 9.56218e-10 0.000142989)
(1.82664e-10 3.81928e-10 0.000146868)
(-1.51759e-09 7.07208e-10 0.000146868)
(-1.29421e-09 1.0821e-09 0.000142988)
(-5.20668e-09 3.1337e-09 0.000130793)
(-4.40059e-09 -3.24533e-09 0.000100996)
(-5.69508e-10 2.79652e-09 4.49621e-05)
(2.3036e-09 -7.21604e-10 3.44752e-05)
(-3.85957e-10 -7.53343e-09 8.16257e-05)
(-1.51729e-09 6.35112e-09 0.000112349)
(-7.03694e-10 3.04652e-09 0.000128937)
(1.03811e-10 9.98108e-10 0.000135781)
(-2.63705e-10 1.58555e-09 0.000135781)
(-4.67937e-10 3.34005e-09 0.000128937)
(-9.78296e-10 6.96491e-09 0.000112348)
(-1.43153e-09 -5.88245e-09 8.16246e-05)
(-2.69702e-09 -6.80341e-11 3.4475e-05)
(-1.80875e-10 -2.58855e-09 2.10748e-05)
(-4.48644e-09 -3.78766e-10 5.33135e-05)
(-2.14778e-09 6.73177e-09 7.85697e-05)
(2.20321e-09 5.62962e-10 9.57183e-05)
(-5.1999e-10 -3.06689e-10 0.000104216)
(6.34458e-10 1.48655e-10 0.000104216)
(-2.51314e-09 -2.9569e-10 9.57181e-05)
(1.40667e-09 6.40041e-09 7.85692e-05)
(2.73635e-09 1.57253e-10 5.3312e-05)
(-8.61177e-10 -2.50515e-09 2.10741e-05)
(-2.91224e-09 -1.75349e-09 7.96043e-06)
(8.60679e-10 3.32119e-09 1.99926e-05)
(4.06345e-09 2.69732e-09 3.20544e-05)
(2.66248e-09 -6.0214e-10 4.12617e-05)
(-2.9527e-10 -3.21419e-10 4.61613e-05)
(1.60722e-09 -2.03684e-10 4.61613e-05)
(-1.45554e-09 -1.96319e-09 4.12622e-05)
(-3.14963e-09 1.47603e-09 3.20545e-05)
(-1.87745e-10 2.84465e-09 1.99922e-05)
(2.59018e-09 -1.52941e-09 7.96038e-06)
(-1.1422e-08 8.24561e-09 7.96017e-06)
(-1.65469e-09 -3.38801e-09 1.99921e-05)
(-2.48933e-09 3.62011e-09 3.20548e-05)
(-6.25202e-09 2.51255e-09 4.12624e-05)
(-6.0826e-10 -5.79501e-10 4.61621e-05)
(-1.53652e-09 -3.79581e-10 4.61622e-05)
(2.62752e-09 2.01717e-09 4.12625e-05)
(-2.48482e-09 1.45997e-09 3.20555e-05)
(-5.59213e-09 -7.59552e-09 1.99926e-05)
(7.61486e-09 5.06434e-09 7.96029e-06)
(-6.24122e-09 1.08263e-08 2.10735e-05)
(-7.18481e-09 4.95397e-10 5.33117e-05)
(-9.19698e-09 1.8898e-09 7.85708e-05)
(-2.29811e-09 -1.3557e-10 9.57194e-05)
(-7.13559e-10 -3.49045e-09 0.000104217)
(1.54373e-09 -3.08435e-09 0.000104217)
(3.18704e-09 1.68173e-09 9.57191e-05)
(7.50307e-09 2.90676e-09 7.85707e-05)
(2.16995e-09 -2.54033e-09 5.33118e-05)
(3.15251e-10 2.90489e-09 2.10732e-05)
(-2.68853e-09 8.84328e-09 3.44747e-05)
(-1.86954e-09 5.1263e-09 8.16243e-05)
(-3.4973e-10 -3.14785e-09 0.000112348)
(1.73696e-09 -3.84633e-09 0.000128938)
(8.73353e-11 -3.33671e-09 0.000135782)
(-8.85471e-10 -2.76948e-09 0.000135782)
(-3.09088e-09 -1.76331e-09 0.000128937)
(8.12187e-12 -7.50182e-10 0.000112348)
(1.92456e-09 4.09642e-09 8.16237e-05)
(3.30312e-10 2.19055e-09 3.44743e-05)
(-9.49609e-10 5.11975e-09 4.49611e-05)
(2.35946e-09 2.26757e-09 0.000100996)
(2.86969e-09 -1.15872e-09 0.000130792)
(1.15801e-09 -1.89382e-09 0.000142989)
(-1.72326e-10 -2.06796e-10 0.000146868)
(-1.79475e-09 -2.17409e-10 0.000146868)
(-2.59113e-09 -6.68235e-10 0.000142989)
(-3.44893e-09 -2.26724e-09 0.000130792)
(-1.30815e-09 -1.3928e-09 0.000100996)
(1.63316e-09 2.93763e-09 4.49611e-05)
(3.16872e-10 2.35594e-09 5.06802e-05)
(3.45655e-09 3.66842e-10 0.000110385)
(2.41338e-09 3.74591e-10 0.000138062)
(6.38329e-10 -9.55298e-10 0.000147257)
(6.72071e-10 3.47188e-10 0.000149555)
(-3.39793e-10 5.96777e-10 0.000149555)
(-7.17149e-11 -5.28132e-10 0.000147257)
(-1.45477e-09 -9.37262e-10 0.000138061)
(-2.22916e-09 -2.26864e-09 0.000110384)
(-2.7437e-10 1.51049e-09 5.06801e-05)
(2.62632e-10 4.87733e-10 5.06803e-05)
(3.47084e-09 -6.49049e-10 0.000110385)
(3.28758e-09 2.74706e-09 0.000138062)
(1.84948e-10 -9.34921e-10 0.000147257)
(2.93571e-10 -1.05944e-10 0.000149555)
(-7.14026e-10 4.75286e-10 0.000149555)
(-6.52386e-10 -3.02874e-10 0.000147257)
(-2.29018e-09 8.81153e-10 0.000138062)
(-2.10908e-09 -3.25846e-09 0.000110384)
(9.18624e-11 -1.45797e-10 5.06795e-05)
(-2.25156e-09 -1.97604e-09 4.49621e-05)
(1.64722e-09 -4.96136e-09 0.000100996)
(5.34084e-09 4.2081e-09 0.000130792)
(1.54775e-09 5.39255e-10 0.000142989)
(1.41309e-09 1.0243e-09 0.000146868)
(-6.65816e-10 1.43073e-09 0.000146868)
(-1.4008e-09 8.74643e-10 0.000142989)
(-5.65827e-09 2.22666e-09 0.000130793)
(-2.81709e-09 -6.63433e-09 0.000100996)
(1.05867e-09 2.37729e-10 4.49608e-05)
(-3.75957e-10 -2.3595e-09 3.44758e-05)
(-2.09063e-09 -1.08508e-08 8.16245e-05)
(9.31212e-10 4.64435e-09 0.000112348)
(1.08085e-09 3.36771e-09 0.000128937)
(7.91835e-10 3.50494e-09 0.000135781)
(9.77553e-10 4.12073e-09 0.000135782)
(5.38323e-10 4.20982e-09 0.000128937)
(-5.76022e-11 4.82597e-09 0.000112349)
(9.90868e-10 -1.25346e-08 8.1624e-05)
(-3.6338e-10 -4.39575e-09 3.4475e-05)
(-6.57204e-10 -5.0844e-09 2.10744e-05)
(-6.82726e-09 -7.57136e-09 5.33115e-05)
(-6.84614e-09 2.80715e-09 7.857e-05)
(-1.83946e-09 6.74481e-10 9.57185e-05)
(-5.88242e-10 2.53946e-09 0.000104217)
(3.76696e-09 2.48008e-09 0.000104218)
(5.96235e-09 8.41386e-10 9.57196e-05)
(1.26141e-08 2.6215e-09 7.85709e-05)
(1.23801e-08 -8.10373e-09 5.33117e-05)
(5.11701e-09 -9.67769e-09 2.10746e-05)
(-6.20814e-09 -5.48003e-09 7.96058e-06)
(-6.85554e-09 -2.40857e-09 1.99928e-05)
(-3.12024e-09 3.1791e-10 3.20554e-05)
(-1.69393e-09 -1.45461e-09 4.12627e-05)
(-2.26728e-09 -2.85751e-12 4.61622e-05)
(1.47275e-09 -4.58824e-10 4.6162e-05)
(8.03429e-10 -1.81496e-09 4.12625e-05)
(3.02824e-09 -8.97719e-11 3.20553e-05)
(6.66441e-09 -9.0441e-10 1.99927e-05)
(6.43466e-09 -5.12339e-09 7.96057e-06)
(-6.09864e-09 2.70774e-09 7.96051e-06)
(8.29837e-09 -8.82549e-09 1.99928e-05)
(3.96666e-09 3.06342e-09 3.2055e-05)
(-4.4356e-09 2.36484e-09 4.12621e-05)
(1.6023e-09 -1.07288e-09 4.61617e-05)
(-1.65721e-09 -9.29393e-10 4.61621e-05)
(4.47496e-09 1.72018e-09 4.12624e-05)
(-1.5216e-09 2.57462e-09 3.20553e-05)
(-5.2216e-09 -5.86197e-09 1.99927e-05)
(4.40865e-09 2.22206e-09 7.96053e-06)
(-7.20302e-10 1.70774e-09 2.10743e-05)
(2.55361e-09 -8.00024e-09 5.33123e-05)
(-4.73267e-09 5.94263e-09 7.85702e-05)
(-1.67e-09 7.84505e-10 9.57189e-05)
(4.49474e-10 -3.35606e-09 0.000104217)
(-4.75968e-10 -2.59566e-09 0.000104217)
(8.75112e-10 1.11642e-10 9.57191e-05)
(4.17645e-09 4.79702e-09 7.85706e-05)
(-1.0849e-09 -5.29538e-09 5.33119e-05)
(1.02257e-09 2.77671e-09 2.10739e-05)
(1.39692e-09 1.78923e-09 3.44755e-05)
(-1.14328e-09 -9.17206e-10 8.16246e-05)
(-5.33707e-09 5.21293e-09 0.000112348)
(2.48019e-10 -4.99055e-09 0.000128937)
(-2.26789e-10 -4.01136e-09 0.000135782)
(-2.92183e-10 -3.53414e-09 0.000135782)
(-6.22372e-10 -4.32797e-09 0.000128938)
(4.29473e-09 5.32244e-09 0.000112348)
(1.86261e-10 -1.34099e-10 8.16239e-05)
(-1.1337e-09 1.97489e-09 3.44747e-05)
(1.47885e-09 -1.64002e-11 4.49618e-05)
(1.15834e-09 -9.75312e-10 0.000100996)
(1.20704e-09 3.85567e-09 0.000130792)
(2.5315e-09 -3.33901e-09 0.000142989)
(-7.77851e-10 -2.05088e-09 0.000146868)
(-1.18571e-09 -2.1145e-09 0.000146869)
(-4.21794e-09 -3.08903e-09 0.000142989)
(-2.79282e-09 3.18108e-09 0.000130791)
(-2.28171e-09 -1.0362e-09 0.000100996)
(-1.90949e-09 -7.27253e-10 4.49614e-05)
(6.10223e-10 9.43472e-10 5.06809e-05)
(8.22641e-11 -5.11434e-10 0.000110385)
(6.38019e-10 1.43776e-09 0.000138062)
(7.4622e-10 -9.18216e-10 0.000147257)
(-7.49324e-10 5.83205e-11 0.000149555)
(-5.24086e-10 -2.97684e-10 0.000149555)
(-2.60587e-09 -1.18019e-09 0.000147257)
(-1.75011e-09 1.01779e-09 0.000138061)
(-1.43057e-09 -1.37086e-09 0.000110384)
(-1.35463e-09 -6.3763e-10 5.06803e-05)
(2.47199e-10 -5.56824e-10 5.06811e-05)
(5.50427e-10 5.34163e-10 0.000110386)
(1.16457e-09 1.72849e-09 0.000138062)
(5.86656e-10 -6.09895e-10 0.000147257)
(-2.55054e-10 3.37114e-10 0.000149555)
(-5.07429e-10 2.07396e-10 0.000149555)
(-1.6622e-09 -5.89517e-10 0.000147256)
(-1.92688e-09 1.25832e-09 0.000138061)
(-2.29296e-09 -1.14532e-09 0.000110385)
(-1.00821e-09 -3.35765e-09 5.06798e-05)
(1.18824e-10 4.01408e-10 4.49623e-05)
(2.50052e-09 4.85636e-10 0.000100997)
(3.56797e-09 2.41028e-09 0.000130792)
(9.72815e-10 1.20738e-09 0.000142989)
(3.3038e-10 1.27471e-09 0.000146868)
(-2.35688e-10 1.21543e-09 0.000146868)
(-8.46527e-10 5.1714e-10 0.000142989)
(-2.86066e-09 7.82899e-10 0.000130793)
(-3.16742e-09 -1.13913e-09 0.000100996)
(6.23297e-10 -5.43798e-09 4.49611e-05)
(3.69003e-10 -1.624e-09 3.44759e-05)
(2.75293e-10 -2.05792e-09 8.16245e-05)
(-1.40679e-09 3.46641e-09 0.000112348)
(-7.15265e-10 3.10602e-09 0.000128936)
(6.34253e-10 1.59301e-09 0.000135781)
(5.85371e-10 1.50939e-09 0.000135781)
(2.31595e-09 2.41202e-09 0.000128937)
(2.90055e-09 3.14336e-09 0.000112348)
(1.95993e-09 -3.0576e-09 8.16249e-05)
(3.06013e-09 -7.53008e-09 3.44754e-05)
(-6.37003e-10 -2.21942e-09 2.1074e-05)
(-2.54171e-10 4.34514e-09 5.33105e-05)
(5.18988e-10 5.13298e-09 7.85692e-05)
(2.74901e-09 -3.94225e-11 9.57182e-05)
(1.13378e-09 -2.28957e-10 0.000104217)
(2.13463e-09 1.29128e-10 0.000104217)
(1.22206e-09 -1.31314e-09 9.57186e-05)
(2.5336e-09 3.27298e-09 7.85704e-05)
(4.79736e-09 1.07924e-09 5.33121e-05)
(4.55852e-09 -5.83519e-09 2.10751e-05)
(-6.07267e-10 -9.02903e-10 7.96045e-06)
(5.98112e-09 6.26522e-09 1.99922e-05)
(7.39782e-09 3.28674e-09 3.20549e-05)
(4.34992e-09 -9.26943e-10 4.12624e-05)
(2.10244e-09 -4.14831e-10 4.61618e-05)
(2.82072e-09 -5.0273e-10 4.61614e-05)
(3.94702e-10 -2.31036e-09 4.1262e-05)
(-2.41381e-09 9.90429e-10 3.20551e-05)
(4.31841e-11 2.66748e-09 1.99927e-05)
(1.45247e-09 -9.79304e-10 7.96064e-06)
(-1.30324e-08 9.60437e-09 7.96017e-06)
(-1.42042e-09 -3.18182e-09 1.99926e-05)
(-4.6805e-09 5.73127e-09 3.20546e-05)
(-8.87198e-09 2.56995e-09 4.12628e-05)
(3.41167e-10 -6.61114e-10 4.6162e-05)
(7.43789e-11 -6.61006e-10 4.61616e-05)
(7.96309e-09 2.11752e-09 4.1262e-05)
(1.55097e-09 4.16338e-09 3.20538e-05)
(-3.56145e-09 -6.26969e-09 1.99922e-05)
(9.55001e-09 6.43108e-09 7.9601e-06)
(-7.37087e-09 1.17235e-08 2.10745e-05)
(-6.45648e-09 6.29874e-10 5.33118e-05)
(-1.278e-08 8.33024e-09 7.85679e-05)
(-4.81543e-09 -2.90303e-09 9.57193e-05)
(2.14931e-09 -6.4015e-09 0.000104217)
(4.09956e-09 -5.88738e-09 0.000104218)
(9.53366e-09 -7.43506e-10 9.57189e-05)
(1.46354e-08 1.03219e-08 7.85678e-05)
(5.91142e-09 5.95223e-10 5.33114e-05)
(4.93348e-09 7.96674e-09 2.10744e-05)
(-1.25746e-09 8.98061e-09 3.44751e-05)
(-4.19318e-10 4.31636e-09 8.16249e-05)
(-3.17636e-09 6.17486e-09 0.000112347)
(1.40635e-09 -7.89339e-09 0.000128936)
(7.73946e-11 -7.59443e-09 0.000135781)
(8.9771e-11 -6.39511e-09 0.000135781)
(-1.06466e-09 -5.25962e-09 0.000128937)
(3.2249e-09 1.00836e-08 0.000112348)
(2.32663e-10 5.6328e-09 8.1626e-05)
(-5.12314e-10 4.12335e-09 3.44756e-05)
(6.73644e-10 4.65495e-09 4.49612e-05)
(1.93074e-09 2.59584e-09 0.000100995)
(2.77171e-09 5.4541e-09 0.000130793)
(3.25759e-09 -3.65312e-09 0.000142989)
(-1.30432e-09 -3.57409e-09 0.000146868)
(-1.91768e-09 -2.63598e-09 0.000146868)
(-5.83258e-09 -2.37722e-09 0.000142989)
(-4.35781e-09 6.31469e-09 0.000130794)
(-1.78406e-09 5.1826e-10 0.000100996)
(-2.14879e-10 5.07823e-10 4.49621e-05)
(1.6408e-09 2.28253e-09 5.06808e-05)
(1.49781e-09 2.05084e-09 0.000110384)
(1.05127e-09 2.86372e-09 0.000138063)
(1.59039e-09 -1.59825e-09 0.000147257)
(-6.93748e-10 -1.55128e-09 0.000149555)
(-6.88259e-10 -6.27386e-10 0.000149555)
(-3.4353e-09 -7.22185e-10 0.000147256)
(-2.38679e-09 2.66334e-09 0.000138063)
(-2.02024e-09 -8.30984e-10 0.000110384)
(-1.71629e-09 2.04427e-10 5.06811e-05)
(1.55407e-09 -1.41444e-10 5.06809e-05)
(1.92112e-09 3.28981e-09 0.000110384)
(1.14116e-09 2.49331e-09 0.000138063)
(1.1583e-09 -1.27254e-09 0.000147257)
(1.20095e-10 -1.29906e-10 0.000149555)
(-8.02869e-10 3.49465e-10 0.000149554)
(-2.63117e-09 -2.66559e-10 0.000147256)
(-2.60322e-09 1.85729e-09 0.000138063)
(-3.11346e-09 -2.03937e-09 0.000110384)
(-1.2285e-09 -4.17809e-09 5.06812e-05)
(-1.41957e-09 -1.35527e-09 4.49617e-05)
(1.77149e-09 3.50809e-09 0.000100996)
(3.98836e-09 6.82112e-10 0.000130793)
(2.63906e-09 -6.40718e-10 0.000142988)
(1.25638e-09 1.11538e-09 0.000146868)
(-6.97358e-10 1.37795e-09 0.000146868)
(-2.42987e-09 5.031e-10 0.000142988)
(-4.34082e-09 5.54679e-10 0.000130793)
(-1.89641e-09 -2.65198e-09 0.000100995)
(2.30419e-09 -6.9446e-09 4.49617e-05)
(-6.8662e-10 -8.4607e-10 3.4475e-05)
(2.22925e-09 -1.53339e-09 8.16245e-05)
(2.79616e-09 -2.46552e-10 0.000112347)
(8.39737e-10 1.31357e-09 0.000128936)
(7.59749e-10 3.63946e-09 0.000135781)
(2.24088e-12 4.17333e-09 0.000135781)
(3.58921e-10 3.2336e-09 0.000128936)
(4.51802e-10 1.18913e-09 0.000112347)
(2.53784e-09 -8.19787e-09 8.16245e-05)
(4.75428e-09 -9.82321e-09 3.44749e-05)
(-3.60266e-10 -4.28239e-09 2.10739e-05)
(-1.99204e-09 -2.65306e-09 5.33105e-05)
(-5.12921e-09 -3.77083e-10 7.85674e-05)
(-3.15218e-09 -4.72605e-10 9.57187e-05)
(-1.21866e-09 2.50436e-09 0.000104217)
(2.47884e-09 2.35759e-09 0.000104218)
(5.97496e-09 1.55546e-10 9.57193e-05)
(1.00947e-08 3.45386e-10 7.85693e-05)
(1.00779e-08 -5.23345e-09 5.33116e-05)
(7.3133e-09 -1.03649e-08 2.10735e-05)
(-7.81895e-09 -5.95975e-09 7.96011e-06)
(-6.49471e-09 -1.92198e-09 1.99921e-05)
(-4.01304e-09 -1.25486e-09 3.20542e-05)
(-3.62178e-09 -1.79971e-09 4.12623e-05)
(-2.15621e-09 -4.5279e-10 4.61618e-05)
(1.0396e-09 -6.19074e-10 4.61618e-05)
(1.58595e-09 -1.84303e-09 4.12629e-05)
(1.66504e-09 -2.05306e-10 3.2055e-05)
(4.93e-09 1.63074e-10 1.99925e-05)
(8.01744e-09 -6.07222e-09 7.9601e-06)
(-7.79767e-09 6.04004e-09 7.96043e-06)
(2.66983e-09 -5.69086e-09 1.99924e-05)
(6.22675e-10 3.03803e-09 3.20542e-05)
(-4.38382e-09 2.19015e-09 4.12618e-05)
(-2.66368e-10 -3.15753e-11 4.61612e-05)
(-1.03306e-09 2.70405e-11 4.61611e-05)
(2.27732e-09 1.78267e-09 4.12616e-05)
(-4.51538e-09 9.92947e-10 3.20535e-05)
(-9.03217e-09 -1.03065e-08 1.99921e-05)
(5.64991e-09 4.14218e-09 7.96014e-06)
(-6.58009e-09 9.76859e-09 2.10745e-05)
(-5.99294e-09 -2.95068e-09 5.33127e-05)
(-7.26292e-09 3.87577e-10 7.85683e-05)
(-1.77013e-09 -7.4162e-10 9.57181e-05)
(-2.18302e-10 -3.74714e-09 0.000104216)
(2.35567e-09 -3.05232e-09 0.000104216)
(3.23698e-09 1.59397e-09 9.57179e-05)
(6.50927e-09 2.89053e-09 7.85681e-05)
(-5.77874e-11 -5.61754e-09 5.33128e-05)
(-1.51905e-09 1.09871e-09 2.10748e-05)
(-1.21036e-09 7.53643e-09 3.44749e-05)
(-1.00344e-09 2.93901e-09 8.16256e-05)
(-1.93168e-09 -4.55848e-09 0.000112348)
(1.37764e-09 -5.56953e-09 0.000128936)
(3.18743e-11 -4.83033e-09 0.00013578)
(-7.87638e-10 -3.36096e-09 0.00013578)
(-2.0652e-09 -2.17299e-09 0.000128936)
(1.16007e-09 -1.31703e-11 0.000112349)
(1.96799e-09 2.72682e-09 8.16266e-05)
(-7.32586e-10 9.5691e-10 3.4476e-05)
(-3.72837e-10 4.79588e-09 4.49617e-05)
(3.29713e-09 1.16671e-09 0.000100996)
(2.26383e-09 -1.51488e-09 0.000130794)
(1.92907e-10 -3.09558e-09 0.000142988)
(-1.09472e-09 -1.35875e-09 0.000146868)
(-2.64466e-09 -2.07914e-10 0.000146867)
(-3.45564e-09 -1.26326e-09 0.000142988)
(-3.10418e-09 -1.05917e-09 0.000130795)
(-5.78415e-10 -1.81512e-09 0.000100997)
(1.60192e-09 2.14578e-09 4.49624e-05)
(7.70573e-10 2.07394e-09 5.06809e-05)
(3.67736e-09 1.16811e-10 0.000110384)
(1.5676e-09 7.33468e-10 0.000138063)
(-2.71109e-10 -1.63106e-09 0.000147256)
(1.32651e-10 -6.57559e-10 0.000149554)
(-5.79896e-10 -3.55633e-10 0.000149555)
(-1.09886e-10 -7.73051e-10 0.000147256)
(-1.10589e-09 1.26867e-10 0.000138063)
(-2.51275e-09 -1.73773e-09 0.000110385)
(-4.62722e-10 1.99218e-09 5.06812e-05)
(5.08251e-10 1.40049e-10 5.0681e-05)
(3.07631e-09 -9.50528e-10 0.000110384)
(2.73789e-09 3.59875e-09 0.000138063)
(5.46065e-10 -8.83215e-10 0.000147256)
(1.36427e-10 -3.30538e-10 0.000149555)
(-9.09541e-10 -3.55586e-10 0.000149554)
(-4.65257e-10 9.94701e-11 0.000147256)
(-2.36406e-09 2.0166e-09 0.000138063)
(-1.91131e-09 -1.96204e-09 0.000110385)
(6.64083e-10 -2.77113e-10 5.06816e-05)
(-2.24092e-09 -1.11065e-09 4.4962e-05)
(1.02831e-09 -3.77729e-09 0.000100996)
(5.08367e-09 5.09266e-09 0.000130793)
(1.31408e-09 6.37944e-10 0.000142988)
(4.0591e-10 5.04357e-10 0.000146867)
(-1.69653e-09 3.07309e-10 0.000146868)
(-2.5083e-09 4.02514e-10 0.000142989)
(-6.36988e-09 3.2496e-09 0.000130793)
(-3.35889e-09 -3.91715e-09 0.000100996)
(5.01556e-10 1.59293e-09 4.49621e-05)
(-4.78883e-10 -7.58005e-10 3.44751e-05)
(-2.89006e-09 -9.42315e-09 8.16252e-05)
(2.43568e-10 4.80468e-09 0.000112348)
(-3.24742e-10 3.8439e-09 0.000128936)
(-1.04666e-09 3.10337e-09 0.00013578)
(-2.07587e-09 3.48577e-09 0.000135781)
(-3.72159e-09 4.5637e-09 0.000128936)
(-4.63425e-09 5.11401e-09 0.000112348)
(-2.45563e-09 -1.04054e-08 8.16246e-05)
(-2.48349e-09 -5.06497e-10 3.4475e-05)
(1.0056e-09 -2.3032e-09 2.10745e-05)
(-4.92054e-09 -3.95764e-09 5.33128e-05)
(-4.71132e-09 4.53504e-09 7.85692e-05)
(-1.54201e-09 1.2364e-09 9.57185e-05)
(-2.53873e-09 2.17079e-09 0.000104216)
(1.37031e-09 2.40865e-09 0.000104216)
(1.40597e-09 1.51662e-09 9.57184e-05)
(6.78556e-09 3.42172e-09 7.85688e-05)
(7.03512e-09 -5.47248e-09 5.3312e-05)
(1.23345e-09 -5.96727e-09 2.10736e-05)
(-4.37146e-09 -3.93159e-09 7.96013e-06)
(-2.57039e-09 8.21603e-10 1.99923e-05)
(1.54357e-10 2.02263e-09 3.20541e-05)
(5.23363e-10 -1.33828e-09 4.12617e-05)
(-1.4237e-09 -4.72068e-10 4.61609e-05)
(1.94315e-09 -4.02419e-10 4.61611e-05)
(5.5426e-10 -2.27013e-09 4.1262e-05)
(1.17488e-09 5.83275e-10 3.20541e-05)
(4.65676e-09 3.91812e-10 1.9992e-05)
(6.58705e-09 -5.3394e-09 7.95995e-06)
(-1.63133e-08 1.31271e-08 7.9605e-06)
(-1.28241e-09 -4.24415e-09 1.99926e-05)
(-6.2642e-10 1.73592e-09 3.20544e-05)
(-5.58649e-09 1.9346e-09 4.12613e-05)
(8.50772e-10 -7.41354e-10 4.6161e-05)
(9.80559e-10 -2.65661e-11 4.61611e-05)
(4.49739e-09 2.54332e-09 4.12618e-05)
(-7.4286e-10 2.43393e-09 3.20542e-05)
(-3.86197e-09 -6.32054e-09 1.99923e-05)
(4.51089e-09 2.48208e-09 7.9603e-06)
(-1.10775e-08 1.51952e-08 2.10742e-05)
(-9.49929e-09 -2.46969e-10 5.33129e-05)
(-8.80396e-09 -4.63602e-10 7.85693e-05)
(-1.64857e-09 -1.70304e-09 9.57177e-05)
(5.92752e-10 -4.88097e-09 0.000104215)
(3.41335e-09 -3.11615e-09 0.000104215)
(4.80427e-09 2.53245e-09 9.57177e-05)
(9.75026e-09 4.74997e-09 7.85696e-05)
(3.6626e-09 -1.38702e-09 5.33134e-05)
(-1.2962e-10 3.13989e-09 2.10747e-05)
(-2.67571e-09 1.07523e-08 3.4475e-05)
(-1.61274e-09 5.04431e-09 8.16251e-05)
(-1.15695e-09 -3.66609e-09 0.000112348)
(1.254e-09 -5.83821e-09 0.000128936)
(-3.48427e-10 -5.26669e-09 0.00013578)
(-2.31207e-09 -3.12866e-09 0.00013578)
(-3.77829e-09 -1.87476e-09 0.000128936)
(7.27777e-10 6.54886e-10 0.000112348)
(2.20905e-09 5.10101e-09 8.16248e-05)
(9.40948e-10 3.68896e-09 3.44754e-05)
(-5.96503e-10 6.62786e-09 4.4962e-05)
(4.78269e-09 2.88442e-09 0.000100996)
(4.64666e-09 -1.40005e-09 0.000130793)
(1.56774e-09 -2.85093e-09 0.000142988)
(5.62671e-10 -1.45655e-09 0.000146867)
(-1.83294e-09 -4.04445e-10 0.000146867)
(-3.3478e-09 -7.37369e-10 0.000142989)
(-4.72214e-09 -1.33256e-09 0.000130793)
(-2.11479e-09 -7.65099e-10 0.000100996)
(1.86786e-09 2.43349e-09 4.49621e-05)
(8.9455e-10 3.18542e-09 5.06807e-05)
(4.6394e-09 1.01521e-09 0.000110385)
(2.67798e-09 3.57785e-10 0.000138062)
(-1.72744e-10 -1.7003e-09 0.000147256)
(-4.0735e-10 -4.69802e-10 0.000149554)
(-1.68364e-09 -2.84161e-10 0.000149555)
(-8.71064e-10 -3.18304e-10 0.000147257)
(-2.16314e-09 2.57251e-10 0.000138063)
(-2.94668e-09 -1.26057e-09 0.000110385)
(4.86395e-11 1.88378e-09 5.06807e-05)
(-9.08256e-12 1.47061e-09 5.06807e-05)
(3.33053e-09 1.49288e-10 0.000110385)
(3.29583e-09 3.03168e-09 0.000138063)
(4.94361e-11 -1.02647e-09 0.000147256)
(3.74907e-11 -1.43211e-10 0.000149555)
(-1.55693e-09 5.97213e-10 0.000149555)
(-6.84605e-10 -2.66932e-10 0.000147257)
(-2.85983e-09 1.60794e-09 0.000138063)
(-1.79446e-09 -3.23059e-09 0.000110385)
(1.40437e-09 -3.91961e-10 5.06809e-05)
(-1.47571e-09 1.72285e-10 4.49619e-05)
(2.59306e-09 -2.43052e-09 0.000100996)
(6.38689e-09 4.63719e-09 0.000130793)
(2.28988e-09 4.7071e-10 0.000142989)
(1.01116e-09 5.40235e-10 0.000146868)
(-1.53102e-09 1.06097e-09 0.000146868)
(-2.07857e-09 4.7936e-10 0.000142989)
(-5.65492e-09 2.00076e-09 0.000130793)
(-1.57127e-09 -6.59095e-09 0.000100996)
(2.05277e-09 -2.4347e-10 4.49619e-05)
(1.24175e-09 2.91281e-10 3.44751e-05)
(6.90854e-10 -7.93601e-09 8.16253e-05)
(3.28177e-09 5.12893e-09 0.000112349)
(1.80564e-09 3.17356e-09 0.000128937)
(2.1945e-10 3.35661e-09 0.000135781)
(3.7086e-11 4.07448e-09 0.000135781)
(-1.37524e-09 4.19055e-09 0.000128937)
(-1.79297e-09 3.65192e-09 0.000112348)
(6.76929e-10 -1.30313e-08 8.16243e-05)
(-3.71735e-10 -3.51742e-09 3.4475e-05)
(1.517e-09 -3.09605e-09 2.10744e-05)
(-5.49906e-09 -5.73099e-09 5.33139e-05)
(-5.98746e-09 3.27665e-09 7.85713e-05)
(-1.38695e-09 1.3096e-09 9.57184e-05)
(-1.70835e-09 2.32904e-09 0.000104215)
(2.97559e-09 3.02592e-09 0.000104215)
(3.83506e-09 1.84672e-09 9.57177e-05)
(1.07329e-08 2.32057e-09 7.85691e-05)
(1.09152e-08 -8.88172e-09 5.33123e-05)
(2.92041e-09 -7.64289e-09 2.10745e-05)
(-7.29429e-09 -6.21627e-09 7.96025e-06)
(-6.84952e-09 -2.0672e-09 1.99923e-05)
(-3.34895e-09 1.68954e-10 3.20545e-05)
(-1.43048e-09 -1.29724e-09 4.12616e-05)
(-2.32899e-09 -6.80551e-10 4.61608e-05)
(2.02582e-09 -4.3142e-10 4.61609e-05)
(1.70047e-09 -1.66014e-09 4.12613e-05)
(3.63686e-09 -5.21654e-10 3.20539e-05)
(6.72968e-09 -1.65099e-09 1.99921e-05)
(4.32636e-09 -3.38716e-09 7.9603e-06)
(-1.53713e-09 7.35137e-10 7.96035e-06)
(6.57317e-09 -7.94897e-09 1.99923e-05)
(3.49668e-09 7.75306e-10 3.20549e-05)
(-2.14529e-09 1.35714e-09 4.12623e-05)
(1.03747e-09 -6.24005e-10 4.61622e-05)
(-4.29819e-10 -4.73055e-10 4.61622e-05)
(1.21247e-09 1.48482e-09 4.12624e-05)
(-4.41274e-09 1.02791e-09 3.20554e-05)
(-6.31501e-09 -6.12798e-09 1.99927e-05)
(3.5205e-09 2.53132e-09 7.96044e-06)
(-2.75647e-10 2.67908e-09 2.10741e-05)
(3.04844e-10 -6.38797e-09 5.33119e-05)
(-1.61086e-09 -1.4036e-09 7.85698e-05)
(1.36038e-09 4.25278e-10 9.57189e-05)
(-5.21465e-10 -2.19171e-09 0.000104217)
(1.73531e-10 -1.04289e-09 0.000104217)
(-3.0573e-09 2.55175e-09 9.57187e-05)
(-1.03128e-09 -1.42392e-10 7.85709e-05)
(-2.65218e-09 -6.93143e-09 5.33124e-05)
(-1.78211e-09 -2.60958e-10 2.10739e-05)
(1.57902e-09 2.21047e-09 3.44752e-05)
(-1.65462e-10 9.45303e-10 8.16249e-05)
(-1.70213e-09 -3.89285e-09 0.000112348)
(1.06711e-09 -3.07959e-09 0.000128937)
(-3.14595e-10 -1.74367e-09 0.000135781)
(-1.68681e-09 -7.83676e-10 0.000135781)
(-2.282e-09 -1.87003e-10 0.000128937)
(1.97833e-09 -3.59134e-09 0.000112348)
(2.1864e-09 -1.08111e-09 8.1624e-05)
(-1.74709e-10 1.09932e-09 3.44747e-05)
(1.07526e-10 8.62174e-10 4.49614e-05)
(2.76841e-09 -1.27274e-09 0.000100996)
(2.32142e-09 -1.40601e-09 0.000130792)
(1.3616e-10 -1.81627e-09 0.000142989)
(-9.68805e-10 1.25844e-10 0.000146868)
(-2.42559e-09 4.90228e-10 0.000146868)
(-2.33029e-09 -1.04475e-09 0.000142989)
(-3.03486e-09 -3.86021e-09 0.000130792)
(-2.5724e-09 -2.42946e-09 0.000100996)
(1.91896e-10 2.08148e-09 4.4961e-05)
(-5.41665e-10 1.40395e-09 5.06804e-05)
(9.8427e-10 -1.68498e-09 0.000110385)
(6.7441e-10 5.86024e-10 0.000138061)
(-8.19555e-10 -8.2297e-10 0.000147256)
(-2.07762e-10 -3.98829e-10 0.000149555)
(-2.92459e-10 2.95026e-10 0.000149555)
(6.6354e-10 -1.03456e-09 0.000147257)
(-1.29231e-09 -1.32634e-09 0.000138061)
(-2.39492e-09 -2.12938e-09 0.000110384)
(-1.47002e-10 7.74917e-10 5.06799e-05)
(-8.66371e-10 9.15052e-10 5.068e-05)
(8.82714e-10 -2.02659e-09 0.000110385)
(1.40823e-09 1.90551e-09 0.000138062)
(-7.5704e-10 -5.71374e-10 0.000147257)
(5.16435e-10 -1.15254e-09 0.000149555)
(-3.0194e-10 -7.35947e-10 0.000149555)
(3.30834e-10 -2.89484e-10 0.000147257)
(-2.37226e-09 1.69508e-09 0.000138061)
(-2.11317e-09 -1.6832e-09 0.000110384)
(6.83168e-10 1.17685e-09 5.06794e-05)
(1.90864e-10 2.24334e-09 4.49611e-05)
(3.35364e-09 -4.70363e-09 0.000100996)
(4.63154e-09 3.43845e-09 0.000130792)
(1.29637e-09 4.96132e-10 0.000142989)
(1.47779e-09 -9.53658e-10 0.000146868)
(-3.79143e-10 -2.33399e-11 0.000146868)
(-5.70388e-10 1.49748e-09 0.000142989)
(-4.59703e-09 4.17094e-09 0.000130792)
(-3.30044e-09 -4.16901e-09 0.000100995)
(-5.89717e-10 2.65784e-09 4.49608e-05)
(1.9305e-09 -1.60968e-09 3.44746e-05)
(-6.49721e-10 -8.88511e-09 8.16237e-05)
(-4.11442e-10 5.87246e-09 0.000112348)
(3.15034e-10 2.40816e-09 0.000128937)
(1.03855e-10 -7.78267e-11 0.000135781)
(-8.085e-11 6.31285e-10 0.000135781)
(-1.37795e-10 3.38259e-09 0.000128937)
(1.25036e-10 7.42204e-09 0.000112348)
(-1.09553e-09 -5.72335e-09 8.16237e-05)
(-3.47762e-09 1.17749e-09 3.44744e-05)
(-9.3752e-10 -5.46436e-09 2.10735e-05)
(-3.6423e-09 -1.08877e-09 5.33112e-05)
(-9.50134e-10 6.89863e-09 7.85701e-05)
(3.42884e-09 3.31861e-10 9.57185e-05)
(-2.57763e-10 -9.61913e-11 0.000104217)
(5.07947e-10 -1.46267e-10 0.000104217)
(-3.09874e-09 2.42931e-10 9.57191e-05)
(8.84948e-11 6.39111e-09 7.85704e-05)
(2.1761e-09 7.49426e-11 5.33112e-05)
(-1.88973e-10 -2.84457e-09 2.10737e-05)
(-6.56854e-09 -5.28863e-09 7.96002e-06)
(-5.51207e-10 3.19578e-09 1.99921e-05)
(4.2001e-09 3.18518e-09 3.20548e-05)
(3.31993e-09 -8.80411e-10 4.1262e-05)
(-4.9935e-10 -2.24987e-10 4.61618e-05)
(1.55207e-09 -1.72967e-10 4.61621e-05)
(-1.31635e-09 -1.51926e-09 4.12625e-05)
(-2.16964e-09 1.65482e-09 3.20553e-05)
(1.14455e-09 1.5667e-09 1.99924e-05)
(2.16246e-09 -1.85408e-09 7.96015e-06)
(-1.17905e-08 8.35277e-09 7.9605e-06)
(-2.43723e-09 -2.74398e-09 1.99923e-05)
(-5.82099e-09 5.67552e-09 3.20545e-05)
(-9.16991e-09 1.30115e-09 4.12621e-05)
(-3.71883e-10 -9.99648e-10 4.61618e-05)
(-5.82473e-10 -9.45053e-10 4.6162e-05)
(6.92005e-09 1.59611e-09 4.12621e-05)
(2.08914e-09 4.04276e-09 3.20547e-05)
(-1.36658e-09 -5.48831e-09 1.99926e-05)
(1.20676e-08 8.74665e-09 7.96052e-06)
(-7.3763e-09 1.16769e-08 2.10743e-05)
(-6.75214e-09 1.48782e-09 5.33122e-05)
(-1.33695e-08 9.16187e-09 7.85691e-05)
(-6.1063e-09 -3.25678e-09 9.57191e-05)
(-8.09602e-10 -6.63445e-09 0.000104217)
(2.83402e-09 -5.92341e-09 0.000104217)
(8.61642e-09 -8.4444e-10 9.5719e-05)
(1.47962e-08 1.07717e-08 7.85696e-05)
(5.87863e-09 8.57351e-10 5.33118e-05)
(4.59163e-09 8.69161e-09 2.10741e-05)
(-1.22559e-09 7.387e-09 3.44751e-05)
(-4.20975e-10 4.07672e-09 8.16249e-05)
(-1.77585e-09 7.39476e-09 0.000112348)
(2.90134e-09 -7.03331e-09 0.000128937)
(1.44004e-10 -6.59743e-09 0.000135781)
(-1.22788e-09 -5.96535e-09 0.000135781)
(-3.3165e-09 -5.51222e-09 0.000128936)
(2.19587e-09 1.00395e-08 0.000112347)
(-6.13483e-10 4.64875e-09 8.16243e-05)
(-9.49158e-10 3.77516e-09 3.44751e-05)
(5.48206e-11 3.46274e-09 4.49614e-05)
(1.65197e-09 9.55856e-10 0.000100996)
(2.93801e-09 4.55643e-09 0.000130793)
(3.6853e-09 -3.01278e-09 0.000142989)
(-7.82291e-11 -1.60883e-09 0.000146868)
(-1.46041e-09 -1.59193e-09 0.000146868)
(-4.66236e-09 -2.37623e-09 0.000142989)
(-3.69209e-09 5.26529e-09 0.000130792)
(-1.36494e-09 -7.73741e-10 0.000100996)
(4.82446e-10 3.03052e-10 4.49615e-05)
(1.40451e-09 1.51143e-09 5.06803e-05)
(2.06841e-09 8.87116e-10 0.000110384)
(1.41326e-09 1.6376e-09 0.000138062)
(1.54202e-09 -6.95179e-10 0.000147257)
(-9.00064e-11 -2.70306e-10 0.000149555)
(-8.24588e-10 -3.35364e-10 0.000149555)
(-2.36505e-09 -3.72021e-10 0.000147257)
(-1.49942e-09 1.52303e-09 0.000138062)
(-1.71108e-09 -1.02176e-09 0.000110384)
(-1.26334e-09 1.96361e-10 5.06804e-05)
(1.2424e-09 -1.12536e-09 5.06801e-05)
(2.60942e-09 1.39464e-09 0.000110385)
(1.67693e-09 1.9964e-09 0.000138062)
(1.27572e-09 -5.20677e-10 0.000147257)
(4.8379e-10 2.94179e-10 0.000149555)
(-6.7103e-10 1.42415e-10 0.000149555)
(-1.55679e-09 -3.47334e-10 0.000147257)
(-1.99174e-09 6.16691e-10 0.000138062)
(-2.23074e-09 -1.2453e-09 0.000110385)
(-5.8313e-10 -3.06118e-09 5.06799e-05)
(-1.80063e-09 -3.20339e-09 4.49613e-05)
(2.5044e-09 6.13764e-10 0.000100996)
(4.90589e-09 4.15214e-10 0.000130793)
(3.04942e-09 3.66633e-10 0.000142988)
(1.77598e-09 1.61531e-09 0.000146868)
(-2.44977e-10 1.53751e-09 0.000146868)
(-1.77741e-09 8.48901e-10 0.000142989)
(-4.38379e-09 -1.07063e-09 0.000130793)
(-2.53245e-09 -2.62055e-09 0.000100996)
(1.87967e-09 -6.18388e-09 4.49612e-05)
(-1.37237e-09 -3.16079e-09 3.44748e-05)
(5.11099e-10 -4.25547e-09 8.16239e-05)
(1.27494e-09 -5.3449e-10 0.000112348)
(7.99638e-10 2.07323e-09 0.000128936)
(5.16231e-10 4.35913e-09 0.000135781)
(5.53661e-10 4.77273e-09 0.000135781)
(1.31306e-09 3.64948e-09 0.000128937)
(1.18635e-09 -4.22285e-10 0.000112348)
(1.84905e-09 -8.42591e-09 8.16246e-05)
(4.12201e-09 -1.04908e-08 3.44748e-05)
(-1.8404e-09 -5.64952e-09 2.10739e-05)
(-5.94598e-09 -5.25631e-09 5.33115e-05)
(-8.79172e-09 -9.34569e-10 7.85686e-05)
(-5.93491e-09 -2.96355e-11 9.57178e-05)
(-3.1359e-09 2.74274e-09 0.000104216)
(2.89518e-09 2.70325e-09 0.000104217)
(7.731e-09 -4.99754e-11 9.57189e-05)
(1.39314e-08 -1.82646e-09 7.85703e-05)
(1.31696e-08 -6.20688e-09 5.33125e-05)
(8.65407e-09 -1.12581e-08 2.10741e-05)
(-8.2259e-09 -6.42392e-09 7.96034e-06)
(-7.15007e-09 -2.49905e-09 1.99923e-05)
(-4.4727e-09 -1.07556e-09 3.20543e-05)
(-2.9004e-09 -1.20887e-09 4.12616e-05)
(-1.81601e-09 -5.87121e-10 4.6161e-05)
(1.21177e-09 -9.58559e-10 4.61613e-05)
(2.81468e-09 -2.38207e-09 4.1262e-05)
(3.67647e-09 -1.86171e-09 3.20545e-05)
(5.51957e-09 1.95885e-10 1.99921e-05)
(6.74464e-09 -4.56023e-09 7.95996e-06)
(-2.47124e-09 2.75595e-10 7.9601e-06)
(7.53651e-09 -8.84045e-09 1.99919e-05)
(5.38285e-09 7.39175e-10 3.20537e-05)
(-1.49353e-09 1.89969e-09 4.12613e-05)
(1.53423e-09 -6.0912e-10 4.61605e-05)
(-1.05096e-10 -5.5282e-10 4.61604e-05)
(1.96004e-09 1.90513e-09 4.12608e-05)
(-3.33565e-09 2.45613e-09 3.20531e-05)
(-6.67418e-09 -7.09797e-09 1.99917e-05)
(4.61386e-09 3.32528e-09 7.96003e-06)
(7.77044e-10 1.17911e-09 2.10741e-05)
(1.93683e-09 -7.4332e-09 5.33121e-05)
(-1.41704e-09 1.73895e-10 7.85678e-05)
(5.52316e-10 1.60048e-09 9.57175e-05)
(-1.24061e-09 -1.89326e-09 0.000104215)
(-9.97158e-10 -1.60698e-09 0.000104215)
(-2.98925e-09 1.91487e-09 9.57166e-05)
(-2.96211e-10 9.73282e-10 7.8567e-05)
(-3.07962e-09 -7.69472e-09 5.33118e-05)
(-1.50948e-09 -5.27467e-10 2.10746e-05)
(2.27556e-09 9.16789e-10 3.4475e-05)
(6.89809e-10 4.68787e-13 8.16251e-05)
(-1.14506e-09 -2.41961e-09 0.000112348)
(2.35145e-09 -2.05047e-09 0.000128936)
(5.78974e-10 -1.89356e-09 0.00013578)
(-7.33339e-10 -9.62255e-10 0.00013578)
(-1.89646e-09 -1.23543e-09 0.000128936)
(1.57955e-09 -2.71851e-09 0.000112348)
(2.08144e-09 -1.38182e-09 8.16265e-05)
(-1.62444e-10 2.0088e-10 3.44762e-05)
(1.48731e-10 -3.68549e-10 4.49613e-05)
(2.11482e-09 -1.46594e-09 0.000100996)
(3.16239e-09 -1.52668e-09 0.000130794)
(1.97143e-09 -1.32894e-09 0.000142988)
(4.28546e-10 -1.24297e-10 0.000146867)
(-1.17877e-09 8.86815e-10 0.000146868)
(-1.7731e-09 -9.06015e-10 0.000142989)
(-2.06691e-09 -1.68179e-09 0.000130795)
(-1.79001e-09 -2.62187e-09 0.000100997)
(6.27987e-10 1.69007e-09 4.49627e-05)
(-8.75326e-10 5.42144e-10 5.06803e-05)
(5.70347e-10 -2.18233e-09 0.000110384)
(8.31409e-10 1.10159e-10 0.000138063)
(-1.79759e-10 -6.58775e-10 0.000147257)
(-2.48391e-10 9.66771e-10 0.000149555)
(-7.38388e-10 1.12437e-09 0.000149555)
(-2.76774e-10 -6.64474e-10 0.000147257)
(-1.1377e-09 -7.469e-10 0.000138064)
(-1.56902e-09 -2.53727e-09 0.000110385)
(-1.17559e-10 7.22824e-10 5.06812e-05)
(-1.03115e-09 -2.62423e-10 5.06804e-05)
(1.14525e-09 -3.30591e-09 0.000110384)
(1.42213e-09 1.18615e-09 0.000138063)
(-4.73563e-10 -3.50242e-10 0.000147257)
(-2.61261e-11 5.08815e-10 0.000149555)
(-5.6913e-10 1.1639e-09 0.000149555)
(3.29039e-10 -9.089e-10 0.000147257)
(-2.48808e-09 1.18802e-09 0.000138064)
(-1.47771e-09 -2.5363e-09 0.000110385)
(8.59614e-10 4.43656e-10 5.06811e-05)
(2.0936e-11 1.05948e-09 4.49616e-05)
(2.52927e-09 -5.07665e-09 0.000100995)
(3.40735e-09 3.11555e-09 0.000130793)
(4.19524e-10 9.52401e-10 0.000142989)
(8.76004e-10 7.19996e-10 0.000146868)
(-3.62073e-10 1.41609e-09 0.000146868)
(2.48312e-10 1.21107e-09 0.00014299)
(-3.41085e-09 3.43222e-09 0.000130794)
(-2.40959e-09 -4.86829e-09 0.000100996)
(9.36772e-11 1.36075e-09 4.49621e-05)
(2.65223e-10 -2.60681e-09 3.44753e-05)
(-2.38023e-09 -7.66354e-09 8.1625e-05)
(-2.93097e-09 5.39966e-09 0.000112348)
(-1.47797e-09 1.89493e-09 0.000128936)
(2.75801e-10 1.17433e-09 0.000135781)
(8.12998e-12 1.40162e-09 0.000135781)
(8.61362e-12 3.80393e-09 0.000128937)
(3.70585e-10 7.74431e-09 0.000112349)
(9.20544e-11 -6.27951e-09 8.16252e-05)
(-2.47885e-09 2.77773e-11 3.44755e-05)
(-1.18744e-09 -3.7888e-09 2.10742e-05)
(-3.69258e-09 1.13901e-09 5.33128e-05)
(-1.83197e-09 6.31817e-09 7.85693e-05)
(1.50135e-09 -1.0837e-09 9.57181e-05)
(-2.0069e-09 -8.00254e-10 0.000104216)
(-1.19961e-09 -4.4978e-10 0.000104216)
(-4.08459e-09 6.79515e-10 9.57186e-05)
(-1.19829e-09 8.51491e-09 7.85696e-05)
(8.84772e-10 1.09831e-09 5.33128e-05)
(-1.14421e-09 -2.38577e-09 2.10742e-05)
(-2.76117e-09 -1.7059e-09 7.96034e-06)
(2.22295e-09 4.70564e-09 1.99927e-05)
(5.94459e-09 3.48855e-09 3.20546e-05)
(4.03176e-09 -1.02937e-09 4.12622e-05)
(-3.25425e-10 -9.00387e-10 4.61614e-05)
(7.07056e-10 -8.94814e-10 4.61613e-05)
(-3.39099e-09 -9.80392e-10 4.12622e-05)
(-4.51467e-09 3.41812e-09 3.20547e-05)
(-1.48863e-10 2.45539e-09 1.99928e-05)
(1.9712e-09 -1.57991e-09 7.96031e-06)
(-1.60181e-08 1.12603e-08 7.95995e-06)
(-5.85983e-09 -2.38515e-10 1.99922e-05)
(-2.11964e-09 3.22789e-09 3.20546e-05)
(-6.05654e-09 1.66743e-09 4.1262e-05)
(-8.108e-10 -4.58605e-10 4.61617e-05)
(-1.09801e-09 -2.54763e-10 4.61616e-05)
(2.65302e-09 1.59592e-09 4.1262e-05)
(-2.33108e-09 1.80579e-09 3.2055e-05)
(-6.24604e-09 -7.34877e-09 1.99921e-05)
(6.48527e-09 4.94944e-09 7.96006e-06)
(-7.55725e-09 1.13018e-08 2.10736e-05)
(-9.81376e-09 3.22227e-09 5.33115e-05)
(-1.08496e-08 3.315e-09 7.85696e-05)
(-5.35125e-09 5.30361e-10 9.57183e-05)
(-2.68698e-09 -4.16093e-09 0.000104217)
(1.41991e-09 -3.60601e-09 0.000104217)
(2.04936e-09 1.1459e-09 9.57185e-05)
(5.99273e-09 1.93826e-09 7.857e-05)
(1.02832e-09 -3.79651e-09 5.33117e-05)
(-9.52181e-10 1.99371e-09 2.10736e-05)
(-2.38173e-09 9.34471e-09 3.44747e-05)
(-1.47776e-09 5.75157e-09 8.16237e-05)
(1.0421e-10 -2.24204e-09 0.000112348)
(3.131e-09 -2.79807e-09 0.000128937)
(9.97578e-10 -4.40301e-09 0.000135782)
(-7.66522e-10 -3.98137e-09 0.000135781)
(-3.39621e-09 -2.0447e-09 0.000128937)
(-1.18651e-10 -2.06158e-09 0.000112347)
(1.94048e-09 3.04581e-09 8.16242e-05)
(-2.26557e-10 1.73485e-09 3.44749e-05)
(-6.30225e-10 5.21613e-09 4.49612e-05)
(3.78989e-09 1.66969e-09 0.000100996)
(4.76919e-09 -1.61285e-09 0.000130792)
(2.79947e-09 -9.68528e-10 0.000142989)
(8.85397e-10 -7.78125e-10 0.000146868)
(-1.54189e-09 -8.47295e-10 0.000146868)
(-2.89101e-09 -9.10608e-10 0.000142989)
(-3.47395e-09 -3.00322e-09 0.000130792)
(-9.04816e-10 -1.25597e-09 0.000100996)
(1.72995e-09 2.81431e-09 4.49615e-05)
(4.16782e-10 1.82199e-09 5.06799e-05)
(3.90916e-09 -1.11816e-09 0.000110385)
(3.08219e-09 -1.92384e-10 0.000138062)
(7.07332e-10 -5.95945e-10 0.000147257)
(8.78041e-10 -4.12868e-11 0.000149555)
(-1.32149e-11 -7.86152e-11 0.000149555)
(-2.83638e-10 -3.79913e-10 0.000147257)
(-1.45591e-09 -9.44604e-10 0.000138062)
(-2.03917e-09 -2.03901e-09 0.000110385)
(-2.10599e-10 1.11678e-09 5.06805e-05)
(-2.5466e-10 -8.17593e-11 5.06803e-05)
(2.59702e-09 -3.22862e-09 0.000110385)
(3.19338e-09 8.54496e-10 0.000138062)
(9.79446e-10 -6.66733e-10 0.000147257)
(6.59852e-10 2.1848e-10 0.000149555)
(-3.64332e-10 5.46947e-10 0.000149555)
(3.21898e-10 -3.16949e-10 0.000147257)
(-2.61041e-09 6.7522e-10 0.000138062)
(-2.30359e-09 -3.44235e-09 0.000110385)
(4.19368e-10 -2.58617e-10 5.06799e-05)
(-1.75817e-09 -8.94901e-10 4.49617e-05)
(1.08845e-09 -6.69313e-09 0.000100996)
(4.66211e-09 1.88891e-09 0.000130792)
(1.82509e-09 -1.7299e-11 0.000142989)
(1.53184e-09 1.23362e-09 0.000146868)
(-1.08548e-09 1.88574e-09 0.000146868)
(-1.83316e-09 1.18621e-09 0.000142989)
(-5.98543e-09 1.51387e-09 0.000130792)
(-2.70147e-09 -7.6376e-09 0.000100996)
(1.28587e-09 -2.76897e-10 4.49612e-05)
(-1.73449e-10 -1.85275e-09 3.4475e-05)
(-1.04233e-09 -1.13167e-08 8.16231e-05)
(1.91785e-09 2.74469e-09 0.000112347)
(4.81249e-10 2.2323e-09 0.000128936)
(1.98826e-10 4.29382e-09 0.000135781)
(4.28128e-11 5.19305e-09 0.000135781)
(-8.44298e-10 4.59201e-09 0.000128937)
(-1.27478e-09 3.82847e-09 0.000112348)
(9.25648e-11 -1.39409e-08 8.16238e-05)
(-4.64124e-10 -4.66461e-09 3.4475e-05)
(1.62003e-10 -5.03667e-09 2.10735e-05)
(-8.51683e-09 -9.02191e-09 5.33104e-05)
(-1.07252e-08 1.40299e-10 7.85695e-05)
(-5.45864e-09 6.02861e-10 9.57184e-05)
(-3.54377e-09 3.01189e-09 0.000104216)
(2.43236e-09 3.24196e-09 0.000104217)
(5.04621e-09 1.05136e-09 9.57193e-05)
(1.26905e-08 1.08058e-09 7.8571e-05)
(1.23855e-08 -9.59466e-09 5.3312e-05)
(5.79518e-09 -1.11843e-08 2.10742e-05)
(-6.42866e-09 -5.55396e-09 7.95993e-06)
(-7.03054e-09 -2.64942e-09 1.9992e-05)
(-5.75113e-09 -2.08817e-09 3.20548e-05)
(-2.07955e-09 -1.61028e-09 4.12625e-05)
(-2.17493e-09 -7.66006e-10 4.61618e-05)
(1.46442e-09 -4.94717e-10 4.61619e-05)
(1.96693e-09 -2.06512e-09 4.12626e-05)
(4.77684e-09 -1.08509e-09 3.20554e-05)
(9.76397e-09 -2.51728e-09 1.9993e-05)
(1.05003e-08 -8.38634e-09 7.96068e-06)
(-6.98058e-09 3.89796e-09 7.96002e-06)
(6.23548e-09 -7.83125e-09 1.99919e-05)
(4.74895e-09 8.84613e-10 3.20544e-05)
(-2.16989e-09 5.29863e-10 4.12615e-05)
(3.07032e-09 -3.66884e-10 4.61616e-05)
(1.24595e-10 -8.14912e-10 4.61615e-05)
(7.03054e-09 1.84416e-09 4.12619e-05)
(1.06115e-09 4.62145e-09 3.20547e-05)
(-4.23095e-09 -4.57923e-09 1.99922e-05)
(7.16052e-09 5.26175e-09 7.96023e-06)
(-6.31198e-10 2.32476e-09 2.10738e-05)
(2.7634e-09 -8.36135e-09 5.33112e-05)
(-4.07343e-09 4.09197e-09 7.85694e-05)
(-1.10277e-09 -4.93003e-10 9.5718e-05)
(2.24161e-10 -2.87682e-09 0.000104217)
(-2.29536e-10 -3.17892e-09 0.000104217)
(1.52292e-09 -4.85115e-10 9.57186e-05)
(5.26023e-09 7.34827e-09 7.85699e-05)
(-1.46047e-09 -4.08574e-09 5.33114e-05)
(7.38032e-10 3.45293e-09 2.10737e-05)
(1.39166e-09 1.86322e-09 3.4475e-05)
(-3.58965e-10 -1.44796e-09 8.16242e-05)
(-4.22263e-09 4.34541e-09 0.000112347)
(2.61353e-09 -4.86806e-09 0.000128937)
(1.72944e-09 -3.82695e-09 0.000135782)
(4.96086e-10 -3.24307e-09 0.000135781)
(-6.57707e-10 -3.77438e-09 0.000128937)
(4.19118e-09 7.18176e-09 0.000112348)
(4.14745e-10 -1.52177e-10 8.16244e-05)
(-1.53191e-09 1.34006e-09 3.44748e-05)
(1.6352e-09 -4.81121e-10 4.49617e-05)
(1.06111e-09 -1.2279e-09 0.000100997)
(1.65679e-09 2.27924e-09 0.000130792)
(2.78276e-09 -2.95374e-09 0.00014299)
(-8.09865e-10 -8.80653e-10 0.000146868)
(-9.89658e-10 -6.17532e-10 0.000146868)
(-4.27411e-09 -1.53849e-09 0.000142989)
(-2.94505e-09 4.71824e-09 0.000130791)
(-2.15452e-09 -1.80681e-09 0.000100996)
(-1.5696e-09 -1.0625e-09 4.49611e-05)
(7.3377e-10 7.58424e-10 5.06803e-05)
(1.7138e-11 -4.94959e-10 0.000110385)
(3.69165e-10 6.27813e-10 0.000138061)
(8.71065e-10 -5.97067e-10 0.000147257)
(-8.01826e-10 6.82717e-10 0.000149555)
(-2.37014e-10 7.73066e-10 0.000149555)
(-1.97181e-09 -2.14064e-10 0.000147257)
(-1.7135e-09 1.55998e-09 0.000138061)
(-1.31448e-09 -1.68025e-09 0.000110385)
(-1.19242e-09 -6.84184e-10 5.06806e-05)
(6.96821e-10 -6.76305e-10 5.06805e-05)
(1.03687e-09 1.38587e-09 0.000110386)
(8.10891e-10 1.25985e-09 0.000138062)
(3.157e-10 -6.2726e-10 0.000147257)
(-4.70775e-10 3.26276e-10 0.000149554)
(-4.0169e-10 8.23975e-10 0.000149554)
(-1.23536e-09 -9.63966e-12 0.000147257)
(-2.16306e-09 2.85005e-09 0.000138061)
(-2.25694e-09 -6.04055e-10 0.000110385)
(-7.08073e-10 -2.57942e-09 5.06801e-05)
(2.3027e-10 -3.71002e-10 4.49618e-05)
(3.83078e-09 1.71879e-09 0.000100997)
(3.75337e-09 1.81405e-09 0.000130793)
(9.96539e-10 1.05754e-09 0.000142989)
(5.15447e-10 1.57069e-09 0.000146868)
(-4.83426e-10 1.34791e-09 0.000146868)
(-1.14719e-09 1.41995e-09 0.000142989)
(-3.6552e-09 3.2276e-09 0.000130792)
(-3.92792e-09 -3.82455e-10 0.000100996)
(7.66346e-11 -5.08443e-09 4.49616e-05)
(-3.48704e-10 -3.53373e-09 3.44753e-05)
(6.03417e-11 -2.09172e-09 8.16247e-05)
(-2.04422e-09 3.17081e-09 0.000112348)
(-1.42037e-09 2.64969e-09 0.000128937)
(4.28884e-10 1.82485e-09 0.00013578)
(2.43419e-11 1.2931e-09 0.000135781)
(1.62864e-09 3.11774e-09 0.000128937)
(2.66646e-09 5.27242e-09 0.000112349)
(1.82179e-09 -1.78679e-09 8.16254e-05)
(3.13011e-09 -7.92189e-09 3.4476e-05)
(-4.48757e-09 -5.61286e-09 2.10744e-05)
(-2.64014e-09 3.57898e-09 5.33113e-05)
(-5.66997e-10 5.19383e-09 7.85698e-05)
(1.45502e-09 -3.89997e-10 9.57178e-05)
(1.08497e-10 -4.1456e-10 0.000104216)
(6.35202e-10 -6.34393e-10 0.000104216)
(-4.55174e-10 -1.72877e-10 9.57185e-05)
(9.96339e-10 5.49054e-09 7.85707e-05)
(4.72349e-09 1.2963e-09 5.33125e-05)
(5.87069e-09 -7.1174e-09 2.10752e-05)
(-4.12021e-09 -2.94262e-09 7.96039e-06)
(2.64826e-09 4.89049e-09 1.99923e-05)
(5.46988e-09 2.64243e-09 3.20546e-05)
(2.68896e-09 -1.26502e-09 4.12617e-05)
(2.07786e-10 -5.96861e-10 4.6161e-05)
(1.03767e-09 -6.71181e-10 4.61613e-05)
(-1.26661e-09 -1.33286e-09 4.1262e-05)
(-3.72538e-09 1.83949e-09 3.20549e-05)
(3.06622e-10 2.25547e-09 1.99926e-05)
(5.02889e-09 -3.54679e-09 7.96078e-06)
(-1.07855e-08 7.46005e-09 7.96006e-06)
(-4.78114e-10 -3.08875e-09 1.99921e-05)
(-3.99652e-09 4.96068e-09 3.20547e-05)
(-8.13217e-09 1.01481e-09 4.12623e-05)
(1.43597e-09 -8.63128e-10 4.61616e-05)
(-5.41315e-10 1.45789e-10 4.61608e-05)
(5.98347e-09 1.36345e-09 4.12614e-05)
(1.55289e-10 3.38126e-09 3.20531e-05)
(-5.75452e-09 -8.06915e-09 1.99918e-05)
(7.7302e-09 5.73068e-09 7.9602e-06)
(-6.84585e-09 9.45175e-09 2.10742e-05)
(-5.84285e-09 9.75498e-11 5.33115e-05)
(-1.24192e-08 8.66133e-09 7.85683e-05)
(-5.8936e-09 -3.44753e-09 9.5719e-05)
(-3.15276e-12 -5.68864e-09 0.000104217)
(1.5083e-09 -4.03694e-09 0.000104217)
(7.00865e-09 -6.74429e-10 9.57179e-05)
(1.18466e-08 8.9765e-09 7.85669e-05)
(2.6041e-09 -2.16256e-09 5.33114e-05)
(3.5756e-09 6.38613e-09 2.10741e-05)
(-1.36663e-09 7.61816e-09 3.4475e-05)
(-1.07567e-10 2.89396e-09 8.16251e-05)
(-3.69645e-09 7.62989e-09 0.000112347)
(5.46163e-10 -7.25718e-09 0.000128936)
(-8.36056e-10 -6.27817e-09 0.000135781)
(-1.62646e-09 -4.85599e-09 0.00013578)
(-2.76737e-09 -5.08588e-09 0.000128935)
(2.65875e-09 8.86241e-09 0.000112347)
(-4.71817e-10 3.49123e-09 8.16261e-05)
(-1.58214e-09 2.5215e-09 3.44761e-05)
(7.19455e-10 3.85594e-09 4.49607e-05)
(2.65956e-09 7.12869e-10 0.000100995)
(3.38466e-09 5.13856e-09 0.000130794)
(4.29368e-09 -3.85655e-09 0.000142988)
(-2.62365e-10 -2.14176e-09 0.000146868)
(-1.15665e-09 -9.25885e-10 0.000146868)
(-5.18442e-09 -2.69464e-09 0.000142988)
(-3.78522e-09 5.31982e-09 0.000130793)
(-1.64769e-09 -1.61316e-09 0.000100996)
(-5.30808e-10 -9.99619e-11 4.49617e-05)
(1.75631e-09 1.11384e-09 5.068e-05)
(2.07066e-09 -2.12149e-10 0.000110383)
(2.05033e-09 2.47895e-09 0.000138062)
(2.36321e-09 -1.47875e-09 0.000147256)
(-6.97724e-10 -4.92904e-10 0.000149555)
(-7.41231e-10 -3.07314e-10 0.000149555)
(-2.73676e-09 -1.39597e-09 0.000147256)
(-1.46428e-09 2.08292e-09 0.000138063)
(-1.2645e-09 -1.10748e-09 0.000110384)
(-1.33819e-09 1.88952e-10 5.06808e-05)
(1.31074e-09 -1.01018e-09 5.06802e-05)
(1.97939e-09 -1.18618e-10 0.000110384)
(1.42767e-09 2.38287e-09 0.000138062)
(1.47512e-09 6.5195e-12 0.000147256)
(5.02971e-11 4.18515e-10 0.000149554)
(-7.93792e-10 -1.44351e-10 0.000149555)
(-2.11726e-09 -5.08633e-10 0.000147256)
(-1.98796e-09 2.26126e-09 0.000138062)
(-2.28275e-09 -1.04518e-09 0.000110384)
(-1.02164e-09 -3.14196e-09 5.06809e-05)
(-1.73496e-09 -2.95103e-09 4.49612e-05)
(1.31158e-09 -7.45337e-11 0.000100996)
(3.86561e-09 9.232e-10 0.000130793)
(3.26438e-09 5.12244e-10 0.000142989)
(2.04662e-09 1.62118e-09 0.000146868)
(1.21632e-10 1.46548e-09 0.000146868)
(-1.77714e-09 1.16842e-09 0.000142989)
(-4.91776e-09 1.05663e-09 0.000130793)
(-2.81919e-09 -1.74846e-09 0.000100995)
(1.56226e-09 -5.00612e-09 4.49615e-05)
(-1.08003e-09 -2.01626e-09 3.4475e-05)
(1.67162e-09 -3.80232e-09 8.1625e-05)
(2.73831e-09 -1.2108e-10 0.000112347)
(1.62202e-09 2.09463e-09 0.000128936)
(1.27411e-09 4.27597e-09 0.000135781)
(4.12109e-10 5.00824e-09 0.000135781)
(2.70492e-10 4.70327e-09 0.000128937)
(-6.06161e-10 2.204e-09 0.000112348)
(4.68701e-10 -7.16271e-09 8.16247e-05)
(2.91881e-09 -8.923e-09 3.4475e-05)
(-2.00091e-09 -5.74409e-09 2.10736e-05)
(-3.56707e-09 -3.8341e-09 5.3311e-05)
(-5.75118e-09 5.95997e-10 7.85687e-05)
(-3.97256e-09 8.46454e-10 9.57191e-05)
(-1.77842e-09 2.87165e-09 0.000104218)
(2.01375e-09 2.3708e-09 0.000104218)
(4.36371e-09 1.46231e-09 9.57203e-05)
(8.77499e-09 1.92287e-09 7.857e-05)
(9.60158e-09 -4.08338e-09 5.33117e-05)
(6.93585e-09 -1.03612e-08 2.10736e-05)
(-9.82625e-09 -7.3626e-09 7.96002e-06)
(-7.1998e-09 -1.79689e-09 1.99924e-05)
(-3.17722e-09 9.05675e-11 3.20552e-05)
(-1.96196e-09 -9.67329e-10 4.12631e-05)
(-1.24002e-09 -5.95966e-10 4.61625e-05)
(1.28801e-09 -1.27202e-09 4.61629e-05)
(1.41911e-09 -2.05471e-09 4.12636e-05)
(1.36768e-09 -2.18238e-10 3.20557e-05)
(4.53699e-09 1.38951e-09 1.99928e-05)
(8.58882e-09 -6.33523e-09 7.96017e-06)
(-9.97255e-09 7.14316e-09 7.96045e-06)
(3.87726e-10 -4.00049e-09 1.99928e-05)
(-7.77079e-11 1.80264e-09 3.2054e-05)
(-4.82268e-09 1.75518e-09 4.12617e-05)
(5.62968e-10 -7.02172e-10 4.61611e-05)
(-3.46666e-10 -3.89847e-11 4.61608e-05)
(3.55972e-09 2.5993e-09 4.12615e-05)
(-3.95915e-09 1.80532e-09 3.20535e-05)
(-7.42571e-09 -8.59254e-09 1.99918e-05)
(5.09845e-09 2.56273e-09 7.96029e-06)
(-6.39924e-09 9.23993e-09 2.10746e-05)
(-6.01335e-09 -1.05101e-09 5.33128e-05)
(-6.29483e-09 -9.59774e-10 7.85681e-05)
(-6.12444e-10 -2.0146e-09 9.57177e-05)
(7.266e-10 -4.45325e-09 0.000104216)
(2.53357e-09 -2.80242e-09 0.000104216)
(3.46078e-09 2.79524e-09 9.57173e-05)
(6.9738e-09 3.72482e-09 7.85675e-05)
(8.27764e-10 -4.53188e-09 5.33123e-05)
(-1.15116e-09 1.16383e-09 2.10745e-05)
(-1.90487e-09 7.21144e-09 3.44756e-05)
(-1.2037e-09 3.25367e-09 8.16264e-05)
(-9.13371e-10 -4.19421e-09 0.000112348)
(1.23131e-09 -5.48214e-09 0.000128936)
(-1.01964e-09 -4.1836e-09 0.00013578)
(-2.6352e-09 -2.9806e-09 0.00013578)
(-3.88702e-09 -1.6108e-09 0.000128935)
(-6.16983e-10 -5.9391e-11 0.000112348)
(3.67505e-10 2.07642e-09 8.16261e-05)
(-2.77442e-10 2.01624e-09 3.4476e-05)
(-7.76829e-10 4.65247e-09 4.49617e-05)
(2.95712e-09 6.19294e-10 0.000100996)
(3.79771e-09 -2.15633e-09 0.000130795)
(1.95325e-09 -2.39708e-09 0.000142989)
(-1.9255e-10 -7.22031e-10 0.000146868)
(-1.77608e-09 8.86257e-11 0.000146867)
(-3.11768e-09 -6.12752e-10 0.000142988)
(-4.43238e-09 -1.84503e-09 0.000130794)
(-2.01529e-09 -2.15513e-09 0.000100997)
(1.33424e-09 1.72765e-09 4.49623e-05)
(7.64185e-10 1.97236e-09 5.06808e-05)
(3.19737e-09 -1.02235e-09 0.000110384)
(2.38388e-09 -3.74798e-10 0.000138064)
(8.48558e-10 -1.88176e-09 0.000147256)
(9.67572e-11 -3.57043e-11 0.000149555)
(-5.12614e-10 3.13886e-10 0.000149555)
(-8.74152e-10 -1.61582e-10 0.000147256)
(-1.51157e-09 -7.2125e-10 0.000138063)
(-1.90692e-09 -1.94497e-09 0.000110385)
(-2.70533e-10 9.81501e-10 5.06807e-05)
(4.35739e-10 -6.39358e-11 5.06807e-05)
(3.11621e-09 -1.88081e-09 0.000110384)
(2.67989e-09 1.72726e-09 0.000138063)
(6.69211e-10 -5.49571e-10 0.000147256)
(1.09144e-09 8.96495e-10 0.000149555)
(-6.56615e-10 5.82051e-10 0.000149555)
(-6.14264e-10 6.69229e-11 0.000147256)
(-1.96151e-09 7.64321e-10 0.000138063)
(-1.86205e-09 -3.3454e-09 0.000110384)
(5.63325e-10 -1.18294e-09 5.06814e-05)
(-2.039e-09 -1.31546e-09 4.49616e-05)
(1.64026e-09 -5.11694e-09 0.000100995)
(5.13717e-09 2.56783e-09 0.000130793)
(1.71662e-09 2.10029e-10 0.000142988)
(1.94954e-09 1.66134e-09 0.000146868)
(-5.78983e-10 2.04907e-09 0.000146868)
(-1.70236e-09 1.65808e-09 0.000142989)
(-5.40861e-09 2.02641e-09 0.000130794)
(-2.43054e-09 -5.93941e-09 0.000100995)
(1.18206e-09 6.04675e-10 4.4962e-05)
(-5.7302e-10 -1.76062e-09 3.44749e-05)
(-2.50589e-09 -1.08824e-08 8.16247e-05)
(7.14417e-10 3.42746e-09 0.000112348)
(-1.0535e-10 2.51676e-09 0.000128936)
(-2.81287e-10 3.93047e-09 0.000135781)
(-5.21208e-10 5.05577e-09 0.000135781)
(-6.37486e-10 5.2569e-09 0.000128936)
(-1.1834e-09 4.86773e-09 0.000112348)
(7.23345e-10 -1.16086e-08 8.16245e-05)
(-1.28764e-10 -2.81266e-09 3.44752e-05)
(-7.33148e-10 -4.95457e-09 2.10739e-05)
(-7.21702e-09 -6.87075e-09 5.33123e-05)
(-6.89667e-09 1.99108e-09 7.8569e-05)
(-1.89e-09 1.06626e-09 9.57181e-05)
(-2.00411e-09 2.70196e-09 0.000104216)
(2.07349e-09 3.43525e-09 0.000104216)
(3.57949e-09 2.4116e-09 9.57186e-05)
(9.50167e-09 4.13352e-09 7.8569e-05)
(9.19437e-09 -5.61814e-09 5.33116e-05)
(2.61217e-09 -6.52849e-09 2.10738e-05)
(-5.97753e-09 -4.61809e-09 7.96033e-06)
(-5.13264e-09 -7.98383e-10 1.99925e-05)
(-3.06878e-09 -4.04935e-10 3.20545e-05)
(-2.50157e-09 -1.58674e-09 4.1262e-05)
(-4.25509e-09 -5.04969e-10 4.61611e-05)
(1.46143e-11 1.57794e-10 4.61613e-05)
(2.15869e-10 -7.84872e-10 4.12621e-05)
(1.34406e-09 1.09814e-09 3.20542e-05)
(4.23951e-09 1.23209e-09 1.9992e-05)
(5.31868e-09 -3.85731e-09 7.95985e-06)
(-1.41713e-08 1.16597e-08 7.96059e-06)
(-3.01805e-09 -3.21992e-09 1.99923e-05)
(-2.03308e-09 2.20546e-09 3.2054e-05)
(-4.20936e-09 1.79437e-09 4.12619e-05)
(9.09684e-10 -9.26383e-11 4.61613e-05)
(1.32746e-10 -3.13528e-10 4.61614e-05)
(3.29641e-09 2.53693e-09 4.12619e-05)
(-3.13793e-09 1.74092e-09 3.20546e-05)
(-5.89939e-09 -6.89998e-09 1.99923e-05)
(3.9121e-09 2.42659e-09 7.9605e-06)
(-9.78708e-09 1.41739e-08 2.10744e-05)
(-7.82358e-09 2.3113e-10 5.33128e-05)
(-7.78803e-09 -2.22041e-10 7.8569e-05)
(-2.00382e-09 -1.53407e-09 9.57175e-05)
(-6.2447e-10 -3.76593e-09 0.000104215)
(2.31599e-09 -3.20965e-09 0.000104216)
(3.3959e-09 2.49392e-09 9.57176e-05)
(7.91632e-09 3.38405e-09 7.85697e-05)
(3.77434e-09 -1.41831e-09 5.3313e-05)
(3.84516e-10 2.92271e-09 2.10748e-05)
(-2.88976e-09 9.94883e-09 3.44756e-05)
(-1.90469e-09 5.56961e-09 8.1626e-05)
(-1.00705e-09 -3.67946e-09 0.000112349)
(1.04148e-09 -5.36677e-09 0.000128937)
(-1.05821e-09 -4.35102e-09 0.00013578)
(-2.44252e-09 -3.29211e-09 0.00013578)
(-4.0844e-09 -2.11011e-09 0.000128936)
(3.20171e-11 -1.06791e-09 0.000112348)
(1.76688e-09 3.446e-09 8.1625e-05)
(6.43889e-11 2.6923e-09 3.44751e-05)
(-1.11137e-09 6.68337e-09 4.49628e-05)
(3.32442e-09 2.07287e-09 0.000100997)
(3.58965e-09 -1.87116e-09 0.000130794)
(1.19712e-09 -2.81877e-09 0.000142989)
(3.80286e-10 -1.15247e-09 0.000146868)
(-1.42058e-09 -4.1373e-10 0.000146868)
(-2.45162e-09 -1.02749e-09 0.000142989)
(-3.55385e-09 -2.243e-09 0.000130793)
(-1.41128e-09 -1.96991e-09 0.000100997)
(1.81848e-09 2.43015e-09 4.49624e-05)
(5.97203e-10 2.98491e-09 5.06812e-05)
(4.30563e-09 -2.89755e-10 0.000110385)
(2.84387e-09 -4.55433e-10 0.000138064)
(7.27928e-10 -1.62522e-09 0.000147257)
(7.23763e-10 -2.86015e-10 0.000149555)
(-4.6025e-10 2.13221e-10 0.000149555)
(4.69634e-10 -3.32758e-10 0.000147257)
(-5.61955e-10 -3.19538e-10 0.000138063)
(-1.78476e-09 -1.24363e-09 0.000110385)
(1.05389e-10 1.81044e-09 5.06806e-05)
(-4.85732e-11 6.20356e-10 5.06811e-05)
(3.33079e-09 -1.62116e-09 0.000110385)
(3.42715e-09 1.65781e-09 0.000138063)
(5.31483e-10 -2.24656e-10 0.000147257)
(8.71414e-10 4.19155e-10 0.000149555)
(-5.37824e-10 1.16375e-09 0.000149555)
(-1.5109e-10 -4.21376e-11 0.000147257)
(-2.34437e-09 5.30002e-10 0.000138063)
(-1.63659e-09 -2.3782e-09 0.000110385)
(1.14947e-09 5.52735e-10 5.06808e-05)
(-1.1418e-09 -7.65876e-10 4.49622e-05)
(3.19911e-09 -4.69337e-09 0.000100996)
(6.24246e-09 3.02293e-09 0.000130793)
(2.42136e-09 4.59246e-10 0.000142989)
(2.14567e-09 9.68373e-10 0.000146868)
(-9.49538e-10 2.15992e-09 0.000146868)
(-1.79756e-09 1.75459e-09 0.000142989)
(-6.03952e-09 1.84693e-09 0.000130793)
(-3.23035e-09 -4.89559e-09 0.000100996)
(9.43271e-10 2.00564e-09 4.4962e-05)
(6.41762e-10 -1.30581e-09 3.4475e-05)
(-2.74859e-10 -1.09435e-08 8.16249e-05)
(2.71586e-09 3.23218e-09 0.000112349)
(1.35322e-09 3.10811e-09 0.000128937)
(1.32583e-10 3.60753e-09 0.000135781)
(-5.71743e-10 4.93613e-09 0.00013578)
(-1.3149e-09 5.54028e-09 0.000128936)
(-1.88775e-09 4.42006e-09 0.000112348)
(-1.45444e-09 -1.10845e-08 8.16242e-05)
(-1.87427e-09 -1.89558e-09 3.44751e-05)
(1.39312e-10 -4.34924e-09 2.10746e-05)
(-8.46854e-09 -8.96918e-09 5.33135e-05)
(-8.79924e-09 1.41577e-09 7.85704e-05)
(-4.18992e-09 1.23721e-09 9.57179e-05)
(-3.88258e-09 2.64937e-09 0.000104215)
(1.43742e-09 2.8323e-09 0.000104214)
(2.94841e-09 2.15427e-09 9.5717e-05)
(1.0471e-08 2.7781e-09 7.8569e-05)
(9.94054e-09 -7.22389e-09 5.33126e-05)
(1.9526e-09 -5.85012e-09 2.10749e-05)
(-4.52978e-09 -3.9189e-09 7.96065e-06)
(-7.84403e-09 -2.71614e-09 1.99923e-05)
(-5.18519e-09 -5.05771e-10 3.2054e-05)
(-2.23649e-09 -1.46796e-09 4.1261e-05)
(-2.68502e-09 -5.47277e-10 4.61602e-05)
(1.23704e-09 -6.79464e-10 4.61602e-05)
(2.34955e-10 -1.47835e-09 4.12608e-05)
(1.95836e-09 4.17962e-10 3.20537e-05)
(4.80272e-09 -7.45794e-11 1.9992e-05)
(2.95149e-09 -2.21893e-09 7.96041e-06)
(-7.56776e-09 4.5882e-09 7.96041e-06)
(7.89524e-09 -8.71399e-09 1.99923e-05)
(7.3686e-09 7.26344e-10 3.20551e-05)
(-8.222e-10 1.78661e-09 4.12627e-05)
(1.46539e-09 -2.09631e-10 4.61623e-05)
(-1.17259e-11 -4.70276e-10 4.61623e-05)
(3.29733e-09 2.69763e-09 4.12628e-05)
(-2.68729e-09 3.44813e-09 3.20558e-05)
(-7.10144e-09 -6.42045e-09 1.99933e-05)
(3.06213e-09 1.37658e-09 7.96076e-06)
(6.58088e-10 1.25908e-09 2.10739e-05)
(1.06114e-09 -7.78122e-09 5.33117e-05)
(-1.61251e-09 -8.75011e-11 7.85701e-05)
(1.26672e-09 2.56244e-09 9.57188e-05)
(-7.18845e-10 -1.54846e-09 0.000104217)
(-5.58562e-10 -1.37394e-09 0.000104217)
(-3.16225e-09 2.95402e-09 9.5719e-05)
(2.31289e-11 2.19077e-09 7.85712e-05)
(-3.15637e-09 -6.27094e-09 5.33123e-05)
(-3.78029e-09 -2.2702e-09 2.10741e-05)
(1.21811e-09 1.37405e-09 3.44752e-05)
(-7.48052e-10 -7.21696e-10 8.16245e-05)
(-1.85494e-09 -3.88608e-09 0.000112348)
(2.39654e-09 -1.82215e-09 0.000128937)
(1.1342e-09 -1.25827e-09 0.000135781)
(-8.59555e-10 -7.1769e-10 0.000135782)
(-2.35296e-09 -1.06394e-09 0.000128937)
(1.92407e-09 -2.61449e-09 0.000112348)
(2.59385e-09 -5.23613e-10 8.16237e-05)
(-4.97686e-10 1.5647e-10 3.44746e-05)
(3.0991e-10 -1.0454e-10 4.4962e-05)
(2.86052e-09 -1.87396e-09 0.000100997)
(2.59488e-09 -2.53738e-09 0.000130792)
(1.24277e-09 -1.97876e-09 0.000142989)
(1.0381e-10 3.9245e-10 0.000146868)
(-1.55639e-09 4.84416e-10 0.000146868)
(-1.53844e-09 -1.21925e-09 0.000142989)
(-2.63246e-09 -2.40034e-09 0.000130792)
(-2.21005e-09 -2.32518e-09 0.000100996)
(3.26229e-10 1.29891e-09 4.49615e-05)
(-5.34699e-10 9.54073e-10 5.06809e-05)
(1.35996e-09 -2.19936e-09 0.000110386)
(7.80952e-10 -6.41099e-10 0.000138063)
(-9.0414e-10 -1.18252e-09 0.000147257)
(2.95081e-10 6.06916e-10 0.000149555)
(1.26763e-10 4.69826e-10 0.000149555)
(6.98763e-10 -5.56305e-10 0.000147257)
(-7.13553e-10 -5.49162e-10 0.000138061)
(-1.42015e-09 -2.52999e-09 0.000110384)
(2.55432e-10 4.90878e-10 5.06801e-05)
(-1.15615e-09 1.35237e-10 5.0681e-05)
(7.37195e-10 -2.6905e-09 0.000110386)
(1.39696e-09 1.43149e-09 0.000138063)
(-6.39239e-10 -6.6772e-10 0.000147257)
(3.40157e-10 5.80915e-10 0.000149555)
(-3.64514e-10 4.3583e-10 0.000149555)
(2.06653e-10 1.91951e-10 0.000147257)
(-1.90989e-09 9.43424e-10 0.000138061)
(-1.42644e-09 -2.06001e-09 0.000110384)
(6.78203e-10 4.01655e-10 5.06798e-05)
(-9.83602e-10 -2.45672e-10 4.49624e-05)
(2.50699e-09 -5.28754e-09 0.000100997)
(4.06916e-09 4.26962e-09 0.000130793)
(7.67671e-11 1.56114e-09 0.000142989)
(9.69988e-10 8.67412e-10 0.000146868)
(-7.66687e-11 1.79327e-09 0.000146868)
(2.50529e-10 2.38101e-09 0.000142989)
(-3.97529e-09 3.83231e-09 0.000130792)
(-3.18369e-09 -4.52109e-09 0.000100996)
(1.10291e-10 8.04365e-10 4.49611e-05)
(-1.05708e-09 -3.81667e-09 3.44759e-05)
(-4.93758e-09 -9.46997e-09 8.1625e-05)
(-4.0053e-09 6.60859e-09 0.000112348)
(-2.22205e-09 3.0251e-09 0.000128937)
(-4.73489e-10 7.08993e-10 0.000135781)
(4.30198e-11 1.68853e-09 0.000135781)
(6.96027e-10 3.94584e-09 0.000128937)
(1.13636e-09 7.52113e-09 0.000112348)
(1.15938e-09 -7.00248e-09 8.1624e-05)
(-5.67288e-10 -2.09343e-09 3.44745e-05)
(-4.62742e-10 -3.3201e-09 2.10745e-05)
(-5.04702e-09 -8.96982e-10 5.33117e-05)
(-2.22756e-09 7.38741e-09 7.85701e-05)
(1.412e-09 -1.97071e-10 9.57183e-05)
(-6.56472e-10 -6.1254e-10 0.000104216)
(8.41166e-10 -6.13904e-10 0.000104216)
(-3.16571e-09 4.53897e-10 9.57186e-05)
(-2.81233e-11 7.16403e-09 7.85702e-05)
(3.0051e-09 -8.37793e-10 5.33116e-05)
(1.61021e-09 -5.08796e-09 2.10743e-05)
(-1.37489e-09 -1.0957e-09 7.96012e-06)
(1.71726e-09 3.59493e-09 1.9992e-05)
(5.35496e-09 3.39536e-09 3.20546e-05)
(3.42941e-09 -7.97875e-10 4.12621e-05)
(-5.68867e-10 -1.56979e-10 4.61618e-05)
(1.62316e-09 -5.51956e-10 4.61619e-05)
(-2.44306e-09 -1.04199e-09 4.12622e-05)
(-3.81612e-09 2.47085e-09 3.20551e-05)
(1.4219e-09 1.27641e-09 1.99925e-05)
(4.80173e-09 -3.72781e-09 7.96044e-06)
(-1.57271e-08 1.15437e-08 7.96047e-06)
(-3.84568e-09 -1.79569e-09 1.9993e-05)
(-4.18875e-09 4.81186e-09 3.2055e-05)
(-7.2415e-09 1.55684e-09 4.12624e-05)
(7.35806e-10 -6.65775e-10 4.61616e-05)
(-2.12675e-10 -4.71503e-10 4.61616e-05)
(7.95897e-09 1.61346e-09 4.12623e-05)
(3.689e-09 4.7038e-09 3.20547e-05)
(-5.24183e-10 -4.21762e-09 1.99929e-05)
(9.57544e-09 7.03294e-09 7.96064e-06)
(-8.77844e-09 1.25945e-08 2.10744e-05)
(-7.46007e-09 9.97469e-10 5.33131e-05)
(-1.23444e-08 7.20751e-09 7.857e-05)
(-5.37549e-09 -2.95441e-09 9.5719e-05)
(2.83344e-10 -5.79693e-09 0.000104217)
(4.0955e-09 -4.93541e-09 0.000104217)
(1.00186e-08 -9.78483e-10 9.57189e-05)
(1.62801e-08 1.06327e-08 7.85698e-05)
(8.06474e-09 2.62437e-09 5.33129e-05)
(5.65158e-09 8.83051e-09 2.10747e-05)
(-1.11463e-09 8.29324e-09 3.44753e-05)
(1.2023e-09 2.27143e-09 8.16253e-05)
(-1.19556e-09 5.55896e-09 0.000112349)
(2.61526e-09 -7.30841e-09 0.000128937)
(3.81276e-10 -5.75044e-09 0.000135781)
(-7.48964e-10 -5.29034e-09 0.000135782)
(-2.30255e-09 -5.38459e-09 0.000128937)
(3.29537e-09 1.00776e-08 0.000112348)
(9.35682e-10 6.36447e-09 8.16249e-05)
(1.39342e-10 4.98105e-09 3.44758e-05)
(7.15536e-10 2.99133e-09 4.49617e-05)
(3.61835e-09 -4.4592e-10 0.000100996)
(4.35623e-09 3.27774e-09 0.000130793)
(4.40691e-09 -2.95916e-09 0.000142989)
(7.45065e-10 -9.90895e-10 0.000146868)
(-6.45451e-10 -8.85151e-10 0.000146868)
(-4.16904e-09 -2.67996e-09 0.000142989)
(-3.51039e-09 5.69079e-09 0.000130793)
(-1.10725e-09 -7.94668e-11 0.000100996)
(4.48937e-10 3.19987e-10 4.49621e-05)
(1.46031e-09 1.37867e-09 5.06806e-05)
(2.20833e-09 -3.44967e-10 0.000110385)
(1.09273e-09 7.90566e-10 0.000138063)
(7.67418e-10 -3.75617e-10 0.000147257)
(-2.18812e-10 7.83558e-10 0.000149555)
(-3.13447e-10 7.06066e-10 0.000149555)
(-2.34402e-09 -5.26736e-10 0.000147257)
(-1.75235e-09 1.62224e-09 0.000138062)
(-1.32067e-09 -1.39341e-09 0.000110385)
(-8.16761e-10 -2.24369e-10 5.06807e-05)
(9.76104e-10 2.84649e-10 5.06808e-05)
(1.75389e-09 1.16285e-09 0.000110385)
(7.04621e-10 2.22435e-09 0.000138063)
(5.31825e-10 3.51625e-11 0.000147257)
(4.29262e-11 1.22321e-09 0.000149555)
(-7.81421e-10 1.3583e-09 0.000149555)
(-2.24686e-09 -1.27541e-10 0.000147256)
(-2.85325e-09 2.90512e-10 0.000138062)
(-2.51321e-09 -1.78293e-09 0.000110385)
(-7.45732e-10 -3.13009e-09 5.06808e-05)
(-1.5825e-09 -1.61144e-09 4.4962e-05)
(2.4784e-09 2.11936e-09 0.000100997)
(5.03552e-09 7.80053e-10 0.000130793)
(3.31649e-09 7.66298e-10 0.000142989)
(2.40692e-09 1.74497e-09 0.000146868)
(-3.7757e-10 2.39226e-09 0.000146868)
(-2.0859e-09 1.0816e-09 0.000142989)
(-4.5802e-09 -1.3469e-09 0.000130793)
(-2.92159e-09 -3.07736e-09 0.000100996)
(2.03218e-09 -6.27316e-09 4.4962e-05)
(1.08938e-09 -4.66311e-10 3.44757e-05)
(3.52304e-09 -2.20789e-09 8.16248e-05)
(3.76275e-09 -1.80984e-10 0.000112348)
(2.92796e-09 1.8089e-09 0.000128936)
(2.32491e-09 4.66367e-09 0.00013578)
(1.19177e-09 5.105e-09 0.000135781)
(9.92417e-10 4.41995e-09 0.000128937)
(1.00515e-09 -4.70389e-10 0.000112348)
(1.18424e-09 -9.30697e-09 8.16249e-05)
(3.95379e-09 -1.08265e-08 3.44755e-05)
(-1.21106e-09 -4.80694e-09 2.10748e-05)
(-3.67853e-09 -3.2731e-09 5.33122e-05)
(-6.2937e-09 -8.41749e-10 7.85692e-05)
(-3.7173e-09 -5.59145e-10 9.57181e-05)
(-1.31399e-09 3.33156e-09 0.000104216)
(4.18848e-09 3.37504e-09 0.000104216)
(8.67425e-09 4.983e-10 9.57186e-05)
(1.46165e-08 -1.38113e-09 7.85699e-05)
(1.39099e-08 -7.52278e-09 5.33124e-05)
(9.49455e-09 -1.27697e-08 2.10747e-05)
(-7.19065e-09 -5.94575e-09 7.96076e-06)
(-4.01086e-09 -1.29916e-10 1.9993e-05)
(-2.54432e-09 -8.77623e-10 3.20547e-05)
(-2.33222e-09 -1.50719e-09 4.12618e-05)
(-1.81278e-09 -2.73936e-10 4.61612e-05)
(1.14946e-09 -3.68294e-10 4.61613e-05)
(2.92425e-09 -2.15236e-09 4.12621e-05)
(4.34953e-09 -1.38909e-09 3.20547e-05)
(6.83057e-09 -6.61566e-10 1.99925e-05)
(8.22419e-09 -6.40276e-09 7.96069e-06)
(-3.25606e-09 1.76131e-09 7.96037e-06)
(8.84212e-09 -9.11096e-09 1.99923e-05)
(7.12389e-09 6.62795e-10 3.20542e-05)
(-5.7942e-10 1.19564e-09 4.12621e-05)
(1.93684e-09 -8.44391e-10 4.61614e-05)
(1.26753e-10 -1.50097e-10 4.61611e-05)
(2.24475e-09 2.23131e-09 4.12617e-05)
(-3.85332e-09 2.19928e-09 3.20538e-05)
(-6.89724e-09 -6.89547e-09 1.9992e-05)
(2.9106e-09 9.93537e-10 7.96018e-06)
(-1.94055e-10 2.79171e-09 2.10748e-05)
(1.1635e-09 -7.32171e-09 5.33129e-05)
(-1.50274e-09 -2.21195e-10 7.85689e-05)
(1.07034e-09 1.52215e-09 9.5718e-05)
(-4.98314e-10 -2.30022e-09 0.000104216)
(-5.53718e-10 -1.24947e-09 0.000104216)
(-3.13704e-09 2.36779e-09 9.57178e-05)
(-2.58383e-10 7.43033e-10 7.85677e-05)
(-3.23545e-09 -7.18739e-09 5.33121e-05)
(-2.60388e-09 -9.47473e-10 2.10746e-05)
(1.34817e-09 2.74843e-09 3.44758e-05)
(-4.91159e-10 6.53228e-10 8.16257e-05)
(-1.61697e-09 -4.04905e-09 0.000112349)
(3.27673e-09 -2.81599e-09 0.000128936)
(2.30962e-09 -1.94107e-09 0.000135781)
(4.85012e-10 -9.86128e-10 0.00013578)
(-7.68118e-10 -8.18534e-10 0.000128936)
(2.76933e-09 -2.39721e-09 0.000112348)
(3.14511e-09 5.93301e-10 8.1626e-05)
(1.45624e-10 1.59033e-09 3.44764e-05)
(2.95581e-10 2.90609e-10 4.49618e-05)
(1.88666e-09 -5.27763e-10 0.000100996)
(1.51328e-09 -2.39397e-09 0.000130794)
(3.52331e-10 -2.51449e-09 0.000142989)
(-1.20091e-10 -4.83367e-10 0.000146868)
(-1.81989e-09 4.07027e-10 0.000146868)
(-3.07466e-09 -5.81549e-10 0.000142989)
(-3.30696e-09 -1.58529e-09 0.000130795)
(-2.53673e-09 -7.05074e-10 0.000100997)
(6.79275e-11 2.1294e-09 4.49624e-05)
(-3.69151e-10 1.47216e-09 5.06804e-05)
(8.54061e-10 -3.72341e-10 0.000110384)
(3.76955e-10 3.07192e-10 0.000138063)
(-1.17002e-09 -8.63431e-10 0.000147257)
(-8.68185e-10 2.03145e-10 0.000149555)
(-5.99949e-10 4.20444e-10 0.000149555)
(-1.76699e-10 -2.02217e-10 0.000147257)
(-1.38564e-09 4.07565e-10 0.000138064)
(-2.13434e-09 -1.50803e-09 0.000110385)
(-1.44338e-10 1.02557e-09 5.06812e-05)
(-9.68469e-10 3.99126e-10 5.06801e-05)
(1.17228e-09 -3.94373e-10 0.000110384)
(1.27322e-09 1.94558e-09 0.000138063)
(-1.41164e-09 -4.18108e-10 0.000147257)
(-5.74494e-10 3.79494e-10 0.000149555)
(-5.11434e-10 3.14983e-10 0.000149555)
(1.36438e-10 -4.72442e-10 0.000147257)
(-1.86791e-09 2.57881e-09 0.000138064)
(-1.42802e-09 -7.2944e-10 0.000110385)
(6.46874e-10 6.87141e-10 5.06814e-05)
(-7.54513e-10 1.78453e-09 4.49609e-05)
(2.24656e-09 -2.42821e-09 0.000100995)
(4.36172e-09 4.24575e-09 0.000130793)
(9.19975e-10 1.13897e-09 0.000142989)
(1.02682e-09 7.13325e-10 0.000146868)
(-4.06668e-10 6.27802e-10 0.000146868)
(-2.60766e-10 1.47289e-09 0.000142989)
(-4.27763e-09 4.60146e-09 0.000130794)
(-3.52997e-09 -2.87015e-09 0.000100996)
(-1.54609e-10 1.51647e-09 4.49622e-05)
(9.2787e-10 -1.6839e-10 3.44749e-05)
(-2.22588e-09 -6.32149e-09 8.16251e-05)
(-1.63869e-09 6.68238e-09 0.000112349)
(-2.85915e-10 2.73153e-09 0.000128937)
(7.00136e-10 8.04992e-10 0.000135781)
(9.68794e-12 1.09597e-09 0.000135781)
(1.17147e-10 3.7171e-09 0.000128938)
(3.25113e-10 8.03563e-09 0.000112349)
(-5.71278e-10 -4.82036e-09 8.16252e-05)
(-2.66608e-09 2.53738e-10 3.4475e-05)
(1.05049e-09 -1.12448e-09 2.10744e-05)
(-1.52751e-09 1.82705e-09 5.33132e-05)
(1.13933e-10 6.90456e-09 7.85701e-05)
(3.01654e-09 -5.60893e-10 9.5719e-05)
(-1.05208e-10 -5.89305e-10 0.000104216)
(1.55002e-10 -8.39103e-11 0.000104216)
(-3.37605e-09 -1.38684e-10 9.57189e-05)
(-4.82633e-10 7.18305e-09 7.85701e-05)
(7.83817e-10 2.02116e-09 5.33127e-05)
(-1.85807e-09 -7.70257e-10 2.10743e-05)
(-2.21203e-10 1.31097e-10 7.96096e-06)
(2.60949e-09 4.39518e-09 1.99931e-05)
(6.1392e-09 3.44078e-09 3.20546e-05)
(4.4143e-09 -1.35369e-09 4.12619e-05)
(-1.09834e-10 -4.38787e-10 4.61611e-05)
(1.11275e-09 -5.3019e-10 4.61615e-05)
(-2.86664e-09 -1.61275e-09 4.12624e-05)
(-5.15772e-09 2.49687e-09 3.2055e-05)
(-2.3962e-09 3.53036e-09 1.9993e-05)
(4.7117e-10 -3.2933e-10 7.96085e-06)
(-1.29562e-08 9.33871e-09 7.96025e-06)
(-3.80934e-09 -2.27313e-09 1.99925e-05)
(-2.2715e-09 3.20021e-09 3.20556e-05)
(-5.74654e-09 2.12202e-09 4.12628e-05)
(-1.04675e-09 -4.85173e-10 4.61627e-05)
(-4.59345e-10 -5.93099e-10 4.61623e-05)
(3.80543e-09 2.01895e-09 4.12628e-05)
(-8.64201e-10 2.9278e-09 3.20556e-05)
(-2.68002e-09 -4.78282e-09 1.99928e-05)
(5.52905e-09 3.48189e-09 7.96016e-06)
(-8.23023e-09 1.28591e-08 2.10738e-05)
(-7.75726e-09 1.28243e-09 5.33114e-05)
(-9.47011e-09 2.03596e-09 7.85713e-05)
(-4.19165e-09 5.71944e-10 9.57199e-05)
(-2.07003e-09 -4.13137e-09 0.000104218)
(7.19084e-10 -4.05891e-09 0.000104218)
(2.30579e-09 6.19773e-10 9.57196e-05)
(8.15153e-09 3.60675e-09 7.85713e-05)
(3.42049e-09 -1.09299e-09 5.33119e-05)
(2.706e-10 3.243e-09 2.10735e-05)
(-9.83207e-10 8.73695e-09 3.44746e-05)
(1.92051e-10 4.9785e-09 8.16233e-05)
(5.66975e-10 -3.34308e-09 0.000112348)
(2.91647e-09 -3.65427e-09 0.000128937)
(6.46975e-10 -4.05102e-09 0.000135782)
(-6.78299e-10 -3.58153e-09 0.000135781)
(-2.64992e-09 -2.65619e-09 0.000128937)
(-7.41803e-10 -1.69614e-09 0.000112348)
(1.16686e-09 3.32201e-09 8.16233e-05)
(9.32482e-10 3.44757e-09 3.44741e-05)
(-1.10956e-09 4.71013e-09 4.49614e-05)
(2.90059e-09 1.69623e-09 0.000100995)
(3.40215e-09 -2.1705e-09 0.000130792)
(1.85022e-09 -2.80451e-09 0.000142989)
(9.17199e-10 -7.7238e-10 0.000146868)
(-1.3413e-09 4.84726e-11 0.000146868)
(-2.59953e-09 -6.28397e-10 0.000142989)
(-4.36464e-09 -2.055e-09 0.000130792)
(-2.24231e-09 -1.39531e-09 0.000100995)
(1.41997e-09 2.82818e-09 4.49609e-05)
(4.73999e-10 2.13028e-09 5.06806e-05)
(3.04617e-09 1.35388e-10 0.000110385)
(1.8362e-09 -4.39672e-10 0.000138062)
(-2.00869e-10 -2.00963e-09 0.000147257)
(1.98386e-10 -5.46076e-10 0.000149555)
(-3.99738e-10 4.37768e-10 0.000149555)
(-8.30508e-10 -1.20284e-11 0.000147256)
(-1.56763e-09 -2.57047e-10 0.000138061)
(-2.14047e-09 -2.2716e-09 0.000110384)
(-3.83908e-10 1.21948e-09 5.06799e-05)
(2.69004e-10 4.34553e-10 5.06805e-05)
(3.11759e-09 -1.14887e-09 0.000110385)
(2.2893e-09 2.00522e-09 0.000138062)
(7.04047e-11 -8.47546e-10 0.000147257)
(4.10492e-10 -3.29546e-10 0.000149555)
(-1.06148e-09 5.0548e-10 0.000149555)
(-8.93056e-10 3.48047e-10 0.000147256)
(-2.64574e-09 9.06588e-10 0.000138062)
(-1.68495e-09 -4.10593e-09 0.000110384)
(5.25315e-10 -4.82488e-10 5.06797e-05)
(-2.08585e-09 -1.44279e-09 4.49618e-05)
(1.9018e-09 -5.0023e-09 0.000100996)
(5.59981e-09 3.36876e-09 0.000130792)
(1.66006e-09 4.46756e-10 0.000142989)
(1.24246e-09 6.48489e-10 0.000146868)
(-6.92768e-10 1.99534e-09 0.000146869)
(-1.3606e-09 1.67568e-09 0.000142989)
(-5.61035e-09 1.45719e-09 0.000130793)
(-2.38029e-09 -8.15138e-09 0.000100996)
(1.37464e-09 -3.66309e-10 4.4961e-05)
(-8.71482e-10 -2.51189e-09 3.44753e-05)
(-1.73633e-09 -1.04697e-08 8.16235e-05)
(1.80676e-09 4.14434e-09 0.000112347)
(1.04277e-09 3.21138e-09 0.000128936)
(6.49537e-10 3.20124e-09 0.000135781)
(1.15593e-09 4.93137e-09 0.000135782)
(2.88879e-10 4.98641e-09 0.000128938)
(-2.31839e-10 3.64505e-09 0.000112349)
(1.81495e-09 -1.44783e-08 8.1624e-05)
(3.31398e-10 -4.91917e-09 3.44745e-05)
(-5.54107e-10 -4.67298e-09 2.10736e-05)
(-7.99416e-09 -8.59443e-09 5.33108e-05)
(-7.97107e-09 1.8067e-09 7.85698e-05)
(-2.52935e-09 1.09483e-09 9.57192e-05)
(-1.35862e-09 2.37952e-09 0.000104217)
(3.81945e-09 3.30561e-09 0.000104218)
(6.67407e-09 1.6857e-09 9.57199e-05)
(1.43183e-08 1.67408e-09 7.8571e-05)
(1.42338e-08 -1.03304e-08 5.33116e-05)
(6.35173e-09 -1.13264e-08 2.10742e-05)
(-4.97726e-09 -3.66965e-09 7.95999e-06)
(-9.43943e-09 -4.07371e-09 1.9992e-05)
(-5.80249e-09 -9.69085e-10 3.20549e-05)
(-3.17891e-09 -1.84902e-09 4.12626e-05)
(-3.17155e-09 -6.07104e-10 4.61619e-05)
(7.20003e-10 -1.58019e-10 4.61622e-05)
(1.74747e-09 -1.38304e-09 4.12626e-05)
(4.86951e-09 -5.49198e-10 3.20554e-05)
(9.4639e-09 -2.52647e-09 1.99926e-05)
(1.11166e-08 -8.73303e-09 7.96042e-06)
(-5.77573e-09 3.90349e-09 7.96049e-06)
(5.60692e-09 -7.13419e-09 1.9993e-05)
(6.67636e-10 2.35101e-09 3.20548e-05)
(-4.20406e-09 2.70841e-10 4.12612e-05)
(2.78257e-09 -5.983e-10 4.61602e-05)
(7.87248e-10 2.04331e-10 4.61603e-05)
(7.53294e-09 2.42086e-09 4.12616e-05)
(1.67141e-10 3.83136e-09 3.2055e-05)
(-5.81015e-09 -7.11041e-09 1.99929e-05)
(7.07634e-09 4.56e-09 7.96021e-06)
(-4.48867e-09 5.73506e-09 2.10748e-05)
(-2.2088e-09 -4.50498e-09 5.33125e-05)
(-8.12366e-09 5.7852e-09 7.85708e-05)
(-4.65234e-09 -1.31223e-09 9.57184e-05)
(-9.63272e-10 -3.97166e-09 0.000104216)
(-1.94176e-10 -2.926e-09 0.000104216)
(2.5857e-09 2.12758e-11 9.57184e-05)
(6.62719e-09 7.70953e-09 7.85714e-05)
(3.32195e-10 -4.72144e-09 5.33126e-05)
(3.58179e-09 5.05103e-09 2.10741e-05)
(-1.95516e-10 4.58058e-09 3.44751e-05)
(-1.27314e-09 1.63093e-09 8.16239e-05)
(-4.81317e-09 6.30687e-09 0.000112349)
(1.06071e-09 -5.47311e-09 0.000128937)
(8.10942e-10 -4.41168e-09 0.000135782)
(-1.65616e-10 -4.17772e-09 0.000135781)
(-1.23749e-09 -4.66675e-09 0.000128938)
(4.03816e-09 7.22652e-09 0.000112349)
(5.05756e-10 1.30551e-09 8.16236e-05)
(-6.1194e-10 2.63348e-09 3.44742e-05)
(9.77449e-10 1.91017e-09 4.4962e-05)
(1.81919e-09 5.93471e-10 0.000100995)
(2.16023e-09 4.01802e-09 0.000130792)
(3.55878e-09 -3.66254e-09 0.000142989)
(6.04821e-10 -1.38938e-09 0.000146869)
(-6.45783e-10 -9.05769e-10 0.000146868)
(-4.27051e-09 -2.24466e-09 0.000142989)
(-3.55721e-09 4.29641e-09 0.000130792)
(-2.1488e-09 -1.84514e-10 0.000100995)
(-9.33299e-10 2.6901e-10 4.49613e-05)
(7.04943e-10 2.04184e-09 5.06808e-05)
(2.0545e-10 1.17881e-09 0.000110385)
(1.06691e-09 2.46553e-09 0.000138062)
(1.39731e-09 -1.59175e-09 0.000147257)
(-2.6365e-10 -2.30069e-11 0.000149555)
(3.86631e-10 7.50047e-10 0.000149555)
(-1.89617e-09 3.69599e-10 0.000147256)
(-2.08392e-09 1.95006e-09 0.000138061)
(-1.75448e-09 -1.13937e-09 0.000110384)
(-1.10663e-09 -1.29994e-10 5.06805e-05)
(3.49501e-10 7.16685e-10 5.06808e-05)
(3.68739e-10 2.39665e-09 0.000110385)
(9.71429e-10 2.6213e-09 0.000138062)
(7.55798e-10 -1.71616e-09 0.000147257)
(-1.8287e-10 1.9658e-10 0.000149554)
(-2.07197e-10 1.16825e-09 0.000149555)
(-1.56374e-09 4.79332e-10 0.000147256)
(-2.69219e-09 2.03821e-09 0.000138061)
(-2.40874e-09 -1.97553e-09 0.000110385)
(-6.10024e-10 -2.73227e-09 5.06802e-05)
(2.17602e-10 1.05772e-09 4.49618e-05)
(3.63806e-09 2.44577e-09 0.000100996)
(4.91572e-09 1.38364e-09 0.000130792)
(1.77922e-09 2.29326e-10 0.000142989)
(1.29932e-10 9.94953e-10 0.000146868)
(-2.72695e-10 2.08469e-09 0.000146868)
(-9.81228e-10 1.64944e-09 0.000142989)
(-3.36699e-09 1.57545e-09 0.000130792)
(-3.00691e-09 -2.8178e-09 0.000100996)
(6.25132e-10 -5.58028e-09 4.49615e-05)
(1.39997e-09 -1.36262e-09 3.44748e-05)
(2.28992e-09 -1.72394e-09 8.16252e-05)
(3.57801e-10 2.01339e-09 0.000112348)
(3.48986e-10 2.2554e-09 0.000128936)
(7.55518e-10 1.43007e-09 0.00013578)
(1.91736e-09 2.10979e-09 0.00013578)
(3.70845e-09 2.62111e-09 0.000128937)
(4.0475e-09 3.4757e-09 0.000112349)
(2.43315e-09 -4.65273e-09 8.16257e-05)
(2.63611e-09 -8.676e-09 3.44755e-05)
(-1.79532e-09 -3.80725e-09 2.10742e-05)
(-2.20927e-09 1.28846e-09 5.33126e-05)
(-1.51295e-09 3.52618e-09 7.85698e-05)
(9.78105e-10 -6.45944e-10 9.57169e-05)
(6.41596e-10 -4.43241e-11 0.000104214)
(2.83398e-09 -3.95353e-10 0.000104214)
(3.02422e-09 -6.39082e-10 9.57167e-05)
(5.05581e-09 3.82424e-09 7.85696e-05)
(7.74077e-09 -1.23903e-09 5.33128e-05)
(6.60272e-09 -8.23947e-09 2.10754e-05)
(-3.49952e-09 -2.50189e-09 7.95997e-06)
(3.36026e-10 3.12987e-09 1.99918e-05)
(2.65314e-09 1.64014e-09 3.2054e-05)
(1.82129e-09 -1.46692e-09 4.12604e-05)
(5.02202e-10 -4.42602e-10 4.61592e-05)
(9.99801e-10 -9.25127e-10 4.61594e-05)
(-2.71604e-10 -1.18286e-09 4.12601e-05)
(-1.15753e-09 1.13386e-09 3.20533e-05)
(2.54815e-09 1.07585e-09 1.99916e-05)
(4.40309e-09 -3.1686e-09 7.96032e-06)
(1.8011e-10 3.66363e-10 7.96055e-06)
(2.23488e-09 -7.42573e-10 1.99929e-05)
(9.85628e-10 -8.80929e-10 3.20556e-05)
(9.67292e-10 5.92709e-10 4.12633e-05)
(1.01143e-09 9.07822e-10 4.61622e-05)
(-1.35555e-09 9.21027e-10 4.6162e-05)
(-2.4385e-09 -1.51605e-11 4.12624e-05)
(-1.69659e-09 -1.43203e-09 3.20547e-05)
(-1.91535e-09 -7.52365e-10 1.99922e-05)
(-2.78852e-09 -1.90549e-09 7.96015e-06)
(7.76634e-11 -1.2113e-09 2.10745e-05)
(-1.91404e-09 2.55741e-09 5.33119e-05)
(-2.27894e-09 3.46353e-10 7.85699e-05)
(-1.85022e-09 -1.42185e-09 9.57199e-05)
(7.46976e-10 -9.55165e-10 0.000104218)
(8.71221e-10 -6.38851e-10 0.000104217)
(3.8707e-09 -6.87226e-10 9.57194e-05)
(2.89118e-09 9.4248e-10 7.85696e-05)
(1.4839e-09 1.81143e-09 5.3311e-05)
(-2.25795e-10 -1.28384e-09 2.10734e-05)
(-1.2152e-09 1.72191e-11 3.44752e-05)
(-3.16904e-09 2.30759e-09 8.1625e-05)
(-1.8228e-09 2.42045e-09 0.000112348)
(-4.25585e-10 -2.61982e-09 0.000128937)
(-6.36445e-10 -2.50507e-09 0.000135782)
(-2.84948e-10 -2.9196e-09 0.000135781)
(6.64222e-10 -1.96692e-09 0.000128936)
(2.19833e-09 3.48029e-09 0.000112348)
(2.89823e-09 2.44986e-09 8.1625e-05)
(1.42396e-09 1.45466e-09 3.44752e-05)
(-2.65985e-10 1.95259e-09 4.49606e-05)
(-7.65307e-10 -1.44474e-10 0.000100995)
(-1.0754e-11 2.01396e-09 0.000130792)
(5.3198e-10 -1.11307e-09 0.000142988)
(-9.74768e-10 -8.88037e-10 0.000146868)
(2.67544e-10 -1.42169e-09 0.000146868)
(-1.31559e-09 -9.84076e-10 0.000142989)
(-5.90301e-10 1.47704e-09 0.000130793)
(-9.75354e-11 -5.47498e-10 0.000100996)
(-6.59647e-10 1.35233e-09 4.49612e-05)
(3.8951e-10 2.24057e-09 5.06796e-05)
(-4.87187e-10 6.92236e-10 0.000110383)
(4.42817e-10 1.44175e-09 0.000138061)
(1.07014e-09 -7.98192e-10 0.000147256)
(-2.64263e-10 -7.1384e-10 0.000149555)
(5.60884e-10 -5.07078e-10 0.000149555)
(-1.7173e-09 -3.53583e-10 0.000147257)
(-1.61036e-09 5.38331e-10 0.000138062)
(-6.79344e-10 -4.15577e-10 0.000110385)
(-7.68234e-10 7.6124e-10 5.06805e-05)
(4.54157e-10 2.76052e-09 5.06799e-05)
(1.26287e-11 1.00526e-10 0.000110383)
(5.16807e-10 9.28531e-10 0.000138061)
(1.94608e-10 1.77812e-11 0.000147256)
(-5.15816e-10 5.35913e-11 0.000149554)
(5.32559e-11 6.06711e-10 0.000149554)
(-1.20694e-09 7.44619e-10 0.000147256)
(-1.72278e-09 8.34035e-10 0.000138062)
(-2.17144e-09 -9.29728e-10 0.000110384)
(-1.43731e-09 6.04966e-10 5.06799e-05)
(1.99047e-09 3.87232e-09 4.49615e-05)
(9.56758e-10 2.10011e-09 0.000100996)
(-1.21238e-09 1.09332e-09 0.000130793)
(-1.17457e-09 4.77037e-10 0.000142988)
(-6.89865e-10 -1.63519e-10 0.000146867)
(2.29444e-10 -7.31054e-11 0.000146868)
(5.12253e-10 1.44792e-09 0.000142989)
(8.18924e-12 2.00999e-09 0.000130792)
(-1.4403e-09 -1.38516e-10 0.000100995)
(-8.24152e-10 -7.70056e-10 4.49611e-05)
(2.07292e-10 1.68353e-09 3.44755e-05)
(-2.05224e-09 1.70838e-09 8.16255e-05)
(-2.64692e-09 1.92539e-09 0.000112348)
(1.31156e-11 4.25193e-10 0.000128935)
(4.73764e-10 -2.61553e-10 0.00013578)
(4.29675e-12 3.89193e-11 0.00013578)
(1.60901e-09 9.56133e-10 0.000128936)
(3.91076e-09 2.31209e-09 0.000112348)
(3.58137e-09 -4.58006e-10 8.16247e-05)
(2.00137e-09 -3.63674e-09 3.44751e-05)
(4.2831e-09 5.18064e-09 2.10741e-05)
(3.63893e-09 7.53255e-09 5.33105e-05)
(1.70953e-09 1.66462e-09 7.85682e-05)
(2.94724e-09 -2.48289e-09 9.57182e-05)
(1.90089e-09 -2.0322e-09 0.000104217)
(1.73006e-09 -1.84843e-09 0.000104217)
(6.73249e-10 -2.6274e-09 9.57196e-05)
(2.62243e-09 -2.23841e-10 7.85701e-05)
(4.76859e-10 5.65685e-09 5.33115e-05)
(-1.38736e-09 2.11341e-09 2.10739e-05)
(3.36048e-09 3.10783e-09 7.96012e-06)
(1.07591e-08 7.58858e-09 1.99924e-05)
(1.0001e-08 1.94675e-09 3.20553e-05)
(5.00107e-09 -1.45602e-09 4.12629e-05)
(1.53625e-09 -1.44704e-09 4.61621e-05)
(-5.4905e-10 -1.88645e-09 4.61624e-05)
(-2.693e-09 -1.77494e-09 4.12633e-05)
(-7.62084e-09 6.46922e-10 3.20555e-05)
(-9.44993e-09 7.80263e-09 1.99927e-05)
(-3.1381e-09 3.30652e-09 7.9603e-06)
(-9.49021e-09 6.63171e-09 7.96014e-06)
(-4.78541e-10 -3.90353e-09 1.99917e-05)
(-5.02264e-09 5.42191e-09 3.20543e-05)
(-9.18578e-09 1.95138e-09 4.12626e-05)
(-5.15529e-10 2.29291e-10 4.61626e-05)
(-1.99084e-09 -1.40541e-10 4.61619e-05)
(4.87781e-09 1.45327e-09 4.12617e-05)
(-3.82078e-10 2.48478e-09 3.20533e-05)
(-3.7993e-09 -6.64005e-09 1.99913e-05)
(7.09548e-09 4.86071e-09 7.96011e-06)
(-8.04701e-09 1.04446e-08 2.10734e-05)
(-7.35352e-09 1.23269e-09 5.3312e-05)
(-1.26866e-08 8.69173e-09 7.85679e-05)
(-6.81989e-09 -2.75185e-09 9.57194e-05)
(-9.90249e-10 -4.66176e-09 0.000104217)
(6.9369e-10 -4.24384e-09 0.000104216)
(6.47056e-09 -1.41803e-09 9.57179e-05)
(1.11107e-08 7.1117e-09 7.85668e-05)
(3.00565e-09 -2.20006e-09 5.33118e-05)
(4.67855e-09 7.30968e-09 2.10741e-05)
(-1.75772e-09 8.13269e-09 3.44749e-05)
(-9.00493e-10 5.13784e-09 8.16261e-05)
(-3.31413e-09 8.15019e-09 0.000112347)
(-2.49694e-10 -6.01953e-09 0.000128936)
(-1.07305e-09 -6.44802e-09 0.00013578)
(-1.3435e-09 -5.66031e-09 0.00013578)
(-2.69692e-09 -5.87499e-09 0.000128935)
(1.77547e-09 7.49035e-09 0.000112347)
(-1.64994e-09 2.88392e-09 8.16266e-05)
(-1.47795e-09 3.1291e-09 3.44761e-05)
(-1.26945e-10 4.73763e-09 4.49611e-05)
(1.94386e-09 2.1803e-09 0.000100996)
(3.65428e-09 6.0511e-09 0.000130793)
(4.29569e-09 -2.38521e-09 0.000142988)
(2.85557e-10 -2.38383e-09 0.000146867)
(-1.12356e-09 -2.53351e-09 0.000146868)
(-5.09276e-09 -2.89485e-09 0.000142988)
(-3.69463e-09 4.67283e-09 0.000130794)
(-1.14498e-09 -1.25841e-09 0.000100997)
(1.06769e-10 1.76438e-10 4.49618e-05)
(1.30488e-09 2.48799e-09 5.06804e-05)
(1.33167e-09 1.61691e-09 0.000110384)
(1.94512e-09 2.32808e-09 0.000138063)
(2.75102e-09 -1.20254e-09 0.000147256)
(3.43175e-10 -8.1629e-10 0.000149555)
(3.93656e-10 -1.24074e-09 0.000149555)
(-2.34128e-09 -1.49249e-09 0.000147257)
(-8.22645e-10 1.64976e-09 0.000138063)
(-4.43905e-10 -6.34796e-10 0.000110385)
(-1.14904e-09 9.49367e-10 5.06804e-05)
(1.26533e-09 4.86203e-10 5.06806e-05)
(1.51922e-09 1.46476e-09 0.000110384)
(1.51134e-09 9.95574e-10 0.000138063)
(1.97741e-09 -6.82687e-10 0.000147256)
(5.146e-10 1.424e-10 0.000149555)
(-2.13461e-10 3.71373e-10 0.000149554)
(-1.73707e-09 -6.6436e-10 0.000147257)
(-1.62589e-09 1.20075e-09 0.000138063)
(-2.27248e-09 -2.52337e-10 0.000110384)
(-1.08663e-09 -2.75013e-09 5.06805e-05)
(-9.07165e-10 -7.47206e-10 4.4962e-05)
(1.65061e-09 1.60275e-09 0.000100997)
(3.68138e-09 -1.70675e-10 0.000130794)
(2.32491e-09 -8.35147e-10 0.000142988)
(8.62638e-10 7.64827e-10 0.000146868)
(-5.43755e-10 1.55469e-09 0.000146868)
(-2.07548e-09 4.6012e-10 0.000142989)
(-4.54966e-09 3.44662e-10 0.000130793)
(-3.09287e-09 -3.42695e-10 0.000100996)
(1.47249e-09 -5.2626e-09 4.4962e-05)
(2.76294e-10 -3.08403e-10 3.44755e-05)
(2.94272e-09 -2.75713e-09 8.16251e-05)
(3.23259e-09 -1.05067e-09 0.000112347)
(1.31598e-09 1.15327e-09 0.000128936)
(8.88466e-10 3.13092e-09 0.000135781)
(4.98238e-10 3.61588e-09 0.000135781)
(6.55074e-10 2.99006e-09 0.000128936)
(-1.53544e-10 8.43824e-10 0.000112348)
(7.86164e-10 -5.59773e-09 8.16242e-05)
(3.69518e-09 -8.50158e-09 3.4475e-05)
(-1.35592e-09 -4.66462e-09 2.10741e-05)
(-3.00504e-09 -3.85563e-09 5.33111e-05)
(-4.5248e-09 -1.0872e-09 7.85684e-05)
(-2.5051e-09 2.21304e-10 9.5719e-05)
(-1.47129e-09 1.8878e-09 0.000104218)
(2.32138e-09 1.80929e-09 0.000104217)
(5.06252e-09 1.82999e-10 9.572e-05)
(9.16375e-09 6.38063e-10 7.85696e-05)
(8.90748e-09 -3.72336e-09 5.33115e-05)
(6.60948e-09 -9.81115e-09 2.10732e-05)
(-6.02046e-09 -5.21607e-09 7.96021e-06)
(-4.74137e-09 -1.15522e-09 1.99925e-05)
(-4.07076e-09 -9.08532e-10 3.20548e-05)
(-3.60313e-09 -1.36902e-09 4.12632e-05)
(-1.91689e-09 -8.38754e-10 4.61627e-05)
(5.86632e-10 -9.6714e-10 4.61627e-05)
(1.35807e-09 -1.89453e-09 4.12632e-05)
(1.06181e-09 -3.16775e-10 3.20552e-05)
(5.04439e-09 3.12414e-10 1.99925e-05)
(8.84899e-09 -6.46767e-09 7.96e-06)
(-1.33247e-08 8.99711e-09 7.96028e-06)
(-8.92261e-12 -4.52401e-09 1.99921e-05)
(1.08575e-09 1.67552e-09 3.20538e-05)
(-4.2033e-09 1.94276e-09 4.12619e-05)
(-6.92279e-12 8.81429e-10 4.61615e-05)
(-2.13567e-09 3.61609e-10 4.6161e-05)
(1.51306e-09 1.25282e-09 4.12615e-05)
(-4.34651e-09 4.30651e-10 3.20537e-05)
(-5.96457e-09 -7.26935e-09 1.9992e-05)
(5.52391e-09 3.62108e-09 7.96033e-06)
(-7.44704e-09 1.08452e-08 2.10745e-05)
(-6.32232e-09 -5.99323e-10 5.33125e-05)
(-7.33479e-09 2.34989e-10 7.85683e-05)
(-3.75698e-09 -3.82748e-10 9.57185e-05)
(-2.21551e-09 -3.05681e-09 0.000104216)
(4.9043e-10 -2.82911e-09 0.000104216)
(1.4586e-09 8.1524e-10 9.57175e-05)
(4.78543e-09 2.38757e-09 7.85672e-05)
(-1.42925e-09 -5.37697e-09 5.33126e-05)
(-1.70916e-09 1.02588e-09 2.1075e-05)
(-2.1947e-09 8.639e-09 3.44755e-05)
(-5.78358e-10 3.93331e-09 8.16259e-05)
(1.86628e-10 -3.02278e-09 0.000112348)
(2.69948e-09 -4.18591e-09 0.000128936)
(7.96689e-10 -3.96337e-09 0.00013578)
(-1.32779e-09 -3.73101e-09 0.000135781)
(-2.54577e-09 -2.19218e-09 0.000128936)
(2.69376e-10 1.00998e-10 0.000112348)
(4.98567e-10 1.54692e-09 8.16263e-05)
(-6.51024e-10 5.8747e-10 3.4476e-05)
(3.71056e-11 4.07153e-09 4.49619e-05)
(4.19457e-09 4.90238e-10 0.000100996)
(4.30004e-09 -5.47566e-10 0.000130794)
(2.53466e-09 -1.50372e-09 0.000142988)
(1.13112e-09 -3.34734e-10 0.000146868)
(-8.79701e-10 -4.8682e-10 0.000146868)
(-2.33377e-09 -1.20692e-09 0.000142989)
(-3.01137e-09 -1.39839e-09 0.000130795)
(-1.40338e-09 -2.07833e-09 0.000100997)
(1.0837e-09 1.37942e-09 4.49624e-05)
(6.85951e-10 2.27049e-09 5.06811e-05)
(3.02931e-09 -5.89973e-10 0.000110385)
(2.35991e-09 8.65457e-10 0.000138064)
(1.31985e-09 -8.62441e-10 0.000147257)
(8.47217e-10 -4.26509e-10 0.000149555)
(6.67641e-10 -3.51686e-10 0.000149555)
(5.99244e-11 -1.03005e-09 0.000147257)
(-1.21241e-09 -3.32473e-10 0.000138064)
(-1.92863e-09 -2.25021e-09 0.000110385)
(-4.14895e-10 1.66281e-09 5.06808e-05)
(1.42458e-10 3.94681e-10 5.06809e-05)
(2.69624e-09 -1.36847e-09 0.000110384)
(2.80972e-09 1.35916e-09 0.000138064)
(1.00629e-09 -1.68406e-10 0.000147256)
(1.0151e-09 4.36152e-10 0.000149555)
(-2.64524e-10 7.68797e-10 0.000149555)
(-3.81991e-10 1.09098e-10 0.000147257)
(-2.22131e-09 1.59107e-09 0.000138064)
(-2.0304e-09 -3.48253e-09 0.000110384)
(2.65272e-10 -7.82878e-10 5.06814e-05)
(-2.18909e-09 -6.52101e-10 4.49616e-05)
(1.01583e-09 -3.89169e-09 0.000100996)
(4.80233e-09 2.72864e-09 0.000130794)
(1.64839e-09 1.62724e-10 0.000142989)
(1.76331e-09 7.88084e-10 0.000146868)
(-3.70529e-10 1.6314e-09 0.000146868)
(-1.48631e-09 1.75181e-09 0.000142989)
(-5.7771e-09 3.40085e-09 0.000130794)
(-2.39191e-09 -5.89581e-09 0.000100996)
(1.55455e-09 1.62822e-10 4.49624e-05)
(6.27162e-10 1.69834e-10 3.44748e-05)
(-1.44925e-09 -8.6201e-09 8.16248e-05)
(1.49609e-09 4.3106e-09 0.000112348)
(1.35953e-09 2.65673e-09 0.000128937)
(7.39778e-10 3.11778e-09 0.000135781)
(1.16352e-10 4.12105e-09 0.000135781)
(-5.80763e-10 5.25177e-09 0.000128937)
(-8.79346e-10 5.38583e-09 0.000112349)
(6.36112e-10 -1.17775e-08 8.16248e-05)
(-1.35517e-09 -1.99998e-09 3.44752e-05)
(7.94628e-10 -3.27646e-09 2.1074e-05)
(-3.71824e-09 -3.93638e-09 5.3312e-05)
(-4.43991e-09 3.83447e-09 7.8569e-05)
(-6.34821e-10 1.94724e-09 9.57185e-05)
(-8.16115e-10 2.14745e-09 0.000104217)
(2.64063e-09 2.25632e-09 0.000104216)
(2.92916e-09 2.54611e-09 9.57192e-05)
(8.19488e-09 4.16174e-09 7.85697e-05)
(8.36223e-09 -5.59958e-09 5.33122e-05)
(2.47919e-09 -6.46809e-09 2.10738e-05)
(-5.30149e-09 -4.3173e-09 7.96003e-06)
(-5.18943e-09 -5.34425e-10 1.9992e-05)
(-1.91371e-09 7.54889e-10 3.20539e-05)
(-3.46995e-11 -6.04626e-10 4.12621e-05)
(-1.81657e-09 -4.60631e-10 4.61617e-05)
(6.89741e-10 -6.85986e-10 4.61617e-05)
(-8.66569e-10 -6.27533e-10 4.12623e-05)
(1.47827e-09 9.3365e-10 3.20545e-05)
(4.95938e-09 3.59129e-10 1.99923e-05)
(6.01764e-09 -4.72699e-09 7.96019e-06)
(-1.46393e-08 1.07989e-08 7.96056e-06)
(-2.71284e-09 -3.02979e-09 1.99924e-05)
(-2.92151e-09 4.07703e-09 3.20536e-05)
(-6.57871e-09 2.63043e-09 4.12612e-05)
(-1.73105e-09 2.78559e-10 4.61605e-05)
(-2.81812e-09 -1.39909e-10 4.61605e-05)
(1.36776e-09 2.05896e-09 4.12614e-05)
(-2.50104e-09 1.87056e-09 3.20538e-05)
(-5.359e-09 -6.91648e-09 1.99921e-05)
(5.69443e-09 3.7152e-09 7.96047e-06)
(-7.7809e-09 1.20952e-08 2.10751e-05)
(-8.21884e-09 1.29215e-09 5.33133e-05)
(-9.67708e-09 2.72931e-09 7.8569e-05)
(-2.79237e-09 -5.75152e-10 9.5717e-05)
(-6.99318e-10 -3.40022e-09 0.000104214)
(1.55966e-09 -2.78612e-09 0.000104215)
(2.97671e-09 1.68234e-09 9.57167e-05)
(8.78177e-09 3.71533e-09 7.85689e-05)
(3.68509e-09 -1.70749e-09 5.33128e-05)
(2.90838e-10 2.71073e-09 2.10752e-05)
(-1.63299e-09 8.51169e-09 3.4476e-05)
(-6.04942e-10 5.29344e-09 8.16254e-05)
(-3.45385e-10 -2.32314e-09 0.000112348)
(2.43404e-09 -4.40644e-09 0.000128936)
(1.00194e-09 -4.12414e-09 0.000135781)
(2.90649e-10 -3.31166e-09 0.000135781)
(-7.73894e-10 -1.74398e-09 0.000128936)
(2.244e-09 9.25512e-10 0.000112349)
(3.03333e-09 5.01153e-09 8.16255e-05)
(9.05545e-10 3.60327e-09 3.44757e-05)
(-5.84773e-10 4.5115e-09 4.49626e-05)
(3.67536e-09 1.50158e-09 0.000100997)
(3.67064e-09 -1.15219e-09 0.000130793)
(1.48918e-09 -2.06969e-09 0.000142989)
(4.49413e-10 -3.51779e-10 0.000146868)
(-1.8621e-09 -5.73756e-10 0.000146868)
(-2.0992e-09 -1.2721e-09 0.000142989)
(-2.89151e-09 -1.07602e-09 0.000130794)
(-1.21545e-09 -1.27081e-10 0.000100998)
(1.92684e-09 3.06876e-09 4.4963e-05)
(4.34235e-10 2.53485e-09 5.06811e-05)
(4.05536e-09 -7.50931e-11 0.000110385)
(2.69527e-09 7.22624e-11 0.000138063)
(3.52092e-10 -1.31899e-09 0.000147257)
(6.29261e-10 3.83801e-10 0.000149555)
(-3.46804e-10 8.65322e-12 0.000149555)
(-3.56904e-10 -9.97582e-10 0.000147257)
(-1.54478e-09 -4.78683e-10 0.000138064)
(-1.97377e-09 -9.50917e-10 0.000110386)
(1.18375e-10 2.21178e-09 5.06815e-05)
(6.52808e-12 2.83623e-10 5.06806e-05)
(3.28926e-09 -1.18748e-09 0.000110385)
(3.24444e-09 2.17841e-09 0.000138063)
(9.55149e-10 -5.92682e-10 0.000147257)
(1.13834e-09 2.98339e-11 0.000149555)
(-1.227e-10 2.1417e-10 0.000149555)
(-2.55378e-10 -2.27101e-10 0.000147257)
(-3.46304e-09 9.99625e-10 0.000138063)
(-2.30877e-09 -2.81055e-09 0.000110386)
(9.37191e-10 4.29715e-10 5.06814e-05)
(-1.78845e-09 -6.00221e-10 4.49617e-05)
(1.92058e-09 -4.19021e-09 0.000100996)
(4.98595e-09 3.13894e-09 0.000130793)
(1.30014e-09 -3.55862e-10 0.000142989)
(1.21082e-09 4.9819e-10 0.000146868)
(-1.80096e-09 1.09764e-09 0.000146868)
(-2.33219e-09 8.07415e-10 0.000142989)
(-6.49717e-09 1.94874e-09 0.000130794)
(-3.31077e-09 -5.85463e-09 0.000100997)
(1.3823e-09 7.15717e-10 4.49625e-05)
(1.36687e-09 2.25911e-10 3.44752e-05)
(-1.42909e-10 -9.08294e-09 8.16251e-05)
(1.51982e-09 3.08512e-09 0.000112349)
(6.20186e-10 1.9226e-09 0.000128937)
(-3.27534e-10 3.33952e-09 0.000135781)
(-8.36746e-10 4.46275e-09 0.000135781)
(-1.22576e-09 4.60743e-09 0.000128937)
(-1.49363e-09 3.95578e-09 0.000112349)
(-5.06495e-10 -1.26495e-08 8.16254e-05)
(-1.51525e-09 -2.63652e-09 3.44758e-05)
(7.09006e-10 -4.1521e-09 2.10748e-05)
(-6.63107e-09 -7.06942e-09 5.33139e-05)
(-8.48931e-09 1.46689e-09 7.85709e-05)
(-3.65356e-09 1.72018e-10 9.57179e-05)
(-2.88185e-09 2.35513e-09 0.000104215)
(2.56223e-09 2.56833e-09 0.000104215)
(3.89417e-09 1.67546e-09 9.57179e-05)
(1.09768e-08 2.65934e-09 7.857e-05)
(1.11001e-08 -8.32168e-09 5.33134e-05)
(3.44392e-09 -8.02006e-09 2.10751e-05)
(-5.15573e-09 -4.63209e-09 7.9606e-06)
(-7.41474e-09 -2.63102e-09 1.99927e-05)
(-4.91414e-09 -8.34493e-10 3.20543e-05)
(-2.95568e-09 -1.83922e-09 4.12613e-05)
(-2.79346e-09 -4.69506e-10 4.61608e-05)
(1.06369e-09 -8.22509e-10 4.61613e-05)
(1.60154e-10 -1.62142e-09 4.12617e-05)
(2.36706e-09 4.70152e-10 3.20543e-05)
(6.66439e-09 -7.49421e-10 1.99923e-05)
(6.29585e-09 -4.92354e-09 7.96054e-06)
(-3.54377e-09 1.48364e-09 7.96045e-06)
(9.46888e-09 -9.80617e-09 1.9993e-05)
(7.89004e-09 -1.9852e-10 3.20554e-05)
(3.23575e-10 1.3511e-09 4.12625e-05)
(1.36959e-09 -5.96e-10 4.61622e-05)
(-9.25707e-10 2.88695e-10 4.61624e-05)
(-2.08192e-10 1.97055e-09 4.1263e-05)
(-7.00113e-09 1.01133e-09 3.20559e-05)
(-1.10086e-08 -8.95293e-09 1.99932e-05)
(-8.04136e-10 -1.01101e-09 7.96071e-06)
(-1.95982e-10 1.39819e-09 2.1074e-05)
(1.73042e-09 -9.71284e-09 5.33125e-05)
(3.16966e-10 -2.25451e-09 7.85712e-05)
(1.9174e-09 1.44605e-09 9.5719e-05)
(-1.33975e-09 -1.72728e-10 0.000104217)
(-1.93618e-09 -3.50981e-11 0.000104217)
(-5.78481e-09 2.80337e-09 9.57191e-05)
(-4.15516e-09 -5.00417e-10 7.8571e-05)
(-6.44125e-09 -1.08726e-08 5.33122e-05)
(-3.50422e-09 -3.68788e-09 2.1074e-05)
(1.60021e-09 2.16782e-09 3.44751e-05)
(-1.9303e-10 -1.68754e-09 8.16241e-05)
(-1.37567e-09 -5.44774e-09 0.000112348)
(1.4305e-09 -1.99371e-09 0.000128938)
(-3.93017e-10 1.25991e-10 0.000135782)
(-1.71777e-09 -2.02825e-10 0.000135782)
(-3.04132e-09 -1.09768e-09 0.000128937)
(4.91708e-10 -4.70764e-09 0.000112348)
(6.41189e-10 -3.4145e-09 8.16241e-05)
(-9.65737e-10 -1.05451e-09 3.44749e-05)
(4.09812e-10 5.3813e-10 4.49618e-05)
(2.68412e-09 -1.72382e-09 0.000100996)
(2.08604e-09 -2.68623e-09 0.000130792)
(4.88358e-10 -1.16161e-09 0.00014299)
(3.51688e-10 7.08411e-10 0.000146868)
(-1.50482e-09 4.32069e-10 0.000146868)
(-1.85057e-09 -1.54476e-09 0.000142989)
(-2.79343e-09 -4.1286e-09 0.000130792)
(-2.9992e-09 -4.05356e-09 0.000100996)
(-1.61662e-10 6.73854e-10 4.49613e-05)
(-6.63783e-10 1.39827e-09 5.06807e-05)
(1.10426e-09 -1.45843e-09 0.000110385)
(6.59487e-10 -2.14093e-10 0.000138062)
(-7.56204e-10 -7.56344e-10 0.000147258)
(3.11934e-10 3.92885e-10 0.000149556)
(2.90473e-10 2.55544e-10 0.000149555)
(1.08121e-09 -9.38154e-10 0.000147257)
(-4.42573e-10 -1.4659e-09 0.000138062)
(-1.45034e-09 -3.52442e-09 0.000110385)
(-1.37944e-10 -2.68261e-11 5.06803e-05)
(-8.36876e-10 3.85393e-10 5.06807e-05)
(1.65117e-09 -2.14712e-09 0.000110385)
(2.2305e-09 1.37673e-09 0.000138063)
(-2.10291e-10 -6.05149e-10 0.000147257)
(9.67799e-10 -3.9787e-11 0.000149555)
(-3.58445e-10 1.10179e-10 0.000149555)
(2.77056e-10 -7.65107e-10 0.000147257)
(-1.69877e-09 1.24064e-09 0.000138062)
(-1.62101e-09 -2.45988e-09 0.000110385)
(5.69034e-10 6.8702e-10 5.06797e-05)
(-3.28183e-10 1.08636e-09 4.49619e-05)
(2.76557e-09 -5.31087e-09 0.000100996)
(3.80883e-09 3.83941e-09 0.000130792)
(-3.4422e-10 1.35681e-09 0.000142989)
(1.52048e-10 1.01965e-09 0.000146868)
(-1.31665e-09 2.75021e-10 0.000146868)
(-9.85061e-10 8.35859e-10 0.000142989)
(-5.07145e-09 3.7542e-09 0.000130792)
(-3.85892e-09 -4.40399e-09 0.000100995)
(-3.53375e-10 1.71733e-09 4.49607e-05)
(1.00961e-09 -1.68445e-09 3.44758e-05)
(-2.11991e-09 -8.29819e-09 8.16247e-05)
(-2.06963e-09 6.75097e-09 0.000112348)
(-6.87327e-10 2.85667e-09 0.000128937)
(-1.7952e-10 7.8625e-10 0.000135781)
(-7.61782e-10 6.40593e-10 0.000135781)
(-7.50919e-10 3.18346e-09 0.000128937)
(-5.0381e-10 7.5625e-09 0.000112348)
(-6.00371e-10 -6.05434e-09 8.1624e-05)
(-2.23136e-09 -2.81636e-10 3.44747e-05)
(-1.01653e-09 -3.31486e-09 2.10747e-05)
(-3.37535e-09 3.74487e-10 5.33123e-05)
(1.18643e-11 7.50962e-09 7.85707e-05)
(3.5998e-09 -1.31229e-10 9.57182e-05)
(1.14634e-10 -6.72889e-10 0.000104216)
(1.28891e-09 -1.97504e-10 0.000104217)
(-2.32315e-09 -2.02251e-10 9.57189e-05)
(-1.77949e-12 6.57224e-09 7.85705e-05)
(2.05603e-09 -6.69617e-12 5.33116e-05)
(-7.85193e-10 -2.23796e-09 2.10743e-05)
(-4.83857e-10 -4.96879e-10 7.96058e-06)
(1.69788e-09 3.58914e-09 1.99926e-05)
(5.87976e-09 3.63057e-09 3.20549e-05)
(4.80702e-09 -7.35056e-10 4.12619e-05)
(7.00884e-10 -3.3235e-10 4.61613e-05)
(2.21575e-09 -3.512e-10 4.61619e-05)
(-9.56464e-10 -1.95255e-09 4.12625e-05)
(-2.50308e-09 1.44335e-09 3.20553e-05)
(-1.78804e-10 2.25114e-09 1.99926e-05)
(1.34998e-09 -9.73101e-10 7.9603e-06)
(-1.49685e-08 1.10367e-08 7.96021e-06)
(-5.35837e-09 -5.80195e-11 1.99926e-05)
(-7.29079e-09 6.79726e-09 3.20547e-05)
(-9.66878e-09 1.84049e-09 4.12623e-05)
(-2.55714e-10 -2.01646e-10 4.61619e-05)
(-6.91261e-10 -4.05878e-10 4.61622e-05)
(7.54703e-09 1.68749e-09 4.12626e-05)
(3.98669e-09 5.01089e-09 3.20553e-05)
(-2.07784e-10 -3.98317e-09 1.99927e-05)
(1.11574e-08 8.4138e-09 7.9605e-06)
(-1.02976e-08 1.41103e-08 2.10745e-05)
(-1.22247e-08 5.3264e-09 5.33121e-05)
(-1.74686e-08 1.10538e-08 7.85694e-05)
(-8.3807e-09 -2.96634e-09 9.57189e-05)
(-1.70969e-09 -5.29731e-09 0.000104217)
(2.74082e-09 -5.50951e-09 0.000104217)
(9.72695e-09 -1.75867e-09 9.57194e-05)
(1.69758e-08 1.09161e-08 7.85704e-05)
(9.93128e-09 3.81031e-09 5.33131e-05)
(8.16364e-09 1.14338e-08 2.10743e-05)
(-2.9262e-09 1.05872e-08 3.44752e-05)
(-1.42207e-09 6.79114e-09 8.16241e-05)
(-3.58712e-09 9.21234e-09 0.000112348)
(4.73367e-10 -7.01562e-09 0.000128937)
(-1.04532e-09 -6.58033e-09 0.000135782)
(-5.14045e-10 -6.30647e-09 0.000135782)
(-1.39672e-09 -5.85864e-09 0.000128937)
(3.68092e-09 1.02742e-08 0.000112348)
(9.19233e-10 6.80244e-09 8.16249e-05)
(5.47876e-10 6.38376e-09 3.44751e-05)
(6.41375e-11 4.97006e-09 4.4962e-05)
(2.7831e-09 2.69728e-09 0.000100996)
(3.74742e-09 7.12722e-09 0.000130793)
(3.18172e-09 -2.15673e-09 0.000142989)
(-6.77446e-10 -2.18188e-09 0.000146868)
(-1.50531e-09 -1.97173e-09 0.000146868)
(-5.14837e-09 -2.66011e-09 0.000142989)
(-4.20115e-09 6.03629e-09 0.000130792)
(-1.87466e-09 4.16354e-10 0.000100996)
(4.7978e-10 1.86967e-09 4.49613e-05)
(1.36102e-09 2.4377e-09 5.0681e-05)
(2.46378e-09 1.37461e-09 0.000110385)
(2.38835e-09 3.88583e-09 0.000138063)
(2.24166e-09 -9.24843e-12 0.000147257)
(1.36419e-10 -5.67117e-10 0.000149555)
(-5.91395e-11 -8.83821e-10 0.000149555)
(-2.16427e-09 -1.4786e-09 0.000147257)
(-1.91948e-09 1.85737e-09 0.000138062)
(-1.62477e-09 -8.21884e-10 0.000110384)
(-9.04581e-10 7.99225e-10 5.06802e-05)
(7.8101e-10 1.18831e-10 5.06811e-05)
(2.16376e-09 1.90609e-09 0.000110385)
(1.65071e-09 3.53196e-09 0.000138063)
(1.10626e-09 4.85031e-10 0.000147257)
(2.24818e-10 2.04831e-10 0.000149555)
(-8.28436e-10 1.75279e-11 0.000149555)
(-1.88349e-09 -9.62706e-10 0.000147257)
(-2.83318e-09 7.75454e-10 0.000138062)
(-2.41497e-09 -1.68348e-09 0.000110384)
(-3.41955e-10 -2.78098e-09 5.06803e-05)
(-1.61918e-09 -2.04266e-09 4.49618e-05)
(2.1748e-09 1.98191e-09 0.000100996)
(4.51861e-09 1.9694e-09 0.000130792)
(2.77269e-09 1.6498e-09 0.000142989)
(1.85964e-09 1.75099e-09 0.000146868)
(-2.78577e-10 1.91818e-09 0.000146868)
(-1.59805e-09 5.83818e-10 0.000142989)
(-4.96792e-09 -1.08177e-09 0.000130793)
(-2.8121e-09 -3.50453e-09 0.000100996)
(2.55958e-09 -6.0915e-09 4.49612e-05)
(-5.1367e-10 -1.19542e-09 3.44752e-05)
(1.78887e-09 -2.4286e-09 8.16243e-05)
(3.03837e-09 1.33071e-09 0.000112347)
(2.24869e-09 3.23158e-09 0.000128936)
(1.95778e-09 4.10965e-09 0.000135781)
(1.18408e-09 5.0742e-09 0.000135781)
(1.25546e-09 4.81579e-09 0.000128937)
(7.87073e-10 1.09026e-10 0.000112348)
(1.71726e-09 -1.04129e-08 8.16243e-05)
(4.64098e-09 -1.10927e-08 3.44748e-05)
(-3.69958e-10 -4.16124e-09 2.10742e-05)
(-3.29215e-09 -3.4109e-09 5.33116e-05)
(-5.86038e-09 8.40762e-10 7.85695e-05)
(-2.69165e-09 9.18704e-10 9.57187e-05)
(-1.44113e-10 2.36641e-09 0.000104217)
(4.97501e-09 3.3492e-09 0.000104217)
(9.59275e-09 2.3018e-09 9.57189e-05)
(1.68086e-08 -4.99648e-10 7.85703e-05)
(1.723e-08 -1.02599e-08 5.33125e-05)
(9.97488e-09 -1.31523e-08 2.10745e-05)
(-4.95134e-09 -4.33797e-09 7.96041e-06)
(-5.55431e-09 -1.65172e-09 1.9992e-05)
(-2.85501e-09 -2.90112e-10 3.20547e-05)
(-1.02485e-09 -1.22032e-09 4.12625e-05)
(-9.01635e-10 -5.53201e-10 4.61619e-05)
(2.38059e-09 -4.61294e-10 4.61619e-05)
(3.47154e-09 -1.20975e-09 4.12626e-05)
(5.6451e-09 -1.27438e-09 3.20551e-05)
(8.95841e-09 -2.64435e-09 1.9993e-05)
(7.91109e-09 -5.90188e-09 7.96064e-06)
(4.29178e-10 -1.43683e-10 7.96021e-06)
(1.36626e-08 -1.16945e-08 1.99919e-05)
(8.30288e-09 8.51316e-10 3.20536e-05)
(6.89862e-10 1.85731e-09 4.12617e-05)
(2.23651e-09 -7.294e-12 4.61609e-05)
(-2.96922e-10 -3.69609e-10 4.61606e-05)
(1.13285e-09 2.44709e-09 4.12612e-05)
(-6.13611e-09 1.40516e-09 3.20532e-05)
(-1.02189e-08 -9.04131e-09 1.99915e-05)
(2.10629e-09 1.06493e-09 7.96004e-06)
(2.57182e-09 -1.55728e-09 2.10744e-05)
(3.31393e-09 -1.05039e-08 5.33122e-05)
(-1.78525e-09 1.06576e-09 7.85679e-05)
(9.15788e-10 3.09576e-09 9.57172e-05)
(-1.43181e-09 -5.82736e-10 0.000104215)
(-2.43758e-09 -6.84494e-10 0.000104215)
(-4.50494e-09 2.85935e-09 9.57169e-05)
(-1.81525e-09 8.38251e-10 7.85676e-05)
(-5.82797e-09 -9.609e-09 5.33124e-05)
(-4.52399e-09 -3.22782e-09 2.10747e-05)
(2.24496e-09 -7.45374e-11 3.44755e-05)
(-9.86601e-10 -2.82646e-11 8.16256e-05)
(-3.35015e-09 -2.34825e-09 0.000112348)
(1.18084e-09 -1.7664e-09 0.000128936)
(7.51356e-10 -1.12856e-09 0.00013578)
(-7.98515e-10 -6.31346e-10 0.00013578)
(-1.19485e-09 -1.37741e-09 0.000128936)
(2.9518e-09 -2.05828e-09 0.000112349)
(2.19376e-09 -1.15876e-09 8.16273e-05)
(-8.46632e-10 -4.52801e-10 3.44766e-05)
(5.93273e-10 -1.09153e-10 4.49619e-05)
(3.18951e-09 -1.51318e-09 0.000100996)
(3.26232e-09 -1.40492e-09 0.000130794)
(1.89376e-09 -1.791e-09 0.000142988)
(6.9157e-10 1.32181e-10 0.000146868)
(-8.76021e-10 1.54259e-10 0.000146868)
(-1.12208e-09 -1.72193e-09 0.000142988)
(-1.50055e-09 -1.55031e-09 0.000130794)
(-1.02063e-09 -1.16377e-09 0.000100998)
(7.19705e-10 1.34248e-09 4.4963e-05)
(-3.47432e-10 7.88609e-10 5.06809e-05)
(6.26262e-10 -2.13412e-09 0.000110384)
(6.96921e-10 3.97278e-10 0.000138063)
(-2.917e-10 -4.32117e-10 0.000147257)
(-1.58977e-10 4.61489e-10 0.000149555)
(-6.33462e-10 4.75264e-10 0.000149555)
(-2.78258e-10 -7.3639e-10 0.000147257)
(-1.02641e-09 -3.30145e-10 0.000138064)
(-1.61775e-09 -2.00212e-09 0.000110385)
(2.06995e-10 8.43641e-10 5.06817e-05)
(-5.43202e-10 5.47588e-10 5.06808e-05)
(1.01463e-09 -2.06366e-09 0.000110384)
(1.85894e-09 1.49718e-09 0.000138063)
(4.70431e-10 -2.75056e-10 0.000147256)
(4.32144e-10 4.20705e-10 0.000149555)
(-3.74959e-10 2.39936e-10 0.000149555)
(5.44116e-10 -1.89583e-10 0.000147257)
(-1.80152e-09 1.81164e-09 0.000138064)
(-1.45002e-09 -2.15705e-09 0.000110385)
(8.77268e-10 7.27571e-10 5.06815e-05)
(-2.65787e-10 1.6344e-09 4.49614e-05)
(2.13096e-09 -4.13154e-09 0.000100995)
(3.75301e-09 3.50861e-09 0.000130793)
(6.11637e-10 1.40342e-09 0.000142989)
(8.46678e-10 1.48486e-09 0.000146868)
(-4.03462e-10 6.98629e-10 0.000146868)
(-2.55198e-10 1.0447e-09 0.000142989)
(-4.41247e-09 4.15595e-09 0.000130794)
(-3.07788e-09 -4.67353e-09 0.000100996)
(3.40316e-10 5.35165e-10 4.49627e-05)
(1.22495e-09 -1.52154e-09 3.44748e-05)
(-1.76577e-09 -7.87334e-09 8.16252e-05)
(-1.96517e-09 5.6921e-09 0.000112348)
(8.59406e-11 2.38513e-09 0.000128937)
(9.03688e-10 1.28026e-09 0.000135781)
(8.87179e-10 1.28103e-09 0.000135781)
(1.55872e-09 2.80868e-09 0.000128936)
(1.40268e-09 7.62179e-09 0.000112348)
(7.44219e-10 -5.83681e-09 8.16258e-05)
(-1.93408e-09 -5.70519e-10 3.44757e-05)
(-3.35507e-10 -3.64376e-09 2.10739e-05)
(-3.7258e-09 -4.24221e-10 5.33125e-05)
(-2.00054e-09 5.93821e-09 7.85694e-05)
(1.36521e-09 -1.61412e-09 9.57189e-05)
(-6.63768e-10 -3.01973e-10 0.000104216)
(9.50387e-10 -4.2462e-10 0.000104216)
(-2.7216e-09 -2.94129e-10 9.57182e-05)
(-8.09097e-10 8.17137e-09 7.85692e-05)
(4.21705e-10 2.359e-09 5.33126e-05)
(-6.64989e-10 -2.75569e-09 2.10743e-05)
(-3.84682e-09 -2.6371e-09 7.96039e-06)
(1.25986e-09 3.92097e-09 1.99924e-05)
(5.87847e-09 3.3986e-09 3.20548e-05)
(2.4566e-09 -2.06004e-09 4.12625e-05)
(-1.23102e-09 -3.19926e-10 4.61617e-05)
(9.2001e-10 -8.68848e-10 4.61616e-05)
(-2.95709e-09 -1.60915e-09 4.12624e-05)
(-4.26963e-09 3.27586e-09 3.20546e-05)
(3.94187e-10 3.1172e-09 1.99924e-05)
(5.52782e-09 -4.14503e-09 7.96049e-06)
(-1.56691e-08 1.18334e-08 7.96059e-06)
(-6.60808e-09 -3.82114e-10 1.99928e-05)
(-4.98676e-09 4.59519e-09 3.20559e-05)
(-7.42321e-09 2.04032e-09 4.1263e-05)
(-1.62591e-09 -6.09155e-10 4.61629e-05)
(-1.7458e-09 -2.12455e-10 4.61624e-05)
(2.51807e-09 2.21863e-09 4.12628e-05)
(-3.02189e-09 2.11758e-09 3.20556e-05)
(-7.57349e-09 -7.77838e-09 1.99926e-05)
(3.5253e-09 2.24433e-09 7.96022e-06)
(-1.10995e-08 1.64929e-08 2.10735e-05)
(-1.11904e-08 3.52676e-09 5.33123e-05)
(-1.21303e-08 2.65206e-09 7.85716e-05)
(-5.24984e-09 -8.80882e-10 9.57197e-05)
(-2.28315e-09 -4.60054e-09 0.000104218)
(3.7624e-10 -3.16688e-09 0.000104217)
(2.09387e-09 1.93392e-09 9.57197e-05)
(7.72552e-09 3.37521e-09 7.85707e-05)
(2.175e-09 -2.46801e-09 5.33116e-05)
(-9.537e-10 1.81286e-09 2.10736e-05)
(-3.51978e-09 1.22753e-08 3.44745e-05)
(-1.30702e-09 6.85387e-09 8.16243e-05)
(-2.08001e-10 -2.59626e-09 0.000112349)
(1.32317e-09 -4.38302e-09 0.000128937)
(-1.00642e-09 -4.11285e-09 0.000135781)
(-2.22428e-09 -3.17247e-09 0.000135781)
(-3.97828e-09 -2.28152e-09 0.000128937)
(-5.24919e-10 -1.22703e-09 0.000112348)
(2.05419e-09 4.35847e-09 8.16241e-05)
(7.66009e-10 2.99913e-09 3.44749e-05)
(-9.86576e-10 6.23799e-09 4.49609e-05)
(4.27895e-09 2.50057e-09 0.000100996)
(4.65583e-09 -2.96029e-10 0.000130792)
(1.95738e-09 -1.95626e-09 0.000142989)
(6.06204e-10 -3.86176e-10 0.000146868)
(-1.18272e-09 -2.45758e-10 0.000146868)
(-2.66697e-09 -1.10088e-09 0.000142989)
(-3.86322e-09 -1.88786e-09 0.000130791)
(-1.0184e-09 -3.18847e-10 0.000100996)
(1.73489e-09 2.39814e-09 4.49619e-05)
(2.81106e-10 2.53935e-09 5.06805e-05)
(2.86442e-09 -4.5694e-10 0.000110385)
(2.44609e-09 9.75566e-10 0.000138062)
(5.93414e-10 -8.89668e-10 0.000147257)
(-1.34688e-10 -1.76445e-10 0.000149555)
(-4.86988e-10 1.6255e-10 0.000149554)
(-5.1274e-10 -6.95745e-10 0.000147257)
(-1.80095e-09 -3.24436e-10 0.000138061)
(-2.24626e-09 -1.81236e-09 0.000110385)
(-3.38577e-10 1.34713e-09 5.06808e-05)
(-1.70444e-11 1.01367e-09 5.06805e-05)
(2.39825e-09 -1.56402e-09 0.000110385)
(2.50884e-09 2.82563e-09 0.000138062)
(4.81101e-10 -3.7093e-10 0.000147257)
(5.58697e-10 3.12908e-10 0.000149555)
(-6.97744e-10 1.62557e-10 0.000149554)
(-2.31554e-10 -4.89531e-10 0.000147257)
(-2.23119e-09 9.48259e-10 0.000138062)
(-1.62133e-09 -3.51238e-09 0.000110385)
(6.16423e-10 4.28523e-10 5.06802e-05)
(-1.45891e-09 -1.02965e-09 4.49619e-05)
(1.55026e-09 -5.09483e-09 0.000100997)
(5.27263e-09 4.18345e-09 0.000130793)
(2.33591e-09 4.3321e-10 0.000142989)
(1.67503e-09 1.6034e-09 0.000146868)
(-6.17153e-10 1.57612e-09 0.000146868)
(-1.75513e-09 5.61541e-10 0.000142989)
(-5.81301e-09 1.8149e-09 0.000130793)
(-2.33456e-09 -6.9778e-09 0.000100996)
(1.05987e-09 1.34182e-09 4.49617e-05)
(4.58605e-10 -1.59724e-09 3.44756e-05)
(-1.24943e-09 -1.03326e-08 8.16242e-05)
(1.67118e-09 3.76392e-09 0.000112348)
(1.46271e-09 2.79054e-09 0.000128937)
(4.94263e-10 4.36666e-09 0.000135781)
(5.03301e-11 5.11611e-09 0.000135781)
(-5.77297e-10 3.54395e-09 0.000128937)
(-8.97546e-10 3.39568e-09 0.000112348)
(-1.56956e-10 -1.30241e-08 8.16243e-05)
(-1.30688e-09 -3.06214e-09 3.44754e-05)
(3.0537e-10 -4.36077e-09 2.10739e-05)
(-7.43406e-09 -7.9102e-09 5.33111e-05)
(-9.04659e-09 3.29154e-10 7.85694e-05)
(-3.652e-09 1.07396e-09 9.57185e-05)
(-2.18736e-09 3.83959e-09 0.000104217)
(3.21572e-09 3.29222e-09 0.000104217)
(5.83153e-09 -5.63002e-11 9.57194e-05)
(1.36378e-08 1.00636e-09 7.85708e-05)
(1.1525e-08 -8.46674e-09 5.33115e-05)
(2.40971e-09 -7.56852e-09 2.10744e-05)
(-6.55751e-09 -5.26517e-09 7.96021e-06)
(-7.12821e-09 -2.68009e-09 1.99922e-05)
(-4.95262e-09 -1.31648e-09 3.20548e-05)
(-2.66537e-09 -1.3613e-09 4.12622e-05)
(-1.90463e-09 3.04505e-10 4.61616e-05)
(2.03485e-09 -4.10367e-10 4.61617e-05)
(2.24405e-09 -2.68219e-09 4.12626e-05)
(4.81959e-09 -1.09124e-09 3.20554e-05)
(7.22087e-09 -6.78378e-10 1.99925e-05)
(6.33121e-09 -4.71846e-09 7.96043e-06)
(-3.99256e-09 1.4446e-09 7.96046e-06)
(8.25416e-09 -8.05378e-09 1.9993e-05)
(3.60657e-09 2.48946e-09 3.20552e-05)
(-3.80027e-09 1.54206e-09 4.1262e-05)
(3.07586e-09 -6.93048e-10 4.6162e-05)
(-4.87603e-10 -2.45267e-10 4.6162e-05)
(5.89183e-09 2.35601e-09 4.12624e-05)
(-1.15672e-09 4.02225e-09 3.20556e-05)
(-8.57608e-09 -8.54286e-09 1.99931e-05)
(4.76792e-09 3.15489e-09 7.96059e-06)
(1.75462e-10 8.62645e-10 2.10743e-05)
(1.5137e-09 -6.4676e-09 5.33124e-05)
(-5.21668e-09 5.80764e-09 7.85704e-05)
(-2.12629e-09 7.91372e-11 9.57189e-05)
(1.08918e-10 -3.62733e-09 0.000104217)
(-4.36948e-10 -3.01968e-09 0.000104217)
(1.13647e-09 8.63661e-10 9.57193e-05)
(4.91295e-09 8.0755e-09 7.85708e-05)
(-3.1001e-09 -7.39793e-09 5.33122e-05)
(-4.50869e-11 1.61992e-09 2.1074e-05)
(8.10022e-10 2.45374e-09 3.44748e-05)
(-3.7424e-10 -6.16985e-10 8.16251e-05)
(-4.18024e-09 5.56866e-09 0.000112349)
(7.90079e-10 -4.30589e-09 0.000128937)
(-4.7716e-10 -3.45495e-09 0.000135782)
(-1.54359e-09 -3.27195e-09 0.000135781)
(-2.49011e-09 -4.28377e-09 0.000128937)
(3.63026e-09 6.73257e-09 0.000112348)
(-6.94674e-10 -1.56934e-09 8.16241e-05)
(-2.63018e-09 2.16822e-10 3.44746e-05)
(1.36124e-09 -1.53329e-10 4.49611e-05)
(2.33163e-09 -1.93578e-09 0.000100997)
(2.62447e-09 3.75148e-09 0.000130792)
(3.04181e-09 -2.27572e-09 0.000142989)
(-7.90818e-11 -7.7563e-10 0.000146868)
(-2.96087e-10 -6.69942e-10 0.000146868)
(-3.69239e-09 -2.74971e-09 0.000142989)
(-2.55163e-09 4.0147e-09 0.000130792)
(-2.0326e-09 -2.113e-09 0.000100996)
(-1.58958e-09 -8.69375e-10 4.49614e-05)
(7.93692e-10 9.90873e-10 5.06807e-05)
(-1.4433e-10 -6.94633e-10 0.000110385)
(7.11429e-10 2.01043e-09 0.000138062)
(1.47613e-09 -1.40041e-09 0.000147257)
(-1.54734e-10 -3.81199e-10 0.000149554)
(4.25454e-10 -3.42661e-10 0.000149555)
(-1.31385e-09 -1.02136e-09 0.000147257)
(-1.98567e-10 1.76278e-09 0.000138061)
(-1.60318e-10 -7.97841e-10 0.000110385)
(-9.95387e-10 -3.06118e-10 5.06803e-05)
(5.98625e-10 7.62446e-11 5.06804e-05)
(2.94331e-10 7.68328e-10 0.000110385)
(5.63095e-10 2.03383e-09 0.000138062)
(7.22054e-10 -1.15697e-09 0.000147256)
(6.1234e-11 -6.58035e-10 0.000149554)
(-2.13485e-10 -1.98946e-10 0.000149554)
(-1.40907e-09 -9.59529e-10 0.000147257)
(-1.72703e-09 1.77238e-09 0.000138062)
(-2.12935e-09 7.03118e-10 0.000110385)
(-1.10347e-09 -1.72729e-09 5.068e-05)
(2.46884e-11 1.07378e-09 4.49619e-05)
(2.37989e-09 2.07753e-09 0.000100997)
(3.20093e-09 2.37508e-09 0.000130792)
(9.23635e-10 1.21342e-09 0.000142989)
(2.65485e-10 2.69142e-10 0.000146868)
(-7.32332e-10 5.21566e-10 0.000146867)
(-1.79043e-09 8.51648e-10 0.000142989)
(-4.62374e-09 2.66919e-09 0.000130793)
(-5.3425e-09 1.06015e-09 0.000100996)
(-5.79099e-10 -3.64163e-09 4.49613e-05)
(1.98278e-10 -9.45634e-10 3.44757e-05)
(1.26657e-10 -2.61387e-10 8.16246e-05)
(-7.80248e-10 3.60042e-09 0.000112348)
(1.21995e-11 2.14498e-09 0.000128936)
(5.95845e-10 9.36393e-10 0.000135781)
(1.55918e-10 1.19086e-09 0.000135781)
(6.75494e-10 3.02292e-09 0.000128937)
(3.21143e-10 5.56696e-09 0.000112348)
(-3.26755e-10 -1.18777e-09 8.16248e-05)
(2.43889e-09 -7.28653e-09 3.44757e-05)
(-6.22533e-10 -2.01338e-09 2.10747e-05)
(6.39e-10 5.12155e-09 5.33116e-05)
(1.04297e-09 5.15163e-09 7.85698e-05)
(2.41706e-09 -1.09097e-09 9.57178e-05)
(6.10217e-10 -3.05941e-10 0.000104216)
(8.25219e-10 -1.37448e-10 0.000104216)
(-1.33223e-09 4.66562e-10 9.57185e-05)
(-2.63845e-10 6.13339e-09 7.85704e-05)
(3.36927e-09 1.96636e-09 5.33124e-05)
(5.0323e-09 -6.80802e-09 2.10748e-05)
(-1.99109e-09 -1.25699e-09 7.96064e-06)
(5.86611e-09 6.44372e-09 1.99928e-05)
(8.5881e-09 3.59816e-09 3.20551e-05)
(4.14367e-09 -1.28114e-09 4.12621e-05)
(3.64647e-10 -3.94833e-10 4.61614e-05)
(3.38707e-10 -6.40267e-10 4.61613e-05)
(-1.89316e-09 -8.93033e-10 4.1262e-05)
(-4.02347e-09 2.04878e-09 3.20551e-05)
(9.20535e-10 2.57403e-09 1.99927e-05)
(5.66222e-09 -3.5963e-09 7.96052e-06)
(-1.3278e-08 9.97279e-09 7.96013e-06)
(2.93883e-10 -4.66357e-09 1.99926e-05)
(-2.81626e-09 4.55559e-09 3.20546e-05)
(-7.97725e-09 2.00331e-09 4.12626e-05)
(3.76547e-10 -2.37857e-11 4.61616e-05)
(-1.86191e-09 -2.69851e-10 4.61617e-05)
(6.35906e-09 2.03438e-09 4.12624e-05)
(4.81224e-10 3.74052e-09 3.20544e-05)
(-4.60123e-09 -6.89481e-09 1.99925e-05)
(9.38057e-09 6.73555e-09 7.9604e-06)
(-8.51431e-09 1.14963e-08 2.10746e-05)
(-6.97384e-09 8.86163e-11 5.33125e-05)
(-1.3719e-08 9.75522e-09 7.85684e-05)
(-7.78242e-09 -1.34176e-09 9.57193e-05)
(-1.65179e-09 -4.82284e-09 0.000104217)
(9.93546e-10 -5.567e-09 0.000104217)
(7.35032e-09 -1.14027e-09 9.57191e-05)
(1.2735e-08 8.84777e-09 7.85682e-05)
(4.32778e-09 -1.17738e-09 5.33119e-05)
(5.11e-09 7.86526e-09 2.10745e-05)
(-2.47894e-09 8.62455e-09 3.44746e-05)
(-1.67918e-09 4.34219e-09 8.16255e-05)
(-4.09702e-09 8.99576e-09 0.000112348)
(1.04229e-09 -6.22674e-09 0.000128936)
(4.29648e-11 -6.12312e-09 0.000135781)
(-6.518e-10 -6.77641e-09 0.000135781)
(-1.82982e-09 -6.37543e-09 0.000128936)
(3.84523e-09 9.1148e-09 0.000112348)
(1.16505e-09 4.11277e-09 8.1626e-05)
(2.3204e-10 4.92377e-09 3.44762e-05)
(6.32146e-11 4.66905e-09 4.49603e-05)
(1.92953e-09 1.73869e-09 0.000100995)
(3.15201e-09 6.20818e-09 0.000130793)
(4.52013e-09 -3.0555e-09 0.000142989)
(9.51945e-10 -2.54544e-09 0.000146868)
(-5.60406e-10 -2.45645e-09 0.000146868)
(-5.03347e-09 -2.74051e-09 0.000142989)
(-3.19124e-09 5.92632e-09 0.000130794)
(-8.86069e-10 -7.05712e-10 0.000100996)
(2.67137e-10 1.0683e-09 4.4962e-05)
(1.52779e-09 2.03164e-09 5.06798e-05)
(1.3787e-09 7.68413e-10 0.000110383)
(1.76396e-09 3.17548e-09 0.000138063)
(3.09044e-09 -1.52382e-09 0.000147256)
(3.83688e-10 -5.65789e-10 0.000149555)
(9.3814e-10 -6.32714e-10 0.000149555)
(-2.23313e-09 -1.20191e-09 0.000147257)
(-1.81685e-09 2.34922e-09 0.000138063)
(-1.48729e-09 -1.38676e-09 0.000110384)
(-1.72893e-09 2.75521e-10 5.06805e-05)
(1.46155e-09 -3.61793e-11 5.06801e-05)
(1.51871e-09 1.27143e-09 0.000110383)
(1.12659e-09 2.20236e-09 0.000138062)
(1.95757e-09 -1.16061e-09 0.000147256)
(6.42721e-10 5.03764e-10 0.000149555)
(1.08237e-10 5.53083e-10 0.000149555)
(-1.59449e-09 -7.67135e-10 0.000147256)
(-1.72655e-09 2.10917e-09 0.000138063)
(-1.75658e-09 -1.65508e-09 0.000110384)
(-8.57109e-10 -3.20094e-09 5.06809e-05)
(-8.68899e-10 -2.26653e-09 4.49613e-05)
(2.4831e-09 1.88464e-09 0.000100995)
(4.44336e-09 4.94036e-10 0.000130793)
(2.64432e-09 -5.81941e-10 0.000142989)
(1.11331e-09 1.23723e-09 0.000146868)
(-4.38723e-10 2.00783e-09 0.000146868)
(-2.89042e-09 9.26527e-10 0.000142988)
(-4.94451e-09 5.9276e-10 0.000130793)
(-2.73443e-09 -1.70039e-09 0.000100995)
(1.22123e-09 -4.70304e-09 4.49612e-05)
(-1.21226e-09 -2.32694e-09 3.4475e-05)
(1.57012e-09 -3.05967e-09 8.16245e-05)
(2.16268e-09 -4.71894e-10 0.000112348)
(8.32255e-10 1.68852e-09 0.000128937)
(6.09689e-10 3.95334e-09 0.000135781)
(-2.16758e-10 5.28855e-09 0.000135781)
(-1.39179e-11 4.50812e-09 0.000128937)
(-2.60876e-10 8.68088e-10 0.000112347)
(6.69965e-10 -7.34078e-09 8.16242e-05)
(3.26988e-09 -8.83845e-09 3.44747e-05)
(-2.02991e-09 -4.89431e-09 2.1074e-05)
(-2.71835e-09 -2.73332e-09 5.3311e-05)
(-3.84512e-09 4.93984e-10 7.85689e-05)
(-2.45039e-09 6.28793e-10 9.57195e-05)
(-1.3488e-09 2.64259e-09 0.000104218)
(2.70703e-09 3.57055e-09 0.000104218)
(6.22409e-09 1.11451e-09 9.572e-05)
(1.15298e-08 -1.47515e-10 7.85693e-05)
(1.1577e-08 -5.23432e-09 5.33115e-05)
(7.18747e-09 -9.89175e-09 2.10733e-05)
(-8.00902e-09 -5.8433e-09 7.96006e-06)
(-6.04243e-09 -7.72659e-10 1.99928e-05)
(-2.31501e-09 3.57532e-10 3.20556e-05)
(-1.99046e-09 -1.35938e-09 4.12637e-05)
(-1.60302e-09 -4.7888e-10 4.61627e-05)
(1.23759e-09 -3.03992e-10 4.61623e-05)
(2.39367e-09 -2.29436e-09 4.12631e-05)
(2.46391e-09 -1.0815e-09 3.2055e-05)
(3.61191e-09 1.51262e-09 1.99924e-05)
(6.76407e-09 -4.76428e-09 7.95989e-06)
(-1.09644e-08 7.39672e-09 7.96006e-06)
(2.62464e-09 -6.3216e-09 1.99918e-05)
(1.06468e-09 2.36851e-09 3.20535e-05)
(-3.83404e-09 2.18193e-09 4.12617e-05)
(7.41005e-10 -2.89147e-11 4.61607e-05)
(-1.38199e-09 -2.37178e-10 4.61608e-05)
(3.65147e-09 2.63101e-09 4.12612e-05)
(-2.42587e-09 2.81732e-09 3.20532e-05)
(-7.95745e-09 -8.08791e-09 1.99919e-05)
(4.63715e-09 3.11164e-09 7.96018e-06)
(-5.283e-09 8.54385e-09 2.10741e-05)
(-5.03504e-09 -2.57217e-09 5.33123e-05)
(-6.56518e-09 7.14613e-10 7.85682e-05)
(-1.43308e-09 -2.52938e-10 9.57181e-05)
(-4.43462e-10 -3.96966e-09 0.000104215)
(1.46e-09 -3.21089e-09 0.000104215)
(2.87746e-09 2.14864e-09 9.57174e-05)
(6.88563e-09 4.30574e-09 7.85669e-05)
(-9.88237e-11 -4.60411e-09 5.33118e-05)
(-1.62529e-09 8.94621e-10 2.10746e-05)
(-2.25934e-09 8.13109e-09 3.44751e-05)
(-2.16474e-09 3.83112e-09 8.16253e-05)
(-1.12066e-09 -3.58162e-09 0.000112348)
(2.16012e-09 -5.00415e-09 0.000128936)
(6.25247e-10 -4.42398e-09 0.00013578)
(-8.13496e-10 -3.63786e-09 0.00013578)
(-2.68895e-09 -1.81351e-09 0.000128936)
(-1.7708e-11 7.94453e-10 0.000112348)
(1.98031e-10 2.02585e-09 8.16258e-05)
(-1.3096e-09 1.37207e-10 3.44759e-05)
(-9.16838e-10 5.57171e-09 4.49615e-05)
(2.88057e-09 9.37611e-10 0.000100996)
(2.91568e-09 -1.8435e-09 0.000130794)
(1.21637e-09 -2.67211e-09 0.000142988)
(-9.04597e-11 -1.23563e-09 0.000146868)
(-1.83951e-09 -7.50626e-10 0.000146868)
(-3.52031e-09 -1.56874e-10 0.000142988)
(-4.1867e-09 -1.27209e-10 0.000130794)
(-2.30107e-09 -2.12434e-09 0.000100996)
(4.8282e-10 7.13133e-10 4.49618e-05)
(9.14676e-10 2.91863e-09 5.06807e-05)
(3.38766e-09 -4.2728e-12 0.000110384)
(2.59712e-09 -1.27982e-11 0.000138064)
(8.37206e-10 -1.80497e-09 0.000147256)
(7.39417e-12 -4.57322e-10 0.000149555)
(-7.4935e-11 -4.32221e-10 0.000149555)
(-1.2682e-10 -4.22669e-10 0.000147256)
(-8.50394e-10 5.86911e-10 0.000138064)
(-1.74687e-09 -1.92519e-09 0.000110384)
(-2.91007e-10 1.74724e-09 5.06808e-05)
(8.84007e-10 8.37983e-10 5.06809e-05)
(3.64195e-09 -9.04233e-10 0.000110384)
(2.92213e-09 1.95618e-09 0.000138064)
(1.16354e-09 -1.01564e-09 0.000147256)
(9.52955e-10 3.66206e-10 0.000149555)
(-3.11552e-10 1.19606e-10 0.000149555)
(3.21318e-11 -1.60926e-10 0.000147257)
(-2.1686e-09 2.69586e-09 0.000138064)
(-1.59477e-09 -2.9639e-09 0.000110384)
(7.18937e-10 -7.41262e-10 5.06812e-05)
(-9.20333e-10 -9.68006e-10 4.49621e-05)
(3.41252e-09 -4.19426e-09 0.000100996)
(6.59237e-09 3.2034e-09 0.000130794)
(2.64139e-09 -7.53309e-11 0.000142989)
(2.17684e-09 6.58782e-10 0.000146868)
(-2.58291e-10 5.34253e-10 0.000146868)
(-1.9055e-09 7.5141e-10 0.000142989)
(-5.46741e-09 3.47347e-09 0.000130794)
(-2.01197e-09 -4.7842e-09 0.000100996)
(1.25677e-09 7.55929e-10 4.49619e-05)
(-7.67667e-10 -2.92728e-09 3.44753e-05)
(-1.15237e-09 -1.03383e-08 8.16254e-05)
(2.02654e-09 3.54644e-09 0.000112349)
(1.74201e-09 2.1656e-09 0.000128937)
(8.31459e-10 3.52803e-09 0.000135781)
(-5.32784e-10 4.10799e-09 0.000135781)
(-1.84983e-09 4.69718e-09 0.000128937)
(-2.12226e-09 4.92689e-09 0.000112348)
(-2.90955e-11 -1.0522e-08 8.16252e-05)
(-1.61354e-09 -1.28102e-09 3.44749e-05)
(-2.10585e-09 -6.10628e-09 2.10746e-05)
(-8.19753e-09 -7.27033e-09 5.33129e-05)
(-6.73806e-09 3.28986e-09 7.85694e-05)
(-2.56041e-09 9.46404e-10 9.57185e-05)
(-2.57912e-09 2.38835e-09 0.000104216)
(1.3553e-09 3.15602e-09 0.000104216)
(1.89194e-09 2.16477e-09 9.57183e-05)
(8.6295e-09 3.49241e-09 7.85692e-05)
(7.70783e-09 -5.32348e-09 5.33124e-05)
(1.06198e-09 -6.01507e-09 2.10741e-05)
(-5.5065e-09 -4.65885e-09 7.96035e-06)
(-6.75008e-09 -1.58055e-09 1.99927e-05)
(-2.6793e-09 1.16928e-09 3.20544e-05)
(-1.24003e-09 -1.04322e-09 4.12622e-05)
(-2.55506e-09 -5.04441e-10 4.61614e-05)
(3.10945e-10 -5.45653e-10 4.61611e-05)
(-7.48043e-10 -1.45367e-09 4.12615e-05)
(8.8305e-10 6.30479e-10 3.20538e-05)
(3.8038e-09 9.11101e-10 1.99921e-05)
(5.22312e-09 -4.3858e-09 7.96009e-06)
(-1.12155e-08 8.84507e-09 7.96032e-06)
(-2.64825e-09 -2.77003e-09 1.99919e-05)
(-3.70424e-09 3.79446e-09 3.20533e-05)
(-6.65302e-09 2.30342e-09 4.12611e-05)
(-1.01435e-09 -9.0407e-11 4.61604e-05)
(-1.41985e-09 2.73996e-11 4.61607e-05)
(2.74458e-09 2.11733e-09 4.1261e-05)
(-1.50335e-09 1.70216e-09 3.20534e-05)
(-2.78824e-09 -5.82944e-09 1.99922e-05)
(1.02104e-08 7.26751e-09 7.96055e-06)
(-1.02617e-08 1.43368e-08 2.10742e-05)
(-1.208e-08 3.06952e-09 5.33124e-05)
(-1.18899e-08 1.64442e-09 7.85689e-05)
(-4.61699e-09 -1.66918e-09 9.57173e-05)
(-2.10604e-09 -4.1608e-09 0.000104215)
(2.14007e-09 -3.49849e-09 0.000104215)
(3.83828e-09 8.04661e-10 9.57172e-05)
(8.62724e-09 2.70579e-09 7.85684e-05)
(4.50246e-09 -1.33204e-09 5.3313e-05)
(1.7161e-09 4.27121e-09 2.10749e-05)
(-3.50008e-09 1.15149e-08 3.44757e-05)
(-1.87929e-09 6.60688e-09 8.16252e-05)
(-1.03456e-09 -4.05699e-09 0.000112348)
(7.72971e-10 -6.1529e-09 0.000128936)
(-2.61815e-10 -4.55443e-09 0.00013578)
(-9.44348e-10 -3.59781e-09 0.000135781)
(-2.26909e-09 -2.99779e-09 0.000128937)
(1.29991e-09 -4.90024e-10 0.000112349)
(2.31806e-09 4.28735e-09 8.16253e-05)
(6.70574e-10 3.00864e-09 3.44755e-05)
(-1.39462e-09 7.03839e-09 4.4963e-05)
(4.36318e-09 2.16376e-09 0.000100997)
(4.21044e-09 -1.99934e-09 0.000130793)
(1.395e-09 -3.3188e-09 0.000142989)
(1.07923e-09 -1.04082e-09 0.000146868)
(-1.18459e-09 -2.58085e-10 0.000146868)
(-1.71567e-09 -1.07164e-09 0.000142989)
(-3.1712e-09 -1.29792e-09 0.000130794)
(-1.42281e-09 -1.36956e-09 0.000100997)
(2.30103e-09 3.082e-09 4.4962e-05)
(3.68191e-10 3.53454e-09 5.06814e-05)
(3.85286e-09 5.25626e-10 0.000110385)
(2.82692e-09 5.24804e-10 0.000138063)
(4.47311e-10 -1.54114e-09 0.000147257)
(4.57105e-10 -5.30523e-10 0.000149555)
(-4.50332e-10 2.20012e-10 0.000149555)
(4.52536e-10 -6.27119e-10 0.000147257)
(-1.23431e-09 -3.91254e-11 0.000138063)
(-2.77214e-09 -1.57287e-09 0.000110385)
(-2.61434e-11 2.11257e-09 5.06809e-05)
(-1.76937e-10 1.61597e-09 5.06812e-05)
(2.68723e-09 -9.24339e-10 0.000110385)
(2.93161e-09 2.29335e-09 0.000138063)
(3.18616e-10 -1.13445e-09 0.000147257)
(1.16581e-09 -1.8064e-10 0.000149555)
(-4.64058e-10 4.21961e-10 0.000149555)
(5.91858e-11 2.96844e-10 0.000147257)
(-1.96896e-09 1.99547e-09 0.000138063)
(-1.87392e-09 -2.96568e-09 0.000110385)
(1.07225e-09 -8.03712e-11 5.06809e-05)
(-1.5945e-09 4.43035e-10 4.49621e-05)
(2.08705e-09 -3.94819e-09 0.000100997)
(5.51822e-09 3.10496e-09 0.000130794)
(1.78849e-09 -7.6469e-10 0.000142989)
(1.84994e-09 -1.87022e-11 0.000146868)
(-5.63364e-10 8.84915e-10 0.000146868)
(-8.58446e-10 1.61822e-09 0.000142989)
(-5.03119e-09 3.09119e-09 0.000130793)
(-2.17145e-09 -6.06401e-09 0.000100997)
(1.49442e-09 4.77065e-10 4.49621e-05)
(1.43526e-09 1.35871e-09 3.44751e-05)
(5.86363e-10 -9.077e-09 8.16253e-05)
(3.25315e-09 3.2863e-09 0.000112349)
(2.23264e-09 2.26859e-09 0.000128937)
(7.96279e-10 3.11607e-09 0.000135781)
(-4.28585e-11 4.53993e-09 0.000135781)
(-6.49676e-10 5.12556e-09 0.000128937)
(-9.77684e-10 5.10726e-09 0.000112349)
(5.77068e-10 -1.26357e-08 8.16252e-05)
(-7.36531e-10 -3.57796e-09 3.44753e-05)
(1.62384e-09 -2.31732e-09 2.10749e-05)
(-4.76488e-09 -6.23226e-09 5.33139e-05)
(-6.0064e-09 1.80343e-09 7.85708e-05)
(-2.15429e-09 4.56983e-10 9.57177e-05)
(-2.08692e-09 2.14274e-09 0.000104215)
(2.20621e-09 2.71627e-09 0.000104215)
(3.07951e-09 2.65699e-09 9.57171e-05)
(1.05377e-08 4.31149e-09 7.85696e-05)
(1.07198e-08 -7.40133e-09 5.33127e-05)
(3.32419e-09 -8.45091e-09 2.10746e-05)
(-2.80627e-09 -2.85899e-09 7.96093e-06)
(-5.99217e-09 -2.37261e-09 1.9993e-05)
(-4.01683e-09 -2.36395e-10 3.20543e-05)
(-1.67219e-09 -1.45943e-09 4.12611e-05)
(-2.8841e-09 -7.58562e-10 4.61604e-05)
(3.09658e-11 -8.85149e-10 4.61606e-05)
(-8.86619e-10 -8.62942e-10 4.12608e-05)
(1.39966e-09 9.73397e-10 3.20536e-05)
(5.57103e-09 2.15281e-10 1.9992e-05)
(8.41146e-09 -6.34467e-09 7.96048e-06)
(-3.43854e-09 1.64306e-09 7.96061e-06)
(1.10073e-08 -1.03261e-08 1.9993e-05)
(7.92635e-09 4.34092e-10 3.20555e-05)
(5.08349e-10 1.74884e-09 4.12626e-05)
(2.21704e-09 -1.3781e-11 4.61621e-05)
(8.3132e-11 4.39578e-10 4.6162e-05)
(1.31029e-09 2.38915e-09 4.12627e-05)
(-6.23248e-09 9.82691e-10 3.20555e-05)
(-1.05366e-08 -9.43868e-09 1.99929e-05)
(1.39244e-09 5.05332e-11 7.9605e-06)
(1.62215e-09 -6.35644e-10 2.10743e-05)
(2.87153e-09 -9.30893e-09 5.33124e-05)
(-6.2735e-10 -4.25319e-10 7.85705e-05)
(1.14778e-09 1.7055e-09 9.57187e-05)
(-9.29721e-10 -1.02586e-09 0.000104217)
(-5.30631e-10 -1.28633e-10 0.000104217)
(-3.61535e-09 2.8492e-09 9.5719e-05)
(-1.67917e-09 -6.67039e-10 7.85708e-05)
(-4.83439e-09 -9.15104e-09 5.33124e-05)
(-3.4156e-09 -1.8615e-09 2.1074e-05)
(8.58452e-10 1.20197e-09 3.44757e-05)
(-1.49457e-09 -1.59134e-10 8.16253e-05)
(-2.24504e-09 -3.73101e-09 0.000112348)
(1.77525e-09 -2.66144e-09 0.000128937)
(3.73033e-10 -1.23663e-09 0.000135782)
(-1.70251e-09 -8.04356e-10 0.000135782)
(-2.69993e-09 -1.84028e-09 0.000128937)
(1.20441e-09 -4.79149e-09 0.000112348)
(2.24195e-09 -1.1643e-09 8.16247e-05)
(1.16123e-10 1.19604e-09 3.44754e-05)
(-1.11507e-10 7.44431e-10 4.49625e-05)
(2.96049e-09 -1.83396e-09 0.000100997)
(3.13491e-09 -2.54945e-09 0.000130792)
(1.3879e-09 -1.99896e-09 0.000142989)
(9.26016e-10 1.69999e-10 0.000146868)
(-6.40117e-10 4.62622e-10 0.000146868)
(-8.62232e-10 -1.5991e-09 0.000142989)
(-2.71805e-09 -3.95218e-09 0.000130792)
(-2.44737e-09 -1.99908e-09 0.000100996)
(6.0877e-10 2.48164e-09 4.49619e-05)
(-2.78904e-10 9.4387e-10 5.0681e-05)
(1.66948e-09 -2.22191e-09 0.000110385)
(1.45373e-09 -1.18739e-10 0.000138062)
(1.06645e-10 -1.09336e-09 0.000147258)
(5.63674e-10 1.95173e-10 0.000149555)
(1.58908e-10 6.37192e-10 0.000149555)
(1.62133e-09 -5.23511e-10 0.000147257)
(-2.83767e-10 -1.24763e-09 0.000138062)
(-1.82016e-09 -2.279e-09 0.000110385)
(1.4104e-10 1.28795e-09 5.06806e-05)
(-1.01217e-09 1.42736e-10 5.06813e-05)
(8.55448e-10 -2.44334e-09 0.000110386)
(1.90441e-09 1.96666e-09 0.000138062)
(-3.30029e-10 -8.34389e-10 0.000147257)
(2.46329e-10 9.68145e-11 0.000149555)
(1.167e-10 7.09302e-11 0.000149555)
(1.76871e-09 -5.16433e-10 0.000147257)
(-1.37983e-09 1.70512e-09 0.000138062)
(-1.8582e-09 -2.15453e-09 0.000110385)
(6.60059e-10 7.67249e-10 5.06803e-05)
(7.55904e-11 1.05446e-09 4.49621e-05)
(2.73013e-09 -5.39931e-09 0.000100997)
(4.58993e-09 3.95008e-09 0.000130793)
(9.86047e-10 6.19876e-10 0.000142989)
(8.50151e-10 3.69552e-10 0.000146868)
(-6.08203e-10 -2.40942e-10 0.000146868)
(-5.3982e-10 1.29165e-09 0.000142989)
(-3.83658e-09 4.29383e-09 0.000130792)
(-2.58059e-09 -3.50311e-09 0.000100996)
(-1.22703e-10 2.40144e-09 4.49613e-05)
(6.36895e-10 -2.704e-09 3.44758e-05)
(-2.51491e-09 -1.00615e-08 8.16249e-05)
(-2.16406e-09 6.18829e-09 0.000112349)
(-1.20391e-09 2.84036e-09 0.000128937)
(-8.51934e-10 9.74672e-10 0.000135781)
(-9.45928e-10 -1.66235e-12 0.000135781)
(-9.19694e-10 2.59434e-09 0.000128937)
(-5.11259e-11 7.62265e-09 0.000112349)
(6.11759e-11 -5.03549e-09 8.16243e-05)
(-2.4702e-09 5.52793e-10 3.44749e-05)
(-2.24893e-09 -5.49809e-09 2.10745e-05)
(-6.0088e-09 -1.7228e-09 5.3312e-05)
(-2.91339e-09 7.17169e-09 7.85707e-05)
(1.28892e-09 1.41604e-10 9.57185e-05)
(-1.1973e-09 2.08509e-10 0.000104216)
(-3.24106e-10 -6.58237e-10 0.000104217)
(-3.53378e-09 -7.92145e-10 9.57188e-05)
(-4.44483e-10 6.85352e-09 7.85707e-05)
(1.60325e-09 1.38541e-09 5.33117e-05)
(-6.8025e-10 -1.07401e-09 2.10742e-05)
(-4.32027e-09 -3.13919e-09 7.96029e-06)
(-1.28679e-09 3.06287e-09 1.99923e-05)
(3.59901e-09 3.54828e-09 3.20549e-05)
(2.80498e-09 -1.27752e-09 4.12623e-05)
(-6.02819e-10 -3.00903e-10 4.61619e-05)
(1.27304e-09 -6.42425e-10 4.61624e-05)
(-2.15594e-09 -1.5837e-09 4.12629e-05)
(-3.93009e-09 2.11748e-09 3.20555e-05)
(-1.71673e-09 3.05664e-09 1.99927e-05)
(-9.77844e-10 1.17882e-09 7.96053e-06)
(-1.57506e-08 1.14562e-08 7.96067e-06)
(-2.1132e-09 -3.73607e-09 1.99931e-05)
(-5.30023e-09 5.70277e-09 3.20555e-05)
(-8.95192e-09 1.89343e-09 4.12629e-05)
(-1.75574e-10 -7.29429e-10 4.61622e-05)
(-5.12823e-10 -1.10125e-10 4.6162e-05)
(7.23526e-09 2.06179e-09 4.12625e-05)
(3.104e-09 4.44553e-09 3.20548e-05)
(-3.13821e-10 -4.42882e-09 1.99926e-05)
(9.17339e-09 5.9823e-09 7.96033e-06)
(-9.72633e-09 1.32311e-08 2.10744e-05)
(-9.50778e-09 1.82799e-09 5.33125e-05)
(-1.57701e-08 1.03169e-08 7.85696e-05)
(-7.64731e-09 -2.23128e-09 9.57192e-05)
(-1.52504e-09 -6.52168e-09 0.000104217)
(1.85401e-09 -5.37508e-09 0.000104217)
(8.44979e-09 -8.01488e-10 9.57189e-05)
(1.65667e-08 1.09691e-08 7.85696e-05)
(8.27935e-09 2.56984e-09 5.33122e-05)
(5.11474e-09 8.30601e-09 2.10747e-05)
(-1.65589e-09 9.51748e-09 3.44757e-05)
(-6.89399e-10 4.99665e-09 8.16247e-05)
(-3.4028e-09 8.66333e-09 0.000112347)
(1.85975e-09 -6.51612e-09 0.000128937)
(3.49665e-10 -6.4641e-09 0.000135782)
(-2.74612e-10 -6.21935e-09 0.000135782)
(-1.68309e-09 -5.00919e-09 0.000128937)
(2.83082e-09 1.09763e-08 0.000112348)
(-6.97557e-10 6.30732e-09 8.16249e-05)
(-1.36791e-09 3.41666e-09 3.44755e-05)
(-4.07966e-10 5.12038e-09 4.49617e-05)
(2.51342e-09 1.49279e-09 0.000100996)
(3.53808e-09 5.91376e-09 0.000130792)
(3.53245e-09 -2.72418e-09 0.000142989)
(2.4289e-10 -1.51296e-09 0.000146868)
(-1.18215e-09 -1.72489e-09 0.000146868)
(-4.70192e-09 -1.75201e-09 0.000142989)
(-3.9489e-09 6.89545e-09 0.000130793)
(-1.46982e-09 3.51285e-10 0.000100996)
(3.72831e-10 -4.09251e-10 4.49617e-05)
(1.48768e-09 2.5679e-09 5.06806e-05)
(1.99815e-09 7.33372e-10 0.000110385)
(1.83546e-09 2.75828e-09 0.000138063)
(2.01044e-09 -8.47882e-10 0.000147257)
(-8.83008e-11 -7.42694e-10 0.000149555)
(-2.7195e-10 -3.40711e-10 0.000149555)
(-1.58333e-09 -1.47985e-11 0.000147257)
(-1.17752e-09 2.88339e-09 0.000138063)
(-1.22732e-09 -5.53376e-10 0.000110385)
(-7.02303e-10 3.56373e-10 5.06807e-05)
(7.90787e-10 3.72199e-10 5.06811e-05)
(1.75557e-09 1.49349e-09 0.000110385)
(1.70932e-09 1.81834e-09 0.000138063)
(1.27277e-09 -6.14995e-10 0.000147257)
(2.69453e-10 -1.06047e-10 0.000149555)
(-3.88947e-10 3.60473e-10 0.000149555)
(-1.08842e-09 1.74392e-10 0.000147257)
(-2.17549e-09 2.22305e-09 0.000138063)
(-2.72553e-09 -1.1559e-09 0.000110385)
(-7.37394e-10 -3.37811e-09 5.06806e-05)
(-1.68819e-09 -1.33509e-09 4.4962e-05)
(1.95949e-09 1.42027e-09 0.000100997)
(4.74698e-09 1.09404e-10 0.000130793)
(3.17046e-09 -1.3148e-10 0.000142989)
(1.94573e-09 7.25383e-10 0.000146868)
(-2.51612e-10 1.17956e-09 0.000146868)
(-1.44415e-09 1.07388e-09 0.000142989)
(-4.74852e-09 1.03173e-09 0.000130793)
(-3.41731e-09 -2.40451e-09 0.000100996)
(1.74732e-09 -6.30604e-09 4.49615e-05)
(1.17582e-09 7.00428e-10 3.44752e-05)
(4.1048e-09 -2.10423e-09 8.16248e-05)
(4.39171e-09 -4.19758e-10 0.000112348)
(3.09609e-09 1.5186e-09 0.000128937)
(2.19513e-09 3.4677e-09 0.000135781)
(4.3011e-10 4.28671e-09 0.000135781)
(-3.34553e-10 4.35396e-09 0.000128937)
(-6.81771e-10 1.6336e-09 0.000112349)
(5.84053e-10 -8.52987e-09 8.16242e-05)
(4.2479e-09 -1.17185e-08 3.44747e-05)
(6.19329e-10 -2.93089e-09 2.10743e-05)
(-1.91626e-09 -3.28255e-09 5.33119e-05)
(-5.01142e-09 -1.73888e-09 7.85692e-05)
(-1.87493e-09 -7.56309e-10 9.57183e-05)
(-5.64187e-12 3.40454e-09 0.000104216)
(4.17977e-09 3.62346e-09 0.000104217)
(7.19123e-09 1.22775e-09 9.57186e-05)
(1.38268e-08 -1.27723e-10 7.85699e-05)
(1.56703e-08 -7.9082e-09 5.33122e-05)
(1.10865e-08 -1.46305e-08 2.10743e-05)
(-7.6091e-09 -6.41987e-09 7.96037e-06)
(-5.18123e-09 -1.71943e-09 1.99923e-05)
(-3.83842e-09 -1.75117e-09 3.20546e-05)
(-3.43994e-09 -2.43031e-09 4.12621e-05)
(-2.57121e-09 1.60865e-10 4.61614e-05)
(1.59039e-09 -5.12603e-11 4.61615e-05)
(2.85999e-09 -1.43907e-09 4.12621e-05)
(4.72948e-09 -1.21944e-09 3.20548e-05)
(9.1344e-09 -1.43674e-09 1.99924e-05)
(1.00922e-08 -7.37727e-09 7.96038e-06)
(-7.31107e-09 4.22206e-09 7.96031e-06)
(7.3739e-09 -8.35337e-09 1.9992e-05)
(7.23027e-09 2.73414e-10 3.20537e-05)
(1.97964e-11 9.78e-10 4.12617e-05)
(2.09675e-09 2.61702e-10 4.61612e-05)
(-6.23346e-10 -3.90353e-10 4.61613e-05)
(1.36035e-09 1.89224e-09 4.12615e-05)
(-4.04893e-09 2.1681e-09 3.20533e-05)
(-8.33007e-09 -7.16906e-09 1.99916e-05)
(9.17342e-10 4.66652e-10 7.96037e-06)
(2.96376e-10 2.24148e-09 2.10744e-05)
(1.0087e-09 -7.01264e-09 5.33123e-05)
(-2.28019e-09 2.13419e-10 7.85678e-05)
(-3.76748e-10 1.5889e-09 9.57177e-05)
(-2.61829e-09 -5.20702e-10 0.000104216)
(-1.41175e-09 -1.05545e-09 0.000104216)
(-2.85751e-09 2.81507e-09 9.57172e-05)
(-1.82184e-09 1.62695e-09 7.85675e-05)
(-5.78255e-09 -8.14277e-09 5.33123e-05)
(-4.30958e-09 -3.07728e-09 2.10751e-05)
(1.59568e-09 2.6963e-09 3.44754e-05)
(-1.49454e-10 8.26262e-10 8.16253e-05)
(-2.52104e-09 -2.04443e-09 0.000112348)
(4.91197e-11 -1.80421e-09 0.000128936)
(-8.41029e-10 -1.31739e-09 0.000135781)
(-1.50293e-09 -1.75016e-09 0.000135781)
(-1.57142e-09 -6.91254e-10 0.000128937)
(2.50548e-09 -1.84429e-09 0.000112349)
(2.28779e-09 -7.3651e-10 8.16276e-05)
(-3.66609e-10 -5.78295e-10 3.44765e-05)
(4.33814e-10 7.88437e-10 4.49618e-05)
(3.13962e-09 -7.16464e-10 0.000100996)
(2.86986e-09 1.80941e-10 0.000130794)
(1.53051e-09 -7.61573e-10 0.000142989)
(3.61035e-10 5.53104e-10 0.000146868)
(-1.40279e-09 -2.81205e-10 0.000146869)
(-2.03316e-09 -6.86688e-10 0.000142989)
(-1.92275e-09 -1.50634e-09 0.000130795)
(-1.07227e-09 -1.71495e-09 0.000100998)
(6.65902e-10 1.29702e-09 4.49624e-05)
(-3.19144e-10 2.07013e-09 5.06808e-05)
(6.89508e-10 -1.09209e-09 0.000110385)
(6.83603e-10 2.21121e-09 0.000138064)
(-2.44374e-10 7.8287e-10 0.000147257)
(-8.85049e-11 7.74467e-10 0.000149555)
(-2.10523e-10 5.19533e-10 0.000149555)
(4.2248e-10 1.96358e-11 0.000147257)
(-7.76955e-10 3.49931e-10 0.000138064)
(-1.52047e-09 -2.34071e-09 0.000110385)
(3.64209e-10 5.44681e-10 5.0681e-05)
(-3.7211e-10 1.16645e-09 5.06808e-05)
(1.03071e-09 -1.67195e-09 0.000110384)
(1.61524e-09 2.94938e-09 0.000138063)
(-4.72454e-10 3.12989e-10 0.000147257)
(2.53234e-10 6.2096e-10 0.000149555)
(1.22889e-10 3.31936e-11 0.000149555)
(3.75789e-10 -1.75001e-10 0.000147257)
(-1.97275e-09 2.45606e-09 0.000138063)
(-1.63338e-09 -1.98675e-09 0.000110385)
(6.63266e-10 7.17174e-10 5.06813e-05)
(-4.74162e-10 1.84765e-09 4.49615e-05)
(2.12583e-09 -4.20776e-09 0.000100996)
(4.24125e-09 4.48177e-09 0.000130794)
(7.51299e-10 1.46746e-09 0.000142989)
(1.4959e-09 1.34292e-09 0.000146868)
(3.70868e-10 7.32222e-10 0.000146868)
(-1.52545e-10 1.45801e-09 0.000142989)
(-4.14142e-09 4.7199e-09 0.000130794)
(-3.40792e-09 -3.57743e-09 0.000100996)
(-4.16198e-10 1.51825e-09 4.49621e-05)
(5.61608e-10 -1.27494e-09 3.44748e-05)
(-3.48136e-09 -8.34279e-09 8.16256e-05)
(-3.41367e-09 6.28162e-09 0.000112349)
(-1.9557e-09 2.9796e-09 0.000128937)
(-2.29311e-10 1.01102e-09 0.000135781)
(2.71934e-10 1.00919e-09 0.000135781)
(5.85518e-10 3.93081e-09 0.000128937)
(1.60542e-09 8.40101e-09 0.000112348)
(9.05534e-10 -4.90196e-09 8.16245e-05)
(-1.97729e-09 -1.49162e-11 3.44754e-05)
(3.94464e-10 -2.36807e-09 2.10744e-05)
(-3.6528e-09 2.78183e-10 5.33129e-05)
(-1.81823e-09 7.09572e-09 7.857e-05)
(1.70505e-09 -2.65681e-10 9.57188e-05)
(-9.43326e-10 -8.32285e-10 0.000104216)
(1.14818e-09 -6.45467e-10 0.000104216)
(-2.54077e-09 1.10384e-09 9.57186e-05)
(-7.77018e-11 8.32636e-09 7.85693e-05)
(2.30788e-09 1.56351e-09 5.33124e-05)
(-4.65147e-11 -2.30783e-09 2.10746e-05)
(-2.60582e-09 -1.65421e-09 7.96068e-06)
(7.8197e-10 3.35982e-09 1.9993e-05)
(5.28293e-09 3.53846e-09 3.20549e-05)
(3.8596e-09 -9.56452e-10 4.12625e-05)
(2.23718e-10 -5.42921e-10 4.61614e-05)
(7.82719e-10 -6.03038e-10 4.61611e-05)
(-3.32285e-09 -7.14734e-10 4.1262e-05)
(-4.66032e-09 2.75736e-09 3.20544e-05)
(-1.07959e-10 2.67186e-09 1.99924e-05)
(4.28909e-09 -2.88987e-09 7.96045e-06)
(-1.07645e-08 6.53516e-09 7.96028e-06)
(-1.36743e-09 -3.62464e-09 1.99929e-05)
(-4.51635e-10 3.09733e-09 3.20555e-05)
(-5.50941e-09 1.77761e-09 4.12627e-05)
(-5.41915e-10 -4.86211e-10 4.61622e-05)
(-1.26085e-09 3.74634e-10 4.61625e-05)
(2.67316e-09 2.37511e-09 4.12631e-05)
(-3.46986e-09 1.822e-09 3.20557e-05)
(-6.9851e-09 -7.99098e-09 1.99927e-05)
(5.80933e-09 3.47451e-09 7.96047e-06)
(-7.24211e-09 1.00245e-08 2.10737e-05)
(-8.14334e-09 3.85531e-10 5.3312e-05)
(-1.01864e-08 2.65456e-09 7.8571e-05)
(-4.52015e-09 2.00096e-10 9.57195e-05)
(-2.05928e-09 -3.90196e-09 0.000104217)
(3.5927e-10 -2.74887e-09 0.000104218)
(1.59846e-09 1.79596e-09 9.57195e-05)
(6.34319e-09 2.53594e-09 7.85712e-05)
(3.57636e-10 -4.80121e-09 5.33117e-05)
(-1.89655e-09 4.25268e-10 2.10733e-05)
(-2.38282e-09 8.93953e-09 3.44745e-05)
(-1.47157e-09 4.14283e-09 8.16245e-05)
(-6.61562e-10 -2.75513e-09 0.000112348)
(1.45053e-09 -3.02855e-09 0.000128937)
(-1.05181e-09 -3.34062e-09 0.000135782)
(-2.73389e-09 -3.31461e-09 0.000135782)
(-4.20229e-09 -2.77037e-09 0.000128937)
(-3.02152e-10 -1.72875e-09 0.000112348)
(1.19682e-09 1.89355e-09 8.16239e-05)
(-8.04947e-11 1.75256e-09 3.44742e-05)
(-8.07363e-10 4.15275e-09 4.49613e-05)
(3.35052e-09 3.18356e-10 0.000100996)
(3.86074e-09 -1.18478e-09 0.000130792)
(1.69877e-09 -1.29847e-09 0.000142989)
(3.97887e-10 1.51382e-13 0.000146868)
(-1.1287e-09 -4.33449e-10 0.000146869)
(-2.35365e-09 -1.98736e-09 0.000142989)
(-3.08155e-09 -2.24742e-09 0.000130792)
(-8.05599e-10 -1.47779e-09 0.000100996)
(1.80699e-09 2.95281e-09 4.49612e-05)
(8.52392e-10 1.68736e-09 5.06803e-05)
(3.12074e-09 -1.37865e-09 0.000110385)
(1.88832e-09 3.33208e-10 0.000138061)
(5.09856e-10 -7.78792e-10 0.000147257)
(5.75225e-10 4.26902e-10 0.000149555)
(-3.32676e-10 -1.81342e-10 0.000149555)
(-1.90541e-10 -1.28658e-09 0.000147257)
(-1.29867e-09 -3.59787e-10 0.000138061)
(-2.11154e-09 -1.79513e-09 0.000110384)
(3.68445e-11 2.07276e-09 5.06801e-05)
(1.58119e-10 3.56528e-10 5.06805e-05)
(2.40343e-09 -2.33714e-09 0.000110385)
(2.61669e-09 1.5927e-09 0.000138062)
(8.59913e-10 -1.06737e-09 0.000147257)
(1.12517e-09 5.02331e-10 0.000149555)
(1.02578e-10 -4.64845e-11 0.000149555)
(4.14901e-10 -7.4571e-10 0.000147257)
(-2.62081e-09 1.75554e-09 0.000138062)
(-2.58879e-09 -2.96226e-09 0.000110384)
(4.37553e-10 -1.85541e-10 5.06798e-05)
(-2.05798e-09 -2.27157e-09 4.49621e-05)
(1.716e-09 -5.7494e-09 0.000100997)
(5.43404e-09 3.28367e-09 0.000130793)
(1.69685e-09 -2.58097e-10 0.000142989)
(1.7746e-09 5.83416e-10 0.000146868)
(3.90024e-10 7.47188e-10 0.000146868)
(-1.00185e-09 5.81628e-10 0.000142989)
(-5.70246e-09 2.95757e-09 0.000130793)
(-2.10459e-09 -6.99621e-09 0.000100996)
(1.49586e-09 1.7471e-11 4.49614e-05)
(-8.79651e-10 -2.08287e-09 3.44759e-05)
(-2.22264e-09 -1.15184e-08 8.16244e-05)
(2.22701e-09 4.15292e-09 0.000112348)
(1.82413e-09 2.31211e-09 0.000128936)
(8.05872e-10 2.74835e-09 0.000135781)
(-1.57042e-10 4.1571e-09 0.000135781)
(-1.02828e-09 5.12862e-09 0.000128937)
(-1.75124e-09 4.72286e-09 0.000112349)
(-2.40562e-10 -1.36563e-08 8.16245e-05)
(-7.27198e-10 -3.8819e-09 3.44756e-05)
(7.25066e-13 -4.44668e-09 2.10745e-05)
(-8.69035e-09 -8.37755e-09 5.33111e-05)
(-9.10442e-09 1.96738e-09 7.85697e-05)
(-3.99096e-09 2.30161e-10 9.57184e-05)
(-2.88878e-09 2.17149e-09 0.000104217)
(1.52258e-09 3.8396e-09 0.000104217)
(3.88153e-09 2.19234e-09 9.57196e-05)
(1.31711e-08 1.67215e-09 7.85715e-05)
(1.37335e-08 -1.06278e-08 5.33129e-05)
(4.93258e-09 -9.54548e-09 2.1075e-05)
(-6.73822e-09 -5.6892e-09 7.96037e-06)
(-8.80687e-09 -2.66923e-09 1.99926e-05)
(-6.33696e-09 -6.34834e-10 3.20551e-05)
(-2.95338e-09 -1.7532e-09 4.12625e-05)
(-2.87839e-09 -5.1853e-10 4.61619e-05)
(1.53291e-09 2.36605e-10 4.61621e-05)
(2.92815e-09 -2.04498e-09 4.12633e-05)
(6.00456e-09 -1.31859e-09 3.20558e-05)
(8.47258e-09 -2.35763e-09 1.99929e-05)
(6.67003e-09 -5.60403e-09 7.96048e-06)
(-6.79047e-09 3.90445e-09 7.96024e-06)
(8.39215e-09 -9.45652e-09 1.99931e-05)
(5.01202e-09 1.52769e-09 3.20555e-05)
(-1.718e-09 9.41207e-10 4.12622e-05)
(3.7711e-09 -1.27737e-10 4.61618e-05)
(-2.24669e-10 4.2845e-10 4.61619e-05)
(5.56072e-09 1.99436e-09 4.12628e-05)
(-2.66259e-10 3.04804e-09 3.20557e-05)
(-3.93319e-09 -5.84607e-09 1.99931e-05)
(8.58049e-09 5.72259e-09 7.96067e-06)
(-8.85259e-10 2.01718e-09 2.10748e-05)
(2.02956e-09 -8.741e-09 5.33131e-05)
(-5.73463e-09 5.47197e-09 7.85709e-05)
(-3.05999e-09 3.02186e-10 9.57189e-05)
(-8.38653e-10 -2.44729e-09 0.000104217)
(6.48576e-11 -2.42239e-09 0.000104217)
(2.94318e-09 7.7837e-11 9.57192e-05)
(6.7508e-09 6.06551e-09 7.85709e-05)
(7.55161e-10 -4.08589e-09 5.33121e-05)
(2.89308e-09 4.58805e-09 2.1074e-05)
(1.51149e-09 1.89862e-09 3.44758e-05)
(-1.44428e-09 -1.70718e-10 8.16259e-05)
(-6.1033e-09 6.29367e-09 0.000112348)
(-3.91122e-10 -4.52869e-09 0.000128937)
(-3.11357e-10 -3.91087e-09 0.000135781)
(2.61641e-10 -4.03094e-09 0.000135781)
(4.42701e-11 -4.38901e-09 0.000128937)
(5.76392e-09 6.86604e-09 0.000112347)
(1.33277e-09 9.60755e-10 8.16238e-05)
(-1.12186e-09 2.23659e-09 3.44745e-05)
(8.60773e-10 1.13094e-09 4.49616e-05)
(1.35483e-09 -8.93725e-10 0.000100996)
(2.1148e-09 4.31786e-09 0.000130792)
(3.12551e-09 -3.11343e-09 0.000142989)
(1.40183e-10 -1.62941e-09 0.000146868)
(-1.70288e-10 -9.99076e-10 0.000146868)
(-3.53711e-09 -3.13078e-09 0.000142989)
(-2.61883e-09 4.37994e-09 0.000130791)
(-2.29289e-09 -8.03052e-10 0.000100995)
(-1.66667e-09 -5.63405e-10 4.49612e-05)
(8.19306e-10 1.34423e-09 5.06804e-05)
(-6.11799e-11 -4.1768e-10 0.000110385)
(1.31008e-09 2.44327e-09 0.000138061)
(1.96984e-09 -6.10464e-10 0.000147257)
(-1.2014e-12 -3.81489e-10 0.000149555)
(9.47366e-10 7.33115e-11 0.000149554)
(-1.18992e-09 -1.37327e-09 0.000147256)
(-1.75306e-09 1.14461e-09 0.000138061)
(-1.49737e-09 -1.39731e-09 0.000110385)
(-8.8587e-10 -5.19461e-10 5.06802e-05)
(6.15296e-10 -3.47889e-10 5.06806e-05)
(4.78952e-10 1.65079e-10 0.000110385)
(1.47955e-09 2.12111e-09 0.000138062)
(1.26945e-09 -2.34848e-10 0.000147257)
(2.32436e-11 -1.83514e-10 0.000149555)
(-1.13533e-10 -2.3978e-10 0.000149555)
(-9.43471e-10 -5.73617e-10 0.000147257)
(-1.9589e-09 1.9956e-09 0.000138062)
(-2.00053e-09 -1.64766e-09 0.000110385)
(-1.23658e-10 -2.72435e-09 5.06801e-05)
(-5.48468e-10 1.70387e-10 4.49617e-05)
(2.47276e-09 -1.8639e-10 0.000100997)
(3.7022e-09 1.74627e-09 0.000130792)
(1.66056e-09 1.66734e-09 0.000142989)
(9.92338e-10 9.77085e-10 0.000146868)
(1.62172e-10 6.05923e-10 0.000146868)
(-2.65065e-10 6.44013e-10 0.000142989)
(-3.03954e-09 2.18846e-09 0.000130793)
(-3.10485e-09 -1.84703e-09 0.000100996)
(2.9484e-10 -4.45516e-09 4.49617e-05)
(9.22182e-11 -2.02881e-09 3.44754e-05)
(1.79083e-10 -3.62766e-09 8.16244e-05)
(-1.85489e-09 1.86966e-09 0.000112348)
(-1.83837e-09 2.67937e-09 0.000128936)
(-5.84403e-11 1.14006e-09 0.000135781)
(1.34535e-10 9.05185e-10 0.000135781)
(1.03403e-09 2.24372e-09 0.000128937)
(1.75868e-09 4.98014e-09 0.000112349)
(1.42858e-09 -2.7975e-09 8.16251e-05)
(1.98953e-09 -6.26822e-09 3.44755e-05)
(-4.97833e-10 -2.33592e-09 2.1074e-05)
(-1.69615e-09 1.52989e-09 5.33112e-05)
(-1.37663e-09 3.47551e-09 7.85696e-05)
(2.92877e-10 -2.3985e-10 9.5718e-05)
(-1.28852e-09 -8.09961e-10 0.000104216)
(-8.21146e-10 -4.70772e-10 0.000104216)
(-2.92258e-09 -3.69724e-10 9.5718e-05)
(-1.8175e-09 6.39415e-09 7.85705e-05)
(2.46002e-09 1.97343e-09 5.33122e-05)
(4.73072e-09 -6.56131e-09 2.10745e-05)
(-1.2366e-09 -9.07134e-10 7.96019e-06)
(2.6269e-09 3.73501e-09 1.9992e-05)
(5.24404e-09 2.58302e-09 3.20545e-05)
(3.31012e-09 -6.16295e-10 4.12618e-05)
(-4.63225e-10 -7.32964e-10 4.6161e-05)
(5.9696e-11 -2.47827e-10 4.61611e-05)
(-1.47553e-09 -1.26242e-09 4.12619e-05)
(-3.28058e-09 1.97118e-09 3.20549e-05)
(1.33169e-09 1.73418e-09 1.99923e-05)
(5.25775e-09 -3.99647e-09 7.96025e-06)
(-1.25724e-08 9.7546e-09 7.9603e-06)
(4.25707e-11 -4.78804e-09 1.99924e-05)
(-3.05024e-09 3.61558e-09 3.20547e-05)
(-7.48784e-09 1.06696e-09 4.12629e-05)
(5.95361e-10 -4.65153e-10 4.61625e-05)
(-1.23535e-09 -4.84465e-10 4.6162e-05)
(7.22375e-09 1.81924e-09 4.12623e-05)
(2.60921e-09 4.21218e-09 3.2054e-05)
(-3.20548e-09 -5.82827e-09 1.99923e-05)
(5.56672e-09 3.09154e-09 7.96022e-06)
(-8.22699e-09 1.17317e-08 2.10745e-05)
(-4.95448e-09 -3.26555e-10 5.33115e-05)
(-1.08545e-08 7.22793e-09 7.85679e-05)
(-5.12429e-09 -2.94959e-09 9.57188e-05)
(9.2094e-11 -5.7823e-09 0.000104217)
(1.31143e-09 -5.20302e-09 0.000104217)
(6.95403e-09 -1.68689e-09 9.57191e-05)
(1.26859e-08 9.17018e-09 7.85679e-05)
(4.21195e-09 -2.21384e-11 5.33122e-05)
(2.61874e-09 5.08461e-09 2.10747e-05)
(-1.39083e-09 7.42307e-09 3.44752e-05)
(5.63161e-10 3.49158e-09 8.16253e-05)
(-1.49331e-09 7.5016e-09 0.000112348)
(2.04573e-09 -6.85638e-09 0.000128936)
(1.59137e-10 -6.55228e-09 0.000135781)
(-7.5113e-10 -6.08029e-09 0.000135781)
(-3.19783e-09 -6.32328e-09 0.000128936)
(1.33962e-09 8.49166e-09 0.000112348)
(-9.25304e-10 3.83316e-09 8.16261e-05)
(-1.47964e-09 2.43862e-09 3.44761e-05)
(2.09961e-10 3.97544e-09 4.49613e-05)
(1.73005e-09 5.06994e-10 0.000100996)
(2.43723e-09 5.79736e-09 0.000130794)
(2.92837e-09 -2.75712e-09 0.000142988)
(-6.54632e-10 -2.16456e-09 0.000146868)
(-6.34421e-10 -2.41594e-09 0.000146868)
(-5.11464e-09 -2.89105e-09 0.000142988)
(-4.17315e-09 4.73784e-09 0.000130794)
(-1.42206e-09 -5.80729e-10 0.000100996)
(-4.30974e-10 -5.61659e-10 4.49619e-05)
(1.74904e-09 2.10761e-09 5.06808e-05)
(1.54372e-09 3.32746e-10 0.000110384)
(1.35592e-09 2.98451e-09 0.000138063)
(2.04236e-09 -8.12117e-10 0.000147256)
(-3.07886e-10 -6.01068e-10 0.000149555)
(3.69424e-10 -1.02383e-09 0.000149555)
(-2.02226e-09 -1.51003e-09 0.000147256)
(-1.16024e-09 1.34367e-09 0.000138063)
(-3.71935e-10 -4.18791e-11 0.000110385)
(-7.40879e-10 5.01473e-10 5.06807e-05)
(1.55045e-09 -6.49484e-10 5.06809e-05)
(2.49924e-09 1.07354e-09 0.000110384)
(2.61533e-09 2.32735e-09 0.000138063)
(2.79349e-09 -5.28616e-10 0.000147256)
(1.13196e-09 6.46612e-11 0.000149555)
(5.58227e-10 -6.42639e-10 0.000149555)
(-1.35287e-09 -6.76338e-10 0.000147257)
(-2.30228e-09 8.23392e-10 0.000138063)
(-2.84149e-09 -4.21493e-10 0.000110384)
(-1.16444e-09 -2.73169e-09 5.06809e-05)
(-2.08927e-09 -2.47307e-09 4.49614e-05)
(1.31505e-09 5.60244e-10 0.000100996)
(4.49382e-09 7.6465e-10 0.000130793)
(3.46142e-09 9.00805e-10 0.000142988)
(1.96455e-09 1.57534e-09 0.000146868)
(-6.03652e-11 1.26457e-09 0.000146868)
(-1.86394e-09 7.88494e-10 0.000142989)
(-5.29326e-09 -2.67998e-10 0.000130794)
(-4.24544e-09 -1.59482e-09 0.000100995)
(9.63798e-10 -5.28629e-09 4.49614e-05)
(-5.2468e-10 -1.06518e-09 3.4475e-05)
(6.39837e-10 -4.98101e-09 8.16251e-05)
(1.99868e-09 3.17181e-10 0.000112347)
(1.43303e-09 2.29614e-09 0.000128936)
(1.85648e-09 3.8623e-09 0.000135782)
(4.15298e-10 4.79373e-09 0.000135782)
(2.00833e-10 4.8158e-09 0.000128937)
(-5.31127e-10 1.71002e-09 0.000112348)
(-2.26864e-10 -7.06007e-09 8.16239e-05)
(3.22428e-09 -9.74741e-09 3.44748e-05)
(-9.05393e-10 -3.68572e-09 2.10736e-05)
(-4.54883e-09 -4.31369e-09 5.3311e-05)
(-5.44647e-09 8.17786e-10 7.85688e-05)
(-2.89761e-09 4.3334e-10 9.57195e-05)
(-1.02919e-09 2.44877e-09 0.000104218)
(2.70708e-09 2.58461e-09 0.000104219)
(5.31414e-09 1.84227e-09 9.57201e-05)
(1.0338e-08 1.42748e-09 7.85696e-05)
(1.13723e-08 -5.43294e-09 5.33114e-05)
(8.31293e-09 -1.12782e-08 2.10732e-05)
(-8.02348e-09 -5.67598e-09 7.96e-06)
(-6.06219e-09 -9.33898e-10 1.99922e-05)
(-3.35121e-09 3.95658e-11 3.20551e-05)
(-2.5035e-09 -1.10101e-09 4.12634e-05)
(-1.69021e-09 -1.27466e-10 4.61626e-05)
(1.46403e-09 -6.78281e-10 4.61627e-05)
(1.29417e-09 -1.59312e-09 4.12633e-05)
(1.31487e-09 1.80907e-11 3.20552e-05)
(5.96448e-09 -2.91216e-10 1.99926e-05)
(7.95811e-09 -5.74227e-09 7.96005e-06)
(-1.39334e-08 1.07296e-08 7.96051e-06)
(9.14494e-10 -5.49216e-09 1.99924e-05)
(-3.83145e-10 2.08886e-09 3.2054e-05)
(-6.34654e-09 1.45639e-09 4.12621e-05)
(-3.03295e-10 -4.10448e-10 4.61614e-05)
(-1.39911e-09 2.45186e-10 4.61612e-05)
(1.81498e-09 2.06561e-09 4.12618e-05)
(-4.0711e-09 8.65395e-10 3.20536e-05)
(-6.51758e-09 -7.78348e-09 1.99922e-05)
(4.88123e-09 3.15686e-09 7.96012e-06)
(-6.5318e-09 1.05383e-08 2.10741e-05)
(-5.24071e-09 -2.03151e-09 5.33123e-05)
(-7.63814e-09 1.34583e-09 7.85684e-05)
(-4.07817e-09 -3.52039e-10 9.57185e-05)
(-2.4371e-09 -4.51989e-09 0.000104216)
(9.09815e-10 -2.86176e-09 0.000104216)
(1.99463e-09 1.33117e-09 9.57179e-05)
(6.10374e-09 1.77589e-09 7.85681e-05)
(1.17185e-10 -4.10356e-09 5.33127e-05)
(-2.07629e-09 1.66729e-09 2.10751e-05)
(-1.43881e-09 7.0337e-09 3.44751e-05)
(3.44154e-10 2.18722e-09 8.16251e-05)
(-1.20582e-10 -2.45531e-09 0.000112348)
(2.47428e-09 -3.95157e-09 0.000128937)
(9.43565e-10 -4.54401e-09 0.000135781)
(-1.14862e-09 -3.61354e-09 0.000135781)
(-2.54678e-09 -2.40266e-09 0.000128936)
(8.67933e-10 -9.72333e-10 0.000112348)
(1.49328e-09 2.31638e-09 8.16266e-05)
(-2.46489e-10 1.77865e-09 3.44763e-05)
(-5.58561e-10 4.43345e-09 4.49617e-05)
(3.86978e-09 -1.25422e-09 0.000100996)
(3.79391e-09 -1.38919e-09 0.000130794)
(1.85247e-09 -2.11564e-09 0.000142989)
(3.26637e-10 -5.95241e-10 0.000146868)
(-2.18701e-09 -1.91859e-10 0.000146869)
(-2.83906e-09 -1.23788e-09 0.000142989)
(-3.04107e-09 -1.90704e-09 0.000130795)
(-1.18259e-09 -2.24316e-09 0.000100997)
(1.82881e-09 2.65808e-09 4.49629e-05)
(7.86599e-10 2.49125e-09 5.06809e-05)
(2.88752e-09 -1.35824e-09 0.000110384)
(1.80255e-09 2.18268e-10 0.000138064)
(6.95701e-10 -7.67976e-10 0.000147257)
(6.7098e-10 -3.29156e-10 0.000149555)
(-2.6626e-11 -4.76082e-10 0.000149555)
(5.8308e-11 -1.83784e-09 0.000147257)
(-1.04159e-09 -9.85386e-10 0.000138064)
(-2.40401e-09 -2.25914e-09 0.000110385)
(-1.85342e-10 2.76338e-09 5.06814e-05)
(4.77751e-10 4.30974e-10 5.06808e-05)
(3.01913e-09 -2.02875e-09 0.000110384)
(3.26907e-09 1.75868e-09 0.000138064)
(1.23959e-09 -3.83408e-10 0.000147257)
(1.01772e-09 1.45469e-10 0.000149555)
(2.01953e-11 -3.64191e-10 0.000149555)
(4.17741e-10 -6.97182e-10 0.000147257)
(-2.15366e-09 1.67539e-09 0.000138064)
(-2.45812e-09 -3.26022e-09 0.000110384)
(4.0872e-10 -3.31019e-11 5.06815e-05)
(-1.55916e-09 -6.58089e-10 4.49617e-05)
(2.48955e-09 -5.06568e-09 0.000100995)
(6.28719e-09 3.49614e-09 0.000130793)
(2.55731e-09 2.19816e-10 0.000142988)
(2.48287e-09 7.69068e-10 0.000146868)
(-1.03793e-12 8.67124e-10 0.000146869)
(-1.58188e-09 1.13018e-09 0.000142989)
(-5.42244e-09 2.99431e-09 0.000130794)
(-2.27584e-09 -5.62242e-09 0.000100996)
(9.63363e-10 8.21696e-10 4.4962e-05)
(2.32592e-10 -8.55968e-10 3.4475e-05)
(-1.59973e-09 -1.10472e-08 8.16251e-05)
(2.47207e-09 3.8366e-09 0.000112348)
(1.45791e-09 2.6926e-09 0.000128936)
(5.65314e-10 3.34377e-09 0.000135781)
(2.92761e-10 4.37773e-09 0.000135781)
(-1.12975e-09 5.12839e-09 0.000128937)
(-1.40949e-09 5.33469e-09 0.000112348)
(3.77256e-10 -1.1322e-08 8.16248e-05)
(-1.12448e-09 -2.50945e-09 3.44751e-05)
(6.21767e-10 -3.80195e-09 2.10742e-05)
(-6.69173e-09 -6.91275e-09 5.33125e-05)
(-6.94193e-09 2.66057e-09 7.85695e-05)
(-3.00019e-09 4.21466e-10 9.57189e-05)
(-2.77993e-09 2.72115e-09 0.000104216)
(1.64789e-09 3.01129e-09 0.000104217)
(2.65502e-09 1.82624e-09 9.57189e-05)
(9.10878e-09 4.54747e-09 7.85694e-05)
(7.7166e-09 -5.39357e-09 5.33124e-05)
(1.23852e-09 -6.97287e-09 2.10739e-05)
(-5.26388e-09 -4.18474e-09 7.96026e-06)
(-6.74512e-09 -1.56357e-09 1.99924e-05)
(-3.62667e-09 3.57867e-10 3.20547e-05)
(-1.82061e-09 -1.51324e-09 4.12621e-05)
(-2.81089e-09 -2.44489e-10 4.61615e-05)
(1.32028e-09 -3.34795e-10 4.61617e-05)
(2.66463e-10 -1.9249e-09 4.12625e-05)
(8.77683e-10 1.19347e-09 3.20544e-05)
(4.07019e-09 8.00829e-10 1.99922e-05)
(5.05848e-09 -4.25293e-09 7.96001e-06)
(-1.10982e-08 8.93233e-09 7.9599e-06)
(-3.34282e-09 -2.56662e-09 1.99917e-05)
(-4.06554e-09 2.64686e-09 3.2054e-05)
(-6.72025e-09 1.411e-09 4.12615e-05)
(-1.4934e-09 -7.11357e-10 4.6161e-05)
(-1.49366e-09 2.25352e-11 4.6161e-05)
(1.44072e-09 2.31383e-09 4.12619e-05)
(-4.57814e-09 1.71665e-09 3.20544e-05)
(-7.96852e-09 -8.5646e-09 1.99924e-05)
(4.41684e-09 3.21372e-09 7.96079e-06)
(-9.45324e-09 1.41402e-08 2.10739e-05)
(-9.47871e-09 2.13938e-09 5.33126e-05)
(-9.37756e-09 7.39222e-10 7.85695e-05)
(-3.22337e-09 -1.85427e-09 9.57185e-05)
(-1.94038e-09 -4.27209e-09 0.000104216)
(-7.43316e-11 -3.03612e-09 0.000104216)
(3.85356e-10 1.40381e-09 9.57174e-05)
(6.21155e-09 2.86181e-09 7.85693e-05)
(1.20223e-09 -3.95908e-09 5.33127e-05)
(-1.07556e-09 1.51408e-09 2.1075e-05)
(-2.53605e-09 1.06447e-08 3.44757e-05)
(-2.40227e-09 7.54199e-09 8.1625e-05)
(-8.80243e-10 -2.99785e-09 0.000112348)
(2.60858e-09 -5.66924e-09 0.000128937)
(6.70111e-10 -4.38193e-09 0.000135781)
(-2.99967e-10 -3.45187e-09 0.000135782)
(-2.33934e-09 -2.80896e-09 0.000128937)
(9.45014e-10 -8.13219e-10 0.000112348)
(2.23174e-09 3.65224e-09 8.1625e-05)
(-3.53481e-10 1.7367e-09 3.44755e-05)
(-9.84044e-10 6.46723e-09 4.49626e-05)
(4.11457e-09 2.63437e-09 0.000100997)
(4.85387e-09 -1.78099e-09 0.000130794)
(2.04847e-09 -2.65215e-09 0.000142989)
(7.829e-10 -1.03068e-09 0.000146868)
(-1.53385e-09 -4.04093e-10 0.000146868)
(-2.25019e-09 -9.83716e-10 0.000142989)
(-3.52865e-09 -1.58157e-09 0.000130793)
(-1.78292e-09 -9.3477e-10 0.000100997)
(1.81877e-09 2.7761e-09 4.49627e-05)
(3.65459e-10 2.82385e-09 5.06814e-05)
(4.07608e-09 -1.11923e-10 0.000110385)
(3.4151e-09 1.58553e-10 0.000138064)
(9.55207e-10 -8.52077e-10 0.000147257)
(2.12702e-10 2.1339e-11 0.000149555)
(-1.13739e-09 1.4403e-10 0.000149555)
(-2.87472e-10 -4.08812e-10 0.000147257)
(-2.04141e-09 -7.70401e-10 0.000138063)
(-3.19114e-09 -1.58966e-09 0.000110385)
(1.93846e-11 1.86188e-09 5.06812e-05)
(1.06446e-10 3.15349e-10 5.06813e-05)
(3.49699e-09 -1.81832e-09 0.000110385)
(3.3003e-09 1.58793e-09 0.000138064)
(6.45169e-10 5.36462e-12 0.000147258)
(1.05077e-09 5.13066e-10 0.000149555)
(-5.1926e-10 9.64973e-10 0.000149555)
(3.51237e-10 4.4688e-10 0.000147257)
(-2.27981e-09 1.67338e-09 0.000138063)
(-2.2178e-09 -3.29488e-09 0.000110385)
(9.90154e-10 -4.01213e-10 5.06813e-05)
(-2.04053e-09 -9.73096e-10 4.49624e-05)
(1.42033e-09 -5.16797e-09 0.000100996)
(4.82718e-09 2.29182e-09 0.000130794)
(8.04008e-10 8.63449e-10 0.000142989)
(9.46245e-10 1.61404e-09 0.000146868)
(-8.75676e-10 1.30452e-09 0.000146868)
(-1.00248e-09 1.5687e-09 0.000142989)
(-5.23282e-09 3.29442e-09 0.000130793)
(-2.5576e-09 -6.28731e-09 0.000100996)
(1.59832e-09 -3.82091e-11 4.49627e-05)
(1.76264e-10 -1.08448e-09 3.44753e-05)
(-1.56574e-09 -1.02986e-08 8.16254e-05)
(6.43813e-10 3.0967e-09 0.000112349)
(4.4479e-10 3.21907e-09 0.000128937)
(-1.6672e-10 3.0729e-09 0.000135781)
(-6.90874e-10 3.81685e-09 0.000135781)
(-1.28038e-09 4.72636e-09 0.000128937)
(-1.811e-09 5.65187e-09 0.000112349)
(-8.74809e-10 -1.15777e-08 8.16248e-05)
(-1.25088e-09 -3.66429e-09 3.44753e-05)
(3.70808e-10 -3.92628e-09 2.10749e-05)
(-6.99627e-09 -7.09638e-09 5.33136e-05)
(-7.9744e-09 2.51065e-09 7.85704e-05)
(-3.53255e-09 1.28948e-09 9.57182e-05)
(-2.98816e-09 1.81406e-09 0.000104215)
(6.90351e-10 2.67463e-09 0.000104214)
(1.03323e-09 2.03625e-09 9.57172e-05)
(8.83649e-09 3.98376e-09 7.85698e-05)
(9.56965e-09 -6.73188e-09 5.33128e-05)
(3.68803e-09 -9.10899e-09 2.10748e-05)
(-4.1353e-09 -3.29776e-09 7.96085e-06)
(-6.58524e-09 -1.89499e-09 1.99927e-05)
(-2.92162e-09 5.05631e-10 3.20543e-05)
(-1.00516e-09 -1.24883e-09 4.12609e-05)
(-2.43452e-09 -2.80527e-10 4.61602e-05)
(1.11561e-09 -3.84187e-10 4.61603e-05)
(3.72079e-10 -1.71121e-09 4.12611e-05)
(2.16173e-09 2.49469e-10 3.20538e-05)
(5.84576e-09 -2.84898e-10 1.99919e-05)
(6.09509e-09 -5.10044e-09 7.96028e-06)
(-6.98051e-10 -3.02403e-10 7.96078e-06)
(1.00785e-08 -9.64037e-09 1.9993e-05)
(6.04557e-09 1.34375e-09 3.20556e-05)
(1.904e-10 1.56655e-09 4.12627e-05)
(2.39591e-09 8.89085e-12 4.61623e-05)
(1.48618e-10 6.68487e-11 4.61622e-05)
(3.03906e-09 2.26297e-09 4.12629e-05)
(-3.11304e-09 2.21592e-09 3.20558e-05)
(-6.16819e-09 -6.35883e-09 1.99932e-05)
(2.51883e-09 8.64107e-10 7.96075e-06)
(2.09423e-09 -3.71512e-11 2.10744e-05)
(2.33807e-09 -8.49372e-09 5.33122e-05)
(-2.51134e-09 1.53001e-09 7.85709e-05)
(8.95124e-11 2.50309e-09 9.57192e-05)
(-1.5975e-09 -1.10864e-09 0.000104218)
(5.64981e-10 -1.05895e-09 0.000104217)
(-1.52913e-09 1.9057e-09 9.57188e-05)
(8.17556e-10 8.85731e-10 7.85709e-05)
(-1.27077e-09 -5.71337e-09 5.33123e-05)
(-2.06015e-09 -1.10863e-09 2.1074e-05)
(1.57535e-09 5.54539e-10 3.44754e-05)
(-2.0451e-10 -9.96627e-10 8.1625e-05)
(-1.15713e-09 -2.46304e-09 0.000112348)
(2.20445e-09 -1.52227e-09 0.000128937)
(1.0612e-09 -1.39648e-09 0.000135781)
(6.43908e-10 -1.50925e-09 0.000135782)
(2.2922e-10 -1.30611e-09 0.000128937)
(3.70855e-09 -1.89293e-09 0.000112348)
(2.88994e-09 6.08611e-10 8.1624e-05)
(-3.65219e-10 1.12718e-09 3.44745e-05)
(1.41603e-10 -6.54625e-10 4.49622e-05)
(2.83039e-09 -2.39407e-09 0.000100997)
(3.20572e-09 -2.19258e-09 0.000130792)
(1.70832e-09 -1.04961e-09 0.000142989)
(1.14019e-09 3.96626e-10 0.000146868)
(-6.25563e-10 2.07076e-10 0.000146868)
(-1.16613e-09 -7.60268e-10 0.000142989)
(-2.65543e-09 -1.4523e-09 0.000130792)
(-2.26667e-09 -1.0665e-09 0.000100996)
(6.35864e-10 2.20456e-09 4.49612e-05)
(-1.34718e-10 1.26843e-09 5.06812e-05)
(1.42377e-09 -2.60485e-09 0.000110386)
(1.09331e-09 4.84067e-12 0.000138063)
(-3.93828e-10 -1.03505e-10 0.000147257)
(-8.53908e-11 5.91336e-10 0.000149555)
(-3.42669e-10 2.72587e-10 0.000149555)
(4.77442e-10 -5.29703e-10 0.000147257)
(-1.57077e-09 -2.2162e-10 0.000138061)
(-2.14273e-09 -1.93969e-09 0.000110384)
(4.07849e-10 1.01782e-09 5.06803e-05)
(-6.70556e-10 3.39792e-10 5.06814e-05)
(9.40471e-10 -2.52823e-09 0.000110386)
(1.45339e-09 2.13644e-09 0.000138063)
(-3.39197e-10 1.05621e-10 0.000147257)
(7.02677e-10 2.97939e-10 0.000149555)
(-3.25329e-10 -1.86852e-10 0.000149555)
(3.40575e-10 -2.71757e-12 0.000147257)
(-1.85362e-09 1.94176e-09 0.000138062)
(-1.19764e-09 -2.35465e-09 0.000110385)
(1.04146e-09 1.04746e-09 5.06802e-05)
(-2.22602e-10 1.63115e-09 4.49623e-05)
(1.98421e-09 -4.49788e-09 0.000100997)
(3.58275e-09 4.34495e-09 0.000130793)
(7.47323e-10 1.93215e-09 0.000142989)
(1.26943e-09 8.38883e-10 0.000146868)
(3.16503e-11 -9.40741e-11 0.000146868)
(4.94144e-10 1.30068e-09 0.000142989)
(-3.50721e-09 4.06781e-09 0.000130793)
(-2.27308e-09 -4.92548e-09 0.000100996)
(2.99734e-10 2.01508e-09 4.49621e-05)
(1.76113e-09 -2.16248e-10 3.44758e-05)
(-2.52704e-09 -8.02479e-09 8.16244e-05)
(-2.08961e-09 5.66762e-09 0.000112348)
(-4.58608e-10 2.95045e-09 0.000128937)
(-2.70992e-10 3.81773e-10 0.000135781)
(-5.33074e-11 3.33127e-11 0.000135782)
(3.75461e-10 3.45405e-09 0.000128937)
(1.02085e-09 7.66038e-09 0.000112349)
(5.13153e-10 -5.9633e-09 8.16248e-05)
(-1.7078e-09 -3.81795e-11 3.44758e-05)
(5.34262e-10 -2.187e-09 2.10745e-05)
(-3.13161e-09 3.82846e-10 5.33119e-05)
(-1.66052e-09 6.09523e-09 7.85704e-05)
(1.7901e-09 -6.92749e-11 9.5719e-05)
(-1.22372e-09 -1.05939e-09 0.000104217)
(-3.90079e-10 -1.1408e-09 0.000104217)
(-4.04411e-09 3.98466e-10 9.57187e-05)
(-8.41787e-11 7.35996e-09 7.85708e-05)
(1.26961e-09 6.28448e-10 5.33121e-05)
(-1.75182e-09 -1.86264e-09 2.1075e-05)
(-2.98426e-09 -2.28011e-09 7.9606e-06)
(2.10303e-09 4.14264e-09 1.99929e-05)
(5.61449e-09 3.15985e-09 3.20553e-05)
(3.60149e-09 -9.04536e-10 4.12626e-05)
(8.42546e-11 -4.31553e-10 4.61618e-05)
(7.50634e-10 -8.19677e-10 4.61618e-05)
(-3.11764e-09 -1.41303e-09 4.12624e-05)
(-3.59324e-09 2.21523e-09 3.20552e-05)
(2.39505e-10 2.06095e-09 1.99928e-05)
(2.74899e-09 -2.04065e-09 7.96077e-06)
(-1.61715e-08 1.20821e-08 7.96086e-06)
(-4.38449e-09 -1.53295e-09 1.9993e-05)
(-5.14817e-09 4.44676e-09 3.20547e-05)
(-8.83871e-09 1.65654e-09 4.12621e-05)
(-4.50463e-11 -5.11654e-10 4.61617e-05)
(4.87495e-10 1.92567e-10 4.61615e-05)
(7.35953e-09 2.16506e-09 4.12621e-05)
(3.03e-09 4.39391e-09 3.20545e-05)
(5.92843e-10 -3.78166e-09 1.99924e-05)
(9.83628e-09 6.7903e-09 7.96017e-06)
(-9.83265e-09 1.38252e-08 2.10751e-05)
(-8.8128e-09 2.83611e-09 5.33128e-05)
(-1.33433e-08 8.05616e-09 7.85701e-05)
(-5.97783e-09 -2.77687e-09 9.57187e-05)
(1.18774e-10 -5.44137e-09 0.000104217)
(3.25349e-09 -4.26469e-09 0.000104216)
(8.87277e-09 -3.45458e-10 9.57182e-05)
(1.54946e-08 1.02038e-08 7.85693e-05)
(8.11114e-09 2.55448e-09 5.33125e-05)
(6.10217e-09 9.38674e-09 2.10742e-05)
(-2.1487e-09 9.86343e-09 3.44751e-05)
(6.60423e-11 4.35343e-09 8.1625e-05)
(-1.58697e-09 6.67512e-09 0.000112348)
(2.84975e-09 -7.47977e-09 0.000128937)
(1.27572e-09 -6.02716e-09 0.000135781)
(3.79931e-10 -5.31662e-09 0.000135781)
(-7.75985e-10 -4.13439e-09 0.000128937)
(3.92201e-09 1.01931e-08 0.000112348)
(6.78767e-10 6.68606e-09 8.16253e-05)
(1.96896e-10 5.62171e-09 3.44754e-05)
(-1.20963e-10 4.81343e-09 4.49619e-05)
(2.87668e-09 3.33414e-10 0.000100996)
(3.92804e-09 4.93539e-09 0.000130793)
(3.85389e-09 -3.53223e-09 0.000142989)
(1.34308e-11 -2.11782e-09 0.000146868)
(-1.29497e-09 -1.16969e-09 0.000146868)
(-4.81827e-09 -1.19819e-09 0.000142989)
(-3.9592e-09 6.23438e-09 0.000130793)
(-1.40439e-09 9.02627e-10 0.000100997)
(4.32245e-10 1.6185e-09 4.49619e-05)
(1.51748e-09 2.08496e-09 5.06802e-05)
(2.73771e-09 1.93103e-10 0.000110385)
(2.16846e-09 2.30821e-09 0.000138062)
(1.54597e-09 -7.90944e-10 0.000147257)
(-3.52712e-10 -7.59356e-10 0.000149555)
(-1.25449e-09 -3.6218e-12 0.000149555)
(-2.56159e-09 -2.94377e-10 0.000147257)
(-1.58771e-09 1.96259e-09 0.000138063)
(-1.88915e-09 -4.09753e-10 0.000110385)
(-1.00789e-09 6.14071e-10 5.0681e-05)
(1.47901e-09 -5.653e-10 5.06805e-05)
(2.82626e-09 6.72332e-10 0.000110384)
(2.17282e-09 2.31685e-09 0.000138062)
(1.89428e-09 -8.39664e-11 0.000147257)
(6.73994e-10 -1.27828e-10 0.000149555)
(-4.64504e-10 1.88294e-10 0.000149556)
(-1.8254e-09 -4.4158e-10 0.000147257)
(-2.58963e-09 1.54234e-09 0.000138062)
(-2.15216e-09 -1.33576e-09 0.000110385)
(-3.25119e-10 -2.60088e-09 5.06807e-05)
(-1.80056e-09 -3.21471e-09 4.49615e-05)
(1.8096e-09 1.69723e-12 0.000100996)
(4.11981e-09 8.75889e-10 0.000130793)
(2.20938e-09 4.10769e-10 0.000142989)
(1.36771e-09 1.73971e-09 0.000146868)
(-8.72109e-10 2.08639e-09 0.000146868)
(-2.84508e-09 1.32765e-09 0.000142989)
(-5.60655e-09 2.77762e-10 0.000130793)
(-3.14251e-09 -2.70747e-09 0.000100996)
(1.85994e-09 -5.16361e-09 4.49622e-05)
(-2.98549e-10 -2.23697e-09 3.44753e-05)
(1.64571e-09 -4.64965e-09 8.16243e-05)
(1.47039e-09 -4.1415e-10 0.000112348)
(4.60073e-10 1.7003e-09 0.000128937)
(7.01369e-10 4.23717e-09 0.000135781)
(-4.88172e-11 5.03459e-09 0.000135782)
(1.94647e-10 5.40402e-09 0.000128937)
(-2.99681e-10 1.02751e-09 0.000112348)
(-3.1488e-10 -8.5764e-09 8.16249e-05)
(2.83385e-09 -9.05641e-09 3.44756e-05)
(-1.95642e-09 -5.96401e-09 2.10741e-05)
(-5.77176e-09 -5.2003e-09 5.33122e-05)
(-8.1216e-09 -8.55154e-10 7.85702e-05)
(-4.67156e-09 -5.80713e-10 9.5719e-05)
(-2.41147e-09 2.7223e-09 0.000104217)
(2.51386e-09 2.7837e-09 0.000104217)
(6.4659e-09 1.51202e-09 9.5719e-05)
(1.24416e-08 7.18746e-10 7.85704e-05)
(1.30254e-08 -7.73354e-09 5.33123e-05)
(8.27077e-09 -1.18714e-08 2.10748e-05)
(-8.64588e-09 -6.89428e-09 7.96031e-06)
(-5.71279e-09 -1.31993e-09 1.99925e-05)
(-2.9372e-09 -8.47997e-10 3.20551e-05)
(-2.85115e-09 -2.26617e-09 4.12628e-05)
(-2.36955e-09 -2.60125e-10 4.61621e-05)
(8.93095e-10 -5.78692e-10 4.61619e-05)
(1.3875e-09 -1.68854e-09 4.12625e-05)
(3.36484e-09 -3.30115e-10 3.20551e-05)
(7.61974e-09 -1.41564e-09 1.99929e-05)
(9.2191e-09 -7.23755e-09 7.96087e-06)
(-2.89316e-09 2.06707e-09 7.96012e-06)
(1.13326e-08 -1.06591e-08 1.99921e-05)
(6.73786e-09 2.07781e-10 3.20536e-05)
(-1.86165e-10 1.99666e-09 4.12613e-05)
(2.02726e-09 9.97493e-12 4.61606e-05)
(-6.91218e-10 3.15348e-10 4.61607e-05)
(-3.62654e-11 1.36282e-09 4.12611e-05)
(-6.47871e-09 5.13513e-10 3.20534e-05)
(-8.54729e-09 -7.89651e-09 1.99918e-05)
(4.39303e-09 2.90426e-09 7.96022e-06)
(5.69763e-10 1.356e-09 2.10744e-05)
(1.41465e-09 -8.16439e-09 5.33123e-05)
(-2.66781e-09 5.80283e-10 7.85683e-05)
(-1.27959e-09 2.8464e-09 9.57172e-05)
(-2.41473e-09 -1.06512e-09 0.000104215)
(-5.38301e-10 -3.6325e-10 0.000104215)
(-2.53973e-09 2.13045e-09 9.57168e-05)
(-6.53802e-11 3.28409e-10 7.85672e-05)
(-4.30548e-09 -8.19847e-09 5.33127e-05)
(-3.95312e-09 -1.63837e-09 2.10752e-05)
(1.79432e-09 1.58976e-09 3.44752e-05)
(-4.42892e-10 1.02704e-09 8.16261e-05)
(-2.64141e-09 -1.70437e-09 0.000112349)
(2.25994e-10 -1.87581e-09 0.000128936)
(-2.64947e-10 -2.04228e-09 0.000135781)
(-6.11535e-10 -1.60246e-09 0.00013578)
(-9.20021e-10 -1.2483e-09 0.000128936)
(3.3065e-09 -2.63928e-09 0.000112349)
(2.99884e-09 -5.05732e-10 8.16275e-05)
(-8.612e-11 4.40945e-10 3.44768e-05)
(1.11518e-09 -5.32165e-10 4.4962e-05)
(3.85439e-09 -1.22979e-09 0.000100997)
(3.58757e-09 -9.30532e-10 0.000130794)
(2.29465e-09 -7.91882e-10 0.000142989)
(8.89071e-10 -1.70265e-10 0.000146868)
(-9.57285e-10 2.147e-11 0.000146868)
(-1.88585e-09 -1.51976e-09 0.000142989)
(-2.76243e-09 -2.57208e-09 0.000130795)
(-2.38866e-09 -2.06752e-09 0.000100998)
(3.68223e-11 1.57556e-09 4.49625e-05)
(-3.32727e-10 3.911e-10 5.06809e-05)
(1.06415e-09 -1.79537e-09 0.000110385)
(1.2074e-09 7.44247e-10 0.000138063)
(2.47111e-10 4.9219e-10 0.000147257)
(1.6322e-10 8.17876e-10 0.000149555)
(-2.03452e-10 9.76202e-10 0.000149555)
(5.53726e-10 -1.88846e-10 0.000147257)
(-1.07e-09 -6.22741e-10 0.000138064)
(-1.92231e-09 -2.23814e-09 0.000110385)
(1.43178e-10 2.48856e-10 5.06815e-05)
(-8.05573e-10 6.58763e-11 5.06808e-05)
(1.29424e-09 -1.72692e-09 0.000110384)
(1.23047e-09 2.18774e-09 0.000138063)
(-8.4328e-10 -1.51898e-10 0.000147257)
(1.53182e-10 2.03126e-10 0.000149555)
(1.05981e-10 3.6887e-10 0.000149555)
(1.0165e-09 3.00892e-10 0.000147257)
(-1.12555e-09 2.036e-09 0.000138064)
(-1.19346e-09 -1.64449e-09 0.000110385)
(3.45412e-10 8.78476e-10 5.06813e-05)
(-9.01091e-10 6.12606e-10 4.49616e-05)
(1.59119e-09 -4.08665e-09 0.000100996)
(2.88269e-09 4.40207e-09 0.000130794)
(-7.65167e-10 1.41408e-09 0.000142989)
(3.02026e-10 5.86929e-10 0.000146868)
(-8.72168e-10 7.6097e-10 0.000146869)
(-5.95258e-10 1.59306e-09 0.00014299)
(-4.1089e-09 4.36079e-09 0.000130794)
(-3.3441e-09 -3.91196e-09 0.000100996)
(-2.07574e-10 1.44847e-09 4.49621e-05)
(1.90615e-10 -1.94297e-09 3.44752e-05)
(-2.26753e-09 -7.37434e-09 8.16259e-05)
(-1.92913e-09 6.385e-09 0.000112349)
(-8.10323e-10 2.99092e-09 0.000128937)
(4.6928e-10 1.1332e-09 0.000135781)
(2.96517e-11 7.42837e-10 0.000135781)
(1.84411e-10 3.3164e-09 0.000128937)
(8.71293e-10 7.34731e-09 0.000112349)
(3.39435e-10 -4.86506e-09 8.1625e-05)
(-1.62217e-09 -4.47405e-10 3.4475e-05)
(-1.2988e-09 -4.32492e-09 2.10744e-05)
(-4.38417e-09 -8.50617e-10 5.33128e-05)
(-1.14996e-09 7.37572e-09 7.857e-05)
(2.47109e-09 1.28193e-10 9.57184e-05)
(-8.40119e-10 -5.84159e-10 0.000104216)
(1.30104e-09 -5.43073e-10 0.000104216)
(-1.8226e-09 -5.391e-11 9.57188e-05)
(-1.05752e-10 7.38862e-09 7.85696e-05)
(1.4282e-09 1.43845e-09 5.33122e-05)
(-1.11818e-09 -1.89581e-09 2.1074e-05)
(-5.0645e-09 -3.35553e-09 7.96032e-06)
(-7.93891e-10 2.40288e-09 1.99926e-05)
(4.57028e-09 3.49196e-09 3.20544e-05)
(2.7589e-09 -1.22828e-09 4.12621e-05)
(-1.989e-10 -6.90711e-10 4.61615e-05)
(1.05752e-09 -2.62355e-10 4.61613e-05)
(-2.42003e-09 -1.07598e-09 4.12623e-05)
(-2.71823e-09 2.34815e-09 3.20546e-05)
(1.09172e-09 1.45597e-09 1.99926e-05)
(3.1523e-09 -2.58076e-09 7.96062e-06)
(-9.43418e-09 7.81901e-09 7.96096e-06)
(1.18697e-10 -4.72234e-09 1.99934e-05)
(-1.61243e-09 2.17789e-09 3.20564e-05)
(-5.57675e-09 1.41244e-09 4.12634e-05)
(-3.67552e-10 -2.87285e-10 4.61629e-05)
(-1.52835e-09 -2.98106e-10 4.61627e-05)
(2.40842e-09 1.96293e-09 4.12628e-05)
(-2.45496e-09 2.27262e-09 3.20559e-05)
(-5.68711e-09 -6.74737e-09 1.99933e-05)
(6.52056e-09 4.78791e-09 7.96103e-06)
(-7.10402e-09 1.07933e-08 2.10742e-05)
(-6.50219e-09 -1.48837e-09 5.33125e-05)
(-8.32595e-09 1.03734e-10 7.85717e-05)
(-3.53895e-09 -2.87154e-10 9.57197e-05)
(-2.55781e-09 -2.45979e-09 0.000104218)
(-5.52508e-10 -2.58845e-09 0.000104217)
(5.95008e-10 1.00479e-09 9.57192e-05)
(5.64445e-09 2.28194e-09 7.85709e-05)
(5.54382e-10 -3.09505e-09 5.33127e-05)
(-1.32497e-09 2.17797e-09 2.10745e-05)
(-2.89019e-09 8.47301e-09 3.44754e-05)
(-2.03721e-09 3.93967e-09 8.16249e-05)
(-7.5823e-10 -3.77498e-09 0.000112349)
(2.22759e-09 -3.50828e-09 0.000128938)
(5.86289e-10 -3.00807e-09 0.000135782)
(-7.20656e-10 -2.99566e-09 0.000135782)
(-2.30705e-09 -2.72749e-09 0.000128937)
(3.63125e-10 -1.9774e-09 0.000112348)
(2.21321e-09 3.50862e-09 8.16254e-05)
(1.8426e-10 1.98755e-09 3.44755e-05)
(-1.50808e-09 5.2344e-09 4.49617e-05)
(2.53177e-09 7.93827e-10 0.000100996)
(3.62492e-09 -1.66385e-09 0.000130792)
(2.03513e-09 -1.55981e-09 0.00014299)
(9.49477e-10 -5.43206e-10 0.000146868)
(-4.49019e-10 -4.32519e-10 0.000146868)
(-1.69474e-09 -1.37218e-09 0.00014299)
(-2.88107e-09 -1.67567e-09 0.000130793)
(-1.77419e-10 -6.22079e-10 0.000100997)
(2.16391e-09 2.66017e-09 4.4962e-05)
(7.85603e-10 1.84682e-09 5.06808e-05)
(3.20326e-09 -1.13073e-09 0.000110385)
(2.25639e-09 3.24498e-10 0.000138062)
(6.97534e-10 -4.99597e-10 0.000147257)
(5.9835e-10 3.6944e-10 0.000149555)
(2.85307e-10 5.9006e-10 0.000149555)
(1.94194e-10 -7.16726e-10 0.000147258)
(-1.62448e-09 1.89265e-10 0.000138062)
(-2.42207e-09 -2.2462e-09 0.000110385)
(-2.28715e-10 1.02347e-09 5.0681e-05)
(3.09725e-11 7.05374e-11 5.06809e-05)
(2.55647e-09 -2.33402e-09 0.000110385)
(2.59688e-09 1.66557e-09 0.000138062)
(6.0106e-10 7.92155e-12 0.000147257)
(7.25662e-10 4.2314e-10 0.000149554)
(-1.77478e-10 9.15865e-10 0.000149555)
(-6.03296e-12 4.11327e-10 0.000147257)
(-3.03789e-09 2.06611e-09 0.000138062)
(-2.1985e-09 -4.31714e-09 0.000110385)
(5.73542e-10 -4.39509e-10 5.06805e-05)
(-1.66996e-09 -1.22354e-09 4.49623e-05)
(1.356e-09 -5.35966e-09 0.000100996)
(4.7946e-09 3.54713e-09 0.000130792)
(1.34905e-09 7.93564e-10 0.000142988)
(1.168e-09 1.3508e-09 0.000146868)
(-6.81757e-10 1.84831e-09 0.000146868)
(-1.37741e-09 2.08421e-09 0.000142989)
(-4.9356e-09 3.06611e-09 0.000130793)
(-1.91703e-09 -8.02052e-09 0.000100996)
(1.1312e-09 -5.85374e-10 4.49618e-05)
(2.67373e-10 -8.54085e-10 3.44758e-05)
(-1.0201e-09 -9.91266e-09 8.16247e-05)
(2.27776e-09 4.86847e-09 0.000112348)
(1.10804e-09 2.15529e-09 0.000128936)
(6.23802e-10 3.02504e-09 0.000135781)
(1.13523e-09 4.38254e-09 0.000135781)
(1.54904e-10 5.33218e-09 0.000128938)
(3.4665e-10 5.22246e-09 0.000112349)
(2.26558e-09 -1.39439e-08 8.16247e-05)
(1.64725e-10 -5.24588e-09 3.44757e-05)
(3.42975e-10 -3.67885e-09 2.10748e-05)
(-6.37004e-09 -7.01971e-09 5.33112e-05)
(-6.80228e-09 2.63238e-09 7.85702e-05)
(-2.52069e-09 3.34996e-10 9.57189e-05)
(-1.93809e-09 2.02408e-09 0.000104217)
(2.33739e-09 3.13825e-09 0.000104218)
(4.77447e-09 2.11987e-09 9.572e-05)
(1.32064e-08 2.48844e-09 7.8571e-05)
(1.37896e-08 -9.50361e-09 5.33124e-05)
(6.08724e-09 -1.05535e-08 2.10749e-05)
(-4.26478e-09 -3.92054e-09 7.96053e-06)
(-6.83096e-09 -2.8556e-09 1.99927e-05)
(-4.03055e-09 -5.38966e-10 3.20553e-05)
(-1.49619e-09 -1.34584e-09 4.12626e-05)
(-2.09496e-09 -3.3654e-11 4.61622e-05)
(2.05087e-09 -5.71206e-11 4.61622e-05)
(2.70486e-09 -1.5592e-09 4.12631e-05)
(5.79277e-09 -1.15451e-09 3.20559e-05)
(9.71296e-09 -2.25827e-09 1.99931e-05)
(8.22466e-09 -6.07604e-09 7.96079e-06)
(-1.08363e-08 6.3794e-09 7.96112e-06)
(5.47412e-09 -7.66557e-09 1.99937e-05)
(2.39041e-09 2.87503e-09 3.20557e-05)
(-4.14194e-09 1.30583e-09 4.12624e-05)
(2.10788e-09 -6.15799e-10 4.61614e-05)
(-9.67789e-10 -1.07784e-10 4.61615e-05)
(5.98946e-09 2.03039e-09 4.12626e-05)
(-1.7075e-09 3.19916e-09 3.20556e-05)
(-7.28496e-09 -8.42414e-09 1.99934e-05)
(8.44281e-09 5.67594e-09 7.961e-06)
(-3.49983e-09 4.3538e-09 2.10752e-05)
(-2.27647e-10 -5.44762e-09 5.33131e-05)
(-7.15118e-09 7.19389e-09 7.85714e-05)
(-3.69547e-09 -1.20462e-10 9.57186e-05)
(-1.02651e-09 -3.15429e-09 0.000104217)
(-1.22985e-09 -2.13178e-09 0.000104217)
(8.13439e-10 -1.05387e-11 9.5719e-05)
(4.45528e-09 6.69524e-09 7.85709e-05)
(-2.16185e-09 -7.21034e-09 5.33126e-05)
(1.85015e-09 3.35741e-09 2.10746e-05)
(1.49208e-09 2.45332e-09 3.44758e-05)
(9.29398e-10 3.68677e-10 8.16248e-05)
(-3.57008e-09 6.77186e-09 0.000112349)
(8.53671e-10 -4.82966e-09 0.000128938)
(-3.02294e-10 -3.46388e-09 0.000135782)
(-3.28007e-10 -3.12005e-09 0.000135782)
(-1.3875e-09 -4.57329e-09 0.000128938)
(2.88998e-09 6.21364e-09 0.000112349)
(-1.84007e-09 -9.72125e-10 8.16243e-05)
(-3.32408e-09 -2.62208e-10 3.44749e-05)
(1.27217e-09 -2.5221e-10 4.49627e-05)
(2.97324e-09 -1.1928e-09 0.000100996)
(3.71649e-09 4.43114e-09 0.000130793)
(3.75101e-09 -3.11816e-09 0.00014299)
(-8.75462e-11 -1.00401e-09 0.000146869)
(-8.03474e-10 -7.94445e-10 0.000146869)
(-4.02071e-09 -2.99395e-09 0.00014299)
(-3.25072e-09 3.3488e-09 0.000130792)
(-1.88823e-09 -1.41997e-09 0.000100996)
(-1.12902e-09 -1.32656e-09 4.49622e-05)
(4.42751e-10 4.99293e-10 5.06814e-05)
(2.91631e-10 -6.25041e-10 0.000110386)
(7.68687e-10 2.33257e-09 0.000138063)
(1.37897e-09 -6.1748e-10 0.000147257)
(4.39069e-10 4.84331e-10 0.000149555)
(5.86531e-10 3.47049e-10 0.000149555)
(-1.55596e-09 -8.64952e-10 0.000147257)
(-1.53592e-09 7.07979e-10 0.000138062)
(-6.13284e-10 -1.82536e-09 0.000110386)
(-4.6452e-10 -9.70161e-10 5.06814e-05)
(2.02707e-10 -9.81115e-10 5.06813e-05)
(1.16528e-10 -3.20879e-10 0.000110386)
(9.53022e-10 1.64601e-09 0.000138063)
(1.39633e-09 -4.39505e-10 0.000147257)
(6.416e-10 5.4428e-10 0.000149555)
(4.85944e-10 1.30554e-10 0.000149555)
(-7.97684e-10 1.75665e-10 0.000147257)
(-2.07068e-09 1.17541e-09 0.000138063)
(-1.982e-09 -1.62454e-09 0.000110386)
(-3.86158e-10 -2.5304e-09 5.06808e-05)
(-5.35507e-10 -5.36812e-10 4.49622e-05)
(2.44919e-09 -1.17516e-11 0.000100997)
(3.65064e-09 1.2208e-09 0.000130793)
(1.13354e-09 7.07176e-10 0.000142989)
(1.10976e-09 1.45748e-09 0.000146868)
(3.70612e-10 1.50525e-09 0.000146868)
(-9.58272e-10 1.99375e-09 0.00014299)
(-2.681e-09 1.34405e-09 0.000130793)
(-2.91291e-09 -1.46907e-09 0.000100997)
(1.49297e-10 -4.45512e-09 4.4962e-05)
(7.07829e-10 -2.59495e-09 3.44754e-05)
(2.01119e-09 -2.68241e-09 8.16253e-05)
(-3.01359e-10 1.98397e-09 0.000112349)
(-6.60759e-10 1.34523e-09 0.000128937)
(4.73032e-10 1.46347e-09 0.000135781)
(8.67214e-10 1.7516e-09 0.000135781)
(2.41028e-09 2.85369e-09 0.000128937)
(3.30897e-09 3.20634e-09 0.00011235)
(1.16829e-09 -2.10603e-09 8.16265e-05)
(1.64248e-09 -6.04734e-09 3.44757e-05)
(-3.42009e-09 -5.60646e-09 2.10749e-05)
(-3.18271e-09 7.56593e-10 5.3313e-05)
(-1.91241e-09 3.99276e-09 7.85707e-05)
(-9.7584e-11 -1.27916e-09 9.57173e-05)
(-1.11256e-09 -8.77351e-10 0.000104215)
(4.41034e-10 -4.23724e-10 0.000104215)
(4.9999e-10 -7.53549e-10 9.57173e-05)
(1.585e-09 3.96663e-09 7.85706e-05)
(2.27028e-09 2.25916e-09 5.33134e-05)
(3.28606e-09 -5.2522e-09 2.10755e-05)
(-4.8353e-09 -3.94117e-09 7.96092e-06)
(-1.53326e-10 2.74412e-09 1.99927e-05)
(4.20733e-09 2.60561e-09 3.20548e-05)
(2.39724e-09 -1.12551e-09 4.1261e-05)
(1.30176e-11 -8.98461e-10 4.61598e-05)
(6.62977e-10 -6.26739e-10 4.61598e-05)
(-5.08174e-10 -1.46451e-09 4.12609e-05)
(-2.98155e-09 1.45245e-09 3.20547e-05)
(5.85173e-10 2.43469e-09 1.99924e-05)
(5.91927e-09 -4.26018e-09 7.96072e-06)
(-1.50485e-10 -1.23045e-10 7.96075e-06)
(1.55433e-09 -1.31899e-09 1.99928e-05)
(8.35342e-10 -1.4318e-09 3.20555e-05)
(1.36051e-09 -1.43557e-10 4.12634e-05)
(1.30051e-09 1.31688e-09 4.6163e-05)
(-1.76055e-09 8.24665e-10 4.61629e-05)
(-2.07035e-09 -1.64322e-10 4.12636e-05)
(-1.43e-09 -1.2817e-09 3.20557e-05)
(-1.95092e-09 -5.53925e-10 1.99931e-05)
(-2.94154e-09 -2.49807e-09 7.96079e-06)
(-7.98536e-10 -1.42122e-10 2.10747e-05)
(-1.04632e-09 1.69266e-09 5.33113e-05)
(-2.37377e-09 -5.59069e-11 7.85693e-05)
(-3.57263e-09 -1.41713e-09 9.57199e-05)
(-6.56078e-10 -4.3618e-10 0.000104219)
(5.17681e-10 -5.38203e-10 0.000104219)
(2.73566e-09 -6.13178e-10 9.57205e-05)
(1.10751e-09 8.82032e-10 7.85701e-05)
(-6.39808e-10 1.66363e-09 5.33119e-05)
(-2.03764e-09 -2.99479e-09 2.10742e-05)
(-1.17492e-09 1.51784e-09 3.44754e-05)
(-2.50065e-09 2.97786e-09 8.16257e-05)
(-2.28078e-09 2.95549e-09 0.000112348)
(-1.00893e-09 -2.63995e-09 0.000128937)
(-2.65275e-10 -3.16646e-09 0.000135782)
(6.72012e-11 -2.44274e-09 0.000135782)
(2.79545e-10 -1.23718e-09 0.000128937)
(2.1734e-09 3.66606e-09 0.000112349)
(3.25873e-09 1.87811e-09 8.16252e-05)
(1.25482e-09 -1.394e-10 3.44751e-05)
(-8.68794e-11 2.03707e-09 4.49618e-05)
(-1.03222e-09 9.38126e-10 0.000100997)
(-7.0739e-10 2.65062e-09 0.000130793)
(2.08167e-10 -1.70811e-09 0.000142989)
(-1.03363e-09 -1.66861e-09 0.000146869)
(-1.91948e-10 -1.26688e-09 0.000146869)
(-1.38167e-09 -1.19934e-09 0.00014299)
(5.93286e-11 2.28583e-09 0.000130793)
(1.0973e-09 -2.73602e-10 0.000100996)
(2.65624e-10 1.02101e-09 4.49615e-05)
(1.90485e-10 1.6101e-09 5.06808e-05)
(9.58969e-12 1.20225e-09 0.000110385)
(1.02715e-09 2.06389e-09 0.000138063)
(1.05642e-09 -1.28633e-09 0.000147257)
(-1.65093e-10 -1.35708e-09 0.000149555)
(5.61747e-10 -1.01127e-09 0.000149556)
(-1.33355e-09 -8.48868e-10 0.000147257)
(-1.21947e-09 1.33031e-09 0.000138062)
(-7.78039e-10 1.42874e-10 0.000110385)
(-9.34594e-10 4.30106e-10 5.06807e-05)
(2.79059e-10 2.02936e-09 5.0681e-05)
(5.22326e-11 -1.14029e-10 0.000110385)
(1.05587e-09 1.86079e-09 0.000138063)
(1.17343e-09 -7.58999e-10 0.000147257)
(3.06528e-10 -1.99016e-10 0.000149555)
(5.32542e-10 1.6939e-10 0.000149555)
(-3.43803e-10 4.47364e-10 0.000147257)
(-1.41132e-09 1.38073e-09 0.000138063)
(-1.97348e-09 -4.95235e-10 0.000110385)
(-9.40733e-10 1.34928e-10 5.06802e-05)
(1.29108e-09 2.79729e-09 4.49621e-05)
(4.7133e-10 8.46708e-10 0.000100997)
(-5.68979e-10 1.98164e-09 0.000130794)
(-2.1964e-10 -1.2382e-10 0.000142989)
(4.64845e-10 -6.03564e-10 0.000146869)
(1.05324e-09 -1.75259e-10 0.000146869)
(1.55191e-09 1.60926e-09 0.000142989)
(1.30119e-09 2.71089e-09 0.000130793)
(-1.07258e-09 5.26266e-10 0.000100996)
(-7.84513e-10 -1.97884e-09 4.49612e-05)
(2.79333e-10 6.97595e-10 3.44764e-05)
(-2.1324e-09 6.9572e-10 8.16256e-05)
(-2.75256e-09 1.73052e-09 0.000112348)
(-4.71684e-10 -3.75941e-10 0.000128936)
(3.02882e-10 -1.44902e-09 0.000135781)
(3.99635e-10 -1.48302e-10 0.000135782)
(1.2334e-09 2.0713e-09 0.000128937)
(3.78254e-09 3.93355e-09 0.000112349)
(4.81357e-09 5.54296e-10 8.16249e-05)
(3.22159e-09 -4.10203e-09 3.44751e-05)
(3.36251e-09 4.00245e-09 2.10744e-05)
(2.71769e-09 6.66596e-09 5.3311e-05)
(8.6903e-10 1.60278e-09 7.85687e-05)
(1.0246e-09 -2.98687e-09 9.57188e-05)
(-9.27634e-10 -2.75865e-09 0.000104218)
(-1.08228e-09 -1.67447e-09 0.000104218)
(-1.60847e-09 -1.80976e-09 9.57201e-05)
(5.88411e-10 1.86162e-09 7.85702e-05)
(3.42748e-10 6.10094e-09 5.33115e-05)
(-6.14077e-10 1.80597e-09 2.10737e-05)
(2.7957e-09 2.86894e-09 7.96049e-06)
(9.23963e-09 7.08126e-09 1.99927e-05)
(8.88588e-09 1.70306e-09 3.20555e-05)
(4.76578e-09 -1.03848e-09 4.12637e-05)
(7.95768e-10 -1.61799e-09 4.61629e-05)
(-1.79539e-09 -1.43675e-09 4.61631e-05)
(-3.99101e-09 -1.445e-09 4.12637e-05)
(-8.47275e-09 1.20896e-09 3.20557e-05)
(-8.85869e-09 6.44821e-09 1.99928e-05)
(-1.57643e-09 1.74511e-09 7.96055e-06)
(-1.50664e-08 1.02805e-08 7.96004e-06)
(-3.95232e-09 -2.37442e-09 1.99911e-05)
(-4.92817e-09 4.82278e-09 3.20538e-05)
(-8.38943e-09 1.51735e-09 4.12627e-05)
(-3.35194e-10 2.52132e-10 4.61629e-05)
(-1.02335e-09 3.91641e-10 4.61624e-05)
(6.93135e-09 1.55815e-09 4.12622e-05)
(2.91339e-09 3.74269e-09 3.20539e-05)
(-9.75059e-10 -4.05184e-09 1.99921e-05)
(8.39298e-09 6.11348e-09 7.96052e-06)
(-9.13625e-09 1.21931e-08 2.10739e-05)
(-5.51366e-09 -2.11123e-10 5.33114e-05)
(-1.11636e-08 8.46949e-09 7.85669e-05)
(-7.14968e-09 -2.01398e-09 9.57194e-05)
(-1.66098e-09 -5.16927e-09 0.000104217)
(2.87955e-09 -5.32633e-09 0.000104217)
(9.67455e-09 -2.1841e-09 9.57189e-05)
(1.44193e-08 8.9747e-09 7.85679e-05)
(6.18904e-09 1.75133e-09 5.33128e-05)
(5.0587e-09 7.77632e-09 2.10746e-05)
(-1.75592e-09 8.83058e-09 3.44754e-05)
(3.08139e-10 2.71288e-09 8.16262e-05)
(-2.10208e-09 6.90855e-09 0.000112347)
(1.26792e-09 -5.94442e-09 0.000128936)
(1.7942e-10 -6.54144e-09 0.000135781)
(9.52878e-11 -7.28613e-09 0.000135781)
(-9.7076e-10 -5.48431e-09 0.000128936)
(1.91482e-09 9.12176e-09 0.000112348)
(-4.48832e-10 5.38715e-09 8.16274e-05)
(-1.53041e-10 3.46933e-09 3.44764e-05)
(1.4899e-10 5.82537e-09 4.49611e-05)
(1.57396e-09 5.90225e-10 0.000100997)
(2.76829e-09 2.8361e-09 0.000130794)
(3.77083e-09 -2.96018e-09 0.000142988)
(9.75864e-11 -2.32455e-09 0.000146868)
(-7.16936e-10 -2.81804e-09 0.000146868)
(-4.9798e-09 -1.86692e-09 0.000142989)
(-4.27994e-09 5.42593e-09 0.000130794)
(-1.15771e-09 -1.01897e-10 0.000100998)
(3.32792e-10 6.5177e-11 4.49625e-05)
(1.38669e-09 3.47459e-09 5.06803e-05)
(2.05691e-09 6.78734e-10 0.000110384)
(1.89259e-09 8.8062e-10 0.000138063)
(2.02934e-09 -1.03628e-09 0.000147257)
(1.86847e-11 -8.53928e-10 0.000149555)
(-4.81459e-11 -1.38327e-09 0.000149555)
(-2.61852e-09 -6.6433e-10 0.000147257)
(-1.36144e-09 1.80677e-09 0.000138064)
(-1.20336e-09 -4.60537e-10 0.000110385)
(-1.43406e-09 4.15037e-10 5.06808e-05)
(1.50094e-09 7.87175e-10 5.06804e-05)
(2.5638e-09 7.90485e-10 0.000110384)
(1.5848e-09 6.55534e-10 0.000138063)
(2.04781e-09 -3.01877e-10 0.000147257)
(1.26386e-09 -1.0353e-10 0.000149555)
(1.60031e-10 2.12787e-10 0.000149555)
(-1.87766e-09 -7.3617e-11 0.000147257)
(-2.56346e-09 1.48057e-09 0.000138063)
(-3.42771e-09 -8.27478e-10 0.000110384)
(-1.67481e-09 -3.78625e-09 5.0681e-05)
(-9.53648e-10 -1.38588e-09 4.49619e-05)
(2.60589e-09 7.91821e-10 0.000100996)
(4.68082e-09 -9.85055e-10 0.000130794)
(2.81834e-09 -3.02975e-10 0.000142989)
(1.63114e-09 3.44886e-10 0.000146868)
(7.93749e-11 1.58174e-09 0.000146868)
(-2.41108e-09 1.59995e-09 0.000142989)
(-5.48457e-09 1.16889e-09 0.000130793)
(-3.38161e-09 -1.73594e-09 0.000100996)
(1.90268e-09 -6.90919e-09 4.49624e-05)
(-1.929e-10 -1.24599e-09 3.44763e-05)
(2.20516e-09 -3.60186e-09 8.16252e-05)
(2.99624e-09 -1.08627e-09 0.000112348)
(1.3847e-09 3.89077e-10 0.000128936)
(7.83689e-10 3.4808e-09 0.000135781)
(1.82541e-10 4.57831e-09 0.000135782)
(4.7771e-10 5.53555e-09 0.000128936)
(3.22024e-10 2.80754e-09 0.000112347)
(1.90427e-09 -7.86492e-09 8.16245e-05)
(4.22162e-09 -1.03162e-08 3.44758e-05)
(-1.27289e-09 -4.10189e-09 2.10749e-05)
(-3.34341e-09 -3.23519e-09 5.33119e-05)
(-5.55948e-09 -1.22032e-09 7.85691e-05)
(-4.50842e-09 -1.03607e-09 9.57201e-05)
(-2.38201e-09 2.37964e-09 0.000104219)
(2.14585e-09 2.78993e-09 0.000104218)
(5.21408e-09 2.40334e-09 9.57204e-05)
(1.02261e-08 2.03816e-09 7.85691e-05)
(1.1514e-08 -6.13094e-09 5.33113e-05)
(7.78767e-09 -1.13276e-08 2.1074e-05)
(-6.12225e-09 -5.08605e-09 7.96083e-06)
(-4.92912e-09 -6.45049e-10 1.9993e-05)
(-4.0316e-09 -9.48155e-10 3.20557e-05)
(-3.0624e-09 -1.644e-09 4.12642e-05)
(-2.65875e-09 -4.61809e-10 4.61638e-05)
(4.53877e-10 -3.04962e-10 4.61638e-05)
(2.17215e-09 -1.00679e-09 4.12642e-05)
(3.90857e-09 -6.45269e-10 3.20554e-05)
(7.40021e-09 -1.10219e-09 1.99927e-05)
(7.30807e-09 -5.29877e-09 7.96043e-06)
(-6.97327e-09 5.24375e-09 7.9604e-06)
(2.90784e-09 -6.12233e-09 1.99924e-05)
(-5.9511e-10 2.82772e-09 3.20542e-05)
(-5.75032e-09 2.48407e-09 4.12622e-05)
(-1.9189e-10 -1.16038e-10 4.61612e-05)
(-1.38696e-09 -3.23387e-10 4.61612e-05)
(1.91143e-09 2.275e-09 4.12617e-05)
(-5.31632e-09 5.18347e-10 3.20536e-05)
(-8.60084e-09 -9.64377e-09 1.99922e-05)
(5.97435e-09 3.99376e-09 7.96045e-06)
(-7.48903e-09 1.00744e-08 2.10745e-05)
(-7.72203e-09 -8.95616e-10 5.3313e-05)
(-9.46401e-09 2.46502e-09 7.85688e-05)
(-4.87102e-09 1.0242e-09 9.57189e-05)
(-3.3414e-09 -3.87376e-09 0.000104216)
(-1.62302e-09 -3.32206e-09 0.000104216)
(-6.36602e-10 1.10492e-09 9.57177e-05)
(2.83104e-09 1.53888e-09 7.85678e-05)
(-3.75729e-09 -7.7648e-09 5.33123e-05)
(-3.48827e-09 -9.86976e-10 2.10749e-05)
(-2.67136e-09 8.90543e-09 3.44754e-05)
(-2.78662e-09 4.72323e-09 8.16259e-05)
(-2.49548e-09 -1.67595e-09 0.000112349)
(7.21411e-10 -3.05774e-09 0.000128937)
(-7.21204e-10 -3.94612e-09 0.000135781)
(-2.01301e-09 -3.56168e-09 0.00013578)
(-2.8504e-09 -3.26615e-09 0.000128936)
(6.43512e-10 -7.37279e-10 0.000112348)
(1.31635e-09 1.03315e-09 8.16269e-05)
(-5.36982e-10 -1.28748e-10 3.44766e-05)
(-1.96859e-09 7.07658e-09 4.49618e-05)
(1.39807e-09 1.64937e-09 0.000100996)
(2.26678e-09 -1.18791e-09 0.000130795)
(1.42622e-09 -1.94477e-09 0.000142988)
(6.79548e-11 -5.65941e-10 0.000146868)
(-2.1131e-09 -1.09971e-09 0.000146868)
(-2.85033e-09 -2.29595e-09 0.000142988)
(-3.30781e-09 -1.15053e-09 0.000130795)
(-1.26273e-09 -2.65847e-09 0.000100997)
(1.62216e-09 1.70304e-09 4.49628e-05)
(3.5359e-10 4.94817e-09 5.06808e-05)
(3.42402e-09 3.2896e-10 0.000110384)
(3.02073e-09 3.96698e-10 0.000138064)
(1.39957e-09 -1.08101e-09 0.000147257)
(1.07751e-09 -1.56668e-10 0.000149555)
(5.78529e-10 -6.50381e-10 0.000149555)
(2.56696e-10 -1.35039e-09 0.000147257)
(-1.01827e-09 -1.47793e-10 0.000138064)
(-2.12312e-09 -2.60836e-09 0.000110385)
(-4.03419e-10 9.60131e-10 5.0681e-05)
(5.27185e-10 2.11296e-09 5.06811e-05)
(3.26558e-09 -1.78821e-09 0.000110384)
(3.04275e-09 1.82116e-09 0.000138063)
(1.059e-09 -6.30772e-10 0.000147257)
(1.66347e-09 -5.37241e-11 0.000149555)
(4.36922e-10 -3.21579e-11 0.000149555)
(-1.60843e-10 -5.78934e-10 0.000147257)
(-1.95656e-09 1.8821e-09 0.000138063)
(-1.95736e-09 -2.86097e-09 0.000110384)
(9.96873e-11 -4.22042e-10 5.06812e-05)
(-9.49396e-10 3.7738e-10 4.49622e-05)
(2.06699e-09 -5.00882e-09 0.000100996)
(4.81436e-09 3.09106e-09 0.000130794)
(1.37643e-09 -5.38164e-10 0.000142989)
(1.47524e-09 -4.61763e-10 0.000146868)
(-8.64426e-10 2.25587e-10 0.000146868)
(-2.48406e-09 8.01637e-11 0.000142988)
(-6.41274e-09 3.52384e-09 0.000130794)
(-3.47891e-09 -4.26066e-09 0.000100996)
(2.39626e-10 1.23835e-09 4.49625e-05)
(-5.48496e-11 -1.10957e-09 3.44753e-05)
(-1.14577e-09 -9.85483e-09 8.16254e-05)
(1.49427e-09 4.27118e-09 0.000112348)
(6.24296e-10 2.11774e-09 0.000128937)
(5.51306e-10 2.41136e-09 0.000135781)
(-7.66385e-10 3.80509e-09 0.000135781)
(-2.46611e-09 4.14988e-09 0.000128936)
(-2.6713e-09 5.43975e-09 0.000112348)
(-9.78525e-10 -9.99986e-09 8.16252e-05)
(-1.85684e-09 -1.50368e-09 3.44756e-05)
(-1.08424e-09 -4.80289e-09 2.10744e-05)
(-7.08797e-09 -6.78252e-09 5.33126e-05)
(-6.0137e-09 2.58209e-09 7.85696e-05)
(-1.01738e-09 9.42142e-10 9.57193e-05)
(-1.49267e-09 1.76106e-09 0.000104216)
(1.98351e-09 2.90079e-09 0.000104216)
(2.09548e-09 1.66806e-09 9.57186e-05)
(7.60305e-09 3.28277e-09 7.85694e-05)
(7.98863e-09 -5.5387e-09 5.33127e-05)
(1.98516e-09 -5.85149e-09 2.10745e-05)
(-4.50559e-09 -3.83783e-09 7.96079e-06)
(-6.1873e-09 -1.65645e-09 1.99926e-05)
(-4.21554e-09 -3.04893e-10 3.20547e-05)
(-2.19009e-09 -1.32096e-09 4.12622e-05)
(-3.80668e-09 -8.03643e-10 4.61615e-05)
(-2.63441e-11 -2.5755e-10 4.61613e-05)
(-2.40995e-10 -1.33312e-09 4.12622e-05)
(3.36471e-10 1.16068e-10 3.20546e-05)
(2.44496e-09 1.17867e-09 1.99928e-05)
(4.52492e-09 -3.53911e-09 7.96069e-06)
(-1.0295e-08 7.36057e-09 7.96103e-06)
(-1.88731e-09 -2.95748e-09 1.9993e-05)
(-2.23204e-09 3.49824e-09 3.20546e-05)
(-6.3392e-09 2.24993e-09 4.12618e-05)
(-1.49491e-09 2.1131e-10 4.61608e-05)
(-1.44454e-09 5.77127e-10 4.6161e-05)
(2.68685e-09 1.94061e-09 4.12618e-05)
(-1.5002e-09 9.54611e-10 3.20539e-05)
(-3.81169e-09 -6.46738e-09 1.9992e-05)
(6.11352e-09 4.09674e-09 7.96038e-06)
(-9.34044e-09 1.34256e-08 2.1075e-05)
(-1.10182e-08 3.30707e-09 5.33138e-05)
(-1.23246e-08 3.13342e-09 7.85703e-05)
(-6.20699e-09 -4.08855e-11 9.5718e-05)
(-2.62688e-09 -4.46217e-09 0.000104215)
(2.42996e-09 -3.64268e-09 0.000104215)
(4.14513e-09 7.68034e-10 9.57175e-05)
(8.92619e-09 3.18182e-09 7.85694e-05)
(5.04261e-09 -3.2892e-11 5.33125e-05)
(1.68361e-09 4.15844e-09 2.10748e-05)
(-3.31119e-09 1.18074e-08 3.44757e-05)
(-2.44406e-09 7.64948e-09 8.16257e-05)
(-1.00511e-09 -1.87619e-09 0.000112349)
(2.61666e-09 -4.43859e-09 0.000128937)
(1.0394e-09 -4.98353e-09 0.000135781)
(-4.29103e-10 -4.22123e-09 0.00013578)
(-1.99694e-09 -2.51103e-09 0.000128936)
(6.25494e-10 8.58218e-10 0.000112348)
(1.77169e-09 5.6103e-09 8.16248e-05)
(3.1572e-10 2.65506e-09 3.44756e-05)
(-1.00792e-09 6.24956e-09 4.49628e-05)
(4.26712e-09 3.45749e-09 0.000100997)
(4.71929e-09 -4.43604e-10 0.000130794)
(2.74599e-09 -2.18733e-09 0.000142989)
(2.02884e-09 -1.0622e-09 0.000146868)
(-1.20503e-09 -5.46065e-10 0.000146868)
(-2.05899e-09 -9.95198e-10 0.000142988)
(-3.67112e-09 -7.42521e-10 0.000130793)
(-1.72706e-09 -9.7827e-10 0.000100997)
(2.20438e-09 2.05299e-09 4.49627e-05)
(6.67119e-10 3.06305e-09 5.06813e-05)
(4.15616e-09 1.62007e-09 0.000110385)
(3.13786e-09 1.33244e-09 0.000138064)
(1.14727e-09 -3.79299e-10 0.000147257)
(1.02171e-09 -4.00519e-10 0.000149555)
(-4.45996e-10 -3.76978e-10 0.000149555)
(-7.62695e-10 -1.04851e-09 0.000147257)
(-2.24344e-09 -9.49941e-11 0.000138063)
(-2.76182e-09 -1.86402e-09 0.000110385)
(-1.6726e-10 1.16148e-09 5.06811e-05)
(-1.09477e-11 2.12884e-09 5.06812e-05)
(3.03745e-09 -2.7379e-10 0.000110385)
(3.29631e-09 2.06922e-09 0.000138063)
(1.55203e-09 -8.98945e-11 0.000147257)
(1.93078e-09 2.26571e-10 0.000149555)
(-3.74072e-10 5.07722e-10 0.000149555)
(-2.96025e-10 -1.31287e-10 0.000147257)
(-2.53319e-09 1.18712e-09 0.000138063)
(-2.04383e-09 -3.60892e-09 0.000110385)
(7.72501e-10 -5.50587e-10 5.06808e-05)
(-1.12164e-09 7.89104e-10 4.49623e-05)
(2.67006e-09 -3.06522e-09 0.000100997)
(6.05067e-09 2.16959e-09 0.000130793)
(2.98752e-09 -3.40078e-10 0.000142989)
(2.152e-09 4.70442e-10 0.000146868)
(-6.83405e-10 1.32673e-09 0.000146868)
(-1.28328e-09 1.105e-09 0.000142989)
(-5.70073e-09 2.06831e-09 0.000130794)
(-2.3648e-09 -6.93971e-09 0.000100996)
(1.71033e-09 -5.61325e-11 4.49623e-05)
(1.25506e-09 1.40184e-10 3.44749e-05)
(3.9751e-11 -7.99159e-09 8.16252e-05)
(2.20503e-09 2.64603e-09 0.000112349)
(1.57063e-09 2.26791e-09 0.000128937)
(2.6361e-10 3.43038e-09 0.000135781)
(1.73398e-11 4.39172e-09 0.000135781)
(-9.97948e-10 4.89859e-09 0.000128937)
(-1.41739e-09 3.92807e-09 0.000112349)
(2.4636e-10 -1.36631e-08 8.1625e-05)
(-6.72348e-10 -4.20977e-09 3.44756e-05)
(1.73031e-09 -2.25748e-09 2.10743e-05)
(-5.68624e-09 -5.31009e-09 5.33135e-05)
(-7.97811e-09 4.11628e-10 7.85703e-05)
(-2.73748e-09 1.07782e-09 9.57178e-05)
(-2.33619e-09 2.54157e-09 0.000104215)
(2.85504e-09 2.83913e-09 0.000104215)
(4.28528e-09 1.50515e-09 9.57168e-05)
(1.17842e-08 2.49855e-09 7.85694e-05)
(1.19011e-08 -7.91474e-09 5.3313e-05)
(4.96461e-09 -9.84411e-09 2.10749e-05)
(-4.88555e-09 -3.56526e-09 7.9603e-06)
(-5.49079e-09 -1.34905e-09 1.99923e-05)
(-3.28019e-09 -1.01634e-09 3.20538e-05)
(-1.21342e-09 -1.16007e-09 4.12609e-05)
(-2.74905e-09 -6.75126e-10 4.61599e-05)
(1.65638e-09 -5.15401e-10 4.61602e-05)
(7.29523e-10 -1.91837e-09 4.12607e-05)
(1.87401e-09 4.92464e-10 3.20536e-05)
(6.34397e-09 8.69402e-11 1.99922e-05)
(6.92233e-09 -5.2276e-09 7.96059e-06)
(-3.97947e-09 2.22386e-09 7.96056e-06)
(8.38041e-09 -9.49525e-09 1.99928e-05)
(6.26838e-09 2.90897e-10 3.20556e-05)
(-7.23056e-10 1.80977e-09 4.12625e-05)
(1.24572e-09 -5.42335e-10 4.6162e-05)
(-4.46755e-10 -4.03139e-10 4.61617e-05)
(1.3983e-09 2.45795e-09 4.12623e-05)
(-5.49342e-09 1.90323e-09 3.20552e-05)
(-9.24678e-09 -8.73919e-09 1.99923e-05)
(3.95587e-09 2.48799e-09 7.96016e-06)
(-2.03017e-09 3.16503e-09 2.10742e-05)
(-6.38038e-10 -7.39249e-09 5.33122e-05)
(-1.69862e-09 -9.71013e-10 7.85709e-05)
(-4.9933e-10 2.46504e-09 9.57188e-05)
(-2.49216e-09 -1.30422e-09 0.000104217)
(-3.11176e-09 -6.04933e-10 0.000104217)
(-5.86475e-09 1.98646e-09 9.57187e-05)
(-2.8957e-09 2.09899e-10 7.85706e-05)
(-5.962e-09 -9.93669e-09 5.3312e-05)
(-3.73121e-09 -3.06729e-09 2.10737e-05)
(4.52809e-10 4.11222e-09 3.44753e-05)
(-1.51494e-09 1.03697e-09 8.16249e-05)
(-2.2671e-09 -4.31561e-09 0.000112348)
(1.2824e-09 -2.01553e-09 0.000128937)
(4.0842e-10 -8.04777e-10 0.000135781)
(-8.2811e-10 -4.46658e-10 0.000135781)
(-1.98692e-09 -2.24375e-09 0.000128937)
(1.77229e-09 -3.87307e-09 0.000112348)
(1.72755e-09 -1.64612e-09 8.16239e-05)
(-6.02319e-10 -7.86722e-11 3.44747e-05)
(-1.29473e-10 1.997e-09 4.49617e-05)
(3.3161e-09 -9.23969e-10 0.000100996)
(3.37671e-09 -2.49043e-09 0.000130792)
(1.16855e-09 -1.94336e-09 0.000142989)
(-3.5312e-11 3.92352e-10 0.000146868)
(-1.36703e-09 -1.70795e-10 0.000146868)
(-1.39561e-09 -2.28841e-09 0.000142989)
(-2.69741e-09 -2.32819e-09 0.000130792)
(-2.59807e-09 -2.63328e-09 0.000100996)
(2.59548e-10 1.51063e-09 4.49616e-05)
(-7.21062e-10 2.71667e-09 5.06807e-05)
(1.9367e-09 -1.22277e-09 0.000110385)
(1.86198e-09 4.93156e-10 0.000138062)
(-1.94433e-10 -5.77048e-10 0.000147258)
(8.3022e-11 6.52781e-10 0.000149555)
(-2.71646e-10 1.36028e-11 0.000149555)
(2.48878e-10 -7.6776e-10 0.000147257)
(-1.81581e-09 -3.21365e-11 0.000138061)
(-2.52144e-09 -3.01492e-09 0.000110385)
(-3.23477e-10 -2.98624e-10 5.06804e-05)
(-7.66077e-10 1.72651e-09 5.06806e-05)
(1.9185e-09 -2.50736e-09 0.000110386)
(2.52996e-09 1.98673e-09 0.000138062)
(-3.21986e-10 -3.52846e-10 0.000147257)
(4.93247e-10 2.0549e-10 0.000149555)
(1.03178e-10 2.0113e-10 0.000149555)
(3.08926e-10 1.534e-10 0.000147257)
(-1.87795e-09 2.251e-09 0.000138062)
(-6.63464e-10 -2.27934e-09 0.000110385)
(9.00662e-10 7.39573e-10 5.068e-05)
(3.39271e-11 1.86092e-09 4.49618e-05)
(2.63622e-09 -5.38775e-09 0.000100997)
(4.05977e-09 5.2079e-09 0.000130793)
(6.79147e-11 1.94137e-09 0.000142989)
(8.23955e-10 2.16481e-10 0.000146868)
(-1.47766e-10 2.32122e-10 0.000146868)
(1.68446e-10 8.97986e-10 0.000142989)
(-3.56243e-09 4.95262e-09 0.000130793)
(-3.08636e-09 -3.9941e-09 0.000100996)
(-5.37085e-10 2.28226e-09 4.49613e-05)
(8.45736e-10 -1.68953e-09 3.44756e-05)
(-2.97904e-09 -8.47086e-09 8.16249e-05)
(-1.98572e-09 7.71583e-09 0.000112349)
(1.10979e-10 3.42141e-09 0.000128937)
(9.85007e-10 1.22434e-10 0.000135781)
(7.84354e-10 2.57609e-10 0.000135781)
(1.00073e-09 3.58536e-09 0.000128937)
(1.12938e-09 9.32622e-09 0.000112349)
(-4.78127e-10 -4.98948e-09 8.16244e-05)
(-2.93484e-09 2.23948e-10 3.44748e-05)
(9.33401e-10 -2.0056e-09 2.10746e-05)
(-3.45772e-09 7.64682e-10 5.3312e-05)
(-5.78504e-10 7.5854e-09 7.85702e-05)
(2.923e-09 -8.95643e-10 9.57182e-05)
(-3.74758e-10 -1.28625e-09 0.000104216)
(1.0742e-09 -1.01725e-09 0.000104216)
(-3.0283e-09 3.71869e-10 9.57187e-05)
(-2.53666e-10 8.50152e-09 7.85706e-05)
(1.22522e-09 2.06504e-09 5.33118e-05)
(-3.57723e-10 -2.66992e-09 2.10743e-05)
(-1.06349e-09 -8.82752e-10 7.96046e-06)
(2.56507e-09 4.55173e-09 1.99923e-05)
(6.56351e-09 3.73605e-09 3.20549e-05)
(5.25588e-09 -1.23326e-09 4.12623e-05)
(2.74804e-10 -5.73902e-10 4.61616e-05)
(9.86846e-10 -5.97235e-10 4.61621e-05)
(-2.92104e-09 -1.67072e-09 4.12624e-05)
(-3.7474e-09 2.33277e-09 3.2055e-05)
(-5.95465e-10 2.63229e-09 1.99924e-05)
(1.57051e-09 -1.82431e-09 7.9605e-06)
(-1.36389e-08 1.05263e-08 7.96037e-06)
(-6.03272e-09 -7.43999e-11 1.99926e-05)
(-7.76867e-09 5.87553e-09 3.20547e-05)
(-9.70109e-09 1.40892e-09 4.12622e-05)
(-6.98817e-10 -1.75316e-10 4.61617e-05)
(-1.28836e-09 -2.43946e-10 4.61615e-05)
(5.80487e-09 1.29919e-09 4.1262e-05)
(1.07386e-09 2.98381e-09 3.20544e-05)
(-2.29791e-09 -5.52937e-09 1.99923e-05)
(9.48885e-09 6.59832e-09 7.96037e-06)
(-1.21888e-08 1.63803e-08 2.10746e-05)
(-1.17464e-08 4.61366e-09 5.33122e-05)
(-1.58433e-08 8.70386e-09 7.85688e-05)
(-8.08774e-09 -3.21245e-09 9.57183e-05)
(-1.99838e-09 -5.79846e-09 0.000104217)
(1.8027e-09 -4.92629e-09 0.000104217)
(8.26064e-09 -1.49848e-09 9.57188e-05)
(1.488e-08 9.13637e-09 7.85686e-05)
(7.58818e-09 1.66518e-09 5.33116e-05)
(6.33165e-09 9.29449e-09 2.10739e-05)
(-2.66902e-09 1.16093e-08 3.44757e-05)
(-1.62023e-10 4.68604e-09 8.16248e-05)
(-1.68468e-09 6.60005e-09 0.000112347)
(1.98821e-09 -6.95269e-09 0.000128937)
(-3.27179e-10 -7.03579e-09 0.000135781)
(-3.77371e-10 -6.10927e-09 0.000135781)
(-8.38799e-10 -5.82165e-09 0.000128936)
(4.0646e-09 9.90083e-09 0.000112347)
(2.4706e-10 6.02995e-09 8.16243e-05)
(-5.63804e-10 4.77009e-09 3.44753e-05)
(-1.11483e-09 6.69766e-09 4.49619e-05)
(2.58501e-09 9.35609e-10 0.000100996)
(4.26091e-09 3.46557e-09 0.000130793)
(4.40359e-09 -2.79741e-09 0.000142989)
(8.30951e-10 -2.24647e-09 0.000146868)
(-7.64907e-10 -2.11165e-09 0.000146868)
(-4.21582e-09 -2.38511e-09 0.000142989)
(-4.00301e-09 5.88261e-09 0.000130792)
(-2.12645e-09 -1.4204e-10 0.000100996)
(-1.07014e-10 2.61641e-10 4.49618e-05)
(1.25365e-09 3.10197e-09 5.06809e-05)
(3.32075e-09 1.27135e-10 0.000110385)
(2.59819e-09 7.12411e-10 0.000138063)
(2.14082e-09 -4.57883e-10 0.000147257)
(8.87799e-10 -5.23942e-10 0.000149555)
(3.337e-10 -2.42268e-10 0.000149555)
(-1.86763e-09 -7.70133e-10 0.000147257)
(-1.5759e-09 1.97357e-09 0.000138062)
(-9.69763e-10 -1.68514e-09 0.000110385)
(-7.4236e-10 -4.92808e-10 5.0681e-05)
(1.02361e-09 5.15861e-10 5.06813e-05)
(2.81217e-09 5.62676e-10 0.000110385)
(2.16777e-09 1.90601e-09 0.000138063)
(1.02172e-09 -3.0677e-10 0.000147257)
(6.08002e-10 3.20925e-10 0.000149555)
(-3.94659e-10 3.44748e-10 0.000149555)
(-1.48261e-09 -2.96577e-10 0.000147256)
(-1.97647e-09 8.76376e-10 0.000138062)
(-2.1101e-09 -2.24995e-09 0.000110385)
(-2.43595e-10 -4.08076e-09 5.06809e-05)
(-1.34387e-09 -1.11596e-09 4.49625e-05)
(1.98733e-09 1.25621e-09 0.000100997)
(4.12248e-09 8.16312e-10 0.000130793)
(2.47733e-09 1.18e-09 0.000142989)
(2.12435e-09 1.81125e-09 0.000146868)
(5.59412e-10 1.88683e-09 0.000146868)
(-1.20579e-09 4.3222e-10 0.000142988)
(-4.21325e-09 -1.60632e-09 0.000130793)
(-2.4569e-09 -4.42508e-09 0.000100996)
(2.34988e-09 -7.39484e-09 4.4962e-05)
(3.67682e-10 -6.29921e-10 3.44759e-05)
(1.93329e-09 -2.59478e-09 8.16249e-05)
(2.15785e-09 3.24039e-11 0.000112347)
(2.30119e-09 2.53982e-09 0.000128936)
(2.60424e-09 3.38197e-09 0.000135781)
(2.72622e-09 4.50227e-09 0.000135781)
(2.60592e-09 3.82388e-09 0.000128937)
(2.18959e-09 -1.1858e-10 0.000112348)
(2.71056e-09 -1.08391e-08 8.16248e-05)
(4.61511e-09 -1.2279e-08 3.44753e-05)
(4.9433e-10 -3.38582e-09 2.10743e-05)
(-3.31889e-09 -3.89733e-09 5.33114e-05)
(-6.493e-09 -5.42528e-10 7.85688e-05)
(-3.46383e-09 2.81116e-10 9.57184e-05)
(-1.42845e-09 2.29903e-09 0.000104217)
(3.27831e-09 3.08211e-09 0.000104217)
(7.16292e-09 9.38116e-10 9.57187e-05)
(1.45883e-08 -7.87055e-10 7.85698e-05)
(1.59508e-08 -8.84288e-09 5.33116e-05)
(1.16336e-08 -1.56647e-08 2.10741e-05)
(-6.2323e-09 -4.69661e-09 7.96032e-06)
(-5.51605e-09 -1.77684e-09 1.99919e-05)
(-2.88743e-09 -9.99077e-10 3.20543e-05)
(-1.67569e-09 -8.33793e-10 4.12622e-05)
(-1.55025e-09 1.73941e-10 4.61618e-05)
(2.28624e-09 -6.54006e-11 4.61619e-05)
(4.4088e-09 -2.69255e-09 4.12623e-05)
(6.53038e-09 -2.07174e-09 3.20547e-05)
(1.07056e-08 -2.21367e-09 1.99921e-05)
(1.25784e-08 -9.69252e-09 7.96043e-06)
(-1.52288e-09 1.57064e-09 7.96064e-06)
(1.01485e-08 -9.60172e-09 1.99925e-05)
(5.6624e-09 8.18231e-10 3.20538e-05)
(-4.40095e-11 3.29037e-10 4.12617e-05)
(2.14483e-09 -7.2246e-10 4.61611e-05)
(4.03852e-10 -5.59499e-10 4.61613e-05)
(3.20383e-09 2.65109e-09 4.1262e-05)
(-3.77824e-09 2.92432e-09 3.20542e-05)
(-7.54583e-09 -6.74582e-09 1.99927e-05)
(1.75865e-09 5.43274e-10 7.96063e-06)
(6.37338e-10 1.28701e-09 2.10746e-05)
(1.36981e-09 -8.5419e-09 5.3313e-05)
(-1.22724e-09 -7.97767e-10 7.85683e-05)
(1.74508e-09 5.38643e-10 9.57175e-05)
(-5.11723e-10 -1.22587e-09 0.000104216)
(-6.25383e-10 -1.24082e-09 0.000104216)
(-3.10851e-09 2.55966e-09 9.57176e-05)
(-1.10002e-09 1.30586e-09 7.85678e-05)
(-5.47522e-09 -8.66716e-09 5.33129e-05)
(-4.81833e-09 -3.17507e-09 2.10752e-05)
(2.01761e-09 7.52577e-10 3.44754e-05)
(5.95759e-10 -9.07766e-10 8.16264e-05)
(-6.78602e-10 -4.30164e-09 0.000112349)
(2.25991e-09 -2.85498e-09 0.000128936)
(1.2282e-09 -1.03398e-09 0.00013578)
(3.27355e-10 -1.18465e-09 0.00013578)
(-6.68379e-10 -1.09985e-09 0.000128936)
(2.68454e-09 -2.44587e-09 0.000112349)
(2.3998e-09 -2.00569e-09 8.16271e-05)
(-4.46359e-10 -3.12361e-10 3.44768e-05)
(-3.22742e-10 1.21729e-09 4.49617e-05)
(2.57829e-09 -2.00669e-09 0.000100997)
(2.9401e-09 -2.64254e-09 0.000130794)
(1.49748e-09 -2.49807e-09 0.000142989)
(5.01089e-10 1.35958e-10 0.000146868)
(-1.07154e-09 -3.37487e-10 0.000146868)
(-1.37902e-09 -9.49776e-10 0.000142989)
(-2.1977e-09 -1.59936e-09 0.000130794)
(-2.09381e-09 -2.39422e-09 0.000100997)
(2.99694e-10 1.34825e-09 4.49628e-05)
(-6.37351e-10 2.98649e-09 5.06809e-05)
(1.1793e-09 -1.77734e-09 0.000110384)
(7.81307e-10 1.52126e-10 0.000138063)
(-6.3782e-10 -5.48659e-10 0.000147257)
(-1.08607e-10 8.52564e-10 0.000149555)
(-3.09224e-10 1.46731e-10 0.000149555)
(2.20909e-10 -3.44383e-10 0.000147257)
(-6.36108e-10 -2.18456e-11 0.000138064)
(-1.0967e-09 -1.80928e-09 0.000110385)
(1.60822e-10 1.31545e-09 5.06817e-05)
(-2.21449e-10 1.76838e-09 5.06808e-05)
(1.98148e-09 -1.51596e-09 0.000110384)
(1.79992e-09 2.32665e-09 0.000138063)
(-1.10988e-09 -6.07363e-10 0.000147257)
(-4.64003e-10 2.3219e-10 0.000149555)
(-9.77816e-11 -3.27814e-10 0.000149555)
(5.62188e-10 -1.95747e-10 0.000147257)
(-1.57957e-09 2.31282e-09 0.000138063)
(-8.02132e-10 -6.4579e-10 0.000110385)
(8.61511e-10 1.87999e-09 5.06814e-05)
(1.09852e-09 3.25392e-09 4.49615e-05)
(3.69978e-09 -3.44351e-09 0.000100996)
(4.70861e-09 4.80112e-09 0.000130793)
(1.03187e-09 1.08798e-09 0.000142989)
(4.15186e-10 4.81042e-10 0.000146868)
(-1.36927e-09 -2.88587e-10 0.000146869)
(-1.35857e-09 7.5179e-10 0.000142989)
(-4.75503e-09 3.21681e-09 0.000130793)
(-3.97672e-09 -2.2191e-09 0.000100996)
(-9.63338e-10 4.15776e-09 4.4962e-05)
(2.55805e-09 -6.10002e-10 3.44747e-05)
(-5.84089e-10 -6.0703e-09 8.16251e-05)
(-1.05658e-09 7.13212e-09 0.000112348)
(2.27076e-10 2.2917e-09 0.000128937)
(6.49264e-11 9.88255e-10 0.000135781)
(-4.06324e-10 6.85391e-10 0.000135781)
(-1.07614e-09 2.52867e-09 0.000128937)
(-4.90431e-10 6.15738e-09 0.000112348)
(-1.32333e-09 -4.44156e-09 8.16252e-05)
(-3.833e-09 2.49649e-09 3.44749e-05)
(3.89322e-10 -2.92314e-09 2.10743e-05)
(-1.57858e-09 3.05747e-09 5.33127e-05)
(-5.23771e-10 6.3852e-09 7.85697e-05)
(2.7255e-09 -1.13843e-09 9.57183e-05)
(4.50865e-11 -5.135e-10 0.000104216)
(1.71934e-09 -7.48719e-10 0.000104216)
(-2.43735e-09 -8.77245e-10 9.57176e-05)
(-3.39406e-10 4.81194e-09 7.85689e-05)
(-7.80327e-11 1.62533e-09 5.33118e-05)
(-3.52114e-09 1.36708e-09 2.10738e-05)
(-1.65121e-09 -1.62037e-09 7.96032e-06)
(4.03107e-09 5.70419e-09 1.99925e-05)
(6.5803e-09 2.75359e-09 3.20544e-05)
(5.28944e-09 -9.32228e-10 4.12618e-05)
(1.03869e-09 -5.68398e-10 4.6161e-05)
(1.50471e-09 -8.43314e-10 4.61609e-05)
(-2.411e-09 -1.79922e-09 4.12615e-05)
(-4.37409e-09 1.27241e-09 3.20538e-05)
(-3.91875e-09 4.46056e-09 1.99917e-05)
(-2.11789e-09 1.8061e-09 7.96002e-06)
(-1.31707e-08 9.73082e-09 7.96051e-06)
(-2.95988e-09 -3.07218e-09 1.99923e-05)
(-9.75857e-10 2.31234e-09 3.20551e-05)
(-4.78957e-09 2.22357e-09 4.12624e-05)
(-2.42039e-10 -3.21971e-10 4.61622e-05)
(-6.48229e-10 -8.39292e-11 4.61624e-05)
(4.37891e-09 2.61548e-09 4.1263e-05)
(-5.56588e-10 3.43786e-09 3.20562e-05)
(-4.21514e-09 -6.12393e-09 1.99933e-05)
(4.4177e-09 2.61699e-09 7.96053e-06)
(-7.83077e-09 1.30726e-08 2.10736e-05)
(-7.73763e-09 3.52035e-10 5.33122e-05)
(-1.08958e-08 1.50924e-09 7.85714e-05)
(-5.35389e-09 6.06161e-10 9.57199e-05)
(-2.0418e-09 -3.89047e-09 0.000104218)
(1.46691e-09 -3.41667e-09 0.000104218)
(4.1629e-09 1.48796e-09 9.57199e-05)
(1.03518e-08 4.31511e-09 7.85716e-05)
(4.92339e-09 -3.85289e-10 5.33128e-05)
(8.83193e-10 3.68153e-09 2.10744e-05)
(-3.64918e-09 1.12096e-08 3.44747e-05)
(-2.26589e-09 5.19296e-09 8.16246e-05)
(-1.0906e-09 -3.22999e-09 0.000112349)
(1.40888e-09 -3.84749e-09 0.000128937)
(-5.09604e-10 -3.64344e-09 0.000135782)
(-1.62842e-09 -3.90119e-09 0.000135782)
(-3.23918e-09 -2.42323e-09 0.000128938)
(-2.49369e-10 -5.31282e-10 0.000112349)
(1.73888e-09 5.67837e-09 8.16248e-05)
(5.7078e-10 4.1107e-09 3.4475e-05)
(-1.18333e-09 5.56639e-09 4.49614e-05)
(2.78944e-09 2.20766e-09 0.000100996)
(3.32189e-09 -1.53761e-09 0.000130792)
(1.19125e-09 -2.07335e-09 0.000142989)
(-2.09079e-10 -1.83253e-10 0.000146868)
(-1.92134e-09 -8.55688e-10 0.000146869)
(-2.82543e-09 -5.78911e-10 0.000142989)
(-3.89709e-09 -3.82393e-10 0.000130792)
(-1.55535e-09 4.00759e-10 0.000100997)
(1.67069e-09 3.05087e-09 4.4962e-05)
(3.28156e-10 2.3015e-09 5.06808e-05)
(3.41226e-09 -7.38064e-11 0.000110385)
(2.86585e-09 4.17696e-10 0.000138061)
(1.05584e-09 -9.87018e-10 0.000147257)
(7.8542e-10 1.15245e-10 0.000149555)
(8.57722e-11 1.3288e-10 0.000149555)
(-2.27484e-11 -2.41029e-10 0.000147257)
(-1.67181e-09 3.24328e-10 0.000138062)
(-2.18537e-09 -1.26567e-09 0.000110385)
(-1.6022e-10 1.52652e-09 5.06807e-05)
(-9.81697e-11 9.31508e-10 5.06806e-05)
(2.61753e-09 -2.54472e-09 0.000110385)
(2.68776e-09 1.77783e-09 0.000138062)
(-2.21379e-10 -7.22147e-10 0.000147257)
(-1.08685e-10 2.99922e-10 0.000149555)
(-9.80136e-10 2.2118e-10 0.000149555)
(-1.23722e-09 -2.80514e-10 0.000147257)
(-2.76569e-09 1.69101e-09 0.000138062)
(-1.72693e-09 -3.72585e-09 0.000110385)
(3.11676e-10 -5.16733e-10 5.06802e-05)
(-1.48475e-09 -8.35126e-10 4.49617e-05)
(1.53856e-09 -6.27302e-09 0.000100996)
(5.10322e-09 3.21791e-09 0.000130793)
(1.7618e-09 4.94168e-10 0.000142989)
(1.37063e-09 1.56935e-09 0.000146869)
(-1.02167e-09 1.0126e-09 0.000146868)
(-1.72211e-09 7.8183e-10 0.000142989)
(-5.51824e-09 2.73491e-09 0.000130792)
(-2.14194e-09 -7.63127e-09 0.000100996)
(1.78554e-09 -1.12097e-09 4.4961e-05)
(3.09187e-10 -1.27325e-09 3.44748e-05)
(-1.84219e-09 -1.09183e-08 8.16235e-05)
(1.2026e-09 3.78385e-09 0.000112348)
(9.7191e-10 2.39637e-09 0.000128937)
(3.85239e-10 3.76762e-09 0.000135781)
(2.59041e-10 4.27056e-09 0.000135781)
(-6.39417e-11 4.93526e-09 0.000128937)
(-1.5068e-10 5.5895e-09 0.000112349)
(9.45188e-10 -1.31634e-08 8.16242e-05)
(2.54008e-10 -5.91844e-09 3.44747e-05)
(1.01928e-09 -3.04244e-09 2.10741e-05)
(-7.03083e-09 -7.08939e-09 5.3311e-05)
(-8.06919e-09 1.67527e-09 7.85707e-05)
(-3.05022e-09 -1.5323e-10 9.57191e-05)
(-2.12377e-09 2.34925e-09 0.000104217)
(2.71e-09 2.6497e-09 0.000104217)
(5.11615e-09 1.50341e-09 9.57192e-05)
(1.27236e-08 3.23673e-09 7.85711e-05)
(1.35808e-08 -7.84443e-09 5.33122e-05)
(6.52907e-09 -1.05336e-08 2.10744e-05)
(-4.91521e-09 -4.25434e-09 7.96047e-06)
(-5.52014e-09 -1.70857e-09 1.99926e-05)
(-2.60292e-09 2.25754e-10 3.20553e-05)
(-1.59914e-09 -1.96929e-09 4.12625e-05)
(-2.48138e-09 -4.79856e-10 4.61619e-05)
(1.67094e-09 -7.38272e-10 4.61619e-05)
(6.55821e-10 -2.01308e-09 4.12627e-05)
(2.19435e-09 3.90248e-11 3.20552e-05)
(5.46717e-09 5.87546e-10 1.99927e-05)
(6.56975e-09 -5.02863e-09 7.96051e-06)
(-1.32699e-10 -9.85137e-10 7.96023e-06)
(9.29988e-09 -8.21755e-09 1.99922e-05)
(3.53059e-09 2.26325e-09 3.20551e-05)
(-2.88461e-09 1.29702e-09 4.12624e-05)
(3.17137e-09 -7.82233e-10 4.61621e-05)
(-8.65184e-10 -6.93554e-10 4.6162e-05)
(5.18437e-09 2.38786e-09 4.12624e-05)
(-2.68339e-09 3.52057e-09 3.20551e-05)
(-8.46586e-09 -7.60199e-09 1.99924e-05)
(3.68829e-09 2.41711e-09 7.96029e-06)
(1.10178e-10 1.44509e-09 2.10743e-05)
(1.90217e-09 -7.53514e-09 5.33119e-05)
(-6.05889e-09 5.33294e-09 7.85703e-05)
(-1.85985e-09 -1.66633e-10 9.57193e-05)
(-1.31254e-10 -3.05045e-09 0.000104218)
(-2.28866e-09 -2.80647e-09 0.000104217)
(-4.29153e-10 5.30031e-10 9.57192e-05)
(3.54933e-09 7.12266e-09 7.85704e-05)
(-4.00202e-09 -7.71268e-09 5.33117e-05)
(-2.9965e-10 1.47743e-09 2.10738e-05)
(2.11737e-09 1.30933e-09 3.44751e-05)
(1.28382e-10 -1.15107e-09 8.1624e-05)
(-4.85927e-09 5.58554e-09 0.000112348)
(9.56068e-10 -5.18736e-09 0.000128937)
(-1.55974e-10 -3.42145e-09 0.000135782)
(-7.01128e-10 -3.13057e-09 0.000135782)
(-9.14117e-10 -4.35335e-09 0.000128938)
(4.87375e-09 7.18909e-09 0.000112348)
(2.82778e-10 -1.19759e-09 8.1624e-05)
(-2.12225e-09 7.31312e-10 3.44744e-05)
(1.6867e-09 -9.82446e-10 4.49618e-05)
(2.32204e-09 -8.82111e-10 0.000100996)
(2.57432e-09 4.06567e-09 0.000130792)
(2.72142e-09 -3.29759e-09 0.000142989)
(-8.00933e-10 -1.36998e-09 0.000146868)
(-8.36423e-10 -1.42272e-09 0.000146869)
(-4.42014e-09 -3.26531e-09 0.000142989)
(-3.2131e-09 4.43454e-09 0.000130791)
(-2.55044e-09 -2.15897e-09 0.000100996)
(-1.8904e-09 -1.06451e-09 4.49616e-05)
(5.82761e-10 1.16209e-09 5.06808e-05)
(2.94752e-11 1.88247e-10 0.000110385)
(1.02289e-09 1.9544e-09 0.000138061)
(1.55622e-09 -1.1521e-09 0.000147257)
(-5.59613e-10 9.69899e-11 0.000149555)
(-1.77621e-10 1.77256e-11 0.000149555)
(-2.0598e-09 -1.09029e-09 0.000147257)
(-1.44557e-09 1.93357e-09 0.000138061)
(-1.29016e-09 -1.86059e-09 0.000110385)
(-1.45846e-09 -5.7028e-10 5.06804e-05)
(2.23921e-10 -3.33971e-10 5.06809e-05)
(2.75257e-10 7.73369e-10 0.000110385)
(1.59765e-09 1.38403e-09 0.000138062)
(1.20186e-09 -9.80405e-10 0.000147257)
(-3.39664e-10 3.32197e-10 0.000149555)
(-1.00451e-10 8.23764e-10 0.000149555)
(-1.17982e-09 -1.84616e-10 0.000147257)
(-1.63324e-09 2.32292e-09 0.000138062)
(-1.81251e-09 3.86254e-10 0.000110385)
(-9.39879e-10 -2.38292e-09 5.06804e-05)
(-1.85092e-10 1.92131e-10 4.4962e-05)
(3.16913e-09 1.0291e-09 0.000100997)
(4.08252e-09 1.41073e-09 0.000130793)
(8.1685e-10 1.75364e-09 0.000142989)
(-1.99531e-10 1.7721e-09 0.000146868)
(-8.70763e-10 1.2002e-09 0.000146868)
(-1.20117e-09 8.69536e-10 0.000142989)
(-3.30667e-09 2.01682e-09 0.000130792)
(-3.54941e-09 7.92282e-10 0.000100996)
(1.87055e-10 -3.9692e-09 4.49614e-05)
(-7.30363e-11 -2.26794e-09 3.44756e-05)
(-3.06661e-10 -2.53562e-09 8.16244e-05)
(-1.96108e-09 2.51028e-09 0.000112348)
(-9.35085e-10 3.75257e-09 0.000128937)
(3.57946e-10 2.58551e-09 0.000135781)
(-6.04871e-11 1.34991e-09 0.000135781)
(1.1141e-09 2.09861e-09 0.000128937)
(1.15922e-09 4.417e-09 0.000112349)
(7.35296e-11 -6.90024e-10 8.1625e-05)
(2.30468e-09 -6.43945e-09 3.44757e-05)
(-2.26178e-09 -3.17343e-09 2.10743e-05)
(-2.58886e-09 1.82564e-09 5.33113e-05)
(-1.25085e-09 4.18337e-09 7.85704e-05)
(1.42737e-09 3.21558e-10 9.57187e-05)
(5.27923e-10 -8.49293e-11 0.000104216)
(1.63376e-09 -9.27556e-10 0.000104216)
(3.61044e-11 -1.40107e-09 9.57186e-05)
(-7.55012e-12 4.9063e-09 7.85704e-05)
(1.65452e-09 3.88959e-09 5.33121e-05)
(4.11509e-09 -5.62084e-09 2.10751e-05)
(-1.4518e-09 -5.37508e-10 7.96064e-06)
(1.23556e-09 3.07337e-09 1.99924e-05)
(5.537e-09 2.50359e-09 3.2055e-05)
(4.55432e-09 -5.35852e-10 4.12623e-05)
(1.52954e-09 -8.37777e-10 4.61617e-05)
(1.41487e-09 -1.17873e-09 4.61616e-05)
(-1.83943e-09 -1.76418e-09 4.12625e-05)
(-4.90203e-09 1.83025e-09 3.20552e-05)
(-7.13397e-10 3.27875e-09 1.99927e-05)
(4.73089e-09 -3.25151e-09 7.9607e-06)
(-1.39003e-08 1.04561e-08 7.96056e-06)
(-1.12075e-09 -3.31262e-09 1.99928e-05)
(-3.22644e-09 3.78747e-09 3.20553e-05)
(-6.89115e-09 8.56146e-10 4.12635e-05)
(1.74264e-09 -6.14411e-10 4.61624e-05)
(-3.89897e-10 -3.34341e-12 4.61622e-05)
(8.48368e-09 2.60459e-09 4.12623e-05)
(2.61986e-09 4.62439e-09 3.2054e-05)
(-6.35057e-10 -4.41976e-09 1.99922e-05)
(1.17857e-08 8.40249e-09 7.96044e-06)
(-1.07282e-08 1.26853e-08 2.10747e-05)
(-8.45804e-09 7.36985e-10 5.33124e-05)
(-1.17623e-08 6.18992e-09 7.85687e-05)
(-5.674e-09 -3.06305e-09 9.57197e-05)
(1.84029e-10 -5.51714e-09 0.000104218)
(3.08994e-09 -4.61897e-09 0.000104217)
(1.00654e-08 -8.52058e-11 9.57191e-05)
(1.55867e-08 1.06419e-08 7.85682e-05)
(6.94277e-09 1.57118e-09 5.33123e-05)
(6.09244e-09 9.45824e-09 2.10752e-05)
(-3.44655e-09 9.91704e-09 3.44755e-05)
(-1.95154e-09 3.97162e-09 8.16256e-05)
(-3.83424e-09 6.04008e-09 0.000112348)
(5.4368e-10 -7.06451e-09 0.000128936)
(-3.37795e-10 -6.70581e-09 0.000135781)
(-2.34539e-10 -6.09526e-09 0.000135781)
(-1.42415e-09 -5.21098e-09 0.000128936)
(3.17552e-09 1.02852e-08 0.000112348)
(1.94172e-10 5.81828e-09 8.16262e-05)
(-3.2915e-10 5.07504e-09 3.44763e-05)
(-4.3245e-10 6.27338e-09 4.49611e-05)
(1.6713e-09 1.3897e-09 0.000100996)
(2.91617e-09 3.7245e-09 0.000130793)
(4.45416e-09 -3.92075e-09 0.000142988)
(1.88208e-10 -3.03904e-09 0.000146868)
(-1.09127e-09 -2.07965e-09 0.000146868)
(-5.07968e-09 -1.81932e-09 0.000142988)
(-3.91774e-09 6.86181e-09 0.000130794)
(-1.83975e-09 -5.07035e-11 0.000100996)
(-6.93146e-10 5.56367e-10 4.4962e-05)
(1.41902e-09 3.49806e-09 5.068e-05)
(2.28674e-09 1.8796e-10 0.000110383)
(2.59242e-09 8.42753e-10 0.000138062)
(3.41724e-09 -2.02812e-09 0.000147256)
(6.61719e-10 -8.59517e-10 0.000149555)
(7.31671e-11 -4.14373e-10 0.000149555)
(-2.18881e-09 -3.07529e-10 0.000147256)
(-1.22537e-09 2.48483e-09 0.000138063)
(-1.38118e-09 -1.31145e-09 0.000110384)
(-1.52406e-09 -1.63313e-10 5.06809e-05)
(1.0927e-09 1.00775e-09 5.06806e-05)
(2.66206e-09 5.21755e-10 0.000110383)
(2.8501e-09 5.93344e-10 0.000138062)
(2.74421e-09 -9.44598e-10 0.000147256)
(6.23682e-10 1.16875e-10 0.000149555)
(-2.49312e-10 6.29513e-11 0.000149555)
(-1.26737e-09 -5.06429e-10 0.000147257)
(-2.02375e-09 2.19871e-09 0.000138063)
(-2.71723e-09 -1.65959e-09 0.000110384)
(-1.22989e-09 -3.97927e-09 5.06811e-05)
(-1.00625e-09 -1.06987e-09 4.49611e-05)
(2.29575e-09 -2.22294e-11 0.000100995)
(4.21287e-09 -1.8819e-10 0.000130793)
(2.56304e-09 2.49388e-10 0.000142988)
(1.23968e-09 2.06371e-09 0.000146868)
(-7.09274e-10 1.74078e-09 0.000146868)
(-2.25807e-09 6.50915e-10 0.000142989)
(-4.82984e-09 1.23438e-09 0.000130793)
(-2.36278e-09 -3.17193e-09 0.000100995)
(2.33923e-09 -7.0355e-09 4.49612e-05)
(-9.88983e-10 -1.98019e-09 3.4475e-05)
(1.54755e-09 -4.46775e-09 8.16248e-05)
(2.6648e-09 1.20686e-10 0.000112347)
(1.51027e-09 2.84132e-09 0.000128936)
(1.47742e-09 4.68093e-09 0.000135781)
(5.92134e-10 4.51027e-09 0.000135781)
(7.6075e-10 3.9072e-09 0.000128937)
(5.97188e-10 1.84332e-09 0.000112348)
(2.91825e-09 -9.27875e-09 8.16248e-05)
(4.85107e-09 -1.05842e-08 3.44749e-05)
(-5.74696e-10 -4.3392e-09 2.10739e-05)
(-3.53672e-09 -4.21405e-09 5.33108e-05)
(-5.73878e-09 -4.58789e-10 7.85687e-05)
(-2.23701e-09 1.12934e-09 9.57193e-05)
(1.26498e-10 3.36381e-09 0.000104218)
(4.03273e-09 2.68712e-09 0.000104218)
(6.82478e-09 6.77045e-10 9.57209e-05)
(1.1917e-08 -1.11601e-10 7.85707e-05)
(1.3356e-08 -7.27435e-09 5.33126e-05)
(8.64772e-09 -1.12449e-08 2.10741e-05)
(-7.63068e-09 -5.73314e-09 7.96039e-06)
(-6.50887e-09 -1.86357e-09 1.99926e-05)
(-4.45471e-09 -1.33394e-09 3.20555e-05)
(-2.11627e-09 -1.31243e-09 4.12636e-05)
(-1.12138e-09 1.30575e-10 4.61632e-05)
(1.73214e-09 -2.57427e-10 4.61633e-05)
(3.21938e-09 -2.00686e-09 4.12642e-05)
(3.80213e-09 -1.62381e-09 3.20565e-05)
(6.57705e-09 -1.02177e-09 1.99936e-05)
(8.75119e-09 -6.73443e-09 7.96075e-06)
(-1.32596e-08 9.35768e-09 7.96068e-06)
(1.32574e-10 -5.02265e-09 1.99926e-05)
(-6.31401e-10 2.88588e-09 3.20544e-05)
(-6.10335e-09 2.28506e-09 4.12618e-05)
(-6.14245e-10 -9.92087e-10 4.6161e-05)
(-9.72287e-10 -3.85881e-10 4.61608e-05)
(3.23928e-09 2.43732e-09 4.12612e-05)
(-3.79417e-09 1.28478e-09 3.20533e-05)
(-7.6898e-09 -7.71519e-09 1.9992e-05)
(3.60656e-09 2.1748e-09 7.96038e-06)
(-6.69487e-09 1.05314e-08 2.10745e-05)
(-5.05755e-09 -2.35029e-09 5.3313e-05)
(-7.08307e-09 7.96594e-10 7.85686e-05)
(-2.75962e-09 -2.49833e-10 9.57181e-05)
(-1.44019e-09 -4.54335e-09 0.000104216)
(-1.96569e-10 -3.61695e-09 0.000104216)
(1.41084e-10 1.31155e-09 9.57176e-05)
(4.09124e-09 2.69537e-09 7.85676e-05)
(-7.87136e-10 -4.01968e-09 5.33125e-05)
(-2.40168e-09 -3.61779e-10 2.10751e-05)
(-1.8361e-09 8.18169e-09 3.44754e-05)
(1.20373e-11 2.83546e-09 8.16253e-05)
(8.8047e-10 -4.36819e-09 0.000112348)
(3.45005e-09 -4.20778e-09 0.000128936)
(1.12168e-09 -4.08064e-09 0.00013578)
(-8.65313e-10 -3.5076e-09 0.00013578)
(-2.59635e-09 -2.24596e-09 0.000128936)
(5.99686e-10 -2.52836e-10 0.000112349)
(1.96933e-09 3.09292e-09 8.16273e-05)
(-4.34423e-10 6.9185e-10 3.44769e-05)
(-7.07645e-10 5.31211e-09 4.49612e-05)
(3.75769e-09 -2.06276e-10 0.000100995)
(4.59287e-09 -3.1002e-09 0.000130794)
(3.17506e-09 -2.4111e-09 0.000142988)
(1.15513e-09 -1.01586e-09 0.000146868)
(-8.02998e-10 -9.92872e-10 0.000146868)
(-2.40707e-09 -6.53361e-10 0.000142989)
(-3.58011e-09 -1.21788e-09 0.000130795)
(-9.03208e-10 -1.61343e-09 0.000100998)
(1.50276e-09 1.67132e-09 4.49633e-05)
(4.87699e-10 3.91225e-09 5.06802e-05)
(3.58418e-09 -1.26983e-09 0.000110383)
(2.83237e-09 -1.06991e-09 0.000138063)
(1.5214e-09 -1.82121e-09 0.000147255)
(1.06958e-09 -2.77202e-10 0.000149554)
(3.84928e-10 -9.34848e-10 0.000149555)
(3.82782e-10 -5.00711e-10 0.000147257)
(-3.00099e-10 -1.59619e-10 0.000138064)
(-1.2345e-09 -1.96942e-09 0.000110385)
(-3.99193e-10 1.44449e-09 5.06818e-05)
(2.19735e-10 1.48798e-09 5.06808e-05)
(3.31018e-09 -2.75798e-09 0.000110383)
(3.84519e-09 6.95796e-10 0.000138063)
(1.94027e-09 -1.28555e-09 0.000147256)
(1.28363e-09 -6.90933e-11 0.000149555)
(-1.86201e-10 -3.33646e-10 0.000149555)
(6.32682e-11 -5.53932e-10 0.000147257)
(-2.26814e-09 1.49943e-09 0.000138064)
(-1.95696e-09 -3.01879e-09 0.000110385)
(3.99551e-10 -3.91267e-10 5.06822e-05)
(-9.65064e-10 1.96633e-10 4.49613e-05)
(2.49727e-09 -5.88822e-09 0.000100995)
(5.8884e-09 2.20348e-09 0.000130793)
(2.55148e-09 3.62504e-10 0.000142988)
(1.55764e-09 9.00902e-10 0.000146867)
(-4.31231e-10 8.75055e-10 0.000146867)
(-1.5935e-09 3.4704e-10 0.000142989)
(-5.91754e-09 2.62961e-09 0.000130794)
(-2.57166e-09 -6.56354e-09 0.000100996)
(8.76565e-10 2.32631e-10 4.49627e-05)
(1.62e-09 -1.35416e-10 3.44747e-05)
(-9.27239e-11 -1.07698e-08 8.16246e-05)
(2.36861e-09 2.71923e-09 0.000112348)
(2.43767e-09 3.10739e-09 0.000128936)
(1.47618e-09 3.66739e-09 0.00013578)
(5.67575e-10 4.22783e-09 0.00013578)
(-9.56001e-10 4.4066e-09 0.000128937)
(-1.59161e-09 4.41315e-09 0.000112348)
(7.92579e-10 -1.31594e-08 8.1626e-05)
(-8.19233e-10 -3.18378e-09 3.44759e-05)
(-5.68864e-10 -5.03379e-09 2.10738e-05)
(-6.61502e-09 -7.77993e-09 5.33121e-05)
(-6.69539e-09 1.0793e-09 7.85689e-05)
(-1.99839e-09 1.59465e-09 9.5718e-05)
(-1.94743e-09 3.37418e-09 0.000104216)
(2.66423e-09 3.60875e-09 0.000104216)
(3.32077e-09 1.82999e-09 9.57188e-05)
(9.31676e-09 1.90763e-09 7.85699e-05)
(1.12653e-08 -9.73211e-09 5.33132e-05)
(3.78468e-09 -7.99341e-09 2.10745e-05)
(-7.2385e-09 -5.53152e-09 7.96004e-06)
(-7.83146e-09 -2.14955e-09 1.99924e-05)
(-5.69836e-09 -7.39192e-10 3.20544e-05)
(-2.81148e-09 -2.28839e-10 4.1262e-05)
(-2.10601e-09 3.47152e-10 4.61614e-05)
(1.83016e-09 4.71239e-10 4.61612e-05)
(2.56751e-09 -1.27545e-09 4.12622e-05)
(5.19792e-09 -1.08887e-09 3.20547e-05)
(7.98626e-09 -2.96759e-09 1.99929e-05)
(4.94827e-09 -4.0218e-09 7.96047e-06)
(-1.37826e-08 9.84396e-09 7.95993e-06)
(-1.14281e-09 -4.06725e-09 1.99912e-05)
(-6.61905e-10 2.49342e-09 3.20531e-05)
(-4.29677e-09 1.98206e-09 4.12607e-05)
(5.64976e-10 4.30683e-10 4.61604e-05)
(-8.44668e-10 6.82292e-11 4.61608e-05)
(3.1082e-09 2.13574e-09 4.12615e-05)
(-2.00248e-09 2.24293e-09 3.20538e-05)
(-5.27232e-09 -7.1186e-09 1.99922e-05)
(6.58147e-09 4.33582e-09 7.96034e-06)
(-9.40436e-09 1.33366e-08 2.10741e-05)
(-1.03435e-08 1.5797e-09 5.33115e-05)
(-1.0443e-08 3.39196e-10 7.85682e-05)
(-3.89992e-09 -1.76407e-09 9.57166e-05)
(-1.53113e-09 -3.90115e-09 0.000104215)
(2.0277e-09 -3.52254e-09 0.000104215)
(2.42384e-09 1.58625e-09 9.57176e-05)
(7.10716e-09 3.53675e-09 7.8569e-05)
(3.02801e-09 -2.38784e-09 5.33128e-05)
(6.59326e-10 2.70413e-09 2.10744e-05)
(-3.80978e-09 1.19301e-08 3.44754e-05)
(-1.93324e-09 6.70608e-09 8.16234e-05)
(-1.01605e-09 -4.00639e-09 0.000112348)
(2.46644e-09 -5.83417e-09 0.000128936)
(3.25154e-10 -4.05959e-09 0.00013578)
(-1.29331e-09 -3.51433e-09 0.000135781)
(-3.80783e-09 -1.70493e-09 0.000128937)
(-6.86971e-10 1.32041e-10 0.000112348)
(1.4565e-09 4.16701e-09 8.16261e-05)
(-7.78747e-10 2.09878e-09 3.44755e-05)
(-1.53765e-09 6.65048e-09 4.4962e-05)
(4.52709e-09 2.46928e-09 0.000100995)
(5.63443e-09 -3.309e-09 0.000130793)
(4.03569e-09 -3.98802e-09 0.000142989)
(2.40619e-09 -1.54876e-09 0.000146869)
(-4.00284e-10 -2.53579e-10 0.000146869)
(-1.91135e-09 -3.11832e-10 0.00014299)
(-3.34788e-09 -1.17373e-09 0.000130794)
(-7.96927e-10 -1.61156e-09 0.000100998)
(1.31212e-09 1.59439e-09 4.49632e-05)
(-2.39795e-10 3.78379e-09 5.0681e-05)
(4.02689e-09 1.76991e-09 0.000110385)
(2.96915e-09 -1.41274e-09 0.000138063)
(1.72773e-09 -2.51836e-09 0.000147255)
(2.34342e-09 -1.26327e-09 0.000149555)
(8.18098e-10 -3.85174e-10 0.000149555)
(8.75609e-10 -4.91027e-10 0.000147258)
(-5.59503e-10 -5.13232e-10 0.000138064)
(-8.85539e-10 -2.02182e-09 0.000110387)
(-1.31246e-10 1.36405e-09 5.06817e-05)
(2.38423e-11 1.91025e-09 5.06813e-05)
(3.1327e-09 -7.72591e-10 0.000110386)
(3.92987e-09 -3.37436e-10 0.000138062)
(2.48872e-09 -1.32824e-09 0.000147257)
(1.71625e-09 -6.67336e-10 0.000149556)
(-3.05834e-11 -9.54573e-10 0.000149555)
(-2.27262e-10 -7.46171e-10 0.000147259)
(-2.25542e-09 2.13646e-09 0.000138062)
(-9.31828e-10 -3.27327e-09 0.000110387)
(5.37249e-10 -1.52608e-11 5.06817e-05)
(-1.23912e-09 1.25372e-10 4.49614e-05)
(4.05151e-09 -4.01773e-09 0.000100994)
(7.21309e-09 2.22193e-09 0.000130793)
(2.81273e-09 1.34661e-10 0.000142988)
(2.07791e-09 1.11623e-09 0.000146866)
(1.33164e-09 5.92657e-10 0.000146866)
(3.13894e-10 1.49951e-09 0.000142989)
(-5.00919e-09 4.24965e-09 0.000130793)
(-1.54467e-09 -5.47135e-09 0.000100997)
(1.20438e-09 4.95313e-10 4.49625e-05)
(7.29026e-10 -1.43365e-09 3.44753e-05)
(1.87296e-09 -9.03499e-09 8.16248e-05)
(4.12042e-09 3.66966e-09 0.000112349)
(2.59568e-09 3.63776e-09 0.000128936)
(7.26561e-10 4.47669e-09 0.00013578)
(3.42926e-10 4.41297e-09 0.00013578)
(-1.13773e-09 5.59606e-09 0.000128937)
(-1.95222e-09 6.05808e-09 0.000112349)
(-4.89194e-10 -1.09603e-08 8.16258e-05)
(-1.78675e-09 -2.35717e-09 3.44761e-05)
(-1.11325e-09 -6.09635e-09 2.10744e-05)
(-6.84311e-09 -8.55301e-09 5.33122e-05)
(-6.84478e-09 1.66975e-09 7.85693e-05)
(-1.83482e-09 1.35205e-09 9.57163e-05)
(-2.0148e-09 3.27852e-09 0.000104214)
(1.33665e-09 2.14973e-09 0.000104214)
(1.93405e-09 1.68786e-09 9.57166e-05)
(9.03727e-09 4.5336e-09 7.85691e-05)
(1.00038e-08 -6.90354e-09 5.33124e-05)
(2.87839e-09 -7.38901e-09 2.10747e-05)
(-6.53921e-09 -5.05981e-09 7.96026e-06)
(-9.80839e-09 -4.02885e-09 1.99919e-05)
(-4.78964e-09 1.72361e-10 3.20534e-05)
(-2.28734e-09 -7.68643e-10 4.12605e-05)
(-2.72903e-09 5.75673e-10 4.61598e-05)
(1.09535e-09 -2.91319e-10 4.61588e-05)
(-3.35101e-10 -1.49516e-09 4.12603e-05)
(1.28895e-09 1.38907e-09 3.20533e-05)
(6.31617e-09 -3.88866e-10 1.99915e-05)
(6.43782e-09 -4.91861e-09 7.95998e-06)
(1.61461e-09 -2.09487e-09 7.96058e-06)
(1.70082e-08 -1.29973e-08 1.99941e-05)
(1.06614e-08 1.67323e-09 3.20565e-05)
(9.93109e-10 2.49155e-09 4.12637e-05)
(2.57269e-09 1.65785e-10 4.61619e-05)
(6.40415e-10 -2.26812e-10 4.61652e-05)
(4.27907e-11 1.9847e-09 4.12658e-05)
(-6.43807e-09 1.21995e-09 3.20572e-05)
(-8.7059e-09 -7.55932e-09 1.99934e-05)
(1.11698e-09 6.62773e-10 7.96012e-06)
(6.09781e-09 -6.70986e-09 2.10747e-05)
(1.28551e-08 -1.89545e-08 5.33136e-05)
(5.58627e-09 2.01144e-10 7.85752e-05)
(4.31456e-09 3.1672e-09 9.57239e-05)
(4.23565e-10 2.12209e-10 0.000104219)
(-8.5085e-10 -1.26886e-09 0.000104221)
(-6.24491e-09 2.41817e-09 9.57214e-05)
(-3.78675e-09 -3.4079e-09 7.85694e-05)
(-2.75228e-09 -8.56411e-09 5.33114e-05)
(-3.158e-09 -2.34524e-09 2.10752e-05)
(3.3511e-09 -6.5739e-09 3.44712e-05)
(7.5055e-09 -1.25722e-08 8.16129e-05)
(6.49457e-09 -6.45567e-09 0.000112352)
(5.78899e-09 -1.55651e-09 0.000128944)
(2.61866e-09 1.13799e-09 0.000135788)
(-1.71269e-10 2.93988e-10 0.000135785)
(-4.38914e-09 -4.34626e-10 0.000128939)
(2.67054e-09 -5.4306e-09 0.000112339)
(7.72431e-09 5.86206e-10 8.16247e-05)
(3.84907e-10 1.46158e-09 3.44768e-05)
(4.90198e-10 -1.97878e-09 4.49534e-05)
(7.13794e-09 -5.20294e-09 0.00010098)
(8.81401e-09 -6.12593e-09 0.000130793)
(5.45335e-09 -5.98619e-09 0.000142992)
(4.49956e-09 -1.15134e-09 0.000146875)
(1.47017e-09 7.27613e-10 0.000146875)
(-1.23622e-09 -7.53754e-10 0.000142993)
(-1.21051e-09 -1.37537e-09 0.000130792)
(5.61734e-10 -7.74435e-10 0.000101)
(7.53156e-10 3.60329e-09 4.49654e-05)
(-1.47143e-09 3.88193e-09 5.06783e-05)
(1.69926e-09 1.22805e-09 0.000110382)
(-1.20696e-09 -5.21422e-09 0.00013806)
(-1.78656e-10 -1.76801e-09 0.000147246)
(6.2618e-09 -8.26011e-10 0.000149555)
(4.32987e-09 -6.89211e-10 0.000149562)
(1.93379e-09 -7.78675e-10 0.000147263)
(4.53136e-10 -4.62389e-09 0.000138063)
(2.39601e-10 -2.30941e-09 0.00011039)
(-8.43301e-10 5.78725e-10 5.06849e-05)
(-3.83148e-10 6.26366e-11 5.06808e-05)
(-1.46839e-09 -4.73763e-09 0.000110384)
(2.16969e-09 -1.06703e-10 0.000138049)
(4.47438e-09 9.30433e-10 0.000147255)
(1.37489e-09 -4.30514e-09 0.000149556)
(2.0177e-09 -5.4689e-09 0.000149558)
(-2.38712e-09 -2.07365e-09 0.00014726)
(-1.30313e-09 8.41093e-10 0.000138051)
(3.76161e-09 -2.94191e-09 0.000110387)
(3.2667e-10 -1.09305e-09 5.0683e-05)
(1.00169e-09 5.20262e-09 4.4955e-05)
(7.34878e-09 -3.86789e-10 0.000100985)
(9.25561e-09 9.40209e-09 0.000130791)
(-1.09475e-09 4.52533e-10 0.00014299)
(-4.31828e-10 4.82367e-11 0.000146855)
(7.14135e-09 -4.15901e-10 0.000146856)
(4.91059e-09 6.77837e-10 0.000142992)
(-3.09479e-09 8.5038e-09 0.000130793)
(-2.5379e-09 -3.33477e-09 0.000100999)
(-3.0794e-09 2.24689e-09 4.49593e-05)
(5.16757e-09 5.07506e-09 3.4474e-05)
(2.88706e-09 -7.24367e-10 8.16231e-05)
(1.40624e-09 9.90417e-09 0.00011235)
(2.91028e-09 2.69156e-09 0.000128939)
(3.06665e-09 4.31846e-09 0.000135783)
(2.60979e-09 4.77509e-09 0.000135784)
(9.4543e-10 2.73376e-09 0.000128943)
(3.30173e-10 8.2438e-09 0.000112354)
(6.51641e-10 -5.47939e-09 8.16293e-05)
(-3.78665e-09 1.80767e-09 3.44768e-05)
(2.19888e-09 8.41535e-10 2.10745e-05)
(3.9376e-09 5.40431e-09 5.33056e-05)
(6.78549e-09 8.81368e-09 7.85704e-05)
(7.30213e-09 -1.96672e-09 9.57195e-05)
(3.95667e-09 -1.54255e-09 0.00010422)
(4.52713e-09 -2.74714e-09 0.00010422)
(1.04858e-09 -1.80222e-09 9.57216e-05)
(1.96345e-09 5.63622e-09 7.85738e-05)
(3.82421e-09 -1.16975e-09 5.33141e-05)
(9.6841e-10 -4.01462e-09 2.10763e-05)
(9.7113e-10 1.16988e-09 7.96052e-06)
(8.3549e-09 8.42606e-09 1.99927e-05)
(1.04556e-08 4.9584e-09 3.2057e-05)
(6.85874e-09 -4.77487e-10 4.12639e-05)
(3.42529e-10 -3.45765e-10 4.61629e-05)
(2.45114e-09 -1.42541e-09 4.61573e-05)
(1.21658e-09 -1.86153e-09 4.12621e-05)
(-1.56569e-09 2.23521e-09 3.20571e-05)
(2.11973e-09 1.03519e-09 1.99932e-05)
(3.91023e-09 -3.16575e-09 7.96043e-06)
)
;

boundaryField
{
    inlet
    {
        type            fixedValue;
        value           uniform (0 0 0.0001);
    }
    outlet
    {
        type            zeroGradient;
    }
    wall
    {
        type            noSlip;
    }
}


// ************************************************************************* //
