/*--------------------------------*- C++ -*----------------------------------*\
| =========                 |                                                 |
| \\      /  F ield         | OpenFOAM: The Open Source CFD Toolbox           |
|  \\    /   O peration     | Version:  2312                                  |
|   \\  /    A nd           | Website:  www.openfoam.com                      |
|    \\/     M anipulation  |                                                 |
\*---------------------------------------------------------------------------*/
FoamFile
{
    version     2.0;
    format      ascii;
    arch        "LSB;label=32;scalar=64";
    class       volVectorField;
    location    "9.8";
    object      U;
}
// * * * * * * * * * * * * * * * * * * * * * * * * * * * * * * * * * * * * * //

dimensions      [0 1 -1 0 0 0 0];

internalField   nonuniform List<vector> 
20000
(
(2.27634e-06 2.17767e-06 2.10753e-05)
(5.39091e-06 4.66112e-06 4.86128e-05)
(5.3904e-06 5.41639e-06 7.18518e-05)
(3.62216e-06 5.79346e-06 8.29634e-05)
(1.16972e-06 5.75093e-06 8.63576e-05)
(-1.17223e-06 5.75148e-06 8.63579e-05)
(-3.62617e-06 5.796e-06 8.29631e-05)
(-5.39573e-06 5.41163e-06 7.18496e-05)
(-5.39133e-06 4.65965e-06 4.86131e-05)
(-2.27416e-06 2.17985e-06 2.10749e-05)
(3.74983e-06 5.57268e-06 5.15211e-05)
(8.04149e-06 1.05756e-05 8.94541e-05)
(5.79037e-06 9.74853e-06 0.000101745)
(4.0415e-06 8.69202e-06 0.000104437)
(1.31936e-06 8.05378e-06 0.000104678)
(-1.31638e-06 8.05448e-06 0.000104678)
(-4.03775e-06 8.69362e-06 0.000104436)
(-5.78554e-06 9.74207e-06 0.000101744)
(-8.03278e-06 1.05793e-05 8.94558e-05)
(-3.74434e-06 5.57785e-06 5.15215e-05)
(3.78007e-06 5.23809e-06 7.53424e-05)
(7.13872e-06 7.46777e-06 0.000102212)
(4.57589e-06 6.17662e-06 0.000105464)
(3.24442e-06 5.36758e-06 0.00010522)
(1.03944e-06 4.89756e-06 0.000104931)
(-1.04017e-06 4.89729e-06 0.000104931)
(-3.24428e-06 5.36612e-06 0.00010522)
(-4.5777e-06 6.16923e-06 0.000105463)
(-7.1383e-06 7.46896e-06 0.000102211)
(-3.77438e-06 5.2471e-06 7.5342e-05)
(4.3407e-06 3.78483e-06 8.54469e-05)
(6.79212e-06 4.85333e-06 0.000104277)
(4.07444e-06 3.97884e-06 0.000105019)
(2.81463e-06 3.50622e-06 0.000104425)
(8.85381e-07 3.22266e-06 0.000104123)
(-8.8597e-07 3.22223e-06 0.000104123)
(-2.81418e-06 3.50697e-06 0.000104425)
(-4.07632e-06 3.97544e-06 0.000105018)
(-6.79525e-06 4.85195e-06 0.000104277)
(-4.34027e-06 3.79012e-06 8.54466e-05)
(4.63785e-06 1.17072e-06 8.87032e-05)
(6.63693e-06 1.51966e-06 0.0001044)
(3.82731e-06 1.24811e-06 0.000104632)
(2.60182e-06 1.10313e-06 0.000104019)
(8.06863e-07 1.0116e-06 0.000103735)
(-8.07554e-07 1.01156e-06 0.000103735)
(-2.60191e-06 1.10367e-06 0.000104019)
(-3.82773e-06 1.24642e-06 0.000104632)
(-6.63724e-06 1.52028e-06 0.0001044)
(-4.63702e-06 1.17397e-06 8.87033e-05)
(4.63787e-06 -1.1747e-06 8.87033e-05)
(6.638e-06 -1.51906e-06 0.000104399)
(3.82823e-06 -1.24617e-06 0.000104632)
(2.60157e-06 -1.10305e-06 0.000104019)
(8.06817e-07 -1.01097e-06 0.000103735)
(-8.07378e-07 -1.01145e-06 0.000103735)
(-2.6021e-06 -1.10343e-06 0.00010402)
(-3.82762e-06 -1.24742e-06 0.000104632)
(-6.63689e-06 -1.51952e-06 0.0001044)
(-4.63689e-06 -1.17128e-06 8.87032e-05)
(4.34005e-06 -3.79069e-06 8.54472e-05)
(6.79512e-06 -4.85098e-06 0.000104277)
(4.07582e-06 -3.97724e-06 0.000105019)
(2.81374e-06 -3.50584e-06 0.000104425)
(8.84886e-07 -3.22197e-06 0.000104123)
(-8.8669e-07 -3.22238e-06 0.000104123)
(-2.81401e-06 -3.50738e-06 0.000104425)
(-4.0759e-06 -3.9782e-06 0.000105019)
(-6.79534e-06 -4.85181e-06 0.000104277)
(-4.34037e-06 -3.78652e-06 8.54464e-05)
(3.77602e-06 -5.24615e-06 7.53412e-05)
(7.13562e-06 -7.4666e-06 0.00010221)
(4.57201e-06 -6.17258e-06 0.000105464)
(3.24284e-06 -5.36506e-06 0.000105219)
(1.03887e-06 -4.89721e-06 0.000104931)
(-1.04128e-06 -4.89651e-06 0.000104931)
(-3.24458e-06 -5.36743e-06 0.00010522)
(-4.57656e-06 -6.17233e-06 0.000105464)
(-7.141e-06 -7.46907e-06 0.000102211)
(-3.77995e-06 -5.24195e-06 7.53421e-05)
(3.74624e-06 -5.57714e-06 5.15215e-05)
(8.03823e-06 -1.05703e-05 8.94542e-05)
(5.7866e-06 -9.74616e-06 0.000101745)
(4.04162e-06 -8.69456e-06 0.000104436)
(1.31969e-06 -8.05318e-06 0.000104678)
(-1.31677e-06 -8.05241e-06 0.000104678)
(-4.03644e-06 -8.6984e-06 0.000104437)
(-5.77924e-06 -9.74963e-06 0.000101745)
(-8.03193e-06 -1.05744e-05 8.94549e-05)
(-3.74813e-06 -5.57383e-06 5.1522e-05)
(2.27038e-06 -2.18137e-06 2.1076e-05)
(5.39562e-06 -4.65413e-06 4.86127e-05)
(5.39498e-06 -5.41619e-06 7.18513e-05)
(3.6227e-06 -5.79833e-06 8.29642e-05)
(1.16981e-06 -5.75038e-06 8.63574e-05)
(-1.1709e-06 -5.75022e-06 8.63577e-05)
(-3.62471e-06 -5.80119e-06 8.29642e-05)
(-5.40115e-06 -5.41771e-06 7.18501e-05)
(-5.40571e-06 -4.64761e-06 4.86125e-05)
(-2.27708e-06 -2.17502e-06 2.1076e-05)
(3.76203e-08 6.38664e-08 2.10649e-05)
(-9.91318e-08 4.44139e-07 4.95601e-05)
(2.07103e-08 5.8919e-07 7.43499e-05)
(6.71195e-08 6.86938e-07 8.6364e-05)
(2.73522e-08 6.59407e-07 9.02186e-05)
(-2.4352e-08 6.58618e-07 9.02188e-05)
(-6.25769e-08 6.87732e-07 8.63636e-05)
(-1.33195e-08 5.87923e-07 7.43486e-05)
(1.11492e-07 4.53819e-07 4.95597e-05)
(-3.00089e-08 7.04654e-08 2.10651e-05)
(3.18569e-07 1.45018e-07 5.26492e-05)
(4.74987e-07 8.79118e-07 9.3304e-05)
(4.95767e-07 1.1161e-06 0.000106677)
(4.39205e-07 1.23385e-06 0.000109653)
(1.68236e-07 1.19747e-06 0.000110023)
(-1.66017e-07 1.1968e-06 0.000110022)
(-4.35411e-07 1.2335e-06 0.000109652)
(-4.94594e-07 1.11479e-06 0.000106676)
(-4.69716e-07 8.86934e-07 9.33061e-05)
(-3.11619e-07 1.52659e-07 5.26497e-05)
(4.70941e-07 3.2706e-07 7.81623e-05)
(8.355e-07 9.37034e-07 0.0001072)
(7.96108e-07 1.11184e-06 0.000110817)
(6.42029e-07 1.19192e-06 0.000110463)
(2.28639e-07 1.18043e-06 0.000110105)
(-2.28607e-07 1.1807e-06 0.000110105)
(-6.42371e-07 1.19026e-06 0.000110464)
(-7.9664e-07 1.11257e-06 0.000110817)
(-8.33668e-07 9.38835e-07 0.000107201)
(-4.65535e-07 3.34631e-07 7.81618e-05)
(6.09468e-07 2.92282e-07 8.90703e-05)
(1.06533e-06 7.52717e-07 0.000109517)
(9.61492e-07 8.70419e-07 0.000110226)
(7.44156e-07 9.27022e-07 0.000109445)
(2.58949e-07 9.26112e-07 0.000109049)
(-2.59527e-07 9.25888e-07 0.000109049)
(-7.4548e-07 9.26882e-07 0.000109445)
(-9.6306e-07 8.70089e-07 0.000110226)
(-1.06749e-06 7.52663e-07 0.000109518)
(-6.09439e-07 2.97123e-07 8.90712e-05)
(6.45078e-07 9.60258e-08 9.27175e-05)
(1.12475e-06 2.6772e-07 0.000109637)
(1.00805e-06 3.08095e-07 0.000109738)
(7.73642e-07 3.26943e-07 0.000108918)
(2.67285e-07 3.26787e-07 0.000108536)
(-2.67762e-07 3.26323e-07 0.000108536)
(-7.74235e-07 3.2766e-07 0.000108918)
(-1.0083e-06 3.08566e-07 0.000109737)
(-1.12547e-06 2.67583e-07 0.000109637)
(-6.45341e-07 9.91657e-08 9.27184e-05)
(6.44407e-07 -9.88089e-08 9.2718e-05)
(1.12446e-06 -2.67008e-07 0.000109637)
(1.00828e-06 -3.08147e-07 0.000109738)
(7.73809e-07 -3.2726e-07 0.000108918)
(2.67216e-07 -3.27157e-07 0.000108536)
(-2.67557e-07 -3.27207e-07 0.000108536)
(-7.73499e-07 -3.27405e-07 0.000108919)
(-1.00796e-06 -3.07849e-07 0.000109737)
(-1.12503e-06 -2.6783e-07 0.000109637)
(-6.45107e-07 -9.56638e-08 9.27183e-05)
(6.08918e-07 -2.95007e-07 8.9071e-05)
(1.06714e-06 -7.51251e-07 0.000109518)
(9.619e-07 -8.69832e-07 0.000110226)
(7.43265e-07 -9.28344e-07 0.000109445)
(2.58888e-07 -9.25819e-07 0.000109049)
(-2.59164e-07 -9.25794e-07 0.000109049)
(-7.43867e-07 -9.27582e-07 0.000109445)
(-9.62841e-07 -8.69286e-07 0.000110226)
(-1.06685e-06 -7.53565e-07 0.000109518)
(-6.09154e-07 -2.92928e-07 8.90709e-05)
(4.67968e-07 -3.3264e-07 7.81608e-05)
(8.38511e-07 -9.39596e-07 0.000107201)
(8.00533e-07 -1.10888e-06 0.000110816)
(6.42826e-07 -1.19239e-06 0.000110463)
(2.29386e-07 -1.18032e-06 0.000110105)
(-2.29603e-07 -1.18041e-06 0.000110105)
(-6.42437e-07 -1.19182e-06 0.000110464)
(-7.9842e-07 -1.10953e-06 0.000110816)
(-8.33801e-07 -9.41778e-07 0.000107201)
(-4.66845e-07 -3.29641e-07 7.81619e-05)
(3.08237e-07 -1.58095e-07 5.265e-05)
(4.69113e-07 -8.89979e-07 9.33056e-05)
(4.96726e-07 -1.10578e-06 0.000106677)
(4.34506e-07 -1.2344e-06 0.000109652)
(1.66239e-07 -1.19715e-06 0.000110022)
(-1.68668e-07 -1.19712e-06 0.000110022)
(-4.37931e-07 -1.23342e-06 0.000109653)
(-4.96903e-07 -1.1105e-06 0.000106676)
(-4.71067e-07 -8.90455e-07 9.33045e-05)
(-3.16934e-07 -1.47895e-07 5.26493e-05)
(2.0585e-08 -7.79931e-08 2.10662e-05)
(-1.20288e-07 -4.57784e-07 4.95592e-05)
(1.59415e-08 -5.81245e-07 7.43505e-05)
(6.51202e-08 -6.88442e-07 8.6365e-05)
(2.46009e-08 -6.59208e-07 9.02185e-05)
(-2.44068e-08 -6.5909e-07 9.02186e-05)
(-6.48787e-08 -6.87312e-07 8.63654e-05)
(-1.5204e-08 -5.85421e-07 7.43496e-05)
(1.15227e-07 -4.56843e-07 4.95581e-05)
(-2.82842e-08 -7.12095e-08 2.10652e-05)
(2.72819e-09 5.72943e-09 1.90933e-05)
(5.30317e-08 5.18229e-08 4.60404e-05)
(8.43949e-08 1.05527e-07 7.04609e-05)
(9.01479e-08 1.76933e-07 8.28688e-05)
(3.01259e-08 2.12261e-07 8.70534e-05)
(-3.10045e-08 2.12153e-07 8.70535e-05)
(-8.86356e-08 1.76332e-07 8.28684e-05)
(-8.51117e-08 1.07103e-07 7.04611e-05)
(-5.73068e-08 4.84714e-08 4.60405e-05)
(2.11354e-09 7.24489e-09 1.90939e-05)
(4.68523e-08 5.36324e-08 4.91764e-05)
(1.55798e-07 2.08933e-07 9.02387e-05)
(1.48997e-07 3.14317e-07 0.000104313)
(1.27212e-07 4.14518e-07 0.000108067)
(4.77104e-08 4.5717e-07 0.000108872)
(-4.55616e-08 4.57112e-07 0.000108872)
(-1.2486e-07 4.15112e-07 0.000108066)
(-1.46988e-07 3.15473e-07 0.000104313)
(-1.54557e-07 2.07208e-07 9.0239e-05)
(-4.57054e-08 5.41127e-08 4.91763e-05)
(5.84265e-08 1.17608e-07 7.46953e-05)
(2.11077e-07 2.45051e-07 0.000105141)
(2.1078e-07 3.28193e-07 0.000109549)
(1.78162e-07 4.0968e-07 0.000109983)
(6.53121e-08 4.42069e-07 0.000109966)
(-6.57674e-08 4.42363e-07 0.000109966)
(-1.7855e-07 4.09689e-07 0.000109983)
(-2.10353e-07 3.28024e-07 0.00010955)
(-2.10058e-07 2.44539e-07 0.000105143)
(-5.68857e-08 1.20699e-07 7.46963e-05)
(1.21963e-07 1.276e-07 8.6241e-05)
(3.13832e-07 2.09146e-07 0.00010843)
(3.02846e-07 2.67465e-07 0.000109953)
(2.38372e-07 3.20642e-07 0.000109847)
(8.67931e-08 3.42534e-07 0.000109739)
(-8.65357e-08 3.42977e-07 0.000109739)
(-2.38999e-07 3.19925e-07 0.000109847)
(-3.02798e-07 2.68375e-07 0.000109954)
(-3.14773e-07 2.09414e-07 0.000108431)
(-1.23295e-07 1.28152e-07 8.62426e-05)
(1.72673e-07 4.43799e-08 9.02411e-05)
(3.72896e-07 7.81201e-08 0.000109067)
(3.4634e-07 9.8187e-08 0.000109893)
(2.68598e-07 1.17518e-07 0.000109704)
(9.67045e-08 1.25284e-07 0.000109583)
(-9.68914e-08 1.25185e-07 0.000109583)
(-2.68855e-07 1.17537e-07 0.000109704)
(-3.46917e-07 9.8343e-08 0.000109894)
(-3.72725e-07 7.89736e-08 0.000109068)
(-1.72228e-07 4.45203e-08 9.0243e-05)
(1.7265e-07 -4.46572e-08 9.02415e-05)
(3.72499e-07 -7.75491e-08 0.000109067)
(3.45498e-07 -9.89072e-08 0.000109893)
(2.67806e-07 -1.18075e-07 0.000109704)
(9.63237e-08 -1.25294e-07 0.000109583)
(-9.69362e-08 -1.25189e-07 0.000109583)
(-2.69057e-07 -1.17649e-07 0.000109704)
(-3.46369e-07 -9.88175e-08 0.000109894)
(-3.72301e-07 -7.74158e-08 0.000109068)
(-1.72545e-07 -4.34423e-08 9.02426e-05)
(1.24345e-07 -1.28755e-07 8.62416e-05)
(3.14797e-07 -2.06677e-07 0.000108431)
(3.01454e-07 -2.70712e-07 0.000109953)
(2.3941e-07 -3.20669e-07 0.000109847)
(8.69499e-08 -3.41958e-07 0.000109739)
(-8.68205e-08 -3.42468e-07 0.000109739)
(-2.39259e-07 -3.20757e-07 0.000109848)
(-3.01711e-07 -2.70136e-07 0.000109954)
(-3.14455e-07 -2.07631e-07 0.000108431)
(-1.24039e-07 -1.2591e-07 8.62427e-05)
(5.78881e-08 -1.19394e-07 7.46955e-05)
(2.11537e-07 -2.37575e-07 0.000105143)
(2.08612e-07 -3.34198e-07 0.00010955)
(1.78857e-07 -4.10185e-07 0.000109984)
(6.47111e-08 -4.41256e-07 0.000109966)
(-6.65566e-08 -4.41975e-07 0.000109966)
(-1.79489e-07 -4.11086e-07 0.000109983)
(-2.09975e-07 -3.33334e-07 0.00010955)
(-2.13788e-07 -2.37813e-07 0.000105143)
(-5.90528e-08 -1.18976e-07 7.4696e-05)
(4.6695e-08 -5.37823e-08 4.91764e-05)
(1.63043e-07 -1.98449e-07 9.02395e-05)
(1.49092e-07 -3.21246e-07 0.000104312)
(1.25989e-07 -4.14784e-07 0.000108066)
(4.69864e-08 -4.5619e-07 0.000108872)
(-4.74804e-08 -4.56642e-07 0.000108872)
(-1.2737e-07 -4.16274e-07 0.000108066)
(-1.48812e-07 -3.20716e-07 0.000104312)
(-1.61349e-07 -2.00117e-07 9.02377e-05)
(-4.47111e-08 -5.68114e-08 4.91754e-05)
(-4.25871e-09 -9.90266e-09 1.90938e-05)
(5.9968e-08 -4.54458e-08 4.60401e-05)
(8.46645e-08 -1.08953e-07 7.04609e-05)
(8.63901e-08 -1.76324e-07 8.2868e-05)
(3.03694e-08 -2.11414e-07 8.70535e-05)
(-2.94409e-08 -2.12103e-07 8.70533e-05)
(-8.57352e-08 -1.7761e-07 8.28683e-05)
(-8.43848e-08 -1.09584e-07 7.04609e-05)
(-5.90276e-08 -4.70667e-08 4.60392e-05)
(2.23866e-09 -7.78091e-09 1.90929e-05)
(-1.68881e-08 1.54434e-08 1.91599e-05)
(-1.36612e-08 1.50428e-08 4.61311e-05)
(7.56845e-09 2.19239e-08 7.05105e-05)
(1.35114e-08 3.57468e-08 8.28692e-05)
(5.24913e-09 5.24552e-08 8.70198e-05)
(-9.3147e-09 5.19096e-08 8.70197e-05)
(-2.08019e-08 3.68237e-08 8.28696e-05)
(-1.52311e-08 1.90604e-08 7.05109e-05)
(4.36152e-09 1.22331e-08 4.61321e-05)
(-5.47027e-09 -3.39794e-09 1.91599e-05)
(-1.91215e-09 1.80192e-08 4.92284e-05)
(1.06944e-08 3.46411e-08 9.02908e-05)
(2.24318e-08 5.87345e-08 0.000104358)
(2.19083e-08 8.99603e-08 0.000108121)
(8.07315e-09 1.18104e-07 0.000108942)
(-7.23021e-09 1.17523e-07 0.000108942)
(-2.03797e-08 9.24779e-08 0.000108121)
(-2.25607e-08 5.92222e-08 0.000104358)
(-1.21236e-08 3.50997e-08 9.02906e-05)
(-9.10353e-09 2.45346e-09 4.92282e-05)
(9.06791e-09 3.54434e-08 7.47009e-05)
(3.93565e-08 5.55922e-08 0.000105177)
(4.76646e-08 7.8201e-08 0.00010961)
(3.84441e-08 1.09665e-07 0.000110125)
(1.3171e-08 1.32909e-07 0.000110171)
(-1.48073e-08 1.32985e-07 0.000110171)
(-3.86578e-08 1.11229e-07 0.000110124)
(-4.83678e-08 7.95808e-08 0.00010961)
(-4.07351e-08 5.43812e-08 0.000105177)
(-1.21759e-08 2.88396e-08 7.47012e-05)
(2.61483e-08 3.72601e-08 8.62099e-05)
(7.10018e-08 5.0793e-08 0.000108499)
(7.88755e-08 6.73552e-08 0.000110117)
(6.26051e-08 9.10205e-08 0.000110147)
(2.28587e-08 1.06981e-07 0.000110116)
(-2.3348e-08 1.06967e-07 0.000110116)
(-6.2456e-08 9.25659e-08 0.000110148)
(-7.70478e-08 6.83213e-08 0.000110117)
(-6.91847e-08 4.97135e-08 0.000108499)
(-2.63234e-08 3.12993e-08 8.621e-05)
(4.4569e-08 1.56372e-08 9.01889e-05)
(9.94971e-08 1.94212e-08 0.000109178)
(1.04439e-07 2.54035e-08 0.000110139)
(8.12444e-08 3.47098e-08 0.000110099)
(2.94479e-08 4.04194e-08 0.000110055)
(-2.89097e-08 3.96267e-08 0.000110055)
(-8.00311e-08 3.45175e-08 0.000110099)
(-1.03359e-07 2.53974e-08 0.000110139)
(-9.87127e-08 1.98372e-08 0.000109179)
(-4.39757e-08 1.40621e-08 9.019e-05)
(4.45265e-08 -1.38465e-08 9.01889e-05)
(9.92368e-08 -1.83646e-08 0.000109178)
(1.03686e-07 -2.55921e-08 0.000110139)
(8.10374e-08 -3.34122e-08 0.000110099)
(2.91579e-08 -3.93063e-08 0.000110055)
(-2.96352e-08 -3.97089e-08 0.000110055)
(-8.0474e-08 -3.39508e-08 0.000110099)
(-1.036e-07 -2.51368e-08 0.00011014)
(-9.88847e-08 -1.95581e-08 0.000109178)
(-4.42131e-08 -1.40664e-08 9.01896e-05)
(2.70981e-08 -3.5251e-08 8.62096e-05)
(7.15973e-08 -4.91358e-08 0.000108498)
(7.91324e-08 -6.81668e-08 0.000110117)
(6.35568e-08 -9.03218e-08 0.000110147)
(2.30735e-08 -1.06886e-07 0.000110115)
(-2.26027e-08 -1.06371e-07 0.000110115)
(-6.20805e-08 -9.09272e-08 0.000110148)
(-7.7281e-08 -6.74528e-08 0.000110118)
(-7.04933e-08 -4.90683e-08 0.000108498)
(-2.76422e-08 -3.2801e-08 8.62101e-05)
(8.84914e-09 -3.3653e-08 7.47005e-05)
(3.69777e-08 -5.39422e-08 0.000105175)
(4.48314e-08 -7.998e-08 0.000109611)
(3.75858e-08 -1.09906e-07 0.000110124)
(1.3723e-08 -1.32361e-07 0.000110171)
(-1.3844e-08 -1.31609e-07 0.000110171)
(-3.79716e-08 -1.09655e-07 0.000110124)
(-4.5343e-08 -7.99137e-08 0.000109611)
(-3.74592e-08 -5.29687e-08 0.000105177)
(-9.4202e-09 -3.25809e-08 7.4701e-05)
(5.70674e-09 -6.46936e-09 4.92278e-05)
(1.36398e-08 -2.96243e-08 9.02897e-05)
(2.16122e-08 -6.3994e-08 0.000104358)
(2.21734e-08 -9.23345e-08 0.000108122)
(7.88124e-09 -1.18461e-07 0.000108942)
(-6.84031e-09 -1.17605e-07 0.000108942)
(-1.82865e-08 -9.27589e-08 0.000108122)
(-2.04963e-08 -6.16739e-08 0.000104358)
(-1.25612e-08 -3.07101e-08 9.02908e-05)
(-8.1334e-09 -1.18674e-09 4.9229e-05)
(-1.19191e-09 -2.60579e-09 1.91601e-05)
(5.01517e-11 -7.68011e-09 4.61326e-05)
(1.14518e-08 -2.46457e-08 7.05102e-05)
(1.51232e-08 -3.71373e-08 8.28691e-05)
(6.43965e-09 -5.30696e-08 8.70198e-05)
(-9.838e-09 -5.25229e-08 8.70195e-05)
(-2.10842e-08 -3.71669e-08 8.28689e-05)
(-1.78687e-08 -1.97217e-08 7.051e-05)
(-4.09387e-09 -6.55583e-09 4.61326e-05)
(-7.03715e-09 4.93291e-09 1.91603e-05)
(-3.32252e-09 2.67563e-09 1.91085e-05)
(6.75486e-09 -4.0728e-09 4.6032e-05)
(8.84772e-09 4.1313e-09 7.03915e-05)
(6.45884e-09 9.53412e-09 8.2759e-05)
(2.63216e-09 1.38909e-08 8.69165e-05)
(-4.6892e-09 1.4423e-08 8.69166e-05)
(-8.47429e-09 9.37222e-09 8.27591e-05)
(-1.12627e-08 2.51839e-09 7.03918e-05)
(-9.56093e-09 -6.64306e-09 4.60319e-05)
(1.99159e-09 1.20884e-09 1.9108e-05)
(-6.90608e-09 9.67953e-09 4.91417e-05)
(2.04139e-09 3.57537e-09 9.01962e-05)
(4.14017e-09 1.66328e-08 0.000104278)
(4.88231e-09 2.70226e-08 0.000108068)
(1.7805e-09 3.53206e-08 0.000108902)
(-7.3431e-10 3.57504e-08 0.000108902)
(-2.84317e-09 2.75719e-08 0.000108068)
(-2.48167e-09 1.7601e-08 0.000104278)
(-3.84541e-09 2.98676e-09 9.01965e-05)
(3.42058e-09 6.74587e-09 4.91418e-05)
(-2.41974e-09 1.36475e-08 7.46081e-05)
(7.45691e-09 1.12233e-08 0.000105116)
(9.85162e-09 2.13763e-08 0.000109586)
(8.32631e-09 3.22483e-08 0.000110134)
(2.24743e-09 4.17217e-08 0.000110201)
(-3.55693e-09 4.18338e-08 0.000110201)
(-9.77337e-09 3.31735e-08 0.000110134)
(-1.23203e-08 2.27979e-08 0.000109587)
(-1.17965e-08 1.00087e-08 0.000105116)
(-1.798e-09 8.986e-09 7.4607e-05)
(4.15799e-09 1.44366e-08 8.61407e-05)
(1.73867e-08 1.13394e-08 0.00010848)
(2.03569e-08 1.82592e-08 0.000110142)
(1.69563e-08 2.60432e-08 0.00011022)
(6.17202e-09 3.32581e-08 0.000110215)
(-5.90689e-09 3.36977e-08 0.000110215)
(-1.57793e-08 2.74173e-08 0.000110221)
(-1.83334e-08 1.89168e-08 0.000110143)
(-1.61517e-08 1.05794e-08 0.00010848)
(-5.11412e-09 9.67139e-09 8.61391e-05)
(1.20855e-08 6.91988e-09 9.01291e-05)
(2.9007e-08 4.16817e-09 0.000109181)
(3.03719e-08 6.77223e-09 0.000110196)
(2.29308e-08 9.64131e-09 0.00011021)
(8.3562e-09 1.31253e-08 0.000110197)
(-8.09028e-09 1.27424e-08 0.000110197)
(-2.28714e-08 9.93386e-09 0.00011021)
(-2.93323e-08 7.10273e-09 0.000110196)
(-2.7643e-08 4.57089e-09 0.000109181)
(-1.17486e-08 5.40089e-09 9.01284e-05)
(1.2181e-08 -5.75989e-09 9.01289e-05)
(2.9324e-08 -5.22803e-09 0.000109181)
(3.0563e-08 -6.57841e-09 0.000110196)
(2.36331e-08 -1.00094e-08 0.00011021)
(8.84218e-09 -1.16686e-08 0.000110197)
(-8.6046e-09 -1.20389e-08 0.000110197)
(-2.26744e-08 -9.82872e-09 0.00011021)
(-2.94808e-08 -6.29431e-09 0.000110197)
(-2.82059e-08 -5.96973e-09 0.000109181)
(-1.17614e-08 -6.85723e-09 9.01288e-05)
(4.85793e-09 -1.16618e-08 8.61397e-05)
(1.82082e-08 -1.33611e-08 0.000108479)
(2.17915e-08 -1.75791e-08 0.000110143)
(1.69482e-08 -2.66137e-08 0.000110221)
(5.99789e-09 -3.28238e-08 0.000110216)
(-5.04583e-09 -3.29238e-08 0.000110216)
(-1.49551e-08 -2.72926e-08 0.000110221)
(-1.98337e-08 -1.73935e-08 0.000110143)
(-1.76936e-08 -1.23804e-08 0.00010848)
(-4.78637e-09 -1.28227e-08 8.61396e-05)
(-1.25838e-09 -1.23907e-08 7.46064e-05)
(8.8004e-09 -1.53337e-08 0.000105115)
(1.11802e-08 -2.02461e-08 0.000109586)
(8.43483e-09 -3.14886e-08 0.000110134)
(3.11344e-09 -3.96281e-08 0.000110201)
(-4.03488e-09 -4.01144e-08 0.000110201)
(-9.28997e-09 -3.25023e-08 0.000110134)
(-1.35902e-08 -1.98861e-08 0.000109587)
(-1.02516e-08 -1.43507e-08 0.000105116)
(2.01534e-09 -1.294e-08 7.46071e-05)
(-7.02026e-09 -9.71254e-09 4.91407e-05)
(-1.22164e-09 -1.05598e-08 9.01962e-05)
(3.37644e-09 -1.36108e-08 0.000104279)
(3.6162e-09 -2.55215e-08 0.000108068)
(1.23177e-09 -3.55806e-08 0.000108902)
(-1.63961e-09 -3.56104e-08 0.000108902)
(-2.13109e-09 -2.64054e-08 0.000108068)
(-3.18086e-09 -1.29187e-08 0.000104279)
(1.58321e-09 -1.08671e-08 9.01975e-05)
(7.84971e-09 -1.09406e-08 4.91417e-05)
(2.94799e-09 1.69976e-09 1.91079e-05)
(8.09271e-10 -1.26275e-09 4.60324e-05)
(5.77167e-09 -1.20728e-09 7.03915e-05)
(7.5149e-09 -8.83593e-09 8.27595e-05)
(1.32991e-09 -1.58238e-08 8.69165e-05)
(-5.93236e-09 -1.53815e-08 8.69164e-05)
(-1.18584e-08 -8.77069e-09 8.27594e-05)
(-9.82022e-09 3.25339e-10 7.03917e-05)
(-2.23694e-09 -1.49966e-11 4.60329e-05)
(2.86791e-09 -3.03422e-09 1.91083e-05)
(-1.51406e-09 -1.34196e-11 1.91004e-05)
(3.53971e-09 -2.08911e-09 4.60154e-05)
(2.84328e-09 2.84774e-09 7.03686e-05)
(1.8524e-09 1.89723e-09 8.27343e-05)
(1.52943e-09 3.80178e-09 8.68922e-05)
(-2.22235e-09 3.94199e-09 8.68927e-05)
(-3.54119e-09 1.76302e-09 8.27341e-05)
(-5.1024e-09 1.03645e-09 7.03681e-05)
(-7.89296e-09 -5.23458e-09 4.6015e-05)
(-4.47117e-10 2.10602e-10 1.91004e-05)
(4.71633e-09 -3.32621e-09 4.91239e-05)
(4.30436e-09 1.37283e-09 9.01744e-05)
(2.79349e-09 7.56527e-09 0.000104259)
(3.20811e-09 8.28692e-09 0.000108053)
(8.13752e-10 1.07423e-08 0.00010889)
(-1.07743e-09 1.0651e-08 0.00010889)
(-4.03758e-09 6.93254e-09 0.000108053)
(-1.78931e-09 5.80126e-09 0.000104258)
(-2.59908e-09 -6.70832e-10 9.01745e-05)
(-2.69696e-09 -1.31704e-09 4.91246e-05)
(1.97575e-09 6.13617e-12 7.45857e-05)
(1.11134e-09 5.52959e-09 0.000105099)
(3.1445e-09 7.36985e-09 0.000109581)
(3.13071e-09 1.06862e-08 0.000110136)
(-4.86282e-11 1.3069e-08 0.000110208)
(-3.76988e-10 1.28497e-08 0.000110208)
(-3.20322e-09 9.48573e-09 0.000110136)
(-3.20874e-09 6.21333e-09 0.000109581)
(-1.42912e-09 5.04506e-09 0.000105099)
(-1.36077e-09 1.39163e-09 7.45854e-05)
(2.3799e-09 1.7629e-09 8.61219e-05)
(6.3752e-09 4.38774e-09 0.000108473)
(7.39411e-09 5.1436e-09 0.00011015)
(5.18757e-09 8.58857e-09 0.000110242)
(2.03081e-09 1.08124e-08 0.000110244)
(-1.23947e-09 1.05719e-08 0.000110244)
(-4.49369e-09 8.1966e-09 0.000110242)
(-6.60288e-09 4.54163e-09 0.00011015)
(-5.72278e-09 4.38529e-09 0.000108473)
(-1.62706e-09 3.15958e-09 8.61211e-05)
(3.01545e-09 2.18687e-10 9.01135e-05)
(7.82886e-09 1.84e-09 0.00010918)
(9.25992e-09 2.21312e-09 0.000110213)
(7.00688e-09 3.85565e-09 0.000110243)
(2.50694e-09 4.69039e-09 0.00011024)
(-1.93248e-09 4.44765e-09 0.00011024)
(-5.93292e-09 3.41943e-09 0.000110243)
(-8.61901e-09 1.85215e-09 0.000110213)
(-8.53774e-09 1.79094e-09 0.00010918)
(-3.48889e-09 2.09557e-09 9.0113e-05)
(2.34988e-09 -6.32208e-10 9.01133e-05)
(7.11462e-09 -2.01479e-09 0.00010918)
(9.09762e-09 -1.54368e-09 0.000110212)
(6.75381e-09 -2.76769e-09 0.000110243)
(2.37799e-09 -3.52816e-09 0.00011024)
(-2.13938e-09 -3.78356e-09 0.00011024)
(-6.26714e-09 -2.90821e-09 0.000110243)
(-8.93425e-09 -1.75543e-09 0.000110213)
(-8.15659e-09 -1.42601e-09 0.00010918)
(-2.87319e-09 -1.65178e-09 9.01132e-05)
(2.01198e-09 -2.79221e-09 8.61215e-05)
(6.31639e-09 -4.96044e-09 0.000108474)
(6.92517e-09 -5.03653e-09 0.00011015)
(4.83368e-09 -6.73099e-09 0.000110242)
(1.98452e-09 -9.90907e-09 0.000110245)
(-9.75739e-10 -1.05488e-08 0.000110244)
(-3.96174e-09 -8.49324e-09 0.000110242)
(-6.05083e-09 -5.99478e-09 0.00011015)
(-4.50808e-09 -3.81037e-09 0.000108474)
(-7.91867e-10 -2.44869e-09 8.61212e-05)
(-3.21214e-10 -8.68613e-10 7.45856e-05)
(-2.93432e-10 -6.11369e-09 0.0001051)
(1.70717e-09 -5.03761e-09 0.00010958)
(7.69124e-10 -8.58143e-09 0.000110136)
(-2.22938e-10 -1.2926e-08 0.000110208)
(-8.55705e-10 -1.40307e-08 0.000110208)
(-1.78792e-09 -1.02894e-08 0.000110136)
(-1.06158e-09 -6.75034e-09 0.00010958)
(-2.40597e-10 -5.43741e-09 0.0001051)
(-1.38265e-09 1.18496e-09 7.45855e-05)
(3.39002e-09 2.7842e-09 4.91241e-05)
(1.99163e-09 -1.32969e-10 9.01748e-05)
(1.778e-09 -2.76984e-09 0.000104258)
(1.78854e-09 -8.18471e-09 0.000108053)
(-2.80912e-10 -1.15176e-08 0.00010889)
(-6.3622e-10 -1.24234e-08 0.00010889)
(-2.63019e-09 -9.896e-09 0.000108053)
(-2.79679e-09 -4.00577e-09 0.000104259)
(-3.40341e-09 2.66872e-10 9.01747e-05)
(-7.4863e-09 7.63502e-09 4.91234e-05)
(2.87061e-09 1.52955e-09 1.91e-05)
(7.37715e-09 4.61485e-09 4.60142e-05)
(5.43044e-09 4.01042e-11 7.03681e-05)
(4.42126e-09 -2.5977e-09 8.27343e-05)
(1.45062e-09 -4.46448e-09 8.68925e-05)
(-1.12434e-09 -4.61608e-09 8.68923e-05)
(-4.34598e-09 -4.31137e-09 8.27342e-05)
(-7.92464e-09 2.61138e-11 7.03681e-05)
(-1.11699e-08 6.39449e-09 4.60146e-05)
(-9.7154e-09 7.92323e-09 1.91001e-05)
(-1.85318e-08 1.46579e-08 1.90956e-05)
(-4.55222e-09 -3.02651e-10 4.60073e-05)
(-1.92413e-09 1.08189e-09 7.03593e-05)
(-3.9666e-09 3.76671e-10 8.27262e-05)
(1.17528e-09 -7.69377e-11 8.68852e-05)
(-1.07557e-09 -4.84878e-11 8.68852e-05)
(8.56578e-10 3.09873e-10 8.27268e-05)
(-9.49847e-10 -9.80605e-10 7.03599e-05)
(3.12317e-09 -1.25243e-09 4.60079e-05)
(1.64512e-08 1.23286e-08 1.90965e-05)
(-4.78596e-09 1.06603e-08 4.91158e-05)
(1.21125e-09 -5.48073e-10 9.01659e-05)
(4.83062e-10 1.11793e-09 0.000104253)
(1.89936e-09 2.0743e-09 0.000108048)
(1.09101e-09 1.52226e-09 0.000108886)
(4.13649e-10 1.71864e-09 0.000108886)
(8.91969e-10 2.52129e-09 0.000108048)
(3.72093e-10 -4.69475e-11 0.000104252)
(-1.61743e-09 -1.18967e-09 9.01654e-05)
(5.02022e-09 9.51957e-09 4.91167e-05)
(-2.91894e-11 5.1819e-09 7.45788e-05)
(2.93691e-09 -1.03363e-10 0.000105094)
(2.09629e-09 2.24946e-09 0.000109579)
(2.45296e-09 2.97099e-09 0.000110137)
(8.17371e-10 3.71213e-09 0.00011021)
(3.15522e-10 3.30195e-09 0.00011021)
(-6.05754e-10 3.12386e-09 0.000110136)
(-3.9847e-10 1.24052e-09 0.000109578)
(-7.14578e-10 1.37659e-09 0.000105093)
(1.47809e-09 5.44397e-09 7.45792e-05)
(8.11216e-10 2.99367e-09 8.6115e-05)
(3.08962e-09 7.97875e-10 0.000108472)
(3.5043e-09 2.17677e-09 0.000110153)
(2.25195e-09 2.23716e-09 0.000110249)
(2.55108e-11 3.43711e-09 0.000110254)
(-2.37715e-10 3.39987e-09 0.000110254)
(-1.93871e-09 1.90183e-09 0.000110249)
(-2.87743e-09 1.59743e-09 0.000110152)
(-2.91202e-09 1.16913e-09 0.000108471)
(-1.10993e-09 3.57863e-09 8.61162e-05)
(1.40199e-09 -6.85764e-10 9.01094e-05)
(2.50496e-09 7.19045e-10 0.00010918)
(2.85718e-09 9.18313e-10 0.000110217)
(1.92812e-09 8.26132e-10 0.000110253)
(6.51025e-10 1.39077e-09 0.000110253)
(-3.96258e-10 1.84893e-09 0.000110253)
(-1.75646e-09 1.0225e-09 0.000110253)
(-2.19141e-09 1.34488e-09 0.000110217)
(-2.87477e-09 4.69435e-10 0.000109181)
(-1.39627e-09 1.70652e-10 9.011e-05)
(1.68423e-09 6.30806e-10 9.01092e-05)
(2.64926e-09 -1.02506e-09 0.00010918)
(2.93538e-09 -8.59354e-10 0.000110218)
(2.28213e-09 -1.32418e-09 0.000110253)
(4.19247e-10 -1.14297e-09 0.000110253)
(-5.88033e-11 -1.29566e-09 0.000110253)
(-1.45584e-09 -1.05968e-09 0.000110253)
(-2.61268e-09 -7.25347e-11 0.000110218)
(-2.58613e-09 -5.37078e-10 0.00010918)
(-1.12896e-09 -8.7549e-10 9.01093e-05)
(1.52871e-09 -1.99134e-09 8.61154e-05)
(3.01289e-09 -1.72292e-09 0.000108472)
(2.94558e-09 -1.78444e-09 0.000110152)
(2.30723e-09 -2.40967e-09 0.000110249)
(1.63976e-10 -3.44774e-09 0.000110253)
(-3.31217e-10 -2.83319e-09 0.000110253)
(-7.55297e-10 -2.48294e-09 0.000110249)
(-1.74282e-09 -4.74541e-10 0.000110153)
(-2.92971e-09 -1.36857e-09 0.000108472)
(-1.25813e-09 -4.02483e-09 8.61154e-05)
(-8.69124e-11 -3.66372e-09 7.45803e-05)
(2.36875e-10 -3.76106e-10 0.000105095)
(-1.59267e-09 -3.1663e-09 0.000109578)
(7.1709e-10 -3.12639e-09 0.000110136)
(4.52374e-10 -3.87127e-09 0.00011021)
(2.5842e-10 -3.38968e-09 0.00011021)
(2.70148e-10 -2.92469e-09 0.000110137)
(2.25443e-09 -2.22707e-09 0.000109578)
(5.61085e-10 -9.37042e-10 0.000105095)
(1.37404e-09 -5.95164e-09 7.45795e-05)
(-5.34621e-09 -9.15453e-09 4.9118e-05)
(1.84424e-09 2.60027e-09 9.01668e-05)
(1.17894e-10 -1.99748e-09 0.000104252)
(-1.48802e-10 -3.89618e-09 0.000108048)
(-4.66073e-11 -2.87403e-09 0.000108886)
(9.72651e-10 -3.06201e-09 0.000108886)
(1.13085e-09 -3.64375e-09 0.000108048)
(1.31412e-09 -7.20617e-10 0.000104252)
(-1.2026e-10 2.65204e-09 9.01668e-05)
(6.23054e-09 -1.06575e-08 4.91179e-05)
(-1.5534e-08 -1.19055e-08 1.90969e-05)
(-5.54717e-09 -5.38426e-11 4.60077e-05)
(-1.10852e-09 -1.03203e-09 7.03596e-05)
(-3.06751e-09 -2.22665e-09 8.27261e-05)
(-1.14623e-09 -1.2538e-09 8.68847e-05)
(-2.22116e-09 -1.14078e-09 8.68846e-05)
(-7.24005e-10 -9.7262e-10 8.27261e-05)
(-2.44008e-09 1.2385e-09 7.03601e-05)
(2.85028e-09 2.33347e-09 4.60084e-05)
(1.39887e-08 -1.04493e-08 1.90971e-05)
(6.23237e-09 -4.63887e-09 1.90953e-05)
(1.06756e-09 6.46131e-10 4.60049e-05)
(-1.38036e-09 2.12069e-09 7.03557e-05)
(1.36478e-09 -3.88388e-10 8.27225e-05)
(8.43144e-10 -3.65406e-10 8.68817e-05)
(3.29257e-10 -4.6866e-10 8.68816e-05)
(2.27291e-09 8.61669e-10 8.27228e-05)
(3.93009e-09 4.17057e-09 7.03559e-05)
(-1.12488e-09 9.88745e-10 4.60043e-05)
(-8.32907e-09 -5.87444e-09 1.90951e-05)
(-5.17233e-10 -1.2116e-09 4.91153e-05)
(-3.26586e-09 1.67117e-09 9.01638e-05)
(-2.98785e-09 2.52422e-09 0.00010425)
(-5.63418e-10 -4.4057e-10 0.000108046)
(-5.29764e-10 3.01972e-10 0.000108885)
(-2.74456e-10 8.78072e-10 0.000108884)
(-5.46768e-10 -3.49054e-10 0.000108046)
(7.77573e-11 4.56032e-09 0.00010425)
(1.7193e-09 3.15269e-09 9.01636e-05)
(-9.56269e-10 -3.25214e-09 4.91155e-05)
(-2.95104e-10 1.2843e-09 7.45779e-05)
(1.41939e-11 -6.68651e-11 0.000105092)
(5.28042e-10 1.54157e-09 0.000109578)
(2.07814e-10 1.30151e-10 0.000110137)
(-5.6067e-10 1.35073e-09 0.000110211)
(5.66008e-10 1.61766e-09 0.000110211)
(-4.93701e-10 1.20642e-09 0.000110137)
(-1.14051e-09 3.3654e-09 0.000109578)
(-1.641e-09 -1.19765e-10 0.000105093)
(-1.34273e-09 -1.81987e-09 7.45785e-05)
(2.00447e-09 -1.20987e-09 8.6114e-05)
(1.0104e-09 6.21244e-11 0.000108471)
(4.50422e-10 1.61545e-09 0.000110154)
(9.90765e-10 1.01197e-09 0.000110251)
(-4.52367e-10 9.55713e-10 0.000110256)
(5.45927e-11 6.90751e-10 0.000110256)
(-7.73768e-10 2.22697e-09 0.000110251)
(-1.24359e-09 2.14027e-09 0.000110154)
(1.93268e-10 -2.03037e-10 0.000108472)
(5.19106e-12 -2.19108e-09 8.61146e-05)
(1.14426e-09 -8.97408e-10 9.01092e-05)
(5.94242e-11 5.59817e-11 0.000109181)
(-4.77415e-12 7.15511e-10 0.000110219)
(7.14182e-10 2.98043e-10 0.000110256)
(-5.65288e-11 8.05289e-10 0.000110257)
(4.53248e-10 7.3852e-10 0.000110257)
(-8.43808e-10 4.68979e-10 0.000110256)
(-6.05667e-11 6.65244e-10 0.000110219)
(5.49969e-10 4.12565e-10 0.000109181)
(-6.65944e-10 -1.81114e-09 9.0109e-05)
(6.98885e-10 -1.43959e-09 9.01085e-05)
(7.43228e-10 6.96884e-10 0.000109181)
(2.3774e-10 4.67597e-10 0.00011022)
(3.98646e-10 -7.22548e-10 0.000110256)
(1.64748e-10 -1.48396e-10 0.000110257)
(-2.19216e-10 -4.28958e-10 0.000110257)
(1.57456e-10 -5.7928e-10 0.000110256)
(3.69503e-10 4.48084e-10 0.00011022)
(-4.99578e-10 -3.49862e-10 0.000109181)
(-4.06982e-10 -1.27604e-09 9.01092e-05)
(2.37145e-09 -2.44531e-09 8.61143e-05)
(2.95374e-09 2.58585e-09 0.000108471)
(4.73884e-10 -3.20654e-11 0.000110154)
(2.55754e-10 -1.99698e-09 0.000110251)
(-5.39594e-10 -6.8178e-10 0.000110256)
(-5.07419e-10 -1.14564e-09 0.000110256)
(-9.43625e-10 -1.49259e-09 0.000110251)
(1.11348e-10 -4.73532e-10 0.000110154)
(-2.56865e-09 1.98443e-09 0.000108471)
(-2.22022e-09 -2.10534e-09 8.61153e-05)
(-1.32234e-09 -6.90518e-09 7.45786e-05)
(3.62151e-09 4.75037e-09 0.000105093)
(9.61013e-10 1.65873e-09 0.000109579)
(5.81239e-10 -1.40911e-09 0.000110137)
(7.46484e-10 -8.77135e-10 0.000110211)
(-4.70955e-11 -1.65031e-09 0.00011021)
(-4.45062e-10 -1.77344e-09 0.000110137)
(-8.87444e-10 1.00499e-09 0.000109578)
(-2.66785e-09 3.83081e-09 0.000105092)
(1.06294e-09 -5.49062e-09 7.45789e-05)
(-7.74804e-09 -7.73459e-09 4.91158e-05)
(-1.87191e-09 3.88395e-09 9.0164e-05)
(3.46557e-10 7.14929e-10 0.00010425)
(1.91931e-10 -1.32337e-09 0.000108046)
(-2.52256e-10 -1.04729e-09 0.000108884)
(-6.47929e-11 -1.67216e-09 0.000108884)
(-2.87606e-10 -2.36085e-09 0.000108046)
(-1.95886e-09 1.58799e-09 0.00010425)
(-6.92609e-10 5.49465e-09 9.01639e-05)
(5.87477e-09 -4.94573e-09 4.91161e-05)
(-1.15612e-09 -7.27029e-10 1.90953e-05)
(9.417e-10 1.44188e-09 4.60053e-05)
(3.00967e-10 -1.52679e-09 7.03555e-05)
(-7.92604e-10 -1.52021e-09 8.27227e-05)
(5.03405e-11 1.66506e-14 8.68814e-05)
(-1.00029e-09 -2.20529e-10 8.68817e-05)
(-1.21779e-09 -1.19799e-09 8.27227e-05)
(-3.75199e-09 1.02212e-09 7.03561e-05)
(-4.05967e-09 4.4739e-09 4.60056e-05)
(-4.67475e-10 4.51003e-10 1.90956e-05)
(3.06846e-09 -2.30242e-09 1.90966e-05)
(1.15212e-09 1.3221e-10 4.60064e-05)
(9.42812e-10 4.33652e-11 7.03562e-05)
(7.40646e-10 -3.44292e-10 8.27218e-05)
(1.5447e-09 -3.09946e-10 8.68806e-05)
(2.8406e-11 -2.21686e-10 8.68809e-05)
(3.39641e-09 5.4298e-10 8.27213e-05)
(3.39228e-09 3.24183e-09 7.03554e-05)
(1.44508e-10 7.37588e-10 4.60054e-05)
(-1.12293e-09 -1.14492e-09 1.90958e-05)
(-2.13087e-09 1.86176e-09 4.91164e-05)
(-9.69857e-10 -1.28497e-09 9.01644e-05)
(-3.76333e-10 1.09809e-10 0.000104249)
(1.05148e-09 -1.83807e-09 0.000108045)
(6.70948e-10 1.97319e-10 0.000108884)
(-6.06533e-11 7.8063e-11 0.000108884)
(1.3194e-10 -9.89359e-10 0.000108045)
(5.09464e-10 1.23417e-09 0.000104249)
(2.29958e-09 -4.94527e-10 9.01642e-05)
(5.51249e-09 3.88006e-09 4.91155e-05)
(6.77187e-10 2.74885e-09 7.4577e-05)
(3.62619e-09 -3.69129e-09 0.000105093)
(1.35241e-09 -2.57184e-11 0.000109578)
(5.84288e-10 -9.35787e-10 0.000110137)
(1.73332e-10 7.43589e-10 0.000110211)
(4.91552e-11 4.04378e-10 0.000110211)
(-9.33785e-10 -2.31285e-11 0.000110137)
(-1.74508e-09 6.35788e-10 0.000109578)
(-2.98855e-09 -2.96579e-09 0.000105093)
(1.129e-09 4.7335e-09 7.45768e-05)
(2.01783e-09 -1.19839e-09 8.6114e-05)
(1.09118e-09 -1.33209e-09 0.000108471)
(-2.10354e-11 1.97608e-10 0.000110154)
(7.16041e-10 9.60341e-10 0.000110252)
(-1.40023e-10 3.1177e-10 0.000110257)
(-3.29704e-10 4.79085e-10 0.000110257)
(-8.28124e-10 1.45403e-09 0.000110252)
(-8.90997e-11 1.48917e-09 0.000110154)
(-1.3799e-09 -8.4368e-10 0.000108471)
(-1.41112e-09 4.18898e-10 8.61136e-05)
(5.30573e-10 -1.3433e-09 9.01085e-05)
(-4.46226e-10 -1.94184e-10 0.00010918)
(-1.59902e-10 5.20137e-10 0.00011022)
(1.33434e-10 -1.99591e-10 0.000110257)
(-2.9198e-10 4.81855e-10 0.000110258)
(2.69522e-10 5.30596e-10 0.000110258)
(-2.35149e-11 -1.89566e-10 0.000110257)
(1.13047e-09 6.98939e-10 0.00011022)
(7.17051e-10 1.61548e-10 0.00010918)
(-4.53985e-10 -7.80526e-11 9.0108e-05)
(1.24831e-09 -1.21363e-09 9.0108e-05)
(8.80038e-10 8.39484e-11 0.00010918)
(-8.75126e-10 5.05639e-10 0.00011022)
(-2.15394e-10 -9.73868e-10 0.000110257)
(6.19624e-10 6.97843e-10 0.000110258)
(-2.08826e-10 -6.00994e-10 0.000110258)
(3.14757e-10 -5.73036e-10 0.000110257)
(1.30237e-09 1.42987e-10 0.00011022)
(6.44591e-11 1.4432e-09 0.00010918)
(-3.09393e-10 6.78886e-10 9.01086e-05)
(8.75355e-10 -2.63647e-09 8.61134e-05)
(1.88387e-09 1.7566e-09 0.000108471)
(-4.47031e-10 1.45697e-10 0.000110154)
(-2.91081e-10 -1.27933e-09 0.000110252)
(2.93235e-11 6.69081e-10 0.000110258)
(-2.30691e-10 -8.75411e-10 0.000110257)
(-1.49824e-10 -1.47463e-09 0.000110252)
(-1.28367e-10 -1.05774e-10 0.000110154)
(-1.4651e-09 2.20878e-09 0.000108471)
(-1.56366e-09 1.3217e-09 8.6114e-05)
(-2.34771e-09 -4.613e-09 7.45756e-05)
(2.83324e-09 2.85422e-09 0.000105092)
(2.06417e-09 2.53049e-09 0.000109578)
(1.90235e-10 -8.79844e-10 0.000110137)
(3.53356e-10 -4.5628e-10 0.000110211)
(-3.07764e-10 -1.24644e-10 0.000110211)
(6.68298e-10 -2.4643e-09 0.000110137)
(-2.31821e-09 1.33209e-09 0.000109578)
(-4.08681e-09 2.01492e-09 0.000105092)
(-1.78582e-09 1.46447e-09 7.45763e-05)
(-4.78849e-09 -4.74818e-09 4.91143e-05)
(-1.044e-09 -1.17754e-09 9.01631e-05)
(3.81518e-09 4.76666e-09 0.000104249)
(9.71791e-10 -1.35144e-11 0.000108045)
(5.77168e-10 -8.5771e-11 0.000108884)
(1.79014e-10 3.54075e-11 0.000108885)
(-5.88301e-11 -1.19876e-09 0.000108046)
(-1.92523e-09 3.20618e-09 0.000104249)
(-1.75869e-10 -7.92098e-10 9.01631e-05)
(2.94555e-10 -2.84008e-10 4.91146e-05)
(-2.2903e-10 -8.60692e-10 1.90955e-05)
(-5.77713e-09 -4.21664e-09 4.60058e-05)
(-1.60476e-09 1.65245e-09 7.03563e-05)
(4.64093e-10 -1.26567e-10 8.27225e-05)
(-1.25457e-10 9.15933e-10 8.68817e-05)
(-1.44647e-10 9.29661e-11 8.68817e-05)
(-1.03767e-09 -1.97169e-10 8.27223e-05)
(-1.49953e-10 2.39426e-09 7.03562e-05)
(3.3401e-09 -2.38947e-09 4.6005e-05)
(2.18686e-09 -2.03742e-09 1.9095e-05)
(-1.44476e-08 1.09312e-08 1.90956e-05)
(-3.65679e-09 -4.641e-10 4.60053e-05)
(-2.12024e-09 1.41872e-09 7.03557e-05)
(-4.34121e-09 2.92962e-10 8.27222e-05)
(-3.68811e-10 -8.75252e-10 8.68807e-05)
(-6.83684e-10 -1.54586e-09 8.68808e-05)
(2.86819e-09 8.28933e-10 8.27211e-05)
(7.54572e-10 -3.6342e-10 7.03552e-05)
(4.53273e-09 -6.64025e-10 4.60052e-05)
(1.49104e-08 1.10163e-08 1.90956e-05)
(-4.13065e-09 8.36889e-09 4.91153e-05)
(-1.24803e-10 4.54744e-10 9.0163e-05)
(-4.29868e-10 -1.4374e-10 0.000104249)
(1.83438e-10 -9.56554e-11 0.000108045)
(-3.76042e-10 -1.49774e-09 0.000108884)
(-2.40076e-10 -1.87435e-09 0.000108884)
(2.04434e-10 -6.27178e-10 0.000108045)
(-8.37209e-11 -1.31608e-09 0.000104249)
(-8.6713e-10 -2.56678e-09 9.01633e-05)
(5.12513e-09 8.50409e-09 4.91151e-05)
(-4.5106e-10 4.80275e-09 7.45775e-05)
(1.55472e-09 7.45268e-10 0.000105092)
(1.19982e-09 -3.968e-10 0.000109577)
(1.28132e-09 -1.51124e-10 0.000110137)
(3.04081e-10 -1.80311e-10 0.000110211)
(-1.07802e-09 8.73579e-11 0.000110211)
(-1.31095e-09 -5.0465e-11 0.000110137)
(3.02359e-10 -4.60851e-10 0.000109578)
(-1.49564e-09 -1.64974e-09 0.000105092)
(7.0575e-10 4.25597e-09 7.45772e-05)
(1.15024e-09 2.16162e-09 8.61143e-05)
(2.25298e-09 1.89283e-10 0.000108471)
(1.74406e-09 2.43352e-10 0.000110154)
(9.86314e-10 6.3267e-10 0.000110252)
(5.66679e-10 1.28693e-09 0.000110257)
(8.08917e-10 5.40239e-10 0.000110257)
(-9.97811e-10 7.80514e-10 0.000110252)
(-1.47821e-09 3.17799e-10 0.000110154)
(-2.77531e-09 -1.47241e-09 0.000108471)
(-1.81775e-09 1.91916e-09 8.61137e-05)
(3.89243e-10 -9.16856e-10 9.01088e-05)
(-4.93464e-10 4.98154e-10 0.000109181)
(-1.9627e-10 7.93066e-10 0.00011022)
(6.56544e-10 7.04457e-10 0.000110257)
(1.96714e-10 4.73929e-10 0.000110259)
(-2.30692e-10 -8.12773e-11 0.000110259)
(-2.42545e-11 -2.27194e-10 0.000110258)
(7.0393e-10 3.76016e-10 0.000110221)
(-3.76604e-10 -5.75612e-10 0.000109181)
(-6.51591e-10 -4.5422e-10 9.01088e-05)
(4.94343e-10 5.38628e-10 9.01086e-05)
(4.93507e-10 -3.92687e-11 0.000109181)
(1.42784e-10 9.33064e-11 0.00011022)
(3.59046e-10 -1.09341e-10 0.000110258)
(2.03522e-10 -5.10005e-10 0.000110259)
(1.09273e-10 -3.48747e-10 0.000110259)
(3.66977e-10 3.63794e-10 0.000110258)
(8.02231e-10 -1.68577e-10 0.00011022)
(6.18784e-10 2.11215e-10 0.000109181)
(3.03188e-11 7.79297e-10 9.01084e-05)
(1.53591e-09 -2.11273e-09 8.6114e-05)
(9.0405e-10 -1.49082e-09 0.000108471)
(-2.24762e-10 3.96717e-10 0.000110154)
(1.08186e-09 3.98877e-10 0.000110252)
(1.35189e-10 9.69377e-11 0.000110257)
(-2.29421e-10 3.53604e-10 0.000110257)
(-3.77722e-10 2.33863e-10 0.000110252)
(-5.64472e-11 3.88088e-10 0.000110154)
(-1.07249e-09 -3.35706e-10 0.000108471)
(-1.29491e-09 -1.52236e-09 8.61138e-05)
(-1.75952e-09 -5.57956e-09 7.45766e-05)
(2.39333e-10 3.62345e-11 0.000105092)
(-1.45928e-09 9.73961e-11 0.000109578)
(-5.51814e-10 3.85416e-10 0.000110137)
(2.18123e-10 5.07784e-10 0.000110211)
(2.36616e-10 7.28602e-10 0.000110211)
(4.47107e-10 5.2043e-10 0.000110137)
(1.22617e-09 -7.22523e-10 0.000109578)
(-1.00607e-09 9.30848e-10 0.000105092)
(4.5281e-10 -4.00395e-09 7.45767e-05)
(-7.12695e-09 -1.16697e-08 4.91142e-05)
(9.23585e-10 1.89688e-09 9.01624e-05)
(-7.38371e-10 -3.67471e-10 0.000104248)
(-2.88984e-11 -3.37691e-11 0.000108044)
(4.36367e-10 7.92343e-10 0.000108884)
(5.70327e-10 1.25598e-09 0.000108884)
(1.27479e-09 -7.80471e-10 0.000108045)
(8.97314e-10 1.06633e-09 0.000104249)
(-7.97776e-10 3.90517e-09 9.01627e-05)
(6.59604e-09 -1.07484e-08 4.91145e-05)
(-2.02019e-08 -1.51038e-08 1.90951e-05)
(-8.79705e-09 -1.95434e-09 4.60047e-05)
(-3.03612e-09 -1.02725e-09 7.03552e-05)
(-4.8293e-09 -5.18229e-10 8.27221e-05)
(-1.41976e-09 4.53553e-10 8.68807e-05)
(-1.1834e-09 9.47735e-10 8.68809e-05)
(1.12967e-09 -1.03243e-09 8.27215e-05)
(-2.01096e-10 1.60843e-09 7.03548e-05)
(4.97688e-09 9.43757e-10 4.60043e-05)
(1.48522e-08 -1.18017e-08 1.9095e-05)
(-8.85023e-10 3.13242e-10 1.90947e-05)
(2.29628e-09 -1.69571e-09 4.60037e-05)
(1.3687e-09 1.96039e-09 7.03545e-05)
(-1.33182e-09 8.30044e-10 8.27208e-05)
(-6.10482e-10 -5.24339e-10 8.68805e-05)
(-1.60519e-09 -6.56745e-10 8.68803e-05)
(1.78189e-09 2.39512e-10 8.27208e-05)
(1.93744e-09 1.98163e-09 7.03544e-05)
(-1.60375e-09 -1.66391e-09 4.60037e-05)
(2.34262e-09 1.58732e-09 1.90947e-05)
(-4.46237e-09 4.24606e-09 4.9115e-05)
(4.06888e-10 -2.94994e-09 9.01625e-05)
(-4.67253e-10 2.01681e-09 0.000104249)
(-2.70814e-10 7.40428e-10 0.000108045)
(3.1232e-10 2.70369e-10 0.000108884)
(-5.50267e-10 -4.16687e-10 0.000108884)
(-8.17126e-10 -1.08592e-09 0.000108045)
(-5.18382e-10 1.27635e-09 0.000104249)
(1.41591e-11 -2.03886e-09 9.01629e-05)
(4.85123e-09 4.88251e-09 4.91149e-05)
(2.07356e-09 1.28944e-09 7.45775e-05)
(3.67029e-09 -3.77441e-09 0.000105092)
(1.43227e-09 1.59397e-09 0.000109578)
(1.82214e-09 3.58331e-10 0.000110137)
(-2.01375e-10 4.7159e-10 0.000110211)
(-6.83507e-10 5.40727e-10 0.000110211)
(-3.74883e-10 -9.10931e-12 0.000110138)
(-3.56168e-10 6.55843e-10 0.000109578)
(-3.8573e-09 -3.95539e-09 0.000105092)
(-1.24562e-09 2.66758e-09 7.45773e-05)
(2.55446e-09 -2.27482e-09 8.61147e-05)
(2.07649e-09 -8.51748e-10 0.000108471)
(5.49097e-10 2.06955e-09 0.000110154)
(1.07488e-09 1.08673e-09 0.000110252)
(3.06626e-10 1.57921e-10 0.000110258)
(8.20589e-10 8.40335e-10 0.000110257)
(-4.08298e-10 1.41969e-09 0.000110252)
(9.87783e-11 1.76227e-09 0.000110154)
(-2.03061e-09 -1.90445e-09 0.000108471)
(-3.05226e-09 -9.26985e-10 8.61136e-05)
(9.0028e-10 -1.60092e-09 9.01092e-05)
(-5.70375e-10 1.99406e-10 0.000109181)
(-9.00618e-10 8.66427e-10 0.000110221)
(2.20878e-10 5.63183e-10 0.000110257)
(6.89052e-11 9.14175e-10 0.000110258)
(2.20805e-11 8.85162e-11 0.000110259)
(8.91327e-12 9.02921e-11 0.000110258)
(7.92621e-10 1.15369e-09 0.00011022)
(2.34084e-10 8.921e-11 0.000109181)
(-3.79393e-10 1.13662e-10 9.01089e-05)
(4.84888e-10 -9.16657e-10 9.0109e-05)
(-2.30067e-10 -1.91434e-10 0.000109181)
(-1.43209e-09 1.76825e-11 0.000110221)
(-3.14779e-11 -6.71067e-10 0.000110258)
(1.22796e-10 3.13623e-10 0.000110259)
(-8.78944e-13 -2.88718e-10 0.000110259)
(4.27141e-10 -5.20956e-10 0.000110258)
(1.02799e-09 2.25771e-10 0.000110221)
(1.21384e-09 2.84371e-10 0.000109181)
(7.96969e-11 2.90315e-10 9.01088e-05)
(5.44857e-10 -1.62339e-09 8.6115e-05)
(1.50066e-09 1.93962e-09 0.000108471)
(2.79078e-10 2.33842e-10 0.000110155)
(6.16027e-10 -7.09483e-10 0.000110252)
(5.15884e-10 -7.00012e-10 0.000110257)
(1.7652e-10 5.14729e-10 0.000110257)
(6.47074e-10 -1.50429e-09 0.000110252)
(2.05944e-10 8.99593e-10 0.000110155)
(-5.63649e-10 1.94427e-09 0.000108471)
(-8.00169e-10 2.03126e-09 8.61141e-05)
(-1.21946e-09 -2.63097e-09 7.45782e-05)
(2.9691e-09 2.07535e-09 0.000105092)
(2.8635e-09 2.34072e-09 0.000109578)
(-4.59273e-10 -1.30457e-09 0.000110137)
(-1.75833e-10 -4.438e-10 0.000110211)
(-8.43244e-10 -2.93476e-10 0.000110211)
(-9.398e-10 -9.80003e-10 0.000110137)
(-2.94803e-09 1.7921e-09 0.000109578)
(-3.97977e-09 2.27864e-09 0.000105092)
(-1.34879e-09 2.10386e-09 7.45776e-05)
(-2.9042e-09 -2.83427e-09 4.91154e-05)
(-6.36377e-10 -1.10688e-09 9.01626e-05)
(2.0588e-09 2.57462e-09 0.000104248)
(1.8559e-10 -7.52356e-10 0.000108044)
(-1.21573e-11 1.0953e-10 0.000108883)
(-9.00643e-10 -8.52965e-11 0.000108883)
(-1.39558e-09 7.6671e-11 0.000108044)
(-3.46153e-09 3.88588e-09 0.000104248)
(-1.3951e-09 5.37679e-10 9.01622e-05)
(7.71331e-10 -1.0241e-09 4.91145e-05)
(3.65302e-10 -1.90437e-10 1.9095e-05)
(-3.906e-09 -2.90219e-09 4.60043e-05)
(-1.18361e-09 8.41201e-10 7.0354e-05)
(-6.54217e-10 -2.45178e-10 8.2721e-05)
(-2.27184e-09 2.43104e-10 8.68794e-05)
(2.61947e-10 6.91548e-10 8.68799e-05)
(-1.07986e-09 -5.80416e-12 8.27204e-05)
(-1.19114e-09 2.68511e-09 7.03537e-05)
(1.61786e-09 -2.47947e-10 4.60039e-05)
(9.56982e-10 -1.0393e-09 1.90947e-05)
(-3.42278e-10 -2.23761e-10 1.90952e-05)
(7.86589e-09 -5.27021e-09 4.60046e-05)
(2.63288e-09 1.61164e-09 7.03547e-05)
(-2.80985e-10 9.82257e-10 8.27216e-05)
(3.21963e-10 -2.29162e-10 8.68812e-05)
(-2.26012e-09 -5.02932e-10 8.68813e-05)
(1.25442e-09 5.61614e-10 8.27217e-05)
(-2.2989e-09 2.40766e-09 7.03547e-05)
(-7.98701e-09 -5.9537e-09 4.60047e-05)
(1.08953e-09 5.96026e-11 1.90949e-05)
(1.4035e-09 -2.20262e-09 4.91141e-05)
(3.23932e-09 -5.03445e-09 9.01629e-05)
(-1.9491e-10 2.58284e-09 0.000104249)
(6.24541e-10 4.85908e-10 0.000108045)
(7.74495e-10 -7.31838e-10 0.000108884)
(1.95108e-11 -2.95487e-10 0.000108885)
(2.16254e-10 1.79101e-10 0.000108045)
(1.15984e-10 1.81538e-09 0.000104248)
(-8.77585e-10 -5.2508e-09 9.01628e-05)
(3.69752e-09 1.98507e-09 4.9114e-05)
(5.13507e-12 -4.67338e-11 7.45752e-05)
(1.38892e-10 -3.10988e-09 0.000105091)
(-1.38833e-09 1.22004e-09 0.000109579)
(-4.97104e-11 -5.02136e-10 0.000110138)
(2.87374e-10 -8.81833e-11 0.000110211)
(7.25029e-10 5.28841e-10 0.000110212)
(5.28977e-11 1.31162e-10 0.000110138)
(5.63688e-10 3.75464e-10 0.000109578)
(-1.35975e-09 -4.04481e-09 0.000105091)
(-9.0319e-11 2.57909e-09 7.45752e-05)
(1.10462e-09 -6.76327e-10 8.61132e-05)
(9.51099e-10 -8.53539e-10 0.000108471)
(2.55708e-11 5.53049e-10 0.000110154)
(4.40574e-10 3.43251e-10 0.000110253)
(3.96586e-10 6.97429e-10 0.000110258)
(7.15713e-10 7.55047e-10 0.000110258)
(-2.12201e-10 5.43233e-10 0.000110252)
(5.18314e-10 9.59169e-10 0.000110155)
(-7.96923e-10 -2.47483e-09 0.000108471)
(-1.66756e-09 -3.08744e-10 8.61131e-05)
(3.07773e-10 -9.15745e-10 9.0108e-05)
(-7.94789e-10 3.81809e-10 0.00010918)
(-1.01701e-09 5.41207e-10 0.00011022)
(-3.46664e-10 4.3551e-10 0.000110258)
(-3.31313e-11 6.44004e-10 0.000110259)
(5.48372e-10 5.6656e-10 0.000110259)
(3.46204e-10 1.03218e-11 0.000110258)
(8.095e-10 2.10184e-10 0.00011022)
(-1.32402e-11 -8.34482e-10 0.00010918)
(-7.4955e-10 -2.68578e-10 9.01076e-05)
(-2.57009e-10 1.84285e-09 9.01084e-05)
(-8.05583e-10 2.02472e-10 0.00010918)
(-1.02203e-09 4.5948e-10 0.000110221)
(-5.26529e-10 -6.33562e-10 0.000110258)
(1.86847e-10 9.37544e-12 0.000110259)
(3.18519e-10 2.48061e-10 0.000110259)
(9.33974e-10 -2.66569e-10 0.000110258)
(1.38907e-09 1.63018e-10 0.00011022)
(1.56131e-10 7.07405e-10 0.00010918)
(-4.39059e-10 -3.50144e-10 9.01081e-05)
(1.10078e-09 7.08066e-10 8.61135e-05)
(9.56793e-10 2.18063e-09 0.000108471)
(1.70086e-10 1.2608e-09 0.000110155)
(6.30683e-10 -8.7299e-10 0.000110253)
(4.14184e-10 -3.48703e-10 0.000110258)
(1.01603e-10 -2.68285e-10 0.000110258)
(9.88393e-10 -9.84689e-10 0.000110252)
(6.65343e-10 -5.14378e-11 0.000110154)
(-6.36641e-10 2.66309e-09 0.000108471)
(-1.61607e-10 4.14597e-10 8.61129e-05)
(9.53631e-10 2.87463e-09 7.45762e-05)
(6.76573e-10 1.6911e-09 0.000105092)
(9.22965e-10 1.65408e-09 0.000109578)
(7.85557e-10 -1.11648e-09 0.000110137)
(5.56269e-10 -3.97476e-10 0.000110211)
(-1.40406e-10 -4.91942e-10 0.000110211)
(5.09937e-10 -9.05333e-10 0.000110138)
(-1.16318e-09 1.933e-09 0.000109578)
(-2.12618e-09 1.86482e-09 0.000105092)
(-8.52465e-10 1.5509e-09 7.45749e-05)
(2.88954e-09 3.33485e-09 4.91148e-05)
(2.80986e-09 1.0413e-09 9.01634e-05)
(4.49435e-09 3.32289e-09 0.000104248)
(2.32182e-09 -4.45539e-10 0.000108045)
(5.51333e-10 -7.16418e-10 0.000108884)
(3.58434e-10 -3.79483e-10 0.000108884)
(-1.81378e-10 -3.58294e-10 0.000108045)
(-1.65946e-09 3.55322e-09 0.000104249)
(-6.49934e-10 3.42987e-10 9.01631e-05)
(-1.43839e-09 1.66094e-09 4.91145e-05)
(-3.77695e-09 -2.87483e-09 1.90954e-05)
(-1.18195e-10 1.48651e-10 4.60049e-05)
(4.49074e-09 3.66622e-09 7.03554e-05)
(2.79206e-09 7.12828e-10 8.27214e-05)
(-1.31118e-10 -3.78316e-10 8.6881e-05)
(-3.53156e-10 -2.07599e-10 8.68808e-05)
(-2.92307e-09 1.51748e-10 8.27216e-05)
(-3.55424e-09 2.10493e-09 7.03555e-05)
(-3.07004e-09 1.37469e-09 4.60049e-05)
(-2.27147e-09 1.60384e-09 1.90954e-05)
(-1.48112e-08 1.02261e-08 1.90949e-05)
(-6.98822e-09 1.53252e-09 4.60045e-05)
(-3.97869e-09 2.56461e-09 7.0355e-05)
(-5.66916e-09 2.50219e-10 8.27222e-05)
(-5.91321e-10 -1.71552e-09 8.68811e-05)
(-5.64936e-10 -1.0791e-09 8.68813e-05)
(9.95318e-10 2.66978e-10 8.27224e-05)
(-3.35215e-10 -8.66891e-10 7.03549e-05)
(1.83516e-09 -2.12531e-09 4.60049e-05)
(1.20402e-08 9.35604e-09 1.90951e-05)
(-4.14949e-09 7.72583e-09 4.91135e-05)
(2.76081e-11 1.51265e-10 9.01629e-05)
(-1.28287e-09 1.1881e-09 0.000104248)
(3.66176e-10 -5.40635e-10 0.000108045)
(7.4811e-10 -2.13493e-09 0.000108885)
(3.42123e-10 -1.24075e-09 0.000108884)
(1.41578e-09 2.47533e-10 0.000108045)
(9.61611e-10 -1.76127e-09 0.000104248)
(5.87492e-10 -2.02431e-09 9.01628e-05)
(6.56279e-09 9.28624e-09 4.91139e-05)
(-1.3075e-09 4.21204e-09 7.45748e-05)
(-3.71871e-10 1.12352e-09 0.000105092)
(-6.77756e-10 8.55903e-11 0.000109578)
(-2.10955e-11 1.27847e-11 0.000110138)
(-5.28272e-11 -1.0692e-09 0.000110212)
(-9.56794e-11 -7.8587e-10 0.000110212)
(-5.76588e-10 -1.10359e-09 0.000110138)
(-1.36344e-10 -1.61649e-09 0.000109578)
(-2.51468e-10 -7.55584e-11 0.000105092)
(1.81098e-09 5.10487e-09 7.4576e-05)
(3.29785e-10 2.61969e-09 8.61126e-05)
(2.40704e-10 9.53148e-10 0.000108471)
(7.51456e-10 2.45301e-10 0.000110154)
(3.76876e-10 -8.97535e-11 0.000110253)
(-5.87916e-10 -3.09049e-11 0.000110258)
(-5.92445e-11 -2.79451e-10 0.000110258)
(-8.91975e-10 -3.34947e-10 0.000110252)
(-7.98783e-10 -4.83881e-10 0.000110155)
(-1.84764e-09 -5.96946e-10 0.00010847)
(-7.006e-10 3.15903e-09 8.61134e-05)
(3.83789e-10 -1.29376e-10 9.01078e-05)
(-1.17925e-10 -2.56081e-11 0.00010918)
(-3.09159e-10 7.36374e-10 0.000110221)
(-1.89525e-10 -2.01951e-10 0.000110258)
(-4.16176e-10 1.40487e-10 0.000110259)
(-2.26832e-10 2.25178e-10 0.000110259)
(-1.6524e-10 1.21179e-10 0.000110258)
(1.76903e-10 4.05298e-10 0.000110221)
(-1.09324e-09 -2.74226e-10 0.00010918)
(-1.08225e-09 7.00399e-10 9.01077e-05)
(7.99323e-11 1.46788e-09 9.01078e-05)
(2.05749e-10 2.7524e-10 0.00010918)
(5.09209e-10 5.62514e-10 0.00011022)
(1.51535e-10 -6.0424e-10 0.000110258)
(-1.81135e-11 -8.42e-10 0.000110259)
(2.22653e-10 3.99005e-11 0.000110259)
(5.93497e-11 -5.23577e-10 0.000110258)
(9.94033e-11 -2.28913e-10 0.00011022)
(-2.63981e-10 4.34362e-10 0.00010918)
(-4.41437e-10 1.52808e-09 9.01077e-05)
(1.22587e-09 -1.006e-09 8.61122e-05)
(1.38454e-09 2.12864e-10 0.000108471)
(6.40752e-10 5.99046e-10 0.000110155)
(6.21951e-10 -1.06433e-10 0.000110253)
(2.04041e-10 -4.23477e-10 0.000110258)
(3.63622e-10 5.72287e-10 0.000110258)
(-6.03961e-10 -1.72254e-10 0.000110253)
(2.06795e-10 1.45109e-10 0.000110154)
(-1.6403e-10 -1.85877e-10 0.000108471)
(-1.0171e-09 -1.25868e-09 8.61131e-05)
(6.15514e-10 -1.98361e-09 7.45752e-05)
(1.03778e-09 1.61855e-09 0.000105092)
(-5.57477e-10 -5.54142e-10 0.000109577)
(4.53919e-10 -5.7819e-10 0.000110138)
(1.83085e-10 -3.65061e-10 0.000110212)
(4.43774e-10 3.2266e-10 0.000110212)
(8.77617e-11 -2.82485e-10 0.000110138)
(1.55859e-09 -1.19183e-09 0.000109578)
(-5.10497e-10 8.64197e-10 0.000105092)
(-1.28904e-10 -2.39289e-09 7.45749e-05)
(-2.02809e-09 -5.79318e-09 4.91138e-05)
(3.86183e-09 4.35977e-09 9.0163e-05)
(1.38529e-09 -7.45046e-11 0.000104249)
(1.59275e-09 -1.01635e-09 0.000108045)
(1.16352e-09 6.64457e-10 0.000108885)
(7.52618e-10 4.4727e-10 0.000108885)
(8.38747e-10 -5.66856e-10 0.000108045)
(7.99429e-10 1.51808e-10 0.000104248)
(-2.16511e-09 4.57854e-09 9.01631e-05)
(3.69911e-09 -7.16958e-09 4.91141e-05)
(-9.64398e-09 -6.9276e-09 1.90949e-05)
(-4.50721e-09 5.04411e-10 4.60043e-05)
(-1.60912e-09 -3.5813e-10 7.03558e-05)
(-2.78525e-09 -2.91101e-10 8.2722e-05)
(-1.20055e-09 1.03002e-09 8.68818e-05)
(-6.1458e-10 5.6236e-10 8.68813e-05)
(1.02619e-09 -1.56527e-10 8.27223e-05)
(-9.6076e-10 1.63251e-09 7.03559e-05)
(3.04648e-09 1.80655e-09 4.60047e-05)
(1.03272e-08 -8.39558e-09 1.90952e-05)
(-1.48259e-08 1.12041e-08 1.90947e-05)
(-1.75002e-09 -1.58174e-09 4.60041e-05)
(1.44707e-09 -7.25756e-10 7.03544e-05)
(-1.75052e-09 2.10442e-10 8.27211e-05)
(-1.10937e-10 -7.7475e-10 8.68804e-05)
(-4.46227e-10 -4.80441e-10 8.68805e-05)
(1.56685e-09 3.24309e-11 8.27215e-05)
(-1.82192e-10 -1.24368e-10 7.03539e-05)
(4.88419e-09 -8.07802e-10 4.6004e-05)
(1.32505e-08 9.51163e-09 1.90948e-05)
(-4.36503e-09 7.44537e-09 4.91144e-05)
(6.43666e-11 -2.55181e-09 9.01626e-05)
(-1.70779e-10 -1.51699e-09 0.000104248)
(1.61964e-09 2.88014e-11 0.000108045)
(7.53986e-10 -8.96041e-10 0.000108884)
(4.32192e-10 -4.2142e-10 0.000108884)
(9.29908e-10 -9.05667e-11 0.000108044)
(6.09361e-10 1.37184e-11 0.000104248)
(-4.65128e-10 -1.71136e-09 9.01627e-05)
(4.70115e-09 7.89367e-09 4.91144e-05)
(-5.00867e-10 3.94367e-09 7.45766e-05)
(1.06929e-09 -1.76044e-09 0.000105092)
(-1.18966e-09 -1.50914e-09 0.000109578)
(-8.10308e-10 -5.06108e-10 0.000110137)
(-4.56514e-10 -5.79855e-10 0.000110211)
(2.25552e-10 -5.74561e-10 0.000110211)
(-1.72912e-10 -7.82062e-10 0.000110137)
(5.67251e-10 1.40386e-11 0.000109578)
(-5.76128e-10 -5.12172e-10 0.000105092)
(2.10836e-10 2.99301e-09 7.45775e-05)
(5.80311e-10 3.04685e-09 8.6114e-05)
(1.29203e-09 -5.31153e-10 0.000108471)
(8.52992e-10 -1.22622e-09 0.000110155)
(5.42414e-10 -6.23723e-10 0.000110252)
(3.03671e-10 -4.13975e-10 0.000110258)
(4.51097e-10 -1.15116e-10 0.000110258)
(-1.27247e-10 -2.69178e-10 0.000110253)
(-2.08957e-10 6.77422e-11 0.000110155)
(-1.38291e-09 -1.00192e-09 0.000108471)
(-4.95188e-10 2.05418e-09 8.61144e-05)
(7.36107e-10 -2.69091e-10 9.01083e-05)
(4.15634e-10 -1.08835e-10 0.000109181)
(-2.4801e-11 -9.25893e-11 0.000110221)
(-2.71545e-11 5.84027e-10 0.000110258)
(2.67012e-10 3.79939e-10 0.000110259)
(4.62757e-10 -1.81447e-10 0.000110259)
(-4.16068e-10 1.19752e-10 0.000110258)
(1.22962e-11 1.46881e-10 0.00011022)
(-2.74842e-10 -4.71468e-10 0.00010918)
(-5.92282e-10 -3.25873e-10 9.01087e-05)
(3.43418e-10 1.26907e-09 9.01081e-05)
(5.96915e-10 5.78342e-10 0.000109181)
(1.16263e-09 -5.16862e-10 0.00011022)
(-4.9673e-12 4.00763e-10 0.000110258)
(-6.91066e-10 1.27479e-10 0.000110259)
(9.35567e-11 -8.46908e-10 0.000110259)
(-5.1861e-10 -1.41594e-10 0.000110258)
(-4.65155e-10 -1.47546e-10 0.00011022)
(-5.22029e-10 -1.04142e-10 0.000109181)
(-5.3594e-10 1.00085e-09 9.01083e-05)
(1.94927e-09 -8.96368e-10 8.6113e-05)
(1.54399e-09 5.35372e-10 0.000108471)
(9.04067e-10 -1.5761e-10 0.000110155)
(1.23984e-09 1.22237e-11 0.000110253)
(-1.23292e-10 1.23031e-10 0.000110258)
(5.12659e-10 5.4199e-10 0.000110258)
(-7.46638e-10 4.96156e-10 0.000110253)
(-1.45335e-10 8.24295e-10 0.000110154)
(-9.14759e-11 8.98477e-11 0.000108471)
(-8.96905e-10 -1.5684e-09 8.61131e-05)
(2.16793e-09 -1.3814e-09 7.45766e-05)
(1.5932e-09 1.46969e-09 0.000105092)
(-1.02112e-09 -5.03065e-10 0.000109578)
(-1.43588e-10 -2.15104e-10 0.000110138)
(-6.8001e-10 1.55851e-10 0.000110211)
(5.30211e-10 4.34646e-10 0.000110211)
(1.01902e-10 4.5715e-11 0.000110137)
(2.06351e-09 -8.40017e-11 0.000109578)
(-1.06854e-09 1.5457e-09 0.000105092)
(-1.51351e-09 -2.15591e-09 7.45763e-05)
(-4.62855e-09 -9.38918e-09 4.91139e-05)
(2.8838e-09 3.87914e-09 9.01626e-05)
(8.95979e-11 3.32585e-10 0.000104249)
(8.02583e-11 -4.99801e-10 0.000108045)
(4.44652e-10 7.49524e-10 0.000108884)
(4.49084e-10 -6.56346e-10 0.000108884)
(7.39152e-10 -1.42749e-09 0.000108045)
(3.87264e-10 1.2127e-09 0.000104249)
(-2.92109e-09 5.29577e-09 9.01628e-05)
(2.9716e-09 -6.21819e-09 4.91138e-05)
(-1.98729e-08 -1.56352e-08 1.90946e-05)
(-4.46273e-09 1.01273e-09 4.60039e-05)
(-1.34528e-09 -3.21948e-10 7.03545e-05)
(-3.80348e-09 -6.17166e-11 8.2721e-05)
(-4.55464e-10 6.37959e-10 8.68806e-05)
(-2.1496e-09 -2.18472e-10 8.68808e-05)
(-6.13668e-10 -7.09733e-10 8.27211e-05)
(-3.46012e-09 2.10867e-09 7.03544e-05)
(1.09048e-09 2.77064e-09 4.60038e-05)
(1.30631e-08 -9.66927e-09 1.90947e-05)
(-4.15812e-09 4.20048e-09 1.90952e-05)
(-4.25502e-09 1.22998e-09 4.60047e-05)
(-3.32879e-09 -1.2529e-09 7.03548e-05)
(-2.36529e-09 7.24329e-11 8.27214e-05)
(-1.50886e-09 -8.36565e-10 8.68808e-05)
(7.45518e-10 -2.98316e-10 8.68811e-05)
(-1.50259e-09 -6.79924e-10 8.27215e-05)
(-2.04946e-09 -2.79234e-09 7.03552e-05)
(9.42607e-10 -1.00959e-09 4.60044e-05)
(-7.89287e-10 5.91756e-10 1.90952e-05)
(2.85846e-09 -4.30394e-10 4.91139e-05)
(3.93381e-09 -1.78007e-09 9.01621e-05)
(3.40467e-09 -2.82249e-09 0.000104248)
(1.89129e-09 1.56705e-11 0.000108045)
(3.74221e-10 -8.50891e-10 0.000108884)
(-2.94532e-10 -5.71577e-11 0.000108884)
(-2.2378e-09 1.82009e-11 0.000108045)
(-4.37323e-09 -3.76846e-09 0.000104249)
(-5.48746e-09 -2.83106e-09 9.01631e-05)
(-4.17056e-09 -2.39565e-09 4.91142e-05)
(1.33085e-09 -2.10181e-09 7.45756e-05)
(2.52516e-09 -9.8293e-10 0.000105091)
(1.48597e-09 -8.90226e-10 0.000109578)
(4.11753e-10 2.12903e-11 0.000110138)
(4.15629e-10 -3.70379e-10 0.000110211)
(-6.9722e-10 -3.2532e-11 0.000110212)
(-1.39473e-09 3.16468e-10 0.000110137)
(-1.89455e-09 -1.89335e-09 0.000109578)
(-2.21083e-09 -1.23478e-09 0.000105092)
(-2.48054e-09 -4.41634e-09 7.45758e-05)
(5.05397e-11 1.64925e-09 8.61133e-05)
(-3.68784e-11 -9.09455e-12 0.000108471)
(1.21996e-11 -9.32904e-11 0.000110155)
(1.75104e-10 -4.70596e-10 0.000110252)
(-4.96834e-10 3.25253e-10 0.000110258)
(2.09675e-10 2.63454e-10 0.000110258)
(1.53971e-09 -5.40096e-10 0.000110253)
(1.15237e-09 -1.49291e-09 0.000110154)
(1.17172e-09 -1.20523e-09 0.000108471)
(1.34947e-09 1.51479e-09 8.61132e-05)
(1.07696e-09 -7.37104e-10 9.01083e-05)
(9.33982e-10 3.10236e-10 0.000109181)
(2.17996e-10 -9.77006e-11 0.000110221)
(6.06274e-10 -7.70764e-11 0.000110258)
(2.45698e-10 2.5216e-10 0.000110259)
(-2.21001e-10 5.20262e-10 0.000110259)
(1.57034e-10 -3.65347e-10 0.000110258)
(4.81891e-10 -7.77293e-10 0.00011022)
(-2.56887e-10 -6.02759e-10 0.000109181)
(-3.62012e-10 4.19357e-10 9.01083e-05)
(1.13083e-09 2.3653e-10 9.01083e-05)
(5.14688e-10 8.18314e-10 0.000109181)
(3.3133e-10 -4.47998e-10 0.00011022)
(2.15333e-10 2.54481e-10 0.000110258)
(-4.48037e-10 5.67457e-11 0.000110259)
(4.92015e-10 3.32929e-10 0.000110259)
(3.47822e-10 1.10436e-10 0.000110258)
(-4.09415e-10 -6.73282e-10 0.00011022)
(-8.11957e-10 -3.28652e-10 0.000109181)
(-2.99525e-10 -1.8879e-10 9.01084e-05)
(1.00771e-09 -1.80646e-09 8.61133e-05)
(4.83109e-11 6.63595e-10 0.000108471)
(-6.9571e-10 -6.48849e-10 0.000110155)
(6.2868e-10 1.05793e-09 0.000110253)
(-3.81838e-10 -1.38364e-10 0.000110258)
(4.26471e-10 2.65017e-10 0.000110258)
(-1.08144e-10 1.10716e-09 0.000110252)
(1.8558e-09 -8.26357e-10 0.000110154)
(1.60237e-09 1.78369e-10 0.000108471)
(-8.81384e-10 -3.47745e-10 8.61135e-05)
(1.93129e-09 -1.04187e-09 7.45765e-05)
(2.05218e-09 2.68856e-09 0.000105092)
(-5.94965e-10 -1.12811e-09 0.000109578)
(1.34905e-11 6.71177e-10 0.000110137)
(-5.72849e-10 -2.14621e-10 0.000110211)
(-3.94153e-11 -6.10004e-11 0.000110211)
(-9.73785e-10 1.3212e-09 0.000110137)
(8.23144e-10 -4.96225e-10 0.000109578)
(-3.36232e-09 2.65055e-09 0.000105091)
(-3.44791e-09 7.08705e-10 7.45767e-05)
(-1.43832e-09 -4.90581e-09 4.91141e-05)
(5.43973e-09 8.36333e-09 9.01629e-05)
(5.7895e-10 1.69618e-09 0.000104249)
(-2.98591e-10 -6.47689e-10 0.000108045)
(4.36002e-10 6.35563e-10 0.000108884)
(-2.21986e-10 -3.75589e-10 0.000108884)
(3.22745e-10 -1.76116e-10 0.000108045)
(5.0916e-10 1.60514e-09 0.000104248)
(-3.77153e-09 6.27423e-09 9.01626e-05)
(3.67541e-09 -7.04397e-09 4.91143e-05)
(-1.11597e-08 -8.3277e-09 1.90949e-05)
(3.9262e-09 7.05442e-09 4.60042e-05)
(5.11453e-09 2.77808e-09 7.03542e-05)
(5.71854e-10 2.28545e-11 8.27211e-05)
(2.08157e-09 7.12309e-11 8.68802e-05)
(1.00699e-10 -4.62237e-10 8.68806e-05)
(1.90893e-09 -7.196e-10 8.27216e-05)
(-1.57057e-09 2.10807e-09 7.03548e-05)
(2.13273e-09 3.05421e-09 4.60045e-05)
(1.34741e-08 -1.00059e-08 1.90951e-05)
(-1.54713e-08 1.18999e-08 1.90951e-05)
(-4.46368e-09 -4.40956e-10 4.60043e-05)
(-1.4566e-09 4.51359e-10 7.03551e-05)
(-1.4022e-09 -3.39187e-10 8.27215e-05)
(1.07565e-09 -7.79332e-10 8.68811e-05)
(-2.28373e-10 -1.78587e-10 8.68811e-05)
(2.04057e-09 1.00573e-09 8.27216e-05)
(-9.55525e-10 -4.05621e-10 7.0356e-05)
(3.15586e-09 -7.57444e-10 4.60046e-05)
(1.17097e-08 8.83035e-09 1.90952e-05)
(-5.42031e-09 8.44253e-09 4.91136e-05)
(-1.13156e-09 -1.55812e-09 9.01623e-05)
(-8.25722e-10 -7.03135e-10 0.000104249)
(3.21454e-10 -4.89706e-10 0.000108046)
(4.11735e-11 -1.3909e-09 0.000108884)
(1.17508e-09 -2.08305e-10 0.000108884)
(1.4761e-09 7.20208e-10 0.000108046)
(3.15168e-09 1.57501e-11 0.000104249)
(3.21251e-09 -7.37038e-10 9.01632e-05)
(6.58651e-09 9.90216e-09 4.9114e-05)
(-1.06287e-09 4.27862e-09 7.45752e-05)
(1.07734e-10 -9.41171e-10 0.000105092)
(-8.68781e-10 -7.12905e-10 0.000109578)
(-9.12731e-11 -1.66096e-09 0.000110138)
(-1.48071e-10 -8.43704e-10 0.000110211)
(7.11684e-10 -9.99926e-10 0.000110211)
(1.36415e-09 -5.34617e-10 0.000110137)
(2.77542e-09 -3.54017e-10 0.000109577)
(4.65749e-10 -1.05853e-09 0.000105091)
(1.82474e-09 6.13733e-09 7.45752e-05)
(9.6742e-10 3.72844e-09 8.61128e-05)
(1.68588e-09 -8.01857e-10 0.000108471)
(3.94053e-10 -4.35134e-10 0.000110155)
(1.98809e-10 -1.13753e-09 0.000110252)
(-4.76727e-10 -7.44325e-10 0.000110258)
(-3.94434e-10 -1.33307e-09 0.000110258)
(-1.05759e-09 -1.12243e-09 0.000110252)
(-1.55921e-09 -7.28388e-10 0.000110154)
(-2.84362e-09 -1.11377e-09 0.000108471)
(-1.11756e-09 3.21366e-09 8.61126e-05)
(1.34128e-09 -9.84703e-11 9.01084e-05)
(1.24921e-09 -2.01366e-10 0.000109181)
(6.86306e-10 -7.79145e-11 0.00011022)
(2.15578e-10 1.97756e-11 0.000110258)
(-1.90006e-10 -1.53303e-10 0.000110259)
(-8.9048e-11 -5.97609e-10 0.000110259)
(-6.68842e-10 -6.20892e-10 0.000110258)
(-6.67919e-10 1.23052e-10 0.00011022)
(-1.8146e-09 1.7477e-10 0.000109181)
(-1.27063e-09 2.78864e-10 9.01078e-05)
(1.54089e-09 7.94215e-10 9.01082e-05)
(7.96008e-10 1.10135e-10 0.00010918)
(3.91574e-10 2.02575e-10 0.000110221)
(4.86162e-10 -7.36838e-10 0.000110258)
(-7.53051e-10 4.47606e-10 0.000110259)
(-5.25233e-11 -3.27258e-10 0.000110259)
(-3.77121e-10 -3.68191e-10 0.000110258)
(-4.91953e-10 -4.57466e-10 0.00011022)
(-6.45699e-10 4.96645e-10 0.000109181)
(-7.26772e-10 1.00679e-09 9.01082e-05)
(1.42405e-09 -2.0592e-09 8.61134e-05)
(1.05249e-09 1.38356e-10 0.000108471)
(-1.43693e-11 7.00314e-10 0.000110154)
(6.09867e-10 -8.16512e-11 0.000110252)
(-4.3009e-10 1.81397e-10 0.000110258)
(-9.46876e-11 2.25703e-10 0.000110258)
(-5.33161e-10 6.41787e-12 0.000110252)
(-6.53323e-10 4.31007e-10 0.000110155)
(-1.23221e-09 1.02933e-09 0.000108471)
(-9.27899e-10 -2.05042e-09 8.61139e-05)
(1.03403e-09 -2.53849e-09 7.45757e-05)
(-3.94977e-10 1.79324e-09 0.000105091)
(-2.54188e-09 -5.26777e-10 0.000109578)
(1.0527e-10 -4.95401e-10 0.000110137)
(-2.01681e-10 -2.51343e-10 0.000110211)
(5.09218e-10 2.89383e-10 0.000110211)
(-4.55444e-10 -1.10954e-09 0.000110137)
(1.12041e-09 -2.7132e-10 0.000109578)
(-1.15255e-09 1.74986e-09 0.000105092)
(-7.19454e-10 -3.15122e-09 7.45767e-05)
(-3.32064e-09 -8.50529e-09 4.91141e-05)
(4.9717e-09 5.83882e-09 9.01628e-05)
(1.74264e-09 8.91873e-10 0.000104248)
(1.41974e-09 -1.07015e-09 0.000108045)
(1.70117e-09 3.3803e-10 0.000108884)
(1.74077e-10 -2.44507e-10 0.000108884)
(7.75983e-10 -1.4342e-09 0.000108045)
(1.32139e-09 3.94821e-10 0.000104248)
(-3.15506e-09 4.79696e-09 9.01627e-05)
(3.69473e-09 -7.85277e-09 4.91151e-05)
(-1.55136e-08 -1.25352e-08 1.90951e-05)
(-1.88535e-09 2.69156e-09 4.60047e-05)
(1.5761e-09 1.09167e-09 7.03551e-05)
(-1.97929e-09 -2.38451e-10 8.27221e-05)
(-5.12335e-11 4.71106e-10 8.68805e-05)
(-5.39405e-10 -2.39521e-10 8.68807e-05)
(8.95406e-10 4.99576e-10 8.27217e-05)
(-2.47173e-09 1.57709e-09 7.03552e-05)
(6.29994e-10 3.25197e-09 4.60049e-05)
(1.28006e-08 -9.87799e-09 1.90954e-05)
(-1.49467e-08 1.07916e-08 1.90949e-05)
(-2.86404e-09 -2.29916e-09 4.60038e-05)
(-1.24529e-09 2.54115e-10 7.03544e-05)
(-2.19535e-09 -3.06321e-10 8.27211e-05)
(1.25516e-09 -1.30378e-09 8.68803e-05)
(-1.16589e-09 -4.26925e-10 8.68808e-05)
(1.64919e-09 8.27093e-10 8.27212e-05)
(-1.5062e-09 -5.9102e-10 7.0355e-05)
(3.7835e-10 -2.29149e-09 4.60045e-05)
(1.32577e-08 1.05143e-08 1.90951e-05)
(-5.86837e-09 8.99462e-09 4.91149e-05)
(-1.09825e-09 -2.8425e-09 9.01625e-05)
(-1.24994e-09 -1.22177e-09 0.000104248)
(-5.19719e-10 3.83691e-10 0.000108044)
(-3.96745e-10 -1.3184e-09 0.000108884)
(-1.87591e-10 -8.54262e-10 0.000108884)
(2.77421e-11 7.62135e-10 0.000108044)
(2.47167e-09 -4.57887e-10 0.000104248)
(1.30662e-09 -2.07184e-09 9.01627e-05)
(5.08333e-09 8.92269e-09 4.91148e-05)
(-1.76551e-09 5.85356e-09 7.45775e-05)
(-1.80769e-10 -5.28681e-10 0.000105093)
(-7.395e-10 -1.1736e-09 0.000109578)
(2.63336e-10 -1.08165e-09 0.000110137)
(-5.38669e-10 -8.86143e-10 0.000110211)
(6.26369e-11 -1.23567e-09 0.000110211)
(1.47978e-10 -6.0401e-10 0.000110137)
(1.59479e-09 -2.19867e-10 0.000109577)
(-4.13208e-11 -9.82947e-10 0.000105092)
(1.03782e-09 5.70117e-09 7.4577e-05)
(9.17875e-10 4.33031e-09 8.61138e-05)
(1.71913e-09 -1.46731e-10 0.000108471)
(4.64735e-10 -4.05629e-10 0.000110155)
(6.89592e-10 -1.48873e-09 0.000110252)
(2.62195e-10 -7.63717e-10 0.000110258)
(3.32479e-11 -8.11828e-10 0.000110257)
(-1.27749e-09 -1.18854e-09 0.000110252)
(-1.12766e-09 -1.00018e-09 0.000110154)
(-1.166e-09 -9.02196e-10 0.000108471)
(-3.98359e-11 4.24807e-09 8.61134e-05)
(1.14614e-09 2.57199e-10 9.01088e-05)
(1.27433e-09 -3.04965e-10 0.000109181)
(5.18641e-10 -2.71919e-11 0.000110221)
(1.98364e-10 8.24692e-11 0.000110258)
(-4.17096e-10 1.94376e-10 0.000110259)
(-1.28424e-10 -1.4836e-10 0.000110259)
(-2.86895e-10 -7.26973e-10 0.000110258)
(-1.68757e-11 -4.1137e-10 0.00011022)
(-1.05288e-09 -1.99216e-11 0.000109181)
(-1.27955e-09 5.33107e-10 9.01082e-05)
(1.19707e-09 1.04594e-09 9.01085e-05)
(1.0213e-09 3.42598e-11 0.000109181)
(4.19085e-10 2.41987e-10 0.000110221)
(1.12141e-10 -1.25352e-10 0.000110258)
(-2.92551e-10 -8.24246e-11 0.000110259)
(1.78772e-10 -2.87595e-10 0.000110259)
(1.41624e-10 -5.88188e-10 0.000110258)
(3.49684e-10 2.64496e-10 0.00011022)
(-9.52715e-10 8.05323e-10 0.00010918)
(-1.31018e-09 1.22372e-09 9.01085e-05)
(1.81516e-09 -2.42123e-09 8.61141e-05)
(2.12488e-09 -6.16569e-10 0.000108471)
(1.25932e-09 1.00549e-09 0.000110155)
(1.02614e-09 -1.5852e-10 0.000110252)
(-3.72775e-10 -2.10998e-12 0.000110257)
(-3.40767e-10 -5.32516e-12 0.000110258)
(-6.23906e-10 -2.12385e-10 0.000110252)
(-4.34634e-10 1.07389e-09 0.000110155)
(-1.70064e-09 1.20515e-09 0.000108471)
(-1.38499e-09 -1.3801e-09 8.61136e-05)
(-3.17272e-10 -4.64436e-09 7.45775e-05)
(3.49338e-10 4.46262e-10 0.000105092)
(-1.51803e-09 -5.35104e-10 0.000109578)
(-4.93712e-10 5.30555e-11 0.000110137)
(-1.26611e-09 3.67978e-11 0.000110211)
(-3.44093e-10 -3.49978e-11 0.000110211)
(-5.64442e-10 -1.00944e-09 0.000110137)
(1.71502e-09 -5.78735e-11 0.000109577)
(-3.83332e-10 1.8013e-09 0.000105092)
(-1.01049e-09 -2.636e-09 7.45769e-05)
(-6.06007e-09 -1.09186e-08 4.91147e-05)
(4.29628e-10 2.99996e-09 9.01633e-05)
(-6.48144e-10 6.99132e-10 0.000104248)
(-2.31675e-10 2.2668e-10 0.000108045)
(-4.20753e-10 7.04378e-10 0.000108884)
(1.43171e-10 -9.96132e-11 0.000108884)
(7.15987e-10 -1.26894e-09 0.000108045)
(4.66488e-10 1.24971e-09 0.000104248)
(-2.58134e-09 4.7241e-09 9.01627e-05)
(3.78047e-09 -7.15818e-09 4.91141e-05)
(-1.56299e-08 -1.26934e-08 1.9095e-05)
(-6.45507e-09 -4.60323e-10 4.60043e-05)
(-1.41595e-09 6.80775e-10 7.03547e-05)
(-3.94948e-09 -7.19334e-11 8.27214e-05)
(-9.72447e-10 8.1259e-10 8.68804e-05)
(-1.65865e-09 6.26997e-11 8.68804e-05)
(-1.8139e-10 6.30457e-10 8.27208e-05)
(-1.99144e-09 2.06107e-09 7.03542e-05)
(2.94171e-10 3.24752e-09 4.60046e-05)
(1.14901e-08 -9.08606e-09 1.90949e-05)
(-1.1051e-08 8.20797e-09 1.9095e-05)
(1.81244e-09 -4.21954e-09 4.60043e-05)
(4.02204e-09 -1.83092e-09 7.03548e-05)
(1.97433e-09 -1.08954e-09 8.27214e-05)
(2.70866e-09 -1.3715e-10 8.68809e-05)
(3.3132e-10 5.28655e-10 8.68807e-05)
(8.04875e-10 2.71987e-10 8.27219e-05)
(-1.83981e-09 -4.40116e-10 7.03551e-05)
(-1.91089e-09 -4.43875e-09 4.60045e-05)
(8.74068e-09 6.92932e-09 1.90951e-05)
(1.80095e-09 3.23357e-10 4.91151e-05)
(8.9292e-09 -9.21246e-09 9.01629e-05)
(3.14936e-09 -6.06748e-10 0.000104248)
(3.64579e-10 1.92726e-10 0.000108045)
(9.14325e-10 4.17554e-10 0.000108884)
(3.4708e-10 1.65385e-10 0.000108884)
(-1.17597e-10 1.3304e-12 0.000108045)
(7.51757e-10 -3.16692e-10 0.000104249)
(-2.14767e-09 -6.49211e-09 9.01623e-05)
(4.5447e-09 6.84372e-09 4.91144e-05)
(1.77274e-09 -9.74617e-10 7.45766e-05)
(1.88924e-09 -5.37916e-09 0.000105092)
(-1.26785e-09 8.05967e-10 0.000109578)
(-1.11634e-10 -2.45184e-10 0.000110137)
(-4.92734e-10 -1.12232e-10 0.000110211)
(3.75327e-10 -6.35263e-10 0.000110211)
(-5.78686e-10 -4.27873e-10 0.000110137)
(7.81071e-10 5.2492e-11 0.000109578)
(-8.44191e-10 -3.38654e-09 0.000105091)
(-3.84073e-11 3.28874e-09 7.45763e-05)
(-1.98814e-11 2.83572e-09 8.61139e-05)
(-8.02964e-10 -2.29591e-09 0.000108471)
(-1.23423e-09 -6.15155e-11 0.000110154)
(1.00881e-10 -5.1344e-10 0.000110252)
(-3.58676e-10 -5.54071e-10 0.000110258)
(5.70224e-10 -3.25395e-10 0.000110258)
(3.08802e-10 -9.79853e-11 0.000110252)
(1.17435e-09 -1.15369e-10 0.000110154)
(8.72478e-11 -1.28765e-09 0.000108471)
(-3.51538e-10 3.66005e-09 8.61136e-05)
(1.3303e-09 -2.90897e-10 9.01088e-05)
(9.28339e-10 -1.03502e-09 0.000109181)
(-5.1055e-10 -3.97404e-10 0.000110221)
(-2.70729e-10 4.29312e-10 0.000110258)
(-2.7122e-10 -6.56088e-11 0.000110259)
(8.4236e-11 -5.5395e-11 0.000110259)
(-1.0684e-09 -2.78084e-10 0.000110258)
(-7.15171e-10 2.26472e-11 0.000110221)
(-7.69292e-10 -5.36836e-10 0.000109181)
(-1.10203e-09 3.10965e-09 9.01085e-05)
(8.96617e-10 -1.81712e-11 9.01088e-05)
(2.71322e-10 -1.08494e-10 0.000109181)
(1.85738e-10 -4.57339e-11 0.000110221)
(4.62881e-10 2.56265e-10 0.000110258)
(-2.93576e-10 -5.3327e-10 0.000110259)
(9.43977e-11 -2.43101e-10 0.000110259)
(-4.21121e-10 -3.62459e-10 0.000110258)
(-5.25393e-10 1.5288e-10 0.00011022)
(-4.61282e-10 -6.8112e-10 0.00010918)
(-6.5359e-10 1.9573e-09 9.01086e-05)
(1.79509e-10 -1.96274e-09 8.61139e-05)
(-9.57295e-10 -1.95956e-10 0.000108471)
(-2.25373e-10 9.13013e-10 0.000110154)
(4.50063e-10 4.57528e-10 0.000110252)
(-1.17615e-10 -2.88398e-10 0.000110258)
(7.21266e-10 -3.42284e-10 0.000110258)
(1.04067e-10 2.76976e-10 0.000110252)
(4.27258e-10 -3.50934e-10 0.000110154)
(1.03676e-09 -4.6259e-10 0.000108471)
(-1.45919e-10 2.03002e-09 8.61135e-05)
(2.88544e-09 1.20437e-09 7.45768e-05)
(3.06947e-09 1.67788e-09 0.000105092)
(3.85208e-10 9.84641e-10 0.000109578)
(4.63896e-10 3.3724e-10 0.000110137)
(1.49767e-10 -3.99578e-10 0.000110211)
(2.36042e-10 -8.50037e-10 0.000110211)
(-6.32936e-10 -6.36936e-11 0.000110137)
(3.71679e-11 -1.94958e-10 0.000109577)
(-2.95146e-09 2.85743e-10 0.000105091)
(-5.16885e-09 4.00335e-09 7.45766e-05)
(2.38588e-09 -1.6942e-09 4.91149e-05)
(5.10007e-09 7.1502e-09 9.01627e-05)
(1.24363e-09 2.26027e-09 0.000104249)
(1.36905e-09 -1.66658e-10 0.000108045)
(4.77598e-11 -5.8695e-10 0.000108884)
(6.25109e-10 -2.75456e-10 0.000108884)
(-7.9716e-10 -4.56595e-10 0.000108045)
(-9.27333e-10 1.04105e-09 0.000104248)
(-4.02963e-09 3.38768e-09 9.01622e-05)
(-1.4349e-09 -2.931e-09 4.9114e-05)
(-8.11443e-09 -6.34603e-09 1.90952e-05)
(2.90508e-09 5.51079e-09 4.60043e-05)
(3.76811e-09 2.05301e-09 7.03548e-05)
(7.43615e-10 -6.29915e-11 8.27212e-05)
(1.76625e-09 9.83371e-11 8.68807e-05)
(8.74186e-10 3.70808e-10 8.68806e-05)
(7.59094e-10 3.2612e-11 8.27211e-05)
(-6.44383e-10 8.46469e-10 7.03545e-05)
(9.24347e-10 2.81483e-09 4.60041e-05)
(1.18269e-08 -9.27038e-09 1.9095e-05)
(-1.77884e-08 1.34586e-08 1.90957e-05)
(-5.29156e-09 -1.03523e-10 4.60054e-05)
(-1.55366e-09 6.87364e-10 7.03556e-05)
(-1.40324e-09 -7.52343e-10 8.27219e-05)
(1.08086e-09 -1.76132e-09 8.6881e-05)
(-7.85347e-11 -6.55939e-10 8.68809e-05)
(2.88644e-09 2.82076e-10 8.27215e-05)
(-6.52467e-10 -1.03414e-09 7.03555e-05)
(2.74307e-09 -1.41593e-09 4.6005e-05)
(1.2241e-08 9.37066e-09 1.9095e-05)
(-4.68653e-09 7.8453e-09 4.91142e-05)
(5.92447e-10 -2.61654e-09 9.01629e-05)
(4.58265e-10 -8.30605e-10 0.000104249)
(1.17939e-09 -1.12834e-09 0.000108045)
(3.58297e-10 -1.42968e-09 0.000108884)
(7.38498e-10 -7.77242e-10 0.000108884)
(1.55005e-09 7.87638e-11 0.000108045)
(2.46627e-09 -4.59593e-10 0.000104248)
(7.4706e-10 -1.82203e-09 9.01626e-05)
(4.68891e-09 8.13353e-09 4.91141e-05)
(-7.82735e-10 3.56543e-09 7.45757e-05)
(6.54166e-10 -1.75027e-09 0.000105091)
(-5.12922e-10 -1.94571e-09 0.000109578)
(1.82713e-10 -1.45849e-09 0.000110137)
(6.47157e-11 -2.34437e-10 0.000110211)
(-4.90953e-10 -7.97722e-10 0.000110211)
(-2.74985e-10 -4.54223e-10 0.000110137)
(9.8367e-10 -3.54733e-10 0.000109578)
(-1.0712e-09 -1.05562e-09 0.000105091)
(7.29324e-10 4.35387e-09 7.45758e-05)
(9.91486e-10 3.63856e-09 8.61133e-05)
(1.14696e-09 -1.07359e-09 0.000108471)
(6.06553e-10 -1.47271e-09 0.000110154)
(2.10875e-10 -1.58215e-09 0.000110252)
(-8.62775e-10 -3.48954e-10 0.000110258)
(5.54401e-11 -6.19272e-10 0.000110258)
(-1.05113e-09 -1.7534e-10 0.000110252)
(-7.68929e-10 -6.81001e-10 0.000110154)
(-1.78593e-09 -5.80728e-10 0.000108471)
(-9.71375e-10 3.7798e-09 8.6114e-05)
(1.16697e-09 7.53322e-10 9.01085e-05)
(1.4799e-09 -5.03153e-10 0.00010918)
(1.40146e-10 -6.15307e-12 0.00011022)
(2.20759e-10 -8.69252e-10 0.000110258)
(-1.23403e-10 2.74057e-10 0.000110259)
(-3.10569e-10 -4.52465e-10 0.000110259)
(-6.38656e-10 1.07114e-10 0.000110258)
(-5.4938e-10 3.82578e-10 0.000110221)
(-1.4737e-09 -1.82118e-10 0.000109181)
(-1.49172e-09 9.86062e-10 9.01087e-05)
(1.14209e-09 1.38626e-09 9.01084e-05)
(7.75985e-10 5.69869e-12 0.000109181)
(4.95402e-10 -2.89132e-11 0.000110221)
(5.89434e-10 -3.77169e-10 0.000110258)
(-5.85539e-10 -4.77061e-10 0.000110259)
(-2.06237e-10 -3.26182e-10 0.000110259)
(-3.73165e-10 -6.73108e-10 0.000110258)
(-6.56382e-10 -2.87082e-10 0.00011022)
(-9.57329e-10 2.5503e-11 0.000109181)
(-9.56435e-10 8.78959e-10 9.01085e-05)
(1.71614e-09 -1.62004e-09 8.61135e-05)
(1.85151e-09 1.48077e-10 0.000108471)
(7.52506e-10 1.0849e-09 0.000110154)
(6.89646e-11 3.25855e-11 0.000110252)
(-5.57826e-10 -1.92653e-10 0.000110258)
(9.27048e-11 5.16709e-10 0.000110258)
(-1.24467e-09 -3.60151e-10 0.000110252)
(-6.01459e-10 1.86489e-11 0.000110154)
(-7.20867e-10 3.67142e-10 0.000108471)
(-1.01739e-09 -1.41175e-09 8.6113e-05)
(8.45952e-10 -3.19329e-09 7.45762e-05)
(5.08432e-10 1.39564e-09 0.000105092)
(-1.95937e-09 1.24883e-09 0.000109578)
(-4.81576e-10 1.76198e-11 0.000110137)
(-8.40649e-10 3.43717e-10 0.000110211)
(-1.30673e-10 5.3996e-10 0.000110211)
(-2.44417e-10 -1.55023e-10 0.000110138)
(1.68754e-09 -1.16733e-09 0.000109578)
(-3.97744e-10 1.61151e-09 0.000105092)
(-6.21559e-10 -1.96432e-09 7.45759e-05)
(-8.02231e-09 -1.20601e-08 4.91145e-05)
(7.93809e-10 3.08001e-09 9.01624e-05)
(5.27228e-10 2.3968e-09 0.000104248)
(-2.17289e-10 -2.66909e-10 0.000108045)
(6.46486e-10 7.87161e-10 0.000108884)
(1.59476e-10 5.53503e-10 0.000108884)
(-2.12786e-10 -1.18867e-09 0.000108045)
(3.10797e-10 9.18775e-11 0.000104249)
(-2.77083e-09 4.94794e-09 9.01626e-05)
(3.09531e-09 -5.75365e-09 4.91144e-05)
(-1.78406e-08 -1.42595e-08 1.90952e-05)
(-5.27721e-09 4.43065e-10 4.60044e-05)
(-3.96786e-10 8.63873e-10 7.03553e-05)
(-2.98414e-09 -3.3882e-10 8.27215e-05)
(-4.20475e-10 7.33997e-10 8.68811e-05)
(-1.29742e-09 4.71483e-10 8.68809e-05)
(4.48152e-11 -3.58227e-10 8.27219e-05)
(-2.16788e-09 1.55574e-09 7.03553e-05)
(-7.61779e-10 3.63876e-09 4.60043e-05)
(1.0959e-08 -8.2257e-09 1.90952e-05)
(-1.25989e-08 7.97256e-09 1.90951e-05)
(-4.74148e-09 -1.18353e-09 4.60041e-05)
(-1.53432e-09 7.55388e-10 7.03546e-05)
(-1.97833e-09 -3.39973e-10 8.27215e-05)
(1.72181e-09 -1.12589e-09 8.68804e-05)
(-3.82236e-11 -5.19759e-10 8.68805e-05)
(1.7038e-09 1.2038e-11 8.27209e-05)
(6.66251e-10 -9.17593e-10 7.03546e-05)
(1.75035e-09 -1.47336e-09 4.60046e-05)
(9.89496e-09 8.08867e-09 1.90954e-05)
(-3.636e-09 6.15064e-09 4.91149e-05)
(7.07783e-10 -3.2507e-09 9.01624e-05)
(-3.61186e-10 -7.46753e-10 0.000104248)
(9.84673e-10 -6.40686e-10 0.000108044)
(3.27871e-10 -2.01197e-09 0.000108884)
(1.42863e-10 -4.62901e-10 0.000108884)
(1.13279e-09 -9.66433e-11 0.000108045)
(2.60556e-09 -8.22562e-10 0.000104248)
(8.70401e-10 -9.48484e-10 9.01632e-05)
(3.33086e-09 7.3612e-09 4.91151e-05)
(-1.13431e-09 4.57546e-09 7.45775e-05)
(-7.92219e-10 -9.83124e-10 0.000105092)
(-1.48361e-09 -1.21091e-09 0.000109578)
(-4.56649e-10 -6.61166e-10 0.000110137)
(-4.85787e-10 -1.276e-09 0.000110211)
(2.6391e-10 -5.72759e-10 0.000110211)
(-1.153e-10 -1.31019e-09 0.000110137)
(1.67783e-09 -4.37683e-10 0.000109578)
(4.25746e-10 -3.84839e-10 0.000105092)
(1.09652e-09 4.8856e-09 7.45773e-05)
(1.15572e-09 3.37159e-09 8.61139e-05)
(1.42206e-09 -8.64315e-10 0.000108471)
(4.76978e-10 -4.60722e-10 0.000110154)
(9.5874e-10 -7.06717e-10 0.000110252)
(-4.40792e-10 -4.40792e-10 0.000110258)
(-7.94959e-10 -6.67916e-10 0.000110258)
(-1.3257e-09 -6.00884e-10 0.000110252)
(-8.71772e-10 -7.9308e-10 0.000110154)
(-1.30352e-09 -8.76154e-10 0.000108471)
(-4.34558e-10 3.72919e-09 8.6114e-05)
(1.28252e-09 2.68578e-10 9.01088e-05)
(9.70706e-10 -6.45963e-10 0.00010918)
(4.06122e-10 4.12085e-10 0.00011022)
(5.45941e-10 -3.95534e-10 0.000110258)
(-8.77524e-10 -6.1705e-10 0.000110259)
(-5.66469e-10 9.76757e-11 0.000110259)
(-9.58842e-10 4.70634e-12 0.000110258)
(-4.06136e-10 8.18764e-11 0.000110221)
(-9.05182e-10 -3.0435e-10 0.000109181)
(-1.47937e-09 1.17728e-10 9.0109e-05)
(9.24921e-10 1.60765e-09 9.01081e-05)
(7.22854e-10 1.53261e-10 0.00010918)
(3.16425e-10 3.23008e-10 0.00011022)
(-1.86171e-10 -2.56071e-10 0.000110258)
(-4.14094e-10 -4.90916e-10 0.000110259)
(1.06604e-10 6.58359e-11 0.000110259)
(-8.60697e-10 -4.0182e-10 0.000110258)
(-6.42864e-10 -3.75603e-10 0.000110221)
(-7.89773e-10 -7.70924e-11 0.000109181)
(-9.61257e-10 1.39043e-10 9.01089e-05)
(1.14326e-09 -1.29545e-09 8.6114e-05)
(9.2257e-10 1.43257e-10 0.000108471)
(4.47819e-10 1.28624e-09 0.000110154)
(4.37998e-10 8.36539e-10 0.000110252)
(-4.24034e-10 7.43862e-10 0.000110258)
(-4.29275e-11 8.69841e-10 0.000110258)
(-1.05514e-09 4.70892e-11 0.000110252)
(-3.21428e-10 1.56715e-10 0.000110155)
(-1.00378e-09 3.27579e-11 0.000108471)
(-1.24491e-09 -2.46464e-09 8.61143e-05)
(1.25154e-09 -2.6959e-09 7.45777e-05)
(1.35172e-09 2.09647e-09 0.000105092)
(-1.10819e-09 7.0459e-10 0.000109578)
(3.50885e-10 1.66293e-10 0.000110137)
(2.4216e-10 4.57071e-10 0.000110211)
(6.82818e-10 2.38852e-10 0.000110211)
(7.76529e-10 2.26647e-10 0.000110137)
(2.98365e-09 -7.63759e-10 0.000109578)
(7.2621e-10 8.24767e-11 0.000105092)
(7.13199e-10 -4.86888e-09 7.45768e-05)
(-3.45468e-09 -7.38995e-09 4.91145e-05)
(3.08839e-09 6.14196e-09 9.01628e-05)
(5.47705e-10 1.06269e-09 0.000104248)
(1.28657e-09 -1.55805e-09 0.000108044)
(1.13813e-09 6.4126e-10 0.000108884)
(1.50419e-09 -1.75418e-10 0.000108884)
(2.12462e-09 -4.0033e-10 0.000108045)
(1.51422e-09 5.55373e-10 0.000104249)
(-1.10846e-09 3.90149e-09 9.01628e-05)
(5.5118e-09 -8.48539e-09 4.9114e-05)
(-1.57845e-08 -1.15602e-08 1.9095e-05)
(-1.16146e-09 3.3254e-09 4.60045e-05)
(5.09394e-10 6.47878e-10 7.03546e-05)
(-2.90742e-09 -1.08597e-09 8.27212e-05)
(8.9664e-10 1.12744e-09 8.68806e-05)
(-6.65487e-11 3.91987e-10 8.68804e-05)
(8.2654e-10 -1.21651e-10 8.27216e-05)
(-1.9935e-09 1.93935e-09 7.03546e-05)
(1.38075e-09 3.30267e-09 4.60042e-05)
(1.28855e-08 -9.48899e-09 1.90946e-05)
(-7.70254e-09 5.22091e-09 1.90949e-05)
(-6.93502e-10 -1.71479e-09 4.60046e-05)
(1.00368e-09 -5.29789e-10 7.03548e-05)
(-1.34124e-09 -5.20273e-10 8.27214e-05)
(-2.08246e-10 -1.43253e-11 8.68807e-05)
(-5.61407e-10 3.42137e-10 8.68803e-05)
(-1.90612e-10 -4.70875e-10 8.27216e-05)
(-4.92414e-09 -2.5208e-09 7.03547e-05)
(-1.62158e-09 -4.76157e-09 4.60046e-05)
(9.01031e-09 6.14795e-09 1.90954e-05)
(5.52603e-10 8.68919e-10 4.91153e-05)
(4.27591e-09 -5.19754e-09 9.0163e-05)
(1.74916e-10 1.27244e-09 0.000104249)
(-8.62356e-12 -4.83234e-10 0.000108045)
(-2.39175e-10 -5.72415e-12 0.000108884)
(-7.23214e-10 7.60395e-11 0.000108884)
(-5.44183e-10 -2.2533e-10 0.000108045)
(-1.66571e-09 -1.80115e-09 0.000104249)
(-3.94466e-09 -6.94589e-09 9.01628e-05)
(4.63693e-09 6.48137e-09 4.9115e-05)
(9.16497e-10 -3.92279e-10 7.45773e-05)
(2.05431e-09 -3.57963e-09 0.000105092)
(-5.00617e-10 1.28867e-09 0.000109578)
(2.40631e-10 -2.51952e-10 0.000110137)
(-7.1749e-11 -6.60738e-10 0.000110211)
(1.68733e-10 -3.78437e-10 0.000110211)
(1.45848e-10 -2.9353e-10 0.000110137)
(8.58932e-10 -5.9921e-10 0.000109578)
(-2.4799e-09 -3.96557e-09 0.000105092)
(-1.23393e-09 2.97487e-09 7.45771e-05)
(5.89217e-11 1.88304e-09 8.61137e-05)
(-7.86176e-10 -1.54375e-09 0.000108471)
(-7.02701e-10 -3.06488e-10 0.000110155)
(2.37802e-10 9.33589e-11 0.000110252)
(-4.96008e-10 -8.18534e-10 0.000110257)
(2.14724e-10 -1.43026e-10 0.000110257)
(-7.11499e-11 -3.78333e-10 0.000110252)
(6.50418e-10 -2.12598e-10 0.000110154)
(1.98328e-10 -1.48377e-09 0.000108471)
(3.90179e-10 3.72352e-09 8.61139e-05)
(9.72893e-10 -7.3169e-10 9.01086e-05)
(8.07308e-10 -7.12919e-10 0.000109181)
(2.46891e-10 -3.20902e-11 0.00011022)
(7.54568e-11 2.00435e-10 0.000110258)
(-8.78128e-10 -1.88426e-10 0.000110258)
(-4.58199e-10 -9.93576e-11 0.000110259)
(-2.31951e-10 -5.23671e-10 0.000110258)
(-2.29004e-10 2.23914e-11 0.00011022)
(-8.31176e-10 -3.3582e-10 0.000109181)
(-7.82246e-10 1.80761e-09 9.01087e-05)
(8.42034e-10 -2.42542e-10 9.01085e-05)
(4.9778e-10 -2.3493e-10 0.00010918)
(4.37118e-10 -1.06322e-10 0.00011022)
(4.56989e-10 4.68704e-10 0.000110258)
(-3.74883e-10 -2.30022e-10 0.000110259)
(4.32135e-11 -1.07056e-11 0.000110259)
(-1.43324e-10 -7.43548e-10 0.000110258)
(-5.49368e-10 1.2953e-10 0.000110221)
(-7.50556e-10 -6.06902e-10 0.000109181)
(-5.4806e-10 1.74897e-09 9.01085e-05)
(-3.26633e-10 -2.48815e-09 8.61139e-05)
(-5.3025e-10 -3.35314e-10 0.000108471)
(-1.19568e-10 2.79018e-10 0.000110154)
(9.20731e-11 6.65811e-10 0.000110252)
(-2.10017e-10 -2.60574e-11 0.000110257)
(-2.81652e-11 -1.03986e-10 0.000110258)
(-1.04264e-10 -5.12323e-11 0.000110252)
(8.29409e-10 9.41251e-10 0.000110154)
(7.53777e-10 -2.75816e-10 0.000108471)
(-7.04733e-10 1.24352e-09 8.61141e-05)
(2.67089e-09 6.24893e-10 7.45767e-05)
(1.6117e-09 -6.98235e-10 0.000105092)
(-4.36508e-10 -2.61206e-10 0.000109577)
(4.2827e-10 1.23433e-11 0.000110137)
(-5.88587e-11 -2.56726e-10 0.000110211)
(-7.05659e-10 -5.8195e-10 0.000110211)
(-1.16865e-09 -3.56674e-10 0.000110137)
(-3.36986e-10 6.1132e-10 0.000109578)
(-3.92576e-09 1.32188e-09 0.000105092)
(-4.68767e-09 2.51174e-09 7.45769e-05)
(1.59012e-11 -2.58476e-09 4.91145e-05)
(1.86799e-09 3.76414e-09 9.01626e-05)
(3.33444e-10 1.30921e-09 0.000104249)
(1.27946e-09 -1.20177e-10 0.000108044)
(-1.68051e-10 -5.54787e-10 0.000108884)
(3.2006e-10 -8.49567e-10 0.000108884)
(-3.95678e-10 -1.64785e-09 0.000108045)
(-1.1646e-09 1.46767e-09 0.000104248)
(-4.62148e-09 5.37319e-09 9.01623e-05)
(-3.00506e-10 -3.56239e-09 4.91147e-05)
(-1.00681e-08 -8.12904e-09 1.90951e-05)
(1.0659e-09 4.7615e-09 4.60047e-05)
(2.79389e-09 2.16603e-09 7.0355e-05)
(9.07059e-10 2.87345e-10 8.27217e-05)
(8.72953e-10 -2.69469e-10 8.68807e-05)
(1.17561e-10 -4.68825e-10 8.68804e-05)
(1.34882e-10 -1.05717e-09 8.27212e-05)
(-4.04177e-09 1.7765e-09 7.03545e-05)
(-5.5907e-10 4.04745e-09 4.60041e-05)
(1.24346e-08 -1.01732e-08 1.90948e-05)
(-1.20005e-08 1.01506e-08 1.90952e-05)
(-4.50688e-09 -8.37733e-10 4.60055e-05)
(-2.25719e-09 -1.32286e-10 7.03556e-05)
(-1.27217e-09 -1.63314e-09 8.27215e-05)
(1.91126e-10 -3.83806e-10 8.68802e-05)
(-8.44108e-10 -5.70437e-10 8.68807e-05)
(1.71664e-09 8.35022e-11 8.27212e-05)
(-9.72384e-10 -6.27526e-10 7.03551e-05)
(-2.4633e-10 -4.18611e-09 4.60047e-05)
(1.01667e-08 7.82464e-09 1.90952e-05)
(-7.08433e-09 1.00043e-08 4.91149e-05)
(-1.85867e-09 -9.89492e-10 9.01636e-05)
(-1.22276e-09 -1.3421e-09 0.000104249)
(6.88077e-10 -1.60919e-09 0.000108045)
(1.70191e-10 -1.18636e-09 0.000108884)
(-8.75464e-10 -1.56286e-09 0.000108884)
(6.37869e-10 5.73908e-10 0.000108045)
(3.59323e-10 -5.49438e-10 0.000104249)
(-1.03379e-09 -3.31729e-09 9.01628e-05)
(4.83353e-09 7.11424e-09 4.91143e-05)
(-1.8327e-09 5.07134e-09 7.45766e-05)
(1.63929e-10 -2.69474e-10 0.000105092)
(-9.04503e-11 -1.38947e-09 0.000109578)
(4.76044e-10 -1.36961e-09 0.000110138)
(-2.6125e-10 -1.70178e-09 0.000110211)
(1.07916e-10 -1.79544e-09 0.000110211)
(-4.18109e-10 -6.2027e-10 0.000110138)
(1.57006e-10 -6.27976e-10 0.000109578)
(-6.75857e-10 -1.25516e-09 0.000105092)
(8.44997e-11 2.8794e-09 7.45764e-05)
(1.15873e-09 3.31947e-09 8.61135e-05)
(3.02366e-09 -8.89654e-10 0.000108471)
(1.44141e-09 -6.40826e-10 0.000110155)
(3.87612e-10 -1.3713e-09 0.000110252)
(-6.42527e-10 -1.15943e-09 0.000110257)
(-8.17833e-11 -3.02147e-10 0.000110258)
(-5.05423e-10 -9.78408e-10 0.000110252)
(-1.05063e-09 -6.05549e-10 0.000110154)
(-1.56887e-09 -1.30129e-09 0.000108471)
(-6.18148e-10 2.82844e-09 8.61136e-05)
(1.3034e-09 3.97014e-10 9.01084e-05)
(1.36386e-09 -1.92128e-10 0.000109181)
(1.21301e-11 -9.37815e-11 0.00011022)
(-2.84885e-10 -5.07349e-10 0.000110258)
(-4.19895e-10 -5.9886e-11 0.000110259)
(-1.59033e-10 3.63288e-10 0.000110259)
(-4.66764e-10 1.6042e-10 0.000110258)
(1.93076e-10 4.15108e-10 0.00011022)
(-5.47565e-10 -2.08689e-10 0.000109181)
(-1.19731e-09 -8.61092e-10 9.01085e-05)
(1.06358e-09 1.07697e-09 9.01087e-05)
(7.55859e-10 3.05264e-10 0.000109181)
(1.0945e-10 -2.84818e-10 0.00011022)
(1.77465e-10 -4.3017e-10 0.000110258)
(-6.37793e-11 1.00919e-10 0.000110259)
(5.08075e-10 -3.6217e-11 0.000110259)
(4.67823e-11 -4.799e-10 0.000110257)
(-1.04803e-10 -7.15765e-10 0.00011022)
(-6.1282e-10 8.66254e-11 0.000109181)
(-8.08296e-10 2.13001e-10 9.01083e-05)
(1.9298e-09 -9.39891e-10 8.61135e-05)
(1.40305e-09 8.92495e-10 0.000108471)
(2.65289e-10 3.62451e-10 0.000110154)
(7.80944e-10 1.74821e-10 0.000110252)
(1.99101e-10 4.31324e-10 0.000110258)
(3.49634e-10 1.27532e-10 0.000110257)
(-7.86935e-10 8.50005e-12 0.000110252)
(-1.17014e-10 1.58465e-10 0.000110154)
(-5.38633e-10 1.27579e-09 0.000108471)
(-7.20813e-10 -1.30356e-09 8.61129e-05)
(2.45554e-09 -9.35833e-10 7.45758e-05)
(1.17758e-09 2.63815e-09 0.000105091)
(-1.95377e-09 1.39445e-10 0.000109578)
(3.34179e-10 -5.98732e-10 0.000110138)
(-1.79639e-10 5.0966e-10 0.000110211)
(3.77739e-10 4.70835e-10 0.000110211)
(-3.26661e-10 3.09371e-10 0.000110138)
(1.29395e-09 -1.60731e-11 0.000109578)
(-6.71319e-10 2.43956e-09 0.000105092)
(-8.2591e-10 -1.93687e-09 7.45761e-05)
(-2.78613e-09 -7.31621e-09 4.91143e-05)
(4.47401e-09 5.68928e-09 9.01628e-05)
(7.77956e-10 1.7428e-09 0.000104249)
(4.81442e-10 -1.27326e-09 0.000108045)
(1.42474e-09 7.55572e-10 0.000108884)
(9.48872e-10 6.63955e-10 0.000108884)
(-8.23378e-11 -5.79386e-10 0.000108045)
(-3.92554e-10 1.23592e-09 0.000104249)
(-3.14369e-09 5.49373e-09 9.01626e-05)
(3.07457e-09 -6.88762e-09 4.91149e-05)
(-1.54403e-08 -1.20349e-08 1.90952e-05)
(-4.06074e-09 8.98453e-10 4.60045e-05)
(2.07967e-10 7.90817e-10 7.03553e-05)
(-2.45328e-09 -4.66094e-10 8.27221e-05)
(-3.36944e-10 6.63873e-10 8.6881e-05)
(-1.12492e-09 2.1354e-10 8.68807e-05)
(5.78679e-10 -8.01741e-11 8.27216e-05)
(-3.23696e-09 2.40777e-09 7.03555e-05)
(-2.14849e-10 3.76213e-09 4.60045e-05)
(1.12912e-08 -8.99573e-09 1.90954e-05)
(-1.0757e-08 8.95967e-09 1.90951e-05)
(-1.64781e-10 -3.35086e-09 4.60041e-05)
(2.76865e-11 1.05857e-10 7.03552e-05)
(-2.61829e-09 7.4323e-10 8.27216e-05)
(3.09424e-10 -4.8889e-10 8.68808e-05)
(-1.19642e-09 -7.41799e-10 8.6881e-05)
(6.37169e-10 4.63908e-10 8.27214e-05)
(-1.56455e-09 -3.09454e-10 7.03546e-05)
(-2.76015e-10 -3.87236e-09 4.60039e-05)
(1.23296e-08 8.33271e-09 1.9095e-05)
(-4.12321e-09 6.87429e-09 4.91149e-05)
(2.07813e-09 -3.47969e-09 9.01636e-05)
(1.4106e-09 -1.57027e-09 0.000104249)
(-2.54704e-10 8.57221e-10 0.000108045)
(-5.30407e-10 5.31951e-10 0.000108884)
(1.5432e-10 -7.00734e-10 0.000108883)
(1.2296e-09 7.08208e-10 0.000108044)
(2.20085e-09 -2.2588e-10 0.000104249)
(2.34872e-10 -2.36312e-09 9.01635e-05)
(3.69553e-09 6.27152e-09 4.9115e-05)
(-4.42125e-10 3.47127e-09 7.45769e-05)
(2.22828e-10 -1.03774e-09 0.000105092)
(-3.46279e-10 -1.63367e-09 0.000109577)
(7.934e-10 -9.36033e-10 0.000110137)
(-5.1059e-11 -3.53242e-10 0.000110211)
(1.54266e-10 -1.07327e-09 0.000110211)
(-2.53624e-10 -2.10229e-09 0.000110137)
(1.57925e-09 -7.41699e-10 0.000109578)
(9.82363e-10 -6.53013e-11 0.000105092)
(9.32989e-10 4.06349e-09 7.4577e-05)
(9.47704e-10 2.75261e-09 8.61139e-05)
(2.54235e-09 -1.26163e-09 0.000108471)
(1.17694e-09 -7.98754e-10 0.000110154)
(2.68266e-10 -9.85002e-10 0.000110252)
(1.69664e-10 -1.0754e-09 0.000110258)
(3.49452e-10 -1.35968e-09 0.000110258)
(-6.13022e-10 -1.90688e-09 0.000110252)
(-4.3274e-10 -2.38013e-10 0.000110155)
(-1.50209e-09 -2.51428e-10 0.000108471)
(-7.76761e-10 3.85712e-09 8.61137e-05)
(1.0792e-09 -6.1256e-10 9.01084e-05)
(9.98795e-10 -2.97929e-10 0.00010918)
(2.56098e-10 -3.2584e-10 0.00011022)
(1.17354e-10 -3.17339e-10 0.000110258)
(-1.07409e-10 -1.1311e-11 0.000110259)
(1.73277e-10 -4.23495e-10 0.000110259)
(1.77082e-11 -1.39059e-10 0.000110258)
(1.8606e-10 3.57995e-10 0.000110221)
(-1.36683e-09 6.34423e-11 0.000109181)
(-1.51891e-09 7.53814e-10 9.01087e-05)
(8.23578e-10 5.58597e-10 9.01086e-05)
(4.66616e-10 -1.1053e-10 0.00010918)
(-4.1036e-11 1.80568e-10 0.00011022)
(2.1881e-10 -5.15015e-10 0.000110258)
(-3.83541e-11 1.8986e-11 0.000110259)
(-2.73777e-10 -5.45253e-10 0.000110259)
(-6.04865e-10 -1.00129e-09 0.000110258)
(-1.23035e-10 3.4954e-10 0.00011022)
(-6.12315e-10 2.42404e-10 0.000109181)
(-8.21692e-10 8.54341e-11 9.01089e-05)
(1.50609e-09 -1.29195e-09 8.61134e-05)
(1.72572e-09 -2.50125e-11 0.00010847)
(6.50463e-10 7.50369e-10 0.000110154)
(7.50222e-10 6.72044e-10 0.000110252)
(4.58582e-10 5.06004e-10 0.000110258)
(2.30773e-10 -5.02738e-11 0.000110258)
(-4.66109e-10 -5.42927e-10 0.000110252)
(-5.81668e-10 1.0389e-09 0.000110155)
(-1.72876e-09 -4.82737e-12 0.000108471)
(-1.16358e-09 -2.1716e-09 8.61137e-05)
(1.62245e-09 -1.95515e-09 7.45767e-05)
(1.25942e-09 1.42149e-09 0.000105092)
(-7.17408e-10 3.32557e-10 0.000109578)
(1.09156e-09 7.81505e-10 0.000110137)
(-2.33919e-11 4.9507e-10 0.000110211)
(3.93707e-10 8.02934e-10 0.000110211)
(2.44294e-10 -4.27455e-10 0.000110137)
(9.69675e-10 -5.84034e-10 0.000109578)
(-1.8153e-09 1.74942e-09 0.000105092)
(-7.45837e-10 -3.28182e-09 7.45768e-05)
(-4.21167e-09 -9.11228e-09 4.91144e-05)
(1.76397e-09 3.01472e-09 9.01635e-05)
(6.28425e-11 1.46857e-09 0.000104249)
(2.31762e-10 -3.33892e-11 0.000108045)
(2.57963e-10 7.41933e-10 0.000108884)
(-2.14441e-10 7.4672e-10 0.000108884)
(1.42957e-11 -9.2698e-10 0.000108045)
(2.28929e-10 1.51425e-09 0.000104249)
(-2.48357e-09 5.52162e-09 9.0163e-05)
(4.78119e-09 -7.90524e-09 4.9114e-05)
(-1.7278e-08 -1.35433e-08 1.90953e-05)
(-6.10819e-09 -7.28205e-10 4.60053e-05)
(1.36978e-10 8.73848e-10 7.03554e-05)
(-2.78783e-09 -3.5038e-10 8.27222e-05)
(-1.53766e-09 5.92264e-10 8.6881e-05)
(-1.19121e-09 3.34096e-10 8.6881e-05)
(8.66534e-10 8.55409e-12 8.27217e-05)
(-2.79396e-09 2.43526e-09 7.03549e-05)
(2.09326e-09 2.42836e-09 4.60046e-05)
(1.46751e-08 -1.08359e-08 1.90951e-05)
(-1.04432e-08 7.37278e-09 1.9095e-05)
(-4.7683e-09 -6.50253e-10 4.60044e-05)
(-3.57561e-09 1.71253e-09 7.0355e-05)
(-3.8317e-09 -9.78407e-10 8.27215e-05)
(1.60477e-10 -1.50019e-09 8.68812e-05)
(-2.40723e-11 -1.59574e-09 8.68808e-05)
(2.70073e-09 -1.57961e-09 8.27219e-05)
(3.17156e-09 5.10194e-10 7.0355e-05)
(7.44369e-09 1.46475e-09 4.60044e-05)
(1.57457e-08 1.20142e-08 1.90949e-05)
(-7.43389e-09 8.79544e-09 4.91144e-05)
(2.43148e-10 -4.88956e-09 9.0163e-05)
(5.44377e-10 -6.82823e-10 0.000104248)
(1.86295e-10 -1.46969e-09 0.000108045)
(-3.67892e-10 -1.16466e-09 0.000108884)
(-1.12905e-09 -1.49638e-09 0.000108884)
(-1.65163e-09 -1.46478e-09 0.000108044)
(-1.82682e-09 -1.38277e-09 0.000104248)
(-1.48622e-09 -3.19776e-09 9.01627e-05)
(7.98108e-09 1.10417e-08 4.91147e-05)
(-9.02504e-10 6.37411e-09 7.45766e-05)
(1.51343e-09 -1.91083e-09 0.000105092)
(-4.12246e-10 -5.50571e-10 0.000109578)
(1.24401e-09 -1.24221e-09 0.000110137)
(4.32771e-10 -6.30853e-11 0.000110211)
(-8.68186e-11 -6.32931e-10 0.000110211)
(-1.81004e-09 -5.19009e-10 0.000110137)
(-1.6849e-09 -9.51646e-10 0.000109577)
(-4.4565e-09 -3.66211e-09 0.000105091)
(-1.65736e-09 4.51923e-09 7.45765e-05)
(8.62003e-10 3.76543e-09 8.61143e-05)
(1.29151e-09 -2.56541e-10 0.000108471)
(4.2336e-10 -2.27352e-10 0.000110154)
(9.61969e-10 -5.69231e-10 0.000110252)
(-2.97875e-10 -3.64494e-10 0.000110258)
(2.15228e-10 -5.81761e-10 0.000110258)
(-1.16821e-10 -8.35056e-10 0.000110253)
(6.3087e-10 -2.94506e-10 0.000110155)
(1.83159e-10 -9.94779e-10 0.000108471)
(-7.665e-11 3.38398e-09 8.61138e-05)
(1.3375e-09 4.54852e-10 9.01087e-05)
(1.56614e-09 -1.24128e-09 0.000109181)
(1.28839e-09 -2.89938e-10 0.00011022)
(7.62625e-10 -1.70009e-11 0.000110258)
(-1.96779e-10 -1.39962e-10 0.000110259)
(2.37715e-10 -5.96612e-10 0.000110259)
(-5.40324e-10 -4.52435e-10 0.000110258)
(-5.54776e-10 -2.0917e-10 0.00011022)
(-7.97942e-10 -7.63666e-10 0.000109181)
(-6.90721e-10 1.84843e-09 9.01087e-05)
(9.80892e-10 -3.54667e-10 9.01088e-05)
(1.12596e-09 -7.58209e-10 0.000109181)
(7.13406e-10 8.29125e-11 0.00011022)
(6.49076e-10 5.24006e-11 0.000110258)
(1.86915e-10 -6.85657e-11 0.000110259)
(7.25782e-11 -3.55809e-10 0.000110259)
(-7.3284e-10 -1.96005e-10 0.000110258)
(-7.4286e-10 -3.65955e-10 0.000110221)
(-1.91187e-10 -6.56342e-10 0.000109181)
(-2.92096e-10 1.48775e-09 9.01086e-05)
(2.18411e-10 -1.51658e-09 8.61137e-05)
(6.42098e-10 -1.96992e-09 0.000108471)
(1.26565e-09 -2.382e-10 0.000110154)
(7.45128e-10 1.09946e-09 0.000110252)
(5.91762e-11 7.40559e-10 0.000110258)
(5.31259e-10 1.25389e-10 0.000110258)
(-2.13604e-11 4.42738e-10 0.000110252)
(2.44238e-10 -2.15684e-10 0.000110154)
(1.96738e-10 -1.52835e-09 0.000108471)
(-1.13996e-09 2.23655e-09 8.61142e-05)
(1.98044e-09 -2.30896e-09 7.45772e-05)
(2.64017e-09 -1.64119e-09 0.000105092)
(2.59442e-10 3.50262e-10 0.000109578)
(4.26982e-10 1.33789e-09 0.000110137)
(-5.60721e-10 6.43578e-10 0.000110211)
(-6.42214e-10 5.02639e-11 0.000110211)
(-9.4277e-10 -4.61753e-11 0.000110137)
(-1.03954e-09 8.27308e-10 0.000109578)
(-2.91599e-09 -5.15192e-10 0.000105092)
(-3.87631e-09 2.07157e-09 7.45768e-05)
(-3.92115e-09 -7.95956e-09 4.91153e-05)
(-2.11209e-09 -2.11319e-09 9.01635e-05)
(-7.8761e-10 1.43449e-09 0.000104249)
(7.73049e-10 1.77864e-09 0.000108045)
(-2.78946e-10 9.52996e-10 0.000108884)
(3.126e-10 1.17621e-09 0.000108884)
(-7.57999e-10 5.69645e-10 0.000108045)
(-1.44264e-09 2.13918e-09 0.000104248)
(-1.7553e-09 8.76144e-10 9.01626e-05)
(6.4932e-10 -4.02528e-09 4.91143e-05)
(-1.07189e-08 -8.08253e-09 1.90953e-05)
(-9.33903e-09 -3.72675e-09 4.60049e-05)
(-3.15198e-09 -2.13178e-10 7.03551e-05)
(-1.70673e-09 1.0404e-09 8.27218e-05)
(-1.24766e-09 1.10712e-09 8.68805e-05)
(-6.92035e-10 9.95236e-10 8.6881e-05)
(5.50106e-10 1.15503e-09 8.27215e-05)
(8.91639e-10 5.97503e-10 7.03546e-05)
(4.29926e-09 -1.09489e-09 4.60044e-05)
(7.19174e-09 -5.67606e-09 1.90949e-05)
(-1.36098e-08 1.02747e-08 1.90949e-05)
(-3.51396e-09 -3.78435e-10 4.60048e-05)
(-7.67974e-10 2.13761e-10 7.03551e-05)
(-2.43492e-09 -4.89402e-10 8.27219e-05)
(-1.54891e-10 -1.18755e-09 8.68808e-05)
(-5.68351e-10 -1.62458e-09 8.6881e-05)
(2.60957e-09 -3.43848e-10 8.27216e-05)
(-6.25814e-10 -9.30363e-10 7.03551e-05)
(9.94891e-10 -2.9981e-09 4.60047e-05)
(1.22704e-08 1.00758e-08 1.9095e-05)
(-9.57426e-10 4.2733e-09 4.9114e-05)
(1.83887e-09 -2.40692e-09 9.01626e-05)
(4.31216e-10 -4.85331e-10 0.000104249)
(1.15309e-09 -4.64309e-10 0.000108045)
(6.28289e-10 -1.62042e-09 0.000108884)
(-8.27111e-11 -2.11134e-09 0.000108885)
(-2.49339e-10 -1.50381e-10 0.000108045)
(1.49695e-10 -7.61054e-10 0.000104248)
(-2.97239e-09 -4.42748e-09 9.01623e-05)
(2.89441e-09 6.88122e-09 4.91136e-05)
(8.94059e-10 1.90821e-09 7.45766e-05)
(1.66271e-09 -1.68898e-09 0.000105092)
(7.14439e-10 1.60481e-10 0.000109578)
(1.49497e-09 -2.7982e-10 0.000110137)
(1.69e-10 -8.98043e-10 0.000110211)
(4.46108e-10 -1.0158e-09 0.000110211)
(-8.0299e-10 -4.96277e-11 0.000110137)
(-7.39648e-10 -3.39161e-10 0.000109578)
(-2.29756e-09 -2.40763e-09 0.000105091)
(-5.23286e-10 2.16365e-09 7.45757e-05)
(9.26669e-10 2.08089e-09 8.6114e-05)
(2.26306e-09 -1.24115e-09 0.000108471)
(1.71532e-09 4.26084e-10 0.000110155)
(1.16352e-09 -4.25081e-10 0.000110253)
(1.44679e-10 -5.54514e-10 0.000110258)
(6.23498e-10 -2.01142e-10 0.000110258)
(-3.54372e-10 -5.30786e-10 0.000110252)
(-3.82109e-10 -6.38967e-10 0.000110154)
(-1.15518e-09 -1.6817e-09 0.000108471)
(-9.05739e-10 2.4763e-09 8.61136e-05)
(4.76001e-10 -7.07605e-10 9.01087e-05)
(1.94156e-10 -7.64951e-10 0.000109181)
(5.04123e-10 1.65351e-10 0.000110221)
(2.01591e-10 -1.31904e-10 0.000110258)
(-2.1815e-11 1.52393e-10 0.000110259)
(2.95459e-10 5.65832e-10 0.000110259)
(-2.71603e-10 1.00752e-10 0.000110258)
(8.13417e-11 1.28179e-10 0.000110221)
(-9.02995e-10 -7.91952e-10 0.000109181)
(-8.76173e-10 2.90131e-10 9.01084e-05)
(7.96239e-10 3.2814e-10 9.01087e-05)
(3.01843e-10 -6.67832e-10 0.000109181)
(2.05249e-11 -4.00477e-10 0.000110221)
(2.57549e-10 -6.2378e-10 0.000110258)
(2.73226e-10 -1.13854e-10 0.000110259)
(3.46995e-10 -2.93607e-10 0.000110259)
(-3.2592e-10 -2.4004e-10 0.000110258)
(-3.53215e-10 -3.56975e-10 0.000110221)
(-7.63379e-10 -1.2875e-10 0.000109181)
(-6.83482e-10 8.91129e-10 9.01084e-05)
(1.98871e-09 -1.36924e-09 8.61139e-05)
(1.36709e-09 -8.27519e-10 0.000108472)
(4.76708e-10 1.889e-10 0.000110154)
(1.26023e-09 1.34275e-10 0.000110252)
(1.58451e-10 -6.81779e-11 0.000110258)
(3.62337e-10 -1.65217e-10 0.000110258)
(-2.27265e-10 -3.1032e-10 0.000110252)
(-2.81311e-10 2.26275e-10 0.000110154)
(-1.10512e-09 -1.15754e-11 0.000108472)
(-1.0896e-09 -1.45166e-09 8.6114e-05)
(9.52655e-10 -1.74161e-09 7.45764e-05)
(3.58994e-10 1.5807e-09 0.000105092)
(-1.33903e-09 -1.82298e-10 0.000109578)
(1.40906e-11 8.05579e-11 0.000110137)
(-4.67437e-10 6.56168e-10 0.000110211)
(3.06885e-10 1.0625e-09 0.000110212)
(1.06012e-10 5.10824e-11 0.000110137)
(1.32599e-09 -6.7139e-10 0.000109578)
(-9.93865e-10 6.3929e-10 0.000105092)
(-4.86824e-10 -3.24606e-09 7.45766e-05)
(-1.88573e-09 -5.79741e-09 4.91151e-05)
(2.76291e-09 5.05278e-09 9.01625e-05)
(2.45347e-10 3.41066e-10 0.000104248)
(1.02555e-09 -1.31867e-09 0.000108045)
(2.36173e-10 8.6217e-10 0.000108884)
(1.28745e-09 1.68767e-09 0.000108884)
(1.92454e-09 -1.29545e-09 0.000108045)
(1.38851e-09 3.98343e-10 0.000104249)
(-7.06198e-10 3.62825e-09 9.01633e-05)
(4.49702e-09 -7.75861e-09 4.91154e-05)
(-1.01079e-08 -7.93975e-09 1.90951e-05)
(-1.33808e-09 2.43637e-09 4.60043e-05)
(1.47931e-09 7.56943e-10 7.03551e-05)
(-3.17506e-09 -1.35601e-09 8.27217e-05)
(-1.1684e-09 5.11247e-10 8.6881e-05)
(-1.01499e-09 9.57255e-10 8.68808e-05)
(-4.58836e-10 -3.90852e-10 8.27216e-05)
(-1.76478e-09 1.92755e-09 7.03557e-05)
(1.31763e-09 2.6317e-09 4.60047e-05)
(7.73158e-09 -6.41591e-09 1.90956e-05)
(-1.19333e-08 9.10321e-09 1.90954e-05)
(-6.11154e-09 7.14005e-10 4.60051e-05)
(-2.82488e-09 1.18879e-09 7.03556e-05)
(-5.43436e-09 4.9756e-10 8.2722e-05)
(-2.07184e-09 -1.08239e-09 8.6881e-05)
(-1.251e-09 -7.52523e-10 8.68811e-05)
(9.13361e-10 -4.47315e-10 8.27219e-05)
(-1.49936e-09 -1.46128e-09 7.03551e-05)
(2.78896e-09 -1.79712e-09 4.60049e-05)
(1.41837e-08 1.03521e-08 1.90953e-05)
(-2.03276e-09 6.39772e-09 4.91145e-05)
(8.66034e-10 -1.6978e-09 9.0163e-05)
(-1.82077e-09 3.99553e-10 0.000104249)
(-1.10172e-10 -2.86385e-10 0.000108045)
(-2.70986e-10 -2.00417e-09 0.000108884)
(4.02563e-10 -1.80892e-09 0.000108885)
(6.45428e-10 -4.30402e-10 0.000108046)
(1.42522e-09 -1.72643e-09 0.000104248)
(4.68199e-11 -3.10417e-09 9.01626e-05)
(4.33953e-09 8.12264e-09 4.91143e-05)
(2.21234e-10 2.67938e-09 7.45769e-05)
(1.64434e-09 -1.1304e-09 0.000105092)
(1.36794e-10 -2.36722e-10 0.000109578)
(9.17903e-10 -7.48358e-10 0.000110137)
(3.41066e-10 -1.23377e-09 0.000110212)
(1.487e-10 -1.47321e-09 0.000110211)
(2.51328e-10 -8.28769e-10 0.000110138)
(1.36894e-09 -7.35425e-10 0.000109578)
(2.02489e-11 -9.19389e-10 0.000105092)
(1.614e-09 5.58541e-09 7.45767e-05)
(1.22521e-09 1.98928e-09 8.61134e-05)
(1.56461e-09 -3.83196e-10 0.000108471)
(4.93676e-10 -7.67184e-11 0.000110154)
(8.84243e-10 -7.29507e-10 0.000110252)
(-1.07682e-10 -4.15427e-10 0.000110258)
(-2.96297e-10 -7.01379e-10 0.000110257)
(-6.65153e-10 -7.14721e-10 0.000110252)
(-7.61044e-10 -9.9763e-10 0.000110154)
(-1.65346e-09 -2.1702e-10 0.000108471)
(-7.95477e-10 3.87243e-09 8.61138e-05)
(1.34135e-09 -3.68601e-10 9.01082e-05)
(5.22267e-10 -2.30304e-10 0.000109181)
(-1.12149e-10 4.11814e-10 0.00011022)
(3.46924e-10 -2.01512e-10 0.000110258)
(-7.01719e-10 5.08135e-12 0.000110259)
(-5.92484e-10 2.30856e-10 0.000110259)
(4.2232e-13 1.52456e-10 0.000110258)
(1.81707e-10 -1.63125e-10 0.00011022)
(-1.12661e-09 -6.04545e-11 0.000109181)
(-1.03482e-09 1.95258e-10 9.01085e-05)
(6.62567e-10 1.37204e-09 9.01084e-05)
(5.88168e-10 -9.59726e-11 0.00010918)
(7.10446e-10 7.18886e-11 0.000110221)
(5.86067e-10 -3.21349e-10 0.000110258)
(6.50972e-12 -1.71314e-10 0.000110259)
(-2.67968e-11 1.64026e-10 0.000110259)
(-3.75776e-10 -3.96367e-10 0.000110258)
(1.12033e-10 5.14348e-11 0.000110221)
(-6.05025e-10 2.69712e-10 0.000109181)
(-1.07319e-09 7.97835e-10 9.01087e-05)
(1.78072e-09 -1.69198e-09 8.6114e-05)
(1.81505e-09 -6.2094e-11 0.000108471)
(1.32832e-09 3.12077e-10 0.000110155)
(1.76082e-09 1.265e-10 0.000110253)
(8.55664e-11 1.90423e-10 0.000110258)
(-2.33209e-10 6.79185e-10 0.000110258)
(-8.1649e-10 1.40571e-10 0.000110253)
(-1.48216e-10 1.52157e-09 0.000110155)
(-5.84639e-10 -2.87212e-10 0.000108471)
(-1.03413e-09 -1.73437e-09 8.6114e-05)
(1.59276e-09 -2.57089e-09 7.45764e-05)
(1.90055e-09 1.29234e-09 0.000105092)
(-9.82443e-10 -6.30819e-10 0.000109578)
(6.41562e-10 -3.46014e-10 0.000110138)
(-3.52387e-10 4.77131e-10 0.000110211)
(-3.19974e-16 8.85902e-10 0.000110211)
(-3.83561e-10 4.93347e-10 0.000110137)
(1.04128e-09 7.40217e-10 0.000109578)
(-1.16138e-09 1.97081e-09 0.000105092)
(-1.51809e-09 -2.10342e-09 7.45771e-05)
(-4.56407e-09 -8.09536e-09 4.91143e-05)
(-2.57859e-10 2.67329e-09 9.01625e-05)
(-9.7293e-10 -4.47595e-10 0.000104248)
(-1.98667e-10 -5.79171e-10 0.000108045)
(-1.26733e-09 9.55351e-10 0.000108884)
(-3.23117e-10 1.0362e-09 0.000108884)
(1.71517e-10 -8.36581e-10 0.000108045)
(-6.34936e-10 2.20825e-09 0.000104249)
(-3.21815e-09 5.67996e-09 9.01636e-05)
(3.35021e-09 -6.91799e-09 4.91152e-05)
(-1.49351e-08 -1.16156e-08 1.9095e-05)
(-5.68162e-09 -2.4459e-10 4.60043e-05)
(-2.18309e-09 -4.70248e-10 7.03549e-05)
(-4.65953e-09 -2.71722e-10 8.27213e-05)
(-2.43097e-09 9.77113e-10 8.68811e-05)
(-1.23281e-09 1.1186e-09 8.68806e-05)
(1.27354e-09 -1.63613e-10 8.27216e-05)
(-3.001e-09 2.9864e-09 7.03556e-05)
(1.1141e-09 2.79616e-09 4.6005e-05)
(1.37418e-08 -1.02722e-08 1.90957e-05)
(-1.79386e-08 1.29277e-08 1.90953e-05)
(-4.89103e-09 8.49584e-11 4.60045e-05)
(-1.10947e-09 3.42473e-10 7.03549e-05)
(-4.91237e-09 3.20281e-10 8.2721e-05)
(-1.07447e-09 -1.77519e-09 8.68804e-05)
(-7.00851e-10 -1.1684e-09 8.68803e-05)
(1.65364e-09 -6.11972e-10 8.27214e-05)
(1.16533e-09 3.75841e-10 7.03551e-05)
(3.40953e-09 -6.36926e-10 4.60049e-05)
(1.05799e-08 7.98286e-09 1.90951e-05)
(-3.28679e-09 7.27738e-09 4.9115e-05)
(3.79386e-11 -7.098e-10 9.0163e-05)
(-1.04739e-09 4.82058e-10 0.000104248)
(8.72538e-10 -7.43778e-11 0.000108045)
(4.77389e-10 -2.46831e-09 0.000108883)
(1.23514e-09 -1.71729e-09 0.000108884)
(9.7749e-10 -1.0785e-09 0.000108045)
(1.69865e-09 5.16362e-10 0.000104248)
(3.66978e-10 -9.3606e-10 9.01626e-05)
(2.43809e-09 5.92829e-09 4.91148e-05)
(-6.51351e-10 3.57923e-09 7.45769e-05)
(9.7199e-10 -6.86571e-10 0.000105092)
(-2.63651e-10 -1.61788e-10 0.000109578)
(6.23684e-10 -7.89895e-10 0.000110137)
(5.10583e-10 -1.53894e-09 0.000110211)
(1.14878e-11 -1.16069e-09 0.000110211)
(-9.85207e-10 -1.64711e-09 0.000110137)
(3.88604e-10 4.28296e-10 0.000109578)
(-7.11051e-10 -3.11413e-10 0.000105092)
(-3.71912e-10 2.9637e-09 7.45772e-05)
(1.14903e-09 1.71141e-09 8.61135e-05)
(2.11725e-09 -6.39575e-10 0.000108471)
(1.38548e-09 -1.67985e-10 0.000110154)
(1.08023e-09 -7.1224e-10 0.000110252)
(-9.28507e-11 -4.85792e-10 0.000110258)
(-3.92541e-10 -4.2969e-10 0.000110257)
(-1.16024e-09 -8.71272e-10 0.000110252)
(-1.45822e-09 -2.5108e-10 0.000110154)
(-2.05037e-09 -8.67759e-10 0.000108471)
(-1.10463e-09 1.66446e-09 8.61136e-05)
(9.45665e-10 -5.75096e-10 9.01083e-05)
(9.02799e-10 -2.37997e-10 0.00010918)
(3.56912e-10 8.6516e-10 0.00011022)
(1.85267e-10 2.19296e-11 0.000110258)
(-6.06466e-10 2.95663e-10 0.000110259)
(-2.62929e-10 6.29412e-10 0.000110259)
(-3.14955e-10 2.00725e-10 0.000110258)
(-1.61379e-10 4.71329e-10 0.00011022)
(-6.05019e-10 -1.17428e-10 0.000109181)
(-8.16367e-10 -3.08925e-10 9.01088e-05)
(4.08585e-10 1.24389e-09 9.01083e-05)
(6.95464e-10 2.87156e-10 0.00010918)
(7.48381e-10 2.12866e-10 0.00011022)
(1.68317e-10 -4.46815e-10 0.000110258)
(4.13087e-10 1.38329e-11 0.000110259)
(3.865e-10 1.18975e-10 0.000110259)
(-3.66452e-10 -9.15147e-11 0.000110258)
(-1.10978e-10 4.3039e-10 0.000110221)
(-3.31836e-10 1.52943e-10 0.00010918)
(-4.41664e-10 1.04164e-09 9.01087e-05)
(1.70137e-09 -1.77916e-09 8.61134e-05)
(2.10275e-09 2.34948e-10 0.000108471)
(9.63078e-10 5.09032e-10 0.000110154)
(1.22547e-09 2.8824e-10 0.000110252)
(1.33286e-10 5.11509e-10 0.000110258)
(3.2968e-10 2.29328e-10 0.000110258)
(-3.68536e-10 -1.32781e-11 0.000110252)
(-1.56105e-10 7.97478e-10 0.000110155)
(-5.40128e-10 4.70366e-10 0.000108471)
(-1.20466e-09 -9.42373e-10 8.61139e-05)
(1.73825e-09 -2.93369e-09 7.45766e-05)
(8.92226e-10 9.13311e-10 0.000105092)
(-1.5045e-09 -1.57552e-10 0.000109578)
(6.41203e-10 1.19126e-10 0.000110137)
(-6.40835e-10 -3.69424e-11 0.000110211)
(5.09725e-11 7.4287e-10 0.000110211)
(2.76438e-10 1.39357e-10 0.000110137)
(1.55196e-09 -3.31009e-10 0.000109578)
(-1.67251e-09 1.98187e-09 0.000105091)
(-1.74042e-09 -1.58947e-09 7.45765e-05)
(-3.07425e-09 -7.02517e-09 4.91143e-05)
(1.1821e-09 3.28476e-09 9.01626e-05)
(-1.60744e-10 6.66607e-10 0.000104248)
(4.19194e-10 -8.26539e-10 0.000108045)
(-7.30524e-10 4.54412e-10 0.000108884)
(-6.25477e-10 1.24726e-09 0.000108884)
(-1.88147e-10 5.82239e-10 0.000108045)
(-5.55333e-10 9.14353e-10 0.000104248)
(-3.98301e-09 5.16771e-09 9.01627e-05)
(2.52103e-09 -6.0327e-09 4.91145e-05)
(-1.41121e-08 -1.0575e-08 1.90949e-05)
(-3.7939e-09 1.12528e-09 4.60044e-05)
(-4.91125e-10 2.51919e-10 7.03547e-05)
(-3.17083e-09 -5.03244e-10 8.2721e-05)
(-1.72592e-09 9.62187e-10 8.68803e-05)
(-1.68092e-09 1.32081e-09 8.68806e-05)
(5.72909e-10 8.92274e-10 8.27211e-05)
(-2.05013e-09 2.03557e-09 7.03546e-05)
(2.24434e-09 2.40263e-09 4.60047e-05)
(1.25373e-08 -9.03703e-09 1.90951e-05)
(-1.8726e-08 1.35199e-08 1.90949e-05)
(-6.53949e-09 1.41711e-10 4.60039e-05)
(-1.79287e-09 1.22981e-09 7.03532e-05)
(-3.06642e-09 -1.96108e-10 8.27201e-05)
(-7.65596e-10 -1.30265e-09 8.68795e-05)
(-3.64662e-10 -4.53856e-10 8.68797e-05)
(2.33254e-09 1.08694e-09 8.27202e-05)
(-3.1118e-10 5.00304e-10 7.03533e-05)
(-8.48847e-10 -3.88827e-09 4.60039e-05)
(8.8275e-09 7.45424e-09 1.90949e-05)
(-2.75985e-09 6.51285e-09 4.91149e-05)
(7.49439e-10 -2.4031e-09 9.01631e-05)
(-8.57975e-10 7.40175e-10 0.000104248)
(1.18474e-09 -4.31933e-10 0.000108044)
(8.19443e-10 -1.30641e-09 0.000108883)
(3.75157e-10 -1.25172e-09 0.000108884)
(7.80844e-10 1.16398e-09 0.000108044)
(2.26904e-09 8.90708e-10 0.000104248)
(-2.16703e-10 -2.73066e-09 9.01633e-05)
(3.92466e-09 7.0985e-09 4.91144e-05)
(6.96092e-10 1.58094e-09 7.45775e-05)
(1.58187e-09 -1.16132e-09 0.000105092)
(-6.07995e-11 -4.85458e-11 0.000109578)
(9.65647e-10 -7.33379e-10 0.000110137)
(1.84858e-10 -9.10724e-11 0.000110211)
(-1.77799e-10 -1.12088e-09 0.000110211)
(-3.59449e-10 -5.16932e-10 0.000110137)
(8.14825e-10 3.79415e-10 0.000109578)
(-2.95328e-10 -2.37412e-10 0.000105092)
(6.36177e-10 3.98999e-09 7.45772e-05)
(1.15726e-09 1.92721e-09 8.61137e-05)
(1.52816e-09 -1.17946e-09 0.000108471)
(3.72713e-10 -2.07491e-10 0.000110155)
(9.95852e-10 -4.79715e-10 0.000110252)
(-3.41296e-11 -2.86359e-10 0.000110258)
(-4.42307e-10 1.74204e-11 0.000110258)
(-5.34179e-10 -1.46921e-10 0.000110252)
(-9.94261e-10 -1.55965e-10 0.000110155)
(-2.3878e-09 -6.44105e-10 0.000108471)
(-1.0564e-09 3.33214e-09 8.61135e-05)
(1.58412e-10 -2.18098e-10 9.01087e-05)
(1.91994e-10 -5.16801e-10 0.000109181)
(8.17503e-10 1.45855e-10 0.00011022)
(3.32623e-10 1.41459e-10 0.000110257)
(-9.57241e-11 5.76348e-11 0.000110259)
(7.04494e-11 4.60493e-10 0.000110259)
(-3.61403e-10 3.16836e-10 0.000110258)
(1.10034e-10 7.38241e-10 0.000110221)
(-9.89251e-10 1.45415e-10 0.000109181)
(-1.03813e-09 5.45631e-10 9.01087e-05)
(6.67724e-10 6.11371e-10 9.01086e-05)
(2.74788e-10 -2.52261e-10 0.000109181)
(3.64857e-10 -8.45627e-11 0.00011022)
(7.80677e-10 -8.18607e-10 0.000110258)
(1.80668e-10 -2.40586e-10 0.000110259)
(-2.22282e-10 -2.53703e-10 0.000110259)
(-1.28557e-10 -3.54772e-10 0.000110258)
(7.51938e-11 4.57287e-10 0.00011022)
(-8.5817e-10 -2.85692e-10 0.00010918)
(-8.01962e-10 4.22116e-10 9.01087e-05)
(1.7152e-09 -1.9077e-09 8.61135e-05)
(2.26777e-09 1.70127e-10 0.000108471)
(7.25792e-10 6.15032e-10 0.000110155)
(3.85074e-10 -5.39472e-11 0.000110252)
(5.87428e-10 3.73747e-10 0.000110257)
(6.11683e-10 2.27908e-10 0.000110257)
(-5.80078e-10 1.40247e-10 0.000110252)
(-8.92482e-10 6.51037e-10 0.000110155)
(-1.68445e-09 -8.39092e-11 0.000108471)
(-7.91901e-10 -2.54547e-09 8.61136e-05)
(7.7236e-10 -3.06426e-09 7.45776e-05)
(4.99107e-10 1.83652e-09 0.000105092)
(-1.83685e-09 5.78705e-10 0.000109578)
(3.76265e-10 -7.67195e-11 0.000110137)
(-3.27158e-11 7.38284e-10 0.000110211)
(1.64835e-10 1.63435e-10 0.000110211)
(3.47307e-10 -5.46821e-10 0.000110137)
(2.00212e-09 -3.91407e-10 0.000109577)
(-5.56665e-10 1.22781e-09 0.000105092)
(7.52798e-12 -3.94928e-09 7.45775e-05)
(-6.82733e-09 -9.91739e-09 4.91144e-05)
(1.74748e-09 4.17964e-09 9.01629e-05)
(3.6176e-10 6.54997e-10 0.000104248)
(3.12802e-10 -9.56615e-10 0.000108045)
(6.26315e-10 2.03012e-10 0.000108884)
(7.93192e-10 2.79027e-10 0.000108884)
(1.84032e-09 -1.89516e-09 0.000108045)
(1.13313e-09 6.18556e-10 0.000104248)
(-5.03444e-10 3.48773e-09 9.0163e-05)
(5.15457e-09 -7.94105e-09 4.91146e-05)
(-1.36226e-08 -1.10465e-08 1.90952e-05)
(-3.81285e-09 1.24051e-09 4.60045e-05)
(-4.12004e-10 -1.34885e-10 7.03538e-05)
(-2.65973e-09 -4.91999e-10 8.27207e-05)
(-1.50977e-09 3.07023e-10 8.68799e-05)
(-1.22015e-09 8.19534e-10 8.68801e-05)
(8.9847e-10 -8.12655e-10 8.27203e-05)
(-8.36922e-10 1.71734e-09 7.0353e-05)
(4.14602e-09 1.57591e-09 4.60039e-05)
(1.17675e-08 -8.81682e-09 1.90947e-05)
(1.3002e-08 -1.11675e-08 1.90949e-05)
(1.43543e-08 -9.4965e-09 4.60041e-05)
(9.78006e-09 -1.16627e-09 7.03547e-05)
(3.4828e-09 2.78558e-09 8.2721e-05)
(2.56063e-10 8.77384e-10 8.68805e-05)
(-1.09694e-10 1.35041e-09 8.68807e-05)
(-2.04853e-09 3.24646e-09 8.27215e-05)
(-7.13513e-09 -4.47735e-10 7.03549e-05)
(-1.12446e-08 -6.16891e-09 4.60045e-05)
(-1.10745e-08 -9.50767e-09 1.90952e-05)
(1.75292e-09 -4.61957e-09 4.91142e-05)
(-3.74407e-10 -5.03701e-09 9.01627e-05)
(-7.92691e-10 -7.64277e-10 0.000104248)
(-8.79255e-10 3.67678e-09 0.000108045)
(1.18878e-10 1.23802e-09 0.000108884)
(8.19552e-10 8.31767e-10 0.000108884)
(8.78674e-10 2.82236e-09 0.000108045)
(2.7472e-09 -7.25441e-10 0.000104248)
(4.49194e-09 -1.00886e-09 9.01634e-05)
(1.26988e-09 -2.10923e-09 4.91149e-05)
(-2.21614e-09 3.85277e-09 7.45769e-05)
(-2.41813e-09 -5.9054e-10 0.000105092)
(-1.78982e-09 -2.11471e-09 0.000109578)
(-7.22451e-10 1.04678e-10 0.000110137)
(1.43116e-10 -2.22731e-10 0.000110211)
(5.6133e-10 -8.74882e-10 0.000110211)
(6.64327e-10 -1.25796e-09 0.000110137)
(1.27242e-09 -3.2744e-09 0.000109578)
(2.0174e-09 -1.36104e-10 0.000105092)
(2.48902e-09 5.04661e-09 7.45768e-05)
(2.7658e-10 1.67285e-09 8.61138e-05)
(1.281e-09 -9.33086e-10 0.000108471)
(4.29025e-10 -1.27192e-09 0.000110155)
(5.36677e-11 -4.42419e-10 0.000110252)
(1.56613e-11 -6.32643e-10 0.000110258)
(6.12432e-11 -2.90447e-10 0.000110258)
(-6.60944e-11 -7.75339e-10 0.000110252)
(-1.0299e-09 -1.35444e-09 0.000110154)
(-1.41553e-09 -8.6892e-10 0.000108471)
(-1.35685e-10 1.52957e-09 8.61135e-05)
(6.15979e-10 1.00834e-09 9.01085e-05)
(7.91228e-10 -3.78428e-10 0.000109181)
(2.6186e-10 -6.02737e-10 0.000110221)
(-1.21179e-10 -8.65125e-11 0.000110258)
(4.81347e-10 6.38741e-10 0.000110258)
(5.27468e-10 4.91837e-10 0.000110259)
(-1.21602e-10 -1.85861e-10 0.000110258)
(-4.10857e-10 -2.00068e-10 0.00011022)
(-1.25795e-09 -3.75868e-10 0.000109181)
(-5.36281e-10 1.30632e-09 9.01084e-05)
(3.21338e-10 -4.97619e-10 9.01086e-05)
(5.96441e-10 -1.05552e-09 0.000109181)
(2.97145e-10 1.8025e-10 0.00011022)
(2.29602e-10 1.01608e-10 0.000110258)
(4.98052e-10 3.07708e-10 0.000110259)
(2.3012e-10 -8.42545e-11 0.000110259)
(3.37033e-10 -6.19936e-10 0.000110258)
(-5.98766e-10 2.37578e-10 0.00011022)
(-5.74769e-10 -1.06096e-09 0.00010918)
(2.32316e-10 6.43589e-10 9.01086e-05)
(1.00974e-09 8.78387e-10 8.61142e-05)
(5.94813e-10 -2.32542e-09 0.000108471)
(6.04799e-10 1.99009e-10 0.000110155)
(-1.69792e-10 2.38561e-11 0.000110252)
(5.99215e-11 3.69281e-11 0.000110258)
(3.78472e-10 -2.69828e-10 0.000110257)
(3.33415e-10 4.91732e-10 0.000110253)
(1.72784e-10 1.05992e-09 0.000110154)
(-4.01657e-10 -7.52164e-10 0.000108471)
(-3.78169e-10 1.22113e-09 8.61134e-05)
(1.30718e-10 -1.69441e-09 7.45767e-05)
(-1.92646e-09 -2.36414e-09 0.000105092)
(-9.8026e-10 2.42182e-09 0.000109578)
(8.84523e-11 -6.92803e-11 0.000110137)
(-1.19337e-10 4.21603e-11 0.000110211)
(-1.0432e-10 -7.55893e-11 0.000110211)
(2.1362e-10 1.4517e-10 0.000110137)
(2.03445e-09 2.90614e-09 0.000109578)
(2.04009e-09 -4.59131e-10 0.000105092)
(-1.52338e-09 1.49101e-09 7.45767e-05)
(8.52209e-10 2.75588e-09 4.91146e-05)
(-3.99556e-09 -2.37419e-10 9.01627e-05)
(-2.7849e-09 -2.08325e-10 0.000104248)
(-5.96965e-10 -2.14013e-09 0.000108045)
(-9.22866e-10 -9.14491e-10 0.000108883)
(-1.06399e-09 -9.06632e-10 0.000108884)
(-6.54657e-10 -3.62407e-09 0.000108044)
(1.33394e-09 1.1639e-09 0.000104248)
(6.5522e-10 3.52698e-09 9.01632e-05)
(-5.2892e-09 8.37594e-09 4.91146e-05)
(9.40702e-09 7.67518e-09 1.90951e-05)
(6.90665e-09 3.2091e-09 4.6004e-05)
(5.54301e-09 -6.79896e-10 7.03547e-05)
(2.06061e-09 -2.11144e-09 8.27211e-05)
(-1.19879e-09 -5.72632e-10 8.68806e-05)
(-9.4312e-10 -6.9416e-10 8.68806e-05)
(-4.03206e-09 -2.5493e-09 8.27211e-05)
(-9.27738e-09 1.30894e-09 7.03548e-05)
(-1.429e-08 8.30802e-09 4.60042e-05)
(-1.26234e-08 1.03766e-08 1.90949e-05)
(-1.36343e-08 1.01083e-08 1.90951e-05)
(-4.18319e-09 5.32028e-10 4.6005e-05)
(-1.36242e-09 1.10699e-09 7.03565e-05)
(-3.55277e-09 5.37599e-10 8.27223e-05)
(1.2777e-10 -8.90601e-10 8.68814e-05)
(-4.6183e-10 -7.46762e-10 8.68811e-05)
(9.94523e-10 -6.15208e-10 8.27222e-05)
(9.05738e-10 -9.9027e-10 7.03564e-05)
(5.57138e-09 5.9589e-11 4.60047e-05)
(1.57929e-08 1.22801e-08 1.9095e-05)
(-2.1546e-09 5.87972e-09 4.91144e-05)
(1.10914e-09 -1.98275e-09 9.01626e-05)
(2.53853e-10 -4.48396e-10 0.000104249)
(1.36226e-09 -6.48938e-10 0.000108045)
(5.27052e-10 -1.79699e-09 0.000108884)
(1.35626e-09 -1.60953e-09 0.000108884)
(9.94388e-10 -1.55425e-09 0.000108045)
(1.88076e-09 -1.21835e-09 0.000104248)
(1.41844e-09 -1.04031e-09 9.01623e-05)
(5.96518e-09 1.0194e-08 4.91144e-05)
(-1.50713e-09 3.37427e-09 7.45758e-05)
(3.86393e-10 -1.78699e-09 0.000105091)
(-1.28654e-10 -9.00936e-10 0.000109578)
(6.23825e-11 -1.03737e-09 0.000110137)
(5.08023e-10 -7.56314e-10 0.000110211)
(4.0102e-10 -1.05292e-09 0.000110211)
(-6.11204e-10 -1.78998e-09 0.000110137)
(-1.35353e-10 -1.14499e-09 0.000109578)
(-1.36652e-09 -2.94764e-10 0.000105092)
(8.37915e-10 5.19605e-09 7.45756e-05)
(1.23837e-09 1.02286e-09 8.61133e-05)
(2.05396e-09 -1.20189e-09 0.000108471)
(1.13517e-09 -8.88659e-10 0.000110154)
(2.13165e-10 -1.67146e-10 0.000110252)
(-4.20878e-10 -2.31561e-10 0.000110258)
(-2.01552e-10 -5.12945e-10 0.000110258)
(-1.32309e-09 -8.83903e-10 0.000110252)
(-1.45924e-09 -6.8113e-10 0.000110154)
(-2.0184e-09 4.10949e-11 0.000108471)
(-1.06176e-09 2.80363e-09 8.61131e-05)
(1.07124e-09 -9.55131e-10 9.01084e-05)
(8.8309e-10 -6.82688e-10 0.000109181)
(1.5547e-10 -3.69077e-10 0.00011022)
(-2.96674e-10 -1.47452e-10 0.000110258)
(-3.18267e-10 -2.06023e-10 0.000110259)
(-3.50444e-10 -5.93817e-10 0.000110259)
(-2.37307e-10 -2.22109e-10 0.000110258)
(4.22436e-10 5.28505e-10 0.00011022)
(-6.62791e-10 -5.52809e-11 0.000109181)
(-5.99294e-10 1.20049e-10 9.01082e-05)
(1.02102e-09 1.20768e-09 9.01083e-05)
(3.38353e-10 -1.7251e-10 0.00010918)
(-8.19753e-11 -8.28362e-11 0.00011022)
(5.15508e-10 -4.84975e-10 0.000110258)
(3.38859e-10 -2.36838e-10 0.000110258)
(3.91549e-10 -3.66393e-10 0.000110259)
(7.95588e-11 -2.14522e-10 0.000110258)
(-3.15335e-10 4.49246e-12 0.00011022)
(-8.24844e-10 -2.65491e-10 0.00010918)
(-5.54158e-10 8.36925e-10 9.0108e-05)
(1.70995e-09 -1.22618e-09 8.61137e-05)
(1.49631e-09 -9.83379e-11 0.000108471)
(3.93043e-10 2.10292e-10 0.000110154)
(9.48354e-10 4.39437e-10 0.000110252)
(5.24501e-10 5.57174e-10 0.000110258)
(4.70804e-10 1.56084e-10 0.000110257)
(-3.84379e-10 9.97197e-11 0.000110252)
(-7.85406e-10 5.17845e-10 0.000110154)
(-1.23062e-09 -2.60465e-11 0.000108471)
(-6.80122e-10 -1.55092e-09 8.61133e-05)
(9.95795e-10 -2.52886e-09 7.45752e-05)
(9.94466e-10 1.33489e-09 0.000105092)
(-1.29667e-09 -4.1872e-10 0.000109578)
(7.31263e-10 3.71193e-10 0.000110137)
(1.43229e-10 3.99026e-10 0.000110211)
(-1.95377e-10 3.02877e-10 0.000110211)
(-2.31383e-10 -3.24056e-10 0.000110137)
(2.1681e-09 -6.41095e-10 0.000109578)
(-3.11073e-10 1.47284e-09 0.000105091)
(-5.79646e-10 -3.04175e-09 7.45753e-05)
(-3.85186e-09 -7.45534e-09 4.91146e-05)
(3.05557e-09 4.11358e-09 9.01623e-05)
(6.372e-10 6.53339e-11 0.000104248)
(5.25853e-10 -1.15194e-09 0.000108044)
(1.02975e-09 1.27457e-10 0.000108884)
(5.40272e-11 2.16632e-10 0.000108884)
(8.91685e-11 -1.13154e-09 0.000108045)
(1.24056e-09 8.42616e-10 0.000104248)
(-2.42961e-09 5.12069e-09 9.01626e-05)
(3.53391e-09 -7.85552e-09 4.91142e-05)
(-1.52804e-08 -1.12492e-08 1.9095e-05)
(-3.40699e-09 1.21409e-09 4.60049e-05)
(-4.69211e-10 -4.1226e-10 7.03564e-05)
(-2.94779e-09 -1.00597e-09 8.27221e-05)
(-5.98095e-10 5.54425e-10 8.68809e-05)
(-2.26123e-09 1.56492e-10 8.68815e-05)
(-4.77466e-10 -2.58246e-11 8.27223e-05)
(-2.01478e-09 1.80821e-09 7.03566e-05)
(1.8692e-09 2.82422e-09 4.60048e-05)
(1.4038e-08 -1.09363e-08 1.90951e-05)
(-1.96033e-08 1.53586e-08 1.90952e-05)
(-5.44922e-09 4.77747e-10 4.60046e-05)
(-1.9821e-09 8.6068e-10 7.03551e-05)
(-5.30703e-09 2.38887e-10 8.27218e-05)
(-1.60858e-09 -9.57519e-10 8.68811e-05)
(-1.43394e-09 -4.72016e-10 8.6881e-05)
(1.24011e-09 2.40964e-10 8.27216e-05)
(-2.43687e-09 -2.47212e-09 7.03551e-05)
(1.99623e-09 -3.06126e-09 4.60042e-05)
(1.44272e-08 1.04258e-08 1.90949e-05)
(-6.98734e-09 1.06193e-08 4.91148e-05)
(-1.37796e-09 -1.10637e-09 9.0163e-05)
(-9.30718e-10 -2.38741e-10 0.000104249)
(5.53878e-10 -5.10697e-10 0.000108045)
(2.26189e-10 -2.13095e-09 0.000108884)
(4.53076e-10 -7.49135e-10 0.000108884)
(1.38163e-09 1.20251e-11 0.000108045)
(1.62948e-09 -2.8563e-09 0.000104248)
(7.34664e-10 -2.95288e-09 9.01624e-05)
(5.88218e-09 8.86122e-09 4.91139e-05)
(-6.80004e-10 3.97755e-09 7.45765e-05)
(8.95949e-10 -1.37962e-09 0.000105092)
(2.30514e-10 -8.81553e-10 0.000109578)
(1.14884e-09 -9.56357e-10 0.000110137)
(7.72164e-10 -1.14587e-09 0.000110211)
(1.94861e-10 -1.11793e-09 0.000110211)
(-2.76665e-10 -1.11767e-09 0.000110137)
(5.88149e-10 -1.40662e-09 0.000109578)
(-1.09065e-09 -6.93647e-10 0.000105092)
(9.8021e-10 5.35468e-09 7.4576e-05)
(1.59797e-09 2.3757e-09 8.61137e-05)
(2.83722e-09 -1.07894e-09 0.000108471)
(1.52806e-09 1.20123e-11 0.000110154)
(7.08153e-10 -5.0716e-10 0.000110252)
(-8.75817e-11 -7.7519e-10 0.000110258)
(9.57798e-11 -7.98505e-10 0.000110258)
(-5.83087e-10 -5.32361e-10 0.000110252)
(-6.27466e-10 -2.27381e-10 0.000110154)
(-1.60335e-09 2.59269e-10 0.000108471)
(-5.73251e-10 3.55095e-09 8.61133e-05)
(8.26493e-10 -2.08567e-10 9.01085e-05)
(4.63731e-10 -6.93022e-10 0.000109181)
(6.77363e-11 7.91639e-10 0.00011022)
(8.85217e-11 -8.71445e-11 0.000110258)
(-9.1348e-11 -6.35475e-10 0.000110259)
(2.39935e-10 -2.40271e-11 0.000110259)
(-2.99031e-10 -2.6627e-11 0.000110258)
(-3.54644e-10 4.51737e-10 0.00011022)
(-9.41438e-10 5.81076e-10 0.00010918)
(-7.81383e-10 6.08928e-10 9.01081e-05)
(7.15752e-10 1.54109e-09 9.0108e-05)
(2.98742e-10 3.52492e-10 0.00010918)
(-7.07735e-11 8.23159e-10 0.00011022)
(-4.20122e-10 -4.25594e-10 0.000110258)
(-3.46433e-10 -2.95059e-10 0.000110258)
(-1.1332e-11 -1.97932e-10 0.000110259)
(-4.20422e-10 -6.63005e-10 0.000110258)
(-3.25392e-10 -1.09964e-10 0.00011022)
(-1.1662e-09 1.851e-10 0.00010918)
(-9.67231e-10 9.90289e-10 9.01081e-05)
(1.95942e-09 -5.95821e-10 8.61134e-05)
(1.42137e-09 5.1042e-10 0.00010847)
(4.54381e-10 1.34067e-09 0.000110154)
(9.11547e-10 1.84577e-11 0.000110252)
(1.3615e-10 4.5883e-10 0.000110257)
(-1.21118e-10 5.66148e-10 0.000110258)
(-7.81767e-10 1.08456e-10 0.000110252)
(-5.6493e-10 6.81483e-10 0.000110154)
(-1.35086e-09 3.94325e-11 0.000108471)
(-9.91332e-10 -1.81655e-09 8.61136e-05)
(1.79217e-09 -2.1562e-09 7.45759e-05)
(1.49091e-09 1.04796e-09 0.000105091)
(-6.32014e-10 2.74111e-10 0.000109578)
(9.15104e-10 1.26612e-10 0.000110137)
(3.78163e-11 1.03874e-09 0.000110211)
(3.3776e-10 9.80881e-10 0.000110211)
(-3.92003e-10 8.33754e-12 0.000110137)
(7.67202e-10 -4.89122e-10 0.000109578)
(-1.63982e-09 2.02684e-09 0.000105092)
(-1.25721e-09 -1.80794e-09 7.45765e-05)
(-4.96013e-09 -8.76059e-09 4.91141e-05)
(2.02768e-09 4.13328e-09 9.01628e-05)
(9.73452e-10 1.41891e-09 0.000104248)
(8.1618e-10 -1.03961e-11 0.000108045)
(1.13707e-09 1.71519e-09 0.000108884)
(5.92445e-10 6.18536e-10 0.000108884)
(-1.06465e-10 -1.60314e-09 0.000108045)
(1.08036e-10 1.103e-09 0.000104248)
(-2.54685e-09 5.89317e-09 9.01623e-05)
(3.22409e-09 -5.94299e-09 4.91145e-05)
(-1.35237e-08 -1.09989e-08 1.90947e-05)
(-4.24075e-09 1.23464e-09 4.60048e-05)
(-1.57581e-09 4.60642e-10 7.0355e-05)
(-3.51768e-09 -1.0338e-10 8.27219e-05)
(-2.33373e-10 1.46007e-09 8.68808e-05)
(-6.02301e-10 4.07403e-10 8.6881e-05)
(5.92331e-10 -7.6397e-10 8.27218e-05)
(-1.09726e-09 2.10161e-09 7.0355e-05)
(1.23984e-09 3.35691e-09 4.60046e-05)
(1.10103e-08 -8.54479e-09 1.90951e-05)
(-1.22986e-08 8.43492e-09 1.90948e-05)
(-2.72603e-09 -8.17826e-10 4.60044e-05)
(-8.72926e-10 1.2766e-09 7.03544e-05)
(-4.44423e-09 4.98304e-10 8.27215e-05)
(-4.87094e-10 -1.63123e-09 8.68811e-05)
(-2.38822e-10 -1.35617e-09 8.68811e-05)
(2.54711e-09 -6.34716e-10 8.27215e-05)
(2.26069e-09 7.70099e-10 7.03547e-05)
(4.72068e-09 3.198e-11 4.60045e-05)
(1.11616e-08 8.59012e-09 1.90948e-05)
(-3.39457e-09 6.49446e-09 4.91138e-05)
(7.86834e-10 -1.2307e-09 9.01625e-05)
(-3.26954e-10 4.3659e-10 0.000104249)
(1.18692e-09 1.11527e-10 0.000108045)
(1.5243e-09 -1.6275e-09 0.000108884)
(1.13456e-09 -2.34457e-09 0.000108884)
(1.08918e-09 -1.55177e-09 0.000108045)
(3.01619e-09 5.11918e-10 0.000104248)
(1.82298e-09 2.45343e-10 9.01625e-05)
(4.78978e-09 8.45078e-09 4.91142e-05)
(-2.97374e-10 2.85568e-09 7.45758e-05)
(1.33704e-09 -1.03439e-09 0.000105091)
(7.66154e-10 -3.73107e-10 0.000109578)
(1.82022e-09 -5.12625e-10 0.000110137)
(1.14683e-09 -7.77558e-10 0.000110211)
(1.85722e-10 -1.47361e-09 0.000110211)
(-9.12092e-10 -2.10103e-09 0.000110137)
(2.27648e-10 -2.65572e-10 0.000109578)
(-6.36377e-10 5.50677e-10 0.000105092)
(5.56545e-10 4.52139e-09 7.45764e-05)
(1.06895e-09 1.30456e-09 8.61135e-05)
(1.36078e-09 -1.38488e-09 0.000108471)
(6.33029e-10 -6.96153e-12 0.000110155)
(8.01467e-11 -8.80294e-11 0.000110252)
(-4.63945e-10 -3.8179e-10 0.000110258)
(-1.33246e-11 -5.93999e-10 0.000110258)
(-8.69651e-10 -1.6547e-09 0.000110252)
(-9.44937e-10 -2.82331e-10 0.000110154)
(-2.13342e-09 -6.20852e-10 0.000108471)
(-9.56711e-10 2.81536e-09 8.61138e-05)
(1.14678e-09 -1.51825e-09 9.01082e-05)
(6.88352e-10 -1.17908e-09 0.00010918)
(-2.00023e-10 3.51464e-10 0.00011022)
(-3.92723e-10 -1.6771e-10 0.000110258)
(-3.30777e-10 -4.91173e-11 0.000110259)
(1.31699e-10 -3.35466e-11 0.000110259)
(-1.93398e-10 -6.30478e-10 0.000110258)
(6.22477e-11 4.58938e-10 0.00011022)
(-1.0157e-09 7.22463e-11 0.000109181)
(-1.05806e-09 5.67955e-10 9.01087e-05)
(1.02495e-09 1.31822e-09 9.01085e-05)
(8.30302e-10 -1.28752e-10 0.000109181)
(1.84949e-10 3.6349e-12 0.000110221)
(3.61815e-10 -7.08326e-10 0.000110258)
(3.01489e-10 -7.38638e-10 0.000110259)
(8.26547e-11 -2.13358e-10 0.000110259)
(-5.24391e-10 -6.00072e-10 0.000110258)
(-3.77784e-10 4.16401e-10 0.00011022)
(-7.37635e-10 5.29416e-10 0.000109181)
(-8.00889e-10 1.02057e-09 9.01084e-05)
(1.96941e-09 -1.34265e-09 8.61135e-05)
(2.06377e-09 -2.8927e-11 0.000108471)
(1.1513e-09 1.05149e-09 0.000110154)
(6.6931e-10 5.40655e-10 0.000110252)
(7.24708e-12 4.64924e-10 0.000110258)
(4.45877e-10 -5.06007e-11 0.000110258)
(-6.56972e-10 -6.53028e-11 0.000110253)
(-4.2801e-10 1.26585e-09 0.000110154)
(-1.297e-09 6.89746e-10 0.000108471)
(-1.20994e-09 -1.70303e-09 8.61137e-05)
(8.63879e-10 -3.26809e-09 7.45764e-05)
(6.33953e-10 6.38602e-10 0.000105092)
(-9.47873e-10 8.76241e-10 0.000109578)
(7.69787e-10 -1.29161e-10 0.000110137)
(-2.26157e-10 5.86692e-10 0.000110211)
(1.11675e-11 4.07774e-10 0.000110211)
(-6.80811e-10 1.8591e-10 0.000110137)
(7.8333e-10 1.82628e-10 0.000109577)
(-1.68599e-09 1.26991e-09 0.000105092)
(-1.39339e-09 -3.06483e-09 7.45766e-05)
(-5.16715e-09 -8.94247e-09 4.91143e-05)
(1.93023e-09 3.30459e-09 9.01628e-05)
(3.48402e-10 8.99671e-10 0.000104248)
(4.75184e-10 -6.27489e-10 0.000108045)
(8.94349e-10 1.01249e-09 0.000108884)
(6.64817e-10 1.10649e-09 0.000108884)
(5.00576e-10 -6.71537e-10 0.000108045)
(6.62516e-13 1.48198e-09 0.000104248)
(-2.29303e-09 3.46176e-09 9.01626e-05)
(3.7249e-09 -8.21023e-09 4.91142e-05)
(-1.37071e-08 -1.10348e-08 1.90949e-05)
(-6.12008e-09 -2.47023e-10 4.6004e-05)
(-1.90016e-09 -2.85378e-10 7.03545e-05)
(-3.33805e-09 5.38034e-11 8.27212e-05)
(-1.97827e-09 1.18255e-09 8.68806e-05)
(-1.10998e-09 1.19106e-09 8.68805e-05)
(1.40513e-09 -1.7826e-10 8.27213e-05)
(-7.96453e-10 1.96546e-09 7.0355e-05)
(4.42253e-09 1.19202e-09 4.60045e-05)
(1.41861e-08 -1.05427e-08 1.90947e-05)
(-1.23326e-08 1.00054e-08 1.90949e-05)
(-6.35158e-09 7.16725e-10 4.60047e-05)
(-3.57188e-09 1.59587e-09 7.03548e-05)
(-3.94671e-09 -3.40946e-10 8.2721e-05)
(-1.27748e-09 -1.41566e-09 8.68806e-05)
(-1.33014e-09 -1.24152e-09 8.68801e-05)
(4.68157e-10 -6.83831e-10 8.27209e-05)
(-9.0227e-10 -1.29965e-09 7.03543e-05)
(1.89137e-09 -3.20436e-09 4.60043e-05)
(1.31114e-08 9.7473e-09 1.90949e-05)
(-4.89206e-09 9.23425e-09 4.91141e-05)
(-2.05582e-10 -6.97464e-10 9.01625e-05)
(-1.46748e-09 -5.84188e-10 0.000104249)
(-6.82645e-10 -9.75647e-10 0.000108045)
(6.04421e-11 -2.15544e-09 0.000108884)
(1.51844e-10 -1.82775e-09 0.000108884)
(2.76002e-10 -6.077e-10 0.000108044)
(6.36836e-10 -1.39919e-09 0.000104248)
(-1.10513e-09 -3.58505e-09 9.01627e-05)
(4.37394e-09 7.56638e-09 4.91147e-05)
(-4.65058e-10 4.82406e-09 7.45759e-05)
(9.91047e-10 -8.25614e-10 0.000105091)
(-4.97762e-10 -1.17316e-09 0.000109578)
(6.66395e-10 -1.08554e-09 0.000110137)
(7.4768e-11 -1.31692e-09 0.000110211)
(-9.61103e-11 -9.83846e-10 0.000110211)
(-2.81111e-10 -1.67399e-09 0.000110137)
(8.01807e-10 -1.06314e-09 0.000109578)
(-1.65454e-09 -1.20312e-09 0.000105092)
(-7.41117e-10 3.46388e-09 7.45768e-05)
(6.85818e-10 2.89042e-09 8.61131e-05)
(2.4878e-09 -5.57041e-10 0.000108471)
(1.87214e-09 -2.07384e-10 0.000110154)
(1.01881e-09 -9.18619e-10 0.000110252)
(1.86492e-10 -8.39751e-10 0.000110258)
(-6.41962e-10 -5.60416e-10 0.000110258)
(-8.12702e-10 -9.80656e-10 0.000110252)
(-3.39317e-10 -5.97526e-10 0.000110155)
(-1.89887e-09 -1.17098e-09 0.000108471)
(-7.71696e-10 3.09635e-09 8.61139e-05)
(1.40885e-09 -1.66697e-10 9.01086e-05)
(1.07694e-09 5.8735e-10 0.000109181)
(4.03844e-10 3.4169e-10 0.00011022)
(6.08266e-10 -3.83798e-10 0.000110258)
(-5.04593e-11 -6.51302e-11 0.000110258)
(-1.00088e-10 -2.20915e-10 0.000110259)
(-4.53328e-10 4.57679e-10 0.000110258)
(3.71334e-10 4.98799e-10 0.000110221)
(-1.40011e-10 -2.97842e-10 0.000109181)
(-7.7443e-10 -1.41545e-10 9.01088e-05)
(4.64309e-10 1.16473e-09 9.01089e-05)
(3.69922e-10 4.09576e-10 0.000109181)
(1.11186e-10 -4.19304e-11 0.00011022)
(8.58534e-11 -3.91046e-10 0.000110258)
(-1.55411e-10 9.79543e-11 0.000110259)
(3.62904e-11 -3.32045e-12 0.000110259)
(-3.56723e-10 -1.01445e-10 0.000110258)
(-6.24899e-10 3.67874e-10 0.00011022)
(-1.03396e-09 -1.69147e-10 0.000109181)
(-9.74739e-10 7.98746e-10 9.01089e-05)
(1.42897e-09 -1.45184e-09 8.61139e-05)
(1.04675e-09 1.13072e-10 0.000108471)
(8.4378e-10 6.88628e-10 0.000110154)
(6.72382e-10 -1.27111e-10 0.000110252)
(-5.23016e-10 2.9478e-10 0.000110258)
(-5.59394e-11 2.22047e-10 0.000110257)
(-9.70328e-10 5.47491e-10 0.000110252)
(-3.4335e-10 1.13439e-09 0.000110154)
(-8.99345e-10 -2.69056e-10 0.000108471)
(-1.10851e-09 -1.868e-09 8.6114e-05)
(1.37834e-09 -2.03384e-09 7.45767e-05)
(1.721e-09 2.00507e-09 0.000105092)
(-9.15218e-10 6.76659e-10 0.000109578)
(6.22655e-10 1.65075e-10 0.000110137)
(5.6374e-10 4.76342e-10 0.000110211)
(6.5043e-10 3.12608e-11 0.000110211)
(-2.42769e-11 3.59939e-10 0.000110137)
(1.2719e-09 2.77896e-10 0.000109577)
(-9.8836e-10 8.11549e-10 0.000105092)
(-6.49996e-10 -3.55419e-09 7.45772e-05)
(-4.20654e-09 -7.54952e-09 4.91142e-05)
(2.10114e-09 4.72857e-09 9.01625e-05)
(5.97421e-10 1.22064e-09 0.000104248)
(5.6695e-10 -2.341e-10 0.000108045)
(1.51803e-10 7.98562e-10 0.000108883)
(1.66499e-10 5.14741e-10 0.000108884)
(5.76853e-10 2.8699e-10 0.000108044)
(5.45106e-10 2.21691e-09 0.000104248)
(-1.47482e-09 3.52107e-09 9.01631e-05)
(4.60168e-09 -8.28124e-09 4.91147e-05)
(-1.43431e-08 -1.11856e-08 1.9095e-05)
(-1.71125e-09 2.43482e-09 4.6004e-05)
(1.49927e-09 1.16593e-09 7.03545e-05)
(-2.53579e-09 -6.04532e-10 8.27209e-05)
(-9.78815e-10 6.65081e-10 8.688e-05)
(-1.46735e-09 7.55553e-10 8.68801e-05)
(-1.37603e-11 1.08501e-09 8.27211e-05)
(-2.62926e-09 3.11756e-09 7.03549e-05)
(1.47618e-09 2.23553e-09 4.60047e-05)
(1.28445e-08 -1.0057e-08 1.9095e-05)
(-1.34354e-08 1.14594e-08 1.90951e-05)
(-3.88173e-09 -8.55198e-10 4.6004e-05)
(-2.47807e-09 7.84779e-10 7.03539e-05)
(-3.56213e-09 4.75264e-10 8.27199e-05)
(-5.28287e-10 -1.33205e-09 8.68795e-05)
(-1.57852e-09 -5.29041e-11 8.68795e-05)
(6.59011e-10 -2.57365e-10 8.27206e-05)
(2.07756e-10 -7.10184e-10 7.03539e-05)
(4.03182e-09 -7.63934e-10 4.60045e-05)
(1.14164e-08 8.78074e-09 1.90954e-05)
(-5.58027e-09 9.92975e-09 4.91147e-05)
(1.37098e-09 -1.90375e-09 9.01635e-05)
(-9.54989e-13 -6.61793e-10 0.000104249)
(-4.64141e-10 -2.57346e-10 0.000108045)
(3.88758e-10 -1.50876e-09 0.000108884)
(9.02814e-10 -7.82225e-10 0.000108883)
(1.25183e-09 2.84789e-11 0.000108045)
(1.10047e-09 -1.5563e-09 0.000104249)
(-3.81572e-10 -2.4153e-09 9.01636e-05)
(5.29084e-09 8.23669e-09 4.91151e-05)
(-1.1075e-09 4.41843e-09 7.45774e-05)
(9.15881e-10 -2.17929e-10 0.000105092)
(-6.02023e-11 -1.23913e-09 0.000109578)
(1.25411e-10 -1.47575e-09 0.000110137)
(-4.10467e-10 -1.20486e-09 0.000110211)
(-1.58503e-10 -1.7705e-09 0.000110211)
(-9.49112e-11 -1.10595e-09 0.000110137)
(3.91703e-10 -1.68467e-09 0.000109578)
(-5.21167e-10 -1.00146e-09 0.000105092)
(1.05735e-09 4.88333e-09 7.45778e-05)
(1.6895e-09 2.79032e-09 8.61133e-05)
(2.7223e-09 -6.0407e-10 0.000108472)
(1.56831e-09 -7.55221e-10 0.000110155)
(1.20932e-09 -8.10122e-10 0.000110252)
(-3.64849e-10 -1.51915e-09 0.000110258)
(-3.3686e-10 -5.99361e-10 0.000110257)
(-3.70803e-10 -1.10193e-09 0.000110253)
(-2.28251e-10 -5.84988e-10 0.000110155)
(-1.5447e-09 -9.84144e-10 0.000108471)
(-6.67048e-10 4.12579e-09 8.61139e-05)
(1.04006e-09 3.79519e-12 9.01087e-05)
(6.91562e-10 -2.04276e-10 0.000109181)
(-2.69344e-10 1.76497e-10 0.000110221)
(-2.64125e-10 -1.01209e-10 0.000110258)
(-1.4234e-10 -1.92731e-10 0.000110259)
(-2.57751e-12 4.86447e-10 0.000110259)
(-4.74248e-10 8.26625e-11 0.000110258)
(-3.10836e-10 3.56622e-10 0.000110221)
(-9.2913e-10 1.43333e-10 0.000109181)
(-7.16399e-10 1.26744e-09 9.01091e-05)
(1.41682e-09 1.32447e-09 9.01087e-05)
(1.00809e-09 -3.46757e-11 0.000109181)
(-5.32783e-11 -3.36589e-10 0.000110221)
(2.37469e-10 -2.98785e-10 0.000110258)
(-1.57658e-10 -1.06371e-10 0.000110259)
(1.44936e-10 -6.28755e-11 0.000110259)
(-1.85843e-10 -7.48336e-10 0.000110258)
(-2.72663e-11 -5.58638e-10 0.00011022)
(-2.19893e-10 8.70844e-10 0.000109181)
(-7.13485e-10 1.28542e-09 9.01093e-05)
(1.76997e-09 -1.59814e-09 8.61139e-05)
(1.82559e-09 2.70005e-11 0.000108471)
(9.06514e-10 8.92079e-10 0.000110155)
(5.52118e-10 3.41202e-10 0.000110252)
(-4.14704e-10 7.16332e-11 0.000110258)
(-9.40842e-11 -8.59957e-11 0.000110258)
(-1.22058e-09 -9.07161e-10 0.000110252)
(-8.10622e-10 6.88562e-11 0.000110155)
(-1.40142e-09 1.03168e-09 0.000108471)
(-1.55193e-09 -1.23327e-10 8.61143e-05)
(2.31945e-10 -3.18699e-09 7.45777e-05)
(5.00868e-10 1.90807e-09 0.000105092)
(-1.22603e-09 9.41655e-10 0.000109578)
(5.06756e-11 1.87328e-10 0.000110137)
(-4.73707e-10 5.12094e-10 0.000110211)
(2.47644e-10 3.1535e-10 0.000110211)
(1.6902e-10 -1.10825e-09 0.000110137)
(1.36911e-09 -9.08152e-10 0.000109577)
(-1.41251e-09 2.84501e-09 0.000105092)
(-1.66024e-09 -2.24458e-10 7.45781e-05)
(-3.80997e-09 -7.0789e-09 4.91146e-05)
(2.32961e-09 4.98471e-09 9.01627e-05)
(2.64974e-10 7.29199e-10 0.000104249)
(7.5243e-10 -1.24811e-09 0.000108045)
(9.6728e-10 8.34949e-10 0.000108883)
(6.80332e-10 4.77699e-10 0.000108883)
(1.37904e-09 -1.59236e-09 0.000108045)
(6.97066e-10 -2.32472e-10 0.000104248)
(-3.12398e-09 5.72808e-09 9.01627e-05)
(3.48243e-09 -5.94681e-09 4.91152e-05)
(-1.5658e-08 -1.10907e-08 1.9095e-05)
(-2.87601e-09 2.04327e-09 4.60043e-05)
(9.79811e-10 4.52354e-10 7.03534e-05)
(-2.53944e-09 -1.36098e-09 8.27203e-05)
(-4.11991e-10 6.99358e-10 8.68797e-05)
(-1.10607e-09 2.20118e-10 8.68795e-05)
(5.85137e-10 -1.68148e-10 8.27206e-05)
(-1.5264e-09 8.50391e-10 7.03532e-05)
(-7.84516e-10 3.36572e-09 4.60042e-05)
(8.19317e-09 -6.6363e-09 1.90953e-05)
(6.19245e-09 -6.26688e-09 1.9095e-05)
(9.48834e-09 -5.79308e-09 4.60042e-05)
(6.93291e-09 -7.93956e-11 7.03543e-05)
(1.42279e-09 2.67879e-09 8.27216e-05)
(-2.94268e-11 7.11441e-10 8.68804e-05)
(-8.86018e-11 4.28582e-10 8.68806e-05)
(-1.28899e-09 2.63898e-09 8.27213e-05)
(-6.22021e-09 4.49175e-10 7.03547e-05)
(-9.72351e-09 -4.75379e-09 4.60041e-05)
(-1.10976e-08 -9.19147e-09 1.90949e-05)
(-4.59211e-09 1.13632e-09 4.91146e-05)
(-4.40154e-09 -2.88091e-09 9.0163e-05)
(-2.24609e-09 -9.82095e-10 0.000104248)
(-2.02865e-09 2.72488e-09 0.000108045)
(-1.17832e-09 7.72254e-10 0.000108884)
(-7.70747e-10 3.30746e-10 0.000108884)
(-5.06878e-10 1.97463e-09 0.000108045)
(1.07978e-09 6.64694e-10 0.000104248)
(1.92726e-09 -2.34029e-09 9.01627e-05)
(-1.62618e-10 -3.52696e-09 4.91146e-05)
(-1.6145e-09 4.99616e-09 7.45767e-05)
(-9.30972e-10 -1.76732e-09 0.000105092)
(-1.47967e-09 -1.56766e-09 0.000109577)
(1.31083e-10 -7.36748e-10 0.000110137)
(5.14204e-10 2.82657e-10 0.000110211)
(3.73707e-10 -2.69482e-10 0.000110211)
(9.22971e-10 -2.46809e-10 0.000110137)
(1.46668e-09 -1.87232e-10 0.000109577)
(-8.43638e-12 -7.83374e-10 0.000105092)
(-3.51366e-10 1.11102e-09 7.45767e-05)
(1.07265e-09 6.34374e-10 8.61136e-05)
(1.72529e-09 -4.75662e-10 0.000108471)
(1.23965e-10 4.34322e-10 0.000110155)
(-2.55169e-10 -5.33376e-10 0.000110252)
(-5.1328e-10 -1.02495e-10 0.000110258)
(-1.90646e-10 -4.07973e-10 0.000110258)
(-6.29624e-10 -2.60437e-10 0.000110253)
(7.78967e-11 7.96792e-10 0.000110154)
(-1.51602e-10 5.98622e-10 0.000108471)
(-1.28755e-09 -1.48734e-09 8.61141e-05)
(8.83428e-10 1.18713e-09 9.01081e-05)
(9.68238e-10 4.58948e-10 0.00010918)
(4.64993e-10 -3.62662e-10 0.00011022)
(-6.52792e-11 -2.00661e-10 0.000110258)
(-4.57201e-10 -8.51169e-11 0.000110259)
(1.89767e-10 -1.29335e-10 0.000110259)
(-2.8371e-10 -5.09881e-10 0.000110258)
(-2.99114e-10 2.50586e-10 0.00011022)
(-5.58713e-11 6.82566e-10 0.000109181)
(-2.83657e-10 2.60834e-10 9.01085e-05)
(9.39431e-10 -5.20253e-10 9.01084e-05)
(6.79891e-10 5.36343e-10 0.000109181)
(-2.2563e-10 -9.17265e-11 0.000110221)
(6.0355e-11 -4.7461e-11 0.000110258)
(-1.81274e-10 1.84815e-11 0.000110259)
(-1.27236e-10 1.4327e-10 0.000110259)
(-5.35269e-10 -4.10087e-10 0.000110258)
(-3.38477e-10 -2.39067e-10 0.00011022)
(-4.78328e-10 4.19996e-10 0.000109181)
(-6.9162e-10 -2.91988e-10 9.01087e-05)
(7.69716e-10 -1.21591e-09 8.61134e-05)
(6.09316e-10 1.53186e-09 0.000108471)
(-7.59346e-10 -2.52742e-10 0.000110154)
(-3.42421e-11 -1.78601e-10 0.000110252)
(7.25532e-11 4.49448e-11 0.000110258)
(-2.35521e-10 4.21397e-11 0.000110258)
(-3.54367e-10 -6.1594e-10 0.000110252)
(1.08956e-09 -5.96159e-10 0.000110154)
(1.17521e-09 1.39802e-09 0.000108471)
(5.78012e-10 -9.59245e-10 8.61134e-05)
(-1.09669e-09 -3.24639e-09 7.4577e-05)
(-9.03681e-10 2.9114e-09 0.000105092)
(-2.1935e-09 6.92569e-10 0.000109578)
(-3.84917e-10 -7.55952e-10 0.000110137)
(8.04766e-11 -7.98041e-11 0.000110211)
(-1.22128e-10 -3.22323e-10 0.000110212)
(4.02675e-10 -1.86684e-09 0.000110137)
(1.93596e-09 -1.94347e-10 0.000109578)
(1.16385e-09 2.69032e-09 0.000105092)
(-3.82696e-10 9.48018e-10 7.45764e-05)
(-3.47886e-10 2.98995e-09 4.91151e-05)
(-6.39538e-10 5.00566e-09 9.01633e-05)
(-1.10964e-09 3.42881e-11 0.000104249)
(-1.14788e-09 -3.15241e-09 0.000108045)
(-4.47602e-10 -1.07201e-09 0.000108884)
(-1.97862e-10 -7.45749e-10 0.000108884)
(7.15152e-10 -4.37299e-09 0.000108045)
(-2.49434e-12 -1.75153e-09 0.000104248)
(-1.99013e-09 5.45098e-09 9.01629e-05)
(-4.63621e-09 8.96414e-09 4.91146e-05)
(1.01989e-08 8.66997e-09 1.90951e-05)
(1.16148e-08 7.26747e-09 4.60045e-05)
(8.18359e-09 1.13196e-09 7.03546e-05)
(2.75446e-09 -2.46e-09 8.27213e-05)
(4.725e-12 -8.75539e-10 8.68805e-05)
(7.6717e-11 -4.46018e-10 8.68805e-05)
(-2.32688e-09 -2.49578e-09 8.27212e-05)
(-8.54315e-09 3.30031e-10 7.03547e-05)
(-1.35419e-08 7.78414e-09 4.60043e-05)
(-1.21708e-08 1.03865e-08 1.9095e-05)
(-1.23919e-08 9.75503e-09 1.90949e-05)
(-8.4284e-09 1.88401e-09 4.60051e-05)
(-3.41559e-09 1.5331e-09 7.0356e-05)
(-3.64937e-09 1.01534e-10 8.27227e-05)
(-1.56537e-09 -1.30473e-09 8.68814e-05)
(-9.64195e-10 -6.29261e-10 8.68813e-05)
(1.30105e-09 1.10294e-09 8.27223e-05)
(-9.80046e-10 -5.68e-10 7.03559e-05)
(-7.37473e-12 -4.20939e-09 4.60047e-05)
(1.07486e-08 8.19384e-09 1.9095e-05)
(-6.73025e-09 1.11803e-08 4.91145e-05)
(-1.39007e-09 -7.63571e-10 9.01625e-05)
(-2.09834e-09 -7.54272e-10 0.000104248)
(2.69091e-10 -1.49309e-09 0.000108045)
(5.91234e-10 -1.72593e-09 0.000108884)
(-2.89986e-10 -7.75863e-10 0.000108884)
(3.39005e-10 2.93525e-10 0.000108045)
(1.33315e-09 -1.12158e-09 0.000104248)
(-1.06922e-09 -4.70773e-09 9.01626e-05)
(3.96064e-09 6.83785e-09 4.91145e-05)
(-1.33121e-09 5.45841e-09 7.45757e-05)
(1.42777e-09 -1.39388e-09 0.000105091)
(1.27824e-10 -1.53789e-09 0.000109578)
(4.24848e-10 -1.53432e-09 0.000110137)
(2.57887e-10 -1.03264e-09 0.000110211)
(1.57047e-10 -6.27523e-10 0.000110211)
(-4.53652e-10 -1.04492e-09 0.000110137)
(4.1723e-10 -8.36452e-10 0.000109578)
(-5.75584e-10 -1.1457e-09 0.000105092)
(9.54795e-10 4.08922e-09 7.4576e-05)
(1.0142e-09 2.56438e-09 8.6114e-05)
(2.23714e-09 -1.10162e-09 0.000108471)
(1.09726e-09 -7.79427e-10 0.000110154)
(6.00377e-10 -4.35156e-10 0.000110252)
(-2.32229e-11 -3.04852e-10 0.000110257)
(-4.43007e-10 -4.98809e-10 0.000110258)
(-1.27215e-09 -2.92259e-10 0.000110252)
(-1.15202e-09 -3.3884e-10 0.000110154)
(-2.57975e-09 -1.29828e-09 0.000108471)
(-1.82723e-09 1.62757e-09 8.61137e-05)
(8.4689e-10 -1.4797e-10 9.01083e-05)
(1.01761e-09 -8.65897e-11 0.00010918)
(7.48116e-10 2.43449e-10 0.00011022)
(4.79019e-10 1.41078e-10 0.000110258)
(-3.25959e-10 4.47311e-10 0.000110259)
(-5.2047e-10 6.53435e-11 0.000110259)
(-7.71551e-10 6.88027e-11 0.000110258)
(-2.89775e-11 8.7664e-11 0.00011022)
(-6.3326e-10 -8.19128e-10 0.000109181)
(-1.01557e-09 -1.09129e-09 9.0108e-05)
(9.56349e-10 7.7337e-10 9.01083e-05)
(1.37931e-09 2.07263e-10 0.00010918)
(8.20706e-10 6.65421e-10 0.00011022)
(4.53682e-10 -8.91608e-11 0.000110258)
(-2.39466e-10 9.91168e-11 0.000110259)
(6.52093e-11 -3.24103e-10 0.000110259)
(-2.91421e-10 -2.62364e-10 0.000110258)
(-8.89461e-12 -1.47626e-10 0.00011022)
(-1.24936e-10 -5.16466e-10 0.00010918)
(-9.25994e-10 2.60725e-10 9.01085e-05)
(1.26757e-09 -1.66207e-09 8.61138e-05)
(1.54959e-09 1.94201e-11 0.000108471)
(1.10378e-09 5.93768e-10 0.000110154)
(1.39441e-09 1.71721e-10 0.000110252)
(5.95022e-11 2.1642e-10 0.000110258)
(1.97588e-10 1.15606e-10 0.000110258)
(-2.64232e-10 -1.18385e-10 0.000110252)
(9.42046e-11 2.67396e-10 0.000110154)
(-1.59251e-10 -1.642e-10 0.000108471)
(-5.46839e-10 -2.04456e-09 8.61134e-05)
(1.3206e-09 -2.72611e-09 7.45754e-05)
(1.45315e-09 1.37178e-09 0.000105092)
(-1.08218e-09 6.2313e-10 0.000109578)
(4.41561e-10 1.59214e-10 0.000110137)
(5.17117e-10 1.45204e-10 0.000110211)
(9.22931e-10 4.86794e-10 0.000110211)
(-1.09412e-10 6.42453e-11 0.000110137)
(1.84659e-09 -4.01306e-10 0.000109578)
(2.52727e-10 1.31392e-09 0.000105092)
(-2.38994e-10 -3.00141e-09 7.45759e-05)
(-4.21416e-09 -8.09648e-09 4.91144e-05)
(1.83952e-09 3.1396e-09 9.01633e-05)
(1.01106e-10 4.43087e-10 0.000104249)
(1.47743e-10 -7.77932e-10 0.000108045)
(4.35678e-10 2.37197e-10 0.000108884)
(1.36035e-09 6.05608e-10 0.000108884)
(1.79572e-09 -7.28228e-10 0.000108045)
(1.26114e-09 6.71486e-10 0.000104249)
(-5.6938e-10 3.79404e-09 9.01635e-05)
(5.03774e-09 -8.04037e-09 4.91143e-05)
(-1.40315e-08 -1.04212e-08 1.9095e-05)
(-4.70125e-09 7.60575e-11 4.60049e-05)
(-2.07317e-10 -4.85613e-10 7.03562e-05)
(-2.61614e-09 -9.97839e-10 8.27224e-05)
(-9.81329e-10 4.28846e-10 8.68814e-05)
(-1.44097e-09 6.51217e-10 8.68816e-05)
(-7.5379e-11 -1.37447e-10 8.27225e-05)
(-1.27772e-09 1.48201e-09 7.0357e-05)
(3.73173e-09 1.60486e-09 4.60056e-05)
(1.47253e-08 -1.14274e-08 1.90953e-05)
(-1.22392e-08 9.6082e-09 1.90951e-05)
(-4.91949e-09 -9.44758e-10 4.6005e-05)
(-2.37112e-09 5.78142e-10 7.03555e-05)
(-2.76164e-09 -1.76026e-10 8.27214e-05)
(-5.50019e-10 -1.54014e-09 8.68809e-05)
(-7.35441e-10 -9.40271e-10 8.68809e-05)
(2.17818e-09 1.89335e-10 8.2722e-05)
(-8.92813e-10 -1.3228e-09 7.03553e-05)
(1.4355e-09 -2.7493e-09 4.6005e-05)
(1.09522e-08 8.55127e-09 1.90949e-05)
(-4.44934e-09 8.96629e-09 4.91145e-05)
(1.01826e-09 -2.67847e-09 9.01633e-05)
(5.36196e-10 -1.68747e-09 0.000104249)
(4.71473e-10 -1.19263e-09 0.000108045)
(-3.92265e-10 -1.63723e-09 0.000108884)
(-2.51544e-10 -9.36087e-10 0.000108884)
(-5.73306e-10 7.5323e-11 0.000108045)
(-1.36832e-10 -2.00113e-09 0.000104248)
(-1.54313e-09 -3.38833e-09 9.01627e-05)
(3.81789e-09 7.69749e-09 4.91144e-05)
(2.0591e-10 4.1594e-09 7.45765e-05)
(1.46976e-09 -1.02412e-09 0.000105092)
(-2.18619e-10 -1.06444e-09 0.000109578)
(6.04927e-10 -1.43277e-09 0.000110137)
(-2.31177e-10 -9.68313e-10 0.000110211)
(-5.32003e-10 -8.45388e-10 0.000110211)
(-1.33588e-09 -1.06604e-09 0.000110138)
(-3.79113e-10 -8.26244e-10 0.000109578)
(-1.44588e-09 -5.681e-10 0.000105092)
(9.87456e-11 3.77786e-09 7.45763e-05)
(9.27225e-10 2.80961e-09 8.61138e-05)
(2.44918e-09 -4.63407e-10 0.000108471)
(1.61359e-09 -2.76806e-10 0.000110155)
(9.68891e-11 -7.19834e-10 0.000110252)
(-2.77211e-10 -1.0626e-09 0.000110258)
(-1.78755e-10 -2.40655e-10 0.000110258)
(-1.0707e-09 -1.36683e-09 0.000110252)
(-8.86329e-10 -3.89774e-10 0.000110154)
(-1.98948e-09 -5.8511e-10 0.000108471)
(-8.34718e-10 2.74803e-09 8.61134e-05)
(1.20718e-09 1.81534e-11 9.01086e-05)
(5.74142e-10 1.02174e-10 0.000109181)
(2.05874e-10 5.56761e-10 0.000110221)
(4.11435e-10 -1.10928e-10 0.000110258)
(1.80513e-10 -3.19727e-10 0.000110259)
(-3.20891e-10 -4.26021e-10 0.000110259)
(-8.53941e-10 -6.2836e-10 0.000110258)
(2.06902e-10 -2.231e-10 0.00011022)
(-6.63748e-10 -3.85438e-10 0.000109181)
(-6.95037e-10 3.30138e-10 9.01083e-05)
(4.80662e-10 1.4823e-09 9.01086e-05)
(4.90334e-10 1.13755e-10 0.000109181)
(6.03491e-10 6.47927e-10 0.000110221)
(-3.97184e-11 1.50047e-11 0.000110258)
(-8.21464e-10 4.62509e-11 0.000110259)
(-9.46038e-11 -7.80714e-10 0.000110259)
(-3.9181e-10 -4.8777e-10 0.000110258)
(-4.78291e-10 -5.76463e-11 0.000110221)
(-7.09443e-10 -1.51382e-10 0.00010918)
(-9.0941e-10 7.58344e-10 9.01086e-05)
(1.95135e-09 -1.15765e-09 8.61143e-05)
(1.22239e-09 -7.31944e-10 0.000108472)
(5.71577e-10 3.69669e-10 0.000110155)
(9.66085e-10 5.80701e-11 0.000110252)
(-2.81002e-10 -2.29917e-11 0.000110258)
(1.214e-10 2.54086e-10 0.000110258)
(-8.41001e-10 -3.08439e-10 0.000110252)
(-9.25138e-10 3.70072e-10 0.000110155)
(-2.05963e-09 5.39988e-11 0.000108471)
(-1.90238e-09 -1.13576e-09 8.61139e-05)
(1.30052e-09 -2.01219e-09 7.45764e-05)
(1.10369e-09 6.66036e-10 0.000105092)
(-3.8834e-10 3.2938e-10 0.000109578)
(1.40278e-09 6.36728e-10 0.000110137)
(4.25076e-10 2.05154e-10 0.000110212)
(9.37387e-10 1.0102e-09 0.000110211)
(-2.64251e-10 -1.47733e-10 0.000110137)
(4.41502e-10 -1.31759e-10 0.000109578)
(-2.01137e-09 7.70746e-10 0.000105092)
(-1.75706e-09 -3.35246e-09 7.45769e-05)
(-2.49264e-09 -6.8549e-09 4.91149e-05)
(2.42434e-09 3.70379e-09 9.01629e-05)
(9.79316e-10 1.55651e-09 0.000104248)
(1.4703e-09 3.48558e-10 0.000108045)
(1.26182e-09 1.48163e-09 0.000108884)
(1.52675e-09 1.16395e-09 0.000108884)
(1.50047e-09 -3.34204e-10 0.000108045)
(6.36308e-10 2.04417e-09 0.000104249)
(-1.0678e-09 2.8527e-09 9.0163e-05)
(5.16156e-09 -9.21352e-09 4.91144e-05)
(-1.43788e-08 -1.12625e-08 1.90952e-05)
(-6.61332e-09 -6.24537e-10 4.60047e-05)
(-1.33963e-09 6.73043e-10 7.03552e-05)
(-2.46138e-09 -6.13247e-10 8.27215e-05)
(-5.50845e-10 1.01753e-09 8.68809e-05)
(-1.15898e-09 2.69165e-10 8.68809e-05)
(6.84397e-10 8.05149e-11 8.27218e-05)
(-1.31202e-10 2.02138e-09 7.0355e-05)
(4.27938e-09 1.08506e-09 4.60046e-05)
(1.19404e-08 -9.30066e-09 1.90952e-05)
(-1.61572e-08 1.30103e-08 1.90952e-05)
(-6.21935e-09 -8.76849e-11 4.60044e-05)
(-3.75649e-09 1.29494e-09 7.03552e-05)
(-4.02961e-09 -4.83694e-10 8.27214e-05)
(-9.9724e-10 -9.10459e-10 8.68808e-05)
(-1.17981e-09 -1.34428e-09 8.68809e-05)
(9.71354e-10 -1.7867e-10 8.27214e-05)
(4.74952e-11 -7.25472e-10 7.03549e-05)
(3.1919e-09 -8.95019e-10 4.60045e-05)
(1.16235e-08 9.84804e-09 1.9095e-05)
(-7.65831e-09 1.18238e-08 4.91146e-05)
(-2.4508e-09 -9.42728e-10 9.01631e-05)
(-1.58028e-09 -6.72992e-10 0.000104249)
(5.9455e-10 -1.75598e-09 0.000108045)
(-2.80095e-10 -1.53256e-09 0.000108884)
(6.03888e-10 -8.68065e-10 0.000108884)
(1.26739e-09 -1.04635e-10 0.000108045)
(1.69401e-09 -8.74896e-10 0.000104248)
(1.01667e-09 -2.01447e-09 9.01624e-05)
(5.99383e-09 9.47685e-09 4.91144e-05)
(-4.82866e-10 4.73416e-09 7.45771e-05)
(1.33847e-09 -7.77314e-10 0.000105092)
(9.64533e-11 -9.24688e-10 0.000109578)
(8.60791e-10 -1.83184e-09 0.000110137)
(3.51569e-10 -1.63934e-09 0.000110211)
(9.54383e-11 -7.35641e-10 0.000110211)
(-5.12469e-10 -1.60164e-09 0.000110137)
(6.23611e-10 -7.1193e-10 0.000109578)
(-1.01522e-09 -6.92554e-10 0.000105091)
(8.48095e-10 5.06542e-09 7.45762e-05)
(1.72087e-09 2.72882e-09 8.61141e-05)
(2.95467e-09 -5.74371e-10 0.000108471)
(1.03066e-09 1.14967e-11 0.000110154)
(6.94036e-10 -5.68404e-10 0.000110252)
(3.13964e-10 -7.95979e-10 0.000110258)
(-4.93794e-10 -7.4706e-10 0.000110258)
(-1.44572e-09 -1.1272e-09 0.000110252)
(-1.86769e-09 -5.98784e-10 0.000110154)
(-3.66271e-09 -9.9254e-10 0.000108471)
(-1.89972e-09 2.36189e-09 8.61135e-05)
(8.10316e-10 3.6854e-10 9.01085e-05)
(7.4826e-10 4.3186e-10 0.000109181)
(5.64492e-10 4.60828e-10 0.00011022)
(3.9862e-10 1.79711e-10 0.000110258)
(1.58636e-10 1.3419e-10 0.000110259)
(-5.02891e-11 4.28864e-10 0.000110259)
(-5.86688e-10 6.89873e-12 0.000110258)
(-8.85041e-11 5.66163e-10 0.00011022)
(-1.05812e-09 -7.9664e-10 0.00010918)
(-9.90059e-10 -7.3482e-10 9.0108e-05)
(9.2151e-10 1.77442e-09 9.01087e-05)
(8.54176e-10 5.26833e-10 0.000109181)
(3.6407e-10 -1.47787e-10 0.000110221)
(2.60948e-10 -1.82494e-10 0.000110257)
(1.1755e-10 -3.77897e-10 0.000110259)
(5.39784e-11 -2.60679e-10 0.000110259)
(4.03065e-11 -4.47805e-10 0.000110258)
(-1.33356e-11 -2.96124e-11 0.000110221)
(-4.16018e-10 -4.18686e-10 0.00010918)
(-2.44882e-10 2.00127e-10 9.01084e-05)
(1.66327e-09 -1.03605e-09 8.61138e-05)
(1.37286e-09 4.6044e-10 0.000108471)
(1.0607e-10 1.93152e-10 0.000110154)
(8.69078e-10 4.34842e-10 0.000110252)
(1.79276e-10 8.5857e-11 0.000110257)
(1.71532e-10 -9.45199e-11 0.000110258)
(-8.56663e-10 -1.66217e-10 0.000110252)
(-6.16495e-10 3.75999e-10 0.000110154)
(-9.35082e-10 6.62025e-11 0.000108471)
(-1.08846e-09 -1.62828e-09 8.61137e-05)
(1.31445e-09 -1.0125e-09 7.45769e-05)
(3.98537e-10 2.95532e-09 0.000105092)
(-2.08173e-09 -1.16943e-10 0.000109578)
(-1.06069e-11 -2.52665e-10 0.000110137)
(-5.7134e-10 9.57954e-11 0.000110211)
(3.83298e-11 6.35311e-10 0.000110211)
(-5.40764e-10 -1.04924e-10 0.000110137)
(3.95216e-10 3.11413e-10 0.000109578)
(-1.75656e-09 1.19541e-09 0.000105092)
(-1.35512e-09 -2.36785e-09 7.45762e-05)
(-1.96251e-09 -5.40987e-09 4.91147e-05)
(5.04361e-09 7.29282e-09 9.01625e-05)
(1.63131e-09 5.09357e-10 0.000104249)
(1.21071e-09 -1.36276e-09 0.000108045)
(7.7736e-10 3.73549e-10 0.000108884)
(1.44888e-09 7.91817e-10 0.000108884)
(1.73414e-09 -4.68024e-10 0.000108044)
(5.9873e-10 2.18204e-09 0.000104248)
(-1.52908e-09 3.92504e-09 9.01627e-05)
(4.31513e-09 -8.36757e-09 4.91143e-05)
(-1.36321e-08 -1.11518e-08 1.90954e-05)
(-7.29688e-10 2.65162e-09 4.60047e-05)
(1.68764e-09 4.38538e-10 7.03552e-05)
(-2.05586e-09 -7.2024e-10 8.27214e-05)
(-1.01888e-09 4.83313e-10 8.68805e-05)
(-1.55755e-09 5.29598e-10 8.68806e-05)
(6.76093e-10 1.05952e-10 8.27211e-05)
(-1.49342e-09 2.6648e-09 7.03546e-05)
(3.76239e-09 1.99989e-09 4.60041e-05)
(1.41226e-08 -1.07252e-08 1.90948e-05)
(-1.50548e-08 1.06695e-08 1.9095e-05)
(-4.08761e-09 -1.32739e-09 4.60042e-05)
(-2.19146e-09 2.55264e-10 7.03547e-05)
(-3.68713e-09 5.13871e-11 8.27215e-05)
(-2.36013e-10 -1.04483e-09 8.68807e-05)
(-1.28749e-09 -1.18757e-09 8.68806e-05)
(1.71546e-09 -2.08117e-10 8.27215e-05)
(6.0232e-10 -3.12235e-10 7.03548e-05)
(2.1477e-09 -9.60632e-10 4.60042e-05)
(9.98649e-09 7.63418e-09 1.9095e-05)
(-4.84705e-09 8.86667e-09 4.91145e-05)
(2.04106e-10 -2.39832e-09 9.01624e-05)
(-1.50084e-10 -1.36934e-09 0.000104248)
(1.0018e-09 -5.42586e-10 0.000108044)
(2.49001e-10 -1.83375e-09 0.000108884)
(-1.41891e-10 -1.36751e-09 0.000108884)
(4.0773e-10 -3.70337e-10 0.000108044)
(1.21025e-09 -8.36852e-10 0.000104248)
(-6.43438e-11 -1.64417e-09 9.01626e-05)
(2.84647e-09 5.92813e-09 4.91144e-05)
(6.48329e-11 3.61879e-09 7.45765e-05)
(2.31927e-09 -1.6641e-09 0.000105092)
(1.52219e-09 -9.14472e-10 0.000109578)
(1.79364e-09 -1.08474e-09 0.000110137)
(8.29386e-10 -1.43453e-09 0.000110211)
(6.00317e-10 -9.92111e-10 0.000110211)
(-6.94353e-10 -1.11528e-09 0.000110137)
(-6.39841e-11 -6.65831e-10 0.000109578)
(-4.51775e-10 -5.16675e-10 0.000105092)
(8.22108e-10 3.59277e-09 7.45764e-05)
(2.09153e-09 1.59442e-09 8.61138e-05)
(3.43452e-09 -1.3291e-09 0.000108471)
(1.88808e-09 -6.27708e-10 0.000110154)
(1.22232e-09 -8.13174e-10 0.000110252)
(4.43417e-11 -5.52316e-10 0.000110258)
(-1.3567e-10 -4.89522e-10 0.000110258)
(-7.68763e-10 -1.21357e-09 0.000110252)
(-1.31579e-09 -8.01988e-10 0.000110154)
(-2.20255e-09 -7.92022e-10 0.000108471)
(-9.19457e-10 2.53056e-09 8.61132e-05)
(4.47847e-10 -1.33811e-10 9.01085e-05)
(-5.387e-11 -4.99601e-10 0.000109181)
(3.9933e-11 2.6441e-10 0.00011022)
(3.91219e-10 -3.79953e-10 0.000110258)
(2.93544e-11 8.31896e-11 0.000110259)
(-3.50603e-10 -1.8806e-10 0.000110259)
(-7.15401e-10 -4.07083e-10 0.000110258)
(-5.27877e-10 -1.80145e-10 0.00011022)
(-1.24191e-09 -4.43911e-10 0.00010918)
(-7.55741e-10 -4.81377e-10 9.01082e-05)
(4.95335e-10 1.48211e-09 9.01088e-05)
(5.54416e-10 2.58073e-11 0.000109181)
(3.33578e-10 4.14543e-10 0.000110221)
(3.2727e-10 -5.58049e-10 0.000110258)
(5.39797e-10 -7.17419e-10 0.000110259)
(9.15654e-11 -8.85774e-10 0.000110259)
(-1.51029e-10 -6.96393e-10 0.000110258)
(-3.55821e-10 -3.79604e-10 0.00011022)
(-1.12963e-09 -8.88381e-11 0.00010918)
(-6.42819e-10 4.94161e-10 9.01084e-05)
(1.85634e-09 -6.60646e-10 8.61134e-05)
(1.60973e-09 1.32232e-10 0.00010847)
(7.48728e-10 6.3744e-10 0.000110154)
(8.57542e-10 3.82484e-10 0.000110252)
(8.61046e-11 9.64905e-11 0.000110257)
(1.68681e-10 1.8941e-10 0.000110257)
(-7.01061e-10 3.07374e-10 0.000110252)
(3.14868e-10 4.54292e-10 0.000110154)
(-1.06617e-09 -7.57656e-12 0.000108471)
(-1.8207e-09 -1.20302e-09 8.61138e-05)
(2.64668e-09 -7.38206e-10 7.45764e-05)
(1.58757e-09 1.75125e-09 0.000105091)
(-9.12096e-10 6.00982e-10 0.000109578)
(4.43621e-10 -5.87072e-10 0.000110137)
(-5.56297e-10 5.61504e-10 0.000110211)
(2.67432e-10 7.16752e-10 0.000110211)
(-5.54407e-10 -1.01373e-10 0.000110137)
(1.6813e-09 5.96172e-10 0.000109577)
(-3.30437e-10 1.65895e-09 0.000105091)
(-1.16846e-09 -2.75622e-09 7.45765e-05)
(-3.02631e-09 -6.40255e-09 4.91136e-05)
(3.57138e-09 3.74572e-09 9.01623e-05)
(1.41409e-09 1.05716e-09 0.000104249)
(5.68596e-10 -1.24496e-09 0.000108045)
(7.63887e-10 7.91996e-10 0.000108884)
(2.25418e-10 2.50131e-10 0.000108884)
(8.29099e-10 -1.31689e-09 0.000108044)
(1.52941e-10 2.16217e-09 0.000104248)
(-3.08803e-09 5.73047e-09 9.01622e-05)
(3.94473e-09 -7.58556e-09 4.9114e-05)
(-1.2534e-08 -9.34202e-09 1.90947e-05)
(-3.98023e-09 4.2024e-10 4.60043e-05)
(-9.6647e-10 -1.4001e-10 7.03548e-05)
(-3.76302e-09 -3.06538e-10 8.27214e-05)
(-1.24465e-09 1.10311e-09 8.68806e-05)
(-1.62195e-09 2.33643e-10 8.68808e-05)
(4.76461e-10 3.96147e-10 8.27212e-05)
(-1.77978e-09 2.05872e-09 7.0355e-05)
(1.86756e-09 3.42866e-09 4.60042e-05)
(1.32261e-08 -9.63323e-09 1.90948e-05)
(-1.19338e-08 9.51132e-09 1.90946e-05)
(-6.05415e-09 7.66817e-10 4.60039e-05)
(-4.20922e-09 1.56381e-09 7.03531e-05)
(-4.61247e-09 3.66448e-10 8.27201e-05)
(-9.20539e-10 -1.41845e-09 8.68793e-05)
(-4.1617e-10 -1.1702e-09 8.68795e-05)
(2.37096e-09 -4.73756e-10 8.27204e-05)
(2.48246e-09 -3.94221e-11 7.03535e-05)
(5.72021e-09 6.77902e-10 4.6004e-05)
(1.35487e-08 1.13765e-08 1.90949e-05)
(-6.04538e-09 8.85977e-09 4.91141e-05)
(-7.99654e-10 -8.48261e-10 9.01628e-05)
(-6.0981e-10 -5.22671e-11 0.000104248)
(4.83979e-10 -7.75639e-10 0.000108044)
(6.99461e-10 -2.32489e-09 0.000108883)
(1.5178e-09 -2.02908e-09 0.000108883)
(2.47131e-09 -4.04935e-10 0.000108044)
(2.55226e-09 -8.15367e-10 0.000104248)
(1.85057e-09 -3.05251e-10 9.0163e-05)
(6.77777e-09 1.04212e-08 4.91141e-05)
(-1.77085e-10 3.71168e-09 7.45767e-05)
(1.30968e-09 -6.43443e-10 0.000105092)
(3.21906e-10 -5.90952e-10 0.000109578)
(1.79677e-09 -1.46703e-09 0.000110137)
(2.55068e-10 -1.69233e-09 0.000110211)
(-9.91058e-11 -1.28858e-09 0.000110211)
(-7.95014e-10 -1.40965e-09 0.000110137)
(-5.09139e-10 -8.1004e-10 0.000109577)
(-1.46447e-10 1.67736e-10 0.000105092)
(1.3654e-09 4.54457e-09 7.4577e-05)
(1.46074e-09 2.28219e-09 8.61135e-05)
(2.05284e-09 -5.72771e-10 0.000108471)
(9.63513e-10 -2.75732e-10 0.000110154)
(9.26192e-10 -5.85638e-10 0.000110252)
(-2.20476e-12 -9.56175e-10 0.000110258)
(-8.25692e-10 -5.10845e-10 0.000110257)
(-1.69194e-09 -1.55456e-09 0.000110252)
(-1.32347e-09 -4.60404e-10 0.000110154)
(-2.45145e-09 -2.56301e-10 0.000108471)
(-1.36522e-09 2.56723e-09 8.61136e-05)
(6.10493e-10 1.15407e-10 9.01086e-05)
(-1.03764e-11 2.95896e-10 0.000109181)
(-2.82125e-10 9.70496e-11 0.000110221)
(-3.23024e-10 -3.6568e-10 0.000110258)
(-5.55967e-10 4.47333e-11 0.000110259)
(-1.5325e-10 -3.07099e-10 0.000110259)
(-5.0405e-10 -2.01378e-10 0.000110258)
(-9.1791e-10 5.84817e-11 0.00011022)
(-1.19217e-09 -3.38019e-11 0.000109181)
(-3.96638e-10 1.76032e-10 9.01088e-05)
(3.79137e-10 1.53559e-09 9.01087e-05)
(-4.14544e-11 6.30341e-10 0.000109181)
(-4.03534e-10 -2.22392e-10 0.000110221)
(-6.54955e-11 -5.04277e-10 0.000110258)
(2.45897e-10 7.64719e-11 0.000110259)
(-2.69291e-10 -6.80424e-10 0.000110259)
(-4.64827e-10 -6.28409e-10 0.000110258)
(-4.16957e-10 -1.16704e-10 0.00011022)
(-6.82236e-10 1.20685e-10 0.000109181)
(-2.06143e-10 9.17881e-10 9.01087e-05)
(2.217e-09 -8.27216e-10 8.61135e-05)
(1.94596e-09 8.98881e-10 0.000108471)
(7.8087e-10 3.34637e-10 0.000110154)
(1.87547e-09 3.89461e-10 0.000110252)
(2.45372e-10 3.50697e-10 0.000110258)
(-2.70834e-10 6.61206e-10 0.000110258)
(-9.30768e-10 -2.17433e-10 0.000110252)
(-9.18487e-10 3.7555e-10 0.000110155)
(-1.95068e-09 9.29074e-12 0.000108471)
(-1.91324e-09 -1.01191e-09 8.61142e-05)
(1.70251e-09 -1.30372e-09 7.45774e-05)
(1.36638e-09 2.5282e-09 0.000105092)
(-1.16827e-09 -5.23581e-11 0.000109578)
(5.61596e-10 3.20858e-10 0.000110137)
(-4.5209e-11 8.56656e-10 0.000110211)
(-1.13811e-10 1.56026e-09 0.000110211)
(-6.85228e-10 4.01778e-10 0.000110137)
(1.17653e-09 -8.79157e-10 0.000109578)
(-1.09423e-09 -3.89437e-10 0.000105091)
(-1.05686e-09 -3.06958e-09 7.45778e-05)
(-4.15156e-09 -7.28036e-09 4.91142e-05)
(1.75162e-09 4.45022e-09 9.01624e-05)
(6.3805e-10 5.45828e-10 0.000104248)
(1.0771e-09 -3.10531e-10 0.000108044)
(5.03787e-10 1.05162e-09 0.000108884)
(7.21765e-10 1.10579e-09 0.000108884)
(1.25536e-09 -6.40095e-10 0.000108044)
(1.22547e-09 2.57736e-10 0.000104248)
(-1.78431e-10 1.58377e-09 9.01619e-05)
(5.62876e-09 -9.55537e-09 4.91145e-05)
(-1.25237e-08 -9.80555e-09 1.90947e-05)
(-3.43953e-09 1.2354e-09 4.60037e-05)
(3.6696e-10 6.12047e-10 7.03534e-05)
(-2.04678e-09 -6.57224e-10 8.27203e-05)
(-2.74102e-10 6.52196e-10 8.68797e-05)
(-1.65905e-09 6.78111e-10 8.68797e-05)
(4.14324e-10 -8.09889e-12 8.27202e-05)
(-6.89063e-10 1.30624e-09 7.03531e-05)
(2.80135e-09 1.69534e-09 4.60036e-05)
(1.41032e-08 -1.08203e-08 1.90949e-05)
(6.25936e-09 -6.42644e-09 1.90945e-05)
(1.16408e-08 -6.99325e-09 4.60042e-05)
(1.02255e-08 -1.7476e-09 7.03543e-05)
(3.24989e-09 2.1682e-09 8.2721e-05)
(2.66997e-12 8.49552e-10 8.68802e-05)
(-1.8431e-10 1.08373e-10 8.68803e-05)
(-1.56359e-09 2.52256e-09 8.27211e-05)
(-6.18068e-09 1.49808e-10 7.03547e-05)
(-9.30022e-09 -5.48937e-09 4.60042e-05)
(-8.80334e-09 -8.27063e-09 1.90949e-05)
(-1.77505e-09 -2.42692e-09 4.91143e-05)
(-2.25547e-09 -4.34519e-09 9.01629e-05)
(-1.05566e-10 -1.50504e-09 0.000104248)
(3.42849e-10 2.46002e-09 0.000108044)
(1.80332e-10 1.25627e-09 0.000108884)
(4.36061e-10 5.62809e-10 0.000108884)
(5.41135e-10 2.40773e-09 0.000108045)
(1.68347e-09 -1.40131e-10 0.000104248)
(2.22526e-09 -2.01868e-09 9.01627e-05)
(-1.07986e-09 -3.58405e-09 4.91144e-05)
(-2.81388e-10 2.65886e-09 7.45762e-05)
(7.56976e-11 -2.11298e-09 0.000105092)
(-2.11777e-09 -2.56352e-09 0.000109578)
(-1.23842e-09 -4.488e-10 0.000110137)
(4.69585e-10 3.07663e-10 0.000110211)
(2.02099e-10 4.56064e-10 0.000110211)
(9.38333e-10 -2.6978e-11 0.000110137)
(2.51691e-09 -7.18613e-10 0.000109577)
(9.77818e-10 1.53569e-10 0.000105092)
(-2.18072e-10 2.22006e-09 7.45767e-05)
(1.33289e-09 -8.93648e-10 8.61137e-05)
(8.52625e-10 -6.60174e-10 0.000108471)
(-3.50796e-11 -3.15356e-10 0.000110155)
(2.03708e-10 -2.43372e-10 0.000110252)
(-1.64077e-10 -6.9887e-11 0.000110257)
(-2.7721e-10 1.63813e-10 0.000110258)
(-6.36417e-10 -5.04159e-10 0.000110252)
(-1.61408e-10 5.48455e-10 0.000110154)
(-7.91284e-10 1.62892e-11 0.000108471)
(-1.10149e-09 -1.2411e-09 8.6114e-05)
(2.71162e-10 1.23187e-11 9.01085e-05)
(1.62941e-10 1.50123e-10 0.000109181)
(1.97574e-10 3.61809e-11 0.00011022)
(-1.20681e-10 6.43134e-11 0.000110258)
(-2.0793e-10 1.96206e-10 0.000110259)
(-2.16702e-10 1.18528e-11 0.000110259)
(-4.81704e-11 -2.68542e-10 0.000110258)
(9.30721e-11 -5.90901e-10 0.00011022)
(-3.51443e-10 1.91039e-10 0.000109181)
(-2.27759e-10 -3.73288e-10 9.01086e-05)
(8.90561e-10 -1.66803e-10 9.01085e-05)
(3.93198e-10 1.28032e-09 0.00010918)
(-3.05766e-10 -8.2663e-11 0.00011022)
(1.94461e-10 -3.9267e-10 0.000110258)
(-1.12168e-10 2.59325e-10 0.000110259)
(-2.82349e-10 -4.81721e-10 0.000110259)
(-8.60791e-10 1.24736e-10 0.000110258)
(-2.74329e-10 -1.23951e-10 0.00011022)
(-5.0082e-10 1.59711e-09 0.000109181)
(-7.8803e-10 -2.63044e-10 9.01085e-05)
(9.15004e-10 -5.52189e-11 8.61134e-05)
(4.26624e-10 2.53698e-09 0.000108471)
(-4.7103e-10 3.63018e-10 0.000110154)
(5.96741e-10 -9.71496e-11 0.000110252)
(-2.32105e-11 3.75811e-10 0.000110258)
(-3.45759e-10 1.08438e-10 0.000110258)
(-7.59782e-11 -1.19395e-10 0.000110252)
(4.13855e-10 5.79899e-11 0.000110154)
(-3.28694e-10 2.92009e-09 0.000108471)
(-2.51324e-10 1.88983e-10 8.61135e-05)
(-1.14498e-09 -2.44994e-09 7.45767e-05)
(-7.65124e-10 3.74315e-09 0.000105092)
(-1.47214e-09 1.73024e-09 0.000109578)
(-6.54326e-10 -4.37514e-10 0.000110137)
(-2.70455e-11 7.39377e-10 0.000110211)
(2.26668e-10 7.93428e-10 0.000110211)
(1.00871e-09 -3.42511e-10 0.000110137)
(1.90169e-09 -3.81389e-10 0.000109578)
(1.07937e-09 2.61063e-09 0.000105092)
(8.78324e-10 1.30259e-10 7.45766e-05)
(-3.3491e-10 3.80414e-09 4.91148e-05)
(-1.41366e-09 5.22431e-09 9.01628e-05)
(-1.89888e-09 1.20087e-09 0.000104248)
(-1.20865e-09 -2.75257e-09 0.000108044)
(4.05333e-10 -5.25946e-10 0.000108884)
(3.91879e-10 -5.38153e-10 0.000108884)
(1.07241e-09 -2.71832e-09 0.000108044)
(1.09356e-09 -5.91185e-10 0.000104248)
(-3.65888e-10 4.3517e-09 9.0163e-05)
(-3.4328e-09 7.76788e-09 4.9115e-05)
(8.72904e-09 8.11415e-09 1.90952e-05)
(1.12177e-08 7.16459e-09 4.60046e-05)
(7.97581e-09 1.65218e-09 7.03552e-05)
(2.27271e-09 -1.87633e-09 8.27215e-05)
(7.25372e-10 -1.03793e-09 8.68805e-05)
(-2.65383e-10 -1.01322e-09 8.68803e-05)
(-1.72328e-09 -1.95905e-09 8.27214e-05)
(-7.00184e-09 1.17961e-09 7.03548e-05)
(-1.39029e-08 7.57881e-09 4.60043e-05)
(-1.30415e-08 1.05993e-08 1.90951e-05)
(-1.32581e-08 1.10305e-08 1.90946e-05)
(-5.54537e-09 5.70277e-10 4.60043e-05)
(-1.78541e-09 6.56781e-10 7.03558e-05)
(-3.05495e-09 4.19422e-10 8.27221e-05)
(-6.07157e-10 -1.11404e-09 8.68812e-05)
(-1.94437e-11 -1.15351e-09 8.68815e-05)
(2.78359e-09 2.91928e-10 8.27224e-05)
(8.47864e-10 3.49761e-10 7.0356e-05)
(1.8333e-09 -8.99165e-10 4.60044e-05)
(9.31503e-09 7.58254e-09 1.90949e-05)
(-2.77501e-09 8.10338e-09 4.91143e-05)
(3.64361e-10 -6.76916e-10 9.01621e-05)
(-5.6039e-10 -4.52177e-11 0.000104248)
(1.08709e-09 -5.7113e-10 0.000108044)
(8.12905e-10 -1.52946e-09 0.000108884)
(1.66045e-09 -1.91937e-09 0.000108884)
(1.81669e-09 2.62988e-10 0.000108045)
(2.64415e-09 8.89561e-11 0.000104248)
(1.1957e-09 -1.12561e-09 9.0162e-05)
(4.86558e-09 8.04942e-09 4.91146e-05)
(-2.44588e-10 3.66919e-09 7.45756e-05)
(1.37037e-09 -8.63904e-10 0.000105091)
(1.4263e-11 1.36975e-10 0.000109578)
(8.96378e-10 -1.05022e-09 0.000110137)
(4.02387e-10 -9.85176e-10 0.000110211)
(3.70506e-10 -1.48874e-09 0.000110211)
(-6.16557e-10 -7.51028e-10 0.000110137)
(4.22474e-10 -1.61938e-10 0.000109578)
(-7.14517e-10 -4.04766e-10 0.000105092)
(-2.96001e-10 3.20411e-09 7.45757e-05)
(1.17796e-09 2.46233e-09 8.61138e-05)
(1.96277e-09 -3.83106e-10 0.000108471)
(5.74496e-10 4.76438e-10 0.000110154)
(4.96016e-11 -4.04118e-10 0.000110252)
(-5.11594e-10 -5.11188e-10 0.000110258)
(-7.62267e-10 -5.24591e-10 0.000110258)
(-1.52784e-09 -9.10232e-10 0.000110252)
(-1.3523e-09 -4.63989e-10 0.000110154)
(-2.61152e-09 -4.71744e-10 0.000108471)
(-1.91166e-09 9.87859e-10 8.61132e-05)
(8.03142e-10 3.59269e-11 9.01082e-05)
(-1.12931e-11 -3.79683e-11 0.00010918)
(-4.67021e-10 1.84349e-10 0.00011022)
(1.45285e-10 -5.40334e-10 0.000110258)
(-3.46452e-10 -4.1106e-10 0.000110259)
(-3.38514e-10 1.65858e-11 0.000110259)
(-3.73488e-10 -1.2079e-10 0.000110258)
(-1.28427e-10 -3.07932e-10 0.00011022)
(-5.17228e-10 -8.84922e-11 0.00010918)
(-5.80767e-10 -7.88168e-10 9.01081e-05)
(6.16193e-10 6.77637e-10 9.01083e-05)
(-3.61884e-11 -8.53026e-11 0.00010918)
(-3.31468e-10 -4.25909e-10 0.00011022)
(6.16094e-11 -8.89597e-10 0.000110258)
(-6.80195e-11 -4.41326e-10 0.000110259)
(-2.75264e-10 -3.58153e-10 0.000110258)
(-4.6196e-10 -7.22287e-10 0.000110258)
(3.39283e-10 -4.56008e-10 0.000110221)
(-5.43594e-11 -2.48582e-10 0.000109181)
(-5.36864e-10 7.40525e-10 9.01081e-05)
(1.62377e-09 -5.92739e-10 8.61135e-05)
(1.5014e-09 1.67406e-10 0.000108471)
(2.49631e-10 -2.26992e-10 0.000110154)
(8.4171e-10 -4.39579e-10 0.000110252)
(1.51166e-10 3.55265e-10 0.000110258)
(-1.3889e-10 1.11528e-10 0.000110258)
(-6.58278e-10 -8.32088e-11 0.000110252)
(-6.82626e-10 2.03671e-11 0.000110154)
(-1.13047e-09 -7.43245e-10 0.00010847)
(-1.07175e-09 -1.4124e-09 8.61132e-05)
(2.22155e-09 -1.32048e-09 7.45751e-05)
(2.37526e-09 1.69142e-09 0.000105092)
(-1.00453e-09 -1.03482e-09 0.000109578)
(3.37152e-10 -5.00302e-10 0.000110137)
(-1.43198e-10 9.56954e-10 0.000110211)
(-2.16689e-11 1.04935e-09 0.000110211)
(-6.90002e-10 1.97504e-10 0.000110137)
(9.11546e-10 -1.14846e-09 0.000109577)
(-5.54741e-10 -5.6753e-10 0.000105092)
(-1.18564e-09 -1.9239e-09 7.4575e-05)
(-4.2974e-09 -7.53692e-09 4.9114e-05)
(3.06528e-09 3.90006e-09 9.01629e-05)
(3.15761e-10 -1.39484e-09 0.000104248)
(5.13144e-10 -8.34154e-10 0.000108045)
(6.00428e-10 1.40854e-09 0.000108884)
(3.8086e-10 1.03407e-09 0.000108884)
(9.54233e-10 -5.81559e-10 0.000108045)
(6.16035e-10 -1.20832e-10 0.000104249)
(-9.43686e-10 1.55425e-09 9.01636e-05)
(4.50855e-09 -8.41862e-09 4.91144e-05)
(-1.44158e-08 -1.08797e-08 1.90947e-05)
(-4.15877e-09 5.75821e-10 4.60046e-05)
(-1.14317e-09 -1.4173e-09 7.03558e-05)
(-3.09205e-09 -8.0352e-10 8.27223e-05)
(-1.20779e-09 5.57612e-10 8.68812e-05)
(-9.75156e-10 3.41457e-10 8.68811e-05)
(1.29163e-09 1.74228e-10 8.27223e-05)
(5.66191e-10 9.42528e-10 7.03565e-05)
(5.03256e-09 1.3256e-10 4.6005e-05)
(1.49837e-08 -1.19495e-08 1.90949e-05)
(-9.45485e-09 7.0647e-09 1.9095e-05)
(-1.74407e-09 -1.35403e-09 4.60038e-05)
(-8.98579e-10 7.59787e-10 7.03547e-05)
(-3.44264e-09 3.76419e-10 8.2721e-05)
(4.68503e-10 -1.01563e-09 8.68806e-05)
(-1.15846e-10 -7.5524e-10 8.68804e-05)
(1.16356e-09 -8.21628e-10 8.27216e-05)
(4.80601e-10 -4.2128e-10 7.03547e-05)
(3.31679e-09 -1.56878e-09 4.60045e-05)
(1.32363e-08 1.03832e-08 1.90951e-05)
(-1.40178e-09 4.97854e-09 4.91145e-05)
(2.78398e-09 -3.11776e-09 9.01626e-05)
(4.64782e-10 5.1075e-10 0.000104248)
(2.36094e-09 -2.57784e-10 0.000108045)
(1.88651e-09 -1.18306e-09 0.000108884)
(6.06643e-10 -1.63033e-09 0.000108884)
(1.91655e-10 -1.0045e-09 0.000108045)
(5.91355e-10 -1.14311e-09 0.000104248)
(-8.11919e-10 -2.47212e-09 9.01631e-05)
(3.90714e-09 7.41829e-09 4.91147e-05)
(-1.13143e-10 2.47661e-09 7.45766e-05)
(1.88688e-09 -1.25457e-09 0.000105092)
(5.56257e-10 -3.87489e-10 0.000109578)
(8.46231e-10 -9.98682e-10 0.000110137)
(1.48171e-10 -5.45825e-10 0.000110211)
(3.14884e-10 -9.50842e-10 0.000110211)
(-4.69156e-10 -9.37238e-10 0.000110137)
(-4.67525e-10 -8.57404e-10 0.000109578)
(-1.26089e-09 -7.28782e-10 0.000105092)
(-2.04116e-10 3.10998e-09 7.4576e-05)
(7.47274e-10 2.61801e-09 8.61137e-05)
(1.19843e-09 1.25562e-11 0.000108471)
(3.58676e-10 -4.97227e-10 0.000110154)
(3.69567e-10 -3.89618e-10 0.000110252)
(-5.75728e-11 -1.6128e-10 0.000110258)
(-6.32013e-11 -5.80899e-11 0.000110257)
(-9.43665e-10 -7.57597e-10 0.000110252)
(-5.57937e-10 -3.59023e-10 0.000110154)
(-1.33362e-09 -1.16574e-09 0.000108471)
(-7.51659e-10 3.19184e-09 8.61132e-05)
(7.83744e-10 -4.66427e-10 9.01083e-05)
(5.36566e-10 -1.29658e-10 0.00010918)
(1.42755e-10 2.71325e-10 0.00011022)
(1.44205e-10 -3.185e-10 0.000110257)
(-6.82364e-10 -5.95068e-11 0.000110259)
(3.04919e-10 2.04849e-10 0.000110259)
(6.30589e-11 -2.50517e-10 0.000110258)
(-4.54684e-10 2.00979e-10 0.00011022)
(-6.88237e-10 -3.66094e-10 0.000109181)
(-8.78056e-10 1.86541e-10 9.01083e-05)
(7.82947e-10 5.10485e-10 9.01086e-05)
(9.29281e-10 4.96058e-10 0.000109181)
(2.01974e-10 -2.49764e-10 0.00011022)
(2.48823e-10 -1.22319e-09 0.000110258)
(-4.85732e-11 -4.2427e-10 0.000110259)
(-1.06745e-10 -3.07454e-11 0.000110258)
(-4.60883e-10 -6.89227e-10 0.000110258)
(-5.67042e-10 1.6292e-10 0.000110221)
(-8.13107e-10 -2.02905e-10 0.000109181)
(-9.39692e-10 1.07405e-09 9.01084e-05)
(1.52722e-09 -2.1068e-09 8.61141e-05)
(1.58955e-09 8.95193e-10 0.000108471)
(4.80688e-10 7.40676e-10 0.000110155)
(2.1002e-09 1.88912e-11 0.000110252)
(9.53869e-10 3.24932e-10 0.000110258)
(6.78491e-11 3.76945e-10 0.000110257)
(-2.98986e-10 6.30242e-10 0.000110252)
(-4.53897e-10 7.98511e-10 0.000110154)
(-1.33207e-09 -2.73392e-11 0.000108471)
(-1.30652e-09 -1.64399e-09 8.61137e-05)
(6.86278e-10 -2.64223e-09 7.45764e-05)
(7.71227e-10 2.10642e-09 0.000105092)
(-5.85544e-10 4.20962e-10 0.000109578)
(9.66131e-10 -2.79859e-10 0.000110137)
(3.96177e-12 5.45255e-10 0.000110211)
(9.3156e-10 9.17783e-10 0.000110211)
(5.46495e-10 4.24871e-10 0.000110137)
(1.83166e-09 -4.4267e-11 0.000109578)
(-1.31529e-09 1.78977e-09 0.000105092)
(-1.43649e-09 -2.47499e-09 7.45764e-05)
(-2.90809e-09 -6.05692e-09 4.9114e-05)
(3.29599e-09 5.44789e-09 9.01626e-05)
(9.44268e-10 9.42253e-10 0.000104248)
(1.02292e-09 -8.20119e-10 0.000108045)
(9.70014e-10 7.18858e-10 0.000108884)
(6.56372e-10 1.29726e-09 0.000108883)
(6.3891e-10 -9.61045e-10 0.000108045)
(-9.03225e-10 2.36931e-09 0.000104248)
(-2.75425e-09 5.14867e-09 9.0163e-05)
(4.8599e-09 -8.56254e-09 4.91146e-05)
(-1.33274e-08 -9.85377e-09 1.90946e-05)
(-2.8775e-09 2.13318e-09 4.60041e-05)
(7.7407e-10 9.88611e-10 7.03546e-05)
(-2.39435e-09 -2.70076e-10 8.27213e-05)
(-1.32201e-09 6.56378e-10 8.68803e-05)
(-1.44992e-09 9.86298e-10 8.68804e-05)
(4.92697e-10 1.50601e-10 8.2721e-05)
(-2.85999e-09 2.98847e-09 7.03547e-05)
(2.08284e-09 3.10509e-09 4.60045e-05)
(1.51792e-08 -1.17979e-08 1.90949e-05)
(-1.52221e-08 1.06338e-08 1.90948e-05)
(-2.70911e-09 -1.3477e-09 4.60046e-05)
(-2.94724e-10 -1.35269e-10 7.03547e-05)
(-3.91173e-09 5.1696e-10 8.27213e-05)
(-3.78476e-11 -1.69616e-09 8.68807e-05)
(-7.99579e-10 -8.33183e-10 8.68804e-05)
(4.25015e-10 2.29472e-10 8.27211e-05)
(-2.85193e-09 -1.63115e-09 7.03545e-05)
(1.77268e-09 -1.91553e-09 4.60045e-05)
(1.1363e-08 8.63011e-09 1.9095e-05)
(-3.81882e-09 7.04786e-09 4.91145e-05)
(9.95565e-11 -2.00046e-09 9.01624e-05)
(-9.19424e-10 -6.26026e-10 0.000104248)
(7.87573e-10 -2.32175e-10 0.000108045)
(5.49516e-10 -1.9422e-09 0.000108884)
(9.78488e-10 -2.90657e-10 0.000108884)
(1.02873e-09 3.58123e-10 0.000108045)
(1.08429e-09 -8.897e-10 0.000104248)
(2.63103e-10 -2.2835e-09 9.01632e-05)
(3.54459e-09 6.47012e-09 4.91143e-05)
(-8.50519e-10 3.94579e-09 7.45763e-05)
(2.2418e-10 -7.52081e-10 0.000105092)
(-5.14074e-10 -5.03627e-10 0.000109578)
(1.00953e-11 -1.37998e-09 0.000110137)
(-1.69684e-10 -1.00163e-09 0.000110211)
(4.49054e-10 -5.50865e-10 0.000110211)
(3.57634e-10 -7.40209e-10 0.000110137)
(1.75759e-09 -8.40442e-10 0.000109578)
(2.16409e-10 -1.10812e-09 0.000105092)
(1.0489e-09 4.21547e-09 7.45765e-05)
(6.11189e-10 3.10983e-09 8.61135e-05)
(6.95019e-10 -2.64141e-10 0.000108471)
(-6.11967e-11 -4.38054e-10 0.000110154)
(5.44261e-10 -1.07809e-09 0.000110252)
(-7.64904e-10 -6.35434e-10 0.000110257)
(-9.95072e-10 -6.82232e-10 0.000110258)
(-8.90292e-10 -7.54032e-10 0.000110252)
(-1.08449e-09 -1.02597e-09 0.000110155)
(-2.94051e-09 -1.17096e-09 0.000108471)
(-1.95586e-09 1.99616e-09 8.61138e-05)
(7.39853e-10 -1.27802e-10 9.01083e-05)
(7.37163e-10 -7.75748e-11 0.00010918)
(1.62164e-10 2.98288e-10 0.00011022)
(-4.81028e-11 -2.05554e-10 0.000110258)
(-2.54637e-10 1.03809e-10 0.000110259)
(3.57414e-10 1.81696e-10 0.000110259)
(-3.35647e-10 8.73701e-11 0.000110258)
(-4.72503e-10 8.06135e-10 0.000110221)
(-1.20508e-09 -1.42512e-11 0.000109181)
(-1.4416e-09 -6.70558e-10 9.01087e-05)
(9.00268e-10 1.55383e-09 9.01085e-05)
(1.4058e-10 2.98218e-10 0.000109181)
(-4.76936e-10 -5.67505e-10 0.00011022)
(1.04571e-10 -5.11909e-10 0.000110258)
(-2.47087e-10 -1.55834e-10 0.000110259)
(1.80256e-10 -1.78708e-10 0.000110259)
(2.94814e-10 -4.46926e-10 0.000110258)
(2.58894e-11 5.40885e-10 0.000110221)
(-9.45469e-10 -9.35432e-12 0.000109181)
(-1.08551e-09 6.81006e-11 9.01084e-05)
(2.15053e-09 -4.55441e-10 8.61138e-05)
(1.86928e-09 5.05461e-10 0.000108471)
(6.73008e-10 -1.49184e-10 0.000110154)
(1.07413e-09 1.40162e-11 0.000110252)
(-7.19221e-11 4.43926e-10 0.000110257)
(-7.25122e-11 4.39021e-10 0.000110257)
(-7.65498e-10 1.88106e-10 0.000110252)
(-5.60311e-11 8.5103e-10 0.000110154)
(-8.47934e-10 4.37631e-10 0.000108471)
(-1.17702e-09 -2.34024e-09 8.61136e-05)
(2.18792e-09 -1.69377e-09 7.45764e-05)
(1.88439e-09 1.96374e-09 0.000105092)
(-1.53596e-09 -3.94938e-10 0.000109578)
(7.67507e-10 -9.40784e-11 0.000110137)
(-1.35531e-10 6.19767e-10 0.000110211)
(4.20576e-11 5.33893e-10 0.000110211)
(-3.98443e-10 -1.67086e-10 0.000110137)
(1.31447e-09 2.89594e-10 0.000109578)
(-7.77766e-10 2.11214e-09 0.000105092)
(-1.70185e-09 -1.28771e-09 7.45764e-05)
(-2.64872e-09 -7.17191e-09 4.91147e-05)
(3.87898e-09 4.44808e-09 9.01629e-05)
(-1.41544e-11 -9.14838e-11 0.000104249)
(2.72125e-10 -8.18473e-10 0.000108045)
(4.95764e-10 8.89361e-10 0.000108884)
(4.01799e-11 7.32051e-10 0.000108884)
(-6.77469e-11 -6.6431e-10 0.000108045)
(-4.78688e-10 1.39483e-09 0.000104248)
(-2.63781e-09 5.50886e-09 9.01623e-05)
(3.73412e-09 -6.97059e-09 4.91143e-05)
(-1.11668e-08 -8.92757e-09 1.90953e-05)
(-1.95431e-09 1.87649e-09 4.60048e-05)
(-1.40303e-10 -1.48763e-10 7.03552e-05)
(-3.7998e-09 -5.74046e-10 8.27215e-05)
(-1.50142e-09 8.70429e-10 8.6881e-05)
(-1.64728e-09 9.43019e-10 8.68806e-05)
(4.64161e-11 6.15315e-10 8.27214e-05)
(-1.03804e-09 1.60771e-09 7.03547e-05)
(1.45087e-09 3.32344e-09 4.60044e-05)
(1.13161e-08 -8.86601e-09 1.90947e-05)
(-9.61404e-09 9.16721e-09 1.9095e-05)
(5.82397e-10 -2.80282e-09 4.6005e-05)
(-2.10473e-09 3.78301e-10 7.03552e-05)
(-3.76082e-09 1.2992e-10 8.2722e-05)
(2.28137e-10 -1.66067e-09 8.6881e-05)
(-1.81271e-10 -9.82553e-10 8.68809e-05)
(6.00405e-10 2.30501e-11 8.27214e-05)
(-1.58817e-09 -1.85952e-09 7.03548e-05)
(3.43983e-09 -2.40255e-09 4.60044e-05)
(1.2885e-08 8.62242e-09 1.90947e-05)
(-2.68634e-09 5.95455e-09 4.91148e-05)
(8.07802e-10 -2.18177e-09 9.01632e-05)
(-1.98234e-10 2.33915e-10 0.000104249)
(1.00325e-09 -4.60881e-10 0.000108045)
(6.84349e-10 -1.4821e-09 0.000108884)
(1.06952e-09 -1.35642e-09 0.000108884)
(4.26681e-10 -2.27926e-10 0.000108045)
(4.97927e-10 -1.69336e-09 0.000104248)
(-2.64576e-10 -2.91158e-09 9.01625e-05)
(3.24678e-09 5.66563e-09 4.91141e-05)
(-1.51257e-10 1.62945e-09 7.45766e-05)
(7.76167e-11 -9.66808e-10 0.000105092)
(-6.52978e-10 -5.96303e-11 0.000109578)
(4.55728e-10 -3.84281e-10 0.000110137)
(-7.02483e-11 -4.66786e-10 0.000110211)
(-2.68943e-10 -1.28164e-09 0.000110211)
(-5.64547e-10 -1.88406e-09 0.000110137)
(1.26843e-09 -8.77634e-10 0.000109577)
(-2.03887e-10 1.33594e-10 0.000105092)
(-2.42725e-10 3.54962e-09 7.45771e-05)
(5.36833e-10 2.57097e-09 8.61136e-05)
(1.15314e-09 -8.57175e-10 0.000108471)
(1.29656e-09 -6.69874e-10 0.000110154)
(5.52738e-10 -5.77657e-10 0.000110252)
(-1.23031e-10 -1.56035e-10 0.000110258)
(-2.43054e-10 -4.10593e-10 0.000110258)
(-1.07032e-09 -1.2696e-09 0.000110252)
(-4.93484e-10 -1.20139e-09 0.000110155)
(-1.75871e-09 -2.23823e-10 0.000108471)
(-9.68842e-10 2.62e-09 8.61138e-05)
(7.38589e-10 -4.25931e-10 9.01086e-05)
(5.59019e-10 1.19086e-11 0.00010918)
(1.76391e-10 3.17656e-10 0.00011022)
(2.3772e-10 -7.74617e-10 0.000110258)
(-3.42831e-11 1.69887e-10 0.000110259)
(6.45055e-11 6.52253e-10 0.000110259)
(-4.23522e-10 -1.62287e-10 0.000110258)
(3.35525e-11 1.35995e-10 0.00011022)
(-6.1413e-10 1.62006e-10 0.000109181)
(-1.03085e-09 -2.64786e-10 9.01087e-05)
(7.89122e-10 1.40809e-09 9.01083e-05)
(7.52148e-10 3.23127e-10 0.00010918)
(3.64244e-10 -1.80902e-10 0.00011022)
(1.27384e-10 -7.8168e-10 0.000110258)
(2.28299e-10 -2.15533e-10 0.000110259)
(1.56603e-10 -5.01705e-10 0.000110259)
(-5.21245e-10 -1.01739e-09 0.000110258)
(-4.66762e-10 -6.05911e-10 0.00011022)
(-8.9406e-10 2.12484e-10 0.00010918)
(-7.60554e-10 1.1589e-09 9.01085e-05)
(1.68106e-09 -1.30573e-09 8.61136e-05)
(1.16782e-09 4.92076e-11 0.000108471)
(-8.80994e-11 3.78266e-10 0.000110154)
(7.66136e-10 3.67086e-10 0.000110252)
(-3.21105e-10 1.76457e-10 0.000110258)
(7.6085e-11 1.16835e-10 0.000110258)
(-7.78715e-10 1.20859e-10 0.000110252)
(-5.94411e-10 4.10301e-10 0.000110154)
(-8.43028e-10 7.31791e-10 0.000108471)
(-1.3237e-09 -1.42606e-09 8.61137e-05)
(1.51793e-09 -2.47655e-09 7.45767e-05)
(1.31183e-09 1.3501e-09 0.000105092)
(-1.03888e-09 7.2688e-10 0.000109578)
(4.30784e-10 6.13653e-10 0.000110137)
(-1.23068e-09 -3.36371e-11 0.000110211)
(-1.84052e-10 9.35841e-10 0.000110211)
(2.52834e-10 -5.24702e-10 0.000110137)
(1.45331e-09 -2.07275e-11 0.000109578)
(-7.9496e-10 1.96687e-09 0.000105092)
(-1.28609e-09 -1.6303e-09 7.45765e-05)
(-5.7001e-09 -9.05133e-09 4.91152e-05)
(2.30554e-09 4.56398e-09 9.0163e-05)
(6.4373e-10 1.34304e-09 0.000104248)
(8.95127e-11 -1.99701e-11 0.000108045)
(-1.94095e-10 9.02734e-10 0.000108884)
(-1.57851e-11 2.59215e-10 0.000108884)
(9.41838e-10 -1.64165e-09 0.000108045)
(-3.12468e-10 4.73326e-10 0.000104248)
(-3.79684e-09 5.47281e-09 9.0163e-05)
(2.09621e-09 -4.97195e-09 4.91145e-05)
(-1.92709e-08 -1.44661e-08 1.90953e-05)
(-6.79033e-09 3.46169e-10 4.60046e-05)
(-9.54999e-10 1.53934e-10 7.03547e-05)
(-2.74632e-09 4.69451e-11 8.2721e-05)
(-1.81057e-09 1.02515e-09 8.68805e-05)
(-2.00003e-09 4.59058e-10 8.68806e-05)
(-3.84027e-10 2.79759e-10 8.27216e-05)
(-3.9485e-09 2.29477e-09 7.03545e-05)
(-1.16669e-09 4.11416e-09 4.60045e-05)
(1.12943e-08 -8.55893e-09 1.90949e-05)
(-1.63019e-08 1.33479e-08 1.90954e-05)
(-4.5351e-09 -3.17664e-10 4.60046e-05)
(-2.73795e-09 1.16204e-09 7.03544e-05)
(-3.38902e-09 -2.83303e-10 8.27215e-05)
(-4.36177e-11 -1.54103e-09 8.68804e-05)
(5.78514e-10 -1.07899e-09 8.68806e-05)
(3.45502e-09 3.56523e-10 8.27212e-05)
(1.66076e-09 1.87493e-10 7.03545e-05)
(4.33726e-09 -2.37419e-10 4.60043e-05)
(1.14793e-08 8.72516e-09 1.90949e-05)
(-6.74272e-09 1.04823e-08 4.91151e-05)
(-1.42921e-09 -5.27419e-10 9.01636e-05)
(-1.14904e-09 6.19025e-10 0.000104249)
(-2.30965e-10 -1.46244e-10 0.000108045)
(-3.23595e-10 -2.19023e-09 0.000108884)
(1.04998e-09 -1.6336e-09 0.000108884)
(1.37314e-09 -5.28469e-10 0.000108044)
(2.81961e-09 7.92015e-10 0.000104248)
(1.77709e-09 -6.8177e-11 9.01632e-05)
(4.96315e-09 8.73037e-09 4.91149e-05)
(-1.30138e-09 5.01037e-09 7.45778e-05)
(1.00355e-09 2.46913e-10 0.000105092)
(-7.08477e-11 -1.01271e-10 0.000109578)
(-1.02834e-10 -9.56311e-10 0.000110137)
(-2.98882e-10 -1.13174e-09 0.000110211)
(-4.81481e-11 -1.1668e-09 0.000110211)
(-8.70172e-10 -1.5004e-09 0.000110137)
(-2.11601e-10 4.10261e-10 0.000109578)
(-1.67272e-09 2.41836e-10 0.000105092)
(-2.49835e-10 3.88085e-09 7.45775e-05)
(6.62505e-10 3.90952e-09 8.61143e-05)
(1.65012e-09 7.86636e-10 0.000108471)
(1.05664e-09 -1.61673e-10 0.000110155)
(1.15648e-09 -9.96629e-10 0.000110252)
(2.91187e-10 -1.48219e-10 0.000110258)
(-4.22175e-10 1.33779e-11 0.000110258)
(-1.36883e-09 -1.13901e-09 0.000110252)
(-1.506e-09 1.10576e-11 0.000110154)
(-2.4073e-09 2.61344e-10 0.000108471)
(-1.50641e-09 1.12619e-09 8.61138e-05)
(9.43106e-10 -1.23485e-10 9.01088e-05)
(8.18282e-10 2.61082e-10 0.00010918)
(2.43093e-10 4.34066e-10 0.000110221)
(2.81849e-10 1.05903e-10 0.000110258)
(2.68989e-10 3.21535e-10 0.000110259)
(-1.31017e-10 4.05157e-10 0.000110259)
(-7.51314e-10 -3.93452e-10 0.000110258)
(-5.8193e-10 7.41984e-10 0.000110221)
(-7.96437e-10 2.64009e-10 0.000109181)
(-4.44398e-10 -6.91911e-10 9.01086e-05)
(1.05747e-09 9.16515e-10 9.0109e-05)
(1.02773e-09 4.11332e-10 0.000109181)
(2.74708e-10 -5.48757e-10 0.000110221)
(1.05982e-10 -5.6088e-10 0.000110258)
(-3.1328e-10 -3.39003e-10 0.000110259)
(-5.02008e-10 -8.16395e-11 0.000110259)
(-2.19254e-10 -7.15643e-10 0.000110258)
(-3.9023e-10 -1.21901e-10 0.000110221)
(-6.51473e-10 -4.20893e-10 0.000109181)
(-1.46198e-10 7.25542e-10 9.01089e-05)
(1.37657e-09 -1.93416e-09 8.61137e-05)
(1.86471e-09 5.02087e-10 0.00010847)
(9.78572e-10 3.90017e-10 0.000110155)
(1.43078e-09 2.53594e-11 0.000110252)
(4.98995e-10 1.79211e-10 0.000110258)
(-1.36613e-10 2.23661e-10 0.000110258)
(-7.1555e-10 3.88349e-10 0.000110252)
(2.71359e-10 5.78951e-10 0.000110155)
(-4.83619e-10 -2.07856e-10 0.000108471)
(-1.17474e-09 -1.48666e-09 8.61138e-05)
(2.97848e-10 -3.41601e-09 7.4577e-05)
(7.27412e-10 1.82888e-09 0.000105092)
(-1.62249e-09 4.33474e-10 0.000109578)
(4.08435e-10 -3.20589e-11 0.000110137)
(2.80435e-10 5.13256e-11 0.000110211)
(8.48985e-10 5.45116e-10 0.000110211)
(7.02574e-11 1.77459e-10 0.000110137)
(7.57877e-10 -4.09716e-10 0.000109578)
(-1.02145e-09 8.81798e-10 0.000105092)
(-8.32647e-10 -2.6899e-09 7.45778e-05)
(-4.60139e-09 -6.67767e-09 4.91143e-05)
(2.94424e-09 6.1671e-09 9.01626e-05)
(1.27995e-09 9.86158e-10 0.000104248)
(4.2094e-10 -1.79688e-09 0.000108045)
(4.31135e-10 8.62258e-12 0.000108884)
(2.70666e-10 9.32686e-10 0.000108884)
(-2.49239e-10 -5.66781e-10 0.000108045)
(-2.46893e-11 2.77497e-10 0.000104249)
(-2.62197e-09 3.9148e-09 9.0163e-05)
(3.16856e-09 -7.81193e-09 4.9115e-05)
(-1.0008e-08 -7.77723e-09 1.90946e-05)
(3.92496e-10 3.38431e-09 4.60042e-05)
(2.27603e-09 7.45518e-10 7.03543e-05)
(-1.71881e-09 -1.31588e-09 8.27212e-05)
(2.32278e-11 4.7657e-10 8.68804e-05)
(-3.39719e-10 5.95442e-10 8.68805e-05)
(-1.55006e-10 5.12105e-10 8.27214e-05)
(-1.39766e-09 1.8757e-09 7.03541e-05)
(3.00422e-09 1.59565e-09 4.60047e-05)
(1.16152e-08 -9.25796e-09 1.90951e-05)
(7.75887e-09 -6.09459e-09 1.90948e-05)
(7.42046e-09 -3.83456e-09 4.60041e-05)
(5.75977e-09 -1.73446e-09 7.03548e-05)
(9.29566e-10 2.12785e-09 8.27213e-05)
(-6.62746e-10 -6.66702e-11 8.68805e-05)
(6.76146e-10 -6.93817e-10 8.68806e-05)
(-3.26698e-10 1.87616e-09 8.27209e-05)
(-3.31633e-09 -4.96274e-10 7.03548e-05)
(-5.10087e-09 -3.19699e-09 4.60042e-05)
(-1.46549e-09 -1.0807e-09 1.90951e-05)
(4.38291e-09 -5.66825e-09 4.9114e-05)
(9.62895e-10 -1.95906e-09 9.01626e-05)
(5.72344e-10 -1.18593e-09 0.000104248)
(9.69813e-10 1.51525e-09 0.000108045)
(7.79703e-10 -5.24707e-11 0.000108884)
(1.41528e-11 -7.04633e-10 0.000108884)
(8.42492e-11 2.01911e-09 0.000108045)
(1.34598e-09 -4.36547e-10 0.000104248)
(1.89791e-09 -1.16565e-09 9.01628e-05)
(6.94854e-10 3.55926e-10 4.91147e-05)
(-1.63522e-09 2.37352e-10 7.45769e-05)
(-2.33856e-09 -4.10982e-10 0.000105092)
(2.43924e-11 -3.02225e-09 0.000109578)
(3.55269e-10 -5.22527e-10 0.000110137)
(3.24846e-10 -3.29423e-10 0.000110211)
(-8.26654e-10 2.06498e-10 0.000110211)
(-9.94625e-10 -1.803e-10 0.000110137)
(-3.09071e-10 -2.24291e-09 0.000109578)
(3.07569e-10 -5.00652e-10 0.000105092)
(1.70994e-09 3.382e-09 7.45765e-05)
(6.74768e-10 2.62486e-10 8.61138e-05)
(1.91066e-09 -8.54636e-10 0.000108471)
(1.4859e-09 -2.17858e-09 0.000110154)
(-9.91083e-11 -2.3055e-10 0.000110252)
(8.81175e-11 2.75442e-10 0.000110257)
(3.26652e-10 -9.87139e-12 0.000110257)
(-8.79235e-11 2.49443e-12 0.000110252)
(-6.68207e-10 -1.78149e-09 0.000110154)
(-1.02133e-09 -9.21901e-10 0.000108471)
(2.6532e-10 2.29364e-09 8.6114e-05)
(2.63073e-10 -5.01955e-11 9.01084e-05)
(7.64954e-10 -1.83323e-10 0.000109181)
(1.16884e-10 -2.11481e-10 0.00011022)
(-5.92743e-11 7.48019e-11 0.000110258)
(-1.55469e-10 9.18459e-11 0.000110258)
(-6.58593e-10 -2.2485e-10 0.000110259)
(-3.7368e-10 -5.43038e-12 0.000110258)
(-1.0468e-09 -4.21006e-10 0.00011022)
(-1.52725e-09 -7.50381e-10 0.000109181)
(-4.30573e-10 1.46578e-09 9.01088e-05)
(-4.42405e-10 8.18557e-10 9.01085e-05)
(7.35164e-10 -6.29929e-10 0.000109181)
(1.03534e-09 2.71474e-11 0.000110221)
(-4.46309e-10 -4.10353e-10 0.000110258)
(-2.26124e-10 9.94842e-11 0.000110259)
(-1.71614e-10 6.37725e-11 0.000110259)
(-9.63682e-11 -9.45033e-11 0.000110258)
(-7.54806e-10 2.8325e-10 0.00011022)
(-1.16182e-09 -1.13951e-09 0.000109181)
(-3.62432e-10 6.56999e-10 9.01085e-05)
(1.54029e-09 1.19344e-10 8.61137e-05)
(2.35561e-09 -1.1741e-09 0.000108471)
(9.95796e-10 1.88436e-09 0.000110154)
(3.84461e-10 1.23101e-10 0.000110252)
(6.17825e-10 3.42433e-11 0.000110258)
(3.07559e-10 9.17073e-13 0.000110257)
(3.67786e-10 1.17148e-10 0.000110252)
(-1.17982e-11 2.21804e-09 0.000110154)
(4.12239e-10 -1.25917e-09 0.000108471)
(-3.16961e-11 3.77883e-11 8.61136e-05)
(6.739e-10 -1.56962e-09 7.45764e-05)
(-3.7369e-11 -1.16232e-09 0.000105092)
(2.73531e-10 3.55875e-09 0.000109578)
(9.96691e-10 2.98408e-10 0.000110137)
(1.04281e-10 1.22027e-10 0.000110211)
(-2.25796e-10 4.88998e-10 0.000110211)
(-3.62581e-10 -3.2157e-10 0.000110137)
(-1.4352e-09 2.88398e-09 0.000109578)
(-7.93226e-10 -9.87069e-10 0.000105092)
(-1.31979e-09 1.5357e-09 7.45764e-05)
(-2.75939e-09 -3.46458e-09 4.91143e-05)
(-2.63626e-09 -6.28041e-10 9.01623e-05)
(-2.32815e-10 3.24179e-09 0.000104248)
(-1.30913e-10 -7.84844e-10 0.000108045)
(-7.01738e-10 6.04965e-10 0.000108884)
(1.29813e-10 7.57068e-10 0.000108884)
(4.23332e-10 -6.83446e-10 0.000108045)
(-5.94029e-10 1.39346e-09 0.000104249)
(1.3711e-10 -3.56479e-10 9.01625e-05)
(-1.57614e-09 2.34552e-09 4.91143e-05)
(-3.60298e-09 -2.46746e-09 1.90947e-05)
(-3.0853e-09 -5.87723e-10 4.6004e-05)
(8.25436e-10 1.76119e-09 7.03544e-05)
(8.46303e-10 -3.80704e-10 8.27214e-05)
(-4.23305e-10 -4.95464e-11 8.68807e-05)
(1.08095e-09 7.15924e-11 8.68804e-05)
(-7.32044e-10 -3.40356e-10 8.27215e-05)
(-1.36055e-09 1.2491e-09 7.03552e-05)
(-1.09251e-09 7.15361e-10 4.60047e-05)
(-4.54392e-09 3.46586e-09 1.90949e-05)
(-1.65981e-08 1.28633e-08 1.90947e-05)
(-5.07302e-09 1.02606e-10 4.60046e-05)
(-2.72464e-09 2.30227e-09 7.03557e-05)
(-4.6403e-09 9.35375e-10 8.27215e-05)
(-8.69149e-10 -1.92813e-09 8.6881e-05)
(-8.87172e-10 -1.34767e-09 8.68805e-05)
(2.51081e-09 1.27944e-10 8.27217e-05)
(1.52094e-09 -2.73725e-10 7.03557e-05)
(3.74504e-09 -1.14285e-09 4.60048e-05)
(1.3243e-08 1.00478e-08 1.9095e-05)
(-4.33767e-09 9.09752e-09 4.91136e-05)
(3.49146e-10 -1.4451e-09 9.01622e-05)
(-1.33547e-09 7.61995e-10 0.000104249)
(2.37446e-10 -6.92712e-10 0.000108045)
(-2.90381e-10 -2.29746e-09 0.000108884)
(3.83438e-10 -1.68728e-09 0.000108884)
(9.43468e-10 -8.42542e-10 0.000108045)
(2.37131e-09 -5.65294e-10 0.000104249)
(1.24236e-09 -2.09793e-09 9.01622e-05)
(4.47768e-09 7.29016e-09 4.91138e-05)
(-9.16829e-10 4.90997e-09 7.45755e-05)
(5.3547e-10 -9.68901e-10 0.000105092)
(-4.94077e-10 -3.48365e-10 0.000109577)
(7.36076e-10 -1.49475e-09 0.000110137)
(3.91981e-10 -1.02573e-09 0.000110211)
(3.79227e-10 -1.4379e-09 0.000110211)
(9.24559e-11 -1.32474e-09 0.000110138)
(8.25613e-10 -4.42838e-10 0.000109578)
(-5.05673e-10 -6.45548e-10 0.000105092)
(5.95065e-10 3.18485e-09 7.45757e-05)
(9.90892e-10 1.9302e-09 8.6113e-05)
(2.39618e-09 -7.73476e-10 0.000108471)
(1.86761e-09 -1.68511e-10 0.000110154)
(1.22987e-09 -5.32699e-10 0.000110252)
(2.14891e-10 -1.01776e-09 0.000110257)
(1.38223e-11 -9.84693e-10 0.000110257)
(-9.84417e-10 -9.72499e-10 0.000110252)
(-1.16642e-09 -5.76387e-10 0.000110154)
(-1.57401e-09 -4.13476e-10 0.000108471)
(-8.08155e-10 2.36482e-09 8.61136e-05)
(8.27942e-10 -6.78279e-10 9.01083e-05)
(9.28782e-10 -3.66611e-10 0.000109181)
(4.38084e-10 -1.42821e-10 0.00011022)
(2.10562e-10 -4.44445e-10 0.000110258)
(3.94239e-11 -2.58518e-10 0.000110258)
(-2.44286e-10 -4.18759e-10 0.000110259)
(-5.31769e-10 -3.55834e-10 0.000110257)
(-4.07355e-10 3.45261e-10 0.00011022)
(-1.28483e-09 -3.4572e-10 0.000109181)
(-8.90135e-10 -3.49724e-10 9.01083e-05)
(6.04454e-10 1.10153e-09 9.0108e-05)
(7.55959e-10 -3.93992e-10 0.000109181)
(3.70523e-10 -3.8682e-10 0.00011022)
(4.65497e-10 -5.05218e-10 0.000110258)
(1.17343e-10 -1.17235e-11 0.000110259)
(-8.0553e-11 -3.22883e-10 0.000110259)
(-1.5471e-10 4.48668e-11 0.000110258)
(-6.78563e-10 -1.54324e-10 0.00011022)
(-1.04062e-09 -1.8039e-10 0.000109181)
(-6.09062e-10 3.83222e-10 9.0108e-05)
(1.6622e-09 -9.29858e-10 8.61133e-05)
(2.05413e-09 1.70331e-10 0.000108471)
(4.64354e-10 5.6149e-10 0.000110154)
(4.65112e-10 1.71634e-10 0.000110252)
(1.16165e-10 -2.89858e-10 0.000110257)
(2.74065e-10 7.53595e-10 0.000110257)
(-3.73637e-10 4.62722e-10 0.000110252)
(-9.46266e-10 6.03634e-10 0.000110154)
(-1.24173e-09 -2.40953e-10 0.000108471)
(-8.15918e-10 -1.76209e-09 8.61132e-05)
(1.85416e-09 -1.72618e-09 7.4576e-05)
(2.7165e-09 2.95804e-09 0.000105092)
(-7.16853e-10 7.03863e-10 0.000109578)
(3.4921e-10 -3.74149e-10 0.000110137)
(7.82498e-10 5.47701e-10 0.000110211)
(5.48239e-10 9.59578e-10 0.000110211)
(8.28233e-11 6.56951e-10 0.000110137)
(1.64763e-09 -3.78447e-10 0.000109577)
(-1.0392e-09 9.14984e-10 0.000105092)
(-6.22586e-10 -3.03045e-09 7.45753e-05)
(-3.45553e-09 -7.86979e-09 4.91143e-05)
(4.62743e-09 6.12201e-09 9.0163e-05)
(2.21092e-09 1.6535e-09 0.000104248)
(2.0768e-09 -7.77362e-10 0.000108045)
(1.32872e-09 1.27125e-09 0.000108884)
(9.91906e-10 1.05306e-09 0.000108884)
(1.1658e-09 2.18805e-10 0.000108045)
(8.42129e-10 1.51937e-09 0.000104249)
(-1.62834e-09 3.38791e-09 9.01631e-05)
(4.45005e-09 -9.17146e-09 4.91144e-05)
(-1.46552e-08 -1.1132e-08 1.90949e-05)
(-4.43096e-09 1.64498e-09 4.60041e-05)
(-3.42773e-10 8.31417e-10 7.03551e-05)
(-2.43876e-09 -4.40057e-10 8.27214e-05)
(-1.12277e-09 5.24164e-10 8.68807e-05)
(-3.66066e-10 7.65016e-10 8.68809e-05)
(1.02453e-09 4.42361e-10 8.27219e-05)
(-6.58443e-10 2.54525e-09 7.03562e-05)
(6.34433e-09 9.89711e-11 4.60051e-05)
(1.56126e-08 -1.21964e-08 1.90954e-05)
(-1.1491e-08 1.0083e-08 1.90952e-05)
(-1.66493e-09 -1.87936e-09 4.60047e-05)
(-1.38849e-09 5.571e-10 7.03548e-05)
(-3.20627e-09 1.3561e-10 8.27212e-05)
(-1.22323e-10 -1.37097e-09 8.68804e-05)
(-4.92815e-10 -1.71703e-10 8.68805e-05)
(2.08115e-09 4.19971e-10 8.2721e-05)
(-8.55628e-10 -7.67631e-10 7.03543e-05)
(1.16755e-09 -2.40041e-09 4.6004e-05)
(1.22729e-08 9.52142e-09 1.90947e-05)
(-7.14696e-09 1.05155e-08 4.91149e-05)
(-8.06252e-10 -1.74745e-09 9.01629e-05)
(-7.78181e-10 -1.17955e-09 0.000104248)
(-1.09004e-09 -8.43983e-11 0.000108044)
(1.35936e-12 -2.06052e-09 0.000108884)
(8.64483e-10 -1.3399e-09 0.000108884)
(2.04424e-10 6.57776e-11 0.000108044)
(8.66887e-10 -5.26013e-10 0.000104248)
(-7.84434e-10 -2.07347e-09 9.01624e-05)
(3.96015e-09 7.66316e-09 4.91141e-05)
(-4.68196e-10 4.44973e-09 7.45763e-05)
(9.36322e-10 -1.09179e-09 0.000105091)
(9.59674e-11 -1.40221e-09 0.000109578)
(1.11434e-09 -9.35573e-10 0.000110137)
(1.92572e-10 -7.15185e-10 0.000110211)
(-1.37042e-10 -1.4255e-09 0.000110211)
(-4.60381e-10 -1.00632e-09 0.000110137)
(-3.31621e-10 -2.71474e-11 0.000109578)
(-1.35853e-09 -2.60965e-10 0.000105091)
(7.80175e-10 3.6113e-09 7.45758e-05)
(1.92775e-09 2.39379e-09 8.61129e-05)
(2.66117e-09 -1.12809e-09 0.000108471)
(1.25169e-09 -4.89108e-10 0.000110154)
(1.13782e-09 -6.9267e-10 0.000110252)
(4.44612e-10 -2.57504e-10 0.000110258)
(8.45653e-11 -2.92525e-10 0.000110257)
(-9.36765e-10 -9.71744e-10 0.000110252)
(-1.22794e-09 -8.08007e-10 0.000110154)
(-2.51306e-09 -1.10938e-09 0.000108471)
(-1.31193e-09 1.76504e-09 8.61129e-05)
(8.61079e-10 -1.7411e-10 9.01083e-05)
(4.1231e-10 3.23827e-11 0.000109181)
(1.41099e-10 2.80754e-10 0.00011022)
(3.52085e-10 -1.1235e-10 0.000110258)
(-7.35647e-11 -2.22288e-10 0.000110259)
(7.69776e-11 -4.11195e-10 0.000110259)
(-4.72163e-10 8.85215e-11 0.000110258)
(1.12359e-10 1.55268e-11 0.00011022)
(-3.33367e-10 -4.56285e-10 0.00010918)
(-8.24004e-10 -3.13909e-10 9.0108e-05)
(7.15227e-10 5.89031e-10 9.01082e-05)
(6.50797e-10 -9.33818e-11 0.000109181)
(3.86801e-10 6.26077e-11 0.00011022)
(3.26742e-10 6.3527e-11 0.000110258)
(-6.46673e-11 3.06085e-11 0.000110259)
(1.41957e-10 -1.00537e-10 0.000110259)
(-3.68928e-10 -3.71147e-10 0.000110258)
(-8.21746e-11 4.6934e-10 0.00011022)
(-3.85351e-10 4.53847e-10 0.000109181)
(-8.27772e-10 3.62043e-10 9.01083e-05)
(1.9384e-09 -2.09386e-09 8.61132e-05)
(2.16533e-09 -3.19309e-10 0.00010847)
(8.59638e-10 5.6498e-10 0.000110154)
(1.50922e-09 5.56393e-10 0.000110252)
(3.22213e-10 8.87537e-10 0.000110257)
(2.4755e-11 1.06877e-09 0.000110258)
(-3.07629e-10 6.38327e-10 0.000110252)
(-1.35595e-10 6.90296e-10 0.000110154)
(-1.43117e-09 2.13828e-11 0.000108471)
(-1.5078e-09 -1.78815e-09 8.61136e-05)
(5.72823e-10 -3.36578e-09 7.45762e-05)
(1.30112e-09 1.97448e-09 0.000105092)
(-1.19162e-09 5.65826e-10 0.000109577)
(5.91276e-10 5.72432e-10 0.000110137)
(3.61112e-10 5.98737e-10 0.000110211)
(6.33413e-10 9.09738e-10 0.000110211)
(-7.12434e-11 4.97428e-10 0.000110137)
(1.10237e-09 1.84437e-10 0.000109578)
(-1.228e-09 7.20383e-10 0.000105092)
(-1.14637e-09 -2.96106e-09 7.45763e-05)
(-3.93096e-09 -8.53129e-09 4.9114e-05)
(2.33346e-09 4.08277e-09 9.01628e-05)
(1.14568e-09 1.62099e-09 0.000104248)
(1.08218e-09 1.7281e-10 0.000108045)
(7.15068e-11 9.3526e-10 0.000108884)
(5.57408e-10 9.74607e-10 0.000108884)
(1.06527e-09 -2.99488e-10 0.000108045)
(-2.0457e-10 2.20681e-09 0.000104248)
(-1.81672e-09 4.18903e-09 9.01625e-05)
(5.03971e-09 -8.31947e-09 4.91142e-05)
(-1.61824e-08 -1.20743e-08 1.90948e-05)
(-5.72201e-09 -2.01563e-10 4.60042e-05)
(4.5929e-11 5.68201e-10 7.0355e-05)
(-3.28574e-09 -1.92355e-10 8.27214e-05)
(-6.58404e-10 1.08443e-09 8.68807e-05)
(-8.30382e-10 1.00815e-09 8.68808e-05)
(9.32495e-11 1.01385e-09 8.27215e-05)
(-1.6911e-09 2.6161e-09 7.03549e-05)
(3.71123e-09 1.75002e-09 4.60041e-05)
(1.2783e-08 -9.55801e-09 1.90948e-05)
(-1.40971e-08 1.07269e-08 1.9095e-05)
(-2.57311e-09 -1.517e-09 4.60043e-05)
(-4.39395e-10 -4.25814e-10 7.03549e-05)
(-3.05599e-09 -3.14323e-10 8.27216e-05)
(7.88149e-11 -1.41719e-09 8.68806e-05)
(-1.15146e-09 -1.33197e-09 8.68809e-05)
(6.5757e-10 -4.97239e-10 8.2721e-05)
(-3.76599e-10 7.44371e-11 7.03544e-05)
(2.27645e-09 -2.17683e-09 4.60038e-05)
(1.36889e-08 9.89682e-09 1.90944e-05)
(-5.72565e-09 9.47297e-09 4.91142e-05)
(-9.82375e-10 -1.6534e-09 9.01627e-05)
(-2.92117e-10 -1.54331e-09 0.000104248)
(8.81032e-10 -5.68562e-10 0.000108045)
(-1.11481e-11 -1.54199e-09 0.000108884)
(-7.26566e-10 -1.61214e-09 0.000108884)
(-5.08601e-10 -5.83931e-10 0.000108045)
(4.34802e-10 -6.19656e-10 0.000104248)
(-9.08191e-10 -3.07427e-09 9.01622e-05)
(4.5926e-09 7.5437e-09 4.91138e-05)
(-5.87393e-10 4.5544e-09 7.4576e-05)
(1.38968e-09 -7.3138e-10 0.000105091)
(8.09142e-10 -1.28399e-09 0.000109578)
(1.19251e-09 -1.32084e-09 0.000110137)
(-1.24742e-10 -9.31531e-10 0.000110211)
(3.85431e-10 -1.03186e-09 0.000110211)
(3.0727e-10 -1.09075e-09 0.000110137)
(7.37008e-10 -5.55164e-10 0.000109577)
(-5.85613e-10 -8.03049e-10 0.000105091)
(1.16632e-09 5.03245e-09 7.4576e-05)
(1.80694e-09 2.33572e-09 8.61128e-05)
(2.53579e-09 -6.45315e-10 0.00010847)
(1.29714e-09 -1.15497e-09 0.000110154)
(8.41393e-10 -1.29253e-09 0.000110252)
(8.5223e-11 -7.72545e-10 0.000110258)
(-3.21921e-10 -1.29033e-10 0.000110257)
(-1.32439e-09 -5.22076e-10 0.000110252)
(-1.08489e-09 -7.67122e-11 0.000110154)
(-2.06807e-09 -3.66679e-10 0.000108471)
(-5.93912e-10 4.18557e-09 8.61131e-05)
(7.71778e-10 9.89571e-11 9.01083e-05)
(6.93733e-10 9.62757e-11 0.00010918)
(4.48936e-10 -2.07741e-10 0.00011022)
(9.9174e-12 -8.71723e-11 0.000110258)
(-4.64242e-11 2.07938e-10 0.000110259)
(6.21312e-10 6.90464e-10 0.000110259)
(-2.72761e-10 3.91281e-10 0.000110258)
(-3.04553e-10 4.61664e-10 0.00011022)
(-1.12774e-09 -2.40098e-10 0.00010918)
(-1.12581e-09 4.48508e-10 9.01085e-05)
(1.02383e-09 1.14181e-09 9.01081e-05)
(5.8392e-10 5.73419e-10 0.00010918)
(6.99859e-11 -1.98739e-10 0.00011022)
(3.19906e-10 1.20257e-10 0.000110258)
(4.06682e-12 1.32446e-10 0.000110259)
(3.93381e-10 -3.90599e-10 0.000110259)
(-4.12631e-10 -6.93306e-10 0.000110258)
(-7.35022e-10 -1.13179e-10 0.000110221)
(-8.41704e-10 -1.27017e-11 0.000109181)
(-8.97507e-10 1.22456e-09 9.01086e-05)
(1.59137e-09 -1.64665e-09 8.61135e-05)
(1.74623e-09 2.11106e-10 0.000108471)
(8.1875e-10 3.09553e-10 0.000110154)
(1.13866e-09 3.54057e-10 0.000110252)
(-2.61603e-11 3.97522e-10 0.000110257)
(4.73486e-10 7.76055e-11 0.000110258)
(-5.32646e-10 1.82251e-10 0.000110252)
(-5.8466e-10 7.68333e-10 0.000110154)
(-1.35868e-09 2.74637e-11 0.000108471)
(-1.77398e-09 -1.61114e-09 8.61138e-05)
(9.74978e-10 -2.27802e-09 7.45763e-05)
(1.34664e-09 1.79627e-09 0.000105092)
(-7.81624e-10 5.68664e-11 0.000109577)
(9.11382e-10 -4.3897e-11 0.000110137)
(2.0133e-10 1.08058e-09 0.000110211)
(7.56913e-10 9.8783e-10 0.000110211)
(1.44003e-10 3.77207e-10 0.000110137)
(1.17646e-09 1.32929e-10 0.000109578)
(-8.83539e-10 8.43125e-10 0.000105092)
(-8.58978e-10 -3.27694e-09 7.45767e-05)
(-3.38231e-09 -6.58926e-09 4.91144e-05)
(2.39045e-09 3.66165e-09 9.01624e-05)
(1.23334e-10 -4.00318e-10 0.000104248)
(6.19663e-10 -1.06318e-09 0.000108044)
(9.81987e-10 1.55018e-09 0.000108884)
(1.32491e-09 1.19966e-09 0.000108884)
(1.06379e-09 2.13518e-10 0.000108044)
(1.78061e-10 1.62722e-09 0.000104248)
(-1.78639e-09 3.80911e-09 9.01625e-05)
(4.84377e-09 -9.03277e-09 4.91143e-05)
(-1.1098e-08 -8.09056e-09 1.90949e-05)
(-4.16514e-09 1.24673e-10 4.60043e-05)
(-7.14956e-10 -8.67233e-10 7.03543e-05)
(-3.17292e-09 -1.11546e-09 8.27211e-05)
(-1.20964e-09 8.68355e-10 8.68804e-05)
(-1.14906e-09 9.98626e-10 8.68803e-05)
(5.3189e-10 1.11429e-09 8.27209e-05)
(-1.18231e-09 2.37355e-09 7.03545e-05)
(4.05559e-09 1.22332e-09 4.60041e-05)
(1.34891e-08 -1.05654e-08 1.90947e-05)
(-1.31551e-08 9.68908e-09 1.90942e-05)
(-1.92147e-09 -2.00165e-09 4.60041e-05)
(-9.71305e-10 6.2855e-11 7.03545e-05)
(-3.01182e-09 -5.6515e-10 8.27212e-05)
(3.42483e-10 -1.30605e-09 8.68802e-05)
(-6.58352e-10 -8.71382e-10 8.68805e-05)
(2.20654e-09 9.55745e-10 8.27215e-05)
(5.81485e-10 -3.95677e-10 7.0355e-05)
(2.36795e-09 -2.15713e-09 4.60043e-05)
(1.20402e-08 9.46306e-09 1.90947e-05)
(-4.97845e-09 8.16037e-09 4.91135e-05)
(6.47511e-10 -2.52774e-09 9.01621e-05)
(-3.46535e-10 -1.23289e-09 0.000104248)
(-1.36972e-10 -3.70443e-10 0.000108044)
(-2.62236e-11 -1.70683e-09 0.000108884)
(9.99262e-10 -1.51089e-09 0.000108884)
(2.10132e-09 2.35578e-10 0.000108045)
(2.56385e-09 -1.77179e-10 0.000104248)
(9.49029e-10 -1.78709e-09 9.01627e-05)
(4.85346e-09 8.79273e-09 4.91143e-05)
(-8.59874e-10 4.44221e-09 7.45756e-05)
(1.16295e-09 -9.03568e-10 0.000105091)
(2.3295e-10 -1.26559e-09 0.000109577)
(6.49026e-10 -9.40694e-10 0.000110137)
(-1.38634e-10 -1.14866e-09 0.000110211)
(-1.6778e-10 -1.42548e-09 0.000110211)
(-5.04013e-10 -1.38898e-09 0.000110137)
(9.35422e-11 -2.87153e-10 0.000109577)
(-1.30708e-09 -1.8442e-10 0.000105092)
(3.1006e-10 4.57944e-09 7.45768e-05)
(7.62812e-10 3.72389e-09 8.61134e-05)
(1.97108e-09 -4.15489e-10 0.00010847)
(7.71785e-10 -4.55517e-10 0.000110154)
(8.58445e-11 -1.03553e-09 0.000110252)
(-3.74909e-10 -9.15493e-10 0.000110257)
(-3.38675e-10 -7.5796e-10 0.000110258)
(-1.52341e-09 -4.17793e-10 0.000110252)
(-1.67447e-09 -6.49666e-10 0.000110154)
(-2.48571e-09 -6.99964e-10 0.000108471)
(-1.2286e-09 3.07519e-09 8.61135e-05)
(7.50725e-10 2.73688e-10 9.01081e-05)
(3.54433e-10 -2.16669e-10 0.00010918)
(2.94173e-10 2.05251e-10 0.00011022)
(4.50733e-10 -5.77262e-11 0.000110258)
(-2.93815e-10 -9.67939e-11 0.000110259)
(2.37763e-11 1.98678e-10 0.000110258)
(-3.71828e-10 4.08763e-10 0.000110258)
(-1.37082e-10 2.65823e-10 0.00011022)
(-6.8971e-10 -3.4629e-10 0.00010918)
(-9.05047e-10 3.63816e-10 9.01082e-05)
(7.98791e-10 8.78952e-10 9.01082e-05)
(7.64991e-10 2.08497e-10 0.00010918)
(8.58867e-10 4.1452e-11 0.00011022)
(4.73187e-10 -2.94393e-10 0.000110257)
(1.4115e-10 -4.09264e-10 0.000110258)
(4.72201e-10 -2.00245e-12 0.000110259)
(-1.67966e-10 -4.24689e-10 0.000110257)
(-1.07048e-10 1.48373e-10 0.00011022)
(-8.63859e-10 -1.0534e-10 0.00010918)
(-9.57437e-10 8.90426e-10 9.01082e-05)
(1.79801e-09 -1.42825e-09 8.61135e-05)
(1.53226e-09 -3.39305e-11 0.000108471)
(5.15476e-10 9.78579e-10 0.000110154)
(8.91557e-10 5.92069e-10 0.000110252)
(1.71391e-10 1.61265e-10 0.000110257)
(7.49223e-10 8.19492e-10 0.000110257)
(-5.37798e-10 3.5005e-10 0.000110252)
(-7.30391e-10 1.10255e-09 0.000110154)
(-1.18761e-09 6.38152e-10 0.000108471)
(-1.41218e-09 -1.1151e-09 8.61131e-05)
(1.13859e-09 -2.59554e-09 7.45764e-05)
(1.79921e-09 2.05233e-09 0.000105092)
(-7.13184e-11 1.07652e-09 0.000109578)
(1.20358e-09 7.73344e-11 0.000110137)
(4.34803e-10 8.30994e-10 0.000110211)
(7.60755e-10 1.33229e-09 0.000110211)
(-2.50028e-10 5.69682e-10 0.000110137)
(7.72795e-10 1.79776e-10 0.000109578)
(-1.24774e-09 7.71983e-10 0.000105091)
(-1.76782e-09 -1.28522e-09 7.45763e-05)
(-3.36545e-09 -7.20165e-09 4.91148e-05)
(2.07486e-09 4.4533e-09 9.01629e-05)
(9.19251e-10 2.16998e-09 0.000104248)
(1.5867e-09 -7.13272e-10 0.000108045)
(8.73561e-10 6.22889e-10 0.000108883)
(1.12397e-09 1.0704e-09 0.000108884)
(1.17838e-09 -7.54082e-10 0.000108044)
(3.3994e-10 1.09071e-09 0.000104248)
(-2.31615e-09 4.09835e-09 9.01624e-05)
(1.71825e-09 -4.63915e-09 4.91142e-05)
(-1.33902e-08 -9.71202e-09 1.90952e-05)
(-6.74681e-09 -6.62125e-10 4.60049e-05)
(-6.01627e-10 1.17594e-09 7.03549e-05)
(-1.9427e-09 -3.13368e-12 8.27209e-05)
(-1.1763e-09 3.51801e-10 8.68799e-05)
(-1.54194e-09 9.24481e-10 8.68799e-05)
(-4.76227e-10 1.84958e-10 8.27204e-05)
(-2.54791e-09 2.39826e-09 7.03544e-05)
(5.79735e-10 3.35831e-09 4.60041e-05)
(9.73609e-09 -7.49377e-09 1.90947e-05)
(-1.36338e-08 1.10916e-08 1.90944e-05)
(-7.88468e-09 2.44103e-09 4.60042e-05)
(-3.84716e-09 1.44659e-09 7.03545e-05)
(-3.29218e-09 -8.36427e-10 8.27214e-05)
(-1.86771e-10 -1.09773e-09 8.68803e-05)
(2.57595e-11 -9.55245e-10 8.68805e-05)
(2.32187e-09 8.63588e-10 8.27214e-05)
(-6.14385e-10 -3.85852e-10 7.0355e-05)
(1.36592e-09 -1.73401e-09 4.60047e-05)
(1.08027e-08 8.20792e-09 1.90951e-05)
(-5.86963e-09 9.7971e-09 4.91143e-05)
(-1.63503e-09 1.60283e-10 9.01622e-05)
(-1.9608e-09 1.33183e-10 0.000104248)
(-3.23163e-10 -8.29989e-10 0.000108044)
(5.58737e-11 -1.9912e-09 0.000108884)
(1.84979e-10 -2.09609e-09 0.000108883)
(1.97445e-10 3.38354e-12 0.000108045)
(8.44383e-10 -1.30139e-10 0.000104249)
(-7.237e-10 -2.67714e-09 9.0163e-05)
(3.54891e-09 6.55796e-09 4.91146e-05)
(-1.07862e-09 4.85784e-09 7.45763e-05)
(6.30977e-10 -3.18114e-10 0.000105091)
(2.64362e-10 -2.77867e-10 0.000109578)
(7.28217e-10 -9.51326e-10 0.000110137)
(-4.06753e-10 -1.72278e-09 0.000110211)
(-2.65135e-10 -1.61975e-09 0.000110211)
(-1.45226e-09 -1.39284e-09 0.000110137)
(-2.32834e-10 3.86817e-10 0.000109578)
(-1.50605e-09 -1.75705e-09 0.000105091)
(-5.47745e-10 2.40034e-09 7.45765e-05)
(1.43751e-09 3.05908e-09 8.61138e-05)
(2.69765e-09 2.25473e-10 0.000108471)
(1.69662e-09 1.76073e-10 0.000110154)
(1.40298e-09 -1.26467e-09 0.000110252)
(3.05792e-10 -7.28661e-10 0.000110257)
(-1.14348e-11 -1.12166e-09 0.000110257)
(-9.98528e-10 -5.89312e-10 0.000110252)
(-1.08929e-09 -5.19083e-11 0.000110154)
(-1.73582e-09 -1.05238e-09 0.000108471)
(-9.22586e-10 2.05618e-09 8.6113e-05)
(7.79369e-10 -2.02972e-10 9.01083e-05)
(7.2005e-10 4.19692e-11 0.00010918)
(5.7616e-10 4.81801e-10 0.00011022)
(6.25426e-10 -3.11948e-10 0.000110257)
(-1.8193e-10 1.16022e-10 0.000110259)
(-2.37488e-11 -3.05835e-10 0.000110258)
(-1.73795e-10 2.67043e-10 0.000110258)
(1.98742e-10 5.90867e-10 0.00011022)
(-7.21882e-10 -2.36553e-10 0.00010918)
(-1.1578e-09 -2.76709e-10 9.01077e-05)
(9.2307e-10 1.06691e-09 9.01087e-05)
(1.53629e-09 2.71075e-10 0.000109181)
(1.39027e-09 6.81816e-10 0.00011022)
(3.88586e-10 -2.96805e-10 0.000110257)
(2.61935e-11 -2.94616e-10 0.000110259)
(2.27397e-10 -1.89e-10 0.000110259)
(-8.00094e-10 -4.69522e-10 0.000110257)
(-1.00903e-09 4.3269e-10 0.00011022)
(-1.43737e-09 5.15819e-10 0.00010918)
(-1.13053e-09 2.87574e-10 9.01078e-05)
(1.72811e-09 -1.73813e-09 8.61135e-05)
(1.70038e-09 -1.30458e-10 0.00010847)
(1.40997e-09 2.21889e-09 0.000110154)
(1.16444e-09 4.54046e-10 0.000110252)
(3.06132e-10 4.63033e-10 0.000110257)
(9.24341e-10 1.28528e-10 0.000110257)
(-9.56191e-10 2.73099e-10 0.000110252)
(-8.3234e-10 7.7821e-10 0.000110154)
(-1.32086e-09 9.65498e-10 0.000108471)
(-1.40972e-09 -1.32213e-09 8.6113e-05)
(-2.39599e-10 -3.52289e-09 7.45766e-05)
(1.17156e-10 2.58561e-11 0.000105091)
(-1.4957e-09 1.05619e-09 0.000109577)
(-9.18512e-10 3.34563e-10 0.000110137)
(-9.69036e-10 4.74527e-10 0.000110211)
(3.71132e-10 9.24828e-10 0.000110211)
(6.66077e-11 -1.51286e-11 0.000110137)
(1.48608e-09 -1.76407e-10 0.000109577)
(-1.31261e-09 2.3815e-09 0.000105091)
(-1.46954e-09 -2.56828e-09 7.45759e-05)
(-4.17372e-09 -7.88631e-09 4.91148e-05)
(1.12459e-09 2.52269e-09 9.01626e-05)
(-1.1208e-10 8.35823e-10 0.000104248)
(1.04709e-10 -1.97402e-11 0.000108045)
(5.82298e-10 4.45173e-10 0.000108884)
(1.06857e-09 5.65621e-10 0.000108884)
(1.36476e-09 -9.9172e-10 0.000108045)
(5.26155e-10 1.73453e-09 0.000104249)
(-3.48463e-09 6.44236e-09 9.01624e-05)
(4.57241e-09 -8.568e-09 4.91139e-05)
(-1.37499e-08 -9.89608e-09 1.90949e-05)
(-7.37819e-09 -9.3928e-10 4.60045e-05)
(-1.95648e-09 2.60861e-10 7.03553e-05)
(-2.78708e-09 -3.21486e-11 8.27212e-05)
(-7.75231e-10 6.88696e-10 8.68803e-05)
(-9.85125e-10 3.21088e-10 8.68804e-05)
(6.68224e-11 4.5192e-10 8.27213e-05)
(-2.64361e-09 3.06596e-09 7.03548e-05)
(2.2976e-09 3.27978e-09 4.60041e-05)
(1.40517e-08 -1.07997e-08 1.90945e-05)
(-1.37518e-08 1.14614e-08 1.9095e-05)
(-6.39647e-09 1.48471e-09 4.60043e-05)
(-2.27075e-09 -1.84356e-10 7.03545e-05)
(-2.53103e-09 -4.29812e-10 8.2721e-05)
(-2.15755e-10 -1.2171e-09 8.68804e-05)
(-5.97062e-10 -1.13068e-09 8.68804e-05)
(1.6477e-09 -1.1261e-10 8.2721e-05)
(9.68964e-10 -4.86973e-10 7.03548e-05)
(4.60419e-09 -6.78108e-10 4.60045e-05)
(1.23019e-08 8.94525e-09 1.90952e-05)
(-6.66347e-09 1.04505e-08 4.91145e-05)
(-4.68314e-10 -5.42171e-10 9.01625e-05)
(5.33154e-10 -1.38262e-09 0.000104248)
(1.10706e-09 -1.19022e-09 0.000108044)
(2.43322e-10 -1.5165e-09 0.000108884)
(5.74807e-11 -1.19904e-09 0.000108883)
(9.37516e-10 -8.73732e-10 0.000108044)
(2.09264e-09 -1.35744e-09 0.000104248)
(1.72323e-09 8.89119e-11 9.01629e-05)
(5.70495e-09 9.48369e-09 4.91145e-05)
(-1.77917e-09 4.91551e-09 7.45767e-05)
(6.46198e-10 1.29476e-11 0.000105092)
(3.20556e-10 -8.23265e-10 0.000109578)
(7.9335e-10 -1.20786e-09 0.000110137)
(1.4057e-10 -8.1088e-10 0.000110211)
(-2.5476e-10 -5.04444e-10 0.000110211)
(-1.93347e-10 -1.97521e-09 0.000110137)
(5.28288e-10 -1.1056e-09 0.000109578)
(-3.5244e-10 1.13488e-09 0.000105091)
(1.45415e-09 6.00159e-09 7.45768e-05)
(6.93865e-10 3.82104e-09 8.61136e-05)
(1.68341e-09 1.25025e-10 0.000108471)
(1.49351e-09 -8.10674e-10 0.000110155)
(1.31838e-09 -9.27294e-10 0.000110252)
(4.09124e-10 -7.92368e-10 0.000110257)
(4.46317e-10 -4.45916e-10 0.000110257)
(-1.60678e-10 -1.10851e-09 0.000110252)
(-7.23669e-10 -7.09814e-10 0.000110154)
(-1.72294e-09 1.342e-11 0.000108471)
(-3.87718e-10 3.42657e-09 8.61132e-05)
(9.59659e-10 2.60525e-10 9.01084e-05)
(5.50481e-10 -2.47893e-11 0.000109181)
(-7.2333e-11 -4.02863e-11 0.00011022)
(4.64905e-10 -5.0105e-10 0.000110258)
(2.24338e-10 -4.72628e-11 0.000110258)
(4.47139e-10 -8.56233e-11 0.000110259)
(1.25249e-10 8.01092e-11 0.000110257)
(-1.93993e-10 -6.78356e-11 0.00011022)
(-1.07972e-09 -3.72576e-10 0.00010918)
(-1.00504e-09 -2.08013e-12 9.01079e-05)
(6.6114e-10 1.05088e-09 9.01087e-05)
(5.74499e-10 3.6246e-10 0.000109181)
(1.2758e-10 -1.18216e-10 0.00011022)
(2.45276e-10 -4.21787e-10 0.000110258)
(1.86609e-10 -2.22271e-10 0.000110259)
(3.9573e-10 -1.79962e-10 0.000110259)
(-8.13571e-11 -3.34805e-10 0.000110257)
(-5.84896e-10 -2.43648e-10 0.00011022)
(-1.21412e-09 -2.4062e-10 0.00010918)
(-1.01746e-09 1.99315e-10 9.01081e-05)
(1.57183e-09 -1.28597e-09 8.61136e-05)
(1.74283e-09 6.91454e-10 0.000108471)
(1.0862e-09 4.01946e-10 0.000110154)
(1.22977e-09 -4.08074e-11 0.000110252)
(3.824e-10 3.25213e-10 0.000110257)
(4.51156e-10 1.04303e-10 0.000110257)
(-1.35763e-09 5.07565e-10 0.000110252)
(-9.17705e-10 6.3899e-10 0.000110154)
(-1.63653e-09 3.00916e-10 0.000108471)
(-1.89316e-09 -1.5652e-09 8.61136e-05)
(2.37095e-09 -1.32254e-09 7.45766e-05)
(2.24033e-09 2.74719e-09 0.000105092)
(-5.60747e-10 1.30123e-10 0.000109578)
(1.33307e-09 -4.61278e-10 0.000110137)
(2.5362e-10 8.53667e-10 0.000110211)
(1.63071e-10 5.68355e-10 0.000110211)
(-6.2274e-10 4.75876e-10 0.000110137)
(5.26091e-10 2.27854e-10 0.000109578)
(-2.24741e-09 1.18606e-09 0.000105092)
(-1.73502e-09 -2.90296e-09 7.45765e-05)
(-2.92332e-09 -6.92214e-09 4.91141e-05)
(4.18099e-09 5.75121e-09 9.01625e-05)
(2.20468e-09 1.40379e-09 0.000104248)
(1.82279e-09 -6.96216e-10 0.000108044)
(8.9756e-10 1.10692e-09 0.000108883)
(8.70315e-10 8.49387e-10 0.000108884)
(9.72868e-10 -2.74489e-10 0.000108045)
(7.91405e-10 9.51449e-10 0.000104248)
(-1.32916e-09 3.93673e-09 9.0163e-05)
(5.4399e-09 -8.92626e-09 4.91148e-05)
(-1.61199e-08 -1.22277e-08 1.90946e-05)
(-2.89646e-09 2.0242e-09 4.60039e-05)
(1.31489e-09 1.05765e-09 7.03546e-05)
(-2.23701e-09 -2.85346e-10 8.27213e-05)
(-5.95413e-11 1.02545e-09 8.68805e-05)
(6.56466e-11 6.10082e-10 8.68807e-05)
(1.70387e-09 3.73687e-10 8.27215e-05)
(-4.02309e-10 1.209e-09 7.03548e-05)
(3.42911e-09 1.939e-09 4.60043e-05)
(1.29777e-08 -1.00636e-08 1.9095e-05)
(-6.23244e-09 5.17717e-09 1.90949e-05)
(-7.33231e-10 -1.7305e-09 4.60043e-05)
(-1.92471e-09 5.03778e-10 7.03546e-05)
(-3.0091e-09 -3.1547e-10 8.27208e-05)
(6.56939e-10 -1.04418e-09 8.68801e-05)
(-8.6149e-10 -1.18074e-09 8.68801e-05)
(2.13343e-09 3.40282e-10 8.27208e-05)
(6.55677e-10 -4.4288e-10 7.03544e-05)
(2.55382e-09 -2.96374e-09 4.6004e-05)
(1.41795e-08 1.04125e-08 1.90947e-05)
(-1.80977e-09 4.55288e-09 4.91143e-05)
(-8.2292e-11 -1.81062e-09 9.01628e-05)
(-4.66904e-10 -7.03122e-10 0.000104249)
(9.31549e-10 -1.27858e-09 0.000108044)
(2.21903e-10 -1.48543e-09 0.000108884)
(4.02927e-10 -2.25555e-09 0.000108883)
(4.27906e-10 -6.01293e-10 0.000108044)
(7.46227e-10 -1.60263e-09 0.000104248)
(-6.49253e-10 -3.69565e-09 9.01625e-05)
(5.03589e-09 7.92784e-09 4.91142e-05)
(-3.86572e-11 2.60283e-09 7.45767e-05)
(6.00656e-10 -1.03084e-09 0.000105092)
(-2.47733e-11 -1.30718e-09 0.000109578)
(8.87829e-10 -1.81176e-09 0.000110137)
(-1.29269e-11 -1.23353e-09 0.000110211)
(3.9682e-11 -1.56233e-09 0.000110211)
(-4.596e-10 -1.69162e-09 0.000110137)
(4.08945e-10 -1.36498e-09 0.000109578)
(-8.25666e-10 -1.03893e-09 0.000105092)
(3.94021e-10 3.95108e-09 7.45766e-05)
(1.04753e-09 2.23963e-09 8.61134e-05)
(1.32989e-09 -5.93361e-10 0.000108471)
(7.89926e-10 -8.20993e-10 0.000110154)
(5.59738e-10 -1.38031e-09 0.000110252)
(-5.65814e-10 -8.12586e-10 0.000110257)
(-1.19753e-10 -2.64958e-10 0.000110257)
(-6.03343e-10 -8.35849e-10 0.000110252)
(-1.02586e-09 -1.05123e-09 0.000110154)
(-2.4789e-09 -1.06423e-09 0.000108471)
(-1.3517e-09 2.68801e-09 8.61134e-05)
(4.12415e-10 -2.9455e-10 9.01082e-05)
(4.10089e-10 -2.28681e-10 0.00010918)
(3.90288e-10 -3.57477e-11 0.00011022)
(4.56071e-10 -3.48395e-10 0.000110258)
(2.59959e-10 5.26426e-11 0.000110258)
(-2.25409e-10 4.2238e-10 0.000110259)
(-4.73241e-10 -3.13914e-10 0.000110257)
(1.06859e-11 -1.17779e-10 0.00011022)
(-1.07175e-09 -2.26734e-10 0.00010918)
(-1.03619e-09 3.63223e-11 9.01082e-05)
(2.59101e-10 6.15714e-10 9.01083e-05)
(2.31211e-10 -6.17295e-12 0.00010918)
(6.26068e-10 -2.68996e-10 0.00011022)
(2.59407e-10 -4.78257e-10 0.000110257)
(8.5629e-11 -5.52366e-10 0.000110259)
(1.62972e-10 -4.94377e-10 0.000110258)
(-1.83744e-10 -7.21256e-10 0.000110257)
(-1.04541e-10 -1.08869e-10 0.00011022)
(-1.24111e-09 2.15219e-10 0.000109181)
(-1.03241e-09 1.08853e-09 9.01084e-05)
(2.31051e-09 -1.00841e-09 8.61134e-05)
(1.91405e-09 1.2357e-10 0.000108471)
(5.91125e-10 3.48868e-10 0.000110154)
(8.55871e-10 -3.95681e-10 0.000110252)
(-5.70162e-11 -1.58079e-10 0.000110257)
(6.73572e-10 1.32934e-10 0.000110257)
(-5.96921e-10 -8.69313e-11 0.000110252)
(-5.41802e-10 1.25925e-09 0.000110154)
(-1.22666e-09 4.45994e-10 0.000108471)
(-1.63985e-09 -1.52136e-09 8.61136e-05)
(1.28276e-09 -2.54518e-09 7.4576e-05)
(1.30785e-09 1.0723e-09 0.000105092)
(-3.87664e-10 -7.73435e-11 0.000109578)
(8.29146e-10 -2.34951e-10 0.000110137)
(-5.17415e-10 3.7074e-10 0.000110211)
(-4.66368e-11 7.70958e-10 0.000110211)
(-2.1931e-10 6.80232e-11 0.000110137)
(1.43384e-09 7.69631e-10 0.000109578)
(-1.04328e-09 2.04567e-09 0.000105092)
(-1.23416e-09 -1.93718e-09 7.45763e-05)
(-3.47893e-09 -7.60992e-09 4.91138e-05)
(1.00724e-09 2.6847e-09 9.01625e-05)
(-6.52787e-11 9.248e-10 0.000104248)
(6.09426e-10 -8.00116e-10 0.000108045)
(2.55842e-10 8.17082e-10 0.000108884)
(4.95323e-10 5.06765e-10 0.000108883)
(5.32035e-10 -5.45242e-10 0.000108044)
(-5.34363e-10 1.76096e-09 0.000104248)
(-3.6514e-09 6.1644e-09 9.01628e-05)
(3.24724e-09 -6.22584e-09 4.91142e-05)
(-1.07748e-08 -8.22044e-09 1.90943e-05)
(-4.11962e-09 -1.12637e-10 4.60039e-05)
(-5.80201e-10 4.7851e-10 7.03544e-05)
(-3.15726e-09 -5.95454e-10 8.27213e-05)
(-7.39732e-10 9.05534e-10 8.68805e-05)
(-1.02325e-09 6.58531e-10 8.68805e-05)
(-3.93002e-10 2.73035e-10 8.2721e-05)
(-4.06844e-09 2.80248e-09 7.03545e-05)
(1.13447e-10 4.11649e-09 4.60039e-05)
(1.35288e-08 -1.03414e-08 1.90948e-05)
(-1.23176e-08 1.02761e-08 1.90951e-05)
(-3.16261e-09 -6.74262e-10 4.60044e-05)
(-6.04014e-10 5.09059e-10 7.0355e-05)
(-2.04996e-09 -1.56029e-10 8.27213e-05)
(-3.51921e-11 -8.48581e-10 8.68803e-05)
(-5.27635e-10 -1.28191e-09 8.68801e-05)
(1.49447e-09 -2.76582e-10 8.27211e-05)
(2.92848e-10 3.60196e-11 7.03544e-05)
(1.54815e-09 -2.1018e-09 4.60043e-05)
(8.98273e-09 6.6245e-09 1.90945e-05)
(-6.09848e-09 8.61085e-09 4.91144e-05)
(-8.56703e-10 -4.03763e-10 9.0163e-05)
(2.35431e-10 -4.5982e-10 0.000104248)
(1.73867e-09 -7.63295e-10 0.000108044)
(1.12804e-09 -9.09573e-10 0.000108884)
(5.93452e-10 -1.61242e-09 0.000108883)
(1.26434e-09 -2.88744e-10 0.000108044)
(2.12851e-09 -5.55271e-10 0.000104248)
(9.93742e-10 -2.5503e-09 9.01626e-05)
(5.25869e-09 7.5169e-09 4.91141e-05)
(-7.44985e-10 3.23209e-09 7.45767e-05)
(-1.14505e-10 1.98982e-10 0.000105092)
(-3.27333e-10 -7.33786e-10 0.000109577)
(4.92386e-10 -1.5226e-09 0.000110137)
(-1.64608e-11 -7.76339e-10 0.000110211)
(-3.75652e-10 -1.13705e-09 0.000110211)
(-1.18618e-09 -1.26604e-09 0.000110137)
(-2.377e-10 -1.51992e-09 0.000109578)
(-1.05511e-09 -1.44465e-09 0.000105091)
(1.18631e-09 5.1613e-09 7.45761e-05)
(1.06064e-09 2.38385e-09 8.61136e-05)
(1.77946e-09 -3.71823e-10 0.000108471)
(4.84835e-10 -4.60059e-10 0.000110154)
(7.77961e-10 -1.35468e-09 0.000110252)
(3.68111e-10 -6.14705e-10 0.000110257)
(-7.06791e-11 -6.76216e-10 0.000110257)
(-1.07344e-09 -8.26768e-10 0.000110252)
(-1.18818e-09 -9.83196e-10 0.000110154)
(-1.97862e-09 -8.86014e-10 0.000108471)
(-1.04081e-09 3.26019e-09 8.61131e-05)
(7.20232e-10 -1.40957e-10 9.01084e-05)
(4.01883e-10 4.90406e-10 0.00010918)
(-2.17114e-10 5.62287e-10 0.00011022)
(-1.30777e-10 -2.08696e-10 0.000110258)
(-2.01716e-10 3.23969e-10 0.000110258)
(4.48471e-10 9.1685e-11 0.000110258)
(-1.33646e-11 7.07009e-11 0.000110257)
(6.7561e-11 2.01595e-10 0.00011022)
(-8.06799e-10 -2.26931e-10 0.000109181)
(-1.24197e-09 5.51686e-10 9.01084e-05)
(7.21458e-10 1.3702e-09 9.01085e-05)
(5.4836e-10 8.34773e-10 0.000109181)
(-5.58728e-11 1.73515e-10 0.00011022)
(2.53247e-10 -3.85578e-10 0.000110258)
(1.1027e-10 -3.38916e-10 0.000110259)
(-2.78245e-10 -3.44266e-10 0.000110259)
(-5.80523e-11 -4.09449e-10 0.000110258)
(2.37413e-10 7.46006e-11 0.00011022)
(-8.22639e-10 -1.3634e-10 0.00010918)
(-9.62325e-10 9.73775e-10 9.0108e-05)
(1.68432e-09 -8.53709e-10 8.6113e-05)
(1.70393e-09 7.01701e-10 0.00010847)
(3.63805e-10 8.29095e-10 0.000110154)
(4.75424e-10 2.82564e-11 0.000110252)
(2.99796e-10 2.73918e-10 0.000110258)
(3.45536e-10 6.28956e-10 0.000110257)
(-7.69564e-10 4.94407e-10 0.000110252)
(3.77687e-10 1.11982e-09 0.000110154)
(-4.4956e-10 5.31567e-10 0.000108471)
(-1.33963e-09 -1.74551e-09 8.61135e-05)
(1.76136e-09 -2.27427e-09 7.45759e-05)
(2.5275e-09 2.58091e-09 0.000105091)
(-8.23781e-10 3.56168e-10 0.000109578)
(6.8413e-10 -1.73948e-10 0.000110137)
(7.60405e-10 1.46795e-10 0.000110211)
(2.71429e-10 8.45852e-10 0.000110211)
(-1.72417e-10 5.64925e-12 0.000110137)
(2.10686e-09 -8.21916e-11 0.000109577)
(-3.73632e-10 1.55609e-09 0.000105091)
(-4.96455e-10 -3.08768e-09 7.45762e-05)
(-3.94291e-09 -8.31638e-09 4.9114e-05)
(3.0488e-09 4.71686e-09 9.01622e-05)
(1.51332e-09 1.18657e-09 0.000104248)
(9.5838e-10 -1.57713e-09 0.000108044)
(4.39989e-10 3.71373e-10 0.000108884)
(3.45771e-10 3.6271e-10 0.000108883)
(5.96726e-10 -1.39908e-09 0.000108044)
(1.29651e-10 8.40533e-10 0.000104248)
(-2.48575e-09 4.66092e-09 9.01622e-05)
(4.34788e-09 -7.73509e-09 4.91137e-05)
(-1.5549e-08 -1.22575e-08 1.90947e-05)
(-3.79394e-09 6.17278e-10 4.60043e-05)
(1.69984e-09 1.4264e-09 7.03545e-05)
(-1.84515e-09 -1.1511e-09 8.2721e-05)
(-2.94169e-10 1.22751e-09 8.68802e-05)
(-1.11252e-09 5.95921e-10 8.68803e-05)
(8.5527e-10 -1.87264e-10 8.27209e-05)
(-3.42695e-09 2.21012e-09 7.03544e-05)
(6.13312e-11 3.63018e-09 4.60039e-05)
(1.58877e-08 -1.1768e-08 1.90945e-05)
(-1.25512e-08 9.36541e-09 1.90947e-05)
(-3.65881e-09 -8.99498e-10 4.60045e-05)
(-3.05538e-09 1.82792e-09 7.03548e-05)
(-4.56105e-09 3.35891e-10 8.27205e-05)
(-8.35564e-10 -1.38629e-09 8.68794e-05)
(-2.40859e-10 -8.30306e-10 8.68796e-05)
(2.49068e-09 -1.77935e-10 8.27209e-05)
(1.38026e-09 7.65197e-11 7.03545e-05)
(3.78105e-09 -4.73761e-10 4.60044e-05)
(1.13139e-08 9.34886e-09 1.90946e-05)
(-2.8344e-09 6.96793e-09 4.91138e-05)
(1.19164e-09 -2.35806e-09 9.01627e-05)
(-1.67707e-09 2.35559e-10 0.000104248)
(-2.76074e-10 -3.38927e-10 0.000108044)
(-3.30573e-10 -1.84736e-09 0.000108883)
(9.59384e-11 -1.8466e-09 0.000108883)
(8.55059e-10 -1.12572e-09 0.000108044)
(1.56487e-09 -8.42862e-10 0.000104248)
(7.28957e-10 -1.60201e-09 9.01629e-05)
(4.96926e-09 8.06402e-09 4.91139e-05)
(8.30643e-11 2.73115e-09 7.45761e-05)
(1.02721e-09 -6.50772e-10 0.000105091)
(-3.67475e-10 3.87997e-12 0.000109577)
(9.92097e-10 -6.52373e-10 0.000110137)
(1.76766e-10 -7.35623e-10 0.000110211)
(-2.88668e-10 -1.28655e-09 0.00011021)
(-2.18424e-10 -1.99929e-09 0.000110137)
(6.4059e-10 -9.55142e-10 0.000109577)
(-7.17312e-10 -6.82266e-10 0.000105091)
(1.93561e-10 3.20616e-09 7.4576e-05)
(1.35675e-09 1.90052e-09 8.61134e-05)
(2.04458e-09 -2.41972e-10 0.00010847)
(8.09576e-10 1.35619e-10 0.000110155)
(6.54575e-10 -3.19958e-10 0.000110252)
(8.91999e-12 -6.48831e-10 0.000110257)
(-3.20978e-10 -6.21818e-10 0.000110258)
(-1.10485e-09 -1.36564e-09 0.000110252)
(-1.29164e-09 -1.062e-09 0.000110154)
(-1.87882e-09 -3.19865e-10 0.00010847)
(-8.94768e-10 2.08255e-09 8.61134e-05)
(2.93531e-10 -3.54969e-10 9.01083e-05)
(3.95397e-10 2.02773e-11 0.00010918)
(1.79421e-10 3.25684e-10 0.000110221)
(-4.20228e-10 1.54673e-10 0.000110258)
(-5.55691e-10 1.42984e-10 0.000110259)
(-1.05853e-10 -1.45347e-10 0.000110258)
(-1.78101e-10 -6.8806e-11 0.000110258)
(9.79959e-11 -3.07546e-10 0.00011022)
(-3.07221e-10 -5.10458e-11 0.00010918)
(-5.25988e-10 -6.44413e-10 9.01085e-05)
(6.2164e-10 5.35316e-10 9.01082e-05)
(5.27595e-10 -3.90298e-10 0.00010918)
(1.36161e-10 -1.5767e-10 0.00011022)
(-2.70593e-11 -4.59586e-10 0.000110258)
(-5.02532e-10 -2.90967e-10 0.000110258)
(-3.24201e-10 -3.3644e-10 0.000110259)
(-3.59851e-10 -4.02369e-10 0.000110258)
(-6.29309e-10 1.06856e-10 0.00011022)
(-8.04928e-10 8.17546e-10 0.00010918)
(-4.66023e-10 8.89738e-10 9.01079e-05)
(1.01462e-09 -1.4688e-09 8.61127e-05)
(1.41595e-09 9.3004e-11 0.000108471)
(1.07244e-09 4.04199e-10 0.000110154)
(8.3596e-10 8.54467e-11 0.000110252)
(-1.96105e-10 2.14449e-10 0.000110257)
(-1.98609e-10 4.69678e-11 0.000110257)
(-1.21113e-09 2.46681e-10 0.000110252)
(-1.41583e-09 8.91981e-10 0.000110154)
(-2.32187e-09 1.89971e-09 0.00010847)
(-1.59398e-09 -8.8909e-10 8.61131e-05)
(1.55667e-09 -1.17467e-09 7.45761e-05)
(1.22718e-09 2.13579e-09 0.000105091)
(-9.82226e-10 -6.91848e-11 0.000109577)
(6.77782e-10 -9.0803e-12 0.000110137)
(-5.00763e-11 7.81701e-10 0.000110211)
(1.66633e-10 3.9154e-10 0.00011021)
(-7.17039e-10 4.82849e-10 0.000110137)
(8.93405e-10 4.03686e-11 0.000109577)
(-1.76254e-09 2.59494e-09 0.000105091)
(-1.41081e-09 -2.36136e-09 7.45761e-05)
(-3.07673e-09 -6.7449e-09 4.9114e-05)
(2.17368e-09 3.62794e-09 9.01624e-05)
(2.96133e-10 7.82747e-10 0.000104248)
(5.14827e-10 -9.39246e-10 0.000108044)
(3.64932e-10 6.01301e-10 0.000108883)
(8.25796e-10 7.98167e-10 0.000108883)
(9.64883e-10 -6.42652e-10 0.000108044)
(3.68023e-10 1.11488e-09 0.000104248)
(-1.98111e-09 4.16296e-09 9.01626e-05)
(4.215e-09 -8.18229e-09 4.91141e-05)
(-1.48276e-08 -1.08776e-08 1.90948e-05)
(-4.38909e-09 9.17449e-10 4.60045e-05)
(-2.18622e-11 8.72325e-10 7.03547e-05)
(-2.94409e-09 -2.98159e-10 8.27203e-05)
(-5.30753e-10 8.16482e-10 8.68792e-05)
(-6.07502e-10 1.1485e-09 8.68794e-05)
(1.12571e-09 -7.71986e-11 8.27201e-05)
(-9.3735e-10 1.46608e-09 7.03542e-05)
(3.41154e-09 1.11508e-09 4.6004e-05)
(1.29979e-08 -1.02687e-08 1.90945e-05)
(-1.40552e-08 1.14874e-08 1.90942e-05)
(-5.3934e-09 -1.31323e-09 4.60034e-05)
(2.49973e-09 -4.31309e-09 7.03541e-05)
(2.9684e-09 -3.62186e-10 8.27209e-05)
(1.34863e-09 9.4514e-10 8.688e-05)
(1.4437e-10 3.91046e-11 8.68803e-05)
(-3.27836e-10 -1.52142e-09 8.27208e-05)
(1.0689e-09 -3.95363e-09 7.03543e-05)
(9.65765e-09 1.23596e-09 4.60038e-05)
(1.58535e-08 1.26588e-08 1.90948e-05)
(-6.28418e-10 5.68021e-09 4.91137e-05)
(1.27026e-09 -1.2305e-09 9.01621e-05)
(8.55062e-10 -5.93722e-09 0.000104248)
(2.12472e-10 -4.8258e-10 0.000108045)
(-7.59138e-10 8.23465e-10 0.000108883)
(9.37995e-10 1.78919e-10 0.000108883)
(-2.73233e-10 -1.47943e-09 0.000108044)
(-7.9727e-10 -5.45031e-09 0.000104248)
(-4.22747e-10 5.21348e-10 9.01626e-05)
(2.82643e-09 9.04748e-09 4.91144e-05)
(3.08066e-09 -2.50017e-09 7.45761e-05)
(1.7852e-09 3.54745e-09 0.000105091)
(3.62876e-10 -1.84079e-09 0.000109577)
(-5.67443e-10 -4.57242e-10 0.000110137)
(-3.82003e-10 4.48901e-11 0.00011021)
(-7.70285e-11 3.01313e-10 0.000110211)
(-2.04116e-10 -8.19882e-10 0.000110137)
(-4.39839e-10 -2.05375e-09 0.000109577)
(-2.51464e-09 3.35358e-09 0.000105092)
(-3.25284e-09 -2.47802e-10 7.45765e-05)
(-1.48592e-09 1.39454e-09 8.61133e-05)
(-1.65965e-09 2.98591e-09 0.00010847)
(2.18161e-10 -8.73958e-10 0.000110153)
(-4.3593e-10 1.43456e-10 0.000110252)
(8.92889e-11 -5.21181e-11 0.000110257)
(1.50153e-10 -3.54506e-11 0.000110257)
(1.55786e-10 -1.18589e-09 0.000110252)
(-6.73059e-10 -1.21266e-09 0.000110154)
(2.72998e-10 2.47926e-09 0.000108471)
(1.4349e-09 1.52908e-09 8.61136e-05)
(5.83323e-10 -1.43931e-10 9.01081e-05)
(1.03116e-09 1.02049e-09 0.00010918)
(1.01539e-09 -6.95769e-10 0.00011022)
(2.7808e-10 -2.72728e-10 0.000110257)
(-3.02995e-10 -2.23016e-10 0.000110258)
(1.70654e-10 -8.49876e-11 0.000110258)
(3.65588e-10 -4.72255e-10 0.000110258)
(-8.01848e-10 -4.45262e-10 0.00011022)
(-1.45695e-09 6.86936e-10 0.00010918)
(-4.47963e-10 6.31239e-10 9.01081e-05)
(3.72151e-10 -8.72419e-10 9.01076e-05)
(9.86e-10 9.3213e-10 0.00010918)
(8.78898e-10 3.02764e-10 0.00011022)
(2.77066e-11 -2.37957e-10 0.000110257)
(-3.27725e-10 -8.29451e-10 0.000110258)
(5.05074e-10 -1.54732e-10 0.000110258)
(-1.93675e-10 -6.12858e-10 0.000110258)
(-1.17956e-09 -2.7465e-10 0.00011022)
(-9.13076e-10 4.40457e-10 0.00010918)
(-4.35043e-10 4.64074e-11 9.0108e-05)
(7.50214e-11 -1.54201e-09 8.61131e-05)
(-7.85349e-10 -4.96321e-11 0.000108471)
(-4.40456e-10 7.63091e-10 0.000110154)
(1.91955e-10 6.41479e-10 0.000110252)
(-2.20323e-10 -2.48734e-10 0.000110257)
(6.13496e-10 -3.05261e-10 0.000110257)
(-8.74144e-11 9.94888e-10 0.000110252)
(6.06504e-10 2.56801e-10 0.000110154)
(4.80654e-10 -1.26629e-10 0.000108471)
(-5.12244e-10 -3.61425e-10 8.61131e-05)
(2.98889e-09 -6.56303e-10 7.45758e-05)
(2.53372e-09 1.64631e-09 0.000105091)
(-7.75617e-10 -2.05797e-10 0.000109577)
(3.25748e-10 7.90789e-10 0.000110137)
(-7.44053e-10 -1.94015e-10 0.000110211)
(3.17268e-10 -2.57519e-10 0.000110211)
(-1.50386e-09 1.11204e-09 0.000110137)
(1.05218e-09 -1.26036e-10 0.000109578)
(-2.0868e-09 2.0675e-09 0.000105092)
(-4.77555e-09 1.27744e-09 7.45758e-05)
(-2.47198e-09 -7.84559e-09 4.91139e-05)
(5.13961e-09 7.08325e-09 9.01626e-05)
(6.81146e-10 1.30224e-09 0.000104248)
(1.81192e-10 2.76662e-10 0.000108044)
(-8.90495e-10 -1.26728e-09 0.000108884)
(-3.59536e-11 -4.31341e-10 0.000108884)
(-9.47052e-10 1.35919e-09 0.000108045)
(-2.4333e-09 2.69913e-09 0.000104249)
(-6.22083e-09 7.24041e-09 9.01628e-05)
(2.47768e-09 -7.6701e-09 4.91142e-05)
(-1.53584e-08 -1.14006e-08 1.90943e-05)
(-4.46826e-10 4.46677e-09 4.60042e-05)
(5.1291e-09 2.54974e-09 7.03546e-05)
(1.20186e-09 6.75425e-10 8.27211e-05)
(1.88498e-09 -5.60969e-10 8.68802e-05)
(-1.72035e-09 -2.40635e-10 8.68802e-05)
(-4.91655e-10 2.65368e-09 8.27213e-05)
(-2.10344e-09 2.77758e-09 7.03549e-05)
(1.7945e-09 3.69188e-09 4.60046e-05)
(1.82674e-08 -1.40357e-08 1.90949e-05)
(-1.00827e-08 7.25388e-09 1.90946e-05)
(-3.70477e-09 2.27588e-10 4.60033e-05)
(-2.74187e-09 1.91645e-09 7.03543e-05)
(-4.83577e-09 1.35194e-09 8.27217e-05)
(-1.20516e-09 -1.99116e-09 8.68808e-05)
(-2.97464e-10 -8.83916e-10 8.68808e-05)
(1.77951e-09 6.47574e-11 8.27208e-05)
(-9.68516e-10 -8.19517e-10 7.03543e-05)
(2.48779e-09 -2.29424e-09 4.60038e-05)
(1.42428e-08 1.06304e-08 1.90948e-05)
(-3.82859e-09 6.8598e-09 4.91141e-05)
(-1.31348e-09 -1.18609e-09 9.01623e-05)
(-1.55138e-09 4.24419e-10 0.000104248)
(-2.66926e-10 6.0147e-10 0.000108045)
(2.55831e-10 -2.28342e-09 0.000108884)
(1.44639e-10 -9.44604e-10 0.000108884)
(-8.05599e-10 -2.57106e-10 0.000108044)
(-2.00517e-10 -1.29388e-09 0.000104248)
(-1.50503e-09 -3.24642e-09 9.01621e-05)
(4.93202e-09 8.48828e-09 4.91143e-05)
(-4.2101e-11 4.04013e-09 7.45768e-05)
(1.42014e-09 -7.20889e-10 0.000105092)
(1.13717e-11 -6.07696e-10 0.000109577)
(5.1475e-10 -8.269e-10 0.000110136)
(8.76697e-11 -7.12931e-10 0.000110211)
(1.55691e-10 -7.37903e-10 0.000110211)
(-2.79406e-10 -9.51085e-10 0.000110137)
(5.32067e-11 -1.31008e-09 0.000109577)
(-1.17716e-10 -7.30806e-10 0.000105092)
(2.5529e-09 5.32245e-09 7.45766e-05)
(1.51934e-09 2.04926e-09 8.61133e-05)
(2.25368e-09 -2.17792e-10 0.000108471)
(1.45003e-09 -3.21452e-10 0.000110153)
(9.41832e-10 -6.10315e-10 0.000110251)
(3.60633e-10 -1.70292e-10 0.000110257)
(5.03365e-10 -6.8523e-10 0.000110257)
(-2.46962e-10 -1.06903e-09 0.000110252)
(-1.12275e-09 -1.394e-09 0.000110154)
(-2.64063e-09 -1.17458e-09 0.000108471)
(-7.83997e-10 3.408e-09 8.61136e-05)
(5.96141e-10 -1.25478e-09 9.0108e-05)
(7.69534e-10 -6.33523e-11 0.00010918)
(3.82264e-10 2.46558e-10 0.00011022)
(1.99839e-10 3.6353e-10 0.000110257)
(-9.37815e-11 4.09543e-10 0.000110258)
(1.4984e-11 -1.35191e-10 0.000110258)
(2.13308e-10 -1.95848e-10 0.000110257)
(8.37201e-11 -3.08619e-10 0.00011022)
(-9.22253e-10 -5.67341e-10 0.000109181)
(-8.63476e-10 4.26029e-11 9.01084e-05)
(5.84042e-10 1.21758e-09 9.01076e-05)
(8.79532e-10 1.75742e-10 0.00010918)
(6.59672e-10 -4.15135e-11 0.00011022)
(-9.73005e-11 -2.65926e-10 0.000110257)
(-1.1806e-10 -6.26499e-11 0.000110258)
(3.86955e-10 -3.51924e-10 0.000110258)
(-3.1132e-10 -6.04074e-10 0.000110257)
(-4.0747e-10 -5.49384e-10 0.00011022)
(-9.57292e-10 -4.74259e-11 0.000109181)
(-9.95776e-10 9.29394e-10 9.01082e-05)
(1.82588e-09 -1.37279e-09 8.61132e-05)
(2.06575e-09 2.11172e-10 0.000108471)
(5.39675e-10 8.61255e-10 0.000110154)
(7.33664e-10 4.78253e-10 0.000110252)
(3.0655e-10 1.42216e-11 0.000110257)
(3.52984e-10 -8.44674e-11 0.000110257)
(-8.50517e-10 -3.59504e-10 0.000110252)
(-9.34622e-10 3.47113e-12 0.000110154)
(-1.77606e-09 -2.42033e-10 0.000108471)
(-1.71543e-09 -1.91482e-09 8.61135e-05)
(1.41628e-09 -3.12023e-09 7.45762e-05)
(1.27622e-09 1.68988e-09 0.000105091)
(-1.29693e-09 7.00706e-10 0.000109578)
(7.391e-10 9.10803e-10 0.000110137)
(-5.74571e-10 3.47644e-10 0.000110211)
(5.15415e-11 7.18676e-10 0.000110211)
(-3.93747e-10 -9.20219e-11 0.000110137)
(8.28559e-10 -6.55794e-10 0.000109578)
(-1.14164e-09 7.83052e-10 0.000105091)
(-9.27874e-10 -3.02484e-09 7.45761e-05)
(-4.02021e-09 -8.94928e-09 4.91141e-05)
(1.93961e-09 4.13918e-09 9.01622e-05)
(8.54706e-10 2.14332e-09 0.000104248)
(7.22761e-10 -9.39896e-10 0.000108044)
(3.16771e-11 7.83543e-10 0.000108884)
(8.79732e-10 8.4498e-10 0.000108884)
(1.11602e-09 -3.89573e-10 0.000108045)
(1.23548e-09 4.15168e-10 0.000104248)
(-1.28602e-09 2.80449e-09 9.01621e-05)
(3.68175e-09 -7.70694e-09 4.9114e-05)
(-1.61907e-08 -1.2946e-08 1.90945e-05)
(-5.43838e-09 3.19482e-10 4.60038e-05)
(-4.54295e-10 1.60972e-09 7.03542e-05)
(-4.11469e-09 -1.00893e-09 8.27216e-05)
(-8.31972e-10 5.90623e-10 8.68811e-05)
(-6.25973e-10 4.21063e-10 8.68808e-05)
(1.21279e-09 1.69124e-10 8.27222e-05)
(8.00732e-11 1.20325e-09 7.03548e-05)
(4.46598e-09 6.02956e-10 4.60044e-05)
(1.39792e-08 -1.08966e-08 1.90947e-05)
(-1.54045e-08 1.14619e-08 1.90947e-05)
(-3.82672e-09 -5.7358e-10 4.60045e-05)
(-9.23483e-10 -5.76895e-11 7.03549e-05)
(-3.7237e-09 3.50131e-10 8.27212e-05)
(-7.73285e-10 -1.31436e-09 8.68804e-05)
(-1.71872e-09 -6.66166e-10 8.68803e-05)
(1.45879e-10 -6.52631e-10 8.27211e-05)
(-1.51136e-09 -1.96578e-09 7.03548e-05)
(1.68601e-09 -2.89846e-09 4.6004e-05)
(1.14876e-08 8.28834e-09 1.90944e-05)
(-3.79276e-09 7.04338e-09 4.91142e-05)
(-2.65433e-10 -1.46316e-09 9.01622e-05)
(4.85581e-10 -6.02197e-11 0.000104248)
(1.48502e-09 -1.20044e-09 0.000108044)
(6.0733e-10 -1.52606e-09 0.000108884)
(5.75891e-10 -1.21934e-09 0.000108883)
(-2.44345e-10 -2.95752e-10 0.000108044)
(9.30168e-10 -2.09461e-09 0.000104248)
(-3.13225e-10 -3.49455e-09 9.0162e-05)
(3.89311e-09 6.71262e-09 4.91138e-05)
(9.46761e-10 1.83967e-09 7.45764e-05)
(2.03731e-09 -9.32468e-10 0.000105091)
(7.98814e-10 4.09248e-11 0.000109577)
(1.82587e-09 -1.79195e-09 0.000110137)
(5.74232e-10 -1.02544e-09 0.000110211)
(3.47728e-10 -1.04236e-09 0.000110211)
(-8.49191e-11 -8.70048e-10 0.000110136)
(7.94872e-10 -7.93067e-10 0.000109577)
(-2.11201e-09 -1.86036e-09 0.000105092)
(-1.35827e-09 3.01522e-09 7.45767e-05)
(7.46356e-10 2.34217e-09 8.61133e-05)
(1.0798e-09 -7.78071e-10 0.00010847)
(6.34264e-10 -4.35001e-10 0.000110154)
(1.11749e-09 -9.25748e-10 0.000110252)
(-6.43309e-11 -6.51376e-10 0.000110257)
(-1.66602e-10 -3.1243e-10 0.000110257)
(-8.1755e-10 -1.14013e-09 0.000110252)
(-7.42114e-10 -7.55069e-10 0.000110154)
(-1.55922e-09 -1.52087e-09 0.000108471)
(-1.11353e-09 1.91094e-09 8.61136e-05)
(1.39251e-10 9.2099e-11 9.01083e-05)
(-7.81711e-11 -6.71109e-10 0.00010918)
(-4.43607e-10 4.18938e-12 0.00011022)
(2.12721e-10 1.7077e-11 0.000110257)
(2.33941e-10 6.5143e-11 0.000110258)
(-7.58387e-11 3.53484e-11 0.000110259)
(-2.38963e-10 -2.08386e-11 0.000110257)
(-1.01342e-11 -1.46572e-11 0.00011022)
(-4.58737e-10 -2.60642e-10 0.000109181)
(-7.97066e-10 -9.01954e-10 9.01088e-05)
(3.02352e-10 7.64482e-10 9.01083e-05)
(2.89566e-10 -4.3573e-10 0.00010918)
(3.42733e-10 -4.45987e-10 0.00011022)
(-2.2053e-10 -3.76093e-11 0.000110257)
(-5.3443e-10 -7.82188e-11 0.000110259)
(2.30117e-10 -4.50011e-10 0.000110259)
(5.38174e-12 -5.19728e-10 0.000110258)
(-9.9614e-11 -6.08308e-10 0.00011022)
(-4.91228e-10 6.01972e-12 0.000109181)
(-6.22972e-10 6.95312e-10 9.01083e-05)
(1.74377e-09 -1.59568e-09 8.61136e-05)
(1.13628e-09 -4.52731e-10 0.000108471)
(1.04196e-10 4.49713e-10 0.000110154)
(8.55095e-10 6.91159e-10 0.000110252)
(-1.9863e-10 7.62638e-10 0.000110257)
(-3.8676e-10 -1.71839e-10 0.000110257)
(-1.09111e-09 3.09723e-10 0.000110252)
(-7.07764e-11 3.8556e-10 0.000110154)
(-7.46331e-10 -1.19175e-10 0.000108471)
(-1.2763e-09 -1.67058e-09 8.61132e-05)
(2.03454e-09 -2.853e-09 7.45769e-05)
(2.10543e-09 1.44387e-09 0.000105091)
(-9.71233e-10 8.69206e-10 0.000109577)
(1.05764e-09 1.02935e-09 0.000110137)
(1.54028e-10 5.76206e-10 0.000110211)
(7.80136e-10 2.14409e-10 0.000110211)
(4.6096e-10 2.18902e-10 0.000110137)
(1.01351e-09 -2.53509e-10 0.000109578)
(-1.41882e-09 1.4084e-09 0.000105091)
(-1.08935e-09 -2.281e-09 7.45763e-05)
(-4.81991e-09 -9.19325e-09 4.91141e-05)
(1.02904e-09 3.87621e-09 9.01621e-05)
(-2.97704e-10 1.71255e-09 0.000104248)
(6.54216e-10 1.26163e-10 0.000108044)
(4.56192e-10 1.10105e-09 0.000108884)
(1.14204e-09 1.06832e-09 0.000108884)
(1.10675e-09 -1.49408e-09 0.000108044)
(3.51954e-10 8.88589e-10 0.000104248)
(-1.8352e-09 4.04741e-09 9.01622e-05)
(2.90321e-09 -5.98277e-09 4.91139e-05)
(-1.5463e-08 -1.19642e-08 1.90946e-05)
(-5.45739e-09 6.63557e-10 4.60038e-05)
(-1.71781e-09 4.90787e-10 7.03542e-05)
(-3.31393e-09 -6.02658e-11 8.27209e-05)
(-3.43285e-10 1.30175e-09 8.68803e-05)
(-1.0288e-10 1.19424e-09 8.68805e-05)
(1.89717e-09 -4.62598e-10 8.27211e-05)
(-1.74535e-09 2.22079e-09 7.03542e-05)
(2.26723e-09 1.9217e-09 4.60035e-05)
(1.13058e-08 -8.45791e-09 1.90942e-05)
(-1.14905e-08 9.39585e-09 1.90949e-05)
(-4.58427e-09 2.33052e-10 4.60047e-05)
(-4.53782e-09 2.35204e-09 7.03549e-05)
(-5.02445e-09 -2.74867e-10 8.27213e-05)
(-6.59224e-10 -1.09188e-09 8.68806e-05)
(-1.23073e-09 -1.29577e-09 8.68805e-05)
(1.27553e-09 -1.39028e-10 8.27214e-05)
(-5.67547e-10 -9.78457e-10 7.0355e-05)
(1.23425e-09 -2.68835e-09 4.60041e-05)
(1.25101e-08 9.47474e-09 1.90945e-05)
(-4.94654e-09 7.82386e-09 4.91144e-05)
(-7.59066e-10 -9.33333e-10 9.01629e-05)
(-1.59371e-09 4.74747e-10 0.000104249)
(-3.65774e-11 -7.94529e-10 0.000108044)
(7.0158e-11 -1.68991e-09 0.000108884)
(1.96188e-10 -1.64183e-09 0.000108883)
(9.74824e-11 -2.07401e-10 0.000108045)
(4.5367e-10 -2.16257e-10 0.000104248)
(-1.98542e-09 -2.98468e-09 9.01626e-05)
(2.12737e-09 5.79531e-09 4.9114e-05)
(5.02795e-10 2.79975e-09 7.45762e-05)
(1.32129e-09 -1.24956e-09 0.000105091)
(3.79945e-10 -7.90938e-11 0.000109578)
(1.68197e-09 -6.45451e-10 0.000110137)
(3.47196e-10 -1.18036e-09 0.000110211)
(-5.63247e-10 -7.198e-10 0.000110211)
(-1.13248e-09 -4.73592e-10 0.000110137)
(-1.28513e-10 -5.23674e-11 0.000109577)
(-1.35701e-09 -9.44678e-10 0.000105091)
(1.06408e-13 2.52378e-09 7.45762e-05)
(1.61767e-09 2.47234e-09 8.61135e-05)
(3.28357e-09 -1.12627e-09 0.00010847)
(1.97049e-09 4.08181e-10 0.000110154)
(1.13948e-09 -3.59784e-10 0.000110252)
(4.47517e-10 -4.96535e-10 0.000110257)
(7.25115e-10 -5.86542e-10 0.000110258)
(-7.6994e-10 -2.53215e-10 0.000110252)
(-7.53456e-10 -8.08452e-10 0.000110154)
(-8.94604e-10 -1.13352e-09 0.00010847)
(-4.53729e-10 2.98133e-09 8.61132e-05)
(5.50614e-10 1.17474e-10 9.01084e-05)
(3.16296e-10 8.03821e-11 0.00010918)
(7.17652e-11 4.61638e-10 0.00011022)
(4.49765e-10 9.8265e-11 0.000110258)
(8.25983e-11 3.13125e-10 0.000110259)
(-6.96772e-11 -4.94952e-10 0.000110259)
(-2.34079e-10 -3.68585e-10 0.000110257)
(-1.88479e-10 -2.65042e-10 0.00011022)
(-1.19676e-09 -6.59726e-10 0.00010918)
(-1.20808e-09 -3.15553e-10 9.01082e-05)
(6.60779e-10 1.67845e-09 9.01083e-05)
(3.01242e-10 1.90664e-10 0.000109181)
(4.28377e-10 -3.91423e-10 0.00011022)
(7.90845e-10 -4.97725e-10 0.000110257)
(-2.02624e-10 -4.67724e-10 0.000110259)
(-3.7347e-11 -4.18935e-10 0.000110259)
(-4.87121e-10 -7.52596e-10 0.000110258)
(-2.78361e-10 -5.06805e-10 0.00011022)
(-4.63477e-10 -1.89699e-10 0.00010918)
(-9.40829e-10 5.96983e-11 9.01082e-05)
(2.11485e-09 -5.02923e-10 8.61137e-05)
(1.41879e-09 2.29725e-10 0.000108471)
(2.95492e-10 -3.0475e-12 0.000110154)
(6.76875e-10 1.02501e-10 0.000110252)
(-2.5309e-10 -3.33267e-11 0.000110257)
(-8.86631e-11 2.79368e-10 0.000110257)
(-9.17992e-10 -3.22122e-10 0.000110252)
(-6.80041e-10 8.16627e-10 0.000110154)
(-1.28489e-09 1.9855e-10 0.000108471)
(-1.02306e-09 -2.00481e-09 8.61133e-05)
(1.6384e-09 -1.9402e-09 7.45767e-05)
(1.65535e-09 2.60579e-09 0.000105092)
(-1.09749e-09 -3.58069e-11 0.000109577)
(8.97455e-10 -3.33884e-10 0.000110137)
(7.91553e-11 2.49089e-10 0.000110211)
(4.05677e-10 2.56303e-10 0.000110211)
(1.79411e-10 1.62778e-10 0.000110137)
(1.27412e-09 -8.73007e-10 0.000109577)
(-1.66836e-09 1.26666e-09 0.000105091)
(-9.0234e-10 -3.27449e-09 7.4576e-05)
(-3.42228e-09 -7.02489e-09 4.91143e-05)
(3.5093e-09 6.02949e-09 9.01626e-05)
(1.54378e-09 1.14218e-09 0.000104248)
(1.54069e-09 -2.04285e-09 0.000108044)
(1.22734e-09 4.358e-10 0.000108884)
(1.05144e-09 5.42446e-10 0.000108884)
(5.39741e-10 -5.23722e-10 0.000108045)
(8.918e-11 9.2006e-10 0.000104248)
(-2.17845e-09 4.65041e-09 9.01629e-05)
(4.67637e-09 -8.28453e-09 4.9114e-05)
(-1.18726e-08 -9.50857e-09 1.90949e-05)
(-1.24845e-09 2.67342e-09 4.60044e-05)
(1.52667e-09 1.28184e-09 7.03549e-05)
(-2.35424e-09 -1.2953e-09 8.27212e-05)
(2.63478e-10 9.74136e-10 8.68802e-05)
(-7.3462e-10 6.64195e-10 8.68803e-05)
(2.9082e-10 -4.96431e-12 8.27211e-05)
(-2.60294e-09 2.59867e-09 7.03546e-05)
(8.29925e-10 3.38209e-09 4.60041e-05)
(1.19045e-08 -9.29123e-09 1.90948e-05)
(-1.20588e-08 9.38758e-09 1.9095e-05)
(-4.82045e-09 -5.33096e-10 4.60047e-05)
(-2.38706e-09 1.9531e-10 7.03554e-05)
(-2.9585e-09 -8.90448e-10 8.27214e-05)
(-1.55162e-10 -1.23062e-09 8.68806e-05)
(-1.80692e-10 -1.54845e-09 8.68804e-05)
(2.77979e-09 6.90713e-10 8.27211e-05)
(2.8303e-10 -2.58178e-10 7.03547e-05)
(3.19452e-09 -9.37955e-10 4.60045e-05)
(1.31292e-08 9.90626e-09 1.90949e-05)
(-4.68967e-09 8.0941e-09 4.91148e-05)
(4.30631e-10 -2.86621e-09 9.01634e-05)
(-8.97381e-10 -1.11937e-09 0.000104248)
(5.97315e-10 -7.82771e-10 0.000108044)
(5.28939e-10 -1.18642e-09 0.000108883)
(3.71975e-10 -1.9816e-09 0.000108884)
(7.45335e-10 5.74934e-10 0.000108045)
(8.68324e-10 -5.37545e-10 0.000104248)
(-3.75629e-10 -1.66387e-09 9.01625e-05)
(4.3094e-09 8.02569e-09 4.91139e-05)
(-1.07107e-09 4.51444e-09 7.45766e-05)
(4.83036e-10 -8.95942e-10 0.000105092)
(-1.02278e-10 -1.52917e-09 0.000109578)
(2.16695e-10 -1.09344e-09 0.000110137)
(-5.24077e-10 -6.41981e-10 0.000110211)
(-3.85428e-10 -8.68997e-10 0.000110211)
(-8.9429e-10 -7.92904e-10 0.000110137)
(2.70105e-10 1.95579e-10 0.000109577)
(-1.02435e-09 -1.27519e-10 0.000105091)
(5.00288e-10 4.34307e-09 7.45755e-05)
(9.57107e-10 3.49132e-09 8.61133e-05)
(1.9242e-09 -6.14732e-10 0.000108471)
(6.37612e-10 -1.01342e-09 0.000110154)
(2.62274e-10 -6.43742e-10 0.000110252)
(-2.95664e-10 -2.75589e-10 0.000110257)
(-1.27898e-10 -3.53067e-10 0.000110257)
(-5.0914e-10 -9.6978e-10 0.000110252)
(-8.86442e-10 -4.96539e-10 0.000110154)
(-1.97768e-09 6.81166e-11 0.00010847)
(-1.09461e-09 2.27514e-09 8.61127e-05)
(4.37142e-10 2.65293e-10 9.01079e-05)
(6.8407e-10 -3.72804e-10 0.00010918)
(4.95364e-10 1.84568e-10 0.00011022)
(2.8375e-10 1.14224e-10 0.000110257)
(2.55756e-11 1.64278e-10 0.000110258)
(1.74153e-10 -1.02665e-10 0.000110259)
(-1.90152e-10 -1.25706e-10 0.000110257)
(-3.30402e-10 -2.00448e-10 0.00011022)
(-9.35004e-10 3.57414e-10 0.00010918)
(-9.35389e-10 -8.44372e-10 9.01077e-05)
(3.04082e-10 1.4894e-09 9.0108e-05)
(1.34999e-10 1.38432e-10 0.00010918)
(-1.13107e-10 -5.86825e-11 0.00011022)
(2.51435e-10 -5.50223e-10 0.000110257)
(5.20419e-10 -3.59672e-10 0.000110258)
(2.39622e-10 -4.29855e-10 0.000110259)
(-4.33158e-10 -3.32334e-10 0.000110258)
(-3.99948e-10 4.78095e-12 0.00011022)
(-7.27258e-10 1.60304e-10 0.00010918)
(-8.10904e-10 1.0823e-09 9.01082e-05)
(1.61142e-09 -3.84546e-10 8.6113e-05)
(6.54839e-10 7.54292e-10 0.000108471)
(2.70778e-10 4.81944e-10 0.000110155)
(1.37358e-09 -1.84175e-10 0.000110252)
(3.52875e-10 1.93456e-10 0.000110257)
(3.35023e-10 1.59121e-10 0.000110257)
(-3.55766e-10 6.16715e-10 0.000110252)
(-1.93619e-10 6.51693e-10 0.000110154)
(-1.11267e-09 -4.44468e-11 0.000108471)
(-1.20709e-09 -1.32367e-09 8.61134e-05)
(2.65446e-09 -1.48349e-10 7.45764e-05)
(2.05234e-09 3.39475e-09 0.000105092)
(-8.72993e-10 -5.1506e-11 0.000109578)
(1.2134e-09 -6.87045e-10 0.000110137)
(2.0846e-10 4.84226e-10 0.000110211)
(6.20477e-10 4.33099e-10 0.000110211)
(-9.61407e-11 5.66483e-10 0.000110137)
(1.26748e-09 4.72222e-10 0.000109577)
(-1.03667e-09 1.46332e-09 0.000105092)
(-1.20781e-09 -2.72528e-09 7.45761e-05)
(-3.0586e-09 -6.0507e-09 4.91144e-05)
(3.37504e-09 5.14343e-09 9.01629e-05)
(4.7091e-10 -9.48261e-11 0.000104248)
(7.5327e-10 -7.56645e-10 0.000108044)
(1.14938e-09 8.8993e-10 0.000108883)
(1.08425e-09 2.31253e-10 0.000108884)
(6.54812e-10 -2.62125e-10 0.000108045)
(-6.69056e-10 2.32099e-09 0.000104248)
(-2.60125e-09 4.74946e-09 9.01629e-05)
(3.60807e-09 -6.67557e-09 4.91143e-05)
(-1.31365e-08 -9.81877e-09 1.90948e-05)
(-2.5145e-09 1.45007e-09 4.60046e-05)
(2.69225e-10 -7.44097e-11 7.0355e-05)
(-3.27086e-09 -5.78255e-10 8.27213e-05)
(-1.00995e-09 6.73537e-10 8.68803e-05)
(-1.44735e-09 3.46701e-10 8.68802e-05)
(-2.46651e-10 8.44048e-10 8.27216e-05)
(-3.02962e-09 2.68044e-09 7.03546e-05)
(4.42342e-10 2.78724e-09 4.60045e-05)
(1.06693e-08 -7.79468e-09 1.90949e-05)
(-1.22947e-08 1.00849e-08 1.90946e-05)
(-5.12063e-09 4.67097e-10 4.60037e-05)
(-3.19919e-09 5.07911e-10 7.03547e-05)
(-4.2225e-09 -2.204e-10 8.27212e-05)
(-5.64692e-10 -1.5582e-09 8.68807e-05)
(-5.68834e-10 -1.35884e-09 8.68805e-05)
(2.11516e-09 4.54991e-11 8.27212e-05)
(-5.29313e-10 -1.35534e-09 7.03546e-05)
(1.88101e-09 -2.39991e-09 4.60042e-05)
(1.23885e-08 9.4902e-09 1.90947e-05)
(-3.18445e-09 7.3542e-09 4.91138e-05)
(6.31677e-10 -1.50636e-09 9.01619e-05)
(3.92857e-10 -8.02923e-10 0.000104248)
(1.18834e-09 -1.0454e-09 0.000108045)
(1.49574e-10 -1.271e-09 0.000108884)
(4.16587e-10 -1.77128e-09 0.000108884)
(1.65876e-10 -4.11593e-10 0.000108045)
(1.42581e-09 -1.89114e-09 0.000104248)
(5.82074e-10 -2.67889e-09 9.01621e-05)
(4.56912e-09 7.50166e-09 4.91138e-05)
(1.18572e-10 2.76713e-09 7.45764e-05)
(7.60754e-10 2.66987e-13 0.000105092)
(-2.45431e-11 -6.75164e-10 0.000109577)
(1.27423e-09 -1.36489e-09 0.000110136)
(4.77113e-10 -7.96919e-11 0.000110211)
(1.63579e-10 -7.79138e-10 0.000110211)
(-7.77584e-10 -1.19131e-09 0.000110137)
(4.64382e-10 -7.08665e-10 0.000109577)
(-8.87719e-10 -9.70815e-10 0.000105091)
(-1.5766e-10 3.54498e-09 7.4576e-05)
(9.05154e-10 2.25313e-09 8.61134e-05)
(9.26916e-10 -7.5848e-11 0.000108471)
(3.4905e-10 -8.94441e-10 0.000110154)
(2.63111e-10 -9.80173e-10 0.000110252)
(-2.14843e-10 -6.24752e-10 0.000110257)
(-2.04481e-10 -5.4621e-10 0.000110258)
(-1.16731e-09 -8.92749e-10 0.000110252)
(-1.21313e-09 -6.50777e-10 0.000110154)
(-1.77556e-09 -1.38941e-09 0.00010847)
(-5.00965e-10 2.57891e-09 8.61127e-05)
(2.92743e-10 -2.50511e-10 9.01082e-05)
(3.20607e-11 3.43515e-11 0.00010918)
(4.37358e-10 4.21034e-11 0.00011022)
(-9.342e-11 -3.03335e-10 0.000110257)
(-7.16691e-10 -5.10367e-11 0.000110258)
(5.6747e-11 -3.03267e-10 0.000110259)
(-3.61047e-10 -1.02929e-10 0.000110258)
(-3.91558e-10 1.58679e-10 0.00011022)
(-7.63259e-10 -4.62882e-10 0.00010918)
(-6.4859e-10 5.46578e-11 9.01079e-05)
(3.90872e-10 1.21522e-09 9.01086e-05)
(4.3001e-10 2.28987e-10 0.000109181)
(6.15453e-10 -7.40889e-11 0.00011022)
(2.63474e-10 -1.74097e-10 0.000110258)
(2.15767e-10 -2.97404e-10 0.000110259)
(5.78853e-10 1.14588e-10 0.000110259)
(-2.42272e-11 -7.27707e-10 0.000110258)
(-1.39834e-10 3.42166e-10 0.00011022)
(-7.52262e-10 3.04607e-10 0.00010918)
(-7.86391e-10 1.00588e-09 9.0108e-05)
(1.69399e-09 -9.45733e-10 8.61137e-05)
(1.46859e-09 2.23596e-10 0.000108471)
(6.32925e-10 1.81446e-10 0.000110155)
(1.2665e-09 9.2285e-10 0.000110252)
(6.93237e-10 -3.11133e-10 0.000110257)
(6.96675e-10 7.69406e-10 0.000110257)
(-4.78632e-10 -6.71209e-10 0.000110252)
(-2.93038e-10 7.5558e-10 0.000110154)
(-1.78307e-09 1.44223e-10 0.000108471)
(-1.93392e-09 -1.90696e-09 8.61132e-05)
(2.00514e-09 -9.76171e-10 7.45764e-05)
(5.73265e-10 1.88428e-09 0.000105091)
(-9.91295e-10 2.22533e-10 0.000109578)
(6.83493e-10 1.88666e-10 0.000110137)
(-2.14387e-11 -3.55058e-11 0.000110211)
(1.20645e-09 1.9758e-10 0.000110211)
(6.71466e-10 -1.14805e-09 0.000110136)
(1.93761e-09 2.1611e-12 0.000109577)
(-1.17575e-09 1.56982e-09 0.000105091)
(-5.64312e-10 -3.61073e-09 7.45761e-05)
(-1.63843e-09 -5.92516e-09 4.91139e-05)
(4.38713e-09 4.9057e-09 9.01622e-05)
(1.7194e-09 5.07614e-10 0.000104248)
(1.362e-09 -1.04518e-09 0.000108045)
(4.06544e-10 3.24509e-10 0.000108883)
(4.39946e-10 3.7592e-10 0.000108884)
(9.94533e-10 -1.69538e-09 0.000108044)
(5.19398e-10 1.24753e-09 0.000104248)
(-2.23832e-09 5.17423e-09 9.01625e-05)
(4.84848e-09 -9.04307e-09 4.91141e-05)
(-1.29504e-08 -1.02583e-08 1.90945e-05)
(-1.45789e-09 1.92563e-09 4.60042e-05)
(7.07326e-10 -2.07916e-10 7.03545e-05)
(-2.91331e-09 -5.5444e-10 8.27209e-05)
(-9.00455e-10 5.81404e-10 8.68802e-05)
(-1.36518e-10 9.22576e-10 8.68802e-05)
(7.87722e-10 -2.77281e-10 8.2721e-05)
(-3.43401e-09 2.37908e-09 7.03542e-05)
(1.00774e-09 3.33864e-09 4.60041e-05)
(1.32972e-08 -1.04357e-08 1.90946e-05)
(-1.66522e-08 1.21613e-08 1.90945e-05)
(-5.09674e-09 -1.09444e-09 4.60038e-05)
(-1.29742e-09 -8.43202e-11 7.03543e-05)
(-3.77282e-09 6.51415e-10 8.27211e-05)
(-7.13914e-10 -1.23568e-09 8.68802e-05)
(-1.12818e-09 -9.40714e-10 8.68806e-05)
(1.67352e-09 -2.20695e-10 8.27214e-05)
(-9.47585e-10 -8.16982e-10 7.03548e-05)
(1.01184e-09 -3.13702e-09 4.60041e-05)
(1.32024e-08 1.02478e-08 1.90946e-05)
(-5.5178e-09 9.22528e-09 4.91137e-05)
(4.92858e-10 -2.56001e-09 9.01619e-05)
(2.08155e-10 -1.36272e-09 0.000104248)
(1.42066e-10 2.77438e-10 0.000108045)
(-1.43246e-11 -1.2213e-09 0.000108884)
(-1.32263e-10 -1.99575e-09 0.000108884)
(2.4673e-10 -6.25586e-10 0.000108045)
(1.77288e-09 -4.55465e-10 0.000104248)
(-1.52931e-09 -3.51497e-09 9.01621e-05)
(3.3289e-09 7.43533e-09 4.91138e-05)
(-1.28851e-09 5.17628e-09 7.45763e-05)
(8.28066e-10 -5.62399e-10 0.000105092)
(1.89869e-10 -1.0429e-09 0.000109578)
(9.32121e-10 -4.38909e-10 0.000110137)
(1.86332e-10 -7.8226e-10 0.000110211)
(-7.4329e-11 -1.45392e-09 0.000110211)
(-4.69652e-10 -1.81943e-09 0.000110137)
(5.2954e-10 -3.54093e-10 0.000109577)
(-8.96407e-10 -1.40291e-09 0.000105091)
(-1.0471e-10 2.66331e-09 7.45764e-05)
(1.21248e-09 3.17135e-09 8.61135e-05)
(2.07393e-09 -6.24311e-10 0.000108471)
(1.00872e-09 -5.1001e-10 0.000110154)
(9.04633e-10 3.84973e-11 0.000110252)
(3.25318e-10 -4.4396e-10 0.000110257)
(-1.37258e-10 -4.36863e-10 0.000110257)
(-1.42569e-09 -1.42893e-09 0.000110252)
(-1.21429e-09 -6.82012e-10 0.000110154)
(-1.78568e-09 -6.66271e-10 0.000108471)
(-9.42951e-10 2.22496e-09 8.61137e-05)
(4.41166e-10 8.50974e-10 9.01084e-05)
(6.44218e-10 -1.24691e-10 0.000109181)
(4.23008e-10 4.24014e-10 0.00011022)
(-2.78302e-11 4.04109e-10 0.000110258)
(-4.60625e-10 4.45242e-12 0.000110259)
(-1.39288e-10 -2.63945e-10 0.000110259)
(-2.45267e-10 -9.38218e-11 0.000110258)
(2.49014e-10 6.94043e-10 0.00011022)
(-8.14514e-10 2.33113e-10 0.000109181)
(-1.25832e-09 -2.51391e-10 9.01086e-05)
(6.89229e-10 1.9147e-09 9.01086e-05)
(3.7144e-10 3.82339e-10 0.000109181)
(1.55831e-10 1.5786e-10 0.00011022)
(-9.61327e-12 -6.65498e-10 0.000110258)
(-1.77388e-10 -5.39964e-10 0.000110259)
(3.22937e-10 -5.74905e-10 0.000110259)
(1.16941e-10 -6.63866e-10 0.000110258)
(-2.49227e-10 1.09498e-10 0.00011022)
(-1.11002e-09 -3.4973e-10 0.00010918)
(-9.28903e-10 5.68093e-10 9.01083e-05)
(2.0308e-09 -3.73808e-10 8.61137e-05)
(1.75791e-09 4.31749e-10 0.000108471)
(7.17295e-10 7.419e-10 0.000110154)
(1.44882e-09 7.0645e-11 0.000110252)
(4.49021e-10 3.03643e-12 0.000110258)
(1.71069e-10 2.58527e-10 0.000110257)
(-2.56828e-10 1.33149e-10 0.000110252)
(-9.1839e-11 5.21327e-10 0.000110154)
(-9.72892e-10 -5.82989e-11 0.000108471)
(-1.06904e-09 -1.76428e-09 8.61136e-05)
(2.21669e-09 -6.74216e-10 7.45761e-05)
(2.03135e-09 2.17987e-09 0.000105091)
(-8.42246e-10 -2.96635e-10 0.000109578)
(3.83733e-10 -3.45079e-10 0.000110137)
(2.36523e-12 3.39583e-10 0.000110211)
(2.99582e-10 3.74816e-10 0.000110211)
(-2.31023e-10 3.72487e-10 0.000110137)
(1.41862e-09 6.21008e-10 0.000109577)
(-1.19379e-09 1.77685e-09 0.000105091)
(-9.43681e-10 -2.60178e-09 7.4576e-05)
(-3.62631e-09 -7.42169e-09 4.91141e-05)
(1.74145e-09 4.28457e-09 9.01624e-05)
(-1.05548e-09 -1.27456e-10 0.000104248)
(-1.656e-10 -1.06748e-09 0.000108045)
(-3.30502e-10 5.18579e-10 0.000108884)
(-2.63832e-11 4.24618e-10 0.000108884)
(5.80041e-10 -9.53708e-11 0.000108044)
(3.50298e-11 2.07315e-09 0.000104247)
(-1.91247e-09 4.50408e-09 9.01623e-05)
(4.19117e-09 -7.30648e-09 4.91142e-05)
(-1.22716e-08 -9.9899e-09 1.90948e-05)
(-2.16233e-09 2.144e-09 4.60041e-05)
(-1.26553e-09 3.0884e-11 7.03545e-05)
(-3.62835e-09 -1.46651e-10 8.27211e-05)
(-1.38765e-09 2.44876e-10 8.68803e-05)
(-2.24428e-09 8.45925e-10 8.68801e-05)
(-7.51265e-10 8.84111e-10 8.27207e-05)
(-2.65475e-09 2.44756e-09 7.0354e-05)
(2.6107e-09 1.9676e-09 4.60038e-05)
(1.29853e-08 -9.84208e-09 1.90947e-05)
(-1.24872e-08 1.05129e-08 1.90948e-05)
(-1.79558e-09 -1.8049e-09 4.60043e-05)
(-1.66206e-09 4.26793e-10 7.03545e-05)
(-4.29199e-09 -3.07742e-10 8.27213e-05)
(-3.61686e-10 -1.59565e-09 8.68801e-05)
(-8.78692e-10 -1.12311e-09 8.68803e-05)
(1.81176e-09 -2.60975e-10 8.27214e-05)
(1.37584e-09 -2.66236e-10 7.03547e-05)
(4.37056e-09 -1.07148e-09 4.60046e-05)
(1.51229e-08 1.12257e-08 1.9095e-05)
(-6.06415e-09 8.97906e-09 4.91144e-05)
(-3.41686e-10 -1.71157e-09 9.01626e-05)
(3.39e-10 -9.37536e-10 0.000104248)
(6.5818e-10 -9.06399e-10 0.000108044)
(5.26661e-10 -1.63805e-09 0.000108884)
(1.33088e-09 -2.00873e-09 0.000108883)
(1.41019e-09 -1.60784e-10 0.000108045)
(1.87004e-09 -3.90056e-10 0.000104248)
(2.67193e-10 -1.39177e-09 9.01629e-05)
(4.37242e-09 7.96464e-09 4.91145e-05)
(-8.43604e-10 4.36621e-09 7.45763e-05)
(-1.3709e-10 -9.12443e-11 0.000105092)
(-5.32966e-10 -1.37205e-09 0.000109578)
(7.21059e-10 -1.38707e-09 0.000110137)
(5.10576e-11 -1.15747e-09 0.000110211)
(3.9974e-10 -1.28677e-09 0.000110211)
(-3.54166e-10 -1.18059e-09 0.000110137)
(-6.47236e-11 2.28079e-10 0.000109578)
(-1.60601e-09 -5.95136e-10 0.000105091)
(-1.57733e-10 3.79889e-09 7.45765e-05)
(1.29081e-09 2.67808e-09 8.61134e-05)
(1.9785e-09 -2.57504e-10 0.000108471)
(8.96815e-10 -9.74535e-10 0.000110154)
(5.53355e-10 -1.3798e-09 0.000110252)
(1.04105e-11 -6.34356e-10 0.000110258)
(-1.85102e-10 -6.74519e-10 0.000110257)
(-8.65905e-10 -1.17446e-09 0.000110252)
(-8.57748e-10 -1.15167e-10 0.000110154)
(-2.23411e-09 -1.30001e-09 0.000108471)
(-8.22874e-10 2.99468e-09 8.61135e-05)
(4.52927e-10 -1.42969e-10 9.01083e-05)
(7.08843e-10 1.91714e-10 0.000109181)
(4.59765e-10 1.49293e-10 0.00011022)
(4.39224e-10 -4.48926e-10 0.000110258)
(-9.07634e-12 2.08692e-10 0.000110259)
(-1.4762e-10 -4.37874e-10 0.000110259)
(-7.01142e-11 -7.49299e-11 0.000110258)
(-1.71219e-10 3.55835e-10 0.00011022)
(-1.11105e-09 -8.44506e-10 0.00010918)
(-9.94376e-10 -2.75629e-10 9.01082e-05)
(7.92269e-10 1.02076e-09 9.01081e-05)
(7.23165e-10 2.32013e-10 0.00010918)
(7.49041e-10 -1.07255e-10 0.00011022)
(6.07531e-10 -5.7177e-10 0.000110258)
(-7.54844e-11 -6.5206e-10 0.000110259)
(1.04525e-10 -5.88979e-10 0.000110259)
(-1.02039e-10 -8.70426e-10 0.000110258)
(-2.29447e-10 8.02526e-10 0.00011022)
(-9.22526e-10 7.73459e-11 0.000109181)
(-8.30749e-10 1.96012e-10 9.01081e-05)
(2.01933e-09 -1.48129e-09 8.61137e-05)
(2.13348e-09 6.62454e-10 0.000108471)
(7.46651e-10 3.30018e-10 0.000110154)
(9.24693e-10 4.60872e-10 0.000110252)
(1.74947e-10 -1.03945e-10 0.000110257)
(4.00028e-10 1.84584e-10 0.000110258)
(-2.76834e-10 -1.36681e-10 0.000110252)
(-1.60568e-10 1.35687e-09 0.000110154)
(-1.1409e-09 1.11085e-09 0.000108471)
(-1.10578e-09 -1.67807e-09 8.61137e-05)
(1.61942e-09 -2.47817e-09 7.45762e-05)
(1.48125e-09 2.47028e-09 0.000105092)
(-7.96392e-10 4.43192e-10 0.000109578)
(6.80719e-10 -4.27042e-10 0.000110137)
(-1.67455e-10 1.55963e-10 0.000110211)
(9.81475e-10 2.91294e-10 0.000110211)
(-4.28048e-11 4.13528e-11 0.000110137)
(1.29321e-09 2.67389e-10 0.000109578)
(-1.44382e-09 2.74962e-09 0.000105091)
(-1.46849e-09 -2.12367e-09 7.45765e-05)
(-5.0286e-09 -9.22382e-09 4.91143e-05)
(2.44484e-09 4.52535e-09 9.01628e-05)
(6.65426e-10 8.45128e-10 0.000104248)
(7.21123e-10 -2.09697e-09 0.000108045)
(7.74516e-10 7.80034e-10 0.000108884)
(4.77709e-10 1.31879e-10 0.000108884)
(1.49165e-10 -1.23572e-09 0.000108045)
(-4.38164e-10 1.43417e-09 0.000104248)
(-3.09327e-09 6.30582e-09 9.01625e-05)
(3.70824e-09 -6.88163e-09 4.91142e-05)
(-1.37611e-08 -1.12597e-08 1.90948e-05)
(-3.13951e-09 1.0291e-09 4.60042e-05)
(-3.38306e-10 4.89435e-11 7.03545e-05)
(-3.75518e-09 -1.19946e-09 8.27213e-05)
(-1.70864e-09 1.02004e-09 8.68806e-05)
(-1.47226e-09 5.24844e-10 8.68807e-05)
(-1.84149e-10 -6.47876e-11 8.27216e-05)
(-3.10518e-09 2.2902e-09 7.03547e-05)
(1.22654e-09 3.21896e-09 4.60041e-05)
(1.33059e-08 -1.02609e-08 1.90948e-05)
(-1.21965e-08 9.15406e-09 1.9095e-05)
(-5.01376e-09 -7.97433e-11 4.6004e-05)
(-7.04102e-10 2.05126e-10 7.03548e-05)
(-2.75879e-09 -2.82545e-10 8.27212e-05)
(-5.00287e-10 -1.04879e-09 8.68807e-05)
(1.16039e-10 -1.14776e-09 8.68803e-05)
(2.6184e-09 -1.8462e-10 8.27214e-05)
(1.42451e-09 -5.96039e-10 7.03546e-05)
(3.83178e-09 -8.83677e-10 4.60041e-05)
(1.39013e-08 1.13941e-08 1.90947e-05)
(-3.02738e-09 6.51671e-09 4.91145e-05)
(1.74571e-09 -2.82314e-09 9.01628e-05)
(9.80137e-10 -5.09779e-10 0.000104248)
(1.18958e-09 -6.68738e-10 0.000108045)
(2.59466e-10 -1.87861e-09 0.000108884)
(1.49001e-09 -1.5719e-09 0.000108884)
(1.74011e-09 -6.759e-10 0.000108045)
(8.07901e-10 -1.27943e-09 0.000104248)
(3.82379e-11 -1.21422e-09 9.01629e-05)
(5.373e-09 9.24969e-09 4.91142e-05)
(4.58998e-10 2.15743e-09 7.45763e-05)
(1.78454e-09 -1.93579e-09 0.000105092)
(1.42014e-11 -4.56742e-10 0.000109578)
(6.86872e-10 -7.54795e-10 0.000110137)
(5.6682e-10 -1.33562e-09 0.000110211)
(-2.2217e-10 -1.09627e-09 0.000110211)
(-8.71859e-10 -1.25972e-09 0.000110137)
(1.7848e-10 -8.05558e-10 0.000109578)
(-3.99798e-10 4.72148e-10 0.000105091)
(1.25489e-09 4.86605e-09 7.45764e-05)
(8.1711e-10 2.87423e-09 8.61138e-05)
(1.41441e-09 -6.03562e-10 0.000108471)
(4.79035e-10 1.04131e-10 0.000110154)
(9.84007e-10 3.1413e-11 0.000110252)
(1.9264e-10 -7.37193e-10 0.000110258)
(-6.67709e-10 -6.98426e-10 0.000110257)
(-1.56958e-09 -6.22135e-10 0.000110252)
(-1.76455e-09 -9.60276e-10 0.000110154)
(-2.43249e-09 -7.77583e-11 0.000108471)
(-1.10038e-09 3.10245e-09 8.61133e-05)
(7.29198e-10 -7.20409e-11 9.01084e-05)
(5.82158e-10 -4.48179e-10 0.000109181)
(-9.9548e-11 3.84747e-10 0.00011022)
(-5.43411e-11 3.39939e-10 0.000110258)
(4.0407e-12 -5.15265e-11 0.000110258)
(-1.90037e-11 1.51188e-10 0.000110258)
(-8.99963e-10 6.0733e-11 0.000110258)
(-8.75303e-10 3.19464e-10 0.00011022)
(-1.04602e-09 1.61461e-10 0.00010918)
(-8.68691e-10 -5.06896e-11 9.01082e-05)
(7.41157e-10 1.43577e-09 9.01085e-05)
(8.2222e-10 -3.8445e-10 0.00010918)
(1.87323e-10 -4.09968e-10 0.00011022)
(4.53905e-10 -3.55283e-10 0.000110258)
(2.48896e-10 -3.18821e-10 0.000110259)
(-2.82307e-10 -1.44231e-10 0.000110258)
(-5.07479e-10 -6.84876e-10 0.000110258)
(-6.67052e-10 1.87844e-10 0.00011022)
(-1.02922e-09 5.4354e-10 0.000109181)
(-7.30509e-10 6.82569e-10 9.01082e-05)
(2.16191e-09 -7.99576e-10 8.61136e-05)
(1.89754e-09 3.61953e-10 0.000108471)
(1.05824e-09 9.69962e-10 0.000110154)
(1.36988e-09 9.41307e-10 0.000110252)
(-6.8672e-12 5.54273e-11 0.000110257)
(1.25537e-10 -3.65384e-11 0.000110257)
(-9.1262e-10 6.14314e-10 0.000110252)
(-6.37832e-10 1.06993e-09 0.000110154)
(-1.70718e-09 7.58998e-10 0.000108471)
(-1.71936e-09 -1.71362e-09 8.61136e-05)
(1.03103e-09 -2.62304e-09 7.45765e-05)
(1.15033e-09 1.90037e-09 0.000105092)
(-1.47038e-09 3.72007e-10 0.000109578)
(5.19771e-10 7.15605e-10 0.000110137)
(-5.49347e-10 5.45223e-10 0.000110211)
(-2.23484e-10 6.98852e-10 0.000110211)
(-7.4892e-10 7.97366e-10 0.000110137)
(4.34287e-10 8.24279e-10 0.000109578)
(-1.8913e-09 2.01572e-09 0.000105092)
(-1.18968e-09 -3.78526e-09 7.45765e-05)
(-3.0055e-09 -7.533e-09 4.91142e-05)
(3.4795e-09 5.17164e-09 9.01628e-05)
(6.55501e-10 1.3779e-09 0.000104248)
(5.80632e-10 -3.02662e-10 0.000108045)
(2.11438e-10 4.33737e-10 0.000108884)
(7.78657e-10 8.59964e-10 0.000108884)
(8.76245e-10 -3.68419e-10 0.000108045)
(3.10297e-10 1.82211e-09 0.000104248)
(-1.15383e-09 3.87004e-09 9.01632e-05)
(5.43606e-09 -9.38389e-09 4.91145e-05)
(-1.08571e-08 -8.5579e-09 1.90947e-05)
(-1.97035e-09 2.32942e-09 4.60042e-05)
(9.53285e-10 1.52828e-09 7.03549e-05)
(-2.81907e-09 -2.75155e-10 8.27215e-05)
(-6.43386e-10 4.63767e-10 8.68805e-05)
(-1.43841e-09 4.35508e-10 8.68806e-05)
(-3.37172e-10 7.03835e-10 8.27216e-05)
(-2.04884e-09 2.47572e-09 7.03555e-05)
(4.81997e-09 1.04756e-09 4.60048e-05)
(1.7221e-08 -1.24308e-08 1.90952e-05)
(-1.72487e-08 1.23385e-08 1.90946e-05)
(-4.27856e-09 -2.82812e-10 4.60041e-05)
(-1.84262e-09 1.41093e-09 7.03545e-05)
(-4.20391e-09 2.38972e-10 8.27207e-05)
(-6.55128e-10 -1.40608e-09 8.68804e-05)
(-9.18943e-10 -9.46437e-10 8.68802e-05)
(1.25948e-09 -5.58449e-10 8.27211e-05)
(6.7868e-10 -5.31241e-10 7.03549e-05)
(3.91111e-09 -2.21767e-10 4.60043e-05)
(9.31925e-09 7.08999e-09 1.90947e-05)
(-2.84838e-09 6.19123e-09 4.91147e-05)
(8.23107e-10 -1.99482e-09 9.0163e-05)
(-5.52926e-10 -2.24236e-11 0.000104248)
(3.65006e-10 -1.38146e-10 0.000108044)
(8.04265e-10 -1.79376e-09 0.000108884)
(1.27052e-09 -1.36817e-09 0.000108883)
(1.32096e-09 -8.27362e-10 0.000108045)
(2.28742e-09 -8.13905e-10 0.000104248)
(1.28689e-09 -9.99719e-10 9.01628e-05)
(4.54986e-09 7.45832e-09 4.91142e-05)
(1.36083e-10 2.69788e-09 7.45764e-05)
(9.87304e-10 -1.83346e-09 0.000105092)
(-3.93226e-10 3.91982e-11 0.000109578)
(9.83008e-10 -6.60093e-10 0.000110137)
(2.49297e-10 -1.07969e-09 0.000110211)
(3.46992e-10 -1.24e-09 0.000110211)
(-9.75003e-11 -1.64232e-09 0.000110137)
(5.42633e-10 -3.01314e-10 0.000109578)
(-8.49897e-10 -7.47554e-10 0.000105092)
(5.32674e-10 3.88493e-09 7.45766e-05)
(8.28497e-10 2.04765e-09 8.61138e-05)
(1.91085e-09 -8.46221e-10 0.000108471)
(8.2389e-10 5.4676e-10 0.000110154)
(2.1987e-10 -5.55923e-10 0.000110252)
(-7.66672e-12 -8.11895e-10 0.000110257)
(-5.88003e-10 -6.03624e-10 0.000110258)
(-1.71387e-09 -1.27094e-09 0.000110252)
(-1.60571e-09 -5.99954e-10 0.000110154)
(-2.78497e-09 -6.66779e-10 0.000108471)
(-1.46007e-09 2.21738e-09 8.61138e-05)
(7.67084e-10 -3.38584e-10 9.01083e-05)
(3.11736e-10 -5.73836e-11 0.000109181)
(-2.11206e-10 1.83002e-10 0.00011022)
(-4.26482e-13 -1.20715e-10 0.000110258)
(-4.63589e-10 5.77755e-12 0.000110259)
(-4.02857e-10 1.33152e-10 0.000110259)
(-5.5307e-10 2.27996e-10 0.000110258)
(-3.61299e-10 1.99931e-10 0.00011022)
(-1.14843e-09 -4.3416e-10 0.000109181)
(-1.17513e-09 -6.19152e-10 9.01086e-05)
(4.51107e-10 1.2345e-09 9.01084e-05)
(2.65362e-11 -3.98568e-10 0.000109181)
(1.56046e-10 -2.86786e-10 0.00011022)
(3.74307e-10 -4.27883e-10 0.000110258)
(-3.957e-10 -4.63897e-10 0.000110259)
(-2.59123e-10 -8.88332e-11 0.000110259)
(-3.7178e-10 -2.15335e-10 0.000110258)
(-3.19047e-10 1.6809e-10 0.00011022)
(-8.43137e-10 1.10772e-10 0.000109181)
(-9.73021e-10 5.60138e-10 9.01087e-05)
(1.76752e-09 -1.41034e-09 8.61131e-05)
(1.06659e-09 -4.72191e-10 0.00010847)
(2.75674e-10 -7.61128e-11 0.000110154)
(8.29026e-10 -2.62382e-11 0.000110252)
(-5.49401e-10 -2.69529e-10 0.000110257)
(2.58075e-10 7.93168e-10 0.000110257)
(-5.51499e-10 4.13185e-10 0.000110252)
(-6.12711e-10 1.234e-09 0.000110154)
(-1.39901e-09 2.16435e-10 0.000108471)
(-1.71862e-09 -1.42257e-09 8.61136e-05)
(1.75801e-09 -2.22437e-09 7.45764e-05)
(9.9646e-10 1.72062e-09 0.000105092)
(-1.15106e-09 -6.15227e-10 0.000109578)
(3.54498e-10 -5.53749e-10 0.000110137)
(-2.52395e-10 4.90553e-10 0.000110211)
(7.38607e-10 6.64425e-10 0.000110211)
(-1.49067e-10 7.73627e-10 0.000110137)
(1.46352e-09 7.22842e-10 0.000109578)
(-9.2427e-10 1.67125e-09 0.000105092)
(-8.90703e-10 -2.83505e-09 7.45764e-05)
(-3.13448e-09 -6.16112e-09 4.91144e-05)
(2.50915e-09 5.15361e-09 9.01629e-05)
(-1.14223e-10 -1.96674e-11 0.000104249)
(3.53977e-10 -1.30146e-09 0.000108045)
(-8.36506e-11 8.8188e-10 0.000108884)
(1.81217e-10 5.73826e-10 0.000108884)
(5.44954e-10 -2.97129e-10 0.000108044)
(-3.56907e-10 2.16914e-09 0.000104248)
(-2.78641e-09 5.63807e-09 9.01629e-05)
(3.35386e-09 -6.80594e-09 4.91145e-05)
(-1.24915e-08 -9.39724e-09 1.9095e-05)
(-2.81554e-09 1.75903e-09 4.60048e-05)
(1.7358e-10 5.53858e-11 7.03552e-05)
(-3.09157e-09 -6.93511e-10 8.27214e-05)
(-1.03476e-09 6.58537e-10 8.68807e-05)
(-1.08524e-09 9.81033e-10 8.68807e-05)
(7.25852e-10 8.85407e-11 8.27214e-05)
(-2.85931e-09 2.81596e-09 7.0355e-05)
(1.00194e-09 3.65964e-09 4.60048e-05)
(1.4196e-08 -1.04294e-08 1.90951e-05)
(-1.46109e-08 1.28299e-08 1.90946e-05)
(-1.43338e-09 -2.26597e-09 4.60042e-05)
(-1.27527e-09 6.28642e-10 7.03543e-05)
(-2.47921e-09 -3.2763e-10 8.27213e-05)
(1.45059e-10 -8.76438e-10 8.68803e-05)
(-6.20141e-10 -1.26636e-09 8.68806e-05)
(1.56763e-09 -3.08648e-10 8.27211e-05)
(-7.30565e-10 -8.16451e-10 7.03548e-05)
(2.86667e-09 -6.67258e-10 4.60047e-05)
(1.0348e-08 8.06097e-09 1.9095e-05)
(-4.08243e-09 8.2618e-09 4.91138e-05)
(1.20314e-09 -3.25621e-09 9.01623e-05)
(1.71525e-10 -2.45605e-10 0.000104248)
(1.50322e-09 -7.25688e-11 0.000108045)
(3.03565e-10 -1.8869e-09 0.000108884)
(-2.92515e-11 -2.29301e-09 0.000108884)
(4.25403e-10 -1.01186e-09 0.000108045)
(1.12608e-09 -8.65119e-10 0.000104248)
(-1.02357e-10 -2.4971e-09 9.01629e-05)
(3.44567e-09 6.14306e-09 4.91144e-05)
(-3.93746e-12 2.74858e-09 7.45765e-05)
(8.47457e-10 -1.29215e-09 0.000105091)
(-2.44323e-10 5.91029e-12 0.000109578)
(9.2419e-10 -4.1138e-10 0.000110137)
(3.85703e-10 -1.03202e-09 0.000110211)
(6.45105e-10 -1.27154e-09 0.000110211)
(-1.901e-10 -1.53186e-09 0.000110137)
(1.70539e-10 -8.82253e-10 0.000109578)
(-5.64805e-10 -1.24257e-09 0.000105092)
(9.94392e-10 3.90989e-09 7.45768e-05)
(1.1272e-09 2.31879e-09 8.61137e-05)
(1.8231e-09 -3.64895e-10 0.000108471)
(5.20576e-10 -1.54128e-10 0.000110154)
(7.79793e-10 -8.03525e-10 0.000110252)
(3.26903e-10 -4.1983e-10 0.000110258)
(-1.29319e-10 6.2926e-11 0.000110258)
(-1.07399e-09 -1.04644e-09 0.000110252)
(-9.48394e-10 -1.00536e-09 0.000110154)
(-1.55455e-09 -2.79924e-10 0.000108471)
(-1.02888e-09 2.81924e-09 8.61137e-05)
(9.3317e-10 -6.18414e-10 9.01085e-05)
(4.97419e-10 6.98925e-11 0.000109181)
(-4.23213e-11 5.47206e-10 0.000110221)
(1.08929e-10 1.40537e-11 0.000110258)
(6.29867e-11 3.37873e-10 0.000110259)
(2.71664e-10 3.36899e-10 0.000110259)
(-4.57274e-10 -4.8516e-10 0.000110258)
(-1.71858e-10 -1.22449e-10 0.000110221)
(-1.16311e-09 -3.12106e-10 0.00010918)
(-1.34211e-09 -7.69098e-10 9.01086e-05)
(3.59041e-10 9.82872e-10 9.01085e-05)
(1.76492e-10 1.98095e-10 0.000109181)
(-4.2284e-10 1.44993e-10 0.000110221)
(-3.97074e-10 -7.86407e-11 0.000110258)
(-2.10811e-10 2.44603e-10 0.000110259)
(1.04014e-10 -5.00434e-10 0.000110259)
(-3.88688e-10 -6.61028e-10 0.000110258)
(-5.04188e-10 -6.13222e-10 0.00011022)
(-6.94838e-10 6.99117e-11 0.000109181)
(-8.64351e-10 5.77527e-10 9.01088e-05)
(1.43754e-09 -1.64321e-09 8.61135e-05)
(7.94433e-10 -1.44759e-10 0.000108471)
(6.43349e-11 5.50337e-10 0.000110155)
(9.33476e-10 6.98496e-10 0.000110252)
(-1.77444e-10 3.18919e-10 0.000110258)
(1.55937e-10 2.61551e-10 0.000110258)
(-8.99141e-10 1.4622e-10 0.000110252)
(-1.26582e-09 3.99239e-10 0.000110154)
(-1.46209e-09 4.70145e-10 0.000108471)
(-9.50947e-10 -1.98567e-09 8.61136e-05)
(1.61705e-09 -2.54523e-09 7.45768e-05)
(1.35985e-09 9.24909e-10 0.000105092)
(-1.15699e-09 1.98964e-10 0.000109578)
(4.47113e-10 8.31847e-11 0.000110137)
(1.21667e-10 8.52367e-10 0.000110211)
(4.17325e-10 8.09017e-10 0.000110211)
(-1.58292e-10 4.57709e-10 0.000110137)
(7.87458e-10 6.39835e-11 0.000109578)
(-1.27882e-09 1.36685e-09 0.000105091)
(-2.05317e-10 -3.59023e-09 7.45764e-05)
(-4.15305e-09 -7.55345e-09 4.91147e-05)
(1.83409e-09 4.17065e-09 9.01631e-05)
(1.2264e-10 -8.07604e-11 0.000104249)
(9.89307e-10 -1.19112e-09 0.000108045)
(9.24999e-10 1.38683e-09 0.000108884)
(9.11107e-10 8.74397e-10 0.000108884)
(1.50137e-09 -9.62968e-10 0.000108045)
(1.1305e-09 1.23214e-09 0.000104248)
(-1.69371e-09 4.37597e-09 9.01625e-05)
(4.32558e-09 -8.24248e-09 4.91145e-05)
(-1.39622e-08 -1.07783e-08 1.90951e-05)
(-3.22048e-09 1.87766e-09 4.60047e-05)
(7.10422e-11 2.80289e-10 7.0355e-05)
(-1.90713e-09 -5.82336e-10 8.27216e-05)
(-4.08389e-11 1.24103e-09 8.68808e-05)
(-4.71765e-12 1.00723e-09 8.68809e-05)
(1.91281e-09 -7.86226e-10 8.27217e-05)
(-5.77102e-10 1.87357e-09 7.03548e-05)
(5.15812e-09 1.38622e-09 4.60045e-05)
(1.63344e-08 -1.21253e-08 1.90948e-05)
(-1.93865e-08 1.44241e-08 1.90953e-05)
(-4.19388e-09 -2.26927e-09 4.60049e-05)
(-3.44011e-10 -2.90006e-11 7.0355e-05)
(-3.25699e-09 5.63233e-10 8.27208e-05)
(-7.08335e-10 -2.32359e-10 8.68798e-05)
(-4.81212e-11 -2.74784e-10 8.688e-05)
(1.33701e-09 9.74706e-12 8.2721e-05)
(3.7913e-11 -3.96317e-10 7.03543e-05)
(2.50247e-09 -2.26577e-09 4.60043e-05)
(1.4973e-08 1.22853e-08 1.90949e-05)
(-4.21925e-09 7.71695e-09 4.91135e-05)
(-3.31428e-10 -2.46603e-09 9.01627e-05)
(-9.31718e-10 -9.12011e-10 0.000104249)
(4.94946e-10 -5.22452e-10 0.000108045)
(-1.55369e-11 -1.24432e-09 0.000108883)
(3.96013e-10 -1.25955e-09 0.000108884)
(1.09146e-09 -3.24221e-10 0.000108045)
(1.86554e-09 -1.70305e-10 0.000104248)
(-8.18368e-10 -2.8319e-09 9.0163e-05)
(5.42088e-09 9.82024e-09 4.9114e-05)
(1.2815e-09 2.96347e-09 7.45769e-05)
(1.85034e-09 -1.18247e-09 0.000105091)
(-7.53852e-10 -2.99764e-10 0.000109578)
(5.96556e-10 -8.68699e-10 0.000110137)
(5.79592e-10 -1.08296e-09 0.000110211)
(4.54788e-10 -1.45584e-09 0.000110211)
(-6.61727e-12 -1.03355e-09 0.000110137)
(9.71677e-10 -5.30933e-10 0.000109578)
(-3.45867e-10 -7.00086e-10 0.000105092)
(1.3124e-09 5.24951e-09 7.45769e-05)
(1.08589e-09 2.64325e-09 8.61136e-05)
(2.4838e-09 -6.57697e-10 0.00010847)
(8.87235e-10 6.04767e-11 0.000110155)
(6.6178e-10 5.97348e-11 0.000110252)
(6.04125e-10 -7.29502e-10 0.000110258)
(2.42894e-10 -6.76776e-10 0.000110258)
(-6.30055e-10 -7.05065e-10 0.000110252)
(-1.22868e-09 -6.90093e-10 0.000110155)
(-2.27187e-09 -1.15928e-09 0.000108471)
(-8.59049e-10 3.3177e-09 8.61144e-05)
(2.27209e-10 1.00524e-11 9.01088e-05)
(3.20562e-10 6.10003e-10 0.00010918)
(5.84526e-11 5.52019e-10 0.000110221)
(-1.83034e-10 5.87445e-10 0.000110258)
(4.60234e-10 3.8557e-12 0.000110259)
(1.12146e-10 -1.80546e-10 0.000110259)
(-2.42751e-10 -1.38118e-10 0.000110258)
(4.33968e-10 6.9903e-11 0.000110221)
(-6.53343e-10 -5.11192e-10 0.000109181)
(-7.0555e-10 7.10483e-11 9.01093e-05)
(2.52407e-10 6.52015e-10 9.01086e-05)
(5.19397e-10 1.20892e-10 0.000109181)
(-1.34076e-10 7.2767e-11 0.000110221)
(4.71684e-11 3.27203e-10 0.000110258)
(3.4445e-10 2.24957e-10 0.000110259)
(1.10429e-10 -4.09361e-10 0.000110259)
(1.95334e-10 -8.48614e-10 0.000110258)
(-2.09024e-10 -1.15459e-09 0.000110221)
(-1.13133e-09 -2.05365e-10 0.000109181)
(-9.25175e-10 5.61273e-10 9.01089e-05)
(1.80827e-09 -1.82595e-09 8.61133e-05)
(1.78334e-09 1.66769e-10 0.000108471)
(9.63747e-10 9.52802e-10 0.000110155)
(7.96121e-10 4.74646e-10 0.000110253)
(-7.13653e-10 2.71551e-10 0.000110258)
(-9.21405e-11 2.49537e-10 0.000110258)
(-9.57875e-10 -8.44151e-11 0.000110252)
(-5.94728e-10 2.6864e-10 0.000110155)
(-9.97374e-10 -8.14929e-10 0.000108471)
(-1.28755e-09 -2.07429e-09 8.61139e-05)
(1.10101e-09 -2.56831e-09 7.45774e-05)
(1.18921e-09 1.74113e-09 0.000105092)
(-1.05183e-09 1.17578e-09 0.000109578)
(1.16943e-10 -1.13938e-10 0.000110137)
(-2.91553e-10 4.2018e-10 0.000110211)
(1.26836e-10 7.28538e-10 0.000110211)
(-1.16694e-10 2.64807e-10 0.000110137)
(1.24273e-09 -7.84587e-11 0.000109577)
(-6.49905e-10 1.77587e-11 0.000105092)
(-2.02677e-10 -3.9063e-09 7.45767e-05)
(-4.59785e-09 -8.39657e-09 4.91148e-05)
(2.23502e-09 3.81748e-09 9.01635e-05)
(1.34685e-09 2.20691e-09 0.000104249)
(3.57024e-10 -6.89862e-10 0.000108045)
(-2.00606e-10 2.78359e-10 0.000108884)
(6.47785e-10 5.7621e-10 0.000108884)
(9.45635e-10 -9.86473e-10 0.000108045)
(3.74254e-10 8.92697e-10 0.000104248)
(-2.01726e-09 3.37146e-09 9.01626e-05)
(4.22825e-09 -8.61958e-09 4.91144e-05)
(-1.64576e-08 -1.26608e-08 1.90954e-05)
(-4.07153e-09 8.66959e-10 4.60045e-05)
(1.19262e-09 1.92292e-09 7.03549e-05)
(-1.61675e-09 5.58022e-11 8.27211e-05)
(-4.01346e-10 3.41249e-10 8.68803e-05)
(-8.16259e-10 5.54327e-10 8.68801e-05)
(1.48692e-09 -3.99092e-10 8.27206e-05)
(-8.27484e-10 1.97897e-09 7.0354e-05)
(3.71368e-09 1.45364e-09 4.60036e-05)
(1.32089e-08 -1.03721e-08 1.90947e-05)
(-7.84185e-09 5.3971e-09 1.90951e-05)
(-6.40943e-10 -3.57525e-09 4.60044e-05)
(5.53693e-09 -4.81716e-09 7.03546e-05)
(3.42684e-09 1.21032e-09 8.27209e-05)
(1.58874e-09 1.70079e-09 8.68807e-05)
(-1.22317e-10 2.09509e-09 8.68801e-05)
(-2.89997e-09 1.34972e-09 8.27207e-05)
(-5.32281e-09 -3.64796e-09 7.03538e-05)
(-5.21875e-10 -4.25401e-09 4.60037e-05)
(8.04022e-09 6.39687e-09 1.90949e-05)
(-5.60551e-09 8.62437e-09 4.91144e-05)
(-2.81062e-09 -9.68161e-10 9.01637e-05)
(-2.42115e-09 -6.50275e-09 0.000104249)
(-2.34483e-09 6.53367e-10 0.000108045)
(-2.04487e-10 5.13835e-10 0.000108883)
(9.89848e-10 1.04747e-09 0.000108883)
(9.70621e-10 9.06706e-10 0.000108044)
(2.26898e-09 -3.39514e-09 0.000104248)
(1.31992e-09 -2.36499e-09 9.0163e-05)
(3.15643e-09 6.31867e-09 4.91144e-05)
(3.51563e-09 1.58624e-09 7.45765e-05)
(4.96689e-09 8.06545e-10 0.000105092)
(2.93899e-09 -3.71741e-09 0.000109578)
(8.56511e-10 -7.81131e-10 0.000110137)
(2.33855e-10 -8.24911e-10 0.000110211)
(5.78318e-10 -4.84892e-10 0.000110211)
(-7.63101e-10 -1.00394e-09 0.000110137)
(-5.29067e-10 -2.76741e-09 0.000109578)
(-1.66088e-09 8.68933e-10 0.000105092)
(-2.13552e-09 5.91444e-10 7.45769e-05)
(1.3117e-09 -2.31063e-09 8.61135e-05)
(2.40136e-09 9.9145e-11 0.000108471)
(1.31786e-09 8.17201e-11 0.000110154)
(-4.10098e-10 1.06399e-09 0.000110252)
(4.09148e-10 -2.0738e-10 0.000110258)
(-8.72823e-11 -4.11839e-11 0.000110257)
(-2.72159e-10 3.09813e-11 0.000110252)
(-1.52329e-09 -1.32466e-09 0.000110155)
(-2.39179e-09 2.9664e-10 0.000108471)
(-7.16169e-10 -3.14029e-10 8.61141e-05)
(-5.01423e-11 -3.87886e-10 9.01082e-05)
(5.84406e-10 4.4309e-10 0.00010918)
(4.82255e-10 1.83453e-10 0.00011022)
(4.71558e-11 7.8939e-10 0.000110258)
(1.78923e-10 -1.62945e-10 0.000110259)
(-1.51698e-10 -4.31535e-10 0.000110259)
(3.15397e-12 4.44336e-10 0.000110258)
(-7.71193e-11 -5.66248e-10 0.00011022)
(-3.02103e-10 -3.47454e-10 0.000109181)
(-1.99932e-10 -6.26299e-10 9.01088e-05)
(2.12439e-10 -1.39678e-09 9.01083e-05)
(6.44578e-10 -3.67303e-10 0.000109181)
(5.5577e-10 -1.25217e-10 0.00011022)
(1.63739e-10 4.71429e-10 0.000110257)
(-3.56253e-10 1.25914e-10 0.000110259)
(-3.69305e-10 1.67109e-10 0.000110259)
(-1.8271e-10 -5.11052e-11 0.000110258)
(-1.38151e-10 -1.2724e-09 0.00011022)
(-1.58236e-10 -4.40535e-10 0.00010918)
(-1.14457e-10 3.77997e-10 9.01086e-05)
(1.13468e-09 -8.13807e-10 8.61134e-05)
(6.43401e-10 -2.93837e-10 0.000108471)
(-4.81273e-10 3.34421e-10 0.000110154)
(-1.67485e-10 5.80023e-10 0.000110252)
(-4.58011e-10 -4.48015e-10 0.000110257)
(-1.60006e-10 1.1922e-10 0.000110258)
(-7.5833e-10 9.33429e-10 0.000110252)
(-8.47429e-10 9.42536e-11 0.000110155)
(-1.64266e-09 6.37032e-10 0.000108471)
(-1.35969e-09 3.77169e-10 8.61139e-05)
(2.30381e-09 -4.72412e-09 7.45765e-05)
(3.90047e-09 3.38478e-09 0.000105091)
(7.25099e-10 1.03189e-09 0.000109578)
(1.87945e-09 1.3166e-09 0.000110137)
(-1.80118e-10 2.75528e-10 0.000110211)
(3.84062e-10 4.06687e-10 0.000110211)
(-1.42763e-09 1.56298e-09 0.000110137)
(1.10097e-09 -5.6006e-12 0.000109578)
(-5.93311e-10 1.71495e-09 0.000105092)
(-2.41083e-09 -1.09145e-09 7.45766e-05)
(-8.70503e-09 -1.09535e-08 4.91145e-05)
(-1.25262e-09 6.60988e-09 9.01636e-05)
(-3.42934e-09 4.57598e-10 0.000104248)
(-1.69371e-09 4.44452e-10 0.000108045)
(-4.86044e-10 -2.70957e-11 0.000108884)
(2.44847e-10 -4.34332e-10 0.000108884)
(7.2607e-10 -1.82956e-10 0.000108045)
(2.4855e-09 -1.95742e-09 0.000104248)
(-2.6792e-09 6.94267e-09 9.01631e-05)
(6.29135e-10 -2.41978e-09 4.91142e-05)
(-1.09176e-08 -7.34591e-09 1.90951e-05)
(1.32475e-09 5.39703e-09 4.60046e-05)
(4.15518e-09 1.0552e-09 7.03544e-05)
(1.25226e-09 5.61155e-14 8.27214e-05)
(1.36266e-09 -1.01613e-09 8.68803e-05)
(-7.37427e-10 -1.00464e-09 8.68804e-05)
(3.36492e-10 -5.69323e-10 8.27212e-05)
(-4.44848e-09 -6.79e-11 7.03542e-05)
(-6.27154e-09 7.44146e-09 4.60042e-05)
(4.2085e-09 -2.97616e-09 1.90948e-05)
(-7.60941e-09 4.86796e-09 1.90949e-05)
(1.33694e-09 -4.4962e-09 4.6004e-05)
(-1.74297e-09 3.09179e-09 7.03548e-05)
(-3.67321e-09 8.04918e-10 8.2722e-05)
(-8.2187e-10 -9.82702e-10 8.68813e-05)
(-1.99811e-09 -6.03491e-10 8.68811e-05)
(9.85134e-10 3.00453e-10 8.27216e-05)
(-1.89736e-09 5.8071e-10 7.03549e-05)
(-3.75142e-09 -5.72477e-09 4.60038e-05)
(5.84415e-09 3.3768e-09 1.90949e-05)
(-3.34241e-09 6.28868e-09 4.91154e-05)
(-1.74536e-09 -2.53338e-09 9.01628e-05)
(-1.33312e-09 3.47196e-10 0.000104248)
(1.97592e-09 5.12371e-10 0.000108044)
(-1.71522e-10 -1.48481e-09 0.000108884)
(8.76043e-10 -2.08171e-10 0.000108884)
(-4.24452e-10 5.44203e-10 0.000108045)
(1.37464e-09 2.33789e-10 0.000104248)
(-1.28634e-09 -3.47571e-09 9.01625e-05)
(-3.30671e-09 -4.72389e-10 4.91149e-05)
(-1.09926e-09 4.74002e-09 7.45768e-05)
(-9.20701e-10 5.03276e-10 0.000105092)
(-4.35764e-10 -2.41718e-09 0.000109577)
(4.17675e-10 -1.19641e-09 0.000110137)
(-4.35869e-10 -7.05403e-10 0.000110211)
(2.03901e-10 -4.08996e-10 0.000110211)
(-1.15768e-10 -1.20684e-09 0.000110137)
(1.99844e-09 -1.28121e-09 0.000109577)
(2.13145e-09 7.08183e-10 0.000105091)
(2.43496e-10 1.15388e-09 7.45767e-05)
(8.47701e-10 2.27772e-09 8.6114e-05)
(2.60796e-09 -2.60949e-10 0.000108471)
(1.14077e-09 -1.20839e-09 0.000110154)
(3.85825e-10 -1.18222e-09 0.000110252)
(4.03797e-10 -4.64834e-10 0.000110257)
(-3.79636e-10 -6.30365e-10 0.000110257)
(-3.6403e-10 -1.15309e-09 0.000110252)
(-5.24017e-10 -6.70995e-10 0.000110154)
(-1.11756e-09 -9.20355e-10 0.000108471)
(-1.14075e-10 1.79526e-09 8.6113e-05)
(2.45974e-10 -2.01806e-10 9.01082e-05)
(8.51994e-10 -2.10476e-10 0.000109181)
(3.89534e-10 1.98742e-10 0.00011022)
(3.26936e-11 -8.20888e-11 0.000110257)
(-9.24905e-11 1.8756e-10 0.000110259)
(4.61971e-10 6.39396e-11 0.000110259)
(5.93006e-10 -2.65021e-10 0.000110258)
(-1.85596e-10 1.11602e-10 0.00011022)
(-5.99966e-10 -7.35559e-10 0.00010918)
(-4.264e-10 -3.85427e-10 9.01078e-05)
(-2.03713e-11 1.95578e-10 9.01086e-05)
(8.59819e-10 -3.29522e-10 0.000109181)
(5.81593e-10 4.39253e-10 0.00011022)
(3.05949e-11 -1.81939e-10 0.000110258)
(4.22774e-11 -5.68059e-11 0.000110259)
(-1.08249e-10 1.57905e-10 0.000110259)
(2.56543e-10 -3.64238e-10 0.000110258)
(-4.89947e-10 2.04216e-10 0.00011022)
(-5.56153e-10 -3.89621e-10 0.00010918)
(7.1333e-12 5.22323e-10 9.01081e-05)
(9.30585e-10 -1.49494e-09 8.61144e-05)
(2.40022e-09 -8.13051e-10 0.000108471)
(1.56146e-09 1.01276e-09 0.000110154)
(-9.31962e-11 2.12175e-12 0.000110252)
(-4.36351e-10 1.7261e-10 0.000110257)
(-3.27744e-10 5.27891e-10 0.000110257)
(-2.77578e-10 9.37439e-10 0.000110252)
(-1.68302e-09 1.72162e-09 0.000110154)
(-1.47246e-09 -1.12992e-09 0.000108471)
(4.19356e-11 -7.24702e-10 8.61131e-05)
(4.93882e-10 -3.30202e-09 7.45761e-05)
(2.21696e-10 -2.1643e-09 0.000105091)
(5.20528e-10 3.74879e-09 0.000109578)
(7.38201e-10 6.27373e-10 0.000110137)
(9.01181e-11 5.66353e-10 0.000110211)
(6.53795e-10 6.32877e-10 0.000110211)
(5.00295e-10 1.20481e-09 0.000110137)
(7.75732e-10 2.839e-09 0.000109578)
(7.70865e-10 -3.33855e-09 0.000105091)
(-1.09053e-09 -4.16715e-10 7.45761e-05)
(-3.57066e-09 -7.23299e-09 4.91139e-05)
(-2.92661e-09 -1.35151e-09 9.01621e-05)
(-6.54004e-10 3.12359e-09 0.000104248)
(9.32033e-10 -9.84604e-11 0.000108045)
(1.25631e-10 7.30488e-10 0.000108884)
(5.62034e-10 4.65212e-10 0.000108884)
(-5.80607e-10 4.40925e-10 0.000108045)
(9.47282e-10 3.22726e-09 0.000104249)
(1.5509e-09 -9.05087e-10 9.01624e-05)
(1.32278e-10 -3.32623e-09 4.91141e-05)
(-1.04078e-08 -8.23537e-09 1.90943e-05)
(-5.62407e-09 -1.06185e-09 4.60041e-05)
(-2.55699e-09 -6.94e-10 7.03543e-05)
(-3.45283e-09 -1.13754e-09 8.27216e-05)
(-1.44021e-09 6.84041e-10 8.68806e-05)
(-3.93214e-10 2.81615e-10 8.68808e-05)
(-4.46619e-10 3.12492e-10 8.27217e-05)
(5.42927e-11 1.26644e-09 7.0355e-05)
(3.48606e-09 5.05976e-10 4.60045e-05)
(8.83924e-09 -6.84344e-09 1.90947e-05)
(-9.05451e-09 6.81854e-09 1.90951e-05)
(2.37558e-09 -4.53142e-09 4.60047e-05)
(1.70194e-09 -4.95837e-10 7.03554e-05)
(-3.59612e-10 2.96228e-10 8.27216e-05)
(1.71555e-09 -7.0043e-10 8.68806e-05)
(8.11841e-10 -6.76261e-10 8.68809e-05)
(4.51436e-09 1.74475e-09 8.27214e-05)
(1.80999e-09 1.82349e-09 7.03551e-05)
(1.85081e-09 -3.62623e-10 4.60041e-05)
(8.813e-09 6.75661e-09 1.90947e-05)
(8.56049e-10 2.02497e-09 4.91153e-05)
(2.13374e-09 -3.57684e-09 9.0163e-05)
(-1.15702e-09 -3.02737e-10 0.000104249)
(-4.74462e-10 2.63731e-10 0.000108045)
(-2.44547e-10 -1.15119e-09 0.000108884)
(3.50655e-10 -1.02983e-09 0.000108884)
(5.27139e-10 7.33568e-10 0.000108045)
(1.86535e-09 5.78891e-10 0.000104249)
(1.36268e-09 -8.49961e-10 9.01621e-05)
(4.5372e-09 6.54917e-09 4.91138e-05)
(2.31548e-09 -5.76819e-10 7.45772e-05)
(1.72601e-09 -7.73166e-10 0.000105092)
(-3.42612e-11 7.18234e-11 0.000109578)
(8.36856e-10 -6.29319e-10 0.000110137)
(1.26992e-10 -7.19313e-10 0.000110211)
(4.38179e-10 -1.17947e-09 0.000110211)
(-5.48202e-10 -5.61775e-10 0.000110137)
(3.14641e-10 -1.77991e-10 0.000109577)
(-1.42282e-09 -9.43903e-10 0.000105091)
(-9.0514e-10 3.20667e-09 7.45757e-05)
(3.49621e-10 2.63858e-10 8.61137e-05)
(3.41267e-10 -3.91355e-10 0.000108471)
(4.35651e-10 4.99562e-10 0.000110154)
(9.09622e-10 -5.06422e-10 0.000110253)
(2.38325e-10 -1.18132e-11 0.000110257)
(-1.32079e-10 -3.69028e-10 0.000110257)
(-7.71441e-10 -2.81842e-10 0.000110252)
(-1.16294e-09 2.56412e-10 0.000110154)
(-1.75818e-09 -8.13183e-10 0.000108471)
(-7.97258e-10 1.31685e-09 8.61132e-05)
(3.71689e-10 3.08838e-10 9.01084e-05)
(1.64817e-10 -4.03611e-10 0.000109181)
(-1.56803e-10 7.70958e-10 0.00011022)
(4.56518e-10 -1.74306e-10 0.000110258)
(1.83689e-10 4.19815e-10 0.000110259)
(-2.34837e-10 2.53873e-10 0.000110259)
(-6.59028e-10 -8.36087e-11 0.000110258)
(-2.46191e-10 1.35074e-10 0.00011022)
(-5.02715e-10 -6.26502e-10 0.000109181)
(-7.92389e-10 -2.97659e-10 9.01083e-05)
(4.15625e-10 7.39688e-10 9.01083e-05)
(5.46135e-10 2.28695e-10 0.000109181)
(1.54462e-10 8.60315e-10 0.00011022)
(3.41065e-11 -2.865e-10 0.000110258)
(5.30738e-11 -1.96582e-10 0.000110259)
(1.67708e-10 -3.75322e-10 0.000110259)
(-4.36769e-11 -1.90703e-10 0.000110258)
(-7.42163e-10 2.32589e-10 0.00011022)
(-1.28504e-09 -1.79942e-10 0.000109181)
(-8.15334e-10 -2.37107e-10 9.01081e-05)
(8.5421e-10 3.43489e-10 8.61139e-05)
(1.23409e-09 8.84819e-10 0.000108471)
(1.05556e-09 1.03607e-09 0.000110154)
(7.38446e-10 -3.60944e-11 0.000110252)
(3.01728e-10 -5.77939e-11 0.000110257)
(3.84881e-10 8.75478e-13 0.000110258)
(-5.05995e-10 7.62438e-11 0.000110252)
(-1.09752e-09 8.68159e-10 0.000110154)
(-1.26464e-09 -6.69165e-10 0.000108471)
(-4.57006e-10 -2.64246e-09 8.6113e-05)
(3.72951e-09 7.9955e-10 7.45768e-05)
(2.48938e-09 2.59307e-09 0.000105092)
(-1.31335e-09 1.55552e-10 0.000109578)
(6.34286e-11 -5.15902e-11 0.000110137)
(-1.41756e-10 5.15447e-10 0.000110211)
(4.18957e-10 3.79535e-10 0.000110211)
(2.10153e-10 6.43301e-10 0.000110137)
(1.02092e-09 4.95981e-10 0.000109578)
(-1.19845e-09 1.11302e-09 0.000105092)
(-6.63055e-11 -4.05125e-09 7.45763e-05)
(-2.05877e-09 -4.77201e-09 4.91144e-05)
(2.61253e-09 6.59586e-09 9.01624e-05)
(-1.81595e-09 1.28784e-09 0.000104248)
(-2.0542e-09 -1.92152e-09 0.000108045)
(-8.76483e-10 2.1996e-10 0.000108884)
(2.50664e-11 1.43925e-10 0.000108884)
(5.61309e-10 -4.14879e-10 0.000108045)
(8.01342e-10 1.14118e-09 0.000104249)
(-2.31109e-09 5.01613e-09 9.01626e-05)
(3.34045e-09 -6.83581e-09 4.91144e-05)
(-7.47211e-09 -5.81641e-09 1.90946e-05)
(2.36666e-09 5.43156e-09 4.60043e-05)
(4.98918e-09 2.56619e-09 7.03549e-05)
(4.07785e-10 -1.2828e-09 8.27213e-05)
(-3.7096e-10 -6.06909e-11 8.68804e-05)
(-1.65123e-10 1.13511e-11 8.68807e-05)
(1.26003e-09 -8.7911e-10 8.27215e-05)
(-1.81639e-09 1.35855e-09 7.03551e-05)
(1.21258e-09 2.73773e-09 4.60044e-05)
(9.65226e-09 -7.26916e-09 1.90949e-05)
(-8.99985e-09 6.29457e-09 1.90947e-05)
(5.05814e-09 -7.01583e-09 4.60043e-05)
(4.75984e-10 3.53404e-09 7.03549e-05)
(-3.67139e-09 1.39707e-09 8.27218e-05)
(5.78327e-10 -4.51156e-10 8.68807e-05)
(-1.15939e-09 -7.51499e-10 8.68808e-05)
(3.23639e-09 7.64679e-10 8.27212e-05)
(-4.61401e-10 2.56073e-09 7.03548e-05)
(-4.50331e-09 -6.18068e-09 4.60048e-05)
(7.85906e-09 5.4919e-09 1.90952e-05)
(-9.25383e-10 3.18862e-09 4.91142e-05)
(2.0064e-09 -6.79609e-09 9.01622e-05)
(-1.97254e-09 3.31474e-09 0.000104248)
(9.65772e-10 2.11904e-10 0.000108045)
(4.31649e-10 -9.45436e-10 0.000108884)
(1.08143e-09 -1.32691e-09 0.000108884)
(1.52284e-09 8.24355e-11 0.000108045)
(3.90658e-09 3.87268e-09 0.000104248)
(-8.14984e-10 -5.48538e-09 9.01625e-05)
(2.38378e-09 4.07716e-09 4.91144e-05)
(-3.12691e-10 3.29691e-09 7.45766e-05)
(-1.23047e-09 -1.91487e-09 0.000105092)
(-2.64231e-09 1.20821e-09 0.000109578)
(9.58667e-10 -1.9603e-09 0.000110137)
(2.46584e-10 -5.11272e-10 0.000110211)
(4.42062e-10 -9.45536e-10 0.000110211)
(-7.0512e-10 -1.46812e-09 0.000110137)
(1.87269e-09 2.69179e-09 0.000109578)
(-2.71628e-10 -1.98502e-09 0.000105092)
(-9.18187e-10 2.08254e-09 7.45763e-05)
(1.66389e-09 2.08263e-09 8.61131e-05)
(1.47893e-09 -1.35153e-09 0.000108471)
(7.53474e-10 2.46563e-10 0.000110155)
(1.48789e-09 -9.61706e-10 0.000110253)
(3.19725e-11 2.58881e-12 0.000110258)
(3.06552e-10 4.14352e-12 0.000110258)
(-1.33975e-09 -5.52965e-10 0.000110252)
(-4.98668e-10 1.54126e-09 0.000110155)
(-1.46044e-09 -1.3881e-09 0.000108471)
(-1.86848e-09 6.76264e-10 8.61134e-05)
(1.00065e-09 -7.99749e-10 9.01084e-05)
(2.9445e-10 -6.32227e-10 0.000109181)
(-3.02882e-10 3.73757e-10 0.00011022)
(6.03805e-11 -1.6407e-10 0.000110258)
(-4.56566e-10 2.71956e-10 0.000110259)
(1.76538e-10 6.37104e-10 0.000110259)
(-5.09198e-10 2.20713e-10 0.000110258)
(-2.59528e-10 8.42406e-10 0.000110221)
(-5.60616e-10 -7.11393e-10 0.000109181)
(-1.08472e-09 -2.87471e-10 9.01085e-05)
(8.74495e-10 -2.61037e-10 9.01082e-05)
(9.93263e-10 2.98726e-10 0.00010918)
(-6.11708e-11 6.10041e-10 0.00011022)
(5.18919e-11 4.70456e-11 0.000110257)
(1.131e-10 -3.84625e-10 0.000110259)
(-1.3462e-10 4.05649e-10 0.000110259)
(-6.77711e-10 -3.37722e-10 0.000110258)
(1.16167e-11 4.16937e-10 0.000110221)
(-5.81092e-10 -1.58621e-10 0.000109181)
(-1.14475e-09 -1.00156e-09 9.01086e-05)
(1.01514e-09 -2.89536e-09 8.61137e-05)
(2.39561e-09 6.31257e-10 0.000108471)
(1.1296e-09 3.65325e-10 0.000110154)
(2.88514e-10 2.50432e-11 0.000110252)
(3.74009e-10 2.51307e-10 0.000110258)
(4.13662e-10 3.74478e-10 0.000110258)
(-5.35897e-10 5.7608e-10 0.000110252)
(-9.50898e-10 8.03706e-10 0.000110154)
(-1.75602e-09 6.87941e-10 0.000108471)
(-2.58429e-10 -3.50103e-09 8.6114e-05)
(-1.04487e-09 -4.98508e-09 7.45767e-05)
(1.1213e-09 -7.80093e-10 0.000105092)
(2.19808e-10 1.26212e-09 0.000109578)
(2.21347e-10 -1.88408e-11 0.000110137)
(4.68243e-10 9.03506e-10 0.000110211)
(1.69506e-10 9.15006e-10 0.000110211)
(4.61348e-10 1.01955e-09 0.000110137)
(6.39158e-10 2.3561e-09 0.000109578)
(6.00614e-10 -5.72641e-10 0.000105092)
(2.08232e-09 -4.91773e-09 7.45771e-05)
(-3.54298e-09 -6.56211e-09 4.91146e-05)
(-1.03008e-09 3.39474e-10 9.01624e-05)
(1.83432e-10 1.11421e-09 0.000104248)
(6.21199e-10 -5.83175e-10 0.000108045)
(5.68936e-10 9.79244e-10 0.000108884)
(7.93314e-10 1.03668e-09 0.000108884)
(4.03645e-10 -1.59997e-10 0.000108045)
(1.08902e-09 2.11923e-09 0.000104249)
(1.46271e-09 4.74128e-10 9.0163e-05)
(4.0949e-09 -6.45898e-09 4.91146e-05)
(-9.36342e-09 -7.09395e-09 1.90949e-05)
(-2.68679e-09 1.00237e-09 4.60045e-05)
(-2.29906e-09 -1.00203e-09 7.03551e-05)
(-3.77589e-09 -1.23437e-09 8.27215e-05)
(-7.68592e-10 6.47472e-10 8.68805e-05)
(-7.13297e-11 3.98538e-10 8.68808e-05)
(9.15011e-10 -1.74032e-10 8.27218e-05)
(7.16097e-10 2.28338e-11 7.03555e-05)
(1.35916e-09 1.6944e-09 4.60047e-05)
(7.38736e-09 -5.87598e-09 1.90952e-05)
(-1.7172e-08 1.31343e-08 1.9095e-05)
(-4.34401e-09 -1.08196e-09 4.60043e-05)
(-1.2129e-10 -3.32128e-10 7.03547e-05)
(-1.95831e-09 -2.5293e-10 8.27214e-05)
(4.25351e-10 4.57224e-11 8.68803e-05)
(-9.28289e-10 7.84733e-12 8.68805e-05)
(2.7554e-09 9.58432e-10 8.27216e-05)
(5.49275e-10 -3.95809e-12 7.03547e-05)
(2.30612e-10 -3.06097e-09 4.60047e-05)
(9.33229e-09 7.11977e-09 1.9095e-05)
(-3.93609e-09 8.52085e-09 4.91143e-05)
(-3.75533e-10 -1.38412e-09 9.01628e-05)
(-2.86461e-09 -9.35512e-10 0.000104248)
(-1.41482e-09 -1.34233e-09 0.000108045)
(-7.0242e-10 -1.21177e-09 0.000108884)
(8.48245e-10 -1.73223e-09 0.000108884)
(1.93165e-09 -9.75902e-10 0.000108045)
(4.61217e-09 1.78823e-10 0.000104248)
(3.15536e-09 -1.49844e-10 9.01634e-05)
(3.74311e-09 6.92189e-09 4.91154e-05)
(6.85234e-10 2.95287e-09 7.4576e-05)
(1.87961e-09 -9.126e-10 0.000105092)
(7.76462e-10 -1.02642e-09 0.000109578)
(1.467e-09 -1.35493e-09 0.000110137)
(3.65344e-10 -1.27569e-09 0.000110211)
(1.69581e-10 -1.97581e-09 0.000110211)
(-1.02928e-09 -2.0944e-09 0.000110137)
(-2.21305e-10 2.00547e-11 0.000109578)
(-3.30084e-10 1.24705e-09 0.000105092)
(1.17159e-09 5.28565e-09 7.45773e-05)
(4.242e-11 2.91763e-09 8.61131e-05)
(5.70525e-10 -9.03993e-10 0.00010847)
(7.76896e-10 -7.84967e-10 0.000110155)
(8.67141e-10 -6.81239e-10 0.000110252)
(1.98647e-11 -3.37573e-10 0.000110258)
(6.34887e-10 -3.2379e-10 0.000110258)
(-2.94706e-10 -4.49362e-10 0.000110252)
(-1.3934e-09 -4.6937e-10 0.000110155)
(-1.23796e-09 -3.45618e-10 0.000108471)
(4.00489e-10 3.81362e-09 8.61139e-05)
(1.16242e-09 3.87289e-10 9.01083e-05)
(1.07906e-09 -4.10094e-10 0.00010918)
(3.44925e-10 -4.93855e-10 0.000110221)
(3.2258e-10 -3.45524e-10 0.000110258)
(1.1488e-10 1.84767e-11 0.000110259)
(4.2918e-10 2.5793e-10 0.000110259)
(-8.21407e-11 -3.22138e-10 0.000110258)
(-3.6729e-10 -1.0872e-10 0.000110221)
(-1.04653e-09 1.07501e-10 0.00010918)
(-8.30193e-10 1.2028e-09 9.01086e-05)
(1.16607e-09 1.10421e-09 9.01086e-05)
(8.93165e-10 6.54579e-10 0.00010918)
(-3.60775e-11 8.65386e-13 0.00011022)
(2.87746e-10 2.58476e-10 0.000110258)
(6.34545e-11 -1.1659e-10 0.000110259)
(-9.28288e-11 -2.43725e-11 0.000110259)
(-3.26913e-10 -3.04313e-10 0.000110258)
(-1.4016e-10 5.40585e-11 0.000110221)
(-8.48166e-10 3.5694e-10 0.000109181)
(-9.33691e-10 2.19673e-10 9.01089e-05)
(-3.79355e-10 -4.82248e-10 8.61136e-05)
(1.28845e-10 6.71839e-10 0.000108471)
(7.90537e-10 5.13826e-10 0.000110155)
(5.89924e-10 4.08009e-10 0.000110252)
(2.79266e-10 -3.43767e-11 0.000110258)
(1.49708e-11 -7.52186e-11 0.000110258)
(-7.18489e-10 1.73986e-10 0.000110252)
(-8.96787e-10 3.90677e-10 0.000110154)
(-5.64726e-10 3.23438e-10 0.000108471)
(-1.83816e-10 -3.67799e-10 8.61142e-05)
(2.9528e-09 1.70831e-09 7.4576e-05)
(2.88849e-09 1.82648e-09 0.000105092)
(8.65012e-11 -1.30197e-09 0.000109578)
(1.00917e-09 7.70563e-11 0.000110138)
(2.37077e-10 6.16274e-10 0.000110211)
(-2.28236e-10 1.0829e-09 0.000110211)
(-7.31134e-10 1.04296e-09 0.000110137)
(4.00845e-10 -3.10888e-10 0.000109578)
(-2.9179e-09 1.57047e-09 0.000105092)
(-2.71462e-09 -1.11832e-09 7.45768e-05)
(-2.52196e-11 -4.10066e-09 4.91142e-05)
(3.93547e-09 4.26534e-09 9.01627e-05)
(-1.04817e-09 1.26285e-10 0.000104248)
(-1.04552e-09 -7.77698e-10 0.000108045)
(-1.72865e-10 6.09554e-10 0.000108884)
(2.69494e-10 1.17982e-09 0.000108884)
(2.00036e-09 -1.42279e-10 0.000108045)
(3.06898e-09 3.73838e-10 0.000104249)
(-2.36114e-09 5.01153e-09 9.0163e-05)
(3.5051e-09 -7.9932e-09 4.91147e-05)
(-1.09136e-08 -9.27721e-09 1.90952e-05)
(-2.36675e-09 1.3875e-09 4.60042e-05)
(1.75025e-09 2.09626e-09 7.03544e-05)
(-7.0941e-10 -4.1098e-10 8.27214e-05)
(-1.70051e-10 1.91269e-10 8.68809e-05)
(-3.17634e-11 1.48991e-10 8.68806e-05)
(1.47991e-09 -6.824e-10 8.27217e-05)
(-2.61375e-09 1.71119e-09 7.03552e-05)
(-3.50848e-10 4.40819e-09 4.60049e-05)
(1.33528e-08 -1.02605e-08 1.90952e-05)
(-1.23164e-08 8.71496e-09 1.90949e-05)
(1.29812e-09 -4.71022e-09 4.60043e-05)
(-3.42975e-12 1.65575e-09 7.03545e-05)
(-3.41751e-09 1.09182e-09 8.27212e-05)
(2.38045e-10 -3.38241e-10 8.68806e-05)
(-6.31089e-10 -3.8014e-10 8.68808e-05)
(1.45244e-09 7.81779e-10 8.27214e-05)
(-2.35495e-09 1.35128e-09 7.03546e-05)
(-6.73448e-09 -6.69983e-09 4.6004e-05)
(2.97415e-09 2.53245e-09 1.90949e-05)
(-4.88779e-09 7.44944e-09 4.91152e-05)
(-2.05034e-09 -2.45864e-09 9.01637e-05)
(-1.36965e-09 -4.2077e-10 0.000104248)
(1.29345e-09 2.86844e-10 0.000108045)
(3.82321e-10 -8.83171e-10 0.000108884)
(1.18714e-09 -6.65922e-10 0.000108884)
(-3.22862e-10 1.24347e-09 0.000108044)
(5.71946e-10 1.12521e-09 0.000104248)
(-2.21642e-09 -4.42732e-09 9.01627e-05)
(-2.81463e-09 -1.30133e-09 4.91145e-05)
(-1.19884e-09 5.51941e-09 7.45771e-05)
(-1.44961e-09 5.13233e-10 0.000105093)
(-2.35483e-09 -1.85892e-09 0.000109578)
(-5.99256e-10 -7.20124e-10 0.000110137)
(-4.49751e-10 -5.30088e-10 0.000110211)
(-2.7688e-10 -2.31551e-10 0.000110211)
(-7.74255e-10 -4.29189e-10 0.000110137)
(1.67239e-09 -8.23054e-10 0.000109578)
(2.082e-09 3.34024e-10 0.000105092)
(-2.13427e-10 -3.71854e-10 7.45768e-05)
(4.75171e-10 3.02109e-09 8.61143e-05)
(1.22435e-09 -4.28735e-10 0.000108471)
(4.60619e-10 -8.2646e-10 0.000110154)
(4.51259e-10 -7.72591e-10 0.000110252)
(6.66419e-11 -2.24592e-10 0.000110258)
(4.19315e-11 -5.06819e-10 0.000110258)
(-5.67058e-10 -5.65932e-10 0.000110252)
(-1.37477e-09 -7.03744e-10 0.000110154)
(-1.39294e-09 -8.99062e-10 0.000108471)
(-1.19495e-10 2.11734e-09 8.6114e-05)
(5.01467e-10 1.64382e-10 9.01087e-05)
(8.61665e-10 -6.37069e-11 0.000109181)
(3.15434e-10 4.77276e-11 0.00011022)
(7.2332e-10 -1.04167e-10 0.000110258)
(5.69746e-10 -1.67485e-10 0.000110259)
(2.55799e-10 -3.84048e-10 0.000110259)
(3.13387e-11 -2.78379e-10 0.000110258)
(-6.27379e-10 3.59228e-10 0.00011022)
(-1.15626e-09 -6.95827e-10 0.000109181)
(-7.06495e-10 -3.79894e-11 9.01087e-05)
(2.32939e-10 1.22984e-09 9.01088e-05)
(7.56599e-10 -3.37676e-10 0.000109181)
(7.63945e-10 3.23261e-10 0.000110221)
(-2.53702e-10 -1.66437e-10 0.000110258)
(-1.0917e-10 7.86126e-11 0.000110259)
(-3.46107e-10 8.93601e-12 0.000110259)
(-2.44332e-10 -9.27774e-10 0.000110258)
(-3.5021e-10 -2.58934e-10 0.000110221)
(-1.32753e-09 -8.54615e-10 0.000109181)
(-6.46535e-10 7.23462e-10 9.01087e-05)
(8.57158e-10 -1.48794e-09 8.61134e-05)
(2.40212e-09 -1.54892e-09 0.000108471)
(1.84633e-09 1.55294e-09 0.000110154)
(6.32228e-10 -3.72932e-10 0.000110252)
(4.82694e-10 9.66141e-10 0.000110258)
(-1.17716e-10 7.77128e-10 0.000110258)
(-3.20701e-10 8.72496e-11 0.000110252)
(-1.55842e-09 1.07619e-09 0.000110154)
(-1.23843e-09 -1.27998e-09 0.000108471)
(-1.15276e-10 -2.20201e-11 8.61137e-05)
(-1.11283e-09 -3.54808e-09 7.45764e-05)
(-1.46591e-09 -3.39099e-09 0.000105092)
(-5.80197e-10 3.32398e-09 0.000109578)
(-1.31307e-10 8.39734e-11 0.000110137)
(3.71049e-10 7.33821e-10 0.000110211)
(1.46567e-11 1.2128e-09 0.000110211)
(2.31304e-10 9.74037e-10 0.000110137)
(7.5353e-11 3.00584e-09 0.000109578)
(4.44223e-10 -4.15011e-09 0.000105092)
(-3.39617e-10 -1.08361e-09 7.45765e-05)
(-3.61629e-09 -5.74418e-09 4.91145e-05)
(-4.07394e-09 -1.72569e-09 9.01635e-05)
(-4.06969e-10 3.15618e-09 0.000104249)
(1.0584e-09 -4.20198e-10 0.000108045)
(-2.04954e-12 8.4451e-10 0.000108883)
(7.43617e-10 7.19348e-10 0.000108884)
(3.22875e-10 1.07297e-10 0.000108044)
(2.06976e-09 1.95692e-09 0.000104248)
(3.53013e-09 -2.92981e-09 9.01629e-05)
(1.59274e-09 -4.00008e-09 4.91148e-05)
(-7.89933e-09 -5.95379e-09 1.9095e-05)
(-4.55913e-09 -4.30056e-10 4.60042e-05)
(-1.38045e-09 1.29099e-10 7.03545e-05)
(-1.26619e-09 -4.73648e-10 8.27212e-05)
(-3.77344e-10 9.10756e-10 8.68808e-05)
(3.08754e-10 3.90012e-10 8.68806e-05)
(6.38498e-10 -3.09166e-10 8.27213e-05)
(1.93504e-09 1.92181e-10 7.03545e-05)
(2.79725e-09 6.79469e-10 4.60044e-05)
(3.64394e-09 -3.24299e-09 1.90952e-05)
(-7.01816e-09 5.18238e-09 1.90949e-05)
(5.31588e-09 -6.70996e-09 4.60046e-05)
(4.92154e-09 -8.39206e-10 7.03547e-05)
(1.11647e-09 6.25623e-10 8.27216e-05)
(1.52985e-09 -1.1516e-11 8.6881e-05)
(4.81064e-10 -5.29955e-10 8.68811e-05)
(3.75643e-09 9.97618e-10 8.27214e-05)
(1.00166e-09 5.34111e-10 7.03554e-05)
(1.0739e-09 -2.64172e-09 4.60049e-05)
(9.77972e-09 7.33804e-09 1.90955e-05)
(1.25963e-09 1.22995e-09 4.91147e-05)
(3.41561e-09 -6.10935e-09 9.01627e-05)
(-1.22921e-09 4.99106e-10 0.000104248)
(-7.86852e-10 1.34566e-09 0.000108045)
(-7.9065e-10 -2.97624e-10 0.000108884)
(-2.848e-10 -1.30185e-09 0.000108884)
(2.30264e-10 6.38863e-10 0.000108044)
(1.53863e-09 3.72598e-10 0.000104249)
(1.8329e-11 -3.25699e-09 9.01628e-05)
(5.13064e-09 7.55619e-09 4.91144e-05)
(3.91025e-09 -1.33383e-09 7.4577e-05)
(2.28222e-09 -1.85938e-09 0.000105092)
(-4.73576e-10 2.14865e-10 0.000109578)
(1.53865e-09 -1.29868e-10 0.000110137)
(7.02841e-10 -7.15716e-10 0.000110211)
(8.91638e-10 -9.51505e-10 0.000110211)
(-3.82033e-10 -7.5029e-10 0.000110137)
(4.74901e-10 4.71723e-10 0.000109578)
(-8.83256e-10 -1.43859e-09 0.000105092)
(-3.25636e-10 2.98928e-09 7.45763e-05)
(7.85719e-10 1.52092e-10 8.61141e-05)
(7.2986e-10 -9.87342e-10 0.000108471)
(9.11812e-10 2.81576e-10 0.000110154)
(9.40545e-10 -5.2749e-10 0.000110252)
(-1.48458e-11 -5.53012e-10 0.000110257)
(-1.37938e-10 -4.80348e-10 0.000110258)
(-7.23522e-10 -5.52457e-10 0.000110252)
(-2.86175e-10 3.14304e-10 0.000110154)
(-8.74173e-10 -7.84488e-10 0.000108471)
(-3.55885e-10 1.5021e-09 8.61136e-05)
(5.56052e-10 1.52457e-10 9.01089e-05)
(3.68297e-11 1.37608e-10 0.000109181)
(1.67975e-10 5.57049e-10 0.00011022)
(1.89238e-10 -3.67559e-10 0.000110258)
(-3.23673e-10 -1.81771e-10 0.000110259)
(3.22059e-10 -3.65695e-10 0.000110259)
(-2.01803e-10 2.54887e-10 0.000110258)
(-2.06266e-11 2.15158e-10 0.00011022)
(-4.19605e-10 -7.16669e-10 0.000109181)
(-7.13815e-10 1.40228e-10 9.01085e-05)
(2.97387e-10 2.2554e-10 9.01088e-05)
(2.76505e-11 1.15366e-10 0.000109181)
(-2.6186e-10 1.55345e-10 0.00011022)
(-1.58875e-10 -2.43279e-10 0.000110258)
(5.2814e-11 -6.28116e-11 0.000110259)
(-2.23496e-11 3.75624e-11 0.000110259)
(-1.69736e-11 -2.04979e-10 0.000110258)
(3.15158e-10 4.13056e-10 0.00011022)
(-3.40599e-10 -4.21366e-10 0.000109181)
(-5.06977e-10 -6.31771e-11 9.01085e-05)
(1.43596e-10 -2.87464e-10 8.6114e-05)
(-1.97246e-10 -1.65685e-10 0.000108471)
(1.07059e-10 3.69118e-10 0.000110154)
(3.62801e-10 -1.65186e-10 0.000110252)
(3.09256e-10 2.32221e-10 0.000110258)
(6.40358e-12 2.91405e-10 0.000110258)
(-4.32607e-10 1.61385e-10 0.000110253)
(2.05613e-10 6.21566e-10 0.000110155)
(-2.93285e-10 -4.2094e-10 0.000108472)
(-5.7199e-10 -1.20003e-09 8.61138e-05)
(3.76757e-09 1.12015e-09 7.45771e-05)
(2.26655e-09 2.79519e-09 0.000105092)
(-1.3635e-09 -1.08709e-10 0.000109578)
(9.01061e-10 3.45582e-10 0.000110137)
(1.04306e-09 5.74888e-10 0.000110211)
(1.01177e-09 2.72627e-10 0.000110211)
(1.1512e-10 4.10633e-11 0.000110137)
(1.4241e-09 -2.46274e-10 0.000109578)
(-1.22894e-09 1.86745e-09 0.000105092)
(-1.17447e-09 -2.42083e-09 7.45771e-05)
(-4.57044e-11 -4.18796e-09 4.91148e-05)
(4.96586e-09 7.11658e-09 9.0163e-05)
(1.99824e-10 1.21201e-09 0.000104249)
(-3.21263e-10 -6.87515e-10 0.000108045)
(-2.71679e-10 5.27075e-10 0.000108883)
(5.13026e-10 5.70869e-11 0.000108884)
(2.25714e-10 -1.30215e-09 0.000108045)
(3.04428e-10 1.09895e-09 0.000104249)
(-2.77961e-09 5.46149e-09 9.01631e-05)
(2.66692e-09 -5.91312e-09 4.9115e-05)
(-1.1104e-08 -8.54045e-09 1.90951e-05)
(1.48159e-09 4.1606e-09 4.60048e-05)
(5.30608e-09 2.52728e-09 7.03554e-05)
(5.75926e-10 -7.96942e-10 8.27216e-05)
(4.04654e-10 -2.15271e-11 8.68807e-05)
(3.39855e-10 -1.55142e-10 8.68808e-05)
(4.35361e-10 -8.80351e-10 8.27215e-05)
(-3.10419e-09 1.99594e-09 7.03552e-05)
(8.08463e-10 2.80555e-09 4.60044e-05)
(1.09306e-08 -7.97754e-09 1.90952e-05)
(-4.34841e-09 3.0039e-09 1.9095e-05)
(4.27227e-09 -6.3715e-09 4.60047e-05)
(-1.07795e-09 3.15134e-09 7.03556e-05)
(-4.30096e-09 6.87015e-10 8.27218e-05)
(-1.1443e-10 -9.79172e-10 8.68811e-05)
(-1.97353e-09 -1.2916e-09 8.68809e-05)
(2.88589e-09 1.31985e-10 8.27217e-05)
(2.23385e-10 2.39965e-09 7.0355e-05)
(-5.06773e-09 -6.90228e-09 4.60045e-05)
(9.07027e-09 7.00214e-09 1.9095e-05)
(-3.48027e-09 5.79516e-09 4.9114e-05)
(6.52427e-10 -5.51638e-09 9.01623e-05)
(-1.67475e-09 2.38446e-09 0.000104249)
(1.85374e-09 -9.3088e-10 0.000108046)
(1.01011e-09 -1.69677e-09 0.000108884)
(5.16789e-11 -1.61709e-09 0.000108884)
(1.85168e-10 -4.18257e-11 0.000108045)
(2.54623e-09 3.4698e-09 0.000104249)
(-1.35811e-09 -4.72859e-09 9.01627e-05)
(2.33412e-09 4.62525e-09 4.91143e-05)
(-2.94317e-10 4.68429e-09 7.45763e-05)
(-1.04175e-10 -1.72127e-09 0.000105092)
(-1.78762e-09 9.51885e-10 0.000109578)
(6.19232e-10 -2.51688e-09 0.000110137)
(-3.20561e-10 -1.15661e-09 0.000110211)
(-2.30053e-10 -6.96477e-10 0.000110211)
(-1.28853e-09 -1.73771e-09 0.000110137)
(1.30779e-09 2.43516e-09 0.000109578)
(-4.35844e-10 -8.53254e-10 0.000105092)
(-1.09427e-09 7.86993e-10 7.45766e-05)
(1.24918e-09 2.46876e-09 8.61134e-05)
(1.5422e-09 -7.58738e-10 0.000108471)
(1.30331e-09 6.98348e-10 0.000110155)
(9.87313e-10 -1.63249e-09 0.000110252)
(-4.98966e-10 -1.92493e-10 0.000110258)
(5.97587e-10 -1.74965e-10 0.000110258)
(-7.95804e-10 -1.12063e-09 0.000110252)
(-7.304e-10 1.1518e-09 0.000110154)
(-8.15866e-10 -1.19099e-09 0.000108471)
(-5.30777e-10 7.95879e-10 8.61136e-05)
(6.86828e-10 -9.93335e-11 9.01087e-05)
(8.61472e-11 1.02856e-10 0.000109181)
(3.32233e-10 4.79282e-10 0.00011022)
(5.16735e-10 -6.54028e-10 0.000110257)
(-3.78164e-10 -3.71764e-10 0.000110259)
(3.1071e-10 1.28222e-10 0.000110259)
(-1.5837e-10 1.95933e-10 0.000110258)
(4.76481e-11 7.38589e-10 0.00011022)
(-4.16683e-10 -1.62496e-10 0.000109181)
(-8.86094e-10 -3.04248e-10 9.01084e-05)
(1.0661e-09 3.06778e-10 9.01089e-05)
(9.09932e-10 1.54648e-11 0.000109181)
(5.05422e-10 1.35658e-10 0.00011022)
(3.27733e-10 -4.78313e-10 0.000110258)
(-1.76852e-10 -6.93762e-10 0.000110259)
(2.60869e-10 1.90862e-10 0.000110258)
(-2.11665e-10 -2.26787e-10 0.000110258)
(-7.00257e-12 7.9817e-10 0.00011022)
(-4.12872e-10 4.26943e-10 0.000109181)
(-7.18886e-10 -4.04721e-10 9.01088e-05)
(9.85568e-10 -2.33055e-09 8.61141e-05)
(2.06121e-09 1.04285e-10 0.000108471)
(1.18061e-09 4.37242e-10 0.000110154)
(6.43728e-10 2.92589e-10 0.000110252)
(3.88299e-10 4.24708e-10 0.000110258)
(4.15483e-10 3.97285e-10 0.000110258)
(1.91436e-11 4.92413e-10 0.000110252)
(-4.2228e-10 6.73464e-10 0.000110154)
(-1.77166e-09 6.8795e-10 0.000108471)
(-7.27294e-10 -2.41483e-09 8.61136e-05)
(-1.85299e-09 -5.04276e-09 7.4577e-05)
(4.94376e-10 -1.15632e-09 0.000105092)
(1.44705e-10 1.71271e-09 0.000109578)
(2.92565e-10 5.94544e-10 0.000110137)
(1.11065e-09 7.22293e-11 0.000110211)
(1.04831e-09 7.20549e-10 0.000110211)
(8.66176e-10 1.2843e-09 0.000110137)
(6.22526e-10 1.67621e-09 0.000109578)
(-5.43109e-10 -8.89066e-10 0.000105092)
(3.15893e-10 -3.60632e-09 7.45768e-05)
(-4.02522e-09 -7.44664e-09 4.91144e-05)
(-1.27504e-09 -1.86131e-10 9.0162e-05)
(7.4866e-10 1.40789e-09 0.000104248)
(1.12887e-09 -1.6764e-10 0.000108045)
(1.74703e-11 5.26889e-10 0.000108884)
(7.45313e-10 1.69042e-09 0.000108884)
(-4.74129e-10 6.61769e-10 0.000108045)
(-2.70161e-10 2.19636e-09 0.000104249)
(7.27696e-10 4.55025e-10 9.01625e-05)
(3.78913e-09 -6.70991e-09 4.91144e-05)
(-9.8277e-09 -8.17143e-09 1.9095e-05)
(-2.74552e-09 7.6652e-10 4.60045e-05)
(-1.00335e-09 -4.92189e-10 7.03552e-05)
(-2.71503e-09 -7.53007e-10 8.27217e-05)
(-7.34934e-10 9.41829e-10 8.6881e-05)
(4.13881e-10 1.07303e-09 8.68809e-05)
(9.71669e-10 7.04798e-11 8.27218e-05)
(8.35751e-10 -4.70159e-11 7.03555e-05)
(3.15847e-09 5.89649e-10 4.60045e-05)
(8.78554e-09 -7.03546e-09 1.90949e-05)
(-1.68592e-08 1.31029e-08 1.90949e-05)
(-5.50983e-09 -4.59543e-10 4.60046e-05)
(-1.73168e-09 3.82987e-10 7.03551e-05)
(-3.61109e-09 1.19475e-09 8.27216e-05)
(-1.13799e-09 -7.64959e-10 8.68806e-05)
(-7.76917e-10 -3.73635e-10 8.68804e-05)
(2.5599e-09 1.06418e-09 8.27212e-05)
(-1.43701e-09 -9.11806e-10 7.03544e-05)
(-4.5234e-10 -3.44102e-09 4.6004e-05)
(8.73489e-09 6.3573e-09 1.9095e-05)
(-7.16916e-09 1.10919e-08 4.91146e-05)
(-3.39404e-09 -2.39334e-10 9.01631e-05)
(-3.58031e-09 -6.0813e-10 0.000104248)
(-1.22415e-09 -4.80552e-10 0.000108045)
(-5.35271e-10 -1.98001e-09 0.000108884)
(-1.36986e-10 -1.64233e-09 0.000108884)
(1.62999e-09 -4.09602e-10 0.000108045)
(4.21789e-09 1.49101e-10 0.000104248)
(1.58246e-09 -1.25939e-09 9.01629e-05)
(3.27972e-09 5.94299e-09 4.91145e-05)
(1.56756e-09 3.75078e-09 7.45767e-05)
(3.81908e-09 -6.10203e-10 0.000105092)
(1.46127e-09 -7.28079e-10 0.000109578)
(1.04006e-09 -1.10727e-09 0.000110137)
(-2.93354e-10 -9.98649e-10 0.000110211)
(-5.47832e-10 -1.39051e-09 0.000110211)
(-1.54968e-09 -1.88236e-09 0.000110137)
(-1.28185e-09 1.03859e-10 0.000109578)
(-2.06092e-09 -5.27787e-10 0.000105092)
(-9.77809e-11 2.61556e-09 7.45767e-05)
(1.07935e-09 1.45602e-09 8.61139e-05)
(2.38075e-09 -1.28067e-09 0.000108471)
(1.4867e-09 -4.90273e-10 0.000110155)
(8.17097e-10 4.18574e-10 0.000110252)
(-4.03495e-11 2.1188e-10 0.000110258)
(-1.78953e-10 2.54687e-10 0.000110258)
(-9.62952e-10 -2.65675e-10 0.000110252)
(-1.70328e-09 -6.53845e-11 0.000110155)
(-2.09648e-09 -1.22745e-09 0.000108471)
(-8.24849e-10 8.74903e-10 8.61138e-05)
(8.29761e-10 2.80275e-10 9.01087e-05)
(3.9455e-10 -6.83797e-10 0.000109181)
(-1.76968e-10 1.27177e-10 0.000110221)
(1.8802e-10 5.00307e-11 0.000110257)
(1.33926e-10 -4.51106e-10 0.000110259)
(3.1584e-10 2.572e-10 0.000110259)
(-5.07609e-10 4.0156e-11 0.000110258)
(2.92376e-10 5.40137e-10 0.000110221)
(-4.04092e-10 1.16815e-10 0.000109181)
(-1.22943e-09 5.83066e-10 9.01087e-05)
(3.42884e-10 7.72321e-10 9.01086e-05)
(4.97799e-10 4.98713e-10 0.000109181)
(1.77916e-10 4.28384e-10 0.00011022)
(3.92343e-11 1.38258e-10 0.000110258)
(-1.86153e-10 -2.03214e-10 0.000110259)
(-1.65107e-11 5.90557e-11 0.000110259)
(8.03912e-11 -4.50938e-10 0.000110257)
(3.92206e-10 7.26625e-10 0.000110221)
(-3.39755e-10 5.53927e-10 0.000109181)
(-9.87694e-10 3.73463e-10 9.0109e-05)
(-8.54642e-11 -4.31553e-10 8.61137e-05)
(-2.92774e-10 7.61608e-10 0.000108471)
(5.37173e-10 2.28186e-10 0.000110155)
(1.13371e-09 -2.71021e-10 0.000110252)
(3.98338e-10 5.8729e-10 0.000110258)
(1.44508e-10 1.62008e-10 0.000110258)
(-4.39057e-10 -3.43023e-11 0.000110252)
(-5.81964e-10 1.0669e-09 0.000110154)
(-4.30303e-10 5.99214e-10 0.000108471)
(-9.52322e-11 -1.15423e-09 8.61139e-05)
(2.95849e-09 1.95306e-09 7.45765e-05)
(2.46829e-09 2.63582e-09 0.000105092)
(-4.14591e-10 -1.05776e-09 0.000109578)
(1.01602e-09 -3.45059e-10 0.000110137)
(3.5432e-10 7.78002e-10 0.000110211)
(5.58063e-10 9.57718e-10 0.000110211)
(-4.89345e-10 2.09271e-10 0.000110137)
(-7.31101e-10 -1.02639e-10 0.000109578)
(-2.54276e-09 1.99778e-09 0.000105092)
(-1.12584e-09 -2.42648e-09 7.45765e-05)
(3.8113e-10 -2.86709e-09 4.91145e-05)
(3.17592e-09 4.23651e-09 9.01629e-05)
(-2.25001e-09 -6.40942e-10 0.000104248)
(-1.24959e-09 -3.12663e-10 0.000108044)
(2.46111e-10 7.19748e-10 0.000108884)
(9.6904e-10 1.43397e-09 0.000108884)
(2.57759e-09 -1.00579e-09 0.000108044)
(3.91649e-09 -1.07255e-10 0.000104248)
(1.51899e-10 3.56666e-09 9.01628e-05)
(4.1611e-09 -7.47416e-09 4.91146e-05)
(-7.29072e-09 -5.81499e-09 1.90949e-05)
(-3.17184e-09 5.47937e-10 4.60043e-05)
(1.64684e-10 8.67212e-10 7.03548e-05)
(-1.35068e-09 -5.68144e-10 8.27214e-05)
(-2.4877e-10 3.28306e-11 8.68808e-05)
(2.18748e-10 1.8514e-10 8.68803e-05)
(1.38487e-09 -7.74577e-10 8.27213e-05)
(-1.83128e-09 1.34283e-09 7.03546e-05)
(1.51477e-09 2.2786e-09 4.60043e-05)
(1.04291e-08 -7.75935e-09 1.90949e-05)
(-5.71132e-09 4.75277e-09 1.9095e-05)
(4.79331e-09 -6.41119e-09 4.60043e-05)
(2.8642e-10 3.1465e-09 7.03542e-05)
(-2.62986e-09 1.36705e-09 8.2721e-05)
(3.23419e-10 -1.1723e-09 8.68799e-05)
(-1.27782e-09 -1.19689e-09 8.68801e-05)
(1.65804e-09 6.69034e-10 8.27208e-05)
(-1.83024e-09 1.01868e-09 7.03543e-05)
(-4.97835e-09 -7.11592e-09 4.60043e-05)
(7.31408e-09 4.0939e-09 1.90949e-05)
(-1.62162e-09 4.54373e-09 4.91145e-05)
(9.27019e-10 -6.09733e-09 9.01631e-05)
(-1.47273e-09 9.39877e-10 0.000104248)
(1.62603e-09 1.52724e-09 0.000108044)
(3.67751e-10 -8.06409e-10 0.000108883)
(5.46964e-10 -5.70829e-10 0.000108884)
(-7.89428e-10 6.70414e-10 0.000108044)
(9.48839e-10 6.53875e-10 0.000104248)
(-1.71631e-10 -3.00899e-09 9.01634e-05)
(7.62285e-11 1.76257e-09 4.9115e-05)
(-1.08858e-09 4.10902e-09 7.45766e-05)
(-1.77207e-09 -1.35216e-09 0.000105092)
(-1.5954e-09 -2.0916e-09 0.000109578)
(5.41908e-10 4.69341e-11 0.000110137)
(-2.61076e-10 3.5482e-11 0.000110211)
(-7.0683e-10 -1.46519e-10 0.000110211)
(-1.31588e-09 -7.19908e-10 0.000110137)
(1.46203e-09 -1.33461e-09 0.000109578)
(1.85205e-09 1.2593e-09 0.000105092)
(7.3082e-10 2.59727e-09 7.45765e-05)
(1.02308e-09 2.25773e-09 8.61139e-05)
(2.06623e-09 -8.82854e-10 0.000108471)
(6.6092e-10 -4.82135e-10 0.000110154)
(3.58477e-10 9.13786e-11 0.000110252)
(-5.24484e-12 -8.55148e-11 0.000110257)
(-4.607e-11 -7.86282e-10 0.000110258)
(-5.79722e-10 -8.09544e-10 0.000110252)
(-1.62182e-09 -1.24562e-09 0.000110155)
(-1.72014e-09 -6.67951e-10 0.000108471)
(-3.94605e-11 3.46138e-09 8.6114e-05)
(5.89843e-10 -7.4254e-10 9.01087e-05)
(3.72698e-10 -6.94934e-10 0.000109181)
(-3.0436e-10 -4.37659e-11 0.00011022)
(-2.2398e-11 4.98448e-10 0.000110258)
(4.92681e-10 3.56905e-10 0.000110258)
(3.49155e-10 -2.32169e-10 0.000110258)
(1.51008e-10 -1.941e-10 0.000110258)
(-2.47948e-10 -1.59694e-10 0.000110221)
(-1.18383e-09 -1.95106e-10 0.000109181)
(-5.89703e-10 3.75361e-10 9.01089e-05)
(6.91825e-11 7.93767e-10 9.01086e-05)
(3.81049e-10 -1.01564e-09 0.000109181)
(9.98979e-11 1.33023e-10 0.00011022)
(-2.50317e-10 1.01158e-10 0.000110258)
(1.07662e-10 -1.08485e-10 0.000110259)
(9.36909e-11 -7.19936e-13 0.000110259)
(-1.47572e-10 1.00698e-13 0.000110257)
(-5.88502e-10 3.96574e-10 0.000110221)
(-3.56258e-10 -6.14759e-10 0.000109181)
(-7.04382e-12 8.31034e-10 9.01089e-05)
(9.48109e-10 -5.81637e-10 8.61138e-05)
(2.2053e-09 -1.58356e-09 0.000108471)
(1.23782e-09 1.08465e-09 0.000110154)
(2.47141e-10 1.76389e-10 0.000110252)
(5.80162e-10 -1.54791e-10 0.000110257)
(-1.83267e-10 2.60638e-10 0.000110258)
(-1.99898e-10 1.67922e-10 0.000110252)
(-1.79058e-09 1.9244e-09 0.000110154)
(-1.93851e-09 -1.21622e-09 0.000108471)
(-4.17716e-10 -8.71065e-11 8.61141e-05)
(-8.35294e-10 -3.66533e-09 7.45766e-05)
(-9.21444e-10 -3.29324e-09 0.000105092)
(-1.1252e-10 2.68649e-09 0.000109578)
(6.20016e-10 3.16101e-10 0.000110137)
(1.42397e-10 -1.43344e-10 0.000110211)
(-6.79796e-10 2.04637e-10 0.000110211)
(-9.13518e-10 6.56875e-10 0.000110137)
(-8.24383e-10 3.24906e-09 0.000109578)
(-1.92606e-10 -3.1215e-09 0.000105092)
(-1.19931e-09 4.87797e-11 7.45768e-05)
(-4.27604e-09 -7.34199e-09 4.91148e-05)
(-2.88438e-09 -2.20687e-09 9.01639e-05)
(5.58691e-10 2.23306e-09 0.000104249)
(1.48632e-09 5.80225e-11 0.000108044)
(-3.44305e-10 1.34721e-09 0.000108883)
(2.78256e-10 1.23567e-09 0.000108883)
(-8.68808e-10 1.84892e-10 0.000108044)
(-2.13446e-10 3.39975e-09 0.000104248)
(1.11801e-09 -1.32863e-09 9.01633e-05)
(-1.44253e-10 -2.90089e-09 4.91151e-05)
(-9.74969e-09 -7.83693e-09 1.90951e-05)
(-5.48938e-09 -1.63067e-09 4.60045e-05)
(-3.55331e-09 -1.26347e-09 7.03548e-05)
(-3.10905e-09 -5.19394e-10 8.2721e-05)
(-1.80055e-09 1.64794e-09 8.68802e-05)
(-2.00365e-10 1.2966e-09 8.68802e-05)
(8.92102e-10 -3.06232e-10 8.2721e-05)
(8.78374e-10 9.41952e-10 7.03548e-05)
(3.51794e-09 3.72815e-11 4.60046e-05)
(6.60231e-09 -5.38249e-09 1.90952e-05)
(-6.96266e-09 5.15111e-09 1.90954e-05)
(2.74608e-09 -4.65838e-09 4.60047e-05)
(3.83988e-09 -1.71719e-09 7.03553e-05)
(-5.77583e-11 2.40018e-10 8.27212e-05)
(1.31516e-09 -4.36469e-10 8.68808e-05)
(8.90068e-10 -3.88106e-11 8.68805e-05)
(2.00911e-09 1.13514e-09 8.27215e-05)
(-9.60238e-10 9.53036e-11 7.03549e-05)
(5.67796e-10 -1.70182e-09 4.60043e-05)
(9.34697e-09 7.83867e-09 1.90946e-05)
(-1.25234e-10 2.25305e-09 4.91147e-05)
(1.78792e-09 -5.10523e-09 9.01627e-05)
(-1.88102e-09 2.00922e-10 0.000104249)
(-1.3475e-09 6.9594e-10 0.000108045)
(-1.3673e-09 -3.36599e-10 0.000108884)
(-7.63618e-10 -5.99839e-10 0.000108884)
(-9.10049e-10 4.99332e-10 0.000108045)
(4.17513e-10 -2.0362e-10 0.000104249)
(-2.03601e-09 -3.3932e-09 9.01631e-05)
(2.24545e-09 5.8559e-09 4.91139e-05)
(2.92011e-09 -1.46953e-09 7.45763e-05)
(1.75024e-09 -2.68746e-09 0.000105091)
(-7.37105e-10 2.01591e-10 0.000109578)
(6.93659e-10 -6.58043e-10 0.000110137)
(-2.20787e-11 -7.12234e-10 0.000110211)
(1.06816e-10 -6.06031e-10 0.000110211)
(1.26321e-10 -4.635e-10 0.000110137)
(1.11945e-09 -1.89838e-10 0.000109578)
(-1.17049e-09 -1.69275e-09 0.000105092)
(-6.01966e-10 2.19854e-09 7.45767e-05)
(8.34248e-10 -5.70166e-10 8.61136e-05)
(5.07603e-10 -1.41137e-09 0.000108471)
(3.68093e-10 -4.16137e-10 0.000110154)
(5.25239e-10 -7.05754e-10 0.000110253)
(-6.02377e-13 -4.98915e-10 0.000110258)
(1.7612e-11 -1.19376e-10 0.000110258)
(-4.6418e-10 -1.32433e-10 0.000110253)
(-3.41219e-10 -2.26002e-10 0.000110154)
(-4.78576e-10 -5.98368e-10 0.000108471)
(1.29205e-10 1.85608e-09 8.61137e-05)
(6.52255e-10 5.25399e-11 9.01085e-05)
(-1.16376e-10 -7.11992e-10 0.000109181)
(-4.47439e-10 2.23201e-10 0.00011022)
(-4.19742e-11 -2.28081e-10 0.000110258)
(-1.86194e-10 -1.91144e-10 0.000110259)
(2.95001e-10 2.95565e-11 0.000110259)
(1.13611e-10 6.97111e-11 0.000110258)
(2.20088e-11 2.77148e-10 0.00011022)
(-6.90893e-10 6.16192e-11 0.000109181)
(-6.91859e-10 5.32646e-10 9.01084e-05)
(3.50226e-10 7.57833e-10 9.01085e-05)
(-3.78545e-11 -1.22194e-10 0.000109181)
(-3.50574e-11 4.32493e-11 0.00011022)
(-5.42972e-10 -3.89095e-10 0.000110258)
(-5.38316e-10 -2.33036e-10 0.000110259)
(2.67197e-11 -2.17598e-10 0.000110259)
(-1.9129e-10 -1.63351e-10 0.000110258)
(3.02463e-10 2.016e-10 0.00011022)
(-1.22533e-10 1.01086e-12 0.000109181)
(-4.9906e-10 8.34793e-10 9.01083e-05)
(5.58362e-10 7.45954e-10 8.61137e-05)
(2.21554e-10 -2.04159e-10 0.000108471)
(1.35912e-09 2.64975e-11 0.000110154)
(1.29898e-09 -3.88073e-10 0.000110253)
(1.50239e-10 1.77367e-10 0.000110258)
(1.78345e-10 -2.5233e-12 0.000110258)
(-4.71845e-10 -4.29874e-10 0.000110252)
(1.86567e-10 4.7272e-10 0.000110154)
(2.38981e-10 -2.20977e-10 0.000108471)
(-4.72009e-10 -4.4651e-10 8.61135e-05)
(3.57017e-09 1.69616e-09 7.45768e-05)
(1.71737e-09 1.44319e-09 0.000105091)
(-1.48746e-09 -1.59258e-09 0.000109577)
(3.02423e-10 -4.14355e-10 0.000110137)
(2.27145e-10 2.95479e-11 0.000110211)
(4.42019e-10 -1.37774e-10 0.000110211)
(3.00648e-10 -8.22298e-10 0.000110137)
(1.85436e-09 -7.21482e-10 0.000109578)
(-1.81954e-09 3.05581e-09 0.000105092)
(-2.50647e-09 6.59065e-10 7.45772e-05)
(4.81706e-10 -2.03375e-09 4.91145e-05)
(4.33925e-09 6.25629e-09 9.01626e-05)
(-6.70298e-10 -6.70188e-10 0.000104248)
(-4.80505e-10 -1.72881e-09 0.000108045)
(-7.21725e-11 4.00781e-11 0.000108884)
(-3.0055e-10 2.58253e-10 0.000108884)
(-1.64735e-10 -1.6205e-09 0.000108045)
(-7.0331e-10 3.23425e-10 0.000104249)
(-5.36379e-09 7.16799e-09 9.0163e-05)
(-2.63548e-12 -2.62703e-09 4.9115e-05)
(-9.64818e-09 -6.63514e-09 1.9095e-05)
(8.19649e-10 3.64995e-09 4.60044e-05)
(4.74949e-09 1.5497e-09 7.03549e-05)
(5.30876e-10 -1.39362e-09 8.27213e-05)
(6.70644e-10 -4.92003e-11 8.68808e-05)
(5.6323e-10 5.28329e-10 8.68809e-05)
(7.0695e-10 -1.02617e-09 8.27215e-05)
(-3.3618e-09 1.78524e-09 7.03551e-05)
(-1.63703e-09 4.10172e-09 4.60047e-05)
(8.59749e-09 -6.60223e-09 1.90954e-05)
(-1.14273e-08 8.40102e-09 1.90953e-05)
(9.3446e-10 -3.80613e-09 4.60051e-05)
(-3.5161e-09 3.98664e-09 7.03559e-05)
(-4.78274e-09 2.44873e-10 8.27221e-05)
(4.04268e-11 -1.19286e-09 8.68814e-05)
(-2.26887e-09 -2.93277e-10 8.6881e-05)
(1.27501e-09 4.69465e-10 8.27221e-05)
(-3.61243e-09 1.14023e-10 7.0356e-05)
(-4.94563e-09 -6.92978e-09 4.60053e-05)
(8.99274e-09 5.74742e-09 1.90955e-05)
(-3.07947e-09 5.7961e-09 4.91148e-05)
(9.36487e-10 -3.65738e-09 9.0163e-05)
(-1.46702e-09 2.94453e-09 0.000104249)
(1.07294e-09 -8.21317e-10 0.000108046)
(1.0995e-10 -1.55241e-09 0.000108885)
(-4.01095e-10 -8.7743e-10 0.000108884)
(-7.98232e-10 8.71865e-11 0.000108046)
(1.35158e-09 1.19874e-09 0.000104249)
(-2.35785e-09 -6.42768e-09 9.01628e-05)
(1.20252e-09 3.47009e-09 4.91141e-05)
(-1.14656e-09 4.67696e-09 7.45767e-05)
(-1.28054e-09 1.90307e-10 0.000105092)
(-1.89282e-09 1.64175e-09 0.000109578)
(8.49574e-10 -2.21271e-09 0.000110137)
(-7.5387e-10 -7.00982e-10 0.000110211)
(9.60668e-11 -9.84295e-10 0.000110211)
(-9.38245e-10 -2.15127e-09 0.000110138)
(6.56456e-10 1.56448e-09 0.000109578)
(-3.39396e-10 -1.80355e-09 0.000105092)
(-1.05214e-09 1.24376e-09 7.45765e-05)
(1.24874e-09 3.09176e-09 8.61136e-05)
(1.50102e-09 3.09339e-11 0.000108471)
(7.20622e-10 1.05262e-09 0.000110155)
(9.26446e-10 -1.61237e-09 0.000110253)
(-2.74619e-10 -2.92907e-10 0.000110258)
(5.48482e-10 -2.563e-10 0.000110258)
(-8.71073e-10 -1.91659e-09 0.000110253)
(-6.37198e-10 9.0702e-10 0.000110155)
(-1.10216e-09 -1.2532e-09 0.000108471)
(-1.33614e-09 4.41101e-10 8.61132e-05)
(1.10083e-09 -5.64675e-12 9.01086e-05)
(3.03478e-10 -2.66894e-10 0.000109181)
(-2.73796e-11 3.26234e-10 0.000110221)
(3.02224e-10 -8.50136e-10 0.000110258)
(-6.49602e-10 -1.28322e-11 0.000110259)
(2.88196e-10 9.80701e-11 0.000110259)
(-3.82005e-10 -6.12726e-10 0.000110258)
(-2.08354e-10 5.48999e-10 0.000110221)
(-5.73428e-11 -8.14882e-10 0.000109181)
(-6.03207e-10 -3.66549e-10 9.01081e-05)
(9.28257e-10 6.93531e-10 9.01088e-05)
(4.7995e-10 1.44392e-10 0.000109181)
(-2.50096e-10 9.75242e-11 0.000110221)
(4.59623e-10 -8.61238e-10 0.000110258)
(5.50254e-10 -2.86235e-10 0.000110259)
(2.04605e-10 -2.32656e-10 0.000110259)
(-1.68861e-10 -4.39063e-10 0.000110258)
(-1.1431e-10 3.30381e-10 0.00011022)
(-8.42364e-10 1.11808e-10 0.00010918)
(-8.31303e-10 -3.8877e-10 9.01081e-05)
(8.51589e-10 -1.78007e-09 8.61138e-05)
(1.87121e-09 1.36222e-09 0.000108471)
(1.19828e-09 2.22575e-12 0.000110155)
(8.42245e-10 -7.52426e-11 0.000110252)
(-2.04603e-10 2.15208e-10 0.000110258)
(1.53594e-10 3.11048e-10 0.000110258)
(1.11726e-10 1.66818e-10 0.000110252)
(-4.26062e-10 4.91866e-10 0.000110154)
(-1.47986e-09 3.98398e-10 0.000108471)
(-6.82629e-10 -2.71846e-09 8.61128e-05)
(-1.21435e-09 -3.86716e-09 7.45769e-05)
(-8.13786e-11 -3.39142e-10 0.000105092)
(-1.66601e-10 1.94347e-09 0.000109578)
(1.86714e-10 6.24976e-11 0.000110137)
(-1.26328e-10 2.96558e-10 0.000110211)
(-5.1577e-10 6.04471e-10 0.000110211)
(-1.21097e-10 6.27686e-10 0.000110138)
(-2.911e-10 1.53799e-09 0.000109578)
(-7.42301e-10 -6.75115e-10 0.000105091)
(1.15627e-09 -3.66422e-09 7.45762e-05)
(-3.33409e-09 -5.89773e-09 4.91144e-05)
(-2.5513e-09 -1.267e-09 9.01619e-05)
(-6.02007e-10 1.49077e-09 0.000104248)
(6.99381e-10 -4.86426e-10 0.000108045)
(1.64402e-10 1.05932e-09 0.000108885)
(2.99162e-10 7.86285e-10 0.000108885)
(-9.15314e-11 1.76025e-10 0.000108045)
(3.20104e-10 1.50381e-09 0.000104248)
(1.4834e-09 1.66036e-10 9.01623e-05)
(3.95514e-09 -6.05881e-09 4.91138e-05)
(-8.43477e-09 -6.44504e-09 1.90948e-05)
(-4.34866e-09 -7.93212e-10 4.60043e-05)
(-3.00407e-09 -1.95329e-09 7.03552e-05)
(-2.54189e-09 -6.52826e-10 8.27219e-05)
(-7.53162e-10 1.07597e-09 8.68811e-05)
(-5.70204e-12 8.29494e-10 8.68808e-05)
(1.43184e-09 -1.74058e-10 8.27214e-05)
(1.29566e-09 -1.3758e-10 7.03547e-05)
(3.46107e-09 -1.63152e-11 4.60044e-05)
(8.32254e-09 -6.44864e-09 1.90949e-05)
(-1.35635e-08 1.09843e-08 1.90949e-05)
(-3.93909e-09 -5.9614e-10 4.60048e-05)
(-2.05374e-09 9.42772e-10 7.03552e-05)
(-2.47549e-09 4.30022e-10 8.27216e-05)
(3.24851e-10 -7.22764e-10 8.68803e-05)
(-3.43554e-10 -3.46731e-10 8.68807e-05)
(2.46628e-09 5.86139e-10 8.27222e-05)
(-4.75486e-10 -4.07723e-12 7.03561e-05)
(2.06571e-09 -3.1524e-09 4.6006e-05)
(1.37185e-08 9.97778e-09 1.90957e-05)
(-4.17363e-09 8.552e-09 4.91145e-05)
(-9.19539e-10 -1.00682e-09 9.0163e-05)
(-3.51416e-09 -3.57307e-10 0.000104248)
(-1.63133e-09 -8.86733e-10 0.000108045)
(-1.68647e-10 -1.79192e-09 0.000108884)
(1.55237e-09 -1.04375e-09 0.000108884)
(2.74646e-09 -4.13738e-10 0.000108045)
(4.92788e-09 1.57771e-09 0.000104249)
(1.69294e-09 -2.28592e-09 9.01633e-05)
(4.70929e-09 8.18052e-09 4.91149e-05)
(9.62871e-10 3.23869e-09 7.45769e-05)
(2.77477e-09 -1.1656e-09 0.000105092)
(1.33566e-09 -1.15827e-09 0.000109578)
(1.52881e-09 -1.66203e-09 0.000110137)
(-1.77583e-10 -1.66792e-09 0.000110211)
(-3.93398e-10 -8.73637e-10 0.000110211)
(-8.62131e-10 -1.47157e-09 0.000110137)
(-2.02377e-10 1.16011e-09 0.000109578)
(-1.57605e-09 -1.39007e-10 0.000105092)
(2.46604e-10 3.81996e-09 7.45764e-05)
(3.20632e-10 2.20729e-09 8.61141e-05)
(1.11791e-09 -1.08459e-09 0.000108471)
(1.2167e-09 -5.21572e-10 0.000110155)
(7.21886e-10 -7.0279e-10 0.000110252)
(-3.5953e-10 -7.81434e-10 0.000110258)
(-3.45506e-10 4.23953e-11 0.000110258)
(-1.21138e-09 -8.79672e-10 0.000110252)
(-1.30071e-09 -2.77475e-10 0.000110155)
(-1.40217e-09 -9.21705e-10 0.000108471)
(-1.36839e-10 2.69263e-09 8.61136e-05)
(8.75267e-10 3.67471e-10 9.01092e-05)
(5.05116e-10 -7.64481e-10 0.000109181)
(-2.66209e-10 -3.64992e-10 0.000110221)
(-1.56272e-11 -5.79471e-10 0.000110258)
(-1.17809e-10 -2.02943e-10 0.000110259)
(-2.12847e-10 -3.40686e-10 0.000110259)
(-6.00218e-10 -4.07139e-10 0.000110258)
(1.93668e-11 -1.43583e-10 0.000110221)
(-1.14221e-09 -4.56146e-10 0.00010918)
(-1.42329e-09 9.28085e-10 9.01085e-05)
(5.48761e-10 8.24284e-10 9.01091e-05)
(3.49821e-10 -1.03535e-11 0.000109181)
(-5.36571e-11 -9.73288e-11 0.000110221)
(3.29527e-10 -3.49877e-10 0.000110258)
(-4.87833e-10 -7.39373e-10 0.000110259)
(-2.3289e-10 -3.50048e-10 0.000110259)
(-4.94613e-11 -4.55588e-10 0.000110258)
(-5.59731e-10 1.78843e-10 0.000110221)
(-9.44679e-10 -3.41886e-10 0.00010918)
(-9.62766e-10 -6.44206e-11 9.01085e-05)
(3.13099e-10 -4.45078e-10 8.6114e-05)
(1.67875e-10 2.48984e-10 0.000108471)
(9.1334e-10 1.52922e-10 0.000110155)
(1.06146e-09 -6.31769e-10 0.000110252)
(4.42924e-10 -5.44963e-10 0.000110258)
(4.53419e-10 1.15017e-10 0.000110258)
(-5.71104e-10 -4.413e-10 0.000110253)
(-4.00172e-10 8.02609e-10 0.000110154)
(-3.55396e-10 -5.6701e-10 0.000108471)
(-4.55279e-10 -1.64828e-09 8.61133e-05)
(3.65596e-09 1.77491e-09 7.45764e-05)
(3.72327e-09 1.4829e-09 0.000105092)
(1.13686e-09 -9.39394e-10 0.000109578)
(2.15304e-09 -4.75764e-10 0.000110137)
(9.15621e-10 2.27899e-10 0.000110211)
(7.7547e-10 6.43145e-10 0.000110211)
(5.25935e-10 2.83155e-10 0.000110138)
(5.91138e-10 7.36171e-10 0.000109577)
(-1.58359e-09 2.27567e-10 0.000105092)
(-1.01286e-09 -3.29027e-09 7.45761e-05)
(-6.43308e-10 -4.20977e-09 4.91144e-05)
(4.39742e-09 4.10652e-09 9.0163e-05)
(-4.92733e-10 -2.70981e-10 0.000104248)
(-6.25177e-10 -1.19935e-09 0.000108045)
(2.45133e-10 1.1173e-10 0.000108884)
(8.60273e-10 9.79116e-10 0.000108884)
(2.60402e-09 -6.6981e-10 0.000108044)
(3.58358e-09 1.67927e-09 0.000104248)
(6.95599e-10 2.81309e-09 9.01626e-05)
(4.96709e-09 -9.16223e-09 4.91142e-05)
(-1.4022e-08 -1.06324e-08 1.9095e-05)
(-3.24743e-09 1.00108e-09 4.60047e-05)
(8.38142e-10 7.06311e-10 7.03554e-05)
(-1.26134e-09 -1.26217e-09 8.27207e-05)
(-6.39285e-10 -2.15672e-10 8.68798e-05)
(-8.60474e-10 1.13679e-10 8.68799e-05)
(4.61659e-11 -5.12851e-10 8.27203e-05)
(-2.19717e-09 2.59544e-09 7.03547e-05)
(2.86136e-09 2.41193e-09 4.60038e-05)
(1.19804e-08 -9.04658e-09 1.90945e-05)
(-1.4962e-08 1.18641e-08 1.90953e-05)
(-3.31689e-09 -3.00028e-09 4.60047e-05)
(4.19222e-09 -5.09192e-09 7.03546e-05)
(2.41239e-09 -5.71108e-10 8.27214e-05)
(1.12416e-09 4.71668e-10 8.68808e-05)
(1.49355e-10 3.27476e-10 8.68811e-05)
(-1.56941e-10 -1.05976e-09 8.27216e-05)
(4.62086e-10 -4.3611e-09 7.03548e-05)
(1.05006e-08 2.04021e-09 4.6004e-05)
(1.80223e-08 1.46222e-08 1.90948e-05)
(-2.7138e-10 6.6922e-09 4.91148e-05)
(3.31145e-09 -2.65076e-09 9.01631e-05)
(9.79231e-10 -6.44237e-09 0.000104248)
(9.5608e-11 3.40851e-10 0.000108044)
(3.45294e-10 -1.14419e-10 0.000108884)
(1.7623e-09 -1.48791e-10 0.000108884)
(-2.07562e-10 -1.09824e-09 0.000108045)
(-1.08485e-09 -5.80577e-09 0.000104249)
(-6.3664e-10 -1.14622e-10 9.01632e-05)
(3.6347e-09 1.06001e-08 4.91149e-05)
(2.84465e-09 -1.27394e-09 7.45762e-05)
(9.49917e-10 2.85001e-09 0.000105091)
(-4.49537e-10 -2.13079e-09 0.000109578)
(-8.84396e-10 -1.0859e-10 0.000110138)
(-8.33731e-10 -1.03153e-10 0.000110211)
(-5.9264e-10 -7.9368e-10 0.000110211)
(-4.12522e-10 -5.63153e-10 0.000110137)
(-2.74247e-10 -2.13578e-09 0.000109578)
(-2.17289e-09 2.81936e-09 0.000105092)
(-2.83928e-09 -8.98405e-10 7.45767e-05)
(-8.42738e-10 8.50723e-10 8.6114e-05)
(-1.06737e-09 1.78069e-09 0.000108471)
(-6.5355e-10 -1.05507e-09 0.000110155)
(-7.56877e-10 -9.35784e-10 0.000110252)
(-2.78466e-10 -2.23708e-11 0.000110258)
(-1.219e-10 -3.31043e-10 0.000110258)
(3.3902e-10 -5.00477e-10 0.000110252)
(-3.37447e-10 -1.49499e-09 0.000110154)
(-6.6673e-11 1.83285e-09 0.000108471)
(1.18642e-10 9.47246e-11 8.61142e-05)
(1.95242e-10 1.27787e-10 9.01085e-05)
(6.82068e-10 3.34582e-10 0.000109181)
(7.50487e-10 -4.56214e-10 0.00011022)
(1.69516e-10 -4.17703e-10 0.000110258)
(-1.81396e-11 -5.43016e-10 0.000110259)
(5.56551e-14 -4.42958e-11 0.000110259)
(-1.17565e-10 2.15786e-10 0.000110258)
(-7.37225e-10 -3.81686e-11 0.000110221)
(-1.2898e-09 4.381e-10 0.000109181)
(-5.32647e-10 4.20068e-10 9.01088e-05)
(2.32774e-11 3.16575e-11 9.01085e-05)
(4.70347e-10 3.24516e-10 0.000109181)
(1.92189e-10 2.57569e-11 0.000110221)
(-5.42976e-10 1.80389e-10 0.000110258)
(-2.25569e-10 -1.22147e-10 0.000110259)
(3.39523e-10 4.1608e-10 0.000110259)
(-2.89116e-10 5.66678e-10 0.000110258)
(-6.18183e-10 1.41227e-10 0.00011022)
(-8.17936e-10 1.06181e-09 0.000109181)
(-7.02696e-10 6.52679e-11 9.01085e-05)
(4.6817e-10 -5.4464e-10 8.61136e-05)
(-2.96548e-10 -1.03186e-09 0.000108471)
(-5.19638e-10 -2.68526e-11 0.000110154)
(4.65689e-10 7.53025e-10 0.000110252)
(2.68734e-10 -2.73015e-10 0.000110258)
(6.02339e-10 1.71138e-10 0.000110258)
(3.36074e-11 9.55904e-10 0.000110253)
(2.81616e-10 3.60961e-10 0.000110154)
(8.55717e-10 -2.01993e-10 0.000108471)
(5.64116e-11 -3.28156e-10 8.61142e-05)
(3.64772e-09 -1.44995e-09 7.45761e-05)
(3.05778e-09 2.45491e-10 0.000105092)
(-3.01365e-10 2.92086e-10 0.000109578)
(8.25036e-10 8.45132e-10 0.000110138)
(-2.51794e-10 -3.71881e-10 0.000110211)
(2.99645e-10 2.31497e-10 0.000110211)
(-1.48543e-09 7.9879e-10 0.000110138)
(5.49708e-10 -5.16556e-10 0.000109578)
(-2.12878e-09 1.81479e-09 0.000105092)
(-4.02708e-09 1.5798e-09 7.4577e-05)
(-5.1109e-09 -1.12849e-08 4.9115e-05)
(4.1246e-09 6.12618e-09 9.01639e-05)
(8.89208e-10 3.24615e-09 0.000104249)
(-2.48333e-11 5.69457e-10 0.000108045)
(-6.97186e-10 -1.05112e-09 0.000108884)
(-5.54487e-10 4.12341e-10 0.000108884)
(-1.96038e-09 1.6598e-09 0.000108045)
(-2.58594e-09 1.32519e-09 0.000104248)
(-6.46271e-09 6.46703e-09 9.01631e-05)
(1.20104e-09 -6.28719e-09 4.91149e-05)
(-2.03524e-08 -1.54697e-08 1.90957e-05)
(-3.03368e-09 3.81118e-09 4.60051e-05)
(3.87303e-09 3.76647e-09 7.03551e-05)
(6.72873e-10 8.38624e-10 8.27216e-05)
(1.81501e-09 -1.00434e-09 8.68808e-05)
(-1.43857e-09 -2.95559e-10 8.6881e-05)
(-2.07945e-10 2.1236e-09 8.27216e-05)
(-8.31074e-10 1.64004e-09 7.03554e-05)
(3.84727e-09 2.1405e-09 4.60045e-05)
(1.72751e-08 -1.31705e-08 1.9095e-05)
(-1.34592e-08 1.01731e-08 1.90951e-05)
(-2.59303e-09 -1.84605e-09 4.60044e-05)
(-8.94706e-10 5.37417e-10 7.03548e-05)
(-3.33757e-09 2.79829e-10 8.27219e-05)
(-4.34264e-10 -1.82999e-09 8.68816e-05)
(4.68496e-10 -5.79086e-10 8.68816e-05)
(1.90261e-09 6.63378e-10 8.27219e-05)
(-6.42476e-10 -1.69892e-09 7.03549e-05)
(2.99313e-09 -2.14737e-09 4.6004e-05)
(1.13727e-08 8.48132e-09 1.90951e-05)
(-2.95502e-09 6.49451e-09 4.91148e-05)
(1.16317e-09 -3.11834e-09 9.01625e-05)
(-5.16859e-10 -9.22263e-10 0.000104249)
(5.24984e-10 -6.18737e-10 0.000108045)
(1.21341e-09 -1.81688e-09 0.000108884)
(7.80709e-10 -8.41868e-10 0.000108884)
(-4.93544e-10 -7.22871e-10 0.000108045)
(1.08439e-09 -1.15316e-09 0.000104249)
(-7.01234e-10 -3.52458e-09 9.01627e-05)
(3.02485e-09 6.17561e-09 4.91151e-05)
(6.81684e-10 2.5406e-09 7.45766e-05)
(8.57013e-10 -1.15474e-09 0.000105091)
(-1.17129e-09 -8.60927e-10 0.000109578)
(6.791e-11 -1.30668e-09 0.000110138)
(1.42811e-10 -3.54967e-10 0.000110212)
(-3.58528e-10 -5.76647e-10 0.000110211)
(-8.41096e-10 -1.66656e-09 0.000110137)
(6.29518e-10 -7.04263e-10 0.000109577)
(-8.76083e-10 -1.4015e-09 0.000105092)
(8.30689e-10 3.67638e-09 7.45771e-05)
(1.09992e-09 1.97065e-09 8.61139e-05)
(2.1287e-09 -1.20507e-09 0.000108472)
(1.20093e-09 -3.72527e-10 0.000110154)
(5.88959e-10 -8.22528e-10 0.000110252)
(1.68666e-10 -4.70598e-10 0.000110258)
(-1.53165e-10 -2.78574e-10 0.000110258)
(-1.51295e-09 -5.02526e-10 0.000110252)
(-1.59206e-09 -1.0415e-09 0.000110154)
(-1.98637e-09 -9.26563e-10 0.000108471)
(-7.10825e-10 2.75931e-09 8.6114e-05)
(5.79482e-10 -2.93969e-10 9.01084e-05)
(3.41368e-10 -4.09968e-10 0.000109181)
(-3.07062e-10 1.7537e-10 0.000110221)
(-3.01508e-10 -2.41258e-10 0.000110258)
(3.25709e-11 -5.55686e-10 0.000110259)
(4.67493e-10 -2.85077e-10 0.000110259)
(-5.38117e-10 -5.1345e-10 0.000110258)
(-7.31892e-10 3.31923e-12 0.000110221)
(-1.27854e-09 -4.96144e-10 0.000109181)
(-1.23638e-09 -4.87423e-10 9.01087e-05)
(6.01886e-10 1.49661e-09 9.01086e-05)
(6.49898e-10 4.72228e-10 0.000109181)
(2.23305e-10 -8.24859e-11 0.00011022)
(2.08444e-10 -8.22896e-10 0.000110258)
(1.97855e-10 -1.05339e-09 0.000110259)
(-2.79947e-11 -6.40107e-10 0.000110259)
(-4.54852e-10 -7.62662e-10 0.000110258)
(-3.95383e-10 -4.09179e-10 0.000110221)
(-9.27726e-10 -1.10884e-10 0.000109181)
(-8.78897e-10 4.09813e-10 9.01087e-05)
(1.74595e-09 -9.08275e-10 8.61138e-05)
(1.34387e-09 1.11137e-10 0.000108471)
(6.36543e-10 4.51003e-10 0.000110154)
(1.16353e-09 -8.30309e-11 0.000110252)
(2.01018e-11 -6.78496e-10 0.000110258)
(1.74552e-10 1.52102e-10 0.000110258)
(-9.76864e-10 6.67052e-11 0.000110252)
(-8.98633e-10 6.50458e-10 0.000110155)
(-1.62648e-09 7.71976e-10 0.000108472)
(-1.43007e-09 -2.08709e-09 8.61142e-05)
(2.08067e-09 -9.57027e-10 7.45766e-05)
(1.19412e-09 1.87397e-09 0.000105092)
(-1.42927e-09 -2.40551e-10 0.000109578)
(3.12175e-10 -5.64944e-10 0.000110138)
(-9.17876e-11 -1.57782e-10 0.000110212)
(1.85126e-10 4.74671e-10 0.000110212)
(-5.25325e-10 -2.47872e-10 0.000110138)
(1.12874e-09 -8.47685e-10 0.000109579)
(-1.80579e-09 2.38447e-09 0.000105092)
(-1.34633e-09 -2.43556e-09 7.45768e-05)
(-2.78632e-09 -6.16608e-09 4.91151e-05)
(4.17635e-09 5.93863e-09 9.01628e-05)
(1.09425e-09 1.01609e-09 0.000104249)
(2.04663e-10 -1.63841e-09 0.000108045)
(1.67083e-10 5.0162e-12 0.000108885)
(1.28777e-10 1.43955e-10 0.000108885)
(-1.88069e-11 -1.00405e-09 0.000108046)
(-3.10946e-10 9.89998e-10 0.00010425)
(-3.04017e-09 5.5911e-09 9.01628e-05)
(4.3026e-09 -8.09e-09 4.91142e-05)
(-1.48075e-08 -1.12224e-08 1.90954e-05)
(-1.72464e-09 2.57512e-09 4.60048e-05)
(1.21821e-09 1.28205e-09 7.03551e-05)
(-2.52657e-09 -5.79588e-10 8.27226e-05)
(-3.6158e-10 8.26339e-11 8.68818e-05)
(-1.40553e-09 2.26828e-10 8.68816e-05)
(4.15081e-10 -1.44346e-10 8.27226e-05)
(-3.25106e-09 2.64651e-09 7.03555e-05)
(5.76644e-10 3.73086e-09 4.60049e-05)
(1.56283e-08 -1.21454e-08 1.90953e-05)
(-1.22872e-08 9.65332e-09 1.90951e-05)
(-2.09689e-09 -2.99385e-09 4.60046e-05)
(-1.05945e-09 6.91314e-10 7.03555e-05)
(-2.1031e-09 2.02836e-10 8.27221e-05)
(2.50462e-10 -1.16735e-09 8.68815e-05)
(-4.42912e-10 -9.14495e-10 8.68813e-05)
(1.1977e-09 -6.92465e-10 8.2722e-05)
(-7.0521e-10 -2.91235e-10 7.03553e-05)
(3.62462e-09 -1.05247e-09 4.60046e-05)
(1.33879e-08 9.85465e-09 1.90952e-05)
(-4.80915e-09 7.70516e-09 4.91148e-05)
(9.26509e-10 -4.66924e-09 9.01632e-05)
(-1.06544e-09 9.33894e-12 0.000104249)
(-4.85573e-10 -2.25124e-10 0.000108045)
(9.56055e-11 -1.53571e-09 0.000108885)
(5.8067e-10 -1.4476e-09 0.000108884)
(5.91094e-11 -9.0869e-10 0.000108045)
(6.40353e-10 -6.7617e-10 0.000104249)
(-1.06242e-09 -2.07623e-09 9.01629e-05)
(2.50874e-09 5.92661e-09 4.91148e-05)
(-2.8577e-10 3.92127e-09 7.4577e-05)
(9.97718e-10 -1.65993e-09 0.000105092)
(-4.29226e-10 -5.51637e-10 0.000109578)
(8.63035e-10 -1.51274e-09 0.000110137)
(-9.00974e-11 -1.44524e-09 0.000110211)
(-8.54837e-10 -1.33006e-09 0.000110211)
(-1.34975e-09 -1.25336e-09 0.000110137)
(-1.40999e-10 -6.57296e-10 0.000109578)
(-1.64262e-09 -8.16612e-10 0.000105092)
(-4.56427e-10 2.87651e-09 7.45773e-05)
(1.24248e-09 2.74282e-09 8.61138e-05)
(1.79231e-09 -1.18594e-09 0.000108471)
(9.06896e-10 -4.373e-10 0.000110154)
(9.40173e-10 -6.50789e-10 0.000110252)
(-6.19006e-11 -1.25843e-09 0.000110258)
(-3.15227e-11 -6.5642e-10 0.000110258)
(-7.32086e-10 -9.54641e-10 0.000110253)
(-9.39369e-10 1.17312e-10 0.000110154)
(-2.18465e-09 -6.03573e-10 0.000108471)
(-1.32906e-09 1.64505e-09 8.6114e-05)
(8.72288e-10 -4.86214e-11 9.01086e-05)
(2.12717e-10 -7.62803e-10 0.000109181)
(-9.18075e-11 2.47755e-10 0.000110221)
(4.15839e-10 2.11283e-10 0.000110258)
(-4.3686e-10 -6.27238e-11 0.000110259)
(-2.45127e-10 1.17496e-10 0.000110259)
(-4.71944e-10 -5.21776e-10 0.000110258)
(-5.37862e-10 3.73361e-10 0.000110221)
(-1.02249e-09 -2.51456e-10 0.000109181)
(-9.35381e-10 -5.88508e-10 9.01089e-05)
(7.30701e-10 1.95432e-09 9.01086e-05)
(3.48813e-10 -5.47226e-11 0.000109181)
(4.33827e-10 -9.94091e-11 0.00011022)
(5.79355e-10 -1.53009e-10 0.000110258)
(3.10177e-10 -1.94814e-10 0.000110259)
(2.40356e-11 6.52001e-11 0.000110259)
(-7.96436e-10 -5.30316e-10 0.000110258)
(-6.37224e-10 1.83883e-10 0.000110221)
(-1.14566e-09 4.56941e-10 0.000109181)
(-9.79334e-10 6.01643e-10 9.01089e-05)
(2.04351e-09 -5.61052e-10 8.61137e-05)
(1.28582e-09 1.3298e-10 0.000108471)
(3.82398e-10 1.5504e-10 0.000110155)
(9.94218e-10 4.75509e-10 0.000110253)
(-3.81132e-11 2.11845e-10 0.000110258)
(2.56371e-11 8.75759e-10 0.000110258)
(-1.33037e-09 3.44798e-10 0.000110253)
(-6.57576e-10 1.64883e-09 0.000110155)
(-1.19734e-09 7.0237e-10 0.000108472)
(-1.37705e-09 -2.28349e-09 8.61142e-05)
(1.78183e-09 -9.63962e-10 7.45766e-05)
(9.33461e-10 1.44438e-09 0.000105092)
(-1.58269e-09 -4.53092e-10 0.000109578)
(4.36434e-10 -6.08863e-11 0.000110138)
(-3.5189e-10 3.38339e-10 0.000110212)
(3.13242e-10 1.12731e-09 0.000110211)
(5.74592e-10 -4.61061e-11 0.000110137)
(1.49897e-09 1.06286e-09 0.000109578)
(-1.12374e-09 1.79108e-09 0.000105092)
(-6.68852e-10 -3.72546e-09 7.45767e-05)
(-3.14421e-09 -6.5082e-09 4.91144e-05)
(2.95608e-09 4.21972e-09 9.0163e-05)
(9.80955e-10 4.66326e-10 0.000104249)
(2.66738e-10 -9.40319e-10 0.000108046)
(-3.44902e-10 6.30129e-10 0.000108885)
(6.77211e-11 4.39065e-10 0.000108885)
(6.69234e-10 -1.39008e-09 0.000108045)
(7.79724e-11 2.79226e-09 0.000104249)
(-2.56271e-09 6.04429e-09 9.01631e-05)
(4.55682e-09 -8.47681e-09 4.91145e-05)
(-1.60103e-08 -1.22209e-08 1.90953e-05)
(-3.91155e-09 1.41067e-09 4.6005e-05)
(1.48312e-10 5.51753e-10 7.03555e-05)
(-2.88557e-09 -6.83449e-10 8.2722e-05)
(-1.0273e-09 7.98411e-10 8.68812e-05)
(-1.00173e-09 2.14806e-10 8.68811e-05)
(3.18752e-10 -6.82349e-10 8.27219e-05)
(-3.76694e-09 3.16592e-09 7.03551e-05)
(6.07328e-10 4.09989e-09 4.60047e-05)
(1.41682e-08 -1.06517e-08 1.90952e-05)
(-1.61815e-08 1.20107e-08 1.90949e-05)
(-7.39814e-09 2.13656e-09 4.60045e-05)
(-3.17653e-09 1.43662e-09 7.03549e-05)
(-4.98461e-09 5.72275e-10 8.27217e-05)
(-1.21842e-09 -1.56675e-09 8.68808e-05)
(2.26117e-11 -1.16757e-09 8.68807e-05)
(1.98702e-09 1.4671e-10 8.27213e-05)
(-4.28445e-10 -6.36434e-10 7.03548e-05)
(4.01703e-09 -5.81395e-10 4.60045e-05)
(1.40062e-08 1.05418e-08 1.90951e-05)
(-5.34619e-09 8.70354e-09 4.91146e-05)
(-1.70183e-09 2.92457e-10 9.01631e-05)
(-1.14287e-09 5.81568e-10 0.000104248)
(3.32303e-10 -1.02533e-09 0.000108045)
(-3.8787e-11 -1.7008e-09 0.000108884)
(4.10547e-10 -2.18743e-09 0.000108884)
(4.56261e-10 -2.65563e-10 0.000108045)
(1.33949e-09 -8.28132e-10 0.000104248)
(-3.50303e-10 -2.40573e-09 9.01629e-05)
(4.95361e-09 8.89492e-09 4.91151e-05)
(3.08293e-10 4.01452e-09 7.45766e-05)
(2.17031e-09 -4.90776e-10 0.000105092)
(5.77542e-10 -2.52818e-10 0.000109578)
(1.01341e-09 -1.61281e-09 0.000110137)
(2.3453e-10 -7.34872e-10 0.000110211)
(-3.36104e-10 -2.0628e-09 0.000110211)
(-1.0439e-09 -1.25569e-09 0.000110137)
(1.39014e-10 -2.30104e-10 0.000109578)
(-1.5962e-09 -1.51911e-09 0.000105092)
(4.39278e-11 3.78993e-09 7.4577e-05)
(1.07373e-09 2.97582e-09 8.61138e-05)
(1.74212e-09 -1.89953e-11 0.000108471)
(8.97003e-10 -1.71236e-10 0.000110155)
(6.58928e-10 -5.70991e-10 0.000110252)
(-2.17372e-10 -4.26001e-10 0.000110258)
(1.14811e-10 -1.03973e-09 0.000110257)
(-7.23293e-10 -6.45813e-10 0.000110252)
(-6.10576e-10 -8.54418e-11 0.000110154)
(-1.70992e-09 -1.18158e-09 0.000108471)
(-1.24469e-09 2.12521e-09 8.61138e-05)
(4.43511e-10 -1.42592e-10 9.01086e-05)
(-3.48706e-13 2.44496e-10 0.000109181)
(-2.34802e-11 4.11347e-10 0.000110221)
(5.12248e-10 -1.28405e-11 0.000110258)
(4.41052e-10 2.49237e-10 0.000110259)
(3.42005e-10 -3.57031e-10 0.000110259)
(-3.18883e-10 -1.49319e-10 0.000110258)
(-2.40341e-10 -1.45482e-10 0.000110221)
(-8.54524e-10 -7.84882e-10 0.000109181)
(-8.90009e-10 -4.51976e-10 9.01086e-05)
(7.13805e-10 1.53493e-09 9.01086e-05)
(3.58066e-10 4.86836e-10 0.000109181)
(7.1819e-12 -1.02076e-10 0.000110221)
(4.11144e-10 -4.37347e-10 0.000110258)
(-7.73032e-11 -6.77761e-11 0.000110259)
(-5.0766e-10 -1.58482e-10 0.000110259)
(-7.88157e-10 -6.10457e-10 0.000110258)
(-4.42989e-10 -6.88691e-11 0.000110221)
(-6.34246e-10 -3.00438e-10 0.000109181)
(-6.84193e-10 1.43354e-10 9.01088e-05)
(1.73766e-09 -1.02668e-09 8.61138e-05)
(1.49862e-09 -3.62216e-11 0.000108471)
(8.49887e-10 7.04353e-10 0.000110155)
(9.55288e-10 1.5576e-10 0.000110252)
(-2.3512e-10 7.11186e-11 0.000110258)
(-1.31081e-10 5.19309e-10 0.000110258)
(-1.09922e-09 2.83534e-11 0.000110252)
(-7.95731e-10 3.38765e-10 0.000110154)
(-1.88344e-09 6.45602e-11 0.000108471)
(-1.9508e-09 -1.32245e-09 8.61136e-05)
(6.51647e-10 -3.2611e-09 7.4577e-05)
(9.39538e-10 8.98818e-10 0.000105092)
(-1.13562e-09 2.81679e-11 0.000109578)
(2.08682e-10 5.84906e-10 0.000110138)
(-4.04821e-10 5.3859e-11 0.000110211)
(3.87625e-10 6.36945e-10 0.000110211)
(1.35104e-10 3.2839e-10 0.000110137)
(1.85639e-09 -7.49006e-10 0.000109578)
(-1.0668e-09 1.30935e-09 0.000105092)
(-1.63379e-09 -1.92104e-09 7.45766e-05)
(-3.41856e-09 -7.12543e-09 4.91145e-05)
(1.02204e-09 2.6216e-09 9.01631e-05)
(5.34595e-10 1.167e-09 0.000104249)
(3.05032e-10 -4.48187e-10 0.000108045)
(-3.50033e-10 2.83754e-10 0.000108884)
(2.5065e-10 3.55427e-10 0.000108884)
(9.42877e-10 -2.28286e-10 0.000108045)
(4.11351e-10 1.69027e-09 0.000104248)
(-2.83905e-09 4.94914e-09 9.0163e-05)
(3.15583e-09 -5.94934e-09 4.91147e-05)
(-1.30689e-08 -9.32763e-09 1.90949e-05)
(-5.11306e-09 -8.48926e-11 4.60043e-05)
(5.61895e-11 1.2436e-09 7.03548e-05)
(-3.245e-09 -9.06823e-10 8.27214e-05)
(-1.64647e-09 4.21551e-10 8.68807e-05)
(-1.80473e-09 1.68119e-12 8.68806e-05)
(-5.87566e-10 7.01891e-11 8.27213e-05)
(-3.17617e-09 2.95345e-09 7.0355e-05)
(1.46558e-09 2.86195e-09 4.60046e-05)
(1.11356e-08 -7.95051e-09 1.9095e-05)
(-1.19421e-08 1.0099e-08 1.9095e-05)
(-2.40321e-09 -5.34964e-10 4.60046e-05)
(-2.53506e-09 1.04494e-09 7.03546e-05)
(-3.659e-09 1.60326e-10 8.27213e-05)
(-3.93485e-10 -7.10891e-10 8.68802e-05)
(-1.22324e-09 -1.02707e-09 8.68804e-05)
(1.2889e-09 -2.08109e-10 8.2721e-05)
(-9.73822e-10 -1.06259e-09 7.03547e-05)
(1.80162e-09 -3.14229e-09 4.60044e-05)
(1.59017e-08 1.2816e-08 1.90948e-05)
(-4.46986e-09 6.87908e-09 4.91147e-05)
(-5.88993e-10 -2.10435e-09 9.01633e-05)
(-1.22022e-09 -6.97448e-11 0.000104249)
(-4.32048e-10 -1.20067e-10 0.000108044)
(-6.12391e-10 -1.69305e-09 0.000108884)
(5.06215e-11 -1.67582e-09 0.000108883)
(-6.27648e-11 -1.02727e-10 0.000108045)
(5.55976e-11 -9.8902e-10 0.000104248)
(-9.00541e-10 -3.44742e-09 9.01631e-05)
(4.64337e-09 8.31882e-09 4.91147e-05)
(-2.77051e-10 2.41499e-09 7.45765e-05)
(6.26919e-10 -1.67503e-09 0.000105092)
(-3.45674e-10 -8.02145e-10 0.000109578)
(5.97092e-10 -6.91217e-10 0.000110137)
(2.46531e-11 -1.24059e-09 0.000110211)
(-2.52984e-10 -1.21519e-09 0.000110211)
(-1.09063e-09 -1.10912e-09 0.000110137)
(2.03933e-10 -5.08773e-10 0.000109578)
(-1.84213e-09 -1.1313e-09 0.000105092)
(-1.1775e-09 2.63274e-09 7.45769e-05)
(9.14317e-10 2.33378e-09 8.61134e-05)
(1.50632e-09 -9.19965e-10 0.000108471)
(7.44694e-10 -2.29427e-10 0.000110154)
(1.1523e-09 -4.59526e-10 0.000110252)
(2.07427e-10 -2.78956e-10 0.000110258)
(-3.35182e-10 -2.00702e-10 0.000110257)
(-8.44568e-10 -3.5109e-10 0.000110252)
(-9.72166e-10 -2.42455e-10 0.000110154)
(-2.0152e-09 -6.78951e-10 0.000108471)
(-1.20807e-09 1.88504e-09 8.61136e-05)
(8.71956e-10 -5.23045e-10 9.01081e-05)
(9.51797e-10 -2.79542e-10 0.000109181)
(5.00742e-10 5.33084e-10 0.00011022)
(6.13885e-10 1.01481e-10 0.000110258)
(1.17765e-10 2.1458e-11 0.000110259)
(2.26664e-10 -1.20097e-10 0.000110259)
(-1.19316e-10 3.0347e-10 0.000110258)
(-5.60378e-11 5.56864e-10 0.00011022)
(-9.28718e-10 -8.32405e-11 0.000109181)
(-1.24448e-09 -4.64968e-10 9.01086e-05)
(6.02431e-10 1.01456e-09 9.01085e-05)
(3.25975e-10 2.2976e-10 0.000109181)
(3.28321e-10 2.52074e-10 0.000110221)
(3.64247e-11 5.03425e-11 0.000110258)
(-7.26512e-10 -4.28539e-11 0.000110259)
(-2.064e-10 -4.5678e-10 0.000110259)
(-4.08173e-10 -5.4779e-10 0.000110258)
(-5.39704e-10 4.61687e-10 0.000110221)
(-7.1299e-10 -1.64752e-11 0.000109181)
(-6.64111e-10 2.46942e-10 9.01087e-05)
(1.34282e-09 -1.53024e-09 8.61137e-05)
(9.01291e-10 8.82523e-11 0.000108471)
(2.79749e-10 8.91301e-10 0.000110155)
(4.1912e-10 2.32108e-10 0.000110252)
(-3.32274e-10 6.21097e-10 0.000110258)
(1.58121e-10 2.90358e-10 0.000110258)
(-9.16711e-10 5.34065e-10 0.000110252)
(-2.49826e-10 1.12352e-09 0.000110154)
(-6.72451e-10 -5.72076e-11 0.000108471)
(-1.11406e-09 -2.01722e-09 8.61135e-05)
(1.96043e-09 -2.23236e-09 7.45768e-05)
(1.79792e-09 2.09429e-09 0.000105092)
(-7.43023e-10 5.52645e-10 0.000109578)
(1.44644e-09 -3.60542e-10 0.000110137)
(1.7852e-10 7.0411e-10 0.000110211)
(1.17697e-10 6.65772e-10 0.000110211)
(-7.00068e-10 3.37862e-10 0.000110138)
(5.69965e-10 -3.71496e-10 0.000109578)
(-1.4573e-09 1.10518e-09 0.000105092)
(-1.6953e-09 -1.88248e-09 7.45764e-05)
(-2.45873e-09 -7.64866e-09 4.9115e-05)
(5.04765e-09 6.27688e-09 9.01635e-05)
(1.39938e-09 1.11742e-09 0.000104249)
(1.11531e-09 -5.92889e-10 0.000108045)
(5.22915e-10 9.16054e-10 0.000108884)
(8.73101e-11 9.2285e-10 0.000108884)
(5.92913e-11 -5.2136e-10 0.000108045)
(-3.44454e-10 1.51075e-09 0.000104248)
(-3.08071e-09 5.30318e-09 9.0163e-05)
(4.09061e-09 -7.64648e-09 4.91145e-05)
(-1.48739e-08 -1.13972e-08 1.90948e-05)
(-2.17469e-09 2.71241e-09 4.60045e-05)
(6.97555e-10 5.09605e-10 7.03548e-05)
(-2.66657e-09 -1.67715e-10 8.27217e-05)
(-6.75235e-10 7.51124e-10 8.68809e-05)
(-1.71745e-09 5.85207e-10 8.68807e-05)
(-1.65893e-11 3.83803e-10 8.27215e-05)
(-2.90885e-09 2.52451e-09 7.03548e-05)
(4.81738e-10 3.85474e-09 4.60043e-05)
(1.64704e-08 -1.26672e-08 1.9095e-05)
(-1.06577e-08 9.35823e-09 1.90955e-05)
(-2.30059e-09 -8.27559e-10 4.60049e-05)
(-1.06944e-09 5.76374e-10 7.03554e-05)
(-3.4913e-09 4.19264e-10 8.27217e-05)
(-4.71057e-11 -7.69429e-10 8.68807e-05)
(-1.23524e-09 -1.20544e-09 8.68808e-05)
(1.39276e-09 -5.71457e-11 8.27213e-05)
(8.09863e-12 -6.46519e-10 7.03548e-05)
(2.76749e-09 -1.1903e-09 4.60042e-05)
(1.42746e-08 1.05421e-08 1.90949e-05)
(-4.53942e-09 7.79221e-09 4.91149e-05)
(-1.10187e-09 -2.94193e-09 9.01631e-05)
(-1.98472e-09 1.13268e-10 0.000104248)
(5.35716e-10 -4.28145e-10 0.000108045)
(4.63625e-10 -1.18907e-09 0.000108884)
(8.40018e-10 -2.48574e-09 0.000108884)
(5.01539e-10 -2.52713e-10 0.000108045)
(1.30924e-09 -3.05775e-10 0.000104249)
(-4.95504e-10 -1.36696e-09 9.01627e-05)
(3.34316e-09 7.39624e-09 4.91144e-05)
(-3.71807e-10 3.84339e-09 7.45767e-05)
(1.36514e-09 -1.84873e-09 0.000105092)
(-3.11258e-10 -6.22243e-10 0.000109578)
(5.43093e-10 -1.28923e-09 0.000110137)
(1.18043e-10 -9.29795e-10 0.000110211)
(-2.33712e-10 -1.74128e-09 0.000110211)
(-9.67537e-10 -1.39191e-09 0.000110137)
(7.13286e-10 -3.09554e-11 0.000109578)
(-7.2788e-10 -2.47762e-10 0.000105092)
(-5.623e-10 2.94097e-09 7.45764e-05)
(1.6395e-09 2.64796e-09 8.61136e-05)
(2.05758e-09 -3.79359e-10 0.000108471)
(6.94639e-10 -4.4024e-10 0.000110155)
(8.82938e-10 -4.20043e-10 0.000110252)
(1.06599e-10 -3.15804e-10 0.000110258)
(1.18836e-10 -2.54182e-10 0.000110258)
(-9.84368e-10 -7.80318e-10 0.000110253)
(-1.03163e-09 -3.64255e-10 0.000110154)
(-1.20944e-09 5.25231e-12 0.000108471)
(-5.6712e-10 2.76766e-09 8.61135e-05)
(1.0858e-09 -1.54289e-10 9.01083e-05)
(7.86929e-10 -3.47872e-11 0.000109181)
(2.53597e-10 3.70784e-10 0.00011022)
(-1.75662e-10 9.92978e-11 0.000110258)
(-4.35292e-10 3.4201e-10 0.000110259)
(1.79292e-10 4.24319e-10 0.000110259)
(-2.39709e-10 2.83992e-10 0.000110258)
(2.23626e-10 4.92642e-10 0.00011022)
(-5.71981e-10 5.89541e-10 0.000109181)
(-9.06177e-10 3.37296e-11 9.01087e-05)
(1.12067e-09 1.35218e-09 9.01087e-05)
(8.85057e-10 1.03637e-11 0.000109181)
(-4.3925e-11 -6.20575e-12 0.000110221)
(3.78377e-10 -5.32634e-10 0.000110258)
(3.28778e-10 -2.38348e-10 0.000110259)
(2.18964e-10 1.37444e-10 0.000110259)
(-4.2387e-10 -4.44185e-10 0.000110258)
(-8.33198e-10 -3.32398e-10 0.000110221)
(-1.13099e-09 3.7364e-10 0.000109181)
(-8.98641e-10 2.93812e-10 9.01086e-05)
(1.69528e-09 -1.72129e-09 8.61139e-05)
(1.40923e-09 -3.58434e-10 0.000108471)
(4.33136e-10 4.52683e-10 0.000110154)
(5.65718e-10 6.5596e-11 0.000110252)
(-3.39435e-10 4.36163e-10 0.000110258)
(3.54234e-10 6.895e-10 0.000110258)
(-6.94886e-10 -3.56992e-10 0.000110253)
(-4.23866e-10 2.93572e-10 0.000110155)
(-1.19068e-09 3.77356e-10 0.000108471)
(-1.49006e-09 -2.06627e-09 8.6114e-05)
(4.52194e-10 -3.76533e-09 7.45766e-05)
(3.45525e-10 6.94399e-10 0.000105092)
(-1.13128e-09 -2.27398e-10 0.000109578)
(4.32023e-10 -9.183e-10 0.000110137)
(-3.19445e-10 7.83735e-10 0.000110211)
(6.26927e-10 2.84683e-10 0.000110211)
(2.9188e-10 -3.43866e-10 0.000110137)
(2.30103e-09 -6.08495e-10 0.000109578)
(-2.36307e-10 2.51886e-09 0.000105092)
(-6.70162e-10 -2.59371e-09 7.45768e-05)
(-4.91488e-09 -8.67912e-09 4.91145e-05)
(1.2551e-09 3.2203e-09 9.01631e-05)
(8.97489e-10 3.45822e-10 0.000104249)
(8.80986e-10 -1.73288e-09 0.000108045)
(-9.92873e-12 4.06763e-10 0.000108884)
(7.09919e-10 1.68707e-10 0.000108885)
(8.5718e-10 -1.44363e-09 0.000108045)
(6.9848e-11 1.6027e-09 0.000104248)
(-2.49499e-09 6.23306e-09 9.01633e-05)
(4.71106e-09 -8.14253e-09 4.9115e-05)
(-1.26361e-08 -1.02439e-08 1.90953e-05)
(-4.04571e-09 5.21982e-10 4.6005e-05)
(2.1332e-10 2.81806e-10 7.03553e-05)
(-2.41434e-09 -7.38762e-10 8.2722e-05)
(-1.25343e-09 5.44335e-10 8.68812e-05)
(-1.53446e-09 6.067e-10 8.68813e-05)
(-7.4334e-11 -3.65636e-10 8.2722e-05)
(-2.74486e-09 2.64741e-09 7.03552e-05)
(6.63852e-10 3.24713e-09 4.60048e-05)
(1.31695e-08 -1.04797e-08 1.90953e-05)
(-1.65694e-08 1.25843e-08 1.90952e-05)
(-4.32608e-09 -2.87886e-11 4.60043e-05)
(-2.13408e-09 9.20094e-10 7.03549e-05)
(-4.58025e-09 2.13749e-10 8.27216e-05)
(-9.42103e-10 -9.47633e-10 8.68809e-05)
(-1.51333e-09 -8.54518e-10 8.68808e-05)
(1.10946e-09 -4.89943e-10 8.27218e-05)
(-7.8302e-10 -1.19154e-09 7.0355e-05)
(8.12509e-10 -3.14777e-09 4.60047e-05)
(1.06539e-08 8.03176e-09 1.90951e-05)
(-2.44438e-09 6.1179e-09 4.91144e-05)
(1.03565e-09 -2.46692e-09 9.01624e-05)
(2.61312e-10 -6.12233e-10 0.000104248)
(1.38974e-09 -5.7254e-10 0.000108045)
(-9.25825e-11 -1.63133e-09 0.000108884)
(3.96157e-10 -1.39844e-09 0.000108884)
(8.12264e-10 -6.06584e-10 0.000108045)
(4.67989e-10 -1.90048e-09 0.000104249)
(-9.84463e-10 -3.65802e-09 9.01628e-05)
(4.21688e-09 6.99996e-09 4.91144e-05)
(-1.75075e-10 2.95804e-09 7.45767e-05)
(6.19522e-10 -1.06689e-09 0.000105092)
(1.4864e-10 5.02014e-11 0.000109578)
(1.36848e-09 -1.40416e-09 0.000110138)
(-1.09381e-10 -1.09458e-09 0.000110211)
(-5.20158e-10 -1.20259e-09 0.000110212)
(-1.21315e-09 -1.13863e-09 0.000110138)
(-2.56157e-10 -1.48486e-09 0.000109578)
(-1.66949e-09 -1.74554e-09 0.000105092)
(-1.76972e-10 3.4012e-09 7.45761e-05)
(1.68898e-09 2.29187e-09 8.6114e-05)
(2.39496e-09 -9.22334e-10 0.000108471)
(8.64131e-10 -1.60865e-10 0.000110155)
(8.23013e-10 -9.69577e-10 0.000110252)
(6.76286e-11 -3.42483e-10 0.000110258)
(6.19776e-10 -2.00467e-10 0.000110258)
(-2.62474e-10 -3.8997e-10 0.000110253)
(-5.26538e-10 -4.97517e-10 0.000110155)
(-1.75599e-09 -1.03368e-09 0.000108471)
(-1.41638e-09 2.63859e-09 8.61134e-05)
(9.34831e-10 -9.81491e-10 9.01087e-05)
(7.536e-10 -5.34876e-10 0.000109181)
(3.89024e-10 1.00103e-11 0.000110221)
(3.18287e-10 -5.78649e-12 0.000110258)
(8.02028e-11 1.61887e-10 0.000110259)
(3.44919e-10 5.44176e-10 0.000110259)
(-3.48021e-10 -5.67928e-11 0.000110258)
(-1.76822e-10 1.8416e-10 0.00011022)
(-1.09546e-09 -5.35874e-10 0.000109181)
(-1.26245e-09 -3.72715e-10 9.01083e-05)
(7.82895e-10 7.65827e-10 9.01086e-05)
(4.94411e-10 3.50504e-10 0.000109181)
(1.49147e-10 -1.89166e-10 0.000110221)
(5.28584e-12 -3.86554e-10 0.000110258)
(-3.28798e-10 -3.23917e-10 0.000110259)
(-3.49059e-10 -1.35052e-10 0.000110259)
(-5.43139e-10 -5.3576e-10 0.000110258)
(-3.09796e-10 -1.61839e-10 0.00011022)
(-6.79171e-10 4.39338e-10 0.000109181)
(-5.11413e-10 4.86466e-10 9.01086e-05)
(1.83938e-09 -1.19589e-09 8.61136e-05)
(1.87284e-09 3.04799e-10 0.000108471)
(9.91986e-10 4.73574e-10 0.000110154)
(7.89177e-10 8.72958e-11 0.000110252)
(-5.3739e-10 4.72278e-10 0.000110258)
(2.06301e-10 7.61194e-10 0.000110258)
(-2.94296e-10 1.06017e-10 0.000110252)
(-3.74157e-10 1.04342e-09 0.000110155)
(-1.1928e-09 4.35454e-10 0.000108471)
(-1.12663e-09 -2.2106e-09 8.6114e-05)
(2.01347e-09 -2.27477e-09 7.45766e-05)
(2.23353e-09 2.02366e-09 0.000105092)
(-1.21838e-09 -1.32335e-10 0.000109578)
(5.84372e-10 -9.31686e-12 0.000110137)
(7.54737e-10 4.26267e-10 0.000110211)
(4.06135e-10 8.05659e-10 0.000110211)
(-4.21049e-10 -2.05835e-10 0.000110137)
(1.21975e-09 -2.68889e-10 0.000109578)
(-1.28164e-09 9.77091e-10 0.000105092)
(-8.1314e-10 -3.41672e-09 7.45767e-05)
(-4.7564e-09 -8.49707e-09 4.91145e-05)
(1.74609e-09 4.01426e-09 9.01628e-05)
(-9.80316e-11 -1.13712e-10 0.000104249)
(-4.2883e-11 -7.8301e-10 0.000108045)
(2.53291e-10 6.16507e-10 0.000108884)
(2.33451e-10 3.46909e-10 0.000108884)
(2.105e-10 -1.22375e-09 0.000108045)
(5.06717e-10 5.8643e-10 0.000104249)
(-2.54697e-09 4.91485e-09 9.01635e-05)
(4.44985e-09 -7.98103e-09 4.91148e-05)
(-1.21836e-08 -9.37837e-09 1.90951e-05)
(-4.1962e-09 1.12704e-09 4.60045e-05)
(-6.8495e-10 1.87452e-10 7.0355e-05)
(-3.22339e-09 -5.06807e-10 8.27216e-05)
(-9.61868e-10 1.1463e-09 8.68806e-05)
(-1.21061e-09 6.42024e-10 8.68808e-05)
(1.38897e-10 -3.20067e-10 8.27218e-05)
(-2.50111e-09 1.67537e-09 7.03552e-05)
(1.27964e-09 2.71986e-09 4.6005e-05)
(1.27021e-08 -9.86497e-09 1.90953e-05)
(-1.2404e-08 9.11606e-09 1.90947e-05)
(-3.67922e-09 -1.12775e-09 4.60043e-05)
(-1.30319e-09 2.93749e-10 7.03543e-05)
(-2.79114e-09 -4.62776e-10 8.27214e-05)
(-5.73619e-10 -7.92724e-10 8.68808e-05)
(-6.45384e-10 -1.18843e-09 8.68809e-05)
(1.27075e-09 -7.86523e-12 8.2722e-05)
(-6.72805e-10 -1.44748e-09 7.03554e-05)
(3.14951e-09 -1.53413e-09 4.60049e-05)
(1.16392e-08 8.97887e-09 1.90949e-05)
(-4.71939e-09 8.84586e-09 4.9114e-05)
(-1.16357e-09 -1.09252e-09 9.01625e-05)
(-9.05529e-10 -7.42883e-10 0.000104248)
(1.07352e-09 -1.17263e-09 0.000108045)
(8.09137e-11 -8.40319e-10 0.000108884)
(4.10248e-10 -1.48087e-09 0.000108884)
(5.32356e-10 -6.30535e-10 0.000108045)
(9.5577e-10 -2.39828e-09 0.000104249)
(1.60838e-09 -1.79517e-09 9.01628e-05)
(6.64877e-09 9.49412e-09 4.91144e-05)
(-1.22192e-09 5.68136e-09 7.45765e-05)
(6.7784e-10 -3.91536e-10 0.000105092)
(2.16873e-10 -1.28913e-09 0.000109578)
(5.72488e-10 -1.18568e-09 0.000110137)
(-6.42179e-11 -9.54485e-10 0.000110211)
(5.58388e-10 -1.19048e-09 0.000110211)
(-2.02542e-10 -1.26581e-09 0.000110137)
(2.38181e-10 -1.61136e-09 0.000109578)
(-9.36966e-10 -7.12458e-10 0.000105092)
(9.51233e-10 5.44091e-09 7.45767e-05)
(1.2134e-09 3.15225e-09 8.61137e-05)
(2.35459e-09 -4.62771e-10 0.000108471)
(1.77059e-09 -1.10434e-09 0.000110154)
(1.48018e-09 -8.06919e-10 0.000110253)
(3.86702e-10 -8.19729e-10 0.000110258)
(-2.38349e-10 -7.8835e-10 0.000110258)
(-1.29999e-09 -7.37404e-10 0.000110253)
(-1.03557e-09 -1.03269e-09 0.000110154)
(-2.25104e-09 -8.13088e-10 0.000108471)
(-1.17895e-09 3.52046e-09 8.61138e-05)
(1.04072e-09 -6.52666e-10 9.01087e-05)
(7.81519e-10 -2.84678e-10 0.000109181)
(2.61337e-10 -4.67928e-11 0.000110221)
(6.09597e-10 -8.8875e-12 0.000110258)
(4.25579e-10 1.66858e-10 0.000110259)
(3.71461e-10 1.59236e-10 0.000110259)
(-1.97304e-10 -3.7165e-10 0.000110258)
(-2.0637e-10 -1.01413e-10 0.00011022)
(-1.27426e-09 -3.12438e-10 0.00010918)
(-1.19599e-09 6.72166e-10 9.01085e-05)
(1.08604e-09 4.09482e-10 9.01084e-05)
(1.1495e-09 -4.61044e-10 0.000109181)
(2.71239e-10 -6.00342e-10 0.00011022)
(1.62748e-10 -3.85005e-10 0.000110258)
(3.63322e-10 2.63967e-10 0.000110259)
(1.76853e-10 6.13613e-11 0.000110259)
(-3.0099e-10 -2.85097e-10 0.000110258)
(-6.28199e-10 6.54064e-11 0.00011022)
(-1.40846e-09 1.30662e-10 0.000109181)
(-9.18697e-10 8.35367e-10 9.01088e-05)
(1.38691e-09 -2.24496e-09 8.61135e-05)
(1.47467e-09 -7.98577e-10 0.000108471)
(6.41601e-10 -1.63549e-11 0.000110155)
(9.34871e-10 4.77853e-10 0.000110253)
(-5.39733e-11 9.67418e-10 0.000110258)
(3.28154e-10 6.22346e-10 0.000110258)
(-4.16516e-10 5.93646e-10 0.000110252)
(-6.85465e-11 1.18515e-09 0.000110154)
(-2.21285e-11 2.96596e-10 0.000108471)
(-6.20563e-10 -1.47208e-09 8.61136e-05)
(1.05843e-09 -2.66213e-09 7.45763e-05)
(4.78741e-10 7.13014e-10 0.000105092)
(-1.45762e-09 -1.26053e-10 0.000109578)
(3.9982e-10 1.63582e-10 0.000110137)
(-4.5179e-10 3.73562e-10 0.000110211)
(8.81933e-11 4.86195e-10 0.000110211)
(4.14114e-10 2.10355e-10 0.000110137)
(2.13775e-09 -6.19267e-12 0.000109578)
(7.46777e-11 4.8148e-10 0.000105092)
(-8.81904e-10 -1.51667e-09 7.45762e-05)
(-3.49913e-09 -6.98924e-09 4.91144e-05)
(3.0432e-09 3.8747e-09 9.01624e-05)
(1.27265e-09 7.95926e-11 0.000104248)
(3.64775e-10 -8.97612e-10 0.000108045)
(3.11554e-11 9.08259e-10 0.000108884)
(-3.48449e-10 6.12942e-10 0.000108884)
(2.99292e-12 -4.15479e-10 0.000108045)
(-1.2844e-10 1.96772e-09 0.000104248)
(-2.53998e-09 3.93467e-09 9.01627e-05)
(2.48947e-09 -5.68394e-09 4.91142e-05)
(-1.27808e-08 -1.01935e-08 1.90947e-05)
(-3.7394e-09 4.40371e-10 4.60039e-05)
(-6.84333e-11 -7.55144e-11 7.03543e-05)
(-2.64342e-09 -4.41712e-10 8.2721e-05)
(-1.07047e-09 1.49347e-09 8.68804e-05)
(-6.85376e-10 9.47685e-10 8.68803e-05)
(7.72295e-10 1.24088e-10 8.27213e-05)
(-2.73425e-09 3.41754e-09 7.03545e-05)
(1.8441e-09 2.67259e-09 4.60041e-05)
(1.37801e-08 -1.01947e-08 1.90947e-05)
(-1.5235e-08 1.15586e-08 1.90946e-05)
(-4.42204e-09 -1.79505e-09 4.60043e-05)
(-6.19597e-10 -1.48369e-10 7.03546e-05)
(-2.07702e-09 -6.13688e-10 8.27211e-05)
(-1.99077e-10 -1.24375e-09 8.68807e-05)
(1.81273e-10 -1.19647e-09 8.68809e-05)
(2.10409e-09 -2.83256e-10 8.27216e-05)
(9.1138e-10 -9.55478e-10 7.0355e-05)
(3.67175e-09 -3.49642e-10 4.60046e-05)
(1.11165e-08 9.44268e-09 1.90948e-05)
(-4.01021e-09 8.32684e-09 4.91142e-05)
(1.07931e-09 -3.54248e-09 9.01625e-05)
(2.9143e-10 -1.00559e-09 0.000104248)
(1.80939e-09 -4.91825e-10 0.000108044)
(5.19615e-10 -9.8506e-10 0.000108884)
(7.33086e-10 -1.52093e-09 0.000108884)
(9.48116e-10 -8.74618e-10 0.000108045)
(1.48304e-09 -1.28669e-09 0.000104248)
(2.0493e-09 -1.79806e-10 9.01624e-05)
(5.18495e-09 8.23864e-09 4.91144e-05)
(5.54238e-10 3.29135e-09 7.45764e-05)
(1.13301e-09 -1.48296e-09 0.000105092)
(-4.07042e-10 -7.38963e-10 0.000109578)
(1.49556e-09 -6.10667e-10 0.000110137)
(2.52052e-10 -9.22486e-10 0.000110211)
(-4.13603e-10 -1.06566e-09 0.000110211)
(-6.05227e-10 -1.31588e-09 0.000110137)
(5.45491e-11 -5.28113e-10 0.000109578)
(-1.33414e-09 -4.14658e-10 0.000105092)
(1.81423e-11 3.10129e-09 7.45769e-05)
(1.50146e-09 2.3479e-09 8.61136e-05)
(1.97195e-09 -9.80533e-10 0.000108471)
(5.52172e-10 1.19398e-10 0.000110155)
(4.05437e-10 -8.20359e-10 0.000110253)
(-3.35351e-10 -9.4822e-10 0.000110258)
(8.11372e-11 -6.72954e-10 0.000110258)
(-7.0774e-10 -8.78082e-10 0.000110253)
(-1.59981e-09 -3.86842e-10 0.000110154)
(-2.94346e-09 -1.48784e-09 0.000108471)
(-1.3039e-09 2.41498e-09 8.61139e-05)
(8.98572e-10 -6.37386e-10 9.01084e-05)
(8.42969e-10 -2.81196e-10 0.000109181)
(1.00822e-10 2.42994e-10 0.000110221)
(3.74737e-10 -2.84847e-10 0.000110258)
(3.66129e-10 1.60543e-10 0.000110259)
(5.24258e-11 -8.71345e-11 0.000110259)
(-3.24088e-10 2.06339e-12 0.000110258)
(-2.45797e-10 3.81983e-10 0.000110221)
(-6.8332e-10 -1.77805e-10 0.000109181)
(-5.40351e-10 1.01331e-10 9.01085e-05)
(7.78089e-10 2.91345e-10 9.01087e-05)
(8.99446e-10 -1.10039e-10 0.000109181)
(2.36843e-10 -6.03762e-10 0.000110221)
(5.39362e-10 -3.31204e-10 0.000110258)
(3.47329e-10 -4.18103e-10 0.000110259)
(-5.69014e-10 -4.93117e-10 0.000110259)
(-8.4209e-10 -6.13017e-12 0.000110258)
(-4.2332e-10 4.12462e-10 0.000110221)
(-1.00375e-09 4.85983e-10 0.000109181)
(-9.22419e-10 5.15551e-10 9.01086e-05)
(7.48823e-10 -2.48843e-09 8.6114e-05)
(6.00431e-10 3.41606e-11 0.000108471)
(1.25379e-10 6.9132e-10 0.000110154)
(5.09636e-10 3.89762e-10 0.000110252)
(2.30612e-10 3.57084e-10 0.000110258)
(4.08648e-10 2.05527e-10 0.000110258)
(-9.25508e-10 6.86348e-10 0.000110252)
(-3.48107e-10 4.78011e-10 0.000110154)
(-1.15072e-09 2.18773e-11 0.000108471)
(-1.38551e-09 -1.91523e-09 8.61137e-05)
(8.83008e-10 -1.94619e-09 7.45768e-05)
(1.21395e-09 2.73452e-09 0.000105092)
(-9.84081e-10 4.29975e-10 0.000109578)
(2.06135e-10 -4.35666e-10 0.000110137)
(-1.74358e-10 5.92678e-10 0.000110211)
(5.98217e-10 6.74807e-10 0.000110211)
(-3.19788e-10 -1.20988e-10 0.000110137)
(1.69051e-09 -1.51682e-10 0.000109578)
(-8.98812e-10 1.46019e-09 0.000105092)
(-2.56555e-09 -8.40139e-10 7.45767e-05)
(-2.49559e-09 -6.02562e-09 4.91143e-05)
(3.54858e-09 5.16927e-09 9.01624e-05)
(5.23166e-10 1.00345e-09 0.000104248)
(5.9939e-10 -1.03207e-09 0.000108045)
(6.47508e-10 3.33602e-10 0.000108884)
(2.5016e-10 1.12756e-09 0.000108884)
(6.60746e-10 -1.16272e-09 0.000108045)
(-3.95534e-10 1.59864e-09 0.000104248)
(-3.27138e-09 5.29309e-09 9.01625e-05)
(3.13533e-09 -6.40453e-09 4.91143e-05)
(-1.3744e-08 -1.04738e-08 1.90948e-05)
(-5.34064e-09 4.57805e-11 4.60041e-05)
(-9.313e-10 4.9523e-10 7.03546e-05)
(-2.70293e-09 -3.47699e-10 8.27211e-05)
(-1.04805e-09 5.73144e-10 8.68807e-05)
(-1.25449e-09 1.19524e-09 8.68806e-05)
(2.74285e-11 2.38906e-10 8.27216e-05)
(-2.14049e-09 1.77839e-09 7.0355e-05)
(2.05098e-09 2.63128e-09 4.60043e-05)
(1.35205e-08 -1.04239e-08 1.90949e-05)
(-1.34292e-08 1.07155e-08 1.90949e-05)
(-4.3554e-09 -1.03384e-09 4.60044e-05)
(-2.60802e-09 7.08753e-10 7.0355e-05)
(-3.26638e-09 -3.00763e-10 8.27213e-05)
(-1.75152e-10 -1.30884e-09 8.68808e-05)
(-6.08631e-10 -1.19609e-09 8.68808e-05)
(1.19709e-09 -2.2907e-10 8.27212e-05)
(3.24698e-10 -5.90843e-10 7.03548e-05)
(3.75407e-09 -1.12765e-09 4.60044e-05)
(1.13473e-08 9.19446e-09 1.90951e-05)
(-3.73679e-09 6.96983e-09 4.91145e-05)
(7.1288e-10 -2.80064e-09 9.01631e-05)
(-5.6275e-10 -6.91445e-10 0.000104248)
(6.1035e-10 -1.02017e-09 0.000108045)
(7.25941e-10 -1.19816e-09 0.000108884)
(7.98299e-10 -1.12802e-09 0.000108884)
(7.65223e-10 -1.89013e-10 0.000108044)
(1.27192e-09 -4.86397e-10 0.000104248)
(-3.50485e-10 -2.0568e-09 9.01628e-05)
(4.83076e-09 8.59483e-09 4.91144e-05)
(-1.6359e-10 3.02936e-09 7.45767e-05)
(9.72036e-10 -4.8173e-10 0.000105092)
(4.13914e-11 -2.08844e-10 0.000109578)
(1.18567e-09 -1.15307e-09 0.000110137)
(6.08079e-10 -7.0184e-10 0.000110211)
(3.97802e-10 -6.73414e-10 0.000110211)
(-5.10321e-10 -5.94869e-10 0.000110137)
(-1.18239e-10 -4.35301e-11 0.000109578)
(-1.35261e-09 -4.00776e-10 0.000105092)
(6.69348e-11 3.61946e-09 7.45766e-05)
(1.11895e-09 2.3591e-09 8.61134e-05)
(1.74057e-09 -3.30361e-10 0.000108471)
(7.87568e-10 2.1092e-10 0.000110155)
(3.81161e-10 -5.97221e-10 0.000110253)
(1.52534e-10 -2.48004e-10 0.000110258)
(6.79683e-11 -6.52153e-10 0.000110258)
(-1.48653e-09 -2.45285e-10 0.000110253)
(-1.5448e-09 -2.20822e-10 0.000110154)
(-2.12228e-09 -9.37066e-10 0.000108471)
(-8.96983e-10 2.54487e-09 8.61135e-05)
(1.12439e-09 -4.2778e-10 9.01084e-05)
(4.53196e-10 -5.5587e-10 0.000109181)
(-9.45719e-11 4.62458e-10 0.00011022)
(7.21084e-10 -2.61361e-10 0.000110258)
(-1.36855e-10 9.40365e-11 0.000110259)
(-1.31409e-10 1.54228e-10 0.000110259)
(-1.56477e-10 -3.05957e-10 0.000110258)
(-6.83656e-11 4.72589e-10 0.000110221)
(-7.15009e-10 -4.41729e-10 0.000109181)
(-8.46267e-10 -3.13161e-10 9.01083e-05)
(8.28137e-10 1.25319e-09 9.01084e-05)
(3.67477e-10 -4.67501e-11 0.000109181)
(-2.78699e-10 -4.58339e-10 0.00011022)
(-6.22767e-11 -8.28097e-10 0.000110258)
(3.68796e-11 -3.21171e-10 0.000110259)
(-5.45227e-10 -2.62912e-10 0.000110259)
(-3.77334e-10 -1.05041e-09 0.000110258)
(4.58726e-10 -2.62431e-10 0.000110221)
(-6.62878e-10 3.92722e-10 0.000109181)
(-8.01836e-10 5.89352e-10 9.01086e-05)
(1.89705e-09 -1.09375e-09 8.6114e-05)
(1.09645e-09 2.72411e-10 0.000108471)
(3.37392e-10 3.89415e-10 0.000110154)
(9.6078e-10 -2.13021e-10 0.000110252)
(-6.36928e-10 9.18143e-11 0.000110258)
(-4.03858e-10 1.89042e-10 0.000110258)
(-6.61594e-10 -1.56259e-10 0.000110252)
(1.28665e-10 5.57767e-10 0.000110154)
(-7.16918e-10 6.58143e-10 0.000108471)
(-1.13238e-09 -1.53174e-09 8.61136e-05)
(1.71183e-09 -1.79088e-09 7.45773e-05)
(1.88511e-09 2.20589e-09 0.000105092)
(-1.1059e-09 -1.63361e-10 0.000109578)
(4.05093e-10 -5.93898e-10 0.000110137)
(-9.15314e-11 -4.25546e-10 0.000110211)
(2.23227e-10 6.54389e-10 0.000110211)
(1.07775e-11 -1.782e-10 0.000110137)
(1.34993e-09 7.03164e-10 0.000109578)
(-1.26627e-09 1.7053e-09 0.000105092)
(-1.11275e-09 -3.02066e-09 7.45767e-05)
(-3.0547e-09 -7.29297e-09 4.91149e-05)
(3.66937e-09 5.19054e-09 9.01633e-05)
(8.25729e-10 1.76511e-10 0.000104249)
(3.56041e-10 -1.75687e-09 0.000108045)
(-1.45976e-10 3.79142e-10 0.000108884)
(-2.48277e-10 5.44611e-10 0.000108884)
(1.03893e-10 -1.40265e-09 0.000108045)
(-6.05774e-11 1.49044e-09 0.000104249)
(-2.92095e-09 5.7356e-09 9.01632e-05)
(4.10653e-09 -7.57229e-09 4.91147e-05)
(-1.42869e-08 -1.11731e-08 1.90952e-05)
(-2.99604e-09 1.81115e-09 4.60047e-05)
(6.82577e-10 1.02978e-09 7.03553e-05)
(-2.09862e-09 -6.352e-10 8.27217e-05)
(-2.52996e-10 7.53849e-10 8.68809e-05)
(-1.21376e-09 7.14043e-10 8.68808e-05)
(8.80987e-11 -6.26772e-10 8.27217e-05)
(-3.0457e-09 1.83599e-09 7.03553e-05)
(7.9268e-10 3.77645e-09 4.60051e-05)
(1.25436e-08 -9.22436e-09 1.90954e-05)
(-1.2065e-08 9.22567e-09 1.90954e-05)
(-5.08882e-09 3.28714e-10 4.6005e-05)
(-2.06951e-09 5.71046e-10 7.03553e-05)
(-2.80247e-09 -1.98501e-11 8.27217e-05)
(1.27994e-12 -1.3547e-09 8.68808e-05)
(-6.69127e-10 -1.09425e-09 8.68806e-05)
(2.01572e-09 -7.26343e-11 8.27214e-05)
(1.62471e-09 -7.89905e-10 7.03551e-05)
(4.45757e-09 -9.23161e-10 4.60049e-05)
(1.26461e-08 9.65885e-09 1.90954e-05)
(-2.82672e-09 7.56215e-09 4.91145e-05)
(1.13691e-09 -1.92384e-09 9.01632e-05)
(3.51479e-11 -1.2314e-09 0.000104249)
(1.45028e-09 -1.38696e-09 0.000108045)
(7.71336e-10 -1.83022e-09 0.000108884)
(8.98734e-10 -1.90343e-09 0.000108884)
(4.31625e-10 -7.71437e-10 0.000108045)
(1.5041e-09 -5.85063e-10 0.000104249)
(1.52446e-09 -1.15671e-09 9.01636e-05)
(4.24202e-09 6.85202e-09 4.91147e-05)
(-7.16638e-10 4.2199e-09 7.45771e-05)
(1.11724e-09 -1.0279e-09 0.000105093)
(-2.88988e-10 -1.57878e-09 0.000109578)
(3.87384e-10 -1.75139e-09 0.000110138)
(-1.42176e-11 -9.83286e-10 0.000110211)
(-2.39449e-10 -1.07008e-09 0.000110211)
(-2.78871e-10 -1.40835e-09 0.000110137)
(3.22294e-10 -1.41807e-10 0.000109578)
(-1.02316e-09 1.2501e-10 0.000105092)
(5.19774e-10 3.75672e-09 7.45767e-05)
(8.95201e-10 3.00503e-09 8.61142e-05)
(1.76203e-09 -3.18201e-10 0.000108471)
(1.06728e-09 -8.77704e-10 0.000110154)
(9.01851e-10 -1.29525e-09 0.000110253)
(-3.48779e-12 -7.73543e-10 0.000110258)
(-2.14573e-10 -8.07484e-10 0.000110258)
(-1.05249e-09 -6.34138e-10 0.000110252)
(-7.33553e-10 -2.69214e-10 0.000110154)
(-1.48043e-09 2.19653e-10 0.000108471)
(-1.18836e-09 2.28847e-09 8.61135e-05)
(1.07577e-09 -2.35416e-10 9.01088e-05)
(1.05051e-09 7.10312e-11 0.000109181)
(2.61254e-10 6.86212e-11 0.000110221)
(2.12025e-10 -9.21304e-10 0.000110258)
(-4.22042e-10 -1.8977e-10 0.000110259)
(-1.31568e-10 -2.28577e-11 0.000110259)
(-1.06279e-10 -2.18938e-10 0.000110257)
(-2.50883e-10 7.52889e-10 0.00011022)
(-1.2013e-09 2.19542e-10 0.000109181)
(-1.19845e-09 -7.85714e-10 9.01086e-05)
(7.81545e-10 6.89504e-10 9.01086e-05)
(9.64918e-10 2.28764e-10 0.000109181)
(7.4473e-10 -3.09868e-10 0.00011022)
(5.43942e-10 -6.81177e-10 0.000110258)
(4.16692e-10 -4.61869e-10 0.000110259)
(3.05934e-11 -2.16126e-10 0.000110259)
(-9.55743e-11 -7.21864e-10 0.000110258)
(1.3303e-10 -4.4997e-10 0.000110221)
(-1.2133e-09 2.95428e-10 0.000109181)
(-1.03773e-09 -7.96173e-11 9.01087e-05)
(1.23697e-09 -1.87264e-09 8.61142e-05)
(1.16431e-09 2.75862e-10 0.000108471)
(3.79546e-10 5.03341e-10 0.000110155)
(8.78827e-10 2.94083e-10 0.000110252)
(-1.19701e-10 -1.08117e-10 0.000110258)
(-2.15832e-10 -9.03812e-11 0.000110258)
(-1.18596e-09 -1.65336e-11 0.000110252)
(-5.33918e-10 6.04789e-10 0.000110155)
(-1.02394e-09 7.875e-10 0.000108471)
(-8.81187e-10 -2.81848e-09 8.61137e-05)
(9.65261e-10 -2.55072e-09 7.45773e-05)
(7.8676e-10 1.75331e-09 0.000105092)
(-1.08003e-09 5.48671e-10 0.000109578)
(1.00611e-09 -5.19431e-11 0.000110137)
(4.78156e-10 1.71371e-10 0.000110211)
(5.22062e-10 7.06179e-10 0.000110211)
(2.86305e-10 -5.30601e-10 0.000110137)
(2.00663e-09 1.90396e-10 0.000109578)
(-1.77131e-10 1.72737e-09 0.000105092)
(-1.52454e-11 -3.56585e-09 7.45767e-05)
(-4.82995e-09 -7.54634e-09 4.91152e-05)
(2.11638e-09 4.8775e-09 9.01633e-05)
(4.80314e-10 7.89776e-10 0.000104249)
(3.4135e-10 -1.40269e-09 0.000108045)
(7.13444e-10 8.73515e-10 0.000108884)
(8.33053e-10 8.00263e-10 0.000108884)
(1.68545e-09 -2.39159e-09 0.000108044)
(7.13556e-10 6.31295e-10 0.000104248)
(-1.1488e-09 4.66105e-09 9.01633e-05)
(5.64936e-09 -7.88154e-09 4.91147e-05)
(-1.29565e-08 -9.95051e-09 1.90955e-05)
(-1.70103e-09 2.49179e-09 4.60051e-05)
(4.02162e-10 3.07308e-10 7.03552e-05)
(-2.86565e-09 -8.54852e-10 8.27216e-05)
(-6.29737e-10 1.13594e-09 8.68806e-05)
(-7.2998e-10 8.24051e-10 8.68806e-05)
(9.25838e-10 -1.12517e-09 8.27213e-05)
(-2.46828e-09 1.79269e-09 7.03549e-05)
(1.5627e-09 2.70839e-09 4.60048e-05)
(1.15815e-08 -8.91265e-09 1.90951e-05)
(-1.28369e-08 1.03231e-08 1.90953e-05)
(-4.33353e-09 -3.08083e-10 4.6005e-05)
(-2.85521e-09 1.10437e-09 7.03552e-05)
(-4.49029e-09 6.48306e-10 8.27213e-05)
(-1.24362e-09 -1.16407e-09 8.68797e-05)
(-3.26123e-10 -1.96032e-10 8.68799e-05)
(2.33643e-09 5.03309e-10 8.27211e-05)
(2.3379e-10 -1.12733e-09 7.03552e-05)
(3.16083e-09 -1.45548e-09 4.60053e-05)
(1.01528e-08 7.82954e-09 1.90954e-05)
(-2.71709e-09 6.80746e-09 4.91142e-05)
(7.34212e-10 -1.80669e-09 9.01629e-05)
(-3.72123e-10 -2.51215e-10 0.000104249)
(1.02285e-09 -1.15314e-09 0.000108046)
(6.48613e-10 -1.56112e-09 0.000108884)
(1.06529e-09 -1.06211e-09 0.000108884)
(1.06588e-09 -2.43217e-10 0.000108045)
(2.06741e-09 -1.32228e-09 0.000104249)
(-9.04657e-10 -3.44318e-09 9.01635e-05)
(2.82513e-09 6.65656e-09 4.91141e-05)
(7.17108e-10 2.60348e-09 7.45771e-05)
(2.15713e-09 -1.02653e-09 0.000105092)
(-1.31168e-10 -5.92234e-10 0.000109578)
(5.83664e-10 -1.93962e-09 0.000110137)
(4.04879e-10 -8.7473e-10 0.000110211)
(-2.9547e-10 -1.19146e-09 0.000110211)
(-2.74873e-10 -1.18212e-09 0.000110137)
(5.58991e-10 -9.72747e-10 0.000109578)
(-1.44134e-09 -2.13545e-09 0.000105092)
(4.12741e-10 3.60164e-09 7.45767e-05)
(1.51566e-09 1.58798e-09 8.6114e-05)
(2.62176e-09 -8.14046e-10 0.000108471)
(1.64846e-09 -1.08646e-10 0.000110155)
(8.09184e-10 -5.49434e-10 0.000110253)
(-3.61779e-11 -1.872e-10 0.000110258)
(-9.07834e-11 -2.7067e-10 0.000110258)
(-1.05459e-09 -5.7591e-10 0.000110252)
(-1.92823e-09 -1.06651e-09 0.000110155)
(-2.77705e-09 -1.5855e-09 0.000108471)
(-8.80771e-10 2.61824e-09 8.61142e-05)
(7.38182e-10 -7.09215e-10 9.01091e-05)
(5.84112e-10 -4.10943e-10 0.000109181)
(1.86869e-10 4.75797e-10 0.000110221)
(4.85611e-10 -7.86047e-11 0.000110258)
(-1.23043e-10 2.75588e-10 0.000110259)
(-2.57733e-10 2.69132e-12 0.000110259)
(-6.81573e-11 -3.34832e-10 0.000110258)
(-3.27899e-10 1.28718e-10 0.000110221)
(-1.27469e-09 -5.75665e-11 0.000109181)
(-9.33788e-10 -9.42523e-11 9.01092e-05)
(7.33151e-10 1.21617e-09 9.01089e-05)
(4.47984e-10 2.49701e-10 0.000109181)
(1.48896e-10 7.23684e-11 0.000110221)
(2.30738e-10 -3.23604e-10 0.000110258)
(-2.77769e-10 -2.66775e-10 0.000110259)
(-4.26067e-10 -1.33121e-10 0.000110259)
(-1.08366e-10 -5.27939e-10 0.000110258)
(-4.19788e-12 -3.16755e-10 0.000110221)
(-7.53684e-10 1.71721e-10 0.000109181)
(-5.8848e-10 6.71411e-10 9.0109e-05)
(1.7398e-09 -9.19814e-10 8.61141e-05)
(2.11637e-09 7.49919e-10 0.000108471)
(1.03323e-09 7.4924e-10 0.000110155)
(5.91781e-10 6.27021e-10 0.000110253)
(-3.86385e-10 4.54363e-10 0.000110258)
(-2.38501e-11 6.09046e-10 0.000110258)
(-8.83349e-10 3.78263e-10 0.000110252)
(-8.69458e-10 7.05821e-10 0.000110155)
(-1.58176e-09 2.81642e-10 0.000108471)
(-1.47817e-09 -1.42966e-09 8.61144e-05)
(1.62849e-09 -6.71327e-10 7.45774e-05)
(1.27692e-09 1.81548e-09 0.000105093)
(-2.42383e-10 7.6457e-11 0.000109578)
(1.04525e-09 3.18487e-10 0.000110137)
(2.14867e-10 6.52437e-10 0.000110211)
(2.33366e-10 7.69363e-10 0.000110211)
(-4.35841e-10 2.88935e-10 0.000110137)
(1.21883e-09 5.83619e-10 0.000109578)
(-1.71499e-09 1.58031e-09 0.000105093)
(-1.5612e-09 -2.50657e-09 7.45772e-05)
(-3.00124e-09 -5.77776e-09 4.9115e-05)
(2.85603e-09 2.80387e-09 9.01638e-05)
(1.68091e-09 3.12297e-10 0.000104249)
(1.06227e-09 -9.05571e-10 0.000108045)
(7.92186e-10 8.32425e-10 0.000108884)
(1.52692e-10 3.99441e-10 0.000108884)
(-1.17969e-10 -6.45679e-10 0.000108045)
(-7.24758e-10 2.46383e-09 0.000104248)
(-2.46348e-09 4.28283e-09 9.01634e-05)
(4.68707e-09 -8.62476e-09 4.91145e-05)
(-1.16592e-08 -9.10728e-09 1.90954e-05)
(-4.64725e-09 -8.38847e-10 4.6005e-05)
(-1.75598e-09 -5.59693e-10 7.03556e-05)
(-3.40555e-09 -6.67029e-10 8.27213e-05)
(-8.93902e-10 7.74683e-10 8.68804e-05)
(-1.94368e-09 4.26456e-10 8.68803e-05)
(-4.59208e-10 9.5571e-11 8.27211e-05)
(-2.12718e-09 3.00863e-09 7.03545e-05)
(3.40485e-09 2.12099e-09 4.60042e-05)
(1.49807e-08 -1.14166e-08 1.90949e-05)
(-7.63646e-09 5.94292e-09 1.90955e-05)
(-3.20251e-09 -1.39869e-09 4.60045e-05)
(3.75455e-09 -4.15416e-09 7.0355e-05)
(2.71332e-09 5.47055e-10 8.27216e-05)
(7.83472e-10 1.58926e-09 8.68808e-05)
(-9.22529e-10 1.48738e-09 8.68809e-05)
(-3.49401e-09 6.69073e-10 8.27214e-05)
(-4.26601e-09 -4.4476e-09 7.03548e-05)
(3.80345e-09 -1.35229e-09 4.60039e-05)
(8.49629e-09 5.97592e-09 1.90948e-05)
(-6.97306e-09 9.79195e-09 4.91149e-05)
(-4.79801e-09 7.70361e-10 9.01639e-05)
(-3.53651e-09 -5.42885e-09 0.000104249)
(-2.50899e-09 -1.07186e-09 0.000108045)
(-1.10421e-09 4.41833e-10 0.000108884)
(4.4823e-10 2.93725e-10 0.000108884)
(1.03268e-09 -3.20147e-10 0.000108045)
(2.00638e-09 -5.22189e-09 0.000104248)
(3.50596e-09 7.75438e-10 9.0163e-05)
(3.90328e-09 6.74586e-09 4.91143e-05)
(2.27986e-09 2.36569e-09 7.45768e-05)
(4.57614e-09 1.57457e-09 0.000105093)
(2.93839e-09 -4.08583e-09 0.000109578)
(9.22017e-10 -1.73328e-09 0.000110138)
(1.9065e-10 -6.65839e-10 0.000110211)
(2.84754e-10 -9.29043e-10 0.000110211)
(1.37755e-10 -1.47704e-09 0.000110137)
(-6.4423e-10 -3.76625e-09 0.000109578)
(-8.98396e-10 2.8092e-09 0.000105092)
(-8.49724e-10 2.29382e-09 7.4577e-05)
(1.59151e-09 -2.08356e-09 8.61137e-05)
(1.89294e-09 9.79454e-10 0.000108471)
(8.71951e-10 -1.44087e-09 0.000110155)
(-1.98413e-11 4.61749e-10 0.000110253)
(-1.48032e-10 -1.90262e-12 0.000110258)
(-9.40684e-10 -3.95074e-10 0.000110258)
(-8.65981e-10 -4.20544e-10 0.000110252)
(-2.4592e-09 -1.95509e-09 0.000110155)
(-2.71688e-09 1.00957e-09 0.000108471)
(-6.8517e-10 1.42568e-10 8.61144e-05)
(7.7723e-11 -7.18913e-10 9.01089e-05)
(3.40903e-10 7.82951e-11 0.000109181)
(3.19973e-10 -5.10502e-10 0.000110221)
(-6.31035e-11 2.3624e-10 0.000110258)
(-3.11516e-10 1.9251e-10 0.000110259)
(-2.80006e-10 -2.63973e-10 0.000110259)
(-1.46343e-11 -6.39983e-11 0.000110258)
(-7.08499e-10 -4.04515e-10 0.000110221)
(-7.72338e-10 7.01046e-10 0.000109181)
(-3.62916e-11 1.5167e-10 9.01091e-05)
(2.78273e-10 -1.57904e-09 9.01089e-05)
(3.19757e-10 3.34942e-11 0.000109181)
(-1.39742e-10 -2.30681e-11 0.000110221)
(-1.06343e-10 4.45413e-10 0.000110258)
(-3.57644e-11 5.48784e-10 0.000110259)
(-3.17321e-10 2.89014e-10 0.00011026)
(-3.2907e-10 1.34189e-10 0.000110258)
(-3.03347e-10 -9.02199e-10 0.000110221)
(-2.90456e-10 5.71744e-10 0.000109181)
(-8.29448e-12 1.13599e-09 9.0109e-05)
(9.86208e-10 -1.92106e-09 8.61137e-05)
(8.91569e-10 -1.00209e-10 0.000108471)
(-4.73846e-10 1.36848e-12 0.000110155)
(1.26368e-10 6.08586e-10 0.000110253)
(1.26486e-10 4.4038e-10 0.000110258)
(1.43973e-10 2.02058e-10 0.000110258)
(-1.22338e-09 7.42938e-10 0.000110253)
(-1.51738e-09 5.36492e-10 0.000110155)
(-2.53702e-09 5.25847e-10 0.000108471)
(-2.20205e-09 4.7179e-10 8.61141e-05)
(2.41348e-09 -5.51785e-09 7.45763e-05)
(4.06479e-09 2.97178e-09 0.000105092)
(6.08506e-10 9.06866e-10 0.000109579)
(1.87095e-09 1.67326e-09 0.000110138)
(-1.95648e-10 7.59347e-10 0.000110212)
(2.05858e-10 5.5506e-10 0.000110211)
(-1.34267e-09 9.78621e-10 0.000110138)
(5.90677e-10 6.44311e-11 0.000109578)
(-1.07606e-09 2.33061e-09 0.000105092)
(-2.01939e-09 -1.31672e-09 7.45766e-05)
(-8.84977e-09 -1.14708e-08 4.91141e-05)
(-5.72956e-10 6.65905e-09 9.01638e-05)
(-3.3159e-09 4.14093e-10 0.000104249)
(-1.87602e-09 7.51683e-10 0.000108045)
(-6.54005e-10 2.49867e-10 0.000108885)
(3.88408e-10 -3.52892e-10 0.000108885)
(1.58256e-09 -9.82226e-10 0.000108045)
(2.36749e-09 -1.14349e-09 0.000104249)
(-2.50381e-09 6.91274e-09 9.01633e-05)
(1.54992e-09 -3.26361e-09 4.91143e-05)
(-1.1999e-08 -8.8111e-09 1.90953e-05)
(2.32979e-09 5.25011e-09 4.60047e-05)
(3.40194e-09 1.03018e-10 7.0355e-05)
(-5.24071e-10 -3.23056e-10 8.27219e-05)
(8.15525e-10 -3.54163e-10 8.6881e-05)
(-1.32888e-09 -8.08128e-10 8.68813e-05)
(-6.81113e-10 -8.23986e-10 8.27221e-05)
(-4.98018e-09 1.5637e-09 7.0355e-05)
(-4.56333e-09 5.59703e-09 4.60048e-05)
(3.34154e-09 -2.52501e-09 1.90953e-05)
(-1.03469e-08 7.36426e-09 1.90954e-05)
(-7.67371e-10 -3.27878e-09 4.60044e-05)
(-1.48636e-09 2.70118e-09 7.03551e-05)
(-4.46347e-09 1.22329e-09 8.27221e-05)
(-8.66607e-10 -9.04438e-10 8.68818e-05)
(-1.36714e-09 -4.20496e-10 8.68816e-05)
(1.3475e-09 9.1098e-10 8.27223e-05)
(-1.91853e-09 7.8655e-10 7.0355e-05)
(-5.36954e-09 -7.27336e-09 4.60039e-05)
(6.51008e-09 4.69161e-09 1.90948e-05)
(-3.17221e-09 6.86485e-09 4.91152e-05)
(-1.46914e-09 -1.98821e-09 9.01629e-05)
(-1.16615e-09 1.827e-10 0.000104248)
(1.33861e-09 -2.88996e-10 0.000108045)
(-7.93895e-10 -1.72607e-09 0.000108884)
(7.24951e-10 -1.35696e-09 0.000108884)
(-2.62669e-10 8.4295e-10 0.000108045)
(2.35229e-09 6.51807e-10 0.000104249)
(-1.38061e-11 -4.18801e-09 9.01625e-05)
(-6.09333e-10 1.94572e-09 4.91149e-05)
(-1.44001e-09 5.72982e-09 7.45769e-05)
(-7.66846e-10 1.26427e-09 0.000105093)
(-6.49363e-10 -2.22749e-09 0.000109578)
(5.97273e-10 -1.3537e-09 0.000110138)
(-4.58307e-10 -1.00428e-09 0.000110212)
(-1.20318e-09 -8.50933e-10 0.000110212)
(-1.62396e-09 -9.11961e-10 0.000110137)
(5.53576e-10 -1.09998e-09 0.000109577)
(1.16093e-09 4.46648e-10 0.000105092)
(4.66105e-10 2.10616e-09 7.45769e-05)
(7.17287e-10 2.95062e-09 8.61146e-05)
(2.5285e-09 2.387e-10 0.000108472)
(1.91039e-09 -7.98595e-10 0.000110155)
(1.14299e-09 -6.07451e-10 0.000110252)
(4.92876e-10 -2.61357e-10 0.000110258)
(-3.9286e-10 -1.21415e-10 0.000110258)
(-6.8082e-10 -4.51223e-10 0.000110252)
(-1.61496e-09 -8.66405e-10 0.000110154)
(-2.52924e-09 -8.82999e-10 0.000108472)
(-4.91556e-10 2.34219e-09 8.61136e-05)
(-8.34359e-11 -6.28149e-11 9.01089e-05)
(7.86667e-10 -9.28476e-11 0.000109181)
(8.11992e-10 3.6541e-11 0.000110221)
(6.13928e-10 -1.11624e-10 0.000110258)
(7.22753e-10 2.06055e-10 0.000110259)
(-7.19234e-11 -3.47488e-12 0.000110259)
(-1.33136e-10 3.44454e-10 0.000110258)
(-5.21286e-10 3.52205e-10 0.000110221)
(-1.10588e-09 2.90427e-11 0.000109181)
(-3.80822e-10 -4.35403e-11 9.01084e-05)
(1.63983e-10 4.138e-10 9.0109e-05)
(9.94884e-10 -2.14385e-10 0.000109181)
(1.02402e-09 -1.12755e-11 0.000110221)
(5.51172e-10 -5.49003e-10 0.000110258)
(4.97786e-10 2.6844e-10 0.000110259)
(1.85583e-10 1.06504e-10 0.000110259)
(-5.1721e-11 5.31121e-10 0.000110258)
(-7.5156e-10 9.6524e-10 0.000110221)
(-5.98586e-10 -4.44239e-10 0.000109181)
(6.87013e-11 2.17787e-10 9.01084e-05)
(1.05586e-09 -1.6972e-09 8.61146e-05)
(2.36945e-09 -1.26259e-09 0.000108471)
(9.0319e-10 1.47724e-09 0.000110155)
(-6.65136e-11 1.17605e-10 0.000110252)
(5.70193e-10 6.95784e-10 0.000110258)
(4.16524e-11 4.12956e-10 0.000110258)
(-5.8623e-10 1.19511e-09 0.000110253)
(-1.83778e-09 2.31012e-09 0.000110155)
(-7.71057e-10 -1.76476e-09 0.000108471)
(4.79966e-10 -1.1047e-09 8.61134e-05)
(-4.22222e-10 -3.75281e-09 7.45767e-05)
(-1.02012e-09 -2.91574e-09 0.000105091)
(-9.98487e-10 3.68463e-09 0.000109578)
(1.62503e-10 1.09529e-09 0.000110137)
(4.02411e-10 7.60057e-10 0.000110212)
(5.03574e-10 7.75358e-10 0.000110212)
(1.00205e-09 1.64437e-09 0.000110138)
(9.05657e-10 3.32004e-09 0.000109578)
(1.23263e-09 -3.93304e-09 0.000105091)
(-6.87066e-10 -3.22187e-11 7.45761e-05)
(-1.6203e-09 -5.09008e-09 4.9114e-05)
(-2.98897e-09 -1.62674e-09 9.01617e-05)
(-1.01786e-09 3.25034e-09 0.000104248)
(1.08299e-09 -3.5614e-10 0.000108045)
(1.4868e-10 6.74585e-10 0.000108884)
(5.27966e-10 6.88251e-10 0.000108884)
(-4.20377e-10 5.78399e-10 0.000108045)
(1.67586e-09 2.85782e-09 0.000104249)
(3.1679e-09 -2.22586e-09 9.01626e-05)
(7.17551e-10 -3.20082e-09 4.91143e-05)
(-8.2832e-09 -5.45538e-09 1.9095e-05)
(-4.91895e-09 -6.65293e-10 4.60045e-05)
(-2.31962e-09 -1.45069e-10 7.0355e-05)
(-2.26246e-09 -9.09849e-10 8.27219e-05)
(-6.20296e-10 3.89602e-10 8.6881e-05)
(-6.474e-10 3.24636e-10 8.68813e-05)
(-1.6696e-10 -1.87102e-10 8.27221e-05)
(-1.18589e-10 1.10349e-09 7.03555e-05)
(2.39251e-09 6.49196e-10 4.60048e-05)
(8.1596e-09 -6.41422e-09 1.9095e-05)
(-6.42869e-09 4.20601e-09 1.90948e-05)
(2.41855e-09 -4.47521e-09 4.60044e-05)
(1.82337e-09 -2.16418e-10 7.03553e-05)
(-9.4164e-10 5.85489e-10 8.27217e-05)
(4.26402e-10 -2.64122e-10 8.68813e-05)
(3.09279e-10 -4.78048e-10 8.68811e-05)
(2.45069e-09 8.25209e-10 8.27219e-05)
(9.69531e-11 -4.61116e-10 7.03558e-05)
(3.93146e-09 -1.19884e-09 4.60053e-05)
(1.20642e-08 9.01166e-09 1.90955e-05)
(-2.65356e-10 2.25851e-09 4.91148e-05)
(9.77778e-10 -4.26409e-09 9.01627e-05)
(-3.2605e-09 4.38041e-10 0.000104249)
(-1.66665e-09 2.20161e-10 0.000108045)
(-1.06383e-09 -1.08312e-09 0.000108884)
(3.51778e-11 -8.32999e-10 0.000108884)
(1.02082e-09 1.12406e-13 0.000108045)
(1.84936e-09 -1.16283e-09 0.00010425)
(5.07083e-11 -2.32404e-09 9.01632e-05)
(3.6644e-09 7.25566e-09 4.91149e-05)
(1.98547e-09 4.18329e-10 7.4577e-05)
(9.08733e-10 -1.46578e-09 0.000105092)
(-1.46333e-09 5.50194e-11 0.000109578)
(-2.22625e-10 -9.15623e-10 0.000110138)
(-8.17545e-10 -9.71735e-10 0.000110212)
(1.63944e-10 -7.25748e-10 0.000110212)
(1.07553e-10 -6.68636e-10 0.000110138)
(7.11186e-10 -4.26838e-10 0.000109578)
(-1.48681e-09 -8.99059e-10 0.000105092)
(-7.67345e-10 3.34352e-09 7.45765e-05)
(7.11669e-10 6.53335e-10 8.61141e-05)
(1.3205e-09 -1.9276e-09 0.000108472)
(7.66155e-10 -1.85149e-10 0.000110154)
(8.64397e-10 -3.98879e-10 0.000110253)
(3.69155e-10 -5.1789e-10 0.000110258)
(-2.10127e-10 -6.65109e-10 0.000110258)
(-1.34545e-09 -4.48522e-10 0.000110253)
(-1.73849e-09 -1.15159e-10 0.000110155)
(-1.12956e-09 -7.2937e-10 0.000108472)
(2.60391e-10 2.10456e-09 8.61138e-05)
(6.76702e-10 -3.09022e-10 9.0109e-05)
(8.64284e-10 -9.39414e-10 0.000109181)
(2.06634e-10 1.95032e-10 0.000110221)
(4.03666e-10 7.25076e-11 0.000110258)
(5.20467e-10 -3.56974e-10 0.000110259)
(-5.05016e-11 -7.12777e-11 0.000110259)
(-3.90791e-10 -1.59686e-10 0.000110258)
(-4.27817e-10 -4.22986e-11 0.00011022)
(-1.24713e-09 -5.83603e-10 0.000109181)
(-8.65383e-10 4.17476e-10 9.01088e-05)
(2.06442e-10 3.48922e-10 9.01088e-05)
(6.81437e-11 5.05338e-10 0.000109181)
(1.2939e-11 1.53567e-10 0.000110221)
(-2.27436e-10 -1.71784e-10 0.000110258)
(-9.2306e-12 1.22656e-11 0.000110259)
(3.69729e-10 1.74219e-10 0.000110259)
(-1.70316e-10 -1.46847e-10 0.000110258)
(-7.06938e-10 -8.01543e-11 0.00011022)
(-1.03233e-09 -4.25603e-10 0.000109181)
(-5.46241e-10 8.4637e-11 9.01086e-05)
(7.22872e-10 8.70735e-10 8.61143e-05)
(5.90501e-10 -9.83752e-11 0.000108471)
(5.30799e-10 1.60186e-10 0.000110155)
(6.59584e-10 1.7749e-10 0.000110253)
(3.44204e-10 5.42956e-10 0.000110258)
(2.91318e-10 3.77279e-10 0.000110258)
(-6.45998e-10 -4.14336e-10 0.000110252)
(-9.81e-10 5.47125e-10 0.000110154)
(-1.34746e-09 -7.54122e-10 0.000108471)
(-1.00697e-09 -1.69246e-09 8.61137e-05)
(4.17311e-09 8.04718e-10 7.45775e-05)
(4.07694e-09 2.29194e-09 0.000105092)
(-3.49937e-10 -9.46631e-10 0.000109578)
(5.5288e-10 3.39139e-10 0.000110137)
(3.44502e-10 9.91672e-10 0.000110211)
(5.06454e-10 7.75727e-10 0.000110211)
(4.4764e-10 3.27365e-10 0.000110138)
(1.40286e-09 1.17971e-10 0.000109578)
(-1.81716e-09 1.77394e-09 0.000105092)
(-1.26333e-09 -2.9865e-09 7.45768e-05)
(-2.50361e-09 -6.0085e-09 4.9115e-05)
(3.4859e-09 5.73155e-09 9.01628e-05)
(-4.41988e-10 2.7839e-10 0.000104249)
(-8.66286e-10 -8.16449e-10 0.000108045)
(-4.52734e-10 8.22275e-10 0.000108884)
(4.79003e-10 3.22153e-10 0.000108884)
(8.18943e-10 -3.67879e-10 0.000108045)
(7.08599e-10 1.33344e-09 0.000104249)
(-1.26568e-09 5.21918e-09 9.01629e-05)
(5.12943e-09 -7.97451e-09 4.91151e-05)
(-1.15157e-08 -9.07106e-09 1.90951e-05)
(2.27816e-10 3.38729e-09 4.60047e-05)
(2.88797e-09 1.93549e-09 7.03553e-05)
(-4.76091e-10 -5.43915e-10 8.27219e-05)
(3.85745e-11 1.81493e-10 8.68811e-05)
(3.62614e-10 6.02456e-12 8.6881e-05)
(1.06822e-09 -9.37185e-10 8.27221e-05)
(-2.62987e-09 2.30656e-09 7.03558e-05)
(1.15168e-09 2.66573e-09 4.60048e-05)
(1.10133e-08 -8.7875e-09 1.90952e-05)
(-1.15628e-08 8.97012e-09 1.90946e-05)
(2.29569e-09 -5.68141e-09 4.60045e-05)
(-7.659e-10 2.35959e-09 7.03552e-05)
(-4.5495e-09 7.13395e-10 8.27219e-05)
(3.6466e-10 -1.1319e-09 8.68809e-05)
(-1.85709e-09 -5.50737e-10 8.68807e-05)
(2.04894e-09 4.9691e-10 8.27213e-05)
(-5.67133e-10 2.05303e-09 7.03552e-05)
(-3.71698e-09 -5.43881e-09 4.60049e-05)
(6.68283e-09 5.29591e-09 1.90954e-05)
(-4.19934e-09 7.36595e-09 4.91147e-05)
(2.04754e-09 -5.03431e-09 9.01628e-05)
(-8.09232e-10 2.52002e-09 0.000104249)
(1.04334e-09 -1.91639e-10 0.000108045)
(8.46017e-10 -1.42228e-09 0.000108884)
(8.74208e-10 -9.39288e-10 0.000108885)
(6.18846e-10 -3.70555e-10 0.000108045)
(2.50087e-09 2.7505e-09 0.000104249)
(-1.83922e-10 -3.31817e-09 9.01629e-05)
(2.9645e-09 5.28448e-09 4.91147e-05)
(-2.57932e-10 3.86315e-09 7.45769e-05)
(6.64249e-10 -1.3901e-09 0.000105092)
(-1.15087e-09 1.94772e-09 0.000109578)
(9.37296e-10 -1.9957e-09 0.000110137)
(-5.86057e-11 -8.37659e-10 0.000110211)
(-6.8679e-11 -8.67753e-10 0.000110211)
(-3.6985e-10 -2.50589e-09 0.000110137)
(1.7267e-09 1.68226e-09 0.000109578)
(-2.11091e-10 4.44762e-11 0.000105092)
(-8.14677e-10 1.66504e-09 7.45769e-05)
(1.84947e-09 1.96554e-09 8.61136e-05)
(1.93576e-09 -1.32133e-09 0.000108471)
(1.03087e-09 9.78476e-10 0.000110155)
(1.63021e-09 -1.86407e-09 0.000110253)
(-1.17265e-12 -9.3458e-10 0.000110258)
(3.64727e-11 -3.49036e-10 0.000110258)
(-1.58565e-09 -1.37573e-09 0.000110253)
(-1.26087e-09 7.84715e-10 0.000110155)
(-1.58782e-09 -4.84493e-10 0.000108471)
(-1.40826e-09 1.09282e-09 8.61141e-05)
(1.12239e-09 -5.53016e-10 9.0109e-05)
(5.87881e-10 -7.8826e-10 0.000109181)
(4.50537e-10 6.41376e-10 0.000110221)
(9.61468e-10 -7.5731e-10 0.000110258)
(-1.23403e-10 -4.54253e-10 0.000110259)
(1.66244e-10 -1.09253e-10 0.000110259)
(-1.05768e-09 -5.13374e-10 0.000110258)
(-7.28531e-10 5.68682e-10 0.000110221)
(-3.93766e-10 -3.44182e-10 0.000109181)
(-9.55965e-10 -3.91413e-10 9.01092e-05)
(8.46049e-10 1.98521e-11 9.01093e-05)
(7.69655e-10 -3.65688e-10 0.000109181)
(4.53329e-10 8.50319e-11 0.000110221)
(3.4243e-10 -9.01058e-10 0.000110258)
(-2.66605e-10 -6.18367e-11 0.000110259)
(-4.12497e-10 -1.46989e-10 0.000110259)
(-7.95925e-10 -6.56547e-10 0.000110258)
(-8.72086e-10 2.25275e-10 0.000110221)
(-1.23506e-09 -2.93728e-10 0.000109181)
(-7.92391e-10 -5.81309e-10 9.01091e-05)
(8.20495e-10 -2.79917e-09 8.61141e-05)
(2.54229e-09 1.74429e-10 0.000108471)
(1.76612e-09 5.50854e-10 0.000110155)
(1.15927e-09 3.88333e-10 0.000110253)
(-7.72581e-11 9.78339e-10 0.000110258)
(-5.53689e-10 7.1232e-10 0.000110258)
(-1.09947e-09 6.50654e-10 0.000110253)
(-1.84559e-09 1.58693e-10 0.000110155)
(-2.19986e-09 1.2635e-10 0.000108472)
(-5.55089e-10 -3.51622e-09 8.61143e-05)
(-1.74948e-09 -5.26894e-09 7.45774e-05)
(2.24305e-11 -8.83721e-10 0.000105092)
(-1.06197e-10 2.2579e-09 0.000109578)
(1.56814e-10 1.38446e-09 0.000110138)
(4.3102e-10 1.18658e-09 0.000110211)
(8.03587e-10 8.89864e-10 0.000110211)
(7.88515e-10 4.07255e-10 0.000110138)
(1.0081e-09 1.11482e-09 0.000109578)
(1.22878e-09 -2.53746e-09 0.000105093)
(2.13879e-09 -5.74653e-09 7.45776e-05)
(-3.46122e-09 -6.34614e-09 4.91152e-05)
(-2.09183e-09 2.37522e-10 9.01629e-05)
(-6.51607e-10 2.04778e-09 0.000104248)
(4.29697e-11 -4.13068e-11 0.000108045)
(8.88977e-12 1.44559e-09 0.000108884)
(9.45003e-10 1.05467e-09 0.000108885)
(6.30178e-10 -1.77118e-11 0.000108045)
(1.75008e-09 1.41898e-09 0.000104249)
(3.0472e-09 -1.63413e-09 9.01628e-05)
(4.72907e-09 -7.64257e-09 4.91151e-05)
(-9.37736e-09 -7.17965e-09 1.90953e-05)
(-4.05921e-09 3.52129e-10 4.60049e-05)
(-2.17348e-09 -6.12476e-10 7.03557e-05)
(-2.28647e-09 -3.78883e-10 8.27225e-05)
(-4.56074e-10 1.10347e-09 8.68813e-05)
(-7.68043e-11 9.8491e-10 8.68814e-05)
(1.45215e-09 2.92277e-10 8.27222e-05)
(1.12384e-09 -1.05464e-12 7.03559e-05)
(3.41455e-09 3.39333e-10 4.60049e-05)
(9.45531e-09 -7.31294e-09 1.90954e-05)
(-1.45485e-08 1.23156e-08 1.90953e-05)
(-4.12454e-09 -3.9029e-10 4.60044e-05)
(-1.145e-09 7.6239e-11 7.03545e-05)
(-2.67925e-09 6.35199e-10 8.27214e-05)
(-5.07541e-11 -9.56049e-11 8.68802e-05)
(-1.12286e-09 -2.25395e-10 8.68801e-05)
(1.52562e-09 8.98737e-10 8.27214e-05)
(-1.23369e-09 -1.25339e-09 7.03542e-05)
(5.51294e-10 -3.54207e-09 4.60044e-05)
(1.09257e-08 8.19279e-09 1.90952e-05)
(-4.85477e-09 9.1849e-09 4.91151e-05)
(-7.31409e-10 -1.05696e-09 9.01635e-05)
(-2.36485e-09 -6.84493e-10 0.000104248)
(-9.15367e-10 -6.80893e-10 0.000108045)
(-1.51898e-10 -1.29759e-09 0.000108884)
(9.48101e-10 -1.49171e-09 0.000108884)
(2.14437e-09 1.64247e-10 0.000108045)
(4.3344e-09 -5.12106e-10 0.000104248)
(2.70299e-09 -1.18524e-09 9.01624e-05)
(5.23142e-09 8.31825e-09 4.91148e-05)
(1.71887e-09 2.32879e-09 7.4577e-05)
(3.29061e-09 -5.53753e-10 0.000105092)
(1.84123e-09 -2.41555e-10 0.000109578)
(1.86813e-09 -6.14394e-10 0.000110137)
(6.12178e-10 -1.36036e-09 0.000110211)
(-2.4994e-10 -1.28575e-09 0.000110211)
(-1.42884e-09 -1.12697e-09 0.000110137)
(-3.46321e-10 2.87874e-10 0.000109578)
(-1.89465e-09 3.26547e-11 0.000105092)
(-3.7186e-10 3.76587e-09 7.45771e-05)
(4.37764e-10 1.92302e-09 8.61139e-05)
(1.29808e-09 -8.02657e-10 0.000108471)
(1.2659e-09 5.73374e-10 0.000110155)
(1.16211e-09 2.84667e-10 0.000110252)
(-7.78854e-11 3.63045e-10 0.000110258)
(-3.97505e-10 -1.32992e-10 0.000110258)
(-7.22877e-10 7.72575e-12 0.000110252)
(-1.15033e-09 1.13843e-10 0.000110155)
(-1.15643e-09 -4.02612e-10 0.000108471)
(2.08381e-10 2.65531e-09 8.61142e-05)
(6.83693e-10 6.53564e-10 9.01089e-05)
(3.83012e-10 -2.75508e-10 0.000109181)
(3.05005e-11 5.76312e-10 0.000110221)
(6.08033e-10 1.25509e-10 0.000110258)
(-1.71561e-10 5.28853e-10 0.000110259)
(2.34839e-10 4.63641e-10 0.000110259)
(3.72673e-11 -1.36801e-10 0.000110258)
(-1.28779e-10 5.49061e-10 0.000110221)
(-4.61879e-10 5.61783e-11 0.000109181)
(-8.20972e-10 7.89807e-10 9.01089e-05)
(7.465e-10 7.83049e-10 9.01089e-05)
(4.72418e-10 2.00732e-10 0.000109181)
(1.48129e-10 1.47992e-10 0.000110221)
(1.46239e-10 -1.95729e-10 0.000110258)
(2.75916e-10 -7.0477e-11 0.000110259)
(-3.08837e-10 5.41428e-11 0.000110259)
(-7.79076e-10 -3.63777e-10 0.000110258)
(-2.44058e-10 4.29915e-10 0.000110221)
(-1.11559e-09 1.55685e-10 0.000109181)
(-8.55692e-10 3.30519e-10 9.01092e-05)
(-3.42279e-10 -6.7996e-10 8.61139e-05)
(1.37288e-10 -3.98506e-10 0.000108471)
(5.4098e-10 -3.97812e-10 0.000110155)
(9.46808e-10 -4.00448e-10 0.000110252)
(4.5369e-10 -2.01599e-10 0.000110258)
(-4.10886e-10 -6.26289e-13 0.000110258)
(-1.22637e-09 -6.6334e-10 0.000110253)
(-1.08833e-09 3.35604e-10 0.000110155)
(-8.25246e-10 4.89045e-10 0.000108471)
(-7.0204e-10 -8.18915e-10 8.61142e-05)
(3.17871e-09 2.03989e-09 7.4577e-05)
(2.91799e-09 1.35237e-09 0.000105092)
(4.91034e-10 -2.07363e-09 0.000109578)
(1.55103e-09 1.28709e-10 0.000110137)
(5.48749e-10 5.17364e-10 0.000110211)
(1.00306e-10 1.2969e-09 0.000110211)
(-7.14489e-10 -9.35822e-11 0.000110137)
(-2.50097e-10 -8.14821e-10 0.000109578)
(-2.5553e-09 1.27233e-09 0.000105092)
(-1.82536e-09 -1.41236e-09 7.45768e-05)
(-5.61989e-10 -3.87229e-09 4.91151e-05)
(2.94719e-09 3.94667e-09 9.01633e-05)
(-1.37078e-09 -5.916e-10 0.000104248)
(-1.01565e-09 -7.4283e-10 0.000108045)
(-1.4111e-10 8.79641e-10 0.000108884)
(7.57978e-10 1.03033e-09 0.000108884)
(2.06161e-09 -1.10125e-09 0.000108045)
(2.60624e-09 -2.68929e-10 0.000104249)
(-1.72246e-09 4.43494e-09 9.01634e-05)
(2.85963e-09 -6.04962e-09 4.91148e-05)
(-1.11423e-08 -8.40106e-09 1.90953e-05)
(-2.9601e-09 1.55359e-09 4.6005e-05)
(9.92846e-10 1.44979e-09 7.03552e-05)
(-1.76635e-09 -7.02629e-10 8.27219e-05)
(-6.56274e-10 2.34817e-11 8.68809e-05)
(-1.72714e-10 -1.09305e-10 8.68809e-05)
(1.08293e-09 -1.50619e-09 8.27215e-05)
(-2.69116e-09 1.41777e-09 7.03549e-05)
(-1.00485e-09 4.23889e-09 4.60046e-05)
(1.05813e-08 -8.28357e-09 1.90952e-05)
(-7.68418e-09 4.67603e-09 1.90956e-05)
(4.45097e-09 -6.58515e-09 4.60049e-05)
(1.77124e-09 2.0672e-09 7.03549e-05)
(-2.8855e-09 1.13129e-09 8.27214e-05)
(-6.34175e-10 -8.30358e-10 8.68806e-05)
(-1.35628e-09 -5.7762e-10 8.68809e-05)
(8.60786e-10 2.02342e-10 8.27219e-05)
(-1.40756e-09 5.19956e-10 7.03551e-05)
(-5.19644e-09 -6.54821e-09 4.60047e-05)
(2.87529e-09 2.06505e-09 1.90953e-05)
(-6.33835e-10 3.56792e-09 4.91149e-05)
(5.01289e-10 -4.49324e-09 9.01636e-05)
(-4.32302e-10 -2.22379e-10 0.000104249)
(2.12891e-09 4.34394e-11 0.000108045)
(-4.36478e-10 -9.09677e-10 0.000108884)
(1.04007e-09 -5.80511e-10 0.000108884)
(-4.22105e-10 3.46489e-10 0.000108045)
(8.31137e-10 1.40102e-11 0.000104249)
(-8.04346e-10 -3.8014e-09 9.01632e-05)
(-2.1823e-09 -9.61805e-11 4.9115e-05)
(-5.52195e-10 3.57042e-09 7.45771e-05)
(-7.45446e-10 -2.18287e-10 0.000105092)
(-1.01662e-09 -2.37242e-09 0.000109578)
(1.01495e-09 -1.34906e-09 0.000110137)
(3.87252e-11 -4.13334e-10 0.000110211)
(-4.38189e-10 -6.27354e-10 0.000110211)
(-4.03972e-10 -1.20733e-09 0.000110137)
(1.88007e-09 -1.64379e-09 0.000109578)
(2.30415e-09 3.76477e-10 0.000105092)
(2.16244e-10 6.56373e-10 7.45774e-05)
(1.61296e-09 9.85385e-10 8.61141e-05)
(3.14525e-09 -1.01173e-09 0.000108471)
(1.57375e-09 -7.38523e-10 0.000110155)
(6.91062e-10 -5.32697e-10 0.000110252)
(1.20839e-10 -1.01395e-10 0.000110258)
(1.27307e-10 -4.79656e-10 0.000110258)
(-2.44567e-10 -1.15548e-09 0.000110252)
(-1.29754e-09 -1.79996e-09 0.000110155)
(-1.34836e-09 -1.09181e-09 0.000108472)
(-7.05392e-11 2.24843e-09 8.61143e-05)
(3.5642e-10 -8.74622e-10 9.01086e-05)
(7.48345e-10 -5.85165e-10 0.000109181)
(8.34267e-11 1.38677e-10 0.000110221)
(1.39687e-10 -1.91349e-10 0.000110258)
(3.827e-10 1.68886e-11 0.000110259)
(1.09908e-10 6.44756e-12 0.000110259)
(5.05634e-11 1.3638e-11 0.000110258)
(-3.56941e-10 -1.59296e-10 0.000110221)
(-1.17993e-09 -4.55366e-10 0.000109181)
(-7.60807e-10 3.00468e-10 9.01088e-05)
(2.75055e-10 6.13142e-10 9.01087e-05)
(8.91616e-10 -5.56694e-10 0.000109181)
(4.93045e-10 6.97341e-10 0.000110221)
(3.40658e-10 -4.81511e-10 0.000110258)
(3.86786e-10 -4.39054e-10 0.000110259)
(-2.76281e-10 -9.29184e-11 0.000110259)
(2.32814e-10 -3.4369e-11 0.000110258)
(-3.85049e-10 5.96376e-10 0.000110221)
(-5.23704e-10 -7.76491e-10 0.000109181)
(2.39484e-10 3.57532e-10 9.01089e-05)
(4.07876e-10 -1.96528e-09 8.61137e-05)
(2.59255e-09 -1.38487e-09 0.000108471)
(2.03095e-09 1.62029e-09 0.000110154)
(1.24539e-10 2.3887e-10 0.000110253)
(3.87647e-10 1.59645e-10 0.000110258)
(9.96805e-11 1.58704e-10 0.000110258)
(1.76323e-10 1.18161e-10 0.000110253)
(-6.93635e-10 1.5499e-09 0.000110155)
(-4.08811e-10 -2.1414e-09 0.000108471)
(3.05801e-10 -8.03132e-10 8.61139e-05)
(-1.16668e-09 -4.22766e-09 7.45768e-05)
(-7.95768e-10 -3.7073e-09 0.000105092)
(2.35219e-10 3.05363e-09 0.000109578)
(-7.37524e-11 3.97288e-10 0.000110137)
(1.29246e-10 1.1198e-10 0.000110211)
(2.51492e-10 5.9605e-10 0.000110211)
(3.4247e-10 8.02741e-10 0.000110137)
(6.38835e-10 3.0188e-09 0.000109578)
(1.43758e-09 -4.14987e-09 0.000105092)
(-2.04384e-10 -2.81011e-10 7.45766e-05)
(-3.84458e-09 -6.89188e-09 4.91149e-05)
(-2.80662e-09 -2.11074e-09 9.01638e-05)
(9.52388e-10 2.66554e-09 0.000104249)
(1.20564e-09 6.36503e-12 0.000108045)
(-3.47369e-10 7.37195e-10 0.000108884)
(6.05558e-10 6.33372e-10 0.000108884)
(-4.83974e-10 -2.23186e-11 0.000108045)
(1.45751e-10 3.79451e-09 0.000104249)
(1.42265e-09 -9.24072e-10 9.01635e-05)
(7.66687e-10 -3.52543e-09 4.91149e-05)
(-9.73421e-09 -7.66358e-09 1.90953e-05)
(-4.75374e-09 -6.50713e-10 4.60045e-05)
(-2.92647e-09 -6.86836e-10 7.03544e-05)
(-3.125e-09 -3.2352e-10 8.27211e-05)
(-1.48436e-09 9.7786e-10 8.68806e-05)
(-2.7044e-10 2.01412e-10 8.6881e-05)
(3.76186e-11 -5.88249e-10 8.27212e-05)
(-5.41303e-10 1.63932e-09 7.03548e-05)
(1.50641e-09 1.2306e-09 4.60044e-05)
(6.01369e-09 -4.88614e-09 1.90952e-05)
(-1.28489e-08 9.77211e-09 1.90953e-05)
(-2.53866e-09 -1.78881e-09 4.60052e-05)
(1.21609e-09 -6.70411e-10 7.0356e-05)
(-6.61612e-10 -3.60199e-11 8.2722e-05)
(7.09739e-10 -3.4514e-10 8.68809e-05)
(-6.3178e-12 -7.50987e-10 8.68813e-05)
(2.28121e-09 8.95312e-10 8.27216e-05)
(-9.17908e-10 4.74699e-11 7.03553e-05)
(1.02354e-09 -1.21433e-09 4.60046e-05)
(8.17713e-09 6.24937e-09 1.90952e-05)
(-3.68382e-09 7.37881e-09 4.91143e-05)
(7.16534e-10 -2.41747e-09 9.01624e-05)
(-2.14974e-09 -9.92365e-10 0.000104249)
(-5.357e-10 -7.50474e-10 0.000108045)
(2.48262e-10 -8.03405e-10 0.000108885)
(-3.56927e-10 -1.04102e-09 0.000108884)
(2.95101e-10 2.56885e-10 0.000108045)
(1.62709e-09 4.00216e-10 0.000104249)
(2.8266e-10 -1.95052e-09 9.01631e-05)
(4.30971e-09 6.83148e-09 4.91142e-05)
(2.79619e-09 9.14027e-10 7.45771e-05)
(2.72527e-09 -3.54981e-10 0.000105092)
(-3.06282e-10 2.83515e-10 0.000109578)
(8.74451e-10 -8.90073e-10 0.000110137)
(5.66306e-10 -8.19536e-10 0.000110211)
(6.45549e-10 -6.74813e-10 0.000110211)
(-5.18659e-11 -5.92715e-10 0.000110137)
(5.70051e-10 3.96438e-10 0.000109578)
(-1.66513e-09 -1.51052e-09 0.000105092)
(-8.04327e-10 2.88413e-09 7.45771e-05)
(3.11005e-10 2.7829e-10 8.61139e-05)
(1.05684e-09 -5.9044e-10 0.000108472)
(6.80785e-10 3.19212e-10 0.000110154)
(2.37956e-10 -2.16957e-10 0.000110253)
(3.43078e-10 -3.44377e-10 0.000110258)
(4.93179e-10 -3.08115e-10 0.000110258)
(-5.21319e-10 -1.86677e-10 0.000110252)
(-2.01293e-10 2.77781e-10 0.000110155)
(-7.09302e-10 -7.48756e-10 0.000108472)
(-8.65134e-10 1.16974e-09 8.6114e-05)
(1.52584e-10 2.90836e-10 9.01088e-05)
(-4.25633e-10 -5.81802e-10 0.000109181)
(-1.6121e-10 1.70494e-10 0.000110221)
(3.04759e-10 -5.19496e-10 0.000110258)
(-6.98454e-11 4.41386e-11 0.000110259)
(4.35837e-10 1.4856e-10 0.000110259)
(2.01121e-10 4.64025e-11 0.000110258)
(3.54956e-10 4.51047e-10 0.00011022)
(-6.25622e-10 -7.55334e-10 0.000109181)
(-1.03412e-09 3.67668e-10 9.01089e-05)
(2.12359e-10 6.22662e-10 9.01091e-05)
(2.99258e-10 5.2764e-11 0.000109182)
(2.09053e-10 7.20669e-10 0.000110221)
(3.02811e-10 -4.40726e-10 0.000110258)
(2.39712e-10 -8.87914e-12 0.000110259)
(2.68034e-10 4.73215e-10 0.000110259)
(3.65069e-10 -2.06023e-10 0.000110258)
(-3.1146e-10 7.48298e-10 0.000110221)
(-8.44248e-10 -2.96557e-10 0.000109181)
(-5.25652e-10 1.75525e-10 9.01085e-05)
(1.36023e-10 2.86884e-10 8.61141e-05)
(-3.16354e-10 2.82677e-10 0.000108472)
(2.02833e-10 8.37271e-10 0.000110155)
(6.51518e-10 -1.73721e-10 0.000110253)
(-1.27285e-10 1.83161e-10 0.000110258)
(-2.57598e-10 7.26298e-10 0.000110258)
(-2.55359e-10 -8.6361e-11 0.000110253)
(-7.58246e-10 1.01771e-09 0.000110155)
(-1.26109e-09 -4.38986e-10 0.000108472)
(-5.99175e-10 -1.79288e-09 8.61135e-05)
(3.45962e-09 1.71945e-09 7.45776e-05)
(1.51989e-09 2.50383e-09 0.000105092)
(-2.11697e-09 -4.90312e-10 0.000109578)
(1.32431e-10 -2.21985e-11 0.000110137)
(-1.47391e-10 9.3084e-10 0.000110211)
(2.95035e-10 9.59332e-10 0.000110211)
(3.34223e-10 2.95414e-11 0.000110137)
(1.68807e-09 -6.54414e-10 0.000109578)
(-1.00853e-09 1.75558e-09 0.000105092)
(-1.4992e-09 -2.15561e-09 7.45773e-05)
(2.48774e-10 -1.91523e-09 4.91141e-05)
(3.65531e-09 6.36992e-09 9.01623e-05)
(1.07999e-11 8.48172e-10 0.000104249)
(1.6764e-10 -9.83675e-10 0.000108045)
(4.09335e-10 3.23262e-10 0.000108885)
(5.34879e-10 7.95505e-10 0.000108884)
(1.14911e-09 -1.18371e-09 0.000108045)
(8.79683e-10 5.27942e-10 0.000104249)
(-2.99666e-09 5.31712e-09 9.01627e-05)
(2.764e-09 -5.93405e-09 4.91148e-05)
(-6.30961e-09 -4.22893e-09 1.9095e-05)
(1.45985e-09 3.94531e-09 4.60044e-05)
(5.11168e-09 2.7387e-09 7.0355e-05)
(6.95338e-10 -9.61654e-10 8.27216e-05)
(8.67616e-10 -3.63636e-10 8.68808e-05)
(8.4263e-10 -8.25036e-11 8.6881e-05)
(1.43123e-09 -1.01266e-09 8.27214e-05)
(-1.9611e-09 1.69394e-09 7.0355e-05)
(4.9189e-10 2.52199e-09 4.60045e-05)
(1.11665e-08 -8.51107e-09 1.90952e-05)
(-1.15836e-08 8.15462e-09 1.9095e-05)
(-1.74692e-10 -3.66389e-09 4.60042e-05)
(9.8096e-11 2.15799e-09 7.03549e-05)
(-2.49263e-09 6.37555e-10 8.27214e-05)
(6.53079e-10 4.28886e-11 8.68805e-05)
(-2.18185e-09 -4.18575e-10 8.68804e-05)
(1.75476e-09 1.19648e-09 8.27209e-05)
(-1.64259e-09 1.50199e-09 7.03544e-05)
(-4.92014e-09 -8.13789e-09 4.60047e-05)
(1.04238e-08 6.90912e-09 1.90952e-05)
(-3.9646e-09 7.70009e-09 4.91147e-05)
(1.21082e-10 -3.88064e-09 9.01636e-05)
(-3.83198e-09 1.52057e-09 0.000104248)
(-8.64791e-10 -1.38837e-09 0.000108045)
(-2.63468e-10 -9.60372e-10 0.000108884)
(8.0389e-10 -1.37452e-09 0.000108884)
(1.73073e-09 4.12065e-11 0.000108045)
(5.16988e-09 2.82911e-09 0.000104248)
(4.83854e-10 -5.56954e-09 9.01634e-05)
(2.59036e-09 5.25729e-09 4.91153e-05)
(1.11361e-09 3.78382e-09 7.45772e-05)
(2.21593e-09 -1.5648e-09 0.000105093)
(-2.81479e-10 1.00831e-09 0.000109578)
(1.03344e-09 -2.23349e-09 0.000110137)
(-5.64919e-11 -6.43656e-10 0.000110211)
(-2.61385e-10 -9.10175e-10 0.000110211)
(-2.48074e-09 -2.32264e-09 0.000110137)
(3.5373e-10 2.40639e-09 0.000109578)
(-1.58285e-09 -1.29046e-09 0.000105092)
(-2.20853e-09 1.37821e-09 7.45774e-05)
(6.72979e-10 1.447e-09 8.61142e-05)
(8.68868e-10 -1.2385e-09 0.000108471)
(5.54734e-10 1.77957e-09 0.000110154)
(7.37249e-10 -6.53136e-10 0.000110252)
(-5.72276e-10 2.10915e-10 0.000110258)
(6.2051e-11 -4.37752e-10 0.000110258)
(-1.13892e-09 -8.78002e-10 0.000110252)
(-6.48814e-10 1.07143e-09 0.000110155)
(-3.32817e-10 -2.05044e-09 0.000108471)
(-5.39437e-10 3.96392e-11 8.61143e-05)
(9.08294e-10 3.16281e-10 9.01091e-05)
(7.62419e-10 -7.62256e-10 0.000109181)
(-1.2808e-11 6.38347e-10 0.000110221)
(5.71975e-10 -3.90027e-10 0.000110258)
(1.36737e-10 3.04336e-10 0.000110259)
(3.31891e-10 1.86054e-11 0.000110259)
(-2.02045e-10 1.1621e-10 0.000110258)
(1.5224e-10 1.6943e-10 0.000110221)
(-3.55396e-10 -1.13594e-09 0.000109181)
(-1.19997e-09 2.98224e-10 9.01091e-05)
(5.56187e-10 -3.09968e-10 9.01092e-05)
(2.74183e-10 -1.20977e-10 0.000109181)
(-1.80431e-10 6.33112e-10 0.000110221)
(1.33638e-10 7.39681e-11 0.000110258)
(7.2681e-11 3.75047e-10 0.000110259)
(3.31873e-10 1.84094e-10 0.000110259)
(-3.3709e-10 3.47022e-10 0.000110258)
(-5.89926e-10 1.09024e-09 0.000110221)
(-8.85908e-10 -4.45496e-11 0.000109181)
(-8.16838e-10 -1.55527e-09 9.01088e-05)
(-1.02796e-09 -1.67145e-09 8.61138e-05)
(5.51881e-10 1.47047e-10 0.000108471)
(1.24228e-09 2.39537e-10 0.000110155)
(1.66146e-10 5.93114e-10 0.000110252)
(1.82911e-10 5.98375e-10 0.000110258)
(-3.16246e-10 1.51818e-10 0.000110258)
(-5.26115e-10 6.7558e-10 0.000110253)
(-4.79851e-10 6.16115e-10 0.000110155)
(-5.27272e-10 5.5984e-10 0.000108471)
(8.11401e-10 -3.32111e-09 8.61142e-05)
(6.85684e-11 -5.36308e-10 7.45771e-05)
(4.82055e-10 -1.61764e-09 0.000105092)
(4.14397e-10 1.83981e-10 0.000109579)
(2.25757e-10 9.15582e-10 0.000110137)
(-1.32011e-10 1.37575e-09 0.000110211)
(-3.42994e-10 1.57124e-09 0.000110211)
(-5.55522e-10 1.74433e-09 0.000110137)
(-6.34789e-10 1.8986e-09 0.000109578)
(-5.57105e-10 -1.27748e-09 0.000105092)
(8.38094e-10 -4.20452e-09 7.45772e-05)
(-1.59672e-09 -2.6447e-09 4.91145e-05)
(-3.1312e-09 -1.39377e-09 9.01636e-05)
(-2.74294e-09 7.66821e-10 0.000104249)
(-1.33523e-09 -1.8097e-10 0.000108045)
(-5.44469e-10 1.10361e-09 0.000108884)
(1.46002e-11 1.51994e-09 0.000108884)
(1.02555e-09 5.77346e-10 0.000108045)
(3.03332e-09 2.36365e-09 0.000104248)
(2.19719e-09 -6.41365e-10 9.01634e-05)
(3.01597e-09 -6.46775e-09 4.91148e-05)
(-1.19124e-09 -1.75437e-09 1.90953e-05)
(-1.65249e-09 6.79648e-10 4.60047e-05)
(-1.4194e-09 5.46789e-10 7.03551e-05)
(-9.89721e-10 -6.96796e-10 8.27221e-05)
(-6.06659e-10 1.61656e-10 8.68812e-05)
(-2.00172e-10 9.03793e-12 8.68808e-05)
(3.31816e-10 -4.99427e-10 8.27217e-05)
(1.32684e-10 9.20306e-10 7.03548e-05)
(3.02032e-09 8.55162e-10 4.60049e-05)
(7.06481e-09 -5.22011e-09 1.90952e-05)
(-5.36825e-09 3.42681e-09 1.9095e-05)
(5.22152e-09 -6.68306e-09 4.60043e-05)
(2.67931e-09 8.78861e-10 7.03549e-05)
(-1.70756e-09 1.44945e-09 8.27216e-05)
(3.76602e-10 -3.09625e-10 8.68808e-05)
(-4.30522e-10 -1.96145e-10 8.68808e-05)
(1.65866e-09 1.5709e-09 8.27216e-05)
(-2.72796e-09 1.10299e-09 7.0355e-05)
(-5.78145e-09 -5.43321e-09 4.60048e-05)
(3.13032e-09 2.28591e-09 1.90951e-05)
(8.32227e-11 2.2815e-09 4.91145e-05)
(4.48457e-10 -3.97116e-09 9.01633e-05)
(-1.84576e-09 2.67174e-10 0.000104248)
(1.04555e-09 5.76391e-10 0.000108045)
(-5.66251e-10 -9.54799e-10 0.000108884)
(-1.57481e-11 -6.24041e-10 0.000108884)
(-9.45083e-10 1.14478e-09 0.000108045)
(8.3423e-10 -1.48951e-10 0.000104248)
(-5.09859e-10 -2.93271e-09 9.01627e-05)
(-2.40718e-09 -4.95445e-10 4.9115e-05)
(2.53257e-09 -3.68862e-10 7.45768e-05)
(5.14185e-10 5.88728e-10 0.000105093)
(-8.9091e-10 -5.57295e-10 0.000109578)
(1.16066e-09 -4.99117e-10 0.000110137)
(1.73824e-10 -2.42888e-10 0.000110211)
(5.9891e-10 -2.80133e-10 0.000110211)
(7.15061e-10 3.02903e-11 0.000110137)
(1.74002e-09 -1.25252e-09 0.000109578)
(1.79115e-09 3.80751e-10 0.000105092)
(-3.17826e-10 -3.84114e-11 7.45775e-05)
(5.90487e-10 1.86354e-10 8.61142e-05)
(1.33509e-09 -3.142e-10 0.000108471)
(6.00294e-10 7.12098e-10 0.000110155)
(2.25061e-10 6.53639e-10 0.000110252)
(5.64418e-11 6.67066e-10 0.000110258)
(-3.73331e-10 1.02101e-10 0.000110258)
(-2.36587e-10 5.18385e-10 0.000110252)
(-7.87583e-10 -4.66677e-10 0.000110155)
(-8.07845e-10 -6.20507e-10 0.000108471)
(1.99643e-10 7.49504e-10 8.61144e-05)
(-6.18484e-11 7.46693e-10 9.01089e-05)
(1.86498e-10 -4.67242e-10 0.000109181)
(-2.21656e-10 5.27575e-10 0.000110221)
(-3.23219e-10 3.72598e-11 0.000110258)
(-2.58445e-10 5.90967e-10 0.000110259)
(-4.18767e-11 5.17504e-10 0.000110259)
(3.49332e-10 4.24898e-10 0.000110258)
(-1.21087e-10 1.9133e-11 0.000110221)
(-6.1816e-10 -7.273e-10 0.000109181)
(-2.62618e-10 4.99726e-10 9.01093e-05)
(-2.83872e-10 4.42544e-10 9.01091e-05)
(-1.39601e-10 -6.46097e-10 0.000109181)
(-4.09197e-11 5.07089e-10 0.000110221)
(-1.04197e-10 -4.50213e-10 0.000110258)
(-1.40652e-10 3.48055e-10 0.000110259)
(-3.33024e-10 5.0811e-10 0.000110259)
(3.19801e-10 4.36039e-10 0.000110258)
(-5.37799e-10 1.0395e-09 0.000110221)
(-3.63534e-10 -4.27014e-10 0.000109181)
(4.30867e-10 8.26631e-10 9.01089e-05)
(4.56363e-10 8.89393e-10 8.61138e-05)
(1.81106e-09 -1.7017e-09 0.000108471)
(1.58185e-09 1.22505e-09 0.000110155)
(1.1451e-10 -2.13885e-11 0.000110252)
(1.65192e-10 9.93803e-11 0.000110258)
(-3.57533e-10 8.53828e-12 0.000110258)
(1.21422e-11 2.06124e-10 0.000110252)
(-1.39813e-09 1.5344e-09 0.000110155)
(-7.5945e-10 -1.59618e-09 0.000108471)
(1.17175e-10 8.87011e-10 8.61147e-05)
(1.1633e-09 -1.20116e-09 7.45766e-05)
(7.80847e-10 -3.69237e-09 0.000105092)
(6.28196e-10 2.42992e-09 0.000109578)
(6.15288e-11 6.3675e-10 0.000110137)
(8.98473e-11 5.33853e-10 0.000110211)
(-3.02062e-11 1.14632e-10 0.000110211)
(4.20109e-10 4.91866e-10 0.000110137)
(3.62353e-10 3.0036e-09 0.000109578)
(-2.74514e-10 -3.42438e-09 0.000105092)
(-1.74258e-09 1.95275e-10 7.45771e-05)
(-3.62081e-10 -4.13813e-09 4.91149e-05)
(-2.55169e-09 -1.88134e-09 9.01633e-05)
(-2.1978e-09 2.22204e-09 0.000104248)
(-2.74756e-10 -3.03238e-10 0.000108045)
(-1.27515e-09 8.71418e-10 0.000108884)
(-4.69874e-10 3.99247e-10 0.000108884)
(-8.21662e-10 -3.25358e-10 0.000108045)
(2.00787e-10 3.17225e-09 0.000104248)
(1.64585e-09 -4.08461e-10 9.01628e-05)
(2.33515e-09 -4.26579e-09 4.91144e-05)
(-5.40306e-09 -3.68787e-09 1.90952e-05)
(-2.48861e-09 2.67253e-10 4.60045e-05)
(9.74347e-10 7.26206e-10 7.03546e-05)
(-4.433e-10 -8.87225e-10 8.27214e-05)
(-9.06713e-10 2.5137e-10 8.68808e-05)
(2.20724e-10 1.37641e-10 8.68805e-05)
(-1.60974e-10 -1.134e-09 8.27215e-05)
(-7.15416e-10 7.30727e-10 7.03548e-05)
(1.92377e-09 9.07547e-10 4.60044e-05)
(3.17504e-09 -2.71038e-09 1.90949e-05)
(-1.61499e-08 1.14681e-08 1.90954e-05)
(-1.51542e-09 -3.19733e-09 4.6005e-05)
(7.02037e-10 9.43516e-10 7.03553e-05)
(-4.17544e-09 1.88859e-09 8.27218e-05)
(-6.9764e-11 -2.86816e-10 8.6881e-05)
(-7.39791e-10 -4.34863e-10 8.68812e-05)
(1.37665e-09 3.63473e-10 8.27216e-05)
(1.46887e-10 1.85882e-09 7.0355e-05)
(-2.38316e-09 -5.28153e-09 4.60043e-05)
(4.0024e-09 2.58017e-09 1.90953e-05)
(-3.9339e-09 8.75601e-09 4.91144e-05)
(-1.166e-09 -1.81661e-09 9.01627e-05)
(-2.47888e-09 -2.99728e-10 0.000104249)
(1.97219e-10 2.81358e-10 0.000108045)
(-4.42507e-10 -1.59103e-09 0.000108884)
(1.60055e-09 -1.56243e-09 0.000108884)
(1.14378e-09 -2.41053e-10 0.000108045)
(4.31605e-09 1.455e-09 0.000104249)
(1.95774e-09 -1.28675e-09 9.0163e-05)
(5.28868e-11 2.66355e-09 4.91148e-05)
(4.37465e-10 4.04116e-09 7.45763e-05)
(1.81801e-09 -1.80427e-10 0.000105092)
(2.68335e-10 -9.67957e-10 0.000109578)
(1.36198e-09 -7.83009e-10 0.000110138)
(2.13786e-10 -1.04223e-09 0.000110212)
(-6.03776e-10 -9.17531e-10 0.000110211)
(-1.69929e-09 -1.20588e-09 0.000110138)
(8.89093e-11 -8.15172e-10 0.000109579)
(2.22051e-10 1.25597e-09 0.000105093)
(-1.51698e-09 3.52069e-10 7.45773e-05)
(3.02861e-10 1.78759e-09 8.61136e-05)
(2.28011e-09 -8.66152e-10 0.000108471)
(1.75418e-09 -1.52707e-10 0.000110155)
(7.6201e-10 1.05424e-10 0.000110253)
(3.8035e-10 8.99698e-11 0.000110258)
(-2.77954e-10 -6.31844e-11 0.000110258)
(-7.8245e-10 -1.32579e-10 0.000110253)
(-1.61828e-09 -4.37061e-10 0.000110155)
(-1.10623e-09 -1.39677e-09 0.000108472)
(3.87834e-10 5.23246e-10 8.61144e-05)
(4.69984e-10 2.32235e-10 9.01084e-05)
(1.18967e-09 -8.78426e-10 0.000109181)
(4.47516e-11 3.00333e-10 0.000110221)
(-6.7606e-11 -3.07386e-11 0.000110258)
(5.77977e-10 2.90194e-10 0.000110259)
(2.81137e-10 3.94666e-10 0.000110259)
(4.67384e-10 -8.02948e-12 0.000110258)
(-1.47225e-10 9.3592e-11 0.000110221)
(-8.51332e-10 -8.58515e-10 0.000109181)
(-2.93512e-10 1.32383e-10 9.0109e-05)
(3.36613e-10 2.22698e-10 9.01087e-05)
(8.71325e-10 -4.39718e-10 0.000109181)
(-6.61452e-11 9.16481e-10 0.000110221)
(-1.81184e-10 5.03816e-10 0.000110258)
(5.44735e-10 3.08381e-10 0.000110259)
(-3.42487e-10 3.39168e-10 0.000110259)
(2.87365e-10 4.26496e-12 0.000110258)
(-2.98811e-10 1.06622e-09 0.000110221)
(-6.48672e-10 -1.02453e-09 0.000109181)
(3.81492e-10 -7.45421e-11 9.01089e-05)
(-1.38696e-09 -3.62201e-10 8.6114e-05)
(-6.0542e-12 -7.54337e-10 0.000108471)
(1.25064e-09 1.28891e-09 0.000110155)
(1.31798e-10 -3.05115e-10 0.000110252)
(1.37407e-10 -1.72737e-10 0.000110258)
(-5.3064e-10 -1.93357e-10 0.000110258)
(8.83278e-11 -1.86013e-10 0.000110252)
(-1.8373e-09 1.70488e-09 0.000110154)
(-7.4483e-10 -1.76188e-09 0.000108471)
(9.12545e-10 4.94089e-10 8.61143e-05)
(9.12657e-10 5.27963e-10 7.45771e-05)
(6.99703e-10 -2.58097e-09 0.000105092)
(1.08598e-09 2.95424e-09 0.000109578)
(9.37941e-10 7.06749e-10 0.000110137)
(7.91202e-10 2.26766e-11 0.000110211)
(-9.8944e-10 4.67683e-10 0.000110211)
(-1.20635e-09 1.35027e-09 0.000110137)
(-1.59188e-09 3.52628e-09 0.000109578)
(-1.1746e-09 -3.88931e-09 0.000105092)
(-1.61421e-09 5.76443e-11 7.45772e-05)
(3.48024e-10 -2.4412e-09 4.91149e-05)
(-1.77397e-09 -1.94227e-09 9.01631e-05)
(-1.52118e-09 3.08486e-09 0.000104249)
(-3.92007e-10 1.20964e-10 0.000108045)
(-1.89739e-10 4.38766e-10 0.000108884)
(1.87954e-10 2.88227e-10 0.000108884)
(-1.68058e-10 1.07351e-09 0.000108045)
(2.94226e-09 3.66143e-09 0.000104249)
(3.86632e-09 -2.40455e-09 9.0163e-05)
(3.52931e-10 -2.82642e-09 4.91149e-05)
(-4.13444e-09 -3.5953e-09 1.9095e-05)
(-2.95984e-09 -7.18167e-10 4.60045e-05)
(-3.97656e-10 4.44621e-10 7.03547e-05)
(3.4268e-10 -1.12211e-09 8.27211e-05)
(-8.55615e-10 -3.86315e-11 8.68807e-05)
(-3.26595e-10 -2.63782e-10 8.68808e-05)
(-9.10646e-10 -7.09247e-10 8.27221e-05)
(-2.14546e-09 1.7906e-09 7.03555e-05)
(9.2252e-10 1.32552e-09 4.60048e-05)
(4.63013e-09 -3.52845e-09 1.90952e-05)
(-3.63303e-09 1.50901e-09 1.90953e-05)
(4.77457e-09 -6.95172e-09 4.60052e-05)
(2.55851e-09 4.21722e-10 7.03556e-05)
(-1.65579e-09 1.19401e-09 8.27219e-05)
(5.90677e-10 -1.89164e-10 8.68812e-05)
(-8.75184e-10 -6.76986e-10 8.68812e-05)
(1.26565e-09 1.09997e-09 8.2722e-05)
(-1.23186e-09 1.35285e-09 7.0356e-05)
(-3.25351e-09 -4.89017e-09 4.60051e-05)
(5.36513e-09 3.25528e-09 1.90957e-05)
(-7.93603e-10 2.7403e-09 4.91147e-05)
(-1.06811e-09 -3.90012e-09 9.0163e-05)
(-2.60656e-09 -7.64437e-10 0.000104249)
(2.51824e-10 8.68925e-10 0.000108046)
(-7.17274e-10 -3.88696e-10 0.000108884)
(-2.43645e-10 -1.27511e-09 0.000108884)
(-1.68791e-09 4.77979e-10 0.000108045)
(4.20303e-10 1.77578e-10 0.000104249)
(7.00077e-12 -2.49135e-09 9.0164e-05)
(-5.27961e-10 9.09727e-10 4.91155e-05)
(6.1999e-10 2.41769e-09 7.45768e-05)
(-7.41312e-10 5.90979e-10 0.000105092)
(-1.52521e-09 -1.82527e-09 0.000109578)
(4.08514e-10 -7.13779e-10 0.000110138)
(-2.63778e-10 -4.57484e-11 0.000110211)
(1.52687e-10 -3.02869e-10 0.000110212)
(-2.45249e-12 -9.6509e-10 0.000110138)
(1.16977e-09 -1.51486e-09 0.000109578)
(8.25726e-10 7.05862e-10 0.000105092)
(-9.83843e-10 4.50986e-10 7.4577e-05)
(-9.75569e-11 1.21589e-09 8.61136e-05)
(1.24211e-09 1.30752e-10 0.000108471)
(9.75025e-10 4.06417e-11 0.000110154)
(2.71185e-10 -1.01941e-10 0.000110253)
(4.92163e-10 8.22829e-11 0.000110258)
(-4.24359e-10 3.50633e-10 0.000110258)
(-7.82388e-10 -4.52955e-10 0.000110253)
(-9.23899e-10 -6.05477e-10 0.000110154)
(-9.36182e-10 -1.09588e-09 0.000108472)
(2.38216e-10 8.70964e-10 8.61139e-05)
(9.58449e-11 9.96744e-10 9.01084e-05)
(6.09369e-10 -1.6133e-10 0.000109181)
(3.78255e-10 7.44431e-10 0.00011022)
(4.06524e-12 -3.46902e-11 0.000110258)
(3.73258e-10 2.88152e-10 0.000110259)
(2.40834e-10 2.86116e-10 0.000110259)
(6.04117e-10 -1.898e-10 0.000110258)
(9.53977e-11 -2.53559e-10 0.00011022)
(-8.34032e-10 -8.25149e-10 0.000109181)
(-4.793e-11 -9.90849e-11 9.01088e-05)
(-8.73957e-10 -8.97413e-11 9.01086e-05)
(-3.23206e-10 -7.58257e-10 0.000109181)
(-2.60742e-10 9.99563e-10 0.000110221)
(-7.12575e-10 -1.18322e-10 0.000110258)
(7.88542e-11 -1.15344e-10 0.000110259)
(-1.04444e-10 2.91741e-10 0.000110259)
(6.58595e-10 -4.54139e-10 0.000110258)
(-9.89906e-12 2.31885e-10 0.000110221)
(-8.21041e-11 -5.86858e-10 0.000109181)
(6.23793e-10 1.29548e-11 9.01091e-05)
(-3.6881e-10 9.38769e-10 8.61142e-05)
(1.20478e-09 -1.14978e-09 0.000108471)
(1.86596e-09 1.68584e-09 0.000110155)
(-3.9777e-10 -2.66461e-10 0.000110252)
(9.45165e-11 -1.36398e-10 0.000110258)
(-3.65283e-10 2.17557e-10 0.000110258)
(-1.08909e-10 -8.76029e-11 0.000110253)
(-1.40034e-09 1.0069e-09 0.000110155)
(-1.40507e-09 -1.86877e-09 0.000108472)
(-1.09652e-10 1.16748e-09 8.61143e-05)
(1.66973e-09 -1.58727e-10 7.45775e-05)
(4.7759e-10 -2.77104e-09 0.000105092)
(-9.92203e-11 3.04268e-09 0.000109578)
(4.33433e-10 4.33094e-10 0.000110138)
(1.05802e-09 3.51629e-10 0.000110211)
(1.59812e-10 6.14479e-10 0.000110211)
(1.47368e-10 5.43009e-10 0.000110137)
(2.92226e-10 2.22891e-09 0.000109578)
(-5.84336e-10 -3.52617e-09 0.000105093)
(-2.08634e-09 7.28011e-11 7.45776e-05)
(5.90471e-11 -2.49566e-09 4.91152e-05)
(-2.71825e-09 1.54461e-10 9.01633e-05)
(-2.27337e-09 2.93308e-09 0.000104249)
(2.99234e-10 -5.61346e-11 0.000108045)
(1.24611e-10 -4.05841e-11 0.000108884)
(1.13205e-09 3.91194e-10 0.000108884)
(9.72724e-11 -8.60057e-10 0.000108045)
(1.47563e-09 2.03527e-09 0.000104249)
(2.33386e-09 -1.28988e-09 9.01636e-05)
(1.2388e-09 -3.55564e-09 4.91155e-05)
(-3.35685e-10 -7.26133e-10 1.90953e-05)
(2.21504e-09 3.28413e-09 4.60049e-05)
(3.28606e-09 1.63009e-09 7.03558e-05)
(2.52635e-09 -4.77459e-10 8.27219e-05)
(9.9861e-10 -2.18527e-10 8.6881e-05)
(1.86203e-09 -1.66772e-10 8.68812e-05)
(1.2224e-09 -1.53374e-09 8.27219e-05)
(1.0328e-09 -2.35114e-10 7.03556e-05)
(2.70123e-09 9.31295e-11 4.60053e-05)
(3.3788e-09 -2.85649e-09 1.90957e-05)
(-1.16028e-08 8.10631e-09 1.90953e-05)
(-1.07959e-10 -3.70193e-09 4.60047e-05)
(-2.385e-09 3.91743e-09 7.03551e-05)
(-4.97214e-09 1.65374e-09 8.27215e-05)
(5.47516e-11 -3.69063e-10 8.68812e-05)
(-1.60512e-09 -5.13769e-10 8.68807e-05)
(2.52661e-09 1.03464e-09 8.27218e-05)
(2.22326e-10 3.22428e-09 7.03555e-05)
(-4.49398e-09 -6.16698e-09 4.60048e-05)
(4.11612e-09 2.26367e-09 1.90952e-05)
(-5.0061e-09 8.20256e-09 4.91149e-05)
(-1.4309e-09 -1.8422e-09 9.01634e-05)
(-4.43751e-09 3.47055e-09 0.000104248)
(-1.45377e-09 -1.03387e-09 0.000108045)
(-7.87198e-10 -1.3394e-09 0.000108884)
(5.34457e-10 -1.68467e-09 0.000108884)
(1.54443e-09 6.00356e-11 0.000108045)
(5.41081e-09 4.36692e-09 0.000104248)
(9.68615e-10 -3.40559e-09 9.01633e-05)
(9.45644e-10 2.33113e-09 4.91151e-05)
(8.70667e-10 4.21957e-09 7.45772e-05)
(1.76429e-09 1.88426e-11 0.000105092)
(-3.95295e-10 2.37004e-09 0.000109578)
(1.33236e-09 -2.60443e-09 0.000110138)
(-5.4902e-10 -7.22564e-10 0.000110211)
(-4.81124e-10 -7.4223e-10 0.000110212)
(-2.02392e-09 -1.63241e-09 0.000110137)
(1.12376e-10 2.99007e-09 0.000109578)
(-9.60268e-10 -2.85791e-10 0.000105092)
(-2.30762e-09 -2.73346e-10 7.45772e-05)
(8.69324e-10 1.50862e-09 8.61139e-05)
(1.25456e-09 -1.00044e-09 0.000108472)
(7.89069e-10 1.70676e-09 0.000110155)
(1.18931e-09 -5.43773e-10 0.000110253)
(6.84162e-11 1.14385e-11 0.000110258)
(-3.4175e-10 -3.09245e-11 0.000110258)
(-1.53292e-09 -1.65399e-10 0.000110253)
(-5.04952e-10 2.49913e-09 0.000110155)
(4.79076e-11 -8.94579e-10 0.000108472)
(-3.46954e-10 -7.70737e-10 8.61142e-05)
(8.48191e-10 6.6912e-10 9.01089e-05)
(7.22449e-10 -2.87087e-10 0.000109181)
(4.42259e-10 5.91079e-10 0.000110221)
(4.53075e-10 -4.7084e-10 0.000110258)
(-2.95988e-10 2.28608e-10 0.000110259)
(-6.29222e-11 1.69255e-10 0.000110259)
(-4.04658e-10 1.43048e-10 0.000110258)
(-7.43654e-11 1.07652e-09 0.000110221)
(-2.6616e-10 -6.85648e-10 0.000109181)
(-5.62931e-10 1.80947e-11 9.01091e-05)
(6.78972e-10 -1.47817e-10 9.01086e-05)
(7.16273e-10 6.84434e-10 0.000109181)
(-1.81617e-10 5.69246e-10 0.000110221)
(2.4849e-11 -2.10696e-10 0.000110258)
(1.72916e-10 2.57908e-10 0.000110259)
(-9.26968e-11 2.74928e-10 0.000110259)
(1.66366e-10 7.43089e-11 0.000110258)
(2.24486e-10 7.97022e-10 0.000110221)
(-3.49293e-10 1.34902e-10 0.000109181)
(-3.23359e-10 -5.92847e-10 9.01092e-05)
(-1.07066e-09 -1.10628e-09 8.6114e-05)
(2.70683e-10 8.51095e-10 0.000108471)
(7.49066e-10 -2.06121e-10 0.000110155)
(1.58087e-10 -1.86434e-10 0.000110253)
(4.68421e-10 3.51158e-10 0.000110258)
(8.73134e-11 -7.39377e-10 0.000110258)
(6.36328e-12 8.30088e-11 0.000110253)
(-9.42131e-10 5.32781e-10 0.000110155)
(-1.07524e-09 -1.62393e-11 0.000108472)
(4.28286e-10 -1.72222e-09 8.61142e-05)
(1.26774e-09 1.1133e-09 7.45765e-05)
(1.82482e-09 -3.61744e-10 0.000105092)
(4.16041e-10 3.21382e-10 0.000109579)
(1.33213e-10 3.71317e-10 0.000110138)
(2.98915e-10 4.67987e-10 0.000110211)
(-3.62951e-10 1.01766e-10 0.000110211)
(6.5153e-11 1.04774e-09 0.000110138)
(-1.5391e-09 1.93918e-09 0.000109578)
(-1.83661e-09 -1.33532e-09 0.000105092)
(1.46922e-09 -4.90345e-09 7.45772e-05)
(-5.15073e-10 -3.31054e-09 4.91155e-05)
(2.73238e-10 -3.13871e-10 9.01634e-05)
(-1.02317e-09 9.47285e-10 0.000104249)
(-1.72301e-10 -5.07108e-10 0.000108045)
(5.36737e-11 6.97888e-11 0.000108884)
(5.15248e-10 3.33748e-10 0.000108884)
(1.3466e-09 6.99844e-11 0.000108045)
(2.97499e-09 2.33852e-09 0.000104248)
(3.28495e-09 -2.38472e-10 9.01633e-05)
(4.89634e-09 -7.43178e-09 4.91148e-05)
(-6.49122e-09 -6.12199e-09 1.90958e-05)
(-1.42674e-09 3.62411e-10 4.60053e-05)
(3.23429e-11 3.16727e-10 7.03557e-05)
(-1.27646e-09 -1.35358e-09 8.27219e-05)
(-9.63835e-10 -1.47584e-10 8.68811e-05)
(-6.07741e-10 -4.96528e-10 8.6881e-05)
(-7.22509e-10 -9.72598e-10 8.27213e-05)
(-1.28481e-09 1.01075e-09 7.03548e-05)
(1.89718e-09 1.28686e-09 4.60047e-05)
(6.4612e-09 -4.77895e-09 1.90952e-05)
(-8.51261e-09 5.66795e-09 1.90952e-05)
(5.32051e-09 -6.77783e-09 4.60043e-05)
(2.6251e-09 1.36165e-09 7.03546e-05)
(-1.53836e-09 2.03787e-09 8.27214e-05)
(8.14257e-10 -5.20701e-10 8.68809e-05)
(-8.64888e-10 -2.2001e-10 8.68806e-05)
(1.55874e-09 1.47728e-09 8.27214e-05)
(-3.51385e-09 1.24761e-09 7.03546e-05)
(-6.70604e-09 -6.79643e-09 4.60044e-05)
(5.81256e-09 4.18545e-09 1.90951e-05)
(-2.03881e-10 2.96717e-09 4.91149e-05)
(3.4522e-11 -4.57137e-09 9.01631e-05)
(-1.79591e-09 5.95944e-10 0.000104248)
(1.05707e-09 1.14018e-09 0.000108044)
(-1.00208e-09 -8.00267e-10 0.000108884)
(-5.16114e-10 -7.38923e-11 0.000108884)
(-1.82199e-09 1.40434e-09 0.000108045)
(5.60989e-10 7.99955e-10 0.000104248)
(-1.23353e-09 -4.63952e-09 9.01631e-05)
(-4.46073e-10 1.32952e-09 4.9115e-05)
(7.84399e-10 1.79042e-09 7.45772e-05)
(-8.70997e-11 3.88407e-11 0.000105092)
(-8.44164e-10 -7.82993e-10 0.000109578)
(6.18302e-10 -1.219e-09 0.000110137)
(1.15198e-10 -3.46539e-10 0.000110211)
(3.13101e-10 -3.42702e-10 0.000110211)
(-2.18336e-10 -1.92592e-10 0.000110137)
(2.07019e-09 -5.50039e-10 0.000109578)
(1.59367e-09 -3.212e-10 0.000105093)
(-6.48999e-10 -2.73499e-11 7.45774e-05)
(5.45199e-10 1.20585e-09 8.61141e-05)
(1.84075e-09 -3.87502e-10 0.000108471)
(9.26806e-10 -2.34911e-10 0.000110155)
(3.46521e-10 -1.34634e-10 0.000110252)
(4.76248e-10 -3.08527e-10 0.000110258)
(2.05595e-10 -2.87696e-10 0.000110258)
(2.53369e-10 -5.74311e-10 0.000110253)
(-4.71432e-10 -5.74341e-10 0.000110155)
(-9.52318e-10 -1.23168e-09 0.000108472)
(1.65261e-10 1.24763e-09 8.61144e-05)
(2.08333e-10 1.1675e-09 9.01087e-05)
(8.6199e-10 -6.3872e-10 0.00010918)
(6.00197e-10 -1.69279e-10 0.000110221)
(2.28248e-11 1.54039e-10 0.000110258)
(2.69913e-10 -1.62356e-11 0.000110259)
(2.74276e-11 1.85678e-10 0.000110259)
(-2.51592e-10 -5.02061e-10 0.000110258)
(-3.41755e-10 -6.30662e-10 0.000110221)
(-6.58831e-10 -1.01126e-09 0.000109181)
(-1.23689e-10 4.12169e-10 9.0109e-05)
(1.38664e-10 8.56697e-10 9.01086e-05)
(5.36493e-10 -5.96077e-10 0.000109181)
(6.09183e-10 9.80246e-10 0.000110221)
(4.47472e-11 -3.31099e-10 0.000110258)
(-1.34455e-10 -1.92223e-10 0.000110259)
(-3.0436e-10 2.41307e-10 0.000110259)
(-1.35301e-11 -1.38248e-10 0.000110258)
(-6.36865e-10 8.50064e-10 0.000110221)
(-2.66655e-10 -6.58103e-10 0.000109181)
(4.97773e-10 1.92639e-10 9.01093e-05)
(-1.0905e-10 1.25618e-09 8.61133e-05)
(1.02358e-09 -1.79876e-09 0.000108471)
(1.54623e-09 1.75587e-09 0.000110154)
(-3.79255e-10 -3.63639e-11 0.000110252)
(4.6652e-10 -1.46672e-10 0.000110258)
(-1.49117e-10 -7.13626e-11 0.000110258)
(-3.16548e-10 6.93324e-10 0.000110252)
(-1.81671e-09 1.62148e-09 0.000110155)
(-1.51264e-09 -1.7705e-09 0.000108471)
(-3.85477e-11 1.2561e-09 8.6114e-05)
(2.30334e-09 6.49676e-10 7.4576e-05)
(9.32683e-10 -3.82766e-09 0.000105092)
(6.3739e-10 2.27789e-09 0.000109578)
(2.89172e-10 3.55298e-10 0.000110137)
(2.60772e-10 1.55801e-10 0.000110211)
(5.23652e-10 3.00189e-10 0.000110212)
(6.1531e-10 1.43069e-09 0.000110138)
(1.18421e-10 3.18742e-09 0.000109578)
(-3.466e-10 -2.34638e-09 0.000105092)
(-1.79361e-09 7.74758e-10 7.45763e-05)
(-1.06419e-09 -4.13104e-09 4.91145e-05)
(-1.50878e-09 -1.44404e-09 9.01632e-05)
(1.68662e-11 3.21497e-09 0.000104249)
(5.63282e-10 -4.56228e-10 0.000108045)
(-2.13338e-10 1.17531e-10 0.000108884)
(1.71715e-10 1.37025e-10 0.000108884)
(-1.19966e-09 7.9114e-10 0.000108045)
(-4.02072e-10 4.08473e-09 0.000104248)
(4.7414e-10 2.1775e-10 9.01629e-05)
(2.5002e-10 -2.60271e-09 4.91144e-05)
(-5.54303e-09 -4.76469e-09 1.90951e-05)
(-1.3362e-09 1.04452e-09 4.60049e-05)
(6.51192e-10 1.58291e-09 7.03551e-05)
(1.91462e-10 -4.3873e-10 8.27217e-05)
(-3.63966e-10 9.32825e-11 8.68811e-05)
(5.1672e-10 -4.94928e-10 8.68814e-05)
(-1.21287e-09 -1.72422e-10 8.2722e-05)
(-1.21431e-09 1.43792e-09 7.03551e-05)
(1.05233e-09 6.7699e-10 4.60046e-05)
(1.48536e-09 -1.68249e-09 1.9095e-05)
(-9.83611e-09 7.11501e-09 1.9095e-05)
(3.96547e-10 -3.37992e-09 4.60044e-05)
(-1.15986e-09 2.21673e-09 7.03549e-05)
(-4.01597e-09 1.35448e-09 8.27217e-05)
(7.32814e-10 -3.20637e-10 8.68807e-05)
(-6.51757e-10 -2.40915e-10 8.68808e-05)
(1.95641e-09 1.92508e-09 8.27219e-05)
(-1.27734e-09 1.91314e-09 7.03553e-05)
(-5.63671e-09 -7.17201e-09 4.6005e-05)
(4.48795e-09 2.44287e-09 1.90952e-05)
(-2.46625e-09 7.33194e-09 4.91146e-05)
(-9.33706e-10 -2.08699e-09 9.01631e-05)
(-3.40147e-09 5.87023e-10 0.000104249)
(2.84794e-10 -2.49625e-10 0.000108045)
(-3.34581e-10 -1.19408e-09 0.000108884)
(1.56307e-09 -1.46814e-09 0.000108884)
(8.23314e-10 7.05727e-10 0.000108045)
(4.18689e-09 2.25628e-09 0.000104249)
(1.00047e-09 -2.53562e-09 9.01634e-05)
(-2.0439e-09 2.53084e-10 4.91148e-05)
(1.06275e-09 3.62428e-09 7.4577e-05)
(2.05763e-09 -5.67754e-10 0.000105092)
(1.34403e-09 -8.33628e-10 0.000109578)
(2.1034e-09 -1.39656e-09 0.000110137)
(1.83827e-10 -5.24971e-10 0.000110211)
(-3.83245e-10 -7.91094e-10 0.000110211)
(-1.63242e-09 -7.80241e-10 0.000110137)
(2.03421e-10 2.62895e-10 0.000109578)
(4.0007e-11 1.29785e-09 0.000105092)
(-1.58082e-09 -6.02233e-10 7.45769e-05)
(7.10933e-10 8.60037e-10 8.61142e-05)
(1.82756e-09 -9.19894e-10 0.000108471)
(1.04865e-09 -1.49871e-10 0.000110154)
(6.29403e-10 -2.44394e-10 0.000110253)
(7.13744e-10 -1.01402e-10 0.000110258)
(2.31574e-10 3.35834e-10 0.000110258)
(8.46167e-11 4.47613e-10 0.000110252)
(-6.79471e-10 8.80881e-11 0.000110154)
(-4.99929e-10 -1.26085e-09 0.000108471)
(7.95755e-10 6.29049e-10 8.61139e-05)
(5.06614e-10 3.21223e-10 9.01087e-05)
(8.57173e-10 -5.74941e-10 0.000109181)
(5.09193e-10 3.31e-10 0.00011022)
(1.31667e-10 -1.77105e-10 0.000110258)
(4.3368e-10 2.41254e-11 0.000110259)
(2.05375e-10 2.76067e-10 0.000110259)
(4.8155e-10 -1.15691e-10 0.000110258)
(3.23085e-10 -8.0718e-12 0.000110221)
(-5.88177e-10 -1.03885e-09 0.000109181)
(8.66566e-11 1.84575e-10 9.01087e-05)
(6.16531e-11 1.15134e-11 9.01086e-05)
(6.82784e-10 -5.1881e-10 0.000109181)
(7.55335e-10 1.12348e-09 0.000110221)
(1.51695e-10 -4.34514e-10 0.000110258)
(2.49993e-10 6.58243e-11 0.000110259)
(-1.39337e-10 -1.30299e-11 0.000110259)
(3.22468e-10 -2.71586e-10 0.000110258)
(-4.76522e-10 6.3742e-10 0.000110221)
(-8.54728e-10 -9.11857e-10 0.000109181)
(2.48488e-10 8.50049e-11 9.01087e-05)
(-1.36708e-09 -1.46701e-09 8.61137e-05)
(8.95373e-10 -2.11528e-09 0.000108471)
(2.05726e-09 1.52791e-09 0.000110154)
(2.31796e-10 1.54187e-10 0.000110253)
(4.60773e-10 3.20372e-10 0.000110258)
(-3.20076e-10 -2.0556e-10 0.000110258)
(-5.77755e-11 -1.47418e-10 0.000110253)
(-1.79015e-09 1.33119e-09 0.000110155)
(-1.03443e-09 -1.7932e-09 0.000108471)
(4.98074e-10 3.64213e-10 8.6114e-05)
(2.72147e-10 -2.62424e-10 7.45767e-05)
(-1.60945e-10 -4.52105e-09 0.000105092)
(1.02291e-09 2.59457e-09 0.000109578)
(2.75232e-10 1.41155e-09 0.000110137)
(-2.75514e-10 1.25196e-09 0.000110211)
(-2.59462e-10 7.9922e-10 0.000110212)
(-2.93104e-10 1.07844e-09 0.000110137)
(-1.56154e-09 3.04091e-09 0.000109578)
(-1.26005e-09 -3.6916e-09 0.000105092)
(-1.53606e-09 -7.55962e-10 7.45765e-05)
(7.31709e-11 -3.06071e-09 4.91142e-05)
(-3.34425e-09 -3.36232e-09 9.01627e-05)
(-2.9554e-09 2.09687e-09 0.000104249)
(-3.32856e-10 5.18424e-10 0.000108045)
(-1.57014e-10 6.98e-10 0.000108884)
(5.82605e-10 9.42133e-10 0.000108884)
(7.731e-10 8.26401e-11 0.000108046)
(3.85067e-09 2.28447e-09 0.000104249)
(3.65961e-09 -2.06406e-09 9.01631e-05)
(3.08372e-10 -3.47952e-09 4.91147e-05)
(-3.28998e-09 -2.91572e-09 1.90948e-05)
(-4.0707e-09 -9.28329e-10 4.60043e-05)
(-1.27821e-09 4.92277e-10 7.03552e-05)
(-1.58446e-10 -4.43412e-10 8.27216e-05)
(4.28288e-11 6.5101e-11 8.68809e-05)
(9.879e-10 -8.85148e-11 8.68812e-05)
(1.90883e-10 -1.03551e-09 8.2722e-05)
(3.33307e-10 1.88452e-10 7.03557e-05)
(2.29605e-09 8.01785e-10 4.60048e-05)
(4.90519e-09 -3.64669e-09 1.90954e-05)
(-9.78955e-09 6.24777e-09 1.90951e-05)
(3.95107e-09 -5.26121e-09 4.60049e-05)
(3.56432e-09 1.23037e-09 7.03551e-05)
(-6.36912e-10 1.08194e-09 8.27215e-05)
(1.08433e-09 -4.99389e-10 8.68806e-05)
(1.11685e-10 -7.32923e-10 8.68806e-05)
(2.86392e-09 8.85025e-10 8.27214e-05)
(-3.74275e-10 2.04592e-09 7.03555e-05)
(-4.35143e-09 -5.21579e-09 4.6005e-05)
(5.59468e-09 4.22056e-09 1.90953e-05)
(-4.23906e-10 3.28249e-09 4.91151e-05)
(-1.72106e-10 -2.38191e-09 9.0163e-05)
(-1.25548e-09 5.21664e-12 0.000104249)
(1.3594e-09 1.9187e-10 0.000108045)
(-1.12785e-10 -1.16236e-09 0.000108884)
(3.57338e-10 -6.06861e-10 0.000108884)
(-1.43792e-09 5.08834e-10 0.000108045)
(4.61931e-10 6.26958e-10 0.000104249)
(-2.122e-09 -4.39761e-09 9.01632e-05)
(-2.45026e-09 -3.3682e-10 4.91146e-05)
(1.80507e-09 1.16787e-09 7.45767e-05)
(2.27453e-11 1.09922e-09 0.000105092)
(-5.31048e-10 -1.53473e-09 0.000109578)
(1.23965e-09 -1.55508e-09 0.000110138)
(2.93514e-10 -5.06222e-10 0.000110211)
(4.40773e-10 -1.55871e-10 0.000110211)
(-1.42784e-10 -2.72936e-10 0.000110137)
(1.51318e-09 -1.39126e-09 0.000109578)
(1.66286e-09 -4.86561e-10 0.000105092)
(-9.8481e-11 2.69866e-10 7.45765e-05)
(-2.33179e-10 2.43202e-10 8.61138e-05)
(9.67533e-10 8.055e-11 0.000108471)
(1.1948e-09 -1.55824e-10 0.000110154)
(2.30439e-10 -8.68278e-10 0.000110253)
(1.81717e-10 1.73717e-10 0.000110258)
(-2.62692e-10 -7.76437e-11 0.000110258)
(-9.67503e-11 -1.38515e-10 0.000110253)
(-7.14144e-10 -1.09727e-09 0.000110154)
(-8.69155e-10 -7.27192e-10 0.000108471)
(3.66921e-10 1.1471e-09 8.61135e-05)
(-8.11818e-11 5.3252e-10 9.01086e-05)
(5.02301e-10 -2.94179e-10 0.000109181)
(5.48178e-10 2.52795e-10 0.00011022)
(9.70171e-11 -4.93614e-10 0.000110258)
(3.59896e-10 1.78357e-10 0.000110259)
(-1.16148e-10 3.73262e-10 0.000110259)
(-4.82279e-10 6.6704e-11 0.000110258)
(-2.49652e-10 -3.25479e-10 0.00011022)
(-4.96692e-10 -7.44947e-10 0.000109181)
(-2.17448e-10 -3.79192e-10 9.01085e-05)
(-3.83084e-10 5.83464e-10 9.01087e-05)
(7.69548e-10 -4.37911e-10 0.000109181)
(1.0008e-09 7.08167e-10 0.00011022)
(-5.78599e-12 -4.39152e-10 0.000110258)
(5.87002e-10 -1.94536e-10 0.000110259)
(3.19531e-10 6.33323e-10 0.000110259)
(3.20753e-10 1.10273e-10 0.000110258)
(-5.99796e-10 5.97593e-10 0.000110221)
(-6.39961e-10 -8.73469e-10 0.000109181)
(3.35342e-10 2.93963e-10 9.01083e-05)
(7.715e-11 7.65719e-10 8.6114e-05)
(1.72123e-09 -1.84291e-09 0.000108472)
(2.11229e-09 1.32124e-09 0.000110154)
(4.87626e-11 -1.16361e-10 0.000110252)
(5.75243e-10 1.82888e-10 0.000110258)
(1.41052e-11 4.53555e-10 0.000110258)
(1.22422e-10 -1.69249e-12 0.000110253)
(-1.34959e-09 8.01976e-10 0.000110155)
(-1.29372e-09 -2.16237e-09 0.000108472)
(2.55689e-10 -2.6948e-10 8.61139e-05)
(5.25697e-10 -1.05571e-09 7.4577e-05)
(-4.12967e-10 -4.49064e-09 0.000105092)
(-1.34045e-10 2.5649e-09 0.000109578)
(8.0238e-11 8.08219e-10 0.000110137)
(9.77335e-10 2.93033e-10 0.000110211)
(4.73117e-10 3.47796e-10 0.000110211)
(7.89063e-10 1.03179e-09 0.000110137)
(5.05306e-10 2.64339e-09 0.000109578)
(6.85146e-10 -3.39752e-09 0.000105092)
(9.07747e-11 -1.23096e-09 7.45774e-05)
(-9.18808e-10 -3.41695e-09 4.91146e-05)
(-2.40918e-09 -1.37132e-09 9.01627e-05)
(-1.4462e-09 2.92492e-09 0.000104249)
(-1.94143e-11 -5.56743e-10 0.000108045)
(-8.85125e-11 -1.8217e-10 0.000108884)
(6.01796e-10 5.74871e-10 0.000108884)
(-2.95276e-10 -3.87179e-12 0.000108046)
(8.12164e-10 3.51816e-09 0.000104249)
(1.7558e-09 -3.43695e-10 9.0163e-05)
(9.14683e-10 -3.42127e-09 4.91152e-05)
(-5.80898e-09 -4.1975e-09 1.9095e-05)
(-4.10073e-10 1.92156e-09 4.60043e-05)
(2.6727e-09 1.67982e-09 7.03549e-05)
(5.7123e-10 -1.21934e-09 8.27216e-05)
(-4.34206e-10 -5.65966e-11 8.68811e-05)
(3.42848e-10 2.07448e-10 8.68809e-05)
(4.78557e-10 -1.39545e-09 8.27219e-05)
(-6.84979e-10 1.03975e-09 7.03558e-05)
(1.72512e-09 8.46364e-10 4.60051e-05)
(6.3454e-09 -4.89101e-09 1.90955e-05)
(-1.2781e-08 1.09181e-08 1.90954e-05)
(1.60784e-10 -4.26137e-09 4.60049e-05)
(-1.29932e-09 1.63081e-09 7.03549e-05)
(-3.48909e-09 7.23451e-10 8.27216e-05)
(-1.45343e-10 3.66215e-11 8.68806e-05)
(-2.39041e-09 1.04623e-10 8.68808e-05)
(2.27815e-09 1.63296e-09 8.27213e-05)
(-8.42102e-10 2.70519e-09 7.03551e-05)
(-4.03705e-09 -6.73024e-09 4.6005e-05)
(7.52118e-09 4.80427e-09 1.90953e-05)
(-7.08705e-09 9.97929e-09 4.91152e-05)
(-3.39817e-09 -1.94366e-09 9.01632e-05)
(-4.8433e-09 1.16347e-09 0.000104248)
(-1.28704e-09 -1.7062e-09 0.000108045)
(-2.27432e-10 -8.95024e-10 0.000108884)
(3.89919e-10 -1.03092e-09 0.000108884)
(1.58561e-09 -2.50595e-10 0.000108045)
(6.1162e-09 4.16312e-09 0.000104249)
(1.12438e-09 -3.6503e-09 9.01632e-05)
(2.64914e-09 5.46468e-09 4.91148e-05)
(1.70997e-09 2.77092e-09 7.45769e-05)
(2.21055e-09 -3.3391e-10 0.000105092)
(-2.17488e-10 1.48222e-09 0.000109578)
(1.18175e-09 -2.97859e-09 0.000110138)
(1.28612e-10 -5.74625e-10 0.000110212)
(-2.13035e-10 -1.20328e-09 0.000110212)
(-1.84386e-09 -2.29931e-09 0.000110138)
(1.5813e-09 2.86831e-09 0.000109578)
(-1.14061e-09 -3.94941e-10 0.000105092)
(-2.26543e-09 1.46102e-09 7.45767e-05)
(2.91299e-11 2.21322e-09 8.61139e-05)
(1.23628e-09 -7.03118e-10 0.000108471)
(1.6882e-09 1.57114e-09 0.000110155)
(1.48007e-09 -7.94799e-10 0.000110252)
(-5.63646e-11 2.31542e-11 0.000110258)
(1.20539e-10 -1.35694e-10 0.000110258)
(-6.31698e-10 -6.07369e-10 0.000110253)
(-5.6988e-10 1.77845e-09 0.000110155)
(-4.33956e-10 -1.17227e-09 0.000108471)
(-2.22399e-10 1.07905e-10 8.61138e-05)
(1.07084e-09 5.43729e-10 9.01084e-05)
(6.63835e-10 -2.38742e-10 0.000109181)
(5.15872e-10 4.88154e-10 0.000110221)
(7.2004e-10 -4.26887e-10 0.000110258)
(4.21306e-11 2.66562e-11 0.000110259)
(5.65802e-10 -1.76999e-10 0.000110259)
(-5.32826e-11 -4.44219e-10 0.000110258)
(2.01719e-10 5.95831e-10 0.000110221)
(-1.62757e-10 -6.17477e-10 0.000109181)
(-5.80424e-10 3.15145e-10 9.01087e-05)
(8.20796e-10 -3.80684e-10 9.01087e-05)
(9.73213e-10 2.91065e-10 0.000109181)
(7.29763e-10 9.0239e-10 0.00011022)
(1.20662e-09 -1.84338e-10 0.000110258)
(5.46511e-10 4.78495e-10 0.000110259)
(1.20111e-10 4.88781e-10 0.000110259)
(3.53728e-10 -7.67765e-12 0.000110258)
(6.1445e-12 8.34573e-10 0.000110221)
(-5.85047e-10 -4.58107e-10 0.000109181)
(-3.61983e-10 -1.03731e-09 9.01086e-05)
(-9.11361e-10 -1.5665e-09 8.61139e-05)
(7.238e-10 6.31774e-10 0.000108471)
(7.92056e-10 4.03886e-10 0.000110155)
(1.27834e-10 3.42292e-10 0.000110252)
(7.85013e-10 5.47053e-10 0.000110258)
(1.97523e-10 6.40045e-10 0.000110258)
(-1.60813e-11 -5.5813e-11 0.000110253)
(-1.30397e-09 2.0383e-10 0.000110155)
(-1.18045e-09 -2.38055e-10 0.000108471)
(8.54582e-10 -2.58302e-09 8.61139e-05)
(1.71189e-12 -1.12563e-10 7.45768e-05)
(1.68843e-09 -6.33812e-10 0.000105092)
(1.36146e-09 4.10933e-10 0.000109578)
(4.04495e-10 7.02077e-10 0.000110137)
(1.07725e-09 8.65606e-10 0.000110211)
(1.33146e-11 1.05102e-09 0.000110211)
(-2.95963e-10 1.43815e-09 0.000110137)
(-1.29454e-09 1.2255e-09 0.000109578)
(-1.88528e-09 -1.93596e-09 0.000105092)
(1.27545e-09 -4.90097e-09 7.4577e-05)
(1.02452e-09 -2.26443e-09 4.9115e-05)
(-3.26717e-10 -7.16076e-10 9.0163e-05)
(-2.45617e-09 1.03694e-10 0.000104248)
(-9.44175e-10 -4.63447e-10 0.000108045)
(-1.75956e-10 8.72568e-10 0.000108884)
(9.84661e-10 1.23981e-09 0.000108884)
(2.50505e-09 8.40788e-10 0.000108045)
(4.96822e-09 1.13687e-09 0.000104248)
(5.11055e-09 -2.12626e-09 9.01629e-05)
(5.42326e-09 -7.50205e-09 4.91147e-05)
(-5.85653e-09 -5.40668e-09 1.90952e-05)
(-3.45578e-09 -8.81299e-10 4.60046e-05)
(-1.74292e-09 -6.03817e-10 7.03547e-05)
(-1.35331e-09 -1.19096e-09 8.27214e-05)
(-1.46072e-09 5.65666e-11 8.68809e-05)
(2.9694e-10 -6.17183e-11 8.68807e-05)
(1.58964e-09 -1.05769e-09 8.27216e-05)
(9.59147e-10 -1.21598e-10 7.03549e-05)
(3.37528e-09 2.26493e-10 4.60043e-05)
(7.08246e-09 -5.24356e-09 1.9095e-05)
(-5.92065e-09 3.74941e-09 1.90953e-05)
(5.32787e-09 -7.41063e-09 4.60041e-05)
(3.53379e-09 1.134e-09 7.03542e-05)
(-3.22025e-10 1.1415e-09 8.27212e-05)
(7.44005e-10 4.44763e-10 8.68808e-05)
(-3.08792e-10 -1.48724e-10 8.68808e-05)
(1.46924e-09 1.38155e-09 8.27215e-05)
(-2.02871e-09 1.53737e-09 7.03545e-05)
(-5.04166e-09 -5.44146e-09 4.60045e-05)
(4.18956e-09 2.50906e-09 1.9095e-05)
(3.76571e-10 1.56821e-09 4.91143e-05)
(9.1174e-10 -6.00449e-09 9.01634e-05)
(-1.53365e-09 1.76607e-10 0.000104249)
(1.76139e-09 9.14908e-10 0.000108045)
(1.02731e-10 6.09578e-10 0.000108884)
(4.50045e-11 1.26062e-10 0.000108884)
(-3.85332e-10 1.54855e-09 0.000108044)
(2.85297e-09 1.41751e-09 0.000104248)
(5.30173e-10 -2.36281e-09 9.0163e-05)
(-2.24466e-09 -5.41714e-10 4.9115e-05)
(2.48712e-09 6.43826e-10 7.45766e-05)
(3.5763e-10 -1.48587e-10 0.000105092)
(-7.38349e-10 -1.90205e-09 0.000109579)
(7.29888e-10 -1.01432e-09 0.000110138)
(-6.53082e-10 -2.34596e-10 0.000110212)
(3.63572e-10 -1.54958e-10 0.000110211)
(1.43566e-10 -5.21526e-10 0.000110138)
(2.2562e-09 -4.39244e-10 0.000109578)
(2.6796e-09 1.61155e-09 0.000105092)
(-1.64077e-10 3.67407e-10 7.45773e-05)
(2.88303e-10 9.74449e-10 8.61138e-05)
(1.29337e-09 -4.39009e-10 0.000108471)
(4.57924e-10 -4.72996e-10 0.000110155)
(9.81977e-11 -6.92493e-10 0.000110252)
(9.20456e-11 -1.17672e-10 0.000110258)
(-3.12762e-10 -6.81751e-12 0.000110258)
(1.43661e-10 -3.89116e-10 0.000110253)
(-9.9795e-10 -6.8576e-10 0.000110155)
(-1.129e-09 -1.67439e-10 0.000108471)
(2.28281e-10 6.51077e-10 8.61142e-05)
(2.70472e-10 6.09585e-10 9.01088e-05)
(7.13874e-10 -9.04417e-10 0.000109181)
(-6.29208e-11 -2.75283e-10 0.000110221)
(-5.56589e-10 1.16852e-11 0.000110258)
(4.24462e-11 2.30609e-10 0.000110259)
(2.84863e-10 9.78215e-11 0.000110259)
(2.57041e-10 -7.86306e-11 0.000110258)
(-4.67954e-10 -2.5816e-10 0.000110221)
(-7.89619e-10 -8.26653e-10 0.000109181)
(-1.3647e-11 -3.21121e-10 9.01088e-05)
(1.46764e-11 5.79964e-10 9.01088e-05)
(4.82915e-10 -4.96025e-10 0.000109181)
(4.6243e-10 4.18617e-10 0.000110221)
(-6.41346e-11 -3.37941e-10 0.000110258)
(7.29501e-11 -1.30594e-10 0.000110259)
(-1.77714e-10 -3.89904e-10 0.000110259)
(3.40143e-10 -7.18765e-10 0.000110258)
(-8.42496e-10 8.75523e-10 0.000110221)
(-7.60199e-10 -1.05646e-09 0.000109181)
(6.68879e-10 -4.13802e-10 9.0109e-05)
(-2.09706e-10 5.69143e-10 8.61141e-05)
(1.16184e-09 -1.04108e-09 0.000108471)
(1.49086e-09 1.72851e-09 0.000110155)
(-3.75573e-11 1.37595e-10 0.000110253)
(4.36969e-10 -2.19959e-10 0.000110258)
(-2.78437e-10 -2.02338e-10 0.000110258)
(1.71267e-10 -2.86987e-10 0.000110252)
(-1.55284e-09 1.24133e-09 0.000110155)
(-1.05173e-09 -2.24979e-09 0.000108471)
(7.72291e-10 -3.23312e-10 8.61138e-05)
(6.938e-10 -9.02843e-10 7.45769e-05)
(-2.60374e-10 -3.65018e-09 0.000105092)
(-5.41884e-10 2.4846e-09 0.000109578)
(-6.67242e-10 7.39338e-10 0.000110137)
(4.63448e-10 3.64306e-10 0.000110211)
(6.20145e-10 2.49771e-10 0.000110211)
(7.52518e-10 8.76453e-10 0.000110137)
(1.1767e-09 2.65609e-09 0.000109578)
(1.51481e-09 -3.57707e-09 0.000105092)
(-2.86408e-10 -7.76045e-10 7.45766e-05)
(-1.75465e-09 -3.6828e-09 4.91151e-05)
(-1.53184e-09 -1.03576e-10 9.01635e-05)
(-5.75784e-10 2.48154e-09 0.000104248)
(-2.3427e-10 -5.05376e-10 0.000108045)
(-1.54016e-10 7.06108e-10 0.000108884)
(1.26771e-09 4.11114e-10 0.000108884)
(-4.40025e-10 2.59231e-11 0.000108044)
(6.08427e-10 2.93094e-09 0.000104248)
(1.58699e-09 -2.85938e-10 9.0163e-05)
(-2.3549e-10 -2.19356e-09 4.91144e-05)
(-3.00775e-09 -2.27783e-09 1.90956e-05)
(1.46215e-09 3.4993e-09 4.6005e-05)
(2.79847e-09 1.64683e-09 7.03553e-05)
(1.12783e-09 -7.15403e-10 8.27215e-05)
(-3.69332e-11 1.25232e-10 8.68808e-05)
(1.08369e-09 -1.17664e-10 8.68805e-05)
(4.41128e-10 -1.10948e-09 8.27213e-05)
(-1.24858e-09 8.03479e-10 7.03547e-05)
(-4.97365e-10 2.26381e-09 4.60042e-05)
(4.95007e-09 -3.58033e-09 1.90948e-05)
(-7.39842e-09 4.89198e-09 1.90955e-05)
(7.80253e-10 -4.80249e-09 4.60048e-05)
(7.71472e-10 1.33035e-09 7.03556e-05)
(-1.28924e-09 1.33073e-09 8.27217e-05)
(1.22715e-09 2.64878e-10 8.6881e-05)
(-8.38989e-10 7.24231e-10 8.68808e-05)
(3.48181e-10 1.61396e-09 8.27218e-05)
(-3.27756e-09 2.02553e-09 7.03549e-05)
(-7.54899e-09 -8.2725e-09 4.60044e-05)
(2.6781e-09 1.18331e-09 1.90949e-05)
(-3.52073e-09 6.68744e-09 4.91145e-05)
(-1.6699e-09 -4.33975e-09 9.01631e-05)
(-3.36037e-09 -7.19922e-10 0.000104249)
(-2.03166e-10 5.40888e-10 0.000108045)
(-6.26353e-10 -4.66901e-10 0.000108884)
(6.7093e-10 5.58659e-10 0.000108884)
(2.75426e-10 1.88463e-09 0.000108045)
(3.50886e-09 2.13995e-09 0.000104249)
(-1.44741e-09 -4.8163e-09 9.01632e-05)
(-3.7124e-09 -1.24807e-09 4.91147e-05)
(-1.24926e-09 4.97107e-09 7.45766e-05)
(-5.78191e-10 -8.54843e-10 0.000105092)
(-9.78956e-10 -2.28581e-09 0.000109578)
(-2.98156e-10 -1.40293e-09 0.000110138)
(-8.95872e-10 -2.89734e-10 0.000110211)
(-6.5217e-10 3.36864e-10 0.000110211)
(-1.70301e-09 -6.91793e-11 0.000110137)
(6.09248e-10 -1.15695e-10 0.000109578)
(6.84168e-10 5.28333e-10 0.000105092)
(-1.12974e-09 -1.89803e-10 7.4577e-05)
(2.09885e-10 2.58332e-09 8.61137e-05)
(1.47805e-09 -8.91521e-10 0.000108471)
(3.43833e-10 -8.5198e-10 0.000110155)
(2.95201e-10 -9.38732e-10 0.000110253)
(-2.07459e-11 1.8682e-10 0.000110258)
(-6.93373e-10 8.83571e-10 0.000110258)
(-4.58066e-10 3.59592e-10 0.000110253)
(-1.1633e-09 -1.24239e-10 0.000110155)
(-3.00035e-10 -1.2333e-09 0.000108471)
(9.3705e-10 4.91439e-10 8.6114e-05)
(8.97626e-10 2.59891e-10 9.01089e-05)
(1.96035e-09 -1.29442e-09 0.000109181)
(8.85193e-10 -1.2569e-10 0.000110221)
(2.50798e-10 -1.12715e-10 0.000110258)
(6.22186e-10 3.62457e-10 0.000110259)
(3.70388e-10 2.87988e-10 0.000110259)
(2.59982e-10 2.25929e-10 0.000110258)
(6.13656e-11 -3.38776e-10 0.000110221)
(-8.01196e-10 -1.17608e-09 0.000109181)
(-5.37365e-10 -2.09271e-10 9.0109e-05)
(-1.41623e-10 2.83504e-10 9.01091e-05)
(1.30941e-09 -9.4475e-10 0.000109181)
(9.08473e-10 3.7766e-10 0.000110221)
(8.20932e-11 -1.24038e-10 0.000110258)
(1.13786e-10 2.53044e-10 0.000110259)
(-2.75134e-10 3.18979e-10 0.000110259)
(5.07112e-10 -7.15073e-11 0.000110258)
(-5.1121e-10 6.97327e-10 0.000110221)
(-4.83415e-10 -1.04371e-09 0.000109181)
(2.52948e-10 -2.21472e-10 9.0109e-05)
(-9.21218e-10 -7.53839e-10 8.61141e-05)
(6.77578e-10 -2.12695e-09 0.000108471)
(1.45501e-09 1.3134e-09 0.000110155)
(-1.39183e-10 -1.37154e-10 0.000110253)
(8.82947e-10 -9.26477e-11 0.000110258)
(-9.7522e-11 -3.67072e-10 0.000110258)
(3.95492e-11 -3.85944e-10 0.000110252)
(-1.11591e-09 1.09049e-09 0.000110154)
(-4.34833e-10 -2.02096e-09 0.000108471)
(1.03245e-09 6.92279e-11 8.61138e-05)
(1.48762e-10 6.51405e-12 7.4577e-05)
(2.59952e-11 -4.52955e-09 0.000105092)
(1.69423e-09 2.40605e-09 0.000109578)
(2.83368e-10 7.04164e-10 0.000110138)
(4.13655e-11 6.89384e-10 0.000110211)
(-1.81487e-10 -4.2882e-10 0.000110211)
(-2.36501e-10 3.27655e-10 0.000110137)
(-1.27719e-09 2.11391e-09 0.000109578)
(-1.07384e-09 -3.66028e-09 0.000105092)
(-1.34133e-09 1.42549e-11 7.45771e-05)
(1.49069e-09 -1.23835e-09 4.91147e-05)
(-2.06673e-09 -3.14584e-09 9.0163e-05)
(-2.54892e-09 1.36799e-09 0.000104249)
(-7.74833e-10 -2.52763e-11 0.000108045)
(-5.91181e-10 7.7904e-10 0.000108884)
(1.83244e-10 3.89368e-10 0.000108884)
(1.90779e-10 -4.9218e-11 0.000108045)
(2.85086e-09 2.10619e-09 0.000104249)
(3.16888e-09 -1.91709e-09 9.01629e-05)
(7.13614e-10 -3.52508e-09 4.91149e-05)
(-7.57808e-09 -5.9895e-09 1.90954e-05)
(-4.39649e-09 -1.39294e-09 4.60051e-05)
(-1.27038e-09 8.39441e-11 7.03555e-05)
(-7.08414e-10 -7.06849e-10 8.27219e-05)
(-1.26708e-09 9.05325e-11 8.68811e-05)
(5.37116e-10 -2.98222e-10 8.6881e-05)
(-2.83365e-10 -1.00438e-09 8.27218e-05)
(-1.04182e-09 9.14533e-10 7.03552e-05)
(1.54942e-09 8.38435e-10 4.60049e-05)
(4.61442e-09 -3.98423e-09 1.90953e-05)
(-5.54964e-09 3.26915e-09 1.90951e-05)
(4.93116e-09 -7.23638e-09 4.6005e-05)
(2.23688e-09 3.96644e-10 7.03559e-05)
(-1.78222e-09 1.16273e-09 8.27219e-05)
(1.27092e-09 -5.71916e-10 8.68807e-05)
(-2.23104e-10 4.90262e-11 8.68809e-05)
(1.00161e-09 5.58978e-10 8.27222e-05)
(-2.56325e-09 1.72385e-09 7.03559e-05)
(-5.95504e-09 -5.17706e-09 4.60055e-05)
(2.11645e-09 1.47332e-09 1.90954e-05)
(-1.65032e-10 2.92148e-09 4.91154e-05)
(5.43881e-10 -4.3959e-09 9.01631e-05)
(-1.57652e-09 -5.86403e-10 0.000104249)
(5.75814e-10 8.20365e-10 0.000108045)
(-3.46211e-10 -1.0627e-10 0.000108884)
(1.05876e-10 6.32743e-10 0.000108885)
(-1.59123e-09 7.32426e-10 0.000108045)
(1.14206e-09 1.81842e-09 0.00010425)
(-1.55945e-09 -3.41894e-09 9.0163e-05)
(-3.37198e-09 -1.77333e-09 4.91151e-05)
(1.81158e-09 1.43143e-09 7.45776e-05)
(6.77528e-10 6.88994e-10 0.000105092)
(-6.77842e-10 -1.0962e-09 0.000109579)
(5.43731e-10 -7.73664e-10 0.000110137)
(-1.82913e-10 3.78119e-10 0.000110211)
(2.90651e-10 4.29253e-10 0.000110211)
(-4.77062e-10 -5.12567e-10 0.000110138)
(1.54774e-09 1.58038e-10 0.000109579)
(2.00812e-09 6.11834e-10 0.000105092)
(-6.31746e-10 -4.29084e-10 7.45764e-05)
(-6.07876e-11 6.89876e-10 8.61147e-05)
(1.06412e-09 5.16536e-12 0.000108471)
(9.71709e-10 -2.75854e-10 0.000110155)
(5.2931e-10 -3.69606e-10 0.000110253)
(2.44134e-10 9.58562e-11 0.000110258)
(-7.52184e-10 3.79853e-10 0.000110258)
(-3.63132e-10 -4.14378e-10 0.000110253)
(-7.76164e-10 -1.33177e-10 0.000110154)
(-4.25933e-10 -3.27688e-10 0.000108471)
(8.10127e-10 8.48784e-10 8.6114e-05)
(-1.1345e-10 3.72718e-10 9.01094e-05)
(1.04331e-10 -3.57233e-10 0.000109181)
(4.15686e-11 -1.69711e-11 0.000110221)
(1.54848e-11 -3.28829e-11 0.000110258)
(2.01972e-11 2.91224e-10 0.000110259)
(-1.85487e-11 3.77089e-10 0.000110259)
(4.88794e-10 1.50858e-10 0.000110258)
(6.09632e-11 -1.70683e-10 0.000110221)
(-4.224e-10 -1.34251e-09 0.000109181)
(4.34469e-11 -1.00257e-10 9.0109e-05)
(-4.883e-10 3.01946e-10 9.01097e-05)
(2.11267e-10 -3.11164e-10 0.000109182)
(4.24961e-10 3.60894e-10 0.000110221)
(7.81631e-11 -4.7509e-10 0.000110258)
(9.12879e-11 -1.15855e-10 0.000110259)
(-4.75016e-11 5.09749e-10 0.000110259)
(6.69522e-10 -9.58375e-11 0.000110258)
(-4.79063e-10 6.51145e-10 0.000110221)
(-3.73387e-10 -1.51954e-09 0.000109181)
(4.92704e-10 -1.51974e-10 9.01088e-05)
(-7.74512e-10 7.10613e-10 8.61145e-05)
(4.4962e-10 -1.43826e-09 0.000108472)
(1.15172e-09 9.51563e-10 0.000110154)
(-3.09659e-10 -2.33084e-10 0.000110253)
(4.78664e-10 9.29577e-12 0.000110258)
(-1.68066e-10 3.09943e-10 0.000110258)
(2.52029e-10 6.24206e-10 0.000110253)
(-1.25465e-09 1.47103e-09 0.000110154)
(-7.18928e-10 -2.36614e-09 0.000108471)
(6.87409e-10 5.19431e-10 8.6114e-05)
(7.79678e-10 4.43421e-10 7.45773e-05)
(-6.33395e-10 -3.05396e-09 0.000105093)
(-5.16904e-10 1.81626e-09 0.000109578)
(-4.24241e-10 -1.65437e-10 0.000110138)
(1.96212e-11 3.75208e-10 0.000110211)
(-1.93764e-10 -2.55754e-10 0.000110211)
(4.2332e-10 1.24413e-09 0.000110138)
(2.4395e-10 2.97069e-09 0.000109579)
(-4.49237e-10 -3.21957e-09 0.000105093)
(-1.74051e-09 4.90089e-10 7.45776e-05)
(1.17969e-09 1.78929e-10 4.9115e-05)
(-1.56387e-09 2.29088e-10 9.01635e-05)
(-1.35671e-09 2.59322e-09 0.000104249)
(-2.15908e-10 -1.26177e-09 0.000108045)
(-2.2634e-10 5.32412e-11 0.000108884)
(8.9218e-10 -1.17155e-10 0.000108884)
(-5.6038e-10 7.94039e-11 0.000108045)
(3.50711e-10 3.53591e-09 0.000104249)
(1.36438e-09 -4.6689e-10 9.01639e-05)
(3.07114e-10 -3.10135e-09 4.9116e-05)
(-1.37466e-09 3.93372e-11 1.90957e-05)
(8.9509e-11 2.61264e-09 4.6005e-05)
(2.18189e-09 1.91792e-09 7.03552e-05)
(6.0174e-10 -7.61253e-10 8.27215e-05)
(-2.92342e-10 -1.26062e-10 8.68804e-05)
(1.27101e-09 -2.16711e-10 8.68808e-05)
(7.03165e-10 -8.71647e-10 8.27214e-05)
(4.79642e-10 1.04175e-09 7.03555e-05)
(1.88715e-09 9.03988e-10 4.6005e-05)
(2.44739e-09 -2.52517e-09 1.90958e-05)
(-3.54157e-09 2.48076e-09 1.90952e-05)
(-4.60481e-10 1.20449e-09 4.6005e-05)
(1.4149e-09 -6.75052e-10 7.03559e-05)
(-1.47241e-10 1.11568e-09 8.27221e-05)
(-1.55571e-10 4.2721e-10 8.68814e-05)
(2.08606e-10 9.72949e-10 8.68815e-05)
(-2.26907e-09 -5.19803e-11 8.27221e-05)
(-1.45509e-09 -1.68774e-09 7.03559e-05)
(-1.2321e-09 -9.45233e-10 4.60051e-05)
(-2.20711e-09 -1.19791e-09 1.90956e-05)
(8.88511e-10 -8.77518e-10 4.91152e-05)
(-1.19423e-10 1.15415e-09 9.01634e-05)
(-8.08405e-10 1.17319e-09 0.000104249)
(-8.53671e-10 1.52922e-10 0.000108045)
(2.01591e-10 -3.38729e-10 0.000108885)
(6.62644e-10 7.88312e-10 0.000108885)
(2.04823e-09 3.75371e-10 0.000108046)
(1.40197e-09 7.1904e-11 0.000104249)
(1.97441e-10 6.59541e-10 9.01628e-05)
(3.59817e-10 -2.88239e-10 4.91146e-05)
(-1.05085e-09 5.03602e-10 7.45773e-05)
(-1.65311e-09 1.04572e-09 0.000105093)
(-1.03669e-09 2.25566e-09 0.000109578)
(-1.90529e-10 -5.76452e-10 0.000110138)
(4.04837e-10 -5.54821e-11 0.000110211)
(4.98936e-10 2.9668e-10 0.000110211)
(-2.02501e-10 2.28151e-10 0.000110137)
(5.08972e-11 8.49828e-10 0.000109578)
(9.73421e-10 3.80943e-10 0.000105092)
(1.125e-09 6.64438e-10 7.45766e-05)
(1.39008e-10 1.30681e-09 8.6114e-05)
(-2.56239e-10 7.91581e-11 0.000108472)
(-2.95041e-10 1.27621e-09 0.000110154)
(3.27601e-10 -3.84263e-10 0.000110253)
(-1.5028e-10 3.12609e-10 0.000110258)
(3.96244e-11 -2.10432e-10 0.000110258)
(-3.4796e-11 5.7844e-11 0.000110253)
(2.34686e-10 3.09155e-10 0.000110154)
(-2.34215e-11 -1.32611e-09 0.000108472)
(2.07485e-11 4.3469e-10 8.61136e-05)
(2.5058e-10 4.87027e-10 9.01091e-05)
(5.14898e-10 -1.82108e-10 0.000109181)
(2.9609e-10 5.62076e-10 0.00011022)
(1.44546e-10 -5.69685e-10 0.000110258)
(2.29311e-11 -4.70814e-10 0.000110259)
(3.552e-10 -6.03842e-10 0.000110259)
(3.46855e-10 -3.62942e-10 0.000110258)
(-1.28295e-10 -1.49478e-10 0.00011022)
(-4.2364e-10 -4.89009e-10 0.000109181)
(-3.3465e-10 -2.20719e-10 9.01089e-05)
(9.43685e-11 7.09715e-10 9.01092e-05)
(-6.96299e-11 -2.84085e-10 0.000109181)
(1.06179e-11 6.73579e-10 0.000110221)
(2.66448e-10 1.38453e-10 0.000110258)
(-8.49449e-11 2.4389e-10 0.000110259)
(-2.46563e-11 3.30801e-10 0.000110259)
(-5.55648e-11 5.22174e-11 0.000110258)
(7.27065e-11 5.11507e-10 0.000110221)
(7.68703e-11 -5.51834e-10 0.000109181)
(-3.40874e-10 8.47693e-11 9.01088e-05)
(7.03983e-10 1.25331e-09 8.61142e-05)
(-1.68134e-11 6.94845e-11 0.000108472)
(-1.95355e-10 6.06796e-10 0.000110155)
(-2.25895e-10 2.99321e-11 0.000110253)
(-6.30531e-10 9.45528e-11 0.000110258)
(-8.10101e-11 4.15602e-11 0.000110258)
(4.44996e-10 6.79666e-10 0.000110253)
(6.46303e-10 9.6239e-10 0.000110154)
(3.47139e-11 3.64318e-10 0.000108471)
(-3.80128e-10 -2.57634e-10 8.61143e-05)
(-8.25384e-11 6.26877e-10 7.45776e-05)
(-1.83298e-09 -3.13679e-10 0.000105092)
(-1.28112e-09 -4.52307e-12 0.000109578)
(3.68755e-10 -1.5543e-10 0.000110137)
(2.06343e-10 -2.43053e-10 0.000110211)
(2.54125e-12 2.38358e-11 0.000110211)
(-7.65041e-11 6.78232e-10 0.000110138)
(6.57402e-10 1.32067e-09 0.000109578)
(7.41988e-10 1.28815e-09 0.000105092)
(3.96152e-10 -1.00623e-09 7.45773e-05)
(3.02265e-09 3.61898e-09 4.91151e-05)
(2.93461e-10 1.70179e-09 9.01627e-05)
(-7.51803e-10 -1.07747e-09 0.000104249)
(-5.62551e-11 -1.16983e-09 0.000108045)
(-7.94158e-10 -3.36481e-10 0.000108885)
(-1.07393e-10 -1.73566e-10 0.000108885)
(-6.16668e-10 -7.64883e-10 0.000108046)
(5.56877e-10 3.97527e-10 0.000104249)
(-1.08004e-09 4.33034e-09 9.01631e-05)
(-1.77073e-09 1.81513e-09 4.91153e-05)
(4.84864e-09 4.24782e-09 1.90952e-05)
(6.89659e-09 4.72901e-09 4.60048e-05)
(4.19154e-09 -1.02729e-10 7.03558e-05)
(1.25164e-09 -8.65076e-10 8.27225e-05)
(6.34357e-10 -3.94108e-10 8.68815e-05)
(-3.5385e-10 -7.55723e-10 8.68814e-05)
(-1.80939e-09 -7.85756e-10 8.27224e-05)
(-5.12664e-09 3.17202e-10 7.03559e-05)
(-7.75053e-09 6.42301e-09 4.60049e-05)
(-2.47784e-09 2.47293e-09 1.90954e-05)
(-1.03809e-08 7.41653e-09 1.90958e-05)
(3.10491e-09 -5.22474e-09 4.6005e-05)
(-2.47348e-10 2.56534e-09 7.03549e-05)
(-3.2375e-09 1.12328e-09 8.27218e-05)
(2.00138e-09 1.09534e-10 8.68816e-05)
(1.26879e-10 3.05208e-10 8.68812e-05)
(3.69287e-09 1.74553e-09 8.27216e-05)
(-4.91921e-10 2.60935e-09 7.03546e-05)
(-3.38272e-09 -6.8943e-09 4.60043e-05)
(1.17368e-08 8.50495e-09 1.90957e-05)
(-2.58593e-09 6.52385e-09 4.91152e-05)
(6.96455e-10 -4.29852e-09 9.01641e-05)
(-4.40316e-09 3.43419e-09 0.000104248)
(-7.25616e-10 -2.52065e-10 0.000108045)
(9.43168e-11 -1.4051e-09 0.000108885)
(3.92548e-10 -1.05721e-09 0.000108884)
(1.55557e-09 2.25727e-14 0.000108045)
(5.17184e-09 3.34132e-09 0.000104248)
(4.29767e-11 -4.98087e-09 9.01638e-05)
(3.58263e-09 6.94768e-09 4.91152e-05)
(1.04198e-09 3.22622e-09 7.45774e-05)
(2.19452e-09 -1.69836e-09 0.000105093)
(-2.73877e-10 2.14373e-09 0.000109578)
(1.1448e-09 -2.28497e-09 0.000110138)
(-9.12392e-11 -8.30693e-10 0.000110212)
(2.44611e-10 -3.94546e-10 0.000110211)
(-1.406e-09 -1.9622e-09 0.000110137)
(3.75475e-10 2.25279e-09 0.000109578)
(-1.45726e-09 -1.06815e-09 0.000105093)
(-1.92835e-09 7.53512e-10 7.45773e-05)
(5.69567e-10 1.79145e-09 8.61139e-05)
(8.20404e-10 -4.16054e-10 0.000108472)
(9.03948e-10 1.33834e-09 0.000110155)
(8.87264e-10 -7.72763e-10 0.000110253)
(-3.44502e-11 4.73174e-10 0.000110258)
(3.22969e-11 6.41613e-10 0.000110258)
(-1.94561e-09 -7.95553e-10 0.000110252)
(-8.5363e-10 1.51076e-09 0.000110155)
(-1.48939e-11 -1.41594e-09 0.000108472)
(-3.22758e-10 -1.83593e-10 8.61141e-05)
(1.12025e-09 1.74302e-10 9.01089e-05)
(4.79458e-10 -5.14588e-12 0.000109181)
(3.26503e-11 8.1917e-10 0.000110221)
(5.36648e-10 -3.1132e-10 0.000110258)
(-2.39822e-10 1.27012e-10 0.000110259)
(2.84559e-11 -1.56329e-10 0.000110259)
(-3.90296e-10 -2.34787e-10 0.000110258)
(1.10437e-10 1.75798e-10 0.000110221)
(-1.32408e-10 -8.87551e-10 0.000109181)
(-6.85464e-10 3.34678e-10 9.01091e-05)
(3.91464e-10 -4.25823e-10 9.01089e-05)
(3.56211e-10 6.54855e-10 0.000109181)
(-8.57449e-11 4.17142e-10 0.000110221)
(3.23117e-10 -6.38181e-10 0.000110258)
(-8.00624e-11 2.50893e-10 0.000110259)
(5.2235e-10 7.13196e-10 0.00011026)
(4.86272e-10 -2.32984e-10 0.000110258)
(-3.56025e-10 6.10603e-10 0.000110221)
(-5.4896e-10 -2.79677e-10 0.000109181)
(-6.32492e-10 -4.14539e-10 9.01092e-05)
(-7.54308e-10 -1.35131e-09 8.61141e-05)
(5.54613e-10 9.41409e-10 0.000108471)
(1.03785e-09 2.09047e-10 0.000110155)
(5.93608e-10 -1.66266e-10 0.000110253)
(4.3961e-10 1.07465e-10 0.000110258)
(-1.85672e-10 8.05232e-10 0.000110259)
(-3.10049e-10 -3.25913e-10 0.000110253)
(-1.26503e-09 2.95282e-11 0.000110155)
(-1.27084e-09 6.43652e-10 0.000108471)
(4.70031e-10 -1.95184e-09 8.61146e-05)
(7.62653e-11 5.78982e-10 7.45767e-05)
(1.66008e-09 -5.66952e-10 0.000105092)
(1.30783e-09 -3.56261e-11 0.000109578)
(2.27504e-10 8.69407e-10 0.000110138)
(5.70713e-10 9.44114e-10 0.000110212)
(2.23626e-11 1.12054e-09 0.000110212)
(-9.66918e-11 1.01817e-09 0.000110138)
(-6.9487e-10 3.08897e-10 0.000109578)
(-1.86063e-09 -1.20382e-09 0.000105091)
(2.48181e-10 -3.67776e-09 7.45766e-05)
(3.61043e-11 -1.17177e-09 4.91152e-05)
(-8.51173e-10 2.17592e-10 9.01635e-05)
(-1.39205e-09 -3.62331e-10 0.000104249)
(1.32761e-10 2.49841e-10 0.000108045)
(-2.00793e-10 1.10869e-09 0.000108884)
(1.23095e-09 1.071e-09 0.000108885)
(2.51074e-09 -2.00338e-10 0.000108045)
(4.05828e-09 1.86694e-10 0.000104249)
(3.62828e-09 -1.44075e-09 9.01625e-05)
(4.21389e-09 -7.21937e-09 4.91144e-05)
(-5.1889e-09 -3.81503e-09 1.90953e-05)
(-1.63848e-09 8.25934e-10 4.60048e-05)
(-1.30987e-09 -3.77687e-10 7.03549e-05)
(-1.66185e-09 -8.76775e-10 8.27221e-05)
(-7.19535e-10 -6.3904e-11 8.68816e-05)
(3.71973e-10 -2.90733e-10 8.68816e-05)
(1.36879e-09 -1.34331e-09 8.27225e-05)
(1.53969e-09 -6.57689e-10 7.0355e-05)
(4.52035e-09 1.26448e-10 4.60045e-05)
(9.54898e-09 -7.36112e-09 1.9095e-05)
(-4.61358e-09 2.32468e-09 1.90958e-05)
(9.33348e-09 -9.1255e-09 4.6005e-05)
(4.66419e-09 7.14161e-10 7.03553e-05)
(-1.2007e-10 1.1588e-09 8.27223e-05)
(1.05489e-09 8.63078e-11 8.68812e-05)
(-7.9512e-10 -1.99855e-11 8.68814e-05)
(1.09336e-09 1.36916e-09 8.27221e-05)
(-3.08358e-09 8.84811e-10 7.0355e-05)
(-4.36099e-09 -5.81514e-09 4.60048e-05)
(4.80482e-09 2.52598e-09 1.90954e-05)
(1.4429e-09 3.62034e-10 4.91152e-05)
(5.45218e-10 -4.66498e-09 9.01632e-05)
(-1.54954e-09 1.11203e-09 0.000104249)
(8.39728e-10 1.88193e-09 0.000108045)
(-1.09906e-09 -4.36625e-10 0.000108884)
(-1.02741e-09 -8.80506e-10 0.000108884)
(-2.67393e-09 7.66925e-10 0.000108045)
(-6.30879e-10 4.58325e-10 0.000104248)
(-3.12793e-09 -5.24889e-09 9.01629e-05)
(-2.78256e-09 -1.07749e-09 4.9115e-05)
(1.19633e-09 1.77237e-10 7.45774e-05)
(-1.15485e-09 8.72747e-10 0.000105093)
(-1.4629e-09 -3.8596e-10 0.000109578)
(5.83286e-10 -5.7422e-11 0.000110138)
(-1.5881e-10 -3.42809e-10 0.000110212)
(5.85997e-10 -4.99086e-10 0.000110212)
(7.94282e-10 2.79999e-11 0.000110138)
(1.53967e-09 -1.02773e-09 0.000109578)
(6.11881e-10 -5.88752e-10 0.000105092)
(-1.14983e-09 -9.53127e-10 7.45774e-05)
(-1.22072e-10 3.37471e-12 8.61142e-05)
(4.73767e-10 1.82202e-10 0.000108472)
(1.26359e-10 -4.52517e-10 0.000110156)
(-6.4377e-10 -3.84961e-10 0.000110253)
(2.58393e-10 -2.61275e-11 0.000110258)
(5.95213e-10 -8.49398e-11 0.000110258)
(4.86969e-11 -3.6182e-11 0.000110253)
(-6.16797e-11 -7.71428e-10 0.000110155)
(6.36901e-10 -1.03644e-09 0.000108471)
(8.17859e-10 8.98936e-10 8.61144e-05)
(1.02049e-10 6.15769e-10 9.01093e-05)
(5.24947e-10 -5.85667e-11 0.000109181)
(3.30508e-10 2.82427e-11 0.000110222)
(8.30177e-11 2.51117e-10 0.000110258)
(1.40198e-10 3.9566e-10 0.000110259)
(1.31138e-10 -2.19868e-10 0.000110259)
(3.87461e-10 -6.00613e-10 0.000110258)
(2.70357e-10 -2.57744e-10 0.000110221)
(-2.82713e-10 -1.44835e-09 0.000109181)
(-1.27275e-10 2.8191e-10 9.01093e-05)
(-4.67324e-10 5.50271e-10 9.01095e-05)
(2.78118e-10 -4.51398e-10 0.000109181)
(3.90281e-10 1.05576e-09 0.000110221)
(6.47334e-11 4.85598e-10 0.000110259)
(2.62504e-10 2.54847e-10 0.00011026)
(-4.79566e-10 -3.10373e-12 0.00011026)
(1.92544e-10 -5.30175e-10 0.000110258)
(-2.81951e-10 9.52419e-10 0.000110221)
(-5.2e-10 -1.08146e-09 0.000109181)
(1.64755e-10 5.73248e-10 9.01092e-05)
(-5.13064e-10 5.95876e-10 8.61143e-05)
(1.3886e-09 -1.11963e-09 0.000108471)
(2.40059e-09 1.97453e-09 0.000110155)
(2.75923e-10 2.87116e-10 0.000110253)
(2.62853e-10 1.42819e-10 0.000110258)
(-3.66162e-10 -2.22947e-10 0.000110258)
(-1.11171e-10 1.19869e-10 0.000110253)
(-1.44231e-09 1.81618e-09 0.000110155)
(-6.67026e-10 -2.02103e-09 0.000108471)
(2.66566e-10 1.22621e-09 8.61142e-05)
(7.42642e-10 -7.98433e-10 7.45766e-05)
(5.64296e-10 -2.80882e-09 0.000105092)
(1.12359e-10 3.18701e-09 0.000109578)
(1.68813e-10 8.25021e-10 0.000110138)
(-1.29354e-10 4.71373e-10 0.000110212)
(-8.14078e-10 5.58015e-10 0.000110212)
(-3.31328e-11 2.90409e-10 0.000110138)
(-5.98384e-10 2.42735e-09 0.000109578)
(2.21514e-11 -3.31697e-09 0.000105092)
(-1.48274e-09 1.30347e-09 7.45768e-05)
(-1.17074e-09 -3.3061e-09 4.91147e-05)
(-2.03897e-09 -2.53102e-10 9.01631e-05)
(-1.08819e-09 3.28277e-09 0.000104249)
(-2.32798e-10 -3.85588e-10 0.000108045)
(-7.33986e-10 2.10477e-10 0.000108884)
(-1.91042e-10 7.17389e-10 0.000108884)
(-8.94188e-10 -3.67512e-10 0.000108045)
(4.16725e-10 2.7362e-09 0.000104248)
(5.60066e-10 -3.77898e-10 9.01635e-05)
(-1.09822e-09 -1.26514e-09 4.9115e-05)
(-2.69806e-09 -2.61985e-09 1.90951e-05)
(-5.54316e-10 1.15827e-09 4.60046e-05)
(2.35338e-09 1.61587e-09 7.03547e-05)
(1.62187e-09 -9.25454e-10 8.27215e-05)
(3.13293e-10 3.34769e-12 8.68808e-05)
(1.21642e-09 5.44309e-11 8.68809e-05)
(-1.36144e-10 -4.15141e-10 8.27216e-05)
(-1.7784e-10 1.02874e-09 7.03551e-05)
(1.03817e-09 1.02983e-09 4.60048e-05)
(1.29395e-09 -1.48913e-09 1.90955e-05)
(-1.31714e-08 8.9667e-09 1.90954e-05)
(-2.42823e-09 -2.37622e-09 4.60048e-05)
(-2.26315e-09 2.35061e-09 7.03555e-05)
(-4.58355e-09 8.47423e-10 8.27224e-05)
(2.52478e-11 1.58024e-10 8.68814e-05)
(-6.97742e-10 -4.33948e-10 8.68816e-05)
(1.6356e-09 1.1197e-09 8.27222e-05)
(-3.1797e-10 2.18124e-09 7.03555e-05)
(-2.78431e-09 -5.06752e-09 4.60049e-05)
(4.75207e-09 3.05514e-09 1.90953e-05)
(-3.78668e-09 7.94551e-09 4.91146e-05)
(-3.49444e-09 3.32886e-10 9.01632e-05)
(-4.53929e-09 1.2366e-09 0.000104249)
(-5.58559e-10 -3.61906e-10 0.000108046)
(-1.13003e-09 -2.03557e-09 0.000108884)
(7.00584e-10 -1.98465e-09 0.000108884)
(8.17053e-10 -1.77534e-10 0.000108045)
(4.83502e-09 2.43363e-09 0.000104249)
(1.82666e-09 -1.31752e-09 9.01626e-05)
(-9.90272e-10 1.48523e-09 4.91144e-05)
(3.14274e-10 4.21348e-09 7.45769e-05)
(1.22374e-09 2.02974e-09 0.000105092)
(1.4628e-09 -2.51536e-10 0.000109578)
(2.24114e-09 -1.02557e-09 0.000110138)
(4.92376e-10 -1.52876e-09 0.000110212)
(-8.47996e-11 -1.16878e-09 0.000110212)
(-1.63861e-09 -1.37899e-09 0.000110138)
(-3.59703e-10 4.99636e-10 0.000109578)
(8.80256e-11 1.33331e-09 0.000105092)
(-9.85953e-10 -3.67735e-10 7.45769e-05)
(4.21598e-10 2.14765e-09 8.6114e-05)
(1.75379e-09 3.84228e-10 0.000108471)
(1.15983e-09 2.8629e-11 0.000110155)
(8.29673e-10 -3.00165e-10 0.000110253)
(4.4688e-11 3.56092e-10 0.000110258)
(-1.17566e-09 2.47154e-10 0.000110258)
(-1.17429e-09 -1.89587e-10 0.000110253)
(-1.63076e-09 3.80483e-10 0.000110155)
(-1.46088e-09 -9.856e-10 0.000108471)
(1.70953e-10 5.14575e-10 8.61141e-05)
(2.22965e-13 7.77992e-10 9.01093e-05)
(7.61892e-10 -2.30842e-10 0.000109181)
(4.86798e-10 7.61416e-11 0.000110221)
(2.12169e-10 1.16827e-11 0.000110259)
(4.3176e-10 5.94121e-11 0.000110259)
(-4.01054e-10 3.37428e-10 0.000110259)
(1.67411e-10 -8.71722e-12 0.000110258)
(8.93794e-11 3.91289e-11 0.000110221)
(-7.57322e-10 -8.01898e-10 0.000109181)
(-6.09478e-11 1.15553e-10 9.01091e-05)
(4.29684e-10 6.80248e-10 9.01091e-05)
(1.08875e-09 3.67228e-11 0.000109181)
(6.90397e-10 8.46659e-12 0.000110221)
(3.87484e-10 -1.61577e-10 0.000110258)
(3.50826e-10 4.43564e-10 0.000110259)
(-1.05713e-10 1.01264e-10 0.000110259)
(4.36805e-10 -2.49239e-11 0.000110258)
(-1.75452e-10 7.08831e-10 0.000110221)
(-1.45462e-10 -8.32607e-10 0.000109181)
(5.63829e-10 -1.10844e-10 9.0109e-05)
(-1.72922e-09 -8.79924e-10 8.61141e-05)
(3.30137e-10 -1.14301e-09 0.000108471)
(1.44532e-09 1.6572e-10 0.000110155)
(-3.99607e-10 -4.00908e-10 0.000110253)
(-1.28879e-10 4.05999e-10 0.000110258)
(-2.81778e-10 1.46485e-10 0.000110258)
(1.01056e-10 -3.01673e-10 0.000110253)
(-1.953e-09 9.85066e-10 0.000110155)
(-8.16982e-10 -1.76214e-09 0.000108471)
(7.91242e-10 1.34499e-10 8.61139e-05)
(-3.73802e-12 3.35406e-10 7.45768e-05)
(-2.36274e-10 -3.42154e-09 0.000105092)
(2.95157e-10 1.2601e-09 0.000109578)
(1.7144e-11 9.97293e-10 0.000110138)
(2.60374e-10 2.42587e-10 0.000110211)
(-1.30782e-10 9.45675e-10 0.000110212)
(-7.22344e-10 6.92066e-10 0.000110138)
(-1.67323e-09 2.0454e-09 0.000109578)
(-1.34902e-09 -4.36639e-09 0.000105092)
(-1.87876e-09 -6.39823e-10 7.45767e-05)
(1.0981e-09 -1.41824e-09 4.91145e-05)
(-1.48838e-09 -2.07839e-09 9.01631e-05)
(-1.07139e-09 1.76856e-09 0.000104248)
(-2.6641e-11 2.9557e-10 0.000108045)
(-8.79771e-10 1.70056e-10 0.000108884)
(4.19032e-10 3.08896e-10 0.000108884)
(-5.21079e-11 5.48713e-11 0.000108045)
(2.51086e-09 3.01365e-09 0.000104249)
(3.45828e-09 -2.33263e-09 9.01635e-05)
(1.00311e-09 -4.63047e-09 4.91148e-05)
(-2.71533e-09 -2.70173e-09 1.9095e-05)
(-1.61762e-09 3.15124e-11 4.60045e-05)
(3.66189e-10 8.8752e-10 7.03552e-05)
(2.4173e-10 -8.20409e-10 8.27216e-05)
(-2.41337e-10 1.22331e-11 8.6881e-05)
(2.24816e-10 -6.03044e-10 8.68809e-05)
(-8.55338e-10 -4.90072e-10 8.27219e-05)
(-3.7384e-10 1.63047e-09 7.03557e-05)
(2.82623e-09 8.37817e-10 4.60052e-05)
(6.18523e-09 -4.95978e-09 1.90955e-05)
(-4.91363e-09 2.46941e-09 1.90954e-05)
(5.9785e-09 -7.36259e-09 4.6005e-05)
(3.77147e-09 1.236e-10 7.03555e-05)
(-4.74351e-10 1.02013e-09 8.27218e-05)
(1.43058e-09 -2.45757e-10 8.68812e-05)
(2.10896e-10 -5.62578e-10 8.68812e-05)
(2.90932e-09 1.54985e-09 8.27219e-05)
(7.16359e-11 1.91024e-09 7.03556e-05)
(-3.25166e-09 -5.06064e-09 4.60051e-05)
(3.74199e-09 2.09388e-09 1.90956e-05)
(9.66494e-11 1.2728e-09 4.91149e-05)
(8.92987e-11 -5.16296e-09 9.01633e-05)
(-1.52065e-09 -2.03015e-10 0.000104249)
(3.87579e-10 1.07221e-09 0.000108045)
(-1.25141e-09 -9.05568e-10 0.000108884)
(-5.39535e-10 -8.61063e-10 0.000108884)
(-1.80623e-09 3.9975e-10 0.000108045)
(8.30329e-10 1.85964e-10 0.000104249)
(-9.46782e-10 -3.38024e-09 9.01632e-05)
(-1.67292e-09 -3.64379e-11 4.91151e-05)
(1.56916e-09 4.97915e-10 7.45768e-05)
(1.38267e-11 -8.1364e-10 0.000105092)
(-7.05332e-10 -1.4303e-09 0.000109578)
(9.47632e-10 -6.12637e-10 0.000110138)
(3.6386e-10 -2.50426e-11 0.000110212)
(-1.08319e-10 -3.48531e-10 0.000110212)
(-1.05225e-09 -7.20385e-10 0.000110138)
(1.08087e-09 -9.46103e-10 0.000109578)
(1.16837e-09 1.00274e-09 0.000105092)
(-4.10266e-10 6.22128e-10 7.45771e-05)
(8.32108e-10 4.27517e-11 8.61139e-05)
(1.54839e-09 -1.0265e-09 0.000108471)
(1.58385e-09 -8.25167e-10 0.000110154)
(1.47198e-09 -5.30743e-10 0.000110253)
(3.54246e-10 6.06302e-11 0.000110258)
(-2.54119e-10 6.43953e-12 0.000110258)
(-5.63158e-11 -1.03729e-10 0.000110253)
(-5.78934e-10 -2.84141e-10 0.000110155)
(-4.24275e-10 -2.04231e-10 0.000108472)
(4.90532e-10 9.79449e-10 8.6114e-05)
(1.92803e-10 4.14852e-10 9.0109e-05)
(5.6187e-10 -7.27735e-10 0.000109181)
(3.19543e-10 1.93399e-10 0.000110221)
(-1.99116e-10 -3.25462e-10 0.000110259)
(4.62659e-11 -2.09264e-10 0.00011026)
(8.22563e-11 2.77055e-10 0.00011026)
(1.43799e-10 -2.75694e-10 0.000110259)
(-2.2811e-10 -5.66442e-11 0.000110221)
(-4.19234e-10 -3.38976e-10 0.000109181)
(2.53994e-10 7.5649e-11 9.01089e-05)
(4.31695e-11 3.61386e-11 9.01088e-05)
(1.04967e-09 -9.79317e-10 0.000109181)
(9.41058e-10 5.75616e-10 0.000110221)
(-6.6811e-11 -6.32234e-10 0.000110258)
(2.7386e-10 7.51209e-10 0.000110259)
(-3.21785e-11 4.59397e-10 0.000110259)
(4.61352e-10 -3.63877e-10 0.000110259)
(-1.39989e-10 9.45873e-10 0.000110221)
(-4.6343e-10 -4.7326e-10 0.000109182)
(3.49934e-10 -2.0251e-10 9.01089e-05)
(-6.54399e-10 5.89923e-10 8.61142e-05)
(8.34507e-10 -2.05476e-09 0.000108472)
(1.54764e-09 1.35297e-09 0.000110155)
(-6.46413e-12 -2.06762e-11 0.000110253)
(5.35353e-10 6.68154e-10 0.000110258)
(-1.35936e-10 4.77416e-10 0.000110258)
(5.48726e-10 -1.00346e-10 0.000110253)
(-1.04689e-09 1.21206e-09 0.000110155)
(-9.73054e-10 -2.32201e-09 0.000108472)
(3.3867e-10 -2.07959e-10 8.61141e-05)
(1.04777e-09 1.1509e-10 7.45775e-05)
(-5.01234e-10 -3.59755e-09 0.000105092)
(-4.26453e-10 3.0989e-09 0.000109578)
(-4.62862e-11 8.06614e-10 0.000110138)
(4.84353e-10 5.23853e-11 0.000110212)
(3.72729e-11 2.89774e-10 0.000110212)
(3.68695e-10 1.34772e-10 0.000110138)
(-2.56562e-12 2.85015e-09 0.000109578)
(-4.32255e-10 -3.22046e-09 0.000105092)
(-1.42997e-09 -6.63593e-10 7.45773e-05)
(1.04316e-09 -1.46717e-09 4.91154e-05)
(-1.95477e-09 -3.00072e-10 9.01632e-05)
(-1.74068e-09 2.82712e-09 0.000104249)
(2.69485e-10 -7.42001e-10 0.000108045)
(9.80531e-11 -1.67147e-10 0.000108885)
(7.41047e-10 1.22612e-10 0.000108885)
(-1.66736e-11 -9.09871e-10 0.000108045)
(4.47073e-10 4.08154e-09 0.000104249)
(1.15228e-09 -1.57629e-10 9.01631e-05)
(2.44533e-09 -5.69292e-09 4.91153e-05)
(-3.53796e-09 -3.28829e-09 1.90957e-05)
(1.66865e-09 3.08194e-09 4.60047e-05)
(2.82045e-09 1.51972e-09 7.03555e-05)
(1.31049e-09 -1.0448e-09 8.27219e-05)
(-3.82306e-10 -6.44906e-11 8.68813e-05)
(1.38959e-09 1.84849e-11 8.68814e-05)
(1.07793e-09 -1.20234e-09 8.27221e-05)
(-5.90125e-10 1.90275e-09 7.03557e-05)
(2.36306e-09 1.03703e-09 4.60051e-05)
(7.16163e-09 -5.8597e-09 1.90956e-05)
(-1.59411e-08 1.11619e-08 1.90959e-05)
(2.62167e-10 -3.98518e-09 4.60056e-05)
(5.43696e-10 1.67446e-09 7.03559e-05)
(-3.90299e-09 1.15624e-09 8.27219e-05)
(1.00681e-09 1.72558e-10 8.68809e-05)
(-9.10207e-10 7.908e-11 8.6881e-05)
(1.77027e-09 1.0799e-09 8.27216e-05)
(-1.44991e-09 2.69286e-09 7.03553e-05)
(-4.7671e-09 -6.13739e-09 4.60049e-05)
(5.36597e-09 3.28559e-09 1.90955e-05)
(-5.38043e-09 8.34487e-09 4.91155e-05)
(-2.251e-09 -2.60613e-09 9.01639e-05)
(-4.99006e-09 2.64674e-09 0.000104249)
(-1.33686e-09 -6.19277e-10 0.000108045)
(-1.76047e-10 -1.56024e-09 0.000108884)
(7.20875e-10 -1.13721e-09 0.000108884)
(1.491e-09 -4.62158e-11 0.000108045)
(6.06942e-09 5.21172e-09 0.000104249)
(1.19022e-09 -2.02876e-09 9.01635e-05)
(1.00141e-09 3.2854e-09 4.91155e-05)
(1.07282e-09 3.80889e-09 7.45776e-05)
(1.36729e-09 -1.02687e-09 0.000105093)
(-1.12604e-09 2.48049e-09 0.000109578)
(1.11551e-09 -2.56769e-09 0.000110138)
(-3.05764e-11 -1.27933e-09 0.000110212)
(1.8506e-10 -8.40438e-10 0.000110212)
(-8.8427e-10 -1.60951e-09 0.000110138)
(1.60272e-09 4.0347e-09 0.000109579)
(-9.36427e-11 8.22268e-10 0.000105093)
(-1.36534e-09 4.66572e-10 7.45772e-05)
(3.9808e-10 2.81593e-09 8.61147e-05)
(6.44588e-10 -9.52366e-10 0.000108472)
(4.38299e-10 2.03193e-09 0.000110155)
(1.34649e-09 -6.49373e-10 0.000110253)
(1.46147e-10 3.26187e-10 0.000110258)
(-5.21726e-11 1.81181e-10 0.000110258)
(-1.39437e-09 -8.13263e-10 0.000110253)
(-1.19686e-09 1.69214e-09 0.000110155)
(-5.59357e-10 -1.08003e-09 0.000108472)
(-3.71198e-10 -9.32186e-10 8.61144e-05)
(1.22216e-09 1.2549e-09 9.01092e-05)
(8.48545e-10 -3.1595e-10 0.000109181)
(1.27358e-10 5.50126e-10 0.000110221)
(3.05507e-10 -1.30296e-12 0.000110259)
(-3.651e-10 1.39257e-10 0.00011026)
(2.47491e-10 2.70478e-11 0.00011026)
(1.24521e-10 -2.93225e-10 0.000110259)
(1.84351e-10 9.85874e-11 0.000110221)
(-1.80074e-10 -7.85762e-10 0.000109181)
(-5.59039e-10 -3.00096e-10 9.0109e-05)
(9.89872e-10 7.11692e-10 9.01092e-05)
(7.72217e-10 6.83063e-10 0.000109181)
(7.45329e-11 6.42635e-10 0.000110221)
(4.44122e-10 -6.59612e-10 0.000110259)
(3.0181e-10 8.01131e-11 0.00011026)
(-2.33992e-10 -3.46309e-10 0.00011026)
(-2.49099e-10 -7.61276e-11 0.000110259)
(1.42421e-10 6.1138e-10 0.000110221)
(-7.62287e-10 3.62859e-11 0.000109182)
(-6.78222e-10 -1.22488e-09 9.01092e-05)
(-6.56903e-10 -7.54256e-10 8.61145e-05)
(1.17805e-09 1.22664e-09 0.000108472)
(1.14366e-09 4.46387e-10 0.000110155)
(9.47442e-11 1.0848e-10 0.000110253)
(3.57822e-10 3.33946e-10 0.000110258)
(-4.31825e-10 -2.67241e-10 0.000110258)
(-5.61595e-10 3.90821e-10 0.000110253)
(-1.35715e-09 -2.36583e-10 0.000110155)
(-1.42666e-09 9.94277e-10 0.000108471)
(5.74707e-10 -2.20626e-09 8.6114e-05)
(-2.88824e-10 -9.32352e-10 7.45778e-05)
(1.91269e-09 4.13467e-11 0.000105093)
(1.17776e-09 1.5404e-10 0.000109578)
(5.12058e-10 8.29962e-10 0.000110138)
(4.8172e-10 7.81341e-10 0.000110212)
(-2.69658e-10 9.82188e-10 0.000110212)
(-5.3243e-10 1.37286e-09 0.000110138)
(-9.63958e-10 9.39401e-10 0.000109578)
(-1.64267e-09 -5.5902e-10 0.000105092)
(1.77107e-10 -3.16662e-09 7.45769e-05)
(-1.10225e-09 -3.48696e-09 4.91155e-05)
(1.64257e-10 -5.08631e-11 9.01636e-05)
(-6.6149e-10 9.73572e-10 0.000104249)
(-3.74151e-11 8.12199e-11 0.000108045)
(1.67761e-10 1.11645e-09 0.000108885)
(4.63239e-10 1.08208e-09 0.000108885)
(1.92545e-09 -3.06494e-10 0.000108045)
(3.50325e-09 1.33677e-09 0.000104249)
(2.50851e-09 1.4797e-10 9.01633e-05)
(3.7181e-09 -5.87476e-09 4.91152e-05)
(-8.83964e-09 -6.52461e-09 1.90958e-05)
(-3.28131e-09 -1.06196e-10 4.60052e-05)
(9.96212e-11 5.19304e-10 7.03556e-05)
(-1.12794e-09 -4.26933e-10 8.27222e-05)
(-6.07005e-10 7.00787e-10 8.68811e-05)
(3.05483e-10 -6.25163e-11 8.68814e-05)
(1.31288e-09 -1.00538e-09 8.27216e-05)
(7.5262e-10 -1.87437e-10 7.0355e-05)
(2.32452e-09 1.53674e-09 4.60048e-05)
(8.83702e-09 -6.30239e-09 1.90955e-05)
(-8.67644e-09 6.12912e-09 1.90956e-05)
(5.39316e-09 -7.50111e-09 4.60051e-05)
(3.18547e-09 3.56198e-10 7.03554e-05)
(-1.81426e-09 1.04854e-09 8.27221e-05)
(1.19427e-09 -1.57857e-10 8.6881e-05)
(8.21801e-12 -2.76919e-10 8.68808e-05)
(2.46405e-09 1.7706e-09 8.27218e-05)
(-5.55476e-10 2.05469e-09 7.03551e-05)
(-3.5942e-09 -4.84171e-09 4.6005e-05)
(5.37174e-09 2.94434e-09 1.90954e-05)
(-1.60771e-09 4.44139e-09 4.91154e-05)
(1.29128e-10 -4.1684e-09 9.01639e-05)
(-1.74157e-09 -1.49449e-10 0.000104249)
(1.50001e-10 7.10071e-10 0.000108045)
(-8.92532e-10 -8.44847e-10 0.000108884)
(-1.58009e-10 -8.13031e-10 0.000108884)
(-1.74038e-09 8.76314e-10 0.000108045)
(4.66072e-10 1.41565e-10 0.000104249)
(-2.03525e-09 -3.81041e-09 9.01635e-05)
(-3.09329e-09 -8.38059e-10 4.91154e-05)
(2.51834e-09 1.00206e-09 7.45774e-05)
(1.51949e-09 5.75993e-10 0.000105093)
(1.76722e-10 -1.26951e-09 0.000109579)
(1.47177e-09 -7.86458e-10 0.000110138)
(3.73895e-10 -2.172e-10 0.000110212)
(-1.05222e-11 3.87886e-10 0.000110211)
(-6.12649e-10 -3.6733e-10 0.000110138)
(1.03802e-09 -1.3515e-09 0.000109579)
(5.79789e-10 2.98588e-10 0.000105093)
(-7.44586e-10 8.2219e-10 7.45771e-05)
(4.15459e-10 7.44322e-11 8.61147e-05)
(1.47159e-09 -4.07068e-11 0.000108472)
(1.37943e-09 -6.40092e-10 0.000110155)
(4.73031e-10 -6.40999e-10 0.000110252)
(2.18839e-10 5.53151e-10 0.000110258)
(-4.81968e-10 8.05578e-10 0.000110258)
(-6.91018e-11 4.33388e-10 0.000110253)
(-3.1133e-10 -1.04646e-09 0.000110155)
(-3.93434e-10 -6.64637e-10 0.000108471)
(7.08882e-10 1.43796e-09 8.61142e-05)
(-5.69268e-10 6.84687e-10 9.01092e-05)
(-1.51308e-10 -1.10873e-10 0.000109181)
(-1.50709e-10 -1.19209e-10 0.000110221)
(-2.19891e-10 -3.46723e-10 0.000110259)
(5.68743e-10 3.95616e-10 0.000110259)
(9.27622e-10 7.9969e-11 0.000110259)
(8.35924e-10 5.88687e-11 0.000110258)
(-6.49727e-11 -5.61309e-10 0.000110221)
(-6.48838e-10 -7.78852e-10 0.000109181)
(-2.53081e-10 -3.45262e-13 9.01089e-05)
(-8.00448e-10 1.12518e-09 9.01093e-05)
(-1.67839e-10 -6.78129e-10 0.000109181)
(3.0344e-10 3.98487e-10 0.000110221)
(-1.86858e-10 -3.5374e-10 0.000110258)
(1.31638e-10 -1.3394e-10 0.00011026)
(-2.19022e-11 3.45012e-10 0.000110259)
(7.60089e-10 -6.01104e-10 0.000110258)
(9.25131e-11 1.15607e-09 0.000110221)
(-2.6002e-10 -5.90617e-10 0.000109181)
(1.98743e-10 2.03369e-10 9.01093e-05)
(-9.33739e-11 1.5442e-09 8.61142e-05)
(1.35563e-09 -1.34496e-09 0.000108472)
(1.78926e-09 7.55464e-10 0.000110155)
(-9.26554e-11 -3.76939e-10 0.000110253)
(6.50488e-10 -1.79574e-10 0.000110259)
(-7.85879e-11 3.35839e-11 0.000110258)
(4.89013e-10 4.03219e-11 0.000110253)
(-6.57479e-10 1.33711e-09 0.000110155)
(-8.18986e-10 -2.1422e-09 0.000108471)
(4.14439e-10 1.1567e-10 8.61139e-05)
(2.57077e-09 9.36937e-10 7.45771e-05)
(1.59468e-09 -3.05343e-09 0.000105093)
(6.49004e-10 1.81875e-09 0.000109579)
(2.36937e-10 7.00496e-10 0.000110138)
(2.04353e-10 2.90264e-10 0.000110212)
(2.09168e-10 -1.36241e-10 0.000110212)
(7.70054e-10 9.02028e-10 0.000110138)
(6.86295e-10 2.6828e-09 0.000109578)
(2.11364e-10 -2.3949e-09 0.000105092)
(-9.09256e-10 3.20947e-11 7.45767e-05)
(1.12737e-09 -1.68856e-09 4.91149e-05)
(-1.28249e-09 -5.82003e-10 9.0164e-05)
(-8.58907e-10 1.9725e-09 0.000104249)
(7.21782e-10 -1.64735e-10 0.000108046)
(-7.58922e-10 -1.13459e-10 0.000108885)
(-1.66244e-10 6.85617e-10 0.000108885)
(-1.04242e-09 4.69752e-10 0.000108045)
(-7.27943e-11 3.66254e-09 0.000104248)
(7.47721e-10 1.05586e-09 9.01631e-05)
(1.05385e-09 -3.19266e-09 4.91146e-05)
(-3.97306e-09 -2.97689e-09 1.90955e-05)
(-1.06899e-09 1.6378e-09 4.60053e-05)
(1.16923e-09 8.25941e-10 7.03557e-05)
(-2.79434e-10 -1.16028e-09 8.27223e-05)
(-7.81638e-10 -2.18007e-10 8.68812e-05)
(4.73835e-10 3.97903e-10 8.68812e-05)
(-7.71312e-10 1.29726e-10 8.27218e-05)
(-4.09942e-10 1.25384e-09 7.03548e-05)
(1.57237e-09 1.59149e-09 4.60049e-05)
(5.2934e-09 -4.13956e-09 1.90953e-05)
(-1.13791e-08 8.33925e-09 1.90954e-05)
(9.80047e-10 -4.10318e-09 4.60047e-05)
(7.49154e-10 1.02492e-09 7.03548e-05)
(-3.29434e-09 1.09501e-09 8.27217e-05)
(-3.35657e-11 2.08575e-10 8.68811e-05)
(-8.20604e-10 4.00361e-10 8.68807e-05)
(1.5338e-09 1.77627e-09 8.27219e-05)
(-1.06433e-09 2.26439e-09 7.03551e-05)
(-4.52624e-09 -5.60262e-09 4.60046e-05)
(6.45999e-09 4.68702e-09 1.90952e-05)
(-4.80016e-09 7.66258e-09 4.91149e-05)
(-3.70732e-09 -1.81739e-09 9.01634e-05)
(-3.64379e-09 3.48803e-10 0.000104249)
(-1.74626e-10 -4.36415e-11 0.000108045)
(-9.4406e-10 -6.2133e-10 0.000108884)
(1.30281e-09 -8.30676e-10 0.000108884)
(9.48286e-10 1.16456e-09 0.000108045)
(4.47022e-09 2.35666e-09 0.000104249)
(1.38956e-09 -1.23213e-09 9.01635e-05)
(-1.37669e-09 1.53964e-09 4.91153e-05)
(-5.07852e-10 4.04916e-09 7.45766e-05)
(-9.50799e-11 -1.0631e-10 0.000105092)
(-3.13952e-10 -1.28079e-09 0.000109578)
(9.10627e-10 -1.38911e-09 0.000110138)
(-1.65072e-10 -6.8417e-10 0.000110211)
(-9.03034e-12 -4.92363e-10 0.000110212)
(-9.31284e-10 -2.6442e-10 0.000110138)
(7.3438e-10 6.91721e-10 0.000109578)
(8.42681e-10 1.32202e-09 0.000105092)
(-5.27465e-10 8.17862e-10 7.45774e-05)
(4.88882e-10 1.57422e-09 8.61139e-05)
(2.0976e-09 -1.05718e-09 0.000108471)
(1.5367e-09 -1.09159e-09 0.000110155)
(1.14173e-10 -1.86338e-10 0.000110252)
(-1.27666e-11 -4.59103e-11 0.000110258)
(7.53391e-11 5.1261e-10 0.000110258)
(2.54517e-10 7.96091e-10 0.000110253)
(-3.71145e-10 6.47608e-10 0.000110155)
(-3.66794e-10 -1.16737e-09 0.000108471)
(1.09475e-09 1.67151e-09 8.61139e-05)
(6.85401e-10 3.30901e-10 9.01091e-05)
(1.06514e-09 -5.99839e-10 0.000109181)
(5.30834e-10 1.72016e-10 0.000110221)
(2.80548e-10 -2.71266e-10 0.000110258)
(4.62535e-12 6.21415e-10 0.000110259)
(-1.45459e-10 4.24197e-10 0.000110259)
(2.46455e-10 4.06708e-10 0.000110258)
(-8.05288e-11 4.57958e-10 0.000110221)
(-1.24692e-09 -2.74158e-10 0.000109181)
(-6.12191e-10 5.87418e-10 9.01088e-05)
(-4.95601e-10 -1.38722e-10 9.01091e-05)
(1.01713e-09 -3.09487e-10 0.000109181)
(8.37328e-10 1.57791e-10 0.000110221)
(3.2072e-10 1.0082e-10 0.000110258)
(6.65273e-10 6.81693e-10 0.000110259)
(-3.56506e-10 4.80751e-10 0.000110259)
(6.63804e-10 -1.08217e-10 0.000110258)
(-1.72203e-10 8.44485e-10 0.000110221)
(-7.0921e-10 -9.0887e-10 0.000109181)
(2.33004e-10 -5.58768e-10 9.01089e-05)
(-1.42063e-09 -1.63606e-09 8.61145e-05)
(6.07962e-10 -1.67855e-09 0.000108472)
(1.35528e-09 6.00385e-10 0.000110155)
(-1.53562e-10 3.38429e-10 0.000110253)
(4.6183e-10 2.12982e-10 0.000110258)
(-2.88766e-10 -1.2778e-10 0.000110258)
(-4.04643e-11 -2.10937e-10 0.000110253)
(-1.20518e-09 8.24322e-10 0.000110155)
(-7.60279e-12 -2.36003e-09 0.000108472)
(1.11974e-09 1.74573e-10 8.61145e-05)
(-1.93595e-10 -1.40968e-10 7.45772e-05)
(-3.16287e-10 -4.25985e-09 0.000105092)
(1.09079e-09 2.01836e-09 0.000109579)
(6.50734e-10 7.15376e-10 0.000110138)
(4.58761e-10 8.93172e-10 0.000110212)
(-3.28214e-10 7.07928e-10 0.000110212)
(-8.029e-10 1.16595e-09 0.000110138)
(-1.72392e-09 2.72673e-09 0.000109578)
(-1.26475e-09 -3.65235e-09 0.000105092)
(-1.90369e-09 4.06717e-10 7.45774e-05)
(8.66225e-10 -1.68135e-09 4.91152e-05)
(-2.37425e-09 -2.51823e-09 9.01634e-05)
(-2.21053e-09 1.3247e-09 0.000104249)
(6.04044e-11 4.52802e-10 0.000108046)
(-4.25014e-10 9.96082e-10 0.000108885)
(6.77926e-10 1.26849e-09 0.000108884)
(9.10134e-10 1.61418e-10 0.000108045)
(3.37157e-09 1.92829e-09 0.000104249)
(3.64799e-09 -1.53263e-09 9.01632e-05)
(1.16527e-09 -3.47222e-09 4.91151e-05)
(-6.12812e-09 -4.32544e-09 1.90958e-05)
(-4.17412e-09 -4.89755e-10 4.60053e-05)
(-1.7286e-09 -2.53878e-11 7.03557e-05)
(-1.35443e-09 -7.76574e-10 8.2722e-05)
(-1.05291e-09 1.01176e-10 8.68813e-05)
(-2.42838e-10 2.2225e-10 8.68811e-05)
(-9.38985e-10 -8.67186e-10 8.27222e-05)
(1.53265e-10 -9.64271e-12 7.03556e-05)
(2.7591e-09 8.97675e-10 4.60053e-05)
(4.34208e-09 -3.37109e-09 1.90957e-05)
(-3.97432e-09 1.64455e-09 1.90954e-05)
(5.09819e-09 -7.24003e-09 4.6005e-05)
(3.06292e-09 9.50489e-10 7.03553e-05)
(-3.47619e-10 1.36665e-09 8.27217e-05)
(1.24783e-09 1.03441e-11 8.6881e-05)
(1.32272e-10 -1.72827e-10 8.68813e-05)
(1.96372e-09 1.83975e-09 8.27221e-05)
(-3.2423e-09 1.51589e-09 7.03558e-05)
(-7.45722e-09 -6.595e-09 4.60052e-05)
(3.10899e-09 2.21344e-09 1.90956e-05)
(-3.79346e-10 2.64854e-09 4.91149e-05)
(-1.29326e-09 -3.41411e-09 9.01634e-05)
(-3.52382e-09 1.11865e-09 0.000104249)
(-1.1526e-09 1.63277e-09 0.000108045)
(-2.0298e-09 -5.80559e-10 0.000108884)
(-5.9021e-10 -4.45724e-10 0.000108885)
(-2.33133e-09 1.16373e-09 0.000108045)
(-7.4319e-11 1.20725e-09 0.00010425)
(-2.29536e-09 -4.63202e-09 9.01636e-05)
(-2.89938e-09 -1.53281e-09 4.91151e-05)
(1.03211e-09 1.7247e-09 7.4577e-05)
(-7.30226e-10 8.40784e-10 0.000105093)
(-1.11104e-09 -1.10675e-09 0.000109578)
(3.15405e-10 -9.28789e-10 0.000110138)
(-3.44077e-10 -3.37992e-10 0.000110212)
(3.01712e-11 -3.13466e-10 0.000110212)
(-4.11114e-10 -3.95681e-10 0.000110138)
(1.73401e-09 -5.3342e-10 0.000109578)
(1.76105e-09 -6.25337e-10 0.000105092)
(-1.31422e-10 -5.69957e-10 7.45769e-05)
(-1.6483e-10 6.91766e-10 8.61141e-05)
(7.95249e-10 -4.32178e-10 0.000108472)
(5.11083e-10 -5.69497e-10 0.000110155)
(3.64156e-10 -5.69813e-10 0.000110253)
(1.75176e-10 5.65356e-12 0.000110258)
(-5.73224e-10 -4.84073e-11 0.000110258)
(-4.76833e-10 -1.24472e-10 0.000110253)
(-3.7716e-10 -2.13927e-10 0.000110154)
(-2.1392e-10 -1.1011e-09 0.000108471)
(3.95185e-10 1.37287e-09 8.61139e-05)
(1.87255e-11 7.28289e-10 9.01092e-05)
(3.64732e-10 4.4479e-10 0.000109182)
(-1.49255e-10 8.05512e-10 0.000110221)
(-1.77232e-10 3.11245e-10 0.000110258)
(2.35858e-10 2.92021e-10 0.000110259)
(1.04057e-10 2.99681e-10 0.000110259)
(3.38664e-10 -5.40294e-11 0.000110258)
(3.78481e-11 2.95886e-10 0.00011022)
(-5.77529e-10 -7.16445e-10 0.000109181)
(-2.63616e-10 2.72157e-10 9.01088e-05)
(-3.14893e-10 2.72737e-10 9.01091e-05)
(3.55668e-10 3.25396e-10 0.000109182)
(5.85868e-11 1.20439e-09 0.000110221)
(-2.66524e-10 -1.05857e-10 0.000110259)
(3.87587e-10 1.28427e-10 0.000110259)
(1.15539e-10 4.47367e-10 0.000110259)
(7.61451e-10 1.35026e-11 0.000110258)
(-1.84509e-11 6.66692e-10 0.00011022)
(-3.26538e-10 -1.10159e-09 0.000109181)
(2.80748e-10 4.35162e-10 9.01087e-05)
(-5.22936e-10 1.25967e-09 8.61147e-05)
(5.91237e-10 -1.0545e-09 0.000108472)
(1.58575e-09 1.91051e-09 0.000110155)
(-5.75303e-11 8.8418e-11 0.000110253)
(3.14724e-10 -2.30214e-10 0.000110258)
(-3.10365e-10 6.93721e-10 0.000110258)
(-1.74668e-10 -2.64106e-10 0.000110253)
(-1.67794e-09 1.07569e-09 0.000110155)
(-1.3387e-09 -2.10243e-09 0.000108471)
(9.35479e-11 6.07829e-10 8.61143e-05)
(1.50916e-09 1.02909e-09 7.45775e-05)
(-3.36854e-10 -2.69326e-09 0.000105092)
(-6.78485e-10 2.46254e-09 0.000109578)
(-3.30997e-10 5.78847e-10 0.000110138)
(7.64782e-10 1.18228e-10 0.000110211)
(1.82506e-10 9.16523e-11 0.000110212)
(5.30632e-10 -2.28595e-10 0.000110138)
(9.7029e-10 2.31266e-09 0.000109578)
(9.02584e-10 -3.0554e-09 0.000105093)
(-4.97652e-10 -3.88329e-11 7.45774e-05)
(1.58055e-09 -4.15909e-10 4.91154e-05)
(-7.66159e-10 5.45874e-10 9.01634e-05)
(-9.40839e-10 1.96747e-09 0.000104249)
(1.13035e-09 -2.23437e-10 0.000108045)
(3.26895e-11 -1.07252e-11 0.000108884)
(4.247e-10 -2.15136e-10 0.000108884)
(-5.78061e-10 -8.22519e-10 0.000108045)
(1.71958e-09 2.13484e-09 0.000104249)
(2.38894e-09 -4.74421e-10 9.01632e-05)
(-8.21136e-10 -9.58714e-10 4.91154e-05)
(-4.4626e-10 -2.54742e-10 1.90954e-05)
(1.34911e-09 2.95674e-09 4.60049e-05)
(2.12551e-09 1.183e-09 7.03552e-05)
(1.34165e-09 -4.67001e-10 8.27217e-05)
(-2.4931e-11 -1.17586e-10 8.68811e-05)
(9.76316e-10 2.09933e-10 8.68811e-05)
(8.93142e-11 -1.10897e-09 8.2722e-05)
(-7.29688e-10 4.11987e-10 7.03559e-05)
(6.99293e-10 1.32929e-09 4.6005e-05)
(8.44626e-10 -4.87494e-10 1.90955e-05)
(-7.9954e-09 5.73237e-09 1.90954e-05)
(4.18564e-09 -6.26772e-09 4.60049e-05)
(6.76513e-10 2.72171e-09 7.03556e-05)
(-2.54362e-09 1.03022e-09 8.27222e-05)
(1.44151e-09 2.25976e-11 8.68812e-05)
(-5.68618e-10 5.70022e-11 8.68815e-05)
(2.15264e-09 1.33201e-09 8.27221e-05)
(-1.57537e-09 1.58576e-09 7.03558e-05)
(-5.16577e-09 -7.14969e-09 4.60054e-05)
(6.57646e-09 4.69679e-09 1.90958e-05)
(-4.83805e-09 7.19439e-09 4.91149e-05)
(-1.16519e-09 -3.59687e-09 9.01632e-05)
(-4.74853e-09 3.71134e-09 0.000104249)
(-1.04904e-09 -7.18435e-10 0.000108045)
(-2.57769e-11 -1.56123e-09 0.000108884)
(4.32307e-10 -1.03565e-09 0.000108885)
(9.201e-10 -3.87554e-11 0.000108046)
(5.19647e-09 3.97659e-09 0.000104249)
(6.50124e-10 -3.981e-09 9.01632e-05)
(1.93417e-09 4.10835e-09 4.91146e-05)
(3.86141e-10 3.89547e-09 7.4577e-05)
(4.47976e-10 -2.71445e-10 0.000105092)
(-1.27082e-09 2.20436e-09 0.000109578)
(1.09553e-09 -2.88191e-09 0.000110138)
(3.24353e-10 -1.36033e-09 0.000110212)
(-1.99379e-10 -9.3739e-10 0.000110212)
(-1.97377e-09 -1.81724e-09 0.000110138)
(1.40258e-09 3.43322e-09 0.000109578)
(-8.58605e-10 -8.02735e-10 0.000105092)
(-2.08922e-09 4.63964e-10 7.45768e-05)
(4.65573e-11 2.64386e-09 8.61142e-05)
(6.55581e-10 -7.59108e-10 0.000108472)
(8.95682e-11 1.26197e-09 0.000110155)
(4.54667e-10 -1.09689e-09 0.000110253)
(-3.90513e-10 -2.29453e-11 0.000110258)
(-4.18323e-10 -4.74791e-10 0.000110258)
(-1.45146e-09 -5.28511e-10 0.000110253)
(-9.93368e-10 1.9846e-09 0.000110155)
(-5.49931e-10 -1.17245e-09 0.000108471)
(-3.66324e-10 6.8669e-10 8.61139e-05)
(7.95309e-10 1.51581e-09 9.01091e-05)
(5.25426e-10 1.22056e-11 0.000109181)
(1.3848e-10 4.80321e-10 0.000110221)
(3.35943e-10 1.77472e-10 0.000110258)
(-4.49944e-10 3.72632e-10 0.000110259)
(-5.56933e-10 9.58352e-11 0.000110259)
(-8.75101e-10 -1.14422e-10 0.000110258)
(1.28881e-11 6.58993e-10 0.00011022)
(3.23667e-11 -1.08915e-10 0.000109181)
(-5.48881e-10 4.90792e-10 9.01088e-05)
(7.8306e-10 7.14803e-10 9.0109e-05)
(8.98425e-10 5.04125e-10 0.000109181)
(1.28261e-10 9.29751e-10 0.000110221)
(1.76637e-12 7.81928e-11 0.000110258)
(-1.63237e-10 1.4534e-10 0.000110259)
(-2.55346e-10 1.68635e-10 0.000110259)
(-5.19986e-10 4.88513e-10 0.000110258)
(-4.71236e-10 6.28384e-10 0.000110221)
(-6.74855e-10 -3.47725e-10 0.000109181)
(-5.74174e-10 -7.0215e-10 9.01089e-05)
(-6.20702e-10 -1.01757e-09 8.61139e-05)
(8.15072e-10 3.79419e-10 0.000108471)
(5.44177e-10 2.02191e-10 0.000110155)
(-5.82422e-10 9.44684e-11 0.000110253)
(-5.89101e-11 2.11275e-10 0.000110258)
(-3.36453e-10 3.11683e-10 0.000110258)
(-6.94138e-10 4.98221e-10 0.000110253)
(-1.68383e-09 3.76937e-10 0.000110155)
(-6.97708e-10 2.82284e-10 0.000108471)
(1.03839e-09 -1.62822e-09 8.61143e-05)
(-1.07479e-10 -7.27949e-10 7.45768e-05)
(1.48511e-09 -7.89516e-10 0.000105092)
(1.6134e-09 8.14007e-10 0.000109578)
(4.85163e-10 9.89975e-10 0.000110138)
(3.47193e-10 4.07811e-10 0.000110211)
(-4.5915e-10 9.70827e-10 0.000110211)
(-4.04326e-10 1.15456e-09 0.000110138)
(-4.2262e-10 1.0789e-09 0.000109578)
(-8.31216e-10 -1.18665e-09 0.000105092)
(5.47477e-10 -2.63414e-09 7.4577e-05)
(1.53435e-09 -1.97998e-09 4.91148e-05)
(4.01128e-10 -2.6697e-10 9.01631e-05)
(-5.48663e-10 2.21861e-09 0.000104249)
(1.06885e-10 -2.16131e-10 0.000108046)
(8.87356e-12 -6.14724e-10 0.000108885)
(1.28049e-09 4.07661e-10 0.000108885)
(1.87289e-09 -1.70179e-10 0.000108045)
(3.94444e-09 4.53303e-10 0.000104249)
(3.42327e-09 -9.92266e-10 9.01636e-05)
(2.36567e-09 -3.81942e-09 4.91152e-05)
(-6.04459e-09 -5.28471e-09 1.90952e-05)
(-3.43225e-09 -5.16449e-10 4.60048e-05)
(-5.50496e-10 8.81855e-10 7.03556e-05)
(-6.78602e-10 -1.22756e-09 8.27222e-05)
(-8.47844e-10 -5.43259e-10 8.68815e-05)
(-4.07409e-10 -5.33918e-11 8.68813e-05)
(-2.53931e-10 -1.10193e-09 8.27222e-05)
(-1.11559e-09 -3.77842e-10 7.03557e-05)
(-8.57543e-10 1.86447e-09 4.60048e-05)
(3.5065e-09 -2.65757e-09 1.90955e-05)
(-4.24037e-09 2.24884e-09 1.90956e-05)
(7.27119e-09 -8.04718e-09 4.60049e-05)
(5.08155e-09 -7.62169e-11 7.03552e-05)
(-7.92666e-10 1.2136e-09 8.27219e-05)
(7.51708e-10 -4.68438e-10 8.68812e-05)
(-6.37082e-10 -6.81071e-10 8.68809e-05)
(1.85363e-09 1.37425e-09 8.27215e-05)
(-1.90799e-09 1.54761e-09 7.03547e-05)
(-6.26656e-09 -5.88847e-09 4.60044e-05)
(1.40544e-09 2.61611e-10 1.90951e-05)
(1.27223e-09 9.96787e-10 4.91149e-05)
(1.46408e-09 -6.24229e-09 9.01636e-05)
(-1.27274e-09 -2.95998e-10 0.000104249)
(1.18441e-09 9.91021e-10 0.000108045)
(-8.76297e-10 -1.07453e-09 0.000108884)
(2.28703e-10 -9.2376e-10 0.000108884)
(-8.45126e-10 8.47342e-10 0.000108045)
(1.52373e-09 1.10594e-09 0.000104248)
(7.33483e-10 -1.66709e-09 9.01629e-05)
(-1.47022e-09 -4.97157e-11 4.91149e-05)
(2.14453e-09 -4.78621e-10 7.45766e-05)
(-1.12979e-10 -1.62085e-09 0.000105092)
(-1.6008e-09 -1.524e-09 0.000109578)
(1.16666e-10 -4.74099e-10 0.000110138)
(-6.33225e-10 -8.97081e-10 0.000110212)
(-1.50221e-10 -8.14532e-10 0.000110212)
(-7.3355e-10 -1.04124e-09 0.000110138)
(1.71521e-09 -4.72075e-10 0.000109578)
(2.87929e-09 1.77792e-09 0.000105092)
(6.24167e-10 1.82027e-09 7.45773e-05)
(2.30987e-10 2.3514e-10 8.6114e-05)
(1.09917e-09 -1.18507e-09 0.000108471)
(9.20527e-10 -9.03809e-10 0.000110155)
(8.61382e-10 2.60211e-12 0.000110252)
(3.90218e-10 4.01072e-11 0.000110258)
(-3.07225e-10 -4.87015e-10 0.000110258)
(-8.13704e-10 -6.51453e-10 0.000110252)
(-1.47462e-09 -2.78405e-10 0.000110155)
(-1.09006e-09 -2.48714e-10 0.000108471)
(1.25361e-11 1.34777e-09 8.61141e-05)
(-2.5044e-10 4.61637e-10 9.01086e-05)
(5.15816e-11 -8.90779e-10 0.000109181)
(1.09789e-10 -7.13391e-11 0.000110221)
(-5.24147e-11 1.58732e-10 0.000110258)
(-6.63685e-10 6.08962e-10 0.000110259)
(-6.59621e-10 7.00275e-10 0.000110259)
(2.17159e-12 2.54019e-10 0.000110258)
(4.00522e-11 4.75199e-10 0.000110221)
(-1.87159e-10 1.05976e-10 0.000109181)
(-1.77752e-10 7.08286e-10 9.0109e-05)
(-5.15424e-10 4.86273e-10 9.01088e-05)
(5.36566e-10 -1.01687e-09 0.000109181)
(1.00104e-09 5.53775e-10 0.000110221)
(2.31185e-11 -1.46992e-10 0.000110258)
(-1.47135e-11 2.11453e-10 0.000110259)
(-1.55305e-10 3.69743e-10 0.000110259)
(-3.51628e-11 -1.43565e-11 0.000110258)
(-6.0618e-10 7.92025e-10 0.000110221)
(-1.04394e-10 3.43762e-11 0.000109181)
(3.84149e-10 8.81056e-10 9.01091e-05)
(2.57052e-10 1.66256e-09 8.61137e-05)
(1.65823e-09 -1.54035e-09 0.000108471)
(2.05299e-09 1.09154e-09 0.000110155)
(5.82178e-11 5.35372e-11 0.000110253)
(8.32784e-11 -2.06559e-10 0.000110258)
(-5.98626e-10 5.62534e-11 0.000110258)
(-5.33495e-10 -1.38042e-10 0.000110253)
(-2.16613e-09 4.22471e-10 0.000110155)
(-1.60387e-09 -1.80244e-09 0.000108471)
(1.45683e-10 9.23266e-10 8.61143e-05)
(1.78502e-09 -6.33693e-11 7.45764e-05)
(6.82952e-10 -3.74258e-09 0.000105092)
(4.921e-10 2.4787e-09 0.000109578)
(-3.99529e-12 1.10265e-09 0.000110137)
(3.54175e-10 1.67533e-10 0.000110212)
(1.2637e-10 6.81193e-10 0.000110211)
(-3.62671e-10 4.82905e-10 0.000110138)
(-4.76064e-10 2.06439e-09 0.000109578)
(-3.06557e-10 -3.32778e-09 0.000105092)
(-1.10329e-09 -8.33046e-11 7.45766e-05)
(-1.80273e-09 -4.13164e-09 4.91143e-05)
(-2.75502e-09 -1.14371e-09 9.0163e-05)
(-5.03387e-10 3.20636e-09 0.000104249)
(2.41434e-10 -1.29827e-10 0.000108046)
(-5.67738e-10 5.60423e-10 0.000108885)
(7.40921e-10 5.24417e-10 0.000108885)
(-2.73468e-10 -1.75672e-10 0.000108046)
(1.77957e-09 1.5913e-09 0.000104249)
(1.6974e-09 -8.56206e-10 9.01635e-05)
(-7.44342e-10 -1.44499e-09 4.91144e-05)
(-3.43949e-09 -3.11905e-09 1.90951e-05)
(-2.58208e-10 2.02201e-09 4.60047e-05)
(1.72276e-09 1.63194e-09 7.03556e-05)
(6.18968e-10 -1.01026e-09 8.27222e-05)
(-6.92861e-10 9.56915e-11 8.68813e-05)
(1.02975e-09 1.19996e-10 8.68814e-05)
(1.29121e-09 -6.75651e-10 8.27222e-05)
(4.65601e-10 -7.14614e-10 7.03553e-05)
(6.09056e-10 1.20662e-09 4.60048e-05)
(1.4579e-09 -5.65546e-10 1.90953e-05)
(-1.11415e-08 7.96381e-09 1.90951e-05)
(-3.45955e-10 -3.53342e-09 4.6005e-05)
(3.9395e-10 1.26176e-09 7.03556e-05)
(-2.93084e-09 1.3517e-09 8.27219e-05)
(5.93805e-10 -4.59272e-10 8.68814e-05)
(-6.2918e-10 -2.34401e-10 8.68811e-05)
(1.61585e-09 1.1589e-09 8.2722e-05)
(-9.2285e-10 2.44859e-09 7.03552e-05)
(-6.37929e-09 -6.9725e-09 4.6005e-05)
(3.04942e-09 2.38016e-09 1.90952e-05)
(-4.24412e-09 8.02175e-09 4.91147e-05)
(-2.60105e-09 -8.12151e-10 9.01632e-05)
(-2.38574e-09 -4.76036e-10 0.000104249)
(2.63155e-10 3.866e-11 0.000108045)
(-2.75312e-10 -7.13134e-10 0.000108885)
(1.19299e-09 -8.28448e-10 0.000108885)
(5.3096e-10 7.35542e-10 0.000108045)
(3.97607e-09 2.56855e-09 0.000104249)
(5.41872e-10 -2.87034e-09 9.01639e-05)
(-1.34956e-09 6.30887e-10 4.91153e-05)
(5.98226e-10 4.19441e-09 7.45769e-05)
(1.20951e-09 1.18329e-09 0.000105092)
(6.8203e-10 -1.26526e-09 0.000109578)
(1.52596e-09 -1.41223e-09 0.000110138)
(-2.71132e-10 -9.82223e-11 0.000110211)
(-6.37045e-10 -2.55887e-10 0.000110212)
(-1.63902e-09 -4.74284e-10 0.000110137)
(4.52215e-10 2.44167e-11 0.000109578)
(5.29643e-10 4.45922e-10 0.000105092)
(-1.44012e-09 -7.00056e-10 7.45771e-05)
(4.58195e-10 2.00891e-09 8.61142e-05)
(2.26928e-09 2.48228e-10 0.000108472)
(1.33722e-09 3.0853e-11 0.000110155)
(7.31917e-11 -8.16767e-11 0.000110252)
(-8.73928e-11 1.60277e-10 0.000110258)
(-1.41325e-10 4.7733e-10 0.000110258)
(-5.94254e-10 -4.70265e-11 0.000110253)
(-1.22217e-09 -1.3175e-11 0.000110155)
(-4.16964e-10 -1.66739e-09 0.000108471)
(9.01285e-10 1.44437e-09 8.6114e-05)
(1.66044e-10 6.11267e-10 9.01086e-05)
(8.49019e-10 2.76225e-10 0.000109181)
(2.54213e-10 -2.22783e-10 0.00011022)
(-6.54406e-11 1.33117e-10 0.000110258)
(-3.74627e-11 4.17847e-10 0.000110259)
(-4.35861e-10 5.06295e-10 0.000110259)
(5.59099e-11 -2.72864e-10 0.000110259)
(-4.69398e-11 3.1247e-10 0.000110221)
(-3.90534e-10 -4.76931e-10 0.000109181)
(-1.00684e-11 7.76197e-10 9.01091e-05)
(1.172e-10 4.7478e-10 9.01089e-05)
(8.71369e-10 -3.8784e-10 0.000109181)
(5.61786e-10 4.8576e-10 0.000110221)
(3.26643e-10 1.85383e-10 0.000110258)
(-1.87731e-10 4.48193e-10 0.000110259)
(-4.14644e-10 3.49225e-10 0.000110259)
(4.38987e-10 -8.48475e-11 0.000110258)
(-2.97337e-10 1.32975e-09 0.000110221)
(-2.09517e-10 -4.74037e-10 0.000109181)
(9.15288e-11 6.57012e-10 9.0109e-05)
(-1.28624e-09 -5.19488e-10 8.61145e-05)
(3.42864e-10 -2.20509e-09 0.000108472)
(1.71313e-09 6.37133e-10 0.000110155)
(-1.96284e-11 -2.95043e-10 0.000110253)
(-3.14415e-10 2.59498e-10 0.000110258)
(-7.11652e-10 1.04353e-10 0.000110258)
(1.49767e-11 -1.58406e-11 0.000110253)
(-2.38709e-09 1.11097e-09 0.000110155)
(-1.42294e-09 -1.42206e-09 0.000108471)
(5.44781e-10 1.69067e-09 8.61138e-05)
(1.21939e-09 2.58153e-10 7.45772e-05)
(9.25534e-10 -4.71561e-09 0.000105093)
(1.65438e-09 9.74518e-10 0.000109578)
(1.17508e-09 1.08795e-09 0.000110137)
(3.01115e-10 7.82905e-10 0.000110212)
(-6.73542e-10 5.98421e-10 0.000110212)
(-8.23168e-10 1.34537e-09 0.000110137)
(-1.63663e-09 2.46873e-09 0.000109578)
(-1.71735e-09 -3.42043e-09 0.000105092)
(-2.13754e-09 4.72483e-10 7.4577e-05)
(-5.94403e-10 -4.47798e-09 4.91151e-05)
(-3.81475e-09 -4.45248e-09 9.01634e-05)
(-3.1332e-09 1.21285e-09 0.000104249)
(1.52088e-10 1.70347e-09 0.000108045)
(-1.24865e-10 1.19943e-09 0.000108884)
(7.76245e-10 7.99072e-10 0.000108884)
(6.73745e-10 7.42717e-10 0.000108046)
(3.0045e-09 2.70079e-09 0.000104249)
(3.60995e-09 -2.32918e-09 9.01631e-05)
(1.46607e-09 -3.87212e-09 4.91148e-05)
(-1.01113e-08 -8.08067e-09 1.90953e-05)
(-8.83607e-09 -3.42428e-09 4.60046e-05)
(-5.14254e-09 -6.5172e-10 7.03549e-05)
(-2.91432e-09 -5.09412e-10 8.27215e-05)
(-1.07539e-09 4.47686e-10 8.68806e-05)
(4.33597e-10 1.77956e-11 8.68808e-05)
(-7.43307e-10 -4.6305e-10 8.27215e-05)
(-1.66123e-10 6.49577e-10 7.0355e-05)
(2.47212e-09 4.34356e-10 4.60046e-05)
(4.79907e-09 -3.76598e-09 1.90951e-05)
(-5.94503e-09 5.09895e-09 1.90952e-05)
(6.70839e-09 -8.12252e-09 4.60047e-05)
(2.74642e-09 3.52525e-10 7.03557e-05)
(-1.04777e-09 7.7755e-10 8.27224e-05)
(7.72905e-10 -5.65608e-10 8.68818e-05)
(2.65501e-10 -2.93553e-10 8.68817e-05)
(2.10519e-09 1.30588e-09 8.27224e-05)
(1.59615e-11 2.53537e-09 7.0356e-05)
(-2.58936e-09 -3.70418e-09 4.60055e-05)
(1.53301e-09 6.25621e-10 1.90958e-05)
(-1.36616e-09 4.23945e-09 4.91144e-05)
(-9.27501e-11 -5.5714e-09 9.01623e-05)
(-2.02364e-09 -4.37312e-10 0.000104249)
(3.68862e-10 1.19098e-10 0.000108046)
(-1.48048e-09 -1.11116e-09 0.000108885)
(-8.91028e-10 -1.07315e-09 0.000108885)
(-1.8198e-09 4.74017e-10 0.000108046)
(1.14056e-09 1.38109e-09 0.00010425)
(-1.24773e-09 -2.28493e-09 9.01637e-05)
(-3.19996e-09 -1.22734e-09 4.91148e-05)
(1.67276e-09 7.14967e-10 7.45771e-05)
(2.23555e-10 1.19385e-10 0.000105092)
(-3.04523e-10 -1.61804e-09 0.000109578)
(1.24267e-09 -1.78657e-09 0.000110138)
(2.89479e-10 -8.69996e-10 0.000110212)
(3.86257e-10 -5.81261e-10 0.000110212)
(-3.95842e-10 -4.33503e-10 0.000110138)
(1.44004e-09 -1.18831e-09 0.000109579)
(2.18134e-09 1.05382e-09 0.000105092)
(-1.97554e-10 1.54727e-10 7.45768e-05)
(7.61213e-10 -2.07703e-10 8.61143e-05)
(1.89719e-09 3.68853e-11 0.000108472)
(1.25528e-09 -3.01596e-10 0.000110154)
(6.99516e-10 -4.59527e-10 0.000110253)
(7.58454e-10 -2.63452e-10 0.000110258)
(-3.1616e-10 -1.48286e-10 0.000110258)
(-1.0238e-09 6.20411e-11 0.000110253)
(-1.80254e-09 -1.96345e-10 0.000110155)
(-1.09209e-09 8.23946e-11 0.000108472)
(4.86717e-10 1.48488e-09 8.61137e-05)
(-1.05735e-10 1.45449e-10 9.0109e-05)
(-8.13725e-12 -3.82903e-10 0.000109181)
(-1.48932e-11 3.8763e-10 0.00011022)
(-3.5683e-10 -1.05009e-10 0.000110259)
(-4.62565e-10 9.58662e-11 0.00011026)
(-9.85566e-11 1.07462e-10 0.000110259)
(3.36351e-10 5.067e-12 0.000110259)
(-1.50552e-10 5.62674e-10 0.000110221)
(-6.54558e-10 2.70001e-10 0.000109181)
(-9.02411e-11 9.03887e-10 9.0109e-05)
(-3.65091e-10 5.28761e-10 9.01089e-05)
(-4.83567e-11 -4.44267e-10 0.000109181)
(-3.34868e-10 1.40131e-09 0.00011022)
(-2.71667e-10 -1.6071e-10 0.000110258)
(3.32448e-10 9.07617e-11 0.000110259)
(-6.86729e-11 1.40573e-10 0.000110259)
(2.71753e-10 -3.69476e-10 0.000110258)
(-4.62544e-10 8.67838e-10 0.000110221)
(3.32179e-10 -3.52966e-10 0.000109181)
(8.65268e-10 8.31212e-10 9.01085e-05)
(-2.79714e-10 9.14781e-10 8.61143e-05)
(1.21222e-09 -1.46667e-09 0.000108472)
(2.19651e-09 1.95085e-09 0.000110155)
(-2.18586e-10 4.11758e-10 0.000110252)
(7.4975e-11 4.50692e-10 0.000110258)
(-2.61818e-10 -3.22606e-10 0.000110258)
(-2.24995e-10 -5.16028e-10 0.000110253)
(-1.77427e-09 1.32935e-09 0.000110155)
(-1.97572e-09 -1.01456e-09 0.000108472)
(-2.87057e-10 1.09497e-09 8.61138e-05)
(1.91124e-09 5.58153e-10 7.45776e-05)
(4.06357e-10 -3.04448e-09 0.000105093)
(-4.90897e-10 2.25163e-09 0.000109578)
(-4.7094e-10 1.17447e-09 0.000110138)
(2.46306e-11 5.77109e-10 0.000110212)
(-2.34926e-10 4.00432e-10 0.000110211)
(-3.66584e-10 7.21838e-10 0.000110137)
(2.63051e-10 2.64009e-09 0.000109578)
(5.68721e-11 -2.81508e-09 0.000105092)
(-1.27577e-09 -8.06634e-10 7.45778e-05)
(2.71209e-10 -2.13425e-09 4.91157e-05)
(-3.30068e-10 1.60318e-09 9.01633e-05)
(1.87905e-10 3.00974e-09 0.000104249)
(1.10313e-09 -3.55465e-10 0.000108045)
(-2.01326e-10 -1.04813e-10 0.000108884)
(1.14732e-09 3.66824e-10 0.000108884)
(1.90347e-10 -4.58584e-10 0.000108046)
(1.98128e-09 3.18069e-09 0.000104249)
(2.9356e-09 -6.14568e-10 9.01634e-05)
(1.33358e-09 -4.2613e-09 4.91157e-05)
(-4.30851e-09 -3.27169e-09 1.90956e-05)
(8.16601e-10 3.15495e-09 4.60047e-05)
(3.49418e-09 1.95291e-09 7.0355e-05)
(1.29651e-09 -1.71425e-09 8.27215e-05)
(-4.87865e-11 -3.73987e-10 8.68809e-05)
(7.45898e-10 -3.0851e-10 8.68806e-05)
(-1.39975e-10 -1.40852e-09 8.27217e-05)
(-1.25864e-09 1.41489e-09 7.03552e-05)
(1.07632e-09 1.64719e-09 4.60047e-05)
(5.23452e-09 -4.33284e-09 1.90955e-05)
(-1.20557e-08 8.78366e-09 1.90957e-05)
(-1.26178e-09 -3.35998e-09 4.6005e-05)
(-2.52022e-09 3.38351e-09 7.03554e-05)
(-4.3927e-09 1.07892e-09 8.27222e-05)
(-8.67485e-11 -1.08391e-10 8.68815e-05)
(-1.59611e-09 1.56813e-10 8.68813e-05)
(2.95285e-09 1.00185e-09 8.27219e-05)
(2.23249e-10 2.54508e-09 7.03555e-05)
(-2.48193e-09 -5.82867e-09 4.60052e-05)
(8.65112e-09 5.76185e-09 1.90956e-05)
(-5.37401e-09 9.05724e-09 4.91147e-05)
(-1.97131e-09 -1.45749e-09 9.01629e-05)
(-5.70022e-09 4.0149e-09 0.000104249)
(-2.05036e-09 -7.15763e-10 0.000108046)
(-8.80588e-10 -1.7829e-09 0.000108884)
(7.82682e-10 -1.28505e-09 0.000108885)
(1.94512e-09 -1.01271e-09 0.000108046)
(5.72821e-09 3.70587e-09 0.000104249)
(1.11145e-09 -3.09502e-09 9.01633e-05)
(2.47326e-09 5.39519e-09 4.9115e-05)
(6.87803e-10 4.16458e-09 7.45767e-05)
(2.14957e-09 -3.94131e-10 0.000105092)
(6.35211e-10 2.61006e-09 0.000109578)
(2.07555e-09 -2.6133e-09 0.000110138)
(-7.88893e-11 -1.45045e-09 0.000110212)
(-2.5108e-11 -9.60234e-10 0.000110212)
(-1.4463e-09 -2.33801e-09 0.000110138)
(7.89426e-10 2.87919e-09 0.000109579)
(-1.11142e-09 -1.2953e-11 0.000105093)
(-1.96282e-09 1.18189e-09 7.45769e-05)
(1.67382e-10 2.13987e-09 8.61142e-05)
(8.63516e-10 -1.26308e-09 0.000108471)
(9.5203e-10 1.87469e-09 0.000110155)
(1.0726e-09 -1.14698e-09 0.000110253)
(-2.76849e-10 2.32479e-10 0.000110258)
(2.22663e-10 9.56748e-11 0.000110258)
(-9.61113e-10 -5.1869e-10 0.000110253)
(-4.22325e-10 1.8082e-09 0.000110155)
(3.07628e-10 -1.40952e-09 0.000108472)
(1.0647e-10 4.96588e-10 8.61141e-05)
(9.004e-10 5.21972e-10 9.01091e-05)
(5.05998e-10 -6.57884e-10 0.000109181)
(2.3552e-10 3.58838e-10 0.000110221)
(1.02397e-09 -5.17145e-10 0.000110258)
(-1.41741e-10 -2.52394e-10 0.00011026)
(4.96931e-11 -4.77054e-10 0.00011026)
(-3.82956e-11 -7.73668e-10 0.000110258)
(-8.1634e-11 3.77505e-10 0.000110221)
(4.92423e-11 -5.94022e-10 0.000109181)
(-3.28039e-10 8.65752e-10 9.01092e-05)
(1.24402e-09 1.24207e-10 9.01093e-05)
(1.303e-09 7.7631e-10 0.000109181)
(5.79853e-10 8.03595e-10 0.000110221)
(5.27836e-10 -2.38176e-10 0.000110258)
(3.0066e-10 4.61735e-11 0.000110259)
(5.43642e-10 2.33369e-11 0.000110259)
(1.95623e-11 -6.89338e-10 0.000110258)
(-4.62343e-10 6.67342e-10 0.000110221)
(-7.93879e-10 1.24009e-10 0.000109181)
(-4.86529e-10 -8.41587e-10 9.01087e-05)
(-5.7968e-10 -9.0671e-10 8.61139e-05)
(6.64654e-10 1.72301e-09 0.000108471)
(3.34732e-10 5.13834e-10 0.000110155)
(5.52457e-10 2.85174e-10 0.000110253)
(1.2932e-09 3.92445e-10 0.000110258)
(1.27336e-10 1.69425e-10 0.000110258)
(-3.10632e-10 6.46682e-11 0.000110253)
(-1.10904e-09 -1.95196e-10 0.000110155)
(-5.26887e-10 -4.74763e-10 0.000108472)
(8.36708e-10 -1.61407e-09 8.61143e-05)
(5.34706e-11 4.05375e-11 7.45772e-05)
(1.08093e-09 2.38923e-10 0.000105092)
(8.60975e-10 5.81233e-10 0.000109578)
(5.65555e-10 4.12473e-10 0.000110138)
(3.32583e-10 4.79348e-10 0.000110212)
(-1.80882e-10 9.9468e-10 0.000110212)
(-4.22734e-10 1.74029e-09 0.000110138)
(-1.32329e-09 6.05362e-10 0.000109578)
(-1.96938e-09 -1.63592e-09 0.000105092)
(-3.71563e-10 -2.19897e-09 7.45775e-05)
(2.93599e-10 -2.33295e-09 4.91153e-05)
(-6.34242e-11 3.04947e-10 9.01633e-05)
(-2.49436e-09 5.98603e-10 0.000104249)
(-1.07094e-09 -4.95045e-10 0.000108045)
(-3.94641e-10 1.05214e-09 0.000108884)
(4.38041e-10 1.37318e-09 0.000108884)
(1.05622e-09 4.98515e-10 0.000108045)
(2.8462e-09 1.0435e-09 0.000104248)
(3.19752e-09 -1.02735e-09 9.01632e-05)
(2.55606e-09 -4.68233e-09 4.91154e-05)
(-8.53718e-09 -6.88581e-09 1.90958e-05)
(-2.78431e-09 -5.71301e-11 4.60053e-05)
(2.29704e-11 -7.62403e-11 7.03556e-05)
(-3.53778e-10 -7.1436e-10 8.2722e-05)
(-7.55566e-10 2.78908e-10 8.68813e-05)
(4.24259e-10 6.6802e-11 8.6881e-05)
(8.21624e-10 -1.27756e-09 8.27218e-05)
(-5.90131e-10 1.49256e-11 7.03552e-05)
(1.73077e-09 1.32318e-09 4.60051e-05)
(6.02247e-09 -4.02087e-09 1.90957e-05)
(-5.29157e-09 4.00674e-09 1.90955e-05)
(4.95386e-09 -6.73044e-09 4.60047e-05)
(4.12192e-10 2.15279e-09 7.03548e-05)
(-2.12805e-09 6.79641e-10 8.27215e-05)
(2.54243e-11 -4.59523e-10 8.68807e-05)
(-9.76713e-10 -6.71206e-10 8.68807e-05)
(2.12904e-09 1.28599e-09 8.27216e-05)
(-1.02738e-09 1.52419e-09 7.03545e-05)
(-5.33944e-09 -5.50523e-09 4.60044e-05)
(1.90734e-09 1.50215e-09 1.90954e-05)
(-2.75568e-09 4.56613e-09 4.91157e-05)
(-1.43263e-09 -2.7265e-09 9.01642e-05)
(-2.82534e-09 1.15036e-09 0.000104248)
(-9.25585e-10 4.44239e-10 0.000108045)
(-1.31016e-09 -7.92324e-10 0.000108884)
(-5.25543e-10 -9.54688e-10 0.000108884)
(-1.84397e-09 6.6172e-10 0.000108045)
(1.06085e-09 6.09625e-10 0.000104248)
(-4.10206e-10 -3.02177e-09 9.01632e-05)
(-2.00562e-09 -6.54114e-10 4.91155e-05)
(1.79133e-09 1.03107e-09 7.45774e-05)
(-3.95999e-10 1.26844e-09 0.000105093)
(-1.81626e-09 -5.02528e-10 0.000109578)
(7.37042e-10 -6.55573e-10 0.000110137)
(2.13359e-10 -5.28043e-10 0.000110212)
(3.88996e-10 -6.05976e-10 0.000110212)
(-1.60952e-10 -6.10288e-10 0.000110138)
(1.33469e-09 -1.19782e-09 0.000109579)
(2.49161e-09 1.04403e-09 0.000105093)
(-1.79596e-10 -2.46453e-10 7.45776e-05)
(4.5988e-10 -4.78243e-10 8.61142e-05)
(2.00072e-09 -8.87893e-10 0.000108471)
(1.43643e-09 6.73683e-10 0.000110155)
(7.50967e-10 -3.34854e-10 0.000110253)
(1.04105e-10 -1.78105e-10 0.000110258)
(-5.09601e-11 2.37612e-10 0.000110258)
(1.36832e-10 -2.46833e-10 0.000110253)
(-9.27269e-10 -3.66623e-10 0.000110155)
(-6.67198e-10 -5.34622e-10 0.000108472)
(2.36991e-10 1.14522e-09 8.61148e-05)
(-4.60831e-10 4.29479e-10 9.0109e-05)
(7.92684e-11 -2.57144e-10 0.000109181)
(-3.30827e-11 7.99737e-10 0.000110221)
(1.36505e-10 1.92383e-10 0.000110258)
(4.25006e-10 -1.83393e-10 0.000110259)
(9.3741e-11 3.3076e-10 0.00011026)
(2.17846e-10 -3.63584e-10 0.000110258)
(-1.59504e-10 2.1352e-10 0.000110221)
(-1.53822e-10 -5.8594e-10 0.000109181)
(9.23666e-11 6.05784e-10 9.01094e-05)
(-3.26414e-10 1.14877e-09 9.0109e-05)
(2.94223e-10 -7.98336e-10 0.000109181)
(5.21235e-10 7.39785e-10 0.000110221)
(1.78516e-12 6.42007e-11 0.000110258)
(1.91774e-10 -9.36736e-11 0.00011026)
(-1.75523e-11 6.25235e-10 0.000110259)
(4.25013e-10 -5.65963e-10 0.000110258)
(8.8097e-11 5.53104e-10 0.000110221)
(-1.21964e-10 -4.53849e-10 0.000109181)
(7.25983e-11 7.57304e-10 9.01094e-05)
(5.18111e-10 1.28198e-09 8.61139e-05)
(2.12119e-09 -2.06069e-09 0.000108471)
(2.15193e-09 1.69115e-09 0.000110155)
(8.94858e-11 -1.23026e-10 0.000110253)
(7.60879e-10 4.89598e-10 0.000110258)
(-8.85865e-11 4.96738e-10 0.000110258)
(-2.66781e-10 -3.67129e-10 0.000110253)
(-1.19711e-09 9.78201e-10 0.000110155)
(-5.99048e-10 -1.9194e-09 0.000108471)
(1.19391e-10 1.21115e-09 8.61146e-05)
(1.28755e-09 -6.2714e-10 7.45767e-05)
(7.8026e-10 -3.69638e-09 0.000105092)
(3.46072e-10 2.93166e-09 0.000109578)
(-2.14059e-11 6.52631e-10 0.000110138)
(9.78619e-11 2.82637e-10 0.000110212)
(-5.91377e-10 4.49986e-10 0.000110212)
(1.86084e-11 9.20191e-11 0.000110138)
(-3.89476e-10 2.64051e-09 0.000109578)
(-4.82489e-10 -2.57609e-09 0.000105092)
(-1.52409e-09 1.18669e-09 7.4577e-05)
(3.04478e-10 -2.27599e-09 4.91145e-05)
(-2.54178e-09 -1.06372e-09 9.01632e-05)
(-1.20132e-09 2.87928e-09 0.000104249)
(3.70039e-10 -3.8123e-10 0.000108046)
(-7.16977e-10 2.56303e-10 0.000108885)
(2.59763e-10 9.30644e-10 0.000108884)
(-7.12829e-10 1.97189e-10 0.000108045)
(7.99393e-11 3.03786e-09 0.000104249)
(9.84213e-10 -9.37295e-10 9.0163e-05)
(-5.20824e-10 -1.29337e-09 4.91146e-05)
(-1.27421e-09 -1.17379e-09 1.90954e-05)
(1.379e-09 2.74703e-09 4.60052e-05)
(2.52698e-09 1.74537e-09 7.03558e-05)
(4.1501e-10 -9.15584e-10 8.27223e-05)
(-8.67489e-10 1.81611e-10 8.68811e-05)
(1.46039e-09 1.72689e-10 8.68811e-05)
(3.09042e-10 -4.0521e-10 8.27217e-05)
(1.6139e-10 7.51712e-10 7.03552e-05)
(3.6809e-09 -1.32407e-09 4.60052e-05)
(1.54497e-09 -1.14385e-09 1.90953e-05)
(-1.37279e-08 1.03555e-08 1.90955e-05)
(-1.17759e-09 -3.2995e-09 4.60049e-05)
(4.21381e-10 1.41274e-09 7.03555e-05)
(-1.71619e-09 1.10062e-09 8.27216e-05)
(7.97876e-10 -9.12468e-10 8.68808e-05)
(-7.66464e-10 1.84734e-10 8.6881e-05)
(1.49199e-09 1.52853e-09 8.27219e-05)
(-3.19462e-09 1.13732e-09 7.03552e-05)
(-6.39451e-09 -7.59088e-09 4.60046e-05)
(5.42927e-09 3.5521e-09 1.90955e-05)
(-5.44387e-09 9.525e-09 4.91152e-05)
(-2.41294e-09 -2.25615e-09 9.0164e-05)
(-2.85948e-09 -4.167e-10 0.000104249)
(-1.97213e-10 -1.30316e-10 0.000108045)
(-6.51274e-10 -1.88094e-09 0.000108885)
(9.02285e-10 -1.29072e-09 0.000108884)
(7.60587e-11 6.18191e-10 0.000108045)
(4.11375e-09 2.47708e-09 0.000104249)
(5.62852e-10 -2.95095e-09 9.01635e-05)
(-1.63598e-09 9.72596e-10 4.9115e-05)
(5.20516e-10 4.21943e-09 7.45777e-05)
(1.02092e-09 6.71128e-10 0.000105093)
(1.27528e-10 -1.54421e-09 0.000109578)
(1.33855e-09 -1.66594e-09 0.000110138)
(1.7868e-10 -7.29016e-10 0.000110212)
(-2.54286e-11 -1.19028e-09 0.000110212)
(-1.28959e-09 -6.99571e-10 0.000110138)
(1.55603e-10 2.51011e-10 0.000109578)
(8.64433e-11 6.59028e-10 0.000105092)
(-1.27981e-09 1.36587e-10 7.45772e-05)
(-2.93943e-11 2.09663e-09 8.61142e-05)
(1.4614e-09 2.40667e-10 0.000108472)
(9.11498e-10 -1.20327e-10 0.000110155)
(2.98873e-10 -3.88898e-10 0.000110253)
(4.01029e-11 -1.1758e-11 0.000110258)
(-8.46308e-10 2.31442e-11 0.000110258)
(-8.15715e-10 1.66484e-10 0.000110253)
(-1.47826e-09 -7.47792e-10 0.000110155)
(-1.04522e-09 -1.75824e-09 0.000108472)
(7.22526e-10 8.55884e-10 8.61145e-05)
(3.0881e-10 6.8006e-10 9.01085e-05)
(1.09927e-09 -3.16267e-10 0.000109181)
(6.6034e-10 1.62768e-10 0.000110221)
(1.42051e-11 -4.52615e-10 0.000110259)
(2.88771e-11 -1.9635e-10 0.000110259)
(-3.2381e-10 -7.77591e-10 0.000110259)
(-2.72712e-10 -1.12081e-10 0.000110258)
(-1.82699e-10 -4.19344e-10 0.000110221)
(-5.27994e-10 -6.76369e-10 0.000109181)
(-1.53051e-10 5.13034e-10 9.01091e-05)
(-1.3703e-10 6.17497e-11 9.01085e-05)
(1.23012e-09 -5.71718e-10 0.000109181)
(3.71934e-10 3.31232e-10 0.000110221)
(-5.15624e-10 -3.03329e-10 0.000110258)
(2.42257e-10 2.43388e-10 0.000110259)
(-2.42329e-10 -4.52033e-10 0.00011026)
(1.80845e-10 -5.45386e-10 0.000110258)
(-4.92639e-10 2.78081e-10 0.000110221)
(-4.55029e-10 -1.60208e-10 0.000109181)
(2.82727e-10 3.26301e-10 9.0109e-05)
(-1.35092e-09 -9.32193e-10 8.61139e-05)
(4.15667e-10 -1.25366e-09 0.000108471)
(1.51089e-09 8.07444e-10 0.000110155)
(3.58272e-10 -3.03634e-10 0.000110253)
(7.79439e-10 6.96764e-11 0.000110258)
(-3.94568e-10 -3.02389e-11 0.000110258)
(1.07383e-10 -8.40085e-10 0.000110253)
(-1.92387e-09 4.94107e-10 0.000110155)
(-1.14663e-09 -1.59139e-09 0.000108471)
(1.00709e-09 6.77064e-10 8.6114e-05)
(4.08623e-10 -7.27807e-11 7.45767e-05)
(6.06011e-10 -3.90111e-09 0.000105092)
(1.77405e-09 1.99418e-09 0.000109578)
(7.0025e-10 5.8779e-10 0.000110138)
(3.54195e-10 5.8886e-10 0.000110212)
(-1.34865e-10 5.31747e-10 0.000110212)
(-4.80666e-10 3.54516e-10 0.000110138)
(-1.78944e-09 2.51276e-09 0.000109578)
(-1.70347e-09 -3.51518e-09 0.000105092)
(-1.52745e-09 -4.25395e-10 7.4577e-05)
(-9.37829e-10 -4.76444e-09 4.91145e-05)
(-3.28234e-09 -3.87376e-09 9.01629e-05)
(-2.99764e-09 1.60599e-09 0.000104249)
(-1.47909e-09 9.55228e-10 0.000108045)
(-1.7319e-09 1.06057e-09 0.000108885)
(-1.82712e-10 8.98086e-10 0.000108885)
(1.23148e-10 -1.5157e-10 0.000108046)
(2.59449e-09 2.66936e-09 0.000104249)
(2.96915e-09 -1.7044e-09 9.01636e-05)
(8.01752e-10 -3.52581e-09 4.91148e-05)
(-9.72728e-09 -8.59885e-09 1.90953e-05)
(-7.9904e-09 -3.12071e-09 4.60047e-05)
(-3.69745e-09 -1.17027e-10 7.03554e-05)
(-1.71791e-09 -1.07542e-10 8.27219e-05)
(-1.57337e-09 4.2562e-11 8.68811e-05)
(-3.05263e-10 -7.80433e-11 8.68815e-05)
(4.31172e-11 -9.2876e-10 8.27222e-05)
(3.13513e-10 4.88005e-10 7.03557e-05)
(2.18343e-09 7.56462e-10 4.60048e-05)
(4.05235e-09 -3.06126e-09 1.90952e-05)
(-3.45164e-09 1.95758e-09 1.90955e-05)
(5.1706e-09 -6.22129e-09 4.60049e-05)
(2.14829e-09 1.09079e-09 7.03558e-05)
(-1.00868e-09 1.41509e-09 8.27217e-05)
(1.34557e-09 -5.45408e-10 8.68814e-05)
(-5.10156e-10 -4.90007e-10 8.68815e-05)
(2.04204e-09 1.30617e-09 8.27222e-05)
(-1.43658e-09 1.6684e-09 7.03563e-05)
(-2.97191e-09 -4.61086e-09 4.60054e-05)
(7.01592e-09 4.16563e-09 1.90956e-05)
(1.53839e-09 1.91232e-09 4.91146e-05)
(-8.63522e-11 -3.00492e-09 9.01632e-05)
(-3.36507e-09 3.9717e-10 0.00010425)
(-2.20335e-10 7.19254e-10 0.000108045)
(-1.0671e-09 -1.17424e-09 0.000108885)
(-9.14685e-10 -1.20281e-09 0.000108885)
(-1.51178e-09 8.98131e-10 0.000108045)
(1.50967e-09 8.66222e-10 0.00010425)
(-2.22976e-09 -3.56328e-09 9.01635e-05)
(-2.84452e-09 -4.43319e-11 4.9115e-05)
(1.6972e-09 1.18472e-09 7.45767e-05)
(3.72866e-10 8.32429e-10 0.000105092)
(-5.39718e-10 -1.70054e-09 0.000109578)
(6.51588e-10 -1.55521e-09 0.000110138)
(-2.83983e-10 -8.03348e-10 0.000110212)
(-1.62652e-11 -9.59303e-10 0.000110212)
(-3.72581e-10 -4.96404e-10 0.000110138)
(1.16989e-09 -9.81699e-10 0.000109578)
(1.12189e-09 1.3716e-10 0.000105092)
(-8.18084e-10 -2.98678e-10 7.45768e-05)
(8.59255e-10 -4.91755e-10 8.61142e-05)
(1.39492e-09 -7.57284e-10 0.000108472)
(9.1649e-10 -6.60075e-10 0.000110155)
(3.99645e-10 -6.99423e-10 0.000110253)
(-5.71988e-11 -1.40515e-10 0.000110258)
(-9.30544e-11 -6.56661e-11 0.000110258)
(-6.69182e-11 -5.76395e-10 0.000110253)
(-6.63176e-10 -3.98119e-10 0.000110155)
(-2.45858e-10 -7.73105e-10 0.000108472)
(6.49849e-10 5.252e-10 8.61142e-05)
(-3.13984e-10 4.71054e-10 9.01087e-05)
(4.61179e-10 -8.18707e-10 0.000109181)
(4.35532e-10 -2.28696e-10 0.000110221)
(-2.80021e-10 -5.61685e-10 0.000110259)
(1.2644e-11 -1.39934e-11 0.000110259)
(-3.85565e-11 2.8311e-10 0.000110259)
(-5.78844e-11 -9.85474e-11 0.000110258)
(1.61371e-10 6.39144e-11 0.000110221)
(1.56704e-10 -7.69119e-10 0.000109181)
(1.50752e-10 2.36538e-10 9.01089e-05)
(-3.87707e-10 8.04659e-11 9.01093e-05)
(7.81548e-11 -8.93966e-10 0.000109182)
(4.4515e-10 2.28794e-10 0.000110221)
(1.2333e-10 -6.69579e-10 0.000110259)
(5.01734e-10 -3.55221e-11 0.000110259)
(4.16439e-10 1.81501e-10 0.00011026)
(3.00823e-10 -1.61224e-10 0.000110258)
(-4.37897e-10 3.08358e-10 0.000110221)
(-2.32626e-10 -8.48229e-10 0.000109181)
(2.99884e-10 6.21621e-10 9.01088e-05)
(-8.31793e-10 4.68761e-10 8.61145e-05)
(6.40248e-10 -1.85596e-09 0.000108472)
(1.71315e-09 1.61242e-09 0.000110155)
(-4.41286e-11 -8.70324e-11 0.000110253)
(4.34524e-10 3.53697e-10 0.000110258)
(-1.5814e-10 3.12595e-10 0.000110258)
(3.51159e-10 -4.70478e-10 0.000110253)
(-9.82238e-10 3.49041e-10 0.000110155)
(-1.09223e-09 -1.60221e-09 0.000108472)
(5.6124e-11 9.37168e-10 8.6114e-05)
(1.14149e-10 -2.97729e-10 7.45777e-05)
(1.27557e-10 -2.73076e-09 0.000105092)
(6.83815e-10 2.92228e-09 0.000109578)
(4.17195e-10 8.44647e-10 0.000110138)
(1.28831e-09 5.99375e-10 0.000110212)
(3.61688e-10 1.37518e-10 0.000110212)
(2.82283e-10 2.58742e-10 0.000110138)
(6.28946e-10 1.57072e-09 0.000109579)
(-5.78227e-10 -2.36235e-09 0.000105093)
(-1.82402e-09 1.52867e-10 7.45774e-05)
(1.19727e-10 -1.7162e-09 4.91154e-05)
(-1.54477e-09 -1.23076e-10 9.01635e-05)
(-1.21259e-09 2.77291e-09 0.000104249)
(5.80486e-10 9.44388e-11 0.000108045)
(2.17504e-10 1.49892e-10 0.000108884)
(7.15394e-10 5.36845e-10 0.000108885)
(-6.75805e-10 -1.00461e-09 0.000108045)
(5.70148e-10 1.50536e-09 0.000104249)
(1.93481e-09 -1.11415e-09 9.01636e-05)
(2.20413e-10 -2.1903e-09 4.91154e-05)
(-2.28689e-09 -1.62097e-09 1.90956e-05)
(9.81036e-10 2.79545e-09 4.60049e-05)
(1.99795e-09 1.32546e-09 7.03551e-05)
(6.04991e-10 -7.69093e-10 8.27216e-05)
(-2.28576e-10 -1.18208e-10 8.68814e-05)
(1.58951e-09 4.26598e-10 8.68814e-05)
(7.97784e-10 -1.66434e-09 8.27223e-05)
(-1.01282e-09 -1.76314e-10 7.03561e-05)
(1.38222e-09 3.86336e-10 4.60053e-05)
(4.12395e-09 -2.7795e-09 1.90957e-05)
(-1.18791e-08 8.23194e-09 1.90958e-05)
(1.53597e-09 -4.84551e-09 4.60051e-05)
(-6.85099e-11 2.28185e-09 7.03552e-05)
(-2.66807e-09 2.28884e-10 8.27217e-05)
(1.70071e-09 -2.84887e-10 8.68812e-05)
(-1.2046e-09 -5.69233e-11 8.68813e-05)
(2.62081e-09 1.16838e-09 8.2722e-05)
(3.27262e-10 2.65915e-09 7.03557e-05)
(-2.13426e-09 -5.16687e-09 4.60053e-05)
(1.20928e-08 8.63069e-09 1.90956e-05)
(-4.0115e-09 7.05369e-09 4.91157e-05)
(-2.14406e-09 -2.5455e-09 9.0164e-05)
(-6.07563e-09 2.75609e-09 0.000104249)
(-1.3254e-09 -1.69473e-09 0.000108045)
(3.95152e-11 -1.30362e-09 0.000108884)
(2.10272e-10 -1.35316e-09 0.000108884)
(9.96676e-10 -3.87727e-10 0.000108045)
(4.73759e-09 3.44939e-09 0.000104249)
(6.13129e-10 -2.61585e-09 9.01635e-05)
(1.89496e-09 4.76755e-09 4.91154e-05)
(3.54563e-10 3.80139e-09 7.45771e-05)
(-6.88279e-12 6.20107e-11 0.000105092)
(-1.59149e-09 1.83345e-09 0.000109578)
(8.69433e-10 -2.54278e-09 0.000110138)
(-6.67061e-10 -9.94757e-10 0.000110211)
(-4.1797e-10 -1.13953e-09 0.000110212)
(-2.0299e-09 -2.01751e-09 0.000110138)
(-1.24958e-10 2.46232e-09 0.000109578)
(-1.71483e-09 -4.2419e-10 0.000105092)
(-2.67418e-09 -1.67515e-10 7.45772e-05)
(5.23991e-10 1.72864e-09 8.61143e-05)
(1.05935e-09 -4.6527e-10 0.000108472)
(1.58337e-09 9.01381e-10 0.000110155)
(1.55302e-09 -8.03361e-10 0.000110253)
(-3.33019e-10 -7.0507e-11 0.000110259)
(-1.75507e-10 -1.00045e-10 0.000110258)
(-1.57569e-09 -8.0642e-10 0.000110253)
(-1.62886e-09 1.73258e-09 0.000110155)
(-5.81719e-10 -1.53557e-09 0.000108472)
(-4.84439e-11 -1.45993e-10 8.61146e-05)
(8.97452e-10 6.47674e-10 9.01092e-05)
(8.66246e-10 8.43612e-11 0.000109181)
(7.96092e-10 5.19295e-11 0.000110221)
(7.04305e-10 -4.39073e-10 0.000110258)
(-3.51239e-10 -5.28381e-10 0.000110259)
(-3.21676e-10 -4.30974e-11 0.000110259)
(-6.92052e-10 -9.08148e-10 0.000110259)
(-4.00411e-10 -1.19172e-10 0.000110221)
(-1.99746e-10 -7.15146e-10 0.000109181)
(-3.18725e-10 -1.21886e-11 9.01091e-05)
(6.79918e-10 -2.3936e-10 9.01093e-05)
(6.81829e-10 -5.67236e-11 0.000109181)
(1.31041e-10 7.18571e-11 0.000110221)
(-2.07645e-10 -1.58012e-11 0.000110259)
(-2.96197e-10 -3.29632e-10 0.000110259)
(-3.86886e-10 3.88983e-11 0.000110259)
(-4.82416e-10 -3.47447e-10 0.000110258)
(-1.28183e-11 -2.62383e-10 0.000110221)
(-4.60502e-10 3.75211e-10 0.000109181)
(-3.66253e-10 -6.68292e-10 9.01091e-05)
(-1.41563e-09 -2.02345e-09 8.61147e-05)
(3.78942e-10 9.07074e-11 0.000108472)
(9.71905e-10 -2.10074e-10 0.000110155)
(-2.97489e-10 -3.03038e-10 0.000110253)
(-2.06074e-10 6.49003e-11 0.000110258)
(-6.75874e-10 -1.77392e-10 0.000110258)
(-6.2607e-10 -3.24812e-11 0.000110253)
(-1.99634e-09 -1.27874e-10 0.000110155)
(-2.24906e-09 5.70785e-10 0.000108472)
(2.01758e-10 -1.55004e-09 8.61143e-05)
(-2.19344e-10 -7.72732e-10 7.45775e-05)
(1.58598e-09 -6.32993e-10 0.000105093)
(1.50849e-09 4.10516e-10 0.000109578)
(1.22488e-09 4.77285e-10 0.000110138)
(1.14486e-09 9.11926e-10 0.000110212)
(-2.43442e-10 8.6181e-10 0.000110211)
(-1.62598e-10 9.73112e-10 0.000110138)
(-1.12089e-09 6.70838e-10 0.000109578)
(-1.48445e-09 -2.19949e-09 0.000105092)
(8.86778e-10 -3.93242e-09 7.45771e-05)
(-3.99573e-10 -3.77317e-09 4.91152e-05)
(-1.46166e-09 -1.65477e-09 9.01633e-05)
(-2.89843e-09 -2.6103e-10 0.000104249)
(-2.68868e-10 8.14771e-10 0.000108045)
(-1.65673e-10 1.28984e-09 0.000108884)
(5.12352e-10 9.71509e-10 0.000108884)
(2.16634e-09 -1.0582e-10 0.000108045)
(4.19371e-09 1.06896e-09 0.000104249)
(4.06268e-09 -2.05954e-09 9.01635e-05)
(3.94264e-09 -6.70313e-09 4.91155e-05)
(-7.84877e-09 -6.69237e-09 1.90952e-05)
(-4.78293e-09 -1.58887e-09 4.60049e-05)
(-1.61107e-09 -7.10436e-10 7.03552e-05)
(-1.37381e-09 -4.73942e-10 8.27216e-05)
(-1.15961e-09 2.81352e-11 8.6881e-05)
(1.61974e-10 -3.52476e-10 8.68807e-05)
(8.58977e-10 -1.42082e-09 8.27213e-05)
(-8.4887e-11 5.18444e-10 7.03553e-05)
(1.88711e-09 1.35345e-09 4.60053e-05)
(7.9795e-09 -6.28176e-09 1.90958e-05)
(-4.47875e-09 2.5066e-09 1.90955e-05)
(5.43816e-09 -6.39571e-09 4.6005e-05)
(3.16456e-09 4.94532e-10 7.03553e-05)
(-5.81625e-10 1.30296e-09 8.27222e-05)
(1.32727e-09 -2.70165e-10 8.68811e-05)
(-5.68725e-10 -1.72435e-11 8.6881e-05)
(1.38262e-09 1.61475e-09 8.27215e-05)
(-2.90008e-09 8.25222e-10 7.03546e-05)
(-7.07628e-09 -6.82625e-09 4.60047e-05)
(3.32182e-09 1.97757e-09 1.90955e-05)
(8.11305e-10 1.43808e-09 4.91156e-05)
(-8.5316e-10 -3.53623e-09 9.01637e-05)
(-2.81406e-09 -3.63427e-10 0.000104249)
(-3.10642e-10 1.00468e-09 0.000108046)
(-1.43129e-09 -4.04243e-10 0.000108884)
(-5.91338e-10 -1.20423e-10 0.000108884)
(-2.07859e-09 1.60266e-09 0.000108045)
(1.20004e-10 -9.11186e-11 0.000104248)
(-2.0721e-09 -4.69203e-09 9.01636e-05)
(-3.02837e-09 -1.56247e-09 4.91153e-05)
(1.53168e-09 1.08335e-09 7.45776e-05)
(-3.28514e-10 5.48196e-10 0.000105093)
(-1.60881e-09 -1.28589e-09 0.000109579)
(8.20721e-10 -5.70965e-10 0.000110138)
(4.07412e-11 4.16235e-10 0.000110211)
(-2.69484e-10 2.84181e-10 0.000110212)
(-3.17747e-10 1.7135e-10 0.000110138)
(1.70079e-09 -8.81797e-10 0.000109579)
(1.04807e-09 -4.46212e-10 0.000105093)
(-1.50125e-09 -8.69786e-10 7.45773e-05)
(-2.23485e-10 5.34498e-10 8.61144e-05)
(8.5702e-10 -1.24901e-10 0.000108472)
(8.44685e-10 -7.5137e-12 0.000110156)
(2.36486e-10 -7.74187e-11 0.000110253)
(2.71084e-10 2.90001e-10 0.000110258)
(-3.46561e-10 -1.01732e-11 0.000110258)
(2.14298e-11 -2.43545e-10 0.000110253)
(-2.12392e-10 -4.71454e-10 0.000110156)
(-7.91556e-10 -1.49416e-09 0.000108472)
(6.38981e-11 4.60772e-10 8.61143e-05)
(-3.64378e-11 1.05236e-09 9.01094e-05)
(3.55068e-10 -2.64226e-10 0.000109181)
(-1.7988e-10 -2.61878e-10 0.000110221)
(-6.87965e-10 -2.71129e-10 0.000110258)
(-3.25015e-11 1.87257e-10 0.000110259)
(2.03509e-10 -4.05678e-10 0.000110259)
(2.08102e-10 -4.38599e-10 0.000110259)
(-1.20295e-10 -3.05037e-10 0.000110221)
(-5.01202e-10 -1.18352e-09 0.000109181)
(-8.48319e-11 -2.97201e-10 9.0109e-05)
(-5.02777e-10 9.46132e-10 9.0109e-05)
(8.53915e-11 -3.1746e-10 0.000109181)
(5.19914e-10 5.15677e-11 0.000110221)
(-3.47188e-10 -5.88372e-10 0.000110258)
(-9.82357e-11 2.09261e-10 0.00011026)
(-2.80047e-10 8.07155e-11 0.00011026)
(-5.56706e-11 5.16868e-11 0.000110259)
(-4.24132e-10 7.55836e-10 0.000110222)
(-3.89401e-10 -7.20107e-10 0.000109181)
(2.5824e-10 6.40184e-10 9.01093e-05)
(-1.81628e-10 1.0929e-09 8.61142e-05)
(1.20864e-09 -1.26407e-09 0.000108472)
(1.58951e-09 8.18236e-10 0.000110155)
(-1.89406e-10 -4.8772e-10 0.000110253)
(2.7084e-10 -2.72414e-10 0.000110258)
(3.08933e-10 3.13267e-10 0.000110258)
(7.39029e-10 8.70458e-11 0.000110253)
(-1.08228e-09 1.44615e-09 0.000110155)
(-3.16315e-10 -1.82524e-09 0.000108471)
(7.1759e-10 1.02112e-09 8.61145e-05)
(1.09248e-09 -4.88779e-10 7.4577e-05)
(2.07793e-10 -3.46104e-09 0.000105093)
(-2.22867e-10 1.38641e-09 0.000109579)
(-2.21779e-10 2.52428e-10 0.000110138)
(3.96817e-10 1.1747e-10 0.000110212)
(7.59865e-10 2.25287e-10 0.000110211)
(1.36009e-09 8.53368e-10 0.000110138)
(1.0878e-09 3.16375e-09 0.000109578)
(3.6126e-10 -2.68813e-09 0.000105092)
(-1.71841e-09 9.87399e-10 7.45773e-05)
(-1.35104e-09 -3.18544e-09 4.91153e-05)
(-2.49018e-09 -3.32085e-10 9.01636e-05)
(-2.25826e-09 1.43259e-09 0.000104249)
(-6.40305e-10 -7.04322e-10 0.000108045)
(-8.91677e-10 -2.09766e-10 0.000108884)
(-1.89728e-10 1.89579e-10 0.000108884)
(-1.15954e-09 1.50512e-10 0.000108045)
(5.09572e-11 2.80088e-09 0.000104249)
(-5.67866e-10 1.43597e-09 9.01633e-05)
(-1.01439e-09 -1.30814e-09 4.9115e-05)
(-6.04103e-10 -1.02744e-09 1.90958e-05)
(8.21524e-10 2.31291e-09 4.60053e-05)
(1.18564e-09 8.56982e-10 7.03554e-05)
(1.13976e-09 -7.93432e-10 8.27218e-05)
(8.86256e-11 -5.80946e-10 8.68808e-05)
(1.15866e-09 1.36322e-10 8.68809e-05)
(4.37116e-10 -1.31591e-09 8.27214e-05)
(-1.47029e-09 2.74513e-10 7.03547e-05)
(-2.17845e-09 3.17404e-09 4.60046e-05)
(2.02418e-09 -1.69901e-09 1.90952e-05)
(-1.24616e-08 9.19667e-09 1.90955e-05)
(-1.97184e-09 -2.91747e-09 4.60048e-05)
(-1.44054e-09 1.36722e-09 7.03555e-05)
(-3.10554e-09 4.65161e-10 8.27223e-05)
(1.92415e-10 -1.56403e-10 8.68812e-05)
(-1.30081e-09 -2.04482e-10 8.68815e-05)
(1.1967e-09 1.09158e-09 8.27221e-05)
(-1.85275e-09 1.17566e-09 7.03554e-05)
(-6.01879e-09 -7.70529e-09 4.60051e-05)
(5.66267e-09 3.94578e-09 1.90955e-05)
(-4.83208e-09 8.91392e-09 4.91152e-05)
(-3.10284e-09 -1.18488e-09 9.01633e-05)
(-3.5097e-09 -2.02983e-10 0.000104249)
(-2.00157e-10 -4.9492e-10 0.000108045)
(-7.7319e-10 -9.53106e-10 0.000108884)
(9.73525e-10 -1.21564e-09 0.000108885)
(2.15572e-10 8.2005e-10 0.000108045)
(4.01505e-09 1.8275e-09 0.000104249)
(1.20039e-09 -2.55811e-09 9.01633e-05)
(-1.26535e-09 1.28067e-09 4.91149e-05)
(1.81499e-10 4.21634e-09 7.45777e-05)
(1.31283e-09 5.02261e-10 0.000105093)
(3.88791e-10 -1.15617e-09 0.000109578)
(1.01914e-09 -7.30778e-10 0.000110138)
(-2.18771e-10 -8.42487e-10 0.000110212)
(9.13031e-11 -7.49584e-10 0.000110212)
(-7.96681e-10 -4.62177e-10 0.000110138)
(6.7709e-11 -4.07309e-11 0.000109578)
(8.25487e-10 1.21803e-09 0.000105093)
(-6.34238e-10 -1.63831e-10 7.45772e-05)
(1.53127e-10 1.94175e-09 8.61148e-05)
(1.82097e-09 -4.99514e-10 0.000108472)
(1.34165e-09 -2.09472e-10 0.000110155)
(-1.20386e-10 -2.22355e-10 0.000110253)
(3.82885e-10 -1.93482e-10 0.000110258)
(4.74486e-10 -1.81313e-10 0.000110258)
(-3.27928e-10 -4.10101e-10 0.000110253)
(-5.54651e-10 -5.80566e-10 0.000110155)
(5.18532e-10 -8.73685e-10 0.000108471)
(1.42302e-09 1.08772e-09 8.61137e-05)
(8.66348e-10 5.5347e-10 9.01097e-05)
(1.49201e-09 -9.67255e-10 0.000109182)
(-1.68632e-10 -2.83481e-10 0.000110221)
(-7.26486e-11 -2.34536e-10 0.000110258)
(6.32477e-10 -7.80221e-11 0.000110259)
(-1.33371e-10 -3.03158e-10 0.000110259)
(1.17035e-11 -6.20091e-10 0.000110258)
(1.50775e-10 -2.91169e-10 0.000110221)
(-4.78647e-10 -7.00302e-10 0.000109181)
(-3.09185e-10 2.54963e-10 9.01087e-05)
(4.34381e-12 4.36382e-10 9.01095e-05)
(9.99937e-10 -1.05322e-09 0.000109182)
(4.37341e-10 -2.9433e-10 0.000110221)
(-2.56845e-10 2.19052e-10 0.000110258)
(9.34027e-11 1.36376e-10 0.00011026)
(-2.78541e-10 1.56771e-10 0.000110259)
(3.26159e-10 -1.01773e-10 0.000110258)
(-5.38193e-10 4.72208e-10 0.000110221)
(-5.65386e-10 -1.03399e-09 0.000109181)
(3.55632e-10 2.42329e-10 9.0109e-05)
(-1.4314e-09 -9.48836e-10 8.61143e-05)
(3.38608e-10 -1.59094e-09 0.000108472)
(7.54652e-10 9.67883e-11 0.000110155)
(-3.95873e-10 3.03175e-10 0.000110253)
(2.45939e-10 -3.1799e-10 0.000110258)
(-2.71537e-10 2.53349e-10 0.000110258)
(6.39016e-11 7.06134e-12 0.000110253)
(-2.44919e-09 1.19274e-09 0.000110155)
(-1.12948e-09 -1.8606e-09 0.000108471)
(9.49117e-10 1.7872e-10 8.61144e-05)
(6.85585e-10 5.44253e-10 7.45771e-05)
(-2.52661e-11 -3.81841e-09 0.000105093)
(5.56974e-10 1.008e-09 0.000109579)
(-4.46444e-10 1.26117e-09 0.000110138)
(-9.83866e-11 -5.84858e-11 0.000110212)
(-4.93889e-10 8.462e-11 0.000110211)
(-1.77275e-09 1.14986e-09 0.000110138)
(-2.39011e-09 2.60671e-09 0.000109578)
(-1.46488e-09 -4.66985e-09 0.000105092)
(-1.29682e-09 -7.29026e-10 7.45772e-05)
(1.78912e-09 -1.6055e-09 4.91151e-05)
(-1.67957e-09 -2.50808e-09 9.01636e-05)
(-1.93589e-09 1.42916e-09 0.000104249)
(-1.14995e-10 1.1782e-09 0.000108045)
(-7.40002e-10 8.72123e-10 0.000108884)
(3.04588e-10 2.2133e-10 0.000108885)
(-3.29222e-10 5.26135e-10 0.000108046)
(2.59912e-09 2.19438e-09 0.000104249)
(3.27791e-09 -2.97496e-09 9.01628e-05)
(1.11323e-09 -4.94571e-09 4.91147e-05)
(-2.50019e-09 -2.7304e-09 1.90956e-05)
(-5.29075e-09 -1.58527e-09 4.60049e-05)
(-1.90109e-09 4.06215e-10 7.03555e-05)
(1.6932e-10 9.72197e-12 8.27221e-05)
(-2.06067e-10 3.33042e-10 8.68815e-05)
(1.26395e-09 1.8119e-10 8.68815e-05)
(8.2946e-10 -8.72061e-10 8.27222e-05)
(1.1009e-09 3.55072e-10 7.03555e-05)
(3.88002e-09 -9.7723e-11 4.60047e-05)
(7.64963e-09 -6.29511e-09 1.90953e-05)
(-4.3214e-09 2.84663e-09 1.90954e-05)
(7.32138e-09 -8.15036e-09 4.60046e-05)
(4.25729e-09 4.25788e-10 7.03555e-05)
(1.5265e-10 5.33774e-10 8.27221e-05)
(1.31316e-09 -4.96273e-10 8.68813e-05)
(3.00077e-10 -3.06197e-10 8.68815e-05)
(2.71751e-09 1.76663e-09 8.27223e-05)
(-2.60419e-10 2.80938e-09 7.03559e-05)
(-3.14234e-09 -4.56134e-09 4.60052e-05)
(4.63436e-09 3.15244e-09 1.90956e-05)
(-1.16885e-09 2.84373e-09 4.9115e-05)
(-4.25182e-10 -4.94376e-09 9.01631e-05)
(-1.30976e-09 3.51047e-10 0.000104249)
(4.9167e-10 8.16145e-10 0.000108045)
(-1.21061e-09 -4.9098e-10 0.000108885)
(-1.7335e-10 -3.36192e-10 0.000108885)
(-1.03009e-09 1.58635e-09 0.000108045)
(1.07225e-09 1.84888e-09 0.00010425)
(-2.39297e-09 -3.4821e-09 9.01634e-05)
(-2.26608e-09 1.10639e-10 4.91146e-05)
(1.58629e-09 3.25684e-10 7.45775e-05)
(-6.60071e-10 1.46621e-10 0.000105093)
(-1.19769e-09 -8.69427e-10 0.000109578)
(7.42505e-10 -6.99194e-10 0.000110138)
(1.59144e-12 -4.94867e-11 0.000110212)
(3.84559e-10 -1.13298e-11 0.000110212)
(-7.35588e-10 -2.02853e-10 0.000110138)
(1.71527e-09 -3.97644e-10 0.000109578)
(1.87721e-09 2.20176e-10 0.000105092)
(-6.01834e-10 4.88839e-10 7.45767e-05)
(8.28954e-10 -5.13239e-10 8.61146e-05)
(1.58279e-09 -7.39594e-10 0.000108472)
(7.98681e-10 -7.35088e-10 0.000110155)
(4.77268e-10 -8.24707e-10 0.000110253)
(3.05076e-10 -2.39735e-10 0.000110258)
(-8.53078e-11 -1.53658e-10 0.000110258)
(4.88828e-11 -3.52601e-10 0.000110253)
(-6.47137e-10 -3.34071e-10 0.000110154)
(-3.39336e-10 -5.85472e-10 0.000108472)
(6.87184e-10 1.28439e-09 8.61139e-05)
(-2.32068e-10 3.44651e-10 9.01094e-05)
(-3.14005e-11 -5.96207e-10 0.000109182)
(-2.2711e-10 -1.4706e-10 0.000110221)
(-2.44362e-10 -3.09299e-10 0.000110259)
(-4.20475e-10 -9.05597e-11 0.00011026)
(-6.11241e-10 2.58207e-10 0.000110259)
(-2.82512e-10 -5.60416e-11 0.000110258)
(-2.30653e-10 -3.39053e-10 0.00011022)
(-2.91694e-10 -5.28486e-10 0.000109181)
(-1.26429e-10 5.60497e-10 9.01089e-05)
(-4.55351e-10 5.48212e-10 9.01095e-05)
(6.63459e-11 -9.21067e-10 0.000109182)
(1.47862e-10 2.02298e-10 0.000110221)
(-3.48716e-10 -2.03401e-10 0.000110259)
(-3.68359e-10 1.44318e-11 0.00011026)
(-7.13424e-10 4.56866e-10 0.000110259)
(-4.66427e-10 -5.08089e-10 0.000110258)
(-6.93106e-10 4.17053e-10 0.00011022)
(-1.07628e-10 -3.73064e-10 0.000109181)
(2.57099e-10 8.88941e-10 9.0109e-05)
(-1.02312e-09 7.14479e-10 8.61144e-05)
(5.55583e-10 -1.37275e-09 0.000108472)
(1.38966e-09 8.4179e-10 0.000110155)
(-3.91148e-10 -4.2478e-10 0.000110253)
(1.34584e-10 2.0355e-10 0.000110258)
(-1.822e-10 3.08326e-10 0.000110258)
(3.71306e-10 -5.60465e-10 0.000110253)
(-1.67747e-09 7.60972e-10 0.000110154)
(-1.32893e-09 -1.56116e-09 0.000108471)
(2.66435e-10 9.67865e-10 8.61138e-05)
(1.50286e-09 6.21978e-10 7.45777e-05)
(7.19661e-10 -1.5896e-09 0.000105092)
(-8.4857e-10 2.37971e-09 0.000109579)
(-7.90996e-10 3.17899e-10 0.000110138)
(2.34546e-10 4.15372e-10 0.000110212)
(-5.11647e-10 2.78803e-10 0.000110212)
(2.61452e-11 6.26968e-10 0.000110137)
(4.70586e-10 1.94515e-09 0.000109578)
(-1.82424e-10 -2.94634e-09 0.000105092)
(-1.62708e-09 5.80772e-10 7.45772e-05)
(8.15302e-10 -1.22235e-09 4.91152e-05)
(2.97466e-11 2.10985e-09 9.01632e-05)
(-3.09048e-10 3.5236e-09 0.000104249)
(9.63954e-10 -2.28371e-10 0.000108046)
(-1.23372e-10 -1.71456e-10 0.000108885)
(3.10717e-10 1.41069e-10 0.000108885)
(-1.31287e-10 -6.8079e-10 0.000108046)
(1.53523e-09 1.76393e-09 0.00010425)
(1.37492e-09 -6.39338e-11 9.01633e-05)
(-4.01623e-10 -1.85887e-09 4.91153e-05)
(-1.50924e-09 -1.2196e-09 1.90956e-05)
(1.47434e-09 3.05773e-09 4.60046e-05)
(4.09495e-09 2.66246e-09 7.03555e-05)
(2.90428e-09 -3.56348e-10 8.27222e-05)
(1.11507e-09 -3.44361e-10 8.68817e-05)
(9.78022e-10 1.05685e-10 8.68814e-05)
(1.24138e-09 -1.64076e-09 8.2722e-05)
(5.6147e-10 -1.69992e-10 7.0356e-05)
(9.96808e-10 1.12858e-09 4.60052e-05)
(4.01883e-09 -3.28092e-09 1.90959e-05)
(-1.43246e-08 1.03295e-08 1.90956e-05)
(-1.49152e-09 -3.21098e-09 4.6005e-05)
(-7.7634e-10 2.27276e-09 7.03555e-05)
(-3.86956e-09 3.75711e-10 8.27218e-05)
(2.8477e-10 -7.39917e-10 8.68812e-05)
(-1.22361e-09 -4.38836e-10 8.6881e-05)
(2.65147e-09 1.59668e-09 8.2722e-05)
(-1.00507e-09 2.27227e-09 7.03552e-05)
(-4.65353e-09 -5.95104e-09 4.6005e-05)
(6.90642e-09 4.97826e-09 1.90954e-05)
(-4.50251e-09 9.36884e-09 4.91148e-05)
(1.25294e-09 -4.03362e-09 9.01632e-05)
(-3.91032e-09 2.61685e-09 0.000104249)
(-1.0708e-09 -1.3275e-09 0.000108046)
(3.6224e-10 -1.78505e-09 0.000108885)
(1.3062e-09 -1.59131e-09 0.000108884)
(2.58563e-09 5.48791e-10 0.000108045)
(7.22313e-09 3.69812e-09 0.000104249)
(2.90953e-09 -2.10635e-09 9.01635e-05)
(2.53873e-09 5.28844e-09 4.91152e-05)
(9.33579e-10 4.4146e-09 7.45767e-05)
(2.52993e-09 -1.82491e-09 0.000105092)
(1.52113e-10 2.40239e-09 0.000109578)
(1.52031e-09 -2.43001e-09 0.000110138)
(-3.29387e-10 -1.09372e-09 0.000110212)
(-2.45141e-12 -1.25641e-09 0.000110212)
(-1.26901e-09 -2.24232e-09 0.000110138)
(1.77869e-09 2.03929e-09 0.000109579)
(6.61285e-10 5.48393e-10 0.000105092)
(-8.42128e-10 2.36692e-09 7.45772e-05)
(9.47368e-10 1.81143e-09 8.61144e-05)
(1.12949e-09 -1.06578e-09 0.000108472)
(-5.9273e-11 1.85651e-09 0.000110155)
(7.21143e-10 -7.68423e-10 0.000110253)
(-1.11403e-10 1.24075e-11 0.000110258)
(-7.26934e-10 -8.69774e-11 0.000110258)
(-1.63549e-09 -1.08402e-09 0.000110253)
(-1.46124e-09 1.11299e-09 0.000110155)
(-4.2983e-10 -5.70186e-10 0.000108472)
(4.76931e-10 9.6468e-10 8.61145e-05)
(8.88401e-10 5.30614e-10 9.01091e-05)
(4.63147e-10 -7.55752e-10 0.000109181)
(-3.15545e-10 5.25414e-10 0.000110221)
(2.39467e-10 -4.15224e-10 0.000110259)
(-4.81008e-10 -1.52313e-10 0.00011026)
(-1.7097e-10 -3.58476e-10 0.00011026)
(-6.29448e-10 -4.35551e-10 0.000110259)
(-7.8082e-10 2.84686e-10 0.000110221)
(-1.04948e-09 -4.53277e-10 0.000109182)
(-1.12301e-09 3.68097e-10 9.01093e-05)
(4.99434e-10 -5.84595e-10 9.0109e-05)
(6.57952e-10 -3.33576e-10 0.000109181)
(-2.55648e-10 4.58482e-10 0.000110221)
(1.96645e-11 -2.00066e-10 0.000110258)
(-2.51578e-10 -2.49812e-10 0.00011026)
(-2.96304e-10 -3.23339e-10 0.000110259)
(-2.75982e-10 -3.69798e-10 0.000110258)
(-6.37849e-10 8.26716e-10 0.000110221)
(-6.71081e-10 -3.90404e-10 0.000109181)
(-6.29133e-10 -1.1435e-09 9.01094e-05)
(-9.81231e-10 -1.82749e-09 8.61143e-05)
(4.69003e-10 -3.55043e-10 0.000108471)
(8.64423e-10 -1.18639e-10 0.000110155)
(1.57342e-11 3.10378e-10 0.000110253)
(2.55521e-10 -2.46459e-11 0.000110258)
(-9.35295e-11 1.62148e-11 0.000110259)
(-3.92086e-10 -1.11258e-10 0.000110253)
(-1.51296e-09 2.36313e-10 0.000110155)
(-9.8163e-10 8.83604e-12 0.000108472)
(1.03619e-09 -2.53934e-09 8.61142e-05)
(-3.11351e-10 -1.31842e-09 7.45776e-05)
(9.49342e-10 -1.97508e-09 0.000105093)
(1.13712e-09 3.40053e-10 0.000109578)
(-7.67313e-11 6.31788e-10 0.000110138)
(-9.60975e-11 4.47868e-10 0.000110212)
(-4.47166e-10 1.32032e-09 0.000110212)
(1.64616e-10 1.16517e-09 0.000110138)
(-1.47064e-10 9.97219e-11 0.000109579)
(-5.8877e-10 -2.31329e-09 0.000105092)
(1.38388e-09 -3.55958e-09 7.45775e-05)
(-9.37935e-10 -3.93836e-09 4.91153e-05)
(-1.6843e-09 -1.89026e-09 9.01637e-05)
(-1.85332e-09 8.52454e-10 0.000104249)
(-1.24463e-09 1.35124e-10 0.000108046)
(-6.93695e-10 7.86019e-10 0.000108884)
(5.24018e-10 1.01286e-09 0.000108885)
(1.04976e-09 1.29265e-10 0.000108045)
(3.83278e-09 4.06957e-10 0.000104249)
(4.29509e-09 -2.54554e-09 9.01636e-05)
(3.26063e-09 -4.96562e-09 4.91154e-05)
(-6.05216e-09 -4.85662e-09 1.90959e-05)
(-4.13854e-09 -6.96111e-10 4.60052e-05)
(-1.75566e-09 1.71404e-10 7.03558e-05)
(-1.46428e-09 -7.20193e-10 8.27223e-05)
(-1.00726e-09 5.64283e-11 8.68813e-05)
(2.72138e-10 -6.17109e-10 8.68812e-05)
(8.49779e-10 -1.32761e-09 8.27219e-05)
(4.51893e-10 -1.24319e-10 7.03553e-05)
(2.81942e-09 -2.35599e-10 4.60051e-05)
(6.43998e-09 -4.63865e-09 1.90958e-05)
(-4.62e-09 2.28975e-09 1.90959e-05)
(6.0275e-09 -7.21473e-09 4.60055e-05)
(3.44811e-09 1.67363e-09 7.03557e-05)
(-4.20511e-10 1.36994e-09 8.2722e-05)
(1.1055e-09 -6.99236e-10 8.68812e-05)
(4.6637e-10 -1.1956e-10 8.68811e-05)
(1.57991e-09 1.36438e-09 8.27221e-05)
(-1.56606e-09 2.32736e-09 7.03553e-05)
(-4.9227e-09 -5.97533e-09 4.60049e-05)
(4.00764e-10 -7.05018e-10 1.90954e-05)
(2.83933e-09 -6.07679e-10 4.91155e-05)
(1.65607e-09 -5.44584e-09 9.01637e-05)
(-2.04617e-09 1.18128e-09 0.000104249)
(4.75385e-10 1.47191e-09 0.000108046)
(-7.57168e-10 -7.56369e-10 0.000108884)
(-5.22258e-10 3.38575e-11 0.000108884)
(-2.72069e-09 7.7036e-10 0.000108045)
(3.81195e-10 9.69904e-10 0.000104249)
(-1.95789e-09 -4.30823e-09 9.01637e-05)
(-3.46026e-09 -1.22304e-09 4.91155e-05)
(1.08874e-09 4.98476e-10 7.45771e-05)
(-1.24294e-09 -1.725e-10 0.000105093)
(-1.89046e-09 -4.96528e-10 0.000109578)
(3.28537e-10 -2.53914e-10 0.000110137)
(-3.20782e-10 -1.81897e-10 0.000110211)
(-1.31421e-10 -4.55498e-10 0.000110211)
(-9.45678e-10 -8.72502e-10 0.000110137)
(1.09925e-09 -1.15317e-09 0.000109578)
(1.68657e-09 4.62188e-10 0.000105093)
(-6.4731e-10 6.98133e-12 7.45779e-05)
(-1.5703e-11 3.53995e-10 8.61144e-05)
(1.05071e-09 -7.26091e-10 0.000108471)
(9.40455e-10 -1.10386e-10 0.000110155)
(5.01288e-10 -2.17491e-10 0.000110253)
(2.78944e-10 8.34864e-11 0.000110258)
(-1.23869e-10 -2.57532e-10 0.000110258)
(-5.79832e-12 -6.95922e-10 0.000110253)
(-6.94394e-10 -4.11923e-10 0.000110155)
(-2.50635e-10 -2.15418e-10 0.000108472)
(6.58824e-10 6.81414e-10 8.61147e-05)
(3.43349e-10 6.48574e-10 9.01093e-05)
(4.49852e-10 -8.02358e-10 0.000109181)
(-3.63816e-10 1.56109e-10 0.000110221)
(1.21874e-11 -7.11442e-11 0.000110258)
(1.78344e-10 2.87712e-10 0.000110259)
(4.89341e-11 1.02304e-10 0.000110259)
(2.84882e-10 -5.88365e-10 0.000110258)
(-2.75313e-10 -3.5271e-10 0.000110222)
(-7.47408e-10 -5.55189e-10 0.000109181)
(-3.14768e-10 5.85961e-10 9.01094e-05)
(-2.49057e-10 4.35502e-10 9.0109e-05)
(9.70116e-11 -5.04969e-10 0.000109181)
(4.62875e-11 8.46368e-10 0.000110221)
(-1.09947e-10 -2.87991e-10 0.000110258)
(-1.08292e-11 1.14904e-10 0.000110259)
(-1.20498e-10 -1.35668e-10 0.00011026)
(7.77205e-10 -7.10173e-10 0.000110258)
(-3.3136e-10 3.05113e-10 0.000110222)
(-3.89751e-10 -1.01703e-09 0.000109182)
(4.92575e-10 4.91496e-10 9.01094e-05)
(9.92561e-11 1.03159e-09 8.61143e-05)
(1.8171e-09 -6.02799e-10 0.000108471)
(2.07083e-09 1.49348e-09 0.000110155)
(5.3861e-10 -3.99596e-10 0.000110253)
(7.2956e-10 1.51182e-11 0.000110258)
(-2.83902e-10 -1.38046e-10 0.000110258)
(1.83793e-10 2.51772e-11 0.000110253)
(-1.36809e-09 1.4062e-09 0.000110156)
(-9.77403e-10 -1.56122e-09 0.000108472)
(4.51782e-10 4.72407e-10 8.6115e-05)
(7.98375e-10 -4.48213e-10 7.45767e-05)
(-9.48811e-12 -2.32336e-09 0.000105093)
(3.98241e-10 2.76749e-09 0.000109578)
(1.62755e-10 5.41741e-10 0.000110137)
(-5.71351e-11 3.12537e-10 0.000110212)
(-6.04022e-10 1.10185e-11 0.000110212)
(3.46105e-10 6.51524e-10 0.000110138)
(-3.22855e-11 2.87823e-09 0.000109578)
(-5.09152e-10 -3.04336e-09 0.000105093)
(-1.15102e-09 4.65289e-10 7.45776e-05)
(1.52184e-10 -1.35926e-09 4.91152e-05)
(-1.4998e-09 2.25375e-10 9.0164e-05)
(-4.56884e-10 2.53415e-09 0.000104249)
(5.74484e-10 -7.09684e-10 0.000108045)
(-3.6828e-10 1.76459e-10 0.000108884)
(5.52115e-10 -2.8065e-10 0.000108884)
(-2.37708e-12 -1.38716e-10 0.000108045)
(7.09598e-10 3.12763e-09 0.000104248)
(7.21716e-10 -4.72903e-10 9.0163e-05)
(3.17973e-10 -2.85061e-09 4.91147e-05)
(-1.39648e-09 -4.3254e-10 1.90954e-05)
(2.2221e-09 3.17337e-09 4.6005e-05)
(3.61962e-09 1.46605e-09 7.03554e-05)
(9.24277e-10 -1.2982e-09 8.2722e-05)
(6.11767e-11 -2.42814e-10 8.68811e-05)
(6.69021e-10 -5.61794e-10 8.68811e-05)
(-7.37092e-10 -5.33051e-10 8.27221e-05)
(-8.64737e-10 1.51614e-09 7.03547e-05)
(2.03142e-09 1.00043e-09 4.60045e-05)
(5.36272e-09 -4.25957e-09 1.90951e-05)
(-1.39315e-08 1.02582e-08 1.90955e-05)
(-1.56919e-09 -2.81879e-09 4.60051e-05)
(-4.63e-10 8.68384e-10 7.03559e-05)
(-3.30673e-09 1.04207e-09 8.27219e-05)
(-8.15421e-11 -5.07859e-10 8.68813e-05)
(-8.53724e-10 -3.96372e-10 8.68816e-05)
(1.98575e-09 1.39779e-09 8.27222e-05)
(-2.62453e-10 2.16975e-09 7.03563e-05)
(-2.76263e-09 -4.17584e-09 4.60052e-05)
(2.4483e-09 1.32102e-09 1.90957e-05)
(-5.90509e-09 9.32527e-09 4.91152e-05)
(-4.12139e-09 3.90347e-10 9.01633e-05)
(-3.40901e-09 -9.69477e-10 0.00010425)
(-9.46693e-10 -3.62428e-10 0.000108046)
(-1.23116e-09 -1.49005e-09 0.000108885)
(9.28524e-10 -1.54121e-09 0.000108885)
(1.0596e-09 9.58836e-10 0.000108046)
(4.27415e-09 1.29397e-09 0.00010425)
(7.52164e-10 -1.93567e-09 9.01637e-05)
(-2.59801e-09 3.17739e-10 4.91151e-05)
(-1.69308e-10 4.52768e-09 7.45772e-05)
(9.31237e-10 1.811e-09 0.000105092)
(7.91926e-10 -1.70484e-09 0.000109578)
(1.01798e-09 -1.32886e-09 0.000110138)
(-2.66457e-10 -7.52504e-10 0.000110211)
(-1.2823e-10 -8.79105e-10 0.000110212)
(-1.39348e-09 -5.58284e-10 0.000110138)
(-2.8271e-10 -1.49757e-09 0.000109578)
(4.96081e-10 1.02623e-09 0.000105092)
(-1.15971e-09 -1.44652e-10 7.45771e-05)
(-6.76669e-11 2.44869e-09 8.61143e-05)
(1.66553e-09 2.06623e-10 0.000108471)
(1.79711e-09 -2.50829e-10 0.000110154)
(6.731e-10 -5.48339e-11 0.000110253)
(-4.39556e-10 9.93007e-11 0.000110258)
(-9.7913e-10 4.58676e-10 0.000110258)
(-8.93809e-10 3.03559e-10 0.000110253)
(-1.08183e-09 -5.56606e-10 0.000110155)
(-4.57396e-11 -2.42587e-10 0.000108472)
(9.04814e-10 1.02326e-09 8.61143e-05)
(3.00507e-10 7.45597e-10 9.01091e-05)
(8.69139e-10 -1.72698e-10 0.000109181)
(4.2927e-10 6.90661e-11 0.000110221)
(1.99737e-10 -4.35078e-11 0.000110258)
(-3.13454e-12 -1.34915e-10 0.000110259)
(-3.27632e-10 3.1452e-10 0.000110259)
(2.14057e-11 1.58721e-10 0.000110258)
(-7.52194e-11 2.38512e-10 0.000110221)
(-6.9148e-10 -2.89428e-10 0.000109182)
(-3.88449e-10 5.80378e-10 9.01093e-05)
(-1.13504e-11 1.21341e-09 9.0109e-05)
(5.58768e-10 -3.02392e-10 0.000109181)
(6.2997e-10 8.4113e-10 0.00011022)
(-2.81728e-11 5.17381e-11 0.000110258)
(-3.28022e-11 4.02673e-10 0.000110259)
(4.5893e-11 -8.49391e-11 0.00011026)
(2.21024e-10 -3.20336e-10 0.000110258)
(-5.99228e-10 8.98903e-10 0.000110221)
(-3.57299e-10 -7.0131e-10 0.000109182)
(3.24867e-10 4.7123e-10 9.01088e-05)
(-9.25635e-10 -1.17967e-10 8.61138e-05)
(5.14967e-10 -1.41106e-09 0.000108472)
(1.48486e-09 1.19389e-09 0.000110155)
(1.62609e-11 -1.63076e-10 0.000110253)
(1.7523e-10 7.49297e-10 0.000110258)
(-4.84618e-10 5.50509e-11 0.000110258)
(1.06077e-10 -2.34386e-10 0.000110253)
(-1.61286e-09 1.43924e-09 0.000110155)
(-7.38765e-10 -1.54955e-09 0.000108472)
(5.70178e-10 1.41353e-09 8.61142e-05)
(1.12604e-09 1.32056e-09 7.45772e-05)
(-4.48683e-11 -4.03127e-09 0.000105092)
(1.05074e-09 1.3289e-09 0.000109578)
(3.96877e-10 3.52805e-10 0.000110137)
(1.53797e-10 7.41248e-10 0.000110211)
(-2.91441e-10 6.58039e-10 0.000110211)
(-1.18673e-09 9.81883e-10 0.000110138)
(-2.32921e-09 2.82667e-09 0.000109578)
(-8.95716e-10 -4.25242e-09 0.000105093)
(-1.47217e-09 1.29604e-09 7.45775e-05)
(1.59358e-09 -9.45813e-10 4.9115e-05)
(-2.33038e-09 -3.41439e-09 9.01632e-05)
(-1.91849e-09 1.42622e-09 0.000104249)
(-2.94309e-11 4.69733e-10 0.000108045)
(-6.38262e-10 7.40288e-10 0.000108884)
(3.8599e-10 6.04446e-10 0.000108884)
(8.16013e-10 4.6589e-10 0.000108045)
(3.30464e-09 2.27038e-09 0.000104249)
(2.73057e-09 -2.8228e-09 9.01633e-05)
(-1.10473e-09 -1.93971e-09 4.91152e-05)
(-5.40604e-09 -5.00319e-09 1.90952e-05)
(-3.94744e-09 -1.45575e-09 4.60047e-05)
(-1.75188e-09 4.06321e-10 7.03551e-05)
(-1.65793e-09 -6.02207e-10 8.27214e-05)
(-1.46708e-09 1.86894e-10 8.6881e-05)
(-7.28556e-12 -1.66122e-11 8.68809e-05)
(-9.44688e-10 -3.95511e-10 8.27218e-05)
(-4.64628e-10 7.89088e-10 7.03557e-05)
(2.48832e-09 2.21316e-10 4.60051e-05)
(5.10417e-09 -4.05444e-09 1.90955e-05)
(-2.29751e-09 1.06144e-09 1.90955e-05)
(8.09383e-09 -8.5414e-09 4.60051e-05)
(9.47475e-10 2.1343e-09 7.0355e-05)
(-2.02336e-09 7.77174e-10 8.27218e-05)
(2.76439e-09 -5.0077e-10 8.68809e-05)
(7.74213e-10 -6.63495e-11 8.6881e-05)
(4.76979e-09 1.35204e-09 8.27223e-05)
(1.35518e-09 3.72344e-09 7.03562e-05)
(-3.30222e-09 -5.28612e-09 4.60055e-05)
(7.78256e-09 5.25876e-09 1.90955e-05)
(5.96368e-10 8.67681e-10 4.9115e-05)
(1.05943e-09 -4.95238e-09 9.01635e-05)
(-3.57394e-09 3.49949e-09 0.00010425)
(-4.0861e-10 -9.80203e-10 0.000108045)
(-4.47343e-11 -1.25301e-09 0.000108885)
(-4.84786e-11 -8.89873e-10 0.000108885)
(3.65903e-10 -3.74042e-10 0.000108046)
(4.17076e-09 3.78219e-09 0.000104249)
(-5.52909e-10 -4.17994e-09 9.0163e-05)
(1.8084e-09 3.95738e-09 4.91153e-05)
(1.04445e-09 7.02511e-10 7.45773e-05)
(-8.62604e-10 4.48751e-10 0.000105092)
(-2.40868e-09 2.44114e-09 0.000109579)
(4.5574e-10 -3.29115e-09 0.000110138)
(-3.29453e-10 -7.95797e-10 0.000110212)
(2.42307e-11 -1.14382e-09 0.000110212)
(-1.30434e-09 -2.63218e-09 0.000110138)
(1.70282e-09 2.04532e-09 0.000109579)
(-3.13413e-10 -1.12219e-09 0.000105092)
(-2.09989e-09 7.07673e-10 7.4577e-05)
(-8.01121e-11 7.64315e-10 8.61147e-05)
(-1.68975e-10 1.22231e-10 0.000108471)
(7.16991e-10 9.76441e-10 0.000110155)
(1.04017e-09 -1.82261e-09 0.000110253)
(-1.22328e-10 -3.65458e-10 0.000110258)
(9.27018e-11 -1.09728e-09 0.000110258)
(-1.6384e-09 -1.70741e-09 0.000110253)
(-1.49785e-09 1.2477e-09 0.000110155)
(-7.57453e-10 -7.67759e-10 0.000108472)
(-6.74096e-10 4.12772e-12 8.61143e-05)
(3.77289e-10 4.80056e-10 9.01089e-05)
(2.12813e-10 -1.35586e-12 0.000109181)
(1.96797e-10 1.79074e-10 0.000110221)
(3.11292e-10 -6.62745e-10 0.000110258)
(-3.7494e-10 -3.7258e-10 0.000110259)
(2.40856e-10 -5.88018e-10 0.00011026)
(-2.41807e-10 -5.01343e-10 0.000110258)
(1.04324e-10 5.05177e-10 0.000110221)
(2.70043e-10 -5.80368e-10 0.000109181)
(-6.51401e-10 -7.40145e-10 9.01091e-05)
(1.39323e-10 -2.87566e-10 9.01093e-05)
(-3.863e-10 -2.51851e-10 0.000109182)
(4.5128e-11 -4.34969e-11 0.000110221)
(2.35571e-10 -2.84409e-10 0.000110258)
(2.37351e-10 -3.49312e-10 0.000110259)
(6.24794e-10 -3.49909e-10 0.000110259)
(-2.96859e-10 1.05505e-10 0.000110258)
(-2.51164e-10 7.32838e-11 0.000110221)
(-6.16215e-10 3.03086e-11 0.000109182)
(-6.76311e-10 -7.98934e-10 9.0109e-05)
(-3.02463e-12 1.68151e-10 8.61137e-05)
(1.03089e-09 8.04716e-10 0.000108471)
(1.09545e-09 -1.71655e-10 0.000110155)
(3.19616e-10 -4.55013e-11 0.000110253)
(-3.74585e-10 -6.36489e-10 0.000110258)
(-1.81045e-10 -1.24777e-10 0.000110258)
(-1.03566e-10 1.74503e-10 0.000110253)
(-1.21801e-09 5.34026e-12 0.000110154)
(-1.80539e-09 7.79108e-10 0.000108472)
(-3.77311e-10 -1.61577e-09 8.61138e-05)
(1.72126e-09 -8.61098e-11 7.45771e-05)
(1.93285e-09 4.7425e-10 0.000105092)
(-3.78202e-10 2.18124e-10 0.000109578)
(1.35944e-10 4.46639e-10 0.000110138)
(7.02377e-10 -2.47439e-10 0.000110212)
(-2.02493e-10 3.80063e-10 0.000110211)
(2.39784e-10 3.98946e-10 0.000110138)
(-2.38583e-11 1.88509e-09 0.000109578)
(-1.25652e-09 -2.48491e-10 0.000105093)
(1.04741e-09 -4.20154e-09 7.4577e-05)
(-4.43295e-10 -2.31603e-09 4.91152e-05)
(-8.95166e-10 1.02275e-09 9.0164e-05)
(-9.9359e-10 1.22156e-09 0.000104249)
(3.16696e-10 -9.53383e-10 0.000108045)
(-2.76679e-10 -1.69034e-11 0.000108884)
(2.32628e-10 9.72408e-11 0.000108884)
(-1.63242e-11 -5.25166e-10 0.000108045)
(6.93354e-10 2.53868e-09 0.000104249)
(2.06517e-09 6.86058e-10 9.01638e-05)
(4.80609e-09 -7.11667e-09 4.91156e-05)
(-6.81644e-10 -6.40507e-10 1.90956e-05)
(1.53937e-09 2.25181e-09 4.6005e-05)
(2.34269e-09 1.2094e-09 7.0355e-05)
(9.16309e-10 -1.30382e-09 8.27206e-05)
(-1.75648e-11 -3.13238e-10 8.68801e-05)
(4.0364e-10 -8.1483e-11 8.68802e-05)
(7.81275e-10 -1.23393e-09 8.27212e-05)
(-4.31196e-10 7.01159e-10 7.03553e-05)
(2.40813e-09 1.30558e-09 4.60051e-05)
(6.65412e-09 -4.94613e-09 1.90958e-05)
(2.56803e-10 -1.24743e-09 1.90954e-05)
(-1.85086e-09 9.60108e-10 4.60054e-05)
(5.69875e-10 -1.67957e-09 7.03559e-05)
(1.31758e-09 8.45667e-11 8.27224e-05)
(6.88198e-10 4.66339e-10 8.68815e-05)
(2.64617e-10 4.6189e-10 8.68814e-05)
(-2.12281e-10 5.01431e-10 8.27221e-05)
(-2.81884e-10 -5.34347e-10 7.03555e-05)
(-1.54267e-10 1.39344e-10 4.60046e-05)
(-8.37728e-10 -4.45624e-10 1.90952e-05)
(-7.59574e-10 -1.05831e-10 4.91151e-05)
(-1.21978e-09 1.33696e-09 9.01633e-05)
(-1.31845e-09 -1.20303e-09 0.000104249)
(-2.02162e-09 -7.31731e-10 0.000108046)
(-3.96279e-10 -4.90674e-10 0.000108885)
(1.41226e-10 -9.33316e-10 0.000108885)
(9.10799e-10 -2.75785e-10 0.000108045)
(1.17546e-09 1.00726e-09 0.000104249)
(9.40439e-10 1.88992e-09 9.01629e-05)
(-8.02256e-10 -1.25749e-09 4.91147e-05)
(-1.39806e-09 1.91385e-09 7.45767e-05)
(-7.64785e-10 -8.97147e-11 0.000105092)
(1.44012e-10 -2.33758e-10 0.000109578)
(3.07845e-10 -1.28383e-09 0.000110138)
(4.5168e-11 -9.05658e-10 0.000110212)
(-4.60379e-11 -1.61995e-09 0.000110212)
(-7.78555e-10 -8.08896e-10 0.000110137)
(-4.66917e-11 1.512e-09 0.000109578)
(6.66355e-10 7.69912e-10 0.000105092)
(2.07176e-10 3.87182e-11 7.45772e-05)
(3.39887e-12 1.16191e-09 8.61136e-05)
(-2.81081e-11 -1.12255e-09 0.000108471)
(-9.76299e-11 1.36742e-10 0.000110155)
(1.90718e-10 -6.75023e-10 0.000110253)
(-1.53536e-10 -8.77725e-10 0.000110258)
(3.7134e-10 -5.41134e-10 0.000110258)
(-4.75566e-10 -4.09364e-10 0.000110253)
(-5.98838e-11 6.48315e-10 0.000110155)
(3.0893e-10 -8.49769e-10 0.000108471)
(-2.0719e-10 2.65154e-10 8.61135e-05)
(3.14327e-10 9.72082e-10 9.01087e-05)
(1.47685e-10 5.1361e-11 0.000109181)
(3.40618e-10 3.29927e-10 0.000110221)
(1.83829e-10 -1.08526e-09 0.000110258)
(6.6617e-12 -5.68301e-10 0.000110259)
(4.10654e-10 -4.74547e-10 0.000110259)
(-4.01398e-10 -5.81954e-10 0.000110258)
(-3.61364e-10 2.08552e-11 0.000110221)
(-4.18379e-10 -7.1256e-10 0.000109181)
(-4.47173e-10 -1.79234e-10 9.01087e-05)
(8.84406e-11 9.1525e-10 9.01089e-05)
(2.97899e-10 -1.33678e-10 0.000109181)
(4.29841e-10 6.68791e-10 0.000110221)
(6.20018e-10 -5.42784e-10 0.000110259)
(1.00546e-10 -2.98463e-10 0.000110259)
(-1.35638e-10 -6.53396e-11 0.000110259)
(-8.98632e-11 -1.99056e-10 0.000110258)
(-2.76931e-10 8.69186e-11 0.000110221)
(-8.99193e-11 -4.46862e-10 0.000109181)
(-2.41486e-10 6.04585e-10 9.01088e-05)
(2.48697e-10 1.16539e-09 8.61142e-05)
(-7.14289e-10 4.44996e-11 0.000108472)
(-6.53563e-10 6.69224e-10 0.000110155)
(-6.6742e-11 2.96488e-11 0.000110253)
(1.11675e-10 -6.98302e-10 0.000110258)
(3.60993e-10 1.57374e-10 0.000110258)
(3.13752e-10 1.37794e-10 0.000110253)
(4.8997e-10 6.83288e-10 0.000110155)
(-6.28222e-10 4.6565e-10 0.000108471)
(-1.31589e-09 6.95776e-10 8.61136e-05)
(3.63616e-10 9.38463e-10 7.45771e-05)
(-1.68765e-09 1.6784e-11 0.000105092)
(-2.13414e-09 1.74941e-10 0.000109578)
(-5.21204e-10 -5.47416e-10 0.000110138)
(2.52197e-10 -4.80036e-10 0.000110212)
(2.28561e-11 -6.56549e-11 0.000110212)
(1.9228e-10 3.86471e-10 0.000110138)
(1.22473e-09 9.18844e-10 0.000109578)
(1.24353e-09 8.07633e-10 0.000105093)
(4.78438e-10 -7.48851e-11 7.4577e-05)
(2.12653e-09 2.37924e-09 4.91149e-05)
(1.94568e-09 4.13167e-09 9.01625e-05)
(3.44981e-11 2.82834e-11 0.000104248)
(4.70284e-10 -1.58588e-09 0.000108045)
(5.49905e-10 -1.29475e-09 0.000108884)
(7.6893e-10 -1.08313e-09 0.000108885)
(-9.51163e-11 -1.38563e-09 0.000108046)
(6.88153e-10 -2.23104e-10 0.000104249)
(-3.84399e-10 3.54814e-09 9.01633e-05)
(-1.4807e-09 2.76051e-09 4.91149e-05)
(1.60625e-09 1.86164e-09 1.90954e-05)
(7.8725e-09 6.52805e-09 4.6005e-05)
(6.65545e-09 1.37468e-09 7.03557e-05)
(3.84748e-09 -4.1254e-10 8.27227e-05)
(1.69121e-09 -9.57706e-10 8.68813e-05)
(2.67932e-10 -1.16449e-09 8.68817e-05)
(-8.7889e-10 -1.62976e-09 8.27221e-05)
(-5.33648e-09 4.47757e-10 7.03558e-05)
(-7.117e-09 5.62898e-09 4.6005e-05)
(-2.64644e-09 2.85527e-09 1.90954e-05)
(-9.62277e-09 7.75821e-09 1.90953e-05)
(2.68156e-09 -5.90349e-09 4.60045e-05)
(-1.91469e-09 3.39019e-09 7.03551e-05)
(-4.50348e-09 1.66418e-09 8.27217e-05)
(9.33747e-10 -6.55656e-10 8.68813e-05)
(-9.09476e-10 -5.62872e-10 8.68812e-05)
(2.46829e-09 1.37631e-09 8.27215e-05)
(-2.38967e-09 1.74721e-09 7.03544e-05)
(-5.49775e-09 -7.79763e-09 4.60045e-05)
(1.13102e-08 7.69602e-09 1.90953e-05)
(-5.60733e-09 8.47375e-09 4.91149e-05)
(-1.23024e-09 -3.50949e-09 9.01635e-05)
(-4.26158e-09 3.38109e-09 0.000104248)
(1.68831e-10 -1.29081e-09 0.000108045)
(1.01637e-09 -1.68288e-09 0.000108884)
(3.05633e-10 -1.48141e-09 0.000108884)
(8.51714e-10 1.19868e-10 0.000108045)
(4.54628e-09 3.22475e-09 0.000104248)
(-4.33795e-10 -4.7336e-09 9.0163e-05)
(1.86859e-09 4.79873e-09 4.91148e-05)
(-1.12195e-10 4.11793e-09 7.45769e-05)
(-3.2166e-10 4.08415e-10 0.000105093)
(-1.69338e-09 2.16083e-09 0.000109578)
(8.90289e-10 -2.95619e-09 0.000110137)
(-5.86734e-10 -1.24681e-09 0.000110211)
(-6.61647e-10 -1.06335e-09 0.000110211)
(-1.99124e-09 -2.25637e-09 0.000110137)
(7.41459e-10 2.76943e-09 0.000109578)
(-7.4142e-10 -5.36729e-10 0.000105092)
(-1.9061e-09 7.64208e-10 7.45772e-05)
(1.3459e-10 2.81132e-09 8.61134e-05)
(3.8915e-10 -2.00946e-10 0.000108471)
(6.78538e-10 1.6562e-09 0.000110155)
(1.00177e-09 -1.11247e-09 0.000110253)
(-7.59706e-10 -3.90405e-10 0.000110258)
(-1.48776e-10 -5.10019e-10 0.000110258)
(-8.41303e-10 -1.23177e-09 0.000110252)
(-2.85541e-10 1.39928e-09 0.000110155)
(2.46949e-10 -1.26188e-09 0.000108471)
(-6.30419e-11 4.15803e-10 8.61137e-05)
(1.25342e-09 1.41568e-09 9.01084e-05)
(9.63436e-10 1.96988e-10 0.000109181)
(3.19837e-10 2.15292e-10 0.000110221)
(7.17856e-10 -9.13514e-10 0.000110258)
(-3.12624e-10 -2.70228e-10 0.000110259)
(-5.99724e-12 -4.68408e-10 0.000110259)
(-3.53346e-10 -5.56615e-10 0.000110258)
(-5.22508e-11 2.67299e-10 0.000110221)
(-2.82402e-10 -4.83046e-10 0.000109181)
(-8.96531e-10 2.20123e-10 9.01089e-05)
(1.26597e-09 9.11972e-10 9.01085e-05)
(8.25121e-10 3.36423e-10 0.000109181)
(5.50392e-10 6.28432e-11 0.000110221)
(8.24508e-10 -3.99287e-10 0.000110258)
(-1.44772e-10 -3.05891e-10 0.000110259)
(-1.07983e-10 -3.38045e-10 0.000110259)
(-1.43795e-10 -3.1756e-10 0.000110258)
(2.25285e-10 3.32784e-10 0.000110221)
(-5.85284e-10 4.72405e-11 0.000109181)
(-7.91057e-10 -1.37597e-09 9.0109e-05)
(-4.90608e-10 -7.814e-10 8.6114e-05)
(9.37595e-10 4.54101e-10 0.000108471)
(1.61012e-09 -3.79399e-10 0.000110155)
(9.64651e-10 -2.46275e-10 0.000110252)
(8.15736e-10 1.1512e-10 0.000110258)
(-2.72034e-10 -1.12928e-10 0.000110259)
(-9.17816e-10 -2.50139e-10 0.000110253)
(-9.27464e-10 -1.23921e-11 0.000110155)
(-8.1835e-10 9.29818e-10 0.000108471)
(4.85908e-10 -2.32333e-09 8.61138e-05)
(4.10591e-10 1.43046e-10 7.45769e-05)
(1.40807e-09 -7.07959e-10 0.000105092)
(1.39303e-09 -2.27061e-10 0.000109578)
(5.79161e-10 -8.63418e-11 0.000110138)
(4.32297e-10 8.48567e-10 0.000110212)
(5.9916e-11 6.1439e-10 0.000110212)
(-5.8522e-12 3.5207e-10 0.000110138)
(-3.65241e-10 6.25866e-10 0.000109578)
(-1.02883e-09 -6.51637e-10 0.000105092)
(5.2319e-10 -2.99392e-09 7.45769e-05)
(1.97404e-09 -3.57731e-10 4.91148e-05)
(1.06768e-10 -1.25369e-09 9.01626e-05)
(-1.11699e-09 1.02144e-10 0.000104248)
(-4.04764e-10 5.52644e-11 0.000108046)
(-3.62804e-10 5.03256e-10 0.000108885)
(8.52014e-10 9.17939e-10 0.000108885)
(1.66845e-09 -9.96285e-10 0.000108046)
(3.21614e-09 7.71859e-10 0.000104249)
(2.54121e-09 -3.23692e-10 9.01633e-05)
(2.58116e-09 -4.56629e-09 4.91142e-05)
(-2.78219e-09 -1.76767e-09 1.90953e-05)
(-3.9792e-09 -1.51295e-09 4.60049e-05)
(-6.89594e-10 -9.35141e-11 7.03554e-05)
(-1.31835e-09 -4.83304e-10 8.27232e-05)
(-1.34585e-09 -1.64607e-10 8.68822e-05)
(-4.74635e-11 6.91765e-11 8.68823e-05)
(8.37579e-10 -1.29919e-09 8.27225e-05)
(-1.53356e-10 3.22621e-10 7.03562e-05)
(4.14372e-10 2.22932e-09 4.60053e-05)
(6.09531e-09 -4.385e-09 1.90953e-05)
(-1.21304e-08 8.30497e-09 1.90954e-05)
(2.3314e-09 -6.09201e-09 4.60046e-05)
(1.09648e-09 1.93884e-09 7.03549e-05)
(-2.6774e-09 1.84694e-09 8.2722e-05)
(4.18973e-10 -5.69399e-11 8.68809e-05)
(-8.2346e-10 1.77175e-10 8.68806e-05)
(1.53253e-09 1.25998e-09 8.27217e-05)
(-1.46912e-09 1.80987e-09 7.03548e-05)
(-5.6511e-09 -7.06077e-09 4.6005e-05)
(4.45815e-09 3.75746e-09 1.90953e-05)
(-2.98006e-09 6.37632e-09 4.91149e-05)
(-1.2782e-09 -3.47977e-09 9.01636e-05)
(-4.02338e-09 2.24565e-10 0.000104248)
(-6.6517e-10 -2.42787e-10 0.000108046)
(-3.59183e-10 -1.0801e-09 0.000108884)
(8.90674e-10 -1.22782e-09 0.000108884)
(5.64894e-10 9.89209e-10 0.000108045)
(3.65847e-09 1.41772e-09 0.000104248)
(5.6265e-10 -2.53847e-09 9.01631e-05)
(-3.14164e-10 2.33866e-09 4.91152e-05)
(2.15785e-10 3.8161e-09 7.45774e-05)
(2.16091e-10 -6.37867e-11 0.000105093)
(-1.18742e-09 -2.35569e-09 0.000109578)
(5.96094e-10 -1.68605e-09 0.000110137)
(-3.2734e-10 -1.08193e-09 0.000110211)
(-5.60955e-10 -1.13943e-09 0.000110211)
(-1.51767e-09 -7.31873e-10 0.000110137)
(-6.42676e-10 -8.10687e-10 0.000109578)
(-2.67783e-10 1.41604e-09 0.000105092)
(-2.01064e-09 -5.50979e-10 7.45775e-05)
(5.08632e-11 1.85392e-09 8.61142e-05)
(1.18477e-09 -1.38454e-09 0.000108471)
(9.07766e-10 -1.22255e-09 0.000110155)
(3.90488e-11 -1.0623e-12 0.000110252)
(-3.16525e-10 -6.48344e-11 0.000110258)
(-3.25184e-10 -1.35224e-10 0.000110258)
(-1.76738e-10 -2.29327e-10 0.000110252)
(-9.10885e-10 -4.44201e-10 0.000110155)
(-5.73028e-10 -1.02236e-09 0.000108471)
(6.1108e-10 -9.105e-11 8.61144e-05)
(2.92942e-10 1.08615e-09 9.01086e-05)
(8.25082e-10 -5.30787e-10 0.000109181)
(2.13877e-10 1.49604e-11 0.000110221)
(3.55708e-10 -1.45859e-10 0.000110258)
(-1.22196e-11 4.02469e-11 0.000110259)
(-5.2001e-10 -2.64376e-10 0.000110259)
(-1.73608e-10 -1.63782e-10 0.000110258)
(1.18225e-10 5.37307e-10 0.000110221)
(-3.46675e-11 -5.46249e-10 0.000109181)
(-2.40834e-10 -2.66403e-11 9.01091e-05)
(4.58612e-10 1.30239e-09 9.01088e-05)
(1.15266e-09 -6.34233e-10 0.000109181)
(8.98891e-10 1.02819e-09 0.000110221)
(1.89175e-11 -3.34594e-10 0.000110258)
(1.81273e-10 -1.30257e-10 0.000110259)
(1.25686e-10 4.12641e-10 0.000110259)
(1.81921e-10 1.63662e-10 0.000110258)
(-3.26023e-10 9.42871e-10 0.000110221)
(-8.5507e-11 -5.04651e-10 0.000109181)
(5.2906e-10 -3.43191e-10 9.01093e-05)
(-1.1565e-09 2.0991e-11 8.61139e-05)
(6.47911e-10 -1.8481e-09 0.000108471)
(1.98834e-09 1.26229e-09 0.000110155)
(3.50679e-10 -5.52668e-10 0.000110253)
(9.95393e-10 -7.71351e-11 0.000110258)
(4.81928e-10 5.1758e-10 0.000110258)
(-1.34878e-10 2.07497e-10 0.000110253)
(-2.21272e-09 1.05634e-09 0.000110155)
(-9.48774e-10 -1.74243e-09 0.000108471)
(6.55965e-10 2.75049e-10 8.61142e-05)
(5.42713e-10 4.84131e-10 7.45765e-05)
(-5.88673e-10 -4.27155e-09 0.000105092)
(1.03295e-09 2.02329e-09 0.000109578)
(7.59614e-10 5.79968e-10 0.000110138)
(5.83709e-10 6.65772e-10 0.000110211)
(-3.44938e-11 1.30055e-09 0.000110211)
(-3.8755e-10 1.89684e-09 0.000110137)
(-1.29322e-09 3.13948e-09 0.000109578)
(-2.80007e-10 -4.59861e-09 0.000105092)
(-5.35118e-10 -8.05501e-10 7.4577e-05)
(1.2559e-09 -1.90634e-09 4.9115e-05)
(-2.62066e-09 -3.00111e-09 9.01633e-05)
(-1.62994e-09 2.0063e-09 0.000104249)
(4.48035e-11 -1.82432e-10 0.000108045)
(-3.81386e-10 8.84899e-10 0.000108884)
(1.14369e-09 1.40702e-09 0.000108884)
(9.85464e-10 1.1668e-09 0.000108045)
(4.09143e-09 2.89659e-09 0.000104249)
(3.62605e-09 -2.45091e-09 9.01633e-05)
(-2.31241e-10 -3.4862e-09 4.91148e-05)
(-1.6052e-09 -1.65556e-09 1.90952e-05)
(-3.42237e-09 -1.0454e-09 4.60049e-05)
(-3.72311e-10 6.10281e-10 7.03552e-05)
(-3.75253e-10 -1.17307e-09 8.27219e-05)
(-1.29385e-09 3.98999e-11 8.68809e-05)
(-2.9353e-10 2.66545e-11 8.6881e-05)
(2.74534e-10 -7.85002e-10 8.27219e-05)
(5.48113e-10 8.02381e-10 7.03551e-05)
(1.52314e-09 1.49893e-09 4.60048e-05)
(5.67481e-09 -4.15896e-09 1.90953e-05)
(-1.13214e-08 8.23288e-09 1.90952e-05)
(1.17565e-09 -4.70667e-09 4.60048e-05)
(2.62958e-10 2.61351e-09 7.03551e-05)
(-2.2277e-09 1.74866e-09 8.2722e-05)
(8.35002e-10 -7.76246e-10 8.68812e-05)
(-1.12111e-09 -1.30247e-10 8.68811e-05)
(4.51502e-10 1.28615e-09 8.27217e-05)
(-2.38477e-09 8.8847e-10 7.03554e-05)
(-3.99747e-09 -6.07143e-09 4.60046e-05)
(5.82573e-09 3.78758e-09 1.90953e-05)
(-1.85354e-09 6.87727e-09 4.91148e-05)
(-1.11693e-09 -2.42549e-09 9.01635e-05)
(-3.86888e-09 1.0243e-09 0.000104249)
(2.93164e-10 -1.83407e-10 0.000108045)
(-4.49797e-10 -1.49813e-09 0.000108884)
(1.16655e-09 -1.01293e-09 0.000108884)
(1.00751e-09 6.37587e-10 0.000108045)
(4.79987e-09 1.28808e-09 0.000104249)
(2.26726e-09 -2.00245e-09 9.01639e-05)
(-8.92923e-10 1.31883e-09 4.91155e-05)
(-1.32597e-10 5.17588e-09 7.45771e-05)
(-1.21428e-10 9.92514e-10 0.000105092)
(-7.66422e-10 -1.389e-09 0.000109578)
(1.33033e-09 -1.8718e-09 0.000110138)
(-2.16864e-10 -2.92057e-10 0.000110211)
(-5.23691e-10 -2.44653e-10 0.000110212)
(-9.87497e-10 -1.36882e-09 0.000110137)
(7.87937e-10 -8.21271e-10 0.000109579)
(1.71469e-09 2.30269e-09 0.000105093)
(-2.12942e-10 9.74673e-10 7.45774e-05)
(-4.3691e-11 2.40832e-09 8.61143e-05)
(1.38493e-09 -1.25003e-10 0.000108471)
(1.1717e-09 -6.73186e-10 0.000110155)
(4.66659e-10 -3.54302e-10 0.000110252)
(-7.94437e-11 -5.01514e-11 0.000110258)
(-8.44432e-10 4.53593e-10 0.000110258)
(-6.75764e-10 -6.00782e-10 0.000110253)
(-1.31913e-09 -6.48547e-10 0.000110155)
(-9.35849e-10 -2.12628e-10 0.000108472)
(7.70127e-10 1.45363e-09 8.61145e-05)
(1.02906e-10 7.7268e-10 9.0109e-05)
(1.04424e-09 -1.50865e-10 0.000109181)
(4.86467e-10 -8.20338e-11 0.000110221)
(-2.60349e-10 -5.00657e-10 0.000110258)
(-7.04122e-12 -1.04484e-10 0.000110259)
(-1.15134e-10 -1.32772e-10 0.000110259)
(-2.17819e-10 -2.2838e-10 0.000110258)
(-2.64702e-10 5.54274e-10 0.000110221)
(-9.25435e-10 -4.92841e-10 0.000109181)
(-6.54779e-10 6.82281e-10 9.01091e-05)
(3.84406e-10 8.3306e-10 9.0109e-05)
(1.28867e-09 -4.77523e-11 0.000109181)
(3.79042e-10 6.34377e-10 0.000110221)
(-3.29712e-10 -1.8853e-10 0.000110258)
(2.25548e-10 3.85545e-10 0.000110259)
(-2.09905e-10 5.51142e-10 0.000110259)
(8.46858e-11 9.99079e-11 0.000110258)
(-2.81551e-10 1.32477e-09 0.000110221)
(-7.38837e-11 -6.31409e-10 0.000109181)
(4.39326e-10 -4.69674e-12 9.01092e-05)
(-8.44848e-10 -6.17446e-11 8.61142e-05)
(8.54886e-10 -1.33411e-09 0.000108471)
(1.30422e-09 8.40672e-10 0.000110155)
(-5.32071e-10 -1.52966e-10 0.000110253)
(5.36329e-10 -3.36841e-11 0.000110258)
(1.12689e-10 1.44354e-10 0.000110258)
(-1.06837e-10 1.12874e-10 0.000110252)
(-1.56964e-09 1.30115e-09 0.000110155)
(-1.02604e-09 -1.23831e-09 0.000108472)
(2.96322e-10 5.73239e-10 8.61143e-05)
(1.14854e-09 1.66777e-09 7.45767e-05)
(-3.5329e-11 -3.79242e-09 0.000105092)
(1.42613e-09 2.29659e-09 0.000109578)
(4.41738e-10 3.49851e-10 0.000110138)
(3.26936e-10 4.73562e-10 0.000110211)
(9.59911e-11 6.02721e-10 0.000110211)
(-9.18979e-10 1.07243e-09 0.000110137)
(-1.68932e-09 2.98002e-09 0.000109578)
(-1.36893e-09 -3.31105e-09 0.000105092)
(-1.68636e-09 -7.18663e-11 7.45769e-05)
(1.26754e-09 -1.1427e-09 4.9115e-05)
(-1.64373e-09 -1.7347e-09 9.01637e-05)
(-1.02734e-09 2.4711e-09 0.000104249)
(-7.86237e-10 -1.08004e-10 0.000108045)
(-5.74931e-10 3.76927e-10 0.000108884)
(9.01174e-10 1.21721e-09 0.000108884)
(7.6412e-10 6.46938e-10 0.000108045)
(3.56369e-09 2.23524e-09 0.000104249)
(2.83949e-09 -1.92104e-09 9.01633e-05)
(7.04826e-10 -3.92331e-09 4.91152e-05)
(-3.91426e-09 -3.91789e-09 1.90955e-05)
(-2.30402e-09 2.10341e-10 4.6005e-05)
(-3.18898e-10 9.00547e-10 7.03555e-05)
(-2.46268e-10 -9.1112e-10 8.27213e-05)
(-9.60698e-10 -3.04642e-10 8.68806e-05)
(7.43382e-10 -1.29404e-10 8.68804e-05)
(2.23733e-11 -5.24395e-10 8.27213e-05)
(1.2497e-09 -5.01428e-11 7.03542e-05)
(3.36645e-09 3.96342e-10 4.60043e-05)
(5.76779e-09 -4.31524e-09 1.90949e-05)
(-7.11431e-09 4.60431e-09 1.90952e-05)
(5.17644e-09 -6.72323e-09 4.60048e-05)
(3.334e-09 6.88574e-10 7.03553e-05)
(-1.08882e-09 1.0162e-09 8.27217e-05)
(1.32834e-09 -5.29221e-10 8.68812e-05)
(-3.31578e-11 -6.41832e-10 8.68809e-05)
(2.09672e-09 2.01661e-09 8.27214e-05)
(-2.19596e-09 2.37422e-09 7.03554e-05)
(-7.17099e-09 -6.15597e-09 4.60047e-05)
(3.62131e-09 2.92577e-09 1.90953e-05)
(-2.25455e-10 2.70816e-09 4.91149e-05)
(-3.18748e-10 -4.86341e-09 9.01627e-05)
(-2.88557e-09 2.66155e-10 0.000104249)
(-1.08776e-11 1.06189e-09 0.000108045)
(-1.29404e-09 -7.13157e-10 0.000108884)
(-1.04195e-10 -6.58051e-10 0.000108884)
(-1.77349e-09 1.2803e-09 0.000108045)
(-2.68949e-11 2.01175e-09 0.000104249)
(-3.09831e-09 -3.92106e-09 9.01634e-05)
(-4.12968e-09 -1.64085e-09 4.91149e-05)
(1.10315e-09 7.91878e-10 7.4577e-05)
(-1.0609e-09 -1.5885e-10 0.000105092)
(-1.62714e-09 -1.62523e-09 0.000109578)
(7.8258e-10 -7.98482e-10 0.000110138)
(3.13821e-11 -3.4336e-10 0.000110211)
(-2.53654e-10 -4.5313e-11 0.000110212)
(-9.59515e-10 -2.79964e-10 0.000110138)
(8.94865e-10 -2.94718e-10 0.000109578)
(1.07069e-09 2.81645e-10 0.000105092)
(-1.30906e-09 -1.47376e-09 7.45769e-05)
(-2.21712e-10 9.39441e-10 8.61141e-05)
(4.64537e-10 -5.78175e-10 0.000108471)
(6.36911e-10 -1.06318e-09 0.000110154)
(3.89491e-10 -1.29735e-09 0.000110253)
(-5.85919e-11 -6.55378e-11 0.000110258)
(3.49389e-11 -2.20388e-10 0.000110258)
(3.92466e-11 4.29011e-11 0.000110253)
(-2.17175e-10 -2.50384e-10 0.000110154)
(1.04726e-10 -4.47609e-10 0.000108471)
(2.23914e-10 6.74955e-11 8.6114e-05)
(-1.48571e-10 1.36446e-09 9.0109e-05)
(5.71695e-10 -8.50084e-10 0.000109182)
(1.39172e-10 -1.10033e-10 0.000110221)
(1.05855e-10 -5.09821e-10 0.000110258)
(1.51163e-10 9.72274e-11 0.000110259)
(1.42219e-10 7.53599e-11 0.000110259)
(1.11064e-10 -5.89213e-10 0.000110258)
(-6.99583e-10 2.72575e-10 0.00011022)
(-7.41813e-10 -1.70968e-10 0.000109181)
(-3.64901e-10 6.65976e-11 9.01091e-05)
(-2.78264e-10 6.75202e-10 9.01092e-05)
(4.86882e-10 -8.61609e-10 0.000109181)
(8.32654e-10 7.48432e-10 0.000110221)
(1.64429e-10 -6.37872e-11 0.000110258)
(5.26367e-10 2.10986e-10 0.000110259)
(1.86103e-10 4.30991e-10 0.000110259)
(3.34176e-10 -4.21589e-10 0.000110258)
(-2.79747e-10 6.54015e-10 0.000110221)
(-7.12068e-10 -1.33344e-10 0.000109181)
(2.75286e-11 2.96232e-10 9.0109e-05)
(4.48096e-11 5.7328e-10 8.61147e-05)
(1.67889e-09 -1.89657e-09 0.000108472)
(1.91023e-09 1.32869e-09 0.000110155)
(-8.22243e-11 -2.16303e-10 0.000110253)
(3.11487e-10 1.6219e-10 0.000110258)
(-4.46559e-11 1.64991e-10 0.000110258)
(6.71663e-10 2.87352e-10 0.000110253)
(-1.9378e-10 7.8188e-10 0.000110155)
(-2.54907e-10 -1.76668e-09 0.000108472)
(2.93505e-10 4.30335e-10 8.61143e-05)
(8.90168e-10 -6.34927e-10 7.45777e-05)
(-3.71039e-10 -3.39508e-09 0.000105092)
(-6.33288e-10 2.44199e-09 0.000109578)
(-6.58875e-10 7.54671e-10 0.000110138)
(6.01308e-11 2.8045e-10 0.000110212)
(7.13228e-11 -2.20593e-10 0.000110212)
(-3.18354e-10 3.96727e-10 0.000110138)
(-3.89558e-10 3.14085e-09 0.000109578)
(-4.69888e-10 -2.23612e-09 0.000105092)
(-1.87074e-09 9.96099e-10 7.45769e-05)
(-9.68402e-10 -2.67458e-09 4.91154e-05)
(-2.25234e-09 -3.10258e-10 9.01635e-05)
(-1.12123e-09 2.60193e-09 0.000104249)
(3.95825e-10 -5.29934e-10 0.000108045)
(-4.69736e-10 -2.37996e-10 0.000108884)
(-5.18283e-10 -1.89108e-10 0.000108884)
(-1.3981e-09 -5.88802e-11 0.000108045)
(-6.19527e-10 3.86994e-09 0.00010425)
(1.1383e-10 8.97093e-10 9.01636e-05)
(-3.23607e-10 -1.48183e-09 4.91153e-05)
(-2.88822e-09 -2.08003e-09 1.90958e-05)
(-7.75195e-11 2.24595e-09 4.60049e-05)
(1.78344e-09 1.07467e-09 7.03559e-05)
(1.01104e-10 -1.4412e-09 8.27218e-05)
(-1.0087e-09 -6.86464e-10 8.68813e-05)
(7.60903e-10 -2.04852e-11 8.68808e-05)
(-1.03218e-09 -3.29265e-10 8.27219e-05)
(-2.29577e-09 1.57912e-09 7.03557e-05)
(4.20659e-10 1.44742e-09 4.60053e-05)
(1.03074e-09 -6.37001e-10 1.90954e-05)
(-7.71891e-09 6.86879e-09 1.90956e-05)
(3.58559e-09 -5.1427e-09 4.60052e-05)
(-1.56941e-09 2.73193e-09 7.03551e-05)
(-3.27266e-09 3.42435e-10 8.27218e-05)
(9.19442e-10 -7.87135e-10 8.68809e-05)
(-1.54099e-09 -3.63458e-10 8.68811e-05)
(2.4124e-09 1.1286e-09 8.2722e-05)
(-8.01728e-10 2.76657e-09 7.03552e-05)
(-4.95048e-09 -5.75545e-09 4.60051e-05)
(5.84432e-09 4.30659e-09 1.90958e-05)
(-4.18911e-09 7.81571e-09 4.91152e-05)
(-1.11009e-09 -3.29273e-09 9.01632e-05)
(-4.90912e-09 2.97263e-09 0.000104249)
(2.59689e-10 -1.53851e-09 0.000108045)
(4.22636e-10 -2.00626e-09 0.000108884)
(-4.02947e-10 -9.77798e-10 0.000108884)
(1.04344e-09 -6.07438e-10 0.000108045)
(5.41266e-09 3.60799e-09 0.000104249)
(9.41759e-10 -2.43887e-09 9.01634e-05)
(1.48673e-09 4.09178e-09 4.91152e-05)
(1.03123e-09 2.97627e-09 7.45772e-05)
(9.76768e-10 -1.06995e-09 0.000105093)
(-9.19476e-10 2.56721e-09 0.000109578)
(1.64145e-09 -2.2839e-09 0.000110138)
(1.15604e-10 -1.11386e-09 0.000110212)
(3.57461e-10 -6.51336e-10 0.000110212)
(-9.28921e-10 -2.24676e-09 0.000110138)
(1.59676e-09 2.27993e-09 0.000109578)
(-5.56755e-10 -4.85995e-10 0.000105092)
(-2.36229e-09 -2.59787e-11 7.45769e-05)
(3.12254e-10 2.33627e-09 8.61144e-05)
(3.66984e-10 -7.84095e-10 0.000108472)
(2.99467e-10 1.6274e-09 0.000110155)
(5.42192e-10 -5.99911e-10 0.000110253)
(-6.78844e-10 -1.673e-10 0.000110258)
(-1.61347e-12 -2.59915e-10 0.000110258)
(-1.16439e-09 -7.92157e-10 0.000110253)
(-8.53341e-10 1.37667e-09 0.000110155)
(7.19711e-11 -1.34649e-09 0.000108471)
(3.14839e-11 -3.86547e-10 8.61141e-05)
(1.16492e-09 1.12234e-09 9.01091e-05)
(5.91792e-10 -6.47194e-10 0.000109182)
(9.16889e-11 1.03267e-10 0.000110221)
(3.98817e-10 -9.74052e-10 0.000110258)
(-2.06437e-10 -4.04477e-10 0.000110259)
(2.73401e-10 6.13382e-11 0.000110259)
(-7.65338e-10 -1.10993e-10 0.000110258)
(-1.17051e-10 4.36279e-10 0.000110221)
(-8.82849e-11 -1.67072e-10 0.000109181)
(-8.34391e-10 5.35703e-10 9.01089e-05)
(4.49781e-10 6.77653e-10 9.01093e-05)
(5.81536e-10 3.41254e-10 0.000109182)
(-1.79102e-11 2.51102e-10 0.000110221)
(-1.2111e-10 -6.36098e-10 0.000110258)
(9.02242e-11 -1.32288e-10 0.000110259)
(-2.79813e-10 1.32727e-10 0.000110259)
(-1.50371e-10 3.47681e-10 0.000110258)
(4.5215e-10 2.94497e-10 0.000110221)
(-4.82537e-10 4.44803e-10 0.000109181)
(-7.00337e-10 -5.74401e-10 9.0109e-05)
(-4.0676e-10 -3.96088e-10 8.61144e-05)
(1.22348e-09 9.49144e-10 0.000108472)
(1.33466e-09 -1.22896e-10 0.000110155)
(4.16797e-10 4.02779e-10 0.000110253)
(2.43507e-10 9.27331e-11 0.000110258)
(-2.97879e-10 1.24427e-10 0.000110258)
(-8.19552e-11 8.41466e-11 0.000110253)
(-9.15224e-10 -4.71892e-10 0.000110155)
(-1.36067e-09 5.05638e-10 0.000108471)
(3.99713e-10 -2.42227e-09 8.61142e-05)
(7.74824e-10 7.63199e-10 7.45775e-05)
(1.80123e-09 -5.18771e-10 0.000105092)
(1.80151e-09 4.96901e-10 0.000109578)
(6.34201e-10 9.8193e-10 0.000110137)
(2.92566e-10 7.10211e-10 0.000110212)
(-5.83156e-11 9.40141e-10 0.000110212)
(-9.42323e-11 6.55687e-10 0.000110138)
(-1.12872e-09 9.368e-10 0.000109578)
(-1.90552e-09 -1.12291e-09 0.000105092)
(9.44707e-10 -4.13733e-09 7.45769e-05)
(1.57212e-09 -6.53917e-10 4.91151e-05)
(6.13363e-10 -1.32974e-10 9.01634e-05)
(-1.21075e-09 1.19046e-09 0.000104249)
(-1.0287e-09 5.65832e-10 0.000108045)
(-6.55886e-10 8.90681e-10 0.000108885)
(1.13342e-10 4.49602e-10 0.000108885)
(1.36464e-09 -2.60126e-11 0.000108046)
(4.02205e-09 6.36109e-10 0.00010425)
(3.17604e-09 -6.34909e-10 9.01636e-05)
(3.39962e-09 -5.86338e-09 4.91152e-05)
(-5.69896e-09 -4.49926e-09 1.90955e-05)
(-1.88962e-09 -2.10802e-10 4.6005e-05)
(-2.95278e-10 5.87206e-10 7.03555e-05)
(-7.8628e-10 -1.74413e-10 8.2722e-05)
(-8.11454e-10 -9.11563e-11 8.68815e-05)
(3.51708e-10 -3.52147e-10 8.68814e-05)
(1.0727e-09 -1.07977e-09 8.27224e-05)
(4.51807e-10 -1.79506e-10 7.03562e-05)
(3.11846e-09 3.50555e-10 4.60057e-05)
(7.47266e-09 -5.57984e-09 1.90958e-05)
(-8.03188e-09 4.82569e-09 1.90952e-05)
(4.66519e-09 -6.83427e-09 4.60042e-05)
(3.23379e-09 1.26749e-09 7.03545e-05)
(-6.12888e-10 1.34493e-09 8.27215e-05)
(1.1746e-09 6.88302e-11 8.68805e-05)
(1.98271e-10 -1.01558e-09 8.68809e-05)
(2.0141e-09 1.55893e-09 8.27222e-05)
(-1.82978e-09 2.07159e-09 7.03552e-05)
(-5.67633e-09 -6.45122e-09 4.6005e-05)
(2.33267e-09 1.1352e-09 1.90955e-05)
(3.28451e-10 1.62393e-09 4.91146e-05)
(2.25086e-10 -4.08332e-09 9.0163e-05)
(-2.04805e-09 7.30581e-10 0.000104248)
(-1.76162e-10 6.92553e-10 0.000108045)
(-1.29868e-09 -4.42304e-10 0.000108884)
(-5.46981e-11 -1.16015e-09 0.000108884)
(-1.69949e-09 1.20585e-09 0.000108045)
(1.45679e-09 1.63622e-09 0.000104248)
(-8.92956e-10 -4.73894e-09 9.01635e-05)
(-1.74751e-09 1.7567e-10 4.91154e-05)
(1.58603e-09 9.25834e-10 7.45771e-05)
(-7.18022e-10 2.73288e-10 0.000105093)
(-1.36367e-09 -1.82414e-09 0.000109579)
(8.94662e-10 -1.02003e-09 0.000110138)
(-1.95558e-10 -5.38935e-10 0.000110211)
(-3.10105e-10 -3.29978e-10 0.000110211)
(-4.56692e-10 -3.42974e-10 0.000110138)
(1.62291e-09 -1.28889e-09 0.000109578)
(1.52786e-09 -1.12252e-10 0.000105093)
(-2.07463e-10 9.05225e-10 7.45774e-05)
(-8.02744e-11 1.07259e-09 8.61144e-05)
(7.43645e-10 -8.14127e-10 0.000108471)
(1.16056e-09 -7.95788e-10 0.000110155)
(6.38445e-10 -7.209e-10 0.000110253)
(8.24101e-11 -1.70656e-10 0.000110258)
(-7.28245e-11 -3.56825e-10 0.000110258)
(-6.44949e-10 -2.08391e-10 0.000110253)
(-1.11013e-09 -9.4313e-10 0.000110155)
(-9.06107e-10 -7.69554e-10 0.000108471)
(2.64958e-10 1.60911e-09 8.61145e-05)
(6.06717e-11 1.31373e-09 9.01091e-05)
(4.15252e-10 -4.61261e-10 0.000109181)
(2.30364e-10 2.98762e-10 0.000110221)
(-2.28187e-10 -6.66954e-10 0.000110258)
(-2.51029e-10 -1.57718e-10 0.000110259)
(3.15639e-11 5.56791e-11 0.000110259)
(3.3133e-10 7.99215e-12 0.000110258)
(-1.90684e-10 3.85041e-10 0.000110221)
(-8.45704e-10 -3.76269e-10 0.000109181)
(-2.35871e-10 4.76074e-10 9.01089e-05)
(-3.35533e-10 9.5717e-10 9.01091e-05)
(1.63243e-10 -8.89857e-10 0.000109181)
(7.38107e-11 3.38757e-10 0.000110221)
(-4.06042e-10 -2.34877e-10 0.000110259)
(1.6613e-10 -1.02833e-10 0.000110259)
(-3.05735e-10 1.93533e-10 0.000110259)
(-3.24223e-11 -7.98466e-11 0.000110258)
(-5.45166e-11 1.03562e-09 0.000110221)
(-1.77857e-10 -2.44761e-10 0.000109181)
(1.35512e-10 4.66762e-10 9.0109e-05)
(1.24491e-11 2.08079e-09 8.61141e-05)
(8.0221e-10 -1.56382e-09 0.000108471)
(1.40921e-09 8.25711e-10 0.000110155)
(-3.11949e-10 -4.65005e-10 0.000110253)
(9.99713e-11 2.54679e-10 0.000110258)
(3.24305e-10 3.8266e-10 0.000110258)
(4.47705e-10 1.01428e-10 0.000110253)
(-1.83821e-09 1.50324e-09 0.000110155)
(-1.64651e-09 -1.59036e-09 0.000108471)
(-4.10664e-11 7.55522e-10 8.61141e-05)
(1.60385e-09 5.38975e-10 7.45769e-05)
(4.60973e-10 -2.81879e-09 0.000105092)
(-2.66609e-10 2.07352e-09 0.000109579)
(-5.7237e-10 5.03498e-10 0.000110138)
(3.14329e-10 8.17069e-10 0.000110212)
(9.23516e-11 8.38649e-10 0.000110212)
(2.46163e-10 6.84063e-10 0.000110138)
(-5.09942e-10 3.3147e-09 0.000109578)
(-1.39306e-09 -2.73245e-09 0.000105092)
(-1.45484e-09 -8.3567e-10 7.45764e-05)
(1.08517e-09 -9.28209e-10 4.91151e-05)
(-2.71487e-09 -4.91221e-10 9.01635e-05)
(-2.70155e-09 1.726e-09 0.000104249)
(-1.98226e-11 -4.97566e-10 0.000108045)
(-5.77604e-10 6.67939e-10 0.000108885)
(7.47436e-10 4.07859e-10 0.000108885)
(3.52544e-11 -3.42248e-10 0.000108045)
(2.67961e-10 4.34734e-09 0.000104249)
(1.66463e-09 -9.53669e-10 9.01627e-05)
(1.7928e-09 -5.33502e-09 4.91143e-05)
(-2.03227e-09 -1.42819e-09 1.90956e-05)
(9.46596e-10 2.50905e-09 4.60055e-05)
(1.82194e-09 6.58437e-10 7.03551e-05)
(7.1975e-10 -1.28011e-09 8.27216e-05)
(-5.73347e-10 -1.28893e-10 8.68811e-05)
(6.62375e-10 6.77888e-11 8.68814e-05)
(4.41037e-11 -1.00478e-09 8.27221e-05)
(-9.41209e-10 1.77056e-09 7.03549e-05)
(3.11197e-09 4.20593e-10 4.60045e-05)
(6.16505e-09 -4.94618e-09 1.90952e-05)
(-9.87846e-09 6.64107e-09 1.90952e-05)
(3.94197e-09 -6.39049e-09 4.60044e-05)
(1.99899e-09 1.6187e-09 7.03553e-05)
(-2.45819e-09 2.32534e-09 8.27216e-05)
(9.07123e-10 4.01957e-11 8.68812e-05)
(2.73636e-11 1.36756e-10 8.68809e-05)
(2.35866e-09 9.73251e-10 8.27217e-05)
(-2.46104e-09 -2.68759e-10 7.03554e-05)
(-4.63882e-09 -6.89865e-09 4.60046e-05)
(7.60528e-09 5.11505e-09 1.90952e-05)
(-1.19459e-09 4.13324e-09 4.91147e-05)
(4.86995e-11 -4.75187e-09 9.01626e-05)
(-3.0325e-09 1.15892e-09 0.000104249)
(2.33642e-10 1.24909e-09 0.000108045)
(-5.37743e-10 -1.05534e-09 0.000108884)
(8.52741e-10 -4.34038e-10 0.000108884)
(5.58246e-10 4.73894e-10 0.000108045)
(4.60685e-09 5.16168e-10 0.000104249)
(2.13383e-09 -2.41973e-09 9.01629e-05)
(-1.0869e-09 1.21461e-09 4.91144e-05)
(4.28175e-10 2.35818e-09 7.4577e-05)
(7.97836e-11 -1.04359e-09 0.000105092)
(-9.23123e-10 -6.62152e-10 0.000109578)
(4.86566e-10 -9.0137e-10 0.000110138)
(-7.85916e-11 -8.74921e-10 0.000110211)
(2.01686e-10 -6.33256e-10 0.000110212)
(-1.25831e-09 -7.35428e-10 0.000110138)
(2.45246e-10 -8.2769e-10 0.000109578)
(1.23122e-09 1.73646e-09 0.000105092)
(-6.02961e-10 3.27939e-10 7.45768e-05)
(-1.48693e-10 1.77285e-09 8.61142e-05)
(3.35068e-10 -9.22785e-10 0.000108472)
(1.64839e-10 -7.43371e-11 0.000110155)
(5.36239e-11 -1.6362e-10 0.000110253)
(1.92994e-10 5.02092e-10 0.000110258)
(4.73014e-13 -3.26011e-10 0.000110258)
(-4.08701e-10 -3.15504e-10 0.000110253)
(-6.34526e-10 -6.65588e-10 0.000110154)
(-9.9617e-11 -5.9375e-10 0.000108472)
(9.22362e-10 1.26e-09 8.6114e-05)
(9.1631e-10 2.85218e-10 9.01091e-05)
(1.23642e-09 -7.22507e-10 0.000109181)
(-1.96719e-10 4.39408e-10 0.00011022)
(-4.58513e-10 2.10724e-10 0.000110258)
(1.53266e-10 5.71753e-10 0.000110259)
(2.00423e-10 -2.45184e-11 0.00011026)
(2.77062e-10 -4.77118e-10 0.000110258)
(4.35807e-11 -2.67655e-11 0.000110221)
(-7.91584e-10 -6.37855e-10 0.000109181)
(-4.53099e-10 1.32575e-10 9.0109e-05)
(-5.87483e-11 2.06855e-11 9.01093e-05)
(3.46023e-10 -8.19841e-10 0.000109181)
(4.76748e-10 9.92386e-10 0.000110221)
(-1.51291e-10 2.99335e-10 0.000110259)
(-1.68889e-10 5.30713e-10 0.000110259)
(1.0701e-12 2.89738e-10 0.000110259)
(1.52897e-10 1.28048e-10 0.000110258)
(-2.94163e-10 6.52429e-10 0.000110221)
(-3.49146e-10 -5.78393e-10 0.000109181)
(6.58044e-11 2.2675e-10 9.01086e-05)
(-1.2073e-09 -4.22588e-10 8.61146e-05)
(1.22505e-10 -1.46122e-09 0.000108472)
(1.57988e-09 1.72191e-09 0.000110155)
(1.12328e-11 -5.5491e-11 0.000110253)
(2.11131e-10 9.37571e-10 0.000110258)
(-2.20517e-10 8.06835e-10 0.000110258)
(-1.30232e-10 -7.85294e-12 0.000110253)
(-1.60793e-09 1.33026e-09 0.000110155)
(-4.8395e-10 -1.10816e-09 0.000108472)
(9.27602e-10 4.17681e-10 8.61142e-05)
(-1.48422e-10 5.12186e-10 7.45776e-05)
(-7.76752e-10 -3.75619e-09 0.000105092)
(7.08256e-10 2.44205e-09 0.000109578)
(-7.36184e-11 8.18834e-10 0.000110138)
(1.33065e-10 1.09091e-09 0.000110212)
(-8.54645e-10 9.61677e-10 0.000110212)
(-9.45402e-10 8.28313e-10 0.000110138)
(-1.19219e-09 2.64107e-09 0.000109578)
(-1.63119e-09 -2.63531e-09 0.000105092)
(-1.86111e-09 5.73098e-10 7.45771e-05)
(5.44979e-10 -2.05872e-09 4.91157e-05)
(-2.50853e-09 -3.04976e-09 9.01633e-05)
(-2.25136e-09 2.18525e-09 0.000104249)
(-6.02067e-10 4.36464e-10 0.000108045)
(-4.26024e-10 8.30942e-10 0.000108884)
(2.18486e-10 6.90558e-10 0.000108885)
(4.46849e-10 5.73658e-10 0.000108045)
(2.50972e-09 2.37808e-09 0.000104249)
(1.68197e-09 -1.78116e-10 9.01629e-05)
(1.49032e-10 -2.34655e-09 4.91149e-05)
(-3.02649e-09 -3.04391e-09 1.90957e-05)
(-4.36092e-09 -1.48393e-09 4.60052e-05)
(-1.68857e-09 5.45863e-10 7.03554e-05)
(-7.2274e-10 -5.025e-10 8.27219e-05)
(-1.32132e-09 1.19353e-10 8.68809e-05)
(3.24611e-11 3.6045e-10 8.68812e-05)
(-3.45754e-10 -7.92585e-10 8.27217e-05)
(-1.55351e-09 9.35487e-10 7.03551e-05)
(2.07121e-10 2.44515e-09 4.60045e-05)
(3.79704e-09 -2.46931e-09 1.90951e-05)
(-5.44828e-09 2.48951e-09 1.90954e-05)
(7.26848e-09 -7.16195e-09 4.60053e-05)
(2.64286e-09 2.29327e-09 7.03558e-05)
(-8.81869e-10 5.37158e-10 8.27221e-05)
(1.83331e-09 -8.35959e-10 8.68815e-05)
(-8.25395e-10 -2.23332e-10 8.68817e-05)
(3.16172e-09 1.07278e-09 8.27221e-05)
(-1.22204e-09 2.11303e-09 7.03555e-05)
(-5.43031e-09 -6.17156e-09 4.60048e-05)
(4.7682e-09 3.09134e-09 1.9095e-05)
(-3.48288e-10 1.29105e-09 4.91152e-05)
(1.33575e-09 -4.05438e-09 9.0163e-05)
(-2.46743e-09 3.09198e-09 0.000104249)
(3.28242e-10 -9.4202e-10 0.000108045)
(-2.631e-10 -9.35113e-10 0.000108884)
(-7.39867e-10 -3.24429e-10 0.000108884)
(-9.45326e-10 2.68386e-10 0.000108046)
(1.58567e-09 3.23602e-09 0.000104249)
(-2.39634e-09 -5.41995e-09 9.01626e-05)
(-4.83036e-11 1.90515e-09 4.91142e-05)
(2.14692e-09 2.5538e-10 7.45766e-05)
(-5.64093e-10 -8.85153e-10 0.000105092)
(-2.87523e-09 2.04709e-09 0.000109578)
(8.58266e-10 -2.64153e-09 0.000110138)
(-3.82186e-10 -7.01951e-10 0.000110212)
(1.65771e-10 -8.061e-10 0.000110212)
(-7.54037e-10 -1.14719e-09 0.000110138)
(1.80878e-09 3.2324e-09 0.000109578)
(-4.68863e-10 -1.36349e-09 0.000105091)
(-2.54705e-09 -3.71352e-10 7.45764e-05)
(5.98747e-10 1.38494e-11 8.61137e-05)
(4.47408e-10 -1.24779e-09 0.000108471)
(7.93192e-10 1.25759e-09 0.000110155)
(9.93782e-10 -1.09339e-09 0.000110253)
(-5.885e-10 -5.41546e-10 0.000110258)
(-2.18502e-10 -4.89525e-10 0.000110258)
(-1.20003e-09 -4.32615e-10 0.000110253)
(-5.08415e-10 1.79987e-09 0.000110154)
(-5.74352e-10 -1.0429e-09 0.000108471)
(-1.00024e-09 -1.33069e-10 8.61138e-05)
(7.34112e-10 6.83202e-10 9.01086e-05)
(-8.92561e-11 -2.38114e-10 0.000109181)
(2.01362e-11 1.02338e-09 0.00011022)
(3.37639e-10 -3.462e-10 0.000110258)
(-5.45726e-10 2.63816e-10 0.000110259)
(1.72277e-10 -1.12828e-10 0.000110259)
(-6.69399e-10 -3.40957e-10 0.000110258)
(-1.34817e-10 2.8854e-10 0.00011022)
(-3.15153e-10 -1.17413e-09 0.000109181)
(-9.91343e-10 -2.44754e-10 9.0109e-05)
(4.11265e-10 2.15869e-10 9.01091e-05)
(3.55238e-11 2.29405e-10 0.000109181)
(-2.84137e-10 1.18971e-09 0.000110221)
(-3.06155e-10 -4.00331e-10 0.000110258)
(-6.13706e-10 4.28169e-10 0.000110259)
(-4.91485e-10 1.34736e-10 0.000110259)
(-3.87949e-10 -4.93007e-10 0.000110258)
(-3.48205e-10 5.44334e-10 0.000110221)
(-7.62947e-10 -1.1733e-10 0.000109182)
(-5.67151e-10 -1.09279e-09 9.01091e-05)
(-7.2749e-10 1.85866e-10 8.61144e-05)
(-3.36024e-11 2.14577e-10 0.000108472)
(6.14538e-10 2.21351e-10 0.000110155)
(-5.90055e-10 -1.8952e-10 0.000110252)
(-5.33106e-10 4.65608e-10 0.000110258)
(-5.65221e-10 8.43766e-10 0.000110258)
(-4.66054e-10 3.06183e-10 0.000110253)
(-7.72787e-10 8.09898e-11 0.000110154)
(-1.47794e-09 1.28375e-10 0.000108472)
(7.49739e-11 -2.68756e-09 8.61142e-05)
(4.02987e-10 -1.67859e-10 7.45774e-05)
(3.63429e-10 -1.61952e-09 0.000105092)
(1.45965e-11 8.88558e-10 0.000109578)
(-2.13938e-10 3.58871e-10 0.000110137)
(5.03803e-10 7.90543e-11 0.000110211)
(8.41707e-11 7.07549e-10 0.000110211)
(5.47928e-10 5.65411e-10 0.000110137)
(9.56729e-10 1.45599e-09 0.000109578)
(1.76999e-10 -5.09618e-10 0.000105092)
(1.25167e-09 -3.54133e-09 7.4578e-05)
(-3.51892e-10 -1.55958e-09 4.9115e-05)
(-5.58242e-10 8.79224e-10 9.01629e-05)
(-2.65158e-10 1.8134e-09 0.000104249)
(5.12716e-10 -4.21309e-10 0.000108045)
(2.07541e-10 -2.97333e-10 0.000108884)
(7.30112e-11 1.39584e-10 0.000108884)
(1.60223e-10 -4.67333e-10 0.000108045)
(5.55419e-10 2.49768e-09 0.000104249)
(7.90576e-10 1.55401e-09 9.01635e-05)
(3.05559e-09 -4.50616e-09 4.91155e-05)
(-2.821e-09 -1.89081e-09 1.90951e-05)
(6.75519e-10 3.02625e-09 4.60043e-05)
(2.46245e-09 1.29967e-09 7.03549e-05)
(1.33992e-09 -7.40699e-10 8.27219e-05)
(2.46678e-10 -1.96047e-10 8.68808e-05)
(7.04761e-10 -3.24696e-10 8.68811e-05)
(-1.15061e-10 -7.84516e-10 8.27218e-05)
(-9.80123e-10 6.93064e-10 7.03557e-05)
(6.33218e-10 1.2229e-09 4.60051e-05)
(4.07733e-09 -3.57812e-09 1.90956e-05)
(-6.57394e-09 5.51759e-09 1.9095e-05)
(3.35043e-09 -5.39074e-09 4.60048e-05)
(-2.32855e-09 3.70531e-09 7.03553e-05)
(-3.6155e-09 9.24027e-10 8.27221e-05)
(9.27626e-10 -5.40497e-10 8.68812e-05)
(-4.70975e-10 -4.49776e-10 8.68813e-05)
(4.0389e-09 1.88123e-09 8.2722e-05)
(2.55735e-10 3.19348e-09 7.03553e-05)
(-3.57031e-09 -5.81414e-09 4.60051e-05)
(7.47606e-09 5.43395e-09 1.90951e-05)
(-3.67264e-09 6.46142e-09 4.91147e-05)
(-6.11667e-10 -3.1157e-09 9.01632e-05)
(-4.75191e-09 3.85666e-09 0.000104248)
(-1.07639e-10 -1.19026e-09 0.000108046)
(5.41919e-10 -2.13608e-09 0.000108885)
(9.78446e-10 -1.40894e-09 0.000108885)
(2.42364e-09 1.23955e-10 0.000108046)
(6.5894e-09 5.27458e-09 0.000104249)
(1.86289e-09 -2.5346e-09 9.01632e-05)
(1.69264e-09 4.24408e-09 4.91148e-05)
(6.43526e-10 3.43991e-09 7.45764e-05)
(4.92003e-10 3.30436e-11 0.000105092)
(-9.16354e-10 2.68555e-09 0.000109578)
(1.22307e-09 -2.64825e-09 0.000110138)
(-5.65706e-10 -1.46047e-09 0.000110211)
(-2.904e-10 -1.34924e-09 0.000110211)
(-1.20997e-09 -2.10743e-09 0.000110137)
(1.03416e-09 3.57721e-09 0.000109578)
(-7.84496e-10 9.00292e-10 0.000105092)
(-1.5411e-09 1.19297e-09 7.45773e-05)
(2.3298e-10 2.48558e-09 8.61135e-05)
(2.1815e-10 -3.11392e-10 0.000108471)
(3.58556e-10 2.04469e-09 0.000110155)
(8.02024e-10 -1.49951e-09 0.000110253)
(-7.96553e-10 -3.37296e-10 0.000110258)
(-2.90925e-10 -3.34526e-10 0.000110258)
(-1.6149e-09 -5.91832e-10 0.000110252)
(-1.14039e-09 1.92068e-09 0.000110155)
(-1.25375e-10 -1.63959e-13 0.000108471)
(-1.26014e-10 1.01825e-09 8.6114e-05)
(9.48892e-10 1.07044e-09 9.01088e-05)
(5.77594e-10 5.54721e-10 0.000109181)
(2.31779e-10 3.68758e-10 0.000110221)
(2.31497e-10 -8.2122e-10 0.000110258)
(-1.3518e-10 -4.50012e-10 0.000110259)
(5.19621e-10 2.02035e-10 0.000110259)
(-8.95133e-10 -3.56627e-10 0.000110258)
(-5.53306e-10 7.69498e-10 0.000110221)
(-4.39346e-10 -1.48241e-10 0.000109181)
(-9.57857e-10 6.41037e-10 9.01088e-05)
(1.09804e-09 7.14982e-10 9.01089e-05)
(3.64783e-10 1.07038e-09 0.000109181)
(-6.62189e-11 8.53244e-10 0.000110221)
(3.44423e-10 -5.49409e-10 0.000110258)
(-1.33886e-10 1.27796e-10 0.000110259)
(1.0622e-10 1.99038e-10 0.000110259)
(-2.85574e-10 -5.44573e-10 0.000110258)
(-4.26194e-10 4.8196e-10 0.000110221)
(-1.10695e-09 -7.40893e-10 0.000109181)
(-8.91809e-10 -1.22324e-09 9.01095e-05)
(-9.65951e-10 -9.93178e-10 8.61139e-05)
(7.1844e-10 1.61806e-09 0.000108471)
(1.61744e-09 9.5017e-10 0.000110154)
(7.57965e-10 1.49642e-10 0.000110252)
(2.49497e-10 1.21989e-10 0.000110258)
(-3.70601e-10 4.4081e-10 0.000110258)
(-3.04958e-10 -3.25685e-10 0.000110252)
(-1.5169e-09 -4.51731e-10 0.000110155)
(-1.13182e-09 -5.84058e-10 0.000108471)
(8.44706e-10 -2.52271e-09 8.61146e-05)
(1.26536e-10 7.72583e-10 7.45766e-05)
(3.54621e-10 -2.72277e-10 0.000105092)
(6.01505e-10 6.64592e-10 0.000109578)
(-8.54341e-11 5.898e-10 0.000110137)
(-2.96688e-11 2.55968e-10 0.000110211)
(-5.19321e-10 1.11159e-09 0.000110211)
(-7.50516e-10 1.68149e-09 0.000110137)
(-1.20428e-09 9.98834e-10 0.000109578)
(-1.63285e-09 -1.78556e-09 0.000105092)
(9.28891e-10 -4.10892e-09 7.45776e-05)
(1.33264e-09 -4.0087e-11 4.91141e-05)
(1.02258e-09 1.23006e-09 9.01623e-05)
(-5.58773e-10 9.98657e-10 0.000104248)
(-1.90089e-10 -1.69006e-10 0.000108045)
(4.31087e-10 5.81415e-10 0.000108884)
(9.40471e-10 8.95835e-10 0.000108884)
(6.93705e-10 6.3799e-10 0.000108045)
(2.55694e-09 1.64254e-09 0.000104249)
(2.98802e-09 -1.28674e-09 9.01633e-05)
(3.87173e-09 -6.66704e-09 4.9115e-05)
(4.54463e-10 -4.02362e-11 1.90947e-05)
(1.57982e-09 2.73192e-09 4.60043e-05)
(1.85766e-09 1.02671e-09 7.03551e-05)
(1.30048e-09 -2.493e-11 8.27221e-05)
(3.31576e-10 1.40992e-10 8.68811e-05)
(5.29191e-10 -2.04473e-10 8.68813e-05)
(7.68884e-10 -1.03887e-09 8.27226e-05)
(4.55765e-10 -1.8345e-10 7.03558e-05)
(2.23898e-09 1.21599e-09 4.60052e-05)
(6.89426e-09 -4.99054e-09 1.90956e-05)
(-1.22498e-08 9.46822e-09 1.90953e-05)
(2.59423e-10 -3.96728e-09 4.60046e-05)
(-2.36983e-10 1.34155e-09 7.03551e-05)
(-2.80559e-09 1.80152e-09 8.27219e-05)
(3.44865e-10 1.94954e-10 8.68807e-05)
(-1.24052e-09 5.57305e-11 8.68804e-05)
(7.25058e-10 1.70008e-09 8.27212e-05)
(-3.94979e-09 1.03064e-09 7.03547e-05)
(-7.50752e-09 -8.58558e-09 4.60044e-05)
(4.57606e-09 3.05463e-09 1.90951e-05)
(-4.41809e-09 8.09657e-09 4.9115e-05)
(-3.27062e-09 -1.73686e-09 9.01636e-05)
(-3.57731e-09 -5.22728e-10 0.000104249)
(2.91098e-10 3.25939e-10 0.000108045)
(-3.85861e-10 -1.50324e-09 0.000108884)
(8.72011e-10 -7.92551e-10 0.000108884)
(9.32257e-10 7.48847e-10 0.000108045)
(3.97434e-09 1.494e-09 0.000104248)
(3.4981e-11 -3.63728e-09 9.01635e-05)
(-2.25046e-09 3.52482e-10 4.9115e-05)
(-2.01212e-11 4.49589e-09 7.45772e-05)
(1.6439e-10 4.85538e-10 0.000105092)
(-8.25746e-10 -1.5699e-09 0.000109578)
(5.07053e-10 -1.26929e-09 0.000110137)
(2.93744e-10 -1.42358e-09 0.000110211)
(1.21877e-10 -1.08094e-09 0.000110211)
(-1.49413e-09 -1.47705e-09 0.000110137)
(-9.03296e-12 -9.20729e-10 0.000109579)
(9.58918e-10 1.66346e-09 0.000105093)
(-7.37722e-11 1.21243e-09 7.45773e-05)
(2.90896e-10 3.50126e-09 8.61144e-05)
(2.32536e-09 -5.77046e-10 0.000108472)
(1.17034e-09 -3.28611e-10 0.000110155)
(-8.71263e-12 -2.31383e-10 0.000110252)
(-4.60847e-10 -1.59748e-10 0.000110258)
(-7.38856e-10 -5.61149e-10 0.000110258)
(-6.54966e-10 -4.37593e-10 0.000110252)
(-1.54436e-09 -7.28014e-10 0.000110155)
(-1.01049e-09 -8.90645e-10 0.000108471)
(6.92607e-10 1.09786e-09 8.61143e-05)
(2.78336e-10 1.29453e-09 9.01092e-05)
(6.90096e-10 -2.62789e-10 0.000109181)
(-7.33323e-12 1.15278e-10 0.000110221)
(-2.45949e-10 4.78074e-11 0.000110258)
(-3.82065e-11 -1.85528e-10 0.000110259)
(1.01791e-11 -2.17901e-10 0.000110259)
(2.09438e-10 -1.24024e-10 0.000110258)
(6.16215e-11 -1.06369e-10 0.000110221)
(-6.46129e-10 -6.56391e-10 0.000109181)
(-3.71559e-10 1.02844e-09 9.01089e-05)
(7.73812e-11 9.36091e-10 9.01093e-05)
(1.87887e-10 -3.32819e-10 0.000109181)
(5.92181e-10 4.95486e-10 0.000110221)
(3.94929e-10 -7.36001e-10 0.000110258)
(2.00264e-10 -3.17879e-10 0.000110259)
(-5.22742e-11 1.12578e-10 0.000110259)
(3.32506e-10 1.3269e-10 0.000110258)
(-4.98582e-10 6.64701e-10 0.000110221)
(-1.02533e-09 -5.45396e-10 0.000109181)
(-1.28781e-12 5.67484e-10 9.01092e-05)
(-5.43827e-10 1.19295e-09 8.6114e-05)
(8.75369e-10 -1.26204e-09 0.000108471)
(1.84382e-09 6.11531e-10 0.000110155)
(-1.32733e-10 -1.66201e-09 0.000110252)
(5.28442e-10 -5.22958e-10 0.000110258)
(-1.5214e-11 -2.09182e-10 0.000110258)
(-1.36885e-10 -4.11995e-10 0.000110252)
(-1.96205e-09 6.05282e-10 0.000110155)
(-1.58607e-09 -1.55893e-09 0.000108471)
(4.01371e-10 4.27299e-10 8.61146e-05)
(2.39521e-09 1.42937e-09 7.45768e-05)
(1.90167e-09 -4.27874e-09 0.000105092)
(2.50181e-09 1.87274e-09 0.000109578)
(9.07015e-10 4.42785e-10 0.000110137)
(4.19166e-10 1.12186e-09 0.000110211)
(-3.23977e-10 2.10582e-10 0.000110211)
(-7.95193e-10 3.13498e-10 0.000110138)
(-1.43886e-09 2.13363e-09 0.000109579)
(-1.83091e-09 -3.63424e-09 0.000105092)
(-1.71429e-09 -3.35349e-10 7.45767e-05)
(2.78721e-11 -3.44234e-09 4.91147e-05)
(-1.99366e-09 -3.20008e-09 9.01632e-05)
(-1.63771e-09 1.72237e-09 0.000104248)
(9.34495e-11 1.00296e-09 0.000108045)
(4.91549e-12 1.71631e-09 0.000108884)
(8.14754e-10 4.1892e-10 0.000108884)
(7.15497e-10 -9.79904e-11 0.000108045)
(2.85454e-09 2.13025e-09 0.000104249)
(2.66614e-09 -1.15824e-09 9.01633e-05)
(2.58644e-09 -6.34385e-09 4.91147e-05)
(-6.41238e-09 -5.29224e-09 1.90952e-05)
(-5.27749e-09 -8.9557e-10 4.60049e-05)
(-3.5194e-09 -3.5901e-10 7.0355e-05)
(-1.54251e-09 -4.97905e-10 8.27214e-05)
(-8.43721e-10 2.09287e-10 8.6881e-05)
(1.33816e-09 -3.28334e-10 8.68807e-05)
(7.88322e-10 -1.21281e-09 8.2722e-05)
(-1.09235e-10 5.15727e-10 7.03552e-05)
(4.20591e-09 8.94065e-10 4.60049e-05)
(1.06015e-08 -8.1209e-09 1.90952e-05)
(-1.2515e-08 9.68609e-09 1.90955e-05)
(-5.93663e-10 -3.23598e-09 4.60052e-05)
(-1.00279e-09 2.69709e-09 7.03551e-05)
(-3.59446e-09 1.21406e-09 8.27215e-05)
(-2.73958e-10 -7.20329e-10 8.68805e-05)
(-8.61716e-10 -7.25473e-11 8.68806e-05)
(1.29476e-09 2.03574e-09 8.27213e-05)
(-3.59535e-09 1.0082e-09 7.03544e-05)
(-5.97424e-09 -7.30614e-09 4.60041e-05)
(7.42527e-09 5.32724e-09 1.90948e-05)
(-3.41441e-09 8.08575e-09 4.91153e-05)
(-7.77733e-10 -3.02028e-09 9.01639e-05)
(-3.50262e-09 2.67837e-10 0.000104249)
(5.08939e-10 -3.05947e-10 0.000108044)
(2.08107e-10 -1.66167e-09 0.000108884)
(9.99639e-10 -4.99814e-10 0.000108884)
(6.48298e-10 1.71281e-09 0.000108045)
(4.12822e-09 1.73476e-09 0.000104249)
(8.46149e-10 -2.95604e-09 9.0163e-05)
(-1.11916e-09 1.96325e-09 4.91145e-05)
(1.30104e-09 2.78076e-09 7.4577e-05)
(2.05677e-09 -9.2252e-10 0.000105093)
(7.23997e-10 -1.96791e-09 0.000109578)
(1.40524e-09 -1.0081e-09 0.000110137)
(-6.09413e-11 -6.30838e-10 0.000110211)
(-4.42242e-10 -1.50332e-10 0.000110211)
(-8.83864e-10 -5.48638e-10 0.000110137)
(7.98111e-10 -5.39753e-10 0.000109578)
(1.19064e-09 1.32175e-09 0.000105092)
(1.87335e-10 1.4292e-09 7.45763e-05)
(2.89399e-10 1.12469e-09 8.61145e-05)
(1.50571e-09 -7.65274e-10 0.000108471)
(7.68865e-10 -9.00771e-10 0.000110155)
(-3.4985e-10 -2.22334e-10 0.000110253)
(6.86142e-11 8.56884e-11 0.000110258)
(2.23704e-10 4.92344e-10 0.000110258)
(7.31064e-11 8.01453e-11 0.000110253)
(-1.25677e-09 -1.00649e-09 0.000110155)
(-9.80568e-10 -1.06089e-09 0.000108471)
(8.86441e-10 1.4748e-09 8.6114e-05)
(2.17314e-10 4.48714e-10 9.01088e-05)
(2.13715e-10 -1.00676e-09 0.000109181)
(-9.19525e-11 -5.7e-10 0.000110221)
(-3.34688e-10 -3.88985e-10 0.000110258)
(-2.20254e-10 1.11402e-12 0.000110259)
(2.36585e-10 2.8802e-11 0.000110259)
(4.99506e-10 -7.29606e-11 0.000110258)
(2.33981e-11 -3.18159e-10 0.000110221)
(-1.16128e-09 -7.2411e-10 0.000109181)
(-6.21662e-10 9.91661e-10 9.0109e-05)
(-2.93599e-10 6.1332e-10 9.01091e-05)
(5.38756e-10 -3.06043e-10 0.000109181)
(5.68846e-10 7.34652e-10 0.000110221)
(-9.84962e-11 -1.36459e-10 0.000110258)
(-9.37537e-12 4.36757e-11 0.000110259)
(-3.69133e-10 3.1793e-12 0.000110259)
(5.83876e-10 -1.81197e-10 0.000110258)
(-2.02793e-10 8.09305e-10 0.000110221)
(-2.03428e-10 -9.31009e-10 0.000109181)
(6.89939e-10 2.56003e-10 9.01087e-05)
(-7.88692e-10 4.59775e-10 8.61143e-05)
(3.27103e-10 -8.3743e-10 0.000108472)
(1.27497e-09 1.49733e-09 0.000110155)
(1.26993e-10 -5.74007e-10 0.000110253)
(4.54126e-10 4.34411e-11 0.000110258)
(-5.03574e-10 1.8807e-10 0.000110258)
(3.4761e-10 -2.87557e-10 0.000110253)
(-1.465e-09 6.28873e-10 0.000110155)
(-9.43088e-10 -1.62565e-09 0.000108471)
(1.09356e-09 5.22367e-10 8.61142e-05)
(9.02691e-10 1.96782e-09 7.45767e-05)
(-1.12913e-10 -3.34654e-09 0.000105092)
(7.79003e-10 1.44463e-09 0.000109579)
(-2.14574e-10 2.95996e-10 0.000110138)
(6.23675e-10 6.60486e-10 0.000110212)
(-2.71796e-10 6.48569e-10 0.000110211)
(-1.29271e-09 9.26238e-10 0.000110138)
(-1.48647e-09 2.10143e-09 0.000109578)
(-1.13758e-09 -3.93024e-09 0.000105092)
(-1.49128e-09 6.00965e-10 7.45764e-05)
(2.73376e-09 -4.83652e-10 4.91146e-05)
(-2.26961e-10 -1.46835e-09 9.01633e-05)
(-4.59894e-10 1.94703e-09 0.000104249)
(5.70947e-10 -3.82371e-10 0.000108045)
(1.99311e-10 1.02992e-09 0.000108884)
(1.10407e-09 8.28176e-10 0.000108884)
(1.18558e-10 5.49081e-10 0.000108045)
(3.12132e-09 1.89991e-09 0.000104249)
(3.32023e-09 -2.77876e-09 9.01633e-05)
(4.29457e-10 -3.47971e-09 4.91146e-05)
(-3.31449e-09 -3.86064e-09 1.9095e-05)
(-7.30055e-10 2.33047e-10 4.60039e-05)
(7.24673e-12 1.24697e-09 7.03544e-05)
(6.78823e-10 -9.70569e-10 8.27213e-05)
(4.96929e-10 2.42382e-10 8.68804e-05)
(3.42141e-10 8.49807e-11 8.68805e-05)
(-1.92649e-10 -7.95343e-10 8.27211e-05)
(1.31056e-09 -2.92886e-10 7.03547e-05)
(3.95482e-09 -5.1394e-10 4.60044e-05)
(2.10145e-09 -1.91847e-09 1.9095e-05)
(-5.06495e-09 3.09014e-09 1.90953e-05)
(4.03704e-09 -5.58908e-09 4.60047e-05)
(3.2409e-09 6.45813e-10 7.03553e-05)
(-3.04447e-11 6.51185e-10 8.27215e-05)
(1.38599e-09 -1.4063e-10 8.6881e-05)
(1.28433e-10 3.27907e-11 8.6881e-05)
(1.4473e-09 1.85791e-09 8.27218e-05)
(-2.55865e-09 2.50421e-09 7.03557e-05)
(-4.89085e-09 -5.60271e-09 4.60055e-05)
(5.87829e-09 3.80186e-09 1.90958e-05)
(-2.04256e-09 3.77707e-09 4.91147e-05)
(-6.58723e-10 -3.61959e-09 9.01631e-05)
(-1.15283e-09 -1.09654e-09 0.000104249)
(1.03246e-09 3.93891e-10 0.000108045)
(2.64296e-11 -3.89566e-10 0.000108885)
(8.04478e-11 -2.58593e-10 0.000108884)
(-1.39693e-09 1.55418e-09 0.000108045)
(1.57834e-09 1.68157e-09 0.000104249)
(-4.61411e-10 -3.03426e-09 9.01633e-05)
(-9.44702e-10 1.22391e-09 4.91151e-05)
(1.2934e-09 1.29726e-09 7.45764e-05)
(-1.59116e-10 5.26655e-10 0.000105092)
(-7.50305e-10 -1.78983e-09 0.000109578)
(7.48317e-10 -7.2082e-10 0.000110138)
(-4.0321e-10 4.98702e-10 0.000110211)
(-3.50768e-10 3.40866e-11 0.000110212)
(-1.05038e-09 -7.54713e-11 0.000110138)
(1.12102e-09 -5.31935e-10 0.000109578)
(1.54126e-09 1.03388e-09 0.000105092)
(-4.46463e-10 1.02508e-09 7.45768e-05)
(-1.20727e-10 9.58749e-10 8.61135e-05)
(6.56223e-10 1.1218e-11 0.000108471)
(3.68266e-10 6.77685e-10 0.000110154)
(-1.401e-10 -1.30509e-10 0.000110253)
(-2.16341e-10 6.34352e-10 0.000110258)
(-5.3251e-10 2.55748e-10 0.000110258)
(-4.00106e-10 1.83445e-10 0.000110253)
(-8.72245e-10 4.34084e-11 0.000110154)
(-1.0626e-09 5.99215e-11 0.000108471)
(1.2313e-10 1.40842e-09 8.6114e-05)
(-3.31947e-10 9.44384e-10 9.01082e-05)
(5.95906e-10 -4.29701e-10 0.000109181)
(6.70211e-10 4.01384e-10 0.00011022)
(2.70689e-10 -1.43115e-10 0.000110258)
(5.03045e-10 2.14025e-10 0.000110259)
(1.31968e-10 1.88502e-11 0.000110259)
(1.57851e-10 -4.00941e-11 0.000110258)
(7.90415e-11 2.15196e-10 0.00011022)
(-3.67958e-10 -1.35298e-10 0.000109181)
(-2.05003e-10 5.60965e-10 9.01087e-05)
(-2.3544e-10 1.30701e-09 9.01083e-05)
(5.49594e-10 -2.04725e-10 0.000109181)
(5.01137e-10 1.6236e-10 0.00011022)
(3.80133e-10 -7.33579e-10 0.000110258)
(4.58328e-10 -5.72169e-11 0.000110259)
(-2.54873e-10 6.67844e-11 0.000110259)
(4.99854e-10 -6.91536e-10 0.000110259)
(-9.21577e-11 7.53545e-10 0.00011022)
(7.31227e-11 -3.88644e-10 0.000109181)
(5.14741e-10 8.66429e-10 9.01081e-05)
(3.21262e-11 1.3608e-09 8.61137e-05)
(1.64467e-09 -1.25858e-09 0.000108471)
(1.73945e-09 9.72767e-10 0.000110155)
(2.26017e-10 -7.50917e-10 0.000110252)
(4.97616e-10 -5.25791e-10 0.000110258)
(-6.52865e-10 -5.88145e-10 0.000110258)
(-3.15557e-11 -9.40717e-10 0.000110253)
(-1.36556e-09 9.63292e-10 0.000110155)
(-1.53699e-09 -1.15382e-09 0.000108472)
(-4.6795e-10 1.62181e-09 8.61135e-05)
(1.47851e-09 -5.1954e-10 7.45767e-05)
(1.15823e-10 -3.55012e-09 0.000105092)
(-1.19987e-10 2.52501e-09 0.000109578)
(4.33152e-10 3.14619e-10 0.000110137)
(1.31218e-10 1.06052e-10 0.000110211)
(-7.09641e-10 -1.64868e-10 0.000110211)
(-5.12661e-10 8.86169e-11 0.000110138)
(-8.16231e-10 2.91161e-09 0.000109578)
(-1.54447e-09 -1.56083e-09 0.000105092)
(-2.06988e-09 2.09214e-10 7.45768e-05)
(-2.959e-10 -2.03836e-09 4.91142e-05)
(-2.92468e-09 -3.71401e-10 9.01627e-05)
(-1.62351e-09 2.53562e-09 0.000104249)
(7.89297e-11 -7.34333e-10 0.000108045)
(-7.50413e-10 4.16499e-10 0.000108884)
(-1.34483e-10 8.07726e-10 0.000108884)
(-1.5064e-09 -4.28541e-11 0.000108045)
(2.98949e-10 3.51343e-09 0.000104249)
(1.52829e-09 3.29349e-10 9.01631e-05)
(4.31447e-10 -2.49904e-09 4.91149e-05)
(-2.68733e-09 -2.22821e-09 1.90947e-05)
(5.71945e-10 2.35572e-09 4.6004e-05)
(2.87691e-09 1.49181e-09 7.03552e-05)
(7.66655e-10 -1.44018e-09 8.27218e-05)
(-9.59638e-10 2.16155e-11 8.68809e-05)
(5.28802e-10 1.96551e-10 8.68811e-05)
(-3.72198e-10 -7.06661e-10 8.27216e-05)
(-8.27878e-10 8.87493e-10 7.03553e-05)
(1.96585e-09 4.83223e-10 4.60044e-05)
(3.00376e-09 -1.79159e-09 1.90951e-05)
(-1.13388e-08 7.92101e-09 1.90951e-05)
(9.98096e-10 -4.01701e-09 4.60046e-05)
(6.52954e-10 1.7163e-09 7.03551e-05)
(-2.24073e-09 1.02068e-09 8.27218e-05)
(1.11528e-09 6.79894e-11 8.68811e-05)
(-6.83839e-10 -1.03002e-10 8.68808e-05)
(3.46324e-09 2.04483e-09 8.27219e-05)
(-9.21436e-10 2.46352e-09 7.03556e-05)
(-6.29943e-09 -7.61989e-09 4.60051e-05)
(4.71146e-09 3.66035e-09 1.90954e-05)
(-6.81791e-09 9.04027e-09 4.91148e-05)
(-2.73365e-09 -2.98518e-09 9.01632e-05)
(-5.05364e-09 1.44334e-09 0.000104248)
(-1.51944e-09 -1.03164e-09 0.000108045)
(-2.45767e-10 -1.24307e-09 0.000108884)
(5.28584e-10 -1.3659e-09 0.000108884)
(1.76762e-09 4.83192e-10 0.000108045)
(5.68687e-09 4.71165e-09 0.000104249)
(-2.05229e-10 -4.49757e-09 9.01634e-05)
(6.01784e-10 3.0423e-09 4.91151e-05)
(-3.33712e-11 5.21838e-09 7.45772e-05)
(3.30623e-10 -7.72899e-10 0.000105092)
(-1.1729e-09 8.64111e-10 0.000109578)
(1.47649e-09 -3.06591e-09 0.000110137)
(-4.32772e-11 -9.2929e-10 0.000110211)
(-2.49667e-10 -1.12795e-09 0.000110211)
(-1.61935e-09 -2.19515e-09 0.000110137)
(1.36756e-09 3.51605e-09 0.000109578)
(-7.52476e-10 -2.41511e-10 0.000105092)
(-2.41214e-09 -8.95102e-11 7.45768e-05)
(5.81645e-10 2.4334e-09 8.6114e-05)
(1.32234e-09 -9.54861e-10 0.000108471)
(1.08759e-09 8.66155e-10 0.000110154)
(1.24111e-09 -1.1388e-09 0.000110253)
(-2.00002e-10 -1.6167e-13 0.000110258)
(3.38615e-10 -1.20896e-10 0.000110257)
(-7.18471e-10 -9.25207e-10 0.000110253)
(-4.80654e-10 1.86738e-09 0.000110154)
(3.13306e-10 -9.64539e-10 0.000108471)
(-1.9316e-10 -5.38705e-10 8.61142e-05)
(8.84638e-10 1.0397e-09 9.01088e-05)
(8.56291e-10 -6.53972e-10 0.000109181)
(4.6189e-10 -2.33133e-10 0.00011022)
(4.02734e-10 -1.79201e-10 0.000110258)
(-2.59741e-10 -1.71153e-10 0.000110259)
(-1.06969e-10 -1.50828e-10 0.000110259)
(-7.93931e-10 -4.73612e-10 0.000110258)
(-1.19153e-10 5.50439e-10 0.000110221)
(8.8183e-11 -2.02645e-10 0.000109181)
(-5.06596e-10 1.08607e-10 9.01088e-05)
(6.47865e-10 2.39979e-10 9.01086e-05)
(1.31975e-09 4.88644e-10 0.000109181)
(8.81681e-10 5.27838e-10 0.000110221)
(2.68074e-10 -5.9724e-11 0.000110258)
(1.26796e-10 1.46424e-10 0.000110259)
(1.77256e-10 4.51586e-10 0.000110259)
(-3.95054e-10 -3.31747e-10 0.000110258)
(-3.1427e-10 5.34072e-10 0.000110221)
(-5.28007e-10 5.99553e-11 0.000109181)
(-6.24876e-10 -8.23295e-10 9.01086e-05)
(-1.25407e-09 -1.81453e-09 8.61135e-05)
(4.62052e-10 3.87139e-10 0.000108471)
(1.33998e-09 2.16517e-10 0.000110155)
(3.18345e-10 1.43432e-10 0.000110252)
(3.20373e-10 4.18857e-12 0.000110258)
(-2.1911e-10 4.89297e-10 0.000110258)
(2.86991e-11 -4.89678e-11 0.000110253)
(-4.56363e-10 2.02623e-11 0.000110154)
(-8.10666e-10 2.78001e-10 0.000108471)
(7.28835e-10 -2.61616e-09 8.61136e-05)
(2.83276e-10 -9.45197e-11 7.45767e-05)
(1.0581e-09 -1.0903e-09 0.000105092)
(1.33798e-09 3.60619e-10 0.000109578)
(6.49193e-10 3.95188e-10 0.000110137)
(5.71738e-10 8.13e-10 0.000110211)
(2.08436e-11 8.83562e-10 0.000110212)
(-1.75337e-10 8.14088e-10 0.000110137)
(-3.3165e-10 9.09994e-10 0.000109578)
(-6.25728e-10 -1.01822e-09 0.000105092)
(1.38317e-09 -4.3037e-09 7.4577e-05)
(2.02259e-09 -4.97218e-10 4.9115e-05)
(-7.70338e-10 -1.41827e-09 9.01632e-05)
(-2.00249e-09 7.71563e-10 0.000104249)
(-5.06765e-10 7.55989e-11 0.000108045)
(-5.2417e-10 4.27902e-10 0.000108884)
(6.95966e-10 9.43574e-10 0.000108884)
(1.49622e-09 -5.528e-10 0.000108045)
(3.51451e-09 9.82955e-10 0.000104248)
(3.01598e-09 -3.17532e-11 9.0163e-05)
(3.69525e-09 -6.28826e-09 4.9115e-05)
(-3.50648e-09 -2.78308e-09 1.90955e-05)
(-3.64332e-09 -1.70626e-09 4.60049e-05)
(-5.33639e-10 1.36387e-10 7.03554e-05)
(-2.73663e-10 -1.47102e-10 8.27212e-05)
(-5.94925e-10 -6.63425e-10 8.6881e-05)
(3.04288e-11 -2.42885e-10 8.68809e-05)
(3.88914e-10 -1.34734e-09 8.27217e-05)
(-9.49815e-10 1.16317e-10 7.03552e-05)
(4.79279e-10 2.53466e-09 4.60047e-05)
(6.75397e-09 -4.95078e-09 1.9095e-05)
(-5.25599e-09 3.54502e-09 1.90953e-05)
(5.92693e-09 -6.60141e-09 4.60048e-05)
(2.91585e-09 7.77409e-10 7.03548e-05)
(-1.59287e-09 1.787e-09 8.27219e-05)
(3.64618e-10 -3.23313e-10 8.68809e-05)
(-5.6961e-10 -6.8363e-10 8.6881e-05)
(2.87089e-09 1.8339e-09 8.27218e-05)
(-1.31775e-09 2.09121e-09 7.03546e-05)
(-5.08734e-09 -5.06241e-09 4.60039e-05)
(5.01722e-09 3.9676e-09 1.90945e-05)
(1.605e-09 1.32517e-09 4.91147e-05)
(7.34986e-10 -4.16998e-09 9.01634e-05)
(-2.07817e-09 1.34845e-10 0.000104248)
(6.0197e-10 1.49112e-09 0.000108045)
(-8.86361e-10 -5.02211e-10 0.000108884)
(-1.45057e-10 -6.2099e-10 0.000108884)
(-5.85406e-10 1.90001e-09 0.000108045)
(9.29759e-10 1.37802e-09 0.000104248)
(-1.21581e-09 -4.12144e-09 9.0163e-05)
(-1.52801e-09 -2.55004e-10 4.91147e-05)
(2.83236e-09 -9.68436e-10 7.45772e-05)
(9.67044e-10 -4.08662e-11 0.000105093)
(-7.2745e-10 -1.46879e-09 0.000109578)
(1.16252e-09 -1.11227e-09 0.000110137)
(5.79012e-10 1.64726e-10 0.000110211)
(4.36877e-10 -2.23675e-10 0.000110211)
(-1.8146e-10 5.62389e-10 0.000110138)
(1.71916e-09 -5.3804e-10 0.000109578)
(1.50149e-09 -2.9798e-10 0.000105092)
(-7.30235e-10 2.64722e-12 7.45769e-05)
(6.31915e-10 -1.11067e-09 8.61142e-05)
(1.10427e-09 -9.74242e-10 0.000108472)
(9.77424e-10 -8.54545e-10 0.000110155)
(8.37471e-10 -5.75911e-10 0.000110253)
(5.38883e-11 1.84022e-10 0.000110258)
(-4.12475e-10 2.15154e-11 0.000110258)
(-3.97161e-10 -2.01667e-10 0.000110253)
(-9.93541e-10 -3.90267e-10 0.000110155)
(-6.83797e-10 -7.73029e-10 0.000108471)
(3.33901e-10 1.49918e-09 8.61141e-05)
(-1.727e-10 -1.19904e-10 9.0109e-05)
(8.91126e-10 -8.92194e-10 0.000109181)
(9.62427e-10 -3.95379e-10 0.000110221)
(-9.95877e-11 -8.43112e-11 0.000110258)
(1.30294e-10 5.15836e-10 0.000110259)
(9.40505e-11 4.97604e-10 0.000110259)
(7.48766e-11 -1.47208e-10 0.000110258)
(-8.95111e-11 -2.34819e-10 0.000110221)
(-4.78307e-10 -4.48033e-10 0.000109181)
(-1.03718e-10 3.53567e-10 9.0109e-05)
(-5.70591e-10 3.74607e-10 9.01091e-05)
(1.5302e-12 -9.33013e-10 0.000109181)
(2.53125e-10 2.4755e-10 0.000110221)
(1.50486e-10 -9.26587e-11 0.000110258)
(1.70648e-10 5.00276e-10 0.000110259)
(-2.75127e-10 4.31529e-10 0.000110259)
(1.4768e-10 -2.22275e-12 0.000110258)
(-3.25756e-10 2.30377e-10 0.000110221)
(2.91794e-10 -4.66108e-10 0.000109181)
(6.0366e-10 5.84414e-10 9.01091e-05)
(2.99312e-10 9.62752e-10 8.61141e-05)
(1.52491e-09 -2.15903e-09 0.000108471)
(1.59264e-09 8.6545e-10 0.000110155)
(2.77229e-10 5.30202e-10 0.000110253)
(1.02492e-10 3.60186e-11 0.000110258)
(-7.89831e-10 3.48867e-10 0.000110258)
(-2.29675e-10 1.48126e-11 0.000110253)
(-1.4169e-09 3.74898e-10 0.000110155)
(-9.70822e-10 -1.67406e-09 0.000108471)
(-1.895e-10 2.08596e-09 8.61141e-05)
(1.34404e-09 -1.17483e-09 7.45766e-05)
(1.08631e-09 -3.52112e-09 0.000105092)
(1.40055e-10 2.28424e-09 0.000109578)
(3.10129e-10 1.4044e-09 0.000110138)
(5.9348e-10 7.71425e-10 0.000110211)
(-1.64579e-10 5.09043e-10 0.000110212)
(-4.99469e-10 1.04871e-09 0.000110138)
(-7.07335e-10 1.75788e-09 0.000109578)
(-8.01153e-10 -2.68043e-09 0.000105092)
(-2.46131e-09 1.99603e-09 7.45768e-05)
(-7.55904e-10 -3.50529e-09 4.91148e-05)
(-2.24071e-09 -9.07196e-10 9.01633e-05)
(-1.35388e-09 2.83543e-09 0.000104249)
(4.77566e-10 -9.66645e-11 0.000108045)
(-2.97468e-10 8.69133e-10 0.000108884)
(5.765e-10 8.09061e-10 0.000108885)
(-1.08011e-09 4.22921e-10 0.000108045)
(-4.12357e-10 2.41967e-09 0.000104249)
(-8.24744e-11 -7.63465e-11 9.01633e-05)
(-1.10097e-09 -1.42535e-09 4.91147e-05)
(-3.37508e-09 -2.14898e-09 1.90956e-05)
(-1.98301e-10 2.14542e-09 4.60052e-05)
(1.37957e-09 1.2267e-09 7.03554e-05)
(-1.41474e-10 -1.22508e-09 8.27218e-05)
(-3.15045e-10 8.8838e-11 8.6881e-05)
(4.37502e-10 4.41524e-10 8.68811e-05)
(-1.93203e-13 -4.88215e-10 8.27218e-05)
(-1.31738e-09 7.80282e-10 7.0355e-05)
(4.4283e-10 1.51732e-09 4.60048e-05)
(4.25136e-09 -2.97201e-09 1.90953e-05)
(-1.20831e-08 8.59321e-09 1.90952e-05)
(-2.57724e-09 -2.89119e-09 4.60047e-05)
(-5.6856e-11 1.51115e-09 7.03553e-05)
(-2.20701e-09 9.21372e-10 8.27217e-05)
(2.30459e-10 1.3938e-11 8.68807e-05)
(-1.07427e-09 -6.24465e-11 8.68812e-05)
(1.37689e-09 1.33644e-09 8.27216e-05)
(-1.89432e-09 1.84387e-09 7.03554e-05)
(-5.75139e-09 -6.72349e-09 4.60047e-05)
(6.07792e-09 4.09518e-09 1.90951e-05)
(-2.43682e-09 6.46967e-09 4.91142e-05)
(-6.96328e-10 -3.28172e-09 9.01628e-05)
(-3.3119e-09 2.94897e-10 0.000104249)
(-1.04713e-10 -5.7897e-11 0.000108045)
(-5.79401e-10 -7.17262e-10 0.000108884)
(1.23305e-09 -8.94236e-10 0.000108885)
(2.3165e-10 5.38058e-10 0.000108045)
(3.74966e-09 2.3128e-09 0.000104249)
(6.39937e-10 -2.27994e-09 9.0163e-05)
(-2.62619e-09 1.74693e-10 4.91146e-05)
(1.84685e-10 3.24478e-09 7.45768e-05)
(1.30495e-09 -3.92675e-10 0.000105092)
(9.22257e-10 -1.49369e-09 0.000109578)
(1.50865e-09 -8.34786e-10 0.000110138)
(4.43987e-10 -4.08132e-10 0.000110211)
(2.94858e-10 -2.64517e-10 0.000110211)
(-1.25096e-09 -8.38396e-10 0.000110138)
(4.05368e-10 9.39934e-11 0.000109578)
(1.32974e-09 1.55308e-09 0.000105092)
(-5.68305e-10 1.52205e-11 7.45768e-05)
(-2.49699e-10 2.12498e-09 8.61137e-05)
(6.81823e-10 -1.57602e-10 0.000108472)
(1.01719e-09 -5.2292e-10 0.000110154)
(6.82044e-10 -2.95434e-10 0.000110253)
(3.75379e-10 2.37638e-11 0.000110258)
(-1.40195e-10 2.86899e-10 0.000110258)
(-3.59342e-10 -1.17834e-10 0.000110253)
(-6.34563e-10 -3.15876e-10 0.000110154)
(1.99508e-11 -3.08729e-10 0.000108471)
(1.25191e-09 2.09177e-09 8.61138e-05)
(6.7063e-10 6.70268e-10 9.01086e-05)
(5.03515e-10 -3.06333e-10 0.000109181)
(-6.56059e-11 -2.72575e-10 0.00011022)
(5.16776e-11 -7.15755e-10 0.000110258)
(2.43204e-10 -3.14128e-10 0.000110259)
(-6.8415e-11 -2.38745e-10 0.000110259)
(-3.92615e-10 5.99224e-11 0.000110258)
(-3.94587e-10 -9.29303e-11 0.000110221)
(-1.03524e-09 -6.40342e-10 0.000109181)
(-4.55369e-10 8.12539e-10 9.01086e-05)
(1.2154e-10 5.43733e-10 9.01088e-05)
(2.66358e-10 -5.4812e-10 0.000109181)
(1.46094e-10 3.07299e-10 0.000110221)
(3.23088e-10 -5.91853e-10 0.000110258)
(6.03216e-10 -2.32376e-10 0.000110259)
(5.25162e-12 -3.32493e-10 0.000110259)
(-3.47106e-11 2.54567e-10 0.000110258)
(-3.12597e-10 7.67037e-10 0.00011022)
(-2.16054e-10 -6.98491e-10 0.000109181)
(2.00478e-10 2.32286e-12 9.01084e-05)
(-7.24176e-10 -1.06603e-10 8.61141e-05)
(5.57255e-10 -1.48082e-09 0.000108472)
(1.22238e-09 6.29372e-10 0.000110155)
(-1.8782e-10 -4.53472e-10 0.000110253)
(2.85778e-10 4.82318e-11 0.000110258)
(-3.64638e-10 -2.21281e-10 0.000110258)
(-2.80717e-10 7.10649e-11 0.000110252)
(-1.32314e-09 1.50505e-09 0.000110154)
(-6.12879e-10 -1.41702e-09 0.000108471)
(3.44474e-10 7.70759e-10 8.61138e-05)
(4.87135e-10 6.75429e-10 7.45772e-05)
(2.04901e-10 -2.99373e-09 0.000105092)
(4.59612e-10 1.26255e-09 0.000109578)
(-6.56265e-10 6.88732e-11 0.000110138)
(-2.33687e-10 7.8694e-10 0.000110211)
(-4.61153e-10 1.01996e-09 0.000110211)
(-9.84671e-10 1.6086e-09 0.000110137)
(-2.13837e-09 2.79623e-09 0.000109579)
(-1.68096e-09 -3.92301e-09 0.000105092)
(-1.69202e-09 8.94341e-11 7.45767e-05)
(1.30992e-09 -2.09757e-09 4.91147e-05)
(-1.69203e-09 -1.65176e-09 9.0163e-05)
(-2.62398e-09 1.78485e-09 0.000104249)
(-1.0618e-09 -2.35205e-10 0.000108045)
(-7.43756e-10 3.82689e-10 0.000108884)
(9.27639e-10 7.24145e-10 0.000108884)
(8.69226e-10 3.90607e-10 0.000108045)
(3.08169e-09 3.00755e-09 0.00010425)
(2.48042e-09 -9.75002e-10 9.01632e-05)
(1.13366e-09 -4.54915e-09 4.91152e-05)
(-5.0643e-09 -4.13199e-09 1.9095e-05)
(-3.37055e-09 -4.69209e-10 4.60046e-05)
(-1.11978e-09 7.02189e-10 7.03551e-05)
(-9.46954e-10 -6.45644e-10 8.27216e-05)
(-5.90857e-10 -3.7166e-10 8.68806e-05)
(7.59285e-10 -6.31829e-10 8.68809e-05)
(-5.16095e-10 -1.17799e-09 8.27216e-05)
(-4.33146e-10 1.634e-09 7.03553e-05)
(2.49093e-09 2.09167e-09 4.60049e-05)
(5.18073e-09 -3.96533e-09 1.90956e-05)
(-3.14746e-09 1.19122e-09 1.90947e-05)
(5.81496e-09 -6.43735e-09 4.60043e-05)
(1.74543e-09 2.25811e-09 7.03551e-05)
(-2.80189e-09 1.35031e-09 8.27212e-05)
(1.03292e-09 -2.04553e-10 8.68809e-05)
(-1.25613e-09 -2.38102e-10 8.6881e-05)
(2.32736e-09 1.01911e-09 8.27215e-05)
(-2.25938e-09 1.50812e-09 7.03553e-05)
(-5.78811e-09 -6.54672e-09 4.60048e-05)
(9.1963e-09 7.09151e-09 1.90951e-05)
(2.05396e-10 1.78685e-09 4.91144e-05)
(1.10232e-09 -4.82279e-09 9.01629e-05)
(-3.62929e-09 3.63816e-09 0.000104249)
(-1.73996e-10 5.9851e-10 0.000108045)
(-4.13995e-10 -6.83875e-10 0.000108884)
(-8.73638e-10 -9.27341e-10 0.000108884)
(-6.50116e-10 -3.27805e-10 0.000108045)
(2.37237e-09 2.2126e-09 0.000104249)
(-1.92054e-09 -5.81079e-09 9.01629e-05)
(1.37386e-09 3.65679e-09 4.91144e-05)
(2.82163e-09 3.67182e-10 7.45767e-05)
(9.59106e-10 -1.55351e-09 0.000105092)
(-1.49518e-09 2.31539e-09 0.000109578)
(1.91461e-09 -1.96462e-09 0.000110138)
(4.0082e-10 -4.27209e-10 0.000110211)
(5.96769e-10 -2.67223e-10 0.000110212)
(-6.86255e-10 -1.93711e-09 0.000110138)
(1.74588e-09 2.22958e-09 0.000109578)
(-4.50912e-10 -1.82705e-09 0.000105092)
(-1.84796e-09 9.51992e-10 7.45767e-05)
(1.17028e-09 -4.95728e-10 8.61137e-05)
(5.33324e-10 -1.16119e-09 0.000108472)
(7.95739e-10 8.41163e-10 0.000110154)
(9.61791e-10 -9.1694e-10 0.000110253)
(-7.16099e-10 -4.48103e-10 0.000110258)
(1.40458e-10 3.77809e-10 0.000110258)
(-1.35913e-09 -9.98694e-10 0.000110253)
(-1.46501e-09 1.42464e-09 0.000110154)
(-1.74477e-09 -1.40757e-09 0.000108471)
(-1.38538e-09 1.89565e-10 8.61134e-05)
(7.26341e-10 4.9989e-10 9.01087e-05)
(-8.85555e-11 -9.15509e-10 0.000109181)
(7.5765e-11 3.39093e-10 0.000110221)
(8.02084e-11 -2.08402e-10 0.000110258)
(-8.3161e-10 -3.30222e-10 0.000110259)
(1.51008e-10 1.27936e-10 0.000110259)
(-3.45795e-10 -1.9773e-10 0.000110258)
(-3.34284e-10 3.0507e-10 0.00011022)
(-4.00761e-10 -9.70334e-10 0.000109181)
(-5.44546e-10 -1.77981e-10 9.01085e-05)
(1.7249e-10 -4.76008e-10 9.01085e-05)
(1.47526e-10 -1.47113e-10 0.000109181)
(-5.10734e-11 4.48883e-10 0.00011022)
(-1.28359e-10 -1.7074e-10 0.000110258)
(-7.15292e-11 -1.43771e-11 0.000110259)
(1.06482e-10 5.74485e-11 0.000110259)
(-3.23217e-10 -8.69477e-11 0.000110258)
(4.43507e-11 6.40062e-10 0.000110221)
(-4.39261e-10 -3.42064e-10 0.000109181)
(-8.89868e-10 -1.27481e-09 9.01083e-05)
(8.42607e-11 -1.70958e-10 8.61137e-05)
(1.17968e-09 6.96754e-10 0.000108471)
(1.57321e-09 -8.34714e-11 0.000110154)
(5.4141e-10 5.04224e-10 0.000110253)
(8.28671e-11 6.60193e-11 0.000110258)
(2.33296e-10 6.74389e-11 0.000110258)
(-3.42924e-10 -1.69792e-10 0.000110252)
(-7.55551e-10 7.38536e-10 0.000110154)
(-1.25743e-09 6.82709e-10 0.000108471)
(-2.99773e-10 -2.07435e-09 8.61139e-05)
(1.2689e-09 -8.03427e-10 7.45771e-05)
(1.12387e-09 -1.72525e-10 0.000105092)
(-7.27998e-10 1.1735e-09 0.000109578)
(-4.61162e-10 6.32362e-10 0.000110137)
(-7.19379e-11 6.54546e-11 0.000110211)
(-3.78302e-10 4.58518e-10 0.000110211)
(1.61943e-10 9.41322e-10 0.000110137)
(2.9333e-10 2.10018e-09 0.000109578)
(-5.12738e-10 3.6769e-10 0.000105092)
(5.70233e-10 -2.60558e-09 7.4577e-05)
(-1.16389e-09 -3.24638e-09 4.91148e-05)
(1.34241e-10 2.24791e-09 9.01626e-05)
(-1.36775e-10 2.79571e-09 0.000104249)
(5.63866e-10 -3.23661e-10 0.000108045)
(2.7089e-10 1.0928e-10 0.000108885)
(5.36097e-10 4.26671e-10 0.000108884)
(-1.24966e-10 -1.49742e-10 0.000108045)
(-9.96804e-10 2.81061e-09 0.000104248)
(-3.89725e-10 2.40081e-09 9.01623e-05)
(2.36671e-09 -3.37116e-09 4.91146e-05)
(-3.747e-09 -3.04913e-09 1.90949e-05)
(1.18276e-09 2.74185e-09 4.60042e-05)
(3.0717e-09 1.84204e-09 7.03547e-05)
(7.80175e-10 -6.37148e-10 8.27213e-05)
(2.16745e-10 2.37722e-10 8.68809e-05)
(1.3608e-09 -1.10192e-10 8.68811e-05)
(1.04933e-09 -1.23865e-09 8.27217e-05)
(-1.59705e-09 9.31745e-10 7.03552e-05)
(-1.26468e-09 3.20238e-09 4.60041e-05)
(3.89977e-09 -2.85211e-09 1.90949e-05)
(-7.88882e-09 5.40828e-09 1.90951e-05)
(5.83694e-09 -7.65113e-09 4.60051e-05)
(1.16474e-09 2.55445e-09 7.03556e-05)
(-2.75539e-09 1.88841e-09 8.27219e-05)
(1.62808e-09 -1.10604e-10 8.68812e-05)
(-1.43985e-09 1.62023e-10 8.68809e-05)
(2.70219e-09 1.48659e-09 8.27218e-05)
(4.94476e-12 2.99058e-09 7.03548e-05)
(-5.0304e-09 -6.97673e-09 4.60044e-05)
(8.24537e-09 6.26382e-09 1.9095e-05)
(-3.11182e-09 5.63878e-09 4.91149e-05)
(4.45195e-10 -5.78596e-09 9.01635e-05)
(-3.87541e-09 3.08767e-09 0.000104248)
(-5.74432e-11 -1.5508e-10 0.000108046)
(-3.18916e-10 -1.41273e-09 0.000108884)
(4.61335e-10 -7.00152e-10 0.000108884)
(1.59471e-09 -4.6985e-10 0.000108045)
(5.4719e-09 4.18724e-09 0.000104248)
(5.50474e-11 -3.58675e-09 9.01629e-05)
(9.69161e-10 4.39566e-09 4.91148e-05)
(-4.04247e-10 3.58854e-09 7.45764e-05)
(-1.4439e-10 -1.79913e-09 0.000105092)
(-8.45946e-10 1.44715e-09 0.000109578)
(1.0563e-09 -2.71843e-09 0.000110137)
(-7.92555e-10 -1.06767e-09 0.000110211)
(-7.80845e-10 -9.3403e-10 0.000110211)
(-2.39738e-09 -2.84424e-09 0.000110137)
(1.0318e-09 2.90772e-09 0.000109578)
(-6.40816e-10 -8.7408e-11 0.000105093)
(-2.19307e-09 8.23977e-10 7.45773e-05)
(7.71102e-10 1.80366e-09 8.61132e-05)
(1.03081e-09 -1.49473e-09 0.000108471)
(7.92756e-10 1.04453e-09 0.000110155)
(6.96434e-10 -1.05727e-09 0.000110252)
(-6.87568e-10 3.16939e-10 0.000110258)
(3.01234e-10 7.01474e-12 0.000110258)
(-1.26282e-09 -1.06564e-09 0.000110252)
(-5.34179e-10 1.9333e-09 0.000110155)
(1.86569e-10 -1.10085e-09 0.000108471)
(-3.23007e-10 2.02208e-10 8.61136e-05)
(1.19292e-09 5.66197e-10 9.01082e-05)
(6.37075e-10 -5.27598e-10 0.00010918)
(1.56956e-11 6.02456e-10 0.000110221)
(2.25635e-10 -5.0003e-10 0.000110258)
(8.71231e-12 4.39227e-10 0.000110259)
(2.80563e-10 2.42613e-11 0.000110259)
(-4.46081e-10 -5.93694e-10 0.000110258)
(4.06235e-11 5.99337e-10 0.000110221)
(-5.74251e-10 -2.2968e-10 0.000109181)
(-9.4862e-10 1.49922e-10 9.01087e-05)
(1.19457e-09 -4.93512e-10 9.01086e-05)
(1.24363e-09 -2.99462e-11 0.000109181)
(4.61593e-10 6.96894e-10 0.00011022)
(7.21691e-10 1.01735e-10 0.000110258)
(2.69676e-10 2.3701e-10 0.000110259)
(6.52179e-12 -2.72818e-10 0.000110259)
(-1.18567e-10 -7.20119e-10 0.000110258)
(-5.09769e-11 4.67791e-10 0.000110221)
(-8.34206e-10 -1.23387e-10 0.00010918)
(-8.28723e-10 -1.34992e-09 9.01087e-05)
(-1.19358e-09 -1.73698e-09 8.61135e-05)
(6.07884e-11 2.60174e-10 0.000108471)
(1.18754e-09 3.03703e-10 0.000110155)
(6.26761e-10 -1.7593e-11 0.000110253)
(1.40422e-10 -1.37324e-10 0.000110258)
(-5.17495e-10 -3.43212e-10 0.000110258)
(-7.56459e-10 -2.69713e-10 0.000110253)
(-1.72553e-09 -1.92164e-10 0.000110155)
(-1.96696e-09 1.74186e-10 0.000108471)
(-9.98324e-11 -1.53218e-09 8.61139e-05)
(-5.74226e-10 -1.59779e-10 7.45768e-05)
(1.81024e-10 -1.49072e-09 0.000105092)
(2.7188e-10 -1.55289e-10 0.000109578)
(-9.31785e-11 -1.47916e-10 0.000110137)
(-8.28106e-11 5.19584e-10 0.000110212)
(-7.32608e-10 5.74026e-10 0.000110211)
(-6.73399e-10 1.48785e-09 0.000110137)
(-1.97833e-09 9.72294e-10 0.000109578)
(-1.91837e-09 -1.68146e-09 0.000105091)
(1.08627e-09 -4.36848e-09 7.45764e-05)
(1.00696e-09 -6.14773e-10 4.91145e-05)
(7.01e-10 -3.74259e-10 9.01623e-05)
(-5.87742e-10 8.82632e-10 0.000104248)
(-5.66934e-10 -2.60445e-10 0.000108045)
(-2.83465e-10 4.76937e-10 0.000108885)
(9.98295e-10 7.80939e-10 0.000108885)
(1.7497e-09 1.28985e-10 0.000108045)
(3.71575e-09 9.16234e-10 0.000104248)
(5.08855e-09 -2.11378e-09 9.01625e-05)
(5.26474e-09 -7.74329e-09 4.91137e-05)
(-3.06112e-09 -2.64778e-09 1.90948e-05)
(7.10819e-10 1.77628e-09 4.60045e-05)
(1.25614e-09 1.15871e-09 7.03552e-05)
(6.0357e-10 -4.13537e-10 8.27222e-05)
(6.28195e-10 -5.06555e-10 8.68813e-05)
(9.58934e-10 -3.94352e-10 8.68816e-05)
(1.221e-09 -1.199e-09 8.27219e-05)
(4.99468e-10 -1.13789e-10 7.03549e-05)
(2.81025e-09 9.43192e-10 4.60044e-05)
(7.85397e-09 -6.01795e-09 1.90948e-05)
(-1.37563e-08 9.02167e-09 1.90954e-05)
(-1.09768e-09 -3.32624e-09 4.60052e-05)
(9.79851e-11 1.16708e-09 7.03554e-05)
(-3.142e-09 1.62189e-09 8.27221e-05)
(3.67333e-10 -5.03271e-10 8.68811e-05)
(-1.26638e-09 -1.48708e-10 8.68809e-05)
(8.09268e-10 1.68881e-09 8.27218e-05)
(-1.87855e-09 1.54311e-09 7.03546e-05)
(-6.3009e-09 -7.61451e-09 4.60042e-05)
(6.08728e-09 4.75614e-09 1.90948e-05)
(-3.03338e-09 6.59062e-09 4.9115e-05)
(-1.38133e-09 -1.74171e-09 9.01633e-05)
(-1.81766e-09 -2.93661e-10 0.000104248)
(8.58292e-10 -2.23842e-10 0.000108045)
(-1.55663e-10 -1.0882e-09 0.000108884)
(1.8706e-09 -8.12144e-10 0.000108884)
(9.99177e-10 1.55265e-09 0.000108045)
(3.91553e-09 1.94469e-09 0.000104248)
(1.45228e-09 -2.21967e-09 9.01627e-05)
(-8.23673e-10 1.83439e-09 4.91148e-05)
(5.79527e-10 3.66964e-09 7.45767e-05)
(8.45601e-10 1.06772e-09 0.000105092)
(-1.89843e-11 -2.11192e-09 0.000109578)
(6.88424e-10 -1.79112e-09 0.000110137)
(-3.61725e-10 -5.04591e-10 0.000110211)
(1.61466e-11 -9.6377e-10 0.000110211)
(-6.58697e-10 -7.82613e-10 0.000110137)
(1.46259e-09 -5.46536e-10 0.000109578)
(2.02241e-09 2.27203e-09 0.000105092)
(-5.56788e-10 1.37912e-09 7.45769e-05)
(-6.05665e-11 2.7542e-09 8.61136e-05)
(1.19413e-09 -4.59351e-11 0.000108471)
(9.47489e-10 -7.33811e-10 0.000110155)
(2.034e-10 -5.25394e-10 0.000110252)
(-2.67104e-10 4.04886e-11 0.000110258)
(-2.67244e-10 -2.11035e-10 0.000110258)
(-3.18049e-10 -5.77231e-10 0.000110252)
(-1.25026e-09 -5.84561e-10 0.000110155)
(-5.7362e-10 -2.1827e-10 0.000108471)
(7.79402e-10 1.35919e-09 8.61142e-05)
(5.96309e-10 1.09067e-09 9.01086e-05)
(1.42232e-09 -4.30668e-10 0.000109181)
(7.59187e-10 1.53422e-10 0.000110221)
(-2.6174e-10 -6.2463e-10 0.000110258)
(-4.20494e-10 1.04616e-11 0.000110259)
(-5.38763e-11 -8.31816e-11 0.000110259)
(6.2354e-11 -4.26115e-10 0.000110258)
(1.04777e-10 -1.30559e-10 0.000110221)
(-7.84349e-10 9.68576e-11 0.000109181)
(-7.5568e-10 3.24963e-10 9.0109e-05)
(-2.40241e-10 2.0423e-10 9.01088e-05)
(2.40089e-10 -4.13197e-10 0.000109181)
(6.00201e-10 9.50812e-11 0.000110221)
(1.52683e-10 -3.73875e-10 0.000110258)
(2.05968e-10 4.01652e-10 0.000110259)
(3.40039e-11 4.48636e-10 0.000110259)
(5.6827e-11 -4.24234e-11 0.000110258)
(-1.13119e-09 6.07643e-10 0.000110221)
(-1.2754e-09 -6.66192e-10 0.000109181)
(4.33823e-11 -2.35049e-10 9.0109e-05)
(-8.09742e-10 -5.78537e-10 8.61139e-05)
(6.99482e-10 -1.62661e-09 0.000108471)
(1.92157e-09 1.12781e-09 0.000110155)
(5.56688e-10 -4.67544e-11 0.000110252)
(4.84501e-10 3.62227e-10 0.000110258)
(-3.70688e-10 3.32887e-10 0.000110258)
(-2.59716e-10 4.69533e-10 0.000110252)
(-2.01317e-09 1.72257e-09 0.000110155)
(-1.12918e-09 -1.4639e-09 0.000108471)
(7.76241e-10 1.90406e-10 8.61143e-05)
(-8.67528e-11 -4.09947e-11 7.45766e-05)
(-3.69408e-10 -4.18318e-09 0.000105092)
(9.82912e-10 1.61497e-09 0.000109578)
(-2.30063e-10 5.47385e-10 0.000110137)
(-2.4324e-10 4.69529e-10 0.000110211)
(-3.98639e-11 1.07454e-09 0.000110211)
(-3.09636e-11 1.93378e-09 0.000110137)
(-1.25788e-09 3.67756e-09 0.000109578)
(-1.21825e-09 -3.22021e-09 0.000105092)
(-1.14369e-09 -1.11027e-09 7.45767e-05)
(1.20135e-11 -3.23396e-09 4.91148e-05)
(-2.82097e-09 -3.2374e-09 9.01633e-05)
(-2.03123e-09 1.12606e-09 0.000104248)
(1.14927e-10 1.28048e-10 0.000108045)
(-2.82814e-10 6.31128e-10 0.000108883)
(1.29101e-09 1.3644e-09 0.000108884)
(9.52686e-10 7.99483e-10 0.000108045)
(2.95847e-09 3.96869e-09 0.000104249)
(3.40431e-09 -1.51869e-09 9.01636e-05)
(1.81974e-09 -5.65675e-09 4.91151e-05)
(-4.42467e-09 -4.34144e-09 1.90951e-05)
(-4.28605e-09 -1.72194e-09 4.60042e-05)
(-1.71982e-09 1.53372e-10 7.03548e-05)
(-1.6972e-09 -8.53068e-10 8.27215e-05)
(-1.42297e-09 -1.06207e-10 8.68806e-05)
(3.16968e-11 -2.43472e-10 8.68805e-05)
(-2.55852e-10 -7.96908e-10 8.27213e-05)
(2.84283e-10 1.64089e-09 7.03551e-05)
(4.14479e-09 2.97984e-10 4.60049e-05)
(7.81697e-09 -6.08728e-09 1.90954e-05)
(-8.6372e-09 6.43935e-09 1.90945e-05)
(2.18752e-09 -5.09378e-09 4.60038e-05)
(3.9299e-10 1.40678e-09 7.03541e-05)
(-2.61365e-09 1.74003e-09 8.27214e-05)
(4.77425e-10 -5.49677e-10 8.68807e-05)
(-7.55873e-10 -1.32145e-10 8.68809e-05)
(3.34212e-10 1.57317e-09 8.27215e-05)
(-2.95627e-09 1.94096e-09 7.03548e-05)
(-5.46437e-09 -5.31965e-09 4.60044e-05)
(3.67773e-09 2.43091e-09 1.90953e-05)
(-4.94302e-09 8.20522e-09 4.91144e-05)
(-3.76552e-09 -1.47114e-09 9.01626e-05)
(-3.93232e-09 5.14075e-10 0.000104248)
(1.03097e-10 4.30253e-10 0.000108045)
(-5.24776e-10 -1.29894e-09 0.000108884)
(1.2852e-09 -1.14525e-09 0.000108884)
(8.8094e-10 1.28936e-09 0.000108045)
(4.54267e-09 3.47841e-09 0.000104248)
(1.93698e-09 -2.66552e-10 9.01633e-05)
(-2.59939e-09 -4.80769e-10 4.91152e-05)
(1.49305e-10 4.57661e-09 7.45769e-05)
(3.62928e-10 1.07858e-09 0.000105092)
(-2.90434e-10 -9.06052e-10 0.000109578)
(1.04635e-09 -1.43422e-09 0.000110137)
(-2.74898e-10 -6.0616e-10 0.000110211)
(9.40401e-11 -1.2389e-09 0.000110211)
(-1.17073e-09 -8.7084e-10 0.000110137)
(1.03678e-09 8.0325e-10 0.000109578)
(2.50158e-09 2.86718e-09 0.000105092)
(9.64852e-11 1.34803e-09 7.45769e-05)
(-3.24075e-11 2.73596e-09 8.61145e-05)
(2.25088e-09 -1.07602e-10 0.000108471)
(1.64671e-09 -5.16587e-11 0.000110155)
(6.38684e-10 -1.52773e-10 0.000110252)
(3.6878e-10 -1.58104e-10 0.000110258)
(-1.5462e-10 1.10516e-10 0.000110258)
(-7.21179e-10 -3.13415e-10 0.000110252)
(-1.66026e-09 2.68226e-10 0.000110155)
(-2.38652e-10 4.58941e-11 0.000108471)
(1.28347e-09 2.38309e-09 8.61142e-05)
(7.04945e-10 3.79171e-10 9.01092e-05)
(1.18632e-09 1.62103e-10 0.000109181)
(4.65866e-10 6.55158e-10 0.000110221)
(-1.831e-10 -2.33314e-10 0.000110258)
(-3.71922e-11 -2.7707e-10 0.000110259)
(9.32692e-11 1.63399e-10 0.000110259)
(-2.92015e-11 -3.07806e-10 0.000110258)
(1.50516e-10 -1.90281e-10 0.00011022)
(-5.79773e-10 -3.81392e-10 0.000109181)
(-5.56384e-10 7.4958e-10 9.01087e-05)
(4.87153e-10 2.98235e-10 9.01089e-05)
(1.34856e-09 -2.48911e-10 0.000109181)
(5.18463e-10 1.35121e-09 0.000110221)
(-3.94568e-10 -2.42857e-10 0.000110258)
(1.16468e-10 6.01003e-10 0.000110259)
(2.33109e-10 6.0325e-10 0.000110259)
(5.84757e-10 -3.76932e-10 0.000110258)
(-4.65856e-10 -6.18805e-11 0.000110221)
(-3.84023e-10 -8.0407e-10 0.000109181)
(5.68804e-10 6.11657e-11 9.01089e-05)
(-1.59362e-09 -1.04159e-09 8.61139e-05)
(2.47371e-10 -8.4634e-10 0.000108471)
(1.23509e-09 1.55492e-09 0.000110155)
(-5.82634e-10 -2.57139e-10 0.000110252)
(4.13565e-10 1.61174e-10 0.000110258)
(-2.52051e-10 1.26617e-10 0.000110258)
(-1.93632e-10 -3.3546e-10 0.000110252)
(-2.00431e-09 4.03251e-10 0.000110154)
(-1.42412e-09 -1.25298e-09 0.000108471)
(5.47224e-10 9.58844e-10 8.61142e-05)
(-7.97388e-11 -3.45711e-10 7.45764e-05)
(1.34663e-10 -2.52571e-09 0.000105092)
(1.1645e-09 2.74514e-09 0.000109578)
(3.42979e-10 6.8086e-10 0.000110137)
(5.39198e-11 2.04407e-12 0.000110211)
(-3.33184e-10 6.86362e-10 0.000110212)
(-9.84863e-10 9.06736e-10 0.000110137)
(-2.06978e-09 2.08971e-09 0.000109578)
(-2.24506e-09 -3.34895e-09 0.000105092)
(-2.41276e-09 5.27555e-10 7.45768e-05)
(1.46342e-09 -1.70329e-09 4.91146e-05)
(-1.35122e-09 -1.48458e-09 9.01633e-05)
(-9.03639e-10 3.33031e-09 0.000104249)
(1.62871e-10 9.34712e-10 0.000108045)
(-4.51196e-10 2.51525e-10 0.000108884)
(6.38995e-10 1.36302e-09 0.000108884)
(3.41561e-10 6.67892e-10 0.000108045)
(3.21688e-09 1.81037e-09 0.000104249)
(2.65241e-09 -1.55272e-09 9.01629e-05)
(6.86767e-10 -3.88918e-09 4.9115e-05)
(-7.78593e-09 -6.25575e-09 1.90952e-05)
(-3.8985e-09 -6.59074e-10 4.60046e-05)
(-2.39383e-10 1.28358e-09 7.03549e-05)
(4.04763e-10 -1.12202e-10 8.27212e-05)
(-1.81772e-10 -4.79961e-10 8.68807e-05)
(6.02565e-10 -2.38118e-10 8.68806e-05)
(4.45453e-10 -7.01742e-10 8.27214e-05)
(1.77784e-10 6.86048e-11 7.03549e-05)
(1.9552e-09 9.54108e-10 4.60044e-05)
(5.7387e-09 -4.29926e-09 1.90951e-05)
(-2.37791e-09 1.77362e-09 1.90951e-05)
(5.84745e-09 -5.57043e-09 4.60042e-05)
(1.88315e-09 2.1745e-09 7.03547e-05)
(-1.84738e-09 1.69865e-09 8.27212e-05)
(5.86347e-10 -6.93126e-10 8.68803e-05)
(-9.77553e-11 -6.48114e-10 8.68806e-05)
(8.1442e-10 1.65401e-09 8.27212e-05)
(-3.11972e-09 8.83566e-10 7.03552e-05)
(-6.49201e-09 -7.40245e-09 4.60047e-05)
(4.86697e-09 3.31271e-09 1.90953e-05)
(-3.28391e-10 2.3706e-09 4.91151e-05)
(-1.57384e-09 -3.1775e-09 9.01629e-05)
(-2.97889e-09 1.06865e-09 0.000104249)
(-2.74485e-10 1.79364e-09 0.000108045)
(-1.58653e-09 -7.28423e-10 0.000108884)
(-5.46357e-10 -9.36164e-10 0.000108884)
(-1.93123e-09 2.1291e-09 0.000108045)
(4.69958e-10 4.89685e-10 0.000104249)
(-2.12944e-09 -5.03259e-09 9.0163e-05)
(-3.22353e-09 -7.18318e-10 4.91148e-05)
(6.69983e-10 1.65179e-09 7.45772e-05)
(-7.32811e-10 1.35893e-10 0.000105092)
(-1.23035e-09 -1.93801e-09 0.000109578)
(6.64739e-10 -9.32327e-11 0.000110137)
(2.40487e-10 -1.56242e-10 0.000110211)
(7.80292e-11 -4.32643e-10 0.000110211)
(-6.89362e-10 -3.35608e-11 0.000110137)
(1.37571e-09 -1.17917e-09 0.000109578)
(1.98008e-09 7.57022e-10 0.000105092)
(-1.99063e-10 9.70477e-10 7.45771e-05)
(3.74079e-10 5.88859e-10 8.61141e-05)
(1.52132e-09 -4.83639e-10 0.000108472)
(1.19307e-09 -1.13053e-09 0.000110154)
(2.30311e-10 2.0745e-11 0.000110252)
(1.51796e-10 2.91088e-10 0.000110257)
(1.0971e-10 -1.92906e-10 0.000110258)
(-8.78877e-11 -3.12026e-10 0.000110252)
(-8.26404e-10 -9.92784e-10 0.000110154)
(-6.86645e-10 -3.61299e-10 0.000108471)
(3.33683e-10 1.40866e-09 8.61135e-05)
(-3.87641e-10 4.54977e-10 9.01089e-05)
(1.88967e-10 -7.42172e-10 0.000109181)
(3.7548e-10 -2.99706e-10 0.000110221)
(1.82273e-11 -2.66912e-10 0.000110258)
(4.27186e-10 4.44414e-10 0.000110259)
(4.91023e-10 -2.07775e-10 0.000110259)
(1.95394e-10 -1.0378e-10 0.000110258)
(-6.53044e-11 -4.25759e-10 0.00011022)
(-4.15678e-10 -2.21724e-10 0.000109181)
(-2.13814e-10 3.72468e-10 9.01087e-05)
(-7.38154e-10 9.04981e-11 9.0109e-05)
(-1.86542e-11 -8.79384e-10 0.000109181)
(3.82262e-10 3.35197e-10 0.00011022)
(1.21739e-10 -2.03425e-10 0.000110258)
(4.81118e-10 3.3874e-10 0.000110259)
(-5.83942e-11 4.6261e-10 0.000110259)
(-1.88632e-10 -2.3831e-10 0.000110258)
(-6.56322e-10 2.43584e-10 0.00011022)
(-4.61076e-10 -6.97428e-10 0.000109181)
(-4.09321e-11 4.23931e-10 9.01082e-05)
(-6.89117e-10 5.76716e-10 8.61139e-05)
(5.39023e-10 -2.26033e-09 0.000108472)
(1.46494e-09 5.46522e-10 0.000110154)
(8.28103e-11 -2.64225e-10 0.000110252)
(5.22942e-10 2.42697e-10 0.000110258)
(-4.2868e-10 4.36558e-10 0.000110258)
(7.28132e-11 5.68274e-10 0.000110252)
(-1.36332e-09 7.36543e-10 0.000110154)
(-1.0835e-09 -1.95683e-09 0.000108471)
(6.52091e-10 2.77034e-10 8.61135e-05)
(6.24442e-10 -2.29613e-11 7.45768e-05)
(-4.17303e-10 -4.24871e-09 0.000105092)
(-1.8679e-10 9.79553e-10 0.000109578)
(-7.86722e-11 1.88911e-10 0.000110137)
(4.0452e-10 4.95566e-10 0.000110211)
(-5.52239e-11 2.43944e-10 0.000110211)
(1.72623e-10 1.26739e-09 0.000110137)
(-7.26846e-11 2.38988e-09 0.000109578)
(-6.24231e-10 -2.43317e-09 0.000105092)
(-1.49605e-09 4.18563e-10 7.45764e-05)
(1.7787e-10 -1.56256e-09 4.91145e-05)
(-2.03014e-09 -1.14234e-09 9.01628e-05)
(-9.46522e-10 1.47423e-09 0.000104248)
(4.11134e-10 -8.37046e-10 0.000108045)
(-3.31261e-10 7.95034e-10 0.000108884)
(2.15386e-10 4.04096e-10 0.000108884)
(-9.41349e-10 2.44294e-10 0.000108045)
(7.39252e-10 2.74058e-09 0.000104249)
(1.59193e-09 -7.73987e-10 9.01625e-05)
(-6.12741e-10 -1.24773e-09 4.91143e-05)
(-7.62128e-10 -5.02025e-10 1.90949e-05)
(-5.09521e-10 1.81477e-09 4.60046e-05)
(-5.06318e-10 3.36274e-10 7.03552e-05)
(-4.82641e-10 -1.71975e-09 8.27217e-05)
(-7.15007e-10 1.22993e-10 8.6881e-05)
(-3.48945e-10 -1.46365e-10 8.68809e-05)
(-5.28654e-10 -5.67511e-10 8.27216e-05)
(-9.70138e-10 9.46696e-10 7.03547e-05)
(6.1816e-10 4.38306e-10 4.6004e-05)
(8.2262e-10 -5.52743e-10 1.90948e-05)
(-1.40193e-08 9.43918e-09 1.9095e-05)
(2.39805e-09 -5.7518e-09 4.60048e-05)
(1.90114e-09 2.11495e-09 7.0355e-05)
(-2.37226e-09 1.00278e-09 8.27211e-05)
(1.25628e-09 -3.22242e-10 8.68804e-05)
(-4.97419e-10 -3.27463e-10 8.68805e-05)
(3.66888e-09 1.90368e-09 8.27215e-05)
(-1.23041e-10 2.88234e-09 7.03552e-05)
(-5.00182e-09 -7.16164e-09 4.60046e-05)
(9.05629e-09 6.54061e-09 1.9095e-05)
(-3.15209e-09 6.50355e-09 4.91147e-05)
(7.02337e-10 -5.26819e-09 9.01631e-05)
(-3.21297e-09 2.41199e-09 0.000104249)
(2.69011e-10 -5.71408e-10 0.000108045)
(2.66509e-10 -1.52465e-09 0.000108884)
(9.50628e-10 -1.68994e-09 0.000108884)
(2.1115e-09 4.53584e-10 0.000108045)
(5.74911e-09 4.03346e-09 0.000104248)
(-4.86159e-10 -4.77769e-09 9.01626e-05)
(4.9035e-10 3.7587e-09 4.91145e-05)
(4.96321e-10 3.70622e-09 7.45769e-05)
(7.59922e-10 -1.99237e-09 0.000105092)
(-7.51762e-10 1.36004e-09 0.000109578)
(9.63099e-10 -2.20206e-09 0.000110137)
(-8.85393e-10 -9.93686e-10 0.000110211)
(-7.12675e-10 -8.88143e-10 0.000110211)
(-2.41529e-09 -1.70254e-09 0.000110137)
(3.60183e-10 2.85735e-09 0.000109578)
(-2.09599e-09 -1.28837e-09 0.000105092)
(-3.07132e-09 -6.96976e-11 7.4577e-05)
(8.48802e-10 2.28572e-09 8.61136e-05)
(1.15451e-09 -1.5922e-09 0.000108471)
(7.02907e-10 9.25476e-10 0.000110154)
(7.19862e-10 -9.69544e-10 0.000110252)
(-3.51675e-10 1.23885e-10 0.000110258)
(8.2377e-10 4.55121e-10 0.000110258)
(-3.23333e-10 -3.53199e-10 0.000110252)
(-3.33565e-10 1.88014e-09 0.000110155)
(-3.28977e-11 -1.44605e-09 0.000108471)
(-1.10138e-10 -1.49001e-10 8.61136e-05)
(9.46323e-10 8.45623e-10 9.01088e-05)
(9.7456e-10 -5.8304e-10 0.000109181)
(8.81396e-11 9.22696e-12 0.000110221)
(2.78769e-10 -1.08509e-10 0.000110258)
(-5.6658e-11 9.43418e-12 0.000110259)
(1.47268e-10 2.66901e-10 0.000110259)
(3.85105e-11 -1.57534e-10 0.000110258)
(2.19865e-11 6.56109e-10 0.00011022)
(-2.34817e-10 -4.81077e-10 0.000109181)
(-4.44606e-10 6.31468e-10 9.01091e-05)
(9.61204e-10 3.38494e-10 9.01088e-05)
(5.45538e-10 4.84933e-10 0.000109181)
(-3.0062e-10 8.67108e-10 0.000110221)
(3.30094e-10 4.97088e-11 0.000110258)
(5.30095e-10 4.4034e-10 0.000110259)
(2.85574e-10 1.43973e-10 0.000110259)
(-2.64297e-10 3.87403e-10 0.000110258)
(-2.29976e-10 1.06655e-09 0.000110221)
(-7.01922e-10 1.25748e-10 0.000109181)
(-6.55558e-10 -1.20987e-09 9.01084e-05)
(-6.38756e-10 -4.99019e-10 8.6114e-05)
(4.84767e-10 6.92317e-10 0.000108472)
(1.07745e-09 1.98993e-10 0.000110155)
(5.18521e-10 -2.62342e-10 0.000110252)
(2.35593e-11 5.16308e-10 0.000110258)
(1.65124e-11 5.9397e-10 0.000110258)
(-1.50707e-11 5.65583e-10 0.000110252)
(-1.55971e-09 3.32719e-10 0.000110154)
(-1.3414e-09 5.98428e-11 0.000108471)
(6.03744e-10 -3.09753e-09 8.61139e-05)
(1.01363e-09 8.3124e-10 7.45769e-05)
(1.83098e-09 -4.52415e-10 0.000105092)
(6.46786e-10 -3.35931e-10 0.000109578)
(6.25677e-11 7.28179e-10 0.000110137)
(8.24384e-10 1.26641e-09 0.000110211)
(8.7824e-12 1.09061e-09 0.000110211)
(-3.84823e-10 1.69176e-09 0.000110137)
(-6.8371e-10 1.34255e-09 0.000109578)
(-8.57544e-10 -1.6608e-09 0.000105092)
(1.56599e-09 -4.78392e-09 7.45766e-05)
(-1.63689e-10 -3.2087e-09 4.91146e-05)
(-3.99241e-10 2.42752e-10 9.0163e-05)
(-1.76998e-09 1.22739e-09 0.000104248)
(-8.14647e-10 -1.66468e-10 0.000108045)
(-6.04875e-10 1.43435e-09 0.000108884)
(9.58014e-10 8.02901e-10 0.000108884)
(1.67921e-09 8.25309e-10 0.000108045)
(3.87357e-09 1.53111e-09 0.000104248)
(4.32156e-09 -1.36941e-09 9.01632e-05)
(5.22759e-09 -7.99946e-09 4.91146e-05)
(-8.08608e-09 -6.4351e-09 1.90948e-05)
(-3.39054e-09 3.00548e-10 4.60039e-05)
(-8.71716e-10 7.99897e-10 7.03545e-05)
(-9.06359e-10 -1.23374e-09 8.27214e-05)
(-2.92445e-10 4.82616e-11 8.68805e-05)
(3.23433e-11 1.4321e-10 8.68804e-05)
(1.32273e-09 -7.5067e-10 8.27214e-05)
(1.86307e-09 -1.83805e-10 7.03545e-05)
(4.2259e-09 9.18318e-11 4.60042e-05)
(7.86337e-09 -6.1895e-09 1.90948e-05)
(6.84233e-10 -8.31327e-10 1.90945e-05)
(9.02639e-09 -8.84605e-09 4.60046e-05)
(3.76291e-09 1.11381e-09 7.0355e-05)
(-4.32867e-11 1.25961e-09 8.2722e-05)
(2.23341e-09 9.47127e-11 8.68811e-05)
(1.48564e-09 -5.37939e-10 8.68808e-05)
(4.70066e-09 1.46185e-09 8.27215e-05)
(2.43764e-09 4.1536e-09 7.03547e-05)
(-2.97323e-09 -4.64636e-09 4.60045e-05)
(3.24804e-09 1.79225e-09 1.9095e-05)
(1.48672e-09 7.59826e-10 4.91142e-05)
(-7.82774e-11 -5.46509e-09 9.01629e-05)
(-3.40064e-09 1.29318e-09 0.000104249)
(2.1336e-10 1.49347e-09 0.000108045)
(-3.59798e-10 -2.19647e-10 0.000108884)
(6.00707e-10 -1.30506e-09 0.000108884)
(-1.15718e-09 2.56848e-10 0.000108045)
(2.16466e-09 2.56348e-09 0.000104248)
(1.01846e-09 -1.67921e-09 9.01631e-05)
(2.99149e-10 1.87101e-09 4.91148e-05)
(1.15751e-09 9.08009e-10 7.45768e-05)
(-1.20315e-09 6.39907e-11 0.000105092)
(-2.09472e-09 -1.0449e-09 0.000109578)
(4.81452e-10 -2.14387e-10 0.000110137)
(4.27073e-10 1.037e-10 0.000110211)
(4.3566e-10 -5.41393e-10 0.000110211)
(-8.37209e-10 -4.12668e-10 0.000110137)
(8.45547e-10 -6.49157e-11 0.000109578)
(1.24171e-09 2.1848e-09 0.000105092)
(-8.19437e-10 6.19868e-10 7.4577e-05)
(2.77571e-10 2.57076e-10 8.61138e-05)
(7.34547e-10 -2.52044e-10 0.000108471)
(8.05822e-10 -2.79348e-10 0.000110155)
(1.75982e-10 -1.45528e-10 0.000110252)
(-2.73014e-10 4.25549e-10 0.000110258)
(-3.96114e-10 1.77059e-10 0.000110258)
(-8.67242e-10 -1.88615e-10 0.000110252)
(-1.31748e-09 1.85934e-10 0.000110155)
(-9.12681e-10 2.31785e-10 0.000108471)
(3.43541e-10 1.11835e-09 8.61142e-05)
(-1.92487e-10 6.65297e-10 9.0109e-05)
(9.00539e-11 -1.71655e-10 0.000109181)
(-2.56389e-10 5.18141e-10 0.000110221)
(-4.53388e-10 -2.1335e-10 0.000110258)
(5.96322e-11 2.26741e-10 0.000110259)
(-1.53951e-11 2.78258e-10 0.000110259)
(-1.21739e-10 -7.27122e-11 0.000110258)
(-3.8795e-10 1.46655e-10 0.000110221)
(-3.48357e-10 -4.14733e-10 0.000109181)
(9.85353e-11 4.57005e-10 9.01091e-05)
(-2.72617e-10 4.33489e-10 9.01086e-05)
(1.47117e-10 3.12069e-10 0.00010918)
(-1.74587e-10 1.26817e-09 0.000110221)
(-4.02159e-10 -1.15043e-11 0.000110258)
(-9.74538e-11 2.29707e-10 0.000110259)
(-1.91166e-10 4.47089e-10 0.000110259)
(3.25527e-11 -1.87044e-10 0.000110258)
(-6.87494e-10 9.87874e-10 0.000110221)
(-3.23306e-10 -8.02099e-11 0.000109181)
(2.44198e-10 1.78035e-10 9.0109e-05)
(5.19175e-11 1.79608e-09 8.61137e-05)
(8.62131e-10 -6.37116e-10 0.000108471)
(9.59435e-10 2.01995e-09 0.000110155)
(1.48144e-10 4.78327e-10 0.000110253)
(4.12393e-10 1.2804e-10 0.000110258)
(-5.90069e-10 5.03192e-10 0.000110258)
(-1.61981e-11 -3.68074e-10 0.000110252)
(-1.4919e-09 1.08956e-09 0.000110155)
(-1.18588e-09 -1.82289e-09 0.000108471)
(1.30554e-10 3.98698e-10 8.61143e-05)
(1.17153e-09 -4.15051e-10 7.45764e-05)
(2.76155e-10 -2.73119e-09 0.000105092)
(-2.5613e-10 2.7437e-09 0.000109578)
(-1.98369e-10 8.12825e-10 0.000110137)
(4.73867e-11 1.74647e-10 0.000110211)
(-4.80701e-10 4.81505e-10 0.000110211)
(2.77731e-11 8.81351e-10 0.000110137)
(2.52397e-10 2.30917e-09 0.000109578)
(5.66605e-10 -3.29108e-09 0.000105092)
(-6.26697e-10 -2.58562e-10 7.45769e-05)
(-4.24983e-10 -2.9679e-09 4.91146e-05)
(-1.4397e-09 1.03341e-09 9.01632e-05)
(-1.30257e-09 3.43598e-09 0.000104248)
(6.27328e-10 -8.70625e-10 0.000108045)
(-3.21153e-10 -1.2838e-10 0.000108884)
(-4.30486e-12 4.45812e-10 0.000108884)
(-1.20286e-09 -3.74253e-10 0.000108045)
(9.15704e-11 2.17232e-09 0.000104249)
(1.39128e-09 4.3298e-10 9.01633e-05)
(-1.5268e-10 -1.44533e-09 4.91149e-05)
(-6.32148e-09 -4.36829e-09 1.90949e-05)
(2.009e-09 3.88788e-09 4.60043e-05)
(5.14035e-09 2.58366e-09 7.03545e-05)
(1.26053e-09 -1.37368e-09 8.27218e-05)
(4.24928e-13 -1.95122e-10 8.68807e-05)
(9.45633e-10 8.15521e-11 8.68807e-05)
(-7.81393e-10 -1.25289e-09 8.27216e-05)
(-1.36563e-09 2.15959e-10 7.03552e-05)
(-1.02897e-10 2.04436e-09 4.60046e-05)
(2.24595e-09 -1.89109e-09 1.9095e-05)
(-9.54981e-09 7.50138e-09 1.90953e-05)
(2.01711e-10 -3.39048e-09 4.60048e-05)
(-2.96285e-10 1.51517e-09 7.03554e-05)
(-3.02454e-09 9.81715e-10 8.27217e-05)
(-1.09166e-10 -4.53409e-10 8.6881e-05)
(-1.06158e-09 6.629e-11 8.68807e-05)
(7.19074e-10 1.59821e-09 8.27214e-05)
(-1.96833e-09 1.70448e-09 7.0355e-05)
(-4.02989e-09 -6.15292e-09 4.60044e-05)
(6.76311e-09 4.86048e-09 1.90949e-05)
(-3.92534e-09 8.48958e-09 4.91148e-05)
(-1.31387e-09 -2.15787e-09 9.01631e-05)
(-2.91909e-09 -4.26086e-10 0.000104249)
(-7.08391e-11 -2.91446e-10 0.000108045)
(-1.00916e-10 -1.82733e-09 0.000108884)
(8.89553e-10 -1.19987e-09 0.000108884)
(2.25463e-10 3.10934e-10 0.000108045)
(4.22289e-09 1.38149e-09 0.000104249)
(4.37042e-10 -3.80359e-09 9.01627e-05)
(-1.17575e-09 1.52683e-09 4.91141e-05)
(6.31017e-10 4.44112e-09 7.45768e-05)
(2.16277e-09 1.04445e-10 0.000105092)
(1.44987e-09 -1.90835e-09 0.000109578)
(1.37786e-09 -1.14236e-09 0.000110137)
(-8.63669e-11 -9.15359e-10 0.000110212)
(-2.2991e-10 -8.76611e-10 0.000110211)
(-1.79377e-09 -7.10074e-10 0.000110137)
(-1.52218e-10 -7.41068e-10 0.000109578)
(1.73895e-10 6.60663e-11 0.000105092)
(-1.26431e-09 -4.94326e-10 7.45765e-05)
(-4.05272e-11 2.671e-09 8.6114e-05)
(1.18388e-09 1.44711e-10 0.000108471)
(6.79609e-10 -3.61149e-10 0.000110154)
(-1.4288e-10 -2.56511e-11 0.000110253)
(-3.67079e-10 -1.02386e-11 0.000110258)
(-1.37667e-10 3.04123e-10 0.000110258)
(-3.73947e-10 3.98177e-10 0.000110253)
(-1.06584e-09 -3.19805e-10 0.000110154)
(-4.21684e-10 -1.89591e-09 0.000108471)
(7.33093e-10 8.77067e-10 8.6114e-05)
(7.01528e-10 4.88019e-10 9.01089e-05)
(1.21626e-09 -5.09086e-10 0.000109181)
(5.1273e-10 -5.3547e-11 0.00011022)
(-2.54049e-10 -2.83096e-10 0.000110258)
(-4.19337e-10 -4.02959e-11 0.000110259)
(-1.43587e-10 1.20981e-10 0.000110259)
(-1.58508e-10 -1.86358e-10 0.000110258)
(-1.34513e-10 1.14288e-10 0.000110221)
(-8.47092e-10 -1.15998e-09 0.000109181)
(-6.49786e-10 5.90508e-10 9.01087e-05)
(6.98244e-11 -2.05868e-10 9.01088e-05)
(8.70385e-10 -6.04473e-10 0.000109181)
(1.23313e-10 8.66823e-10 0.00011022)
(-1.23998e-10 -5.58707e-11 0.000110258)
(4.36726e-10 -5.45723e-11 0.000110259)
(-1.2853e-10 -2.1901e-10 0.000110259)
(2.34153e-10 3.47581e-10 0.000110258)
(-3.27522e-11 1.1104e-09 0.000110221)
(-3.09428e-10 -8.76571e-10 0.000109181)
(-5.484e-11 -7.86505e-11 9.01087e-05)
(-1.37551e-09 -5.65131e-10 8.61141e-05)
(1.13094e-10 -1.66024e-09 0.000108471)
(1.3393e-09 1.45603e-09 0.000110154)
(-2.82684e-10 -2.38522e-11 0.000110252)
(4.348e-10 5.35853e-11 0.000110258)
(4.39763e-10 1.6635e-11 0.000110258)
(7.49051e-10 2.87001e-10 0.000110253)
(-9.35152e-10 1.2836e-09 0.000110154)
(-3.13227e-10 -2.34929e-09 0.000108472)
(8.68622e-10 -2.21721e-10 8.61138e-05)
(-3.15513e-12 1.95493e-10 7.45771e-05)
(5.66928e-10 -3.00382e-09 0.000105092)
(1.30281e-09 1.77971e-09 0.000109578)
(6.65752e-11 2.28913e-10 0.000110137)
(1.03388e-09 1.24101e-09 0.000110211)
(6.06294e-11 1.19683e-09 0.000110211)
(-6.90571e-10 1.53367e-09 0.000110137)
(-9.81887e-10 2.56907e-09 0.000109578)
(-6.79632e-10 -3.77902e-09 0.000105092)
(-8.62167e-10 -6.97397e-10 7.45773e-05)
(1.34691e-09 -9.97294e-10 4.91152e-05)
(-1.73406e-09 -1.55126e-09 9.01631e-05)
(-2.45855e-09 9.92259e-10 0.000104249)
(-4.32178e-10 -3.07027e-10 0.000108045)
(1.02329e-12 7.75666e-10 0.000108884)
(9.3971e-10 9.59076e-10 0.000108884)
(8.04906e-10 7.64406e-10 0.000108045)
(3.21758e-09 2.14411e-09 0.000104249)
(3.28681e-09 -2.03863e-09 9.01635e-05)
(7.17932e-10 -3.12738e-09 4.91154e-05)
(-4.98222e-09 -3.37591e-09 1.90952e-05)
(-4.97457e-09 -1.44579e-09 4.60051e-05)
(-7.22047e-10 -5.67288e-11 7.03555e-05)
(-1.56241e-10 -9.76144e-10 8.27219e-05)
(-1.14904e-09 -2.38647e-10 8.68809e-05)
(5.06798e-10 -1.16563e-10 8.68809e-05)
(5.14348e-10 -8.01598e-10 8.27217e-05)
(3.74284e-10 4.24266e-10 7.03559e-05)
(1.27215e-09 6.84832e-10 4.6005e-05)
(5.22865e-10 -6.13671e-10 1.90955e-05)
(-5.10721e-09 3.48333e-09 1.90953e-05)
(5.17013e-09 -6.21456e-09 4.60049e-05)
(2.50135e-10 2.58377e-09 7.03549e-05)
(-2.29244e-09 1.24176e-09 8.2721e-05)
(2.09238e-09 -4.02175e-11 8.688e-05)
(-3.4896e-10 -1.11072e-10 8.68802e-05)
(3.66918e-09 1.24206e-09 8.27219e-05)
(-2.03766e-10 3.19277e-09 7.03556e-05)
(-4.43355e-09 -5.74419e-09 4.60052e-05)
(6.41897e-09 3.95172e-09 1.90953e-05)
(-1.88315e-09 3.37287e-09 4.9115e-05)
(-8.51239e-10 -3.24339e-09 9.01625e-05)
(-4.17975e-09 3.8263e-09 0.000104249)
(-1.01312e-09 2.24432e-10 0.000108044)
(-3.77952e-10 -9.09247e-10 0.000108884)
(-2.01826e-10 -1.51347e-09 0.000108884)
(-7.06198e-10 -6.98426e-10 0.000108045)
(2.49484e-09 4.10967e-09 0.000104249)
(-1.02946e-09 -4.64113e-09 9.01627e-05)
(1.6497e-09 3.19117e-09 4.91146e-05)
(1.47119e-09 1.2605e-09 7.45769e-05)
(4.41675e-10 3.88598e-10 0.000105092)
(-1.69313e-09 2.52434e-09 0.000109578)
(6.86961e-10 -2.48816e-09 0.000110137)
(-2.41958e-10 -1.22792e-09 0.000110211)
(-6.75378e-10 -1.22591e-09 0.000110211)
(-1.29863e-09 -2.17116e-09 0.000110138)
(1.18859e-09 2.4943e-09 0.000109578)
(-1.3335e-09 -1.95426e-09 0.000105091)
(-1.83393e-09 8.6799e-10 7.45765e-05)
(2.24715e-10 6.81866e-10 8.61144e-05)
(5.6088e-10 4.00613e-11 0.000108471)
(1.14478e-09 1.41203e-09 0.000110154)
(1.32355e-09 -1.23482e-09 0.000110253)
(4.78283e-11 -1.12407e-10 0.000110258)
(-3.85808e-10 -1.67743e-10 0.000110258)
(-1.86056e-09 -7.38375e-10 0.000110253)
(-1.27941e-09 8.7684e-10 0.000110154)
(-9.67933e-10 -1.12967e-09 0.000108471)
(-1.12035e-09 -6.3179e-10 8.61137e-05)
(3.61726e-10 5.45198e-10 9.01091e-05)
(2.34978e-10 1.79688e-10 0.000109181)
(6.97397e-10 9.21055e-10 0.00011022)
(6.88542e-10 -8.86561e-11 0.000110258)
(-3.0367e-10 1.82684e-10 0.000110259)
(1.6942e-10 -3.48771e-10 0.000110259)
(-1.58411e-10 -4.77909e-10 0.000110258)
(3.88773e-10 6.36941e-10 0.00011022)
(-6.1971e-13 -3.36158e-10 0.000109181)
(-8.16218e-10 -3.66242e-11 9.01088e-05)
(2.07466e-10 -3.95984e-10 9.01091e-05)
(2.25635e-10 3.57666e-10 0.000109181)
(1.56669e-10 7.76732e-10 0.000110221)
(-9.81919e-11 -5.2007e-10 0.000110258)
(7.40952e-12 -2.74877e-10 0.000110259)
(1.72333e-10 -6.76284e-10 0.000110259)
(-5.24545e-10 -9.52807e-11 0.000110258)
(-7.5423e-10 1.22217e-09 0.00011022)
(-1.23191e-09 -3.47505e-10 0.000109181)
(-9.23889e-10 -7.34151e-10 9.01084e-05)
(-3.64373e-11 8.30512e-11 8.61139e-05)
(1.42822e-09 1.02449e-09 0.000108471)
(1.3497e-09 6.38405e-10 0.000110154)
(5.14992e-10 -1.1208e-10 0.000110253)
(3.97037e-10 -2.60628e-12 0.000110258)
(-5.06502e-11 -2.58381e-10 0.000110258)
(-6.14446e-10 1.42809e-10 0.000110253)
(-1.4887e-09 5.38484e-10 0.000110154)
(-1.4837e-09 1.3381e-10 0.000108471)
(-1.62799e-10 -2.07967e-09 8.61135e-05)
(9.41841e-10 -6.03314e-10 7.45768e-05)
(1.35508e-09 -5.07055e-11 0.000105092)
(6.41015e-11 1.60296e-09 0.000109578)
(-7.97146e-11 5.69733e-10 0.000110138)
(5.82012e-10 3.40827e-10 0.000110211)
(5.8672e-10 1.48425e-10 0.000110211)
(7.40293e-10 4.63057e-11 0.000110137)
(5.68889e-10 1.42156e-09 0.000109578)
(-8.49158e-10 -2.6414e-11 0.000105092)
(2.94754e-10 -3.3638e-09 7.45767e-05)
(-1.74226e-09 -2.32899e-09 4.9115e-05)
(-5.57399e-10 1.83873e-09 9.01636e-05)
(-3.81881e-10 2.0367e-09 0.000104249)
(-4.18377e-11 -1.0109e-09 0.000108045)
(-1.89189e-10 -5.1588e-10 0.000108884)
(1.04617e-09 2.69951e-11 0.000108884)
(9.69122e-10 -9.36511e-10 0.000108045)
(1.31274e-09 1.85668e-09 0.000104249)
(2.80785e-09 -8.7302e-11 9.01634e-05)
(2.92424e-09 -3.98361e-09 4.91151e-05)
(-1.48185e-10 3.94501e-10 1.90952e-05)
(2.43087e-09 3.42789e-09 4.60048e-05)
(3.33939e-09 1.35364e-09 7.03552e-05)
(7.69395e-10 -1.32606e-09 8.27209e-05)
(3.06253e-10 -7.60279e-10 8.68802e-05)
(1.14334e-09 -5.07419e-11 8.68801e-05)
(8.48269e-10 -1.13491e-09 8.27209e-05)
(-3.2858e-10 2.6763e-10 7.03546e-05)
(1.28328e-09 6.42881e-10 4.60044e-05)
(3.12552e-09 -1.88441e-09 1.90951e-05)
(3.90224e-09 -2.4015e-09 1.90948e-05)
(4.20953e-10 6.72507e-10 4.60043e-05)
(7.48218e-10 -1.62838e-09 7.03553e-05)
(1.54287e-09 3.44859e-10 8.27219e-05)
(2.88982e-10 1.15875e-09 8.68812e-05)
(-3.83675e-10 6.61314e-10 8.68811e-05)
(-1.06046e-09 5.23844e-10 8.27218e-05)
(-1.57883e-09 -1.16491e-09 7.03551e-05)
(-9.834e-12 6.32135e-10 4.60049e-05)
(-3.08164e-09 -2.9548e-09 1.90952e-05)
(-1.75936e-10 -2.91486e-11 4.91146e-05)
(-1.07056e-09 3.37693e-09 9.01623e-05)
(-6.36043e-10 -5.22832e-10 0.000104249)
(-6.60177e-10 1.00728e-10 0.000108045)
(3.50177e-10 2.75877e-10 0.000108885)
(4.76832e-10 2.73709e-11 0.000108884)
(1.63778e-09 -6.49703e-10 0.000108046)
(1.24486e-09 -1.63005e-10 0.000104249)
(8.80933e-10 1.78852e-09 9.01631e-05)
(-1.42059e-09 -1.68615e-09 4.91148e-05)
(-1.53918e-09 7.42078e-10 7.45767e-05)
(-1.52584e-09 2.25554e-09 0.000105092)
(1.7092e-10 7.18875e-10 0.000109578)
(-1.84991e-10 -2.66513e-10 0.000110137)
(-3.4625e-10 -8.93374e-10 0.000110211)
(1.5917e-10 -4.04314e-10 0.000110211)
(4.71558e-11 -1.29678e-09 0.000110138)
(3.38374e-10 4.11843e-10 0.000109578)
(2.26538e-09 8.64795e-10 0.000105092)
(1.93931e-09 9.26821e-10 7.45767e-05)
(-2.64638e-11 1.10845e-09 8.61135e-05)
(-9.27945e-11 -3.2318e-11 0.000108471)
(1.70471e-10 2.63672e-10 0.000110154)
(7.25241e-12 -4.35907e-10 0.000110252)
(-7.4765e-10 -1.47133e-10 0.000110258)
(2.25188e-11 -1.44556e-10 0.000110258)
(-6.34264e-10 -4.27239e-10 0.000110253)
(-4.9481e-10 -2.29191e-10 0.000110155)
(-2.65778e-10 -8.44684e-11 0.000108471)
(-5.94033e-10 2.41986e-10 8.61138e-05)
(2.99688e-10 4.11982e-10 9.01086e-05)
(4.34532e-10 3.57993e-10 0.000109181)
(7.89451e-10 2.34793e-10 0.00011022)
(7.63431e-10 -1.3576e-10 0.000110258)
(-3.90622e-11 -3.85063e-11 0.000110259)
(-2.62066e-11 2.51975e-11 0.000110259)
(-5.55485e-10 -2.49933e-10 0.000110258)
(-3.39584e-10 -5.38328e-11 0.000110221)
(-4.44653e-11 -3.63273e-10 0.000109181)
(-4.37595e-10 -1.86361e-10 9.01088e-05)
(1.63854e-10 1.04645e-10 9.01086e-05)
(-2.31289e-10 -4.98508e-10 0.000109181)
(-6.07666e-12 3.74774e-10 0.00011022)
(9.95439e-11 1.76355e-10 0.000110258)
(-3.34006e-11 1.06443e-10 0.000110259)
(5.2471e-11 4.26872e-10 0.000110259)
(-4.39383e-10 3.49944e-10 0.000110258)
(-4.39497e-10 -1.63667e-10 0.000110221)
(-5.7767e-10 -2.81853e-10 0.000109181)
(-4.29823e-10 4.3048e-11 9.01088e-05)
(2.19712e-10 9.99218e-10 8.61136e-05)
(-1.02718e-10 -4.41116e-10 0.000108471)
(-2.75486e-10 -3.19946e-10 0.000110154)
(-5.3654e-10 -9.71682e-11 0.000110253)
(-1.73821e-10 -3.78453e-10 0.000110258)
(3.3629e-10 8.35139e-11 0.000110258)
(1.77599e-11 3.39115e-10 0.000110252)
(1.3619e-10 6.31001e-10 0.000110155)
(-1.05341e-09 4.57263e-10 0.000108471)
(-1.4527e-09 -6.04851e-11 8.61136e-05)
(-2.01118e-10 7.21787e-10 7.45767e-05)
(-2.03024e-09 -7.83623e-10 0.000105092)
(-1.61882e-09 -3.75666e-10 0.000109578)
(-3.13307e-10 2.26296e-11 0.000110137)
(2.95267e-10 -3.08614e-10 0.000110211)
(-1.12878e-11 3.34981e-10 0.000110211)
(1.36045e-10 6.18719e-10 0.000110137)
(8.38407e-10 1.92e-09 0.000109578)
(1.93791e-09 -3.32218e-10 0.000105092)
(2.14698e-09 -2.51425e-09 7.45767e-05)
(3.4469e-09 4.01238e-09 4.91145e-05)
(7.90833e-11 1.91199e-09 9.01621e-05)
(-1.86232e-09 -1.65952e-09 0.000104248)
(3.01076e-10 -1.60802e-09 0.000108045)
(7.64922e-11 -1.28859e-09 0.000108884)
(1.54293e-10 -4.92319e-10 0.000108884)
(-1.31574e-10 -5.77969e-10 0.000108045)
(7.90979e-10 7.18688e-10 0.000104249)
(9.34095e-10 2.6256e-09 9.01628e-05)
(6.80025e-10 -2.7589e-10 4.91145e-05)
(2.40348e-09 2.61965e-09 1.90948e-05)
(7.01872e-09 4.73855e-09 4.60042e-05)
(4.17324e-09 -7.12709e-10 7.03551e-05)
(1.48212e-09 -1.47489e-09 8.27217e-05)
(-1.81513e-10 -1.64633e-09 8.6881e-05)
(-1.38553e-09 -1.11342e-09 8.68808e-05)
(-2.87225e-09 -6.70744e-10 8.27219e-05)
(-4.97103e-09 8.39253e-10 7.03552e-05)
(-5.63841e-09 4.92741e-09 4.60046e-05)
(-3.897e-10 7.0345e-10 1.90948e-05)
(-9.33013e-09 7.38324e-09 1.90954e-05)
(2.22311e-09 -5.48797e-09 4.60045e-05)
(-2.25155e-09 3.20685e-09 7.03552e-05)
(-4.5286e-09 1.17749e-09 8.27221e-05)
(3.7838e-10 5.10875e-10 8.68816e-05)
(-2.77629e-09 1.68156e-10 8.6881e-05)
(7.23073e-10 7.88742e-10 8.27216e-05)
(-2.0363e-09 2.21049e-09 7.03546e-05)
(-4.84309e-09 -6.815e-09 4.60041e-05)
(1.01592e-08 7.15959e-09 1.90951e-05)
(-4.12665e-09 6.8707e-09 4.91146e-05)
(-3.11096e-10 -4.97371e-09 9.01635e-05)
(-5.077e-09 3.19764e-09 0.000104248)
(-6.01385e-10 -1.11121e-09 0.000108045)
(4.48558e-10 -9.77433e-10 0.000108884)
(3.34632e-10 -1.03041e-09 0.000108884)
(1.30915e-09 -8.43525e-10 0.000108045)
(4.40719e-09 2.9603e-09 0.000104248)
(4.88226e-10 -4.12981e-09 9.01634e-05)
(2.72488e-09 5.07975e-09 4.91149e-05)
(6.5189e-10 2.7352e-09 7.45767e-05)
(1.70426e-09 -1.86823e-09 0.000105093)
(-2.82036e-10 1.70248e-09 0.000109578)
(1.07905e-09 -1.97771e-09 0.000110137)
(2.51799e-10 -1.02481e-09 0.000110211)
(9.6192e-10 -9.08053e-10 0.000110211)
(-9.38905e-10 -2.885e-09 0.000110137)
(9.68543e-10 2.15634e-09 0.000109578)
(-3.4325e-10 -3.3538e-10 0.000105093)
(-1.04939e-09 2.1403e-09 7.45771e-05)
(7.4284e-10 1.73031e-09 8.61135e-05)
(6.99899e-10 -1.05064e-09 0.000108472)
(1.29301e-09 1.04055e-09 0.000110155)
(2.03949e-09 -2.20687e-10 0.000110252)
(4.15716e-10 -5.60167e-11 0.000110258)
(4.16328e-10 -6.06413e-11 0.000110258)
(-1.01705e-09 -1.09598e-09 0.000110252)
(-7.29033e-10 1.22924e-09 0.000110155)
(-3.23981e-10 -1.55708e-09 0.000108471)
(-1.0984e-10 3.35761e-10 8.6114e-05)
(1.36658e-09 3.65882e-10 9.01087e-05)
(5.39724e-10 -6.53872e-10 0.000109181)
(1.72004e-10 8.64166e-10 0.000110221)
(7.21652e-10 3.11337e-11 0.000110258)
(-3.41588e-11 -1.20039e-10 0.000110259)
(4.28142e-10 -3.02161e-10 0.000110259)
(-4.24783e-10 -5.31636e-10 0.000110258)
(-1.68372e-10 5.25652e-11 0.000110221)
(-7.58175e-10 -9.49405e-10 0.000109181)
(-1.06162e-09 4.95765e-12 9.01089e-05)
(6.12136e-10 -5.84494e-10 9.01086e-05)
(4.4079e-10 -1.88938e-10 0.000109181)
(4.23965e-10 5.43976e-10 0.000110221)
(5.02985e-10 5.06859e-10 0.000110258)
(6.31077e-11 4.39368e-10 0.000110259)
(-3.91064e-11 -3.9229e-11 0.000110259)
(-1.32671e-11 -1.14709e-10 0.000110258)
(9.96011e-11 4.34841e-10 0.000110221)
(-8.54686e-10 2.00417e-11 0.000109181)
(-6.84085e-10 -1.11359e-09 9.01094e-05)
(-7.78549e-10 -1.27007e-09 8.61138e-05)
(4.48351e-10 5.15483e-10 0.000108471)
(1.40967e-09 -3.26192e-10 0.000110155)
(9.60356e-10 4.02779e-10 0.000110253)
(6.50791e-10 3.15448e-10 0.000110258)
(1.87085e-10 -8.98008e-11 0.000110258)
(-2.12871e-10 1.51033e-10 0.000110253)
(-1.32886e-09 3.47464e-10 0.000110155)
(-9.83223e-10 2.08055e-10 0.000108472)
(1.07161e-09 -2.69626e-09 8.61145e-05)
(1.1778e-09 6.37134e-10 7.45768e-05)
(1.13717e-09 -1.6359e-09 0.000105092)
(6.49508e-10 1.82909e-10 0.000109578)
(4.87888e-10 9.89561e-10 0.000110137)
(3.96493e-10 9.33102e-10 0.000110211)
(-1.15676e-10 6.07339e-10 0.000110211)
(-4.39974e-11 1.46667e-09 0.000110137)
(-1.07837e-09 1.30038e-09 0.000109578)
(-1.4347e-09 -1.50594e-09 0.000105092)
(1.22643e-09 -4.18591e-09 7.45772e-05)
(-7.9339e-11 -1.62105e-09 4.91143e-05)
(-1.63764e-09 -6.79073e-10 9.01623e-05)
(-2.04081e-09 5.52704e-10 0.000104248)
(-6.81487e-11 8.67237e-11 0.000108045)
(-9.00067e-11 5.68807e-10 0.000108884)
(1.05728e-09 3.52666e-10 0.000108884)
(1.83742e-09 4.04464e-10 0.000108046)
(3.18206e-09 1.17209e-09 0.000104249)
(3.66399e-09 -1.43761e-09 9.01629e-05)
(3.96554e-09 -6.28487e-09 4.91144e-05)
(-3.30324e-09 -2.85409e-09 1.90947e-05)
(5.74518e-10 2.15267e-09 4.60044e-05)
(-4.51591e-10 9.96648e-11 7.03552e-05)
(1.03799e-10 -8.72336e-10 8.27224e-05)
(5.19578e-10 -6.18626e-10 8.68813e-05)
(3.40586e-10 -6.5191e-10 8.68816e-05)
(6.56258e-10 -1.24405e-09 8.27224e-05)
(-2.27099e-10 4.68085e-10 7.03554e-05)
(2.5919e-09 4.91701e-10 4.60048e-05)
(6.43182e-09 -4.77645e-09 1.90951e-05)
(-1.02581e-08 6.51363e-09 1.90952e-05)
(2.51692e-09 -5.67238e-09 4.60045e-05)
(1.05806e-09 1.53652e-09 7.03547e-05)
(-2.21622e-09 1.10878e-09 8.27214e-05)
(-1.84622e-10 8.69649e-11 8.68806e-05)
(-1.9131e-09 5.22428e-10 8.68804e-05)
(2.06829e-09 1.52164e-09 8.27218e-05)
(-2.11491e-09 1.56622e-09 7.03547e-05)
(-5.53426e-09 -7.24168e-09 4.60047e-05)
(5.06496e-09 2.97134e-09 1.90953e-05)
(-2.55579e-09 5.97727e-09 4.91144e-05)
(7.24635e-10 -3.16867e-09 9.01632e-05)
(-1.39536e-09 2.73835e-11 0.000104248)
(1.86556e-10 3.72911e-10 0.000108045)
(-3.29528e-10 -7.88504e-10 0.000108884)
(1.26282e-09 -5.51002e-10 0.000108884)
(-3.49816e-11 3.5968e-10 0.000108045)
(2.57151e-09 1.65886e-09 0.000104248)
(-3.91765e-10 -3.49128e-09 9.01631e-05)
(-1.44982e-09 6.45225e-10 4.91148e-05)
(3.19993e-10 3.65335e-09 7.45762e-05)
(9.88694e-10 6.22613e-10 0.000105092)
(2.14699e-10 -1.07011e-09 0.000109578)
(1.0333e-09 -7.37199e-10 0.000110137)
(1.4155e-11 -4.23144e-10 0.000110211)
(-4.6258e-10 -4.99724e-10 0.000110211)
(-1.373e-09 -7.93838e-10 0.000110137)
(8.46046e-11 2.8404e-11 0.000109578)
(1.96057e-10 6.76478e-10 0.000105093)
(-8.98103e-10 -1.10033e-10 7.45771e-05)
(7.7374e-11 1.94501e-09 8.61135e-05)
(1.1916e-09 -6.72328e-10 0.000108471)
(5.8214e-10 -3.73134e-10 0.000110156)
(-4.01906e-10 -2.57563e-11 0.000110253)
(-3.38621e-11 -3.40168e-12 0.000110258)
(2.66252e-10 2.26665e-10 0.000110258)
(-1.99115e-10 2.43521e-10 0.000110252)
(-1.03118e-09 -1.97331e-10 0.000110155)
(-2.67536e-10 -9.63485e-10 0.000108471)
(1.14934e-09 1.3039e-09 8.61143e-05)
(4.75516e-10 4.64879e-10 9.01088e-05)
(6.54169e-10 -8.25989e-10 0.000109181)
(1.94606e-10 3.21721e-11 0.000110221)
(-9.9367e-11 -3.25602e-10 0.000110258)
(-1.00619e-10 -2.7569e-11 0.000110259)
(4.91027e-10 -2.03748e-10 0.000110259)
(2.83324e-10 -6.64828e-10 0.000110258)
(2.12128e-11 3.01873e-10 0.000110221)
(-1.83724e-10 -1.84615e-10 0.000109181)
(-1.23883e-10 1.21929e-09 9.01093e-05)
(1.68011e-10 -9.15801e-10 9.01088e-05)
(8.70098e-10 -1.04864e-09 0.000109181)
(4.84965e-10 8.06618e-10 0.000110221)
(-1.03939e-10 -3.53745e-10 0.000110258)
(5.14355e-10 -1.47344e-10 0.000110259)
(1.75574e-10 2.93543e-10 0.000110259)
(3.64215e-10 -6.93928e-10 0.000110258)
(-1.11241e-10 9.28339e-10 0.000110221)
(-5.95929e-10 -3.35311e-10 0.000109181)
(5.88538e-11 3.55438e-11 9.01095e-05)
(-1.14166e-09 -1.62798e-09 8.6114e-05)
(6.32501e-10 -2.08077e-09 0.000108471)
(1.64436e-09 1.18937e-09 0.000110155)
(-7.94439e-11 -2.78601e-10 0.000110252)
(2.11038e-10 -6.21785e-10 0.000110258)
(1.8838e-11 4.55119e-10 0.000110258)
(3.22565e-10 -3.49387e-10 0.000110253)
(-1.63605e-09 1.16728e-09 0.000110155)
(-1.23952e-09 -8.52331e-10 0.000108471)
(2.48985e-10 1.45751e-09 8.61147e-05)
(3.2475e-10 -2.53377e-10 7.45765e-05)
(-1.87283e-10 -4.61069e-09 0.000105092)
(1.62999e-09 2.24661e-09 0.000109578)
(1.2947e-10 8.40638e-10 0.000110138)
(2.55585e-10 7.69747e-10 0.000110211)
(2.87366e-10 8.06639e-10 0.000110211)
(-2.96032e-10 1.1648e-09 0.000110137)
(-9.37729e-10 2.2607e-09 0.000109578)
(-1.53476e-09 -2.57781e-09 0.000105092)
(-2.01744e-09 1.36442e-09 7.45769e-05)
(-4.55792e-10 -2.61042e-09 4.91146e-05)
(-3.36599e-09 -2.73456e-09 9.01636e-05)
(-2.54291e-09 1.25106e-09 0.000104249)
(-8.86623e-10 9.08052e-11 0.000108045)
(-1.10953e-09 8.57179e-10 0.000108884)
(6.5055e-10 5.47736e-10 0.000108884)
(2.55038e-10 1.03218e-10 0.000108045)
(2.47506e-09 2.31628e-09 0.000104248)
(1.53377e-09 7.37314e-11 9.0163e-05)
(-9.10928e-10 -2.22351e-09 4.91144e-05)
(-4.44866e-09 -3.75136e-09 1.90951e-05)
(-3.06048e-09 2.60846e-11 4.60045e-05)
(-1.17861e-09 -1.45545e-10 7.03551e-05)
(-2.93353e-11 -1.02038e-09 8.27221e-05)
(-3.85955e-10 -4.21134e-10 8.68808e-05)
(5.20245e-10 -2.11978e-10 8.6881e-05)
(-4.40671e-10 -1.3002e-09 8.27218e-05)
(-1.64532e-09 1.40574e-09 7.03548e-05)
(-5.0822e-10 3.36954e-09 4.60045e-05)
(3.20562e-09 -2.3731e-09 1.90949e-05)
(-1.45092e-08 1.00825e-08 1.90948e-05)
(-1.86027e-09 -3.53568e-09 4.60043e-05)
(-4.45964e-10 9.78252e-10 7.03544e-05)
(-3.35833e-09 1.39357e-09 8.27212e-05)
(-4.08169e-10 6.18892e-10 8.68805e-05)
(-1.7288e-09 3.02981e-10 8.68812e-05)
(3.26025e-10 1.19661e-09 8.27215e-05)
(-3.00293e-09 7.0868e-10 7.03546e-05)
(-4.29736e-09 -6.58412e-09 4.60045e-05)
(5.20068e-09 2.97265e-09 1.90949e-05)
(-3.64031e-09 7.78552e-09 4.91143e-05)
(-2.26997e-09 -1.81123e-09 9.01636e-05)
(-3.13615e-09 -1.34176e-09 0.000104249)
(6.97983e-10 1.6359e-10 0.000108045)
(-6.98883e-10 -1.90288e-12 0.000108884)
(3.82623e-10 -4.73284e-11 0.000108884)
(1.02533e-09 5.9246e-10 0.000108045)
(4.7492e-09 1.28538e-09 0.000104249)
(1.54363e-09 -2.23571e-09 9.01634e-05)
(-2.67106e-09 -6.10534e-10 4.91149e-05)
(5.62004e-10 3.99881e-09 7.45766e-05)
(1.07857e-09 2.10455e-10 0.000105092)
(1.32495e-10 -2.45787e-09 0.000109578)
(1.09381e-09 -7.41057e-10 0.000110137)
(1.50481e-10 3.49971e-10 0.000110211)
(4.68349e-10 -1.8239e-10 0.000110211)
(2.41447e-10 -7.69793e-10 0.000110137)
(1.71419e-09 -5.83351e-10 0.000109578)
(2.07554e-09 1.85949e-09 0.000105092)
(-2.46664e-10 2.00997e-10 7.45771e-05)
(-4.60896e-10 2.83061e-09 8.6114e-05)
(1.30313e-09 -5.04262e-10 0.000108472)
(9.44357e-10 -7.39945e-10 0.000110155)
(1.8524e-10 -2.34287e-10 0.000110252)
(-1.42832e-10 5.35177e-10 0.000110258)
(-1.62605e-10 1.79684e-10 0.000110258)
(2.63951e-10 -7.06433e-11 0.000110252)
(-7.44473e-10 -5.92893e-10 0.000110155)
(-2.28744e-10 -5.45248e-10 0.000108471)
(1.1463e-09 1.84359e-09 8.61145e-05)
(6.04511e-10 1.04446e-09 9.01089e-05)
(1.51996e-09 -4.06847e-10 0.000109181)
(2.20553e-10 4.41342e-11 0.000110221)
(-3.38503e-10 -2.65533e-10 0.000110258)
(2.84914e-10 -2.18821e-10 0.000110259)
(-3.44406e-11 -1.97148e-10 0.000110259)
(-1.02772e-10 -5.18899e-10 0.000110258)
(-3.51484e-10 -3.15994e-11 0.000110221)
(-6.96549e-10 -6.74886e-10 0.000109181)
(-1.95185e-10 6.07132e-10 9.01087e-05)
(2.98522e-10 7.92905e-11 9.0109e-05)
(1.4229e-09 -5.57456e-10 0.000109181)
(1.25507e-09 9.93695e-10 0.000110221)
(1.98294e-10 -1.95541e-10 0.000110258)
(2.61702e-10 2.19233e-10 0.000110259)
(1.14479e-10 -1.37757e-10 0.000110259)
(5.57597e-10 -3.99645e-10 0.000110258)
(-4.41405e-10 2.99754e-10 0.000110221)
(-8.77578e-10 -4.69301e-10 0.000109181)
(2.57087e-10 -3.31946e-10 9.01089e-05)
(-1.12689e-09 -4.94624e-10 8.61146e-05)
(7.1621e-10 -1.28156e-09 0.000108472)
(1.66079e-09 1.73289e-09 0.000110155)
(9.15176e-11 -2.56934e-10 0.000110252)
(9.32065e-10 1.6276e-10 0.000110258)
(2.491e-10 2.3173e-11 0.000110258)
(2.78904e-10 -9.83381e-11 0.000110253)
(-1.43602e-09 8.07094e-10 0.000110155)
(-8.82893e-10 -1.32506e-09 0.000108472)
(6.26905e-10 5.94737e-10 8.61145e-05)
(8.36091e-11 -7.60551e-11 7.4577e-05)
(-3.70083e-10 -3.55616e-09 0.000105092)
(9.59834e-10 2.34961e-09 0.000109578)
(-4.97698e-11 8.75588e-10 0.000110138)
(3.83494e-12 4.4612e-10 0.000110212)
(3.14311e-10 6.03661e-10 0.000110211)
(1.20693e-10 1.46411e-09 0.000110138)
(-1.28433e-09 2.80477e-09 0.000109578)
(-1.45292e-09 -3.42016e-09 0.000105092)
(-1.46874e-09 -8.0365e-11 7.45765e-05)
(8.3088e-10 -1.94412e-09 4.91152e-05)
(-1.8437e-09 -2.30173e-09 9.01641e-05)
(-1.72002e-09 2.04864e-09 0.000104249)
(-7.65928e-10 9.15596e-11 0.000108045)
(-7.82594e-10 3.04302e-10 0.000108884)
(1.09373e-09 7.60231e-10 0.000108884)
(1.31579e-10 8.38647e-10 0.000108045)
(1.99344e-09 2.85194e-09 0.000104248)
(2.40627e-09 -1.56829e-09 9.01632e-05)
(-1.7383e-10 -2.72653e-09 4.91146e-05)
(-4.6885e-09 -3.94946e-09 1.90956e-05)
(-2.19086e-09 -1.8974e-10 4.60048e-05)
(2.00489e-10 6.94792e-10 7.03552e-05)
(3.18961e-10 -8.088e-10 8.27217e-05)
(-3.31387e-10 -3.24928e-10 8.68809e-05)
(3.9307e-10 -2.56201e-10 8.68809e-05)
(-1.04402e-09 -7.04165e-10 8.27216e-05)
(-6.15547e-10 8.33819e-10 7.03546e-05)
(2.23773e-09 8.68502e-10 4.60043e-05)
(2.12283e-09 -1.68036e-09 1.90949e-05)
(-5.05173e-09 3.38087e-09 1.90952e-05)
(6.53826e-09 -7.86119e-09 4.60048e-05)
(3.52724e-09 6.76633e-10 7.03554e-05)
(-1.48855e-09 1.07028e-09 8.27219e-05)
(1.53064e-09 -6.86243e-10 8.68812e-05)
(3.44988e-10 5.20012e-11 8.68813e-05)
(1.39953e-09 1.95614e-09 8.27221e-05)
(-1.39536e-09 2.06419e-09 7.03559e-05)
(-4.9514e-09 -5.86933e-09 4.60051e-05)
(5.3412e-09 4.08487e-09 1.90952e-05)
(8.75116e-10 2.44776e-09 4.91152e-05)
(8.45084e-10 -4.91649e-09 9.01631e-05)
(-2.53602e-09 -4.21027e-10 0.000104249)
(-2.77466e-10 8.77246e-10 0.000108045)
(-9.72471e-10 -6.29102e-10 0.000108884)
(2.83146e-10 -2.22475e-10 0.000108884)
(-9.56535e-10 1.42881e-09 0.000108045)
(6.47284e-10 7.07576e-10 0.00010425)
(-2.47808e-09 -4.76618e-09 9.01637e-05)
(-2.06915e-09 2.75421e-10 4.91151e-05)
(5.56389e-10 1.75331e-09 7.45778e-05)
(-1.00749e-09 -2.42981e-11 0.000105092)
(-1.67337e-09 -1.92654e-09 0.000109578)
(3.45821e-10 -6.82319e-10 0.000110138)
(-1.8705e-10 -1.16972e-10 0.000110211)
(-9.2966e-10 3.77274e-11 0.000110211)
(-1.35686e-09 -4.17845e-10 0.000110138)
(1.49717e-09 -1.06159e-09 0.000109578)
(5.03142e-10 -5.40165e-10 0.000105092)
(-1.94391e-09 -6.89356e-10 7.45768e-05)
(9.73262e-11 7.62677e-10 8.61146e-05)
(1.11507e-09 -1.07875e-09 0.000108472)
(8.2348e-11 -1.18252e-09 0.000110155)
(-2.58384e-10 -1.15793e-10 0.000110253)
(2.5901e-10 -1.85768e-10 0.000110258)
(-8.24629e-10 -5.06301e-10 0.000110258)
(-4.5131e-10 -4.42123e-10 0.000110253)
(-4.81513e-10 -3.81615e-10 0.000110154)
(-5.27152e-10 -8.045e-10 0.000108472)
(3.71191e-10 6.71252e-10 8.61142e-05)
(-2.97603e-10 9.40488e-10 9.01096e-05)
(1.54872e-10 -6.49731e-10 0.000109182)
(-1.33125e-10 -4.78232e-10 0.000110221)
(-3.01894e-10 7.84436e-11 0.000110259)
(8.74598e-11 -5.74916e-12 0.000110259)
(-1.39785e-10 -3.34142e-10 0.000110259)
(3.18038e-10 -6.69372e-10 0.000110258)
(4.18042e-10 1.61437e-10 0.00011022)
(-2.06374e-10 -7.30863e-10 0.000109181)
(-1.34936e-10 3.76786e-11 9.01085e-05)
(-2.07809e-10 6.77979e-10 9.01095e-05)
(4.78565e-10 -1.89917e-10 0.000109182)
(2.74622e-10 7.00353e-10 0.000110221)
(-3.6552e-10 -1.51288e-10 0.000110258)
(3.41215e-10 2.36247e-10 0.00011026)
(-4.07893e-10 7.77734e-11 0.000110259)
(5.49887e-11 -1.92868e-10 0.000110258)
(-2.67419e-10 9.5392e-10 0.000110221)
(-3.90735e-10 -3.07482e-10 0.000109181)
(5.21607e-10 5.09991e-10 9.01087e-05)
(-3.24561e-10 1.52923e-09 8.61151e-05)
(4.82683e-10 -1.45448e-09 0.000108472)
(1.12895e-09 9.04807e-10 0.000110155)
(-1.00116e-10 4.76231e-11 0.000110253)
(2.63697e-10 3.23103e-10 0.000110258)
(-4.42026e-11 3.67584e-10 0.000110258)
(-1.71064e-11 4.04504e-11 0.000110253)
(-1.73248e-09 1.25509e-09 0.000110155)
(-2.00634e-09 -1.05042e-09 0.000108472)
(-6.17635e-10 7.35749e-10 8.61138e-05)
(1.26217e-09 9.09035e-10 7.45782e-05)
(-9.8035e-10 -3.29182e-09 0.000105093)
(-1.02315e-09 1.82205e-09 0.000109578)
(-5.70211e-10 5.12491e-10 0.000110138)
(4.68046e-10 1.13571e-09 0.000110212)
(6.27298e-10 6.71533e-10 0.000110212)
(2.0778e-10 9.14402e-10 0.000110138)
(-2.50648e-10 2.99707e-09 0.000109578)
(-9.45224e-10 -2.26156e-09 0.000105092)
(-1.45777e-09 -6.05753e-10 7.45769e-05)
(1.26133e-09 -7.77001e-10 4.91158e-05)
(-3.51106e-10 1.12135e-09 9.01633e-05)
(-1.25417e-09 1.82936e-09 0.000104249)
(2.08312e-10 -7.55119e-10 0.000108045)
(-9.47658e-11 9.19746e-10 0.000108885)
(1.07404e-09 3.82072e-10 0.000108884)
(1.68355e-10 2.22926e-10 0.000108045)
(1.05578e-09 3.43461e-09 0.000104249)
(2.54666e-09 -4.25581e-10 9.01631e-05)
(1.78392e-09 -4.17886e-09 4.91151e-05)
(-2.04121e-09 -7.65104e-10 1.90958e-05)
(1.83168e-09 3.4204e-09 4.60052e-05)
(3.39679e-09 1.06036e-09 7.03557e-05)
(9.73373e-10 -1.26833e-09 8.27223e-05)
(-4.51235e-10 -7.52688e-11 8.68813e-05)
(1.39729e-09 2.03961e-10 8.68812e-05)
(2.73386e-10 -8.18415e-10 8.2722e-05)
(-1.26831e-09 1.40667e-09 7.03555e-05)
(2.25856e-09 4.51372e-10 4.60051e-05)
(3.88722e-09 -3.05111e-09 1.90954e-05)
(-1.15079e-08 8.61047e-09 1.90954e-05)
(2.49932e-09 -5.31533e-09 4.60051e-05)
(2.25947e-10 2.09264e-09 7.03556e-05)
(-4.07084e-09 1.85765e-09 8.27221e-05)
(8.70815e-11 2.9072e-10 8.68818e-05)
(-1.56415e-09 -4.95827e-11 8.6881e-05)
(1.42156e-09 8.25083e-10 8.27221e-05)
(-1.82503e-09 8.34481e-10 7.03557e-05)
(-2.51946e-09 -5.68663e-09 4.6005e-05)
(9.24999e-09 6.0697e-09 1.90955e-05)
(-4.26295e-09 7.46526e-09 4.91153e-05)
(4.20488e-10 -3.76541e-09 9.01632e-05)
(-3.20855e-09 2.66979e-09 0.000104249)
(-7.54385e-10 -2.26476e-11 0.000108045)
(-5.34176e-10 -8.14871e-10 0.000108885)
(2.80773e-10 -1.04212e-09 0.000108884)
(1.54033e-09 -6.10805e-10 0.000108045)
(5.0622e-09 2.39394e-09 0.000104249)
(1.15257e-09 -2.37555e-09 9.01635e-05)
(2.09614e-09 5.37292e-09 4.91153e-05)
(3.89026e-10 3.99587e-09 7.45778e-05)
(1.14402e-09 -8.41299e-10 0.000105092)
(-2.75283e-10 1.95185e-09 0.000109578)
(1.49225e-09 -2.16342e-09 0.000110138)
(-6.09528e-11 -7.54636e-10 0.000110212)
(1.00025e-10 -6.23838e-10 0.000110212)
(-1.19841e-09 -2.7234e-09 0.000110138)
(1.20181e-09 2.32844e-09 0.000109579)
(-3.71429e-10 1.13983e-09 0.000105092)
(-1.36432e-09 2.13406e-09 7.45773e-05)
(8.32818e-10 1.86668e-09 8.61146e-05)
(7.34904e-10 -6.95313e-10 0.000108472)
(4.89495e-10 1.52272e-09 0.000110155)
(1.06286e-09 -6.43347e-10 0.000110253)
(-3.48236e-10 1.10258e-11 0.000110258)
(2.8698e-10 1.81803e-10 0.000110258)
(-5.79172e-10 -1.16637e-09 0.000110253)
(-9.26853e-10 1.58608e-09 0.000110155)
(-3.02866e-11 -5.66288e-10 0.000108472)
(4.89582e-10 6.21216e-10 8.61144e-05)
(8.25885e-10 1.21421e-09 9.01094e-05)
(4.33668e-10 7.25246e-11 0.000109182)
(-1.23675e-11 1.11185e-09 0.000110221)
(2.18552e-10 -4.11464e-10 0.000110259)
(-4.0062e-10 2.0343e-11 0.00011026)
(2.40592e-10 1.82117e-10 0.00011026)
(-2.252e-10 -5.93803e-10 0.000110258)
(-2.6914e-11 1.29581e-10 0.000110221)
(-2.63881e-10 -6.9298e-10 0.000109181)
(-7.38808e-10 4.13242e-10 9.01092e-05)
(1.02917e-09 6.83225e-10 9.01092e-05)
(1.31003e-09 6.10748e-10 0.000109182)
(2.61008e-10 1.1141e-09 0.000110221)
(-1.56268e-10 -2.54626e-10 0.000110258)
(8.75851e-11 2.92797e-10 0.00011026)
(-4.21681e-10 3.62833e-10 0.000110259)
(-2.2688e-10 -3.71718e-10 0.000110258)
(1.85456e-10 2.10386e-10 0.000110221)
(-9.44037e-10 2.20176e-10 0.000109181)
(-6.8294e-10 -5.2111e-10 9.01091e-05)
(-4.80892e-10 -7.33106e-10 8.61144e-05)
(1.09496e-09 1.02137e-09 0.000108472)
(1.98095e-09 7.28202e-10 0.000110155)
(1.23739e-09 5.90807e-10 0.000110253)
(6.98052e-10 -1.50615e-11 0.000110258)
(4.14508e-11 1.72459e-10 0.000110258)
(-3.19254e-10 -9.17575e-11 0.000110253)
(-1.5028e-09 -1.78257e-10 0.000110155)
(-1.14182e-09 2.96649e-10 0.000108471)
(8.80145e-10 -2.44248e-09 8.6114e-05)
(1.2373e-09 8.9762e-10 7.45777e-05)
(1.6233e-09 -8.74104e-10 0.000105093)
(1.85249e-09 1.23231e-09 0.000109578)
(5.19834e-10 7.27222e-10 0.000110138)
(-2.43009e-12 6.87509e-10 0.000110212)
(-5.77409e-11 5.82186e-10 0.000110212)
(-1.03859e-09 9.7374e-10 0.000110138)
(-1.48778e-09 1.06528e-09 0.000109578)
(-8.1532e-10 -2.07966e-09 0.000105092)
(1.05513e-09 -3.6282e-09 7.45771e-05)
(6.48432e-10 -1.2763e-09 4.91153e-05)
(-1.38451e-09 -1.77519e-09 9.01636e-05)
(-1.40802e-09 1.61144e-09 0.000104249)
(-9.84279e-10 -2.42188e-11 0.000108046)
(-9.78598e-10 8.12407e-10 0.000108885)
(2.8024e-10 1.0231e-09 0.000108884)
(5.92036e-10 8.01742e-10 0.000108045)
(2.47832e-09 1.73169e-09 0.000104249)
(3.38721e-09 -1.38595e-09 9.01635e-05)
(3.78651e-09 -6.25076e-09 4.91152e-05)
(-5.83227e-09 -4.24046e-09 1.90955e-05)
(-3.4024e-09 -5.69804e-10 4.6005e-05)
(-3.53653e-10 7.28204e-10 7.03555e-05)
(-9.65495e-10 -5.17835e-10 8.27222e-05)
(-1.40597e-09 -1.0369e-10 8.68816e-05)
(-1.7301e-11 3.18567e-10 8.68814e-05)
(4.78195e-10 -3.79161e-10 8.27222e-05)
(9.92238e-10 3.63698e-11 7.03556e-05)
(4.0999e-09 5.30063e-11 4.60053e-05)
(8.316e-09 -6.3655e-09 1.90956e-05)
(-3.62377e-09 1.6269e-09 1.90954e-05)
(4.69383e-09 -5.53346e-09 4.60051e-05)
(1.60942e-09 1.62981e-09 7.03554e-05)
(-9.87791e-10 6.82625e-10 8.27223e-05)
(4.98513e-10 -8.39494e-10 8.68816e-05)
(-1.19148e-09 -1.60848e-10 8.68813e-05)
(2.07497e-09 1.41909e-09 8.27221e-05)
(-9.28287e-10 1.67791e-09 7.03554e-05)
(-3.97844e-09 -5.3515e-09 4.6005e-05)
(4.59076e-09 2.86415e-09 1.90953e-05)
(-1.43026e-09 3.09021e-09 4.9115e-05)
(-1.00526e-09 -2.47885e-09 9.01639e-05)
(-2.16285e-09 7.33478e-10 0.000104248)
(2.4106e-10 7.20944e-10 0.000108045)
(-9.70812e-10 -1.25097e-09 0.000108884)
(6.23504e-13 -1.54061e-10 0.000108884)
(-1.22569e-09 1.3602e-09 0.000108046)
(-1.75956e-10 4.52732e-10 0.000104249)
(-2.49054e-09 -4.88432e-09 9.01633e-05)
(-1.88257e-09 -3.65298e-10 4.91154e-05)
(4.64397e-10 2.75136e-09 7.45771e-05)
(-4.44104e-10 9.69751e-10 0.000105092)
(-1.30643e-09 -1.36748e-09 0.000109578)
(1.3671e-10 -9.18745e-10 0.000110138)
(-3.69002e-10 -4.43846e-10 0.000110211)
(-1.3159e-10 3.1366e-10 0.000110212)
(-8.00544e-10 -3.78745e-10 0.000110138)
(1.87703e-10 -1.84994e-09 0.000109578)
(-2.45347e-11 -8.6675e-10 0.000105093)
(-1.251e-09 -2.20737e-10 7.4578e-05)
(7.72005e-10 2.81236e-10 8.61143e-05)
(1.79047e-09 -4.80916e-10 0.000108471)
(1.38031e-09 -7.14337e-10 0.000110155)
(3.54716e-10 -8.02568e-10 0.000110253)
(-1.11223e-10 3.76232e-10 0.000110258)
(-4.57429e-10 5.90027e-10 0.000110258)
(-7.38457e-10 -4.16546e-10 0.000110253)
(-8.53805e-10 -8.93896e-10 0.000110156)
(-1.07152e-09 -1.1338e-09 0.000108472)
(-7.88367e-11 9.3197e-10 8.61145e-05)
(1.5649e-10 4.26664e-10 9.01091e-05)
(6.43002e-10 -9.20033e-10 0.000109181)
(2.70352e-10 -2.7333e-11 0.000110221)
(-1.30707e-10 -5.39884e-10 0.000110258)
(-4.29846e-11 1.91748e-10 0.000110259)
(-2.50294e-10 1.93571e-10 0.000110259)
(9.58683e-11 -2.06501e-10 0.000110258)
(-5.41329e-11 -1.96183e-10 0.000110221)
(-7.02862e-10 -1.17151e-09 0.000109181)
(-2.15812e-10 2.57521e-11 9.01094e-05)
(-1.67632e-10 4.5113e-10 9.01089e-05)
(2.18236e-10 -4.01173e-10 0.000109181)
(4.51934e-11 1.08432e-09 0.000110221)
(-3.81968e-10 -2.36224e-10 0.000110258)
(-4.4918e-11 -5.02351e-11 0.000110259)
(-5.99772e-10 4.71355e-11 0.000110259)
(1.20932e-10 -4.66904e-10 0.000110258)
(2.55552e-11 1.9471e-10 0.000110221)
(3.23219e-12 -9.26793e-10 0.000109181)
(5.95274e-10 1.37294e-10 9.01094e-05)
(-6.09415e-11 1.40198e-09 8.6114e-05)
(7.32037e-10 -1.07022e-09 0.000108471)
(1.32092e-09 1.80207e-09 0.000110155)
(-2.84316e-10 6.21515e-11 0.000110253)
(1.21952e-10 3.75944e-10 0.000110258)
(-2.49727e-10 4.79933e-10 0.000110258)
(5.54187e-12 -2.35668e-10 0.000110253)
(-1.4558e-09 1.27708e-09 0.000110155)
(-1.29601e-09 -1.36019e-09 0.000108472)
(1.23958e-10 1.01629e-09 8.61144e-05)
(1.75984e-09 5.85149e-10 7.45768e-05)
(-7.23207e-10 -3.09484e-09 0.000105092)
(-1.03769e-09 2.08402e-09 0.000109579)
(-3.66364e-10 1.41244e-10 0.000110138)
(5.07091e-10 1.25122e-10 0.000110212)
(9.54552e-11 3.6846e-10 0.000110212)
(-2.22073e-10 4.86919e-10 0.000110138)
(-2.96808e-10 3.30038e-09 0.000109578)
(-1.21269e-09 -1.95122e-09 0.000105092)
(-2.08142e-09 5.01087e-10 7.4577e-05)
(6.40778e-10 -9.52569e-10 4.91149e-05)
(-2.11906e-09 -1.68089e-10 9.01638e-05)
(-1.44423e-09 1.90595e-09 0.000104249)
(7.05938e-10 -6.75069e-10 0.000108046)
(-5.16901e-10 3.55707e-10 0.000108885)
(5.88251e-11 7.34428e-11 0.000108885)
(-1.30101e-09 -1.57076e-10 0.000108046)
(-1.17468e-09 4.45663e-09 0.000104249)
(4.59049e-10 5.12186e-10 9.01633e-05)
(-2.38398e-10 -2.18398e-09 4.91145e-05)
(-1.57591e-09 -1.20477e-09 1.90953e-05)
(2.71976e-09 2.96842e-09 4.60051e-05)
(2.56406e-09 8.2459e-10 7.03555e-05)
(4.77983e-10 -9.17142e-10 8.27224e-05)
(-1.07677e-09 2.27464e-10 8.68815e-05)
(4.87337e-10 1.986e-10 8.68817e-05)
(-6.07366e-10 -8.30333e-10 8.27222e-05)
(-2.09352e-09 2.10309e-09 7.03555e-05)
(8.54469e-10 1.29864e-09 4.60046e-05)
(1.42268e-09 -1.17332e-09 1.90953e-05)
(-1.06297e-08 8.01586e-09 1.90954e-05)
(-4.26891e-10 -3.60592e-09 4.60049e-05)
(-4.87803e-10 1.95746e-09 7.03559e-05)
(-2.1834e-09 4.80853e-10 8.27222e-05)
(3.74654e-10 -1.00259e-09 8.68812e-05)
(-8.553e-10 -2.13457e-10 8.68816e-05)
(1.53506e-09 3.1343e-10 8.2722e-05)
(-2.85303e-10 2.18891e-09 7.0356e-05)
(-2.97336e-09 -4.49507e-09 4.60055e-05)
(4.76044e-09 3.61376e-09 1.90956e-05)
(-4.25031e-09 8.81302e-09 4.91148e-05)
(-1.63799e-09 -2.89458e-09 9.01631e-05)
(-2.75388e-09 -5.28726e-10 0.000104249)
(6.56782e-10 -5.66394e-10 0.000108045)
(-2.80449e-10 -1.60158e-09 0.000108885)
(7.44725e-10 -8.52003e-10 0.000108885)
(-1.45559e-10 -3.32779e-10 0.000108046)
(3.79619e-09 2.16302e-09 0.000104249)
(1.69422e-09 -6.97953e-10 9.01633e-05)
(-4.65974e-10 2.39481e-09 4.91147e-05)
(1.26463e-09 4.47191e-09 7.4577e-05)
(2.12591e-09 -3.66769e-10 0.000105092)
(1.32673e-09 -1.94451e-09 0.000109578)
(1.84863e-09 -1.06199e-09 0.000110137)
(3.40696e-11 -6.40421e-10 0.000110211)
(3.8307e-10 -6.4068e-10 0.000110212)
(-1.10941e-09 -1.57776e-09 0.000110138)
(-2.81287e-10 -3.94852e-10 0.000109578)
(9.00958e-10 2.88591e-09 0.000105092)
(-1.7088e-10 9.63693e-10 7.45765e-05)
(2.92751e-10 2.35514e-09 8.61139e-05)
(2.0657e-09 -4.83777e-10 0.000108471)
(1.78487e-09 3.35123e-10 0.000110154)
(7.92927e-10 -4.16379e-11 0.000110253)
(3.96424e-10 2.74965e-10 0.000110258)
(2.62255e-11 5.12883e-10 0.000110258)
(-4.71144e-10 -7.69824e-10 0.000110253)
(-1.1874e-09 -5.11565e-10 0.000110155)
(-7.24709e-10 -1.14158e-10 0.000108471)
(7.2497e-10 1.42163e-09 8.61137e-05)
(8.38891e-10 8.60135e-10 9.01086e-05)
(1.27621e-09 8.92393e-11 0.000109181)
(2.8404e-10 6.1757e-10 0.00011022)
(2.7482e-11 1.45766e-10 0.000110258)
(1.38819e-10 4.59076e-10 0.000110259)
(-2.26489e-10 6.06434e-10 0.000110259)
(7.0931e-11 -3.01652e-11 0.000110258)
(-1.00014e-10 2.7905e-10 0.00011022)
(-8.1495e-10 -6.19941e-10 0.000109181)
(-1.42935e-10 8.56887e-10 9.01088e-05)
(5.14699e-10 3.09211e-10 9.01085e-05)
(1.07151e-09 -2.17616e-10 0.000109181)
(4.1146e-10 1.10438e-09 0.00011022)
(1.84198e-11 -6.33386e-10 0.000110258)
(5.01398e-10 8.73872e-11 0.000110259)
(-1.99316e-10 5.62558e-10 0.000110259)
(2.16898e-11 6.7849e-11 0.000110258)
(-2.16479e-10 1.03261e-09 0.000110221)
(-4.32596e-10 -7.1711e-10 0.000109181)
(2.54712e-10 8.82618e-11 9.01087e-05)
(-1.03845e-09 -7.87964e-10 8.61142e-05)
(4.87277e-10 -1.60941e-09 0.000108471)
(1.5124e-09 1.75354e-09 0.000110154)
(1.8937e-10 -7.40992e-10 0.000110253)
(5.58332e-10 8.15851e-11 0.000110258)
(-2.84107e-10 3.05739e-10 0.000110258)
(-2.34588e-10 -1.72206e-10 0.000110253)
(-2.09732e-09 8.42744e-10 0.000110155)
(-1.23689e-09 -2.01974e-09 0.000108472)
(5.52866e-10 2.57739e-10 8.61142e-05)
(2.90799e-10 4.01905e-10 7.4577e-05)
(5.98528e-10 -3.36796e-09 0.000105092)
(2.32199e-09 2.25767e-09 0.000109579)
(1.0801e-09 9.16281e-10 0.000110138)
(6.50719e-10 8.73441e-10 0.000110212)
(4.32081e-11 8.19296e-10 0.000110212)
(-5.79928e-10 7.674e-10 0.000110138)
(-1.43963e-09 1.73336e-09 0.000109578)
(-1.33327e-09 -3.91443e-09 0.000105092)
(-1.38699e-09 -6.47759e-10 7.45778e-05)
(1.15933e-09 -1.50613e-09 4.91151e-05)
(-2.85439e-09 -2.87927e-09 9.01632e-05)
(-2.01143e-09 1.44802e-09 0.000104249)
(2.20022e-10 4.83658e-10 0.000108045)
(-2.51232e-10 9.35651e-10 0.000108884)
(1.22541e-09 9.57088e-10 0.000108885)
(1.50338e-09 -3.49742e-11 0.000108045)
(4.36182e-09 1.34106e-09 0.000104249)
(3.6966e-09 -2.15896e-09 9.01633e-05)
(2.47443e-09 -6.18348e-09 4.91156e-05)
(-5.10733e-09 -3.84708e-09 1.90954e-05)
(-5.34042e-09 -1.5149e-09 4.60051e-05)
(-2.0882e-09 -3.86758e-11 7.03552e-05)
(-1.01041e-09 -6.11476e-10 8.27221e-05)
(-9.62095e-10 -1.20353e-11 8.68811e-05)
(6.19178e-10 -1.96463e-10 8.68814e-05)
(8.96517e-10 -1.23179e-09 8.2722e-05)
(1.38299e-09 1.69153e-11 7.03557e-05)
(4.25964e-09 3.2983e-10 4.60048e-05)
(9.05969e-09 -7.15452e-09 1.90955e-05)
(-9.54171e-09 6.03192e-09 1.90953e-05)
(4.76751e-09 -6.27205e-09 4.60047e-05)
(5.57466e-10 3.20031e-09 7.03559e-05)
(-3.691e-09 1.27277e-09 8.27218e-05)
(7.42214e-10 -4.21091e-10 8.68808e-05)
(-1.60196e-09 -7.50278e-10 8.68811e-05)
(3.08087e-09 8.28562e-10 8.27215e-05)
(2.79551e-10 2.16973e-09 7.03553e-05)
(-2.08512e-09 -5.16502e-09 4.60045e-05)
(1.09735e-08 7.76754e-09 1.90952e-05)
(-5.81837e-10 3.6173e-09 4.91154e-05)
(-8.10255e-10 -3.48954e-09 9.01632e-05)
(-5.64145e-09 3.68515e-09 0.000104249)
(-1.44345e-09 -1.77332e-10 0.000108045)
(-1.1713e-09 -1.25586e-09 0.000108884)
(-3.65365e-10 -1.88032e-09 0.000108885)
(-2.42737e-10 -5.48394e-10 0.000108045)
(2.30766e-09 3.05682e-09 0.000104249)
(-8.18125e-10 -3.68022e-09 9.0163e-05)
(2.43825e-09 4.8785e-09 4.91144e-05)
(2.03776e-09 8.91615e-10 7.45771e-05)
(2.8696e-10 -1.39698e-09 0.000105092)
(-1.53691e-09 2.3987e-09 0.000109579)
(1.32082e-09 -2.27258e-09 0.000110137)
(-1.37224e-12 -8.02923e-10 0.000110211)
(4.65752e-10 -1.32613e-09 0.000110211)
(-8.9013e-10 -2.37084e-09 0.000110137)
(2.13792e-09 2.89536e-09 0.000109578)
(3.9462e-10 -1.73386e-10 0.000105092)
(-1.36864e-09 8.2167e-10 7.45767e-05)
(1.21596e-09 -7.56059e-10 8.61141e-05)
(1.38371e-09 -1.62469e-09 0.000108472)
(1.58244e-09 1.9786e-09 0.000110154)
(1.44726e-09 -1.14713e-09 0.000110253)
(-2.36356e-10 5.87415e-11 0.000110258)
(5.47113e-10 -3.10933e-10 0.000110258)
(-6.19476e-10 -1.18257e-09 0.000110253)
(-3.5674e-10 1.41913e-09 0.000110154)
(2.22302e-10 -5.907e-10 0.000108471)
(3.66976e-11 6.52484e-10 8.61139e-05)
(3.21018e-10 1.31143e-10 9.01085e-05)
(-2.66853e-10 -6.43686e-10 0.000109181)
(-7.33097e-11 6.47727e-10 0.00011022)
(6.25008e-10 -1.51278e-10 0.000110258)
(-7.47491e-11 8.04923e-11 0.000110259)
(1.56312e-10 3.52053e-10 0.000110259)
(6.03138e-11 -1.8617e-10 0.000110258)
(1.57442e-10 2.30809e-10 0.00011022)
(1.15728e-11 -2.3937e-10 0.000109181)
(-3.73048e-10 3.7721e-10 9.01089e-05)
(-6.09104e-11 5.40864e-12 9.01087e-05)
(-4.91536e-11 3.73334e-11 0.000109181)
(2.8811e-10 9.65532e-10 0.000110221)
(2.48954e-10 -1.05237e-10 0.000110258)
(4.4707e-11 -4.82087e-11 0.000110259)
(3.07307e-10 2.77817e-10 0.000110259)
(-1.55951e-10 -4.34591e-10 0.000110258)
(-7.57157e-11 6.09778e-10 0.000110221)
(-4.22997e-10 8.65771e-10 0.000109181)
(-7.46814e-10 -4.5625e-10 9.01088e-05)
(5.68204e-11 9.11237e-10 8.61142e-05)
(9.55536e-10 4.47022e-10 0.000108472)
(1.29803e-09 1.21403e-09 0.000110155)
(3.42497e-10 1.25054e-10 0.000110253)
(3.63822e-10 3.50679e-11 0.000110258)
(-3.11887e-10 3.83717e-10 0.000110258)
(-9.60796e-10 -5.87614e-10 0.000110253)
(-1.76831e-09 1.58883e-10 0.000110155)
(-2.21903e-09 1.0736e-09 0.000108472)
(-4.66425e-10 -1.07123e-09 8.61141e-05)
(1.25406e-09 4.46726e-10 7.45773e-05)
(7.64596e-10 -1.10744e-09 0.000105092)
(7.64084e-12 1.37463e-09 0.000109578)
(-1.01407e-10 1.11228e-09 0.000110138)
(5.93551e-10 5.45701e-10 0.000110211)
(8.39449e-11 8.37087e-10 0.000110211)
(-1.63903e-10 4.38608e-10 0.000110137)
(-3.63309e-11 9.47642e-10 0.000109579)
(-1.72334e-09 2.94874e-10 0.000105093)
(-7.11902e-11 -2.93504e-09 7.4578e-05)
(1.69212e-10 -1.20993e-09 4.9115e-05)
(-9.19809e-10 1.22842e-09 9.0163e-05)
(-7.41643e-10 2.10991e-09 0.000104249)
(2.27749e-10 -2.58512e-10 0.000108045)
(-1.86401e-10 4.41033e-10 0.000108884)
(8.50746e-10 6.34201e-10 0.000108884)
(6.36672e-11 -9.09791e-10 0.000108045)
(-2.54005e-10 2.45954e-09 0.000104249)
(4.17572e-10 2.06973e-09 9.01636e-05)
(2.89369e-09 -4.98098e-09 4.91159e-05)
(4.0569e-10 1.01515e-10 1.90953e-05)
(2.27832e-09 3.38238e-09 4.60047e-05)
(3.36817e-09 2.07789e-09 7.03551e-05)
(1.06496e-09 -9.23231e-10 8.27217e-05)
(-7.428e-11 -1.287e-10 8.6881e-05)
(7.97004e-10 1.74178e-10 8.68811e-05)
(4.1797e-10 -1.70085e-09 8.27219e-05)
(-1.89482e-09 1.08412e-09 7.03554e-05)
(4.94068e-10 2.01231e-09 4.60049e-05)
(6.968e-09 -5.40601e-09 1.90956e-05)
(-1.51626e-08 1.14612e-08 1.90953e-05)
(2.63777e-09 -5.45799e-09 4.6005e-05)
(-6.69846e-11 1.85422e-09 7.03552e-05)
(-4.88129e-09 3.58362e-10 8.27221e-05)
(7.09519e-10 -5.15052e-10 8.6881e-05)
(-9.70371e-10 -2.42578e-10 8.6881e-05)
(2.75603e-09 1.58573e-09 8.27217e-05)
(-8.47137e-10 2.14205e-09 7.03545e-05)
(-3.06873e-09 -5.19529e-09 4.6004e-05)
(8.39858e-09 5.76931e-09 1.90948e-05)
(-5.00903e-09 7.81283e-09 4.91156e-05)
(-1.39274e-09 -2.85028e-09 9.01636e-05)
(-3.44186e-09 2.7331e-09 0.000104249)
(1.99637e-10 -1.67661e-09 0.000108046)
(-1.39905e-10 -1.93251e-09 0.000108885)
(2.0291e-10 -1.62144e-09 0.000108884)
(9.5018e-10 -2.07407e-10 0.000108045)
(5.55163e-09 3.30322e-09 0.000104248)
(8.04111e-10 -3.31519e-09 9.01628e-05)
(1.56995e-09 4.87419e-09 4.91149e-05)
(1.60962e-09 2.66866e-09 7.45768e-05)
(2.06945e-09 -5.57817e-10 0.000105093)
(1.66377e-10 2.155e-09 0.000109579)
(1.85494e-09 -2.3868e-09 0.000110138)
(7.60552e-11 -1.23891e-09 0.000110212)
(4.8677e-10 -6.00611e-10 0.000110211)
(-1.05636e-09 -2.28137e-09 0.000110137)
(4.62866e-10 2.28393e-09 0.000109578)
(-1.62291e-09 -8.57287e-10 0.000105093)
(-2.0688e-09 8.43651e-10 7.45779e-05)
(6.37638e-10 2.2455e-09 8.61138e-05)
(6.82946e-10 -7.84338e-10 0.000108472)
(1.16573e-09 1.23304e-09 0.000110156)
(1.28595e-09 -5.29598e-10 0.000110253)
(-3.43612e-10 3.58424e-10 0.000110258)
(1.78233e-10 6.69318e-10 0.000110258)
(-1.66037e-09 -6.56776e-10 0.000110253)
(-1.6543e-09 1.52342e-09 0.000110155)
(-7.54474e-10 -9.50272e-10 0.000108472)
(-1.98802e-10 1.45275e-10 8.61146e-05)
(1.02162e-09 3.71993e-10 9.01089e-05)
(1.45322e-10 -3.41714e-10 0.000109181)
(2.76662e-10 8.16887e-10 0.000110221)
(7.35559e-10 9.17821e-11 0.000110258)
(-3.14266e-10 7.70496e-10 0.000110259)
(1.98783e-10 3.39128e-10 0.000110259)
(2.45654e-12 -2.57129e-10 0.000110258)
(4.58147e-10 5.39641e-10 0.000110221)
(-5.2084e-10 -2.86222e-10 0.000109181)
(-9.98664e-10 5.86509e-10 9.0109e-05)
(9.48108e-10 2.34821e-10 9.01094e-05)
(7.51589e-10 9.20864e-10 0.000109181)
(3.21025e-11 1.34886e-09 0.000110221)
(5.65128e-10 6.01098e-11 0.000110258)
(-1.26608e-10 2.98153e-10 0.000110259)
(-3.46942e-10 4.63918e-10 0.000110259)
(1.09423e-10 -2.13286e-10 0.000110258)
(-5.86906e-11 1.20199e-09 0.000110221)
(-7.03563e-10 -6.29709e-11 0.000109181)
(-5.53029e-10 -1.12128e-09 9.01094e-05)
(-9.87777e-10 -8.8642e-10 8.6114e-05)
(-1.022e-10 7.67134e-10 0.000108471)
(6.12686e-10 1.0187e-09 0.000110155)
(7.57317e-11 2.22034e-10 0.000110253)
(6.00908e-11 4.30221e-10 0.000110259)
(-2.21557e-10 5.64493e-10 0.000110258)
(-1.06931e-11 -1.2875e-10 0.000110253)
(-1.05523e-09 1.06084e-09 0.000110155)
(-7.29256e-10 3.24497e-10 0.000108471)
(9.40511e-10 -1.99623e-09 8.61142e-05)
(-3.8412e-11 -2.47644e-10 7.45771e-05)
(1.09871e-09 -1.55565e-09 0.000105092)
(7.45565e-10 4.46264e-10 0.000109578)
(-3.94152e-10 5.29397e-10 0.000110138)
(2.08186e-10 1.3448e-09 0.000110212)
(-3.17333e-10 1.26559e-09 0.000110212)
(-4.47051e-10 1.32262e-09 0.000110138)
(-1.09236e-09 1.7076e-09 0.000109578)
(-1.89583e-09 -1.30617e-09 0.000105092)
(-1.12609e-10 -3.1487e-09 7.45767e-05)
(8.65838e-10 -2.25102e-09 4.91146e-05)
(-1.63063e-11 -6.87917e-10 9.01623e-05)
(-1.22555e-09 1.16678e-09 0.000104248)
(-3.26582e-10 1.56343e-10 0.000108045)
(-1.24089e-10 6.22335e-10 0.000108884)
(8.61413e-10 1.14216e-09 0.000108884)
(1.40577e-09 9.69274e-11 0.000108045)
(3.09639e-09 1.93796e-09 0.000104248)
(3.43262e-09 -7.24664e-10 9.0163e-05)
(4.41293e-09 -7.03083e-09 4.91144e-05)
(-5.44671e-09 -4.56831e-09 1.90953e-05)
(-2.57811e-09 -3.72311e-11 4.60047e-05)
(5.11862e-10 1.15898e-09 7.03556e-05)
(8.56544e-11 -2.00742e-10 8.27222e-05)
(1.05771e-10 -1.01427e-10 8.6881e-05)
(7.27393e-10 -1.09585e-10 8.68809e-05)
(1.69711e-10 -1.1538e-09 8.27216e-05)
(-2.00628e-10 5.09935e-10 7.03552e-05)
(2.72759e-09 1.11761e-09 4.60047e-05)
(7.80419e-09 -5.92489e-09 1.90952e-05)
(-1.29198e-08 9.34606e-09 1.90954e-05)
(-1.17522e-09 -3.24319e-09 4.6005e-05)
(-5.06302e-10 2.61203e-09 7.0355e-05)
(-2.82563e-09 1.42889e-09 8.2722e-05)
(-2.46457e-10 -3.40177e-10 8.68812e-05)
(-2.32679e-09 -4.67353e-10 8.68811e-05)
(3.56044e-10 9.94406e-10 8.27218e-05)
(-1.77339e-09 2.00285e-09 7.03547e-05)
(-5.083e-09 -5.99342e-09 4.60045e-05)
(3.7923e-09 2.51356e-09 1.90952e-05)
(-4.32329e-09 7.40734e-09 4.9115e-05)
(-1.85239e-09 -1.94032e-09 9.01636e-05)
(-1.92726e-09 5.22851e-10 0.000104249)
(2.96077e-10 -1.80942e-10 0.000108046)
(-8.32461e-10 -1.46418e-09 0.000108885)
(1.09347e-09 -1.24701e-09 0.000108884)
(2.42943e-10 1.41831e-10 0.000108045)
(3.03624e-09 1.66633e-09 0.000104248)
(-1.191e-11 -3.17345e-09 9.01631e-05)
(-1.55631e-09 1.15505e-09 4.91154e-05)
(-3.34585e-10 4.39814e-09 7.45772e-05)
(-7.44161e-10 7.48899e-10 0.000105093)
(-7.34884e-10 -1.93024e-09 0.000109579)
(1.04088e-09 -1.75119e-09 0.000110138)
(-5.4649e-11 -9.91171e-10 0.000110212)
(4.68672e-10 -1.78823e-10 0.000110212)
(-1.18226e-09 -1.10339e-09 0.000110138)
(-2.52505e-10 -5.9393e-10 0.000109578)
(9.06248e-10 7.62073e-10 0.000105092)
(2.36001e-10 1.65465e-09 7.45775e-05)
(3.99401e-10 2.68392e-09 8.61141e-05)
(2.02769e-09 -7.886e-10 0.000108471)
(1.33129e-09 -8.57991e-10 0.000110156)
(7.9071e-11 -5.8515e-10 0.000110253)
(-4.4644e-11 1.45362e-10 0.000110259)
(2.48168e-10 3.24878e-10 0.000110259)
(-2.41389e-10 -9.3219e-11 0.000110253)
(-8.49733e-10 -2.08828e-10 0.000110155)
(-5.73689e-10 -7.4487e-10 0.000108472)
(7.5325e-10 1.97583e-09 8.61145e-05)
(5.00796e-10 9.6646e-10 9.01094e-05)
(6.08426e-10 -2.22153e-10 0.000109181)
(2.14113e-10 2.25234e-10 0.000110222)
(3.40666e-10 -3.37613e-10 0.000110258)
(1.01858e-11 1.37163e-10 0.00011026)
(1.39259e-10 -3.74292e-11 0.000110259)
(5.40345e-10 -1.48957e-10 0.000110258)
(2.42656e-10 2.51713e-10 0.000110221)
(-6.76968e-10 -6.15174e-10 0.000109181)
(-4.07875e-10 1.1541e-09 9.0109e-05)
(5.75282e-10 5.58888e-10 9.01094e-05)
(9.30537e-10 -2.50965e-10 0.000109181)
(1.62904e-10 1.30907e-09 0.000110222)
(5.82292e-11 6.85483e-11 0.000110259)
(7.37163e-10 3.32108e-10 0.000110259)
(-1.29205e-10 1.03446e-10 0.00011026)
(9.92491e-11 4.48556e-10 0.000110258)
(-2.95956e-10 1.15049e-09 0.000110221)
(-4.8601e-10 -4.09137e-10 0.000109181)
(4.02992e-10 6.34116e-10 9.01093e-05)
(-1.01977e-09 -2.98478e-10 8.61143e-05)
(5.47775e-10 -9.74373e-10 0.000108471)
(1.20132e-09 1.62952e-09 0.000110155)
(2.17299e-10 -1.66772e-11 0.000110253)
(5.4815e-10 2.35284e-10 0.000110259)
(-1.4001e-10 1.63143e-11 0.000110258)
(2.3204e-10 1.55901e-10 0.000110253)
(-1.96743e-09 1.60078e-09 0.000110155)
(-1.13235e-09 -9.2815e-10 0.000108471)
(4.89481e-10 7.90708e-10 8.61146e-05)
(4.30287e-10 8.83504e-10 7.45771e-05)
(-3.21114e-10 -3.10299e-09 0.000105092)
(3.55849e-10 1.70974e-09 0.000109578)
(-5.93626e-11 6.93468e-10 0.000110138)
(4.91149e-10 5.47376e-10 0.000110212)
(-2.38106e-10 9.73533e-10 0.000110212)
(-8.18014e-10 1.29161e-09 0.000110138)
(-1.00357e-09 2.90345e-09 0.000109578)
(-6.01942e-10 -2.60646e-09 0.000105092)
(-1.53484e-09 1.0434e-09 7.45768e-05)
(1.62279e-09 -1.87952e-09 4.91148e-05)
(-9.96527e-10 -2.24718e-09 9.01633e-05)
(-1.28769e-09 1.60898e-09 0.000104249)
(-3.78485e-11 7.43238e-10 0.000108045)
(-2.82961e-10 7.18878e-10 0.000108884)
(4.1869e-10 8.13837e-10 0.000108884)
(-8.46517e-10 5.70273e-10 0.000108045)
(1.24361e-09 3.29292e-09 0.000104249)
(7.29374e-10 5.69378e-10 9.01634e-05)
(-3.2863e-10 -2.57647e-09 4.91146e-05)
(-5.92569e-09 -4.68538e-09 1.90952e-05)
(-3.85644e-09 -9.37935e-10 4.60046e-05)
(-1.18685e-09 3.53376e-10 7.03552e-05)
(-1.51198e-09 -4.51216e-10 8.27217e-05)
(-7.32409e-10 -1.02669e-10 8.68811e-05)
(-2.49542e-10 -3.93962e-10 8.68808e-05)
(-3.46638e-10 -8.8429e-10 8.27219e-05)
(2.89118e-10 9.27216e-10 7.03553e-05)
(-5.85004e-11 2.61972e-09 4.60048e-05)
(3.19983e-09 -2.8999e-09 1.90951e-05)
(-8.83212e-09 7.1307e-09 1.90952e-05)
(1.47482e-09 -4.77315e-09 4.60046e-05)
(-9.06165e-10 2.35686e-09 7.03547e-05)
(-2.97756e-09 1.54973e-09 8.27212e-05)
(4.05542e-10 -1.29988e-10 8.68807e-05)
(-1.25673e-09 -2.40975e-11 8.68809e-05)
(8.47193e-10 1.50732e-09 8.27218e-05)
(-2.21725e-09 2.04359e-09 7.03554e-05)
(-5.78906e-09 -6.71726e-09 4.60052e-05)
(4.95271e-09 2.8889e-09 1.90956e-05)
(-3.58959e-09 7.1676e-09 4.91147e-05)
(-1.66167e-09 -2.18249e-09 9.01634e-05)
(-3.26579e-09 1.37824e-09 0.000104248)
(3.16924e-10 -6.3395e-12 0.000108045)
(-8.60768e-10 -1.70651e-09 0.000108884)
(1.02282e-09 -1.14313e-09 0.000108884)
(8.10802e-10 7.37605e-10 0.000108045)
(4.51772e-09 2.27695e-09 0.000104249)
(7.48923e-10 -2.83651e-09 9.01637e-05)
(-2.91485e-09 -9.08875e-11 4.91154e-05)
(9.26597e-10 2.86971e-09 7.45772e-05)
(1.4627e-09 1.09914e-09 0.000105092)
(2.24247e-10 -1.29724e-10 0.000109579)
(6.28924e-10 -1.28161e-09 0.000110138)
(-5.27839e-10 -7.63389e-10 0.000110211)
(-8.03965e-10 -4.0345e-10 0.000110212)
(-1.82351e-09 -7.47468e-10 0.000110138)
(1.7435e-10 -4.02693e-10 0.000109579)
(5.5316e-10 9.56551e-10 0.000105092)
(-8.77425e-10 6.69504e-10 7.45768e-05)
(1.17586e-10 1.83819e-09 8.61144e-05)
(1.50835e-09 -1.44639e-10 0.000108472)
(7.84338e-10 3.76223e-10 0.000110155)
(6.36135e-10 -2.77745e-10 0.000110253)
(6.24082e-10 4.0773e-10 0.000110258)
(-7.85091e-11 3.4927e-10 0.000110258)
(-1.93434e-10 3.84131e-10 0.000110253)
(-7.65957e-10 -7.08591e-11 0.000110155)
(-3.15978e-10 -5.71106e-10 0.000108471)
(7.57201e-10 1.41115e-09 8.61144e-05)
(-1.65886e-10 9.92392e-10 9.01094e-05)
(4.65142e-10 -1.25826e-10 0.000109181)
(4.78699e-10 4.56869e-10 0.000110221)
(1.08425e-10 -5.45723e-10 0.000110258)
(2.87407e-10 -4.27102e-10 0.000110259)
(1.43675e-10 -3.19281e-11 0.000110259)
(3.62901e-10 -1.30049e-10 0.000110258)
(2.19813e-10 -1.59673e-11 0.000110221)
(-5.00167e-10 -9.09407e-10 0.000109181)
(-1.28716e-10 9.94997e-10 9.01092e-05)
(-3.14296e-11 6.72993e-10 9.01093e-05)
(1.20535e-09 -1.48963e-11 0.000109182)
(7.87954e-10 1.18936e-09 0.000110221)
(-4.17036e-10 -6.12111e-10 0.000110259)
(3.33741e-10 -3.4961e-11 0.000110259)
(-2.59949e-10 -9.67657e-11 0.000110259)
(-3.07819e-11 -3.019e-10 0.000110258)
(-2.99494e-10 4.39383e-10 0.000110221)
(-2.05566e-10 -1.3722e-09 0.000109181)
(5.39843e-10 3.69413e-10 9.0109e-05)
(-1.75162e-09 -2.54921e-10 8.61145e-05)
(-1.27348e-10 -1.18115e-09 0.000108472)
(1.29274e-09 9.93707e-10 0.000110155)
(8.93189e-12 -9.32175e-10 0.000110253)
(2.76775e-10 -3.2757e-10 0.000110258)
(-1.76197e-10 6.38366e-11 0.000110258)
(2.78748e-10 -1.42641e-12 0.000110253)
(-1.06059e-09 5.50811e-10 0.000110155)
(1.26804e-10 -1.86063e-09 0.000108472)
(7.4524e-10 1.03802e-09 8.61145e-05)
(5.98587e-10 1.73054e-09 7.45773e-05)
(-3.65909e-10 -3.76435e-09 0.000105093)
(1.14435e-09 1.20959e-09 0.000109578)
(9.21953e-10 -2.15408e-10 0.000110138)
(5.14409e-10 1.02494e-10 0.000110212)
(-2.89086e-10 1.17879e-09 0.000110211)
(-7.90085e-10 8.9e-10 0.000110138)
(-1.13581e-09 1.19029e-09 0.000109578)
(-1.25172e-09 -4.31049e-09 0.000105092)
(-2.58564e-09 1.14906e-09 7.45772e-05)
(3.86785e-09 5.45874e-10 4.9115e-05)
(-4.14685e-10 -1.14071e-09 9.0164e-05)
(-1.66036e-09 1.54575e-09 0.000104249)
(7.16666e-11 -3.60818e-10 0.000108045)
(-3.01343e-10 5.04262e-10 0.000108884)
(4.38171e-10 9.69386e-10 0.000108884)
(3.80869e-11 8.79986e-11 0.000108045)
(2.93345e-09 1.00379e-09 0.000104249)
(2.89942e-09 -2.67843e-09 9.01637e-05)
(-9.80187e-11 -2.51811e-09 4.91152e-05)
(-1.33014e-09 -1.34529e-09 1.90952e-05)
(-2.77769e-10 1.63687e-09 4.60045e-05)
(7.08749e-11 7.07319e-10 7.03547e-05)
(4.24131e-10 -8.89771e-10 8.27212e-05)
(9.34693e-12 -1.58938e-10 8.6881e-05)
(7.4673e-10 -2.0138e-10 8.68811e-05)
(1.47039e-10 -6.32803e-10 8.27218e-05)
(4.46266e-10 -6.66335e-11 7.03551e-05)
(1.05766e-09 1.11997e-09 4.60047e-05)
(1.96993e-09 -1.93827e-09 1.90952e-05)
(-2.43492e-09 1.40721e-09 1.90953e-05)
(6.33261e-09 -7.79954e-09 4.60047e-05)
(3.01888e-09 1.31264e-10 7.03553e-05)
(-9.01445e-10 1.13441e-09 8.27216e-05)
(7.32175e-10 -1.26254e-10 8.68812e-05)
(-1.17982e-09 2.15866e-10 8.68812e-05)
(1.78775e-10 9.00363e-10 8.27221e-05)
(-2.71611e-09 1.08361e-09 7.03557e-05)
(-5.46503e-09 -6.41312e-09 4.6005e-05)
(2.66728e-09 1.16278e-09 1.90953e-05)
(1.57491e-11 2.25658e-09 4.9115e-05)
(1.66931e-11 -4.64022e-09 9.01629e-05)
(-2.31606e-09 -4.11474e-10 0.000104249)
(2.7845e-10 4.01297e-10 0.000108045)
(-7.57407e-10 -3.17229e-10 0.000108884)
(-1.38664e-11 -8.57557e-11 0.000108885)
(-1.44952e-09 8.4973e-10 0.000108045)
(4.57541e-10 7.95507e-10 0.000104249)
(-1.62647e-09 -4.45136e-09 9.01635e-05)
(-1.47759e-09 -2.47205e-10 4.9115e-05)
(6.86501e-10 1.24076e-09 7.4577e-05)
(1.76069e-10 5.45436e-10 0.000105092)
(-6.18953e-10 -1.86571e-09 0.000109578)
(4.50454e-10 -1.0534e-09 0.000110138)
(4.90996e-10 3.17676e-11 0.000110211)
(3.04243e-10 -3.91652e-10 0.000110212)
(2.32682e-10 -5.43316e-10 0.000110138)
(2.41159e-09 -7.01502e-10 0.000109578)
(2.32762e-09 5.66831e-10 0.000105092)
(3.06478e-10 8.34893e-10 7.45768e-05)
(-7.77338e-11 8.70134e-10 8.61142e-05)
(1.14395e-09 -4.2368e-10 0.000108472)
(3.99948e-10 -9.39944e-10 0.000110154)
(-4.6015e-10 -4.52295e-10 0.000110253)
(-5.95522e-11 1.10937e-10 0.000110258)
(1.80166e-11 4.89926e-11 0.000110258)
(-2.63359e-11 -1.14379e-10 0.000110253)
(-2.98556e-10 -7.77226e-10 0.000110155)
(-3.71084e-10 -3.22063e-10 0.000108472)
(1.27827e-10 1.78053e-09 8.61142e-05)
(-4.2956e-10 1.41716e-09 9.0109e-05)
(3.46556e-10 -8.27046e-12 0.000109181)
(2.67343e-10 1.54278e-10 0.00011022)
(-3.12532e-10 -2.83767e-10 0.000110258)
(-1.76771e-10 -3.34386e-10 0.000110259)
(1.10461e-10 6.72963e-10 0.000110259)
(3.30014e-10 7.12391e-11 0.000110258)
(-1.07444e-10 1.98355e-10 0.000110221)
(-2.6813e-10 -3.72975e-10 0.000109181)
(2.97128e-12 9.84194e-10 9.01091e-05)
(-7.00349e-10 6.74801e-10 9.0109e-05)
(-3.70777e-10 2.07972e-10 0.000109182)
(-7.63591e-11 1.17232e-09 0.000110221)
(-3.76932e-10 -2.83684e-10 0.000110258)
(3.45446e-10 -7.98988e-12 0.000110259)
(-1.35088e-10 8.00232e-11 0.000110259)
(2.55753e-10 -2.67482e-10 0.000110259)
(1.32465e-10 1.19747e-09 0.000110221)
(-3.11761e-10 -7.32055e-10 0.000109182)
(8.5999e-11 5.47954e-10 9.01087e-05)
(-7.13287e-10 2.18589e-09 8.61142e-05)
(4.76923e-10 -6.82339e-10 0.000108472)
(1.13046e-09 1.34863e-09 0.000110155)
(-6.09517e-10 -1.69489e-10 0.000110253)
(-1.58854e-10 3.41873e-10 0.000110258)
(-6.74533e-10 1.00947e-10 0.000110258)
(-1.47447e-10 -2.45876e-10 0.000110253)
(-1.3743e-09 1.25096e-09 0.000110155)
(-1.06844e-09 -2.64703e-09 0.000108472)
(-1.33336e-10 5.07161e-10 8.61138e-05)
(2.1017e-09 1.63211e-09 7.45771e-05)
(7.76856e-10 -2.21596e-09 0.000105092)
(2.8886e-10 2.67805e-09 0.000109578)
(1.69947e-10 5.734e-10 0.000110138)
(5.37377e-10 1.88682e-10 0.000110211)
(1.62961e-10 2.94107e-11 0.000110211)
(6.65267e-10 2.85107e-10 0.000110137)
(5.96411e-10 2.48481e-09 0.000109578)
(4.43119e-10 -3.44508e-09 0.000105093)
(-6.39056e-10 -4.0046e-10 7.45772e-05)
(-2.74897e-10 -1.91495e-09 4.91151e-05)
(-1.0853e-09 4.33059e-10 9.01634e-05)
(3.27576e-10 3.6335e-09 0.000104249)
(1.05668e-09 -1.54613e-10 0.000108045)
(-4.16788e-11 1.82977e-11 0.000108884)
(3.05523e-10 -5.79592e-11 0.000108884)
(-4.12286e-10 -8.19818e-11 0.000108045)
(8.02179e-10 3.09468e-09 0.000104249)
(1.87855e-09 -8.33923e-10 9.01629e-05)
(1.16092e-09 -3.14458e-09 4.91151e-05)
(1.66311e-11 -2.61819e-10 1.90956e-05)
(2.37855e-09 3.10935e-09 4.60052e-05)
(3.42919e-09 1.91905e-09 7.03556e-05)
(1.63169e-09 -5.21214e-10 8.27219e-05)
(3.31851e-10 6.04181e-12 8.68813e-05)
(1.43308e-09 3.09608e-10 8.68813e-05)
(2.63562e-10 -5.71374e-10 8.27216e-05)
(-5.22546e-10 7.08589e-10 7.0355e-05)
(1.4489e-09 2.90162e-10 4.60046e-05)
(3.91238e-09 -3.1617e-09 1.90954e-05)
(-1.19842e-08 9.49593e-09 1.90955e-05)
(2.55308e-09 -5.91403e-09 4.60052e-05)
(1.37394e-11 1.68523e-09 7.03556e-05)
(-3.03018e-09 7.52821e-10 8.27222e-05)
(7.48803e-10 -7.49506e-10 8.68814e-05)
(2.34567e-11 5.98546e-11 8.68815e-05)
(4.66784e-09 1.7947e-09 8.27224e-05)
(9.77882e-11 2.79155e-09 7.03554e-05)
(-1.87473e-09 -4.39953e-09 4.60051e-05)
(1.06104e-08 7.70851e-09 1.90954e-05)
(-5.75438e-09 8.7505e-09 4.91151e-05)
(-5.25867e-10 -3.77355e-09 9.01632e-05)
(-3.55243e-09 2.28981e-09 0.000104249)
(-1.01319e-09 -1.47461e-09 0.000108045)
(6.6935e-11 -2.13976e-09 0.000108885)
(7.45917e-10 -9.28275e-10 0.000108885)
(1.25311e-09 1.2405e-10 0.000108045)
(5.72487e-09 4.27889e-09 0.000104249)
(1.14078e-09 -1.68423e-09 9.01634e-05)
(3.27793e-09 7.37443e-09 4.91152e-05)
(5.51964e-10 2.89015e-09 7.4577e-05)
(1.02418e-09 -9.77951e-10 0.000105092)
(-6.48397e-10 2.17278e-09 0.000109578)
(1.36477e-09 -2.62154e-09 0.000110138)
(6.35987e-10 -8.74557e-10 0.000110212)
(4.59071e-10 -8.86425e-10 0.000110212)
(-1.49778e-09 -1.88853e-09 0.000110138)
(5.06523e-10 3.17005e-09 0.000109578)
(-2.20014e-09 -3.22338e-10 0.000105093)
(-2.3965e-09 1.34799e-09 7.45772e-05)
(2.90804e-10 1.46372e-09 8.61141e-05)
(7.228e-10 -1.14673e-09 0.000108471)
(1.04113e-09 1.88266e-09 0.000110155)
(8.55416e-10 -4.50032e-10 0.000110253)
(5.86553e-11 3.0852e-10 0.000110258)
(5.69623e-10 -2.71044e-10 0.000110258)
(-1.06773e-09 -9.49916e-10 0.000110253)
(-7.16571e-10 2.04748e-09 0.000110155)
(-2.99513e-10 -1.20234e-09 0.000108472)
(1.77675e-11 4.54622e-10 8.61145e-05)
(1.21498e-09 8.08609e-10 9.0109e-05)
(8.05291e-10 -1.96274e-10 0.000109181)
(2.69446e-10 8.12412e-10 0.000110221)
(5.5533e-10 9.79518e-11 0.000110258)
(-4.01587e-11 3.11153e-10 0.00011026)
(-2.34761e-10 -1.76171e-10 0.00011026)
(-4.33131e-10 -8.28917e-11 0.000110258)
(-2.37547e-12 9.71208e-10 0.000110221)
(-9.6753e-10 -7.77795e-11 0.000109181)
(-9.57077e-10 5.8092e-10 9.0109e-05)
(1.02074e-09 3.61422e-10 9.0109e-05)
(6.4535e-10 3.00062e-10 0.000109181)
(2.99718e-10 9.05801e-10 0.000110221)
(8.12867e-10 1.95504e-10 0.000110258)
(3.15941e-10 3.47408e-10 0.000110259)
(3.44938e-10 3.80549e-10 0.000110259)
(2.49736e-10 1.59242e-11 0.000110259)
(-4.46381e-11 1.26162e-09 0.000110221)
(-7.36001e-10 1.33751e-10 0.000109181)
(-5.81153e-10 -7.74907e-10 9.01089e-05)
(-1.30551e-09 -6.38983e-10 8.61138e-05)
(2.04215e-10 8.15707e-10 0.000108471)
(1.38365e-09 2.8366e-11 0.000110155)
(9.01087e-10 1.31212e-11 0.000110253)
(6.01281e-10 -2.13143e-10 0.000110258)
(-1.08881e-10 1.34898e-10 0.000110258)
(1.39484e-10 -5.57928e-10 0.000110253)
(-1.3134e-09 2.52533e-10 0.000110155)
(-9.92791e-10 3.55905e-10 0.000108471)
(1.0207e-09 -2.15534e-09 8.6114e-05)
(2.19089e-11 8.88884e-10 7.45767e-05)
(3.25782e-10 -9.54307e-10 0.000105092)
(6.52464e-10 -4.85151e-10 0.000109578)
(5.16684e-10 5.67796e-10 0.000110138)
(-4.41804e-11 3.92797e-10 0.000110212)
(-5.25421e-10 7.78749e-10 0.000110211)
(-5.17012e-10 9.9851e-10 0.000110137)
(-1.79525e-09 1.41817e-09 0.000109578)
(-2.69488e-09 -9.99595e-10 0.000105092)
(-1.88103e-10 -3.34496e-09 7.45767e-05)
(3.73753e-10 -1.11529e-09 4.9115e-05)
(-1.50236e-09 -1.97648e-09 9.01637e-05)
(-1.85959e-09 2.67531e-10 0.000104249)
(-2.52418e-10 2.93993e-10 0.000108045)
(1.77239e-10 8.09621e-10 0.000108885)
(6.93506e-10 7.46489e-10 0.000108884)
(1.57834e-09 4.6497e-10 0.000108045)
(3.6495e-09 2.05225e-09 0.000104248)
(3.98115e-09 -1.42123e-09 9.01624e-05)
(4.75031e-09 -7.61457e-09 4.91144e-05)
(-3.91942e-09 -3.13166e-09 1.90956e-05)
(-3.57796e-09 -1.22951e-09 4.60055e-05)
(-2.80308e-09 -5.97692e-10 7.03562e-05)
(-2.23423e-09 -6.95345e-10 8.27224e-05)
(-1.48162e-09 -1.07158e-10 8.68813e-05)
(-5.77282e-12 -3.40234e-10 8.68811e-05)
(7.77595e-10 -1.05708e-09 8.27216e-05)
(1.46124e-09 9.5157e-11 7.03549e-05)
(5.17598e-09 -2.12225e-10 4.60043e-05)
(1.02852e-08 -7.91647e-09 1.90949e-05)
(-4.21329e-09 2.754e-09 1.9095e-05)
(5.98953e-09 -7.42955e-09 4.60047e-05)
(2.45778e-09 7.06362e-10 7.03553e-05)
(-3.2037e-10 7.29026e-10 8.27222e-05)
(1.78341e-09 -1.60516e-10 8.68812e-05)
(-7.43625e-10 -4.63021e-11 8.68813e-05)
(7.23364e-10 8.14333e-10 8.2722e-05)
(-1.86434e-09 1.78339e-09 7.03551e-05)
(-5.19359e-09 -5.31266e-09 4.60052e-05)
(8.80151e-10 6.94017e-10 1.90957e-05)
(-8.6102e-10 2.32475e-09 4.91144e-05)
(-1.75144e-09 -2.24717e-09 9.01634e-05)
(-2.23373e-09 2.41029e-10 0.000104249)
(1.88346e-10 7.06439e-10 0.000108046)
(-9.87571e-10 -1.07926e-09 0.000108885)
(4.24389e-11 -6.44158e-10 0.000108885)
(-9.8555e-10 5.85659e-10 0.000108045)
(1.1208e-09 1.50304e-09 0.000104249)
(-1.53509e-09 -3.2903e-09 9.01636e-05)
(-1.77695e-09 4.47667e-11 4.91153e-05)
(2.40891e-09 2.2717e-10 7.45768e-05)
(-2.3367e-10 1.77324e-09 0.000105092)
(-1.72418e-09 -4.11348e-10 0.000109578)
(5.03318e-12 -4.69534e-10 0.000110138)
(-3.76091e-10 -6.7868e-10 0.000110212)
(-1.64097e-10 -6.07739e-10 0.000110212)
(-6.6557e-10 -8.89208e-10 0.000110138)
(1.53372e-09 -1.04352e-10 0.000109578)
(2.05017e-09 1.02318e-09 0.000105093)
(2.17189e-11 4.84181e-10 7.4577e-05)
(-1.24168e-10 9.58268e-10 8.61139e-05)
(8.24268e-10 -4.67211e-10 0.000108471)
(6.06917e-10 8.29513e-11 0.000110155)
(2.33702e-10 -3.76061e-10 0.000110252)
(4.43882e-10 -7.8521e-11 0.000110258)
(-2.56551e-10 -1.13235e-10 0.000110258)
(-8.68044e-10 -9.58148e-10 0.000110253)
(-6.88345e-10 2.69917e-10 0.000110155)
(-2.49888e-10 -1.0839e-10 0.000108471)
(6.27249e-10 1.94789e-09 8.61143e-05)
(-2.80945e-10 1.35778e-09 9.01089e-05)
(2.82571e-10 -3.92377e-10 0.000109181)
(1.49088e-10 -1.1461e-10 0.000110221)
(4.8864e-11 1.00116e-10 0.000110258)
(4.23542e-11 -8.75656e-12 0.00011026)
(-4.20123e-10 2.02755e-10 0.00011026)
(-9.04427e-11 -4.18789e-10 0.000110258)
(-5.49489e-10 1.42266e-10 0.000110221)
(-9.27404e-10 -3.93155e-10 0.000109181)
(-2.09394e-10 3.97903e-10 9.01091e-05)
(-3.4866e-10 3.87171e-10 9.0109e-05)
(3.18116e-10 -3.41481e-10 0.000109181)
(7.57095e-10 6.27523e-10 0.000110221)
(3.28873e-10 1.71005e-10 0.000110258)
(4.12443e-11 5.78969e-11 0.000110259)
(-1.69116e-10 9.12422e-11 0.000110259)
(2.03915e-11 -3.92037e-10 0.000110258)
(-6.06154e-10 3.6547e-10 0.000110221)
(-3.21088e-10 -9.31164e-10 0.000109181)
(1.7313e-10 4.99372e-10 9.01092e-05)
(-4.04093e-10 1.71689e-09 8.61136e-05)
(3.69104e-10 -1.20705e-09 0.000108471)
(1.15626e-09 8.88291e-10 0.000110155)
(1.49279e-10 -1.44658e-10 0.000110253)
(-2.92772e-11 3.57774e-10 0.000110258)
(-7.08021e-10 -1.65861e-10 0.000110258)
(-1.51781e-10 -2.22642e-10 0.000110253)
(-2.01346e-09 1.05969e-09 0.000110155)
(-1.62054e-09 -1.97472e-09 0.000108471)
(-2.22252e-10 1.2835e-09 8.61145e-05)
(1.86702e-09 1.46674e-09 7.45766e-05)
(-5.39743e-10 -3.72613e-09 0.000105092)
(-7.23407e-10 9.62886e-10 0.000109578)
(4.1021e-10 6.16526e-10 0.000110137)
(3.16522e-10 6.9482e-10 0.000110212)
(-7.26677e-10 2.76294e-10 0.000110212)
(7.86241e-11 6.87969e-10 0.000110138)
(2.35041e-10 2.50014e-09 0.000109578)
(-2.99685e-10 -3.12839e-09 0.000105092)
(-1.39053e-09 -3.17361e-11 7.45766e-05)
(-5.43456e-10 -1.20602e-09 4.91148e-05)
(-2.10528e-09 -2.13038e-10 9.01632e-05)
(-8.63437e-10 1.53003e-09 0.000104248)
(4.1792e-10 -7.96804e-10 0.000108045)
(-3.50144e-10 3.35297e-12 0.000108884)
(5.44232e-10 1.1373e-10 0.000108884)
(-1.077e-10 -2.87373e-10 0.000108045)
(1.01429e-09 2.87701e-09 0.000104249)
(2.02254e-09 -7.13206e-10 9.01632e-05)
(3.73459e-10 -2.22822e-09 4.91144e-05)
(-1.37579e-09 -4.58972e-10 1.90952e-05)
(1.41065e-09 3.30505e-09 4.60044e-05)
(1.83481e-09 1.20225e-09 7.03549e-05)
(6.37199e-10 -1.35036e-09 8.27219e-05)
(6.17549e-11 -2.78383e-10 8.6881e-05)
(5.30584e-10 -3.02839e-10 8.68809e-05)
(-1.21465e-09 -7.50184e-10 8.27217e-05)
(-1.84684e-09 1.08175e-09 7.03551e-05)
(-3.70897e-10 1.76521e-09 4.60045e-05)
(2.72937e-09 -2.08639e-09 1.9095e-05)
(-1.23651e-08 9.46793e-09 1.90953e-05)
(-1.36263e-10 -3.71361e-09 4.60049e-05)
(-6.35474e-10 2.02634e-09 7.03556e-05)
(-3.53009e-09 1.36404e-09 8.2722e-05)
(-3.19773e-10 -4.41971e-10 8.68813e-05)
(-1.13892e-09 -2.47585e-10 8.68813e-05)
(1.81624e-09 1.69063e-09 8.2722e-05)
(-1.95612e-09 1.91776e-09 7.03557e-05)
(-7.01226e-09 -7.60415e-09 4.6005e-05)
(5.44166e-09 3.95059e-09 1.90955e-05)
(-4.81998e-09 8.4262e-09 4.91147e-05)
(-3.13805e-09 -1.92602e-09 9.01633e-05)
(-4.3476e-09 5.36698e-10 0.000104249)
(-2.97672e-10 -1.07998e-10 0.000108045)
(-4.49446e-10 -1.7646e-09 0.000108885)
(6.19326e-10 -1.21658e-09 0.000108885)
(8.9792e-10 7.39642e-10 0.000108046)
(4.78887e-09 1.88096e-09 0.000104249)
(2.06337e-09 -1.82798e-09 9.01633e-05)
(-2.23169e-10 1.74817e-09 4.91145e-05)
(-3.48449e-10 4.88186e-09 7.45771e-05)
(9.35921e-10 1.29061e-10 0.000105092)
(7.45914e-10 -1.57692e-09 0.000109578)
(1.2946e-09 -8.70722e-10 0.000110138)
(-2.68598e-10 -1.10247e-09 0.000110212)
(-2.53523e-10 -1.02418e-09 0.000110212)
(-7.64079e-10 -1.31795e-09 0.000110138)
(1.18499e-09 -4.71807e-10 0.000109578)
(1.86238e-09 2.30281e-09 0.000105092)
(-2.83055e-10 1.06563e-09 7.45766e-05)
(-2.35371e-10 2.68933e-09 8.61141e-05)
(1.62534e-09 -3.05e-10 0.000108471)
(1.5493e-09 1.008e-10 0.000110155)
(6.48761e-10 1.81229e-10 0.000110253)
(3.33433e-10 8.36789e-11 0.000110258)
(-3.31844e-10 1.16872e-10 0.000110258)
(-8.60518e-10 -9.03209e-11 0.000110253)
(-1.44316e-09 -3.00725e-10 0.000110155)
(-6.66434e-10 -3.96424e-10 0.000108472)
(9.78651e-10 2.0187e-09 8.61141e-05)
(4.76747e-10 9.27052e-10 9.01091e-05)
(1.11315e-09 -1.6243e-10 0.000109181)
(3.53595e-10 4.09846e-10 0.000110221)
(-1.35573e-11 -3.09991e-10 0.000110258)
(4.55992e-10 2.56653e-10 0.000110259)
(4.73445e-10 -1.0528e-11 0.000110259)
(2.09621e-10 -1.30973e-10 0.000110259)
(-2.66981e-10 -1.86744e-10 0.000110221)
(-9.71203e-10 -4.76778e-10 0.000109182)
(-4.86421e-10 7.20515e-10 9.01091e-05)
(-1.06966e-10 2.61651e-10 9.01087e-05)
(4.24756e-10 -4.11997e-10 0.000109182)
(3.7318e-10 6.30854e-10 0.000110221)
(3.64423e-10 -1.4877e-10 0.000110258)
(5.03935e-10 5.37047e-10 0.000110259)
(-1.7179e-10 -3.95695e-10 0.000110259)
(9.38592e-11 -2.65726e-10 0.000110259)
(-5.6527e-10 9.04e-10 0.000110221)
(-7.37853e-10 -7.1657e-10 0.000109182)
(3.49787e-11 1.07367e-10 9.01089e-05)
(-1.76432e-09 -3.56753e-10 8.61143e-05)
(-6.65705e-10 -1.62036e-09 0.000108472)
(8.90089e-10 1.746e-09 0.000110155)
(-9.02643e-12 -4.22094e-10 0.000110253)
(5.77298e-10 3.25052e-11 0.000110258)
(-3.61269e-10 -5.93605e-10 0.000110258)
(-3.19281e-10 1.9901e-11 0.000110253)
(-1.75271e-09 1.62247e-09 0.000110155)
(-6.39897e-10 -1.69776e-09 0.000108472)
(6.16876e-10 6.81777e-10 8.61142e-05)
(7.74777e-10 1.65275e-09 7.45772e-05)
(3.53682e-10 -3.84936e-09 0.000105092)
(1.5788e-09 2.67083e-09 0.000109578)
(2.97572e-10 4.12184e-10 0.000110138)
(3.3905e-10 1.31936e-10 0.000110212)
(-3.1551e-10 1.13147e-10 0.000110212)
(-5.40018e-10 1.28004e-09 0.000110138)
(-1.62968e-09 3.16911e-09 0.000109579)
(-1.67872e-09 -4.0918e-09 0.000105092)
(-1.99624e-09 -1.96141e-10 7.45774e-05)
(3.27498e-09 -4.72039e-10 4.91147e-05)
(-1.26883e-10 -2.59907e-09 9.01629e-05)
(-1.17767e-09 2.55898e-09 0.000104249)
(-3.76333e-10 5.81199e-10 0.000108045)
(-4.51441e-10 9.05958e-10 0.000108885)
(-8.96535e-11 3.59492e-10 0.000108885)
(8.00097e-10 -1.75634e-10 0.000108046)
(4.14894e-09 2.86222e-09 0.000104249)
(3.10621e-09 -1.49497e-09 9.01636e-05)
(1.24852e-09 -4.80539e-09 4.91156e-05)
(-4.85042e-09 -4.18086e-09 1.90952e-05)
(-3.69342e-09 -1.02108e-09 4.60044e-05)
(-1.27758e-09 8.2371e-10 7.0355e-05)
(-1.01765e-09 -5.16077e-10 8.27216e-05)
(-6.16026e-10 4.23231e-10 8.68813e-05)
(4.41915e-10 -4.1494e-10 8.68813e-05)
(-6.98919e-10 -1.58519e-09 8.27222e-05)
(-1.40052e-09 1.16332e-09 7.03559e-05)
(2.24651e-09 1.70365e-09 4.60052e-05)
(8.78228e-09 -6.62982e-09 1.90956e-05)
(-4.62706e-09 1.97899e-09 1.9096e-05)
(4.19136e-09 -5.9804e-09 4.60053e-05)
(1.77036e-09 1.92443e-09 7.03553e-05)
(-1.61601e-09 2.26821e-10 8.27215e-05)
(1.38154e-09 7.30822e-11 8.68814e-05)
(-8.84704e-10 8.7729e-11 8.68813e-05)
(2.42546e-09 1.18898e-09 8.27219e-05)
(-7.86089e-10 2.40021e-09 7.03554e-05)
(-3.25761e-09 -5.2966e-09 4.60046e-05)
(7.35042e-09 5.07507e-09 1.90953e-05)
(-6.78585e-10 2.56088e-09 4.9116e-05)
(-6.38163e-10 -3.44352e-09 9.01636e-05)
(-4.65795e-09 3.23115e-09 0.000104249)
(-1.13884e-09 -5.31191e-10 0.000108045)
(-8.60577e-10 -1.05151e-09 0.000108884)
(3.2319e-10 -1.05011e-09 0.000108884)
(8.15336e-10 1.77751e-11 0.000108045)
(3.89169e-09 3.14261e-09 0.000104249)
(-2.34951e-10 -4.40782e-09 9.01628e-05)
(2.19248e-09 4.94003e-09 4.91144e-05)
(1.74827e-09 1.13496e-09 7.45774e-05)
(4.08775e-10 -5.34674e-10 0.000105093)
(-1.84688e-09 2.41456e-09 0.000109579)
(5.97182e-10 -1.78224e-09 0.000110138)
(-1.6665e-10 -1.11601e-09 0.000110212)
(5.03524e-10 -8.11349e-10 0.000110211)
(-4.37744e-10 -1.91251e-09 0.000110138)
(2.24515e-09 2.04228e-09 0.000109578)
(-1.19305e-10 -1.00067e-09 0.000105092)
(-1.55511e-09 1.97574e-09 7.4577e-05)
(5.55471e-10 1.53436e-10 8.61146e-05)
(3.46775e-10 -7.39144e-10 0.000108472)
(5.17552e-10 1.68464e-09 0.000110155)
(1.02351e-09 -4.50425e-10 0.000110253)
(-2.35047e-10 -1.68411e-10 0.000110258)
(1.41292e-10 -1.63717e-10 0.000110258)
(-1.09631e-09 -8.0287e-10 0.000110253)
(-5.81422e-10 1.36819e-09 0.000110154)
(-2.77705e-10 -1.95932e-10 0.000108472)
(-7.40863e-10 5.24831e-10 8.61145e-05)
(3.43083e-10 8.19396e-10 9.01091e-05)
(-2.30125e-10 -3.62336e-10 0.000109182)
(3.59551e-10 1.10476e-09 0.000110221)
(6.58202e-10 3.38867e-11 0.000110259)
(-3.03231e-10 9.39336e-12 0.000110259)
(7.64859e-10 -3.4695e-10 0.000110259)
(8.79028e-11 -8.52574e-12 0.000110258)
(1.48469e-10 8.092e-10 0.00011022)
(-1.12132e-10 -3.5894e-10 0.000109181)
(-8.89039e-10 2.2297e-10 9.01091e-05)
(5.15149e-10 2.8296e-10 9.01091e-05)
(5.84549e-10 5.00839e-10 0.000109181)
(1.45268e-10 6.87329e-10 0.000110221)
(1.45315e-10 -1.64286e-10 0.000110259)
(-2.05141e-11 9.97589e-11 0.000110259)
(7.65665e-11 -1.57957e-10 0.000110259)
(2.32997e-11 -2.21709e-10 0.000110259)
(-3.11828e-10 6.15123e-10 0.000110221)
(-5.42746e-10 -6.20641e-10 0.000109182)
(-4.18416e-10 -6.7307e-10 9.01088e-05)
(2.52217e-10 4.99744e-10 8.61147e-05)
(1.31837e-09 6.19454e-10 0.000108472)
(1.34041e-09 2.36494e-10 0.000110155)
(3.61066e-10 1.00736e-10 0.000110253)
(2.90165e-10 1.65474e-10 0.000110258)
(1.02407e-10 -3.90036e-11 0.000110258)
(-4.04086e-10 -3.20587e-10 0.000110253)
(-1.32409e-09 2.71353e-10 0.000110155)
(-1.79679e-09 -6.32803e-11 0.000108472)
(-4.67164e-10 -1.52976e-09 8.6114e-05)
(-4.37189e-10 -1.25814e-09 7.45776e-05)
(1.69852e-10 -7.68833e-10 0.000105093)
(-4.51348e-10 7.55007e-10 0.000109579)
(-2.29072e-10 5.26133e-10 0.000110138)
(6.08194e-11 3.71347e-10 0.000110212)
(-3.70191e-10 5.55856e-10 0.000110212)
(7.47851e-10 2.30084e-10 0.000110138)
(1.18883e-10 2.48528e-09 0.000109578)
(-8.74342e-10 -5.53657e-10 0.000105092)
(4.88326e-10 -3.28923e-09 7.45775e-05)
(-5.94537e-10 -2.58177e-09 4.91148e-05)
(-1.79078e-10 1.52083e-09 9.01631e-05)
(-7.30205e-10 1.92484e-09 0.000104249)
(-3.27644e-10 -7.51983e-10 0.000108046)
(-8.73288e-10 4.02977e-10 0.000108885)
(-1.77334e-10 5.39155e-10 0.000108885)
(9.17622e-11 -9.27847e-10 0.000108045)
(-3.08261e-10 3.76592e-09 0.000104249)
(9.42927e-10 5.12454e-10 9.01632e-05)
(3.20024e-09 -5.56728e-09 4.91155e-05)
(-3.13779e-09 -2.16654e-09 1.90951e-05)
(5.25602e-10 2.36748e-09 4.60047e-05)
(3.32484e-09 2.13946e-09 7.03555e-05)
(1.53831e-09 -1.10974e-09 8.27221e-05)
(4.22227e-10 7.3282e-11 8.68814e-05)
(7.3341e-10 -6.59998e-11 8.68814e-05)
(5.69874e-10 -1.37077e-09 8.27222e-05)
(-9.45057e-10 1.2596e-09 7.03557e-05)
(2.89399e-09 4.81452e-10 4.60049e-05)
(8.28643e-09 -6.08782e-09 1.90954e-05)
(-1.00037e-08 7.06491e-09 1.90956e-05)
(3.21671e-09 -5.51053e-09 4.60051e-05)
(1.02647e-11 2.92299e-09 7.03555e-05)
(-2.38609e-09 5.80584e-10 8.2722e-05)
(1.51111e-09 -4.38957e-10 8.68813e-05)
(-1.51446e-09 -5.54214e-10 8.68809e-05)
(2.84038e-09 1.28263e-09 8.27219e-05)
(-7.37519e-10 2.67732e-09 7.03551e-05)
(-6.25707e-09 -8.05713e-09 4.60045e-05)
(6.33927e-09 3.93491e-09 1.90952e-05)
(-2.04817e-09 4.50205e-09 4.91155e-05)
(1.33923e-09 -4.66958e-09 9.01636e-05)
(-3.00821e-09 3.97368e-09 0.000104249)
(4.17952e-10 -3.49189e-10 0.000108045)
(1.79027e-10 -1.25004e-09 0.000108884)
(3.4252e-10 -1.56125e-09 0.000108884)
(1.78937e-09 -1.35966e-10 0.000108045)
(5.91255e-09 4.18402e-09 0.000104249)
(6.06268e-10 -4.23288e-09 9.01631e-05)
(1.36411e-09 3.57346e-09 4.91152e-05)
(7.26372e-10 1.70428e-09 7.45773e-05)
(6.59305e-10 -1.98925e-09 0.000105093)
(-8.70181e-10 2.31168e-09 0.000109579)
(1.43101e-09 -1.66843e-09 0.000110137)
(-1.83285e-10 -8.55299e-10 0.000110211)
(1.16278e-10 -5.0944e-10 0.000110211)
(-1.23158e-09 -1.87265e-09 0.000110137)
(8.00825e-10 3.0908e-09 0.000109578)
(-1.065e-09 -6.36482e-10 0.000105093)
(-1.97155e-09 9.77929e-10 7.45777e-05)
(8.35743e-10 1.31272e-09 8.61144e-05)
(7.82565e-10 -1.83841e-09 0.000108472)
(7.40016e-10 1.26912e-09 0.000110156)
(1.03078e-09 -1.00943e-09 0.000110253)
(-5.74667e-10 -3.88588e-10 0.000110258)
(-1.33001e-10 -2.14185e-10 0.000110258)
(-1.52645e-09 -4.28476e-10 0.000110253)
(-6.67618e-10 1.65094e-09 0.000110155)
(-8.61596e-11 -1.63471e-09 0.000108471)
(-4.67031e-10 -9.44237e-11 8.61143e-05)
(1.04598e-09 2.77309e-10 9.01092e-05)
(4.90156e-10 -9.38713e-10 0.000109181)
(5.58638e-10 6.59145e-10 0.000110221)
(6.80497e-10 -5.28718e-10 0.000110258)
(-5.98927e-10 -1.09427e-10 0.00011026)
(3.85499e-10 -5.41156e-10 0.000110259)
(-2.92841e-10 -4.95301e-10 0.000110258)
(4.59577e-11 3.3108e-10 0.000110221)
(3.29278e-10 -6.7681e-10 0.000109181)
(-5.23755e-10 -3.58029e-10 9.01089e-05)
(6.47418e-10 5.61069e-10 9.01094e-05)
(-1.00797e-10 2.01134e-10 0.000109181)
(-1.71322e-10 5.81664e-10 0.000110221)
(5.72162e-10 -2.32083e-10 0.000110258)
(4.51044e-11 6.78143e-11 0.000110259)
(2.01697e-10 -3.46022e-11 0.000110259)
(1.95319e-10 -9.81542e-10 0.000110258)
(2.87277e-10 4.36893e-10 0.000110221)
(-5.69518e-10 -8.26767e-11 0.000109181)
(-8.17819e-10 -1.14155e-09 9.01092e-05)
(-8.64718e-10 -6.07263e-10 8.61143e-05)
(4.54762e-10 7.82479e-10 0.000108471)
(1.40292e-09 4.26167e-10 0.000110155)
(5.01873e-10 1.01003e-10 0.000110253)
(3.7502e-10 -1.92492e-10 0.000110258)
(2.4271e-11 6.43408e-11 0.000110258)
(-3.12556e-10 -3.7508e-10 0.000110252)
(-1.39428e-09 4.58154e-10 0.000110155)
(-1.18255e-09 4.96835e-10 0.000108471)
(6.54576e-10 -2.25487e-09 8.61141e-05)
(2.30495e-11 -6.27576e-10 7.45775e-05)
(8.23627e-10 -1.25507e-09 0.000105093)
(8.83995e-10 -9.3767e-11 0.000109578)
(3.97118e-10 7.51239e-10 0.000110138)
(-8.00452e-11 5.41179e-10 0.000110211)
(-2.9917e-10 1.05996e-09 0.000110211)
(-1.71683e-10 9.25672e-10 0.000110137)
(-1.2128e-09 1.66805e-09 0.000109578)
(-1.12712e-09 -3.87084e-10 0.000105092)
(1.40698e-09 -3.68066e-09 7.4577e-05)
(-8.52305e-11 -2.76465e-09 4.91148e-05)
(-1.58198e-09 -1.38393e-09 9.01627e-05)
(-2.61178e-09 -2.57096e-10 0.000104248)
(-1.03193e-09 5.11992e-10 0.000108045)
(-6.49481e-10 1.20694e-09 0.000108885)
(6.59797e-11 1.31598e-09 0.000108885)
(7.51288e-10 7.33481e-11 0.000108046)
(2.654e-09 1.94486e-09 0.000104249)
(2.03858e-09 -1.4011e-10 9.0163e-05)
(3.27438e-09 -6.25495e-09 4.91143e-05)
(-5.43611e-09 -4.51356e-09 1.90949e-05)
(-2.61571e-09 -3.38829e-12 4.60049e-05)
(-2.58787e-09 -5.26671e-10 7.03558e-05)
(-2.00635e-09 -3.43333e-10 8.27225e-05)
(-1.18216e-09 3.93699e-10 8.68817e-05)
(2.49649e-10 2.79302e-10 8.68815e-05)
(7.98912e-10 -6.9149e-10 8.27223e-05)
(-6.73511e-10 1.18059e-09 7.03553e-05)
(1.44967e-09 8.59199e-10 4.60048e-05)
(7.24567e-09 -6.00181e-09 1.90952e-05)
(-1.03467e-08 7.18772e-09 1.90952e-05)
(2.63991e-09 -6.02758e-09 4.60049e-05)
(6.99686e-10 1.54114e-09 7.03555e-05)
(-2.91139e-09 1.41762e-09 8.27222e-05)
(8.67044e-12 3.7472e-10 8.68811e-05)
(-1.09355e-09 -4.83588e-13 8.68809e-05)
(7.7145e-10 1.97871e-09 8.2722e-05)
(-4.18747e-09 1.6602e-09 7.03548e-05)
(-8.81321e-09 -8.82443e-09 4.60044e-05)
(3.08196e-09 2.14862e-09 1.90948e-05)
(-2.91512e-09 6.43802e-09 4.91147e-05)
(-7.80456e-10 -3.28708e-09 9.01639e-05)
(-2.42643e-09 -4.07169e-10 0.000104249)
(-1.99973e-10 5.54119e-10 0.000108045)
(-7.58647e-10 -8.42258e-10 0.000108884)
(7.19527e-10 -1.38208e-09 0.000108884)
(-2.07601e-10 1.05867e-09 0.000108045)
(3.23511e-09 2.06882e-09 0.000104248)
(-1.39065e-09 -4.89078e-09 9.01631e-05)
(-3.43018e-09 -5.30604e-10 4.91152e-05)
(4.76923e-10 4.15465e-09 7.4577e-05)
(1.36969e-09 8.58343e-11 0.000105093)
(6.58879e-10 -2.64252e-09 0.000109579)
(1.47971e-09 -7.69705e-10 0.000110137)
(9.35386e-11 -4.71664e-10 0.000110211)
(-3.78732e-10 -8.34145e-10 0.000110211)
(-1.15876e-09 -5.83217e-10 0.000110137)
(3.15986e-10 -3.91095e-10 0.000109578)
(9.55908e-11 -2.57314e-10 0.000105092)
(-1.32559e-09 -3.93432e-10 7.45771e-05)
(-5.05519e-11 2.18468e-09 8.61139e-05)
(1.43697e-09 -1.01541e-09 0.000108471)
(1.25444e-09 -7.77095e-10 0.000110155)
(2.81149e-10 -1.36623e-10 0.000110252)
(-4.38394e-10 2.86949e-10 0.000110258)
(-3.47961e-10 1.89562e-10 0.000110258)
(-4.36082e-10 -4.39568e-11 0.000110252)
(-9.96469e-10 -9.2495e-10 0.000110155)
(-3.10575e-10 -1.61662e-09 0.000108471)
(7.22282e-10 9.38773e-10 8.61139e-05)
(7.6384e-10 8.75468e-10 9.01091e-05)
(1.22241e-09 -5.97485e-10 0.000109181)
(3.3883e-10 3.45249e-11 0.000110221)
(-1.28797e-10 -5.41753e-10 0.000110258)
(-6.85488e-11 -9.90633e-11 0.000110259)
(2.18545e-11 -3.49233e-10 0.000110259)
(-2.15076e-10 -6.92951e-10 0.000110258)
(2.33315e-10 -3.99012e-10 0.000110221)
(-1.72399e-10 -8.98668e-10 0.000109181)
(-4.65515e-10 6.76264e-10 9.01088e-05)
(3.83056e-10 4.8824e-10 9.01089e-05)
(6.63752e-10 -6.55458e-10 0.000109181)
(3.95298e-10 7.31993e-10 0.000110221)
(8.74973e-11 -7.49205e-10 0.000110258)
(-4.26958e-10 2.2084e-11 0.000110259)
(-4.24907e-10 -1.21746e-10 0.000110259)
(3.1529e-10 -4.29879e-10 0.000110258)
(-2.2703e-10 9.50136e-10 0.000110221)
(-4.13556e-10 -1.06511e-09 0.000109181)
(-3.69494e-11 1.77747e-10 9.01092e-05)
(-5.60666e-10 -8.82771e-11 8.61134e-05)
(1.37254e-09 -1.76692e-09 0.000108471)
(2.15523e-09 9.55948e-10 0.000110155)
(3.74996e-10 -4.70377e-10 0.000110252)
(8.79702e-11 -1.20267e-10 0.000110258)
(-7.07463e-10 1.29888e-10 0.000110258)
(-1.48697e-10 -1.0369e-09 0.000110252)
(-2.21216e-09 9.41627e-10 0.000110155)
(-1.72566e-09 -1.38013e-09 0.000108471)
(-5.81721e-11 1.37647e-09 8.6114e-05)
(1.81365e-09 8.44275e-10 7.45768e-05)
(8.02015e-10 -4.12521e-09 0.000105092)
(9.55596e-10 8.93796e-10 0.000109578)
(3.7256e-10 5.47922e-10 0.000110137)
(-3.35439e-11 1.11463e-09 0.000110211)
(-7.86616e-10 1.30049e-09 0.000110211)
(-5.13314e-10 4.43598e-10 0.000110137)
(-1.15226e-09 2.57988e-09 0.000109578)
(-1.69096e-09 -3.83671e-09 0.000105092)
(-1.73023e-09 -5.85139e-11 7.45769e-05)
(2.16991e-10 -3.2241e-09 4.91151e-05)
(-2.20447e-09 -3.29001e-09 9.01634e-05)
(-2.4821e-09 2.37591e-10 0.000104248)
(-3.86195e-10 4.80747e-10 0.000108045)
(-3.92595e-10 1.82315e-09 0.000108885)
(6.56325e-10 1.51958e-09 0.000108884)
(9.23283e-10 -3.04271e-10 0.000108045)
(3.72703e-09 2.51421e-09 0.000104249)
(4.7345e-09 -2.79347e-09 9.01635e-05)
(1.70495e-09 -4.38604e-09 4.91148e-05)
(-2.918e-09 -3.11336e-09 1.90954e-05)
(-2.94984e-09 -1.25056e-09 4.6005e-05)
(-1.88272e-09 -8.17987e-10 7.0355e-05)
(-9.89714e-10 -3.83056e-10 8.27217e-05)
(-1.34388e-09 4.64451e-10 8.68813e-05)
(2.746e-10 1.57509e-10 8.68811e-05)
(6.20889e-10 -1.80583e-09 8.27222e-05)
(-1.50614e-10 4.74103e-10 7.03553e-05)
(1.03098e-09 1.35227e-09 4.60051e-05)
(2.76731e-09 -2.1768e-09 1.90954e-05)
(-1.04161e-08 6.88622e-09 1.90954e-05)
(2.32721e-11 -4.04095e-09 4.60049e-05)
(-4.2399e-10 1.59735e-09 7.03551e-05)
(-3.35073e-09 1.30796e-09 8.27219e-05)
(-3.40619e-10 -1.0103e-10 8.68809e-05)
(-9.44254e-10 -5.981e-10 8.68811e-05)
(1.90336e-09 1.61382e-09 8.27218e-05)
(-3.25973e-10 2.18301e-09 7.03553e-05)
(-3.73355e-09 -5.14062e-09 4.60049e-05)
(3.25365e-09 2.47759e-09 1.90955e-05)
(-5.24618e-09 8.41667e-09 4.91151e-05)
(-3.5218e-09 -1.54376e-09 9.01639e-05)
(-4.08136e-09 -1.89668e-10 0.000104249)
(-4.35067e-10 6.85077e-11 0.000108045)
(-4.83762e-10 -1.29212e-09 0.000108884)
(5.93135e-10 -1.77522e-09 0.000108884)
(-1.78983e-10 -4.70383e-11 0.000108045)
(3.76142e-09 1.40246e-09 0.000104249)
(1.46233e-09 -1.80594e-09 9.01638e-05)
(-1.49943e-09 8.83713e-10 4.91154e-05)
(-1.74071e-10 4.11225e-09 7.45768e-05)
(1.18671e-09 -1.63195e-10 0.000105092)
(6.08296e-10 -2.40613e-09 0.000109578)
(5.46189e-10 -1.13633e-09 0.000110138)
(1.63161e-10 -8.98451e-10 0.000110212)
(3.85389e-10 -9.35943e-10 0.000110212)
(-6.97225e-10 -7.23264e-10 0.000110138)
(1.03263e-09 -3.58611e-10 0.000109579)
(1.45573e-09 1.29209e-09 0.000105092)
(-4.0311e-10 3.42348e-10 7.4577e-05)
(1.41795e-10 1.64002e-09 8.61142e-05)
(1.73524e-09 -1.03985e-09 0.000108471)
(1.06271e-09 -9.7927e-10 0.000110155)
(1.93848e-10 -3.82558e-10 0.000110253)
(4.29627e-11 -3.22397e-11 0.000110258)
(-3.30735e-10 4.32334e-10 0.000110258)
(-8.73392e-11 5.67574e-10 0.000110253)
(-7.08149e-10 3.77161e-11 0.000110155)
(-1.57635e-10 -1.92481e-10 0.000108471)
(1.16589e-09 1.8486e-09 8.61145e-05)
(6.05981e-10 6.76001e-10 9.01088e-05)
(1.24196e-09 -1.01164e-09 0.000109181)
(1.75797e-10 2.03642e-10 0.000110221)
(-1.36036e-10 -1.21673e-10 0.000110258)
(2.68172e-11 9.21974e-12 0.000110259)
(-1.56263e-10 3.13358e-10 0.000110259)
(-9.0573e-11 -1.98069e-10 0.000110258)
(-3.07998e-10 1.91223e-10 0.000110221)
(-8.28869e-10 -2.02112e-10 0.000109181)
(-3.92355e-10 1.03899e-09 9.01091e-05)
(-2.14959e-11 -9.5313e-11 9.01087e-05)
(9.20723e-10 -9.98843e-10 0.000109181)
(4.38558e-10 4.39171e-10 0.000110221)
(-3.08379e-10 1.43736e-10 0.000110258)
(2.91173e-10 4.26678e-10 0.000110259)
(-1.25056e-10 3.0707e-10 0.00011026)
(2.95371e-10 -2.77683e-10 0.000110258)
(-1.0073e-10 1.03872e-09 0.000110221)
(-1.93384e-10 -8.96961e-10 0.000109181)
(3.6313e-10 1.89299e-10 9.01092e-05)
(-1.83152e-09 -8.90865e-10 8.61137e-05)
(3.94123e-11 -1.90162e-09 0.000108471)
(9.75749e-10 1.11039e-09 0.000110155)
(-2.75802e-10 -1.10267e-10 0.000110252)
(7.13972e-10 2.27048e-10 0.000110258)
(-5.50161e-10 3.25257e-10 0.000110258)
(-2.11627e-10 -5.48354e-10 0.000110253)
(-1.74424e-09 6.85896e-10 0.000110155)
(-6.17126e-10 -2.82365e-09 0.000108472)
(9.05222e-10 2.85831e-10 8.61143e-05)
(1.70455e-10 1.38538e-10 7.45767e-05)
(-2.00563e-10 -4.0656e-09 0.000105092)
(1.299e-09 2.57151e-09 0.000109579)
(1.60306e-10 8.89876e-10 0.000110138)
(2.47253e-11 6.11274e-10 0.000110211)
(-6.76564e-10 8.63222e-10 0.000110212)
(-1.3576e-09 1.19161e-09 0.000110138)
(-2.28301e-09 2.48178e-09 0.000109578)
(-2.34018e-09 -4.4926e-09 0.000105092)
(-2.02546e-09 -1.01639e-09 7.45771e-05)
(4.91652e-10 -2.99325e-09 4.91153e-05)
(-2.40803e-09 -2.89611e-09 9.01638e-05)
(-1.58664e-09 3.03128e-09 0.000104249)
(-1.72538e-10 6.03199e-10 0.000108045)
(-7.64866e-10 1.02168e-09 0.000108884)
(6.52053e-10 1.25809e-09 0.000108884)
(3.13944e-10 4.48028e-10 0.000108045)
(2.59661e-09 2.74595e-09 0.000104249)
(2.97427e-09 -2.51503e-09 9.01635e-05)
(1.84347e-09 -6.24759e-09 4.91152e-05)
(-3.9299e-09 -3.7271e-09 1.90956e-05)
(-2.9106e-09 -4.07044e-10 4.60048e-05)
(-8.85942e-10 1.2054e-09 7.03546e-05)
(-6.31399e-11 -5.49673e-10 8.27213e-05)
(-1.9316e-10 1.94787e-10 8.68804e-05)
(1.43725e-09 2.75778e-10 8.68807e-05)
(1.81832e-09 -1.49275e-09 8.27215e-05)
(1.47795e-09 7.75844e-11 7.03551e-05)
(5.44302e-09 -9.32797e-10 4.60048e-05)
(8.12976e-09 -6.31714e-09 1.90954e-05)
(-1.08592e-08 6.36649e-09 1.90949e-05)
(3.26733e-09 -5.63695e-09 4.60045e-05)
(3.79954e-09 8.90169e-10 7.03554e-05)
(-2.82288e-10 6.57907e-10 8.27218e-05)
(1.26312e-09 -4.13778e-11 8.68812e-05)
(-7.04406e-10 1.18677e-10 8.68814e-05)
(1.60927e-09 1.94653e-09 8.2722e-05)
(-2.12837e-09 1.92213e-09 7.03557e-05)
(-7.1259e-09 -6.11012e-09 4.60052e-05)
(1.39583e-09 5.49222e-10 1.90958e-05)
(-9.4086e-10 2.59311e-09 4.91146e-05)
(-1.36674e-09 -3.19516e-09 9.01628e-05)
(-1.65837e-09 1.60804e-10 0.000104249)
(5.56594e-10 3.57137e-10 0.000108045)
(-1.21813e-09 -5.03481e-10 0.000108885)
(6.03005e-11 -3.9354e-10 0.000108885)
(-1.01004e-09 1.90068e-09 0.000108045)
(1.32386e-09 1.51837e-09 0.00010425)
(-1.63259e-09 -3.41105e-09 9.01638e-05)
(-2.72994e-09 -9.21471e-10 4.91151e-05)
(1.80692e-09 1.17989e-09 7.4577e-05)
(-4.46114e-10 7.04739e-10 0.000105092)
(-1.56104e-09 -1.11976e-09 0.000109578)
(4.34245e-10 -9.89273e-10 0.000110138)
(-2.05369e-10 -8.3023e-10 0.000110212)
(3.80397e-11 -4.3858e-10 0.000110212)
(5.24477e-10 4.94453e-11 0.000110138)
(2.45953e-09 -2.38778e-10 0.000109579)
(1.7228e-09 2.42166e-10 0.000105092)
(-4.80748e-10 -4.52366e-10 7.4577e-05)
(-2.66228e-10 8.87618e-10 8.61145e-05)
(9.92711e-10 -3.85714e-10 0.000108472)
(9.88807e-10 -4.85179e-10 0.000110155)
(5.16072e-11 -2.70527e-10 0.000110253)
(5.39415e-11 -4.57176e-10 0.000110258)
(-3.93777e-10 -1.44191e-10 0.000110258)
(-5.81837e-10 -1.19653e-10 0.000110253)
(-1.25736e-09 -6.41903e-10 0.000110155)
(-7.21071e-10 -8.68389e-10 0.000108472)
(4.84856e-10 1.90491e-10 8.61143e-05)
(-2.591e-10 9.04633e-10 9.0109e-05)
(4.7755e-10 -9.10663e-10 0.000109181)
(5.64388e-10 -2.89248e-10 0.000110221)
(-2.42287e-11 -2.18612e-10 0.000110259)
(3.76291e-11 -1.0315e-10 0.000110259)
(3.21897e-10 3.07948e-11 0.000110259)
(3.6857e-10 -2.76342e-10 0.000110259)
(-2.32461e-10 -2.21961e-10 0.000110221)
(-7.37695e-10 -7.28961e-10 0.000109181)
(-2.8651e-10 9.81169e-11 9.01092e-05)
(-7.69943e-10 8.52835e-10 9.0109e-05)
(2.259e-10 -6.05544e-10 0.000109181)
(5.44107e-10 7.58366e-10 0.000110221)
(-1.91157e-10 -3.8894e-10 0.000110258)
(4.50014e-10 9.0315e-11 0.000110259)
(-1.21359e-10 1.67014e-10 0.000110259)
(5.86787e-10 2.17788e-10 0.000110258)
(2.49482e-10 4.3321e-10 0.000110221)
(-2.51456e-11 -1.00274e-09 0.000109181)
(4.87375e-10 3.48896e-10 9.01089e-05)
(-3.76116e-10 1.75034e-09 8.61143e-05)
(1.28195e-09 -1.45749e-09 0.000108472)
(1.74567e-09 1.56506e-09 0.000110154)
(-1.34405e-10 1.89051e-10 0.000110253)
(3.61916e-10 2.32588e-10 0.000110258)
(-9.88412e-11 1.39621e-10 0.000110258)
(2.75492e-10 6.26843e-11 0.000110253)
(-2.10158e-09 6.03327e-10 0.000110155)
(-1.75573e-09 -1.61539e-09 0.000108472)
(8.32887e-11 1.0379e-09 8.6114e-05)
(1.75271e-09 1.01198e-09 7.45771e-05)
(4.73201e-10 -3.47381e-09 0.000105092)
(3.13523e-10 2.61094e-09 0.000109578)
(7.50639e-11 1.10704e-09 0.000110138)
(6.61879e-10 5.17379e-10 0.000110212)
(2.8705e-10 7.6564e-10 0.000110212)
(-4.16494e-10 1.35986e-09 0.000110138)
(-7.86021e-10 2.62804e-09 0.000109578)
(-6.31707e-10 -2.76795e-09 0.000105092)
(-1.5731e-09 -2.99185e-11 7.45769e-05)
(-4.51027e-10 -2.44802e-09 4.91151e-05)
(-1.66839e-09 -7.42153e-10 9.0163e-05)
(-1.35498e-10 3.77235e-09 0.000104249)
(-3.67928e-12 4.72346e-10 0.000108045)
(-7.62799e-10 4.39849e-10 0.000108884)
(8.02691e-10 7.01261e-10 0.000108884)
(-6.08796e-10 1.08839e-09 0.000108045)
(7.42336e-10 3.85375e-09 0.000104249)
(1.92204e-09 -7.38864e-10 9.01629e-05)
(6.56419e-10 -3.46167e-09 4.91148e-05)
(-2.33402e-09 -1.787e-09 1.90954e-05)
(-4.31432e-10 1.83444e-09 4.6005e-05)
(1.54243e-09 2.12104e-09 7.03557e-05)
(6.30394e-10 -4.08188e-10 8.27218e-05)
(-2.00493e-10 -4.76813e-11 8.68809e-05)
(1.15632e-09 -1.10587e-10 8.68808e-05)
(3.81998e-10 -8.98654e-10 8.27214e-05)
(-5.05448e-10 1.58986e-09 7.03552e-05)
(2.66391e-09 7.06966e-10 4.60045e-05)
(6.16519e-09 -4.49072e-09 1.9095e-05)
(-1.20759e-08 8.75509e-09 1.90951e-05)
(1.55218e-09 -3.72352e-09 4.60046e-05)
(3.45487e-10 3.56212e-09 7.03551e-05)
(-3.18504e-09 1.36256e-09 8.27215e-05)
(1.0573e-09 -2.90072e-11 8.68812e-05)
(-8.81394e-10 2.91772e-11 8.68811e-05)
(2.92664e-09 1.68277e-09 8.27218e-05)
(4.93999e-10 2.80743e-09 7.03549e-05)
(-3.60727e-09 -6.10972e-09 4.60044e-05)
(5.33479e-09 3.03859e-09 1.90949e-05)
(-2.60791e-09 5.84878e-09 4.91146e-05)
(-9.19417e-10 -3.2198e-09 9.01631e-05)
(-5.05142e-09 4.41074e-09 0.000104249)
(-5.16525e-10 -5.72408e-10 0.000108045)
(-8.34649e-11 -1.62528e-09 0.000108884)
(9.4223e-10 -1.28658e-09 0.000108884)
(2.11014e-09 -3.02273e-10 0.000108045)
(6.5132e-09 4.05803e-09 0.000104248)
(2.21089e-09 -2.42573e-09 9.01629e-05)
(2.42925e-09 5.02159e-09 4.91145e-05)
(1.55001e-09 2.94539e-09 7.4577e-05)
(2.0321e-09 -2.34978e-09 0.000105092)
(-4.07443e-10 2.51045e-09 0.000109578)
(1.90867e-09 -2.72782e-09 0.000110137)
(-2.11283e-10 -1.22029e-09 0.000110212)
(-1.91589e-10 -1.0298e-09 0.000110212)
(-1.4542e-09 -2.50766e-09 0.000110138)
(8.68698e-10 2.53677e-09 0.000109578)
(-9.41724e-10 -7.62936e-11 0.000105092)
(-1.79074e-09 1.03038e-09 7.45766e-05)
(2.85153e-10 1.7002e-09 8.6114e-05)
(1.03156e-09 -1.61264e-09 0.000108472)
(1.04011e-09 1.36065e-09 0.000110155)
(1.27597e-09 -1.09239e-09 0.000110253)
(-1.69598e-10 1.05505e-10 0.000110258)
(6.04625e-11 -2.29578e-11 0.000110258)
(-7.05702e-10 -1.01478e-09 0.000110253)
(-8.75044e-10 1.60015e-09 0.000110155)
(-2.4988e-10 -1.02656e-09 0.000108471)
(7.71828e-11 -1.1438e-12 8.61137e-05)
(1.2175e-09 1.52639e-10 9.0109e-05)
(5.8723e-10 -1.04945e-09 0.000109181)
(4.84635e-10 1.66789e-10 0.000110221)
(9.58742e-10 -8.6326e-10 0.000110258)
(-2.1341e-10 -1.37552e-11 0.000110259)
(2.03662e-10 1.33586e-10 0.000110259)
(-2.0853e-10 -9.427e-10 0.000110258)
(-2.32638e-10 1.06593e-12 0.000110221)
(-4.63257e-10 -8.25332e-10 0.000109181)
(-5.21073e-10 4.10715e-10 9.01087e-05)
(4.22466e-10 -8.58112e-10 9.01089e-05)
(6.47921e-10 -4.29266e-10 0.000109181)
(6.73434e-10 8.63307e-10 0.000110221)
(4.9893e-11 -8.97363e-10 0.000110258)
(-2.81825e-10 6.62722e-11 0.000110259)
(-1.47322e-10 3.00509e-10 0.000110259)
(-4.06521e-10 -3.56798e-10 0.000110259)
(-2.55934e-10 4.23013e-10 0.000110221)
(-4.66709e-10 -3.67728e-10 0.000109181)
(-2.72438e-10 -1.47934e-09 9.01086e-05)
(-1.47124e-09 -2.36322e-09 8.61144e-05)
(-1.45499e-10 -2.74116e-10 0.000108472)
(4.29207e-10 3.33747e-10 0.000110154)
(-1.83852e-10 3.15291e-10 0.000110253)
(8.7327e-12 5.43301e-10 0.000110258)
(-1.96711e-10 2.11729e-10 0.000110258)
(-1.50395e-10 -2.09477e-10 0.000110253)
(-1.45728e-09 2.59661e-10 0.000110155)
(-1.50978e-09 7.26902e-10 0.000108471)
(6.20244e-10 -2.61951e-09 8.61138e-05)
(1.2136e-10 1.24919e-10 7.4577e-05)
(8.52525e-10 -1.48613e-09 0.000105092)
(4.17522e-10 1.10022e-10 0.000109578)
(-6.43123e-11 1.5454e-09 0.000110138)
(2.11831e-10 9.53024e-10 0.000110212)
(1.13383e-10 1.43498e-09 0.000110212)
(-1.01679e-10 8.8968e-10 0.000110138)
(-1.00239e-09 9.98817e-10 0.000109579)
(-1.72955e-09 -1.09124e-09 0.000105092)
(3.12497e-10 -4.02228e-09 7.45767e-05)
(3.96657e-10 -1.97421e-09 4.91147e-05)
(-1.10996e-09 -1.50864e-09 9.01633e-05)
(-1.67377e-09 1.24861e-09 0.000104249)
(-4.34871e-10 1.03708e-09 0.000108045)
(-1.37396e-10 1.06069e-09 0.000108884)
(8.42127e-10 1.07743e-09 0.000108884)
(1.90519e-09 -1.13157e-10 0.000108045)
(4.47255e-09 1.1694e-09 0.000104249)
(4.49573e-09 -1.02745e-09 9.01633e-05)
(4.79578e-09 -7.17788e-09 4.91151e-05)
(-6.69687e-09 -5.18761e-09 1.90953e-05)
(-5.66911e-09 -1.87906e-09 4.60046e-05)
(-2.95135e-09 2.44427e-10 7.03553e-05)
(-1.77729e-09 -1.41004e-10 8.27217e-05)
(-7.3043e-10 4.71454e-10 8.68812e-05)
(2.54721e-10 -4.00736e-10 8.68807e-05)
(9.51448e-10 -1.59062e-09 8.27218e-05)
(3.08973e-11 9.50061e-12 7.03553e-05)
(2.39347e-09 1.24285e-09 4.60051e-05)
(7.22639e-09 -5.64022e-09 1.90954e-05)
(-4.14638e-09 2.44301e-09 1.90953e-05)
(5.99731e-09 -7.03333e-09 4.60048e-05)
(3.06419e-09 7.81511e-10 7.03552e-05)
(-4.57153e-10 9.25743e-10 8.27219e-05)
(8.8814e-10 -1.26631e-10 8.68812e-05)
(-1.03337e-09 -3.51908e-12 8.68809e-05)
(1.2199e-09 1.61248e-09 8.27216e-05)
(-2.62547e-09 1.84683e-09 7.03549e-05)
(-6.90089e-09 -7.0174e-09 4.60044e-05)
(2.10029e-09 7.21737e-10 1.90949e-05)
(-7.3773e-10 2.88482e-09 4.91149e-05)
(-1.53026e-09 -3.23131e-09 9.01635e-05)
(-2.49841e-09 4.62597e-10 0.000104249)
(-2.84307e-10 7.08944e-10 0.000108045)
(-1.24699e-09 -7.64175e-10 0.000108884)
(6.87965e-10 -1.05967e-09 0.000108884)
(-1.14107e-09 1.02904e-09 0.000108045)
(1.54545e-09 9.33674e-10 0.000104248)
(-2.49123e-11 -3.62849e-09 9.01631e-05)
(-1.46735e-09 -1.90039e-10 4.91149e-05)
(1.03053e-09 1.62578e-09 7.45767e-05)
(-6.22181e-10 9.94594e-10 0.000105092)
(-1.18377e-09 -5.55039e-10 0.000109578)
(5.6727e-10 -6.81572e-10 0.000110138)
(-5.78506e-10 -9.39243e-10 0.000110212)
(-1.86934e-10 -1.20301e-09 0.000110211)
(-3.55168e-10 -1.02321e-09 0.000110137)
(1.45824e-09 -1.76444e-09 0.000109578)
(1.99581e-09 7.57008e-10 0.000105092)
(-9.0195e-11 1.03952e-09 7.45772e-05)
(5.05126e-12 1.10512e-09 8.61136e-05)
(1.1259e-09 -3.49963e-10 0.000108471)
(1.47599e-09 -1.95503e-10 0.000110155)
(5.80664e-10 -5.77648e-10 0.000110253)
(1.82803e-10 -5.40032e-10 0.000110258)
(2.33309e-11 -2.08187e-10 0.000110258)
(-7.55199e-10 -1.07321e-09 0.000110253)
(-1.04757e-09 -1.14121e-09 0.000110155)
(-9.00945e-10 -1.05279e-09 0.000108471)
(9.72804e-11 1.29386e-09 8.6114e-05)
(-5.19284e-11 5.45019e-10 9.01087e-05)
(6.03495e-11 -7.92565e-10 0.000109181)
(-2.00855e-10 2.54144e-11 0.000110221)
(-3.33065e-10 -7.51097e-10 0.000110258)
(2.13792e-11 -1.39183e-10 0.000110259)
(-3.68968e-11 1.39802e-10 0.000110259)
(2.05682e-10 -3.90763e-10 0.000110258)
(-1.22216e-10 -4.55293e-10 0.000110221)
(-8.12944e-10 -1.01817e-09 0.000109181)
(-1.70014e-10 3.66445e-10 9.01088e-05)
(-5.78103e-10 2.31473e-10 9.0109e-05)
(9.49873e-11 -3.42785e-10 0.000109181)
(3.62077e-10 8.51959e-10 0.000110221)
(-2.16746e-10 -2.83583e-10 0.000110258)
(4.15603e-10 -4.07716e-11 0.000110259)
(2.33335e-10 3.0634e-10 0.000110259)
(4.08789e-10 -1.31137e-10 0.000110258)
(-8.65482e-11 3.83428e-10 0.000110221)
(-4.40113e-10 -6.54257e-10 0.000109181)
(6.26354e-11 5.33007e-10 9.01091e-05)
(3.05149e-10 1.4939e-09 8.61143e-05)
(8.96531e-10 -1.03588e-09 0.000108471)
(1.13536e-09 1.28068e-09 0.000110155)
(3.55736e-10 4.01712e-10 0.000110253)
(3.48151e-10 2.67622e-10 0.000110258)
(-5.85162e-10 2.89616e-10 0.000110258)
(1.34347e-10 -3.60397e-10 0.000110253)
(-6.85152e-10 8.96638e-10 0.000110155)
(-3.26491e-10 -2.03708e-09 0.000108471)
(3.21615e-10 9.12662e-10 8.61142e-05)
(1.69862e-09 4.68081e-10 7.4577e-05)
(8.95974e-10 -2.48381e-09 0.000105093)
(3.02836e-10 1.9202e-09 0.000109578)
(2.35984e-10 4.47429e-10 0.000110138)
(6.58887e-10 6.27197e-10 0.000110212)
(1.24766e-10 2.68817e-10 0.000110212)
(1.59027e-10 7.2935e-10 0.000110138)
(3.38224e-10 2.34133e-09 0.000109578)
(-5.04524e-11 -2.96535e-09 0.000105092)
(-1.66981e-09 1.03144e-09 7.45768e-05)
(-9.67354e-10 -2.27358e-09 4.91147e-05)
(-2.333e-09 1.1809e-09 9.01636e-05)
(-1.28949e-09 2.09597e-09 0.000104249)
(6.62626e-10 -7.99845e-10 0.000108045)
(-5.92086e-10 5.47745e-10 0.000108884)
(6.73926e-10 8.30021e-11 0.000108884)
(-6.66142e-10 3.34826e-10 0.000108045)
(-4.31925e-10 3.37782e-09 0.000104248)
(5.95139e-10 6.69882e-11 9.0163e-05)
(-1.05046e-09 -1.09609e-09 4.91147e-05)
(-4.70836e-09 -3.6866e-09 1.90952e-05)
(1.0817e-09 3.28653e-09 4.60046e-05)
(2.47302e-09 1.42513e-09 7.03551e-05)
(7.85456e-10 -6.98568e-10 8.27219e-05)
(-4.70648e-10 1.16338e-10 8.6881e-05)
(1.52732e-10 -2.45945e-11 8.68811e-05)
(-4.73227e-10 -6.24647e-10 8.27217e-05)
(-8.19608e-10 1.11138e-09 7.03548e-05)
(1.78623e-09 7.92025e-10 4.60046e-05)
(2.55787e-09 -1.90214e-09 1.90952e-05)
(-1.19479e-08 9.00032e-09 1.90952e-05)
(-1.38435e-09 -2.18573e-09 4.60047e-05)
(-1.14013e-09 2.12944e-09 7.03554e-05)
(-4.03118e-09 1.20749e-09 8.27216e-05)
(-5.08328e-10 -2.09229e-10 8.68809e-05)
(-1.63727e-09 6.16873e-11 8.6881e-05)
(5.31391e-10 1.49803e-09 8.2722e-05)
(-2.6813e-09 1.47655e-09 7.03555e-05)
(-4.62581e-09 -5.82194e-09 4.60046e-05)
(6.33035e-09 4.02224e-09 1.9095e-05)
(-5.80237e-09 9.09701e-09 4.91146e-05)
(-4.91562e-09 3.148e-10 9.01628e-05)
(-5.07441e-09 5.87447e-10 0.000104249)
(-1.11394e-09 2.70846e-10 0.000108045)
(-6.99814e-10 -1.40115e-09 0.000108885)
(-1.06545e-10 -9.76135e-10 0.000108884)
(-1.84192e-11 6.0131e-10 0.000108045)
(4.82782e-09 1.72847e-09 0.000104249)
(1.16809e-09 -2.39931e-09 9.01631e-05)
(-1.39002e-09 1.40099e-09 4.91146e-05)
(-5.57124e-10 5.16189e-09 7.45769e-05)
(4.25406e-10 1.19295e-09 0.000105092)
(6.31857e-10 -9.22846e-10 0.000109578)
(1.73205e-09 -9.24787e-10 0.000110138)
(8.42772e-11 -3.51176e-10 0.000110212)
(-1.8936e-10 -6.40341e-10 0.000110212)
(-9.60747e-10 -8.21814e-10 0.000110138)
(2.78364e-10 -3.45566e-10 0.000109578)
(4.21209e-10 1.05261e-09 0.000105092)
(-6.82202e-10 8.02611e-10 7.45771e-05)
(-7.17432e-11 2.62518e-09 8.61142e-05)
(2.01095e-09 -1.2057e-10 0.000108471)
(1.8033e-09 3.91863e-10 0.000110154)
(4.37546e-10 -1.86627e-10 0.000110253)
(-2.61621e-11 3.2576e-10 0.000110258)
(-2.46151e-10 2.97271e-10 0.000110258)
(-2.83807e-10 2.89539e-11 0.000110253)
(-5.45509e-10 -3.90382e-11 0.000110155)
(-6.84596e-11 -3.77961e-10 0.000108472)
(9.44441e-10 1.34278e-09 8.61144e-05)
(7.16113e-10 9.84511e-10 9.01089e-05)
(1.3127e-09 -4.91751e-10 0.000109181)
(5.86615e-10 2.32653e-10 0.000110221)
(-2.78514e-11 -2.18132e-10 0.000110258)
(-2.62938e-11 1.37489e-10 0.000110259)
(2.43274e-10 -4.70459e-12 0.000110259)
(8.56925e-11 -8.06312e-12 0.000110258)
(-2.07083e-10 7.68491e-12 0.000110221)
(-4.14088e-10 -6.99685e-10 0.000109181)
(-3.15952e-11 1.00529e-09 9.01092e-05)
(6.59877e-11 6.095e-10 9.0109e-05)
(4.85824e-10 -1.82084e-10 0.000109182)
(2.15487e-10 9.60246e-10 0.000110221)
(8.82683e-11 6.99813e-11 0.000110258)
(4.82592e-11 8.32041e-10 0.000110259)
(-9.7782e-11 1.77754e-10 0.000110259)
(2.95428e-10 9.36456e-11 0.000110258)
(-1.03946e-09 1.04751e-09 0.000110221)
(-9.38891e-10 -1.1038e-09 0.000109181)
(1.90346e-10 -1.63569e-10 9.0109e-05)
(-1.15571e-09 -1.48556e-10 8.61143e-05)
(2.05758e-10 -1.06477e-09 0.000108472)
(9.13261e-10 1.32641e-09 0.000110155)
(-6.74689e-11 2.81495e-10 0.000110253)
(2.01701e-10 4.37786e-10 0.000110258)
(-4.90728e-10 2.41666e-10 0.000110258)
(4.04093e-10 -1.05792e-10 0.000110253)
(-1.37335e-09 1.41859e-09 0.000110155)
(-2.01142e-10 -2.55764e-09 0.000108472)
(1.15592e-09 7.37068e-14 8.61144e-05)
(8.97745e-10 9.79014e-10 7.45773e-05)
(2.69079e-10 -3.78445e-09 0.000105092)
(1.24916e-09 2.03052e-09 0.000109578)
(2.20399e-11 6.23807e-10 0.000110138)
(-5.09232e-11 8.33808e-10 0.000110212)
(-4.89534e-10 9.51344e-10 0.000110211)
(-4.64286e-10 1.34996e-09 0.000110137)
(-1.25111e-09 2.45322e-09 0.000109578)
(-1.20142e-09 -4.43739e-09 0.000105092)
(-1.30927e-09 -1.38116e-10 7.45777e-05)
(-2.79997e-11 -2.1311e-09 4.91152e-05)
(-4.03458e-09 -3.51395e-09 9.01634e-05)
(-2.86341e-09 1.63249e-09 0.000104249)
(-6.51986e-10 3.00827e-10 0.000108045)
(-6.39703e-10 1.06658e-09 0.000108884)
(2.26281e-10 1.06365e-09 0.000108884)
(7.85264e-10 3.62215e-10 0.000108045)
(3.9725e-09 1.90554e-09 0.000104249)
(4.24249e-09 -3.5286e-09 9.01629e-05)
(1.41451e-09 -4.7067e-09 4.91149e-05)
(-6.65838e-09 -5.13815e-09 1.90952e-05)
(-5.40034e-09 -1.69093e-09 4.60049e-05)
(-2.00143e-09 -2.34413e-11 7.03554e-05)
(-1.239e-09 -6.99904e-10 8.27216e-05)
(-1.26781e-09 1.6051e-10 8.68808e-05)
(5.54973e-10 5.73449e-12 8.68812e-05)
(1.00749e-09 -1.42757e-09 8.27213e-05)
(2.02774e-09 -1.61863e-10 7.03549e-05)
(4.43303e-09 -1.14903e-09 4.60042e-05)
(4.16194e-09 -3.68025e-09 1.90951e-05)
(-9.30041e-09 5.26436e-09 1.90951e-05)
(4.9358e-09 -6.02838e-09 4.60047e-05)
(2.30998e-09 1.3009e-09 7.03548e-05)
(-2.18308e-09 5.22558e-10 8.27212e-05)
(1.46245e-09 9.2793e-11 8.68805e-05)
(-7.90065e-10 -2.13552e-10 8.68806e-05)
(2.71796e-09 1.1632e-09 8.27218e-05)
(-2.94384e-10 2.69095e-09 7.03552e-05)
(-3.85298e-09 -5.07769e-09 4.60047e-05)
(4.70429e-09 3.42427e-09 1.90953e-05)
(-1.01218e-09 2.85848e-09 4.9115e-05)
(5.63004e-10 -3.08842e-09 9.01627e-05)
(-3.83607e-09 2.5214e-09 0.000104249)
(-1.19414e-09 -2.60816e-10 0.000108045)
(-3.89714e-10 2.72708e-11 0.000108884)
(-2.20484e-10 -7.60879e-10 0.000108884)
(-3.43695e-11 -8.68924e-11 0.000108045)
(2.42205e-09 3.03449e-09 0.000104249)
(-1.18594e-09 -4.79375e-09 9.0163e-05)
(1.62667e-09 3.67163e-09 4.91151e-05)
(8.78264e-10 1.84742e-09 7.45773e-05)
(2.41155e-10 -6.41158e-11 0.000105092)
(-1.90476e-09 2.22877e-09 0.000109579)
(2.83993e-10 -2.07978e-09 0.000110138)
(-1.2522e-10 -3.80106e-10 0.000110211)
(2.67444e-10 -8.02521e-10 0.000110212)
(-3.84505e-10 -1.88655e-09 0.000110138)
(1.47663e-09 2.15422e-09 0.000109579)
(-8.31449e-10 -1.00194e-09 0.000105092)
(-1.96625e-09 1.81616e-10 7.45772e-05)
(4.89007e-10 5.38101e-10 8.61147e-05)
(1.08278e-09 -7.00903e-10 0.000108472)
(1.73762e-09 1.56976e-09 0.000110155)
(1.12267e-09 -1.27518e-09 0.000110253)
(-3.86428e-10 -5.99172e-10 0.000110258)
(1.22795e-10 -3.14375e-10 0.000110258)
(-1.82894e-09 -1.03257e-09 0.000110253)
(-1.60984e-09 1.3575e-09 0.000110155)
(-5.75397e-10 -1.80788e-10 0.000108472)
(-5.88689e-10 -3.23232e-10 8.61148e-05)
(8.48666e-10 6.51524e-10 9.01093e-05)
(8.70262e-10 -2.48616e-10 0.000109182)
(8.26502e-10 8.16126e-10 0.000110221)
(5.20634e-10 -1.52648e-10 0.000110258)
(-4.36054e-10 1.14139e-10 0.000110259)
(3.72007e-10 -6.36897e-12 0.000110259)
(-4.79831e-10 -3.88028e-10 0.000110259)
(-5.00539e-10 1.48161e-11 0.000110221)
(8.6353e-11 -6.06114e-10 0.000109182)
(-3.33268e-10 -1.31927e-10 9.01094e-05)
(7.26505e-10 -1.2088e-10 9.01091e-05)
(3.28507e-10 -6.8319e-11 0.000109182)
(1.11577e-10 6.491e-10 0.000110221)
(1.91997e-10 8.39131e-11 0.000110258)
(-4.73311e-10 -1.43197e-10 0.000110259)
(-1.47616e-10 -2.2614e-10 0.00011026)
(-8.46001e-11 -4.66473e-10 0.000110258)
(-4.66177e-10 2.62627e-10 0.000110221)
(-5.42527e-10 -6.77643e-10 0.000109182)
(-1.6689e-10 -7.84536e-10 9.01093e-05)
(-3.03261e-10 -5.19348e-10 8.61142e-05)
(1.03244e-09 1.69453e-10 0.000108472)
(1.26258e-09 4.0096e-10 0.000110154)
(-6.38839e-11 1.47989e-10 0.000110253)
(5.31398e-11 -1.56397e-10 0.000110258)
(-1.18412e-10 -3.96715e-10 0.000110258)
(-5.77344e-10 -6.96263e-12 0.000110253)
(-1.56124e-09 7.98401e-10 0.000110155)
(-2.25377e-09 8.53983e-12 0.000108472)
(-4.64471e-10 -1.91703e-09 8.61145e-05)
(3.06434e-10 -1.17846e-09 7.45769e-05)
(4.01534e-10 -7.642e-10 0.000105092)
(-1.06131e-09 8.64941e-10 0.000109578)
(-5.9033e-10 2.21349e-10 0.000110138)
(4.4144e-10 4.13813e-10 0.000110211)
(-1.1404e-10 1.7181e-10 0.000110211)
(2.592e-10 8.87786e-10 0.000110138)
(3.86308e-10 2.19399e-09 0.000109579)
(-1.10658e-09 -2.75903e-10 0.000105093)
(1.41609e-10 -3.45383e-09 7.45778e-05)
(-1.29528e-09 -2.79808e-09 4.91148e-05)
(-8.53463e-10 1.997e-09 9.01637e-05)
(-2.29108e-10 2.51853e-09 0.000104249)
(1.89122e-10 -1.32199e-09 0.000108044)
(-4.6376e-10 -3.39025e-10 0.000108884)
(-3.96825e-11 -1.07945e-10 0.000108884)
(-6.17354e-10 -5.61138e-10 0.000108045)
(9.84189e-10 2.58408e-09 0.000104249)
(2.44888e-09 7.35075e-10 9.01639e-05)
(3.46914e-09 -5.34157e-09 4.91157e-05)
(-1.19193e-09 -1.06315e-09 1.90952e-05)
(2.1576e-09 3.6733e-09 4.60048e-05)
(3.55324e-09 2.15898e-09 7.03548e-05)
(2.03425e-09 -1.06143e-09 8.27206e-05)
(5.26428e-10 -5.36801e-10 8.688e-05)
(4.00575e-10 -5.21019e-10 8.68801e-05)
(2.77999e-10 -1.41706e-09 8.27208e-05)
(-1.28256e-09 6.72224e-10 7.03549e-05)
(1.08383e-09 1.75998e-09 4.60046e-05)
(6.07179e-09 -4.38033e-09 1.90954e-05)
(-1.04259e-09 1.55655e-09 1.9095e-05)
(-2.0001e-09 1.06417e-09 4.60048e-05)
(-2.00753e-09 -1.84843e-11 7.03556e-05)
(6.34806e-11 -4.76558e-10 8.27221e-05)
(-2.44627e-10 7.62558e-10 8.68814e-05)
(-9.31814e-10 6.93989e-10 8.68814e-05)
(-2.10895e-09 2.29868e-10 8.27219e-05)
(-2.78034e-09 -1.61577e-09 7.03555e-05)
(-2.20955e-09 -8.35027e-10 4.6005e-05)
(-2.45099e-09 -1.78847e-09 1.90958e-05)
(-1.0543e-09 3.04388e-10 4.91149e-05)
(-6.07066e-10 2.34355e-09 9.01628e-05)
(-9.69069e-10 6.03741e-10 0.000104249)
(-1.60976e-09 -9.17176e-10 0.000108046)
(-1.89974e-10 -5.23168e-10 0.000108885)
(-3.50662e-10 2.42994e-10 0.000108885)
(3.03696e-10 -4.41415e-11 0.000108046)
(-1.93199e-10 2.33258e-10 0.000104249)
(-9.06686e-10 -9.60731e-11 9.01629e-05)
(-1.43214e-09 -1.79557e-09 4.91152e-05)
(-7.75378e-10 3.33767e-10 7.45769e-05)
(-2.56988e-10 1.66861e-09 0.000105092)
(1.07761e-09 9.65154e-10 0.000109578)
(2.97043e-10 -1.2765e-09 0.000110138)
(1.02898e-10 -1.16111e-09 0.000110212)
(9.98885e-11 -6.01447e-10 0.000110212)
(-5.60075e-10 -7.25243e-10 0.000110138)
(-1.67355e-10 1.09223e-09 0.000109578)
(4.67424e-10 2.53715e-11 0.000105093)
(7.27531e-10 1.35068e-10 7.45776e-05)
(-1.76687e-10 1.43426e-09 8.61137e-05)
(-2.86778e-10 2.49052e-10 0.000108472)
(3.17087e-11 5.49057e-10 0.000110155)
(1.15183e-10 -7.94044e-10 0.000110253)
(-3.21744e-10 1.74977e-11 0.000110258)
(2.31237e-10 -3.80156e-10 0.000110258)
(-4.97048e-10 -7.35503e-11 0.000110253)
(-3.57675e-10 3.00871e-10 0.000110155)
(-3.41259e-10 -4.49887e-10 0.000108471)
(-5.01559e-10 3.87865e-10 8.61142e-05)
(4.8002e-10 4.86568e-10 9.0109e-05)
(3.33292e-10 3.1646e-10 0.000109181)
(5.1523e-10 1.60764e-10 0.000110221)
(7.42888e-10 -1.30649e-10 0.000110258)
(8.64932e-11 -4.19697e-10 0.00011026)
(4.96665e-10 -3.44042e-10 0.00011026)
(1.20148e-11 -3.60872e-10 0.000110258)
(1.65889e-10 2.86519e-10 0.000110221)
(4.61357e-11 -4.15158e-10 0.000109181)
(-6.38878e-10 -1.79409e-11 9.01089e-05)
(4.70449e-10 7.27277e-10 9.01087e-05)
(2.64235e-10 -3.2107e-10 0.000109181)
(2.76511e-10 3.90977e-10 0.000110221)
(1.45966e-10 -7.35855e-10 0.000110258)
(-1.98121e-10 -4.74526e-10 0.000110259)
(-1.20304e-10 1.16564e-10 0.000110259)
(-2.17754e-10 -2.73665e-10 0.000110258)
(1.18527e-10 1.71834e-10 0.000110221)
(-3.71136e-10 -3.81033e-10 0.000109181)
(-6.99232e-10 9.34798e-10 9.01089e-05)
(7.96447e-10 7.18752e-10 8.61141e-05)
(5.11837e-10 1.37309e-10 0.000108471)
(1.57275e-10 3.59197e-10 0.000110155)
(2.10085e-10 -2.28217e-10 0.000110253)
(5.78446e-11 -3.65684e-10 0.000110258)
(4.13108e-10 -5.54972e-10 0.000110258)
(3.34122e-10 -2.52133e-10 0.000110253)
(5.15787e-10 2.62848e-10 0.000110155)
(-3.6131e-10 9.95202e-10 0.000108472)
(-1.1356e-09 9.36693e-10 8.6114e-05)
(9.718e-12 2.79172e-10 7.45773e-05)
(-1.63069e-09 -3.24037e-10 0.000105092)
(-1.62521e-09 2.88195e-10 0.000109578)
(-6.20704e-10 5.32382e-10 0.000110137)
(-2.99177e-10 -1.4192e-10 0.000110211)
(-2.51986e-10 -8.84544e-10 0.000110212)
(-4.40413e-11 -2.78991e-10 0.000110138)
(8.35058e-10 3.18795e-10 0.000109578)
(5.71752e-10 1.39334e-09 0.000105093)
(6.01746e-10 -1.6729e-10 7.45772e-05)
(9.22411e-10 1.30849e-09 4.91149e-05)
(-1.19893e-10 2.46741e-09 9.01627e-05)
(-1.27131e-09 -1.04951e-10 0.000104248)
(-2.91782e-10 -1.05885e-09 0.000108045)
(-1.64185e-10 -3.85038e-10 0.000108884)
(-5.14832e-10 -1.02094e-09 0.000108885)
(-1.06111e-09 -1.77483e-09 0.000108046)
(2.37629e-10 -1.01675e-09 0.000104249)
(-2.11334e-09 4.11809e-09 9.0163e-05)
(-2.88508e-09 3.55478e-09 4.9115e-05)
(3.91855e-10 7.68476e-10 1.90953e-05)
(6.19275e-09 4.94853e-09 4.60047e-05)
(4.55014e-09 4.79339e-10 7.03555e-05)
(1.90981e-09 -7.06317e-10 8.2722e-05)
(1.11486e-09 -6.87801e-10 8.68814e-05)
(-4.06145e-10 -1.0744e-09 8.68812e-05)
(-1.76758e-09 -1.93072e-09 8.27222e-05)
(-5.60568e-09 1.04366e-10 7.03558e-05)
(-7.63529e-09 5.60393e-09 4.60049e-05)
(-3.0132e-09 3.32078e-09 1.90952e-05)
(-1.11576e-08 8.28078e-09 1.90959e-05)
(3.8207e-09 -6.72198e-09 4.60051e-05)
(-6.74997e-11 1.2775e-09 7.03557e-05)
(-3.20406e-09 5.36882e-10 8.27227e-05)
(1.92585e-09 7.48676e-11 8.68816e-05)
(-1.32427e-09 4.76936e-10 8.68819e-05)
(2.93319e-09 1.45736e-09 8.27219e-05)
(-4.02977e-10 1.84634e-09 7.03552e-05)
(-4.91864e-09 -7.6127e-09 4.60047e-05)
(7.23892e-09 5.17884e-09 1.90954e-05)
(-4.82952e-09 7.68799e-09 4.91151e-05)
(9.01001e-11 -4.82044e-09 9.01638e-05)
(-3.6407e-09 1.67911e-09 0.000104249)
(-9.16073e-10 -1.0616e-09 0.000108046)
(5.35802e-11 -1.26879e-09 0.000108884)
(5.1575e-10 -9.96082e-10 0.000108885)
(1.62277e-09 2.42909e-10 0.000108046)
(5.19782e-09 3.27713e-09 0.000104249)
(1.04075e-09 -3.90077e-09 9.01636e-05)
(3.89182e-09 6.45693e-09 4.9115e-05)
(-4.74742e-10 4.16258e-09 7.45776e-05)
(4.85803e-10 -1.7928e-09 0.000105093)
(-9.45925e-10 1.51486e-09 0.000109578)
(6.7783e-10 -2.45295e-09 0.000110137)
(-6.18988e-10 -9.05383e-10 0.000110212)
(-3.598e-10 -1.03942e-09 0.000110211)
(-1.54277e-09 -1.95776e-09 0.000110137)
(1.76221e-10 2.49404e-09 0.000109578)
(-1.36379e-09 -7.44714e-11 0.000105093)
(-1.26609e-09 2.10501e-09 7.45778e-05)
(-3.47021e-10 3.65988e-09 8.6114e-05)
(3.44586e-10 -1.15547e-09 0.000108472)
(8.82265e-10 3.80609e-10 0.000110155)
(8.42228e-10 -7.36079e-10 0.000110253)
(-5.13113e-10 1.18978e-10 0.000110258)
(-5.14308e-10 -8.46414e-11 0.000110258)
(-1.53339e-09 -5.13956e-10 0.000110253)
(-7.27443e-10 1.36947e-09 0.000110155)
(8.09499e-11 -1.17768e-09 0.000108472)
(3.12026e-10 2.95e-10 8.61143e-05)
(1.21447e-09 1.80575e-09 9.01091e-05)
(7.46849e-10 -4.6641e-10 0.000109181)
(-7.47097e-11 -1.64551e-10 0.000110221)
(5.4025e-11 -3.82025e-10 0.000110258)
(-3.07212e-10 -3.50722e-10 0.000110259)
(3.74642e-10 -3.60277e-10 0.000110259)
(-1.7689e-10 1.21938e-10 0.000110258)
(2.20759e-10 2.12738e-11 0.000110221)
(7.55592e-12 -5.77013e-10 0.000109181)
(-5.927e-10 3.99018e-10 9.01089e-05)
(1.08985e-09 5.30438e-10 9.01091e-05)
(4.54421e-10 -2.07334e-10 0.000109181)
(-5.46054e-10 2.00305e-10 0.000110221)
(4.56536e-11 -3.44324e-10 0.000110258)
(1.19613e-10 1.2577e-10 0.000110259)
(3.73706e-10 -3.10985e-10 0.000110259)
(-2.9006e-10 -3.54955e-10 0.000110258)
(-1.83779e-10 1.79254e-10 0.000110221)
(-3.81224e-10 -2.88042e-11 0.000109181)
(-6.93941e-10 -1.00883e-09 9.0109e-05)
(-6.23407e-10 -7.84097e-10 8.61142e-05)
(6.37711e-10 5.36953e-10 0.000108471)
(6.37058e-10 1.87053e-10 0.000110155)
(7.78375e-11 -5.31543e-10 0.000110253)
(4.32505e-10 1.0169e-10 0.000110258)
(1.96423e-10 2.00795e-10 0.000110258)
(-2.9466e-10 1.46074e-10 0.000110253)
(-1.65991e-09 2.78796e-10 0.000110155)
(-1.47588e-09 2.08119e-10 0.000108471)
(3.16241e-10 -2.51277e-09 8.61139e-05)
(6.51349e-10 8.30528e-11 7.45774e-05)
(2.26862e-09 -6.04549e-10 0.000105092)
(8.32407e-10 9.23441e-10 0.000109578)
(-1.41088e-10 1.02695e-10 0.000110138)
(6.28245e-10 2.7401e-12 0.000110212)
(-5.88579e-10 8.4069e-10 0.000110212)
(-1.11611e-09 2.05232e-09 0.000110138)
(-1.74945e-09 1.26604e-09 0.000109578)
(-1.72857e-09 -1.57063e-09 0.000105092)
(1.11022e-09 -4.42447e-09 7.45766e-05)
(1.58857e-09 -1.55094e-09 4.9115e-05)
(6.67155e-10 -3.0458e-10 9.01631e-05)
(-5.18127e-10 2.30673e-09 0.000104248)
(-4.58049e-10 4.55231e-10 0.000108046)
(-5.10622e-10 3.10231e-10 0.000108885)
(6.62126e-10 2.1204e-10 0.000108885)
(9.97794e-10 3.29851e-10 0.000108046)
(3.03165e-09 9.16188e-10 0.000104249)
(3.21266e-09 -1.73775e-09 9.01631e-05)
(3.35196e-09 -6.10751e-09 4.91145e-05)
(-5.84174e-09 -4.62341e-09 1.90953e-05)
(-2.12358e-09 2.96342e-10 4.60049e-05)
(2.82496e-10 1.20738e-09 7.03557e-05)
(6.43036e-10 -1.17186e-10 8.27231e-05)
(2.73388e-10 -1.22099e-10 8.68824e-05)
(-1.99568e-10 -2.93779e-10 8.68824e-05)
(1.40031e-09 -1.31786e-09 8.2723e-05)
(4.80763e-10 -4.02443e-10 7.03563e-05)
(2.50756e-09 4.63491e-10 4.60053e-05)
(8.323e-09 -5.97296e-09 1.90954e-05)
(-1.33944e-08 8.53387e-09 1.90955e-05)
(-3.91207e-09 -1.85372e-09 4.60053e-05)
(6.92046e-10 1.00697e-09 7.0355e-05)
(-3.18815e-09 1.16956e-09 8.27217e-05)
(-4.79308e-11 -4.52585e-10 8.68808e-05)
(-4.47691e-10 2.51041e-12 8.68809e-05)
(2.17975e-09 1.44643e-09 8.27217e-05)
(-8.56546e-10 3.01489e-09 7.03548e-05)
(-5.15829e-09 -6.19921e-09 4.60047e-05)
(7.30957e-09 5.48609e-09 1.90951e-05)
(-3.30758e-09 7.19172e-09 4.91155e-05)
(-8.20236e-10 -1.42202e-09 9.0164e-05)
(-1.16297e-09 -2.31804e-10 0.000104249)
(5.0127e-10 2.39875e-10 0.000108045)
(-5.36862e-10 -1.65143e-09 0.000108884)
(3.21263e-10 -1.83036e-09 0.000108884)
(-1.07235e-10 2.00485e-10 0.000108045)
(4.33537e-09 2.39416e-09 0.000104249)
(1.14437e-09 -1.88578e-09 9.01637e-05)
(-1.28769e-10 2.92057e-09 4.91152e-05)
(7.91941e-10 3.24377e-09 7.45775e-05)
(1.34556e-09 6.71037e-10 0.000105093)
(3.98654e-10 -1.10211e-09 0.000109578)
(1.11259e-09 -4.98909e-10 0.000110137)
(-2.25728e-10 -6.66711e-10 0.000110212)
(-5.87937e-10 -1.05923e-09 0.000110211)
(-1.21829e-09 -6.45983e-10 0.000110137)
(1.89228e-10 -2.31838e-10 0.000109579)
(8.88926e-12 1.50564e-09 0.000105093)
(-1.28807e-09 5.16543e-10 7.45775e-05)
(-1.29792e-10 2.15082e-09 8.61142e-05)
(1.01214e-09 -2.37907e-10 0.000108472)
(6.11255e-10 -1.95909e-10 0.000110155)
(-3.32455e-11 1.77517e-10 0.000110253)
(-8.79186e-10 3.73316e-10 0.000110258)
(-9.5991e-10 1.39632e-10 0.000110258)
(-7.01891e-10 -1.95801e-12 0.000110253)
(-1.42113e-09 2.11891e-11 0.000110155)
(-7.73661e-10 -4.50585e-10 0.000108472)
(4.25212e-10 8.25623e-10 8.61149e-05)
(4.27987e-10 1.45704e-09 9.01093e-05)
(8.72865e-10 -3.03337e-10 0.000109181)
(1.39085e-10 2.517e-10 0.000110221)
(-2.79562e-10 -2.41685e-10 0.000110258)
(-3.02774e-10 -1.54258e-10 0.000110259)
(-5.00881e-12 -1.15263e-10 0.000110259)
(-2.09053e-11 -4.61422e-10 0.000110258)
(1.59611e-10 -8.33505e-11 0.000110221)
(-3.74694e-10 -5.38453e-10 0.000109181)
(-6.30181e-10 8.25217e-10 9.01095e-05)
(6.27079e-11 8.64628e-10 9.01096e-05)
(8.06991e-10 -5.51636e-10 0.000109181)
(4.34727e-10 9.52171e-10 0.000110221)
(-2.51733e-10 -7.19688e-10 0.000110258)
(1.39151e-10 -1.27619e-10 0.00011026)
(2.52769e-11 3.97984e-10 0.00011026)
(1.46668e-10 -1.52724e-10 0.000110258)
(-6.0755e-10 8.59283e-10 0.000110221)
(-6.07901e-10 -1.13705e-09 0.000109181)
(4.37428e-11 6.12878e-11 9.01097e-05)
(-1.05379e-09 -2.05158e-10 8.61144e-05)
(4.3009e-10 -1.56912e-09 0.000108472)
(1.20539e-09 1.49684e-09 0.000110155)
(-2.08304e-10 -1.02424e-09 0.000110253)
(6.3508e-10 -1.19825e-10 0.000110258)
(-1.21552e-10 5.37168e-10 0.000110258)
(-8.6738e-11 -3.97341e-10 0.000110253)
(-1.84008e-09 1.09304e-09 0.000110155)
(-6.9393e-10 -1.9007e-09 0.000108472)
(9.59585e-10 -5.17755e-11 8.61145e-05)
(1.43052e-09 1.23495e-09 7.45769e-05)
(4.08532e-10 -3.36831e-09 0.000105093)
(9.63329e-10 2.40246e-09 0.000109578)
(4.11251e-10 -7.82272e-11 0.000110138)
(3.43536e-10 2.43579e-10 0.000110212)
(-4.27424e-10 1.13664e-09 0.000110212)
(-8.89537e-10 1.22738e-09 0.000110138)
(-8.2284e-10 2.4291e-09 0.000109579)
(-2.82777e-10 -3.6914e-09 0.000105092)
(-9.04258e-10 -7.01948e-10 7.45768e-05)
(9.79628e-10 -1.94096e-09 4.91145e-05)
(-1.42002e-09 -1.74299e-09 9.01631e-05)
(-8.02111e-10 2.74127e-09 0.000104249)
(6.87496e-10 -8.59966e-11 0.000108046)
(-1.26711e-10 7.09533e-10 0.000108885)
(4.79807e-10 1.39833e-09 0.000108885)
(7.13159e-10 7.13755e-10 0.000108046)
(3.23797e-09 2.46859e-09 0.000104249)
(4.06941e-09 -1.74449e-09 9.01636e-05)
(2.28213e-09 -4.29019e-09 4.91148e-05)
(-6.63611e-09 -5.22674e-09 1.90954e-05)
(-3.10464e-09 -2.11156e-10 4.60049e-05)
(-2.58197e-10 1.01064e-09 7.03555e-05)
(-1.07375e-09 -8.70192e-10 8.27229e-05)
(-1.37184e-09 3.11136e-10 8.68818e-05)
(-7.80816e-11 5.20929e-10 8.68818e-05)
(2.88773e-10 -6.05179e-10 8.27225e-05)
(-1.42304e-10 5.57499e-10 7.03556e-05)
(1.16053e-09 1.77218e-09 4.60052e-05)
(3.65916e-09 -2.56634e-09 1.90956e-05)
(-1.34113e-08 1.03e-08 1.90949e-05)
(-7.54509e-10 -4.04749e-09 4.60045e-05)
(5.39452e-10 6.61556e-10 7.03544e-05)
(-1.33492e-09 7.2615e-10 8.27209e-05)
(7.03087e-10 -6.13134e-11 8.6881e-05)
(-2.02336e-09 4.60161e-10 8.68809e-05)
(5.3005e-10 1.49879e-09 8.27217e-05)
(-2.72208e-09 1.75244e-09 7.03554e-05)
(-6.59146e-09 -8.36043e-09 4.60051e-05)
(5.58465e-09 3.58324e-09 1.90954e-05)
(-4.64891e-09 9.01499e-09 4.91153e-05)
(-2.17102e-09 -2.11872e-09 9.01636e-05)
(-3.2321e-09 -1.10709e-09 0.000104249)
(-2.24174e-10 -1.94808e-10 0.000108045)
(-1.78253e-10 -2.10604e-10 0.000108884)
(1.21362e-09 -7.01396e-10 0.000108884)
(4.62012e-12 6.38487e-10 0.000108045)
(3.67841e-09 2.41813e-09 0.000104249)
(-8.05769e-10 -4.13162e-09 9.01635e-05)
(-3.21682e-09 -3.63498e-10 4.91153e-05)
(1.33388e-09 3.73256e-09 7.45771e-05)
(2.41072e-09 8.78217e-10 0.000105092)
(9.12454e-10 -1.80364e-09 0.000109579)
(1.8936e-09 -9.92917e-10 0.000110138)
(8.89354e-10 1.7105e-10 0.000110212)
(-6.23848e-11 -4.2989e-10 0.000110212)
(-6.00059e-10 -6.51537e-10 0.000110138)
(1.07097e-09 3.52058e-10 0.000109578)
(-1.75377e-10 5.72983e-10 0.000105093)
(-1.88754e-09 -8.58403e-10 7.45772e-05)
(-2.06838e-10 2.89048e-09 8.61145e-05)
(1.22157e-09 9.39596e-10 0.000108472)
(7.99644e-10 3.39525e-10 0.000110155)
(-8.14468e-11 -2.32704e-10 0.000110253)
(-2.60807e-10 3.37226e-10 0.000110258)
(-7.63673e-10 9.99688e-12 0.000110258)
(-5.02457e-10 1.37426e-11 0.000110253)
(-1.00967e-09 -2.21968e-11 0.000110155)
(-3.14804e-10 -1.29101e-09 0.000108472)
(1.14837e-09 4.59312e-10 8.61146e-05)
(2.33183e-10 1.36441e-09 9.01092e-05)
(1.12327e-09 3.33247e-10 0.000109181)
(3.5421e-10 5.14586e-10 0.000110221)
(-2.79382e-11 -1.87099e-10 0.000110258)
(2.21949e-10 1.94504e-10 0.000110259)
(2.86542e-10 -3.80961e-10 0.00011026)
(6.2919e-10 -3.66041e-10 0.000110258)
(6.74462e-10 3.43841e-10 0.000110221)
(-1.16093e-10 -7.61842e-10 0.000109181)
(-5.66759e-10 -2.58985e-10 9.01093e-05)
(7.67917e-11 1.01434e-09 9.01095e-05)
(1.02185e-09 -2.50089e-10 0.000109181)
(6.59876e-10 4.93399e-10 0.000110221)
(1.11448e-11 8.40672e-11 0.000110258)
(2.03668e-10 7.2822e-11 0.000110259)
(-3.82962e-10 -4.08171e-10 0.000110259)
(4.87441e-11 4.27961e-13 0.000110258)
(-1.9592e-10 8.15884e-10 0.000110221)
(-1.5233e-10 -9.00169e-10 0.000109181)
(3.04454e-10 1.64195e-10 9.01091e-05)
(-8.72187e-10 -1.15661e-10 8.61145e-05)
(1.01825e-09 -9.16561e-10 0.000108472)
(1.74369e-09 1.14149e-09 0.000110155)
(3.87074e-10 -4.62836e-10 0.000110253)
(5.13902e-10 9.86217e-11 0.000110258)
(-4.87192e-10 -1.54778e-10 0.000110258)
(2.69851e-11 -5.08696e-10 0.000110253)
(-1.76645e-09 6.9835e-10 0.000110155)
(-1.09667e-09 -2.02069e-09 0.000108472)
(4.19671e-10 4.93724e-10 8.61143e-05)
(4.21795e-10 -4.17968e-10 7.4577e-05)
(3.85614e-10 -3.54299e-09 0.000105093)
(9.77055e-10 1.87445e-09 0.000109579)
(2.10609e-10 3.39463e-10 0.000110138)
(1.08637e-10 6.00738e-10 0.000110212)
(-4.60183e-10 1.10301e-09 0.000110212)
(-5.50046e-10 8.55528e-10 0.000110137)
(-1.58277e-09 2.03277e-09 0.000109578)
(-1.28659e-09 -4.24042e-09 0.000105092)
(-1.27398e-09 -4.14028e-10 7.45771e-05)
(-2.75313e-10 -3.06409e-09 4.91151e-05)
(-2.85331e-09 -2.88795e-09 9.01639e-05)
(-2.67038e-09 1.29815e-09 0.00010425)
(-9.83792e-10 6.10846e-12 0.000108045)
(-1.10043e-09 1.14049e-09 0.000108884)
(2.5928e-10 9.41633e-10 0.000108884)
(1.22622e-10 2.61131e-10 0.000108045)
(2.89596e-09 2.49528e-09 0.000104249)
(3.36265e-09 -2.23556e-09 9.01634e-05)
(2.96242e-10 -3.29595e-09 4.91154e-05)
(-3.35501e-09 -2.97154e-09 1.90956e-05)
(-3.02581e-09 -5.88954e-10 4.60051e-05)
(-9.81575e-10 1.76428e-10 7.03553e-05)
(-1.51378e-09 -1.03588e-09 8.27218e-05)
(-1.73028e-09 5.11071e-10 8.68808e-05)
(4.38164e-11 1.79162e-10 8.68808e-05)
(1.61855e-10 -1.20034e-09 8.27217e-05)
(-1.09605e-09 1.25518e-09 7.03549e-05)
(1.15167e-09 1.28842e-09 4.60045e-05)
(4.12933e-09 -3.29948e-09 1.90952e-05)
(-4.23732e-09 2.98741e-09 1.90954e-05)
(6.53628e-09 -6.99645e-09 4.60046e-05)
(2.12394e-09 1.72553e-09 7.03555e-05)
(-1.1326e-09 1.67651e-09 8.27222e-05)
(1.44917e-09 -2.4532e-10 8.68815e-05)
(-9.17488e-10 -5.6327e-10 8.68815e-05)
(1.42738e-09 8.37721e-10 8.27221e-05)
(-1.90934e-09 1.54077e-09 7.03557e-05)
(-7.19555e-09 -8.06006e-09 4.60054e-05)
(4.32344e-09 3.20407e-09 1.90956e-05)
(-1.12792e-09 2.92926e-09 4.91152e-05)
(-4.6629e-10 -4.18687e-09 9.0163e-05)
(-2.43052e-09 6.45129e-10 0.000104249)
(-1.41069e-10 1.2181e-09 0.000108045)
(-5.55723e-10 -9.15075e-10 0.000108885)
(-4.35677e-10 -1.38983e-09 0.000108884)
(-1.91185e-09 5.04125e-10 0.000108045)
(1.51944e-09 1.63072e-09 0.000104249)
(-1.23737e-09 -4.16523e-09 9.01636e-05)
(-2.20379e-09 -4.29992e-10 4.9115e-05)
(2.85401e-10 2.36524e-09 7.45774e-05)
(1.93453e-11 -4.39865e-11 0.000105093)
(-7.02109e-10 -1.81027e-09 0.000109578)
(4.24227e-10 -1.33349e-09 0.000110138)
(8.01084e-11 -7.54226e-10 0.000110212)
(-5.12783e-11 -9.83576e-10 0.000110212)
(-5.01199e-10 -6.74958e-10 0.000110138)
(1.78857e-09 -1.49635e-12 0.000109578)
(3.51262e-10 3.11968e-10 0.000105092)
(-2.36149e-09 -8.91128e-10 7.4577e-05)
(-1.12805e-10 1.7489e-09 8.61149e-05)
(1.29949e-09 -2.96972e-10 0.000108472)
(1.06959e-09 -9.92156e-10 0.000110154)
(7.29386e-11 -1.07845e-09 0.000110253)
(1.53237e-10 -2.17167e-10 0.000110258)
(2.31886e-10 9.26297e-12 0.000110258)
(-6.49127e-11 -6.68931e-10 0.000110253)
(-8.23047e-10 -1.45337e-10 0.000110155)
(-1.24249e-09 -1.70795e-09 0.000108471)
(-1.71412e-10 8.72809e-11 8.61136e-05)
(-7.28814e-12 1.46097e-09 9.01092e-05)
(6.45639e-10 -7.81975e-10 0.000109181)
(3.30595e-10 -1.39337e-10 0.00011022)
(2.18156e-11 -3.34754e-10 0.000110258)
(2.16094e-10 1.81774e-10 0.000110259)
(2.00437e-10 2.39523e-10 0.000110259)
(6.42155e-10 -6.9636e-10 0.000110258)
(5.42615e-10 5.61801e-11 0.000110221)
(3.4845e-11 -1.45727e-09 0.000109181)
(6.01287e-11 -5.47733e-10 9.01087e-05)
(-2.90855e-10 1.5435e-09 9.01094e-05)
(4.91384e-10 -1.29707e-09 0.000109182)
(6.44692e-10 4.86202e-10 0.000110221)
(-3.04873e-10 -3.33266e-10 0.000110258)
(-3.03805e-10 4.26513e-10 0.000110259)
(-1.33036e-10 -1.73101e-12 0.000110259)
(4.79302e-10 -4.29435e-10 0.000110258)
(-3.16617e-10 9.01396e-10 0.000110221)
(-9.95492e-12 -7.94685e-10 0.000109181)
(5.48512e-10 2.72615e-10 9.01085e-05)
(2.58309e-10 1.47061e-09 8.61144e-05)
(1.34892e-09 -1.80299e-09 0.000108472)
(1.07669e-09 1.2573e-09 0.000110155)
(-2.76639e-10 1.72311e-10 0.000110253)
(6.38348e-12 2.71232e-11 0.000110258)
(-4.20581e-10 3.2724e-10 0.000110258)
(4.3622e-10 3.51256e-12 0.000110253)
(-1.09926e-09 1.52855e-09 0.000110155)
(-8.30897e-10 -1.9589e-09 0.000108471)
(2.4281e-11 7.10307e-10 8.61135e-05)
(2.10714e-09 -4.11152e-10 7.45773e-05)
(7.32869e-10 -3.33709e-09 0.000105092)
(-1.06126e-10 2.59733e-09 0.000109579)
(1.23292e-10 7.03955e-10 0.000110138)
(6.41065e-11 -4.03112e-11 0.000110212)
(3.48433e-11 5.55132e-10 0.000110211)
(1.79203e-10 1.37169e-09 0.000110138)
(-4.39769e-10 3.13088e-09 0.000109578)
(-1.13723e-09 -2.75464e-09 0.000105092)
(-2.29473e-09 1.01597e-09 7.45771e-05)
(-3.87451e-10 -2.70257e-09 4.91154e-05)
(-1.61356e-09 -2.11846e-10 9.01633e-05)
(-1.38079e-09 2.20001e-09 0.000104249)
(-6.02327e-10 -5.60663e-10 0.000108045)
(-1.16804e-09 4.15256e-10 0.000108884)
(3.21978e-10 4.65464e-10 0.000108884)
(-1.21042e-09 9.77165e-10 0.000108045)
(-4.73602e-10 3.93118e-09 0.000104249)
(5.42139e-10 2.68511e-10 9.01632e-05)
(-5.15138e-10 -2.1655e-09 4.91155e-05)
(-2.5859e-09 -1.78505e-09 1.90952e-05)
(6.09136e-10 2.75134e-09 4.6005e-05)
(2.04338e-09 7.72925e-10 7.03553e-05)
(1.05507e-10 -6.60163e-10 8.27216e-05)
(-6.52797e-10 2.97573e-10 8.68809e-05)
(4.45811e-10 1.36915e-10 8.6881e-05)
(-2.65237e-10 -3.54427e-10 8.2722e-05)
(-1.04475e-09 1.06754e-09 7.03557e-05)
(6.01866e-10 1.54274e-09 4.60049e-05)
(6.18935e-09 -5.224e-09 1.90955e-05)
(-1.13013e-08 8.2899e-09 1.90954e-05)
(2.56469e-09 -5.13904e-09 4.60051e-05)
(4.93333e-10 2.11616e-09 7.03557e-05)
(-2.28951e-09 7.8318e-10 8.27223e-05)
(1.30513e-09 1.18435e-10 8.68814e-05)
(-1.64493e-09 -4.71722e-10 8.68811e-05)
(1.7225e-09 1.1279e-09 8.27221e-05)
(-1.33765e-09 1.90789e-09 7.03551e-05)
(-4.03571e-09 -5.76855e-09 4.60049e-05)
(6.57195e-09 4.4333e-09 1.90956e-05)
(-2.78304e-09 5.37717e-09 4.91148e-05)
(-3.08227e-10 -3.90369e-09 9.01636e-05)
(-4.50109e-09 3.07678e-09 0.000104249)
(-3.77465e-10 -5.94296e-10 0.000108045)
(3.36481e-10 -1.07584e-09 0.000108884)
(2.33124e-10 -7.83147e-10 0.000108884)
(9.12312e-10 -6.51065e-10 0.000108045)
(4.83784e-09 2.67181e-09 0.000104249)
(8.84252e-10 -1.93041e-09 9.01634e-05)
(7.28426e-10 4.16595e-09 4.9115e-05)
(8.05633e-10 2.98303e-09 7.45771e-05)
(8.64099e-10 -1.18211e-09 0.000105093)
(-1.10464e-09 2.2935e-09 0.000109579)
(8.90737e-10 -2.48443e-09 0.000110138)
(-1.33633e-10 -1.35623e-09 0.000110212)
(2.47238e-11 -2.99797e-10 0.000110212)
(-1.3205e-09 -2.64453e-09 0.000110138)
(1.18327e-09 2.04932e-09 0.000109579)
(-6.33009e-10 1.34334e-09 0.000105092)
(-1.5695e-09 2.16524e-09 7.45773e-05)
(1.04613e-10 2.95006e-09 8.61144e-05)
(5.32165e-10 -1.2055e-09 0.000108472)
(2.6136e-10 1.00644e-09 0.000110155)
(4.02412e-10 -1.40527e-09 0.000110253)
(-3.20415e-10 -4.04149e-10 0.000110258)
(7.70099e-10 2.51642e-10 0.000110258)
(-5.2446e-10 -9.42574e-10 0.000110253)
(-8.33904e-10 1.41586e-09 0.000110155)
(-2.11293e-10 -3.40853e-10 0.000108472)
(2.96362e-11 9.11426e-10 8.6114e-05)
(7.95049e-10 8.50869e-10 9.01092e-05)
(3.36794e-10 -4.6636e-10 0.000109181)
(-5.32573e-10 -1.84716e-11 0.000110221)
(-4.44781e-10 -2.81767e-10 0.000110258)
(-2.42525e-10 9.1884e-12 0.000110259)
(4.34302e-10 2.87247e-10 0.000110259)
(8.71373e-11 -4.55419e-10 0.000110258)
(2.58628e-10 4.45964e-10 0.000110221)
(-4.01095e-10 -1.5831e-10 0.000109181)
(-7.55568e-10 4.1251e-10 9.01089e-05)
(9.16595e-10 2.585e-10 9.01091e-05)
(9.54729e-10 -2.38223e-10 0.000109181)
(-2.10391e-10 3.70276e-10 0.000110221)
(-3.72762e-10 -3.98496e-10 0.000110259)
(8.80547e-11 3.86308e-10 0.000110259)
(4.57905e-10 3.66621e-10 0.00011026)
(1.99794e-10 -2.44407e-10 0.000110259)
(2.33081e-10 6.91492e-10 0.000110221)
(-5.05066e-10 -7.98315e-11 0.000109181)
(-7.18739e-10 -1.14971e-09 9.0109e-05)
(-1.14579e-09 -1.77687e-09 8.61146e-05)
(6.56304e-10 4.5019e-10 0.000108472)
(9.48352e-10 -3.14341e-10 0.000110155)
(9.17105e-11 -4.34069e-10 0.000110253)
(2.5463e-10 2.24111e-10 0.000110258)
(2.93868e-11 6.26868e-10 0.000110258)
(3.67866e-10 -2.55578e-10 0.000110253)
(-1.16526e-09 -9.97928e-11 0.000110155)
(-1.46702e-09 5.49866e-10 0.000108472)
(5.7779e-10 -2.62032e-09 8.61142e-05)
(4.39676e-10 -6.53185e-10 7.45777e-05)
(1.71539e-09 -1.23023e-09 0.000105093)
(9.43881e-10 -1.85636e-10 0.000109579)
(6.7636e-10 2.03187e-10 0.000110138)
(3.854e-10 7.59468e-10 0.000110212)
(4.2051e-10 1.07348e-09 0.000110212)
(5.12202e-10 1.09377e-09 0.000110138)
(-9.4083e-10 1.82173e-09 0.000109579)
(-1.82213e-09 -6.12603e-10 0.000105092)
(4.83623e-10 -3.9564e-09 7.45772e-05)
(-5.54544e-10 -3.52514e-09 4.91155e-05)
(-2.84316e-10 -9.17941e-10 9.01637e-05)
(-1.6186e-09 5.96997e-10 0.000104249)
(-1.11256e-09 -5.55425e-10 0.000108045)
(-7.24873e-10 5.43706e-10 0.000108885)
(-1.27552e-10 1.0957e-09 0.000108885)
(1.40165e-09 -1.18639e-10 0.000108045)
(2.86047e-09 2.60119e-09 0.000104249)
(2.85831e-09 -1.28526e-10 9.01633e-05)
(4.81624e-09 -7.63274e-09 4.9115e-05)
(-6.99671e-09 -5.72864e-09 1.90955e-05)
(-3.38049e-09 6.62531e-10 4.60049e-05)
(-8.04879e-10 4.01205e-10 7.0355e-05)
(-1.36137e-09 -1.04391e-09 8.27214e-05)
(-9.57961e-10 -2.6649e-10 8.6881e-05)
(5.93153e-10 -9.9189e-11 8.68809e-05)
(1.08756e-09 -1.59261e-09 8.2722e-05)
(-5.76928e-11 3.15038e-10 7.03555e-05)
(2.52239e-09 1.46511e-09 4.60051e-05)
(9.73464e-09 -7.5537e-09 1.90957e-05)
(-7.40488e-09 5.12983e-09 1.90956e-05)
(5.34899e-09 -7.85223e-09 4.60055e-05)
(1.54088e-09 1.47182e-09 7.03554e-05)
(-1.30094e-09 4.99061e-10 8.27219e-05)
(8.98509e-10 -6.83085e-10 8.68811e-05)
(1.85711e-10 -5.53458e-10 8.68812e-05)
(3.52043e-09 1.573e-09 8.27216e-05)
(-5.38087e-10 2.00482e-09 7.03546e-05)
(-3.06383e-09 -4.18563e-09 4.60045e-05)
(3.85566e-09 2.55667e-09 1.90953e-05)
(-2.41725e-09 5.1997e-09 4.91152e-05)
(-8.06034e-10 -4.53673e-09 9.01641e-05)
(-2.753e-09 2.03333e-10 0.000104249)
(2.43163e-11 2.73086e-10 0.000108045)
(-1.0864e-09 -1.15653e-09 0.000108884)
(-2.65539e-11 -6.46975e-10 0.000108884)
(-1.07665e-09 6.22798e-10 0.000108045)
(1.81811e-09 1.1509e-09 0.000104248)
(8.95044e-11 -2.36998e-09 9.0163e-05)
(2.54595e-11 2.73098e-09 4.91152e-05)
(9.47136e-10 2.28927e-09 7.4577e-05)
(-2.07764e-10 8.12753e-10 0.000105092)
(-7.52292e-10 -1.18257e-09 0.000109578)
(3.66331e-10 -1.28161e-09 0.000110138)
(-7.94572e-10 -5.7973e-10 0.000110212)
(-6.63743e-11 -4.84472e-10 0.000110212)
(-2.94673e-11 -2.69559e-10 0.000110137)
(1.07709e-09 -6.13355e-10 0.000109578)
(4.07073e-10 6.30609e-10 0.000105092)
(-4.79898e-10 1.17922e-09 7.45778e-05)
(-1.7739e-11 8.78976e-10 8.6114e-05)
(1.02465e-09 -6.40529e-10 0.000108471)
(7.16815e-10 -2.02757e-10 0.000110155)
(-9.05291e-11 -7.13853e-10 0.000110253)
(-3.06278e-12 -1.40182e-10 0.000110258)
(3.9793e-10 -2.17879e-10 0.000110258)
(7.36526e-11 -5.19607e-11 0.000110253)
(-5.49495e-10 -3.54481e-10 0.000110155)
(-8.91189e-10 -5.61737e-10 0.000108472)
(-2.4198e-10 1.07944e-09 8.61146e-05)
(-1.57935e-10 9.86429e-10 9.0109e-05)
(3.30499e-10 -7.16008e-10 0.000109181)
(4.53186e-10 4.31254e-11 0.000110221)
(-6.5269e-11 -2.49341e-10 0.000110258)
(1.01546e-10 1.85028e-10 0.000110259)
(1.38909e-10 1.96208e-10 0.000110259)
(3.03128e-10 1.46362e-10 0.000110258)
(3.45127e-11 2.55079e-11 0.000110221)
(-6.72833e-10 -5.24074e-10 0.000109181)
(-2.22304e-10 1.47332e-10 9.01092e-05)
(-1.22504e-11 1.49223e-09 9.01087e-05)
(3.12154e-10 -5.34044e-10 0.000109181)
(8.53491e-11 1.43998e-09 0.000110221)
(-3.79634e-10 -2.07251e-10 0.000110258)
(-2.22392e-11 -2.1707e-11 0.00011026)
(-6.09704e-11 -1.30919e-10 0.000110259)
(5.58084e-10 5.5346e-10 0.000110258)
(-2.24969e-10 5.67795e-10 0.000110221)
(-7.57494e-10 -1.65043e-10 0.000109181)
(4.52409e-11 6.1345e-10 9.01094e-05)
(3.33894e-10 2.22096e-09 8.6114e-05)
(1.40399e-09 -1.81478e-09 0.000108471)
(2.17504e-09 2.50328e-09 0.000110155)
(-1.92709e-10 5.11828e-10 0.000110253)
(1.12067e-10 2.29225e-12 0.000110258)
(1.18126e-10 -2.41955e-10 0.000110258)
(2.18748e-10 5.165e-11 0.000110253)
(-1.41389e-09 7.8526e-10 0.000110155)
(-7.79923e-10 -1.4207e-09 0.000108471)
(5.7847e-10 1.0437e-09 8.61146e-05)
(1.88635e-09 7.43964e-10 7.45772e-05)
(5.81246e-10 -3.39676e-09 0.000105092)
(6.43662e-10 3.35965e-09 0.000109578)
(2.65909e-10 1.01463e-09 0.000110138)
(2.49399e-10 2.83632e-10 0.000110212)
(4.61999e-11 5.29041e-10 0.000110212)
(-7.68729e-11 6.91389e-10 0.000110138)
(-9.38315e-10 2.69814e-09 0.000109579)
(-1.61374e-09 -1.4594e-09 0.000105092)
(-1.8298e-09 9.98018e-10 7.45771e-05)
(1.44719e-09 -8.18252e-10 4.91154e-05)
(-1.3829e-09 6.88525e-12 9.01639e-05)
(-1.01942e-09 3.74097e-09 0.000104249)
(4.4484e-11 -3.87023e-10 0.000108045)
(-6.14314e-10 -4.99983e-10 0.000108884)
(3.22848e-10 5.35753e-10 0.000108885)
(-7.24257e-10 5.87682e-10 0.000108045)
(-3.08287e-10 3.57173e-09 0.000104249)
(4.16906e-10 2.62895e-10 9.01634e-05)
(-1.53783e-10 -1.67659e-09 4.91144e-05)
(-1.40054e-09 -8.57901e-10 1.90956e-05)
(5.32353e-10 2.41685e-09 4.60049e-05)
(3.4034e-09 2.43862e-09 7.03551e-05)
(2.37874e-09 -6.89223e-10 8.2722e-05)
(4.38027e-10 -6.99698e-10 8.6881e-05)
(1.06354e-09 -1.0572e-10 8.68808e-05)
(4.09245e-10 -4.5162e-10 8.27219e-05)
(-7.49781e-10 1.17601e-09 7.03552e-05)
(7.14046e-10 7.62075e-10 4.6005e-05)
(3.74341e-09 -3.23867e-09 1.90954e-05)
(-1.10305e-08 7.9092e-09 1.90954e-05)
(-3.28336e-09 -2.25182e-09 4.60046e-05)
(-2.04888e-09 1.87858e-09 7.03551e-05)
(-3.19233e-09 1.53999e-09 8.27216e-05)
(4.20265e-10 -7.53565e-10 8.6881e-05)
(-1.11984e-09 -1.12294e-10 8.68814e-05)
(1.31787e-09 1.65039e-09 8.27218e-05)
(-3.19081e-09 9.3933e-10 7.03554e-05)
(-6.76883e-09 -7.47146e-09 4.60052e-05)
(3.9514e-09 2.12637e-09 1.90955e-05)
(-3.31701e-09 7.9264e-09 4.9115e-05)
(-1.14678e-09 -1.94897e-09 9.01632e-05)
(-2.11347e-09 -8.36347e-10 0.000104249)
(-2.53646e-11 -2.94819e-10 0.000108045)
(-1.00447e-09 -1.72837e-09 0.000108884)
(5.2556e-10 -1.09275e-09 0.000108885)
(9.26384e-11 1.37685e-09 0.000108045)
(4.30409e-09 1.51852e-09 0.000104249)
(-2.30155e-10 -3.47721e-09 9.01634e-05)
(-4.36604e-09 -1.62896e-09 4.9115e-05)
(1.95949e-10 4.5494e-09 7.45771e-05)
(7.66756e-10 1.64296e-09 0.000105092)
(5.9258e-10 -1.83774e-09 0.000109578)
(1.48557e-09 -1.42551e-09 0.000110138)
(-1.78516e-10 -7.22312e-10 0.000110212)
(-7.15838e-10 -7.73373e-10 0.000110212)
(-1.39599e-09 1.24755e-11 0.000110138)
(3.01002e-10 -7.46085e-10 0.000109578)
(8.94685e-10 8.42027e-10 0.000105092)
(-9.49144e-10 -7.41587e-10 7.45768e-05)
(-5.82652e-11 2.07697e-09 8.61143e-05)
(5.20423e-10 6.86765e-10 0.000108472)
(5.28394e-10 -2.19963e-10 0.000110154)
(4.22936e-11 4.53273e-11 0.000110253)
(-3.98256e-10 4.80514e-10 0.000110259)
(-2.34974e-10 3.04035e-11 0.000110258)
(-6.52099e-10 1.18041e-10 0.000110253)
(-1.05559e-09 -4.24224e-10 0.000110154)
(-2.80138e-10 -1.1273e-09 0.000108472)
(6.71978e-10 1.02004e-09 8.61141e-05)
(3.92184e-10 3.85312e-10 9.01091e-05)
(9.45412e-10 -3.9924e-10 0.000109182)
(2.49405e-10 -1.52315e-10 0.000110221)
(-5.79166e-10 -3.90289e-10 0.000110259)
(-5.74413e-10 5.53114e-10 0.00011026)
(-4.84276e-10 5.66127e-11 0.000110259)
(3.81952e-10 -2.10572e-10 0.000110259)
(4.16221e-10 1.20681e-10 0.000110221)
(-8.62593e-11 -9.30244e-10 0.000109182)
(2.83553e-10 6.42927e-10 9.01088e-05)
(1.08784e-10 8.19516e-10 9.01087e-05)
(6.51264e-10 -3.2007e-10 0.000109182)
(4.67515e-10 9.9807e-10 0.000110221)
(-2.0166e-10 -2.33697e-10 0.000110259)
(-3.38819e-10 8.04509e-10 0.00011026)
(-6.95782e-10 4.30841e-10 0.000110259)
(2.32524e-10 -3.15828e-11 0.000110258)
(-6.03588e-11 5.68712e-10 0.000110221)
(-3.11631e-10 -9.91119e-10 0.000109181)
(3.85547e-10 2.38385e-10 9.01088e-05)
(-1.15807e-09 -2.45597e-10 8.61138e-05)
(-1.75457e-10 -1.76585e-09 0.000108472)
(8.91948e-10 1.50623e-09 0.000110155)
(-1.03007e-11 1.28896e-10 0.000110253)
(1.55403e-10 8.6792e-10 0.000110259)
(-6.14293e-10 1.94183e-10 0.000110258)
(4.28209e-10 -7.50794e-10 0.000110253)
(-1.36507e-09 1.03537e-09 0.000110155)
(-8.46535e-10 -2.35372e-09 0.000108472)
(4.7105e-10 1.13875e-09 8.61139e-05)
(9.36093e-10 1.0777e-09 7.4577e-05)
(-1.24553e-10 -4.31363e-09 0.000105092)
(9.80759e-10 1.99874e-09 0.000109578)
(1.74607e-10 8.1976e-10 0.000110138)
(-5.11114e-10 8.3577e-10 0.000110212)
(-3.81296e-10 5.35646e-10 0.000110212)
(5.23344e-10 2.22288e-10 0.000110138)
(-1.01211e-09 2.11453e-09 0.000109579)
(-1.91538e-09 -3.93263e-09 0.000105093)
(-1.87437e-09 -1.3369e-10 7.45771e-05)
(1.68462e-10 -2.00797e-09 4.91148e-05)
(-2.81331e-09 -2.43195e-09 9.01629e-05)
(-1.9019e-09 2.10661e-09 0.000104249)
(-5.35303e-10 3.27284e-10 0.000108045)
(-1.22963e-09 6.31506e-10 0.000108885)
(3.32852e-10 9.13395e-10 0.000108885)
(1.21617e-09 -5.339e-10 0.000108046)
(4.01847e-09 1.37083e-09 0.00010425)
(3.86618e-09 -2.6686e-09 9.01635e-05)
(1.38892e-09 -4.48993e-09 4.9115e-05)
(-4.56876e-09 -3.71659e-09 1.90951e-05)
(-4.60916e-09 -8.19695e-10 4.60047e-05)
(-1.44312e-09 6.32485e-10 7.03556e-05)
(5.11086e-10 -3.85572e-10 8.27223e-05)
(-9.26838e-10 -9.76367e-11 8.68816e-05)
(1.08034e-09 1.78483e-10 8.68816e-05)
(1.02468e-09 -1.73199e-09 8.27218e-05)
(-5.30721e-10 5.80896e-11 7.03553e-05)
(2.44585e-09 1.19909e-10 4.60049e-05)
(6.15519e-09 -4.77816e-09 1.90956e-05)
(-8.01812e-09 5.62813e-09 1.90951e-05)
(4.50537e-09 -6.59508e-09 4.60045e-05)
(2.51216e-09 8.56746e-10 7.03554e-05)
(-1.65621e-09 7.30292e-10 8.27222e-05)
(2.07329e-09 -5.43363e-10 8.68816e-05)
(4.96703e-10 -6.74464e-11 8.68818e-05)
(3.15752e-09 1.33601e-09 8.27224e-05)
(-8.0479e-10 2.19221e-09 7.03561e-05)
(-2.75806e-09 -4.80268e-09 4.60052e-05)
(9.11257e-09 6.75371e-09 1.90957e-05)
(-5.90754e-10 2.57263e-09 4.9115e-05)
(1.41095e-09 -5.66459e-09 9.01632e-05)
(-3.14008e-09 2.15621e-09 0.000104249)
(2.81253e-10 -1.16251e-10 0.000108046)
(5.70497e-10 -1.22019e-09 0.000108885)
(-1.33372e-10 -2.67117e-10 0.000108885)
(-4.65181e-10 -4.98715e-10 0.000108046)
(1.9235e-09 2.44727e-09 0.00010425)
(-4.75962e-10 -3.73244e-09 9.01634e-05)
(3.02727e-09 5.06972e-09 4.91148e-05)
(2.1638e-09 -2.17829e-10 7.45774e-05)
(-1.25611e-10 -1.56852e-09 0.000105093)
(-2.27481e-09 2.60661e-09 0.000109579)
(1.1023e-09 -1.75746e-09 0.000110138)
(2.58387e-11 -5.67471e-10 0.000110212)
(4.39372e-10 -3.34125e-10 0.000110212)
(-2.31893e-10 -2.04988e-09 0.000110138)
(1.98169e-09 2.10321e-09 0.000109578)
(-5.51853e-10 -7.81999e-10 0.000105092)
(-2.07589e-09 3.01982e-10 7.45767e-05)
(7.96841e-10 -6.21573e-11 8.61145e-05)
(4.23489e-10 -8.15162e-10 0.000108472)
(4.90494e-10 2.13447e-09 0.000110155)
(1.28344e-09 -8.80584e-10 0.000110253)
(-6.44403e-10 -3.05527e-10 0.000110259)
(-2.03939e-10 4.98423e-11 0.000110258)
(-8.11395e-10 -7.19797e-10 0.000110253)
(-6.94929e-10 1.86254e-09 0.000110155)
(-9.53596e-10 -1.20673e-09 0.000108472)
(-1.39865e-09 -1.1102e-09 8.6114e-05)
(5.03496e-10 3.11873e-10 9.01091e-05)
(-6.46286e-11 -1.07529e-10 0.000109182)
(3.7079e-10 7.75124e-10 0.000110221)
(8.71304e-10 -2.12129e-10 0.000110259)
(-8.0592e-11 -4.24413e-10 0.00011026)
(2.24123e-10 4.88935e-10 0.00011026)
(-5.55107e-10 -1.30575e-10 0.000110259)
(8.50795e-11 7.65312e-10 0.000110221)
(2.31617e-10 -9.45968e-10 0.000109181)
(-7.26947e-10 -9.20972e-10 9.01089e-05)
(2.38506e-10 -5.02319e-10 9.0109e-05)
(-2.39778e-11 8.05072e-12 0.000109182)
(3.25154e-10 5.37091e-10 0.000110221)
(6.0633e-10 -1.00808e-10 0.000110259)
(-1.10598e-10 5.26366e-10 0.00011026)
(1.38836e-10 7.90663e-11 0.00011026)
(-8.35701e-11 1.32526e-10 0.000110259)
(-1.00072e-10 9.72056e-10 0.000110221)
(-6.23263e-10 -1.32012e-10 0.000109182)
(-8.43724e-10 -8.72288e-10 9.0109e-05)
(-5.99901e-10 -4.44867e-10 8.61148e-05)
(6.96929e-10 1.09918e-09 0.000108472)
(1.00678e-09 5.28222e-10 0.000110155)
(4.57428e-10 6.52626e-10 0.000110253)
(-1.54372e-10 6.91848e-10 0.000110258)
(-4.54917e-10 5.12594e-10 0.000110259)
(1.90332e-10 5.7101e-10 0.000110253)
(-8.54951e-10 1.02601e-09 0.000110155)
(-1.2508e-09 2.31558e-10 0.000108472)
(5.70673e-11 -1.57686e-09 8.61141e-05)
(-3.57286e-10 -1.70426e-09 7.45773e-05)
(7.19616e-10 -2.92022e-10 0.000105092)
(-2.76618e-10 1.32521e-09 0.000109578)
(-3.38498e-10 1.1639e-09 0.000110138)
(7.14006e-10 6.33499e-10 0.000110212)
(4.07776e-10 6.19557e-10 0.000110212)
(6.39236e-10 1.3898e-09 0.000110138)
(1.03725e-09 2.01084e-09 0.000109578)
(3.61209e-10 -2.38514e-10 0.000105093)
(9.53725e-10 -2.92336e-09 7.45771e-05)
(-4.33406e-09 -5.04495e-09 4.91151e-05)
(-1.92245e-09 8.98699e-10 9.01633e-05)
(-4.90482e-10 2.38338e-09 0.000104249)
(1.72521e-10 4.09765e-10 0.000108046)
(-3.71221e-10 1.45318e-10 0.000108885)
(2.03667e-10 2.72157e-10 0.000108885)
(3.50162e-10 2.22216e-10 0.000108046)
(3.81807e-10 3.1669e-09 0.000104249)
(1.81528e-09 1.3386e-09 9.01632e-05)
(3.29106e-09 -4.11637e-09 4.91152e-05)
(-1.79812e-09 -1.80455e-09 1.90954e-05)
(2.09015e-09 3.53948e-09 4.60048e-05)
(2.37205e-09 1.58182e-09 7.03557e-05)
(1.01893e-09 -7.2209e-11 8.27222e-05)
(5.95228e-10 -2.3132e-10 8.68816e-05)
(-1.79831e-10 8.22278e-11 8.68814e-05)
(-8.55414e-10 -5.15238e-10 8.27219e-05)
(-9.26044e-10 1.24289e-09 7.03553e-05)
(6.81216e-10 1.94772e-09 4.60048e-05)
(4.28867e-09 -2.93215e-09 1.90955e-05)
(-8.16894e-09 7.08245e-09 1.90958e-05)
(3.08611e-09 -5.62965e-09 4.60056e-05)
(-7.31198e-10 1.99361e-09 7.03562e-05)
(-3.46681e-09 3.83311e-10 8.27229e-05)
(1.36769e-09 -1.85339e-10 8.68821e-05)
(-1.13748e-09 -6.07963e-10 8.68818e-05)
(2.84052e-09 1.77629e-09 8.27225e-05)
(-3.52536e-10 3.03333e-09 7.03558e-05)
(-3.48071e-09 -6.21668e-09 4.60046e-05)
(8.15576e-09 5.52573e-09 1.90955e-05)
(-6.14686e-09 8.99118e-09 4.91155e-05)
(-5.0042e-10 -4.88984e-09 9.01636e-05)
(-3.74397e-09 1.80142e-09 0.000104249)
(-5.67983e-10 -1.47737e-09 0.000108046)
(-1.97377e-10 -1.63814e-09 0.000108885)
(5.04405e-10 -1.80656e-09 0.000108885)
(2.29874e-09 1.86847e-11 0.000108046)
(5.61182e-09 4.06917e-09 0.000104249)
(1.46193e-09 -2.98031e-09 9.01636e-05)
(2.88548e-09 5.35101e-09 4.91154e-05)
(1.79956e-10 4.23621e-09 7.45775e-05)
(1.43134e-09 -1.7051e-09 0.000105093)
(-4.15976e-10 1.19126e-09 0.000109579)
(1.26724e-09 -2.63488e-09 0.000110138)
(1.208e-10 -1.2904e-09 0.000110212)
(5.79718e-10 -9.03421e-10 0.000110212)
(-1.00149e-09 -2.28845e-09 0.000110138)
(1.38333e-09 2.70796e-09 0.000109578)
(-5.409e-10 3.7235e-10 0.000105093)
(-1.89895e-09 1.59263e-09 7.45781e-05)
(4.85465e-10 2.76817e-09 8.61143e-05)
(3.20617e-10 -7.84747e-10 0.000108471)
(7.82263e-10 8.90489e-10 0.000110156)
(1.9326e-09 -1.28114e-09 0.000110253)
(1.55029e-10 -3.77706e-10 0.000110259)
(2.78712e-10 -4.23221e-10 0.000110259)
(-9.94195e-10 -7.30059e-10 0.000110253)
(-6.68405e-10 1.61447e-09 0.000110156)
(-4.84876e-10 -1.10242e-09 0.000108472)
(-4.80637e-10 5.35423e-11 8.61147e-05)
(1.11895e-09 1.24022e-09 9.01091e-05)
(6.5176e-10 -1.05319e-09 0.000109181)
(4.15462e-10 3.16688e-10 0.000110221)
(9.27755e-10 -3.42971e-10 0.000110258)
(-3.6914e-10 -1.58307e-10 0.00011026)
(3.79365e-10 -5.23016e-11 0.00011026)
(-1.18464e-10 -2.07711e-10 0.000110259)
(-1.74942e-10 2.5915e-10 0.000110222)
(-1.60169e-11 -7.9351e-10 0.000109181)
(-5.8325e-10 6.74786e-11 9.01095e-05)
(7.78245e-10 6.48009e-10 9.01094e-05)
(7.76151e-10 -4.23186e-10 0.000109181)
(5.42231e-10 1.02342e-10 0.000110222)
(7.8655e-10 -1.34883e-11 0.000110258)
(4.50145e-10 2.35104e-10 0.00011026)
(3.99234e-10 3.31258e-10 0.00011026)
(-3.72162e-10 5.88252e-11 0.000110259)
(-4.63944e-10 1.38017e-09 0.000110222)
(-4.57927e-10 -7.68956e-11 0.000109181)
(-5.69952e-10 -1.20209e-09 9.01099e-05)
(-3.41184e-10 -5.36813e-10 8.61146e-05)
(1.22911e-09 3.32791e-10 0.000108472)
(2.12678e-09 -4.98365e-10 0.000110155)
(1.04607e-09 1.61493e-11 0.000110253)
(2.46021e-10 5.85771e-10 0.000110258)
(-6.27911e-11 3.06804e-10 0.000110258)
(-5.51973e-10 3.18518e-10 0.000110253)
(-2.0712e-09 1.42996e-09 0.000110155)
(-1.85396e-09 2.22359e-10 0.000108472)
(1.90884e-10 -2.17863e-09 8.61149e-05)
(5.23886e-10 -1.34557e-10 7.45771e-05)
(1.39062e-09 -1.66033e-09 0.000105093)
(1.00421e-09 -1.83772e-10 0.000109578)
(5.29576e-10 9.71729e-10 0.000110138)
(1.58677e-10 1.28731e-09 0.000110212)
(-5.27958e-10 1.46607e-09 0.000110212)
(-4.51173e-10 1.58089e-09 0.000110138)
(-9.02406e-10 2.35818e-09 0.000109578)
(-1.19241e-09 -1.45817e-09 0.000105093)
(5.92139e-10 -3.84046e-09 7.45774e-05)
(4.42979e-10 -1.07445e-09 4.91152e-05)
(-1.19223e-09 -1.41596e-09 9.01634e-05)
(-1.58408e-09 -4.94812e-10 0.000104248)
(1.73941e-10 -1.16879e-10 0.000108046)
(8.58206e-11 1.12039e-09 0.000108885)
(4.03898e-10 6.21276e-10 0.000108885)
(1.21525e-09 -1.77171e-10 0.000108046)
(3.45405e-09 3.13239e-09 0.000104249)
(3.35628e-09 -2.54148e-10 9.01632e-05)
(3.24208e-09 -6.57726e-09 4.91148e-05)
(-2.10929e-09 -1.82602e-09 1.90955e-05)
(-1.09633e-09 1.04073e-10 4.60053e-05)
(-8.97739e-10 -9.03452e-10 7.03556e-05)
(-6.53268e-10 -1.19205e-09 8.27225e-05)
(-7.44426e-10 2.43361e-10 8.68814e-05)
(-6.05674e-10 -5.72846e-10 8.68813e-05)
(1.0779e-10 -1.44316e-09 8.27226e-05)
(-1.77143e-09 1.70096e-09 7.03557e-05)
(1.67657e-09 1.95547e-09 4.6005e-05)
(7.18997e-09 -5.5459e-09 1.90954e-05)
(-1.17866e-08 7.82238e-09 1.90957e-05)
(9.4823e-10 -5.0249e-09 4.60053e-05)
(4.1861e-10 2.05932e-09 7.03558e-05)
(-2.08937e-09 1.47683e-09 8.27224e-05)
(1.09721e-09 -4.45796e-10 8.68819e-05)
(-3.84306e-10 -4.34256e-10 8.68815e-05)
(2.70397e-09 1.97258e-09 8.27227e-05)
(-1.65147e-09 2.54796e-09 7.03555e-05)
(-7.5782e-09 -7.92945e-09 4.60051e-05)
(4.0692e-09 2.38537e-09 1.90957e-05)
(-3.1421e-09 7.07425e-09 4.91154e-05)
(-2.28617e-09 -1.95585e-09 9.01637e-05)
(-4.00825e-09 8.00671e-10 0.000104249)
(-2.35662e-10 2.13498e-10 0.000108045)
(-1.02459e-09 -1.99323e-09 0.000108885)
(-4.04311e-10 -1.6168e-09 0.000108885)
(-2.81028e-10 7.27299e-10 0.000108046)
(4.30004e-09 2.99326e-09 0.000104249)
(-4.48011e-10 -3.91538e-09 9.01639e-05)
(-3.30567e-09 -8.83222e-10 4.91161e-05)
(9.66041e-12 3.98691e-09 7.45773e-05)
(1.47422e-09 2.02107e-10 0.000105092)
(1.05481e-09 -1.51308e-09 0.000109579)
(1.43343e-09 -7.53412e-10 0.000110138)
(9.61522e-11 -8.78714e-10 0.000110212)
(1.2474e-10 -3.14549e-10 0.000110212)
(-7.10974e-10 -7.03555e-10 0.000110138)
(4.78906e-10 5.90905e-10 0.000109579)
(7.16292e-10 6.59847e-10 0.000105093)
(-9.57046e-10 -5.51709e-10 7.45783e-05)
(3.58533e-10 1.89655e-09 8.61144e-05)
(1.87936e-09 -1.02904e-09 0.000108471)
(1.33085e-09 -4.78361e-10 0.000110156)
(8.61701e-10 -6.16477e-11 0.000110253)
(5.07533e-10 4.60831e-11 0.000110259)
(5.12082e-11 1.42814e-10 0.000110259)
(-5.6214e-10 6.46129e-11 0.000110253)
(-7.7952e-10 -8.59921e-11 0.000110156)
(-1.94151e-11 -9.44525e-10 0.000108472)
(5.65482e-10 7.74081e-10 8.61152e-05)
(2.02002e-10 1.23222e-09 9.01093e-05)
(5.32096e-10 -7.44293e-10 0.000109181)
(-3.75048e-10 -1.13935e-10 0.000110222)
(-2.84013e-10 -7.47234e-10 0.000110258)
(3.34083e-10 -3.75516e-10 0.00011026)
(7.60009e-11 -1.7855e-10 0.00011026)
(2.98397e-10 -1.35683e-10 0.000110259)
(1.21773e-10 5.10348e-12 0.000110222)
(-8.83079e-10 -9.25257e-10 0.000109181)
(-5.41457e-10 7.26456e-10 9.01096e-05)
(2.24987e-10 8.05664e-10 9.01095e-05)
(7.71103e-10 -8.56271e-10 0.000109181)
(2.7191e-10 3.58955e-10 0.000110221)
(1.29291e-11 -5.799e-10 0.000110259)
(4.17576e-10 -1.69106e-10 0.000110259)
(-1.73863e-10 1.87612e-10 0.00011026)
(1.23249e-10 -3.35176e-10 0.000110259)
(-1.43497e-10 6.87339e-10 0.000110222)
(-2.31964e-10 -5.99687e-10 0.000109182)
(2.30909e-10 9.118e-11 9.01099e-05)
(-3.95542e-10 4.83284e-10 8.61141e-05)
(8.45187e-10 -1.33767e-09 0.000108471)
(1.70157e-09 2.0095e-09 0.000110155)
(2.65069e-10 -3.59307e-10 0.000110253)
(5.40484e-10 3.81599e-10 0.000110258)
(-2.13855e-10 1.48485e-10 0.000110258)
(-3.48374e-10 -6.79111e-10 0.000110253)
(-2.09601e-09 1.0637e-09 0.000110155)
(-1.27763e-09 -7.2342e-10 0.000108472)
(3.92357e-10 1.09258e-09 8.61148e-05)
(3.83811e-10 8.76684e-10 7.45767e-05)
(-2.75968e-10 -3.83156e-09 0.000105093)
(1.07261e-09 2.06807e-09 0.000109579)
(5.66824e-10 9.66463e-10 0.000110138)
(6.9369e-10 1.09914e-09 0.000110212)
(-6.65044e-10 8.0576e-10 0.000110212)
(-9.78844e-10 1.16172e-09 0.000110138)
(-9.1681e-10 2.64125e-09 0.000109579)
(-1.68796e-09 -2.47929e-09 0.000105093)
(-2.17113e-09 4.23534e-10 7.45776e-05)
(4.89191e-10 -1.49447e-09 4.91149e-05)
(-2.86113e-09 -2.40097e-09 9.01635e-05)
(-2.11552e-09 1.2215e-09 0.000104248)
(-6.56926e-10 3.33053e-10 0.000108045)
(-1.48463e-09 8.95371e-10 0.000108884)
(-2.56826e-10 6.822e-10 0.000108884)
(-1.06964e-10 -4.01052e-11 0.000108046)
(3.03273e-09 2.02954e-09 0.000104249)
(3.02517e-09 -7.86648e-10 9.01638e-05)
(1.24458e-09 -4.30057e-09 4.91155e-05)
(-2.02447e-09 -2.22541e-09 1.90953e-05)
(-2.13526e-09 6.2595e-10 4.60046e-05)
(-1.21756e-09 7.59969e-10 7.0355e-05)
(-4.25232e-10 -6.7164e-10 8.27219e-05)
(-6.24518e-10 3.16584e-10 8.6881e-05)
(5.71433e-10 1.09555e-10 8.68812e-05)
(1.77892e-10 -1.68339e-09 8.27225e-05)
(-1.02424e-09 4.90371e-10 7.03555e-05)
(7.14679e-10 2.38701e-09 4.6005e-05)
(4.70749e-09 -3.67596e-09 1.90956e-05)
(-7.84809e-09 6.09461e-09 1.90955e-05)
(3.16903e-09 -5.7254e-09 4.60051e-05)
(-1.74823e-09 2.14458e-09 7.03554e-05)
(-3.88662e-09 1.25331e-09 8.27219e-05)
(3.8223e-10 -5.55054e-10 8.68813e-05)
(-7.99515e-10 -4.85321e-10 8.68815e-05)
(1.9765e-09 1.90154e-09 8.27222e-05)
(-1.55969e-09 1.932e-09 7.03555e-05)
(-4.91495e-09 -6.08338e-09 4.60051e-05)
(6.03354e-09 4.92749e-09 1.90959e-05)
(-3.97819e-09 6.85226e-09 4.91151e-05)
(-2.70939e-09 -2.72242e-09 9.0164e-05)
(-4.01047e-09 5.79022e-10 0.000104249)
(2.00587e-10 -6.66393e-10 0.000108045)
(-1.08576e-09 -1.54993e-09 0.000108885)
(6.54228e-10 -1.47665e-09 0.000108885)
(3.10059e-10 8.58858e-10 0.000108045)
(3.2228e-09 1.89341e-09 0.000104249)
(2.04804e-09 -1.13231e-09 9.01637e-05)
(-3.62465e-11 2.55936e-09 4.91157e-05)
(2.9302e-10 2.87521e-09 7.45769e-05)
(1.23049e-09 -2.0656e-10 0.000105092)
(8.42088e-10 -1.38089e-09 0.000109579)
(2.52042e-09 -1.88583e-09 0.000110138)
(4.9085e-10 -1.23985e-09 0.000110212)
(-3.19924e-10 -6.70387e-10 0.000110212)
(-1.19628e-09 -8.42082e-10 0.000110139)
(-1.38479e-10 -1.99421e-10 0.000109578)
(7.11633e-10 2.18993e-09 0.000105093)
(-6.99186e-10 7.72916e-10 7.45775e-05)
(-3.5324e-10 1.73219e-09 8.61144e-05)
(1.27142e-09 -5.94984e-10 0.000108471)
(1.26113e-09 -6.6595e-10 0.000110156)
(3.57105e-10 -8.01511e-10 0.000110253)
(1.71182e-10 -3.1531e-10 0.000110259)
(-4.07336e-11 -6.52506e-11 0.000110259)
(-5.49856e-10 5.7092e-11 0.000110254)
(-2.02401e-09 -4.16403e-10 0.000110155)
(-1.28132e-09 -6.78003e-10 0.000108472)
(5.97866e-10 1.20363e-09 8.61153e-05)
(1.05007e-10 1.21755e-09 9.01094e-05)
(8.10937e-10 -1.09888e-10 0.000109181)
(-1.70449e-10 -4.76768e-10 0.000110222)
(-7.59341e-11 -3.06258e-10 0.000110258)
(1.94673e-10 -3.41897e-10 0.00011026)
(-2.80907e-10 2.69907e-10 0.00011026)
(3.37047e-10 6.82147e-11 0.000110259)
(-1.83693e-10 -5.42317e-13 0.000110222)
(-7.25569e-10 -3.17164e-10 0.000109182)
(-2.87914e-10 1.45573e-10 9.01098e-05)
(-1.79202e-10 1.17199e-09 9.01095e-05)
(4.74609e-10 6.07945e-11 0.000109182)
(1.0092e-09 2.91362e-10 0.000110221)
(5.64215e-10 4.13376e-10 0.000110259)
(9.40067e-10 -4.04597e-10 0.00011026)
(5.40729e-10 -1.43014e-10 0.00011026)
(3.13282e-10 -1.8552e-10 0.000110259)
(-1.55741e-11 1.03789e-09 0.000110221)
(-2.65134e-10 -5.68762e-10 0.000109182)
(1.62539e-10 -2.74631e-10 9.01097e-05)
(-3.00816e-10 9.9758e-10 8.61142e-05)
(1.33342e-09 -5.53345e-10 0.000108471)
(1.68024e-09 1.49522e-09 0.000110155)
(9.20669e-11 -1.8273e-10 0.000110253)
(5.53188e-10 -7.67578e-11 0.000110258)
(4.26794e-10 -3.30016e-10 0.000110258)
(6.18795e-10 -3.32177e-10 0.000110253)
(-1.23247e-09 1.74957e-09 0.000110155)
(-4.11764e-10 -1.4118e-09 0.000108472)
(5.76067e-10 5.74521e-10 8.61146e-05)
(1.87182e-09 2.44507e-09 7.45773e-05)
(9.5808e-10 -2.68072e-09 0.000105093)
(1.57406e-09 2.22403e-09 0.000109579)
(8.23646e-10 2.69893e-10 0.000110138)
(7.62234e-10 4.57464e-10 0.000110212)
(-3.2225e-10 8.34962e-10 0.000110212)
(-1.23209e-09 1.64419e-09 0.000110139)
(-1.73841e-09 3.17167e-09 0.000109579)
(-6.76512e-10 -4.40066e-09 0.000105093)
(-1.14537e-09 -1.88682e-10 7.45776e-05)
(2.31877e-09 -6.03524e-10 4.91152e-05)
(5.69579e-12 -1.56643e-09 9.01636e-05)
(6.03365e-11 2.57143e-09 0.000104249)
(1.54733e-09 5.22189e-10 0.000108045)
(3.15263e-10 1.13115e-09 0.000108885)
(6.53434e-10 7.82192e-10 0.000108884)
(3.73049e-10 9.16169e-10 0.000108046)
(3.56958e-09 2.0242e-09 0.000104249)
(5.54631e-09 -4.32579e-09 9.01638e-05)
(2.18029e-09 -5.22591e-09 4.91158e-05)
(-4.98737e-09 -4.09784e-09 1.90956e-05)
(-4.28795e-09 -1.12239e-09 4.60049e-05)
(-1.60175e-09 7.46451e-10 7.03554e-05)
(-7.15462e-10 -1.19131e-10 8.27215e-05)
(-8.27886e-10 3.96431e-10 8.68813e-05)
(1.28572e-09 4.54557e-10 8.6881e-05)
(8.98629e-10 -1.01987e-09 8.27221e-05)
(1.34298e-09 6.3328e-11 7.03554e-05)
(4.6333e-09 -1.08754e-09 4.60053e-05)
(5.34632e-09 -4.50874e-09 1.90959e-05)
(-4.30184e-09 2.90162e-09 1.9096e-05)
(6.16793e-09 -7.14323e-09 4.60058e-05)
(2.48308e-09 9.82202e-10 7.0356e-05)
(-6.5429e-10 9.4651e-10 8.27223e-05)
(2.06465e-09 -6.62186e-11 8.688e-05)
(5.62952e-10 2.8323e-10 8.68823e-05)
(2.17132e-09 1.5182e-09 8.27229e-05)
(-1.56202e-09 3.0285e-09 7.0356e-05)
(-5.62959e-09 -5.66948e-09 4.6005e-05)
(3.18327e-09 1.66361e-09 1.90947e-05)
(-5.8213e-10 2.3225e-09 4.91167e-05)
(3.53051e-10 -5.15614e-09 9.01638e-05)
(-1.7914e-09 6.39746e-10 0.00010425)
(4.51506e-10 5.67811e-10 0.000108046)
(-5.16902e-10 9.66214e-12 0.000108885)
(-2.6527e-11 -5.69427e-10 0.000108886)
(-1.75433e-09 1.11371e-09 0.000108046)
(7.47324e-10 1.05799e-09 0.00010425)
(-1.04127e-09 -3.73202e-09 9.0163e-05)
(-2.33497e-09 -1.23376e-09 4.91147e-05)
(-4.70772e-11 1.13862e-09 7.4578e-05)
(7.14504e-10 -9.22468e-10 0.000105089)
(-7.43155e-11 -1.25083e-09 0.00010958)
(4.30225e-10 -8.84689e-10 0.00011014)
(-1.59702e-10 3.00816e-10 0.000110213)
(4.52279e-12 -3.21169e-13 0.000110212)
(-1.85292e-09 -1.40506e-10 0.000110139)
(6.24514e-10 -7.92104e-10 0.000109576)
(2.43851e-09 5.44827e-10 0.000105093)
(-9.9727e-10 2.70091e-10 7.45776e-05)
(-5.77971e-10 2.02949e-09 8.61121e-05)
(2.36338e-09 4.30476e-10 0.000108468)
(2.68228e-09 -8.09959e-10 0.000110156)
(1.00277e-09 -1.94624e-09 0.000110254)
(3.1066e-10 3.61033e-11 0.00011026)
(-1.85871e-10 2.68076e-10 0.000110259)
(-4.80968e-10 -1.40906e-10 0.000110254)
(-5.04828e-10 4.2376e-10 0.000110155)
(9.98305e-11 -9.97723e-10 0.000108474)
(3.48363e-10 1.01989e-09 8.61161e-05)
(-1.01375e-09 2.81831e-09 9.01102e-05)
(4.57566e-10 1.43543e-09 0.000109182)
(-8.65721e-10 -1.391e-09 0.000110222)
(-6.7123e-10 -8.62121e-12 0.000110255)
(1.45814e-09 3.96826e-10 0.00011026)
(7.12808e-10 -1.04134e-10 0.000110261)
(4.80934e-10 7.28835e-11 0.00011026)
(3.66475e-10 -1.40343e-09 0.000110222)
(1.39987e-10 -1.20604e-09 0.000109183)
(-5.65658e-10 3.26447e-11 9.01108e-05)
(-4.87176e-10 -3.24417e-10 9.01109e-05)
(-1.12185e-09 -1.62395e-09 0.000109184)
(4.51063e-10 -1.81818e-10 0.000110217)
(1.18392e-09 6.05524e-10 0.000110259)
(1.71934e-11 -1.3448e-09 0.000110261)
(1.76897e-10 -1.27829e-09 0.000110261)
(-1.35719e-09 -2.97154e-10 0.00011026)
(-4.52004e-10 8.18068e-10 0.000110217)
(1.62984e-09 -1.12575e-09 0.000109183)
(3.88796e-10 -3.70152e-10 9.01101e-05)
(1.42533e-10 2.17153e-09 8.61121e-05)
(2.49773e-09 -1.34144e-09 0.000108469)
(3.00716e-09 2.61692e-09 0.000110156)
(-8.24186e-10 -3.90767e-10 0.000110255)
(-3.85583e-10 1.38769e-11 0.000110254)
(2.04377e-09 1.71863e-10 0.000110254)
(1.54155e-09 -1.93861e-10 0.000110254)
(-1.4544e-09 3.33147e-09 0.000110155)
(-1.16418e-09 -1.89873e-09 0.000108474)
(-1.18979e-09 8.78767e-10 8.6113e-05)
(2.72162e-09 1.6623e-09 7.45784e-05)
(4.25e-10 -2.5271e-09 0.000105094)
(-4.51971e-10 3.03341e-09 0.000109579)
(9.08966e-10 9.73493e-10 0.000110139)
(6.3428e-10 1.54702e-09 0.000110213)
(4.05266e-10 1.78983e-09 0.000110213)
(1.068e-09 1.92205e-10 0.000110139)
(6.01336e-10 3.23123e-09 0.00010958)
(6.43948e-10 -3.25615e-09 0.000105095)
(-1.70036e-09 2.49714e-10 7.45789e-05)
(-1.30574e-09 -2.6664e-09 4.91166e-05)
(-1.25444e-09 3.36704e-10 9.01605e-05)
(1.37656e-10 2.75938e-09 0.00010425)
(1.69248e-09 -2.82171e-10 0.000108045)
(1.0539e-09 -2.58205e-10 0.000108886)
(1.66409e-09 -1.15138e-09 0.000108886)
(2.81393e-10 -1.10819e-09 0.000108046)
(2.46627e-10 2.60099e-09 0.000104249)
(2.50023e-09 -1.40714e-09 9.01635e-05)
(1.92071e-09 -4.01901e-09 4.91167e-05)
(-9.15341e-10 -6.58135e-10 1.90962e-05)
(4.51856e-09 5.40728e-09 4.60061e-05)
(3.67511e-09 1.67278e-09 7.03572e-05)
(2.17304e-09 -8.68421e-11 8.27232e-05)
(-4.99157e-10 -1.46804e-10 8.68819e-05)
(6.05204e-10 -8.51742e-10 8.68778e-05)
(4.37277e-10 -1.2249e-09 8.27216e-05)
(-1.34591e-09 1.22137e-09 7.03566e-05)
(1.94057e-09 3.35198e-10 4.60051e-05)
(3.66892e-09 -2.83702e-09 1.90953e-05)
)
;

boundaryField
{
    inlet
    {
        type            fixedValue;
        value           uniform (0 0 0.0001);
    }
    outlet
    {
        type            zeroGradient;
    }
    wall
    {
        type            noSlip;
    }
}


// ************************************************************************* //
